smiles,target_type,target,oof_phase1,oof_chemprop,has_chemprop_oof
*Oc1ccc(cc1)C1(c2cc(ccc2c2ccc(cc12)[N+](=O)[O-])OC)c1ccc(cc1)OC(=O)*,tg,294.0,232.31603846927715,,False
*N1C(=O)c2c(C1=O)cc(cc2)Oc1cc2c(cc1Oc1cc3c(C(=O)N(C3=O)c3ccc(cc3)Oc3ccc(cc3)c3ccc(cc3)Oc3ccc(cc3)*)cc1)cccc2,tg,222.5,225.7298081788932,232.99171447753906,True
*N1C(=O)c2c(C1=O)cc(cc2)S(=O)(=O)c1cc2c(C(=O)N(C2=O)CCCCCCOC(=O)CCCCCCCCC(=O)OCCCCCC*)cc1,tg,72.0,41.00676111238393,43.66865158081055,True
*N1C(=O)c2c(C1=O)cc(cc2)C(c1cc2c(C(=O)N(C2=O)CC(=O)Nc2ccc(cc2)Oc2ccc(cc2)C(c2ccc(cc2)Oc2ccc(cc2)NC(=O)C*)(C)C)cc1)(C(F)(F)F)C(F)(F)F,tg,224.0,234.68198361263197,,False
*OCC(C*)C(C)(C)C,tg,-4.0,2.0436681824549088,,False
*NCC*,tg,-8.55,18.133761503164763,,False
*OC(=O)c1ccc(cc1)CCCCCCc1ccc(cc1)C(=O)*,tg,20.0,96.5565154381354,,False
*c1cc2c(C(=O)N(C2=O)c2ccc(cc2)C(c2ccc(cc2)N2C(=O)c3c(C2=O)cc(cc3)C(*)(C(F)(F)F)C(F)(F)F)(C)C)cc1,tg,297.0,290.2420394751036,,False
*OC(=O)Nc1c(ccc(c1)NC(=O)OCCN(CC*)c1cc(c(cc1)N=Nc1c(cc(cc1)[N+](=O)[O-])C)C)C,tg,135.0,112.43623995271038,,False
*N1C(=O)c2c(C1=O)cc(cc2)Oc1cc2c(cc1)cc(cc2)Oc1cc2c(C(=O)N(C2=O)c2cc(ccc2)*)cc1,tg,230.0,239.90712151571628,,False
*OC(=O)c1c(cc(cc1)C(=O)OCCN(CC*)c1ccc(cc1)N=Nc1[nH]c(c(n1)C#N)C#N)OCCC,tg,152.0,135.74838006051368,,False
*C(C*)(C(=O)OCCCCc1ccc(cc1)N=Nc1ccc(cc1)OC(F)(F)F)C,tg,203.5,193.03193452566344,,False
*c1cc2c(C(=O)N(C2=O)c2ccc(cc2)Cc2ccc(cc2)N2C(=O)c3c(C2=O)cc(cc3)C(=O)c2ccc(cc2)Oc2ccc(cc2)c2ccc(cc2)Oc2ccc(cc2)C(=O)*)cc1,tg,241.0,235.44161469137364,,False
*N=P(*)(OC)OC,tg,-75.33,-31.02996588680321,,False
*Oc1ccc(cc1)C=CC(=O)c1ccc(cc1)Oc1ccc(cc1)C(c1ccc(cc1)*)(c1ccccc1)C,tg,167.0,165.24000775596826,,False
*N1C(=O)c2c(C1=O)cc(cc2)Oc1ccc(cc1)C1(CCC(CC1)C(C)(C)C)c1ccc(cc1)Oc1cc2c(C(=O)N(C2=O)Oc2c(cc(cc2C)C(c2cc(c(c(c2)C)O*)C)(C)C)C)cc1,tg,248.0,214.65399005783377,,False
*N1C(=O)c2c(C1=O)cc(cc2)c1ccc(cc1)c1cc2c(C(=O)N(C2=O)CCCCCCOC(=O)OCCCCCC*)cc1,tg,74.0,77.33258488389735,80.11994171142578,True
*C1C(=O)N(C(=O)C1*)c1c(cccc1)C,tg,335.0,245.54875817477603,280.1643371582031,True
*Oc1c(cccc1)Oc1ccc(cc1)S(=O)(=O)c1ccc(cc1)*,tg,171.0,168.33340183219465,,False
*C(C*)c1ccc(cc1)B(c1ccc(cc1)C(C)(C)C)Oc1c2ncccc2c(cc1)Cl,tg,238.0,221.56286770804832,257.1434631347656,True
*O[Si](CCCCCCOC(=O)C(Oc1c(cc(cc1)OC(=O)c1ccc(cc1)c1ccc(cc1)OCCCCCCCCCC[Si](*)(C)C)[N+](=O)[O-])C)(C)C,tg,20.0,38.33098093046161,27.088966369628906,True
*c1ncnc(n1)N(CCCCN(*)c1ccccc1)c1ccccc1,tg,91.0,79.78962861423867,73.86759185791016,True
*C(C(*)(C(=O)OC(C([2H])([2H])[2H])([2H])[2H])C([2H])([2H])[2H])([2H])[2H],tg,94.0,100.07278437751036,,False
*N1C(=O)c2c(C1=O)cc(cc2)C(=O)c1cc2c(C(=O)N(C2=O)CCCCCC(=O)Nc2ccc(cc2)Oc2ccc(cc2)NC(=O)CCCCC*)cc1,tg,195.0,183.349217461071,188.03277587890625,True
*c1sc(cc1)c1sc(c(c1)CCCCCCCC)c1sc(cc1)c1sc(cc1)c1sc(cc1CCCCCCCC)c1sc(cc1)[Si]([Si]([Si]([Si](*)(C)C)(C)C)(C)C)(C)C,tg,6.0,41.09166239770144,,False
*NNC(=O)c1cc(cc(c1)NC(=O)c1cc2c(C(=O)N(C2=O)c2ncc(cc2)C)cc1)C(=O)NNC(=O)c1ccc(cc1)C(=O)*,tg,145.6,174.83305905968507,,False
*OC(COCC*)CCl,tg,-40.0,-51.087988919080885,,False
*OC(COC(=O)c1cc(cc(c1)C(C)(C)C)C(=O)*)COc1ccc(cc1)N=Nc1ccc(cc1)C#N,tg,137.0,112.45495340369888,,False
*N1C(=O)c2c(C1=O)cc(cc2)C(c1cc2c(C(=O)N(C2=O)C(=S)Nc2ccc(cc2)Oc2ccc(cc2)NC(=S)*)cc1)(C(F)(F)F)C(F)(F)F,tg,260.0,259.8872575720302,,False
*S(=O)(=O)c1ccc(cc1)Sc1ccc(cc1)*,tg,215.0,182.3938764070708,,False
*C(C*)(C(=O)OCC(Oc1ccc(cc1)c1ccc(cc1)c1ccc(cc1)C#N)C)C,tg,140.0,100.22976091815798,,False
*NC(=O)CCCCC(=O)NCCCC1(c2ccccc2c2ccccc12)CCC*,tg,120.0,110.83631480406986,,False
*C(C*)C(=O)OCCCCCn1c2ccccc2c2ccccc12,tg,53.0,60.25798441384839,58.335601806640625,True
*C(C(C(C*)OCC)(C(=O)OC)C)(C(=O)OC)C,tg,131.0,115.36908180795976,,False
*O[Si](C#C[Si](C#C[Si](C#C[Si](C#C[Si](*)(C)C)(C)C)(C)C)(C)C)(C)C,tg,-23.0,31.325486257235557,-15.96137523651123,True
*C(C*)C(=O)OCCCOc1ccc(cc1)C(=O)OCCCC(C(C(C(C(C(F)(F)F)(F)F)(F)F)(F)F)(F)F)(F)F,tg,17.0,35.67129243959543,,False
*N(CC(CCCCC(C*)O)O)c1ccc(cc1)N(C)C,tg,72.0,54.14977781561671,59.33836364746094,True
*c1nc(nc(n1)c1ccc(cc1)Oc1cc2c(cc1)ccc(c2)Oc1ccc(cc1)*)c1ccccc1,tg,255.0,252.532074412356,,False
*c1c2c(c(nn1)c1ccc(cc1)Oc1ccc(cc1)C(c1ccc(cc1)Oc1ccc(cc1)*)(C(F)(F)F)C(F)(F)F)c(c(c(c2c1ccccc1)c1cc2c(cc1)cccc2)c1cc2c(cc1)cccc2)c1ccccc1,tg,286.0,293.81453475265175,,False
*c1cc2c(C(=O)N(C2=O)c2cc(c(cc2)Oc2ccc(cc2)C(=O)c2cc(ccc2)N2C(=O)c3c(C2=O)cc(cc3)C(*)(C(F)(F)F)C(F)(F)F)C(F)(F)F)cc1,tg,222.0,256.9711338684322,260.40362548828125,True
*C(C*)OC(=O)c1c(cccc1)OC,tg,65.0,60.50479354494007,,False
*C1CC2CC(CC(C1)O2)OC(=O)O*,tg,207.0,139.9323630697012,169.67750549316406,True
*Oc1c(cc(cc1)c1ccc(cc1)NC(=O)c1cc(cc(c1)C(C)(C)C)C(=O)Nc1ccc(cc1)c1cc(c(cc1)Oc1ccc(cc1)C(c1ccc(cc1)*)(C)C)C(F)(F)F)C(F)(F)F,tg,248.5,226.94558376705604,,False
*OC(=O)NCCCCCCNC(=O)OCCC*,tg,55.0,35.046050554300784,,False
*N1C(=O)c2c(C1=O)c(ccc2)Oc1ccc(cc1)Oc1ccc(cc1)Oc1c2c(C(=O)N(C2=O)c2ccc(cc2)Oc2ccc(cc2)*)ccc1,tg,239.0,225.8526191568301,237.45574951171875,True
*NC(=O)c1c(cc(cc1)C(=O)NCCCC*)Oc1ccccc1,tg,125.0,120.12193287312832,,False
*C(=C*)C(CCCCC)[Si](C)(C)C,tg,170.0,142.62417208083892,,False
*N1C(=O)c2c(C1=O)cc(cc2)Oc1ccc(cc1)c1ccc(cc1)Oc1cc2c(C(=O)N(C2=O)c2ccc(cc2)Oc2ccc(cc2)Sc2ccc(cc2)Oc2ccc(cc2)*)cc1,tg,212.0,194.82821415729913,217.0087127685547,True
*OC(COC(=O)c1ccc(cc1)C(=O)*)COc1ccc(cc1)N=Nc1ccc(cc1)C#N,tg,122.0,112.5187503859463,124.92891693115234,True
*C(C*)(CC(=O)OCCCCCC)C(=O)OCCCCCC,tg,-17.75,-15.782533570192426,,False
*C(C*)(C(=O)OCCC(CC(C)(C)C)C)C,tg,1.0,38.735785532888215,,False
*Oc1ccc(cc1)C(c1ccc(cc1)OC(=O)OCCCCCOC(=O)*)(C)C,tg,49.5,52.755864450462035,,False
*Oc1ccc(cc1)Oc1ccc(cc1)C=Nc1ccc(cc1)N=Cc1ccc(cc1)*,tg,117.0,142.94367562661424,166.1720733642578,True
*NC(=O)c1cc(ccc1)C(=O)NCCC(C(CC*)C)C,tg,125.0,148.59793193074304,,False
*NC(=O)c1cc(cc(c1)C(C)(C)C)C(=O)NCCC(C(CC*)C)C,tg,173.0,150.741089498628,159.0405731201172,True
*Oc1ccc(cc1)C(c1ccc(cc1)OCC(CN(CC(C*)O)c1ccc(cc1)C#N)O)(C)C,tg,100.0,75.16434041531765,103.41251373291016,True
*C1C(=O)N(C(=O)C1CC*)c1ccc(cc1)N(C)C,tg,195.0,185.01998895498025,190.7235870361328,True
*N1C(=O)c2c(C1=O)cc(cc2)c1cc2c(C(=O)N(C2=O)c2cc(ccc2)C(=O)Nc2ccc(cc2)Oc2ccc(cc2)S(=O)(=O)c2ccc(cc2)Oc2ccc(cc2)NC(=O)c2cc(ccc2)*)cc1,tg,258.0,259.67361224344535,256.36834716796875,True
*c1nc2c(nc1c1ccc(cc1)C(=O)NCCCCCCCCCCCCNC(=O)c1ccc(cc1)*)cccc2,tg,154.0,156.1998348051592,,False
*C(C*)(CC(=O)OCCC)C(=O)OCCC,tg,44.38,50.86419001346502,,False
*C(C*)c1c(cccc1)C,tg,124.17,113.27278114837894,123.25821685791016,True
*OC(=O)c1cc(cc(c1)OCc1cc(cc(c1)OCc1ccccc1)OCc1ccccc1)C(=O)OCCN(CC*)c1ccc(cc1)C=Cc1sc(cc1)C=CC1=C(C(=C(C#N)C#N)OC1(c1ccccc1)C(F)(F)F)C#N,tg,130.0,130.54960556777235,,False
*C(C*)C(=O)Oc1c(cccc1)C(=O)OCC,tg,30.0,47.413802544927,,False
*c1cc2c(C(=O)N(C2=O)c2ccc(cc2)Oc2ccc(cc2)C(=O)c2cc(ccc2)N2C(=O)c3c(C2=O)cc(cc3)C(=O)*)cc1,tg,251.0,263.34254232493777,,False
*N1C(=O)c2c(C1=O)cc(cc2)Oc1ccc(cc1)C(c1ccc(cc1)Oc1cc2c(C(=O)N(C2=O)c2ccc(cc2)S(=O)(=O)c2ccc(cc2)*)cc1)(C)C,tg,240.0,239.2965411129172,244.2919921875,True
*Oc1ccc(cc1)NCC(=O)c1ccc(cc1)Sc1ccc(cc1)C(=O)CNc1ccc(cc1)*,tg,208.0,182.18023931669595,,False
*N(CC(CN(CC(C*)O)c1ccc(cc1)N=Nc1ccc(cc1)[N+](=O)[O-])O)c1ccccc1,tg,70.0,94.76201212600093,109.90155029296875,True
*N=P(*)(OCc1ccc(cc1)c1ccccc1)OCc1ccc(cc1)c1ccccc1,tg,52.0,36.17745398437293,52.134273529052734,True
*C1C2C(C(C(C1*)C2)C(=O)OCc1ccccc1)C(=O)OCc1ccccc1,tg,277.0,206.96227521364867,194.8043670654297,True
*c1cc2C3(CC(CC(C3)(C)C)(C)C)c3c(c2cc1)ccc(c3)c1cc2C(c3c(c2cc1)ccc(c3)*)(CCCCCCCC)CCCCCCCC,tg,132.0,146.92281229239256,129.7859649658203,True
*Nc1cc(ccc1)CCc1ccc(cc1)NC(=O)c1cc(ccc1)C(=O)*,tg,203.0,231.80209732673495,237.74632263183594,True
*Oc1ccc(cc1)C=Nc1ccc(cc1)N=Cc1ccc(cc1)Oc1ccc(cc1)C(c1ccc(cc1)*)(c1ccccc1)c1ccccc1,tg,230.0,181.35718673197343,,False
*N1C(=O)c2c(C1=O)cc(cc2)C(=O)Nc1ccc(cc1)S(=O)(=O)c1ccc(cc1)NC(=O)C*,tg,232.0,244.02536712313255,272.5462646484375,True
*S(=O)(=O)c1cc(ccc1)NC(=O)CCCCCCCCC(=O)Nc1cc(ccc1)*,tg,112.0,128.0899527662168,,False
*Sc1ccc(cc1)Cc1ccc(cc1)SC(=O)*,tg,117.0,115.79276948329864,106.0600814819336,True
*C(=CCCC*)c1ccc(cc1)OC,tg,11.0,18.383254929795218,,False
*Oc1ccc(cc1)C(=Cc1ccc(cc1)c1ccc(cc1)C=C(c1ccc(cc1)OC(=O)c1cc(ccc1)C(=O)*)c1ccccc1)c1ccccc1,tg,224.0,207.7848227726223,,False
*Nc1c(cc(cc1)*)OC,tg,90.0,138.68806015168298,,False
*Oc1ccc(cc1)NC(=O)c1cc(cc(c1)NC(=O)c1ccc(cc1)OC(=O)C)C(=O)Nc1ccc(cc1)Oc1ccc(cc1)c1ccc(cc1)*,tg,252.0,246.32724970585716,259.9231872558594,True
*NC(=O)CCCCCCCCCCC(=O)NCCCCCCCC*,tg,50.0,48.45797860813847,,False
*Oc1c(cc(cc1)S(=O)(=O)c1cc(c(cc1)Oc1c(cc(cc1C)C(c1cc(c(c(c1)C)*)C)(C(F)(F)F)C(F)(F)F)C)Br)Br,tg,230.8,226.28887715588337,237.2430419921875,True
*Oc1ccc(cc1)C(=O)Nc1cc(cc(c1)c1nc2c([nH]1)cccc2)NC(=O)c1ccc(cc1)*,tg,335.0,285.4036401828803,,False
*C(C*)(C(=O)OC(C(C)(C)C)C)C,tg,108.0,98.59866383258758,,False
*Oc1ccc(cc1)C(=O)c1ccc(cc1)Oc1ccc(cc1)C(=O)c1c(c(c(c(c1c1ccccc1)c1cc2c(cc1)cccc2)c1cc2c(cc1)cccc2)c1ccccc1)C(=O)c1ccc(cc1)*,tg,290.0,274.96747159271655,,False
*C1(c2c(NC1=O)c(cc(c2)Cl)Cl)c1ccc(cc1)OC(=O)c1cc(ccc1)C(=O)Oc1ccc(cc1)*,tg,270.0,256.42077379530264,273.1972961425781,True
*N1C(=O)c2c(C1=O)cc(cc2)[Si](c1ccc(cc1)[Si](c1cc2c(C(=O)N(C2=O)c2ccc(cc2)Cc2ccc(cc2)*)cc1)(C)C)(C)C,tg,295.0,246.7101353283173,,False
*Oc1ccc(cc1)C1(c2ccccc2c2ccccc12)c1ccc(cc1)Oc1c(cc(cc1)C(=O)c1ccc(cc1)C(=O)c1cc(c(cc1)*)C(F)(F)F)C(F)(F)F,tg,229.0,230.2099483437661,229.26515197753906,True
*C(C*)OC(=O)c1cc(ccc1)C,tg,49.0,55.79701286283757,,False
*C1C(=O)OC(=O)C1C(C*)OC1CCCCC1,tg,201.0,153.87987784787913,,False
*C(C*)c1ccc(cc1)c1cc2C(c3c(c2cc1)ccc(c3)c1cc2C(c3c(c2cc1)cccc3)(CCCCCC)CCCCCC)(CCCCCC)CCCCCC,tg,78.33,105.33015511109686,86.90426635742188,True
*Oc1ccc(cc1)C(c1ccc(cc1)OC(=O)c1ccc(cc1)C(=O)c1ccc(cc1)C(=O)*)(C)C,tg,194.0,152.24735772570034,,False
*c1nc2c(nc1c1ccccc1)cc(cc2)c1cc2c(nc(c(n2)c2ccccc2)c2ccc(cc2)Oc2ccc(cc2)*)cc1,tg,335.33,311.9867114981242,321.5154724121094,True
*C=CCC(C*)c1ccccc1,tg,14.0,38.628705726717065,-1.6562246084213257,True
*Oc1ccc(cc1)c1cc(c(c(c1)c1ccc(cc1)c1ccccc1)c1ccc(cc1)NC(=O)c1ccc(cc1)C(=O)Nc1ccc(cc1)c1c(cc(cc1c1ccc(cc1)c1ccccc1)c1ccc(cc1)OCCCCCC*)c1ccc(cc1)c1ccccc1)c1ccc(cc1)c1ccccc1,tg,121.5,156.71725653233224,196.1374969482422,True
*c1nc2cc3c(cc2nc1)ncc(n3)c1ccc(cc1)Oc1ccc(cc1)*,tg,353.0,350.7684034938161,357.9130554199219,True
*[Si](c1c(cccc1)C*)(c1ccccc1)c1ccccc1,tg,122.0,116.51776542171736,126.25140380859375,True
*c1ccc(cc1)C=C*,tg,230.0,110.40934325831545,,False
*Oc1ccc(cc1)CC(NC(=O)Cc1ccc(cc1)OC(=O)CC(CCC(=O)*)C)C(=O)OCC,tg,63.0,57.56788435468855,,False
*Oc1ccc(cc1)N1ON1c1ccc(cc1)OCCCCCCOC(=O)C(C(=O)OCCCCCC*)CCCCCCCCCCP(=O)(O)O,tg,12.5,13.05792897858626,,False
*NC(=O)C(=CC(=O)NCCCCCC*)C,tg,94.0,89.70550272336273,106.89054107666016,True
*N1C(=O)c2c(C1=O)cc(cc2)Oc1ccc(cc1)Oc1ccc(cc1)Oc1cc2c(C(=O)N(C2=O)c2cc(ccc2)*)cc1,tg,227.0,219.38611885740383,232.68115234375,True
*Oc1ccc(cc1)Oc1ccc(cc1)C(=O)c1ccc(cc1)P(=O)(c1ccc(cc1)C(=O)c1ccc(cc1)*)c1ccccc1,tg,207.0,183.9531349042496,,False
*C(C*)C(=O)OCCCOc1ccc(cc1)N=Nc1ccc(cc1)[N+](=O)[O-],tg,45.6,65.01726282753056,80.44548034667969,True
*Oc1ccc(cc1)C1(CCCCC1)c1ccc(cc1)OC(=O)c1ccc(cc1)C(=O)*,tg,275.0,198.7210226672524,,False
*[n+]1ccc(cc1)c1cc[n+](cc1)Cc1ccc(cc1)C*,tg,95.0,145.72289972069362,,False
*SC(=O)CCCCC*,tg,19.0,-32.705233453409015,,False
*N1C(=O)c2c(C1=O)cc(cc2)Oc1cc(ccc1)Oc1cc2c(C(=O)N(C2=O)c2ccc(cc2)Oc2ccc(cc2)S(=O)(=O)c2ccc(cc2)Oc2ccc(cc2)*)cc1,tg,201.0,210.39646472280967,,False
*C(C*)c1c(ccc(c1)C(C)(C)C)C,tg,87.0,122.77509992243785,,False
*C(CC(C*)c1ccc(cc1)CCl)(C#N)C#N,tg,150.0,104.5032560106108,,False
*N1C(=O)C2C(C1=O)C(=CC(C2)C1C(=O)N(C(=O)C1)c1ccc(cc1)Oc1ccc(cc1)*)C,tg,278.0,289.987316751831,289.814697265625,True
*NC(=O)C(C(C(=O)NCCCCCCC*)OC)OC,tg,87.0,88.34536840915321,,False
*OC(=O)Nc1c(ccc(c1)NC(=O)OCCN(CC*)c1ccc(cc1)N=Nc1ccc(cc1)c1nc2c(n1CC)cc(cc2)[N+](=O)[O-])C,tg,158.0,178.6756848628038,,False
*OC(=O)c1cc(ccc1)C(=O)OCCN(CC*)c1ccccc1,tg,60.0,69.48303760427041,,False
*c1nc2c(nc1)cc(cc2)c1cc2c(nc(cn2)c2ccc(cc2)*)cc1,tg,350.0,383.88729150303,,False
*Sc1ccc(cc1)C(=O)CNCCCCCCCCNCC(=O)c1ccc(cc1)*,tg,231.0,95.60750368742924,82.78569793701172,True
*c1oc(nn1)c1ccc(cc1)Oc1c2c(ccc1)c(ccc2)NC(=O)c1ccc(cc1)C(c1ccc(cc1)C(=O)Nc1c2c(ccc1)c(ccc2)Oc1ccc(cc1)*)(C(F)(F)F)C(F)(F)F,tg,279.0,264.5351423884456,255.0824432373047,True
*OP(=O)(OC(COc1ccc(cc1)S(=O)(=O)c1ccc(cc1)OCC(*)CCl)CCl)Oc1ccccc1,tg,48.0,61.1990895680921,71.34933471679688,True
*c1ncnc(n1)N(CCCCCCN(*)c1ccccc1)c1ccccc1,tg,72.0,70.47158424901421,,False
*C(C*)OC(=O)c1c2c(n(n1)C(=O)C)cccc2,tg,150.0,169.65961176926024,,False
*Oc1ccc(cc1)NC(=O)c1ccc(cc1)S(=O)(=O)c1ccc(cc1)C(=O)Nc1ccc(cc1)Oc1ccc(cc1)C(c1ccc(cc1)*)(C(F)(F)F)C(F)(F)F,tg,250.0,255.85132587631313,,False
*Oc1ccc(cc1)Oc1c(cc(cc1)C(=O)c1cc(c(cc1)*)S(=O)(=O)O)S(=O)(=O)O,tg,220.0,194.35574637013232,,False
*c1cc2c(cc1OC(=O)COc1ccc3c(c1)oc(=O)cc3)oc(=O)c(c2)C(=O)Nc1ccc(cc1)Oc1ccc(cc1)NC(=O)c1c(=O)oc2c(cc(c(c2)OC(=O)COc2ccc3c(c2)oc(=O)cc3)C*)c1,tg,226.0,241.2326363204215,,False
*c1cc2C(c3c(c2cc1)ccc(c3)c1c(cc(c(c1)CCCCCC)*)CCCCCC)(CCCCCC)CCCCCC,tg,78.8,73.80696409055865,,False
*C(C*)C(=O)OCCO,tg,0.1,18.39243776834721,,False
*C(=CCC*)CCCCCCCCCC,tg,-53.0,-58.952890447747755,,False
*N1C(=O)c2c(C1=O)cc(cc2)Oc1ccc(cc1)Oc1ccc(cc1)Oc1cc2c(C(=O)N(C2=O)c2ccc(cc2)Oc2cc(ccc2)Oc2ccc(cc2)*)cc1,tg,184.0,192.87520853809008,,False
*N1CCN(CC1)C(=O)OCC(COC(=O)*)(C)C,tg,70.0,58.19369079582723,42.657615661621094,True
*N1C(=O)c2c(C1=O)cc(cc2)Oc1ccc(cc1)Oc1cc2c(C(=O)N(C2=O)c2ccc(cc2)Oc2ccc(cc2)c2ccc(cc2)Oc2ccc(cc2)*)cc1,tg,230.0,218.26487710971043,,False
*C(C*)(C(=O)OCCCC)C,tg,28.5,10.402180518819234,,False
*Oc1cc(ccc1)C(=O)c1ccc(cc1)*,tg,132.67,146.28536194093996,,False
*C(C*)OC(=O)c1ccncc1,tg,98.5,93.55869174410545,,False
*OC(=O)CCC(=O)OCCOCC*,tg,-41.51,-43.97856932639024,-40.52524948120117,True
*C(C*)c1c(c(c(c(c1F)F)OCC(C(C(C(C(C(C(F)(F)F)(F)F)(F)F)(F)F)(F)F)(F)F)(F)F)F)F,tg,21.0,39.397228516575275,44.93581008911133,True
*c1cc2c(C(=O)N(C2=O)c2ccc(cc2)Oc2c3c(ccc2)c(ccc3)Oc2ccc(cc2)N2C(=O)c3c(C2=O)cc(cc3)C(=O)Nc2ccc(cc2)Oc2ccc(cc2)S(=O)(=O)c2ccc(cc2)Oc2ccc(cc2)NC(=O)*)cc1,tg,260.0,262.3832567581881,269.84576416015625,True
*N(c1ccc(cc1)C(c1ccc(cc1)*)c1ccccc1)c1ccc(cc1)C,tg,199.0,179.1879042022421,,False
*c1oc2c(n1)ccc(c2)c1ccc2c(oc(n2)c2ccc(cc2)C(c2ccc(cc2)*)(c2ccccc2)C(F)(F)F)c1,tg,350.0,326.0258559832609,,False
*OP(=O)(N=Nc1ccc(cc1)Oc1ccc(cc1)N=NP(=O)(OCc1ccc(cc1)C*)OC)OC,tg,50.0,57.07269864831088,,False
*C(C*)OC(=O)OC([2H])([2H])[2H],tg,55.0,44.74669656671468,36.692745208740234,True
*c1ccc2c(nc([nH]2)c2cc(ccc2)c2nc3c([nH]2)ccc(c3)C(=O)Nc2nc(ccc2)NC(=O)*)c1,tg,302.0,327.19593534855125,321.2585754394531,True
*N1C(=O)c2c(C1=O)cc(cc2)Oc1ccc(cc1)C1(CCC(CC1)C(C)(C)C)c1ccc(cc1)Oc1cc2c(C(=O)N(C2=O)c2ccc(cc2)Oc2c(cc(cc2)Oc2ccc(cc2)*)C(C)(C)C)cc1,tg,233.0,245.14393969210633,,False
*c1cc2c(C(=O)N(C2=O)c2cc(cc(c2)C(=O)O)N2C(=O)c3c(C2=O)cc(cc3)C(*)(C(F)(F)F)C(F)(F)F)cc1,tg,361.5,302.9525951437843,295.84881591796875,True
*Oc1ccc(cc1)Cc1ccc(cc1)OCC(C*)O,tg,80.0,87.98341308915975,,False
*C(C*)c1c(ccc(c1)C(=O)Oc1ccc(cc1)OCCCCCC)C(=O)Oc1ccc(cc1)OCCCCCC,tg,100.0,98.41267628949528,,False
*Oc1ccc(cc1)S(=O)(=O)c1ccc(cc1)Oc1ccc(cc1)C=C1C(=O)C(=Cc2ccc(cc2)*)CCCC1,tg,186.0,204.7005239796483,191.03314208984375,True
*c1cc2c(C(=O)N(C2=O)c2cc(ccc2)Oc2c(c(ccc2)Oc2cc(ccc2)N2C(=O)c3c(C2=O)cc(cc3)C(=O)Nc2cc(ccc2)Oc2c(c(ccc2)Oc2cc(ccc2)Oc2c(c(ccc2)Oc2cc(ccc2)NC(=O)*)C#N)C#N)C#N)cc1,tg,193.0,200.23506718379045,189.7544708251953,True
*NC(C(=O)*)CCC(=O)OCCC,tg,-10.0,-23.09964076734315,-34.56922912597656,True
*O[Si](O[Si](O[Si](O[Si](c1cc(ccc1)[Si](*)(C)C)(C)C)(C)C)(C)C)(C)C,tg,-75.0,-65.19810243739951,,False
*C(C*)(C(=O)OCCCCCCc1ccc(cc1)C(=Cc1ccc(cc1)OC)C)C,tg,31.0,50.58904604939602,,False
*C1(OC(OC1(*)F)(C(Cl)(F)F)C(F)(F)F)F,tg,330.0,116.73998212985376,193.3204803466797,True
*OC(=O)CCCCC(=O)OCCCCCCCCCCCCCCCC*,tg,-15.0,-68.09183407805546,-54.73667907714844,True
*C1COC2C1OCC2OC(=O)C(NC(=O)CCCCCCCCCCC(=O)NC(C(=O)O*)C)C,tg,28.0,53.45927583524944,52.92878341674805,True
*c1cc2c(C(=O)N(C2=O)c2c(cc(cc2)N2C(=O)c3c(C2=O)cc(cc3)C(=O)*)S(=O)(=O)O[Na])cc1,tg,214.0,316.25582095794033,,False
*C(C*)OC(=O)c1cc(ccc1)Br,tg,57.5,71.78942447880705,63.27012634277344,True
*S(=O)(=O)NCCCCNS(=O)(=O)c1cc(ccc1)*,tg,82.0,72.38374333211272,,False
*OP(=O)(OCCCCOc1c(cc(cc1)C=C1C(=O)C(=Cc2cc(c(cc2)OCCCC*)OC)CC1)OC)OCC,tg,79.0,61.80235996446954,,False
*Oc1ccc(cc1)C(c1ccc(cc1)OC(=O)c1c(cccc1)c1c(cccc1)C(=O)*)(C(F)(F)F)C(F)(F)F,tg,162.0,165.2208253196853,,False
*Nc1ccc(cc1)C(c1ccc(cc1)NC(=O)c1cc(ccc1)C(=O)*)(C)C,tg,278.33,264.88211219479444,273.6091613769531,True
*OC(=O)NC1CC(CC(C1)(CNC(=O)OCC*)C)(C)C,tg,84.0,101.0442235257874,,False
*N1C(=O)c2c(C1=O)cc(cc2)C(=O)Oc1ccc(cc1)C1(c2c(C(=O)O1)cccc2)c1ccc(cc1)OC(=O)CCCCCCCCCCC*,tg,114.0,114.38233139237693,149.02647399902344,True
*c1cc2c(C(=O)N(C2=O)c2ccc(cc2)Oc2ccc(cc2)N2C(=O)c3c(C2=O)cc(cc3)C(CCCCC(*)(C)C)(C)C)cc1,tg,168.25,186.35587368347137,,False
*OC(=O)c1ccc(cc1)C(=O)OCCN(CC*)c1ccc(cc1)C=C(C#N)C#N,tg,127.0,86.26843854308161,,False
*C1(c2c(C(=O)O1)cccc2)c1ccc(cc1)OC(=O)Oc1ccc(cc1)*,tg,252.5,231.0610651952972,,False
*c1cc2c(C(=O)N(C2=O)c2c(cc(cc2C)c2cc(c(c(c2)C)N2C(=O)c3c(C2=O)cc(cc3)C(=O)Nc2c(ccc(c2)NC(=O)*)N=Nc2ccc(cc2)[N+](=O)[O-])C)C)cc1,tg,278.0,291.8457078306672,,False
*Oc1ccc(cc1)C(CC(c1ccc(cc1)OCC(C*)O)C)(C)C,tg,75.0,79.2281708061205,70.74158477783203,True
*O[Si](O[Si](O[Si](O[Si](O[Si](O[Si](Oc1c2ccccc2c2ccccc2c1*)(C)C)(C)C)(C)C)(C)C)(C)C)(C)C,tg,-68.0,-20.136836446413785,-56.054443359375,True
*c1cc2c(C(=O)N(C2=O)c2cc(ccc2)P(=O)(c2cc(ccc2)N2C(=O)c3c(C2=O)cc(cc3)C(=O)Nc2ccc(cc2)NC(=O)*)c2ccccc2)cc1,tg,204.0,239.74598199631737,243.0796661376953,True
*N1C(=O)c2c(C1=O)cc(cc2)Oc1ccc(cc1)C1(CCCCCCCCCCC1)c1ccc(cc1)Oc1cc2c(C(=O)N(C2=O)c2ccc(cc2)Oc2ccc(cc2)C2(C3CCC(C2)C3)c2ccc(cc2)Oc2ccc(cc2)*)cc1,tg,259.0,259.2104309956629,,False
*N(CC*)C(=O)C,tg,77.0,73.05102334994454,67.6144790649414,True
*SCC*,tg,-5.5,-62.58975961672752,,False
*Oc1ccc(cc1)S(=O)(=O)c1ccc(cc1)c1ccc(cc1)c1ccc(cc1)S(=O)(=O)c1ccc(cc1)*,tg,311.0,257.8438540298171,,False
*Oc1ccc(cc1)CC(NC(=O)CCc1ccc(cc1)OC(=O)COCCOCC(=O)*)C(=O)OCC(C)C,tg,50.0,52.13129888322603,45.85328674316406,True
*OC(=O)CCCCCCCCC(=O)OCC#CC(=Cc1ccc(cc1)C#Cc1ccccc1)C#CC*,tg,60.0,29.22981349255199,48.782989501953125,True
*Oc1cc2c(cc1OCCNC(=O)c1ccc(cc1)C(=O)NCC*)cccc2,tg,136.0,152.2685085335061,,False
*C(C*)CCCCCCCCCCCC,tg,10.0,-53.27749508154301,-56.28388595581055,True
*N1C(=O)c2c(C1=O)cc(cc2)c1cc2c(C(=O)N(C2=O)c2ccc(cc2)Sc2ccc(cc2)Sc2ccc(cc2)Sc2ccc(cc2)*)cc1,tg,227.1,225.5141075190555,,False
*Oc1c(cc(cc1Cl)C(c1cc(c(c(c1)Cl)OC(=O)*)Cl)C1C2CCC(C1)C2)Cl,tg,270.0,219.39003301463944,226.4854736328125,True
*C1C(=O)N(C(=O)C1C(C*)(C)C)c1c(cccc1)C,tg,207.0,231.06428246617568,,False
*N=Nc1ccc(cc1)Nc1ccc(cc1)C(=O)c1ccc(cc1)C(=O)c1ccc(cc1)Nc1ccc(cc1)*,tg,203.0,199.97724367940236,,False
*OC(=O)C(C(=O)OCCOCC*)CCCCCCCCC,tg,-59.0,-41.89694414608734,-41.1495361328125,True
*C(C*)OCC(C)C,tg,-21.51,-15.062535464724812,,False
*C(C*)C(=O)OCCCCCCOc1ccc(cc1)C(=O)Oc1ccc(cc1)OC,tg,24.75,27.525423643466883,,False
*Oc1c(cccc1)C(=O)OC(=O)c1c(cccc1)OC(=O)CCCCC(=O)*,tg,60.0,57.360900443701354,,False
*O[Si](CCC(C(C(C(C(C(C(C(C(C(CC[Si](*)(CCC(F)(F)F)C)(F)F)(F)F)(F)F)(F)F)(F)F)(F)F)(F)F)(F)F)(F)F)(F)F)(CCC(F)(F)F)C,tg,-11.0,-25.59299661371188,,False
*O[Si](O[Si](O[Si](c1ccc(cc1)Oc1ccc(cc1)[Si](*)(C)C)(C)C)(C)C)(C)C,tg,-37.0,-46.0405272066657,-34.596683502197266,True
*Oc1ccc(cc1)C(c1ccc(cc1)OCC(COC(=O)CCCCCCC(=O)OCC(C*)O)O)(C)C,tg,35.0,35.7967704386248,,False
*c1sc(cc1CCCCCCOC(=O)Cc1ccccc1)*,tg,45.0,36.52385327549944,,False
*C(=C(*)C)CCCCCCC,tg,160.0,96.42156040468512,,False
*C1C(=O)N(C(=O)C1*)c1cc(c(c(c1)Br)O[Si](CC)(CC)CC)Br,tg,160.0,138.96999263467612,154.45558166503906,True
*c1ccc(cc1)c1c(cc(c(c1)OCCCCCC)c1ccc(cc1)C=C1C(=O)C(=C*)CCC1)OCCCCCC,tg,85.0,101.56378024289177,108.78874969482422,True
*Oc1ccc(cc1)C(c1ccc(cc1)OCC(C*)OC(=O)c1ccccc1)(c1ccccc1)C,tg,126.0,120.06836438290202,113.22684478759766,True
*S(=O)(=O)c1ccc(cc1)C#Cc1ccc(cc1)N(CC(CCC*)O)CCCC,tg,48.0,93.96764928048997,103.86929321289062,True
*N(CC*)C(=O)CC,tg,59.08,22.579910995254657,34.578617095947266,True
*c1sc(cc1)c1sc(cc1)[Si](*)(C)C,tg,45.0,69.1537565592029,,False
*C(C*)(C(=O)OCCCCCCCCCCCOc1cc2c(cc1)cc(cc2)C(=O)Oc1ccccc1)C,tg,10.0,35.466972720724534,,False
*Oc1ccc(cc1)NC(=O)c1ccc(cc1)*,tg,225.0,209.69570339247585,,False
*N1C(=O)c2c(C1=O)cc(cc2)Oc1ccc(cc1)Oc1ccc(cc1)Oc1cc2c(C(=O)N(C2=O)c2ccc(cc2)Oc2ccc(cc2)*)cc1,tg,215.0,215.90263603720652,231.3051300048828,True
*c1nc2c([nH]1)cc(cc2)c1cc2c(nc([nH]2)c2cc(ccc2)*)cc1,tg,395.88,359.0871082642955,,False
*OC(=O)NCCCCCCNC(=O)OCCCCCCCCC*,tg,58.0,5.706078335178137,10.997204780578613,True
*C(C(CCCCCC*)Cl)Cl,tg,-18.0,-33.804047137836214,,False
*C1C2CC(=CC)C(C1*)C2,tg,61.4,232.56013040013391,243.9276580810547,True
*C(C*)(C(=O)OCCCCCCOc1ccc(cc1)N=Nc1ccncc1)C,tg,40.0,73.58044463989738,,False
*C(=C(*)c1ccccc1)c1ccc(cc1)CCCC,tg,200.0,148.00576517725608,,False
*c1cc2c(C(=O)N(C2=O)c2cc(c(cc2)C(=O)Nc2ccc(cc2)C(c2ccc(cc2)NC(=O)*)(C(F)(F)F)C(F)(F)F)C)cc1,tg,320.0,264.3707922751818,,False
*C(=C(*)c1ccccc1)CCCCCC,tg,200.0,105.33857679144518,129.2146759033203,True
*C(C*)(CCCCCCCC)C(=O)OC,tg,20.0,17.10551970066565,,False
*c1cc2c(C(=O)N(C2=O)C2C(=O)N(C(=O)C2)c2ccc(cc2)Oc2ccc(cc2)NC(=O)*)cc1,tg,223.0,136.15551761199234,184.68919372558594,True
*Oc1ccc(cc1)S(=O)(=O)c1ccc(cc1)Oc1c(cc(cc1C)C(c1cc(c(c(c1)C)*)C)(C(F)(F)F)C(F)(F)F)C,tg,241.88,224.9191526672762,232.75343322753906,True
*C(C*)C(=O)OCCCCCCCCCCCCOC(=O)c1ccc(cc1)OC(=O)c1ccc(cc1)C#N,tg,15.0,9.06910350257068,,False
*c1cc2c(C(=O)N(C2=O)c2ccc(cc2)Oc2ccc(cc2)N2C(=O)c3c(C2=O)cc(cc3)C(=O)Nc2ccc(cc2)Oc2ccc(cc2)Oc2ccc(cc2)NC(=O)*)cc1,tg,260.0,252.8864975051707,268.2560729980469,True
*OC(=O)CCC(=O)OCC*,tg,-11.33,11.263984262499612,-23.491653442382812,True
*C(C*)(C(=O)OCC)CC,tg,27.0,64.92348074608758,,False
*OC(=O)CCOCC*,tg,-35.55,-37.1899076041695,-45.241058349609375,True
*C(C*)c1ccc(cc1)C(CCN(C)C)O,tg,43.0,85.44391285867916,,False
*C(C*)C(=O)OCCCCOc1ccc(cc1)N=Nc1ccc(cc1)[N+](=O)[O-],tg,36.7,52.75605126806128,,False
*c1cc2c(C(=O)N(C2=O)c2ccc(cc2)C2(CC(CC(C2)C)(C)C)c2ccc(cc2)NC(=O)*)cc1,tg,328.0,316.80660176417047,334.69049072265625,True
*C(C*)C(=O)Nc1ccc(cc1)C(=O)C=Cc1ccc(cc1)Br,tg,64.0,78.7364710188741,78.28602600097656,True
*N=P(*)(OCCCc1ccccc1)OCCCc1ccccc1,tg,-47.0,-25.50085801643051,-40.135189056396484,True
*Oc1ccc(cc1)SC(=O)Sc1ccc(cc1)*,tg,117.0,142.60915701344166,,False
*C(C*)c1cc2c(OCO2)cc1,tg,138.0,129.96548903419605,,False
*c1nc2cc3c(cc2nc1c1ccccc1)nc(c(n3)c1ccccc1)c1cc(ccc1)*,tg,365.0,358.0050423380389,,False
*c1cc2c(C(=O)N(C2=O)c2ccc(cc2)Cc2ccc(cc2)N2C(=O)c3c(C2=O)cc(cc3)C(=O)c2ccc(cc2)c2ccc(cc2)C(c2ccc(cc2)c2ccc(cc2)C(=O)*)(C)C)cc1,tg,216.0,243.93621502458737,,False
*OC(=O)NNC(=O)CCCCCCCCC(=O)NNC(=O)OCCCCCCCC*,tg,38.0,32.760642045998765,,False
*C1OC(C(C(C1OC(=O)Nc1ccccc1)OC(=O)Nc1ccccc1)O*)COC(=O)Nc1ccccc1,tg,217.0,139.69173721570246,,False
*C(C*)(C(=O)OCCCCCCOc1ccc(cc1)C(=O)Oc1c2c(c(cc1)N=Nc1ccc(cc1)I)cccc2)C,tg,40.0,51.65958764706087,61.66657638549805,True
*Oc1ccc(cc1)C(c1ccc(cc1)Oc1ccc(cc1)C(=O)Nc1cc(ccc1)NC(=O)c1ccc(cc1)*)(C)C,tg,214.0,200.80068212121415,194.7052459716797,True
*C=CC(C(*)C(=O)OC12CC3CC(CC(C1)C3)C2)C,tg,115.0,139.08266224994205,165.69398498535156,True
*C(CCCCC*)CCCCCCCCCC,tg,-65.0,-60.63006932131437,-80.33830261230469,True
*C1=CC(=C(C#N)C#N)C=C(O1)C=Cc1sc(c(c1CCCCCC)CCCCCC)c1sc(cc1)c1sc(cc1)c1sc(cc1)c1sc(c(c1CCCCCC)CCCCCC)C=C*,tg,134.0,107.02298063846985,,False
*OC(=O)CCCCC(=O)OCCN(CC*)c1ccc(cc1)C=NN(c1ccccc1)c1ccccc1,tg,54.0,38.76654975002065,,False
*C(C*)(C(=O)OCc1ccc2n(c3c(c2c1)cccc3)CCCCCCCCCCCCCC)C,tg,26.0,25.729970462806374,,False
*C(C*)(C(=O)Oc1ccc(cc1)C(C)(C)C)C,tg,88.57,123.80798784950883,114.3416748046875,True
*NC(=O)CCCCCCCC(=O)NCCCCCC*,tg,37.61,52.40012288316529,,False
*N1C(=O)c2c(C1=O)cc(cc2)Oc1ccc(cc1)Oc1cc2c(C(=O)N(C2=O)c2ccc(cc2)Oc2ccc(cc2)Sc2ccc(cc2)Oc2ccc(cc2)*)cc1,tg,201.0,193.94805633370387,,False
*C(C*)(C(=O)OCCCCCCCCCCCOc1ccc(cc1)N=Nc1ccc(cc1)OC(=O)c1cc2c(OCCOCCOCCOCCO2)cc1)C,tg,59.0,59.42250386051344,72.7799301147461,True
*c1cc2c(C(=O)N(C2=O)c2ccc(cc2)Oc2ccc(cc2)N2C(=O)c3c(C2=O)cc(cc3)C(C(C(*)(F)F)(F)F)(F)F)cc1,tg,216.5,228.1764542326815,,False
*c1cc2c(C(=O)N(C2=O)c2ccc(cc2)NC(=O)Nc2ccc(cc2)N2C(=O)c3c(C2=O)cc(cc3)C(=O)Nc2ccc(cc2)c2nc(cc(c2)c2ccccc2)c2ccc(cc2)NC(=O)*)cc1,tg,215.0,251.172191865286,,False
*NC(=O)c1c(cc(cc1)C(=O)NCCCCCCCCCC*)Sc1ccccc1,tg,100.0,105.77997045182038,,False
*C(C*)c1c(c(c(c(c1[2H])[2H])[2H])[2H])[2H],tg,100.0,123.12106046069148,114.79830169677734,True
*OC(=O)OCC(C(C*)OC(=O)C)OC(=O)C,tg,51.38,16.82900071753213,,False
*N1C(=O)c2c(C1=O)cc(cc2)C(=O)Nc1cc(ccc1)S(=O)(=O)c1ccc(cc1)NC(=O)c1cc2c(C(=O)N(C2=O)CCCCCC*)cc1,tg,190.0,190.30650026847889,185.1005401611328,True
*Oc1ccc(cc1)CC(NC(=O)CCc1ccc(cc1)OC(=O)CCC(=O)*)C(=O)OCCCCCCCC,tg,46.75,41.619961930770835,,False
*C(C*)c1c(ccc(c1)C(=O)Oc1ccc(cc1)OCCCCCCCCCC)C(=O)Oc1ccc(cc1)OCCCCCCCCCC,tg,109.0,102.20842180862368,105.276123046875,True
*c1cc2c(C(=O)N(C2=O)c2ccc(cc2)Oc2ccc(cc2)N2C(=O)c3c(C2=O)cc(cc3)C(=O)Nc2ccc(cc2)Oc2ccc(cc2)C2(c3c(C(=O)N2)cccc3)c2ccc(cc2)Oc2ccc(cc2)NC(=O)*)cc1,tg,320.0,308.41815598707336,310.9665832519531,True
*N1C(=O)c2c(C1=O)cc(cc2)Oc1cc2c(C(=O)N(C2=O)c2ccc(cc2)Oc2ccc(cc2)C(=O)c2nc(ccc2)C(=O)c2ccc(cc2)Oc2ccc(cc2)*)cc1,tg,208.6,251.21285698669968,,False
*C(C*)C1CCC(CC1)C,tg,132.0,118.9920856752086,131.26976013183594,True
*N1C(=O)c2c(C1=O)cc(cc2)S(=O)(=O)c1cc2c(C(=O)N(C2=O)c2ccc(cc2)N(c2ccc(cc2)*)c2ccc(cc2)N(C)C)cc1,tg,331.0,296.8560594746535,,False
*c1oc(cc1)C(=O)OCCOC(=O)*,tg,85.56,62.914968699498765,,False
*C(C(*)(F)F)(OC(F)(F)F)OC(F)(F)F,tg,-60.0,30.10245004626381,,False
*c1sc(nn1)c1cc(ccc1)OC(=O)CCCCCCCCC(=O)Oc1ccc(cc1)C=C*,tg,37.0,87.80063376570159,,False
*OC(=O)NCC(C(C(C(CNC(=O)OCC(C(C*)(F)F)(F)F)(F)F)(F)F)(F)F)(F)F,tg,38.0,15.096892317492788,15.841143608093262,True
*Oc1ccc(cc1)C(c1ccc(cc1)OCOc1ccc(cc1)C(c1ccc(cc1)OCCCCCCCCCCCC*)(C)C)(C)C,tg,37.0,46.57513997751179,,False
*C(C*)C(=O)OC1CCCCCCCCCCC1,tg,37.0,28.86585346246262,,False
*C(C(C(C*)OC(=O)C)CCC(O)(C)C=C)(C)C,tg,85.0,44.03670713230198,,False
*c1sc(nn1)c1ccc(cc1)C(=O)OCCCCCCOC(=O)c1ccc(cc1)*,tg,125.0,76.39851633160517,,False
*c1ccc2n(c3c(c2c1)cc(cc3)c1cc2C(c3c(c2cc1)ccc(c3)*)(CCCCCC)CCCCCC)c1ccc(cc1)C,tg,155.0,164.49548996591514,,False
*Oc1ccc(cc1)C(=Cc1ccc(cc1)c1ccc(cc1)C=C(c1ccc(cc1)OC(=O)*)c1ccccc1)c1ccccc1,tg,203.0,199.2212094808696,191.5673370361328,True
*Oc1ccc(cc1)C1(CCC(CC1)C(C)(C)C)c1ccc(cc1)Oc1ccc(cc1)C(=O)Oc1ccc(cc1)C1(CCC(CC1)c1ccccc1)c1ccc(cc1)OC(=O)c1ccc(cc1)*,tg,172.0,191.33130241656377,,False
*Oc1ccc(cc1)C(=O)OC(=O)c1ccc(cc1)OC*,tg,84.0,104.51091215176304,109.7166519165039,True
*OC(=O)CCCCC(=O)OCC(C*)CCCCCCOc1ccc(cc1)N=Nc1ccc(cc1)Cl,tg,9.0,31.09091575910719,35.72441482543945,True
*C(C*)(C(=O)OCCF)C,tg,90.0,56.41172638509204,,False
*Oc1ccc(cc1)Oc1ccc(cc1)C(=Nc1ccc(cc1)Oc1ccc(cc1)N=C(c1ccc(cc1)*)c1ccccc1)c1ccccc1,tg,162.0,172.45366136645143,,False
*N=P(*)(OCCOC)OCCOC,tg,-75.0,-80.334254847179,,False
*Oc1ccc(cc1)Oc1ccc(cc1)Oc1cc(ccc1)C(=O)Oc1ccc(cc1)OC(=O)c1cc(ccc1)*,tg,101.0,113.78273530588172,,False
*C(C*)C(C)C,tg,10.97,28.861184887573064,104.0270004272461,True
*OP(=O)(Oc1c(cc(cc1C)S(=O)(=O)c1cc(c(c(c1)C)*)C)C)Oc1ccc(cc1)OC,tg,147.0,143.55373211593394,,False
*C(C*)(C(=O)OCCOCCOCCOCCOCCOCCOCCOCCOC)C,tg,-58.0,-52.14227626279754,,False
*OC(=O)C1CCC(CC1)C(=O)OCC1CCC(CC1)C*,tg,67.68,52.65753880397293,43.09981155395508,True
*c1cc2c(oc(n2)c2ncc(cc2)c2oc3c(n2)cc(cc3)C(*)(C(F)(F)F)C(F)(F)F)cc1,tg,352.0,290.25627881903057,,False
*C1COC2C1OCC2Oc1ccc(cc1)NC(=O)c1ccc(cc1)OC1COC2C1OCC2Oc1ccc(cc1)C(=O)Nc1ccc(cc1)O*,tg,165.0,167.1866743236968,,False
*OC(=O)c1ccc(cc1)CCCCc1ccc(cc1)C(=O)*,tg,46.0,106.24947278276836,77.28893280029297,True
*[SiH](C#Cc1cc(ccc1)C#C*)C,tg,72.0,76.41018305814646,,False
*C(C*)c1c(cccc1)COCCC(C)C,tg,78.0,52.93984754623059,64.6623306274414,True
*c1ccc2c(nc([nH]2)c2ccc(cc2)C(=O)Nc2cc(ccc2)NC(=O)*)c1,tg,325.0,287.78940458730614,291.8712463378906,True
*c1cc2c(C(=O)N(C2=O)c2ccc(cc2)c2sc(c(c2c2ccccc2)c2ccccc2)c2ccc(cc2)N2C(=O)c3c(C2=O)cc(cc3)C(=O)Nc2cc(ccc2)NC(=O)*)cc1,tg,334.0,293.33633025028183,327.36383056640625,True
*c1nc2c(nc1c1ccccc1)cc(cc2)Oc1cc2c(nc(c(n2)c2ccccc2)c2ccc(cc2)Oc2ccc(cc2)*)cc1,tg,340.0,294.1060114621332,,False
*N1CCN(CC1)C(=O)OCCOC(=O)*,tg,60.0,77.7195488848313,,False
*c1cc2c(C(=O)N(C2=O)c2c3c(ccc2)c(ccc3)Oc2ccc(cc2)N2C(=O)c3c(C2=O)cc(cc3)C(=O)Nc2nc(ccc2)NC(=O)*)cc1,tg,293.0,285.37832118269813,,False
*OC(=O)CSCc1ccc(cc1)Cc1ccc(cc1)CSCC(=O)OCCSCc1ccc(cc1)Cc1ccc(cc1)CSCC*,tg,-1.25,58.14245538039561,,False
*N1C(=O)c2c(C1=O)c(ccc2)c1cc2c(C(=O)N(C2=O)c2cc(ccc2)OCCCCCCCCCCOc2cc(ccc2)*)cc1,tg,127.0,130.7800479090273,148.29615783691406,True
*C(C*)(CC(=O)OCCOCCOCCOCCOCCOCCOCCOC)C(=O)OCCOCCOCCOCCOCCOCCOCCOC,tg,-71.0,-45.493715387289335,,False
*C1C2C(C(C1)CC*)C1C(CC2C1)C,tg,150.0,183.76332040071293,184.7315673828125,True
*OP(=O)(Oc1ccc(cc1)*)Oc1ccccc1,tg,97.0,82.49324256312737,,False
*O[Si](CCC(C(CC[Si](*)(CCC(F)(F)F)C)(F)F)(F)F)(CCC(F)(F)F)C,tg,-27.0,-50.94840335945074,,False
*c1cc2c(C(=O)N(C2=O)c2ccc(cc2)S(=O)(=O)c2ccc(cc2)S(=O)(=O)c2ccc(cc2)S(=O)(=O)c2ccc(cc2)N2C(=O)c3c(C2=O)cc(cc3)C(*)(C(F)(F)F)C(F)(F)F)cc1,tg,327.0,273.5291567505397,299.4093933105469,True
*N1C(=O)c2c(C1=O)cc(cc2)Oc1cc2c(C(=O)N(C2=O)c2ccc(cc2)c2ccc(cc2)NC(=O)c2cc(ccc2)C(=O)Nc2ccc(cc2)c2ccc(cc2)*)cc1,tg,233.0,238.84969150211796,,False
*c1cc2c(C(=O)N(C2=O)c2c(ccc(c2)N2C(=O)c3c(C2=O)cc(cc3)C(*)(C(F)(F)F)C(F)(F)F)OCCCCCCOc2ccc(cc2)N=Nc2ccc(cc2)OCC)cc1,tg,198.0,171.92697600440098,179.52000427246094,True
*Oc1ccc(cc1)N(c1ccc(cc1)c1ccc(cc1)N(c1ccc(cc1)OCCCCCC*)c1ccccc1)c1ccccc1,tg,128.0,124.18011659040305,143.06683349609375,True
*Oc1ccc(cc1)CC(NC(=O)CCc1ccc(cc1)OC(=O)CCC(=O)*)C(=O)OC(C)C,tg,82.0,80.3288502369858,72.71868896484375,True
*N1C(=O)c2c(C1=O)cc(cc2)Oc1cc2c(C(=O)N(C2=O)CCCCCC*)cc1,tg,164.0,115.78556745745465,122.50777435302734,True
*C1COC2C1OCC2OC(=O)C(NC(=O)CCCCCCCCCCC(=O)NC(C(=O)O*)Cc1ccccc1)Cc1ccccc1,tg,76.0,65.29330156306436,,False
*c1n(c(nn1)c1ccc(cc1)Oc1ccc(cc1)C(c1ccc(cc1)Oc1ccc(cc1)*)(C)C)c1ccc(cc1)S(=O)(=O)c1ccccc1,tg,198.0,211.8128785879666,,False
*N1C(=O)c2c(C1=O)c(ccc2)Oc1c2c(C(=O)N(C2=O)c2ccc(cc2)Oc2ccc(cc2)Oc2ccc(cc2)*)ccc1,tg,258.0,253.41923581389196,,False
*Oc1ccc(cc1)OC(=O)c1c(cc(c(c1)OCCCCOCC1N(CCC1)c1ccc(cc1)[N+](=O)[O-])C(=O)*)OCCCCOCC1N(CCC1)c1ccc(cc1)[N+](=O)[O-],tg,68.0,59.260478355954056,65.3503189086914,True
*Oc1c(cc(cc1c1ccccc1)Cc1cc(c(c(c1)c1ccccc1)OC(=O)CCCCCC(=O)*)c1ccccc1)c1ccccc1,tg,111.0,105.5990415310975,99.8119888305664,True
*NC(=O)CCCCCNC(=O)CCCCCCCCCC*,tg,25.5,50.98142785835686,,False
*Oc1ccc(cc1)c1cc(c(c(c1)c1ccccc1)c1ccc(cc1)NC(=O)c1ccc(cc1)C(=O)Nc1ccc(cc1)c1c(cc(cc1c1ccccc1)c1ccc(cc1)OCCCCCC*)c1ccccc1)c1ccccc1,tg,127.0,158.99243615090236,,False
*C(C*)(C(=O)Oc1c(cc(cc1)C)C)C,tg,109.0,109.25406410991556,,False
*C(C*)(C(=O)OCCCCCCCCCCOc1ccc(cc1)N=Nc1ccc(cc1)F)C,tg,49.0,57.4676991939939,,False
*c1cc2c(C(=O)N(C2=O)c2ccc(cc2)c2nc(cc(c2)c2ccc(cc2)OCCCC#N)c2ccc(cc2)N2C(=O)c3c(C2=O)cc(cc3)C(=O)*)cc1,tg,342.0,327.080815403125,,False
*c1ccc(cc1)c1c(cc(c(c1c1ccccc1)c1ccccc1)c1cc(ccc1)c1c(c(c(c(c1)c1ccccc1)c1ccc(cc1)CCCCCCCCCC*)c1ccccc1)c1ccccc1)c1ccccc1,tg,180.0,189.25270197476425,,False
*N(c1ccc(cc1)C=Cc1c(cc(c(c1)OCCCCCCCC)C=Cc1ccc(cc1)*)OCCCCCCCC)c1ccccc1,tg,74.0,90.07367557611296,,False
*N1C(=O)c2c(C1=O)cc(cc2)Oc1ccc(cc1)Oc1ccc(cc1)P(=O)(c1ccc(cc1)Oc1ccc(cc1)Oc1cc2c(C(=O)N(C2=O)c2ccc(cc2)*)cc1)c1ccccc1,tg,220.0,227.12854534352024,236.2337646484375,True
*N1C(=O)c2c(C1=O)cc(cc2)Oc1ccc(cc1)C1(CCC(CC1)C(C)(C)C)c1ccc(cc1)Oc1cc2c(C(=O)N(C2=O)c2ccc(cc2)Oc2cc(c(cc2)c2c(cc(cc2)Oc2ccc(cc2)*)C)C)cc1,tg,236.0,235.16678114357123,245.01795959472656,True
*c1cc2c(C(=O)N(C2=O)c2ccc(cc2)Oc2ccc(cc2)N2C(=O)c3c(C2=O)cc(cc3)C(=O)c2cc(cc(c2)C(C)(C)C)C(=O)*)cc1,tg,252.5,249.8351102867192,268.55029296875,True
*N1C(=O)c2c(C1=O)cc(cc2)Oc1ccc(cc1)C1(CCC(CC1)c1ccccc1)c1ccc(cc1)Oc1cc2c(C(=O)N(C2=O)c2ccc(cc2)Oc2c(cc(cc2C)C(c2cc(c(c(c2)C)Oc2ccc(cc2)*)C)(C)C)C)cc1,tg,232.0,249.54491742907737,,False
*[Si](C/C=C\C*)(CCCOc1cc2c(cc1)cccc2)C,tg,-1.0,2.790227621281556,,False
*OC(=O)OCCCCCCCCCC*,tg,-39.67,-44.25159507266063,-29.331594467163086,True
*c1c(nc2c(n1)cc(cc2)Oc1ccc(cc1)NC(=O)c1cc(cc(c1)N1C(=O)c2c(C1=O)cccc2)C(=O)Nc1ccc(cc1)Oc1cc2c(nc(c(n2)c2ccc(cc2)Oc2ccc(cc2)*)c2ccccc2)cc1)c1ccccc1,tg,260.0,299.54328817864007,,False
*C(C*)c1ccc(cc1)C(=O)N1CCCCC1,tg,114.0,143.90178344773403,,False
*c1cc2C(c3c(c2cc1)ccc(c3)C=Cc1ccc(cc1)C=C*)(CCCCCCOc1ccc2c(c1)oc(=O)cc2)CCCCCCOc1ccc2c(c1)oc(=O)cc2,tg,104.0,116.72928547818849,,False
*C1CCN(CC1)c1sc(cc1)C=CC1=CC(=C(C#N)C#N)C=C(O1)C=Cc1sc(cc1)N1CCC(CC1)OC(=O)Nc1c(ccc(c1)NC(=O)O*)C,tg,212.0,166.33771368765244,213.05908203125,True
*Oc1c(cc(cc1)c1ccc(cc1)C(c1ccc(cc1)c1cc(c(cc1)OC(=O)*)F)(C)C)F,tg,234.0,177.443052119418,209.72825622558594,True
*c1cc2c(C(=O)N(C2=O)c2c(cc(cc2C)C(c2cc(c(c(c2)C)N2C(=O)c3c(C2=O)cc(cc3)C(=O)*)C)c2c3c(ccc2)cccc3)C)cc1,tg,303.0,331.0380798964932,,False
*O[Si](O[Si](OC(CCC(*)C)C)(C)C)(C)C,tg,-83.0,-79.54251934359091,-91.9401626586914,True
*C(C*)c1ccc(cc1)CCCCCCCC,tg,-45.0,-0.035698624959778,,False
*NC(=O)CCCCC(=O)NCC*,tg,71.0,90.29687050087034,,False
*N=P(*)(OCCOCCOCC)OCCOCCOCC,tg,-78.0,-75.85776946972784,-88.9031982421875,True
*O[Si](c1cc2c(cc1)ccc(c2)[Si](*)(C)C)(C)C,tg,26.0,41.6522831612553,36.213623046875,True
*Oc1c(cc(cc1C)C(c1cc(c(c(c1)Cl)OC(=O)*)C)(C)C)Cl,tg,154.0,182.9057067977317,,False
*C(C*)(C(=O)OCCC[Si]12O[Si]3(O[Si]4(O[Si]5(O[Si](O[Si](O[Si](O[Si](O1)(O4)CC(C)C)(O5)CC(C)C)(O2)CC(C)C)(O3)CC(C)C)CC(C)C)CC(C)C)CC(C)C)C,tg,85.0,40.72019379381428,,False
*C(C*)(C(=O)OCC(C(F)(F)F)(F)F)F,tg,99.0,72.080414633091,,False
*N1C(=O)c2c(C1=O)cc(cc2)Oc1cc2c(C(=O)N(C2=O)c2cc(c(cc2)c2c(cc(cc2)*)C(F)(F)F)C(F)(F)F)cc1,tg,275.0,279.59669791745347,,False
*N1C(=O)C2CCC3C(C2C1=O)C(=O)N(C3=O)c1ccc(cc1)Oc1ccc(cc1)C(c1ccc(cc1)Oc1ccc(cc1)*)(C)C,tg,263.5,248.97483542837628,263.5919189453125,True
*C(C*)(C(=O)OCCCCCCCCCCOc1ccc(cc1)OC(=O)c1ccc(cc1)c1ccc(cc1)OC)C,tg,57.0,45.71632012061704,,False
*c1ccc2c3n(c4ccc(cc4n3)Oc3cc4n5c(nc4cc3)c3cccc4c(ccc(c5=O)c34)Oc3ccc(cc3)C(c3ccc(cc3)O*)(C)C)c(=O)c3cccc1c23,tg,334.0,343.11825595954537,349.67431640625,True
*N1C(=O)c2c(C1=O)cc(cc2)Oc1cc2c(cc1Oc1cc3c(C(=O)N(C3=O)c3ccc(cc3)Oc3cc4c(cc3Oc3ccc(cc3)*)cccc4)cc1)cccc2,tg,222.0,232.94140835514185,,False
*O[Si](CCC(C(C(C(C(C(CC[Si](*)(CCC(F)(F)F)C)(F)F)(F)F)(F)F)(F)F)(F)F)(F)F)(CCC(F)(F)F)C,tg,-24.0,-27.53904824461344,,False
*Oc1c(cc(cc1)C=C1C(=O)C(=Cc2cc(c(cc2)OCC(=O)c2ccc(cc2)Oc2ccc(cc2)C(=O)C*)OC)CCC1)OC,tg,211.75,134.78523687451778,,False
*Oc1ccc(cc1)c1ccc(cc1)OC(=O)c1c(cc(c(c1)OCCCc1ccccc1)C(=O)*)OCCCc1ccccc1,tg,72.0,106.4630549833533,,False
*OOC(C*)c1ccc(cc1)C(C)(C)C,tg,19.9,56.38985894738436,,False
*Oc1ccc(cc1)S(=O)(=O)c1ccc(cc1)Oc1ccc(cc1)N=Cc1ccc(cc1)*,tg,110.0,186.8996135987424,,False
*N=P(*)(OCCOCCOCCOC)OCCOCCOCCOC,tg,-66.0,-88.37087100532369,,False
*N1C(=S)N(C(=O)CC1=O)c1ccc(cc1)Oc1ccc(cc1)c1ccc(cc1)Oc1ccc(cc1)*,tg,158.5,175.95524985832353,,False
*N(c1ccc(cc1)c1ccc(cc1)*)c1ccc(cc1)CCCC,tg,180.0,148.17619783998867,112.6583480834961,True
*N1C(=O)c2c(C1=O)cc(cc2)NC(=O)Nc1nc(ccc1)NC(=O)Nc1cc2c(C(=O)N(C2=O)c2ccc(cc2)Oc2c(c3c(cc2)cccc3)c2c3c(ccc2Oc2ccc(cc2)*)cccc3)cc1,tg,283.0,258.85730142954134,292.4552307128906,True
*OC(C*)COCCCC,tg,-79.0,-79.21136213721722,,False
*N1C(=O)c2c(C1=O)c(ccc2)Oc1ccc(cc1)Oc1c2c(C(=O)N(C2=O)c2cc(ccc2)*)ccc1,tg,259.0,262.8215217000965,,False
*C(C*)(C(=O)OCCCCCCOc1ccc(cc1)C(=O)Oc1ccc2c(c1)oc(=O)cc2)C,tg,102.0,56.581440799354624,46.37592697143555,True
*c1cc2c(C(=O)N(C2=O)C2C(=O)N(C(=O)C2)c2ccc(cc2)Cc2ccc(cc2)NC(=O)*)cc1,tg,123.0,201.99018709591965,,False
*Oc1ccc(cc1)NC(=O)c1ccc(cc1)S(=O)(=O)c1ccc(cc1)C(=O)Nc1ccc(cc1)Oc1ccc(cc1)C1(C2CCC(C1)C2)c1ccc(cc1)*,tg,287.0,270.61994125512973,,False
*OC(=O)OCC(C*)OCCCCOc1ccc(cc1)C=Cc1ccc(cc1)[N+](=O)[O-],tg,42.0,52.15577305613015,43.1363525390625,True
*N1C(=O)c2c(C1=O)cc(cc2)C(=O)Nc1ccc(cc1)S(=O)(=O)c1ccc(cc1)NC(=O)c1cc2c(C(=O)N(C2=O)CCCCCC*)cc1,tg,198.0,197.34284376805968,,False
*Oc1ccc(cc1)N=C(c1ccc(cc1)Oc1ccc(cc1)c1ccc(cc1)Oc1ccc(cc1)C(=Nc1ccc(cc1)*)c1ccccc1)c1ccccc1,tg,174.0,186.99966028996673,,False
*Oc1ccc(cc1)C1(c2ccccc2c2ccccc12)c1ccc(cc1)OC(=O)OC1C(C(C1(C)C)OC(=O)*)(C)C,tg,214.0,245.0487314128511,,False
*c1cc2c(C(=O)N(C2=O)c2cc(ccc2)C(C(C(c2cc(ccc2)N2C(=O)c3c(C2=O)cc(cc3)C(C(C(*)(F)F)(F)F)(F)F)(F)F)(F)F)(F)F)cc1,tg,151.0,175.7273819309471,,False
*C1C(CC(C1)C=C*)C1CC=CCC1,tg,105.0,92.61039958155716,81.42211151123047,True
*Oc1ccc(cc1)S(=O)(=O)c1ccc(cc1)Oc1ccc(cc1)NC(=O)c1cc(cc(c1)NC(=O)c1ccc(cc1)OC(=O)C)C(=O)Nc1ccc(cc1)*,tg,263.0,252.3567178575747,,False
*S(=O)(=O)c1cc(c(cc1)Sc1ccc(cc1)Sc1ccc(cc1)Sc1c(cc(cc1)*)S(=O)(=O)O)S(=O)(=O)O,tg,202.0,187.26965810900617,,False
*C(C*)c1ccc(cc1)B(Oc1c2ncccc2c(cc1)c1ccc(cc1)N(C)C)c1ccc(cc1)C(C)(C)C,tg,230.0,238.52906016259303,,False
*c1cc2c(C(=O)N(C2=O)c2cc(ccc2)C(c2cc(ccc2)N2C(=O)c3c(C2=O)cc(cc3)C(=O)*)(c2ccccc2)C(F)(F)F)cc1,tg,311.0,279.2885134771509,,False
*Oc1ccc(cc1)Oc1ccc(cc1)Oc1ccc(cc1)Oc1ccc(cc1)OC(=O)c1cc(ccc1)C(=O)*,tg,134.0,135.23765561224647,,False
*Nc1ccc(cc1)*,tg,91.75,123.88600418704566,159.15602111816406,True
*Oc1c(cc(cc1C)c1cc(c(c(c1)CBr)Oc1ccc(cc1)C(=O)c1ccc(cc1)*)CBr)CBr,tg,163.67,183.5179543102828,237.7596893310547,True
*N1C(=O)c2c(C1=O)cc(cc2)Oc1ccc(cc1)c1ccc(cc1)Oc1cc2c(C(=O)N(C2=O)c2ccc(cc2)Oc2cc(ccc2)Oc2ccc(cc2)*)cc1,tg,205.0,196.77755846289497,,False
*C(C*)c1ccc(cc1)C(=O)c1ccccc1,tg,98.0,125.7382997271053,115.0849380493164,True
*Oc1ccc(cc1)CC(NC(=O)CCc1ccc(cc1)OC(=O)CCC(=O)*)C(=O)OCc1ccccc1,tg,78.0,82.79801847237019,,False
*NC(=O)c1c(cc(cc1)C(=O)NCCCCCCCCCCCC*)Sc1ccccc1,tg,92.0,93.56671483875614,94.8802719116211,True
*OCC(C*)(COC(=O)C(=C)C)CC,tg,72.5,4.066078986468238,,False
*Oc1c(cc(cc1)OC(=O)c1ccc(cc1)C(=O)*)C1CCCCC1,tg,206.0,154.54908629757742,,False
*Oc1ccc(cc1)OC(=O)c1c(cc(cc1)c1ccc(cc1)C(=O)*)c1ccccc1,tg,140.0,162.8209178116748,180.9075927734375,True
*c1cc2c(C(=O)N(C2=O)C2CC(CC(C2)(CN2C(=O)c3c(C2=O)cc(cc3)C(=O)*)C)(C)C)cc1,tg,275.0,276.8508231161002,,False
*Oc1ccc(cc1)S(=O)(=O)c1ccc(cc1)c1ccc(cc1)S(=O)(=O)c1ccc(cc1)*,tg,278.75,230.7192181663431,284.7749938964844,True
*c1cc2c(C(=O)N(C2=O)c2ccc(cc2)c2nc(cc(c2)c2ccc(cc2)OCCCC#N)c2ccc(cc2)N2C(=O)c3c(C2=O)cc(cc3)C(*)(C(F)(F)F)C(F)(F)F)cc1,tg,339.0,311.50137866540587,307.3192443847656,True
*NNC(=O)c1cc(cc(c1)NC(=O)c1cc2c(C(=O)N(C2=O)c2ncccc2C)cc1)C(=O)NNC(=O)CC(=O)*,tg,156.3,143.79252519389658,,False
*N1C(=O)c2c(C1=O)cc(cc2)Sc1ccc(cc1)Sc1ccc(cc1)Sc1cc2c(C(=O)N(C2=O)c2ccc(cc2)Sc2sc(cc2)Sc2sc(cc2)Sc2sc(cc2)Sc2ccc(cc2)*)cc1,tg,177.0,222.93925399990903,167.22434997558594,True
*OC(COC(=O)c1c(cccc1)C(=O)*)COc1ccc(cc1)N=Nc1ccc(cc1)C#N,tg,105.0,96.76691552040607,,False
*Oc1ccc(cc1)C1(c2ccccc2c2ccccc12)c1ccc(cc1)OC1(C(C(C1(F)F)(F)F)(*)F)F,tg,228.0,220.41823182068097,,False
*C1C(CC(C1)C=C*)[Si](C)(C)C,tg,109.0,96.20731276321852,131.9393768310547,True
*c1nc2c(nc1c1ccccc1)cc(cc2)Oc1cc2c(nc(c(n2)c2ccc(cc2)*)c2ccccc2)cc1,tg,326.0,308.64978634519383,329.7097473144531,True
*Nc1cc(ccc1)NC(=O)Cc1c(cc(c(c1)CC(=O)*)C)C,tg,222.0,190.17020764386484,143.61366271972656,True
*c1sc(cc1)*,tg,89.35,109.58398915007986,,False
*C(C*)c1ccc(cc1)CCC,tg,46.75,38.59287153157194,39.28371810913086,True
*C(C*)(C(=O)Nc1cc(ccc1)c1oc(nn1)c1ccccc1)C,tg,65.0,211.4274310385905,,False
*C(C*)C(=O)Oc1ccc(cc1)c1ccccc1,tg,105.0,102.34977054284865,,False
*NC(C(=O)*)CCC(=O)OCCCCCCCC,tg,-59.5,-20.35913034899717,-34.79217529296875,True
*c1cc2C(c3c(c2cc1)ccc(c3)c1c(cc(c(c1)OCCCCCCCC)*)OCCCCCCCC)(CCCCCC)CCCCCC,tg,58.0,81.82767116007864,66.12557220458984,True
*C(C*)C(=O)NCCC[N+](C)(C)C,tg,78.0,76.14503788766991,,False
*C(C*)c1ccc(cc1)[Si](O[Si](C)(C)C)(O[Si](C)(C)C)C,tg,54.0,69.92699057666651,32.20198440551758,True
*N1C(=O)c2c(C1=O)cc(cc2)C(=O)c1cc2c(C(=O)N(C2=O)CCCC(=O)Nc2ccc(cc2)Cc2ccc(cc2)NC(=O)CCC*)cc1,tg,195.0,192.66209500088033,,False
*C(C*)c1c2c(ccc1)cccc2,tg,159.0,151.55667473619806,161.01515197753906,True
*N1C(=O)c2c(C1=O)cc(cc2)P(=O)(c1cc2c(C(=O)N(C2=O)c2ccc(cc2)*)cc1)c1ccccc1,tg,366.0,291.7918933574433,,False
*Oc1c(cc(cc1C)C(c1cc(c(c(c1)C)OCC(COc1ccc(cc1)C(c1ccc(cc1)OCC(C*)O)(C)C)O)C)(C)C)C,tg,100.0,112.58555197411242,,False
*C(C*)(C(=O)OCCCCCCCCOc1ccc(cc1)N=Nc1ccc(cc1)C#N)C,tg,35.0,54.13650628846485,,False
*C(C*)(C(=O)OCCCCCC(=O)Oc1ccc(cc1)OC(=O)c1ccc(cc1)OCCC)C,tg,45.0,36.78601401608907,,False
*N(CC*)C(=O)CSC,tg,39.0,38.03660940537253,48.8957633972168,True
*Oc1c(cc(cc1c1ccccc1)*)c1c(cccc1)c1ccccc1,tg,211.0,202.8739521099097,213.9737091064453,True
*Oc1ccc(cc1)C1(C2CC3CC(CC1C3)C2)c1ccc(cc1)OC(=O)c1ccc(cc1)Oc1ccc(cc1)C1(CCC(CC1)C(C)(C)C)c1ccc(cc1)Oc1ccc(cc1)C(=O)*,tg,197.0,221.31641836635336,,False
*Nc1ccc(cc1)C1(c2ccccc2c2ccccc12)c1ccc(cc1)NC(=O)c1c(cc(cc1)c1cc(c(cc1)C(=O)*)C)C,tg,293.0,266.0217775693513,,False
*N1C(=O)c2c(C1=O)cc(cc2)c1cc2c(C(=O)N(C2=O)c2ccc(cc2)Oc2c(cccc2)Oc2ccc(cc2)*)cc1,tg,241.0,259.4161772275731,256.3526306152344,True
*OC(CCOC(=O)c1ccc(cc1)c1ccc(cc1)C(=O)*)C,tg,86.83,84.46062127398282,130.3530731201172,True
*c1cc2c(C(=O)N(C2=O)c2ccc(cc2)Oc2ccc(cc2)C(=O)c2ccc(cc2)Oc2ccc(cc2)C(=O)c2ccc(cc2)Oc2ccc(cc2)N2C(=O)c3c(C2=O)cc(cc3)C(=O)*)cc1,tg,215.0,224.48100140780403,233.4613800048828,True
*Oc1c(cc(cc1)Oc1ccc(cc1)C(=O)Nc1ccc(cc1)Cc1ccc(cc1)NC(=O)c1ccc(cc1)*)c1ccccc1,tg,218.0,219.13690030868793,,False
*C(C*)OC(=O)c1ccc(cc1)[Si](C)(C)C,tg,125.25,76.39323748907815,,False
*Oc1ccc(cc1)CC(NC(=O)CCc1ccc(cc1)OC(=O)CCCC(=O)*)C(=O)OCc1ccccc1,tg,66.0,68.39372832978364,,False
*N(c1ccc(cc1)/C=C/c1ccc(cc1)/C=C(/C(=O)NC1C(CCCC1)NC(=O)/C(=C/c1ccc(cc1)/C=C/c1ccc(cc1)N(Cc1c(cccc1)C*)CC)/C#N)\C#N)CC,tg,201.0,175.0963034640254,,False
*NC(=O)CCP(=O)(CCC(=O)NCCCCCC*)C,tg,57.5,44.680937350613895,,False
*N1C(=O)c2c(C1=O)cc(cc2)C(=O)Oc1ccc(cc1)C(c1ccc(cc1)OC(=O)CCCCCCCCCCC*)(C)C,tg,93.0,77.09103466508073,,False
*OC(=O)c1cc(cc(c1)OCCCCCCOc1ccc(cc1)c1ccc(cc1)OC)C(=O)OCCOCCOCCOCCOCCOCC*,tg,5.0,13.578979330271514,,False
*C1C(C2CC(C1C2)*)CCCC,tg,235.0,126.11053745759624,,False
*C(*)C(=O)OC,tg,80.25,46.32619580481398,71.85997772216797,True
*Oc1c(cc(cc1c1ccccc1)*)c1c(c(ccc1)c1ccccc1)c1ccccc1,tg,212.0,229.0240907974031,235.4639129638672,True
*C(C*)(C(=O)Oc1c(c(ccc1)C)C)C,tg,120.0,122.31474293422328,,False
*Oc1ccc(cc1)CC(NC(=O)CCc1ccc(cc1)OC(=O)CCCCCCCCC(=O)*)C(=O)OCC,tg,44.0,31.63274349281873,,False
*Oc1ccc(cc1)C(c1ccc(cc1)OC(=S)*)(CC)C,tg,102.0,139.47233120580532,132.0634307861328,True
*C(C*)(C(=O)NC(=O)OC(COc1c(cc(cc1Br)S(=O)(=O)c1cc(c(c(c1)Br)OCC(O)C)Br)Br)C)C,tg,45.0,119.33953630684948,,False
*Nc1ccc(cc1)C(c1ccc(cc1)NC(=O)c1cc(cc(c1)NC(=O)CCCCCN1C(=O)c2c(C1=O)cccc2)C(=O)*)(C(F)(F)F)C(F)(F)F,tg,225.0,216.77403832665777,,False
*N1C(=O)c2c(C1=O)cc(cc2)Oc1c2c(ccc1)c(ccc2)Oc1cc2c(C(=O)N(C2=O)c2ccc(cc2)C(c2ccc(cc2)*)(C(F)(F)F)C(F)(F)F)cc1,tg,276.0,261.9443237998976,,False
*OC(=O)Nc1c(c(ccc1)NC(=O)OCCN(CC*)c1ccc(cc1)N=Nc1ccc(cc1)[N+](=O)[O-])C,tg,147.0,126.32021277168354,,False
*N1C(=O)c2c(C1=O)cc(cc2)C(c1cc2c(C(=O)N(C2=O)CCN(CC*)c2ccc(cc2)N=Nc2ccc(cc2)[N+](=O)[O-])cc1)(C(F)(F)F)C(F)(F)F,tg,210.0,175.59602765817158,,False
*c1[nH]nc(c1)c1ccc(cc1)Oc1ccc(cc1)C(=O)c1ccc(cc1)Oc1ccc(cc1)*,tg,225.0,245.423944350467,237.4815673828125,True
*Oc1ccc(cc1)C(c1ccc(cc1)OC(=O)c1ccc(cc1)C(=O)*)(CC)c1ccccc1,tg,243.0,201.2518262922688,204.3041229248047,True
*N1C(=O)c2c(C1=O)cc(cc2)c1cc2c(C(=O)N(C2=O)C2CCC(CC2)CC2CCC(CC2)*)cc1,tg,242.0,255.42849817318725,,False
*C(CCC*)(CC)C,tg,-23.0,-9.331794884858011,,False
*N1C(=O)c2c(C1=O)cc(cc2)[Si](c1cc2c(C(=O)N(C2=O)c2cc(ccc2)Cc2cc(ccc2)*)cc1)(C)C,tg,238.0,258.07717924357286,263.8680419921875,True
*OC(=O)C1CCC(CC1)C(=O)OCCCC*,tg,-10.5,20.575224312809855,,False
*C(C*)(C(=O)OCc1cc(ccc1)Cl)C,tg,18.25,43.39602587560095,,False
*C(C*)(C(=O)OC1COC(OC1)CP(=O)(OCC)OCC)C,tg,-36.0,49.40444320720176,-7.9418487548828125,True
*N1C(=O)c2c(C1=O)cc(cc2)C(=O)Oc1c(cc(cc1)OC(=O)CCCC*)C,tg,75.76,90.6379890450962,108.60311889648438,True
*NC(=O)CCCCCCCCCCC*,tg,42.59,41.233083325319896,,False
*C(C*)(C(=O)NC(=O)Oc1ccc(cc1)S(=O)(=O)c1ccc(cc1)O)C,tg,182.0,119.3687968794073,,False
*C(C*)(CC(=O)Oc1ccc(cc1)OCCC)C(=O)Oc1ccc(cc1)OCCC,tg,94.5,84.72694198106718,90.766845703125,True
*Oc1ccc(cc1)C(=O)c1ccc(cc1)Oc1ccc(cc1)C(=O)c1ccc(cc1)Oc1cc(ccc1)Cc1cc(ccc1)*,tg,123.0,133.57695188489907,141.6936492919922,True
*OC(=O)c1ccc(cc1)c1ccc(cc1)C(=O)OCC*,tg,60.0,114.63038630078846,,False
*c1cc2c(C(=O)N(C2=O)c2ccc(cc2)C2(CCC(CC2)CC)c2ccc(cc2)NC(=O)*)cc1,tg,312.0,320.5493373653864,,False
*c1sc(cc1SCCCCCCCC)c1ccc(cc1)c1sc(c(c1)SCCCCCCCC)c1ccc(cc1)*,tg,-38.8,30.478264200373513,,False
*[Si](CCCCC*)(c1ccccc1)C,tg,-12.65,-11.496709717499682,,False
*Oc1ccc(cc1)S(=O)(=O)c1ccc(cc1)Oc1ccc(cc1)C(=O)c1ccc(cc1)c1ccc(cc1)C(=O)c1ccc(cc1)*,tg,207.0,224.3670823937049,217.5274658203125,True
*OC1C(CCCC1)*,tg,68.0,55.23065419088056,122.8237533569336,True
*N1C(=O)C2C(C1=O)CC(c1ccccc21)C1C(=O)N(C(=O)C1)c1cc(cc(c1)C(=O)O)*,tg,249.43,274.84176991557644,,False
*N1C(=O)c2c(C1=O)cc(cc2)P(=O)(c1cc2c(C(=O)N(C2=O)c2ccc(cc2)Oc2ccc(cc2)*)cc1)c1ccccc1,tg,318.0,292.90759589973226,302.8550109863281,True
*Oc1ccc(cc1)S(=O)(=O)c1ccc(cc1)Oc1ccc(cc1)NC(=O)c1c(cc(cc1)c1cc(c(cc1)C(=O)Nc1ccc(cc1)*)C)C,tg,251.0,256.08447604330956,,False
*OC(=O)CCCCCNC(=O)CCCCC(=O)NCCCCCC(=O)OCCCC*,tg,-15.0,6.4745766136198,-2.6519775390625,True
*N1C(=O)c2c(C1=O)cc(cc2)Oc1cc2c(C(=O)N(C2=O)c2cc(ccc2)*)cc1,tg,280.0,282.4714969918626,,False
*c1c(cc(c(c1)C)CC*)C,tg,95.0,114.21420552427509,,False
*S(=O)(=O)C(C*)CC,tg,32.73,37.50523772923979,,False
*OC(=O)CCCCC(=O)OCC(C*)CCCCCCOc1ccc(cc1)N=Nc1ccc(cc1)Br,tg,24.0,24.423876322483466,,False
*Oc1ccc(cc1)C(=O)NNC(=O)c1ccc(cc1)*,tg,256.2,187.1927731398201,220.39111328125,True
*C(C*)(C(=O)OCCCCCCCCCCOc1ccc(cc1)OC(=O)c1ccc(cc1)OC)C,tg,21.0,30.83564424052722,33.913185119628906,True
*c1sc(nn1)c1cc(ccc1)OCCCCCCCCCCCOC(=O)c1cc(ccc1)C(=O)OCCCCCCCCCCCOc1ccc(cc1)*,tg,53.5,55.853849991338485,60.99961471557617,True
*Nc1ccc(cc1)C(=O)c1ccc(cc1)NC(=O)c1cc(cc(c1)C(C)(C)C)C(=O)*,tg,271.0,279.19862278160264,,False
*Oc1ccc(cc1)NC(=O)CCCCC(=O)Nc1ccc(cc1)*,tg,230.0,167.54223153445557,,False
*C(C*)C(=O)OCCCCCC(=O)Oc1ccc(cc1)c1ccc(cc1)C#N,tg,38.0,37.74476893626646,,False
*[SiH2]C#Cc1cc(ccc1)C#C*,tg,72.0,89.49138072716205,,False
*Oc1ccc(cc1)NC(=O)/C=C/c1ccc(cc1)/C=C/C(=O)Nc1ccc(cc1)*,tg,205.0,208.81727649071277,,False
*Oc1ccc(cc1)C(c1ccc(cc1)OC(=O)/C=C\C(=O)OCC(C*)O)(C)C,tg,32.0,94.50984380207512,106.9254150390625,True
*c1cc2c(C(=O)N(C2=O)c2ccc(cc2)Oc2ccc(cc2)N2C(=O)c3c(C2=O)cc(cc3)C(*)O[Si](O[Si](O[Si](C)(C)C)(C)C)(C)C)cc1,tg,167.0,229.9282720470479,223.9281005859375,True
*Oc1ccc(cc1)C(=O)OC(COC(COC(COC(=O)c1ccc(cc1)OC(=O)c1ccc(cc1)C(=O)*)C)C)C,tg,36.0,50.38773887131443,,False
*C(C*)C(=O)OC(OCC)C(F)(F)F,tg,5.0,6.035888680980157,-17.5089054107666,True
*Oc1ccc(cc1)c1ccc(cc1)Oc1ccc(cc1)C(c1ccc(cc1)*)(C)C,tg,154.0,183.80478858896308,187.3399658203125,True
*SC(*)(F)F,tg,-118.0,-3.4555178575911065,-73.02067565917969,True
*Oc1ccc(cc1)CC(NC(=O)CCc1ccc(cc1)OC(=O)COCCOCC(=O)*)C(=O)OCCCCCCCCCCCC,tg,17.0,17.464312006980073,28.877670288085938,True
*c1[nH]nc(c1)c1ccc(cc1)Oc1ccc(cc1)P(=O)(c1ccc(cc1)Oc1ccc(cc1)*)c1ccccc1,tg,296.0,251.72376404752177,256.3725891113281,True
*C(C*)CCCCCCCCCCCCCCCCCC,tg,-88.0,-19.038290070615776,-55.928592681884766,True
*Nc1ccc(cc1)NC(=O)c1c(ccc(c1)c1cc(c(cc1)C(=O)OCC)C(=O)*)C(=O)OCC,tg,231.7,223.01089635414664,,False
*Oc1ccc(cc1)OCC(COC(=O)CCCCC(=O)OCC(C*)O)O,tg,19.0,22.8936136527017,,False
*N1C(=O)C2C(C1=O)CC(CC2)C1CC2C(C(=O)N(C2=O)c2ccc(cc2)Oc2cc(ccc2)Oc2ccc(cc2)*)CC1,tg,215.0,237.66836552001072,,False
*N1C(=O)c2c(C1=O)cc(cc2)Oc1cc2c(C(=O)N(C2=O)c2ccc(cc2)Sc2cc3c(C(=O)N(C3=O)c3ccc(cc3)CC)cc2Sc2ccc(cc2)*)cc1,tg,271.0,244.00026141740656,279.8427429199219,True
*Oc1cc(c(cc1)S(=O)(=O)c1c(cc(cc1)Oc1ccc(cc1)C(c1ccc(cc1)*)(C)C)N)N,tg,210.5,210.1577576497167,183.5933837890625,True
*Oc1c(cc(c(c1)OC(=O)c1ccc(cc1)OCCCC)OC(=O)CCCC(=O)*)OC(=O)c1ccc(cc1)OCCCC,tg,59.0,45.64629612334473,51.34906005859375,True
*OC(=O)NNC(=O)CCCCCCCCC(=O)NNC(=O)OCCCC*,tg,56.0,29.798343648924064,,False
*N1C(=O)c2c(C1=O)cc(cc2)c1cc2c(C(=O)N(C2=O)c2ccc(cc2)Oc2c(cc(cc2)Oc2ccc(cc2)*)C(C)(C)C)cc1,tg,274.0,277.49517934483396,286.93560791015625,True
*c1cc2c(C(=O)N(C2=O)c2cc(cc(c2)c2oc(nn2)c2ncccc2)N2C(=O)c3c(C2=O)cc(cc3)C(=O)Nc2cc(ccc2)S(=O)(=O)c2cc(ccc2)NC(=O)*)cc1,tg,173.0,290.7298013870433,,False
*N1C(=O)c2c(C1=O)cc(cc2)C(=O)Oc1c(cc(cc1)OC(=O)c1cc2c(C(=O)N(C2=O)CCCOCCCCOCCC*)cc1)c1ccccc1,tg,71.0,66.85429123171524,67.73548889160156,True
*c1cc2c(C(=O)N(C2=O)c2ccc(cc2)C(=O)Nc2ccc(cc2)Oc2ccc(cc2)Oc2ccc(cc2)NC(=O)c2ccc(cc2)N2C(=O)c3c(C2=O)cc(cc3)C(*)(C(F)(F)F)C(F)(F)F)cc1,tg,303.0,299.7272207633526,283.7334289550781,True
*C(C*)(C(=O)OCC)CF,tg,43.0,53.288348383699635,,False
*Oc1ccc(cc1)C(=C(Cl)Cl)c1ccc(cc1)OC*,tg,108.0,136.92781472424292,159.36351013183594,True
*Oc1ccc(cc1)NC(=C(C#N)C#N)c1ccc(cc1)c1ccc(cc1)C(=C(C#N)C#N)Nc1ccc(cc1)*,tg,220.0,265.297345448052,,False
*NC(=O)C(C(C(=O)NCCCCCC*)OC)OC,tg,106.0,99.5855099779798,87.51819610595703,True
*c1c(nc2c(n1)cc(cc2)S(=O)(=O)c1cc2c(nc(c(n2)c2ccc(cc2)N2C(=O)c3c(C2=O)cc(cc3)C(=O)c2cc3c(C(=O)N(C3=O)c3ccc(cc3)*)cc2)c2ccccc2)cc1)c1ccccc1,tg,240.0,270.25091374041875,309.4858703613281,True
*c1cc2c(C(=O)N(C2=O)c2c(c(cc(c2)C(F)(F)F)N2C(=O)c3c(C2=O)cc(cc3)C(=O)Nc2cc(c(cc2)Oc2c(cc(cc2)NC(=O)*)c2ccccc2)c2ccccc2)Oc2ccc(cc2)C(F)(F)F)cc1,tg,312.0,303.94757752357117,,False
*N1C(=O)c2c(C1=O)cc(cc2)C(=O)c1cc2c(C(=O)N(C2=O)CC2CC(CCC2)C*)cc1,tg,213.0,220.14468203226727,,False
*N1C(=O)c2c(C1=O)cc(cc2)c1cc2c(C(=O)N(C2=O)c2cc(ccc2)*)cc1,tg,327.88,340.11161521440505,,False
*NC(=O)c1ccc(cc1)CC(=O)NCCCCC*,tg,103.0,113.05984324200908,,False
*C1C2C(C(=O)N(C2=O)CCCC)C(C1)C=C*,tg,131.0,115.60081693304396,,False
*c1cc2c(oc(n2)c2c(cc(c(c2)OCCCCCCCCCC)c2oc3c(n2)cc(cc3)C(*)(C(F)(F)F)C(F)(F)F)OCCCCCCCCCC)cc1,tg,94.0,109.26700105033724,123.03118896484375,True
*N1C(=O)c2c(C1=O)cc(cc2)C(=O)Oc1cc2c(cc1)cc(cc2)OC(=O)c1cc2c(C(=O)N(C2=O)CCCOCCCCOCCC*)cc1,tg,68.0,69.91818591989573,74.85384368896484,True
*N1C(=O)c2c(C1=O)cc(cc2)c1cc2c(C(=O)N(C2=O)c2c(ccc(c2)*)C)cc1,tg,341.33,333.96837338213066,365.1984558105469,True
*c1oc(nc1)c1cc(c(cc1)Oc1ccc(cc1)C(c1ccc(cc1)Oc1c(cc(cc1)*)C(F)(F)F)(C(F)(F)F)C(F)(F)F)C(F)(F)F,tg,205.0,195.2341236536354,,False
*Oc1ccc(cc1)C(c1ccc(cc1)OC(=S)*)C(CC)CC,tg,148.0,99.54855261585514,,False
*C(C*)OC(=O)c1c(cccc1)Cl,tg,55.75,83.55654223878663,81.12162017822266,True
*C(C*)(C(=O)Oc1ccc(cc1)C(=O)Oc1ccc(cc1)OC)C,tg,77.0,106.186737708754,108.71247100830078,True
*C(C*)(CC(=O)OCCC1CCCCC1)C(=O)OCCC1CCCCC1,tg,48.0,42.48804007656074,,False
*OC(=O)NNC(=O)CCCCCCCCC(=O)NNC(=O)OCCCCC*,tg,20.0,54.03384912247725,,False
*N1C(=O)c2c(C1=O)cc(cc2)C(=O)c1cc2c(C(=O)N(C2=O)CC2C3C(CC2)C2C(CC3C2)C*)cc1,tg,217.0,226.5864854771522,208.59410095214844,True
*C(C*)(C(=O)OCCCCCCCCCCOc1ccc(cc1)N=Nc1ccc(cc1)[N+](=O)[O-])C,tg,55.0,49.7171595022852,51.57167053222656,True
*OC(C*)CSCCCCC,tg,-68.0,-69.44385768457691,,False
*c1cc2c(C(=O)N(C2=O)c2ccc(cc2)Cc2ccc(cc2)N2C(=O)c3c(C2=O)cc(cc3)C(CCCCC(*)(C)C)(C)C)cc1,tg,169.9,176.06836547112258,,False
*c1cc2c(C(=O)N(C2=O)c2cc(ccc2)Oc2ccc(cc2)N2C(=O)c3c(C2=O)cc(cc3)C(=O)Nc2cc(ccc2)Oc2ccc(cc2)NC(=O)*)cc1,tg,211.0,234.52538049679535,,False
*Oc1ccc(cc1)C(=O)c1ccc(cc1)OCC(C*)O,tg,130.0,91.89561741841196,113.6192398071289,True
*OC(C*)CO,tg,-27.0,2.460099692318091,,False
*Oc1ccc(cc1)C(c1ccc(cc1)OC(=S)*)(CC(C)C)C,tg,128.0,147.12273682526353,,False
*Oc1ccc(cc1)C(c1ccc(cc1)OCC(CN(S(=O)(=O)c1ccc(cc1)c1ccc(cc1)S(=O)(=O)N(CC(C*)O)C)C)O)(C)C,tg,101.0,103.44571729263768,,False
*Oc1ccc(cc1)Cc1ccc(cc1)OC(=O)CCCCC(=O)*,tg,60.5,72.87205250615638,,False
*C(C*)c1ccc(cc1)C(C(C(C(C(C(C(F)(F)F)(F)F)(F)F)(F)F)(F)F)(F)F)(F)F,tg,42.0,62.44674206435817,,False
*c1cc2c(C(=O)N(C2=O)c2c(ccc(c2)N2C(=O)c3c(C2=O)cc(cc3)C(=O)Oc2ccc(cc2)C(c2ccc(cc2)OC(=O)*)(C)C)O)cc1,tg,225.0,255.0621000574813,,False
*c1cc2c(C(=O)N(C2=O)c2ccc(cc2)NC(=O)c2cc(ccc2)C(=O)Nc2ccc(cc2)N2C(=O)c3c(C2=O)cc(cc3)C(=O)*)cc1,tg,247.0,279.66417145308486,,False
*Oc1c(cc(cc1)C(c1cc(c(cc1)OC(=O)*)Cl)(C)C)C,tg,138.0,138.31639553667137,148.54112243652344,True
*Oc1ccc(cc1)C1(c2ccccc2c2ccccc12)c1ccc(cc1)OC(=O)c1ccc(cc1)C(=O)*,tg,285.0,308.2577120392795,338.1395568847656,True
*Oc1ccc(cc1)C(c1ccc(cc1)OCC(COC(=O)CCCCC(=O)OCC(C*)O)O)(C)C,tg,37.33,31.52614446943031,,False
*c1sc(cc1)c1sc(cc1)c1sc(cc1)[Si](*)(C)C,tg,45.0,61.95706197592224,,False
*OC(=O)CCCCC(=O)OCC(C*)CCCCCCOc1ccc(cc1)N=Nc1ccc(cc1)C,tg,29.0,15.819823419973972,,False
*Oc1c(cc(cc1)OC(=O)c1cc(ccc1)Sc1ccc(cc1)OC(=O)c1ccc(cc1)C(=O)Oc1ccc(cc1)Sc1cc(ccc1)C(=O)*)C,tg,106.5,137.2392207584647,,False
*NNC(=O)c1cc(cc(c1)NC(=O)c1cc2c(C(=O)N(C2=O)c2ncc(cc2)C)cc1)C(=O)NNC(=O)C(=O)*,tg,146.4,128.84786153695651,,False
*Oc1ccc(cc1)C(=O)OC(=O)c1ccc(cc1)OCOC*,tg,57.0,73.58319248896741,,False
*Oc1c(cc(cc1C)*)C(CCCCCCCC)C,tg,20.0,54.77341353234923,,False
*N1C(=O)c2c(C1=O)cc(cc2)Oc1cc2c(C(=O)N(C2=O)c2cc(ccc2)C(c2cc(ccc2)*)O[Si](O[Si](O[Si](C)(C)C)(C)C)(C)C)cc1,tg,219.0,204.82545681109968,,False
*c1nc(c(nc1c1ccc(cc1)NC1C(=O)N(C(=O)C1)c1ccc(cc1)c1sc(c(c1c1ccccc1)c1ccccc1)c1ccc(cc1)N1C(=O)C(CC1=O)Nc1ccc(cc1)*)C#N)C#N,tg,231.0,221.81587887249236,,False
*c1cc2c(C(=O)N(C2=O)c2ccc(cc2)Oc2ccc(cc2)N2C(=O)c3c(C2=O)cc(cc3)C(=O)c2ccc(cc2)Oc2ccc(cc2)c2ccc(cc2)Oc2ccc(cc2)C(=O)*)cc1,tg,233.0,232.14680560931507,250.1403045654297,True
*c1cc2c(C(=O)N(C2=O)c2ccc(cc2)Oc2ccc(cc2)C2(c3c(C(=O)N2)cccc3)c2ccc(cc2)Oc2ccc(cc2)N2C(=O)c3c(C2=O)cc(cc3)C(=O)Nc2ccc(cc2)Oc2cc(ccc2)Oc2ccc(cc2)NC(=O)*)cc1,tg,288.0,271.08170810712585,,False
*C(C*)c1cc(c(cc1)Cl)Cl,tg,128.0,128.76606108795238,,False
*N1C(=O)N(C(=O)C1=O)c1c(ccc(c1)N1C(=O)N(C(=O)C1=O)c1ccc(cc1)CCc1c(cccc1)*)C,tg,255.0,219.51980983172788,,False
*C(C(CC*)(F)F)(F)F,tg,-108.0,4.715207602665335,-44.99174118041992,True
*c1sc(cc1CCCC)*,tg,53.58,36.62518280672224,,False
*c1n(nc(c1)c1ccc(cc1)Oc1ccc(cc1)C(=O)c1ccc(cc1)C(=O)c1ccc(cc1)Oc1ccc(cc1)*)c1ccccc1,tg,205.0,221.1554188865424,220.0927276611328,True
*c1cc2c(C(=O)N(C2=O)c2ccc(cc2)OCCOc2ccc(cc2)N2C(=O)c3c(C2=O)cc(cc3)C(*)(C(F)(F)F)C(F)(F)F)cc1,tg,254.0,229.96119141954657,,False
*c1oc(cc1)C(c1oc(cc1)CNC(=O)OCc1oc(cc1)COC(=O)NC*)(C)C,tg,44.8,53.82522108794222,,False
*N1C(=O)c2c(C1=O)cc(cc2)c1cc2c(C(=O)N(C2=O)CCCCCCOC(=O)CCCCCCCCCCN2C(=O)c3c(C2=O)cc(cc3)c2ccc(cc2)c2cc3c(C(=O)N(C3=O)CCCCCCCCCCC(=O)OCCCCCC*)cc2)cc1,tg,45.0,78.41181376735909,57.28635787963867,True
*Nc1ccc(cc1)NC(=O)c1cc(cc(c1)S(=O)(=O)c1ccccc1)C(=O)*,tg,308.0,290.0602245195999,,False
*O[Si](O[Si](c1ccc(cc1)[Si](*)(C)C)(C)C)(C=C)C=C,tg,-71.0,-19.04355234262974,-17.348520278930664,True
*C(C*)(C(=O)Nc1ccc(cc1)C(=O)C=Cc1ccc(cc1)OC)C,tg,35.0,130.53454116684227,,False
*C(C(*)(F)F)(C(F)(F)F)F,tg,158.5,21.98789590379076,,False
*Nc1ccc(cc1)NC(=O)Cc1c(cc(c(c1)C)CC(=O)*)C,tg,175.0,199.80022496642871,,False
*Oc1ccc(cc1)CC(NC(=O)Cc1ccc(cc1)OC(=O)CCC(=O)*)C(=O)OCCCCCCCC,tg,51.0,55.00316434559298,50.27390670776367,True
*c1cc2c(C(=O)N(C2=O)c2ccc(cc2)Oc2cc(ccc2)Oc2ccc(cc2)N2C(=O)c3c(C2=O)cc(cc3)C(*)(C(F)(F)F)C(F)(F)F)cc1,tg,247.67,241.36949449771885,,False
*c1cc2c(C(=O)N(C2=O)c2ccc(cc2)N(c2ccc(cc2)N2C(=O)c3c(C2=O)cc(cc3)C(=O)*)c2ccccc2)cc1,tg,270.0,315.2642345961549,,False
*N1C(=O)c2c(C1=O)cc(cc2)C(=O)Oc1cc2c(cc1)cc(cc2)OC(=O)c1cc2c(C(=O)N(C2=O)CC(CCC*)C)cc1,tg,130.0,139.80173539275242,,False
*OCc1ccc(cc1)C*,tg,217.0,58.85006002807779,47.63314437866211,True
*c1cc2c(C(=O)N(C2=O)c2cc(ccc2)Cc2ccc(cc2)Cc2ccc(cc2)N2C(=O)c3c(C2=O)cc(cc3)C(=O)*)cc1,tg,317.0,267.9854559102277,,False
*OC(=O)CC(CC*)C,tg,-71.5,-10.367950431756514,,False
*C(C*)C(=O)OCCCCCC,tg,-57.0,-63.60018719539048,,False
*OC(=O)Nc1ccc(cc1)Cc1ccc(cc1)NC(=O)OCCCCCCC*,tg,84.0,73.9204678814074,70.9026870727539,True
*C(C*)c1c(cccc1)COCCCCCCCC,tg,13.0,20.28714297864643,,False
*OC(COC(=O)*)C,tg,31.72,-5.924320828960618,18.165985107421875,True
*N1C(=O)c2c(C1=O)c(ccc2)Oc1c(c(cc(c1)C(C)(C)C)C(C)(C)C)Oc1c2c(C(=O)N(C2=O)c2ccc(cc2)Oc2ccc(cc2)c2ccc(cc2)Oc2ccc(cc2)*)ccc1,tg,237.0,239.27949737533223,,False
*c1nc2c(c(c1)c1ccccc1)cc(cc2)C1(c2ccccc2C(=O)c2ccccc12)c1cc2c(nc(cc2c2ccccc2)c2ccc(cc2)c2ccc(cc2)*)cc1,tg,350.0,388.3192358448634,390.0455017089844,True
*OC(=O)Nc1c(ccc(c1)NC(=O)OCCN(CC*)c1ccc(cc1)N=Nc1ccc(cc1)[N+](=O)[O-])C,tg,144.0,139.2479036096216,144.4651641845703,True
*NC(=O)CCCCC*,tg,48.52,49.30250860061161,,False
*OCC(C*)(CSC)CSC,tg,-6.0,-29.033363716260123,-32.60176467895508,True
*N1C(=O)c2c(C1=O)c(ccc2)Oc1ccc(cc1)Oc1c2c(C(=O)N(C2=O)c2ccc(cc2)Oc2cc(ccc2)Oc2ccc(cc2)*)ccc1,tg,214.0,213.40238930989145,220.6015625,True
*Oc1cc(ccc1)NC(=O)c1ccc(cc1)[Si](c1ccc(cc1)C(=O)*)(C)C,tg,220.0,210.6031599789513,,False
*Oc1cc(ccc1)NC(=O)c1cc(cc(c1)C(C(C(C(F)(F)F)(F)F)(F)F)(F)F)C(=O)Nc1ccc(cc1)*,tg,230.0,231.64555291816373,242.4027862548828,True
*c1cc2c(C(=O)N(C2=O)c2ccc(cc2)C(=O)c2ccc(cc2)Cc2cc(ccc2)N2C(=O)c3c(C2=O)cc(cc3)C(=O)*)cc1,tg,254.0,281.4734796669556,,False
*C(C*)c1ccc(cc1)COc1ccc(cc1)c1ccc(cc1)C#N,tg,124.0,124.09027349615924,135.62403869628906,True
*C(C*)C(=O)NC(CC(=O)C)(C)C,tg,86.0,86.91739075748167,,False
*C1OC(C(C(C1O)O)O*)CO,tg,144.0,180.3568152646469,,False
*C(C*)C(=O)Oc1ccc(cc1)C(=O)c1ccc(cc1)Cl,tg,78.0,114.74991595921011,90.6356201171875,True
*N1C(=O)c2c(C1=O)c(ccc2)c1cc2c(C(=O)N(C2=O)c2ccc(cc2)OCCCCCOc2ccc(cc2)*)cc1,tg,208.0,180.4581579447364,,False
*c1cncc(c1)C(=O)NNC(=O)c1ccc(cc1)[Si](c1ccc(cc1)C(=O)NNC(=O)*)(c1ccccc1)c1ccccc1,tg,234.0,244.00718048734493,,False
*c1cc2c(C(=O)N(C2=O)c2ccc(cc2)C(=O)OCCCCCCCCOC(=O)*)cc1,tg,65.0,70.85289319000151,,False
*OC(=O)c1cc2c(cc1)cc(cc2)C(=O)OCCCCCCCCCCC*,tg,39.0,32.06136055716911,35.58279037475586,True
*C1CC2CC(CC(C1)O2)OC(=O)Oc1ccc(cc1)C(c1ccc(cc1)OC(=O)O*)(C)C,tg,194.0,168.5916722093178,,False
*C1C(CC(C1)C=C*)(CCC)C#N,tg,108.0,128.0067978440413,,False
*N1C(=O)c2c(C1=O)c(ccc2)c1cc2c(C(=O)N(C2=O)c2cc(ccc2)C(=O)Nc2ccc(cc2)Oc2ccc(cc2)c2ccc(cc2)Oc2ccc(cc2)NC(=O)c2cc(ccc2)*)cc1,tg,275.0,274.6363171185838,,False
*N(CCCNC(=O)CCCCC(=O)NCCC*)C,tg,5.0,28.475095839683338,,False
*C(CCCCC*)CC,tg,-73.0,-65.34807633380325,,False
*Oc1ccc(cc1)S(=O)(=O)c1ccc(cc1)Oc1ccc(cc1)c1ccc(cc1)c1ccc(cc1)*,tg,251.0,227.1067407323594,,False
*N1C(=O)c2c(C1=O)cc(cc2)Oc1cc2c(C(=O)N(C2=O)c2ccc(cc2)Sc2cc3c(C(=O)N(C3=O)CCc3ccccc3)cc2Sc2ccc(cc2)*)cc1,tg,218.0,253.31202528726945,,False
*Oc1ccc(cc1)NC(=O)c1ccc(cc1)[Si](c1ccc(cc1)C(=O)*)(c1ccccc1)c1ccccc1,tg,235.0,237.96005520538395,182.8800506591797,True
*Oc1ccc(cc1)OC(=O)Oc1ccc(cc1)C(=O)*,tg,74.0,126.21518370631009,,False
*OC(=O)c1ccc(cc1)C(=O)OCC1CC(CCC1)C*,tg,75.0,78.1095669930615,78.85750579833984,True
*Oc1ccc(cc1)Oc1ccc(cc1)NC(=O)c1cc(cc(c1)NC(=O)c1ccc(cc1)OC(=O)C)C(=O)Nc1ccc(cc1)*,tg,251.0,253.63796570475276,254.12359619140625,True
*N1C(=O)c2c(C1=O)cc(cc2)C(c1cc2c(C(=O)N(C2=O)CCN(CC*)c2ccc(cc2)C=Cc2ccc(cc2)[N+](=O)[O-])cc1)(C(F)(F)F)C(F)(F)F,tg,219.0,186.17732448549063,,False
*Nc1c(ccc(c1)NC(=O)C(=O)*)C,tg,-54.65,201.000661186089,233.59873962402344,True
*C(C*)c1ccc(cc1)COCCC(C(C(C(C(C(C(C(F)(F)F)(F)F)(F)F)(F)F)(F)F)(F)F)(F)F)(F)F,tg,53.33,37.298872383420274,,False
*Oc1ccc(cc1)C(c1ccc(cc1)OCC(CN(CC(C*)O)CCO)O)(C)C,tg,79.0,46.82478168338781,73.6541519165039,True
*OC(=O)c1ccc(cc1)c1ccc(cc1)C(=O)OCCCCCC*,tg,52.0,45.143263704208984,56.1179084777832,True
*NC(=O)c1cc(ccc1)C(=O)NCCCC1(c2ccccc2c2ccccc12)CCC*,tg,175.0,155.26915724549517,142.18309020996094,True
*Oc1ccc(cc1)N=C(c1ccc(cc1)Oc1ccc(cc1)C(c1ccc(cc1)Oc1ccc(cc1)C(=Nc1ccc(cc1)*)c1ccccc1)(c1ccccc1)c1ccccc1)c1ccccc1,tg,177.0,184.21556778633885,,False
*c1oc(nn1)c1ccc(cc1)Oc1ccc(cc1)c1c(cc(c(c1)OCCCCCC)c1ccc(cc1)Oc1ccc(cc1)*)OCCCCCC,tg,103.0,118.7812465229602,,False
*c1cc2c(C(=O)N(C2=O)c2ccc(cc2)Oc2ccc(cc2)N2C(=O)c3c(C2=O)cc(cc3)C(=O)Oc2c(cc(cc2)OC(=O)*)C(C)(C)C)cc1,tg,189.0,205.3566544375225,,False
*N1C(=O)C(CC1=O)(SCCOCCSC1(C(=O)N(C(=O)C1)CCCCCCN1C(=O)C(C(C1=O)C)SCCOCCSC1C(=O)N(C(=O)C1C)CCCCCC*)C)C,tg,78.0,70.13923499297347,,False
*C(C*)c1ccc(cc1)CCCCCCCCCCCC,tg,-52.0,-28.849663818912287,-17.811172485351562,True
*N1CCN(CC1)C(=O)c1cc(ccc1)C(=O)*,tg,214.5,162.93680997470972,238.6357879638672,True
*c1cc2c(oc(n2)c2ccc(cc2)Oc2ccc(cc2)C(c2ccc(cc2)Oc2ccc(cc2)c2oc3c(n2)cc(cc3)C(*)(C(F)(F)F)C(F)(F)F)(C(F)(F)F)C(F)(F)F)cc1,tg,230.67,289.6229260647745,,False
*Oc1ccc(cc1)NC(=O)c1cc(cc(c1)NC(=O)c1ccc(cc1)OC(=O)C)C(=O)Nc1ccc(cc1)Oc1ccc(cc1)C(c1ccc(cc1)*)(C)C,tg,243.0,228.19025347805288,,False
*c1cc2c(C(=O)N(C2=O)c2ccc(cc2)C(=O)c2ccc(cc2)Cc2ccc(cc2)C(=O)c2ccc(cc2)N2C(=O)c3c(C2=O)cc(cc3)C(=O)*)cc1,tg,285.5,275.52809502146164,,False
*c1c(nc2c(n1)cc(cc2)Oc1ccc(cc1)NC(=O)c1cc(cc(c1)N1C(=O)c2c(C1=O)c(c(c(c2Cl)Cl)Cl)Cl)C(=O)Nc1ccc(cc1)Oc1cc2c(nc(c(n2)c2ccc(cc2)Oc2ccc(cc2)*)c2ccccc2)cc1)c1ccccc1,tg,295.0,298.5056119624704,294.5461730957031,True
*OC(=O)Nc1c(ccc(c1)NC(=O)OCCN(CC*)c1ccc(cc1)N=Nc1c(cc(cc1)[N+](=O)[O-])C)C,tg,137.0,142.90375046046938,,False
*N1C(=O)c2c(C1=O)cc(cc2)c1cc2c(C(=O)N(C2=O)c2ccc(cc2)c2ccc(cc2)NC(=O)c2cc(ccc2)C(=O)Nc2ccc(cc2)c2ccc(cc2)*)cc1,tg,230.0,268.1964327883666,,False
*Nc1ccc(cc1)c1ccc(cc1)NC(=O)c1ccc(cc1)NC(=O)c1ccc(cc1)[Si](c1ccc(cc1)C(=O)Nc1ccc(cc1)C(=O)*)(C)C,tg,320.0,296.04971344208565,,False
*Nc1c(cc(cc1)NC(=O)c1ccc(cc1)NC(=O)CCCCCCCCCCCCC(=O)Nc1ccc(cc1)C(=O)*)C(=O)OCCCCCCCCCCCCCCCCCC,tg,191.0,252.65347728160563,235.0561065673828,True
*N1C(=O)c2c(C1=O)cc(cc2)c1cc2c(C(=O)N(C2=O)c2ccc(cc2)C2(c3ccccc3c3ccccc23)c2ccc(cc2)*)cc1,tg,388.0,371.4690068895747,,False
*N1C(=O)c2c(C1=O)cc(cc2)c1cc2c(C(=O)N(C2=O)c2cc(ccc2)Oc2c(ccc(c2)Oc2cc(ccc2)*)P(=O)(c2ccccc2)c2ccccc2)cc1,tg,234.0,220.53176510189124,,False
*C(C*)c1cc(c(cc1)C)C,tg,106.0,106.42581231433196,,False
*C(C*)(CC(=O)OCC1CCCCC1)C(=O)OCC1CCCCC1,tg,83.0,70.1501556627238,,False
*O[Si](c1c2ccc3ccc(c4ccc(cc1)c2c34)[Si](*)(C)C)(C)C,tg,65.0,110.69003033288078,220.2236328125,True
*OC(=O)CCCCCCCCC(=O)OCC#CC(=Cc1ccc(cc1)C#Cc1ccc(cc1)C=C(C#Cc1ccccc1)C#Cc1ccccc1)C#CC*,tg,60.0,60.6978909252883,78.551025390625,True
*O[Si](*)(CCCOc1ccc(cc1)C(=O)Oc1ccc(cc1)c1ccc(cc1)OC(=O)c1cc(c(c(c1)OCCCCC)OCCCCC)OCCCCC)C,tg,48.67,35.359466999492895,57.92124938964844,True
*C1C(=O)N(C(=O)C1C(C*)OC)c1ccc(cc1)N(C)C,tg,221.0,202.69534787986265,,False
*Oc1ccc(cc1)NC(=O)NC1CC(CC(C1)(CNC(=O)Nc1ccc(cc1)*)C)(C)C,tg,274.0,195.8122538015498,201.00367736816406,True
*[Si](CCC*)(O[Si](CCCOc1ccc(cc1)C#N)(C)C)C,tg,-45.5,-17.32467721242358,-24.12325096130371,True
*N(c1ccc(cc1)C(=O)c1ccc(cc1)N(CCCCCCCC*)C)C,tg,50.0,71.26675971716345,43.06173324584961,True
*C(CC(C*)c1ccc(cc1)Cl)(C#N)C#N,tg,150.0,139.3289451337261,,False
*c1n(c(nn1)c1ccc(cc1)Oc1ccc(cc1)C(c1ccc(cc1)Oc1ccc(cc1)*)(C(F)(F)F)C(F)(F)F)c1ccc(cc1)S(=O)(=O)C,tg,226.0,213.81401360402523,220.32470703125,True
*Oc1c(cc(c(c1)OC(=O)c1ccc(cc1)OCCCCC)OC(=O)CCCC(=O)*)OC(=O)c1ccc(cc1)OCCCCC,tg,44.0,51.36874260835358,,False
*c1cc2c(C(=O)N(C2=O)c2cc(cc(c2)C(F)(F)F)Oc2c(cc(cc2C)c2cc(c(c(c2)C)Oc2cc(cc(c2)C(F)(F)F)N2C(=O)c3c(C2=O)cc(cc3)C(=O)*)C)C)cc1,tg,265.4,266.6362950619498,279.4492492675781,True
*OP(=O)(OCCOc1ccc(cc1)S(=O)(=O)c1ccc(cc1)OCC*)Oc1ccc(cc1)OC,tg,52.0,54.36894882889038,,False
*OP(=O)(Oc1ccc(cc1)c1ccc(cc1)*)Oc1ccccc1,tg,112.0,99.17553447365434,100.33385467529297,True
*Oc1ccc(cc1)OCc1ccc(cc1)COc1ccc(cc1)OCCCCCCCCCCCC*,tg,24.0,37.98545797830294,,False
*C(C*)[Si](C)(C)C,tg,147.0,23.31999889989003,,False
*C1C(=O)N(C(=O)C1*)CCCCCCOc1ccc(cc1)c1ccc(cc1)C#N,tg,76.0,84.61084726353464,,False
*c1nc2c(nc1)ccc(c2)c1ccc2c(nc(cn2)c2ccc(cc2)Oc2ccc(cc2)Oc2ccc(cc2)Oc2ccc(cc2)*)c1,tg,216.0,234.73842017123263,,False
*Nc1cc(ccc1)NC(=O)CCCCC(=O)Nc1cc(ccc1)NC(=S)NC(=O)c1ccc(cc1)C(=O)NC(=S)*,tg,241.0,243.11499203305524,,False
*Oc1ccc(cc1)C1(CC2C(CC1)CCCC2)c1ccc(cc1)Oc1ccc(cc1)C(=O)c1cc(ccc1)C(=O)c1ccc(cc1)*,tg,194.0,213.685374881529,,False
*C(C*)(C(=O)OCc1c(ccc(c1)F)F)C,tg,50.0,82.02187560045608,50.13176345825195,True
*C(C*)C(=O)OC([2H])([2H])[2H],tg,25.75,44.31598377739953,39.565067291259766,True
*C(C*)OCCCCCC,tg,-75.5,-65.44132613351591,,False
*Oc1ccc(cc1)C=Cc1c(cc(c(c1)OCCCCCCCC)C=Cc1ccc(cc1)OCCCCCCCC*)OCCCCCCCC,tg,130.0,51.39348340038936,,False
*N1C(=O)c2c(C1=O)cc(cc2)S(=O)(=O)c1cc2c(C(=O)N(C2=O)c2cc(ccc2)c2cc(cc(c2)C(=O)Nc2ccc(cc2)OC(=O)c2cc(c(c(c2)OCCCCCCCCCCCC)OCCCCCCCCCCCC)OCCCCCCCCCCCC)c2cc(ccc2)*)cc1,tg,268.0,189.3906282590175,187.8660125732422,True
*OC(=O)C1CCC(CC1)C(=O)OCCOCC*,tg,-10.15,0.3085222922312762,-13.467503547668457,True
*C(C*)(C(=O)Oc1cc(c(cc1)[N+](=O)[O-])C)C,tg,101.0,107.49183342278737,,False
*O[Si](O[Si](O[Si](OC(CCC(*)C)C)(C)C)(C)C)(C)C,tg,-90.0,-93.86092732668853,-99.97686767578125,True
*c1oc(cc1)COC(=O)NCCCCCCNC(=O)OC*,tg,33.0,37.94534714256088,25.843704223632812,True
*Oc1c(cc(cc1)OCCCCCC(=O)NNC(=O)c1ccc(cc1)C(=O)NNC(=O)CCCCC*)C,tg,110.5,116.54856221917645,,False
*c1cc2C(c3c(c2cc1)ccc(c3)C(=Cc1cc(cc(c1)N(c1ccccc1)c1ccccc1)C=C(*)C#N)C#N)(CCCCCCCC)CCCCCCCC,tg,136.0,137.93958976179627,151.46205139160156,True
*N1CCN(CC1)C(=O)CCC1(c2ccccc2c2ccccc12)CCC(=O)*,tg,145.0,156.94485076191924,,False
*Nc1ccc(cc1)NC(=O)CCCC(=O)*,tg,135.0,154.44474015857998,,False
*c1cc2C(c3c(c2cc1)ccc(c3)c1c(cc(c(c1)CCCCCCCC)*)CCCCCCCC)(CCCCCC)CCCCCC,tg,74.5,73.33914820405515,,False
*NC(=O)CC(=O)NCCCCCC*,tg,50.0,73.85337918766034,61.32685470581055,True
*c1cc2c(C(=O)N(C2=O)c2c(cccc2)Oc2ccc(cc2)N2C(=O)c3c(C2=O)cc(cc3)C(=O)*)cc1,tg,286.0,265.4750795761036,288.6068420410156,True
*c1cc2c(C(=O)N(C2=O)c2ccc(cc2)c2sc(c(c2c2ccccc2)c2ccccc2)c2ccc(cc2)N2C(=O)c3c(C2=O)cc(cc3)C(=O)Nc2ccc(cc2)NC(=O)*)cc1,tg,333.0,292.11734732562104,,False
*N1C(=O)c2c(C1=O)cc(cc2)c1cc2c(C(=O)N(C2=O)c2ccc(cc2)C(c2ccc(cc2)*)c2ccccc2)cc1,tg,315.0,300.7101323310001,324.7132568359375,True
*c1c(nc2c(c1c1ccccc1)cc(cc2)c1cc2c(nc(c(c2c2ccccc2)c2ccc(cc2)Oc2ccc(cc2)*)c2ccccc2)cc1)c1ccccc1,tg,307.5,317.3217250458761,,False
*C1OC(=O)C(C1)CCC1C(=O)OC(C1)CCCCCC*,tg,37.9,50.803090573721896,,False
*Oc1ccc(cc1)C(c1ccc(cc1)OC(=O)SCCCCCCSC(=O)*)(C)C,tg,58.0,46.32480434575805,,False
*c1nc2c(cc1)cccc2OC(=O)c1ccc(cc1)C(=O)Oc1c(c2c(cc1)cccc2)C=C*,tg,175.0,187.9574804133803,176.4888153076172,True
*Oc1ccc(cc1)C1(c2ccccc2c2ccccc12)c1ccc(cc1)OCCOC(=O)C1CCC(CC1)C(=O)OCC*,tg,148.0,107.61017331348847,,False
*Oc1ccc(cc1)C(c1ccc(cc1)OC(=O)OC1C(C(C1(C)C)OC(=O)*)(C)C)(C(F)(F)F)C(F)(F)F,tg,142.0,124.9900000062559,,False
*C(C*)c1c(cccc1)C(=O)Nc1ccccc1,tg,191.0,184.4879225905474,,False
*C(=C*)C([Si](CCCCCC)(C)C)CCC,tg,40.0,62.98339121218611,88.7611312866211,True
*N1C(=O)c2c(C1=O)cc(cc2)Oc1c(cccc1)Oc1cc2c(C(=O)N(C2=O)c2ccc(cc2)Oc2ccc(cc2)c2ccc(cc2)Oc2ccc(cc2)*)cc1,tg,204.0,212.58591323340545,225.179443359375,True
*OC(=O)c1cc2c(cc1)cc(cc2)C(=O)OCC*,tg,121.43,108.38553305377376,,False
*OC(=O)C*,tg,55.86,1.197897545706952,33.40994644165039,True
*C1(c2c(C(=O)N1)cccc2)c1ccc(cc1)Oc1ccc(cc1)NC(=O)c1cc2c(C(=O)N(C2=O)c2ccc(cc2)Sc2ccc(cc2)N2C(=O)c3c(C2=O)cc(cc3)C(=O)Nc2ccc(cc2)Oc2ccc(cc2)*)cc1,tg,298.0,278.59279580536537,292.5708923339844,True
*Oc1ccc(cc1)P(=O)(c1ccc(cc1)Oc1ccc(cc1)C(c1ccc(cc1)*)(C(F)(F)F)C(F)(F)F)c1ccccc1,tg,210.5,206.57745271125643,,False
*OCC(C*)(CC)C,tg,-47.0,-37.254148592544034,-49.91366958618164,True
*N1C(=O)c2c(C1=O)cc(cc2)Oc1cc2c(C(=O)N(C2=O)c2c(cccc2)Oc2ccc(cc2)*)cc1,tg,264.0,249.6302660380492,,False
*N1C(=O)c2c(C1=O)cc(cc2)Oc1ccc(cc1)C(c1ccc(cc1)Oc1cc2c(C(=O)N(C2=O)c2ccc(cc2)Oc2ccc(cc2)c2ccc(cc2)Oc2ccc(cc2)*)cc1)(C)C,tg,220.0,221.67103674381687,,False
*Oc1ccc(cc1)OC(=O)c1ccc(cc1)OC(=O)c1ccc(cc1)C(=O)Oc1ccc(cc1)C(=O)*,tg,283.0,125.9449001797168,,False
*C(C*)c1ccc(cc1)COc1ccc(cc1)c1c2c(nsn2)c(cc1)c1ccc(cc1)C,tg,117.0,209.5620439237206,213.4199676513672,True
*c1nc2c([nH]1)cc(cc2)c1cc2c(nc([nH]2)c2ccc(cc2)C(c2ccc(cc2)*)(C(F)(F)F)C(F)(F)F)cc1,tg,269.0,368.9594767377013,,False
*N1C(=O)c2c(C1=O)c(ccc2)c1cc2c(C(=O)N(C2=O)c2ccc(cc2)OCCCOc2ccc(cc2)*)cc1,tg,237.5,235.3441295023723,,False
*c1ccc(cc1)C(C(*)Cl)(Cl)Cl,tg,160.0,139.79710740522606,,False
*C1C2C3C(C=CC3)C(C1*)C2,tg,103.55,244.2809973458475,,False
*OC1C(C(C1(C)C)OC(=O)*)(C)C,tg,160.0,97.02700138599096,,False
*c1c(cc(c(c1)OC)C=C*)OCCCCCCCCCCCC,tg,36.0,27.50676593288553,89.45722198486328,True
*c1cc2c(C(=O)N(C2=O)c2ccc(cc2)Oc2ccc(cc2)C2(C3C4C(CCC4)C(C2)C3)c2ccc(cc2)Oc2ccc(cc2)N2C(=O)c3c(C2=O)cc(cc3)C(=O)Nc2ccc(cc2)Oc2c(cc(cc2)Oc2ccc(cc2)NC(=O)*)C(C)(C)C)cc1,tg,275.0,261.1459944529167,,False
*[Si](CCC*)(c1ccccc1)C,tg,-1.5,-9.930715336363718,,False
*Oc1c(cccc1)S(=O)(=O)c1ccc(cc1)*,tg,221.0,177.98777815914312,,False
*OP(=O)(OCCOc1ccc(cc1)S(=O)(=O)c1ccc(cc1)OCC*)Oc1ccc(cc1)C,tg,46.0,39.06669264283817,,False
*Oc1c(cc(c(c1)C(c1ccccc1)(C)C)OC(=O)c1cc(ccc1)C(=O)*)C(c1ccccc1)(C)C,tg,180.0,172.3176008110133,,False
*OC(=O)c1ccc(cc1)C(=O)OCCCCCCCCC*,tg,22.0,10.114360925456149,,False
*OC(=O)OCCCCC*,tg,-40.0,-36.977353033272486,,False
*OP(=O)(OCCOc1ccc(cc1)S(=O)(=O)c1ccc(cc1)OCC*)Oc1ccc(cc1)[N+](=O)[O-],tg,56.0,63.7742609371545,,False
*C1(c2c(Oc3c1cccc3)cccc2)c1ccc(cc1)OC(=O)c1ccc(cc1)C(=O)Oc1ccc(cc1)*,tg,252.0,255.1845145745181,291.3791198730469,True
*N(CC*)C(=O)CCCCCCCCCCC,tg,10.0,-2.241679691215316,10.113001823425293,True
*Oc1ccc(cc1)CC(NC(=O)Cc1ccc(cc1)OC(=O)CCCCCCCCC(=O)*)C(=O)OCC,tg,43.0,40.53177030692191,45.8776969909668,True
*C1(CC(c2c1cc(cc2)*)(C)C)C,tg,212.75,177.69754772650228,254.75538635253906,True
*Oc1cc(c(cc1)CCc1ccc(cc1)OCCCCCCCCCCCC*)C,tg,-0.9,9.46984981057388,-2.3330535888671875,True
*C(=C(*)C)CCC,tg,200.0,138.93957853799478,,False
*Oc1c(cc(cc1)OC(=O)c1c(cc(c(c1)OCCCCCCCCCCCC)C(=O)*)OCCCCCCCCCCCC)c1ccccc1,tg,96.0,86.53630734975451,,False
*O[Si](*)(CCCCCCCCCCCn1c2ccccc2c2ccccc12)C,tg,-45.0,3.331595504156122,9.28698444366455,True
*N=P(*)(Cl)Cl,tg,-63.5,-13.02198710670558,,False
*OC(COC(COC(=O)c1ccc(cc1)C(=O)*)C)C,tg,37.0,55.02925891930769,,False
*c1cc2c(C(=O)N(C2=O)c2cc(ccc2)C(=O)c2ccc(cc2)Cc2ccc(cc2)C(=O)c2cc(ccc2)N2C(=O)c3c(C2=O)cc(cc3)C(=O)*)cc1,tg,260.5,237.33330090971376,,False
*SC(C(=O)*)C,tg,12.0,28.98444784360385,,False
*N1C(=O)c2c(C1=O)cc(cc2)c1cc2c(C(=O)N(C2=O)c2cc(ccc2)OCCCCOc2cc(ccc2)*)cc1,tg,175.0,160.61634132739516,162.07704162597656,True
*C(C*)(C(=O)OCC1N(CC(C1)NC(=O)OC(C)(C)C)C(=O)OC(C)(C)C)C,tg,127.0,94.67317465459212,,False
*Oc1cc(ccc1)OCC(COc1ccc(cc1)S(=O)(=O)c1ccc(cc1)OCC(C*)O)O,tg,105.0,93.232578143813,,False
*Oc1c(cc(cc1)OC(=O)c1ccc(cc1)OCCCCCCCCCCCCOc1ccc(cc1)C(=O)*)C=Cc1ccncc1,tg,91.35,88.14508836474481,,False
*Oc1ccc(cc1)C(c1ccc(cc1)OCC(C*)O)(c1ccccc1)C,tg,115.0,125.73359349881284,130.30064392089844,True
*SCCCCCCC(=O)NCc1ccc(cc1)CNC(=O)CCCCCC*,tg,65.0,66.63329480475191,58.73752975463867,True
*C(C*)(C(=O)OC)C#N,tg,130.0,116.09185723106629,,False
*N1C(=O)c2c(C1=O)cc(cc2)C(c1cc2c(C(=O)N(C2=O)CCCCCCCCCC*)cc1)(C(F)(F)F)C(F)(F)F,tg,119.0,121.96919109238632,132.13632202148438,True
*C(C*)(C(=O)Oc1ccc(cc1)C(=O)OC)C,tg,106.0,94.75546347265214,,False
*Oc1cc(ccc1)Oc1ccc(cc1)NC(=O)c1c(cc(cc1)c1cc(c(cc1)C(=O)Nc1ccc(cc1)*)C)C,tg,213.0,204.91055307089457,203.4436798095703,True
*c1cc2c(C(=O)N(C2=O)c2cc(ccc2)N2C(=O)c3c(C2=O)cc(cc3)C(=O)Nc2ccc(cc2)S(=O)(=O)c2ccc(cc2)NC(=O)*)cc1,tg,342.0,280.39817174034175,272.2542419433594,True
*Nc1ccc(cc1)C(c1ccc(cc1)NC(=O)c1cc2c(cc1)cc(cc2)C(=O)*)(P1(=O)c2ccccc2c2ccccc2O1)P1(=O)c2ccccc2c2ccccc2O1,tg,241.0,228.1947949107329,,False
*Oc1c(cc(cc1C)C(c1cc(c(c(c1)C)OC(=O)c1cc(ccc1)C(=O)*)C)(C)C)C,tg,187.0,174.46739893481512,213.82664489746094,True
*c1nc2c(nc1)ccc(c2)c1ccc2c(nc(cn2)c2ccc(cc2)*)c1,tg,376.0,353.98015202841657,,False
*OC(=O)c1cc2c(cc1)cc(cc2)C(=O)OCCC*,tg,84.0,86.6329695791611,,False
*C1(CCN(CC1)C(=O)C(CC(=O)N1CCC(CC1)(CCC*)C)C)C,tg,72.0,89.76552520982926,,False
*C(C*)c1c(cccc1)C(=O)N(C)C,tg,190.0,143.61778982901046,147.3029022216797,True
*Nc1c2c(ccc1)c(ccc2)NC(=O)c1ccc(cc1)C(=O)*,tg,305.0,301.2737078313915,,False
*C=CC(C*)COCC(=O)OCCCCCCCCOc1ccc(cc1)C=Cc1ccc(cc1)[N+](=O)[O-],tg,19.6,18.39262892706404,26.42896270751953,True
*Oc1c(cc(cc1c1ccccc1)*)c1cc(ccc1)C,tg,219.0,192.90499880730889,,False
*N1C(=O)c2c(C1=O)c(ccc2)Oc1c(cc(cc1C)Cc1cc(c(c(c1)C)Oc1c2c(C(=O)N(C2=O)c2c(cc(cc2C)c2cc(c(c(c2)C)*)C)C)ccc1)C)C,tg,276.0,332.1919728612763,,False
*c1cc2c(oc(n2)C2CCC(CC2)c2oc3c(n2)cc(cc3)C(*)(C(F)(F)F)C(F)(F)F)cc1,tg,271.0,265.0449657393165,259.6046447753906,True
*N1C(=O)N(C(=O)C1=O)c1c(cccc1)CCc1ccc(cc1)N1C(=O)N(C(=O)C1=O)c1ccc(cc1)CCc1ccc(cc1)*,tg,220.0,180.12536337815132,,False
*C(C*)OC(=O)C(C(C(F)(F)F)(F)F)(F)F,tg,27.0,37.96919928215189,30.722488403320312,True
*C(C*)C(=O)OCC(C(F)C(F)(F)F)(F)F,tg,-22.0,-15.737616242449144,,False
*c1cc2c(C(=O)N(C2=O)c2ccc(cc2)Oc2c3c(ccc2)c(ccc3)Oc2ccc(cc2)N2C(=O)c3c(C2=O)cc(cc3)C(=O)Nc2ccc(cc2)Sc2ccc(cc2)NC(=O)*)cc1,tg,265.0,265.1313370681398,,False
*C(C*)c1c(ccc(c1)C(=O)Oc1ccc(cc1)OCCCCCCCC)C(=O)Oc1ccc(cc1)OCCCCCCCC,tg,105.0,102.75872893898202,,False
*O[Si](O[Si](Oc1ccc(cc1)c1ccc(cc1)*)(C)C)(C)C,tg,-4.0,50.52503866755126,,False
*c1cc2C(c3c(c2cc1)ccc(c3)*)(CC(CCCC)CC)CC(CCCC)CC,tg,27.64,106.75818063590503,,False
*c1cc2c(C(=O)N(C2=O)c2cc(c(cc2)Oc2ccc(cc2)C(=O)c2nc(ccc2)C(=O)c2ccc(cc2)Oc2c(cc(cc2)N2C(=O)c3c(C2=O)cc(cc3)C(=O)*)C(F)(F)F)C(F)(F)F)cc1,tg,225.2,239.00055932693363,,False
*c1cc2C(c3c(c2cc1)ccc(c3)c1cc2C(c3c(c2cc1)ccc(c3)*)(CC1=NC(CO1)Cc1ccccc1)CC1=NC(CO1)Cc1ccccc1)(CCCCCC)CCCCCC,tg,114.0,135.16263824095262,,False
*C=CC(*)(C)C,tg,-10.0,31.100326300522408,24.29925537109375,True
*O[Si](CCC(CC[Si](*)(CCC(F)(F)F)C)(F)F)(CCC(F)(F)F)C,tg,-38.0,-52.70006447881244,-55.59483337402344,True
*N1C(=O)c2c(C1=O)cc(cc2)Oc1cc2c(C(=O)N(C2=O)c2cc(c(cc2)Oc2ccc(cc2)C(=O)c2nc(ccc2)C(=O)c2ccc(cc2)Oc2c(cc(cc2)*)C(F)(F)F)C(F)(F)F)cc1,tg,212.2,207.51708276185752,,False
*N1C(=O)c2c(C1=O)cc(cc2)C(=O)c1cc2c(C(=O)N(C2=O)CCCCCCCC*)cc1,tg,113.0,127.878627091333,108.4561996459961,True
*NC(=O)C(=CC(=O)NCCCCCCCCCC*)C,tg,74.0,81.51629065725737,94.44371795654297,True
*c1cc2c(C(=O)N(C2=O)c2cc(ccc2)C(c2cc(ccc2)N2C(=O)c3c(C2=O)cc(cc3)C(*)(C(F)(F)F)C(F)(F)F)O)cc1,tg,236.5,283.71917137751547,,False
*C(C*)CC1CCCC1,tg,60.0,88.44928491591855,62.11970138549805,True
*Oc1ccc(cc1)Oc1ccc(cc1)Oc1c(cc(cc1)S(=O)(=O)c1cc(c(cc1)Oc1ccc(cc1)Oc1ccc(cc1)Oc1ccc(cc1)c1ccc(cc1)*)S(=O)(=O)O[Na])S(=O)(=O)O[Na],tg,302.0,293.4283205575458,312.5823669433594,True
*OC(=O)NCc1ccc(cc1)CNC(=O)OCCCCCCCCCCCC*,tg,45.0,48.09538644160518,,False
*O[Si](O[Si](O[Si](O[Si](CC[Si](O[Si](O[Si](O[Si](O[Si](CC[Si](*)(c1ccccc1)c1ccccc1)(C)C)(C)C)(C)C)(C)C)(C)C)(c1ccccc1)c1ccccc1)(c1ccccc1)c1ccccc1)(c1ccccc1)c1ccccc1)(c1ccccc1)c1ccccc1,tg,-22.0,15.35177023340382,,False
*C(C(=O)C*)c1ccccc1,tg,103.33,101.9178958980726,,False
*C1C(C2C(C1)C(C(C2)CC*)OC(=O)CCCCCCCCCCOc1ccc(cc1)c1ccc(cc1)C#N)OC(=O)CCCCCCCCCCOc1ccc(cc1)c1ccc(cc1)C#N,tg,23.5,77.96178863348831,42.841522216796875,True
*c1sc(cc1CCCCCCCCCC)c1sc(c(c1)CCCCCCCCCC)c1c2c(ccccc2)c(c1)*,tg,22.5,60.28687343228043,,False
*C(C*)(C(=O)Oc1ccc(cc1)C(=O)C=Cc1ccc(cc1)Cl)C,tg,127.0,112.91804225253011,94.1884765625,True
*OCCOCCOCCCNC(=O)CCCCCCCCC(=O)NCCC*,tg,40.0,-9.21270051770838,,False
*C(C*)c1ccc(cc1)COCCCC,tg,10.0,23.08134947650525,,False
*C(C*)c1ccc(cc1)C(O)C(F)(F)F,tg,110.0,148.55509902847197,,False
*c1nc(ccc1)Oc1ccc(cc1)c1ccc(cc1)O*,tg,119.0,154.48115221398044,181.70884704589844,True
*c1sc(cc1)c1sc(c(c1)CCCCCCCC)c1sc(cc1)c1sc(cc1)c1sc(cc1CCCCCCCC)c1sc(cc1)[Si](*)(C)C,tg,31.0,35.016321180268136,,False
*c1ccc2c(nc([nH]2)c2cc(ccc2)c2nc3c([nH]2)ccc(c3)C(=O)Nc2ccc(cc2)NC(=O)c2ccc(cc2)NC(=O)*)c1,tg,322.0,288.79221753712744,,False
*Nc1ccc(cc1)NC(=O)c1c(cc(cc1)C(c1cc(c(cc1)C(=O)*)C(=O)OCC)(C(F)(F)F)C(F)(F)F)C(=O)OCC,tg,270.0,213.9648815098275,,False
*N1C(=O)N(C(=O)C1=O)c1ccc(cc1)Cc1ccc(cc1)N1C(=O)N(C(=O)C1=O)c1c(cccc1)CCc1ccc(cc1)*,tg,198.0,222.2169852691476,,False
*Oc1c(cc(cc1Cl)C1(C2C3C(CCC3)C(C1)C2)c1cc(c(c(c1)Cl)OC(=O)*)Cl)Cl,tg,281.0,260.1789233350133,,False
*c1cc2c(C(=O)N(C2=O)c2ccc(cc2)c2sc(c(c2c2ccccc2)c2ccccc2)c2ccc(cc2)N2C(=O)c3c(C2=O)cc(cc3)C(=O)Nc2cc(ccc2)C(=O)c2cc(ccc2)NC(=O)*)cc1,tg,308.0,275.03636282451725,,False
*N1C(=O)c2c(C1=O)cc(cc2)Oc1cc2c(C(=O)N(C2=O)c2cc(c(cc2)Oc2ccc(cc2)Oc2ccc(cc2)*)C(F)(F)F)cc1,tg,232.3,232.4250507705164,237.5782012939453,True
*C1C(=O)N(C(=O)C1*)C(C)(C)C,tg,195.0,186.1035968266384,,False
*NC(=O)CCCCCCCCCCC(=O)NCC1CCC(CC1)C*,tg,85.0,90.82299748576008,,False
*c1cc2c(C(=O)N(C2=O)c2ccc(cc2)Oc2cc3c(cc2)ccc(c3)Oc2ccc(cc2)N2C(=O)c3c(C2=O)cc(cc3)C(=O)Nc2ccc(cc2)c2sc(c(c2c2ccccc2)c2ccccc2)c2ccc(cc2)NC(=O)*)cc1,tg,311.0,293.48943870446595,300.8689880371094,True
*c1cc2c(C(=O)N(C2=O)c2c(cc(cc2C)C(c2cc(c(c(c2)C)N2C(=O)c3c(C2=O)cc(cc3)C(*)(C(F)(F)F)C(F)(F)F)C)c2cc(ccc2)C(F)(F)F)C)cc1,tg,286.1,304.59931820871935,,False
*S(=O)(=O)c1c(cc(cc1C)C(c1cc(c(c(c1)C)*)C)(C)C)C,tg,229.0,215.24290979238657,,False
*c1ccc2n(c3c(c2c1)cc(cc3)c1cc2C(c3c(c2cc1)ccc(c3)*)(CCCCCC)CCCCCC)c1ccc(cc1)OC,tg,174.0,159.6404630610722,162.29779052734375,True
*C1C2C(C(=O)N(C2=O)CCCCCCC)C(C1)C=C*,tg,59.0,65.70984032834619,,False
*OC(=O)c1ccc(cc1)c1ccc(cc1)c1ccc(cc1)C(=O)OCCCC*,tg,180.0,84.6086926220115,,False
*C(C*)(C(=O)OCCC(C(C(C(C(C(C(C(C(C(F)(F)F)(F)F)(F)F)(F)F)(F)F)(F)F)(F)F)(F)F)(F)F)(F)F)F,tg,53.0,53.488867512783486,,False
*OC(=O)C(C(C(=O)OCCCCCCCCC*)O)O,tg,-11.0,-1.1840553729906629,,False
*C(C*)(C(=O)OCCC1CCCCC1)C,tg,76.33,53.696594625386105,45.303585052490234,True
*c1nc(ccc1)NC(=O)Nc1ccc(cc1)Cc1ccc(cc1)NC(=O)N*,tg,216.67,153.89831659130255,,False
*N1C(=O)C2C(C1=O)C(Cc1ccccc21)C1C(=O)N(C(=O)C1)c1cc(cc(c1)C(=O)OCCCC)*,tg,249.43,227.69095755471076,,False
*N(CC*)C(=O)c1cc(c(cc1)F)F,tg,101.0,120.59683694165103,,False
*c1cc2c(C(=O)N(C2=O)c2ccc3Cc4c(c3c2)cc(cc4)N2C(=O)c3c(C2=O)cc(cc3)C(*)(C(F)(F)F)C(F)(F)F)cc1,tg,394.0,342.40414781644995,334.4640808105469,True
*C(C*)C1CCCCC1,tg,117.68,84.84466233708139,109.50211334228516,True
*OCCCCC(=O)NCc1ccc(cc1)CNC(=O)CCCC*,tg,70.0,61.285342816195914,,False
*Oc1c2c(c(cc1)c1c3c(c(cc1)Oc1c(c4c(cc1)cccc4)c1c4c(ccc1*)cccc4)cccc3)cccc2,tg,301.0,280.5518694472287,286.97021484375,True
*OC(C*)c1ccccc1,tg,32.38,101.1660873701842,37.79507827758789,True
*OCC(C*)(COCCC#N)C,tg,-52.0,-42.97700147827974,,False
*C(C*)c1ccc(cc1)C(=O)OCCCC,tg,76.0,43.98809246397573,,False
*OC(COC(=O)*)COC(C)(C)C,tg,11.0,15.057726374259998,,False
*C(C*)c1ccc(cc1)[Si](O)(C)C,tg,147.0,110.62338527817931,134.12403869628906,True
*Oc1ccc(cc1)C(c1ccc(cc1)Oc1ccc(cc1)C(=O)C(=O)c1ccc(cc1)*)(c1ccccc1)C,tg,177.0,179.63199076199362,,False
*c1nc2c([nH]1)ccc(c2)NC(=O)c1ccc(cc1)OCCOc1ccc(cc1)C(=O)Nc1cc(ccc1)*,tg,250.0,222.03424853407495,,False
*C(C*)(c1ccc(cc1)C(O)C(F)(F)F)C,tg,199.0,124.02697375041714,,False
*c1nc2c(c(c1)c1ccccc1)cc(cc2)Oc1cc2c(nc(cc2c2ccccc2)c2c(ccc(c2)*)OCCN(c2ccc(cc2)c2sc(cc2)C(=C(C#N)C#N)c2sc(cc2)c2ccc(cc2)N(CC)CC)CC)cc1,tg,205.0,177.29013510610858,,False
*N1C(=O)c2c(C1=O)c(ccc2)c1cc2c(C(=O)N(C2=O)c2cc(ccc2)C(=O)Nc2ccc(cc2)Oc2ccc(cc2)C(c2ccc(cc2)Oc2ccc(cc2)NC(=O)c2cc(ccc2)*)(C)C)cc1,tg,261.0,259.200641145779,249.60536193847656,True
*OP(=O)(Oc1ccc(cc1)C(c1ccc(cc1)*)(C)C)Oc1c(cc(cc1Cl)Cl)Cl,tg,94.0,118.96541949870954,,False
*Oc1c(cc(cc1)Oc1ccc(cc1)C(=O)Nc1ccc(cc1)Oc1ccc(cc1)S(=O)(=O)c1ccc(cc1)Oc1ccc(cc1)NC(=O)c1ccc(cc1)*)c1ccccc1,tg,231.0,209.86589632196743,,False
*Nc1ccc(cc1)C(=O)Nc1ccc(cc1)Cc1ccc(cc1)NC(=O)c1ccc(cc1)NC(=O)c1ccc(cc1)[Si](c1ccc(cc1)C(=O)*)(C)C,tg,300.0,265.8728500562267,298.8677978515625,True
*c1cc2Sc3c(Sc2cc1)cc(cc3)C(=Cc1c(cc(c(c1)OCCCCCCCC)C=C(*)c1ccccc1)OCCCCCCCC)c1ccccc1,tg,93.0,112.7449343935695,135.20457458496094,True
*C1(C(=O)OC(=O)C1(C(C*)OCCCC)C)C,tg,197.0,162.9286318902517,156.36981201171875,True
*Oc1ccc(cc1)Oc1ccc(cc1)C=Nc1ccc(cc1)Oc1ccc(cc1)N=Cc1ccc(cc1)*,tg,120.0,151.23463130537738,165.8616485595703,True
*Oc1ccc(cc1)C(c1ccc(cc1)Oc1ccc(cc1)C(=O)C(=O)c1ccc(cc1)*)(C(F)(F)F)C(F)(F)F,tg,157.0,188.4387722881751,178.0773468017578,True
*Nc1ccc(cc1)Cc1ccc(cc1)NC(=O)c1cc(cc(c1)N1C(=O)C=CC1=O)C(=O)*,tg,287.0,289.0188189002077,,False
*Oc1ccc(cc1)C=Cc1ccc(cc1)OCCCCCC*,tg,76.0,57.001208541110095,,False
*N1C(=O)c2c(C1=O)cc(cc2)c1cc2c(C(=O)N(C2=O)c2cc(ccc2)C(=O)Nc2ccc(cc2)Oc2ccc(cc2)Oc2ccc(cc2)Oc2ccc(cc2)NC(=O)c2cc(ccc2)*)cc1,tg,244.0,243.1756944196554,246.9944610595703,True
*C(C*)c1ccc(cc1)CCl,tg,106.0,91.728809435082,106.3360824584961,True
*N1C(=O)c2c(C1=O)cc(cc2)Oc1cc2c(C(=O)N(C2=O)CCCCCCC*)cc1,tg,110.0,130.43172334499573,,False
*Oc1ccc(cc1)NC(=O)c1cc2c(cc1)cc(cc2)C(=O)Nc1ccc(cc1)Oc1ccc(cc1)C1(C2CCC(C1)C2)c1ccc(cc1)*,tg,276.0,268.7043362443387,,False
*C(C*)c1c(cccc1)C(=O)OCCC(C)C,tg,68.0,98.97585176650948,,False
*c1ccc(cc1)C(=Cc1c(cc(c(c1)OC)C=C(*)c1ccc(cc1)OC)OC)c1ccc(cc1)OC,tg,170.0,176.69321521978682,,False
*Oc1c(c(c(c(c1C)C)NC(=O)c1ccc(cc1)C(=O)Nc1ccc(cc1)*)C)C,tg,333.0,249.0721476153441,,False
*c1nc2c(n1C)ccc(c2)c1ccc2c(nc([nH]2)c2cc(ccc2)*)c1,tg,346.66,360.06717364681003,370.9192199707031,True
*c1cc2c(C(=O)N(C2=O)c2ccc(cc2)OCCN(CCOc2ccc(cc2)N2C(=O)c3c(C2=O)cc(cc3)C(*)(C(F)(F)F)C(F)(F)F)c2ccc(cc2)C(=C(C#N)C#N)C#N)cc1,tg,218.0,198.76438156186111,,False
*N1C(=O)c2c(C1=O)cc(cc2)Oc1ccc(cc1)C(c1ccc(cc1)Oc1cc2c(C(=O)N(C2=O)c2ccc(cc2)Sc2ccc(cc2)Oc2ccc(cc2)Sc2ccc(cc2)*)cc1)(C)C,tg,180.0,195.2335760766017,,False
*C(C*)(C(=O)OCCCl)C,tg,62.0,58.52103035296461,,False
*C(C*)c1c(cccc1)Br,tg,148.5,124.5740427785928,,False
*Oc1ccc(cc1)S(=O)(=O)c1ccc(cc1)Oc1ccc(cc1)c1ccc(cc1)Oc1ccc(cc1)C(=O)c1ccc(cc1)*,tg,206.0,208.4980639311793,210.7928009033203,True
*Oc1c(cc(cc1C)*)C(CCC)C,tg,100.0,75.75278536569762,119.36466217041016,True
*Oc1ccc(cc1)OC(=O)c1c(cc(cc1)C(=O)*)Oc1ccc(cc1)Cl,tg,107.0,115.9805094826641,,False
*C(C*)C(=O)OCCCCSC,tg,-70.0,-71.12970032054504,-55.1767463684082,True
*Oc1ccc(cc1)CC(NC(=O)CCc1ccc(cc1)OC(=O)CCC(=O)*)C(=O)OC,tg,91.5,83.70584356507815,,False
*OCCC(=O)NCc1c(c(c(c(c1C)C)CNC(=O)CC*)C)C,tg,191.0,135.8247381329509,,False
*c1n(c(nn1)c1ccc(cc1)Oc1ccc(cc1)C(c1ccc(cc1)Oc1ccc(cc1)*)(C(F)(F)F)C(F)(F)F)c1ccc(cc1)C,tg,213.0,206.87208288178635,197.4014892578125,True
*N1C(=O)c2c(C1=O)cc(cc2)c1cc2c(C(=O)N(C2=O)c2ccc(cc2)Oc2ccc(cc2)C(c2ccc(cc2)Oc2ccc(cc2)*)(C)C)cc1,tg,230.0,242.02318104994393,,False
*Oc1ccc(cc1)C(=Nc1ccc(cc1)N=C(c1ccc(cc1)Oc1ccc(cc1)C(c1ccc(cc1)*)(c1ccccc1)c1ccccc1)c1ccccc1)c1ccccc1,tg,198.0,180.0641223099367,,False
*Oc1c2c(ccc1)c(ccc2)OCCNC(=O)c1cc(ccc1)C(=O)NCC*,tg,171.0,141.40320508447277,135.2201385498047,True
*Oc1c(cc(cc1)Oc1ccc(cc1)C(=O)c1ccc(cc1)*)C,tg,149.29,142.8291774784699,,False
*Oc1ccc(cc1)CC(NC(=O)Cc1ccc(cc1)OC(=O)CCCC(=O)*)C(=O)OCC,tg,65.0,67.86134258834538,,False
*c1cc2c(C(=O)N(C2=O)c2ccc(cc2)Oc2ccc(cc2)N2C(=O)c3c(C2=O)cc(cc3)C(*)(C(F)(F)F)C(F)(F)F)cc1,tg,304.1,291.5260980318854,,False
*C(C*)C(=O)OCCCSCCC#N,tg,-58.0,-59.37278955715465,-55.95815658569336,True
*C(C(CC*)c1ccccc1)c1ccccc1,tg,101.65,60.74090208831941,87.4719467163086,True
*c1cc2c(C(=O)N(C2=O)c2c(ccc(c2)N2C(=O)c3c(C2=O)cc(cc3)C(=O)OCCN(CCOC(=O)*)c2ccccc2)N=Nc2ccccc2)cc1,tg,156.0,169.48055793928611,,False
*N1C(=O)c2c(C1=O)cc(cc2)Sc1cc2c(C(=O)N(C2=O)c2ccc(cc2)Oc2ccc(cc2)*)cc1,tg,258.0,275.7476931277212,,False
*Oc1cc(c(cc1)S(=O)(=O)c1c(cc(cc1)Oc1ccc(cc1)C(c1ccc(cc1)*)(C(F)(F)F)C(F)(F)F)C(O)(C(F)(F)F)C(F)(F)F)C(O)(C(F)(F)F)C(F)(F)F,tg,148.0,203.7648945956421,173.7605743408203,True
*c1cc2C(c3c(c2cc1)ccc(c3)*)(CCCCCC)CCCCCC,tg,104.0,63.51569848824649,,False
*c1oc2c(n1)ccc(c2)c1ccc2c(oc(n2)CCCCCCCCCCC*)c1,tg,62.0,57.747728329550625,,False
*C(=CCC*)C(C)(C)C,tg,20.0,38.72166432558131,25.908906936645508,True
*C(C*)(C(=O)Oc1ccc(cc1)C(=O)Oc1ccc(cc1)C)C,tg,98.0,82.27505756225737,98.58655548095703,True
*c1cc2c(C(=O)N(C2=O)c2cc(ccc2)C(c2cc(ccc2)N2C(=O)c3c(C2=O)cc(cc3)C(*)(C(F)(F)F)C(F)(F)F)O[Si](O[Si](O[Si](C)(C)C)(C)C)(C)C)cc1,tg,236.5,216.5222814515193,,False
*NC(=O)CCCCCCCCCCCCC(=O)NCCc1ccc(cc1)CC*,tg,93.0,79.17007813213228,81.35393524169922,True
*c1cc2c(C(=O)N(C2=O)c2ccc(cc2)Oc2ccc(cc2)C(=O)c2ccc(cc2)C(=O)c2ccc(cc2)Oc2ccc(cc2)N2C(=O)c3c(C2=O)cc(cc3)C(=O)*)cc1,tg,233.0,235.4691803200248,,False
*OC(=O)CCC(=O)OCCSCC*,tg,-34.0,-45.49734657006878,,False
*C(C*)(C(=O)OCC(CCCC)CC)C,tg,-10.0,14.042434517665916,,False
*c1ccc2n(c3c(c2c1)cc(cc3)C=Cc1nc(c(c(c1C#N)C=Cc1ccc(cc1)N(c1ccccc1)c1ccccc1)C#N)C=C*)CCCCCC,tg,134.0,175.84653633543448,,False
*Oc1ccc(cc1)Oc1ccc(cc1)S(=O)(=O)c1ccc(cc1)*,tg,206.67,185.44735301357775,,False
*N1C(=O)c2c(C1=O)cc(cc2)c1cc2c(C(=O)N(C2=O)c2cc(ccc2)C(=O)Nc2ccc(cc2)Oc2ccc(cc2)Oc2ccc(cc2)NC(=O)c2cc(ccc2)*)cc1,tg,244.0,253.47307277211107,258.6764221191406,True
*N=P(*)(Oc1c(cc(cc1)Cl)Cl)Oc1c(cc(cc1)Cl)Cl,tg,2.0,48.23208710401701,,False
*Oc1ccc(cc1)C1(CCCC1)c1ccc(cc1)OC(=O)*,tg,162.86,160.91780515884736,,False
*c1nc(nc(n1)N(CCCCCCCCCCN(*)c1ccccc1)c1ccccc1)C,tg,48.0,57.75264379539437,,False
*OCC(C*)C,tg,-55.0,-53.70953104046132,-80.0853271484375,True
*C(C*)C(=O)OCC(C(C(F)(F)F)(F)F)(F)F,tg,-30.0,-21.209884668178088,-16.83403968811035,True
*OC(CCC(OC(=O)CCCCCCCCC(=O)*)C)C,tg,-66.0,-44.21496759225454,-38.49715805053711,True
*Oc1ccc(cc1)S(=O)(=O)c1ccc(cc1)Oc1ccc(cc1)C(c1ccc(cc1)*)(c1ccccc1)c1ccccc1,tg,230.0,221.86702287845165,241.5792694091797,True
*Nc1ccc(cc1)Cc1ccc(cc1)NC(=O)NCCCCCCCCCCNC(=O)*,tg,46.0,15.65000524677441,67.01465606689453,True
*Oc1ccc(cc1)CC(NC(=O)CCc1ccc(cc1)OC(=O)CCCCC(=O)*)C(=O)OCC(C)C,tg,56.0,51.07612548447122,51.776123046875,True
*Oc1ccc(cc1)N=CNc1ccc(cc1)OCCOCC*,tg,62.0,63.88244229895528,69.02946472167969,True
*C(C*)(CC(=O)Oc1ccc(cc1)OCCCCC)C(=O)Oc1ccc(cc1)OCCCCC,tg,73.5,69.63274750912608,,False
*N1C(=O)c2c(C1=O)cc(cc2)C(=O)Oc1ccc(cc1)C(c1ccc(cc1)C(c1ccc(cc1)OC(=O)CCCCCCCCCCC*)(C)C)(C)C,tg,97.0,88.04092487674986,,False
*C(C*)c1ccc(cc1)C(CCC)(O)C,tg,130.0,120.29287743212971,103.7657241821289,True
*N1C(=O)c2c(C1=O)cc(cc2)c1ccc(cc1)c1cc2c(C(=O)N(C2=O)CCCCCC*)cc1,tg,141.0,147.58014748868672,146.93162536621094,True
*OC(=O)c1cc(ccc1)C(=O)OCC1CCC(CC1)C*,tg,70.0,73.00508862339439,57.34814453125,True
*N=P(*)(OCC)OCC,tg,-87.33,-49.72256773847357,,False
*C(C*)C(=O)Oc1c(cccc1)C(C)(C)C,tg,72.0,94.89553124540453,88.1869888305664,True
*Oc1ccc(cc1)OC(=O)c1c(cc(cc1)C(=O)*)Oc1cc2c(cc1)cccc2,tg,102.0,145.77957602213075,,False
*C1C2C(C(=O)N(C2=O)c2ccc(cc2)Br)C(C1)C=C*,tg,227.8,212.93920536451333,,False
*Oc1ccc(cc1)NC(=O)c1cc(cc(c1)NC(=O)CCCCCN1C(=O)c2c(C1=O)cccc2)C(=O)Nc1ccc(cc1)*,tg,200.0,202.8972014408612,,False
*C(C*)C(=O)Oc1ccc(cc1)C(=O)Oc1ccc(cc1)OC(=O)c1ccc(cc1)OCCCC,tg,47.0,72.76185081973263,,False
*N1C(CN(C(C1)C)C(=O)c1ccc(cc1)C(=O)*)C,tg,350.0,182.11601992625052,,False
*N1C(=O)c2c(C1=O)cc(c(c2)c1ccc(cc1)C(C)(C)C)c1cc2c(C(=O)N(C2=O)c2ccc(cc2)Oc2ccc(cc2)*)cc1c1ccc(cc1)C(C)(C)C,tg,370.0,358.76711477474504,,False
*c1cc2c(C(=O)N(C2=O)c2ccc(cc2)C(=O)Nc2ccc(cc2)C(=O)OCCCCCCOC(=O)*)cc1,tg,107.0,117.59970111192013,,False
*c1nc2c(nc1)cc(cc2)Oc1cc2c(nc(cn2)c2ccc(cc2)Oc2ccc(cc2)*)cc1,tg,382.0,267.1231973484281,266.7581787109375,True
*C(C*)(C(=O)OCc1c(ccc(c1)Cl)Cl)C,tg,27.8,27.556940008516932,26.69560432434082,True
*c1cc2c(C(=O)N(C2=O)c2c(cc(cc2C)C2(c3ccccc3c3ccccc23)c2cc(c(c(c2)C)N2C(=O)c3c(C2=O)cc(cc3)C(*)(C(F)(F)F)C(F)(F)F)C)C)cc1,tg,361.0,347.888505292744,346.5606994628906,True
*C1(c2c(C(=O)O1)cccc2)c1cc(c(cc1)OC(=O)c1cc(ccc1)C(=O)Oc1c(cc(cc1)*)C)C,tg,273.0,259.84895838455463,,False
*c1c2C(=O)N(C(=O)c2c(c2ccccc12)c1ccc(cc1)Oc1ccc(cc1)C(=O)c1ccc(cc1)Oc1ccc(cc1)*)c1c(cccc1)C(F)(F)F,tg,260.0,260.15583505305693,278.3606262207031,True
*C(C*)(C(=O)OCCN(c1ccc(cc1)N=Nc1ccc(cc1)C#N)CC)C,tg,116.25,106.44410420552084,,False
*Oc1cc(ccc1)NC(=O)c1ccc(cc1)Oc1ccc(cc1)C(c1ccc(cc1)C(c1ccc(cc1)Oc1ccc(cc1)C(=O)Nc1ccc(cc1)*)(C)C)(C)C,tg,168.0,155.0987486303422,,False
*O[Si](c1c(c(c(c(c1F)F)F)[Si](*)(C)C)F)(C)C,tg,-28.5,-9.35471958960714,,False
*OC(C*)C,tg,-58.58,-19.208232050307725,-10.665446281433105,True
*C(C*)(C(=O)OCCBr)C,tg,52.0,56.608353826613474,,False
*Oc1ccc(cc1)Oc1ccc(cc1)C=NCCN=Cc1ccc(cc1)*,tg,101.0,116.72083056881156,132.85523986816406,True
*C(C*)CC(C)(C)C,tg,190.0,60.20942058865489,,False
*c1nc2c(c(c1)c1ccccc1)cc(cc2)c1cc2c(nc(cc2c2ccccc2)c2ccc(cc2)C2(c3ccccc3c3ccccc23)c2ccc(cc2)*)cc1,tg,420.0,353.6026972222982,382.8224182128906,True
*c1cc2C(c3c(c2cc1)ccc(c3)c1c(c(c(c(c1F)F)*)F)F)(CCCCCCCC)CCCCCCCC,tg,29.0,88.94945990269865,74.43669891357422,True
*N1C(=O)c2c(C1=O)cc(cc2)Oc1ccc(cc1)Oc1cc2c(C(=O)N(C2=O)c2ccc(cc2)C(c2ccc(cc2)*)(C)C)cc1,tg,264.0,256.05129720221197,237.46368408203125,True
*O[Si](O[Si](c1ccc(cc1)[Si](*)(C)C)(C)C)(C)C,tg,-62.5,-58.66598651781742,-70.86823272705078,True
*C(C(C(C*)OCCCC)C(=O)OC)C(=O)OC,tg,32.5,22.06446677100496,23.338708877563477,True
*Oc1ccc(cc1)C1(c2ccccc2c2ccccc12)c1ccc(cc1)Oc1ccc(cc1)C(=O)C(=O)c1ccc(cc1)*,tg,242.0,238.25745600704604,270.3760070800781,True
*N1C(=O)c2c(C1=O)cc(cc2)NC(=O)OCCOc1ccc(cc1)C(c1ccc(cc1)OCCOC(=O)Nc1cc2c(C(=O)N(C2=O)c2cc(ccc2)P(=O)(c2cc(ccc2)*)c2ccccc2)cc1)(C(F)(F)F)C(F)(F)F,tg,214.0,206.439454805442,214.3131866455078,True
*N1C(=O)c2c(C1=O)c(ccc2)c1cc2c(C(=O)N(C2=O)c2cc(ccc2)C(=O)Nc2ccc(cc2)Oc2ccc(cc2)S(=O)(=O)c2ccc(cc2)Oc2ccc(cc2)NC(=O)c2cc(ccc2)*)cc1,tg,263.0,271.4738841881692,,False
*Oc1ccc(cc1)CC(NC(=O)CCc1ccc(cc1)OC(=O)COCC(=O)*)C(=O)OC(C)C,tg,80.0,74.3037193674078,,False
*C1C(=O)N(C(=O)C1CC*)CCCCCCCCCCCCCCCCCC,tg,67.1,37.55975135688351,14.803296089172363,True
*Oc1ccc(cc1)NC(=C(C#N)C#N)c1cc(ccc1)C(=C(C#N)C#N)Nc1ccc(cc1)Oc1ccc(cc1)NC(=O)c1ccc(cc1)C(=O)Nc1ccc(cc1)*,tg,274.0,228.4417394122976,,False
*C1C2C(C(=O)N(C2=O)c2cc(ccc2)I)C(C1)C=C*,tg,199.0,214.31973534105308,210.9718017578125,True
*NC(=O)CCCCC(=O)NCc1cc(cc(c1)C(C)(C)C)C*,tg,109.0,97.14633734695168,,False
*c1nc2c(nc1c1ccc(cc1)C(=O)NCCCCCCCCNC(=O)c1ccc(cc1)*)cccc2,tg,185.0,166.8106016747985,192.21290588378906,True
*Oc1cc(ccc1)*,tg,46.5,97.1881752356934,101.88639068603516,True
*Oc1ccc(cc1)C(c1ccc(cc1)OC(=O)C1CCC(CC1)C(=O)*)(C)C,tg,150.0,136.7287092312661,,False
*Oc1ccc(cc1)N=Cc1ccc(cc1)Oc1ccc(cc1)C(c1ccc(cc1)Oc1ccc(cc1)C=Nc1ccc(cc1)*)(c1ccccc1)c1ccccc1,tg,211.0,171.6209066558355,,False
*OC(=O)NCCCCCCNC(=O)OCC(C(C(C*)(F)F)(F)F)(F)F,tg,16.0,5.088369349780641,,False
*N1C(=O)c2c(C1=O)c(ccc2)Oc1c2c(C(=O)N(C2=O)c2ccc(cc2)Oc2ccc(cc2)*)ccc1,tg,292.5,275.11989730710894,284.2301025390625,True
*ON(C(C(*)(F)F)(C(F)(F)F)F)C(F)(F)F,tg,-9.0,-0.8697576523441751,,False
*Oc1c(cc(cc1Br)C(c1cc(c(c(c1)Br)OC(=O)c1cc(ccc1)C(=O)*)Br)(C)C)Br,tg,115.0,189.54455492767593,217.6189422607422,True
*c1cc2c(C(=O)N(C2=O)c2c(cc(cc2C)Cc2cc(c(c(c2)C)N2C(=O)c3c(C2=O)cc(cc3)C(=O)OCCN(CCOC(=O)*)c2ccc(cc2)N=Nc2c(cc(cc2)[N+](=O)[O-])C#N)C)C)cc1,tg,216.0,185.3675510284959,194.8610382080078,True
*c1nc(ccc1)Oc1ccc(cc1)Oc1ccc(cc1)C(=Nc1ccccc1)c1ccc(cc1)Oc1ccc(cc1)O*,tg,135.0,143.97401225571576,,False
*c1cc2c(C(=O)N(C2=O)c2c(ccc(c2)N2C(=O)c3c(C2=O)cc(cc3)C(=O)Nc2c(cc(cc2C)Cc2cc(c(c(c2)C)NC(=O)*)C)C)N=Nc2ccc(cc2)OC(F)(F)F)cc1,tg,278.0,303.14489417823864,288.8556823730469,True
*N(c1ccc(cc1)c1ccc(cc1)N(c1ccc(cc1)Cc1ccc(cc1)*)c1ccc(cc1)C)c1ccc(cc1)C,tg,183.0,211.4033531534511,186.0699462890625,True
*C(C*)c1ccc(cc1)OC,tg,101.33,92.6794978049661,,False
*[Si](c1c(cccc1)C*)(c1ccccc1)C,tg,93.8,97.4997228214024,,False
*Oc1ccc(cc1)OC(=O)c1c(cc(cc1)C(=O)*)Sc1ccc(cc1)C,tg,134.0,125.08213181223432,,False
*c1sc(cc1)C(=O)Oc1ccc(cc1)[Si](c1ccc(cc1)OC(=O)*)(CC)CC,tg,-62.0,-37.865711314420395,-38.810848236083984,True
*OCC(C*)(C)C,tg,-50.0,-1.8043573140899711,,False
*Oc1cc(ccc1)NC(=O)c1cc(ccc1)C(=O)Nc1ccc(cc1)Oc1ccc(cc1)C(=O)c1ccc(cc1)*,tg,114.0,171.74019598068534,,False
*NC(=O)NCCCCCCCCC*,tg,125.0,47.03954973847033,,False
*c1cc2c(C(=O)N(C2=O)c2c3c(ccc2)c(ccc3)Oc2ccc(cc2)N2C(=O)c3c(C2=O)cc(cc3)C(=O)Nc2c(cc(cc2)c2cc(c(cc2)NC(=O)*)OC)OC)cc1,tg,304.0,277.054930634659,,False
*Oc1c(cc(cc1)OCCCCC(=O)NNC(=O)c1ccc(cc1)C(=O)NNC(=O)CCCC*)C,tg,139.5,125.49982672869504,112.77709197998047,True
*c1cc2c(C(=O)N(C2=O)c2cc(ccc2)Oc2ccc(cc2)N2C(=O)c3c(C2=O)cc(cc3)C(*)(C(F)(F)F)C(F)(F)F)cc1,tg,261.3,261.52161211368633,,False
*ON(C(C(=C(C(*)(F)F)F)F)(F)F)C(F)(F)F,tg,-7.0,-14.591810453033808,,False
*C(C*)(C(=O)OCCCCCCn1c2ccc(cc2c2ccccc12)N=Nc1c(cc(cc1)[N+](=O)[O-])[N+](=O)[O-])C,tg,125.0,99.6236344376275,,False
*Oc1ccc(cc1)OC(=O)CCCCCCCCC(=O)*,tg,52.8,31.468638083043597,,False
*c1oc2c(n1)ccc(c2)c1ccc2c(oc(n2)CCCCCCCCC*)c1,tg,64.0,100.99182825911892,,False
*OC(=O)c1ccc(cc1)C(=O)OCC1CCC(CC1)C*,tg,83.89,72.4748379544083,71.44579315185547,True
*Nc1c(cc(cc1c1ccccc1)c1ccc(cc1)c1cc(c(c(c1)c1ccccc1)NC(=O)c1ccc(cc1)C(=O)*)c1ccccc1)c1ccccc1,tg,135.0,262.1425784556733,,False
*Oc1ccc(cc1)N=CCCCC=Nc1ccc(cc1)OC(=O)Nc1ccc(cc1)Cc1ccc(cc1)NC(=O)*,tg,76.0,130.91647438712036,89.83650970458984,True
*c1cc2c(nc(cc2c2ccccc2)Oc2nc3c(c(c2)c2ccccc2)cc(cc3)c2ccc(cc2)Oc2ccc(cc2)*)cc1,tg,268.5,268.95282705934784,288.750732421875,True
*N1C(=O)c2c(C1=O)cc(cc2)S(=O)(=O)c1cc2c(C(=O)N(C2=O)c2ccc(cc2)Oc2ccc(cc2)C(=O)c2ccc(cc2)Oc2ccc(cc2)*)cc1,tg,275.5,264.3596107546892,256.007080078125,True
*NC(=O)C(C*)C,tg,96.0,72.5844509465606,92.4487075805664,True
*C(C*)C(=O)Nc1ccc(cc1)C(=O)C=Cc1cc(ccc1)Br,tg,55.0,76.59774297988686,,False
*c1ccc(cc1)C(C(*)(C(=O)OCC)C#N)(C(=O)OCC)C#N,tg,108.0,99.38609170817172,129.11720275878906,True
*c1c(nc2c(n1)cc(cc2)c1cc2c(nc(c(n2)c2ccc(cc2)N2C(=O)c3c(C2=O)cc(cc3)C(=O)c2cc3c(C(=O)N(C3=O)c3ccc(cc3)*)cc2)c2ccccc2)cc1)c1ccccc1,tg,260.0,283.9016286839397,322.5823059082031,True
*OP(=O)(Oc1c(cc(cc1Br)C(c1cc(c(c(c1)Br)*)Br)(C(F)(F)F)C(F)(F)F)Br)Oc1ccc(cc1)C,tg,146.0,137.25799354390335,,False
*C1(c2c(CO1)cccc2)c1ccc(cc1)OC(=O)c1ccc(cc1)C(=O)Oc1ccc(cc1)*,tg,312.0,245.62162279085683,264.8886413574219,True
*OC(=O)NCCCCCCNC(=O)OCCCCCOC(=O)c1c(cccc1)C(=O)O[Pb]OC(=O)c1c(cccc1)C(=O)OCCCCC*,tg,-19.2,-0.0262793145617982,,False
*c1cc2c(C(=O)N(C2=O)c2ccc(cc2)Oc2cc3c(cc2)ccc(c3)Oc2ccc(cc2)N2C(=O)c3c(C2=O)cc(cc3)C(=O)Nc2ccc(cc2)Oc2ccc(cc2)C(c2ccc(cc2)Oc2ccc(cc2)NC(=O)*)(C(F)(F)F)C(F)(F)F)cc1,tg,250.0,261.65083818357067,,False
*N1C(=O)c2c(C1=O)cc(cc2)c1cc2c(C(=O)N(C2=O)c2ccc(cc2)Oc2c(cc(cc2C)Cc2cc(c(c(c2)C)Oc2ccc(cc2)*)C)C)cc1,tg,294.33,289.3597414782511,,False
*c1oc2c(n1)cc(cc2)c1cc2c(oc(n2)CN2C(=O)c3c(C2=O)cc(cc3)C(c2cc3c(C(=O)N(C3=O)C*)cc2)(C(F)(F)F)C(F)(F)F)cc1,tg,231.0,260.76437311871206,,False
*Oc1c(cc(cc1)C1(C2CCC(C1)C2)c1cc(c(cc1)OC(=O)*)Cl)Cl,tg,200.0,200.80169775446356,,False
*Oc1c2c(ccc1)c(ccc2)OC(=O)c1ccc(cc1)Oc1ccc(cc1)C(=O)*,tg,171.0,170.96018319241134,174.22349548339844,True
*c1cc2c(C(=O)N(C2=O)c2c(cc(cc2C)Cc2cc(c(c(c2)C)N2C(=O)c3c(C2=O)cc(cc3)C(*)(C(F)(F)F)C(F)(F)F)C)C)cc1,tg,307.5,337.3850680438465,,False
*S(=O)(=O)C(C(=CC*)C)C,tg,73.0,75.30378346547279,,False
*NC(=O)CCP(=O)(CCC(=O)NCCCCCC*)c1ccccc1,tg,29.0,57.98477524570365,65.57390594482422,True
*c1cc2c(C(=O)N(C2=O)c2ccc(cc2)Sc2ccc(cc2)N2C(=O)c3c(C2=O)cc(cc3)C(=O)*)cc1,tg,276.0,302.6126391122522,309.4641418457031,True
*c1ccc(cc1)C(C(*)(C(=O)OC)C#N)(C(=O)OC)C#N,tg,108.0,125.50142567762188,,False
*c1oc(nc1)c1cc(c(cc1)Oc1ccc(cc1)S(=O)(=O)c1ccc(cc1)Oc1c(cc(cc1)*)C(F)(F)F)C(F)(F)F,tg,210.0,218.39015179376335,,False
*N1C(=O)c2c(C1=O)cc(cc2)C(=O)Oc1ccc(cc1)OC(=O)CCCCC*,tg,89.0,91.28363813964624,101.6622314453125,True
*c1cc2c(C(=O)N(C2=O)c2ccc(cc2)Oc2c(cc(cc2C)C(c2cc(c(c(c2)C)Oc2ccc(cc2)N2C(=O)c3c(C2=O)cc(cc3)C(*)(C(F)(F)F)C(F)(F)F)C)c2c3c(ccc2)cccc3)C)cc1,tg,282.0,268.96063235281036,,False
*N1C(=O)c2c(C1=O)c(ccc2)c1cc2c(C(=O)N(C2=O)c2cc(ccc2)OCCCCOc2cc(ccc2)*)cc1,tg,178.0,169.54004984215638,176.4392852783203,True
*Oc1c(cc(cc1OC)C=Cc1c(cc(c(c1)C(C)C)C=Cc1cc(c(c(c1)OC)OCCCCCCCC*)OC)C(C)C)OC,tg,85.0,72.78509395782774,,False
*C1C2C(C(=O)N(C2=O)CCCCCCCCC)C(C1)C=C*,tg,52.0,56.65298637508724,59.98417282104492,True
*C1C2C(C(=O)N(C2=O)CCCCCCCC)C(C1)C=C*,tg,56.5,66.07790874305054,64.40826416015625,True
*Oc1cc(ccc1)C(=O)OC(=O)c1cc(ccc1)OCCC*,tg,53.0,52.7310393972701,53.0880012512207,True
*C(C*)(C(=O)OCCCCCCCCCCCOc1ccc(cc1)C(=O)Oc1ccc(cc1)C#N)C,tg,10.0,23.041862548156377,,False
*Oc1ccc(cc1)C(c1ccc(cc1)Oc1ccc(cc1)C(=O)c1ccc(cc1)C(c1ccc(cc1)C(=O)c1ccc(cc1)*)(C(F)(F)F)C(F)(F)F)(C(F)(F)F)C(F)(F)F,tg,185.0,184.71754195900087,182.3251190185547,True
*C(C*)(C(=O)OCC(=O)Nc1noc(c1)C)C,tg,128.0,88.67210636109736,122.17621612548828,True
*C1C(C(C(C1)(O)C(F)(F)F)(F)F)(C(C*)(F)F)F,tg,152.0,120.90161433719896,120.44901275634766,True
*OC(COC(=O)c1c(cccc1)C(=O)*)C,tg,95.0,76.43692476765985,61.60511779785156,True
*C1C(=O)N(C(=O)C1*)CCCCCOc1ccc(cc1)c1ccc(cc1)C#N,tg,75.0,87.16246917267794,,False
*OC(=O)Nc1c(ccc(c1)NC(=O)OCCN(CC*)c1ccc(cc1)c1oc2c(n1)ccc(c2)[N+](=O)[O-])C,tg,156.0,138.34916192624493,,False
*C(=C(*)C)CCCCC,tg,180.0,112.95384299073672,,False
*C(C*)C(C(F)(F)F)(F)F,tg,41.0,1.3979114844637757,,False
*c1cc2c(C(=O)N(C2=O)c2cc(c(cc2)Oc2c(cc(cc2)N2C(=O)c3c(C2=O)cc(cc3)C(=O)*)Br)Br)cc1,tg,296.0,292.91994630659383,296.6131286621094,True
*OC(C*)COC(=O)c1ccc(cc1)N1C(=O)C2C(C1=O)C1C=CC2C1,tg,62.5,140.8509933599794,139.406005859375,True
*Oc1ccc(cc1)S(=O)(=O)c1ccc(cc1)Oc1c(cc(cc1C)c1cc(c(c(c1)C)*)C)C,tg,268.07,246.55394479468015,292.2355041503906,True
*N(CC(C*)O)c1ccccc1,tg,65.75,82.92752742900753,84.28321075439453,True
*N(CC*)C(=O)c1c(cccc1)F,tg,109.0,97.76062806586236,,False
*c1nc(ccc1)Oc1ccc(cc1)Oc1ccc(cc1)S(=O)c1ccc(cc1)Oc1ccc(cc1)O*,tg,138.0,140.28496421210224,127.60897064208984,True
*C(C*)(C(=O)OCCN(c1cc(c(cc1)N=Nc1ccc(cc1)OC)C)CC)C,tg,95.0,94.86776377858776,106.87774658203125,True
*Nc1c(cccc1)c1ccc(cc1)NC(=O)c1cc(ccc1)C(=O)*,tg,248.0,272.09126329908565,279.72149658203125,True
*C(C*)(C(=O)OCc1c(cccc1Cl)Cl)C,tg,58.9,52.544313049390006,,False
*C(C*)(C(=O)OCCC)F,tg,62.0,78.41662002957001,68.81108093261719,True
*c1nc2c(c(c1c1ccccc1)c1ccc(cc1)Oc1ccc(cc1)c1c(c(nc3c1cccc3)c1ccc(cc1)c1ccc(cc1)*)c1ccccc1)cccc2,tg,345.0,315.2634396804908,327.9792785644531,True
*N1C(=O)c2c(C1=O)cc(cc2)NC(=O)OCCOc1ccc(cc1)C(c1ccc(cc1)OCCOC(=O)Nc1cc2c(C(=O)N(C2=O)c2cc(ccc2)P(=O)(c2cc(ccc2)*)C)cc1)(C(F)(F)F)C(F)(F)F,tg,204.0,208.8090720855902,222.2278289794922,True
*OP(=O)(Oc1ccc(cc1)S(=O)(=O)c1ccc(cc1)*)Oc1ccc(cc1)C,tg,66.0,86.35488340023387,,False
*Oc1ccc(cc1)C(=O)OCCN(CCOC(=O)c1ccc(cc1)OCC#CC#CC*)c1ccc(cc1)N=Nc1ccc(cc1)N=Nc1cc(c(c(c1)C)C#N)C,tg,120.0,124.51133829998793,112.1910171508789,True
*C(C*)(C(=O)OCCC(C(C(C(C(C(C(C(F)(F)F)(F)F)(F)F)(F)F)(F)F)(F)F)(F)F)(F)F)C,tg,31.25,67.85416505657504,33.39909744262695,True
*C1C(CC(C1)C(O)(C(F)(F)F)C(F)(F)F)(C(C*)(F)F)F,tg,118.0,130.61901535080997,,False
*c1nc(ccc1)N1C(=O)N(C(=O)C1=O)c1ccc(cc1)Cc1ccc(cc1)N1C(=O)N(C(=O)C1=O)*,tg,216.67,231.23860267810053,233.05311584472656,True
*c1cc2c(C(=O)N(C2=O)c2ccc(cc2)Oc2ccc(cc2)N2C(=O)c3c(C2=O)cc(cc3)C(=O)Nc2ccc(cc2)S(=O)(=O)c2ccc(cc2)NC(=O)*)cc1,tg,275.0,287.8510757545696,,False
*N1C(=O)c2c(C1=O)cc(cc2)S(=O)(=O)c1cc2c(C(=O)N(C2=O)c2cc(c(cc2)Oc2c(cc(cc2C(C)(C)C)c2ccc(cc2)*)C(C)(C)C)C(F)(F)F)cc1,tg,365.5,351.4576341177662,,False
*ON(C(C(*)(F)F)(F)F)C(F)(F)F,tg,-40.62,-36.34705006707895,,False
*C(C*)(C(=O)OC12CC3(CC(CC(C1)C3)(C2)C)C)CC(=O)OC,tg,144.0,170.08414854197883,,False
*OP(=O)(N=Nc1ccc(cc1)c1ccc(cc1)N=NP(=O)(OCC*)OCC)OCC,tg,43.0,42.09889754354196,27.92799186706543,True
*Nc1c(cc(c(c1)[N+](=O)[O-])NC(=O)CCCCCCC(=O)*)C=Cc1ccc(cc1)N(C)C,tg,177.6,160.3358671533633,171.8409423828125,True
*N1C(=O)c2c(C1=O)cc(cc2)Oc1ccc(cc1)Sc1ccc(cc1)Oc1cc2c(C(=O)N(C2=O)c2ccc(cc2)Oc2ccc(cc2)C(=O)c2cc(ccc2)C(=O)c2ccc(cc2)Oc2ccc(cc2)*)cc1,tg,192.0,198.31588243277565,,False
*c1nc2c(nc1)cc(cc2)c1ccc2c(nc(cn2)c2ccc(cc2)*)c1,tg,376.0,368.2273697067905,,False
*Nc1ccc(cc1)c1ccc(cc1)NC(=O)c1cc(cc(c1)NC(=O)c1ccc(cc1)NC(=O)C(N1C(=O)c2c(C1=O)cccc2)C)C(=O)*,tg,202.0,256.4753923492828,,False
*c1c(cc(cc1)*)C(=O)c1ccc(cc1)F,tg,194.0,189.26963871702745,,False
*c1ccc(cc1)C(=Cc1c(cc(c(c1)OC)C=C(*)c1ccc(cc1)F)OC)c1ccc(cc1)F,tg,193.0,184.47415612557404,,False
*C(C*)C(=O)OC1C2(CCC(C1)C2(C)C)C,tg,98.6,124.07499276880576,,False
*c1cc2c(C(=O)N(C2=O)c2ccc(cc2)Oc2ccc(cc2)N2C(=O)c3c(C2=O)cc(cc3)C(=O)c2ccc(cc2)Oc2ccc(cc2)Oc2ccc(cc2)C(=O)*)cc1,tg,220.0,224.5318539273062,,False
*NC(=O)CCCCCC*,tg,51.14,50.715382017516475,54.71438980102539,True
*c1cc2c(C(=O)N(C2=O)c2cc(c(cc2)Oc2c(cc(cc2)N2C(=O)c3c(C2=O)cc(cc3)C(=O)Nc2ccc(cc2)c2ccc(cc2)NC(=O)*)c2ccccc2)c2ccccc2)cc1,tg,358.0,300.9316732249126,304.7464904785156,True
*c1sc(cc1)Oc1ccc(cc1)C(c1ccc(cc1)Oc1ccc(cc1)S(=O)(=O)*)(C)C,tg,160.93,144.30296850413063,160.5630340576172,True
*NC(=O)CCCCC(=O)NCCCC*,tg,59.62,60.13167543268387,,False
*c1cc2c(C(=O)N(C2=O)c2ccc(cc2)c2cc(c(cc2)Oc2cc3c(C(CC3(c3ccc(cc3)Oc3c(cc(cc3)c3ccc(cc3)N3C(=O)c4c(C3=O)cc(cc4)C(=O)*)C(F)(F)F)C)(C)C)cc2)C(F)(F)F)cc1,tg,252.0,261.8449277564634,,False
*OC(=O)CCCCC(=O)OCC(C(C(C*)(F)F)(F)F)(F)F,tg,-60.5,-32.89162757955617,,False
*c1c(nc2c(n1)cc(cc2)Oc1ccc(cc1)NC(=O)c1cc2c(C(=O)N(C2=O)c2ccc(cc2)C(c2ccc(cc2)N2C(=O)c3c(C2=O)cc(cc3)C(=O)Nc2ccc(cc2)Oc2cc3c(nc(c(n3)c3ccc(cc3)Oc3ccc(cc3)*)c3ccc(cc3)[N+](=O)[O-])cc2)(C(F)(F)F)C(F)(F)F)cc1)c1ccc(cc1)[N+](=O)[O-],tg,303.0,297.06715346728527,281.79107666015625,True
*C(C*)(C(=O)Oc1ccc(cc1)N=Nc1ccc(cc1)[N+](=O)[O-])C,tg,145.0,125.98617031393223,,False
*C=CC(C(*)C(=O)OCCN(c1ccc(cc1)N(C)C)C)C,tg,16.0,38.380906396045695,28.7502498626709,True
*C(C*)c1c(ccc(c1)Br)OC(C)C,tg,35.0,84.95821062113787,,False
*c1ccc2N(c3c(Sc2c1)cc(cc3)c1sc(c(c1CCCCCC)CCCCCC)C=CC1=CC(=C(C#N)C#N)C=C(O1)C=Cc1sc(c(c1CCCCCC)CCCCCC)*)CCCCCC,tg,130.0,130.12045007965094,,False
*N1C(=O)c2c(C1=O)cc(cc2)C(=O)c1cc2c(C(=O)N(C2=O)CCC(=O)Nc2ccc(cc2)Cc2ccc(cc2)NC(=O)CC*)cc1,tg,221.0,202.39209955708395,188.6793975830078,True
*c1[nH]c(nc1c1ccc(cc1)Oc1ccc(cc1)C(=O)c1ccc(cc1)Oc1ccc(cc1)*)c1ccccc1,tg,259.0,238.4790599225585,,False
*c1nc2c(nc1)ccc(c2)c1ccc2c(nc(cn2)c2ccc(cc2)c2ccc(cc2)c2ccc(cc2)*)c1,tg,305.0,333.6965600975972,366.7773132324219,True
*N1C(=O)c2c(C1=O)cc(cc2)C(=O)c1cc2c(C(=O)N(C2=O)CCCCCCCCCCC(=O)Nc2ccc(cc2)Cc2ccc(cc2)NC(=O)CCCCCCCCCC*)cc1,tg,136.0,156.0961387258612,,False
*O[Si](*)(CCCCCn1c2ccccc2c2ccccc12)C,tg,7.0,9.119172667588822,,False
*C(C*)C(=O)OCC(F)(F)F,tg,0.97,11.685465909256608,,False
*c1sc(cc1)c1sc(cc1)c1sc(cc1)c1sc(cc1)[Si]([Si](*)(CCCC)CCCC)(CCCC)CCCC,tg,-1.0,-5.309913257462136,,False
*c1ccc2c3n(c4ccc(cc4n3)c3cc4n5c(nc4cc3)c3cccc4c(ccc(c5=O)c34)Oc3ccc(cc3)C(c3ccc(cc3)O*)(c3ccccc3)c3ccccc3)c(=O)c3cccc1c23,tg,357.0,366.2953477747948,,False
*Oc1ccc(cc1)c1ccc(cc1)OC1(C(C(C1(F)F)(F)F)(*)F)F,tg,157.93,113.67435286621414,121.7863540649414,True
*c1nc(sc1)N=Cc1ccc(cc1)OCCCCCCCCOc1ccc(cc1)C=Nc1nc(cs1)c1ccc(cc1)Oc1ccc(cc1)*,tg,150.0,115.8592446434942,113.80718994140625,True
*N1C(=O)N(C(=O)C1=O)c1ccc(cc1)Oc1ccc(cc1)N1C(=O)N(C(=O)C1=O)c1c(cccc1)CCc1ccc(cc1)*,tg,208.0,221.90163396242704,221.3573455810547,True
*OC(COC(=O)c1cc(ccc1)C(C(C(c1cc(ccc1)C(=O)OCC(*)(F)F)(F)F)(F)F)(F)F)(F)F,tg,30.0,36.99477915712008,15.495165824890137,True
*C(C*)c1ccc(cc1)Br,tg,132.66,133.2137959775993,,False
*NC(=O)c1cc(ccc1)C(=O)NCC(CCC*)(C)C,tg,153.0,140.4113961563016,,False
*OP(=O)(N=Nc1ccc(cc1)Oc1ccc(cc1)N=NP(=O)(OCC1CCC(CC1)C*)OC)OC,tg,50.0,52.30008472208903,37.00177764892578,True
*c1cc2c(C(=O)N(C2=O)c2cc(c(cc2)Oc2c(cc(cc2)N2C(=O)c3c(C2=O)cc(cc3)C(=O)Nc2cc(c(cc2)Oc2c(cc(cc2)NC(=O)*)c2ccccc2)c2ccccc2)c2ccccc2)c2ccccc2)cc1,tg,369.0,337.5036863554067,,False
*Oc1ccc(cc1)C(c1ccc(cc1)OCC(COc1c(cc(cc1Cl)C(c1cc(c(c(c1)Cl)OCC(C*)O)Cl)(C)C)Cl)O)(C)C,tg,100.0,120.2670279220976,118.17987060546875,True
*c1cc2C(c3c(c2cc1)ccc(c3)c1ccc(cc1)c1c(c(cc(c1)c1ccc(cc1)OCCCCCC)c1ccc(cc1)*)c1ccc(cc1)OCCCCCC)(CCCCCC)CCCCCC,tg,98.5,112.62340493664566,101.86615753173828,True
*Oc1c(c2c(cc1)cccc2)Sc1c2c(ccc1OCC(=O)Nc1ccc(cc1)Oc1ccc(cc1)NC(=O)C*)cccc2,tg,245.0,233.4612781911029,,False
*C(C*)(C(=O)OCCCCc1ccccc1)C,tg,9.0,38.77992424108312,,False
*C(C*)OCCOCCOCCOC,tg,-71.3,-48.26250356168779,,False
*C(C(CCCCCCCC*)c1ccc(cc1)O)c1c(cc(cc1)O)C,tg,-12.0,6.306096187275016,2.6500041484832764,True
*OC(=O)OCC1(CC=CCC1)C*,tg,30.0,36.52923501416014,47.68696975708008,True
*Oc1cc(ccc1)Oc1ccc(cc1)NC(=O)c1ccc(cc1)Oc1cc(ccc1)Oc1ccc(cc1)C(=O)Nc1ccc(cc1)*,tg,176.5,166.21472853892445,,False
*Oc1ccc(cc1)CC(NC(=O)CCc1ccc(cc1)OC(=O)CCCCCCC(=O)*)C(=O)OC,tg,55.5,59.83805228149256,,False
*Nc1ccc(cc1)C1(c2ccccc2c2ccccc12)c1ccc(cc1)NC(=O)c1cc(ccc1)C(=O)*,tg,277.0,306.6858183966674,,False
*c1cc2c(C(=O)N(C2=O)c2ccc(cc2)Oc2ccc(cc2)N2C(=O)c3c(C2=O)cc(cc3)C(=O)Nc2ccc(cc2)Oc2c(cccc2)c2c(cccc2)Oc2ccc(cc2)NC(=O)*)cc1,tg,244.0,243.73499821703655,,False
*C(C*)C(=O)Oc1ccc(cc1)C#N,tg,92.0,102.52673548128956,109.64940643310547,True
*N1C(=O)c2c(C1=O)cc(cc2)Oc1cc2c(C(=O)N(C2=O)CC2C3C(CC2)C2C(CC3C2)C*)cc1,tg,201.0,212.64723599813033,,False
*C1COC2C1OCC2OC(=O)CCCCCCCCC(=O)O*,tg,109.0,17.720821233720304,,False
*Oc1c(cc(cc1C)S(=O)(=O)c1cc(c(c(c1)C)OCC(COc1c(cc(cc1C)C(c1cc(c(c(c1)C)OCC(C*)O)C)(C)C)C)O)C)C,tg,145.0,126.74971792954308,145.22544860839844,True
*OC(=O)NC(=O)c1ccc(cc1)C(=O)NC(=O)OCC(C*)(C)C,tg,102.0,103.60885631340552,,False
*OC(*)C,tg,-21.07,-36.61202890017336,-5.420033931732178,True
*Oc1ccc(cc1)C(=O)OCC*,tg,77.67,80.65683470307779,68.52393341064453,True
*c1cc2c(nc([nH]2)S(=O)(=O)c2nc3c([nH]2)ccc(c3)c2cc(ccc2)*)cc1,tg,286.5,310.2997072375733,,False
*c1cc2c(C(=O)N(C2=O)c2ccc(cc2)c2nc(cc(c2)c2ccc(cc2)OC)c2ccc(cc2)N2C(=O)c3c(C2=O)cc(cc3)C(=O)*)cc1,tg,331.0,339.48801284789556,337.7634582519531,True
*Oc1ccc(cc1)Oc1ccc(cc1)C(=O)c1cc(ccc1)c1cc(ccc1)C(=O)c1ccc(cc1)*,tg,154.0,162.52416701135004,161.51998901367188,True
*c1c(cc(cc1)CC*)CC,tg,25.0,59.48291064488988,,False
*N1C(=O)c2c(C1=O)cc(cc2)Oc1cc2c(C(=O)N(C2=O)c2c(ccc(c2)C(c2cc(c(cc2)OCCN(c2ccc(cc2)C=CC2=CC(=C(S(=O)(=O)C)C#N)CC(C2)(C)C)c2ccccc2)*)(C(F)(F)F)C(F)(F)F)OCCN(c2ccc(cc2)C=CC2=CC(=C(S(=O)(=O)C)C#N)CC(C2)(C)C)c2ccccc2)cc1,tg,234.0,217.7944588842331,226.30494689941406,True
*OCC(C*)O,tg,17.0,-22.080939436984917,14.143794059753418,True
*OC(=O)OCCOCC*,tg,-40.0,-15.933067587100211,,False
*Oc1ccc(cc1)C(c1ccc(cc1)OC(=O)*)(CC)c1ccccc1,tg,147.0,185.66877067073472,,False
*c1cc2c(C(=O)N(C2=O)c2ccc(cc2)Oc2ccc(cc2)C2(C3C4C(CCC4)C(C2)C3)c2ccc(cc2)Oc2ccc(cc2)N2C(=O)c3c(C2=O)cc(cc3)C(=O)Nc2ccc(cc2)Oc2ccc(cc2)Oc2ccc(cc2)NC(=O)*)cc1,tg,257.0,259.37485879857473,,False
*Oc1cc(ccc1)Oc1ccc(cc1)Oc1c(cc(cc1)S(=O)(=O)c1cc(c(cc1)Oc1ccc(cc1)Oc1cc(ccc1)Oc1ccc(cc1)c1ccc(cc1)*)S(=O)(=O)O[Na])S(=O)(=O)O[Na],tg,283.0,275.42070454934594,,False
*C(C*)(C(=O)OCCCCCCOc1ccc(cc1)N=Nc1ccc(cc1)OCCCC)C,tg,79.0,67.5097934036545,,False
*OC(=O)NC(=O)c1cc(ccc1)C(=O)NC(=O)OCC(C*)CCCC,tg,64.0,97.31272207710656,,False
*c1c2c(c(nn1)c1ccc(cc1)Oc1ccc(cc1)C(c1ccc(cc1)Oc1ccc(cc1)*)(C)C)c(c(c(c2c1ccc(cc1)F)c1ccc(cc1)F)c1ccc(cc1)F)c1ccc(cc1)F,tg,276.67,274.30488391459903,,False
*C=CC(C(*)C(=O)OC)C,tg,53.0,47.64474329098036,10.232882499694824,True
*Nc1ccc(cc1)CC(NC(=O)CCC(=O)*)(C)C,tg,158.0,122.9636719056537,,False
*OC(=O)c1cc2c(cc1)cc(cc2)C(=O)OCCCCCCC*,tg,44.25,50.34033214106625,,False
*NC(=O)C(CC(C(=O)NCCCCCC*)CC)CC,tg,94.0,79.21884527821366,63.550689697265625,True
*Oc1ccc(cc1)C(=O)c1ccc(cc1)OCCCCCCOC(=O)OCCCCCCCCCOC(=O)OCCCCCC*,tg,-6.0,-8.437080585926044,,False
*C(C*)(c1cc2c(cc1)cccc2)C,tg,208.0,167.033319796089,,False
*Oc1ccc(cc1)NC(=O)c1c(cc(cc1)c1cc(c(cc1)C(=O)Nc1ccc(cc1)Oc1ccc(cc1)C(c1ccc(cc1)*)(C)C)C)C,tg,230.0,215.94312868790735,214.71214294433594,True
*Oc1ccc(cc1)N=CCCCC=Nc1ccc(cc1)OC(=O)NCCCCCCNC(=O)*,tg,72.0,65.27568099386873,46.18387985229492,True
*C(C*)(C(=O)OCCOCCOCCOCCOc1ccc(cc1)N=Nc1ccc(cc1)C#N)C,tg,20.0,26.646989929642498,,False
*S(=O)(=O)C1C(CCCC1)*,tg,77.0,70.82487749993167,,False
*C(C*)c1nc(ccc1)C,tg,92.0,117.71796680550916,93.35989379882812,True
*OC(=O)c1cc(ccc1)C(=O)OCCOCC*,tg,16.0,-4.188170310747188,,False
*Oc1ccc(cc1)C(c1ccc(cc1)Oc1c(c(c(c(c1F)F)C(=O)c1c(c(c(c(c1F)F)*)F)F)F)F)(c1ccccc1)C,tg,175.0,160.94600287609904,151.0289306640625,True
*C(C*)c1c(cccc1)COCCCCC,tg,47.0,36.699121924981526,,False
*Oc1ccc(cc1)CC(NC(=O)CCc1ccc(cc1)OC(=O)CCCCCCCCC(=O)*)C(=O)OCCOCCOCC,tg,2.0,9.17510469034766,,False
*Nc1c(ccc(c1)NC(=O)c1cc(cc(c1)NC(=O)C(C(CC)C)N1C(=O)c2c(C1=O)cccc2)C(=O)*)C,tg,166.0,206.39829584701977,,False
*Oc1c(cc(cc1Cl)*)Cl,tg,179.18,167.1221168373219,192.51686096191406,True
*C(C*)OC(=O)C1(CCCCC1)C,tg,86.0,79.84668636626493,,False
*C(C*)(C(=O)OC(C(F)(F)F)C(F)(F)F)C,tg,73.0,99.18787747231454,,False
*C1C2C(C(=O)N(C2=O)c2ccc(cc2)Cl)C(C1)C=C*,tg,226.3,229.2018678694868,,False
*c1c(cc(c(c1)OC)C=C*)OCCCC,tg,65.0,85.49294274903077,92.9671859741211,True
*OC(=O)c1ccc(cc1)C(C(C(c1ccc(cc1)C(=O)*)(F)F)(F)F)(F)F,tg,98.0,92.46151905458883,,False
*OC(=O)NCCCCCCNC(=O)OCC(C(C*)(F)F)(F)F,tg,9.0,15.795460558725914,11.462516784667969,True
*C(C*)CO,tg,36.0,58.12699100982422,,False
*c1[nH]c(nc1c1ccc(cc1)Oc1ccc(cc1)C(=O)c1ccc(cc1)Oc1ccc(cc1)C(=O)c1ccc(cc1)Oc1ccc(cc1)*)c1ccccc1,tg,239.0,224.34973186029595,,False
*Oc1c(c(c(c(c1F)F)c1c(c(c(c(c1F)F)Oc1ccc(cc1)C(c1ccc(cc1)*)(C(F)(F)F)C(F)(F)F)F)F)F)F,tg,148.69,144.35211348189637,,False
*NC(=O)c1c(cc(cc1)C(=O)NCCCCCC*)Sc1ccccc1,tg,121.0,117.99784136015656,,False
*N1C(CN(C(C1)C)C(=O)Nc1ccc(cc1)c1ccc(cc1)NC(=O)*)C,tg,250.0,229.1191297769344,,False
*N1C(=O)c2c(C1=O)cc(cc2)Oc1ccc(cc1)C(c1ccc(cc1)Oc1cc2c(C(=O)N(C2=O)c2cc(ccc2)P(=O)(c2cc(ccc2)*)C)cc1)(C)C,tg,228.0,235.5463271068617,216.22825622558594,True
*Oc1ccc(cc1)OC(=O)c1c(cc(cc1)C(=O)*)Oc1ccc(cc1)c1ccccc1,tg,112.5,128.8364980412255,,False
*Oc1c2c(ccc1)ccc(c2)Oc1ccc(cc1)NC(=O)c1ccc(cc1)C(c1ccc(cc1)C(=O)Nc1ccc(cc1)*)(C(F)(F)F)C(F)(F)F,tg,252.0,231.09254944946488,,False
*NC(=O)CCCCCC(=O)NCCCCCCC*,tg,55.0,49.677150424676995,,False
*N1C(=O)c2c(C1=O)cc(cc2)Oc1ccc(cc1)Oc1ccc(cc1)Oc1cc2c(C(=O)N(C2=O)c2ccc(cc2)Oc2ccc(cc2)Oc2ccc(cc2)*)cc1,tg,198.5,206.5243781596339,222.1815643310547,True
*C1=CC(=C(C#N)C#N)C=C(O1)C=Cc1sc(c(c1CCCCCC)CCCCCC)c1sc(cc1)c1sc(cc1)c1sc(c(c1CCCCCC)CCCCCC)C=C*,tg,112.0,125.04166700743497,124.10625457763672,True
*OC(C#CC#CC(OC(=O)c1ccc(cc1)C(=O)*)C)C,tg,133.0,96.05277772707386,,False
*Oc1ccc(cc1)OC(=O)Oc1ccc(cc1)C(c1ccc(cc1)OC(=O)*)(C)C,tg,97.0,110.7180893318115,,False
*c1cc2c(C(=O)N(C2=O)c2cc(ccc2)S(=O)(=O)c2cc(ccc2)N2C(=O)c3c(C2=O)cc(cc3)C(*)(C(F)(F)F)C(F)(F)F)cc1,tg,262.38,281.48675575694534,284.9168701171875,True
*OC(=O)CC*,tg,-24.18,-13.281931653948115,,False
*C(C*)OC(=O)C(C(F)(F)F)(F)F,tg,42.0,34.93421917176655,26.472238540649414,True
*C1CC2CC(CC(C1)O2)OC(=O)Nc1ccc(cc1)Cc1ccc(cc1)NC(=O)O*,tg,200.0,184.1421657681424,,False
*NC(=O)CCCCCC(=O)NCC(CCC*)(C)C,tg,70.5,59.265935342048614,,False
*OC(=O)NCC(C(C(C(CNC(=O)OCC(C(C(C(C*)(F)F)(F)F)(F)F)(F)F)(F)F)(F)F)(F)F)(F)F,tg,20.0,11.91697190346366,,False
*c1nc2c(c(c1)c1ccccc1)cc(cc2)*,tg,415.0,284.81669186341145,372.8841247558594,True
*N1C(=O)c2c(C1=O)cc(cc2)Oc1cc2c(cc1Oc1cc3c(C(=O)N(C3=O)c3c(cc(cc3C)c3cc(c(c(c3)C)*)C)C)cc1)cccc2,tg,308.0,327.65148043802054,,False
*N1C(=O)c2c(C1=O)cc(cc2)Oc1cc(ccc1)Oc1cc2c(C(=O)N(C2=O)c2ccc(cc2)Oc2cc(ccc2)Oc2ccc(cc2)*)cc1,tg,188.0,203.46434523047785,,False
*Oc1ccc(cc1)NC(=O)c1cc(ccc1)C(=O)Nc1ccc(cc1)Oc1ccc(cc1)C(c1ccc(cc1)*)(C(F)(F)F)C(F)(F)F,tg,226.25,227.78616338825617,216.59814453125,True
*N1C(=O)c2c(C1=O)cc(cc2)C(c1cc2c(C(=O)N(C2=O)CC*)cc1)(C(F)(F)F)C(F)(F)F,tg,180.0,213.77797332525972,,False
*N1C(=O)c2c(C1=O)cc(cc2)c1cc2c(C(=O)N(C2=O)c2cc(c(c(c2)C(=O)OCCCCCC)c2c(cc(cc2Br)*)C(=O)OCCCCCC)Br)cc1,tg,154.0,137.4592604441692,,False
*C(C*)(C(=O)OCCCCCOc1ccc(cc1)OC(=O)c1ccc(cc1)OC)C,tg,38.0,38.58402685649881,,False
*Oc1ccc(cc1)Oc1ccc(cc1)NC(=O)c1ccc(cc1)Oc1c(cc(cc1)Oc1ccc(cc1)C(=O)Nc1ccc(cc1)*)c1ccccc1,tg,209.0,200.09558765976956,,False
*C(C(C(C*)C#N)CCC(O)(C)C=C)(C)C,tg,50.0,80.00215634615455,82.61236572265625,True
*OC(=O)CCCCCCCCCCCCCCCCCCCCCCCCCCCCCCCCCCC(=O)OCCCC*,tg,-55.0,-54.34432540919428,,False
*N(c1ccc(cc1)C=C(c1c(cc(c(c1)OCCCCCCCC)C(=Cc1ccc(cc1)*)C#N)OCCCCCCCC)C#N)c1ccccc1,tg,78.0,109.9845405446186,124.44762420654297,True
*c1ccc2N(c3c(Sc2c1)cc(cc3)c1sc(cc1)c1sc(cc1)c1ccc2N(c3c(Sc2c1)cc(cc3)C=C*)c1ccc(cc1)OCCCCCCCCCCCC)c1ccc(cc1)OCCCCCCCCCCCC,tg,115.8,129.62119389524472,138.74078369140625,True
*N1C(=O)c2c(C1=O)cc(cc2)Oc1ccc(cc1)Sc1ccc(cc1)Oc1cc2c(C(=O)N(C2=O)c2ccc(cc2)Oc2cc(ccc2)Oc2ccc(cc2)*)cc1,tg,178.0,188.30126166970385,195.983642578125,True
*c1cc2c(C(=O)N(C2=O)c2cc(ccc2)S(=O)(=O)c2cc(ccc2)N2C(=O)c3c(C2=O)cc(cc3)C(=O)*)cc1,tg,263.33,272.08406754025106,,False
*C(C*)c1c(ccc(c1)C(=O)Oc1ccc(cc1)OC)C(=O)Oc1ccc(cc1)OC,tg,109.67,128.2498647542209,,False
*N1C(=O)c2c(C1=O)cc(cc2)Oc1cc(ccc1)C(=O)Nc1ccc(cc1)Oc1ccc(cc1)Oc1ccc(cc1)*,tg,213.0,206.09569595582408,,False
*Oc1cc(ccc1)NC(=O)c1cc(ccc1)OCC(COc1ccc(cc1)C(c1ccc(cc1)OCC(C*)O)(C)C)O,tg,117.0,116.19487557776688,99.4517593383789,True
*OC(=O)c1cc(ccc1)C(=O)OCCCCCC*,tg,5.5,3.2608204126386107,10.42088794708252,True
*Nc1cc(ccc1)NC(=O)c1ccc(cc1)NC(=O)c1ccc(cc1)[Si](c1ccc(cc1)C(=O)Nc1ccc(cc1)C(=O)*)(C)C,tg,303.0,284.1047571706467,,False
*Oc1ccc(cc1)S(=O)(=O)c1ccc(cc1)Oc1ccc(cc1)NC(=O)c1ccc(cc1)Oc1ccc(cc1)C(c1cc(ccc1)C(c1ccc(cc1)Oc1ccc(cc1)C(=O)Nc1ccc(cc1)*)(C)C)(C)C,tg,167.0,177.47007184738018,185.4035186767578,True
*C(C*)(C(=O)OCCCCCC(=O)Oc1ccc(cc1)OC(=O)c1ccc(cc1)OCCCC)C,tg,40.0,35.077216709948935,,False
*C1(c2c(C(=O)O1)cccc2)c1cc(c(c(c1)Br)OC(=O)c1ccc(cc1)C(=O)Oc1c(cc(cc1Br)*)Br)Br,tg,319.0,277.9060076185078,,False
*Oc1ccc(cc1)C(c1ccc(cc1)OCC(=O)OC(=O)C*)(C)C,tg,105.0,81.94932419194257,106.26288604736328,True
*N1C(=O)c2c(C1=O)cc(cc2)S(=O)(=O)c1cc2c(C(=O)N(C2=O)CCCCCCOC(=O)CCCCCCC(=O)OCCCCCC*)cc1,tg,46.0,77.46923387493752,62.6424446105957,True
*c1c(c(cc(c1)C(c1ccc(cc1)O)(C)C)*)O,tg,135.0,202.0636722128005,,False
*Oc1ccc(cc1)NC(=O)c1cc(cc(c1)C(C)(C)C)C(=O)Nc1ccc(cc1)Oc1ccc(cc1)C(c1ccc(cc1)*)(C)C,tg,215.33,221.84062274940064,210.57493591308594,True
*C(C*)c1cc(c(cc1)OC(=O)C)OC,tg,115.0,95.51476521017544,,False
*C(C*)OC(=O)C(F)(F)F,tg,52.4,47.61354035353875,46.17209243774414,True
*Oc1ccc(cc1)CC1(c2ccccc2c2ccccc12)Cc1ccc(cc1)*,tg,138.0,232.08367444512683,193.7164764404297,True
*c1oc(nn1)c1nc(ccc1)c1oc(nn1)c1ccc(cc1)[Si](c1ccc(cc1)*)(c1ccccc1)c1ccccc1,tg,265.0,262.8575848832134,,False
*N1C(=O)c2c(C1=O)cc(cc2)Oc1ccc(cc1)C(c1ccc(cc1)Oc1cc2c(C(=O)N(C2=O)c2ccc(cc2)Oc2ccc(cc2)c2ccc(cc2)Oc2ccc(cc2)*)cc1)(C(F)(F)F)C(F)(F)F,tg,217.0,225.36416078309537,227.069580078125,True
*OC(=O)c1cc(ccc1)C(=O)OCCCCCCCCCC*,tg,-22.5,1.937891560523294,,False
*c1nc2c([nH]1)ccc(c2)c1ccc2c(nc([nH]2)CCCCCNc2nc(nc(n2)NCCCCC*)N(CC)CC)c1,tg,190.0,118.03604758251332,122.1385498046875,True
*OC(=O)c1ccc(cc1)C(=O)OCCOC(=O)CCCCCCCCCCC(=O)OCC*,tg,-8.0,-0.2357612440846253,,False
*OC(C*)CCl,tg,-21.5,-16.93383417371452,-33.068389892578125,True
*N1C(=O)c2c(C1=O)cc(cc2)[Si](c1cc2c(C(=O)N(C2=O)c2ccc(cc2)Oc2ccc(cc2)S(=O)(=O)c2ccc(cc2)Oc2ccc(cc2)*)cc1)(C)C,tg,238.0,245.8985818095472,,False
*N(c1ccc(cc1)C(c1ccc(cc1)*)c1ccc(cc1)OCCCC)c1ccc(cc1)C,tg,170.0,159.7658628650495,167.0404052734375,True
*c1cc2c(oc(n2)c2ccc(cc2)Oc2ccc(cc2)c2oc3c(n2)cc(cc3)C(*)(C(F)(F)F)C(F)(F)F)cc1,tg,294.92,309.2910944432279,305.1256103515625,True
*Oc1ccc(cc1)C(=O)N(C(=O)c1ccc(cc1)OCCCCCC*)c1ccccc1,tg,100.0,86.88462282812998,82.17815399169922,True
*C(C*)C(=O)Oc1c(c(c(c(c1Cl)Cl)Cl)Cl)Cl,tg,145.0,130.03830556905828,,False
*c1cc2c(C(=O)N(C2=O)c2cc(ccc2)Oc2cc(ccc2)N2C(=O)c3c(C2=O)cc(cc3)C(*)(C(F)(F)F)C(F)(F)F)cc1,tg,244.0,247.91108304415025,,False
*c1c(nc2c(n1)cc(cc2)Oc1ccc(cc1)NC(=O)c1cc(cc(c1)N1C(=O)c2c(C1=O)cccc2)C(=O)Nc1ccc(cc1)Oc1cc2c(nc(c(n2)c2ccc(cc2)Oc2ccc(cc2)*)c2ccc(cc2)[N+](=O)[O-])cc1)c1ccc(cc1)[N+](=O)[O-],tg,305.0,275.13606391862436,,False
*N1C(=O)c2c(C1=O)cc(cc2)c1cc2c(C(=O)N(C2=O)c2c(cc(c(c2C)*)C)C)cc1,tg,385.0,393.39343515750414,423.05322265625,True
*Oc1c(cc(cc1)C=C1C(=O)C(=Cc2cc(c(cc2)OCCCCCCCCCC*)OC)CCC1)OC,tg,60.0,64.2022696138955,,False
*c1nc2c(nc1c1cc3c(cc1)cccc3)cc(cc2)c1cc2c(nc(c(n2)c2ccc(cc2)*)c2cc3c(cc2)cccc3)cc1,tg,333.0,364.6619950195119,,False
*C(C(CCCCCCCCCC*)c1ccc(cc1)O)c1c(cc(cc1)O)C,tg,-4.0,0.140134791156914,,False
*OC(C*)C(C)(C)C,tg,16.8,44.1740315752981,14.205619812011719,True
*N1C(=O)c2c(C1=O)cc(cc2)c1cc2c(C(=O)N(C2=O)CCCCCOC(=O)CCCCCCCCCCN2C(=O)c3c(C2=O)cc(cc3)c2ccc(cc2)c2cc3c(C(=O)N(C3=O)CCCCCCCCCCC(=O)OCCCCC*)cc2)cc1,tg,41.0,79.28841146141417,59.55527114868164,True
*C(C*)C(=O)OCCCCn1c2ccccc2c2ccccc12,tg,68.0,64.21385283263623,,False
*Oc1ccc(cc1)S(=O)(=O)c1ccc(cc1)OCC(COc1c(cc(cc1C)C(c1cc(c(c(c1)C)OCC(C*)O)C)(C)C)C)O,tg,145.0,144.27389902782105,,False
*Oc1ccc(cc1)S(=O)(=O)c1cc2c(cc1)cc(cc2)S(=O)(=O)c1ccc(cc1)Oc1ccc(cc1)c1ccc(cc1)*,tg,255.0,257.05738914959653,269.9936218261719,True
*OC(=O)c1ccc(cc1)c1ccc(cc1)C(=O)OCCCCCCC*,tg,41.71,47.30857123148176,,False
*C1(C(C(C1(F)F)(C(*)(F)F)F)(F)F)F,tg,122.0,111.27327634350412,,False
*N1C(=O)c2c(C1=O)cc(cc2)C(=O)Oc1ccc(cc1)C(c1ccc(cc1)OC(=O)c1cc2c(C(=O)N(C2=O)CCCOCCCCOCCC*)cc1)(C)C,tg,60.0,87.87646066934822,,False
*Oc1c(ccc(c1)Oc1cc(ccc1)NC(=O)c1c(ccc(c1)Oc1cc(c(cc1)C(=O)O)C(=O)Nc1cc(ccc1)*)C(=O)O)C#N,tg,195.8,168.88832829388986,171.68666076660156,True
*Oc1ccc(cc1)S(=O)(=O)c1ccc(cc1)Oc1ccc(cc1)C=C1C(=O)C(=Cc2ccc(cc2)Oc2ccc(cc2)S(=O)(=O)c2ccc(cc2)Oc2ccc(cc2)C(c2ccc(cc2)*)(C)C)CCC1,tg,194.0,190.95450192821588,187.87242126464844,True
*N(CC*)C,tg,-31.0,-49.90951708934012,-23.47513771057129,True
*OC(=O)NC(=O)c1cc(ccc1)C(=O)NC(=O)OCC(C*)CCCCCCCCCCCC,tg,112.0,56.61198538230328,60.13613510131836,True
*N1C(=O)c2c(C1=O)cc(cc2)Oc1cc2c(C(=O)N(C2=O)c2ccc(cc2)Cc2ccc(cc2)*)cc1,tg,265.33,269.98530629359044,,False
*OC(=O)C1C2C=CC(C1C(=O)OCC*)C2,tg,0.0,92.86230147413085,85.07415008544922,True
*OC(=O)NC(c1cc(ccc1)C(NC(=O)OCCN(CC*)c1ccc(cc1)N=Nc1ccc(cc1)[N+](=O)[O-])(C)C)(C)C,tg,103.0,113.96984009022913,,False
*OC(=O)CCCCCCCCC(=O)OCC(=O)NCCCCCCNC(=O)C*,tg,2.0,4.4721385479005455,,False
*Oc1ccc(cc1)OCC(CN(S(=O)(=O)c1cc(ccc1)S(=O)(=O)N(CC(C*)O)C)C)O,tg,66.0,80.48472643078817,73.80608367919922,True
*OC(=O)NCCC*,tg,22.0,37.57070929334789,,False
*Oc1ccc(cc1)N=Nc1cc(c(cc1)Cc1c(cc(cc1)N=Nc1ccc(cc1)OC(=O)c1ccc(cc1)C(=O)*)[N+](=O)[O-])[N+](=O)[O-],tg,198.0,209.248654444782,,False
*Oc1ccc(cc1)C(c1ccc(cc1)OC(=O)OC1C(C(C1(C)C)OC(=O)*)(C)C)(C)C,tg,130.0,132.8131572645566,,False
*OC(=O)Nc1c(ccc(c1)NC(=O)OCCN(CC*)c1ccc(cc1)N=Nc1ccc(cc1)c1oc2c(n1)cccc2)C,tg,152.0,166.97382105905862,146.42547607421875,True
*OC(=O)Nc1ccc(cc1)Cc1ccc(cc1)NC(=O)OCCCC*,tg,69.2,94.63644041625668,,False
*N1C(=O)c2c(C1=O)cc(cc2)NC(=O)Nc1ccc(cc1)c1nc(cc(c1)c1ccc(cc1)c1ccccc1)c1ccc(cc1)NC(=O)Nc1cc2c(C(=O)N(C2=O)c2ccc(cc2)Oc2c(c3c(cc2)cccc3)c2c3c(ccc2Oc2ccc(cc2)*)cccc3)cc1,tg,302.0,258.9136176372945,,False
*C1C(=O)OC(=O)C1C(C*)OCC,tg,146.0,128.04141098958078,,False
*Oc1ccc(cc1)C(c1ccc(cc1)OC(=O)OC1C(C(C1(C)C)OC(=O)*)(C)C)(c1ccccc1)C,tg,149.0,151.46945338586883,,False
*Nc1c(cccc1)CCc1ccc(cc1)NC(=O)*,tg,197.0,162.53919430527944,,False
*N=P(*)(OCCCCC)OCCC,tg,-100.0,-95.82146035165675,,False
*N1C(=O)c2c(C1=O)cc(cc2)Oc1c(cc(cc1C)Cc1cc(c(c(c1)C)Oc1cc2c(C(=O)N(C2=O)c2cc(ccc2)*)cc1)C)C,tg,245.0,275.21295085240286,,False
*c1cc2c(C(=O)N(C2=O)c2cc(ccc2)Cc2ccc(cc2)N2C(=O)c3c(C2=O)cc(cc3)C(=O)*)cc1,tg,265.6,282.5849179787302,,False
*C(C*)CCCCCC,tg,-56.48,-34.83382180594626,,False
*N1C(=O)c2c(C1=O)cc(c(c2)c1ccc(cc1)[Si](C)(C)C)c1cc2c(C(=O)N(C2=O)c2ccc(cc2)Oc2ccc(cc2)*)cc1c1ccc(cc1)[Si](C)(C)C,tg,348.0,351.28403641061306,,False
*c1cc2c(C(=O)N(C2=O)c2c3c(ccc2)c(ccc3)N2C(=O)c3c(C2=O)cc(cc3)C(=O)Nc2c(c(cc(c2)C(c2cc(c(c(c2)NC(=O)*)C)C)(C(F)(F)F)C(F)(F)F)C)C)cc1,tg,250.0,265.32205586694846,,False
*N1CC(CCCC1)NC(=O)CCCCCCCCC(=O)*,tg,-46.5,62.75514893769101,87.37384033203125,True
*c1cc2c(C(=O)N(C2=O)c2c(ccc(c2)N2C(=O)c3c(C2=O)cc(cc3)C(=O)OCCN(CCOC(=O)*)c2ccc(cc2)C(=C(C#N)C#N)C#N)N=Nc2ccc(cc2)C(=C(C#N)C#N)C#N)cc1,tg,187.0,151.33855938522038,164.4667205810547,True
*C(C*)(C(=O)OCCCCCn1c2ccccc2c2ccccc12)C,tg,91.0,76.67965062456051,77.04071807861328,True
*Oc1ccc(cc1)C(=Nc1ccc(cc1)N=C(c1ccc(cc1)Oc1ccc(cc1)C(c1ccc(cc1)*)(c1ccccc1)c1ccccc1)C)C,tg,178.0,200.3076207451982,202.9208221435547,True
*Oc1ccc(cc1)OC(=O)c1c(ccc(c1)N=Nc1ccc(cc1)OCC)c1c(cc(cc1)N=Nc1ccc(cc1)OCC)C(=O)*,tg,170.0,179.17526111767293,164.3945770263672,True
*c1oc(nn1)c1ccc(cc1)C(=O)OCCCCCCOc1ccc(cc1)C=C1C(=O)C(=Cc2ccc(cc2)OCCCCCCOC(=O)c2ccc(cc2)*)CCC1,tg,71.0,85.23945328998741,84.7818374633789,True
*OC(=O)Nc1ccc(cc1)Cc1ccc(cc1)NC(=O)OCC*,tg,107.23,105.5603474156542,,False
*Oc1ccc(cc1)S(=O)(=O)c1ccc(cc1)Oc1ccc(cc1)C=Cc1ccc(cc1)*,tg,214.0,155.91173911116076,,False
*C(C*)OC(=O)c1cc(ccc1)OC,tg,44.0,57.60217529393122,,False
*Nc1ccc(cc1)Cc1ccc(cc1)NC(=O)c1cc(cc(c1)S(=O)(=O)c1ccccc1)C(=O)*,tg,270.0,283.2364794802395,302.2316589355469,True
*c1[nH]c(nc1c1ccc(cc1)NC(=O)Nc1ccc(cc1)NC(=O)Nc1ccc(cc1)*)c1ccc(cc1)c1[nH]c(c(n1)c1ccc(cc1)[N+](=O)[O-])c1ccc(cc1)[N+](=O)[O-],tg,272.0,258.80437376649104,277.5980529785156,True
*Oc1ccc(cc1)S(=O)(=O)c1ccc(cc1)Oc1ccc(cc1)C1CC(CCC1)C(c1ccc(cc1)*)C,tg,230.0,192.44276410263151,,False
*Oc1ccc(cc1)CC(NC(=O)CCc1ccc(cc1)OC(=O)CCCC(=O)*)C(=O)OCCCCCCCCCCCC,tg,27.5,31.07441399698295,,False
*Oc1c(cc(cc1)C1(C2CCC(C1)C2)c1cc(c(cc1)OC(=O)*)C)C,tg,161.0,187.78367052255552,209.18663024902344,True
*Oc1c(cc(c(c1)C(C)(C)C)Oc1ccc(cc1)C(=O)Nc1c(cc(cc1C)Cc1cc(c(c(c1)C(C)C)NC(=O)c1ccc(cc1)*)C)C(C)C)C(C)(C)C,tg,260.0,265.19696216013426,,False
*Oc1ccc(cc1)C(c1ccc(cc1)OC(=S)*)C,tg,101.67,115.36897675402732,,False
*N1C(=O)c2c(C1=O)cc(cc2)Oc1ccc(cc1)C(c1ccc(cc1)Oc1cc2c(C(=O)N(C2=O)c2ccc(cc2)N(c2ccc(cc2)*)c2ccc(cc2)C#N)cc1)(C)C,tg,230.0,235.45124042151497,,False
*c1sc(nn1)SCC(=O)NN=Cc1cc(c(cc1)OCCCCCCCCCCOc1c(cc(cc1)C=NNC(=O)CS*)OC)OC,tg,156.0,76.53585526007714,82.71468353271484,True
*N1C(=O)c2c(C1=O)cc(cc2)Oc1cc2c(C(=O)N(C2=O)c2c(ccc(c2)C(c2cc(c(cc2)OCCN(c2ccc(cc2)C=CC2=CC(=C(C#N)C#N)CC(C2)(C)C)c2ccccc2)*)(C(F)(F)F)C(F)(F)F)OCCN(c2ccc(cc2)C=CC2=CC(=C(C#N)C#N)CC(C2)(C)C)c2ccccc2)cc1,tg,220.0,217.4529154393708,199.60728454589844,True
*O[Si](O[Si](c1ccc(cc1)[Si](*)(C)C)(C)C)(c1ccccc1)c1ccccc1,tg,0.0,11.923812238562212,,False
*N=P(*)(OCCCCCCCC)OCCCCCCCC,tg,-84.0,-97.12054196984307,-73.62421417236328,True
*N1C(=O)N(C(=O)C1=O)c1ccc(cc1)Cc1ccc(cc1)N1C(=O)N(C(=O)C1=O)CCCCCC*,tg,158.0,149.32147960695008,,False
*OC(=O)CCCCCCCCCCC(=O)OCC#CC*,tg,-27.0,-37.48016946752898,-31.500707626342773,True
*Nc1ccc(cc1)Cc1ccc(cc1)NC(=O)CCCCCCCCC(=O)*,tg,160.0,117.66636736617612,,False
*Nc1cc(ccc1)NC(=O)CCCCC(=O)Nc1ccc(cc1)C(=O)NC(=S)*,tg,267.0,203.07274208167655,,False
*c1cc2c(C(=O)N(C2=O)c2c(c(cc(c2)C(F)(F)F)N2C(=O)c3c(C2=O)cc(cc3)C(=O)Nc2ccc(cc2)Oc2ccc(cc2)NC(=O)*)Oc2ccc(cc2)C(F)(F)F)cc1,tg,295.0,284.32416895012267,280.1624755859375,True
*C(C*)(C(=O)OC1C2(CCC(C1)C2(C)C)C)C,tg,149.83,152.74509542209867,162.68759155273438,True
*Oc1ccc(cc1)C1(CC(CCC1)c1ccc(cc1)OCC(C*)OC(=O)C)CC,tg,107.0,128.61314845282564,97.80147552490234,True
*Oc1ccc(cc1)C(c1ccc(cc1)Oc1ccc(cc1)C(=O)c1cc(cc(c1)C(C)(C)C)C(=O)c1ccc(cc1)*)(C(F)(F)F)C(F)(F)F,tg,181.0,172.99218733597266,,False
*OC(C*)CS(=O)(=O)CCCCC,tg,38.5,9.1308829330068,29.00465202331543,True
*C(C*)(C(=O)Oc1c(cc(cc1OC)C=Cc1ccccc1)OC)C,tg,140.0,120.8103210499882,,False
*Nc1ccc(cc1)C(c1ccc(cc1)NC(=O)c1cc(cc(c1)N1C(=O)C=CC1=O)C(=O)*)(C)C,tg,303.0,280.457933371604,281.3417663574219,True
*C1C(C(C(C1)C*)OC(=O)CCCCCCCCCCOc1ccc(cc1)c1ccc(cc1)C#N)OC(=O)CCCCCCCCCCOc1ccc(cc1)c1ccc(cc1)C#N,tg,14.5,21.597491011992,37.949058532714844,True
*N1C(=O)c2c(C1=O)cc(cc2)Oc1ccc(cc1)C1(CCC(CC1)c1ccccc1)c1ccc(cc1)Oc1cc2c(C(=O)N(C2=O)c2ccc(cc2)Oc2cc(c(cc2)c2c(cc(cc2)Oc2ccc(cc2)*)C)C)cc1,tg,226.0,239.816719245287,234.7295379638672,True
*O[Si](Oc1ccc(cc1)C1(c2ccccc2c2ccccc12)c1ccc(cc1)*)(c1ccccc1)c1ccccc1,tg,166.0,183.6957255735831,,False
*C(C*)(C(=O)OCCCOc1ccc(cc1)C(=O)Oc1ccc2c(c1)oc(=O)cc2)C,tg,68.0,105.82291617659058,,False
*C(C*)(C(=O)Oc1cc2c(CCC2)cc1)C,tg,104.25,120.9744875206212,131.06631469726562,True
*c1c2n(c3c(c2cc(c1)C(C)(C)C)cc(cc3C#CC#C*)C(C)(C)C)CCCCCCCCCCCCCCCC,tg,67.0,82.47499004928619,81.13438415527344,True
*NC(=O)CCCCC(=O)NCCCCCCCCC*,tg,60.33,46.21318853661611,,False
*N1C(=O)c2c(C1=O)cc(cc2)Oc1ccc(cc1)Oc1cc2c(C(=O)N(C2=O)c2ccc(cc2)Oc2ccc(cc2)S(=O)(=O)c2ccc(cc2)Oc2ccc(cc2)*)cc1,tg,201.0,225.57956502018877,,False
*C(C*)(C(=O)OCCCCCCCCCCCC[n+]1ccc(cc1)N(C)C)C,tg,55.5,52.36716370219785,,False
*Oc1ccc(cc1)Oc1ccc(cc1)C(=O)c1cc(ccc1)NC(=O)CCCCCCCCC(=O)Nc1cc(ccc1)C(=O)c1ccc(cc1)*,tg,144.0,148.5874958297133,,False
*Nc1cc(cc(c1)C(=O)OCCOC(=O)C=Cc1ccc(cc1)N(C)C)NC(=O)c1cc(ccc1)C(=O)*,tg,186.0,190.78406513996353,,False
*N1C(=O)c2c(C1=O)c(ccc2)Oc1ccc(cc1)C(=O)c1ccc(cc1)ON1C(=O)c2c(C1=O)c(ccc2)c1ccc(cc1)Oc1ccc(cc1)*,tg,252.0,244.17843065425097,,False
*Oc1cc(ccc1)OC(=O)c1ccc(cc1)Oc1ccc(cc1)C(=O)*,tg,159.0,125.906433775751,,False
*Oc1ccc(cc1)C(c1ccc(cc1)OC1(C(C(C1(F)F)(F)F)(*)F)F)(C)C,tg,98.0,107.07561993843149,101.9647216796875,True
*C(C*)(C(=O)Oc1c(cccc1C(C)C)C(C)C)C,tg,198.0,118.98346644739972,83.04241943359375,True
*Nc1cc(cc(c1)C(=O)OC)NC(=O)c1cc(cc(c1)OCCN(c1ccc(cc1)[N+](=O)[O-])C)C(=O)*,tg,177.0,192.5777691571785,,False
*c1cc2c(C(=O)N(C2=O)c2ccc(cc2)Oc2ccc(cc2)NC(=O)c2cc(ccc2)C(=O)Nc2ccc(cc2)Oc2ccc(cc2)N2C(=O)c3c(C2=O)cc(cc3)C(=O)*)cc1,tg,232.0,253.108066352096,268.1726989746094,True
*OC(CCCCC(=O)*)C,tg,-40.0,-47.91106951032444,,False
*NC1CCC(CC1)CC1CCC(CC1)NC(=O)CCCCCCCCC(=O)*,tg,139.33,135.28536351808037,129.68289184570312,True
*C(C*)C(=O)OCCCCOC(=O)c1ccc(cc1)OC(=O)c1ccc(cc1)C#N,tg,40.0,37.472643951635455,,False
*c1sc(cc1)c1ccc(cc1)C=Nc1cc(ccc1)N=Cc1ccc(cc1)*,tg,150.0,169.08912410739495,154.93075561523438,True
*N1C(=O)c2c(C1=O)cc(cc2)Oc1cc2c(C(=O)N(C2=O)c2cc(c(c(c2)Br)Oc2c(cc(cc2Br)*)Br)Br)cc1,tg,283.0,279.1390753440669,294.3836669921875,True
*c1cc2c(C(=O)N(C2=O)c2ccc(cc2)Oc2ccc(cc2)C(c2ccc(cc2)Oc2ccc(cc2)N2C(=O)c3c(C2=O)cc(cc3)C(*)(C(F)(F)F)C(F)(F)F)(C(F)(F)F)C(F)(F)F)cc1,tg,259.43,261.6722664005881,257.9451599121094,True
*c1cc2c(C(=O)N(C2=O)c2c(cc(cc2C(C)C)Cc2cc(c(c(c2)C(C)C)N2C(=O)c3c(C2=O)cc(cc3)C(=O)*)C(C)C)C(C)C)cc1,tg,263.0,310.98632695646944,259.3448181152344,True
*N1C(=O)c2c(C1=O)cc(cc2)NC(=O)OCCOc1ccc(cc1)C(c1ccc(cc1)OCCOC(=O)Nc1cc2c(C(=O)N(C2=O)c2cc(ccc2)P(=O)(c2cc(ccc2)*)C)cc1)(C)C,tg,211.0,190.03917135356423,187.96685791015625,True
*NC(=O)CC(CCC(=O)NCCCCCC*)C,tg,17.0,45.70491622501496,,False
*c1cc2c(C(=O)N(C2=O)c2c(ccc(c2)C(=O)Nc2c(cc(cc2C)c2cc(c(c(c2)C)NC(=O)c2cc(c(cc2)C)N2C(=O)c3c(C2=O)cc(cc3)C(*)(C(F)(F)F)C(F)(F)F)C)C)C)cc1,tg,250.0,339.2069714896538,,False
*NC(=O)c1c(cc(cc1)C(=O)NCCCCCCCC*)Sc1ccccc1,tg,110.0,115.56492024066874,107.7914810180664,True
*N1C(=O)C2C3C4C(C(C2C1=O)C=C3)C(=O)N(C4=O)CCCCCCCCCC*,tg,219.0,111.78412780114265,,False
*N1C(=O)c2c(C1=O)cc(cc2)Oc1cc2c(C(=O)N(C2=O)CCCCCCCCCCC*)cc1,tg,74.0,95.26297396225516,100.8244857788086,True
*C(C*)[Si](Cc1ccccc1)(C)C,tg,-24.0,41.02472074754889,,False
*[Si](c1c(cccc1)C*)(C)C,tg,48.0,92.22231227902157,,False
*S(=O)(=O)c1ccc(cc1)Nc1ccc(cc1)Nc1ccc(cc1)*,tg,145.0,169.00462092048534,190.334228515625,True
*O[Si](Oc1c(cc(cc1)C1(c2ccccc2c2ccccc12)c1cc(c(cc1)*)C)C)(c1ccccc1)c1ccccc1,tg,171.0,197.3941034942592,169.3307342529297,True
*C(=C(*)C)[Si](C)(C)C,tg,198.3,158.05741256025024,,False
*C(C*)(C(=O)Oc1c(cccc1C)C)C,tg,169.0,133.33824884685853,,False
*c1cc2c(C(=O)N(C2=O)c2cc(ccc2)C(C(C(c2cc(ccc2)N2C(=O)c3c(C2=O)cc(cc3)C(C(C(C(C(C(C(*)(F)F)(F)F)(F)F)(F)F)(F)F)(F)F)(F)F)(F)F)(F)F)(F)F)cc1,tg,133.5,120.82447600823402,111.84613037109375,True
*Sc1ccc(cc1)Nc1ccc(cc1)*,tg,145.0,124.77516913943936,109.4700927734375,True
*C(*)F,tg,83.33,17.937359438385588,27.574562072753906,True
*Oc1cc(ccc1)Oc1ccc(cc1)C(=O)c1ccc(cc1)NC(=O)c1ccc(cc1)C(=O)Nc1ccc(cc1)C(=O)c1ccc(cc1)*,tg,190.0,192.64140800145552,,False
*NC(=O)CCCCCCCCC(=O)NCCCCCCCCCC*,tg,57.78,49.20220993552736,,False
*c1oc(nn1)c1cncc(c1)c1oc(nn1)c1ccc(cc1)[Si](c1ccc(cc1)*)(c1ccccc1)c1ccccc1,tg,272.0,262.53756933308233,,False
*c1sc2cc3c(cc2n1)sc(n3)c1ccc(cc1)Oc1ccc(cc1)Oc1ccc(cc1)P(=O)(c1ccc(cc1)Oc1ccc(cc1)Oc1ccc(cc1)*)c1ccccc1,tg,255.0,263.07402692924416,262.5040283203125,True
*OC(=O)CCCCCCCCCCC(=O)OCC(=O)NCCCCCCNC(=O)C*,tg,0.9,8.537488620843838,,False
*Oc1c(cc(cc1)C(=O)c1cc(ccc1)C(=O)c1cc(c(cc1)*)C(C)C)C,tg,147.0,139.57483356696957,,False
*c1cc2c(C(=O)N(C2=O)c2ccc(cc2)C(=O)OCCCCOC(=O)*)cc1,tg,100.5,111.0651046732078,104.81449127197266,True
*Oc1ccc(cc1)C(c1ccc(cc1)OC(*)(Oc1ccccc1)Oc1ccccc1)(C)C,tg,92.0,111.59869094123496,,False
*[Si]1(O[Si](O[Si](O1)(C)C)(C)C)O[Si](CC*)(C)C,tg,-66.0,9.06461541092018,,False
*C(C*)(C(=O)OC1C2C3C(C(C1)C2)C1CCC3C1)C,tg,199.0,204.86345780463364,,False
*Oc1ccc(cc1)NC(=O)c1ccc(cc1)Oc1ccc(cc1)C(c1ccc(cc1)C(c1ccc(cc1)Oc1ccc(cc1)C(=O)Nc1ccc(cc1)Oc1ccc(cc1)C(c1ccc(cc1)*)(C(F)(F)F)C(F)(F)F)(C)C)(C)C,tg,169.0,170.52098251469496,,False
*OCC(C*)(CSCCCCC)CSCCCCC,tg,-33.0,-42.92917458926453,,False
*OC(C(=O)NC(C(=O)*)C)C,tg,57.65,93.30583570544415,,False
*C1C(CC(C1)C=C*)([Si](O[Si](C)(C)C)(C)C)C#N,tg,88.0,51.77182966886471,,False
*N1CCN(CC1)C(=O)OC1CC2CC(CC(C1)O2)OC(=O)*,tg,113.0,151.22284294613905,,False
*c1nc2c(c(c1)c1ccccc1)cc(cc2)Oc1cc2c(nc(cc2c2ccccc2)c2ccc(cc2)c2ccc(cc2)c2ccc(cc2)*)cc1,tg,282.5,305.0514396517942,325.2608337402344,True
*C(C*)SCC,tg,-7.0,-12.552833951575414,-38.05592346191406,True
*C(=C*)C(CCC)[Si](c1ccccc1)(C)C,tg,110.0,73.81716641195415,,False
*C(C*)(C(=O)OCCN(c1ccc(cc1)N=Nc1ccc(cc1)[N+](=O)[O-])C)C,tg,110.0,116.82171411947073,126.13387298583984,True
*C(C*)C,tg,-2.73,26.749154847205403,14.417834281921387,True
*NC(C(=O)*)CCC(=O)OCc1ccc(cc1)F,tg,46.9,39.43266044618097,12.384058952331543,True
*c1cc2c(C(=O)N(C2=O)c2ccc(cc2)Oc2ccc(cc2)N2C(=O)c3c(C2=O)cc(cc3)C(=O)N2C(=S)N(C(C(=C2C)C(=O)OCC)c2c(cc(cc2)OC)OC)C(=O)*)cc1,tg,165.0,233.8685879972684,,False
*c1ccc(cc1)CC*,tg,66.64,102.79767801349026,,False
*C(C*)c1ccc(cc1)C(=O)OCCN(CC)CC,tg,74.0,56.787446238658134,,False
*c1cc2c(C(=O)N(C2=O)c2ccc(cc2)Oc2ccc(cc2)N2C(=O)c3c(C2=O)cc(cc3)C(=O)Oc2ccc(cc2)c2ccc(cc2)OC(=O)*)cc1,tg,232.0,247.22482798574205,259.7528381347656,True
*C(C*)C1C(CCCC1)C,tg,186.0,109.59112916568024,142.7128448486328,True
*Oc1ccc(cc1)C(c1ccc(cc1)OCC(C*)OC(=O)CCl)(C)C,tg,65.0,63.89354608599089,70.05089569091797,True
*OC(C*)COC(=O)CCCCCCCCCCN1C(=O)C2C(C1=O)C1C=CC2C1,tg,-31.0,29.20543563211542,,False
*C1COC2C1OCC2OC(=O)OCC(C(COC(=O)O*)O)O,tg,78.5,105.36354200426752,80.3089370727539,True
*N1C(=O)C(CC1=O)(SCCOCCSC1(C(=O)N(C(=O)C1)c1ccc(cc1)Oc1ccc(cc1)N1C(=O)C(C(C1=O)C)SCCOCCSC1C(=O)N(C(=O)C1C)c1ccc(cc1)Oc1ccc(cc1)*)C)C,tg,145.0,125.1879834739483,,False
*Oc1ccc(cc1)CC(NC(=O)CCc1ccc(cc1)OC(=O)CCC(=O)*)C(=O)OCCCCCCCCCCCC,tg,40.0,35.13840213902782,,False
*c1ncc(cc1)C(=O)Nc1ccc(cc1)Oc1ccc(cc1)C(=O)c1ccc(cc1)Oc1ccc(cc1)NC(=O)*,tg,170.0,197.84560875393177,,False
*C1=CC(=C(C#N)C#N)C=C(O1)C=Cc1ccc(cc1)N=Nc1ccc(cc1)N(CCOC(=O)Nc1c(ccc(c1)NC(=O)OCCN(c1ccc(cc1)N=Nc1ccc(cc1)C=C*)C)C)C,tg,196.0,156.19462222630136,149.36659240722656,True
*Oc1cc2c(cc1)ccc(c2)Oc1ccc(cc1)C(=O)Nc1ccc(cc1)Oc1ccc(cc1)C(c1ccc(cc1)Oc1ccc(cc1)NC(=O)c1ccc(cc1)*)(C)C,tg,143.0,171.30514734872426,184.385498046875,True
*c1cc2c(C(=O)N(C2=O)c2ccc(cc2)OCCCCCCCCCCOc2ccc(cc2)N2C(=O)c3c(C2=O)cc(cc3)C(*)(C(F)(F)F)C(F)(F)F)cc1,tg,143.0,156.30347286094573,168.73731994628906,True
*NC(=O)c1ccc(cc1)CC(=O)NCCC*,tg,109.0,141.41125074953416,144.10362243652344,True
*N1C(=O)c2c(C1=O)cc(cc2)Oc1c(cccc1)Oc1cc2c(C(=O)N(C2=O)c2cc(c(cc2)Oc2ccc(cc2)C2(c3ccccc3c3ccccc23)c2ccc(cc2)Oc2c(cc(cc2)*)C(F)(F)F)C(F)(F)F)cc1,tg,241.0,250.4166648437542,239.2722625732422,True
*Oc1ccc(cc1)C1(c2ccccc2C(=O)c2ccccc12)c1ccc(cc1)OC(=O)c1ccc(cc1)C(=O)*,tg,400.0,268.22347803690144,,False
*c1cc2c(C(=O)N(C2=O)c2c(cc(c(c2C)N2C(=O)c3c(C2=O)cc(cc3)C(=O)Nc2cc(c(cc2)c2c(cc(cc2)NC(=O)*)C(F)(F)F)C(F)(F)F)C)C)cc1,tg,267.0,318.2283128054918,324.3443298339844,True
*Oc1ccc(cc1)C(c1ccc(cc1)OC(=O)c1ccc(cc1)C(=O)*)(CC)CC,tg,165.0,189.36546569296988,,False
*O[Si](CCCC(=O)Oc1ccc(cc1)C=Nc1ccc(cc1)N=Cc1ccc(cc1)OC(=O)CCC[Si](*)(C)C)(C)C,tg,60.0,36.51838676393132,,False
*c1ccc(cc1)C(C(*)(F)F)(F)F,tg,76.95,129.72524171710944,86.4258041381836,True
*S(=O)(=NP(=NP(=N*)(NCCCC)NCCCC)(NCCCC)NCCCC)NCCCC,tg,-17.0,-12.353611356860126,,False
*S(=O)(=O)c1ccc(cc1)C(=O)c1ccc(cc1)C(=O)c1ccc(cc1)*,tg,213.5,212.14872642730765,,False
*C(C*)OC(=O)c1cc(ccc1)[Si](C)(C)C,tg,80.0,75.19110503371117,106.3981704711914,True
*c1cnc(s1)N1C(=O)c2c(C1=O)cc(cc2)Oc1cc2c(C(=O)N(C2=O)c2ccc(cc2)Oc2ccc(cc2)*)cc1,tg,300.0,247.98938367447636,,False
*C(C*)c1c(ccc(c1)C(=O)OCCCCCCCCCCCC)c1ccc(cc1)OCCCCCCCC,tg,42.0,67.49217398211918,59.90224838256836,True
*N(c1ccc(cc1)C(=O)*)CCCCCCCC,tg,30.0,48.072554636988805,44.44993209838867,True
*Oc1ccc(cc1)NC(=O)c1cc(ccc1)C(=O)Nc1ccc(cc1)*,tg,205.39,247.06282619494183,,False
*Oc1ccc(cc1)Oc1ccc(cc1)C(=O)c1ccc(cc1)NC(=O)c1ccc(cc1)C(=O)Nc1ccc(cc1)C(=O)c1ccc(cc1)*,tg,224.0,217.1581336137074,202.39857482910156,True
*c1cc2c(C(=O)N(C2=O)N2C(=O)c3c(C2=O)cc(cc3)Oc2ccc(cc2)C(c2ccc(cc2)O*)(C)C)cc1,tg,216.7,243.49419392934823,,False
*c1c(nc2c(n1)cc(cc2)S(=O)(=O)c1cc2c(nc(c(n2)c2ccc(cc2)*)c2ccccc2)cc1)c1ccccc1,tg,291.8,324.2664954820165,,False
*c1cc2c(C(=O)N(C2=O)c2ccc(cc2)S(=O)(=O)c2ccc(cc2)N2C(=O)c3c(C2=O)cc(cc3)C(=O)Nc2ccc(cc2)Oc2ccc(cc2)NC(=O)*)cc1,tg,281.0,269.1941567860065,281.5333251953125,True
*C(C*)c1ccc(cc1)B(c1ccc(cc1)C(C)(C)C)Oc1c2ncccc2ccc1,tg,240.0,212.4442375713625,237.9212646484375,True
*NC(C(=O)*)CCC(=O)OCc1ccccc1,tg,9.38,34.08201620467168,,False
*N1C(CN(C(C1)C)C(=O)OCC(CS(=O)(=O)CC(COC(=O)*)(C)C)(C)C)C,tg,85.0,117.14207753745676,,False
*C(C*)(C(=O)OC1(CN(CCC1)c1ccc(cc1)N=Nc1ccc(cc1)C=C(S(=O)(=O)C)C#N)C)C,tg,196.0,163.81407594264957,,False
*O[Si](*)(CCCOc1ccc(cc1)C(=O)Oc1ccc(cc1)c1ccc(cc1)OC(=O)c1cc(c(c(c1)OCCCCCCCCCCCC)OCCCCCCCCCCCC)OCCCCCCCCCCCC)C,tg,40.33,46.98946805243272,,False
*OC(OC(=O)c1c2c(c(cc1)C(=O)OC(OCC1CCC(CC1)C*)C)cccc2)C,tg,60.0,61.82654968229468,,False
*N1C(=O)c2c(C1=O)cc(cc2)Oc1ccc(cc1)C1(CCC(CC1)C(C)(C)C)c1ccc(cc1)Oc1cc2c(C(=O)N(C2=O)c2ccc(cc2)Oc2ccc(cc2)C2(C3CC4CC(CC2C4)C3)c2ccc(cc2)Oc2ccc(cc2)*)cc1,tg,266.0,252.67870580213653,249.9074249267578,True
*C(C*)(C(=O)OC(C(F)(F)F)C(F)(F)F)F,tg,102.0,87.88046159675842,87.66943359375,True
*NNC(=O)c1cc(cc(c1)NC(=O)c1cc2c(C(=O)N(C2=O)c2ncccc2C)cc1)C(=O)NNC(=O)c1ccc(cc1)C(=O)*,tg,130.3,171.3092919258993,164.43218994140625,True
*C(C*)Cc1ccccc1,tg,63.33,68.95095895662774,,False
*S(=O)(=O)C(C=C(C*)C)C,tg,83.0,79.48192872022706,,False
*Oc1ccc(cc1)C(=O)Nc1cc(cc(c1)c1nc2c([nH]1)cccc2)NC(=O)c1ccc(cc1)OCCOCCOCC*,tg,165.0,160.09179788399763,,False
*Nc1ccc(cc1)Cc1ccc(cc1)NC(=O)c1cc(cc(c1)N1C(=O)C2C(C1=O)C1C=CC2C1)C(=O)*,tg,303.0,272.4665469618165,,False
*C(C*)OC(=O)c1cnccc1,tg,86.5,83.67420206334091,,False
*N1C(=O)c2c(C1=O)cc(cc2)c1cc2c(C(=O)N(C2=O)c2ccc(cc2)Oc2ccc(cc2)C(=O)c2cc(ccc2)C(=O)c2ccc(cc2)Oc2ccc(cc2)*)cc1,tg,222.0,236.02585489790235,,False
*[SiH](C#Cc1c(cccc1)C#C*)c1ccccc1,tg,71.0,111.18844900526705,,False
*C(C(*)C(=O)OC(C)(C)C)C(=O)OC,tg,84.0,109.07918539880004,,False
*c1cc2c(C(=O)N(C2=O)c2cc(ccc2)Oc2ccc(cc2)N2C(=O)c3c(C2=O)cc(cc3)C(=O)Nc2ccc(cc2)Oc2ccc(cc2)C(c2ccc(cc2)Oc2ccc(cc2)NC(=O)*)(C)C)cc1,tg,207.0,223.2964079757679,237.2471160888672,True
*c1cc2c(C(=O)N(C2=O)c2ccc(cc2)NC(=O)Nc2ccc(cc2)N2C(=O)c3c(C2=O)cc(cc3)C(=O)Nc2ccc(cc2)NC(=O)*)cc1,tg,216.0,227.35692135945231,262.0518798828125,True
*N(c1ccc(cc1)c1ccc(cc1)*)c1ccc(cc1)C,tg,85.0,171.46088271325493,,False
*OC(C*)COCCCCCC,tg,-85.5,-82.14304858589512,,False
*C(C*)(C(=O)OCCCCCCOc1ccc(cc1)C(=O)Oc1c2c(c(cc1)N=Nc1ccc(cc1)Cl)cccc2)C,tg,50.0,55.27943803594267,58.6159782409668,True
*C(C*)c1ccc(cc1)B(Oc1c2ncccc2c(cc1)c1c(c(c(c(c1F)F)F)F)F)c1ccc(cc1)C(C)(C)C,tg,245.0,242.89128879576984,,False
*Nc1cc(cc(c1)C(=O)Nc1c2C(=O)c3c(C(=O)c2ccc1)cccc3)NC(=O)Nc1ccc(cc1)Cc1ccc(cc1)NC(=O)*,tg,178.0,196.1033915809301,185.9551239013672,True
*NC(=O)CCCCC(=O)NCCCCCCCC*,tg,50.0,52.74682122576235,54.41474914550781,True
*C(C*)(C(=O)O[Si](C)(C)C)C,tg,97.5,76.16981086013914,,False
*C1(c2c(NC1=O)cccc2)c1ccc(cc1)OC(=O)c1cc(ccc1)C(=O)Oc1ccc(cc1)*,tg,256.0,260.89324894013026,277.7417297363281,True
*C(C*)CCCCCCCCCCCCCC,tg,-24.0,-43.81167356372415,-56.14455795288086,True
*C(C*)(C(=O)OCCCCCCOc1ccc(cc1)C(=O)Oc1c2c(c(cc1)N=Nc1ccc(cc1)C)cccc2)C,tg,40.0,42.68396479276794,55.95709228515625,True
*OC(=O)c1ccc(cc1)c1ccc(cc1)c1ccc(cc1)C(=O)OCC(C*)(C)C,tg,100.0,90.71123938999592,135.9611053466797,True
*C1COC2C1OCC2OC(=O)C(NC(=O)CCCCCCCCC(=O)NC(C(=O)O*)CC(C)C)CC(C)C,tg,89.0,70.46008190932663,57.40456008911133,True
*C(=C(*)Cl)CCCCCC,tg,150.0,155.1845179868114,,False
*C(C*)C(=O)OCC(C(OC(C(C(C(F)(F)F)(F)F)(F)F)(F)F)(F)F)(F)F,tg,-68.0,-22.732692778122612,,False
*c1cc2c(C(=O)N(C2=O)c2ccc(cc2)Oc2c(cccc2)c2c(cccc2)Oc2ccc(cc2)N2C(=O)c3c(C2=O)cc(cc3)C(=O)Nc2ccc(cc2)Oc2ccc(cc2)c2ccc(cc2)Oc2ccc(cc2)NC(=O)*)cc1,tg,254.0,257.0997323960226,,False
*Oc1cc(cc(c1)C(=O)OCCN(c1ccc(cc1)N=Nc1ccc(cc1)[N+](=O)[O-])CC)OC(=O)c1ccc(cc1)C(=O)*,tg,130.0,133.06500824087496,160.0648651123047,True
*N=P(*)(OCCCC)OCCCC,tg,-105.0,-93.49149356775573,-98.02325439453125,True
*Oc1ccc(cc1)OC(=O)c1c(cc(cc1)C(=O)*)Sc1ccc(cc1)Cl,tg,140.0,149.3303045332614,,False
*Oc1ccc(cc1)S(=O)(=O)c1ccc(cc1)Oc1ccc(cc1)C=NN=Cc1ccc(cc1)*,tg,151.0,196.37936933758945,187.95814514160156,True
*Nc1ccc(cc1)NC(=O)c1ccc(cc1)NC(=O)c1ccc(cc1)P(=O)(c1ccc(cc1)C(=O)*)c1ccccc1,tg,243.0,287.3180702425729,,False
*OC(=O)c1cc(cc(c1)C(C(C(C(C(C(C(F)(F)F)(F)F)(F)F)(F)F)(F)F)(F)F)(F)F)C(=O)OCC(C(C(C*)(F)F)(F)F)(F)F,tg,27.0,28.129114233638205,,False
*C(C*)C(=O)OCCCCCOC(=O)c1ccc(cc1)OC(=O)c1ccc(cc1)C#N,tg,30.0,30.31601576467004,29.104001998901367,True
*N1C(=S)N(C(=O)CC1=O)c1ccc(cc1)Oc1cc(ccc1)Oc1ccc(cc1)*,tg,128.0,132.08811910075576,137.07469177246094,True
*N(CC*)C(=O)c1c(cc(c(c1)F)F)F,tg,105.0,124.31052067884578,106.2520751953125,True
*Oc1cc(c(cc1)S(=O)(=O)c1c(cc(cc1)Oc1c(cc(cc1C)C(c1cc(c(c(c1)C)*)C)(C)C)C)C(O)(C(F)(F)F)C(F)(F)F)C(O)(C(F)(F)F)C(F)(F)F,tg,187.0,190.34738288535976,,False
*c1nc2c(c(c1c1ccccc1)c1ccccc1)cc(cc2)c1cc2c(nc(c(c2c2ccccc2)c2ccccc2)c2ccc(cc2)c2ccc(cc2)*)cc1,tg,381.67,338.9016196530638,352.6138000488281,True
*Oc1c(cc(c(c1)C(C)(C)C)Oc1ccc(cc1)C(=O)Nc1c(cc(cc1)C(c1cc(c(cc1)NC(=O)c1ccc(cc1)*)C)(C)C)C)C(C)(C)C,tg,275.0,259.4153148732267,,False
*C(C*)C(=O)Nc1c(cccc1)Cl,tg,63.0,110.45840026257382,134.1636505126953,True
*[Si](C*)(CCCCCC)C,tg,-77.6,-46.87189593454483,-86.7100830078125,True
*OC(=O)Nc1ccc(cc1)Cc1ccc(cc1)NC(=O)OCC1CCC(CC1)C*,tg,134.0,106.12395279728412,,False
*OP(=O)(N=Nc1ccc(cc1)c1ccc(cc1)N=NP(=O)(OCc1ccc(cc1)C*)OC)OC,tg,48.0,69.05463488999656,,False
*C(C*)OC(=O)CCl,tg,18.99,35.35133815394179,43.90926742553711,True
*S(=O)(=O)c1cc(ccc1)NC(=O)CCCCCCC(=O)Nc1cc(ccc1)*,tg,125.0,129.29279832426278,,False
*N1C(=O)c2c(C1=O)cc(cc2)c1cc2c(C(=O)N(C2=O)c2ccc(cc2)Oc2c(cc(cc2)C(C)(C)C)Oc2ccc(cc2)*)cc1,tg,257.0,255.06153062683256,276.74169921875,True
*c1cc2c(C(=O)N(C2=O)c2cc3c(C(CC3(c3ccc(cc3)N3C(=O)c4c(C3=O)cc(cc4)C(=O)*)C)(C)C)cc2)cc1,tg,318.77,341.5318999439969,,False
*N1C(=O)C2C3C4C(C(C2C1=O)C=C3)C(=O)N(C4=O)c1ccc(cc1)Sc1cc2c(C(=O)N(C2=O)c2ccc(cc2)CC)cc1Sc1ccc(cc1)*,tg,320.0,268.2643079674272,,False
*Oc1ccc(cc1)C(c1ccc(cc1)Oc1c(c(c(c(c1F)F)COC(c1cc(ccc1)C(OCc1c(c(c(c(c1F)F)*)F)F)(C(F)(F)F)C(F)(F)F)(C(F)(F)F)C(F)(F)F)F)F)(C(F)(F)F)C(F)(F)F,tg,113.0,102.87024698490956,,False
*N1C(=O)N(C(=O)C1=O)CCCCCC*,tg,55.0,123.25672420986784,,False
*c1ccc2c(nc([nH]2)c2cc(cc(c2)N2C(=O)c3c(C2=O)cccc3)c2nc3c([nH]2)ccc(c3)C(=O)Nc2ccc(cc2)NC(=O)*)c1,tg,295.0,312.6854542216902,,False
*Oc1ccc(cc1)C(=O)Nc1c(cc(c(c1)SCCC#N)NC(=O)c1ccc(cc1)*)SCCC#N,tg,158.0,201.33169881938315,248.9021453857422,True
*Oc1c(cc(cc1)OC(=O)c1c(cc(c(c1)OCCCCCCCCCCCC)C(=O)*)OCCCCCCCCCCCC)C,tg,112.0,76.64202778412823,,False
*c1nc2c(c(c1)c1ccccc1)cc(cc2)c1cc2c(nc(cc2c2ccccc2)c2ccc(cc2)c2ccc(cc2)*)cc1,tg,372.0,344.57965480483745,380.77734375,True
*C(C*)C(=O)NC(C)(C)C,tg,135.0,117.60402582714693,,False
*c1cc2c(C(=O)N(C2=O)c2ccc(cc2)Oc2ccc(cc2)N2C(=O)c3c(C2=O)cc(cc3)C(=O)Nc2ccc(cc2)Oc2ccc(cc2)c2ccc(cc2)Oc2ccc(cc2)NC(=O)*)cc1,tg,286.0,258.09818208335895,276.9596252441406,True
*Oc1ccc(cc1)C(c1ccc(cc1)OC(=O)OC1C(C(C1(C)C)OC(=O)*)(C)C)(CC)C,tg,124.0,119.53281765420286,,False
*Oc1c(c(ccc1)Oc1ccc(cc1)c1ccc(cc1)*)C#N,tg,210.0,165.41280145653772,,False
*O[Zn]OC(=O)c1c(cccc1)C(=O)OCCCCCOC(=O)Nc1c(ccc(c1)NC(=O)OCCCCCOC(=O)c1c(cccc1)C(=O)*)C,tg,4.2,44.55981984298902,11.234962463378906,True
*c1oc(cc1)COC(=O)NCc1oc(cc1)CNC(=O)OC*,tg,75.0,54.859583734828,34.686851501464844,True
*C(C*)c1cc(ccc1)NC(=O)C,tg,163.0,112.05094463505634,189.81935119628906,True
*c1cc2c(C(=O)N(C2=O)c2c(cc(cc2)c2cc(c(cc2)N2C(=O)c3c(C2=O)cc(cc3)C(*)(C(F)(F)F)C(F)(F)F)OC(=O)C=Cc2ccccc2)OC(=O)C=Cc2ccccc2)cc1,tg,181.0,267.9023157293212,,False
*N1C(=O)c2c(C1=O)cc(cc2)c1cc2c(C(=O)N(C2=O)c2ccc(cc2)N2C(=O)c3c(C2=O)cc(cc3)C(c2cc3c(C(=O)N(C3=O)c3ccc(cc3)*)cc2)(C(F)(F)F)C(F)(F)F)cc1,tg,342.0,317.087438702764,,False
*C(C*)c1c(ccc(c1)Br)OCCCC,tg,47.0,59.704767185505936,47.153778076171875,True
*OCC(C*)(CC)CC,tg,-30.0,-53.46580514089383,-36.85618209838867,True
*c1cc2c(C(=O)N(C2=O)c2c(c(c(c(c2C)C)N2C(=O)c3c(C2=O)cc(cc3)C(*)(C(F)(F)F)C(F)(F)F)C)C)cc1,tg,418.75,359.6603005486457,373.7962341308594,True
*N1C(=O)C(CC1=O)SCCOCCSC1C(=O)N(C(=O)C1)c1ccc(cc1)C(=O)Oc1cc2c(cc1)ccc(c2)OC(=O)c1ccc(cc1)*,tg,160.0,145.58868469332066,,False
*C(C*)(C(=O)OCCCCCCN(c1ccc(cc1)N(C)C)C)C,tg,8.5,37.879406700635194,,False
*C(C(C(C*)c1ncccc1)c1ccccc1)c1ncccc1,tg,150.0,113.21479282391074,,False
*Oc1ccc(cc1)CC(NC(=O)CCc1ccc(cc1)OC(=O)CCCC(=O)*)C(=O)OCCCCCC,tg,43.0,40.11907130097481,,False
*c1cc2c(C(=O)N(C2=O)c2ccc(cc2)Oc2ccc(cc2)N2C(=O)c3c(C2=O)cc(cc3)C(=O)Nc2ccc(cc2)Oc2ccc(cc2)c2ccc(cc2)Oc2ccc(cc2)NC(=O)*)cc1,tg,262.0,281.43836933325724,276.9596252441406,True
*Oc1c(cc(cc1Cl)C(c1cc(c(c(c1)Cl)OCC(C*)O)Cl)(C)C)Cl,tg,145.0,105.76080373452338,137.6586456298828,True
*c1cc2c(C(=O)N(C2=O)c2cc(c(cc2)Oc2c(cccc2)Oc2c(cc(cc2)N2C(=O)c3c(C2=O)cc(cc3)C(=O)*)C(F)(F)F)C(F)(F)F)cc1,tg,236.0,228.4417794262073,,False
*Oc1cc(cc(c1)C(=O)Oc1ccc(cc1)N=Nc1ccc(cc1)C#N)Oc1ccc(cc1)C(c1ccc(cc1)*)(C)C,tg,163.0,154.75513316682932,,False
*N(CCC*)C,tg,-88.0,-39.618918495197,-42.34463119506836,True
*Nc1ccc(cc1)Cc1ccc(cc1)NC(=O)NCCCCCCCCCNC(=O)*,tg,-50.0,63.279114330887104,68.4780044555664,True
*N1C(=O)c2c(C1=O)cc(cc2)Oc1c(cccc1)Oc1cc2c(C(=O)N(C2=O)c2cc(c(cc2)Oc2ccc(cc2)C(c2ccc(cc2)Oc2c(cc(cc2)*)C(F)(F)F)(C(F)(F)F)C(F)(F)F)C(F)(F)F)cc1,tg,191.0,200.90865355286087,,False
*c1cc2c(C(=O)N(C2=O)c2cc(ccc2)P(=O)(c2cc(ccc2)N2C(=O)c3c(C2=O)cc(cc3)C(=O)Nc2nc(ccc2)NC(=O)*)c2ccccc2)cc1,tg,156.0,252.5579186102772,,False
*O[Si](*)(CCCOCCOCCOCCOCCOC)CCCOCCOCCOCCOCCOC,tg,-69.8,-74.68578828082832,-91.9295654296875,True
*c1nc2cc3c(cc2c(c1)c1ccccc1)nc(cc3c1ccccc1)c1ccc(cc1)Oc1ccc(cc1)*,tg,365.0,321.2749152354673,341.3641662597656,True
*C1C(=O)N(C(=O)C1CC*)CCCCNC(=O)C(C(C(C(C(C(C(F)(F)F)(F)F)(F)F)(F)F)(F)F)(F)F)(F)F,tg,100.0,82.61326724698148,,False
*C1(C(=O)OC(=O)C1(C(C*)OCC)C)C,tg,244.0,179.39651838073155,170.69818115234375,True
*N1C(=O)C(=C(C1=O)Cl)Oc1ccc(cc1)C(c1ccc(cc1)OC1=C(C(=O)N(C1=O)c1ccc(cc1)Cc1ccc(cc1)*)Cl)(C)C,tg,172.0,189.2697254475703,,False
*C(C*)C(=O)Oc1cc(ccc1)C,tg,24.5,40.04776263293765,50.24262619018555,True
*c1cc2c(cc1)oc(=O)c(c2)C(=O)Nc1ccc(cc1)C(c1ccc(cc1)NC(=O)c1c(=O)oc2c(cc(cc2)C*)c1)(C(F)(F)F)C(F)(F)F,tg,329.0,296.6737994224611,,False
*N1C(=O)c2c(C1=O)c(ccc2)Oc1cc(ccc1)Oc1c2c(C(=O)N(C2=O)c2ccc(cc2)Oc2ccc(cc2)*)ccc1,tg,226.0,228.64319187930937,,False
*SSSSCC*,tg,-24.0,-40.787640292034126,,False
*N1C(=O)c2c(C1=O)cc(c(c2)c1ccc(cc1)[Si](C)(C)C)c1cc2c(C(=O)N(C2=O)c2ccc(cc2)Cc2ccc(cc2)*)cc1c1ccc(cc1)[Si](C)(C)C,tg,348.0,349.01373015879517,,False
*C1OCC(OC1)CNC(=O)CCCCCCCCC(=O)NC*,tg,73.0,47.477258833210406,,False
*N(CC*)C(=O)c1c(c(cc(c1)F)F)F,tg,110.0,102.18484345888176,,False
*c1cc2c(C(=O)N(C2=O)c2cc(ccc2)C(C(C(C(C(c2cc(ccc2)N2C(=O)c3c(C2=O)cc(cc3)C(C(C(*)(F)F)(F)F)(F)F)(F)F)(F)F)(F)F)(F)F)(F)F)cc1,tg,104.5,141.321610628442,,False
*S(=O)c1ccc(cc1)Sc1ccc(cc1)Sc1ccc(cc1)Sc1ccc(cc1)*,tg,133.0,134.7081093962559,,False
*Oc1cc(ccc1)OC1(C(C(C1(F)F)(F)F)(*)F)F,tg,32.0,111.3385198615175,,False
*c1cc2c(C(=O)N(C2=O)c2c(c(ccc2)N2C(=O)c3c(C2=O)cc(cc3)C(*)(C(F)(F)F)C(F)(F)F)C)cc1,tg,353.5,322.2297787186173,321.499267578125,True
*Oc1ccc(cc1)C(c1ccc(cc1)Oc1ccc(cc1)C(=O)c1ccc(cc1)*)(C(F)(F)F)C(F)(F)F,tg,170.5,171.2191644887234,163.4326171875,True
*C1=CC(=C(C#N)C#N)C=C(O1)C=Cc1sc(c(c1CCCCCC)CCCCCC)c1sc(cc1)c1sc(c(c1CCCCCC)CCCCCC)C=C*,tg,114.0,83.37852268624415,,False
*OC(C*)COC(C)(C)C,tg,-24.0,-22.740324965643183,,False
*c1cc2c(cc1OC(=O)COc1ccc3c(c1)oc(=O)cc3)oc(=O)c(c2)C(=O)Nc1cc(ccc1)NC(=O)c1c(=O)oc2c(cc(c(c2)OC(=O)COc2ccc3c(c2)oc(=O)cc3)C*)c1,tg,240.0,240.831605847696,,False
*c1c(cc(cc1)C=C*)c1c(cc(c(c1)OCCC(C)C)OCCC(C)C)c1ccccc1,tg,164.0,128.94409441883082,198.0464630126953,True
*N1C(=O)c2c(C1=O)cc(cc2)Oc1ccc(cc1)Oc1cc2c(C(=O)N(C2=O)c2c(cc(cc2)c2cc(c(cc2)*)OC)OC)cc1,tg,274.0,239.8142821918234,,False
*N(CC(C*)O)c1cc(cc(c1)C)C,tg,80.0,91.2511914680266,,False
*C(C*)C(=O)OC12CC3(CC(CC(C1)C3)(C2)C)C,tg,103.43,160.18761540097853,,False
*N1C(=O)c2c(C1=O)cc(cc2)Oc1c2c(ccc1)c(ccc2)Oc1cc2c(C(=O)N(C2=O)c2ccc(cc2)C(c2ccc(cc2)*)(C)C)cc1,tg,265.0,271.2948587053753,,False
*OC(=O)COCC*,tg,-13.81,-11.37913984787668,-23.734756469726562,True
*[Si](CCC*)(c1ccc(cc1)N(C)C)C,tg,6.5,27.500358051700587,-3.0694987773895264,True
*c1cc2c(C(=O)N(C2=O)c2ccc(cc2)Oc2cc3c(cc2)ccc(c3)Oc2ccc(cc2)N2C(=O)c3c(C2=O)cc(cc3)C(=O)Nc2cc(ccc2)NC(=O)*)cc1,tg,286.0,269.64916941660704,279.0800476074219,True
*Oc1ccc(cc1)Sc1ccc(cc1)Sc1ccc(cc1)Sc1ccc(cc1)*,tg,84.0,132.4664453965792,,False
*N1C(=O)c2c(C1=O)cc(cc2)C(=O)Oc1c(cc(cc1)OC(=O)CCCCCC*)C,tg,57.21,80.66846773222886,95.1348648071289,True
*c1oc(nn1)c1ccc(cc1)Oc1cc(ccc1)NC(=O)c1cc(cc(c1)NC(=O)c1ccc(cc1)OC(=O)C)C(=O)Nc1cc(ccc1)Oc1ccc(cc1)*,tg,270.0,230.51765849204332,,False
*C1C2C(C(C(C1*)C2)C(=O)OCC1C2CCC(C1)C2)C(=O)OCC1C2CCC(C1)C2,tg,320.0,241.79424937144805,,False
*OC(=O)c1ccc(cc1)C(=O)OCC(C(C*)CC)CC,tg,26.0,28.497556873764,,False
*C(C*)(C(=O)OCc1cscc1)C,tg,83.5,62.5834421798131,60.72380065917969,True
*C(C*)C(=O)OCCC(C(C(C(C(C(C(C(F)(F)F)(F)F)(F)F)(F)F)(F)F)(F)F)(F)F)(F)F,tg,52.0,-7.857196555537487,,False
*Oc1ccc(cc1)CC(NC(=O)CCc1ccc(cc1)OC(=O)COCC(=O)*)C(=O)OCCCC,tg,64.0,62.65322342544906,,False
*O[Si](c1ccc(cc1)[Si](*)(C)C)(C)C,tg,-29.33,-23.97300724382552,,False
*NC1CCC(CC1)CC1CCC(CC1)NC(=O)CCCCCCCCCCC(=O)*,tg,139.67,134.18074037232265,121.73049926757812,True
*Oc1ccc(cc1)Oc1ccc(cc1)Oc1cc(ccc1)C(=O)Oc1ccc(cc1)c1ccc(cc1)OC(=O)c1cc(ccc1)*,tg,119.0,141.49720317067647,137.67601013183594,True
*OC(=O)C(C*)C,tg,-26.33,11.118555012045377,-13.402424812316895,True
*OC(=O)c1c(cc(cc1)C(=O)OCCN(CC*)c1ccc(cc1)N=Nc1[nH]c(c(n1)C#N)C#N)OCCCCC,tg,131.0,127.84643566728404,,False
*Oc1ccc(cc1)[Si](c1ccc(cc1)OC(=O)c1cc2Cc3c(c2cc1)ccc(c3)C(=O)*)(c1ccccc1)c1ccccc1,tg,72.1,200.1599009895181,,False
*C(C*)c1ccc(cc1)O,tg,161.43,142.60946561214044,,False
*C1C(=O)OC(=O)C1C1C2CC(C(C1*)C2)C(=O)OC1CCCCC1,tg,195.0,215.33695449868048,251.3844757080078,True
*Oc1ccc(cc1)S(=O)(=O)c1ccc(cc1)Oc1ccc(cc1)C1(CCCCCC1)c1ccc(cc1)Oc1ccc(cc1)S(=O)(=O)c1ccc(cc1)Oc1ccc(cc1)C=C1C(=O)C(=Cc2ccc(cc2)*)CCCC1,tg,196.0,208.432876291204,,False
*C(C*)C(=O)NC(C)C,tg,132.69,86.3162918771315,97.63309478759766,True
*Oc1c(cc(cc1c1ccccc1)Cc1cc(c(c(c1)c1ccccc1)OC(=O)CCCCCCCCC(=O)*)c1ccccc1)c1ccccc1,tg,92.0,94.81497355339228,,False
*c1c(cc(c(c1)OC)C=C*)OCC1C2C3C(CCC3)C(C1)C2,tg,174.0,169.80030751232914,,False
*c1cc2c(C(=O)N(C2=O)c2cc(c(cc2)Oc2ccc(cc2)C(c2ccc(cc2)Oc2c(cc(cc2)N2C(=O)c3c(C2=O)cc(cc3)C(=O)*)C(F)(F)F)(C(F)(F)F)C(F)(F)F)C(F)(F)F)cc1,tg,220.0,241.49561379787556,,False
*Oc1ccc(cc1)C(c1ccc(cc1)OC(=O)*)(CCC#N)C,tg,150.0,138.93266078994228,139.05038452148438,True
*C(C*)(C(=O)OCCn1c2ccccc2c2ccccc12)C,tg,145.33,110.5137643145847,124.6078872680664,True
*Oc1ccc(cc1)C(c1ccc(cc1)OC(=O)NC(=O)c1cc(cc(c1)C(C)(C)C)C(=O)NC(=O)*)(C)C,tg,123.5,149.7909470244906,,False
*OC(COC(=O)c1cc(cc(c1)OCCCCC)C(=O)OCC(*)(F)F)(F)F,tg,14.0,38.19256571833239,,False
*Oc1ccc(cc1)C(c1ccc(cc1)Oc1ccc(cc1)C(=O)c1c2c(ccc1C)c(c(cc2)C)C(=O)c1ccc(cc1)*)(C)C,tg,222.0,210.51212725868243,222.45021057128906,True
*N1C(=O)c2c(C1=O)cc(cc2)C(=O)c1cc2c(C(=O)N(C2=O)CC(=O)Nc2ccc(cc2)NC(=O)C*)cc1,tg,250.0,217.75809430086144,217.37982177734375,True
*Oc1ccc(cc1)NC(=O)c1ccc(cc1)Oc1ccc(cc1)C(c1ccc(cc1)C(c1ccc(cc1)Oc1ccc(cc1)C(=O)Nc1ccc(cc1)Oc1ccc(cc1)C(c1ccc(cc1)*)(C)C)(C)C)(C)C,tg,163.0,167.63505953032418,170.0982666015625,True
*N1C(=O)c2c(C1=O)cc(cc2)Oc1cc2c(C(=O)N(C2=O)c2c(cc(cc2)c2cc(c(cc2)*)OCCCCCCOc2ccc(cc2)/C=C/c2ccc(cc2)F)OCCCCCCOc2ccc(cc2)/C=C/c2ccc(cc2)F)cc1,tg,124.0,141.86426007036678,,False
*NNC(=O)C=CC(=O)Nc1cc(ccc1)C=C1C(=O)C(=Cc2cc(ccc2)NC(=O)C=CC(=O)*)CC1,tg,104.6,188.45461279453357,224.2788543701172,True
*N1C(=O)c2c(C1=O)cc(cc2)Oc1c2c(ccc1)c(ccc2)Oc1cc2c(C(=O)N(C2=O)c2c(cc(cc2C)Cc2cc(c(c(c2)C)*)C)C)cc1,tg,281.0,278.8233054365995,,False
*O[Si](COC(=O)CCCCCCCCC(=O)Oc1ccc(cc1)S(=O)(=O)c1ccc(cc1)Oc1ccc(cc1)C=C1C(=O)C(=Cc2ccc(cc2)Oc2ccc(cc2)S(=O)(=O)c2ccc(cc2)OC(=O)CCCCCCCCC(=O)OC[Si](*)(C)C)CC1)(C)C,tg,73.0,83.96491585002185,,False
*N(CCC*)C(=O)c1ccccc1,tg,72.0,79.95059526153254,,False
*Oc1ccc(cc1)C(c1ccc(cc1)OC(=O)CCCCCCCCC(=O)*)(C)C,tg,14.25,51.305829698670074,47.48660659790039,True
*Nc1c2C(=O)c3c(C(=O)c2ccc1)c(ccc3)N[Se]*,tg,52.0,184.63713870106267,139.0092315673828,True
*N1C(=O)c2c(C1=O)cc(cc2)Oc1c(cccc1)Oc1cc2c(C(=O)N(C2=O)c2ccc(cc2)Oc2cc3c(cc2Oc2ccc(cc2)*)cccc3)cc1,tg,216.0,206.5066592417221,,False
*S(=O)(=O)NCCCCCCNC(=O)C(*)(F)F,tg,51.0,71.97053025729785,,False
*c1cc2c(C(=O)N(C2=O)c2cc(ccc2)C(=O)c2ccc(cc2)C(=O)c2cc(ccc2)N2C(=O)c3c(C2=O)cc(cc3)C(=O)*)cc1,tg,240.0,264.7587287086894,253.2498321533203,True
*OC(=O)C(C(=O)OCCOCC*)CCCCC,tg,-47.0,-40.83081035012772,,False
*NC(=O)CCCCCCCCCCCCCCC(=O)NCCCCCCCC*,tg,52.0,48.32618005201308,,False
*C(C*)(C(=O)OCCS(=O)(=O)c1ccc(cc1)N=Nc1ccc(cc1)N(CC)CC)C,tg,142.0,135.52530774435758,,False
*c1ccc(cc1)*,tg,291.5,122.49726517203402,,False
*S(=O)(=O)c1ccc(cc1)Nc1ccc(cc1)C(c1ccc(cc1)Nc1ccc(cc1)*)(C(F)(F)F)C(F)(F)F,tg,145.0,227.0954789682853,,False
*N1C(=O)c2c(C1=O)cc(cc2)Oc1c(cc(cc1C)Cc1cc(c(c(c1)C)Oc1cc2c(C(=O)N(C2=O)c2c(cc(cc2C)c2cc(c(c(c2)C)*)C)C)cc1)C)C,tg,420.0,285.19344531594044,,False
*Oc1c(cc(cc1OC)/C=C/c1ccc(cc1)/C=C/c1cc(c(c(c1)OC)OCCCCCCCCCCCC*)OC)OC,tg,61.1,72.41981386961662,,False
*Oc1ccc(cc1)S(=O)(=O)c1c2c(ccc1)c(ccc2)S(=O)(=O)c1ccc(cc1)Oc1c(cc(cc1C)c1cc(c(c(c1)C)*)C)C,tg,262.0,276.2756379499244,291.6835021972656,True
*c1cc2c(C(=O)N(C2=O)c2cc(ccc2)C(=O)c2ccc(cc2)Cc2cc(ccc2)N2C(=O)c3c(C2=O)cc(cc3)C(=O)*)cc1,tg,265.5,260.38562015602696,,False
*c1cc2c(C(=O)N(C2=O)c2cc(c(cc2)c2c(cc(cc2)N2C(=O)c3c(C2=O)cc(cc3)C(=O)Oc2cc(c(cc2)c2c(cc(cc2)OC(=O)*)C)C)C)C)cc1,tg,177.0,232.769509357957,236.1756591796875,True
*c1cc2c(oc(n2)c2ccc(cc2)C(c2ccc(cc2)c2oc3c(n2)cc(cc3)C(*)(c2ccccc2)C(F)(F)F)(c2ccccc2)C(F)(F)F)cc1,tg,330.0,285.34565274209217,,False
*OC(=O)NNC(=O)CCCCCCCCC(=O)NNC(=O)OCC*,tg,63.0,38.453256514766174,45.774478912353516,True
*c1cc2c(C(=O)N(C2=O)c2ccc(cc2)Oc2ccc(cc2)N2C(=O)c3c(C2=O)cc(cc3)C(=O)NCCN(CCNC(=O)*)c2ccc(cc2)C=Cc2ccc(cc2)[N+](=O)[O-])cc1,tg,224.0,199.81327716200772,216.6430206298828,True
*Oc1c(cc(cc1)C(c1cc(c(cc1)OC(=O)*)C)(CCC#N)C)C,tg,117.0,127.47946918477886,,False
*C1C(=O)N(C(=O)C1*)c1c(cccc1)C(=O)OCCCC,tg,181.0,156.82280259312788,197.19671630859375,True
*OC(=O)c1ccc(cc1)C(=O)OCC#CC#CC*,tg,143.0,87.99960645524267,,False
*C(C*)(C(=O)OCCCCOc1cc2c(cc1)cc(cc2)C(=O)Oc1ccccc1)C,tg,88.0,62.21798465927901,,False
*N1C(=O)C2C3C4C(C(C2C1=O)C=C3)C(=O)N(C4=O)CCC*,tg,210.0,251.571292626744,,False
*[Si](CCC*)(c1cc(ccc1)C)C,tg,-25.0,4.130200253577533,-14.00275707244873,True
*OC(=O)c1cc(ccc1)C(=O)OCC(C(C(C*)(F)F)(F)F)(F)F,tg,23.5,28.246006918931545,10.399998664855957,True
*C=CCCCCCCC(CCCCCC*)Cl,tg,-57.0,-47.07941520392168,,False
*O[Si](O[Si](C#Cc1ccc(cc1)C#C[Si](*)(C)C)(C)C)(C)C,tg,104.0,86.02023920228987,,False
*NC(=O)CCCCC(=O)NCC1CCC(CC1)C*,tg,113.0,99.3499566698864,109.7177963256836,True
*Nc1ccc(cc1)c1ccc(cc1)NC(=O)c1ccc(cc1)C(=O)*,tg,340.0,269.0047784919269,,False
*Oc1ccc(cc1)Oc1ccc(cc1)C=NCCCCCCCCCCN=Cc1ccc(cc1)*,tg,108.0,95.88962556376144,94.71505737304688,True
*C1OC(C(C(C1O)O)O*)COCO,tg,208.0,107.84047904867924,129.2278289794922,True
*N1C(=O)c2c(C1=O)cc(cc2)c1cc2c(C(=O)N(C2=O)c2cc(ccc2)Oc2cc(ccc2)Oc2cc(ccc2)*)cc1,tg,208.0,217.31427877918625,200.8248748779297,True
*Oc1ccc(cc1)OC(=O)c1c(cc(cc1)C(=O)*)Sc1ccccc1,tg,181.0,139.9947791470597,,False
*C(C(C(C*)OC)C(=O)O)C(=O)O,tg,134.67,74.04081552921951,,False
*c1c([nH]c(n1)c1cc(ccc1)c1[nH]c(c(n1)c1ccc(cc1)Oc1ccc(cc1)C(=O)c1ccc(cc1)C(=O)c1ccc(cc1)Oc1ccc(cc1)*)c1ccccc1)c1ccccc1,tg,270.0,263.1395645787061,268.2701110839844,True
*N1C(=O)C2CCC3C(C2C1=O)C(=O)N(C3=O)c1ccc(cc1)Cc1ccc(cc1)*,tg,341.0,321.1287475778134,324.2757873535156,True
*Oc1ccc(cc1)c1ccc(cc1)Oc1c(cc(cc1)C(=O)c1cc(c(cc1)*)S(=O)(=O)O)S(=O)(=O)O,tg,225.0,236.1592464761627,,False
*Oc1ccc(cc1)C1(c2c(CC1)cccc2)c1ccc(cc1)OC(=O)c1ccc(cc1)C(=O)*,tg,312.0,273.8165817374266,,False
*c1cc2c(C(=O)N(C2=O)c2c(cc(c(c2C)N2C(=O)c3c(C2=O)cc(c(c3)Cl)C(=O)*)C)C)cc1Cl,tg,371.0,382.4110043477976,400.5963439941406,True
*C(C*)(C(=O)OCCCCCOc1ccc(cc1)c1ccc(cc1)C#N)C,tg,60.0,60.585521313335825,,False
*C(C*)OC(=O)C,tg,34.27,54.73781895685744,,False
*N1C(=O)c2c(C1=O)c(ccc2)c1cc2c(C(=O)N(C2=O)c2cc(ccc2)OCCCCCCCCOc2cc(ccc2)*)cc1,tg,142.0,139.71196262498128,,False
*C(=C(*)C)c1ccccc1,tg,200.0,230.46549423080648,207.9897918701172,True
*C(C*)c1c(c(c(c(c1F)F)OCC(C(F)(F)F)(F)F)F)F,tg,53.0,55.12605314498657,54.100128173828125,True
*c1cc2C3(CCC(CC3)C(C)(C)C)c3c(c2cc1)ccc(c3)c1cc2C(c3c(c2cc1)ccc(c3)*)(CCCCCCCC)CCCCCCCC,tg,166.0,123.55304235699484,,False
*Oc1cc(ccc1)NC(=O)c1ccc(cc1)C(=O)Nc1ccc(cc1)*,tg,280.0,242.84444881620016,224.23817443847656,True
*OC(C(=O)N(S(=O)(=O)C(C(*)(F)F)(F)F)[Li])(C(F)(F)F)F,tg,67.0,57.90309282354996,66.1983642578125,True
*C(C*)(C(=O)OC(C(C(C(C(C(C(C(F)(F)F)(F)F)(F)F)(F)F)(F)F)(F)F)(F)F)(F)F)C,tg,49.0,36.25404041171577,,False
*C(C*)(CC(=O)OCC)C(=O)O,tg,135.0,65.42650820257586,,False
*N1C(=O)c2c(C1=O)cc(cc2)C(=O)c1cc2c(C(=O)N(C2=O)CCC[Si](O[Si](CCC*)(C)C)(C)C)cc1,tg,68.0,95.58530406335092,,False
*c1cc2c(C(=O)N(C2=O)c2ccc(cc2)OC(COc2ccc(cc2)N2C(=O)c3c(C2=O)cc(cc3)C(*)(C(F)(F)F)C(F)(F)F)CCC)cc1,tg,204.0,226.397186337624,,False
*C(C*)C(=O)OCCCCCCCCCCCn1c2ccccc2c2ccccc12,tg,15.0,13.475527960838988,,False
*N1C(=O)C2CC3C(C2C1=O)CC(=O)N(C3=O)c1ccc(cc1)Oc1ccc(cc1)*,tg,350.0,295.7235021454134,,False
*c1sc(c(c1c1ccccc1)c1ccccc1)c1ccc(cc1)CC(=O)Nc1ccc(cc1)NC(=O)Cc1ccc(cc1)*,tg,251.0,239.32329772478212,260.31329345703125,True
*c1ccc2c3n(c4ccc(cc4n3)Oc3cc4n5c(nc4cc3)c3cccc4c(ccc(c5=O)c34)Oc3ccc(cc3)Sc3ccc(cc3)O*)c(=O)c3cccc1c23,tg,346.0,335.3454629067295,357.1623840332031,True
*C(C*)(C(=O)OCC(C(F)(F)F)(F)F)C,tg,77.0,67.79310711208745,60.577392578125,True
*N1C(=O)N(C(=O)C1=O)c1ccc(cc1)Oc1ccc(cc1)N1C(=O)N(C(=O)C1=O)CCCCCC*,tg,172.0,159.89680629311113,184.52447509765625,True
*Oc1ccc(cc1)CC(NC(=O)CCc1ccc(cc1)OC(=O)CCCC(=O)*)C(=O)OCC(C)C,tg,62.0,61.77957520818924,,False
*C1(NCC(NC1)(C(=O)OCC(CSCC(COC(=O)*)(C)C)(C)C)C)C,tg,40.0,78.83160932252247,,False
*Nc1c(cc(cc1)c1cc(c(cc1)NC(=O)c1cc(ccc1)C(=O)*)OC)OC,tg,218.2,255.6712293227307,,False
*N1C(=O)c2c(C1=O)c(ccc2)Oc1ccc(cc1)Oc1c2c(C(=O)N(C2=O)c2ccc(cc2)Oc2ccc(cc2)*)ccc1,tg,263.0,244.53922182777603,257.7103271484375,True
*OCCCCOc1ncnc(n1)*,tg,-11.0,40.68363512932587,-4.650232791900635,True
*c1cc2c(C(=O)N(C2=O)c2ccc(cc2)S(=O)(=O)c2ccc(cc2)N2C(=O)c3c(C2=O)cc(cc3)C(=O)Oc2c(cc(cc2)OC(=O)*)C(C)(C)C)cc1,tg,179.0,219.9411104259494,,False
*C1C(CC(C1)C=C*)C(=O)Oc1ccccc1,tg,72.6,83.67826610003914,,False
*C1(C(=O)N(C(=O)C(C1)(*)C)C)C,tg,170.0,187.36397406156792,204.78167724609375,True
*NC(=O)c1ccc(cc1)C(=O)NCCC*,tg,180.0,139.6060442625924,157.4608612060547,True
*c1nc(ccc1)c1cc(c(cc1)Oc1ccc(cc1)C1(c2ccccc2c2ccccc12)c1ccc(cc1)Oc1c(cc(cc1)*)C(F)(F)F)C(F)(F)F,tg,182.5,223.7231207321621,226.2646484375,True
*NC(=O)CCCCCCCCC(=O)NCc1ccc(cc1)C*,tg,115.0,96.19745437526036,,False
*C1CC(CC1)C=C*,tg,39.97,85.03020271933622,,False
*N1C(=O)C(=C(C1=O)c1ccccc1)c1ccc(cc1)C1=C(C(=O)N(C1=O)c1ccc(cc1)Oc1ccc(cc1)*)c1ccccc1,tg,275.0,265.2942586441125,,False
*N(CC(C*)O)c1cc(c(c(c1)C)N=Nc1c(cc(cc1)[N+](=O)[O-])C)C,tg,149.0,149.77641698387552,,False
*Nc1c(cc(cc1)NC(=O)c1ccc(cc1)NC(=O)CCCCCCCCC(=O)Nc1ccc(cc1)C(=O)*)C(=O)OCCCCCCCCCCCC,tg,228.5,235.9800475806456,231.2407989501953,True
*Oc1c(cc(cc1OC)*)OC,tg,171.45,148.53035950822402,181.20159912109375,True
*c1oc(nn1)c1ccc(cc1)C(=O)OCCCCCCCCOc1ccc(cc1)C=C1C(=O)C(=Cc2ccc(cc2)OCCCCCCCCOC(=O)c2ccc(cc2)*)CCC1,tg,59.0,93.77944379111848,80.65530395507812,True
*OC(C*)COc1ccc(cc1)c1ccc(cc1)C#N,tg,94.15,80.27173332598676,,False
*C(C*)(C(=O)OCCCC1CCCCC1)C,tg,41.33,42.38056697109689,,False
*C(C*)(C(=O)OCC(=O)N1CCOCC1)C,tg,128.0,93.89615720481724,117.60770416259766,True
*c1ccc2N(c3c(Sc2c1)cc(cc3)C=Cc1ccc(cc1)C=C*)c1ccc(cc1)OCCCCCCCCCCCC,tg,167.0,138.85578847725176,,False
*OP(=O)(Oc1c(cc(cc1C)S(=O)(=O)c1cc(c(c(c1)C)*)C)C)Oc1ccc(cc1)Br,tg,162.0,142.38000031249692,,False
*C(C*)c1ccc(cc1)C(=O)N(CC)CC,tg,102.0,86.66995524608801,85.99300384521484,True
*C(C*)(C(=O)OCCC(C(C(C(F)(F)F)(F)F)(F)F)(F)F)C,tg,23.0,30.38998784010842,,False
*S(=O)(=O)c1cc(ccc1)NC(=O)c1c(cc(cc1)c1cc(c(cc1)C(=O)Nc1cc(ccc1)*)C)C,tg,260.0,247.9912496417941,229.7630615234375,True
*C(C*)(C(=O)OCCC(C(C(C(C(C(F)(F)F)(F)F)(F)F)(F)F)(F)F)(F)F)F,tg,53.0,44.253067680061115,,False
*OC(=O)CCCCC(=O)OCC(CC(CC*)(C)C)C,tg,-70.0,-35.36730522409004,,False
*N(c1ccc(cc1)C(=O)*)C,tg,197.0,139.2793795933554,205.5862274169922,True
*OP(=O)(N=Nc1ccc(cc1)C(=O)c1ccc(cc1)N=NP(=O)(OCc1ccc(cc1)C*)OC)OC,tg,48.0,63.40107817931345,,False
*OC(=O)CCC(=O)OCC(=O)NCCCCCCNC(=O)C*,tg,30.0,22.441387635129917,17.09715461730957,True
*NC(=O)c1ccc(cc1)C(=O)NCCCC(CCC*)(C)C,tg,152.0,137.42312730692748,,False
*Oc1ccc(cc1)Oc1ccc(cc1)OCCCCCCOC(=O)OCCCCCCOC(=O)OCCCCCC*,tg,-13.0,-13.579057922608486,-5.926564693450928,True
*C(C*)CCCCC,tg,-45.5,-33.796131829000586,,False
*C(C*)(CC(=O)OCCOC)C(=O)OCCOC,tg,29.0,19.307450676225816,,False
*Oc1c(cc(cc1)C1(c2ccccc2c2ccccc12)c1cc(c(cc1)Oc1ccc(cc1)C(=O)c1cc(ccc1)C(=O)c1ccc(cc1)*)C)C,tg,217.0,221.92581751033103,253.5070037841797,True
*OC(=O)Nc1ccc(cc1)Cc1ccc(cc1)NC(=O)OCCCCCCCCCCCC*,tg,43.0,59.63486815239608,,False
*c1cc2c(C(=O)N(C2=O)c2cc(cc(c2)C(C)(C)C)N2C(=O)c3c(C2=O)cc(c(c3)Cl)C(=O)*)cc1Cl,tg,290.0,317.2827379278666,327.1447448730469,True
*OC(=O)c1cc(ccc1)C(=O)OCCCS(=O)(=O)CCCS(=O)(=O)CCC*,tg,67.0,39.1589920950781,,False
*N=P(*)(C)C,tg,-46.0,-69.25660364028865,,False
*Oc1ccc(cc1)N1ON1c1ccc(cc1)OCCCCCCOC(=O)C(C(=O)OCCCCCC*)CCCCCCP(=O)(O)O,tg,15.0,12.204695147077546,,False
*Nc1cc(ccc1)NC(=O)c1cc(ccc1)C(=O)Nc1cc(ccc1)NC(=S)NC(=O)c1cc(ccc1)C(=O)NC(=S)*,tg,244.0,244.82598448816387,,False
*N1C(=O)c2c(C1=O)cc(cc2)c1c2c(C(=O)N(C2=O)c2cc(ccc2)OCCCc2cc(ccc2)*)ccc1,tg,178.0,240.38598287332303,,False
*Oc1ccc(cc1)N=CC=Nc1ccc(cc1)OC(=O)Nc1ccc(cc1)Cc1ccc(cc1)NC(=O)*,tg,133.0,114.38580033654895,,False
*c1ncc(s1)N*,tg,62.0,183.4872200667652,,False
*Oc1ccc(cc1)S(=O)(=O)c1ccc(cc1)OCC(C*)O,tg,161.25,132.02835040291555,151.25730895996094,True
*C(C*)c1c(cc(cc1)C)C,tg,98.83,113.88168523217016,,False
*C1(c2c(C(=O)O1)cccc2)c1ccc(cc1)Oc1ccc(cc1)Oc1c2c(c(cc1)c1c3c(c(cc1)Oc1ccc(cc1)Oc1ccc(cc1)*)cccc3)cccc2,tg,198.0,227.01318749676412,,False
*Oc1cc(ccc1)NC(=O)CCCCCCCCC(=O)Nc1ccc(cc1)*,tg,125.0,129.00688096211852,130.6327667236328,True
*C(C*)C(=O)Nc1cc(ccc1)Cl,tg,70.0,85.05303585970121,,False
*C(C*)(C(=O)OCc1ccc(cc1)Cl)C,tg,43.6,55.10853628912757,,False
*N1C(=O)c2c(C1=O)c(ccc2)Oc1c(cc(cc1C)Cc1cc(c(c(c1)C)Oc1c2c(C(=O)N(C2=O)c2c(cc(cc2C)Cc2cc(c(c(c2)C)*)C)C)ccc1)C)C,tg,243.0,299.92944613180094,,False
*c1[nH]c(nc1c1ccc(cc1)NC1C(=O)N(C(=O)C1)c1ccc(cc1)Cc1ccc(cc1)N1C(=O)C(CC1=O)Nc1ccc(cc1)*)c1ccc(cc1)N=Nc1ccc(cc1)[N+](=O)[O-],tg,258.0,242.80365384400625,172.55908203125,True
*C(=CCCC*)c1ccccc1,tg,0.0,34.60493261224915,8.531356811523438,True
*OC(C*)CC,tg,-72.01,-45.856340332253374,,False
*OCOCCCC*,tg,-83.2,-75.57971613345873,-73.38690948486328,True
*C1(CCCCC1)C*,tg,100.0,106.4255694173069,117.18119049072266,True
*Oc1c(cc(cc1C)C1(CC2C(CC1)CCCC2)c1cc(c(c(c1)C)OC(=O)c1cc(ccc1)C(=O)*)C)C,tg,261.0,234.54461630641353,,False
*Oc1cc(ccc1)C(=O)NCC*,tg,106.0,102.73674853494045,,False
*c1cc2c(C(=O)N(C2=O)c2cc(ccc2)N2C(=O)c3c(C2=O)cc(cc3)C(=O)Nc2ccc(cc2)Oc2ccc(cc2)c2ccc(cc2)Oc2ccc(cc2)NC(=O)*)cc1,tg,292.0,277.1394419371408,,False
*NC(=O)c1ccc(cc1)C(=O)NCc1c(cc(c(c1)C)C*)C,tg,225.0,170.5839391710065,,False
*C(C*)c1ccc(cc1)I,tg,155.0,115.97234290591054,116.1122055053711,True
*Oc1ccc(cc1)C(c1ccc(cc1)OC(=O)OC1C(C(C1(C)C)OC(=O)*)(C)C)(c1ccccc1)c1ccccc1,tg,161.0,176.0779760741002,188.9441680908203,True
*c1cc2c(C(=O)N(C2=O)C2CCC(CC2)N2C(=O)c3c(C2=O)cc(cc3)C(=O)Oc2ccc(cc2)OC(=O)*)cc1,tg,360.0,232.76748783705253,,False
*C(C*)C(=O)OCCCCCCOc1ccc(cc1)N=Nc1ccc(cc1)[N+](=O)[O-],tg,35.8,57.04552107743415,50.57745361328125,True
*Oc1ccc(cc1)OC(=O)c1c(cc(c(c1)OCCCCCCCCCOCC1N(CCC1)c1ccc(cc1)[N+](=O)[O-])C(=O)*)OCCCCCCCCCOCC1N(CCC1)c1ccc(cc1)[N+](=O)[O-],tg,34.0,56.321450614935685,,False
*O[Si](c1cc2c(cc1)cc(cc2)[Si](*)(C)C)(C)C,tg,29.0,40.56819450902457,,False
*c1c(nnc(n1)c1nc(ccc1)c1nc(c(nn1)c1ccccc1)c1ccc(cc1)Cc1ccc(cc1)*)c1ccccc1,tg,205.0,249.2272088415948,,False
*Oc1ccc(cc1)C(c1ccc(cc1)OC(=S)*)CCC,tg,129.0,107.06127030663733,,False
*c1nc2c(c(c1c1ccccc1)c1ccccc1)cc(cc2)Oc1cc2c(nc(c(c2c2ccccc2)c2ccccc2)c2ccc(cc2)Oc2ccc(cc2)*)cc1,tg,305.0,324.3275844552611,,False
*OC(=O)c1ccc(cc1)C(=O)OCCC*,tg,53.44,53.76863473632083,,False
*NC(=O)CCCCCCCCCCCCCCCCCCC(=O)NCCCCC*,tg,52.0,49.3157142004172,,False
*c1cc2c(C(=O)N(C2=O)c2ccc(cc2)N2C(=O)c3c(C2=O)cc(cc3)C(*)(C(F)(F)F)C(F)(F)F)cc1,tg,348.86,343.60407790554063,341.5686950683594,True
*c1cc2c(C(=O)N(C2=O)C2C(=O)N(C(=O)C2)c2ccc(cc2)S(=O)(=O)c2ccc(cc2)NC(=O)*)cc1,tg,145.0,215.96298711335177,,False
*C(C*)OC(=O)c1ccc(cc1)CC,tg,54.72,59.2754053456888,,False
*C(C*)C(=O)OCC(O)C,tg,-7.0,9.717245509468825,,False
*Oc1ccc(cc1)C(c1ccc(cc1)OC(=S)*)(c1ccccc1)C,tg,181.0,145.69097565218462,,False
*C(C*)(C(=O)Oc1c(c(c(c(c1Cl)Cl)Cl)Cl)Cl)C,tg,110.0,155.03621321547382,,False
*C(C*)C1CCC(CC1)C(C)(C)C,tg,131.0,130.70942446270075,166.57708740234375,True
*OC(C*)CBr,tg,-14.0,-33.18730667493994,,False
*c1n(c(nn1)c1ccc(cc1)Oc1ccc(cc1)C(c1ccc(cc1)Oc1ccc(cc1)*)(C(F)(F)F)C(F)(F)F)c1ccc(cc1)S(=O)(=O)c1ccccc1,tg,211.0,224.8702177489727,,False
*Oc1ccc(cc1)CC(NC(=O)CCc1ccc(cc1)OC(=O)COCC(=O)*)C(=O)OCC,tg,79.0,71.45366061276214,66.40887451171875,True
*OC(OC(=O)c1cc(ccc1)C(=O)OC(OCC1CCC(CC1)C*)C)C,tg,30.0,46.88009224845533,,False
*C(=CCC*)CCCCCCC,tg,-83.0,-52.6295906159041,,False
*C(C*)OC(=O)c1ccccc1,tg,70.29,83.69617575364245,72.81430053710938,True
*C1C(CC(C1)C=C*)[Si](C[Si](C)(C)C)(C)C,tg,24.0,72.72763056682673,,False
*Oc1c(cc(cc1C)c1cc(c(c(c1)C)Oc1ccc(cc1)C(=O)c1cc2c(cc1)cc(cc2)C(=O)c1ccc(cc1)*)C)C,tg,270.0,244.44602318242528,,False
*c1oc2c(n1)ccc(c2)c1ccc2c(oc(n2)c2ccc(cc2)C(c2ccc(cc2)*)(C(F)(F)F)C(F)(F)F)c1,tg,345.0,347.23139385022404,,False
*Oc1ccc(cc1)C(=O)CNc1ccc(cc1)S(=O)(=O)c1ccc(cc1)NCC(=O)c1ccc(cc1)*,tg,247.0,189.51500297013857,,False
*Oc1ccc(cc1)C1(c2ccccc2c2ccccc12)c1ccc(cc1)Oc1ccc(cc1)C=NN=Cc1ccc(cc1)*,tg,227.0,215.9947390670577,,False
*C(C*)(C(=O)Oc1ccc(cc1)C(=O)C=Cc1cc(c(cc1)OC)OC)C,tg,137.0,112.1039821560807,,False
*Oc1cc2c(C(CC2(c2ccc(cc2)OC(=O)*)C)(C)C)cc1,tg,201.7,171.37565935383728,201.00254821777344,True
*Oc1c(cc(cc1C)S(=O)(=O)c1cc(c(c(c1)C)OCC(C*)O)C)C,tg,152.5,145.17914189250527,178.9780731201172,True
*C(C*)C(=O)c1ccc(cc1)CCC,tg,44.0,58.10423004731857,39.58250045776367,True
*C(C*)(C(=O)OCCCCCCCCCCCCCCCC[n+]1ccc(cc1)N(C)C)C,tg,60.0,47.27211686854438,,False
*Oc1cc(ccc1)Oc1ccc(cc1)S(=O)(=O)c1ccc(cc1)Oc1ccc(cc1)C(=O)c1ccc(cc1)*,tg,167.0,176.37627001826004,,False
*Oc1ccc(cc1)OC(=O)c1cc(ccc1)Oc1cc(ccc1)C(=O)*,tg,119.0,131.48768565219527,,False
*Oc1ccc(cc1)C(c1ccc(cc1)OC(=O)Nc1cc(ccc1)P(=O)(c1cc(ccc1)NC(=O)*)c1ccccc1)(C)C,tg,62.0,173.26934257591742,,False
*c1c2c(c(nn1)c1ccc(cc1)Oc1ccc(cc1)C1(c3ccccc3c3ccccc13)c1ccc(cc1)Oc1ccc(cc1)*)c(c(c(c2c1ccc(cc1)F)c1ccc(cc1)F)c1ccc(cc1)F)c1ccc(cc1)F,tg,311.33,316.3309368864465,,False
*Oc1c(cc(cc1)OC(=O)c1ccc(cc1)C(=O)*)C(F)(F)F,tg,158.13,151.1855009614852,,False
*N1C(=O)c2c(C1=O)cc(cc2)Oc1ccc(cc1)C1(c2ccccc2c2ccccc12)c1ccc(cc1)Oc1cc2c(C(=O)N(C2=O)c2ccc(cc2)N(c2ccc(cc2)*)c2ccc(cc2)C#N)cc1,tg,279.0,249.60022723503496,,False
*c1cc2c(nc(c(n2)c2ccc(cc2)c2c(nc3c(n2)cc(cc3)C(=O)*)c2ccccc2)c2ccccc2)cc1,tg,323.79,328.30787712106286,,False
*c1oc(nn1)c1ccc(cc1)c1oc(nn1)CN1C(=O)c2c(C1=O)cc(cc2)C(c1cc2c(C(=O)N(C2=O)C*)cc1)(C(F)(F)F)C(F)(F)F,tg,214.0,222.82111165186996,,False
*Nc1ccc(cc1)C(=O)c1ccc(cc1)NC(=O)c1cc(ccc1)C(=O)*,tg,253.2,267.384588838098,,False
*N1C(=O)N(C(=O)C1=O)c1c(ccc(c1)N1C(=O)N(C(=O)C1=O)CCCCCC*)C,tg,181.5,138.8569830809682,172.09291076660156,True
*OP(=O)(Oc1ccc(cc1)C(c1ccc(cc1)*)(C)C)Oc1ccc(cc1)Cl,tg,71.0,82.17607194567387,85.17999267578125,True
*Nc1c(ccc(c1)NC(=O)Nc1ccc(cc1)CCc1c(cccc1)NC(=O)*)C,tg,227.0,214.2445830492098,188.145263671875,True
*c1cc2c(C(=O)N(C2=O)c2cc(ccc2)P(=O)(c2cc(ccc2)N2C(=O)c3c(C2=O)cc(cc3)C(=O)*)c2cc(cc(c2)C(F)(F)F)C(F)(F)F)cc1,tg,243.0,250.98468245935524,244.56781005859375,True
*N1C(=O)c2c(C1=O)cc(cc2)C(=O)Oc1ccc(cc1)OC(=O)CCC*,tg,132.0,118.36116531012888,,False
*Oc1ccc(cc1)C(=O)OC(=O)c1ccc(cc1)OCCCCC*,tg,53.0,48.35591291065701,47.66617202758789,True
*OC(=O)c1cc(ccc1)c1cc(ccc1)C(=O)OCC(C(C(C*)(F)F)(F)F)(F)F,tg,45.0,81.1834720516073,,False
*Oc1c(cc(cc1)OC(=O)c1ccc(cc1)OCCCCCCOc1ccc(cc1)C(=O)*)N=Nc1ccc(cc1)C#N,tg,98.0,108.0123736791774,,False
*Oc1c(cc(cc1)Oc1ccc(cc1)C(=O)c1ccc(cc1)c1ccc(cc1)C(=O)c1ccc(cc1)*)c1ccccc1,tg,186.0,176.9983113862497,,False
*C(C*)c1ccc(cc1)CCCCCCCCCCCCCCCC,tg,4.5,-22.78935387120391,,False
*N1C(=O)c2c(C1=O)cc(cc2)c1cc2c(C(=O)N(C2=O)c2ccc(cc2)C(=O)Nc2cc(ccc2)S(=O)(=O)c2cc(ccc2)NC(=O)c2ccc(cc2)*)cc1,tg,256.0,258.7919773291852,,False
*Oc1cc(ccc1)NC(=O)c1ccc(cc1)C(=O)Nc1cc(ccc1)OCCCCC*,tg,135.0,141.88385495606553,,False
*SC(C*)CC,tg,-50.0,-45.90196211964329,-63.644893646240234,True
*NC(=O)CCCCCCCCCCCCCCCCC(=O)NCCCCCC*,tg,47.0,49.595147190122624,54.9895133972168,True
*O[Si](OC(CCC*)C)(C)C,tg,-81.0,-69.96331543327908,,False
*Oc1cc(c(cc1)C(=O)c1ccccc1)c1c(ccc(c1)Oc1ccc(cc1)C(c1ccc(cc1)*)(C)C)C(=O)c1ccccc1,tg,156.0,186.03085765358,,False
*Oc1ccc(cc1)CC(NC(=O)CCc1ccc(cc1)OC(=O)CCC(=O)*)C(=O)OCCCCCC,tg,51.2,51.4815586171842,,False
*c1cc2c(C(=O)N(C2=O)c2cc(ccc2)N2C(=O)c3c(C2=O)cc(cc3)C(=O)OCCN(CCOC(=O)*)c2ccc(cc2)N=Nc2ccc(cc2)[N+](=O)[O-])cc1,tg,210.0,177.9661037001457,,False
*OCC(C*)(COCC(F)(F)F)C,tg,-41.0,0.9310501165295214,,False
*N1C(=O)c2c(C1=O)cc(cc2)Oc1cc2c(C(=O)N(C2=O)c2c(cc(c(c2)*)O)O)cc1,tg,263.0,305.61245217405786,289.0337829589844,True
*c1cc2c(C(=O)N(C2=O)c2cc3Cc4c(c3cc2)ccc(c4)N2C(=O)c3c(C2=O)cc(cc3)C(=O)*)cc1,tg,341.5,343.3591216848395,,False
*OC(=O)c1cc2c(cc1)cc(cc2)C(=O)OCCCC*,tg,65.5,75.73590869018834,,False
*OCC(C*)(CS(=O)(=O)CCCCC)CS(=O)(=O)CCCCC,tg,56.0,57.43754493470406,,False
*C(C*)(C(=O)Oc1c(ccc(c1)C)C)C,tg,111.0,107.58141382365626,112.54303741455078,True
*c1cc2c(C(=O)N(C2=O)c2cc(ccc2)P(=O)(c2cc(ccc2)N2C(=O)c3c(C2=O)cc(cc3)C(=O)Nc2ccc3Cc4c(c3c2)cc(cc4)NC(=O)*)c2ccccc2)cc1,tg,248.0,229.70780592790564,,False
*c1cc2c(C(=O)N(C2=O)c2c3c(ccc2)c(ccc3)Oc2ccc(cc2)N2C(=O)c3c(C2=O)cc(cc3)C(=O)Nc2c3c(ccc2)c(ccc3)Oc2ccc(cc2)NC(=O)*)cc1,tg,276.0,295.9053760831139,294.2744445800781,True
*N(CC*)C(=O)C(CCCC)CC,tg,33.0,14.0793171838267,1.430938720703125,True
*Nc1ccc(cc1)Cc1ccc(cc1)NC(=O)c1cc(cc(c1)N1C(=O)C2C(C1=O)CC=CC2)C(=O)*,tg,286.0,298.41241625158347,,False
*c1nc2c([nH]1)ccc(c2)N1C(=O)c2c(C1=O)cc(cc2)C(=O)c1cc2c(C(=O)N(C2=O)c2ccc(cc2)*)cc1,tg,412.0,343.8413756719712,,False
*c1c(nnc(n1)c1nc(ccc1)c1nc(c(nn1)c1ccccc1)c1ccc(cc1)*)c1ccccc1,tg,260.0,247.7075429665076,,False
*Oc1ccc(cc1)C(c1ccc(cc1)Oc1ccc(cc1)C(=O)c1c(c(c(c(c1c1ccccc1)c1cc2c(cc1)cccc2)c1cc2c(cc1)cccc2)c1ccccc1)C(=O)c1ccc(cc1)*)(C)C,tg,264.0,279.00229683127185,,False
*Oc1ccc(cc1)Oc1ccc(cc1)C(=O)c1c2c(c(cc1)C(=O)c1ccc(cc1)*)cccc2,tg,200.02,184.0360117139985,186.5000457763672,True
*C1(c2c(C(=O)O1)cccc2)c1ccc(cc1)Oc1ccc(cc1)C(=O)c1ccc(cc1)Oc1ccc(cc1)*,tg,218.29,238.41953837409207,238.95884704589844,True
*C#CC(=C(*)COS(=O)(=O)c1ccc(cc1)C)COS(=O)(=O)c1ccc(cc1)C,tg,-73.0,123.71534401342308,168.5462188720703,True
*N1C(=O)c2c(C1=O)cc(cc2)c1cc2c(C(=O)N(C2=O)c2ccc(cc2)Oc2ccc(cc2)C(=O)c2ccc(cc2)Oc2ccc(cc2)*)cc1,tg,253.0,244.1365961568508,252.3985137939453,True
*C(C*)(C(=O)OCc1ccc(cc1)C=CC(=O)Oc1cc2c(cc1)oc(=O)cc2)C,tg,140.0,118.1393692733728,102.91930389404297,True
*S(=O)(=NP(=NP(=N*)(NCCCCCC)NCCCCCC)(NCCCCCC)NCCCCCC)NCCCCCC,tg,-17.0,-7.443903559677312,,False
*N1C(=O)c2c(C1=O)cc(cc2)c1cc2c(C(=O)N(C2=O)c2cc(ccc2)Oc2ccc(cc2)*)cc1,tg,255.5,265.5554325606843,279.6612243652344,True
*N1C(=O)c2c(C1=O)cc(cc2)Oc1ccc(cc1)C1(CCCCCCCCCCC1)c1ccc(cc1)Oc1cc2c(C(=O)N(C2=O)c2ccc(cc2)Oc2ccc(cc2)C2(C3CC4CC(CC2C4)C3)c2ccc(cc2)Oc2ccc(cc2)*)cc1,tg,262.0,256.9527722260741,248.229248046875,True
*C(C*)c1cc(c(c(c1)OC)O)OC,tg,147.0,120.77069899217302,,False
*OC(CC(=O)*)CCOc1ccccc1,tg,20.0,14.19217938049727,,False
*c1cc2c(C(=O)N(C2=O)c2ccc(cc2)N2C(=O)c3c(C2=O)cc(cc3)C(=O)c2ccc(cc2)Oc2ccc(cc2)Oc2ccc(cc2)C(=O)*)cc1,tg,236.0,253.2002526425861,256.27001953125,True
*OC(=O)CCCCC(=O)OCCCCCCCCCC*,tg,-68.0,-42.86779693978422,-59.076297760009766,True
*N=C(NCCCCCCCCCC*)C,tg,5.0,13.438053939807908,,False
*c1c(cc(c(c1)OC)C=C*)OCCCCCC,tg,60.0,37.46572114382982,,False
*c1cc2c(C(=O)N(C2=O)c2ccc(cc2)Cc2ccc(cc2)N2C(=O)c3c(C2=O)cc(cc3)C(=O)Nc2ccc(cc2)Oc2ccc(cc2)NC(=O)*)cc1,tg,251.0,263.39650495171384,,False
*OC(=O)OCC(C*)(C)C,tg,14.76,9.588149810098257,-5.136678218841553,True
*c1oc(cc1)C(c1oc(cc1)CNC(=O)OCc1oc(cc1)COCc1oc(cc1)COC(=O)NC*)(C)C,tg,39.0,51.290165735782146,35.44553756713867,True
*N1C(=O)c2c(C1=O)cc(cc2)C(=O)Oc1ccc(cc1)c1ccc(cc1)OC(=O)c1cc2c(C(=O)N(C2=O)CCCCCCCCCCC*)cc1,tg,97.0,103.04003217276323,90.11702728271484,True
*Oc1ccc(cc1)NC(=O)c1ccc(cc1)C(=O)Nc1ccc(cc1)*,tg,184.75,251.1411107728959,281.4895935058594,True
*Nc1cc(ccc1)NC(=O)c1ccc(cc1)C(=O)Nc1cc(ccc1)NC(=S)NC(=O)CCCCC(=O)NC(=S)*,tg,252.0,244.80952705902928,,False
*C(C*)(C(=O)OCCCCCCOc1ccc(cc1)N=Nc1ccc(cc1)[N+](=O)[O-])C,tg,108.0,68.08899717479106,,False
*C(C*)(C(=O)OCCCCCCOc1cc2c(cc1)cc(cc2)C(=O)Oc1ccccc1)C,tg,39.0,48.15553563807151,,False
*Oc1ccc(cc1)C1(c2ccccc2c2ccccc12)c1ccc(cc1)Oc1ccc(cc1)C(=O)c1c2c(ccc1)cccc2C(=O)c1ccc(cc1)*,tg,269.0,245.6708770238148,,False
*c1oc(nn1)c1ccc(cc1)Oc1ccc(cc1)*,tg,237.67,218.0832820978128,,False
*N1C(=O)c2c(C1=O)cc(cc2)Oc1cc2c(cc1Oc1cc3c(C(=O)N(C3=O)c3ccc(cc3)Oc3c(cccc3)Oc3ccc(cc3)*)cc1)cccc2,tg,204.0,212.6605155194708,,False
*C(C*)(c1ccccc1)C,tg,148.8,143.69290278244674,178.41200256347656,True
*N1C(=O)c2c(C1=O)c(ccc2)Oc1ccc(cc1)Sc1ccc(cc1)Oc1c2c(C(=O)N(C2=O)c2ccc(cc2)Oc2ccc(cc2)*)ccc1,tg,234.0,231.13344124341936,,False
*OC(COC(=O)C1=C(C2C=CC1C2)C(=O)OCC(OC(=O)c1ccc(cc1)C(=O)*)CCl)CCl,tg,72.0,70.64657046184946,,False
*c1ccc2n(c3c(c2c1)cc(cc3)Nc1ccc(cc1)C(=O)c1ccc(cc1)N*)CC(CCCC)CC,tg,236.06,210.6488125459608,,False
*C1C(C(C(C1)C=C*)C(=O)Oc1ccccc1)C(=O)Oc1ccccc1,tg,96.5,133.2801515481498,,False
*O[Si](O[Si](O[Si](O[Si](Oc1c(cc(cc1C)c1cc(c(c(c1)C)*)C)C)(C)C)(C)C)(C)C)(C)C,tg,-16.0,78.2843939210005,,False
*NC(=O)CCCCCCCCCC*,tg,46.15,47.67118231962792,54.4807014465332,True
*N1C(=O)c2c(C1=O)cc(cc2)C(=O)Oc1ccc(cc1)c1ccc(cc1)OC(=O)CCCCCC*,tg,107.0,99.95096913688404,,False
*c1cc2c(C(=O)N(C2=O)c2ccc(cc2)Oc2ccc(cc2)Oc2ccc(cc2)N2C(=O)c3c(C2=O)cc(cc3)C(=O)Oc2ccc(cc2)OC(=O)*)cc1,tg,230.0,233.24939418535655,,False
*O[Si](*)(CCCOc1ccc(cc1)C(=O)OC1CC2=CCC3C(CCC4(C(CCC34)C(CCCC(C)C)C)C)C2(CC1)C)C,tg,72.08,64.7164485894607,,False
*OC(=O)C1CCC(CC1)C(=O)OCCC*,tg,-6.0,17.330338526564432,2.5634002685546875,True
*OC(=O)Nc1c(ccc(c1)NC(=O)OCCCCCCC*)C,tg,61.0,22.851128102146394,,False
*C(C*)C(=O)OCC(C(F)(F)F)(F)F,tg,-26.0,-8.43454311530506,-13.215179443359375,True
*OC(CC(=O)*)COc1ccccc1,tg,20.0,38.57175421739111,37.74675750732422,True
*c1[nH]c(nc1c1ccc(cc1)Oc1ccc(cc1)C(=O)c1cc(ccc1)C(=O)c1ccc(cc1)Oc1ccc(cc1)*)c1ccccc1,tg,230.0,233.13891270097335,,False
*O[Si](*)(c1ccccc1)c1ccccc1,tg,45.8,46.5415067401997,,False
*Oc1ccc(cc1)C(c1ccc(cc1)OC(=O)c1ccc(cc1)OCCCCCCCCCCOc1ccc(cc1)C(=O)*)(C)C,tg,77.0,76.1075341305541,90.95667266845703,True
*c1cc2c(C(=O)N(C2=O)c2ccc(cc2)NC(=O)Nc2ccc(cc2)N2C(=O)c3c(C2=O)cc(cc3)C(=O)Nc2ccc(cc2)C(=O)c2ccc(cc2)NC(=O)*)cc1,tg,212.0,217.5404904221996,245.88348388671875,True
*c1cc2c(C(=O)N(C2=O)c2cc(c(cc2)c2c(cc(cc2)N2C(=O)c3c(C2=O)cc(cc3)C(=O)Oc2c(ccc(c2)OC(=O)*)C23CC4CC(CC(C2)C4)C3)C)C)cc1,tg,225.0,239.76263974965977,288.8425598144531,True
*OC(=O)c1ccc(cc1)[Si](c1ccc(cc1)C(=O)OCCN(CC*)c1ccc(cc1)C=Cc1ccc(cc1)[N+](=O)[O-])(C)C,tg,127.0,111.5868094318675,92.61487579345703,True
*N1C(=O)c2c(C1=O)c(ccc2)c1cc2c(C(=O)N(C2=O)c2cc(ccc2)C(=O)Nc2ccc(cc2)Oc2cc(ccc2)Oc2ccc(cc2)NC(=O)c2cc(ccc2)*)cc1,tg,253.0,261.64016667133524,,False
*c1nc2c([nH]1)ccc(c2)c1ccc2c(nc([nH]2)c2ccc(cc2)Nc2nc(nc(n2)Nc2ccc(cc2)*)N(c2ccccc2)c2ccccc2)c1,tg,329.0,299.5905738298391,,False
*N1C(=O)c2c(C1=O)cc(cc2)Oc1ccc(cc1)C(c1ccc(cc1)Oc1cc2c(C(=O)N(C2=O)c2ccc(cc2)Oc2ccc(cc2)C(c2ccc(cc2)Oc2ccc(cc2)*)(C)C)cc1)(C)C,tg,205.0,215.16969157145627,,False
*C(C*)C(=O)OCCCCCCCCOC(=O)c1ccc(cc1)OC(=O)c1ccc(cc1)C#N,tg,15.0,19.83188264283953,15.003555297851562,True
*Oc1ccc(cc1)NC(=O)c1cc(cc(c1)C(C)(C)C)C(=O)Nc1ccc(cc1)*,tg,268.0,250.34135150880127,,False
*c1sc(c(c1c1ccccc1)c1ccccc1)c1ccc(cc1)CC(=O)Nc1ccc(cc1)Cc1ccc(cc1)NC(=O)Cc1ccc(cc1)*,tg,227.0,237.73447416069533,247.0184326171875,True
*C(C*)(C(=O)OCC(C(C(C(C(C(C(C(F)F)(F)F)(F)F)(F)F)(F)F)(F)F)(F)F)(F)F)C,tg,-15.0,41.219882572304805,,False
*N1C(=O)c2c(C1=O)c(ccc2)c1cc2c(C(=O)N(C2=O)c2cc(ccc2)Oc2cc(ccc2)Oc2cc(ccc2)*)cc1,tg,213.0,245.44240297730695,213.35081481933594,True
*c1cc2c(C(=O)N(C2=O)c2ccc(cc2)C(=O)Nc2cc(ccc2)NC(=O)*)cc1,tg,240.0,267.48316082702104,,False
*N1C(=O)c2c(C1=O)cc(cc2)Oc1ccc(cc1)C1(CCCCCCCCCCC1)c1ccc(cc1)Oc1cc2c(C(=O)N(C2=O)c2ccc(cc2)Oc2c(cc(cc2)Oc2ccc(cc2)*)C(C)(C)C)cc1,tg,262.0,237.6898023236753,,False
*N=P(*)(OCCCCCC)OCCCCCC,tg,-104.0,-92.633222408087,-86.65166473388672,True
*c1nc(nc(n1)N(CCCCCCN(*)c1ccccc1)c1ccccc1)C,tg,67.0,63.17464786577997,,False
*S(=O)(=O)C(C*)CC(C)C,tg,23.0,40.33601826306874,,False
*c1cc2c(cc1OC(=O)COc1ccc3c(c1)oc(=O)cc3)oc(=O)c(c2)C(=O)Nc1ccc(cc1)NC(=O)c1c(=O)oc2c(cc(c(c2)OC(=O)COc2ccc3c(c2)oc(=O)cc3)C*)c1,tg,252.0,236.94941717514772,232.602294921875,True
*Nc1ccc(cc1)N[Se]*,tg,55.0,103.5485657631262,-61.139156341552734,True
*C(C*)c1c(ccc(c1)c1ccc(cc1)C(=O)OC1C(CCC(C1)C)C(C)C)c1ccc(cc1)C(=O)OC1C(CCC(C1)C)C(C)C,tg,217.5,192.577301142215,,False
*O[Si](O[Si](O[Si](C#Cc1ccc(cc1)C#C[Si](*)(C)C)(C)C)(C)C)(C)C,tg,96.0,45.18860756288595,93.88055419921875,True
*N(CCNC(=O)c1ccc(cc1)[Si](c1ccc(cc1)C(=O)NCC*)(C)C)c1ccc(cc1)/C=C/c1ccc(cc1)[N+](=O)[O-],tg,157.5,161.85670742733473,,False
*[Si](CCC*)(O[Si](CCCOc1ccc(cc1)C(=O)Oc1ccc(cc1)C#N)(C)C)C,tg,-19.1,0.3685803597952765,11.75220012664795,True
*N(CC(C*)O)c1ccc(cc1)N=Nc1c(cc(cc1)[N+](=O)[O-])C,tg,156.0,118.73983556239898,,False
*N1C(=O)c2c(C1=O)cc(cc2)c1cc2c(C(=O)N(C2=O)c2cc(c(c(c2)C(=O)OCCCCCCCC)c2c(cc(cc2Br)*)C(=O)OCCCCCCCC)Br)cc1,tg,135.5,121.80160833812664,135.94358825683594,True
*SC(C*)C,tg,-45.29,-48.503756785439954,,False
*Oc1ccc(cc1)C1(CCCCCCCCCCC1)c1ccc(cc1)OC(=O)c1ccc(cc1)Oc1ccc(cc1)C1(CCC(CC1)C(C)(C)C)c1ccc(cc1)Oc1ccc(cc1)C(=O)*,tg,181.0,191.34896302621155,,False
*N1C(=O)c2c(C1=O)cc(cc2)Sc1cc2c(C(=O)N(C2=O)c2c(cc(c(c2C)*)C)C)cc1,tg,378.0,364.70521734780704,379.354736328125,True
*C(C*)P(=O)(N(C)C)Oc1ccccc1,tg,27.0,81.30227131902723,,False
*N1C(=O)c2c(C1=O)c(ccc2)Oc1ccc(cc1)S(=O)(=O)c1ccc(cc1)Oc1c2c(C(=O)N(C2=O)c2ccc(cc2)Oc2ccc(cc2)*)ccc1,tg,267.0,252.9300702632147,264.27996826171875,True
*O[Si](c1ccc(cc1)c1ccc(cc1)[Si](*)(c1ccccc1)c1ccccc1)(c1ccccc1)c1ccccc1,tg,94.0,164.93472310038575,131.15460205078125,True
*C(C*)C(=O)OCc1c(c(c(c(c1Br)Br)Br)Br)Br,tg,181.0,48.19400598333485,85.72744750976562,True
*N1C(=O)c2c(C1=O)cc(cc2)Oc1cc2c(C(=O)N(C2=O)c2cc(ccc2)OCCOCCOc2ccc(cc2)*)cc1,tg,146.5,154.8708261512869,,False
*c1nc2c([nH]1)ccc(c2)NC(=O)c1ccc(cc1)OCCOCCOCCOc1ccc(cc1)C(=O)Nc1ccc(cc1)*,tg,155.0,149.77024099037635,176.8031005859375,True
*O[Si](*)(CCCCCCCCCCCOc1ccc(cc1)/C=C/c1ccc(cc1)OCCCC)C,tg,-33.0,13.96261600578074,,False
*OC(=O)NCCCCCCNC(=O)OCCN(CC*)c1cc(c(cc1)N=Nc1ccc(cc1)[N+](=O)[O-])C,tg,75.0,73.04150643343996,,False
*c1nc(c(c(c1F)OCC(C(C(COc1c(c(nc(c1F)F)OCC(C(C(CO*)(F)F)(F)F)(F)F)F)(F)F)(F)F)(F)F)F)F,tg,-10.0,58.99988922307278,,False
*C(C*)C(=O)OCCC#N,tg,4.0,-9.756289479516658,,False
*c1c([nH]c(n1)c1ccc(cc1)c1[nH]c(c(n1)c1ccc(cc1)Oc1ccc(cc1)C(=O)c1ccc(cc1)c1ccc(cc1)C(=O)c1ccc(cc1)Oc1ccc(cc1)*)c1ccccc1)c1ccccc1,tg,273.0,261.5392517829178,,False
*c1cc2c(C(=O)N(C2=O)c2ccc(cc2)Sc2ccc(cc2)Sc2ccc(cc2)Sc2ccc(cc2)Sc2ccc(cc2)N2C(=O)c3c(C2=O)cc(cc3)C(*)(C(F)(F)F)C(F)(F)F)cc1,tg,216.0,239.1817111340079,,False
*C(C*)(C(=O)OC1C(CCC(C1)C)C(C)C)C,tg,147.0,116.82851435713236,133.70225524902344,True
*NC(=O)CCCCCCCCCCC(=O)NCCCCCCCCCC*,tg,49.0,46.61135409288679,46.82460403442383,True
*C(C*)OCC(CC)(C)C,tg,9.0,-24.553227679636947,,False
*[Si](C*)(CCCCC)CCCCC,tg,-55.0,-57.136331528313214,,False
*N1C(=O)c2c(C1=O)cc(cc2)c1cc2c(C(=O)N(C2=O)c2cc(c(c(c2)C(=O)OCCCC)c2c(cc(cc2Br)*)C(=O)OCCCC)Br)cc1,tg,196.0,158.1391202097315,228.1249237060547,True
*C(C*)(C(=O)OCCN(c1ccc(cc1)N(C)C)C)C,tg,41.0,56.920169736158584,,False
*NC(=O)CCCCCCCCCC(=O)NCCc1ccc(cc1)CC*,tg,96.0,89.01786954505265,85.56488037109375,True
*C(C(C(C*)OC)C(=O)OC)C(=O)OC,tg,59.5,92.35289309917054,88.3884048461914,True
*c1oc(nn1)c1ccc(cc1)c1oc(nn1)CCCOc1c(cc(cc1)OCCC*)C,tg,125.5,71.15274908170284,114.04903411865234,True
*NC(=O)CCC1(c2ccccc2c2ccccc12)CCC(=O)NCCCCCC*,tg,122.0,102.88461478947652,,False
*Nc1ccc(cc1)NC(=O)CCCCCCC(=O)*,tg,138.0,129.24288499897256,135.32884216308594,True
*c1sc(c(c1c1ccccc1)c1ccccc1)c1ccc(cc1)CC(=O)Nc1ccc(cc1)S(=O)(=O)c1ccc(cc1)NC(=O)Cc1ccc(cc1)*,tg,252.0,253.9872258816133,266.3912658691406,True
*OC(=O)c1ccc(cc1)C(=O)OCC(CC(CC*)(C)C)C,tg,-12.0,36.60726748617361,,False
*c1sc(cc1)c1cc(c(cc1)Oc1ccc(cc1)C(c1ccc(cc1)Oc1c(cc(cc1)*)C(F)(F)F)(C)C)C(F)(F)F,tg,123.33,129.8402607347879,,False
*C(C*)c1ccc(cc1)COCCC,tg,22.0,39.34046336079599,,False
*N1C(=O)c2c(C1=O)c(ccc2)Oc1c(cc(cc1C)c1cc(c(c(c1)C)Oc1c2c(C(=O)N(C2=O)c2c(cc(c(c2C)*)C)C)ccc1)C)C,tg,325.0,321.5296426998762,,False
*OC(=O)c1c(ccc(c1)N=Nc1ccc(cc1)OCC)c1c(cc(cc1)N=Nc1ccc(cc1)OCC)C(=O)OCCCCCC*,tg,83.0,76.10746758754824,,False
*OC1CCC(CC1)OC(=O)OCCCCCCCOC(=O)*,tg,-5.0,7.592768990919346,-3.9803364276885986,True
*Oc1c(cc(cc1C)c1cc(c(c(c1)C)Oc1ccc(cc1)C(=O)c1ccc(cc1)*)C)C,tg,246.64,211.2833372780624,,False
*c1cc2c(C(=O)N(C2=O)c2ccc(cc2)Oc2cc3c(cc2)ccc(c3)Oc2ccc(cc2)N2C(=O)c3c(C2=O)cc(cc3)C(=O)Nc2ccc(cc2)Oc2ccc(cc2)C(c2ccc(cc2)Oc2ccc(cc2)NC(=O)*)(C)C)cc1,tg,250.0,254.5742611493527,,False
*C(C*)C(=O)OCC(CCCC)CC,tg,-62.58,-44.04655179296088,,False
*Oc1ccc(cc1)c1ccc(cc1)OC(=O)c1cc(cc(c1)CCCCC)C(=O)*,tg,138.0,129.59362270141187,,False
*Oc1cc2c(cc1OC(=O)c1ccc(cc1)Oc1ccc(cc1)C(=O)*)cccc2,tg,148.0,149.39149646824163,178.3023223876953,True
*Oc1ccc(cc1)N1ON1c1ccc(cc1)OCCCCCCOC(=O)C(C(=O)OCCCCCC*)CCCCP(=O)(O)O,tg,11.5,16.996292058623734,,False
*Oc1ccc(cc1)C(c1ccc(cc1)OC(=O)c1ccc(cc1)S(=O)(=O)c1ccc(cc1)C(=O)*)(C)C,tg,205.0,215.69924360268857,,False
*c1c(cc(c(c1)OC)C=C*)OCCc1ccccc1,tg,111.2,90.22598248342574,96.36090850830078,True
*C(C*)C(=O)OCCCCCCn1c2ccccc2c2ccccc12,tg,48.0,46.820512200925435,,False
*c1c(c(c(c(c1Cl)Cl)[Se]*)Cl)Cl,tg,104.0,139.9247380991262,144.6549835205078,True
*N1C(=O)C2C3C4C(C(C2C1=O)C=C3)C(=O)N(C4=O)C1C(CC(CC1)CC1CC(C(CC1)*)C)C,tg,241.0,265.1296107378555,296.3181457519531,True
*c1cc2C(c3c(c2cc1)ccc(c3)*)(CCCCCCCC)CCCCCCCC,tg,57.66,83.24038378174632,,False
*OC(=O)CCSCCC(=O)OCCOCCOCCOCCOCC*,tg,-47.0,-50.305711583232075,,False
*c1cc2c(C(=O)N(C2=O)c2ccc(cc2)OCCOCCOCCOc2ccc(cc2)N2C(=O)c3c(C2=O)cc(cc3)C(*)(C(F)(F)F)C(F)(F)F)cc1,tg,166.0,164.2250953827405,165.2910919189453,True
*C(C*)(CC(=O)OCCCCC)C(=O)OCCCCC,tg,2.0,4.175187558531719,,False
*O[Si](O[Si](O[Si](O[Si](CC[Si](O[Si](O[Si](CC[Si](*)(c1ccccc1)c1ccccc1)(C)C)(C)C)(C)C)(c1ccccc1)c1ccccc1)(c1ccccc1)c1ccccc1)(c1ccccc1)c1ccccc1)(c1ccccc1)c1ccccc1,tg,4.5,3.84922293147506,,False
*Oc1ccc(cc1)Sc1ccc(cc1)OCC(CN(S(=O)(=O)c1cc(ccc1)S(=O)(=O)N(CC(C*)O)C)C)O,tg,90.0,85.48657251414564,,False
*NC(=O)C(=O)NCC(CCC*)(C)C,tg,109.0,89.31646030956126,,False
*c1cc2c(C(=O)N(C2=O)c2cc(cc(c2)c2nc3c([nH]2)cccc3)N2C(=O)c3c(C2=O)cc(cc3)C(=O)*)cc1,tg,197.0,339.4446604030416,,False
*Oc1ccc(cc1)Oc1ccc(cc1)NC(=O)c1cc(cc(c1)C(C)(C)C)C(=O)Nc1ccc(cc1)*,tg,195.5,251.4033700115308,,False
*C1C(=O)N(C(=O)C1*)c1ccc(cc1)O[Si](C(C)(C)C)(C)C,tg,169.0,181.18054961593285,,False
*OP(=O)(OCCCCCCCCCCOc1ccc(cc1)C=Cc1ccc(cc1)OCCCCCCCCCC*)OCCCCCCCCCCOc1ccc(cc1)N=Nc1ccc(cc1)Cl,tg,60.0,52.97982552235724,,False
*C(C*)(C(=O)OCCCCCCCCCCCOc1ccc(cc1)C=Nc1ccc(cc1)C#N)C,tg,23.0,28.381057932482474,27.164670944213867,True
*OC(=O)c1cc(c(cc1)c1c(cc(cc1)C(=O)OCC*)C)C,tg,73.0,123.34798490790897,,False
*c1cc2c(C(=O)N(C2=O)c2ccc(cc2)Sc2ccc(cc2)Oc2ccc(cc2)Sc2ccc(cc2)N2C(=O)c3c(C2=O)cc(cc3)C(*)(C(F)(F)F)C(F)(F)F)cc1,tg,232.67,239.1570430548297,235.1267852783203,True
*NC1CCC(CC1)CC(NC(=O)CCCCC(=O)*)(C)C,tg,80.0,105.90365047538911,,False
*C1C(CC(C1)C=C*)([Si](O[Si](O[Si](C)(C)C)(C)C)(C)C)C#N,tg,47.0,57.10100145676031,,False
*C(C*)(C(=O)NC1C(OC(C(C1O)O)CO)O)C,tg,100.0,164.7137102031246,,False
*Oc1c(cc(cc1OC)c1cc(c(c(c1)OC)OC(=O)c1cc(ccc1)C(=O)*)OC)OC,tg,252.0,163.70969296637568,181.06288146972656,True
*Oc1c(cc(c(c1)OCCOC)OC(=O)c1c(cc(cc1)C(=O)*)OCCOCC)OCCOC,tg,99.0,58.226805691014285,,False
*C(C*)c1cc[n+](cc1)CCCCCCCC,tg,94.5,-5.887383249524863,,False
*OS(=O)(=O)c1cc(ccc1)C(=O)Oc1ccc(cc1)C(c1ccc(cc1)*)(C)C,tg,133.0,145.82538432135064,,False
*C(C*)C(=O)Oc1ccc(cc1)[N+](=O)[O-],tg,73.3,113.0925880572102,103.32513427734375,True
*N1C(=O)c2c(C1=O)cc(cc2)Oc1c(cc(cc1C)C(c1cc(c(c(c1)C)Oc1cc2c(C(=O)N(C2=O)c2ccc(cc2)Oc2ccc(cc2)C(c2ccc(cc2)Oc2ccc(cc2)*)(C(F)(F)F)C(F)(F)F)cc1)C)(C)C)C,tg,244.0,246.72209205570337,,False
*N1C(=O)c2c(C1=O)c(ccc2)Oc1ccc(cc1)C(=O)c1ccc(cc1)Oc1c2c(C(=O)N(C2=O)c2cc(ccc2)*)ccc1,tg,248.0,243.0982022845238,248.95361328125,True
*C(C*)OCCCCCCCCCC,tg,-62.0,-54.88351028923115,-74.31311798095703,True
*Oc1c(cc(cc1)C(=O)c1cc(ccc1)C(=O)c1cc(c(cc1)*)C(C)C)CC,tg,136.0,138.00639393070549,152.3126678466797,True
*OP(=O)(OCCOc1ccc(cc1)S(=O)(=O)c1ccc(cc1)OCC*)Oc1ccc(cc1)Br,tg,59.0,55.77825712537258,57.25827407836914,True
*C(C*)(C(=O)OCCN(c1ccc(cc1)N=Nc1ccc(cc1)S(=O)(=O)Nc1nccs1)CCCC)C,tg,53.0,114.31390746948288,,False
*OC(=O)c1c(ccc(c1)N=Nc1ccc(cc1)OCC)c1c(cc(cc1)N=Nc1ccc(cc1)OCC)C(=O)OCCC*,tg,101.0,104.26997303401052,117.5943374633789,True
*C(C*)(C(=O)OCCN(c1ccc(cc1)N=Nc1ccc(cc1)S(=O)(=O)Nc1noc(c1)C)CCCC)C,tg,114.0,97.62367594536676,,False
*c1cc2c(C(=O)N(C2=O)c2ccc(cc2)C(=O)Nc2ccc(cc2)S(=O)(=O)c2ccc(cc2)NC(=O)*)cc1,tg,227.33,280.41802323152575,284.94964599609375,True
*N1C(=O)C2C(C1=O)CC(CC2)C1CC2C(C(=O)N(C2=O)c2ccc(cc2)Oc2ccc(cc2)C(c2ccc(cc2)Oc2ccc(cc2)*)(C)C)CC1,tg,225.0,239.0218223976015,238.1287384033203,True
*Oc1ccc(cc1)C(=O)c1ccc(cc1)OCCCCCCOC(=O)OCCCCCCCCCCOC(=O)OCCCCCC*,tg,-13.0,-7.076180297773718,,False
*Oc1ccc(cc1)S(=O)(=O)c1ccc(cc1)Oc1c(cc(cc1)C(c1cc(c(cc1)*)N)(C)C)N,tg,230.4,229.26030119332316,,False
*c1c2C(=O)N(C(=O)c2c(c2ccccc12)c1ccc(cc1)Oc1c(cc(cc1)c1nc(ccc1)c1cc(c(cc1)Oc1ccc(cc1)*)C(F)(F)F)C(F)(F)F)c1ccccc1,tg,298.0,273.706370126958,278.32049560546875,True
*N1C(=O)c2c(C1=O)cc(cc2)Oc1cc2c(C(=O)N(C2=O)c2cc(cc(c2)OCCCC)*)cc1,tg,237.0,215.6409532744782,,False
*NC(=O)CCCC(=O)NCc1c(c(c(c(c1C)C)C*)C)C,tg,192.0,155.42930430295883,,False
*c1nc2c(c(c1)c1ccccc1)cc(cc2)c1cc2c(nc(cc2c2ccccc2)c2ccc(cc2)c2ccc(cc2)c2ccc(cc2)*)cc1,tg,351.67,356.24451753523505,,False
*Oc1ccc(cc1)S(=O)(=O)c1ccc(cc1)Oc1ccc(cc1)C(=O)c1cc(cc(c1)I)C(=O)c1ccc(cc1)*,tg,203.0,209.94421647225,,False
*c1sc2cc3c(cc2n1)sc(n3)c1ccc(cc1)Oc1cc(ccc1)n1c(=O)c2cc3c(cc2c1=O)c(=O)n(c3=O)c1cc(ccc1)Oc1ccc(cc1)*,tg,400.0,277.0757864431459,,False
*OC(=O)CCCCCCCCC(=O)OC/C=C\C*,tg,-41.0,-41.80994094534042,-44.405391693115234,True
*Oc1ccc(cc1)C(=Cc1ccc(cc1)OCC(COC(=O)CCCCCCCCC(=O)OCC(C*)O)O)C,tg,30.0,29.961461222923948,,False
*Oc1ccc(cc1)CC(NC(=O)CCc1ccc(cc1)OC(=O)CCC(CC(=O)*)C)C(=O)OCc1ccccc1,tg,55.0,60.55435133283587,,False
*C(C*)c1ccc(cc1)COC,tg,77.0,61.16001962447755,,False
*[Si](CCC*)(c1ccc(cc1)N(C)C)c1ccccc1,tg,52.0,47.55645126925241,,False
*Oc1ccc(cc1)Oc1ccc(cc1)OCCCCCCOC(=O)OCCCCCCCCCCCCOC(=O)OCCCCCC*,tg,-22.0,-12.30916936498076,,False
*N1C(=O)c2c(C1=O)cc(cc2)C(c1cc2c(C(=O)N(C2=O)CCN(CC*)c2ccc(cc2)N=Nc2ccc(cc2)C=O)cc1)(C(F)(F)F)C(F)(F)F,tg,170.0,211.8852929768012,,False
*Oc1ccc(cc1)C(=Cc1ccc(cc1)c1ccc(cc1)C=C(c1ccc(cc1)OC(=O)CCCCCCCCC(=O)*)c1ccccc1)c1ccccc1,tg,111.0,115.23230023752888,,False
*N1C(=O)c2c(C1=O)cc(cc2)c1cc2c(C(=O)N(C2=O)c2cc(cc(c2)C(=O)NCCCCCCCCCCCC)*)cc1,tg,243.1,208.28752557484313,203.0906982421875,True
*C(=C*)c1c(c(c(c(c1F)F)CCCC)F)F,tg,110.0,103.24499676445872,,False
*OC(CC(=O)*)CCCCC,tg,-34.5,-47.37611105284304,,False
*c1nc2cc3c(cc2nc1)ncc(n3)c1ccc(cc1)*,tg,392.0,312.82427161427665,,False
*C1C(=O)OC(=O)C1C(C*)OC(C)C,tg,142.0,150.76902275047047,,False
*Oc1ccc(cc1)c1ccc(cc1)Oc1ccc(cc1)C(=O)c1c(c(c(c(c1c1ccc(cc1)F)c1ccc(cc1)F)c1ccc(cc1)F)c1ccc(cc1)F)C(=O)c1ccc(cc1)*,tg,275.0,258.54508634879227,,False
*Oc1ccc(cc1)CC(NC(=O)Cc1ccc(cc1)OC(=O)CCCC(=O)*)C(=O)OCCCCCCCC,tg,38.0,44.83920841863656,40.7852668762207,True
*c1cc2c(C(=O)N(C2=O)c2cc(cc(c2)C(F)(F)F)Oc2c(cc(cc2C)c2cc(c(c(c2)C)Oc2cc(cc(c2)C(F)(F)F)N2C(=O)c3c(C2=O)cc(cc3)C(*)(C(F)(F)F)C(F)(F)F)C)C)cc1,tg,264.8,267.95602926004926,,False
*C(C*)C(=O)OCCCCC,tg,-57.0,-54.47118924274363,-57.98287582397461,True
*Oc1ccc(cc1)C1(c2ccccc2c2ccccc12)c1ccc(cc1)Oc1ccc(cc1)C=CC(=O)c1ccc(cc1)*,tg,195.0,231.76777394766643,,False
*OC(=O)NC(=O)c1ccc(cc1)C(=O)NC(=O)OCC(C*)CCCCCCCCCCCC,tg,75.0,87.46374143986502,,False
*c1oc(nn1)c1c(cc(cc1)*)OCCCCCCCCCC,tg,165.0,71.105180971645,,False
*Oc1cc2c(cc1)cc(cc2)Oc1ccc(cc1)S(=O)(=O)c1ccc(cc1)*,tg,231.0,189.9629346994097,,False
*N1C(=O)c2c(C1=O)cc(cc2)Oc1ccc(cc1)C1(CCC(CC1)c1ccccc1)c1ccc(cc1)Oc1cc2c(C(=O)N(C2=O)c2ccc(cc2)Oc2ccc(cc2)C2(C3CCC(C2)C3)c2ccc(cc2)Oc2ccc(cc2)*)cc1,tg,245.0,249.28280261923285,,False
*C(=C(*)Cl)CCCCCCCC,tg,90.0,134.694120707038,,False
*C1C(=O)N(C(=O)C1C(C*)c1ccccc1)C(C)(C)C,tg,178.0,215.8886538179748,187.80218505859375,True
*C(C*)(CC(=O)OCCCC)C(=O)OCCCC,tg,22.38,10.796503385867268,,False
*OC(=O)c1cc(ccc1)C(=O)OCc1ccc(cc1)C*,tg,143.0,84.59953872477148,,False
*N1C(=O)c2c(C1=O)cc(cc2)C(c1cc2c(C(=O)N(C2=O)CC(=O)Nc2ccc(cc2)Oc2ccc(cc2)Oc2ccc(cc2)NC(=O)C*)cc1)(C(F)(F)F)C(F)(F)F,tg,242.0,233.9399397260645,,False
*N1C(=O)c2c(C1=O)cc(cc2)Oc1cc2c(C(=O)N(C2=O)c2cc(c(cc2)c2c(cc(cc2)*)C)C)cc1,tg,309.67,309.5000446573963,308.8530578613281,True
*c1cc2c(C(=O)N(C2=O)c2ccc(cc2)c2sc(c(c2c2ccccc2)c2ccccc2)c2ccc(cc2)N2C(=O)c3c(C2=O)cc(cc3)C(=O)Nc2ccc(cc2)Cc2ccc(cc2)NC(=O)*)cc1,tg,253.0,309.0214660504869,,False
*N1C(=O)c2c(C1=O)cc(cc2)C(=O)Oc1ccc(cc1)OC(=O)CCCCCCCCCCC*,tg,58.0,68.28672284922355,,False
*c1nc2c([nH]1)ccc(c2)c1ccc2c(nc([nH]2)CCCCCCCC*)c1,tg,234.0,135.95535763159918,,False
*Oc1ccc(cc1)Oc1ccc(cc1)C(=O)c1ccc(cc1)*,tg,150.4,152.6607585035218,153.388916015625,True
*Oc1ccc(cc1)C(c1ccc(cc1)OC(=O)*)c1ccccc1,tg,150.6,160.0432844076742,,False
*Oc1ccc(cc1)Oc1ccc(cc1)NC(=O)c1ccc(cc1)Oc1ccc(cc1)Oc1ccc(cc1)C(=O)Nc1ccc(cc1)*,tg,236.0,205.7256049468092,,False
*c1cc2c(cc1)oc(=O)c(c2)C(=O)Nc1ccc(cc1)Oc1ccc(cc1)NC(=O)c1c(=O)oc2c(cc(cc2)C*)c1,tg,312.0,288.97684994485616,,False
*OC(C*)COC(OCC)C,tg,-67.0,-57.23840053035892,,False
*N1C(=O)c2c(C1=O)cc(cc2)c1cc2c(C(=O)N(C2=O)c2cc(c(c(c2)C(=O)OCCCCCCCCCCCCCC)c2c(cc(cc2Br)*)C(=O)OCCCCCCCCCCCCCC)Br)cc1,tg,98.0,104.13455044274252,,False
*C(C*)OC(=O)OCC(F)(F)F,tg,57.0,29.985257118095888,,False
*C(C*)(C(=O)OCCOCCOc1ccc(cc1)N=Nc1ccc(cc1)C#N)C,tg,57.0,59.83727209871432,59.94589614868164,True
*N1C(=O)c2c(C1=O)cc(cc2)c1cc2c(C(=O)N(C2=O)c2ccc(cc2)Oc2cc(ccc2)Oc2ccc(cc2)*)cc1,tg,220.0,236.8286005672685,,False
*c1sc(cc1CCCCCCOC(=O)COc1ccccc1)c1sc(cc1)*,tg,79.0,44.34125092989899,,False
*C(C*)c1ccc(cc1)C(=NO)Cc1ccccc1,tg,111.0,99.14404627566908,82.57258605957031,True
*Nc1ccc(cc1)Cc1ccc(cc1)NC(=O)CCCCCCCC(=O)*,tg,140.0,137.00972647256617,,False
*Oc1c(cc(cc1C)C1(c2ccccc2c2ccccc12)c1cc(c(c(c1)C)OC(=O)c1cc(ccc1)C(=O)*)C)C,tg,315.0,268.2687495961154,,False
*OC(=O)CCCCCCCCC(=O)OCCCCCCCCCC*,tg,-53.0,-50.48456003777395,,False
*Oc1ccc(cc1)S(=O)(=O)c1ccc(cc1)Oc1ccc(cc1)NC(=O)c1ccc(cc1)Oc1ccc(cc1)C(c1ccc(cc1)C(c1ccc(cc1)Oc1ccc(cc1)C(=O)Nc1ccc(cc1)*)(C)C)(C)C,tg,177.0,182.78963024698808,,False
*Oc1ccc(cc1)C1(CCC(CC1)C(C)(C)C)c1ccc(cc1)OC(=O)c1ccc(cc1)C(=O)*,tg,210.0,203.0577141724422,,False
*Oc1ccc(cc1)C(c1ccc(cc1)Oc1ccc(cc1)C(=O)c1ccc(cc1)C(=O)c1ccc(cc1)*)(C)C,tg,156.4,169.75570696879774,,False
*C1C(=O)N(C(=O)C1*)c1cc(c(c(c1)Br)O[Si](C(C)(C)C)(C)C)Br,tg,164.0,172.77580464115655,,False
*c1nc2c(nc1c1ccccc1)cc(cc2)Oc1cc2c(nc(c(n2)c2ccccc2)c2ccc(cc2)*)cc1,tg,304.0,337.5334794684024,,False
*C(C*)(C(=O)OCCCCCC)C#N,tg,86.0,9.383437523608505,,False
*NC(=O)CCP(=O)(CCC(=O)NCCCCCCCC*)C,tg,52.0,50.25265191050693,49.77531051635742,True
*C(CC(C*)(F)F)(C(F)(F)F)C(F)(F)F,tg,132.0,1.177239498019316,,False
*Nc1ccc(cc1)C1(c2ccccc2c2ccccc12)c1ccc(cc1)NC(=O)c1ccc(cc1)C(=O)*,tg,319.0,308.0076091733734,,False
*Oc1ccc(cc1)CC(=O)NCCCCCCNC(=O)C*,tg,69.5,76.05643156725155,,False
*Oc1c(cc(cc1OC)/C=C/c1ccc(cc1)/C=C/c1cc(c(c(c1)OC)OCCCCCC*)OC)OC,tg,90.0,78.46415472139712,,False
*OC(=O)c1cc(ccc1)C(=O)OCCN(CC*)c1ccc(cc1)N=Nc1ccc(cc1)c1nc2c(n1CC)cc(cc2)[N+](=O)[O-],tg,147.0,142.64760519586207,141.2927703857422,True
*c1cocc1C[Ge](C*)(C)C,tg,-28.0,41.010565728662776,79.85186004638672,True
*Oc1c(cc(cc1)Oc1ccc(cc1)C(=O)c1ccc(cc1)*)c1ccccc1,tg,155.67,163.9169344815622,164.8507843017578,True
*NC(=O)c1c(cc(cc1)C(=O)NCCCCCC*)Oc1ccccc1,tg,108.0,106.59745236781713,107.53986358642578,True
*c1cc2c(C(=O)N(C2=O)c2c(cc(cc2C)c2cc(c(c(c2)C)N2C(=O)c3c(C2=O)cc(cc3)C(=O)Nc2c(cc(cc2)Cc2cc(c(cc2)NC(=O)*)C)C)C)C)cc1,tg,329.0,272.41666001317367,,False
*C(C*)C(=O)NC(CS(=O)(=O)O)(C)C,tg,86.33,84.25157458016366,,False
*N1C(=O)c2c(C1=O)c(ccc2)Oc1cc(ccc1)Oc1c2c(C(=O)N(C2=O)c2cc(ccc2)*)ccc1,tg,241.0,238.1555148981814,230.00860595703125,True
*Oc1ccc(cc1)S(=O)(=O)c1ccc(cc1)Oc1ccc(cc1)C(=C)c1ccc(cc1)*,tg,167.0,194.09393005952103,,False
*Nc1cc(cc(c1)C(=O)OCCN(c1ccc(cc1)C#N)C)NC(=O)c1cc(cc(c1)OCCN(c1ccc(cc1)S(=O)(=O)C(C(C(C(C(C(C(C(F)(F)F)(F)F)(F)F)(F)F)(F)F)(F)F)(F)F)(F)F)C)C(=O)*,tg,157.0,166.62611775979823,,False
*Oc1cc(c(cc1)c1c(cc(cc1)OC(=O)c1cc(c(cc1)c1c(cc(cc1)C(=O)*)C(F)(F)F)C(F)(F)F)C(=O)OCCCCCCCCCCCOc1ccc(cc1)c1ccc(cc1)C#N)C(=O)OCCCCCCCCCCCOc1ccc(cc1)c1ccc(cc1)C#N,tg,50.0,74.77528222874822,,False
*c1cc2c(C(=O)N(C2=O)c2ccc(cc2)OCCN(CCOc2ccc(cc2)N2C(=O)c3c(C2=O)cc(cc3)C(*)(C(F)(F)F)C(F)(F)F)c2ccccc2)cc1,tg,170.0,196.3098595904987,,False
*N1C(=O)c2c(C1=O)cc(cc2)Oc1cc2c(C(=O)N(C2=O)c2c(cc(cc2)Cc2cc(c(cc2)*)C(C)(C)C)C(C)(C)C)cc1,tg,216.0,282.7006589814523,301.2226257324219,True
*Oc1c(cc(cc1)OC(=O)c1cc(ccc1)Sc1ccc(cc1)OC(=O)c1ccc(cc1)C(=O)Oc1ccc(cc1)Sc1cc(ccc1)C(=O)*)c1ccccc1,tg,128.0,128.95788056364927,,False
*C(C*)(C(=O)OCCN(c1ccc(cc1)N=Nc1c2c(c(cc1)[N+](=O)[O-])cccc2)CC)C,tg,116.0,106.5248097795325,,False
*N1C(=O)c2c(C1=O)cc(cc2)c1cc2c(C(=O)N(C2=O)c2cc(cc(c2)C(=O)NCCCCCCCC)*)cc1,tg,245.5,243.9231448658271,,False
*C(C*)(C(=O)OCCCCCC(=O)Oc1ccc(cc1)OC(=O)c1ccc(cc1)OCC)C,tg,43.0,42.24236346536821,43.031490325927734,True
*C(C*)c1ccc(cc1)C(=O)C(F)(F)F,tg,95.0,107.129364441914,,False
*c1oc(nn1)c1ccc(cc1)Oc1c2c(ccc1)c(ccc2)NC(=O)c1ccc(cc1)Oc1ccc(cc1)C(=O)Nc1c2c(ccc1)c(ccc2)Oc1ccc(cc1)*,tg,248.0,262.0379932288662,261.6551818847656,True
*c1n(cnc1C(=O)NCCNC(=O)*)C,tg,189.0,132.0848364840305,,False
*OC(=O)c1cc2c(cc1)cc(cc2)C(=O)OCCCCCC*,tg,59.33,50.69326838728617,48.02656173706055,True
*Oc1ccc(cc1)C(=O)Nc1c(ccc(c1)C(c1cc(c(cc1)C)NC(=O)c1ccc(cc1)OC(=O)c1ccc(cc1)C(=O)*)(C(F)(F)F)C(F)(F)F)C,tg,213.0,226.10921111506025,,False
*Oc1ccc(cc1)CC(NC(=O)CCc1ccc(cc1)OC(=O)COCCOCC(=O)*)C(=O)OC,tg,63.0,56.18888418900542,,False
*C(C*)C(=O)OCCCOCC,tg,-61.5,-63.32627423426405,,False
*S(=O)(=O)C(C=CC*)CC,tg,70.1,35.35073819052078,,False
*N1C(=O)C(CC1=O)SCCCCCSC1C(=O)N(C(=O)C1)c1ccc(cc1)C(=O)OCC(NC(=O)c1ccc(cc1)*)CC,tg,91.0,109.4837890857777,,False
*Oc1ccc(cc1)NC(=O)c1cc(ccc1)C(=O)Nc1ccc(cc1)Oc1ccc(cc1)C(=O)c1ccc(cc1)*,tg,145.0,182.21155172117605,,False
*OC(=O)NCCCCCCNC(=O)OCC(C*)(C(=O)O)C,tg,-26.0,25.343950641017617,,False
*C(C*)(F)F,tg,-28.45,18.540479115850612,,False
*C(C*)OC(=O)OCCC(C(C(C(C(C(F)(F)F)(F)F)(F)F)(F)F)(F)F)(F)F,tg,37.0,8.858594439658532,,False
*NC(=O)c1cc(cc(c1)C(C)(C)C)C(=O)NCC1CCC(CC1)C*,tg,236.0,202.8845166290487,186.94500732421875,True
*N1C(=O)c2c(C1=O)cc(cc2)S(=O)(=O)c1cc2c(C(=O)N(C2=O)c2c(ccc(c2)*)C)cc1,tg,312.0,336.7116225209467,330.3288269042969,True
*Oc1ccc(cc1)Cc1ccc(cc1)OC(=O)c1cc(ccc1)C(=O)*,tg,150.0,153.27300433563434,,False
*Oc1ccc(cc1)S(=O)(=O)c1cc2c(cc1)cc(cc2)S(=O)(=O)c1ccc(cc1)Oc1c(cc(cc1C)c1cc(c(c(c1)C)*)C)C,tg,280.0,265.97665630403793,282.6682434082031,True
*N(c1ccc(cc1)C(c1ccc(cc1)*)c1ccc(cc1)[N+](=O)[O-])c1ccc(cc1)C,tg,215.0,208.69113527727575,,False
*C(C*)c1ccc(cc1)C(CCN1CCOCC1)O,tg,50.0,92.33762882115155,78.33485412597656,True
*Oc1ccc(cc1)c1ccc(cc1)OC(*)(Oc1ccccc1)Oc1ccccc1,tg,112.0,114.79856595574236,,False
*c1cc2c(C(=O)N(C2=O)c2ccc(cc2)C(c2ccc(cc2)C(c2ccc(cc2)N2C(=O)c3c(C2=O)cc(cc3)C(*)(C(F)(F)F)C(F)(F)F)(C)C)(C)C)cc1,tg,235.4,275.9594397582398,,False
*c1cc2c(C(=O)N(C2=O)c2c(cc(cc2C)Cc2cc(c(c(c2)C)N2C(=O)c3c(C2=O)cc(cc3)C(=O)OCCN(CCOC(=O)*)c2ccc(cc2)C(=C(C#N)C#N)C#N)C)C)cc1,tg,208.0,191.73631444581375,,False
*Oc1c(cc(cc1)Oc1ccc(cc1)C(=O)c1ccc(cc1)*)c1ccc(cc1)Oc1ccccc1,tg,146.0,161.74926627256772,160.9613494873047,True
*c1nc(nc(n1)c1ccc(cc1)Oc1ccc(cc1)C(c1ccc(cc1)Oc1ccc(cc1)*)(c1ccccc1)c1ccccc1)c1ccccc1,tg,261.0,226.96037346781793,271.10906982421875,True
*OC(=O)CCCC(=O)OCCOCC*,tg,-55.0,-48.17583720807318,-56.48617172241211,True
*OC(=O)c1ccc(cc1)C(=O)OCC(C*)C,tg,55.0,55.90518427623599,,False
*Nc1ccc(cc1)NC(=O)c1c(ccc(c1)c1cc(c(cc1)C(=O)O)C(=O)*)C(=O)O,tg,248.4,237.8032876535119,215.961181640625,True
*Oc1ccc(cc1)S(=O)(=O)c1ccc(cc1)Oc1c(cc(c(c1C)Br)C(c1c(c(c(c(c1)C)*)C)Br)(C)C)C,tg,275.4,219.7711140798752,289.7044372558594,True
*OC(=O)C(C(=O)OCCC[Sn](CCC*)(C)C)CCCCCCOc1ccc(cc1)c1ccc(cc1)OCc1ccc(cc1)[N+](=O)[O-],tg,40.5,23.45188574339083,19.421165466308594,True
*C(C*)OC(=O)CC1CCCCC1,tg,25.0,38.013718164871214,42.90483474731445,True
*N1C(=O)c2c(C1=O)cc(cc2)c1cc2c(C(=O)N(C2=O)c2cc(ccc2)C(=O)Nc2ccc(cc2)Oc2ccc(cc2)c2ccc(cc2)Oc2ccc(cc2)NC(=O)c2cc(ccc2)*)cc1,tg,270.0,262.0768040588924,,False
*c1cc2c(C(=O)N(C2=O)c2c(cc(cc2)c2cc(c(cc2)N2C(=O)c3c(C2=O)cc(cc3)C(=O)*)OCCCCCCOc2ccc(cc2)/C=C/c2ccc(cc2)F)OCCCCCCOc2ccc(cc2)/C=C/c2ccc(cc2)F)cc1,tg,128.0,129.80908760080442,137.1455535888672,True
*N1C(=O)c2c(C1=O)cc(cc2)Oc1cc2c(C(=O)N(C2=O)c2cc(ccc2)Oc2ccc(cc2)Oc2cc(ccc2)*)cc1,tg,204.0,204.11251123855072,,False
*c1oc(nn1)c1ccc(cc1)C(=O)OCCCCCCCCCCOc1ccc(cc1)C=C1C(=O)C(=Cc2ccc(cc2)OCCCCCCCCCCOC(=O)c2ccc(cc2)*)CCCC1,tg,74.0,84.21125864992949,87.44989013671875,True
*C1C2C(C(=O)N(C2=O)c2ccc(cc2)F)C(C1)C=C*,tg,225.0,231.47055274921095,,False
*Oc1c2c(ccc1)ccc(c2)Oc1ccc(cc1)NC(=O)c1ccc(cc1)Oc1ccc(cc1)S(=O)(=O)c1ccc(cc1)Oc1ccc(cc1)C(=O)Nc1ccc(cc1)*,tg,218.0,218.07408786287704,,False
*Oc1cc(c(cc1)OC(COCCCCCCCOc1ccc(cc1)c1ccc(cc1)C(=O)*)C)[N+](=O)[O-],tg,50.0,75.87162730274298,,False
*C(C*)c1ccc(cc1)c1ccccc1,tg,161.0,127.20029979348536,137.7505645751953,True
*C(=CCC*)c1ccccc1,tg,36.62,52.284017070340305,,False
*Oc1ccc(cc1)C(c1ccc(cc1)Oc1ccc(cc1)C(=O)Nc1cc(c(cc1)c1c(cc(cc1)NC(=O)c1ccc(cc1)*)C(F)(F)F)C(F)(F)F)(C)C,tg,250.0,209.31156562798617,209.9757843017578,True
*O[Si](c1c(cc(c(c1)OCCO)[Si](*)(C)C)OCCO)(C)C,tg,73.0,26.12294904564512,,False
*Oc1ccc(cc1)C(=O)c1ccc(cc1)OCCCCCCOC(=O)OCCCCCCCCOC(=O)OCCCCCC*,tg,-7.7,-5.017253638442425,-1.5660909414291382,True
*NC(=O)CCCCC(=O)NCCCP(=O)(CCCC*)C,tg,59.0,36.145009355122504,,False
*OC(=O)c1ccc(cc1)C(=O)OCC(C(C*)C)C,tg,37.5,55.57811544702654,,False
*SSCc1c(cccc1)C*,tg,39.0,35.16189114170046,18.27296257019043,True
*C(=C(*)c1ccccc1)CC,tg,200.0,204.03687771402824,174.6161346435547,True
*Oc1ccc(cc1)OC(=O)c1c(cc(cc1)C(=O)*)Sc1cc2c(cc1)cccc2,tg,148.0,159.58556879131189,160.41371154785156,True
*c1cc2c(C(=O)N(C2=O)c2c3c(ccc2)c(ccc3)N2C(=O)c3c(C2=O)cc(cc3)C(*)(C(F)(F)F)C(F)(F)F)cc1,tg,390.0,327.90682453299837,323.1788024902344,True
*c1nc(nc(c1c1ccc(cc1)OC)OCCOC(=O)c1ccc(cc1)C(=O)OCCO*)c1ccc(cc1)OCCCC,tg,94.0,88.09083123724344,,False
*C(C*)C(=O)OC(C(F)(F)F)(C(F)(F)F)F,tg,7.5,14.17842207151338,20.067197799682617,True
*c1oc(nn1)c1ccc(cc1)NC(=O)c1cc(cc(c1)N1C(=O)c2c(C1=O)cccc2)*,tg,324.0,286.57425108684504,,False
*c1nc(ccc1)c1cc(c(cc1)Oc1ccc(cc1)C(c1ccc(cc1)Oc1c(cc(cc1)*)C(F)(F)F)(C(F)(F)F)C(F)(F)F)C(F)(F)F,tg,148.67,158.78854221974768,,False
*c1c(cc(cc1Cl)CC*)Cl,tg,110.0,127.95134213731689,,False
*OP(=O)(OCCCCCCCCOc1c(cc(cc1)C=C1C(=O)C(=Cc2cc(c(cc2)OCCCCCCCC*)OC)CC1)OC)OC,tg,73.0,51.26710110020292,,False
*c1cc2c(C(=O)N(C2=O)c2cc(ccc2)N2C(=O)c3c(C2=O)cc(cc3)C(=O)c2cc(ccc2)C(=O)*)cc1,tg,259.5,280.5159014603532,273.1399230957031,True
*Oc1c(cccc1)C(=O)OC(=O)c1c(cccc1)OC(=O)CCCCCCCC(=O)*,tg,25.0,37.62081922154727,23.315345764160156,True
*C(C*)C(=O)OCCCCCCC,tg,-60.0,-65.27001212302761,,False
*c1cc2c(C(=O)N(C2=O)c2c(cc(cc2c2ccccc2)c2ccc(cc2)c2cc(c(c(c2)c2ccccc2)N2C(=O)c3c(C2=O)cc(cc3)C(=O)*)c2ccccc2)c2ccccc2)cc1,tg,265.0,328.5231251702555,294.4472351074219,True
*N1C(=O)c2c(C1=O)cc(cc2)Oc1cc2c(C(=O)N(C2=O)c2c(ccc(c2)C(c2cc(c(cc2)OCCN(c2ccc(cc2)C=CC2=CC(=C(C(=O)OCc3ccc(cc3)Oc3c(c(c(c(c3F)F)F)F)F)C#N)CC(C2)(C)C)c2ccccc2)*)(C(F)(F)F)C(F)(F)F)OCCN(c2ccc(cc2)C=CC2=CC(=C(C(=O)OCc3ccc(cc3)Oc3c(c(c(c(c3F)F)F)F)F)C#N)CC(C2)(C)C)C)cc1,tg,162.0,186.2348796716194,176.0398712158203,True
*C(C*)(C(=O)OCc1ccc2n(c3c(c2c1)cccc3)CCCCCCCC)C,tg,45.0,48.073093232851,,False
*C(C*)C(=O)Oc1ccccc1,tg,101.83,63.09295133463623,66.65312957763672,True
*NC(=O)CCCCC(=O)NCCCP(CCC*)CC(C)C,tg,71.0,49.56552411361249,,False
*Oc1c(cc(cc1c1ccccc1)c1cc(c(c(c1)c1ccccc1)OC(=O)CCCCCCCCC(=O)*)c1ccccc1)c1ccccc1,tg,98.0,105.92258128060566,,False
*N([Si](C[Si](*)(C)C)(C)C)CCC,tg,-47.5,-30.00508855355136,,False
*OP(=O)(Oc1ccc(cc1)C(c1ccc(cc1)*)(C)C)OC1CCCCC1,tg,86.0,91.90253994272616,81.29413604736328,True
*Oc1c(cc(cc1OC)C=C1C(=O)C(=Cc2cc(c(c(c2)OC)OCCCCCCCCCC*)OC)CCC1)OC,tg,49.0,60.538802340493625,,False
*C(C*)c1[nH]nnn1,tg,72.0,118.68609164313229,79.53136444091797,True
*Oc1ccc(cc1)NC(=O)C=CC(=O)NNC(=O)C=CC(=O)Nc1ccc(cc1)OC(=O)C=CC(=O)NNC(=O)C=CC(=O)*,tg,265.0,212.54348572319,210.445556640625,True
*O[Si](c1ccc(cc1)c1ccc(cc1)[Si](*)(C)C)(C)C,tg,67.0,12.62003054143215,58.64460754394531,True
*OC(=O)c1c(cc(cc1)C(=O)OCCN(CC*)c1ccc(cc1)c1oc2c(n1)ccc(c2)[N+](=O)[O-])OCCC,tg,119.0,121.47095894290374,115.19342041015625,True
*Oc1ccc(cc1)C(c1ccc(cc1)Oc1ccc(cc1)C(=O)c1c(c(c(c(c1c1ccc(cc1)F)c1ccc(cc1)F)c1ccc(cc1)F)c1ccc(cc1)F)C(=O)c1ccc(cc1)*)(C(F)(F)F)C(F)(F)F,tg,253.0,247.07328261146264,,False
*OC1CCC(CC1)OC(=O)c1ccc(cc1)C(=O)*,tg,94.3,140.11056223392006,200.8983917236328,True
*S(=O)(=NP(=NP(=N*)(NCC)NCC)(NCC)NCC)NCC,tg,4.0,14.466577852686768,,False
*c1cc2c(C(=O)N(C2=O)c2ccc(cc2)Oc2ccc(cc2)N2C(=O)c3c(C2=O)cc(cc3)C(=O)Nc2c(cc(cc2)NC(=O)*)OCCCCCCS(=O)(=O)c2ccc(cc2)C=Cc2ccc(cc2)N(C)C)cc1,tg,192.0,210.94106097316032,226.12989807128906,True
*c1sc(cc1)c1sc(cc1)c1sc(cc1)[Si]([Si](*)(C)C)(C)C,tg,45.0,55.825113823901354,25.414960861206055,True
*C1(c2c(C(=O)O1)cccc2)c1ccc(cc1)OC(=O)c1cc(cc(c1)Cl)C(=O)Oc1ccc(cc1)*,tg,313.0,260.28108935654404,,False
*OC(=O)CCCCCCCCCC*,tg,-46.05,-34.03526344394006,,False
*OC(=O)OCC*,tg,15.33,0.5068301236773038,-3.196009397506714,True
*Oc1ccc(cc1)NC(=O)c1cc(cc(c1)C(C)(C)C)C(=O)Nc1ccc(cc1)Oc1ccc(cc1)C1(C2CCC(C1)C2)c1ccc(cc1)*,tg,272.0,271.654375401206,252.3525390625,True
*N1C(=O)c2c(C1=O)cc(cc2)Oc1ccc(cc1)C(=O)c1ccc(cc1)Oc1cc2c(C(=O)N(C2=O)c2ccc(cc2)Oc2ccc(cc2)*)cc1,tg,210.0,229.87516727163845,,False
*c1cc2c(C(=O)N(C2=O)c2cc(ccc2)Cc2ccc(cc2)Cc2ccc(cc2)Cc2cc(ccc2)N2C(=O)c3c(C2=O)cc(cc3)C(=O)*)cc1,tg,235.5,250.56375678696836,,False
*NC(=O)Cc1ccc(cc1)CC(=O)NCCCCCCCC*,tg,110.0,84.70682578816236,,False
*Oc1ccc(cc1)N=CC=Nc1ccc(cc1)OC(=O)NC1CC(CC(C1)(CNC(=O)*)C)(C)C,tg,62.0,156.3445449027209,,False
*N1C(=O)c2c(C1=O)c(ccc2)Oc1c(cc(c(c1)C(C)(C)C)Oc1c2c(C(=O)N(C2=O)c2ccc(cc2)Oc2ccc(cc2)c2ccc(cc2)Oc2ccc(cc2)*)ccc1)C(C)(C)C,tg,275.0,250.6479822902683,,False
*C1C2CC(C(C1*)C2)C,tg,350.0,187.5500577691028,,False
*c1cc2c(C(=O)N(C2=O)c2c(ccc(c2)N2C(=O)c3c(C2=O)cc(cc3)C(=O)Nc2c(cc(cc2CC)Cc2cc(c(c(c2)CC)NC(=O)*)CC)CC)N=Nc2ccc(cc2)C)cc1,tg,269.0,214.8048690533632,,False
*N1C(=O)C2C(C1=O)CC(CC2)C1CC2C(C(=O)N(C2=O)c2cc(ccc2)*)CC1,tg,263.0,272.5258449884025,,False
*Oc1ccc(cc1)N1ON1c1ccc(cc1)OCCCCCCOC(=O)C(C(=O)OCCCCCC*)CCCCCBr,tg,7.0,18.191419147523497,16.37615966796875,True
*OC(C*)c1occc1,tg,12.5,27.20922885044708,20.689468383789062,True
*[Si](CCC*)(C)C,tg,-72.5,-54.37066466250688,,False
*OC(=O)c1ccc(cc1)c1ccc(cc1)c1ccc(cc1)C(=O)OCCOCCOCCOCC*,tg,20.0,39.314709373928814,44.034149169921875,True
*c1cc2c(C(=O)N(C2=O)c2ccc(cc2)OCCCCCCOc2ccc(cc2)N2C(=O)c3c(C2=O)cc(cc3)C(*)(C(F)(F)F)C(F)(F)F)cc1,tg,167.0,172.64772969279306,,False
*c1cc2c(C(=O)N(C2=O)c2ccc(cc2)Oc2ccc(cc2)N2C(=O)c3c(C2=O)cc(cc3)C(=O)c2cc(cc(c2)c2ccccc2)C(=O)*)cc1,tg,258.5,264.40510488880017,266.5629577636719,True
*C1COC2C1OCC2OC(=O)C(NC(=O)CCCCC(=O)NC(C(=O)O*)C(CC)C)C(CC)C,tg,102.0,70.88822342832897,,False
*C(C*)(C(=O)OC1CCC(CC1)C(C)(C)C)C,tg,122.36,115.61129816230806,,False
*C(C*)C(=O)Oc1c(cccc1)C,tg,51.5,68.08850023236839,68.0741195678711,True
*Nc1ccc(cc1)NC(=O)c1c(cc(c(c1)C(=O)*)C(=O)OCC)C(=O)OCC,tg,221.6,231.0139191155445,,False
*Oc1c(cc(cc1c1ccccc1)*)c1ccc(cc1)C(C)(C)C,tg,240.0,205.545660804686,,False
*c1cc2c(C(=O)N(C2=O)c2c(ccc(c2)N2C(=O)c3c(C2=O)cc(cc3)C(=O)*)Oc2ccc(cc2)C(c2ccccc2)(C)C)cc1,tg,267.0,279.01216947895654,,False
*C(C*)C(=O)Oc1ccc(cc1)C(=O)OCCCC,tg,13.0,30.323279204027813,30.361589431762695,True
*C(C*)NC(=O)OC(C)(C)C,tg,120.0,93.02947191963962,97.0257797241211,True
*C=C(C(C*)(F)F)F,tg,-35.0,10.715927130186126,-20.2989559173584,True
*c1c(c2c(C(=O)N(C2=O)c2ccc(cc2)N2C(=O)c3c(C2=O)c(c(c(c3c2ccccc2)c2ccccc2)c2ccc(cc2)Oc2ccc(cc2)*)c2ccccc2)c(c1c1ccccc1)c1ccccc1)c1ccccc1,tg,418.5,335.72738909343553,,False
*c1oc(nn1)c1ccc(cc1)Oc1cc(ccc1)NC(=O)c1cc(cc(c1)N1C(=O)c2c(C1=O)c(c(c(c2Cl)Cl)Cl)Cl)C(=O)Nc1cc(ccc1)Oc1ccc(cc1)*,tg,275.0,293.30054317170965,279.8825378417969,True
*Oc1c(cc(cc1)c1ccc(cc1)OC(=O)c1ccc(cc1)C(=O)*)c1ccccc1,tg,132.0,166.38237393662243,228.4553985595703,True
*c1c(nc2c(c1c1ccccc1)cc(cc2)Oc1cc2c(nc(c(c2c2ccccc2)c2ccc(cc2)Oc2ccc(cc2)*)c2ccccc2)cc1)c1ccccc1,tg,252.5,298.65992751146155,,False
*OC1CCC(CC1)OC(=O)OCCCCCCOC(=O)*,tg,10.0,11.785171787671738,,False
*c1nc2c(nc1)cc(cc2)c1ccc2c(nc(cn2)c2ccc(cc2)Oc2ccc(cc2)Oc2ccc(cc2)*)c1,tg,235.0,287.80255392321504,292.7559814453125,True
*S(=O)(=O)c1ccc(cc1)N[Se]Nc1ccc(cc1)*,tg,62.0,128.52537905573308,115.88884735107422,True
*c1oc(nn1)c1ccc(cc1)Oc1cc(ccc1)N1C(=O)c2c(C1=O)cc(cc2)[Si](O[Si](c1cc2c(C(=O)N(C2=O)c2cc(ccc2)Oc2ccc(cc2)*)cc1)(C)C)(C)C,tg,165.0,237.66200564760845,,False
*N1C(=O)c2c(C1=O)cc(cc2)Oc1ccc(cc1)Sc1ccc(cc1)Oc1cc2c(C(=O)N(C2=O)c2cc(ccc2)*)cc1,tg,209.0,227.06844970517704,223.9606170654297,True
*C(C*)(C(=O)OCCN(c1ccc(cc1)N=Nc1c(cc(cc1)N=Nc1ccc(cc1)C#N)C)C)C,tg,111.57,113.63407630655058,,False
*C(C*)(C(=O)OCCCCCCCC[n+]1ccc(cc1)N(C)C)C,tg,70.0,45.650198870602075,59.01521682739258,True
*c1nc2c([nH]1)cc(cc2)c1cc2c(nc([nH]2)c2cc3c(cc2)cc(cc3)*)cc1,tg,403.0,343.4960236436602,,False
*c1cc2c(C(=O)N(C2=O)c2ccc(cc2)Cc2ccc(cc2)N2C(=O)c3c(C2=O)cc(cc3)C(=O)c2ccc(cc2)Oc2ccc(cc2)Oc2ccc(cc2)C(=O)*)cc1,tg,225.0,236.71953255546023,,False
*c1sc(cc1CCCCCCCC)c1sc(c(c1)CCCCCCCC)c1ccc(cc1)*,tg,50.4,49.43579127750008,,False
*C(C*)(C(=O)OCc1ccc2n(c3c(c2c1)cccc3)CCCCCCCCCCCCCCCC)C,tg,23.0,29.98541099239434,27.272886276245117,True
*C(C*)(OC)C,tg,67.0,26.098614459019416,,False
*SC(=O)CCC(CC*)C,tg,-50.0,-3.5473341028913534,,False
*[Si](CC(C*)c1c2c(ccc1)cccc2)(C)C,tg,39.0,62.61566852103433,59.835235595703125,True
*S(=O)(=O)c1ccc(cc1)NC(=O)c1cc(cc(c1)NC(=O)c1ccc(cc1)NC(=O)C(N1C(=O)c2c(C1=O)cccc2)C)C(=O)Nc1ccc(cc1)*,tg,208.0,257.10551565434804,,False
*OC(=O)c1cc2c(C(CC2(c2ccc(cc2)C(=O)OCC*)C)(C)C)cc1,tg,154.0,156.77990089450392,159.04005432128906,True
*c1cc2c(C(=O)N(C2=O)c2ccc(cc2)Oc2ccc(cc2)N2C(=O)c3c(C2=O)cc(cc3)C(=O)Nc2ccc(cc2)Cc2ccc(cc2)NC(=O)*)cc1,tg,270.0,259.3110248604342,276.6390686035156,True
*P1(=NP(=NP(=N1)(Oc1ccc(cc1)C(=O)OCCC)Oc1ccc(cc1)C(=O)OCCC)(Oc1ccc(cc1)C(c1ccc(cc1)O*)(C)C)Oc1ccc(cc1)C(=O)OCCC)Oc1ccc(cc1)C(=O)OCCC,tg,26.0,33.606112251082486,20.878814697265625,True
*C(=C(C(C*)(F)F)F)Cl,tg,-17.0,32.81015589944773,,False
*Oc1ccc(cc1)S(=O)(=O)c1ccc(cc1)Oc1ccc(cc1)NC(=O)c1cc(cc(c1)NC(=O)c1ccncc1)C(=O)Nc1ccc(cc1)*,tg,283.0,260.65313058535116,,False
*C(C(*)F)C(F)(F)F,tg,87.0,59.72919708434256,,False
*Oc1ccc(cc1)C(c1ccc(cc1)OC*)(C(F)(F)F)C(F)(F)F,tg,123.0,129.85703638187047,123.5621566772461,True
*N1C(=O)c2c(C1=O)cc(cc2)S(=O)(=O)c1cc2c(C(=O)N(C2=O)c2ccc(cc2)Oc2cc3c(cc2Oc2ccc(cc2)*)cccc3)cc1,tg,275.0,273.02644557844224,,False
*c1cc2c(C(=O)N(C2=O)C2CCC(CC2)CC2CCC(CC2)N2C(=O)c3c(C2=O)cc(cc3)C(=O)*)cc1,tg,254.0,281.5406225324253,,False
*C1C2C(C(=O)N(C2=O)CCC)C(C1)C=C*,tg,139.0,134.90970474548735,131.5030975341797,True
*c1sc(cc1)c1sc(c(c1)CCCCCCCC)c1sc(cc1)c1sc(cc1)c1sc(cc1CCCCCCCC)c1sc(cc1)[Si]([Si](*)(CCCC)CCCC)(CCCC)CCCC,tg,-10.0,10.300472315136544,,False
*Oc1ccc(cc1)C1(c2ccccc2c2ccccc12)c1ccc(cc1)OCC(COc1ccc(cc1)C(c1ccc(cc1)OCC(C*)O)(C)C)O,tg,161.0,125.83370726783868,,False
*Oc1ccc(cc1)CC(NC(=O)CCc1ccc(cc1)OC(=O)CCC(CC(=O)*)C)C(=O)OC,tg,53.0,73.43701502763831,,False
*C1C(=O)N(C(=O)C1C(C*)(C)C)CCCC,tg,80.0,123.7898032945352,121.68193817138672,True
*NC(=O)CC(c1ccc(cc1)C(CC(=O)NCCCCCC*)(C)C)(C)C,tg,91.0,96.17856884744856,,False
*OC(=O)Nc1c(ccc(c1)NC(=O)OCCN(CC*)c1ccc(cc1)C=Cc1cc[n+](cc1)CCCC)C,tg,121.0,129.45784010074104,155.68353271484375,True
*N1C(=O)c2c(C1=O)cc(cc2)Oc1ccc(cc1)C1(CCC(CC1)c1ccccc1)c1ccc(cc1)Oc1cc2c(C(=O)N(C2=O)c2ccc(cc2)Oc2c(cc(cc2)Oc2ccc(cc2)*)C(C)(C)C)cc1,tg,236.0,229.828703476224,235.70091247558594,True
*Oc1c(c2c(cc1)cccc2)Sc1c2c(ccc1OCC(=O)Nc1ccc(cc1)Cc1ccc(cc1)NC(=O)C*)cccc2,tg,241.0,234.2373061660644,238.1280059814453,True
*C(C*)(C(=O)OCC[N+](CCCCS(=O)(=O)O)(C)C)C,tg,261.0,13.148428052143354,,False
*Nc1cc(cc(c1)C(=O)Nc1ccc2C(=O)c3c(C(=O)c2c1)cccc3)NC(=O)Nc1ccc(cc1)NC(=O)*,tg,184.0,196.14851552285475,,False
*OC(=O)C(NC(=O)CCCCC(=O)NC(C(=O)OCC=CC*)Cc1ccccc1)Cc1ccccc1,tg,61.0,72.01621503707308,,False
*N=Nc1ccc(cc1)Nc1ccc(cc1)C(=O)c1ccc(cc1)Nc1ccc(cc1)*,tg,216.42,188.513595617458,,False
*NC(=O)CCCCCCCCCCCCCCCCC(=O)NCc1ccc(cc1)C*,tg,75.0,91.46745820774724,,False
*Oc1ccc(cc1)C(c1ccc(cc1)OC(=O)CC(CCC(=O)*)C)(C)C,tg,56.0,68.87769567270509,65.22312927246094,True
*OC(=O)c1ccc(cc1)C(=O)OCCCCCCC*,tg,-1.0,19.654094762120465,19.00055694580078,True
*N1C(=O)C2CCC3C(C2C1=O)C(=O)N(C3=O)c1ccc(cc1)Oc1ccc(cc1)*,tg,342.0,327.61049558413805,333.2548522949219,True
*C1C(=O)N(C(=O)C1C(C*)c1ccccc1)CCCN(c1cc(c(cc1)N=Nc1c(cc(cc1)[N+](=O)[O-])Cl)C)CC,tg,149.0,150.78697181930033,,False
*c1c(cc(c(c1)OC)C=Cc1c(cc(c(c1)OC)C=C*)OCC(CCCC)CC)OC,tg,110.0,94.86935420380962,83.24068450927734,True
*N1C(=O)c2c(C1=O)cc(cc2)Oc1c(cccc1)Oc1cc2c(C(=O)N(C2=O)c2ccc(cc2)Oc2ccc(cc2)*)cc1,tg,212.0,223.40929196446297,,False
*c1ccc(cc1)c1c(cc(c(c1c1ccccc1)c1ccccc1)c1ccc(cc1)c1c(c(c(c(c1)c1ccccc1)c1ccc(cc1)CCCCCCCCCC*)c1ccccc1)c1ccccc1)c1ccccc1,tg,235.0,184.0046955226293,188.140380859375,True
*C(C*)C(=O)OCCOC(C(F)F)(F)F,tg,-22.0,1.9007593794985975,,False
*c1nc2c(nc1c1ccccc1)cc(cc2)c1cc2c(nc(c(n2)c2ccccc2)c2ccc(cc2)Oc2ccc(cc2)Oc2ccc(cc2)Oc2ccc(cc2)*)cc1,tg,263.0,282.1557823606397,,False
*C1COC2C1OCC2OC(=O)C(NC(=O)CCCCCCCCC(=O)NC(C(=O)O*)Cc1ccccc1)Cc1ccccc1,tg,74.0,71.61047505235331,,False
*[Si](C#Cc1cc(ccc1)C#C*)(C)C,tg,50.0,80.25652971724877,,False
*c1sc(cc1)c1cc(c(cc1)Oc1ccc(cc1)C(c1ccc(cc1)Oc1c(cc(cc1)*)C(F)(F)F)(C(F)(F)F)C(F)(F)F)C(F)(F)F,tg,153.33,146.92012346186365,155.6210479736328,True
*c1cc2c(C(=O)N(C2=O)c2c(cc(c(c2)N2C(=O)c3c(C2=O)cc(cc3)C(=O)*)O)O)cc1,tg,324.0,306.7909769035752,,False
*c1cc2c(C(=O)N(C2=O)C2C(=O)N(C(=O)C2)c2ccc(cc2)NC(=O)*)cc1,tg,120.0,187.13506529472937,151.47520446777344,True
*C(C*)(C(=O)OCCCCOc1ccc(cc1)OC(=O)c1ccc(cc1)OCCCCCC)C,tg,34.0,33.1960995960002,,False
*Oc1ccc(cc1)C(c1ccc(cc1)OC(=O)c1ccc(cc1)C(=O)*)(c1ccccc1)c1ccccc1,tg,210.0,226.4788992073394,276.0866394042969,True
*c1c([nH]c(n1)c1ccc(cc1)c1[nH]c(c(n1)c1ccc(cc1)Oc1ccc(cc1)C(=O)c1ccc(cc1)Oc1ccc(cc1)*)c1ccccc1)c1ccccc1,tg,279.0,269.27499406395754,,False
*Nc1cc(cc(c1)C(=O)Oc1ccccc1)NC(=O)c1ccc(cc1)C(=O)*,tg,200.0,215.32479531353147,205.4952850341797,True
*OP(=O)(Oc1c(cc(cc1Br)C(c1cc(c(c(c1)Br)*)Br)(C(F)(F)F)C(F)(F)F)Br)Oc1ccc(cc1)[N+](=O)[O-],tg,154.0,151.01703455890208,,False
*c1cc2c(C(=O)N(C2=O)c2cc(cc(c2)OCCCCCCCC)N2C(=O)c3c(C2=O)cc(cc3)C(=O)*)cc1,tg,195.0,193.98693863894513,,False
*NC(=O)c1c(cc(cc1)C(=O)NCCCCCC*)Oc1ccc(cc1)F,tg,112.5,116.951431417477,,False
*Oc1cc(ccc1)NC(=O)CCCCCC(=O)Nc1cc(ccc1)OCC(COc1ccc(cc1)C(c1ccc(cc1)OCC(C*)O)(C)C)O,tg,107.0,97.34402872716235,92.32760620117188,True
*c1nc2c(nc1)ccc(c2)c1ccc2c(nc(cn2)c2ccc(cc2)Oc2ccc(cc2)Oc2ccc(cc2)*)c1,tg,235.0,271.0958457175993,,False
*N1C(=O)c2c(C1=O)cc(cc2)c1cc2c(C(=O)N(C2=O)CCC[Si](O[Si](CCC*)(C)C)(C)C)cc1,tg,75.0,90.38903748918965,,False
*Oc1ccc(cc1)C(=O)c1ccc(cc1)OCCCCCCOC(=O)OCCCCCCCCCCCCOC(=O)OCCCCCC*,tg,-8.0,-13.747653563744413,-6.82641077041626,True
*C1CC2CC(CC(C1)O2)OC(=O)c1ccc(cc1)C(=O)O*,tg,207.0,151.9912305061464,155.3472442626953,True
*OC(=O)c1ccc(cc1)SCCCCSc1ccc(cc1)C(=O)*,tg,62.0,72.25910375384835,44.491790771484375,True
*Oc1c(c(c(c(c1F)F)COC(c1cc(ccc1)C(OCc1c(c(c(c(c1F)F)Oc1ccc(cc1)Cc1ccc(cc1)*)F)F)(C(F)(F)F)C(F)(F)F)(C(F)(F)F)C(F)(F)F)F)F,tg,94.0,114.81562909349992,,False
*Oc1ccc(cc1)C(=Nc1ccc(cc1)N=C(c1ccc(cc1)Oc1ccc(cc1)C(c1ccc(cc1)*)(C)C)c1ccccc1)c1ccccc1,tg,161.0,153.78811790622308,,False
*Oc1ccc(cc1)C(c1ccc(cc1)Oc1ccc(cc1)C(=O)c1cc2c(cc1)cc(cc2)C(=O)c1ccc(cc1)*)(C)C,tg,185.0,184.2052675172403,,False
*OC(COC(=O)c1c2c(c(cc1)C(=O)*)cccc2)COc1ccc(cc1)N=Nc1ccc(cc1)C#N,tg,117.0,125.21360149980562,,False
*N1C(=O)c2c(C1=O)cc(cc2)c1cc2c(C(=O)N(C2=O)c2cc(ccc2)OCCCCCCCCCCOc2cc(ccc2)*)cc1,tg,125.0,123.90746144340392,,False
*N(c1ccc(cc1)C(c1ccc(cc1)*)c1ccc(cc1)C#N)c1ccc(cc1)C,tg,230.0,200.41121901321765,,False
*Oc1ccc(cc1)Oc1ccc(cc1)C(=O)c1ccc(cc1)C(=O)c1ccc(cc1)*,tg,149.5,159.08569308144425,,False
*Nc1cc(cc(c1)C(=O)Oc1ccc(cc1)c1ccccc1)NC(=O)c1ccc(cc1)C(=O)*,tg,178.0,226.02606415872,,False
*OC(=O)c1c(cc(cc1)C(=O)OCCN(CC*)c1ccc(cc1)N=Nc1ccc(cc1)c1nc2c([nH]1)ccc(c2)[N+](=O)[O-])OCCC,tg,152.0,146.5301627892002,145.96466064453125,True
*c1oc(nn1)c1sc(c(c1)CCCCCCCCCC)c1sc(cc1CCCCCCCCCC)c1oc(nn1)c1c(cc(c(c1)OCCCCCCCC)*)OCCCCCCCC,tg,53.8,81.93725518120478,95.82825469970703,True
*c1cc2c(C(=O)N(C2=O)c2cc(ccc2)Cc2ccc(cc2)Cc2cc(ccc2)N2C(=O)c3c(C2=O)cc(cc3)C(=O)*)cc1,tg,240.0,268.8156862403576,,False
*Oc1ccc(cc1)CC(NC(=O)Cc1ccc(cc1)OC(=O)CCCCC(=O)*)C(=O)OCCCCCCCC,tg,28.0,33.865206842609275,,False
*Oc1c(cc(c(c1)OC(=O)c1ccc(cc1)OCC)OC(=O)CCCCCCCCCCCCCCC(=O)*)OC(=O)c1ccc(cc1)OCC,tg,31.0,54.20751678284602,,False
*C1(c2c(C(=O)N1c1ccccc1)cccc2)c1ccc(cc1)OC(=O)c1ccc(cc1)[Si](c1ccc(cc1)C(=O)Oc1ccc(cc1)*)(C)C,tg,255.0,221.59041879810968,251.37245178222656,True
*Oc1ccc(cc1)Oc1ccc(cc1)OC(=O)NC(=O)c1cc(cc(c1)C(C)(C)C)C(=O)NC(=O)*,tg,114.5,146.73382125961663,122.0538558959961,True
*c1cc2c(C(=O)N(C2=O)c2c(cc(c(c2C)N2C(=O)c3c(C2=O)cc(cc3)C(=O)*)C)C)cc1,tg,401.33,365.16051918289753,380.7913513183594,True
*c1oc(cc1)CC*,tg,23.0,40.53510646880081,56.6843147277832,True
*N1C(=O)c2c(C1=O)cc(c(c2)c1ccc(cc1)[Si](C)(C)C)c1cc2c(C(=O)N(C2=O)c2ccc(cc2)C(c2ccc(cc2)*)(C(F)(F)F)C(F)(F)F)cc1c1ccc(cc1)[Si](C)(C)C,tg,365.0,326.8163615791714,,False
*Nc1ccc(cc1)c1ccc(cc1)NC(=O)c1cc(cc(c1)S(=O)(=O)c1ccccc1)C(=O)*,tg,319.0,288.5908290220591,295.7239685058594,True
*Oc1ccc(cc1)NC(=O)c1cc(cc(c1)C(C(C(C(F)(F)F)(F)F)(F)F)(F)F)C(=O)Nc1ccc(cc1)*,tg,257.0,228.05105712003763,,False
*c1n(nc(c1)c1ccc(cc1)Oc1ccc(cc1)C(=O)c1cc(ccc1)C(=O)c1ccc(cc1)Oc1ccc(cc1)*)c1ccccc1,tg,190.0,213.38866727245315,,False
*C(C*)C(=O)OCCOCC,tg,-50.0,-55.542828131863565,,False
*Oc1cc(ccc1)C(=O)OCCN(CCOC(=O)c1cc(ccc1)OCC#CC#CC*)c1ccc(cc1)N=Nc1ccc(cc1)C#N,tg,50.0,89.11864245357769,101.3543930053711,True
*C(C*)C(=O)OC(C(C(C(C(C(C(C(F)(F)F)(F)F)(F)F)(F)F)(F)F)(F)F)(F)F)(F)F,tg,9.0,6.254453774528504,6.834696292877197,True
*S(=O)(=O)c1ccc(cc1)NC(=O)c1cc(cc(c1)S(=O)(=O)c1ccccc1)C(=O)Nc1ccc(cc1)*,tg,307.0,268.71143633554885,259.5102233886719,True
*c1cc2c(=O)n(c(=O)c3ccc4c5c(cc6c(=O)n(c(=O)c7ccc(c1c4c23)c5c67)CCCCCCCC)Oc1ccc(cc1)C=Cc1c(cc(c(c1)OCCCCCCCC)C=Cc1ccc(cc1)O*)OCCCCCCCC)CCCCCCCC,tg,103.0,121.66083079403188,,False
*Oc1ccc(cc1)C(c1ccc(cc1)OC(=S)*)c1c2c(ccc1)cccc2,tg,191.0,192.5667240667653,178.4934844970703,True
*C(C*)n1c2c(c3ccccc3cc2)c2c1cccc2,tg,285.5,248.84299618091,,False
*C(C*)c1ccc(cc1)C(=O)OCC(C)C,tg,90.0,66.45344626729303,99.0229263305664,True
*Nc1cc(ccc1)C=Cc1ccc(cc1)NC(=O)c1cc(ccc1)C(=O)*,tg,272.0,252.85517086503197,244.469482421875,True
*OC(=O)c1cc2c(cc1)cc(cc2)C(=O)OCCCCCCCCCCCC*,tg,38.5,35.82151698982282,32.79716873168945,True
*c1cc2c(C(=O)N(C2=O)c2ccc(cc2)Oc2ccc(cc2)C2(C3C4C(CCC4)C(C2)C3)c2ccc(cc2)Oc2ccc(cc2)N2C(=O)c3c(C2=O)cc(cc3)C(=O)Nc2ccc(cc2)Oc2ccc(cc2)NC(=O)*)cc1,tg,250.0,263.4234915015243,,False
*N1C(=O)c2c(C1=O)c(ccc2)c1cc2c(C(=O)N(C2=O)c2cc(ccc2)C(=O)Nc2ccc(cc2)Oc2ccc(cc2)Oc2ccc(cc2)NC(=O)c2cc(ccc2)*)cc1,tg,268.0,264.48688044935335,265.5903015136719,True
*c1nc(nc(n1)N(CCCCCCN(*)C)C)c1ccccc1,tg,57.0,50.742453506245575,46.088958740234375,True
*OP(=O)(Oc1c(cc(cc1C)S(=O)(=O)c1cc(c(c(c1)C)*)C)C)Oc1ccccc1,tg,142.0,144.38057563157517,,False
*c1nc(ccc1)Oc1c(cc(cc1)O*)C,tg,89.0,111.29141997262305,111.21578216552734,True
*c1cc2c(C(=O)N(C2=O)c2cc(ccc2)Nc2ncnc(n2)Nc2cc(ccc2)N2C(=O)c3c(C2=O)cc(cc3)C(=O)*)cc1,tg,290.0,273.75820602140857,300.92572021484375,True
*Oc1ccc(cc1)C(c1cc(c(c(c1)Cl)OC(=O)*)Cl)(C)C,tg,186.0,159.08534706523608,,False
*C(C*)(C(=O)OCCN(c1ccc(cc1)N=Nc1ccc(cc1)S(=O)(=O)C)CC)C,tg,144.0,120.07644477073096,,False
*c1cc2c(C(=O)N(C2=O)c2ccc(cc2)C(=O)OCCCCCCOC(=O)*)cc1,tg,80.5,83.66088034196315,,False
*Oc1ccc(cc1)c1ccc(cc1)C(=O)OCC(COC(=O)c1ccc(cc1)c1ccc(cc1)OC(CC*)C)C,tg,88.33,82.02490516983873,,False
*N1C(=O)c2c(C1=O)cc(cc2)c1cc2c(C(=O)N(C2=O)c2cc(ccc2)C(=O)Nc2cc(ccc2)S(=O)(=O)c2cc(ccc2)NC(=O)c2cc(ccc2)*)cc1,tg,247.0,254.37444843697767,247.0178680419922,True
*OC(=O)c1cc(cc(c1)OCc1c(c(c(c(c1F)F)OC)F)F)C(=O)OCCN(CC*)c1ccc(cc1)C=Cc1sc(cc1)C=CC1=C(C(=C(C#N)C#N)OC1(c1ccccc1)C(F)(F)F)C#N,tg,140.0,150.50929323492582,132.8062286376953,True
*Oc1ccc(cc1)NC(=O)c1ccc(cc1)OCC(COc1ccc(cc1)C(c1ccc(cc1)OCC(C*)O)(C)C)O,tg,127.0,117.67237151504624,,False
*C(C*)C(=O)OCCOc1ccc(cc1)C(=O)Oc1ccc(cc1)OC,tg,70.0,43.24452179865825,,False
*Oc1ccc(cc1)c1ccc(cc1)c1c(c(c(c(c1)c1ccccc1)c1ccc(cc1)c1ccc(cc1)OC(=O)c1c(cc(cc1)C(=O)*)c1ccccc1)c1ccccc1)c1ccccc1,tg,260.0,219.88171903789063,,False
*c1n(cnc1C(=O)NCC(CNC(=O)*)(C)C)C,tg,152.0,164.58992424839528,,False
*Sc1c(cc(cc1C)*)C,tg,198.0,156.7206623085162,,False
*C(C*)(C(=O)OCc1c(c(ccc1)Cl)Cl)C,tg,42.6,40.6800948528481,,False
*c1cc2c(C(=O)N(C2=O)c2c(cccc2)Oc2ccc(cc2)N2C(=O)c3c(C2=O)cc(cc3)C(*)(C(F)(F)F)C(F)(F)F)cc1,tg,276.0,288.12534516659383,,False
*Oc1c(cc(cc1Cl)C(c1cc(c(c(c1)Cl)OCC(C*)OC(=O)C)Cl)(C)C)Cl,tg,100.0,113.07058178538487,117.08736419677734,True
*N1C(=O)c2c(C1=O)cc(cc2)Oc1c(cccc1)Oc1cc2c(C(=O)N(C2=O)c2cc(c(cc2)Oc2c(cccc2)Oc2c(cc(cc2)*)C(F)(F)F)C(F)(F)F)cc1,tg,185.0,208.54093693656685,,False
*Oc1ccc(cc1)OC(=O)c1c(cc(c(c1)OCCCCCOCC1N(CCC1)c1ccc(cc1)[N+](=O)[O-])C(=O)*)OCCCCCOCC1N(CCC1)c1ccc(cc1)[N+](=O)[O-],tg,63.0,54.75985360413622,51.24827194213867,True
*N1C(=O)c2c(C1=O)cc(cc2)Oc1cc2c(C(=O)N(C2=O)c2cc(ccc2)P(=O)(c2cc(ccc2)*)c2cc(cc(c2)C(F)(F)F)C(F)(F)F)cc1,tg,228.0,238.50301856053656,,False
*N1C(=O)c2c(C1=O)cc(cc2)NC(=O)Nc1ccc(cc1)NC(=O)Nc1cc2c(C(=O)N(C2=O)c2ccc(cc2)c2nc(cc(c2)c2ccc(cc2)c2ccccc2)c2ccc(cc2)*)cc1,tg,243.0,252.89993983501665,,False
*C(C*)C#N,tg,93.96,51.106508532176896,,False
*C(C*)c1cc(c(cc1)Cl)[N+](=O)[O-],tg,132.9,133.74318839111493,,False
*C=CCCCCCCCCCC(CCCCCCCCC*)COCCOCCOCCOCCOCc1c2ccc3cccc4ccc(cc1)c2c34,tg,-36.0,-5.384396356791581,0.5985565185546875,True
*Oc1ccc(cc1)c1ccc(cc1)Oc1ccc(cc1)C(=O)c1c(c(c(c(c1c1ccccc1)c1cc2c(cc1)cccc2)c1cc2c(cc1)cccc2)c1ccccc1)C(=O)c1ccc(cc1)*,tg,290.0,282.45347903607814,296.1893615722656,True
*Oc1ccc(cc1)C(=O)c1cc(ccc1)C(=O)c1ccc(cc1)*,tg,139.0,145.58342537473962,,False
*N1C(=O)c2c(C1=O)cc(cc2)Oc1cc2c(C(=O)N(C2=O)c2c(cc(c(c2C)C(=O)c2cc(ccc2)*)C)C)cc1,tg,287.0,283.85980106671104,303.5040588378906,True
*c1nc(nc(c1c1ccc(cc1)OC)OCCOC(=O)CCCC(=O)OCCO*)c1ccc(cc1)OC,tg,57.0,75.88924819299952,,False
*c1cc2c(C(=O)N(C2=O)c2cc(cc(c2)C(F)(F)F)N2C(=O)c3c(C2=O)cc(c(c3)Cl)C(=O)*)cc1Cl,tg,305.0,314.47637085447036,,False
*OC(=O)C(C*)(CC)CC,tg,60.0,5.0125680953901375,-2.9247562885284424,True
*Oc1ccc(cc1)C(c1ccc(cc1)OC(=O)*)C(Cl)Cl,tg,165.0,173.14657166422762,,False
*N1C(=O)c2c(C1=O)cc(cc2)C(=O)c1cc2c(C(=O)N(C2=O)CCCCCC(=O)Nc2cc(ccc2)Oc2ccc(cc2)NC(=O)CCCCC*)cc1,tg,170.0,173.32727472072102,,False
*c1sc(nn1)c1ccc(cc1)OC(=O)CCCCCCCCC(=O)Oc1ccc(cc1)C=C*,tg,30.0,82.7186106452462,,False
*c1c2C(=O)N(C(=O)c2c(c2ccccc12)c1ccc(cc1)Oc1ccc(cc1)C(=O)c1ccc(cc1)Oc1ccc(cc1)*)c1cc(ccc1)C(F)(F)F,tg,252.0,262.9723720272091,,False
*C1(C(=O)OC(=O)C(C1)(C*)C)C,tg,144.0,147.00009848257736,,False
*c1nc(nc(n1)c1ccc(cc1)Oc1ccc(cc1)Oc1ccc(cc1)*)c1ccccc1,tg,244.0,233.18177912767956,258.0556945800781,True
*OC(=O)Nc1c(ccc(c1)NC(=O)OCCN(CC*)c1ccc(cc1)N=Nc1c(cc(c(c1)OC)N=Nc1ccc(cc1)[N+](=O)[O-])OC)C,tg,150.0,131.90632020414913,,False
*O[Si](CCCC(=O)Oc1ccc(cc1)C=Nc1ccc(cc1)Cc1ccc(cc1)N=Cc1ccc(cc1)OC(=O)CCC[Si](*)(C)C)(C)C,tg,68.0,54.89705853804682,53.737884521484375,True
*NC(=O)c1ccc(cc1)C(=O)NCC(CC(CC*)CC)C,tg,139.0,145.772944424951,145.96739196777344,True
*Oc1c(cc(cc1OC)C=C1C(=O)C(=Cc2cc(c(c(c2)OC)OCCCCCCCC*)OC)CCC1)OC,tg,62.0,62.60939510880658,,False
*Oc1ccc(cc1)NC(=O)c1ccc(cc1)C(=O)Nc1ccc(cc1)Oc1ccc(cc1)C1(C2CCC(C1)C2)c1ccc(cc1)*,tg,281.0,271.4987340401937,,False
*N1C(=O)c2c(C1=O)cc(cc2)C(=O)c1cc2c(C(=O)N(C2=O)CCCCCC(=O)Nc2ccc(cc2)Cc2ccc(cc2)NC(=O)CCCCC*)cc1,tg,187.0,177.82132780934194,163.5048828125,True
*N(CC*)C(=O)c1ccccc1,tg,108.5,98.17147962630963,,False
*C(C*)(C(=O)Oc1ccc(cc1)c1oc(nn1)c1ccc(cc1)C(C)(C)C)C,tg,156.0,169.8185212908297,143.8216552734375,True
*NC(=O)c1c(cc(cc1)C(=O)NCCCCCC*)Oc1ccc(cc1)Br,tg,116.0,112.21327568525578,112.74861907958984,True
*c1cc2c(C(=O)N(C2=O)c2c(cc(cc2C)Cc2cc(c(c(c2)C)N2C(=O)c3c(C2=O)cc(cc3)C(=O)OCCN(CCOC(=O)*)c2ccc(cc2)N=Nc2c(cc(cc2)[N+](=O)[O-])[N+](=O)[O-])C)C)cc1,tg,176.0,204.2469432985705,214.4066619873047,True
*Oc1ccc(cc1)C(c1ccc(cc1)OC(=O)*)C1C2C3C(C(C1)C2)C1CCC3C1,tg,253.0,227.14177023581396,231.4957275390625,True
*Oc1cc2c(cc1)ccc(c2)Oc1ccc(cc1)C(=O)Nc1ccc(cc1)Oc1ccc(cc1)C(c1ccc(cc1)Oc1ccc(cc1)NC(=O)c1ccc(cc1)*)(C(F)(F)F)C(F)(F)F,tg,163.0,189.9128944571015,,False
*C(C*)(C(=O)OCCCCCCOc1ccc(cc1)C(=O)Oc1ccc(cc1)OC)C,tg,40.8,44.53637651643614,,False
*c1nc(nc(n1)N(CCCCCCCCCCN(*)c1ccccc1)c1ccccc1)c1ccccc1,tg,62.0,71.38084767518325,65.25447082519531,True
*Oc1cc(ccc1)NC(=O)c1cc(ccc1)C(=O)Nc1cc(ccc1)OCCCCC*,tg,131.5,128.003916983616,122.73049926757812,True
*c1cc2c(C(=O)N(C2=O)c2ccc(cc2)Sc2ccc(cc2)Oc2ccc(cc2)Sc2ccc(cc2)N2C(=O)c3c(C2=O)cc(cc3)C(=O)Nc2ccc(cc2)Oc2cc(ccc2)Oc2ccc(cc2)NC(=O)*)cc1,tg,179.0,227.60881134860873,,False
*C(C*)c1c(cccc1)C(=O)OCCCCCC,tg,45.0,52.22666913600716,,False
*c1c(c2c(C(=O)N(C2=O)c2cc(ccc2)N2C(=O)c3c(C2=O)c(c(c(c3c2ccccc2)c2ccccc2)c2ccc(cc2)Oc2ccc(cc2)*)c2ccccc2)c(c1c1ccccc1)c1ccccc1)c1ccccc1,tg,357.0,321.1156522570985,,False
*C1(OC(CO1)c1ccccc1)C*,tg,75.0,130.61503862396242,186.8074951171875,True
*C(C*)c1ncccc1,tg,98.28,102.80344388813393,117.16033935546875,True
*NC(C(=O)*)CCC(=O)OCCCC,tg,-39.33,-23.67775688198661,-44.15847396850586,True
*Oc1ccc(cc1)C(=O)c1cc(ccc1)NC(=O)c1cc(ccc1)C(=O)Nc1ccc(cc1)C(=O)c1ccc(cc1)*,tg,204.0,180.88121650853336,,False
*c1oc(nn1)c1c(cc(cc1)*)OCC,tg,231.0,181.7772557744752,239.312255859375,True
*N1C(=O)c2c(C1=O)cc(cc2)c1cc2c(C(=O)N(C2=O)c2cc(c(cc2)Oc2c(cc(cc2C(C)(C)C)c2ccc(cc2)*)C(C)(C)C)C(F)(F)F)cc1,tg,389.0,362.64465574348446,,False
*OC(=O)Nc1ccc(cc1)Cc1ccc(cc1)NC(=O)OCCCCCC*,tg,71.0,81.10111019858927,75.78175354003906,True
*Oc1ccc(cc1)C(c1cc(ccc1)C(c1ccc(cc1)Oc1ccc(cc1)C(=O)Nc1ccc(cc1)NC(=O)c1ccc(cc1)*)(C)C)(C)C,tg,154.0,184.4404132712824,,False
*c1ccc2c3n(c4ccc(cc4n3)Oc3cc4n5c(nc4cc3)c3cccc4c(ccc(c5=O)c34)Oc3cc(ccc3)O*)c(=O)c3cccc1c23,tg,369.5,345.104375417345,371.5453186035156,True
*c1nc2c([nH]1)ccc(c2)*,tg,398.0,203.81422114573263,,False
*OC(=O)c1ccc(cc1)c1ccc(cc1)c1ccc(cc1)C(=O)OCCCCCCCCCC*,tg,50.0,50.52589305179723,,False
*OC(=O)NCCCCCCNC(=O)OCC*,tg,56.0,26.37961616675492,12.470911979675293,True
*N1C(=O)c2c(C1=O)cc(c(c2)c1ccc(cc1)C(C)(C)C)c1cc2c(C(=O)N(C2=O)c2ccc(cc2)Cc2ccc(cc2)*)cc1c1ccc(cc1)C(C)(C)C,tg,360.0,365.21612492657215,,False
*N1C(=O)c2c(C1=O)cc(cc2)C(=O)c1cc2c(C(=O)N(C2=O)CC(=O)Nc2ccc(cc2)Oc2ccc(cc2)NC(=O)C*)cc1,tg,235.0,234.98587860708756,,False
*C(C*)P(=O)(N(C)C)N(C)C,tg,25.0,60.59933481547137,,False
*Oc1c(cc(cc1C)*)C,tg,204.61,166.89440207484125,,False
*c1nc2c(nc1c1ccc(cc1)Oc1ccc(cc1)Oc1ccc(cc1)P(=O)(c1ccc(cc1)Oc1ccc(cc1)Oc1ccc(cc1)*)c1ccccc1)cccc2,tg,209.0,215.73252352009237,,False
*c1cc2c(C(=O)N(C2=O)c2ccc(cc2)c2c(cc(cc2c2ccc(cc2)c2ccccc2)c2ccc(cc2)OCCCCCCOc2ccc(cc2)c2cc(c(c(c2)c2ccc(cc2)c2ccccc2)c2ccc(cc2)N2C(=O)c3c(C2=O)cc(cc3)C(=O)*)c2ccc(cc2)c2ccccc2)c2ccc(cc2)c2ccccc2)cc1,tg,111.5,194.45309104438755,,False
*C(C*)(C(=O)OCCCCCCCCCCCCCCCCCC)C,tg,-103.33,-18.81560084711615,,False
*c1ccc2c(nc([nH]2)c2cc(cc(c2)N2C(=O)c3c(C2=O)cccc3)c2nc3c([nH]2)ccc(c3)C(=O)Nc2cc(cc(c2)c2nc3c([nH]2)cccc3)NC(=O)*)c1,tg,334.0,330.7091163696957,,False
*N1C(=O)c2c(C1=O)cc(cc2)C(c1cc2c(C(=O)N(C2=O)CC(=O)Nc2ccc(cc2)Oc2ccc(cc2)S(=O)(=O)c2ccc(cc2)Oc2ccc(cc2)NC(=O)C*)cc1)(C(F)(F)F)C(F)(F)F,tg,241.0,237.7307696200149,,False
*c1nc2c(nc1)cc(cc2)c1cc2c(nc(cn2)c2ccc(cc2)Oc2ccc(cc2)*)cc1,tg,334.0,323.5937933998744,315.7436218261719,True
*NC(=S)NCCCCC*,tg,55.0,57.04216339150927,,False
*Oc1cc(ccc1)NC(=O)c1cc(cc(c1)NC(=O)c1ccc(cc1)OC(=O)C)C(=O)Nc1ccc(cc1)*,tg,251.0,251.72815797924827,,False
*C(C*)C(=O)OCCCCCCOC(=O)c1ccc(cc1)OC(=O)c1ccc(cc1)C#N,tg,30.0,25.22045762254105,23.698030471801758,True
*Oc1ccc(cc1)Oc1ccc(cc1)NC(=O)c1c(cc(cc1)c1cc(c(cc1)C(=O)Nc1ccc(cc1)*)C)C,tg,219.0,228.67955752353743,,False
*Oc1ccc(cc1)C(=O)c1cc(ccc1)NC(=O)c1ccc(cc1)C(=O)Nc1cc(ccc1)C(=O)c1ccc(cc1)*,tg,189.0,218.44349782664744,,False
*OP(=O)(Oc1ccc(cc1)S(=O)(=O)c1ccc(cc1)*)Oc1ccccc1,tg,100.5,95.42767374012516,,False
*Nc1ccc(cc1)Cc1ccc(cc1)NC(=O)/C=C/c1ccc(cc1)/C=C/C(=O)*,tg,230.0,222.19490812745732,,False
*Oc1ccc(cc1)OC(=O)c1c(cc(cc1)C(=O)*)Oc1ccc(cc1)C1CCCCC1,tg,113.0,156.45324513605925,,False
*C(C*)C(=O)Oc1ccc(cc1)C(=O)O,tg,113.33,92.45889607272348,,False
*c1cc2c(C(=O)N(C2=O)c2cc(ccc2)C(=O)NCCN(CCNC(=O)*)c2ccc(cc2)C=Cc2ccc(cc2)[N+](=O)[O-])cc1,tg,178.0,194.11611057557124,,False
*OP(=O)(Oc1ccc(cc1)NC(=O)Oc1ccc(cc1)c1ccc(cc1)OC(=O)Nc1ccc(cc1)*)c1ccccc1,tg,34.0,163.3326149465571,,False
*Oc1cc(ccc1)NC(=O)C(=O)Nc1cc(ccc1)OCC(COc1ccc(cc1)C(c1ccc(cc1)OCC(C*)O)(C)C)O,tg,119.0,98.0715434859326,,False
*Sc1cc(ccc1)Sc1ccc(cc1)Sc1ccc(cc1)*,tg,75.0,74.01795745796221,,False
*O[Si](*)(CCCCCCCCCCCOc1ccc(cc1)/C=C/c1ccc(cc1)OC)C,tg,55.0,14.634388861911058,,False
*SSCc1ccc(cc1)C*,tg,23.0,36.771363680052715,,False
*N1C(=O)c2c(C1=O)c(ccc2)Oc1c(cc(cc1C)Cc1cc(c(c(c1)C)Oc1c2c(C(=O)N(C2=O)c2ccc(cc2)Oc2ccc(cc2)c2ccc(cc2)Oc2ccc(cc2)*)ccc1)C)C,tg,259.0,254.53505132728412,261.8326416015625,True
*ON(C(C(*)(F)F)(F)F)C(C(Br)(F)F)(F)F,tg,-17.0,-41.95597689238307,-31.61602783203125,True
*C1C(=O)OC(=O)C1C(C*)OC,tg,170.2,138.7726049082257,,False
*C(C*)(C(=O)OCc1cc2c(OCCOCCOCCOCCO2)cc1)C,tg,38.0,50.41605948265836,,False
*OC(COC(=O)Nc1ccc(cc1)Cc1ccc(cc1)NC(=O)*)c1occc1,tg,40.0,97.45366262597229,71.41019439697266,True
*c1cc2c(C(=O)N(C2=O)c2cc(ccc2)NC(=O)C(C(C(C(C(C(C(=O)Nc2cc(ccc2)N2C(=O)c3c(C2=O)cc(cc3)C(*)(C(F)(F)F)C(F)(F)F)(F)F)(F)F)(F)F)(F)F)(F)F)(F)F)cc1,tg,218.0,255.1597233404119,,False
*OC(=O)Nc1ccc(cc1)Cc1ccc(cc1)NC(=O)OCCN(CC*)c1ccc(cc1)N=Nc1ccc(cc1)[N+](=O)[O-],tg,136.4,134.168675355413,,False
*C(C*)(C(=O)Oc1ccc(cc1)C(=O)C=Cc1ccc(cc1)OCc1ccccc1)C,tg,152.0,94.83445394134368,,False
*c1cc2c(C(=O)N(C2=O)c2ccc(cc2)Oc2ccc(cc2)C(c2ccc(cc2)Oc2ccc(cc2)N2C(=O)c3c(C2=O)cc(cc3)C(=O)*)(C)C)cc1,tg,287.73,240.65427152115572,248.86456298828125,True
*c1cc2c(C(=O)N(C2=O)c2ccc(cc2)Oc2ccc(cc2)NC(=O)*)cc1,tg,290.17,277.62853362344003,,False
*N1C(=O)c2c(C1=O)cc(cc2)c1cc2c(C(=O)N(C2=O)c2ccc(cc2)OC(=O)CCCCCCCCCCCCCCCCCCCCC(=O)Oc2ccc(cc2)*)cc1,tg,135.0,135.60528732308342,,False
*OC(=O)C(NC(=O)CCCCCCCCC(=O)NC(C(=O)OCC=CC*)Cc1ccccc1)Cc1ccccc1,tg,46.0,50.88479740281048,,False
*N1C(=O)c2c(C1=O)c(ccc2)Oc1ccc(cc1)Sc1ccc(cc1)Oc1c2c(C(=O)N(C2=O)c2ccc(cc2)Oc2cc(ccc2)Oc2ccc(cc2)*)ccc1,tg,202.0,203.3162304492981,,False
*c1cc2c(C(=O)N(C2=O)c2c(ccc(c2)N2C(=O)c3c(C2=O)cc(cc3)C(=O)Nc2ccc(cc2)Oc2c(cccc2)c2c(cccc2)Oc2ccc(cc2)NC(=O)*)C)cc1,tg,266.0,269.8088338702359,,False
*c1cc2c(C(=O)N(C2=O)c2ccc(cc2)C(=O)Nc2ccc(cc2)C(c2ccc(cc2)NC(=O)c2ccc(cc2)N2C(=O)c3c(C2=O)cc(cc3)C(*)(C(F)(F)F)C(F)(F)F)(C(F)(F)F)C(F)(F)F)cc1,tg,351.0,304.47971838009516,,False
*Oc1c(cc(cc1C(C)C)C(=O)c1cc(ccc1)C(=O)c1ccc(cc1)*)C(C)C,tg,132.0,169.35335472831568,168.7798614501953,True
*C1C(=O)N(C(=O)C1C(C*)c1ccccc1)c1ccc(cc1)NC(=O)OCC1N(CCC1)c1ccc(cc1)[N+](=O)[O-],tg,208.0,204.7400462913016,211.99932861328125,True
*c1cc2c(C(=O)N(C2=O)c2ccc(cc2)N2C(=O)c3c(C2=O)cc(cc3)c2c(c(c(c(c2c2ccccc2)c2ccccc2)c2ccc(cc2)Oc2ccc(cc2)c2c(c(c(c(c2c2ccccc2)c2ccccc2)*)c2ccccc2)c2ccccc2)c2ccccc2)c2ccccc2)cc1,tg,353.0,349.01815154316847,344.9068298339844,True
*Oc1c(cc(cc1Br)*)Br,tg,196.0,168.54483135264502,196.3772430419922,True
*SC(=O)N(CCC*)Cc1ccccc1,tg,27.0,64.74254275957378,,False
*[Si](CC(C*)Cc1ccc(cc1)c1ccccc1)(C)C,tg,28.0,36.39793583495628,18.540788650512695,True
*Oc1c(cc(cc1C)C(c1cc(c(c(c1)C)OC(=O)*)C)(C)C)C,tg,193.62,162.3672461215918,,False
*N1C(=O)c2c(C1=O)cc(cc2)Oc1c2c(ccc1)c(ccc2)Oc1cc2c(C(=O)N(C2=O)c2cc(ccc2)*)cc1,tg,260.0,262.32592277537555,,False
*N1C(=O)c2c(C1=O)cc(cc2)c1cc2c(C(=O)N(C2=O)c2cc3S(=O)(=O)c4c(c3cc2C)cc(c(c4)*)C)cc1,tg,490.0,355.9227754737754,367.1101379394531,True
*c1n(c(cc1)Oc1ccc(cc1)C(c1ccc(cc1)OC*)(C)C)c1ccc(cc1)[N+](=O)[O-],tg,76.75,147.3147348642297,,False
*c1c2C(=O)N(C(=O)c2c(c2ccccc12)c1ccc(cc1)Oc1ccc(cc1)S(=O)(=O)c1ccc(cc1)Oc1ccc(cc1)*)c1ccccc1,tg,305.0,291.004742192925,,False
*C1OC(C(C(C1OCC)OCC)O*)COCC,tg,119.5,86.70119415719114,63.339813232421875,True
*C(C*)(C(=O)OCCN(C)C)C,tg,24.75,48.46943014759315,33.60568618774414,True
*C(C*)C(=O)OCCCOc1ccc(cc1)C(=O)OCCCC(C(C(C(C(C(C(C(F)(F)F)(F)F)(F)F)(F)F)(F)F)(F)F)(F)F)(F)F,tg,48.0,29.253296594388257,,False
*c1cc2c(C(=O)N(C2=O)c2cc(c(cc2)c2c(cc(cc2)N2C(=O)c3c(C2=O)cc(cc3)C(=O)Oc2ccc(cc2)C2(C3CC4CC(CC2C4)C3)c2ccc(cc2)OC(=O)*)C)C)cc1,tg,222.0,247.07800710850609,306.4212341308594,True
*[Si](C*)(CCCn1c2ccccc2c2ccccc12)C,tg,71.2,51.62450128222169,42.766693115234375,True
*c1cc2c(C(=O)N(C2=O)c2c(ccc(c2)N2C(=O)c3c(C2=O)cc(cc3)C(=O)Nc2c(cc(cc2)Cc2cc(c(cc2)NC(=O)*)C)C)N=Nc2ccc(cc2)C)cc1,tg,257.0,279.7361323223401,273.3483581542969,True
*c1cc2c(C(=O)N(C2=O)c2ccc(cc2)Oc2ccc(cc2)N2C(=O)c3c(C2=O)cc(cc3)C(CCCCCCCCC(*)(C)C)(C)C)cc1,tg,123.65,170.61755856382436,167.7450714111328,True
*S(=O)(=O)NCCCCCCNS(=O)(=O)c1cc(ccc1)*,tg,67.0,77.66571745925204,,False
*Oc1ccc(cc1)S(=O)(=O)c1ccc(cc1)OC(=O)c1ccc(cc1)[Si](c1ccc(cc1)C(=O)*)(C)C,tg,235.0,199.39520685005212,,False
*N1C(=O)c2c(C1=O)cc(cc2)[Si](O[Si](O[Si](c1cc2c(C(=O)N(C2=O)c2cc(ccc2)Cc2cc(ccc2)*)cc1)(C)C)(C)C)(C)C,tg,208.0,199.64287724288977,,False
*c1cc2c(C(=O)N(C2=O)c2ccc(cc2)Oc2c(c(ccc2)Oc2ccc(cc2)N2C(=O)c3c(C2=O)cc(cc3)C(=O)Nc2cc(ccc2)Oc2c(c(ccc2)Oc2cc(ccc2)Oc2c(c(ccc2)Oc2cc(ccc2)NC(=O)*)C#N)C#N)C#N)cc1,tg,199.0,223.3676192587192,,False
*c1cc2c(C(=O)N(C2=O)c2c(ccc(c2)N2C(=O)c3c(C2=O)cc(cc3)C(=O)*)CP(=O)(OCCCl)OCCCl)cc1,tg,261.0,184.1041222399525,,False
*Oc1ccc(cc1)C1(c2cc(ccc2c2ccc(cc12)[N+](=O)[O-])OC)c1ccc(cc1)OC(=O)CCCC(=O)*,tg,197.0,207.36964147456715,,False
*Oc1ccc(cc1)C(=O)N(C(=O)c1ccc(cc1)OCCCCCC*)c1c2c(ccc1)cccc2,tg,56.0,114.59525864319414,105.39447021484375,True
*N1C(=O)c2c(C1=O)cc(cc2)c1cc2c(C(=O)N(C2=O)c2ccc(cc2)Oc2ccc(cc2)*)cc1,tg,281.03,295.6544895049151,,False
*c1ccc2n(c3c(c2c1)cc(cc3)C=C(C(=O)OCCCCCCOC(=O)C(=C*)C#N)C#N)CCCCCCCCCCCOc1ccc(cc1)C=Cc1ccc(cc1)[N+](=O)[O-],tg,87.0,82.58012052322032,,False
*OC(=O)CCCC(=O)OCCCC*,tg,-36.5,-41.95698557735697,,False
*Oc1ccc(cc1)OC(=O)c1c(cc(cc1)C(=O)*)Oc1ccc(cc1)C(c1ccccc1)(C)C,tg,93.0,130.9086234455649,127.84329986572266,True
*Oc1ccc(cc1)NC(=O)c1cc(cc(c1)NC(=O)CCCN1C(=O)c2c(C1=O)cccc2)C(=O)Nc1ccc(cc1)*,tg,225.0,235.3486379315531,229.59800720214844,True
*c1nc(ccc1)Oc1cc(ccc1)O*,tg,82.0,88.73157860238608,,False
*C(C*)OC(=O)C(C(C)C)(C(C)C)C,tg,120.0,81.35897223831552,70.16222381591797,True
*C(C*)c1ccc(cc1)c1cc2C(c3c(c2cc1)cccc3)(CCCCCC)CCCCCC,tg,76.55,64.28407742922825,87.40094757080078,True
*c1sc(cc1)Oc1ccc(cc1)C(c1ccc(cc1)Oc1sc(cc1)C(=O)c1ccc(cc1)C(=O)*)(C)C,tg,154.0,156.3308343748305,144.24070739746094,True
*N1C(=O)C(CC1=O)(SCCOCCSC1(C(=O)N(C(=O)C1)c1ccc(cc1)S(=O)(=O)c1ccc(cc1)N1C(=O)C(C(C1=O)C)SCCOCCSC1C(=O)N(C(=O)C1C)c1ccc(cc1)S(=O)(=O)c1ccc(cc1)*)C)C,tg,157.0,137.36044314802714,159.83468627929688,True
*OC(=O)c1ccc(cc1)C(=O)OCCOC(=O)CCCCCCCCC(=O)OCC*,tg,-6.75,-2.061308908095637,-6.490102291107178,True
*c1nc2c(nc1c1ccccc1)cc(cc2)c1cc2c(nc(c(n2)c2ccccc2)c2ccc(cc2)OCCCCOc2ccc(cc2)*)cc1,tg,219.0,166.33839043825907,250.0575408935547,True
*N1C(=O)c2c(C1=O)cc(cc2)C(=O)c1cc2c(C(=O)N(C2=O)CCC(=O)Nc2cc(ccc2)Oc2ccc(cc2)NC(=O)CC*)cc1,tg,224.0,199.63902418492825,,False
*Nc1ccc(cc1)NC(=O)c1c(cc(cc1)C(=O)c1cc(c(cc1)C(=O)*)C(=O)OCC)C(=O)OCC,tg,275.0,215.4512297977465,,False
*N1C(=O)c2c(C1=O)cc(cc2)c1cc2c(C(=O)N(C2=O)c2ccc(cc2)Oc2ccc(cc2)Oc2ccc(cc2)Oc2ccc(cc2)*)cc1,tg,228.51,240.36750989561725,241.857421875,True
*O[Si](Oc1ccc(cc1)*)(c1ccccc1)C,tg,95.0,45.18909503310429,,False
*c1oc(nn1)c1ccc(cc1)C(=O)OCCCCCCCCOc1ccc(cc1)C=C1C(=O)C(=Cc2ccc(cc2)OCCCCCCCCOC(=O)c2ccc(cc2)*)CC1,tg,99.0,61.342531094297954,80.72473907470703,True
*N1C(=O)c2c(C1=O)cc(cc2)Oc1ccc(cc1)S(=O)(=O)c1ccc(cc1)Oc1cc2c(C(=O)N(C2=O)c2ccc(cc2)Oc2cc(ccc2)Oc2ccc(cc2)*)cc1,tg,219.0,222.6802793030556,,False
*C(C(CCC*)Cl)Cl,tg,-55.0,28.98292403549304,17.926231384277344,True
*C(C(CCCCC*)Cl)Cl,tg,-17.0,-21.94410560420731,-3.8446147441864014,True
*c1cc2c(C(=O)N(C2=O)c2c(c(cc(c2)C(F)(F)F)N2C(=O)c3c(C2=O)cc(cc3)C(=O)Nc2c(c(cc(c2)C(F)(F)F)NC(=O)*)Oc2ccc(cc2)C(F)(F)F)Oc2ccc(cc2)C(F)(F)F)cc1,tg,315.0,283.4962002893638,289.0927429199219,True
*N1C(=S)N(C(=O)CC1=O)c1ccc(cc1)Oc1ccc(cc1)Oc1ccc(cc1)*,tg,141.0,143.79256901272194,,False
*C1C(CC(C1)C=C*)C(=O)OCCNC(C)(C)C,tg,29.0,64.34331492399589,,False
*c1cc2c(C(=O)N(C2=O)c2cc(c(cc2)Oc2c(cc(cc2C(C)(C)C)c2ccc(cc2)N2C(=O)c3c(C2=O)cc(cc3)C(=O)*)C(C)(C)C)C(F)(F)F)cc1,tg,362.0,336.90831275515535,357.1883239746094,True
*C(C*)(CC(=O)OC(C)C)C(=O)OC12CC3CC(CC(C1)C3)C2,tg,180.0,150.23183078417426,,False
*Oc1ccc(cc1)OC(=O)c1c(cc(cc1)C(=O)Oc1ccc(cc1)OCCCC*)C(=O)OCC=C,tg,56.0,84.07232791159782,,False
*OC(=O)c1c(ccc(c1)C(=O)OCC(C(C(C*)(F)F)(F)F)(F)F)OCCCCC,tg,9.0,15.815805045215685,,False
*N1C(=O)c2c(C1=O)c(ccc2)c1cc2c(C(=O)N(C2=O)c2cc(c(cc2)c2c(cc(cc2)*)C(F)(F)F)C(F)(F)F)cc1,tg,346.0,344.1745611658618,,False
*OC(=O)NCCCCCCNC(=O)OCCN(CC*)CCCCCCOc1ccc(cc1)C=Cc1ccc(cc1)[N+](=O)[O-],tg,29.05,44.80088678057885,41.342533111572266,True
*Nc1c(cc(cc1)NC(=O)c1ccc(cc1)NC(=O)CCCCCCCCC(=O)Nc1ccc(cc1)C(=O)*)C(=O)OCCCCCCCCCCCCCCCCCC,tg,280.0,219.2825531001648,,False
*NC(=O)CCCCCCCCCCC(=O)NCc1ccc(cc1)C*,tg,105.0,97.2735501765447,,False
*N1C(=O)c2c(C1=O)cc(cc2)Oc1ccc(cc1)S(=O)(=O)c1ccc(cc1)Oc1cc2c(C(=O)N(C2=O)c2cc(ccc2)*)cc1,tg,265.0,237.73293410874157,248.2537078857422,True
*Oc1ccc(cc1)S(=O)(=O)c1ccc(cc1)OC(=O)c1cc(cc(c1)CCCCC)C(=O)*,tg,170.0,163.65496173543286,,False
*c1cc2c(C(=O)N(C2=O)c2ccc(cc2)C(=O)Nc2ccc(cc2)Oc2cc(ccc2)Oc2ccc(cc2)NC(=O)c2ccc(cc2)N2C(=O)c3c(C2=O)cc(cc3)C(*)(C(F)(F)F)C(F)(F)F)cc1,tg,286.0,259.7897854099838,,False
*C(*)C(=O)OCC,tg,12.35,54.91254793168182,,False
*c1ccc(cc1)C(*)C,tg,79.43,115.20949878325864,191.97413635253906,True
*Oc1c(cc(cc1)Oc1c(cc(cc1)C(=O)c1cc(c(cc1)*)S(=O)(=O)O)S(=O)(=O)O)S(=O)(=O)O,tg,248.0,194.58368333841955,206.0164031982422,True
*OC(=O)c1cc(ccc1)C(=O)OCCCCC*,tg,7.0,13.757197321692171,,False
*OC(COC(=O)c1c(c(c(cc1)c1c(cc(c(c1)CCCCCCCC)c1c(c(c(cc1)C(=O)*)F)F)CCCCCCCC)F)F)COc1ccc(cc1)N=Nc1ccc(cc1)C#N,tg,61.0,84.03741330306438,77.04460906982422,True
*N1C(=O)CC(CC1=O)CCC*,tg,90.23,113.33167025932886,,False
*c1[nH]c(nc1c1ccc(cc1)NC(=O)Nc1ccc(cc1)NC(=O)Nc1ccc(cc1)*)c1ccc(cc1)[N+](=O)[O-],tg,292.0,262.18084751224313,,False
*C1(c2c(C(=O)N1C)cccc2)c1ccc(cc1)Oc1ccc(cc1)C(=O)c1ccc(cc1)Oc1ccc(cc1)*,tg,245.0,238.14026321257197,,False
*C(C*)(C(=O)OCC1OC1)C,tg,62.81,98.74566498082062,,False
*c1cc2c(C(=O)N(C2=O)c2c(ccc(c2)C(c2cc(c(cc2)O)N2C(=O)c3c(C2=O)cc(cc3)C(*)(C(F)(F)F)C(F)(F)F)(C(F)(F)F)C(F)(F)F)O)cc1,tg,310.33,282.9132217240535,,False
*C(C*)n1c2c(c3c1cc1ccccc1c3)cccc2,tg,253.0,260.77556817060685,,False
*OC(C*)CSC(C)C,tg,-44.0,-51.86897926874909,,False
*Oc1ccc(cc1)C(=O)OCCCCCCOC(=O)c1ccc(cc1)*,tg,15.0,54.23824194154764,,False
*NC(=O)c1c(cccc1)c1c(cccc1)C(=O)NCCCCCC*,tg,122.5,135.16471404992117,,False
*c1cc2c(C(=O)N(C2=O)c2cc(cc(c2)OCCCC)N2C(=O)c3c(C2=O)cc(cc3)C(*)(C(F)(F)F)C(F)(F)F)cc1,tg,246.0,249.27812525900433,248.17523193359375,True
*N1C(=O)c2c(C1=O)cc(cc2)Oc1cc2c(C(=O)N(C2=O)c2ccc(cc2)Oc2ccc(cc2)*)cc1,tg,266.3,253.42382809323172,,False
*c1cc2c(C(=O)N(C2=O)c2ccc(cc2)C(=O)Nc2ccc(cc2)Oc2ccc(cc2)NC(=O)c2ccc(cc2)NC(=O)Nc2ccc(cc2)Cc2ccc(cc2)NC(=O)Nc2ccc(cc2)C(=O)Nc2ccc(cc2)Oc2ccc(cc2)NC(=O)c2ccc(cc2)N2C(=O)c3c(C2=O)cc(cc3)C(=O)*)cc1,tg,229.0,261.1938784208415,,False
*C(C*)C(=O)OCCSCCCC#N,tg,-58.0,-49.27937561412759,-49.38665771484375,True
*c1cc2c(C(=O)N(C2=O)c2ccc(cc2)C=Cc2ccc(cc2)N2C(=O)c3c(C2=O)cc(cc3)C(=O)*)cc1,tg,303.0,298.8815630321479,,False
*Oc1ccc(cc1)C1(c2ccccc2c2ccccc12)c1ccc(cc1)Oc1c(c(c(c(c1F)F)C(=O)c1c(c(c(c(c1F)F)*)F)F)F)F,tg,223.0,241.4940764029847,,False
*C(*)(F)F,tg,57.21,58.652096124686445,,False
*Oc1ccc(cc1)C(c1ccc(cc1)OC(=O)*)C1C2CCC(C1)C2,tg,207.0,217.4781716227903,212.3400421142578,True
*Oc1ccc(cc1)C(=O)c1cc(ccc1)C(=O)c1ccc(cc1)Oc1cc(ccc1)Cc1cc(ccc1)*,tg,114.0,123.99386935525224,,False
*OC(CC(=O)*)CCCCCC,tg,-47.0,-38.288971121397346,-30.0812931060791,True
*c1cc2c(C(=O)N(C2=O)c2ccc(cc2)Oc2cc3c(cc2)ccc(c3)Oc2ccc(cc2)N2C(=O)c3c(C2=O)cc(cc3)C(=O)Nc2cc(ccc2)Oc2ccc(cc2)NC(=O)*)cc1,tg,263.0,249.416517621361,,False
*c1cc2c(C(=O)N(C2=O)c2cc(ccc2)P(=O)(c2cc(ccc2)N2C(=O)c3c(C2=O)cc(cc3)C(=O)Nc2ccc(cc2)C(=O)c2ccc(cc2)NC(=O)*)c2ccccc2)cc1,tg,238.0,222.1490863746541,,False
*C1C(=O)N(C(=O)C1CC*)CCC,tg,90.4,103.62094378286992,,False
*Oc1ccc(cc1)C(=O)c1ccc(cc1)OC(=O)OC1C(C(C1(C)C)OC(=O)*)(C)C,tg,125.0,137.18783799582914,,False
*[Si](CCC*)(c1c2c(ccc1)cccc2)C1CCCCC1,tg,47.5,54.346259019769775,83.89276123046875,True
*N=P(*)(OCCC)OCCC,tg,-100.0,-85.80422121872401,,False
*C1COC2C1OCC2OC(=O)c1cc(ccc1)OCCCCCCCCOc1cc(ccc1)C(=O)O*,tg,31.75,41.94174656298372,46.09379196166992,True
*OC(=O)NCC(C(C(C(CNC(=O)OCCCCCC*)(F)F)(F)F)(F)F)(F)F,tg,5.0,24.360150840731592,,False
*OC(=O)c1ccc(cc1)c1ccc(cc1)C(=O)OCCCCCCCCCCCC*,tg,42.75,26.323651499132193,,False
*N1C(=O)c2c(C1=O)cc(cc2)C(=O)Oc1ccc(cc1)c1ccc(cc1)OC(=O)c1cc2c(C(=O)N(C2=O)CCCCCC*)cc1,tg,133.0,122.78531449864954,,False
*Nc1c(cc(cc1)NC(=O)c1ccc(cc1)NC(=O)CCCCCCCCC(=O)Nc1ccc(cc1)C(=O)*)C(=O)OCCCCCCCCCCCCCC,tg,225.0,245.0406935966174,241.3572235107422,True
*c1oc(nn1)c1ccc(cc1)NC(=O)CN1C(=O)c2c(C1=O)cc(cc2)C(c1cc2c(C(=O)N(C2=O)CC(=O)Nc2ccc(cc2)*)cc1)(C(F)(F)F)C(F)(F)F,tg,280.0,256.44786044308154,241.3061065673828,True
*C(C*)C(=O)OCCCCCCSCC#N,tg,-59.0,-65.33580850392225,-51.9205436706543,True
*C(C*)c1ccc(cc1)COCCO,tg,46.0,47.511781704478075,,False
*C1C2C(C(C(C1*)C2)C(=O)OCCCc1ccccc1)C(=O)OCCCc1ccccc1,tg,200.0,157.98519514963024,128.98382568359375,True
*Oc1ccc(cc1)C(c1ccc(cc1)Oc1c(c(c(c(c1F)F)C(=O)c1c(c(c(c(c1F)F)*)F)F)F)F)(C(F)(F)F)C(F)(F)F,tg,148.69,155.46892847387974,,False
*c1cc2c(C(=O)N(C2=O)c2cc(ccc2)C(=O)c2ccc(cc2)Cc2ccc(cc2)N2C(=O)c3c(C2=O)cc(cc3)C(=O)*)cc1,tg,290.0,261.1764942063416,277.6978759765625,True
*Oc1c(cc(c(c1)C(c1ccccc1)(C)C)OC(=O)c1ccc(cc1)C(=O)*)C(c1ccccc1)(C)C,tg,170.0,164.0684661973109,,False
*C(C*)CNc1c(cc(cc1)[N+](=O)[O-])[N+](=O)[O-],tg,160.0,151.8560630109619,173.63673400878906,True
*c1cc2c(C(=O)N(C2=O)c2ccc(cc2)Oc2ccc(cc2)C2(c3c(C(=O)N2)cccc3)c2ccc(cc2)Oc2ccc(cc2)N2C(=O)c3c(C2=O)cc(cc3)C(=O)Nc2cc(ccc2)NC(=O)*)cc1,tg,328.0,307.1445620477988,,False
*c1oc(nn1)c1ccc(cc1)Oc1ccc(cc1)NC(=O)c1cc(cc(c1)N1C(=O)c2c(C1=O)cccc2)C(=O)Nc1ccc(cc1)Oc1ccc(cc1)*,tg,285.0,274.7723600989342,,False
*Oc1ccc(cc1)P(=O)(c1ccc(cc1)Oc1ccc(cc1)C(c1ccc(cc1)*)(C)C)c1ccccc1,tg,182.0,202.1340658109001,218.22666931152344,True
*OP(=O)(OCCCCCCCCCCOc1ccc(cc1)C=Cc1ccc(cc1)OCCCCCCCCCC*)OCCCCCCCCCCOc1ccc(cc1)N=Nc1ccccc1,tg,55.0,46.45190776308726,58.02799606323242,True
*N(C(=O)c1cc(ccc1)C(=O)*)c1ccccc1,tg,148.0,185.88736309365265,171.5977783203125,True
*c1sc(cc1)C(=O)Oc1ccc(cc1)[Si](c1ccc(cc1)OC(=O)*)(c1ccccc1)c1ccccc1,tg,-78.0,84.36930986696755,,False
*Oc1ccc(cc1)CCC(=O)NCCCCCCNC(=O)C*,tg,72.0,73.35400662054461,59.760009765625,True
*C(C*)(C(=O)OCCN(c1ccc(cc1)C=Cc1ccc(cc1)[N+](=O)[O-])C)C,tg,107.0,103.37896743342648,111.3891830444336,True
*c1cc2c(C(=O)N(C2=O)c2cc(cc(c2)Cl)N2C(=O)c3c(C2=O)cc(c(c3)Cl)C(=O)*)cc1Cl,tg,311.0,321.1152771498111,321.888671875,True
*N1C(=O)c2c(C1=O)c(ccc2)c1cc2c(C(=O)N(C2=O)c2ccc(cc2)*)cc1,tg,407.6,353.9758193798337,387.2725524902344,True
*C(C*)(C(=O)OCC(C)C)C,tg,54.04,48.0956882012232,,False
*C(C*)c1cc(ccc1)B(O[Si](C)(C)C)O[Si](C)(C)C,tg,35.0,50.71447860572456,,False
*Oc1ccc(cc1)C1(c2ccccc2c2ccccc12)c1ccc(cc1)OC(=O)CCC(=O)*,tg,234.0,227.64998594426388,,False
*O[Si](*)(CCC)CCC,tg,-77.5,-63.5672889725134,,False
*C1C2C(C(C1)CC*)C1CCC2C1,tg,164.0,171.35189671798238,,False
*O[Si](O[Si](O[Si](O[Si](OC(CCC(*)C)C)(C)C)(C)C)(C)C)(C)C,tg,-96.0,-94.02717751003809,,False
*c1cc2c(C(=O)N(C2=O)c2ccc(cc2)C(=O)Nc2ccc(cc2)C(=O)OCCCCCCCCCOC(=O)*)cc1,tg,100.0,100.64337195264244,,False
*c1cc2c(C(=O)N(C2=O)c2ccc(cc2)Cc2ccc(cc2)NC(=O)*)cc1,tg,279.5,272.4267021972998,265.8880920410156,True
*O[Si](c1ccc(cc1)[Si](O[SiH](*)C)(C)C)(C)C,tg,-70.33,-9.974882439991392,,False
*OC(C*)CSCC,tg,-57.0,-52.2401759657099,,False
*Oc1c(cc(cc1OC)C=Cc1c(cc(c(c1)CCCCCC)C=Cc1cc(c(c(c1)OC)OCCCCCCCC*)OC)CCCCCC)OC,tg,21.0,24.390832258731916,76.79839324951172,True
*OC(=O)CCCCCCCCC(=O)OCC*,tg,-37.16,-41.99538082064988,-46.839046478271484,True
*OC(=O)C(NC(=O)C=CC(=O)NC(C(=O)OCCCCCC*)Cc1ccccc1)Cc1ccccc1,tg,92.0,81.73924661582564,79.08570098876953,True
*c1n(c(nn1)c1ccc(cc1)Oc1ccc(cc1)C(c1ccc(cc1)Oc1ccc(cc1)*)(C)C)c1ccccc1,tg,207.0,202.73483652634323,,False
*N1C(=O)c2c(C1=O)cc(cc2)Oc1cc2c(cc1Oc1cc3c(C(=O)N(C3=O)c3ccc(cc3)Oc3ccc(cc3)*)cc1)cccc2,tg,228.75,230.8189157406848,,False
*C(C*)c1c(c(c(c(c1F)F)F)F)F,tg,102.15,134.79735865705632,107.0322036743164,True
*O[Si](COC(=O)CCCCCCCCC(=O)Oc1ccc(cc1)S(=O)(=O)c1ccc(cc1)Oc1ccc(cc1)C=C1C(=O)C(=Cc2ccc(cc2)Oc2ccc(cc2)S(=O)(=O)c2ccc(cc2)OC(=O)CCCCCCCCC(=O)OC[Si](*)(C)C)CCC1)(C)C,tg,80.0,79.89253458017185,,False
*C(C*)(C(=O)OCCCCn1c2ccc(cc2c2ccccc12)N=Nc1c(cc(cc1)[N+](=O)[O-])[N+](=O)[O-])C,tg,132.0,116.14622123583138,,False
*Oc1ccc(cc1)N(c1cc2c(cc1)ccc(c2)N(c1ccc(cc1)*)c1ccc(cc1)OC)c1ccc(cc1)OC,tg,197.0,205.005651392232,197.46533203125,True
*Oc1ccc(cc1)C(=O)c1cc(ccc1)NC(=O)CCCCCCCCC(=O)Nc1cc(ccc1)C(=O)c1ccc(cc1)*,tg,141.0,146.3672233874872,,False
*C(C*)c1c(cccc1)C(=O)OCCN(C)C,tg,69.0,97.3226620018939,70.76799774169922,True
*N1C(=O)c2c(C1=O)cc(cc2)C(=O)Oc1c(cc(cc1)OC(=O)c1cc2c(C(=O)N(C2=O)CCOCCOCC*)cc1)c1ccccc1,tg,105.0,110.3810385266274,,False
*Nc1ccc(cc1)NC(=O)CCCCCCCC(=O)*,tg,130.0,127.80023126617334,,False
*O[Si](c1c2c(c(cc1)[Si](*)(C)C)cccc2)(C)C,tg,60.0,62.96665170516028,,False
*c1nc2c(c(c1)c1ccccc1)cc(cc2)c1ccc(cc1)*,tg,383.0,348.7658813690789,379.0437927246094,True
*Oc1c(cc(cc1C)C(=O)c1ccc(cc1)*)C,tg,200.0,175.60872067055152,,False
*Oc1c(cc(cc1)C1(C2C3C(C(C1)C2)C1CCC3C1)c1c(cc(cc1)OC(=O)*)C)C,tg,232.0,244.4579971262613,,False
*SC(CC*)C,tg,-59.0,-49.708463519311586,,False
*c1c(cc(c(c1)OC)C(=Cc1c(cc(c(c1)OC)C=C(*)C#N)OCCCCCCCC)C#N)OCCCCCCCC,tg,174.0,74.72196077162819,,False
*OC(=O)c1ccc(cc1)[Si](c1ccc(cc1)C(=O)OCCCC*)(C)C,tg,42.0,44.59296629532523,31.156484603881836,True
*N(c1ccc(cc1)C(=O)*)CCCC,tg,124.0,83.78382000579906,,False
*Oc1ccc(cc1)c1ccc(cc1)OCCCCCCOC(=O)Nc1c(ccc(c1)NC(=O)OCCCCCC*)C,tg,85.68,79.02067986274011,,False
*c1cc2c(C(=O)N(C2=O)c2c3c(ccc2)c(ccc3)Oc2ccc(cc2)N2C(=O)c3c(C2=O)cc(cc3)C(=O)Nc2ccc(cc2)c2nc(cc(c2)c2ccccc2)c2ccc(cc2)NC(=O)*)cc1,tg,295.0,292.583987038202,312.85430908203125,True
*N1C(=O)c2c(C1=O)cc(cc2)Oc1ccc(cc1)C1(CCCCC1)c1ccc(cc1)Oc1cc2c(C(=O)N(C2=O)c2ccc(cc2)N(c2ccc(cc2)*)c2ccc(cc2)C#N)cc1,tg,243.0,254.14698923072464,,False
*C(C(*)(Cl)[2H])([2H])[2H],tg,85.0,35.77641964658514,4.810305118560791,True
*C(C*)(C(=O)OCC1(COC1)CC)C,tg,72.5,80.64446639954626,74.47014617919922,True
*c1cc2c(C(=O)N(C2=O)c2cc(c(cc2)Oc2ccc(cc2)C(=O)c2cc(ccc2)N2C(=O)c3c(C2=O)cc(cc3)C(=O)*)C(F)(F)F)cc1,tg,242.0,252.7854862667458,,False
*N(C(=O)CCCCCCCCC(=O)N(CC*)C)C,tg,0.0,12.994221777960249,,False
*S(=O)(=O)c1ccc(cc1)Nc1c(c(c(c(c1F)F)c1c(c(c(c(c1F)F)Nc1ccc(cc1)*)F)F)F)F,tg,332.0,227.2439788873659,,False
*Oc1ccc(cc1)CC(NC(=O)Cc1ccc(cc1)OC(=O)COCC(=O)*)C(=O)OCCCCCCCC,tg,51.0,46.28503975165495,,False
*N1C(=O)c2c(C1=O)c(c(c(c2c1ccccc1)c1ccccc1)c1ccc(cc1)Oc1ccc(cc1)c1c(c2c(C(=O)N(C2=O)c2ccc(cc2)Oc2ccc(cc2)*)c(c1c1ccccc1)c1ccccc1)c1ccccc1)c1ccccc1,tg,360.0,335.949667302023,380.2278747558594,True
*C(C*)c1ccc(cc1)C[Si](C)(C)C,tg,82.0,63.46722921816157,,False
*N1C(=O)c2c(C1=O)cc(cc2)Oc1ccc(cc1)Oc1cc2c(C(=O)N(C2=O)c2c(cc(c(c2)C)Cc2c(cc(c(c2)C)*)C)C)cc1,tg,278.0,277.2258646319223,,False
*N1C(=O)c2c(C1=O)cc(cc2)NC(=O)OCCOc1c(cc(cc1Br)C(c1cc(c(c(c1)Br)OCCOC(=O)Nc1cc2c(C(=O)N(C2=O)c2cc(ccc2)P(=O)(c2cc(ccc2)*)c2ccccc2)cc1)Br)(C)C)Br,tg,201.0,190.38508603770455,,False
*C(C*)(C(=O)OCCCN(c1ccc(cc1)N=Nc1ccc(cc1)[N+](=O)[O-])CCO)C,tg,131.0,102.66715250217236,94.7079849243164,True
*c1[nH]c(nc1c1ccc(cc1)NC1C(=O)N(C(=O)C1)c1ccc(cc1)c1sc(c(c1c1ccccc1)c1ccccc1)c1ccc(cc1)N1C(=O)C(CC1=O)Nc1ccc(cc1)*)c1ccc(cc1)c1[nH]c(c(n1)c1ccc(cc1)[N+](=O)[O-])c1ccc(cc1)[N+](=O)[O-],tg,152.0,257.3532561769733,,False
*NC(C(=O)*)CCC(=O)OC,tg,0.0,21.1286943422919,,False
*c1cc2c(cc1OC(=O)COc1ccc3c(c1)oc(=O)cc3)oc(=O)c(c2)C(=O)Nc1ccc(cc1)Cc1ccc(cc1)NC(=O)c1c(=O)oc2c(cc(c(c2)OC(=O)COc2ccc3c(c2)oc(=O)cc3)C*)c1,tg,221.0,210.91096821095363,,False
*OC(CC(=O)*)(C)C(F)(F)F,tg,26.2,47.99052480419454,,False
*Oc1cc(ccc1)OC(=O)c1ccc(cc1)[Si](c1ccc(cc1)C(=O)*)(C)C,tg,134.0,158.31817035623382,,False
*O[Si](CCCN=C1c2c(ccc(c2C(=NCCC[Si](*)(C)C)c2ccccc12)O)O)(C)C,tg,7.5,53.76518608053633,53.7564582824707,True
*Oc1c(cc(cc1)Oc1ccc(cc1)NC(=O)c1ccc(cc1)Oc1c(cc(cc1)Oc1ccc(cc1)C(=O)Nc1ccc(cc1)*)c1ccccc1)c1ccccc1,tg,200.5,210.68752074541604,,False
*Oc1c(cc(cc1C)c1cc(c(c(c1)C)OC(=O)CCCCC(=O)*)C)C,tg,108.0,117.7059882084197,134.4193572998047,True
*c1cc2c(C(=O)N(C2=O)c2cc(ccc2)C(=O)c2ccc(cc2)N2C(=O)c3c(C2=O)cc(cc3)C(=O)*)cc1,tg,271.5,287.95267892590005,,False
*N1C(=O)c2c(C1=O)cc(cc2)Oc1ccc(cc1)C(c1ccc(cc1)Oc1cc2c(C(=O)N(C2=O)c2ccc(cc2)Oc2cc(ccc2)Oc2ccc(cc2)*)cc1)(C)C,tg,246.0,191.7763466800159,,False
*N1C(=O)c2c(C1=O)cc(cc2)C(c1cc2c(C(=O)N(C2=O)CC(=O)Nc2ccc(cc2)Oc2cc(ccc2)Oc2ccc(cc2)NC(=O)C*)cc1)(C(F)(F)F)C(F)(F)F,tg,221.0,226.8495967458065,,False
*C(C*)(C(=O)OCCCCl)C,tg,50.0,37.958691004111415,,False
*Sc1ccc(cc1)Nc1ccc(cc1)Nc1ccc(cc1)*,tg,114.0,139.2331411239536,,False
*C(C*)c1c(ccc(c1)C)C,tg,143.0,94.68826888719002,96.538330078125,True
*NC(=O)CCCCCCCCCCCC(=O)NCCCCCCCCCCCCC*,tg,56.5,43.48277910003015,,False
*c1c(c(nc2c1cccc2)c1ccc(cc1)c1nc2c(c(c1c1ccccc1)c1ccc(cc1)Oc1ccc(cc1)*)cccc2)c1ccccc1,tg,273.0,330.8054258118573,310.6539306640625,True
*C1C(=O)N(C(=O)C1*)c1cc(c(c(c1)Br)O[Si](C)(C)C)Br,tg,167.0,162.8058601750248,,False
*N1C(=O)c2c(C1=O)c(ccc2)Oc1cc2c(C(=O)N(C2=O)c2ccc(cc2)Oc2ccc(cc2)Oc2ccc(cc2)*)cc1,tg,249.0,238.864021415446,250.1960906982422,True
*N1C(=O)c2c(C1=O)c(ccc2)Oc1ccc(cc1)c1ccc(cc1)Oc1c2c(C(=O)N(C2=O)c2ccc(cc2)Oc2ccc(cc2)*)ccc1,tg,277.0,251.0195728663232,,False
*OC(=O)Nc1c(ccc(c1)NC(=O)OCCCCCOC(=O)c1c(cccc1)C(=O)O[Pb]OC(=O)c1c(cccc1)C(=O)OCCCCC*)C,tg,-11.3,1.1839291359574904,3.2697651386260986,True
*Oc1cc(cc(c1)CC)OC(=O)c1cc(ccc1)C(=O)*,tg,138.0,127.43833714945252,,False
*OC(C*)COC(C)C,tg,-67.0,-53.1067350198833,-64.84913635253906,True
*S(=O)(=O)c1ccc(cc1)NC(=O)CCCCCCCCC(=O)Nc1ccc(cc1)*,tg,97.0,165.2376770118075,,False
*C(=C(*)c1ccccc1)c1ccc(cc1)Oc1ccccc1,tg,200.0,172.78402981636654,202.8313446044922,True
*OC(=O)CCC(=O)OCCCCCCCCC*,tg,31.0,-49.88304583864167,-39.91226577758789,True
*C(C*)(C(=O)OCCCCCCCOc1cc2c(cc1)cc(cc2)C(=O)Oc1ccccc1)C,tg,40.0,37.42757195273313,,False
*O[Si](C#C[Si](C#C[Si](C#C[Si](C#C[Si](C#C[Si](C#C[Si](*)(C)C)(C)C)(C)C)(C)C)(C)C)(C)C)(C)C,tg,-12.6,28.348108834306363,,False
*N1C(=O)c2c(C1=O)cc(cc2)Oc1cc2c(C(=O)N(C2=O)c2ccc(cc2)Oc2ccc(cc2)Oc2ccc(cc2)*)cc1,tg,235.78,237.89909626240672,,False
*NC(C(=O)*)CCC(=O)Nc1ccc(cc1)N(c1ccccc1)c1ccccc1,tg,132.0,172.37235828402834,,False
*OC(=O)Nc1c(ccc(c1)NC(=O)OCC(C*)(CC)CC)C,tg,-60.0,60.748922341802114,94.6182861328125,True
*C(C*)(CC(=O)OCCCCl)C(=O)OCCCCl,tg,47.0,18.848625314889738,,False
*N1C(=O)c2c(C1=O)c(c(c(c2c1ccccc1)c1ccccc1)c1ccc(cc1)c1c(c2c(C(=O)N(C2=O)c2ccc(cc2)*)c(c1c1ccccc1)c1ccccc1)c1ccccc1)c1ccccc1,tg,418.5,315.78162595622626,,False
*N(CC*)C(=O)c1c(ccc(c1F)F)F,tg,124.0,104.8629272906265,,False
*Oc1ccc(cc1)C(=O)OCCCCCCCOC(=O)c1ccc(cc1)OC(=O)c1ccc(cc1)C(=O)*,tg,65.0,54.491669668714046,,False
*c1cc2c(C(=O)N(C2=O)c2cc(ccc2)C(=O)OCCOC(=O)*)cc1,tg,220.0,172.15079456011486,,False
*c1n(cnc1C(=O)NCCCCCCNC(=O)*)C,tg,86.0,136.6071798213118,,False
*N1C(=O)c2c(C1=O)cc(cc2)Oc1cc2c(cc1Oc1cc3c(C(=O)N(C3=O)c3cc(ccc3)*)cc1)cccc2,tg,228.75,232.83484476610556,,False
*C(C*)OC(=O)c1ccc(cc1)OCC,tg,70.0,61.016599531119006,,False
*C(C*)(C(=O)OCC1OC(C(C1O)O)n1c(=O)[nH]c(=O)cc1)C,tg,151.0,176.92312921489247,140.7299346923828,True
*Oc1c(cc(cc1)C(c1cc(c(cc1)OC(=O)c1cc(ccc1)C(=O)*)C)(C)C)C,tg,162.0,157.98406625671635,,False
*c1[nH]c(nc1c1ccc(cc1)Oc1ccc(cc1)C(=O)c1ccc(cc1)c1ccc(cc1)C(=O)c1ccc(cc1)Oc1ccc(cc1)*)c1ccccc1,tg,258.0,243.039616123647,250.3543701171875,True
*C(C*)(c1ccc(cc1)C#N)C,tg,238.75,173.1127324436156,,False
*Oc1ccc(cc1)NC(=O)c1ccc(cc1)C(=O)Nc1ccc(cc1)Oc1ccc(cc1)C1(C2CC3CC(CC1C3)C2)c1ccc(cc1)*,tg,264.0,273.40535351261514,,False
*OC(=O)NCCCCCCNC(=O)OCC(C(C(C(C*)(F)F)(F)F)(F)F)(F)F,tg,-2.0,14.37779639679654,15.686535835266113,True
*C1C(=O)N(C(=O)C1C(C*)c1ccccc1)c1ccc(cc1)Oc1ccccc1,tg,194.0,204.39358524178715,,False
*c1nc(nc(c1c1ccc(cc1)OC)OCCOC(=O)c1cc(ccc1)C(=O)OCCO*)c1ccc(cc1)OCCCC,tg,92.0,79.0019681626646,87.15462493896484,True
*C1C2C(C(C(C1*)C2)COCCCc1ccccc1)COCCCc1ccccc1,tg,134.0,130.2133872476185,80.86359405517578,True
*Oc1ccc(cc1)S(=O)(=O)c1ccc(cc1)Oc1ccc(cc1)P(=O)(c1ccc(cc1)*)c1ccccc1,tg,231.0,224.1663032087829,,False
*N1C(=O)c2c(C1=O)cc(cc2)C(=O)c1cc2c(C(=O)N(C2=O)CCCCCCOC(=O)OCCCCCCOC(=O)OCCCCCC*)cc1,tg,55.0,58.08753071730008,40.632049560546875,True
*N=P(*)(Oc1ccccc1)Oc1ccccc1,tg,-4.9,-10.656166610274385,5.22613525390625,True
*C(C(*)C(=O)OC12CC3(CC(CC(C1)C3)(C2)C)C)C,tg,194.5,158.1849823881751,,False
*Oc1ccc(cc1)C=NN=Cc1ccc(cc1)Oc1ccc(cc1)C(=O)c1ccc(cc1)*,tg,179.0,173.6148714215062,,False
*N1C(=O)c2c(C1=O)cc(cc2)S(=O)(=O)c1cc2c(C(=O)N(C2=O)c2ccc(cc2)Oc2c(cc(c(c2)C(C)(C)C)Oc2ccc(cc2)*)C(C)(C)C)cc1,tg,263.0,278.42419397900477,,False
*Oc1ccc(cc1)C(c1ccc(cc1)OCC(C*)OC(=O)c1c(cccc1)Cl)(C)C,tg,66.0,83.69139645057345,87.0291748046875,True
*C(C*)c1ccc(cc1)C(O)(C)C,tg,165.0,152.6412610505345,160.08871459960938,True
*c1c2c(c(s1)c1sc(c(c1)CCCCCC)c1cc3n(c4c(c3cc1)ccc(c4)c1sc(cc1CCCCCC)*)CCCCCCCCCCCC)nc(c(n2)CC)CC,tg,89.0,96.99084763680467,62.8898811340332,True
*c1cc2c(oc(n2)c2ccc(cc2)c2oc3c(n2)cc(cc3)C(*)(c2ccccc2)C(F)(F)F)cc1,tg,369.0,304.7940688949638,,False
*O[Si](*)(CCC)c1ccccc1,tg,40.6,-21.553487186227127,-11.82685375213623,True
*C=CC(C(*)C(=O)OCC)C(=O)OCC,tg,6.0,68.03182161513364,-4.26947021484375,True
*c1ccc(cc1)C(=C(*)c1ccc(cc1)Oc1ccccc1)c1ccc(cc1)Oc1ccccc1,tg,163.0,181.45814576887776,198.9706573486328,True
*c1cc2c(C(=O)N(C2=O)c2ccc(cc2)Oc2ccc(cc2)N2C(=O)c3c(C2=O)cc(cc3)C(=O)N2C(=O)N(C(=O)C2(C)C)C(=O)*)cc1,tg,156.0,276.6871899415872,265.6448059082031,True
*C(C*)(C(=O)OC1CCCCCCCCC1)C,tg,58.0,68.42881418820578,74.66497802734375,True
*C(C*)(C(=O)OCC1OC(OC1)CP(=O)(OCC)OCC)C,tg,-38.0,49.4932762260031,,False
*c1[nH]nc(c1)c1ccc(cc1)Oc1ccc(cc1)C(=O)c1ccc(cc1)C(=O)c1ccc(cc1)Oc1ccc(cc1)*,tg,235.0,214.94513986046832,,False
*C1C2C(C(=O)N(C2=O)CCCCCCCCCCCC)C(C1)C=C*,tg,50.0,48.885386880295016,36.78549575805664,True
*OCCSSSSCC*,tg,-40.0,-55.068155834086646,,False
*O[Si](*)(CCCOc1ccc(cc1)N=Nc1ccc(cc1)S(=O)(=O)O)C,tg,9.2,50.080559402096384,,False
*C(*)(Cl)F,tg,77.0,31.44520424666585,,False
*N1C(=O)C(CC1=O)CC*,tg,121.0,99.87241627737296,,False
*N1C(=O)c2c(C1=O)cc(cc2)Oc1ccc(cc1)*,tg,282.29,247.3557863921112,244.094970703125,True
*C(C*)(C(=O)C)F,tg,142.0,71.62547212841768,120.22478485107422,True
*S(=O)(=O)NCCCNS(=O)(=O)c1cc(ccc1)*,tg,92.0,92.17114711210472,,False
*Oc1ccc(cc1)S(=O)(=O)c1ccc(cc1)Oc1ccc(cc1)C1(CCCC1)c1ccc(cc1)*,tg,230.0,215.06784800185912,,False
*Oc1ccc(cc1)CC(NC(=O)CCc1ccc(cc1)OC(=O)CCCCCCC(=O)*)C(=O)OC(CC)C,tg,46.0,41.15038157001836,,False
*N1C(=O)c2c(C1=O)c(ccc2)Oc1ccc(cc1)Sc1ccc(cc1)Oc1c2c(C(=O)N(C2=O)c2cc(ccc2)*)ccc1,tg,231.0,235.03009866169316,233.4976043701172,True
*c1sc(cc1CC(=O)OCCN(c1ccc(cc1)N=Nc1ccc(cc1)[N+](=O)[O-])CC)*,tg,102.0,98.89601158529857,127.06583404541016,True
*c1cc2c(C(=O)N(C2=O)c2cc(ccc2)P(=O)(c2cc(ccc2)N2C(=O)c3c(C2=O)cc(cc3)C(*)(C(F)(F)F)C(F)(F)F)c2cc(cc(c2)C(F)(F)F)C(F)(F)F)cc1,tg,247.0,264.22582114781716,245.7207794189453,True
*C(C*)N1C(=S)CCC1,tg,80.0,97.21898138651808,,False
*C(C*)OCCOc1ccc(cc1)C=C(C#N)C#N,tg,38.0,52.529204467781945,,False
*Oc1ccc(cc1)C1(c2ccccc2c2ccccc12)c1ccc(cc1)Oc1ccc(cc1)C(=O)c1ccc(cc1)Oc1ccc(cc1)C(=O)c1ccc(cc1)*,tg,231.0,212.025926960028,227.14573669433594,True
*N(CC*)C(=O)CC(C)C,tg,30.0,43.54966551601373,47.824771881103516,True
*C(C*)(C(=O)OCC1COCCOCCOCCOCCOC1)C,tg,25.0,39.7221028341033,38.78218078613281,True
*NC(=O)CCC(c1ccc(cc1)C(CCC(=O)NCCCCCC*)(C)C)(C)C,tg,92.0,86.32930306680065,83.0780029296875,True
*OC(=O)Nc1c(ccc(c1)NC(=O)OCCCCCOC(=O)c1c(cccc1)C(=O)O[Cd]OC(=O)c1c(cccc1)C(=O)OCCCCC*)C,tg,2.3,16.430178665949082,,False
*OC(=O)CCCCCC(=O)OCCOCCOCC*,tg,-54.0,-58.928820946337034,,False
*c1cc2c(C(=O)N(C2=O)c2ccc(cc2)Oc2ccc(cc2)C2(c3c(C(=O)N2)cccc3)c2ccc(cc2)Oc2ccc(cc2)N2C(=O)c3c(C2=O)cc(cc3)C(=O)Nc2ccc(cc2)Oc2ccc(cc2)NC(=O)*)cc1,tg,325.0,308.1006922479649,,False
*Oc1ccc(cc1)C(c1ccc(cc1)OC(=O)*)C(Cl)(Cl)Cl,tg,230.0,156.81821163477028,180.1981658935547,True
*c1ncc(cc1)c1ccc(cc1)Oc1ccc(cc1)P(=O)(c1ccc(cc1)Oc1ccc(cc1)*)c1ccccc1,tg,257.0,225.1133982823294,,False
*c1c([nH]c(n1)c1ccc(cc1)c1[nH]c(c(n1)c1ccc(cc1)Oc1ccc(cc1)S(=O)(=O)c1ccc(cc1)Oc1ccc(cc1)*)c1ccccc1)c1ccccc1,tg,301.0,269.8950327508541,303.0014953613281,True
*O[Si](c1c2c(ccc1)c(ccc2)[Si](*)(C)C)(C)C,tg,62.0,52.423976330444056,,False
*C(C*)(C(=O)OCCCCCc1ccc(cc1)N=Nc1ccc(cc1)OC(F)(F)F)C,tg,202.5,142.25507633690472,,False
*c1cc2c(C(=O)N(C2=O)c2cc(ccc2)P(=O)(c2cc(ccc2)N2C(=O)c3c(C2=O)cc(cc3)C(=O)Nc2ccc(cc2)c2ccc(cc2)NC(=O)*)c2ccccc2)cc1,tg,253.0,221.59592872094456,,False
*Oc1ccc(cc1)C=C1C(=O)C(=Cc2ccc(cc2)OCCCCCCCC*)CCC1,tg,90.0,56.07013630515348,91.97386932373047,True
*NC(=O)CCCCC(=O)NCCCCCCCCCC*,tg,45.0,47.0944120910034,,False
*N(c1ccc(cc1)C(=O)*)CCCCCCC,tg,45.9,55.84456897415644,,False
*N(Cc1c(c(cc(c1)C12CC3CC(CC(C1)C3)C2)C*)O)c1ccccc1,tg,109.4,205.4129219917618,,False
*OC(=O)c1ccc(cc1)c1ccc(cc1)c1ccc(cc1)C(=O)OCC(C*)(CC)CC,tg,-20.0,73.24250985225041,119.95172119140625,True
*N1C(=O)c2c(C1=O)cc(cc2)S(=O)(=O)c1cc2c(C(=O)N(C2=O)c2ccc(cc2)Oc2c3c(ccc2)c(ccc3)Oc2ccc(cc2)*)cc1,tg,306.0,280.0509163917932,,False
*OC(C(C(C(*)(F)F)(F)F)(F)F)(F)F,tg,-60.0,-66.10116548778116,,False
*OC(=O)c1c2c(c(cc1)C(=O)OCC*)cccc2,tg,64.0,107.11151313777872,92.32821655273438,True
*NC(=O)CCCCC(=O)NCc1cc(ccc1)C*,tg,81.05,110.27907198894418,,False
*N1C(=O)c2c(C1=O)c(c(c(c2c1ccccc1)c1ccccc1)c1ccc(cc1)c1c(c2c(C(=O)N(C2=O)c2cc(ccc2)Oc2cc(ccc2)Oc2cc(ccc2)*)c(c1c1ccccc1)c1ccccc1)c1ccccc1)c1ccccc1,tg,280.0,338.79443836559904,334.8022766113281,True
*N1C(=O)c2c(C1=O)c(ccc2)c1cc2c(C(=O)N(C2=O)c2cc(ccc2)C(=O)Nc2ccc(cc2)Oc2ccc(cc2)Oc2ccc(cc2)Oc2ccc(cc2)NC(=O)c2cc(ccc2)*)cc1,tg,260.0,259.2727726107432,,False
*OC(=O)c1cc(ccc1)C(=O)OCCCC*,tg,19.1,24.37412522499135,,False
*N1C(=O)c2c(C1=O)cc(cc2)NC(=O)OCCOc1ccc(cc1)P(=O)(c1ccc(cc1)OCCOC(=O)Nc1cc2c(C(=O)N(C2=O)c2cc(ccc2)P(=O)(c2cc(ccc2)*)c2ccccc2)cc1)c1ccccc1,tg,218.0,206.784886865306,,False
*c1cc2c(C(=O)N(C2=O)c2ccc(cc2)S(=O)(=O)c2ccc(cc2)N2C(=O)c3c(C2=O)cc(cc3)C(=O)Nc2ccc(cc2)c2ccc(cc2)NC(=O)*)cc1,tg,370.0,282.86017914526036,,False
*N=P(*)(Oc1cc(ccc1)Cl)Oc1cc(ccc1)Cl,tg,-24.0,-8.50504431571302,,False
*N1C(=O)c2c(C1=O)cc(cc2)Oc1ccc(cc1)C(c1ccc(cc1)Oc1cc2c(C(=O)N(C2=O)c2ccc(cc2)Oc2ccc(cc2)*)cc1)(C(F)(F)F)C(F)(F)F,tg,257.0,234.07836267257403,,False
*OC(=O)CCCCC(=O)OCC(C*)(C)C,tg,-50.0,-44.159560667309215,-43.397151947021484,True
*OCC(C*)(COCCOCCOCCOC)C,tg,-18.0,-62.70432759445631,,False
*Oc1ccc(cc1)SSc1ccc(cc1)*,tg,74.9,132.5744285961613,,False
*C(C*)c1c(ccc(c1)Br)OCCCCC,tg,49.0,25.19135949380863,,False
*c1c2C(=O)N(C(=O)c2c(c2ccccc12)c1ccc(cc1)Oc1ccc(cc1)C(=O)c1ccc(cc1)Oc1ccc(cc1)*)C,tg,283.0,271.46685759968,283.9093933105469,True
*c1c(cc(c(c1)c1ccc(cc1)N(c1ccc(cc1)OC)c1ccc(cc1)OC)C=C*)OCC(CCCC)CC,tg,163.0,123.3925285171747,127.55374908447266,True
*Oc1ccc(cc1)C(c1ccc(cc1)OC(=O)*)C1C2CCC(C1C)C2,tg,218.67,219.43411200876048,,False
*N1C(=O)c2c(C1=O)cc(cc2)Oc1ccc(cc1)Sc1ccc(cc1)Oc1cc2c(C(=O)N(C2=O)c2ccc(cc2)Oc2ccc(cc2)c2ccc(cc2)Oc2ccc(cc2)*)cc1,tg,195.5,211.7202424182128,216.9882049560547,True
*C(C*)P(=O)(OCC)N(C)C,tg,32.0,20.978034653270964,-19.800024032592773,True
*c1nc(nc(c1c1ccc(cc1)OC)OCCOC(=O)c1c(ccc(c1)N=Nc1ccc(cc1)OCC)c1c(cc(cc1)N=Nc1ccc(cc1)OCC)C(=O)OCCO*)c1ccc(cc1)OCCCC,tg,126.0,108.01313913909604,,False
*Oc1ccc(cc1)C(c1ccc(cc1)OC(=O)c1ccc(cc1)Oc1ccc(cc1)C(=O)*)(C(F)(F)F)C(F)(F)F,tg,181.0,190.90020131559928,,False
*Oc1ccc(cc1)C1(c2ccccc2c2ccccc12)c1ccc(cc1)OC(=O)C12CC3(CC(CC(C1)C3)C2)C(=O)*,tg,335.0,257.68904254530054,301.1600341796875,True
*C(C*)c1ccc(cc1)[Si](O[Si](C)(C)C)(O[Si](C)(C)C)O[Si](C)(C)C,tg,114.0,33.59943799324922,71.33069610595703,True
*Oc1ccc(cc1)C1(CCC(CC1)C(c1ccc(cc1)Oc1ccc(cc1)C(=O)c1ccc(cc1)*)(C)C)C,tg,200.0,191.07275226674597,,False
*c1oc(nc1c1ccc(cc1)OCOc1ccc(cc1)*)c1ccc(cc1)[N+](=O)[O-],tg,194.0,195.76013437950712,,False
*SSCCCCC*,tg,-72.0,-70.97748194742424,,False
*O[Si](*)(C)C,tg,-116.0,-77.528667908965,,False
*OC(=O)CCCCCCCCC(=O)OC/C=C/C*,tg,-40.0,-43.49545354725361,,False
*NC(=O)Cc1ccc(cc1)CC(=O)NCCCCCCCCCCCCCCCCCC*,tg,78.0,87.1488512882667,,False
*Oc1ccc(cc1)C1(c2ccccc2c2ccccc12)c1ccc(cc1)Oc1c(cc(cc1)c1ccc(cc1)c1cc(c(cc1)*)C(F)(F)F)C(F)(F)F,tg,237.0,249.49236402763867,251.0213623046875,True
*c1ccc(cc1)c1c(cc(c(c1c1ccccc1)c1ccccc1)c1cc(ccc1)c1c(c(c(c(c1)c1ccccc1)c1ccc(cc1)CCCCCC*)c1ccccc1)c1ccccc1)c1ccccc1,tg,215.0,188.93228169754735,207.7960968017578,True
*Oc1ccc(cc1)NC(=O)CCCCCCCC(=O)Nc1ccc(cc1)*,tg,160.0,145.82297222237125,,False
*NC(=O)CCCCCCC(=O)NCCCCCC*,tg,52.67,48.97712498866975,,False
*C1C(=O)N(C(=O)C1*)c1c(cccc1)C(=O)OCC,tg,230.0,215.1729063330406,239.2104949951172,True
*Oc1ccc(cc1)OC(=O)c1c(cc(cc1)C(=O)*)Oc1ccccc1,tg,105.0,101.58392020173778,113.32889556884766,True
*c1nc2c(nc1c1ccc(cc1)OC(=O)c1ccc(cc1)C(=O)Oc1ccc(cc1)*)cccc2,tg,232.0,259.9126898203162,,False
*C(C*)c1ccc(cc1)C(C)C,tg,62.4,86.60206893020529,78.14192962646484,True
*OC(C(OC(=O)Nc1ccc(cc1)Cc1ccc(cc1)NC(=O)*)c1occc1)c1occc1,tg,74.0,103.6976654744476,,False
*Oc1c(cc(cc1OC)/C=C/c1ccc(cc1)/C=C/c1cc(c(c(c1)OC)OCCCCCCCC*)OC)OC,tg,80.9,71.93501896915488,,False
*c1sc(cc1)Oc1ccc(cc1)C(c1ccc(cc1)Oc1ccc(cc1)C(=O)*)(C)C,tg,151.0,146.84433548517111,,False
*Oc1ccc(cc1)S(=O)(=O)c1ccc(cc1)c1ccc(cc1)c1ccc(cc1)S(=O)(=O)c1ccc(cc1)Oc1ccc(cc1)c1ccc(cc1)*,tg,264.0,273.3435781814539,,False
*c1sc(cc1SCCCCCCCCCCCC)*,tg,33.0,16.817619872694824,21.684425354003906,True
*c1ccc(cc1)C(C(*)(C(=O)O)C#N)(C(=O)O)C#N,tg,108.0,177.87735162667903,132.7613983154297,True
*C(C*)c1ccc(cc1)C(=O)OC(C)C,tg,95.0,93.51113683473254,,False
*C1C(=O)N(C(=O)C1C(C*)CCCCCCCCCCCCCCCC)CCCCNC(=O)C(C(C(C(C(C(C(F)(F)F)(F)F)(F)F)(F)F)(F)F)(F)F)(F)F,tg,63.0,86.54833097153829,69.69928741455078,True
*c1cc2c(C(=O)N(C2=O)c2cc(c(cc2)Oc2c(cc(cc2)N2C(=O)c3c(C2=O)cc(cc3)C(=O)*)c2cc(c(c(c2)F)F)F)c2cc(c(c(c2)F)F)F)cc1,tg,342.0,286.4087210141586,,False
*Oc1ccc(cc1)OC(=O)c1c(cc(cc1)C(=O)*)Oc1ccc(cc1)Br,tg,112.5,111.746051076298,125.32354736328125,True
*Sc1ccc(cc1)*,tg,93.49,114.31087415579027,105.4076156616211,True
*c1c2c(c(nn1)c1ccc(cc1)Oc1ccc(cc1)C(=O)c1ccc(cc1)Oc1ccc(cc1)*)c(c(c(c2c1ccccc1)c1cc2c(cc1)cccc2)c1cc2c(cc1)cccc2)c1ccccc1,tg,305.67,286.30045419231004,,False
*C1(c2c(C(=O)O1)cccc2)c1ccc(cc1)Oc1ccc(cc1)S(=O)(=O)c1ccc(cc1)Oc1ccc(cc1)*,tg,247.14,246.49817561475783,,False
*C1COC2C1OCC2OC(=O)C1CCC(CC1)C(=O)O*,tg,121.86,144.93035912552924,,False
*C(C*)(C(=O)OCc1cc(cc(c1)Cl)Cl)C,tg,29.95,53.52243229556033,,False
*Oc1ccc(cc1)S(=O)(=O)c1ccc(cc1)Oc1c(cc(cc1)C(c1cc(c(cc1)*)C(OC)(C(F)(F)F)C(F)(F)F)(C)C)C(OC)(C(F)(F)F)C(F)(F)F,tg,163.0,167.16164147119372,163.17466735839844,True
*N1C(=O)c2c(C1=O)cc(cc2)Oc1cc2c(C(=O)N(C2=O)c2cc(ccc2)C(C(C(c2cc(ccc2)*)(F)F)(F)F)(F)F)cc1,tg,183.0,208.4632252436178,,False
*c1oc(nn1)c1ncc(cc1)c1oc(nn1)c1ccc(cc1)[Si](c1ccc(cc1)*)(c1ccccc1)c1ccccc1,tg,256.0,255.74191718919076,,False
*c1cc2c(C(=O)N(C2=O)c2cc(cc(c2)c2sc3c(n2)cccc3)N2C(=O)c3c(C2=O)cc(cc3)C(=O)Nc2ccc(cc2)S(=O)(=O)c2ccc(cc2)NC(=O)*)cc1,tg,357.0,298.93679429838124,,False
*Nc1cc(ccc1)NC(=O)CCCCC(=O)Nc1cc(ccc1)NC(=S)NC(=O)CCCCCCCCC(=O)NC(=S)*,tg,232.0,185.8723277768329,,False
*Oc1ccc(cc1)Oc1ccc(cc1)OCC(COc1ccc(cc1)C(c1ccc(cc1)OCC(C*)O)(C)C)O,tg,85.0,104.87494142643524,,False
*N(CC*)C(=O)c1cc(c(c(c1)F)F)F,tg,65.0,125.32645357246498,,False
*OCCC(=O)NCc1c(cc(c(c1)C)CNC(=O)CC*)C,tg,80.0,120.09713492378894,85.60250091552734,True
*N1C(=O)c2c(C1=O)cc(cc2)C(=O)c1cc2c(C(=O)N(C2=O)CCCCCCCCCCCC*)cc1,tg,87.5,87.40048480984763,,False
*c1cc2c(C(=O)N(C2=O)c2cc(cc(c2)OCCCCCCCCCCCCCCCC)N2C(=O)c3c(C2=O)cc(cc3)C(*)(C(F)(F)F)C(F)(F)F)cc1,tg,161.0,174.9161774522479,172.783203125,True
*S(=O)(=O)CC=CC*,tg,86.0,41.0421646825169,,False
*c1ccc2N(c3c(Sc2c1)cc(cc3)c1sc(cc1)c1sc(cc1)*)CCCCCCCCCC,tg,142.0,134.11811024843118,,False
*C(=C*)c1c(cccc1)C(F)(F)F,tg,130.0,144.3937117322083,,False
*Oc1cc(ccc1)NC(=O)c1ccc(cc1)C(=O)Nc1cc(ccc1)OCCCCCCCC*,tg,122.0,122.182330794106,,False
*Oc1ccc(cc1)C1(c2cc(ccc2c2ccc(cc12)[N+](=O)[O-])N(C)C)c1ccc(cc1)OC(=O)*,tg,278.0,248.71485479788075,261.6352233886719,True
*C1C(=O)N(C(=O)C1*)c1ccc(cc1)O[Si](c1ccccc1)(c1ccccc1)c1ccccc1,tg,183.0,180.1377031264744,175.90521240234375,True
*c1sc(cc1CCOC(=O)C(Br)C)*,tg,49.0,40.4774620629611,69.46686553955078,True
*N1C(=O)c2c(C1=O)cc(cc2)Oc1cc2c(C(=O)N(C2=O)c2cc(ccc2)S(=O)(=O)c2cc(ccc2)*)cc1,tg,249.92,244.20997550050387,,False
*C(*)C(=O)OC(C)C,tg,70.0,66.3137965524721,,False
*NC(=O)CCCC(=O)NCC(CCC*)(C)C,tg,82.0,71.06374690857737,,False
*O[Si](O[Si](O[Si](O[Si](c1cc(ccc1)[Si](*)(c1ccccc1)C)(c1ccccc1)C)(C)C)(C)C)(C)C,tg,-42.0,-18.965139240930405,-33.356075286865234,True
*c1cc2C3(CCC(CC3)(C3=NC(CO3)c3ccccc3)C3=NC(CO3)c3ccccc3)c3c(c2cc1)ccc(c3)c1cc2C(c3c(c2cc1)ccc(c3)*)(CCCCCC)CCCCCC,tg,161.0,138.31865692832704,161.86839294433594,True
*c1cc2c(C(=O)N(C2=O)c2c(cc(cc2)c2cc(c(cc2)N2C(=O)c3c(C2=O)cc(cc3)C(=O)Nc2ccc(cc2)C2(c3ccccc3c3ccccc23)c2ccc(cc2)NC(=O)*)OC)OC)cc1,tg,181.0,287.8866136911929,343.0950927734375,True
*C(C*)(CC(=O)OCCCCCCCCC)C(=O)OCCCCCCCCC,tg,-13.0,-17.828470974279615,-19.81856346130371,True
*C(C*)OC(=O)c1ccc(cc1)C,tg,66.75,73.4566629178583,,False
*C(C*)(C(=O)OC12CC3(CC(CC(C1)C3)(C2)C)C)C,tg,193.0,152.91640485938987,,False
*N(C(=O)CCC(=O)N(CCCCCC*)C)C,tg,7.5,16.912726836976557,7.967987060546875,True
*NC(=O)c1cc(cc(c1)NC(=O)c1ccc(cc1)NC(=O)C(CC(C)C)N1C(=O)c2c(C1=O)cccc2)C(=O)NCCCCCC*,tg,200.0,176.20797669641112,159.36358642578125,True
*NNC(=O)c1c(cccc1)C(=O)Nc1cc(ccc1)C=C1C(=O)C(=Cc2cc(ccc2)NC(=O)c2c(cccc2)C(=O)*)CCC1,tg,195.0,194.2128038339913,129.83567810058594,True
*Oc1c(cc(cc1)C1(CCCCC1)c1cc(c(cc1)OC(=O)*)Cl)Cl,tg,179.0,173.31619442970043,160.68861389160156,True
*OP(=O)(OCCCCCCCCCCOc1c(cc(cc1)C=C1C(=O)C(=Cc2cc(c(cc2)OCCCCCCCCCC*)OC)CC1)OC)OC,tg,48.0,61.22798964699115,,False
*O[Si](c1cc2cc3c(cc2cc1)cc(cc3)[Si](*)(C)C)(C)C,tg,118.0,66.43638202316725,,False
*c1cc2c(C(=O)N(C2=O)c2cc(ccc2)Nc2nc(nc(n2)Nc2cc(ccc2)N2C(=O)c3c(C2=O)cc(cc3)C(=O)*)N(C)C)cc1,tg,294.0,275.2004265807534,,False
*Sc1ccc(cc1)C(=O)c1ccc(cc1)C(c1ccc(cc1)C(=O)c1ccc(cc1)*)(C(F)(F)F)C(F)(F)F,tg,175.0,170.88905320001095,176.23817443847656,True
*Oc1ccc(cc1)Sc1ccc(cc1)OC1(C(C(C1(F)F)(F)F)(*)F)F,tg,78.0,129.70916999698036,,False
*c1nc2cc3c(cc2c(c1)c1ccccc1)nc(cc3c1ccccc1)c1ccc(cc1)c1ccc(cc1)*,tg,383.0,377.543628585701,396.8302307128906,True
*c1cc2c(C(=O)N(C2=O)c2c(cccc2)c2ccc(cc2)N2C(=O)c3c(C2=O)cc(cc3)C(=O)*)cc1,tg,305.0,323.932944333942,,False
*C(C(C(C*)OC)(C(=O)OC)C)(C(=O)OC)C,tg,134.0,114.23151331821948,,False
*c1cc2c(C(=O)N(C2=O)c2ccc(cc2)Oc2ccc(cc2)C(c2cc(ccc2)C(c2ccc(cc2)Oc2ccc(cc2)NC(=O)*)(C)C)(C)C)cc1,tg,177.0,216.90473615630165,178.42333984375,True
*OC(=O)c1cc(ccc1)C(C(C(C(C(c1cc(ccc1)C(=O)OCC(C(C(C*)(F)F)(F)F)(F)F)(F)F)(F)F)(F)F)(F)F)(F)F,tg,19.83,15.639391796649344,10.110198974609375,True
*Oc1ccc(cc1)CC(NC(=O)CCc1ccc(cc1)OC(=O)CCCCCCC(=O)*)C(=O)OCCCCCCCCCCCC,tg,15.0,16.849855793302865,,False
*Oc1cc(ccc1)C(C(C(c1cc(ccc1)OC(=O)*)(F)F)(F)F)(F)F,tg,46.0,88.9694701934992,,False
*C(C*)C(=O)OCCCCCCOc1ccc(cc1)c1ccc(cc1)C#N,tg,42.0,28.340102916629643,,False
*c1nc2c(nc1c1ccccc1)cc(cc2)c1cc2c(nc(c(n2)c2ccccc2)c2ccc(cc2)c2ccc(cc2)*)cc1,tg,404.0,347.56992067959794,,False
*Oc1ccc(cc1)C(c1ccc(cc1)Oc1ccc(cc1)C(=O)c1ccc(cc1)C(c1ccc(cc1)C(=O)c1ccc(cc1)*)(C)C)(C)C,tg,171.0,169.40227392715087,,False
*OC(=O)OCCCCCC*,tg,-54.25,-37.67159731498743,,False
*OC(C*)CN1C(=O)C2C(C1=O)C1C=CC2C1,tg,87.5,86.86078338631539,,False
*C1(C(C(C(C1(F)F)(F)F)(C(*)(F)F)F)(F)F)F,tg,117.0,140.97545662681216,77.51041412353516,True
*c1nc2cc3c(cc2nc1)nc(cn3)c1ccc(cc1)Oc1ccc(cc1)*,tg,353.0,357.9226326485528,339.6802673339844,True
*Oc1cc2c(cc1)ccc(c2)Oc1ccc(cc1)C(=O)Nc1ccc(cc1)C(c1ccc(cc1)C(c1ccc(cc1)NC(=O)c1ccc(cc1)*)(C)C)(C)C,tg,155.0,194.1389751040448,,False
*OP(=O)(Oc1c(c(c(c(c1Cl)Cl)*)Cl)Cl)Oc1c(cc(cc1Cl)Cl)Cl,tg,127.0,144.9522213913464,,False
*Oc1ccc(cc1)P(=O)(c1ccc(cc1)*)C,tg,238.0,195.47647693408135,,False
*C(C*)(CC(=O)Oc1ccc(cc1)OCC)C(=O)Oc1ccc(cc1)OCC,tg,110.5,96.4493183394584,103.69671630859375,True
*N1C(=O)c2c(C1=O)cc(cc2)Oc1ccc(cc1)c1ccc(cc1)Oc1cc2c(C(=O)N(C2=O)c2ccc(cc2)Oc2ccc(cc2)*)cc1,tg,229.0,239.8906113234744,,False
*c1cc2c(C(=O)N(C2=O)c2ccc(cc2)Cc2ccc(cc2)N2C(=O)c3c(C2=O)cc(cc3)C(=O)Oc2c(cc(cc2)OC(=O)*)C(C)(C)C)cc1,tg,160.0,211.8966659430052,,False
*c1ccc2n(c3c(c2c1)cc(cc3)C=C(C(=O)OCCCCCCCCCCOC(=O)C(=C*)C#N)C#N)CCCCCCC,tg,59.0,68.6829412731481,,False
*Oc1ccc(cc1)C(=O)OCCOC(=O)c1ccc(cc1)*,tg,74.0,96.00663398944364,,False
*c1n(nc(c1)c1ccc(cc1)Oc1ccc(cc1)C(=O)c1ccc(cc1)Oc1ccc(cc1)C(=O)c1ccc(cc1)Oc1ccc(cc1)*)c1ccccc1,tg,190.0,209.97448946135512,,False
*OC(OC(=O)c1ccc(cc1)C(=O)OC(OCC1CCC(CC1)C*)C)C,tg,61.0,45.11470742864856,44.204864501953125,True
*c1ccc2c3n(c4ccc(cc4n3)c3cc4n5c(nc4cc3)c3cccc4c(ccc(c5=O)c34)Oc3cc(ccc3)O*)c(=O)c3cccc1c23,tg,396.5,392.19469753291537,,False
*[Si](C/C=C\C*)(CCCOc1ccccc1)C,tg,-30.0,-23.94046596858347,-24.69732093811035,True
*Oc1ccc(cc1)C(c1cc(c(cc1)OC(=O)*)Cl)(C)C,tg,146.0,146.65907713570553,,False
*N1C(=O)c2c(C1=O)cc(cc2)Oc1ccc(cc1)C(c1ccc(cc1)Oc1cc2c(C(=O)N(C2=O)c2cc(ccc2)P(=O)(c2cc(ccc2)*)c2ccccc2)cc1)(C)C,tg,213.0,232.2690959118181,228.56581115722656,True
*Oc1c2c(ccc1)ccc(c2)Oc1ccc(cc1)NC(=O)c1ccc(cc1)Oc1ccc(cc1)C(c1ccc(cc1)Oc1ccc(cc1)C(=O)Nc1ccc(cc1)*)(c1ccccc1)C,tg,175.5,189.3742377587665,,False
*Oc1c2c(ccc1)ccc(c2)Oc1ccc(cc1)NC(=O)c1ccc(cc1)Oc1ccc(cc1)C(c1cc(ccc1)C(c1ccc(cc1)Oc1ccc(cc1)C(=O)Nc1ccc(cc1)*)(C)C)(C)C,tg,175.5,163.93929217633945,170.10125732421875,True
*N1C(=O)c2c(C1=O)cc(cc2)Oc1ccc(cc1)C(c1ccc(cc1)Oc1cc2c(C(=O)N(C2=O)c2ccc(cc2)Oc2ccc(cc2)*)cc1)(C)C,tg,217.25,230.62990321446193,,False
*N1C(=O)c2c(C1=O)cc(cc2)Oc1cc2c(C(=O)N(C2=O)c2ccc(cc2)S(=O)(=O)c2ccc(cc2)*)cc1,tg,262.0,274.1560563569498,299.4363708496094,True
*c1cc2c(C(=O)N(C2=O)C2CCC(CC2)CC2CCC(CC2)N2C(=O)c3c(C2=O)cc(cc3)C(*)(C(F)(F)F)C(F)(F)F)cc1,tg,265.0,255.8953158979247,,False
*N1C(=O)C2OC3C(C2C1=O)C(=O)N(C3=O)c1ccc(cc1)c1c(nc2c(n1)cc(cc2)C(=O)c1cc2c(nc(c(n2)c2ccc(cc2)*)c2ccccc2)cc1)c1ccccc1,tg,255.0,313.7968166162602,,False
*NC(=O)CCCCCCCCC(=O)NCCCCCC*,tg,43.11,46.40392193497385,,False
*C(C*)(C(=O)OCC(=O)c1ccccc1)C,tg,92.5,73.31316446318094,,False
*Oc1ccc(cc1)C1(CCCCC1)c1ccc(cc1)OC(=O)OC1C(C(C1(C)C)OC(=O)*)(C)C,tg,136.0,153.41193545033883,157.00328063964844,True
*Nc1cc(cc(c1)C(=O)Nc1c2C(=O)c3c(C(=O)c2ccc1)cccc3)NC(=O)Nc1ccc(cc1)NC(=O)*,tg,190.0,195.8599640155195,189.4475860595703,True
*c1cc2n(c3c(c2cc1)ccc(c3)c1c2cc(ccc2c(c2cc(ccc12)C=Cc1ccc(cc1)N(CCCCCC)CCCCCC)*)C=Cc1ccc(cc1)N(CCCCCC)CCCCCC)CCCCCCCC,tg,152.0,117.27991667488652,,False
*Oc1ccc(cc1)C(c1ccc(cc1)OCC(C*)O)(CC)C,tg,95.0,86.82554506392842,98.71978759765625,True
*O[Si](c1cc(ccc1)*)(c1ccccc1)c1ccccc1,tg,58.5,58.09489820059449,,False
*Oc1ccc(cc1)C(=O)c1ccc(cc1)OCCCCCCOC(=O)OCCCCCCOC(=O)OCCCCCC*,tg,-0.3,-6.29832787000585,-0.1742757111787796,True
*c1nc2c(nc1c1ccccc1)cc(cc2)Oc1cc2c(nc(c(n2)c2ccccc2)c2ccc(cc2)OCCN(CCOc2ccc(cc2)*)c2ccc(cc2)C=Cc2ccc(cc2)[N+](=O)[O-])cc1,tg,201.0,187.90153394653063,,False
*OC(=O)CCCCCCCCC(=O)OCCCC*,tg,-64.4,-45.06486746273842,,False
*Nc1cc(cc(c1)c1c(=O)oc2c(cccc2)n1)NC(=O)c1ccc(cc1)C(=O)*,tg,103.0,217.3650445448972,,False
*NC(=O)C(C(C(=O)NCCCCCCCCCCCC*)OC)OC,tg,84.0,82.1727736286838,,False
*c1c2C(=O)N(C(=O)c2c(c2ccccc12)c1ccc(cc1)Oc1ccc(cc1)C(=O)c1cc(ccc1)C(=O)c1ccc(cc1)Oc1ccc(cc1)*)CCCCCCCCCCCC,tg,140.0,142.04199659370278,173.9019317626953,True
*c1c(cc(cc1)CC*)Br,tg,80.0,87.42655998535605,,False
*Oc1ccc(cc1)NC(=O)c1cc(cc(c1)NC(=O)c1ccc(cc1)OC(=O)C)C(=O)Nc1ccc(cc1)*,tg,273.0,264.78706246294934,,False
*NC(C(=O)*)CCC(=O)OCC,tg,-27.33,4.993906964277978,-16.9118595123291,True
*C(C*)(CC(=O)Oc1ccc(cc1)OC)C(=O)Oc1ccc(cc1)OC,tg,119.5,105.9052452238551,,False
*N1C(=O)c2c(C1=O)cc(cc2)Sc1cc2c(C(=O)N(C2=O)c2c(cc(cc2)Cc2cc(c(cc2)*)C(C)(C)C)C(C)(C)C)cc1,tg,300.5,243.1003082861306,314.1770935058594,True
*C(C*)CNc1ncc(cc1)[N+](=O)[O-],tg,151.0,116.0938723495983,,False
*c1c(nc2c(n1)cc(cc2)Oc1cc2c(nc(c(n2)c2ccc(cc2)N2C(=O)c3c(C2=O)cc(cc3)C(=O)c2cc3c(C(=O)N(C3=O)c3ccc(cc3)*)cc2)c2ccccc2)cc1)c1ccccc1,tg,254.0,270.2228975216005,,False
*Oc1ccc(cc1)CC(NC(=O)CCc1ccc(cc1)OC(=O)CCCCC(=O)*)C(=O)OCCCCCCCC,tg,26.2,24.624130390920755,32.149635314941406,True
*Oc1c2c(c(cc1)C=Cc1ccc(cc1)OCCCCCC*)cccc2,tg,78.0,95.07995868228647,,False
*c1cc2C(c3c(c2cc1)ccc(c3)c1cc2C(c3c(c2cc1)ccc(c3)*)(c1ccc(cc1)c1oc(nn1)c1ccc(cc1)C(C)(C)C)c1ccc(cc1)c1oc(nn1)c1ccc(cc1)C(C)(C)C)(CCCCCCCC)CCCCCCCC,tg,213.0,159.3667076157926,208.01719665527344,True
*C(=C(C(C(*)([2H])[2H])([2H])[2H])[2H])C([2H])([2H])[2H],tg,-58.0,80.36625289019831,,False
*c1cc(nc2c1cccc2)c1cc(ccc1)c1nc2c(c(c1)c1ccc(cc1)Oc1ccc(cc1)*)cccc2,tg,268.0,302.72039912613843,,False
*c1cc2c(C(=O)N(C2=O)c2c(cc(cc2C(C)C)C(c2cc(c(c(c2)C(C)C)N2C(=O)c3c(C2=O)cc(cc3)C(*)(C(F)(F)F)C(F)(F)F)C(C)C)(c2ccccc2)C(F)(F)F)C(C)C)cc1,tg,274.0,281.3400768418062,,False
*OC(C*)CSCCC,tg,-61.0,-60.43146204102791,,False
*N1C(=O)c2c(C1=O)cc(cc2)C(=O)Oc1ccc(cc1)C(c1ccc(cc1)OC(=O)c1cc2c(C(=O)N(C2=O)CCOCCOCC*)cc1)(C)C,tg,118.0,97.07096500189508,102.08779907226562,True
*Oc1ccc(cc1)CCc1ccc(cc1)OCCCCCCOC(=O)NC1CCC(CC1)CC1CCC(CC1)NC(=O)OCCCCCC*,tg,40.3,57.496336503742725,,False
*C(C(*)(C(=O)OC([2H])([2H])[2H])C([2H])([2H])[2H])([2H])[2H],tg,115.0,73.55720426936561,,False
*C1C2C(C(=O)N(C2=O)CCCCC)C(C1)C=C*,tg,89.29,104.40547435866236,,False
*c1cc2c(C(=O)N(C2=O)c2ccc(cc2)Oc2ccc(cc2)C(=O)c2ccc(cc2)Oc2ccc(cc2)N2C(=O)c3c(C2=O)cc(cc3)C(=O)*)cc1,tg,252.0,257.19699284268694,,False
*c1oc(nn1)c1ccc(cc1)C1(c2c(C(=O)O1)cccc2)c1ccc(cc1)*,tg,370.0,293.2992272518084,,False
*NC(=O)c1ccc(cc1)CC(=O)NCCCCCC*,tg,104.0,97.93274023410036,,False
*OP(=O)(N=Nc1ccc(cc1)CCOC(=O)c1cc(cc(c1)C(C)(C)C)C(=O)OCCc1ccc(cc1)N=NP(=O)(OCC*)OC)OC,tg,84.0,61.620264227727965,85.35747528076172,True
*OC(=O)c1ccc(cc1)c1ccc(cc1)C(=O)OCCOCC*,tg,53.5,48.03141067422454,45.84633255004883,True
*N1C(=O)c2c(C1=O)cc(cc2)Oc1ccc(cc1)c1ccc(cc1)Oc1cc2c(C(=O)N(C2=O)c2ccc(cc2)Oc2ccc(cc2)Oc2ccc(cc2)*)cc1,tg,212.0,217.48350987827587,232.4668426513672,True
*OC(C*)CSCCCC,tg,-65.0,-69.72875961017519,,False
*C(C*)(C(=O)OC1C(CCCC1)C)C,tg,85.0,101.55197187847484,105.63619995117188,True
*c1cc2c(C(=O)N(C2=O)c2ccc(cc2)OC(COc2ccc(cc2)N2C(=O)c3c(C2=O)cc(cc3)C(*)(C(F)(F)F)C(F)(F)F)C)cc1,tg,234.0,243.17896346172725,,False
*OC(=O)OCCCC*,tg,-28.75,-18.9227403254884,,False
*N1C(=O)c2c(C1=O)cc(cc2)Oc1cc2c(C(=O)N(C2=O)c2ccc(cc2)Sc2sc(cc2)Sc2ccc(cc2)*)cc1,tg,218.0,240.70623286374007,,False
*C(C*)CNc1cc(c(cc1)[N+](=O)[O-])C(F)(F)F,tg,153.0,121.16156055630114,,False
*C(C*)(C(=O)OCCCCCCCCCCCC)C,tg,-44.99,-40.362776953495576,,False
*c1nc(nc(n1)Oc1ccc(cc1)C(=O)Nc1ccc(cc1)S(=O)(=O)c1ccc(cc1)NC(=O)c1ccc(cc1)O*)Sc1ccccc1,tg,310.0,262.0310237510597,,False
*N1C(=O)c2c(C1=O)cc(cc2)c1cc2c(C(=O)N(C2=O)c2ccc(cc2)Oc2c(cc(cc2C)C(c2cc(c(c(c2)C)Oc2ccc(cc2)*)C)c2c3c(ccc2)cccc3)C)cc1,tg,289.5,283.1899823301383,298.6656188964844,True
*C1COC2C1OCC2Oc1ccc(cc1)CNC(=O)c1ccc(cc1)C(=O)NCc1ccc(cc1)O*,tg,122.0,139.88855845830707,,False
*C(=O)CC*,tg,10.0,28.673012980568412,24.128767013549805,True
*C(C*)(C(=O)OCCCCCCCCCCOc1ccc(cc1)N=Nc1ccc(cc1)C#N)C,tg,51.0,46.43374511704491,43.53868103027344,True
*Oc1c(cc(cc1C)S(=O)(=O)c1cc(c(c(c1)C)OCC(COc1ccc(cc1)S(=O)(=O)c1ccc(cc1)OCC(C*)O)O)C)C,tg,145.0,134.89169108454004,149.6409149169922,True
*c1nc2c(cc1)cccc2OC(=O)c1ccc(cc1)C(=O)Oc1ccc(cc1)C=C*,tg,112.0,190.967078128891,,False
*c1ccc2ccc3c(c2n1)nc(cc3)c1ccc(cc1)c1c(cc(c(c1)CCCCCC)c1ccc(cc1)*)CCCCCC,tg,190.0,144.08738945600814,,False
*C1COC2C1OCC2OC(=O)c1cc(ccc1)OCCCCCCOc1cc(ccc1)C(=O)O*,tg,42.25,54.51090565021767,,False
*C(C*)(C(=O)OCCCCCCCCCOc1cc2c(cc1)cc(cc2)C(=O)Oc1ccccc1)C,tg,18.0,38.45727926759425,46.38881301879883,True
*NC(=O)CCCCC(=O)NCCCP(CCC*)c1ccccc1,tg,49.0,83.7576417209339,,False
*c1ccc2n(c3c(c2c1)cc(cc3)c1ccc(cc1)[Si](c1ccc(cc1)*)(c1ccccc1)c1ccccc1)CCCCCC#N,tg,165.0,156.78155006090785,,False
*C(C*)c1ncccc1,tg,105.0,102.80344388813393,117.16033935546875,True
*SCCCCC(=O)NCc1ccc(cc1)CNC(=O)CCCC*,tg,70.0,77.56351030908257,66.37248992919922,True
*OC(COC(=O)c1c(c(c(c(c1F)F)c1c(c(c(c(c1F)F)C(=O)*)F)F)F)F)COc1ccc(cc1)N=Nc1ccc(cc1)C#N,tg,112.0,134.53769518133925,,False
*c1cc2c(C(=O)N(C2=O)c2ccc(cc2)OC(COc2ccc(cc2)N2C(=O)c3c(C2=O)cc(cc3)C(*)(C(F)(F)F)C(F)(F)F)CCCCCC)cc1,tg,182.0,174.4501485979006,190.04229736328125,True
*C(C*)(C(=O)OCCCOc1cc2c(cc1)cc(cc2)C(=O)Oc1ccccc1)C,tg,84.0,73.55820910790973,,False
*NC(=O)CCCCCC(=O)NCCCCCC*,tg,54.0,53.88739691227452,,False
*Oc1ccc(cc1)NC(=C(C#N)C#N)c1ccc(cc1)C(=C(C#N)C#N)Nc1ccc(cc1)*,tg,274.0,238.19120165979663,,False
*c1ccc(cc1)c1c(cc(c(c1c1ccccc1)c1ccccc1)c1cc(ccc1)c1c(c(c(c(c1)c1ccccc1)c1ccc(cc1)CCCCCCCCCCCCCC*)c1ccccc1)c1ccccc1)c1ccccc1,tg,160.0,185.12644935263984,,False
*c1oc(nn1)c1c2c(c(cc1)Oc1ccc(cc1)C=Cc1ccc(cc1)Oc1c3c(c(cc1)*)cccc3)cccc2,tg,238.0,249.8948317146151,,False
*OC(COC(=O)C1=C(C2C=CC1C2)C(=O)OCC(OC(=O)c1ccc(cc1)C(=O)*)COC(=O)C1=C(C2C=CC1C2)c1ccccc1)COC(=O)C1=C(C2C=CC1C2)c1ccccc1,tg,74.0,98.40176894362146,,False
*C(C*)(C(=O)OCCCCn1c2ccccc2c2ccccc12)C,tg,84.2,94.18447740034156,,False
*OS(=O)(=O)c1cc(ccc1)C(=O)c1cc(ccc1)S(=O)(=O)Oc1ccc(cc1)C(c1ccc(cc1)*)(C)C,tg,122.0,157.51494309870955,,False
*NC(=O)c1cc(cc(c1)C(C)(C)C)C(=O)NCC1CC(CCC1)C*,tg,200.0,216.3397699483237,227.72357177734375,True
*Oc1c(cc(c(c1)C)C(c1c(cc(c(c1)C(C)C)Oc1ccc(cc1)C(=O)c1ccc(cc1)*)C)c1c(cccc1)C(=O)O)C(C)C,tg,228.0,212.7285872127737,,False
*Oc1ccc(cc1)C(c1ccc(cc1)OC(=O)c1ccc(cc1)C(c1ccc(cc1)C(=O)*)(C(F)(F)F)C(F)(F)F)(C)C,tg,124.0,178.28236438735348,209.73667907714844,True
*Oc1c(cc(cc1)C(c1cc(c(cc1)OC(=O)*)Cl)(C)C)Cl,tg,145.67,155.49004696103893,145.8617401123047,True
*c1[nH]c(nc1c1ccc(cc1)Oc1ccc(cc1)C(=O)c1ccc(cc1)C(=O)c1ccc(cc1)C(=O)c1ccc(cc1)Oc1ccc(cc1)*)c1ccccc1,tg,239.0,244.62822959242973,230.1525115966797,True
*Nc1ccc(cc1)NC(=O)c1c(cc(c(c1)C(=O)*)C(=O)O)C(=O)O,tg,283.4,227.70647065355192,205.07330322265625,True
*C1C(=O)N(C(=O)C1C(C*)c1ccccc1)c1ccc(cc1)C(C)(C)C,tg,237.0,221.0300200691494,227.9388427734375,True
*N1C(=O)c2c(C1=O)cc(cc2)S(=O)(=O)c1cc2c(C(=O)N(C2=O)CCCCCCOC(=O)CCCCCCCCCCCCCCCCCCC(=O)OCCCCCC*)cc1,tg,19.0,71.12255440276094,,False
*Oc1c(cc(c(c1)OCCOC)OC(=O)c1c(cc(cc1)C(=O)*)c1ccccc1)OCCOC,tg,92.0,119.28014033570734,,False
*N1C(=O)c2c(C1=O)cc(cc2)c1cc2c(C(=O)N(C2=O)c2cc(cc(c2)C(=O)NCCCC)*)cc1,tg,291.0,291.390989691777,296.83612060546875,True
*NC(=O)CCCCCCCCCCCCCCCCC(=O)NCCCCCCCCCCCC*,tg,47.0,44.48074785465972,52.37982177734375,True
*Oc1ccc(cc1)OC(=O)c1ccc(cc1)C(c1ccc(cc1)C(=O)*)(C)C,tg,195.0,181.22222123299832,,False
*c1cc2c(C(=O)N(C2=O)c2c(cc(c(c2)Cl)N2C(=O)c3c(C2=O)cc(c(c3)Cl)C(=O)*)Cl)cc1Cl,tg,367.0,352.33489682925216,,False
*C(C*)(C(=O)OCC1OCCC1)C,tg,105.0,81.31818657591154,71.76534271240234,True
*c1nc(ccc1)N1C(=O)N(C(=O)C1=O)CCCCCCN1C(=O)N(C(=O)C1=O)*,tg,169.67,152.4352068977763,,False
*NC1CC(CC(C1)(CNC(=O)c1cc(cc(c1)NC(=O)C(C(CC)C)N1C(=O)c2c(C1=O)cccc2)C(=O)*)C)(C)C,tg,128.0,170.75819093378686,,False
*OC(=O)CCCCCCC(=O)OCCOCC*,tg,-66.0,-55.17362302594902,,False
*Oc1c(cc(cc1)C(c1cc(c(cc1)OC(=O)c1ccc(cc1)C(=O)*)C(CC)C)(C)C)C(CC)C,tg,90.0,134.1618118389062,148.67015075683594,True
*c1nc(nc(n1)OCCCCO*)OC,tg,-8.0,41.462547615727374,,False
*C(C*)(C(=O)OCCCCCOc1cc2c(cc1)cc(cc2)C(=O)Oc1ccccc1)C,tg,48.0,56.6184390085464,,False
*c1cc2c(C(=O)N(C2=O)c2c(cc(cc2)c2cc(c(cc2)N2C(=O)c3c(C2=O)cc(cc3)C(*)(C(F)(F)F)C(F)(F)F)OCCCCCCOc2ccc(cc2)/C=C/c2ccc(cc2)F)OCCCCCCOc2ccc(cc2)/C=C/c2ccc(cc2)F)cc1,tg,140.0,147.01206663709002,139.8277130126953,True
*N1C(=O)c2c(C1=O)cc(cc2)Oc1cc2c(C(=O)N(C2=O)c2c(ccc(c2)C(c2cc(c(cc2)OCCN(c2ccc(cc2)C=CC2=CC(=C(C#N)C#N)CC(C2)(C)C)C)*)(C(F)(F)F)C(F)(F)F)OCCN(c2ccc(cc2)C=CC2=CC(=C(C#N)C#N)CC(C2)(C)C)C)cc1,tg,215.0,215.17209685349147,,False
*NC(=O)CCCCC(=O)NCC(CCC*)(C)C,tg,77.0,61.14904010682368,63.17071533203125,True
*Oc1ccc(cc1)S(=O)(=O)c1ccc(cc1)Oc1ccc(cc1)C12CC3(CC(CC(C1)C3)C2)c1ccc(cc1)*,tg,242.0,245.0083072396841,,False
*C(C*)(C(=O)OCCN(c1ccc(cc1)[N+](=O)[O-])CC)C,tg,98.0,83.44532137059115,,False
*N1C(=O)c2c(C1=O)cc(cc2)Oc1cc2c(C(=O)N(C2=O)CCCCCCCC*)cc1,tg,145.0,115.1071320777666,,False
*OC(=O)c1ccc(cc1)N=Cc1ccc(cc1)C=Nc1ccc(cc1)C(=O)OCCCCOCCCCOCCCC*,tg,-13.2,36.33892716900664,,False
*c1ccc2n(c3c(c2c1)cc(cc3)C=C(C(=O)OCCCCCCOC(=O)C(=C*)C#N)C#N)CCCCCCC,tg,87.0,84.54097019451004,,False
*Oc1ccc(cc1)Cc1ccc(cc1)OC(=O)c1cc(cc(c1)OCCCCC)C(=O)*,tg,110.0,116.35421804304634,117.03533172607422,True
*C1C(=O)OC(=O)C1C(C*)c1ccccc1,tg,177.0,181.32859534947315,179.1820831298828,True
*c1c(nc2c(n1)cc(cc2)Oc1ccc(cc1)NC(=O)c1cc(cc(c1)N1C(=O)c2c(C1=O)cccc2)C(=O)Nc1ccc(cc1)Oc1cc2c(nc(c(n2)c2ccc(cc2)*)c2ccccc2)cc1)c1ccccc1,tg,302.0,300.3820116141916,,False
*Oc1ccc(cc1)C1(CC2C(CC1)CCCC2)c1ccc(cc1)OC(=O)c1cc(ccc1)C(=O)*,tg,248.0,244.33199527084483,,False
*N1C(=O)c2c(C1=O)cc(cc2)Oc1ccc(cc1)C1(CCCCCCCCCCC1)c1ccc(cc1)Oc1cc2c(C(=O)N(C2=O)c2ccc(cc2)Oc2cc(c(cc2)c2c(cc(cc2)Oc2ccc(cc2)*)C)C)cc1,tg,257.0,232.92316139119728,242.0358123779297,True
*NC1CCC(CC1)CCC1CCC(CC1)NC(=O)CCCCCCCCC(=O)*,tg,116.0,111.96899454957097,,False
*C(C*)c1c(cccc1)COC,tg,89.0,82.78454058024727,108.4866943359375,True
*Nc1ccc(cc1)Cc1ccc(cc1)NC(=O)NCCCCCCNC(=O)*,tg,78.0,100.87666545323216,,False
*OC(COC(=O)c1cc(ccc1)C(=O)*)COc1ccc(cc1)N=Nc1ccc(cc1)C#N,tg,119.0,107.9123489645312,,False
*C(C*)(C(=O)OCCN(c1ccc(cc1)N=Nc1ccc(cc1)S(=O)(=O)Nc1noc(c1)C)C)C,tg,114.0,117.18456680345412,,False
*OC(=O)c1cc(cc(c1)OCCN(c1ccc(cc1)S(=O)(=O)CCCCCCCC)C)C(=O)OCCN(CC*)c1ccc(cc1)S(=O)(=O)C(C(C(C(C(C(C(C(F)(F)F)(F)F)(F)F)(F)F)(F)F)(F)F)(F)F)(F)F,tg,80.0,84.52960295050133,,False
*c1cnc(s1)n1c(=O)c2cc3c(cc2c1=O)c(=O)n(c3=O)c1ccc(cc1)Oc1ccc(cc1)*,tg,328.8,306.4900181946478,,False
*C(C*)F,tg,16.63,41.6407033759837,-2.5644352436065674,True
*c1cc2c(C(=O)N(C2=O)c2cc(c(cc2)Oc2c(cc(cc2)N2C(=O)c3c(C2=O)cc(cc3)C(=O)Nc2c(ccc(c2)C(F)(F)F)Oc2c3c(ccc2)c(ccc3)Oc2c(cc(cc2)C(F)(F)F)NC(=O)*)c2ccccc2)c2ccccc2)cc1,tg,376.0,303.6395735158695,284.87615966796875,True
*Oc1ccc(cc1)NC(=O)c1cc(ccc1)C(=O)Nc1ccc(cc1)Oc1ccc(cc1)C(c1cc(ccc1)C(c1ccc(cc1)*)(C)C)(C)C,tg,180.0,186.8020854894188,,False
*N(CC*)C(=O)CCCCCCCCCCCCCCCCC,tg,10.0,-6.785451785041215,,False
*OCCC*,tg,-72.46,-69.92612629025454,-79.98954772949219,True
*c1cc2c(C(=O)N(C2=O)c2cc(cc(c2)C(F)(F)F)N2C(=O)c3c(C2=O)cc(cc3)C(=O)*)cc1,tg,276.75,310.9265466807917,295.5435485839844,True
*Oc1c(cccc1)C(=O)OC(=O)c1c(cccc1)OC(=O)CCCC(=O)*,tg,50.0,73.03284226661334,52.16010665893555,True
*C(C*)C(=O)OCc1ccccc1,tg,9.25,24.50844091393373,10.840827941894531,True
*OC(=O)CCCCC(=O)OCCCCC*,tg,-70.33,-50.506203621584326,,False
*c1cc2c(C(=O)N(C2=O)c2ccc(cc2)S(=O)(=O)c2ccc(cc2)N2C(=O)c3c(C2=O)cc(cc3)C(=O)Nc2ccc(cc2)S(=O)(=O)c2ccc(cc2)NC(=O)*)cc1,tg,307.0,264.4607594196246,,False
*c1cc2c(C(=O)N(C2=O)c2c(ccc(c2)N2C(=O)c3c(C2=O)cc(cc3)C(=O)Nc2ccc(cc2)Cc2ccc(cc2)NC(=O)*)N=Nc2ccc(cc2)C)cc1,tg,268.0,261.4171890509981,,False
*c1ccc2c(c1)c(=O)oc(n2)c1cc(cc(c1)N1C(=O)c2c(C1=O)cccc2)c1oc(=O)c2c(ccc(c2)C*)n1,tg,322.0,297.9650588071814,,False
*C1COC2C1OCC2OC(=O)OCCCCCCOC(=O)O*,tg,25.67,31.616395592415312,34.54391098022461,True
*Oc1ccc(cc1)C(=O)c1cc(ccc1)*,tg,145.0,141.03726957741642,,False
*Oc1ccc(cc1)c1ccc(cc1)Oc1c(cc(cc1)c1ccc(cc1)c1cc(c(cc1)*)C(F)(F)F)C(F)(F)F,tg,203.5,184.5325627609359,,False
*c1cc2c(cc1OC(=O)COc1ccc3c(c1)oc(=O)cc3)oc(=O)c(c2)C(=O)Nc1ccc(cc1)S(=O)(=O)c1ccc(cc1)NC(=O)c1c(=O)oc2c(cc(c(c2)OC(=O)COc2ccc3c(c2)oc(=O)cc3)C*)c1,tg,233.0,236.4938781642181,,False
*C(C*)(C(=O)OCCOc1ccc(cc1)N=Nc1ccc(cc1)C#N)C,tg,109.0,92.03571757318048,107.8227310180664,True
*c1cc2c(C(=O)N(C2=O)c2ccc(cc2)Oc2cc(ccc2)Oc2ccc(cc2)N2C(=O)c3c(C2=O)cc(cc3)C(=O)Nc2ccc(cc2)Oc2ccc(cc2)C2(c3c(C(=O)N2)cccc3)c2ccc(cc2)Oc2ccc(cc2)NC(=O)*)cc1,tg,267.0,278.61155815680667,,False
*N1C(=O)c2c(C1=O)c(ccc2)c1cc2c(C(=O)N(C2=O)c2cc(ccc2)Oc2ccc(cc2)*)cc1,tg,286.0,284.92953092995515,,False
*C(C*)(C(=O)OCCCCCCOc1ccc(cc1)OC(=O)c1ccc(cc1)c1ccc(cc1)OC)C,tg,57.0,58.18237359477939,,False
*O[Si](O[Si](O[Si](*)(c1c(c(c(c(c1F)F)Cl)F)F)C)(C)C)(C)C,tg,-75.0,-48.73534514785039,-77.9643325805664,True
*N1C(=O)c2c(C1=O)cc(cc2)c1cc2c(C(=O)N(C2=O)c2cc(c(c(c2)C(=O)OCCCCCCCCCCCCCCCCCC)c2c(cc(cc2Br)*)C(=O)OCCCCCCCCCCCCCCCCCC)Br)cc1,tg,83.5,99.60728381545384,,False
*C1(COC1)COc1ccc(cc1)C(c1ccc(cc1)OC*)(C(F)(F)F)C(F)(F)F,tg,134.0,103.62223489967782,120.98663330078125,True
*Oc1c(cc(cc1)C(=O)c1ccc(cc1)C(=O)c1cc(c(cc1)*)C(C)C)C,tg,149.0,162.84592883444614,,False
*C(C*)c1c(cccc1)C(=O)OC(C)C,tg,146.0,108.9967827783999,,False
*Oc1ccc(cc1)C(c1ccc(cc1)Oc1ccc(cc1)C(=O)c1c(cccc1)c1c(cccc1)C(=O)c1ccc(cc1)*)(C)C,tg,172.0,180.18349483445436,174.2015380859375,True
*c1cc2c(C(=O)N(C2=O)c2cc(ccc2)C=CC(=O)Nc2cc(ccc2)NC(=O)*)cc1,tg,245.0,247.45929468478928,,False
*C(C*)(C(=O)OCCCCCCCCCCOc1ccc(cc1)N=Nc1ccc(cc1)OC)C,tg,62.0,59.35726107221221,64.15425872802734,True
*C(C*)c1c(ccc(c1)C(=O)Oc1ccc(cc1)OCC)C(=O)Oc1ccc(cc1)OCC,tg,112.0,116.85175232464915,,False
*Oc1ccc(cc1)C(c1ccc(cc1)C(c1ccc(cc1)Oc1ccc(cc1)C(=O)Nc1cc(ccc1)NC(=O)c1ccc(cc1)*)(C)C)(C)C,tg,173.0,170.48422034535471,179.7134246826172,True
*N1C(=O)C(CC1=O)Nc1ccc(cc1)Cc1ccc(cc1)NC1C(=O)N(C(=O)C1)c1ccc(cc1)C(=O)Oc1c(cc(cc1C)C(c1cc(c(c(c1)C)OC(=O)c1ccc(cc1)*)C)c1cnccc1)C,tg,186.0,204.6680414547284,,False
*C(C*)OC(=O)C(C(CC)(C)C)(C)C,tg,90.0,82.62452063338223,,False
*C(C*)(C(=O)OCC1OC(OC1)c1ccccc1)C,tg,130.0,75.056246354529,,False
*c1n(c(nn1)c1ccc(cc1)Oc1ccc(cc1)C(c1ccc(cc1)Oc1ccc(cc1)*)(C(F)(F)F)C(F)(F)F)c1cc(ccc1)C(F)(F)F,tg,185.0,223.4647708364413,,False
*OC(=O)CCCC*,tg,-58.13,-20.213034559926175,-48.76506423950195,True
*Oc1ccc(cc1)NC(=O)c1cc(cc(c1)NC(=O)c1ccccc1)C(=O)Nc1ccc(cc1)*,tg,294.5,274.1005847748956,,False
*N1C(=O)c2c(C1=O)cc(cc2)C(=O)Oc1ccc(cc1)C(c1ccc(cc1)OC(=O)CCCCC*)(C)C,tg,110.0,105.45531615680216,,False
*Nc1ccc(cc1)Cc1ccc(cc1)NC(=O)c1cc(cc(c1)N1C(=O)C2C(C1=O)C1CCC2C1)C(=O)*,tg,293.0,293.9780971150014,307.1376037597656,True
*Oc1ccc(cc1)C1(c2ccccc2c2ccccc12)c1ccc(cc1)Oc1c(cc(cc1)c1ccc(cc1)NC(=O)c1cc(cc(c1)C(C)(C)C)C(=O)Nc1ccc(cc1)c1cc(c(cc1)*)C(F)(F)F)C(F)(F)F,tg,278.0,270.7182923074898,,False
*Oc1c2c(ccc1)cc(cc2)OC(=O)c1ccc(cc1)Oc1ccc(cc1)C(=O)*,tg,179.0,146.61311019114066,,False
*C(C*)C(=O)OC1CCCCC1,tg,23.69,63.48700852904991,,False
*OC(=O)c1cc(cc(c1)C(C)(C)C)C(=O)OCC*,tg,94.0,87.75133650047752,,False
*Oc1c(cc(cc1)Oc1ccc(cc1)C(=O)c1ccc(cc1)c1ccc(cc1)C(=O)c1ccc(cc1)*)c1cc(ccc1)C,tg,170.0,171.95877849391937,,False
*Nc1ccc(cc1)Cc1ccc(cc1)NC(=O)NCCCCCCCCNC(=O)*,tg,50.0,36.03765740645636,70.76778411865234,True
*c1cc2c(C(=O)N(C2=O)c2ccc(cc2)C(=O)OCCCSCCCCCCSCCCOC(=O)*)cc1,tg,31.0,49.40561653843729,36.12484359741211,True
*N(CC*)C(=O)C(C)C,tg,30.0,34.9902714992831,49.56324768066406,True
*N1C(=O)c2c(C1=O)c(ccc2)Oc1c(cc(cc1C)c1cc(c(c(c1)C)Oc1c2c(C(=O)N(C2=O)c2ccc(cc2)Oc2ccc(cc2)*)ccc1)C)C,tg,298.0,289.48129957719044,,False
*NC(=O)c1c(cc(cc1)C(=O)NCCCCCC*)Oc1ccc(cc1)c1ccccc1,tg,112.0,132.31243021455734,135.8754425048828,True
*Nc1ccc(cc1)NC(=O)c1c(ccc(c1)C(=O)c1cc(c(cc1)C(=O)O)C(=O)*)C(=O)O,tg,213.2,247.8724853309303,243.61131286621094,True
*Oc1ccc(cc1)C(c1ccc(cc1)OC(=O)c1ccc(cc1)C(c1ccc(cc1)C(=O)*)(CC)C)(C)C,tg,207.5,199.201126194397,202.0266876220703,True
*Oc1ccc(cc1)NC(=O)c1cc(ccc1)C(=O)Nc1ccc(cc1)OCCCCCCCC*,tg,128.0,115.13989701749784,137.6746063232422,True
*C(C*)(C(=O)OCCCCCCOc1ccc(cc1)C(=O)Oc1ccc(cc1)OCCCC)C,tg,55.17,31.735398416606476,,False
*Nc1ccc(cc1)NC(=O)CCCCCC(=O)*,tg,133.0,143.1953375696298,,False
*Oc1ccc(cc1)Oc1ccc(cc1)Oc1ccc(cc1)NC(=O)c1cc(cc(c1)C(C)(C)C)C(=O)Nc1ccc(cc1)*,tg,230.0,206.802032489262,198.7665557861328,True
*c1cc2c(C(=O)N(C2=O)c2ccc(cc2)Oc2c(cc(c(c2)C(C)(C)C)Oc2ccc(cc2)N2C(=O)c3c(C2=O)cc(cc3)C(=O)*)C(C)(C)C)cc1,tg,288.0,279.69685011154513,,False
*S(=O)(=O)c1ccc(cc1)NC(=O)CCCCCC(=O)Nc1ccc(cc1)*,tg,163.0,169.61753758560272,166.30419921875,True
*N1C(=O)c2c(C1=O)cc(cc2)Oc1ccc(cc1)C(c1ccc(cc1)Oc1cc2c(C(=O)N(C2=O)c2c(cc(cc2C)c2cc(c(c(c2)C)*)C)C)cc1)(C)C,tg,280.0,299.7489043540782,288.5548400878906,True
*C1C(=O)N(C(=O)C1*)c1ccc(cc1)O[Si](C)(C)C,tg,172.0,160.40600600404875,,False
*Sc1cc(ccc1)Sc1ccc(cc1)Sc1ccc(cc1)*,tg,69.0,78.60649706264208,,False
*C(C*)OC(=O)c1ccc(cc1)OC(=O)C,tg,76.0,88.35025846055323,,False
*C(C*)C(=O)OC1CC(CC(C1)C)(C)C,tg,15.0,84.95628813663882,,False
*c1cc2c(C(=O)N(C2=O)c2ccc(cc2)C(=O)Nc2ccc(cc2)Oc2ccc(cc2)NC(=O)*)cc1,tg,252.67,243.10443890313215,,False
*N1C(=O)N(C(=O)C1=O)c1ccc(cc1)CCc1ccc(cc1)*,tg,197.0,214.64236519573612,233.86244201660156,True
*C(C*)(CC(=O)OC1CCCCCC1)C(=O)OC1CCCCCC1,tg,105.0,94.48307138824146,,False
*NC(=O)CCC1(c2ccccc2c2ccccc12)CCC(=O)NCc1cc(ccc1)C*,tg,150.0,153.54071082772512,,False
*N1C(=O)c2c(C1=O)cc(cc2)Oc1ccc(cc1)C(c1ccc(cc1)Oc1cc2c(C(=O)N(C2=O)c2ccc(cc2)Oc2c(c(ccc2)Oc2ccc(cc2)*)C#N)cc1)(C)C,tg,213.0,228.4022139481932,,False
*C(C*)c1c(ccc(c1)C(=O)OCC)c1ccc(cc1)OCCCCCCCC,tg,95.0,99.60692259962428,,False
*c1oc(nn1)c1ccc(cc1)Oc1cc(ccc1)n1c(=O)c2ccc3c(=O)n(c(=O)c4ccc(c1=O)c2c34)c1cc(ccc1)Oc1ccc(cc1)*,tg,318.0,255.99445116822108,,False
*Nc1c(cc(cc1)NC(=O)c1ccc(cc1)NC(=O)CCCCCCCCCCCCC(=O)Nc1ccc(cc1)C(=O)*)C(=O)OCCCCCCCCCCCCCCCC,tg,250.0,195.18527179855593,,False
*c1cc2c(C(=O)N(C2=O)c2ccc(cc2)Cc2ccc(cc2)N2C(=O)c3c(C2=O)cc(cc3)C(=O)Nc2ccc(cc2)Oc2c(cccc2)c2c(cccc2)Oc2ccc(cc2)NC(=O)*)cc1,tg,240.0,243.07852919954527,,False
*OC(=O)CCCCCCCC(=O)OCC*,tg,-45.0,-50.30825010139594,,False
*Oc1ccc(cc1)C1(c2cc(ccc2c2ccc(cc12)[N+](=O)[O-])N(C)C)c1ccc(cc1)OC(=O)CCCCC(=O)*,tg,150.0,184.02109093392585,,False
*Oc1c(cc(cc1)OC(=O)c1c(cc(cc1)c1ccc(cc1)C(=O)*)c1ccccc1)C,tg,133.0,141.4634921289327,169.18128967285156,True
*C(C*)c1nc(nc(n1)C)C,tg,70.0,131.12897376328826,,False
*C(C*)c1c(cccc1Cl)Cl,tg,165.0,136.526620782008,150.35321044921875,True
*N1C(=O)c2c(C1=O)cc(cc2)Oc1cc2c(C(=O)N(C2=O)c2cc(ccc2)C(c2cc(ccc2)*)(C(F)(F)F)C(F)(F)F)cc1,tg,224.5,237.0676740554111,255.3916015625,True
*c1cc2c(C(=O)N(C2=O)c2c3c(c(cc2C)c2cc(c(c4c2cccc4)N2C(=O)c4c(C2=O)cc(cc4)C(=O)Nc2ccc(cc2)C(c2ccc(cc2)NC(=O)*)(C(F)(F)F)C(F)(F)F)C)cccc3)cc1,tg,250.0,295.4354430482581,,False
*c1cc2c(C(=O)N(C2=O)c2cc(ccc2)C(=O)Nc2ccc(cc2)NC(=O)c2ccc(cc2)NC(=O)c2cc(ccc2)N2C(=O)c3c(C2=O)cc(cc3)C(*)(C(F)(F)F)C(F)(F)F)cc1,tg,328.0,276.771156663074,,False
*N1C(=O)c2c(C1=O)cc(cc2)c1cc2c(C(=O)N(C2=O)c2ccc(cc2)Oc2c(c(ccc2)Oc2ccc(cc2)*)C#N)cc1,tg,271.0,269.9001419261655,270.4883117675781,True
*c1ccc2c3n(c4ccc(cc4n3)c3cc4n5c(nc4cc3)c3cccc4c(ccc(c5=O)c34)Oc3ccc(cc3)C3(c4ccccc4c4ccccc34)c3ccc(cc3)O*)c(=O)c3cccc1c23,tg,421.0,396.9476171647784,,False
*OC(C*)CCCCCC,tg,-71.67,-76.13309000810705,,False
*Nc1cc(cc(c1)c1oc(nn1)c1ncccc1)NC(=O)c1ccc(cc1)C(=O)*,tg,230.0,235.75817997459237,,False
*Nc1cc(ccc1)NC(=O)c1cc(ccc1)C(=O)Nc1cc(ccc1)NC(=S)NC(=O)c1ccc(cc1)C(=O)NC(=S)*,tg,248.0,243.0777423799776,255.43263244628906,True
*Nc1cc(cc(c1)C(=O)OCCN(c1ccc(cc1)S(=O)(=O)C(C(C(C(C(C(C(C(F)(F)F)(F)F)(F)F)(F)F)(F)F)(F)F)(F)F)(F)F)C)NC(=O)c1cc(cc(c1)OCCN(c1ccc(cc1)C#N)C)C(=O)*,tg,165.0,157.66433013700285,154.3972625732422,True
*C(C*)(C(=O)OC(COc1ccc(cc1)c1ccccc1)COc1ccc(cc1)c1ccccc1)C,tg,85.0,99.9912418040334,,False
*c1cc2c(C(=O)N(C2=O)c2ccc(cc2)Oc2ccc(cc2)Oc2ccc(cc2)N2C(=O)c3c(C2=O)cc(cc3)C(=O)Nc2ccc(cc2)Oc2ccc(cc2)C2(c3c(C(=O)N2)cccc3)c2ccc(cc2)Oc2ccc(cc2)NC(=O)*)cc1,tg,284.0,291.4038797239268,,False
*c1oc(cc1)C(c1oc(cc1)CNC(=O)OC(C(OC(=O)NC*)c1occc1)c1occc1)(C)C,tg,45.0,62.25040268448785,48.3763427734375,True
*Oc1c(cc(cc1)C(c1cc(c(cc1)OC(=O)c1ccc(cc1)C(=O)*)CCCC)(C)C)CCCC,tg,156.67,96.72236731242288,,False
*N1C(=O)c2c(C1=O)cc(cc2)Oc1cc2c(C(=O)N(C2=O)c2c(ccc(c2)C(c2cc(c(cc2)OCc2cc(cc(c2)OCCN(c2ccc(cc2)C=CC2=CC(=C(C#N)C#N)CC(C2)(C)C)C)OCCN(c2ccc(cc2)C=CC2=CC(=C(C#N)C#N)CC(C2)(C)C)C)*)(C(F)(F)F)C(F)(F)F)OCc2cc(cc(c2)OCCN(c2ccc(cc2)C=CC2=CC(=C(C#N)C#N)CC(C2)(C)C)C)OCCN(c2ccc(cc2)C=CC2=CC(=C(C#N)C#N)CC(C2)(C)C)C)cc1,tg,178.0,178.19089609190618,194.70887756347656,True
*Nc1ccc(cc1)Cc1ccc(cc1)NC(=O)c1ccc(cc1)P(=O)(c1ccc(cc1)C(=O)*)c1ccccc1,tg,307.0,244.2517106715809,248.166748046875,True
*Oc1ccc(cc1)C(c1ccc(cc1)OCC(COc1ccc(cc1)C(=O)c1ccc(cc1)OCC(C*)O)O)(C)C,tg,120.0,100.32951888079634,,False
*OC(=O)CCCCC(=O)OCC(C*)CCCCCCOc1ccc(cc1)N=Nc1ccc(cc1)C(F)(F)F,tg,44.0,19.950293835345935,,False
*NC(=O)c1ccc(cc1)C(c1ccc(cc1)C(=O)NCCCCCC*)(CC)C,tg,159.0,138.95506210679528,,False
*C1C2CCC(C1*)C2,tg,251.49,171.96633582467658,276.0965881347656,True
*Oc1ccc(cc1)Oc1ccc(cc1)NC(=C(C#N)C#N)c1ccc(cc1)C(=C(C#N)C#N)Nc1ccc(cc1)*,tg,255.0,238.80236687892213,,False
*NC(=O)CCCCCCCCC(=O)NCCc1ccc(cc1)CC*,tg,105.0,90.14160728242608,,False
*Oc1ccc(cc1)Oc1cc(ccc1)C(=O)Oc1ccc(cc1)OC(=O)c1cc(ccc1)*,tg,119.0,123.72077232939876,117.3653564453125,True
*O[Si](c1cc(ccc1)C(C(c1cc(ccc1)[Si](*)(C)C)(F)F)(F)F)(C)C,tg,-2.0,17.45020088786426,-7.18712854385376,True
*c1nc2c([nH]1)ccc(c2)NC(=O)c1ccc(cc1)OCCOCCOCCOCCOCCOc1ccc(cc1)C(=O)Nc1cc(ccc1)*,tg,140.0,134.8453513742,,False
*C1COC2C1OCC2OC(=O)OCCCCCCCCOC(=O)O*,tg,19.5,26.35195740275238,28.47688102722168,True
*C(C*)(C(=O)OCCCCOc1ccc(cc1)OC(=O)c1ccc(cc1)OCCCCCCCC)C,tg,10.0,32.16318026660225,,False
*N1C(=O)c2c(C1=O)c(ccc2)c1cc2c(C(=O)N(C2=O)c2c(cc(cc2)c2cc(c(cc2)*)C)C)cc1,tg,384.0,381.773477192655,,False
*Oc1cc2c(cc1)ccc(c2)Oc1ccc(cc1)C(=O)Nc1cc(ccc1)Oc1ccc(cc1)NC(=O)c1ccc(cc1)*,tg,164.0,192.32758490180177,,False
*c1sc(cc1)C(=O)Oc1ccc(cc1)[Si](c1ccc(cc1)OC(=O)*)(CC)C,tg,-51.0,20.775287639609104,,False
*OC(COC(=O)C1CCC(CC1)C(=O)*)COc1ccc(cc1)N=Nc1ccc(cc1)C#N,tg,106.0,93.9714939738684,,False
*c1ccc2c(nc([nH]2)c2cc(ccc2)c2nc3c([nH]2)ccc(c3)C(=O)Nc2ccc(cc2)S(=O)(=O)c2ccc(cc2)NC(=O)*)c1,tg,312.0,317.1000410220252,,False
*C1COC2C1OCC2OC(=O)OCCCCCCCCCCOC(=O)O*,tg,6.5,19.99202190782899,,False
*C(C*)C(F)(F)F,tg,28.0,23.81134155975067,,False
*OC(=O)NCCCCCCCCCNC(=O)OCC*,tg,44.0,28.240464810011304,16.486604690551758,True
*c1cc2c(C(=O)N(C2=O)c2cc(ccc2)C(c2cc(ccc2)N2C(=O)c3c(C2=O)cc(cc3)C(*)(C(F)(F)F)C(F)(F)F)(C(F)(F)F)C(F)(F)F)cc1,tg,266.5,278.40402247853916,283.0047302246094,True
*C1OC(C(C(C1NC(=O)C)O)O*)CO,tg,236.5,128.51252772276564,136.1765899658203,True
*OC(=O)CCCCCCC(=O)OCCC*,tg,-58.75,-54.8701189895833,,False
*C(C*)c1c(cccc1)COCCc1ccccc1,tg,63.0,49.85231439806739,64.3927230834961,True
*[n+]1ccc(cc1)c1cc[n+](cc1)Cc1c(cccc1)C*,tg,70.5,149.97869094556953,,False
*Nc1c(cc(cc1)Br)c1ccc(cc1)NC(=O)c1ccc(cc1)C(=O)*,tg,267.0,265.17422404396854,,False
*C(C*)OC(=O)C(CCC)(C)C,tg,10.0,41.64250099192437,21.166425704956055,True
*NC(=O)C(C(C(=O)NCCCCCCCCC*)OC)OC,tg,84.0,84.87186580717778,84.82495880126953,True
*C1COC2C1OCC2OC(=O)CCC(=O)O*,tg,77.0,107.84464739763554,117.5025863647461,True
*C(C*)(C(=O)OCC(C1OCC(CO1)(C)C)(C)C)C,tg,111.0,96.60536368283468,,False
*OC(=O)CCCCC(=O)OCC*,tg,-61.91,-36.98633403750994,-49.827392578125,True
*Oc1ccc(cc1)c1ccc(cc1)OC(=O)c1c(cc(c(c1)OCCCCCC)C(=O)*)OCCCCCC,tg,113.0,81.12709721769919,,False
*Oc1ccc(cc1)CC(NC(=O)CCc1ccc(cc1)OC(=O)COCC(=O)*)C(=O)OCCCCCCCCCCCC,tg,36.0,35.93530298514724,33.3832893371582,True
*C(C*)c1sccc1,tg,71.0,48.69187384836538,112.11942291259766,True
*OC(CCC(C(=O)*)C1OCCCO1)CCC,tg,17.4,28.159183932948963,,False
*N1C(=O)c2c(C1=O)cc(cc2)c1cc2c(C(=O)N(C2=O)c2cc(ccc2)OCCCOc2cc(ccc2)*)cc1,tg,184.0,186.4546133338356,170.307373046875,True
*OC(=O)CC(=O)OCCCCCCCCCCCCCCCCCCCC*,tg,-35.1,-23.48123969152518,-27.2584228515625,True
*OC(=O)c1ccc(cc1)C(=O)OCC(C(C*)C(C)C)C(C)C,tg,65.0,48.30585405946556,,False
*c1oc(nn1)c1ccc(cc1)C(=O)OCCCCCCOc1ccc(cc1)C=CC(=O)C=Cc1ccc(cc1)OCCCCCCOC(=O)c1ccc(cc1)*,tg,62.0,88.91120442307773,,False
*Oc1ccc(cc1)C(c1ccc(cc1)OC(=O)OCCCOC(=O)*)(C)C,tg,68.1,59.916597215207815,,False
*OC(=O)NNC(=O)CCCCCCCCC(=O)NNC(=O)OCCC*,tg,22.0,62.35246410357639,35.410953521728516,True
*Oc1ccc(cc1)S(=O)(=O)c1ccc(cc1)Oc1ccc(cc1)S(=O)(=O)c1ccc(cc1)c1ccc(cc1)c1ccc(cc1)S(=O)(=O)c1ccc(cc1)*,tg,281.0,249.4720554840773,,False
*c1cc2c(C(=O)N(C2=O)c2cc(cc(c2)C(=O)OC)N2C(=O)c3c(C2=O)cc(c(c3)Cl)C(=O)*)cc1Cl,tg,321.0,298.82066578187835,,False
*Oc1ccc(cc1)NC(=O)c1c(ccc(c1)c1cc(c(cc1)C(=O)OCC)C(=O)Nc1ccc(cc1)*)C(=O)OCC,tg,190.15,214.82359845977655,,False
*NC(=O)CCCCCCCCCCCCCCCCCCC(=O)NCCCCCCC*,tg,46.0,47.90319625754796,43.75118637084961,True
*c1cc2C(c3c(c2cc1)ccc(c3)c1c(cc(c(c1)OCc1ccccc1)*)OCc1ccccc1)(CCCCCC)CCCCCC,tg,73.0,112.27422292495989,,False
*c1cc2c(C(=O)N(C2=O)c2cc(ccc2)C(=O)Nc2ccc(cc2)C(c2ccc(cc2)NC(=O)c2cc(ccc2)N2C(=O)c3c(C2=O)cc(cc3)C(*)(C(F)(F)F)C(F)(F)F)(C(F)(F)F)C(F)(F)F)cc1,tg,273.5,297.0506313436949,,False
*Oc1c(cc(c(c1)OC(=O)c1ccc(cc1)OCCC)OC(=O)CCCCCCCCCCCCCCC(=O)*)OC(=O)c1ccc(cc1)OCCC,tg,18.0,48.107587068391865,,False
*C(C*)(C(=O)OCCCCCCOc1ccc(cc1)N=Nc1ccc(cc1)OC)C,tg,82.0,66.85586522295928,,False
*N1C(=O)c2c(C1=O)c(ccc2)Oc1cc(ccc1)Oc1c2c(C(=O)N(C2=O)c2ccc(cc2)Oc2cc(ccc2)Oc2ccc(cc2)*)ccc1,tg,193.0,213.00205968300952,,False
*c1c2c(c(nn1)c1ccc(cc1)Oc1ccc(cc1)C(c1ccc(cc1)Oc1ccc(cc1)*)(C(F)(F)F)C(F)(F)F)c(c(c(c2c1ccc(cc1)F)c1ccc(cc1)F)c1ccc(cc1)F)c1ccc(cc1)F,tg,285.33,269.575407255248,273.6929016113281,True
*c1cc2c(C(=O)N(C2=O)c2c(ccc(c2)C(c2cc(c(cc2)OC(=O)C)N2C(=O)c3c(C2=O)cc(cc3)C(*)(C(F)(F)F)C(F)(F)F)(C(F)(F)F)C(F)(F)F)OC(=O)C)cc1,tg,266.5,254.169927458998,,False
*Nc1ccc(cc1)C1(c2ccccc2c2ccccc12)c1ccc(cc1)NC(=O)c1cc(cc(c1)NC(=O)C12CC3CC(CC(C1)C3)C2)C(=O)*,tg,370.0,293.78134480381044,316.7218017578125,True
*c1cc2c(C(=O)N(C2=O)c2ccc(cc2)Sc2ccc(cc2)Sc2ccc(cc2)Sc2ccc(cc2)N2C(=O)c3c(C2=O)cc(cc3)C(*)(C(F)(F)F)C(F)(F)F)cc1,tg,233.0,236.05487741524533,,False
*c1n(c(nn1)c1ccc(cc1)Oc1ccc(cc1)C(c1ccc(cc1)Oc1ccc(cc1)*)(C)C)c1ccc(cc1)C,tg,205.0,198.3351749912132,,False
*c1cc2C(c3c(c2cc1)ccc(c3)c1ccc(cc1)*)(CCCCCCC#N)CCCCCCC#N,tg,90.0,119.98268491321816,,False
*c1nc2c(nc1c1ccccc1)cc(cc2)Oc1ccc(cc1)Oc1ccc(cc1)P(=O)(c1ccc(cc1)Oc1ccc(cc1)Oc1cc2c(nc(c(n2)c2ccccc2)c2ccc(cc2)*)cc1)c1ccccc1,tg,248.0,256.0366094531354,,False
*C(C(CCCC*)c1ccc(cc1)O)c1c(cc(cc1)O)C,tg,25.0,57.28270925419721,,False
*C(C*)(C(=O)OCC(C(C(F)(F)F)(F)F)(F)F)F,tg,75.0,58.863439169138495,,False
*N(CC(C*)O)c1ccc(cc1)N=Nc1ccc(cc1)C(=O)O,tg,99.0,143.67617809865737,,False
*c1cc2c(C(=O)N(C2=O)c2c3c(ccc2)c(ccc3)N2C(=O)c3c(C2=O)cc(cc3)C(=O)Nc2ccc(cc2)C(c2ccc(cc2)NC(=O)*)(C(F)(F)F)C(F)(F)F)cc1,tg,250.0,295.6783778078943,307.4270324707031,True
*Nc1c2c(ccc1)c(ccc2)NC(=O)c1cc(ccc1)C(=O)*,tg,325.0,263.215557515651,281.577392578125,True
*c1nc2c([nH]1)ccc(c2)c1ccc2c(nc([nH]2)c2cc(ccc2)C(=O)Nc2ccc(cc2)Cc2ccc(cc2)N2C(=O)c3c(C2=O)cc(cc3)S(=O)(=O)c2cc3c(C(=O)N(C3=O)c3ccc(cc3)Cc3ccc(cc3)NC(=O)c3cc(ccc3)*)cc2)c1,tg,270.0,288.7995692688801,280.34344482421875,True
*N1C(=O)c2c(C1=O)cc(cc2)C(c1cc2c(C(=O)N(C2=O)CCCCCCC*)cc1)(C(F)(F)F)C(F)(F)F,tg,150.0,132.36648581936507,143.99241638183594,True
*Oc1ccc(cc1)NC(=O)c1cc(ccc1)C(=O)Nc1ccc(cc1)OCCOCC*,tg,155.0,128.81768209510722,,False
*OC(=O)OCC(C(C*)O)O,tg,51.38,17.538344546391613,42.6756706237793,True
*Oc1cc(c(cc1)N=Cc1ccc(cc1)C=Nc1c(cc(cc1)OCCCCCCCCCC*)C)C,tg,77.6,73.95378498456411,,False
*Oc1ccc(cc1)C(c1ccc(cc1)OC(=O)*)C,tg,122.2,123.5042877952216,,False
*Oc1cc2c(C(CC32CC(c2ccc(cc32)OC(=O)*)(C)C)(C)C)cc1,tg,227.5,185.3611351728034,,False
*Oc1c(cc(cc1Cl)C(=C(Cl)Cl)c1cc(c(c(c1)Cl)OC(=O)*)Cl)Cl,tg,250.0,205.50608890844475,,False
*c1ccc2n(c3c(c2c1)cc(cc3)c1ccc2n(c3c(c2c1)cc(cc3)C=Cc1ccc(cc1)c1n(c(nn1)c1ccc(cc1)C=C*)c1ccccc1)CCCCCCCC)CCCCCCCC,tg,157.0,146.67980770296413,150.1713409423828,True
*NC(=O)CCCCC(=O)NCCCP(=O)(CCC*)C,tg,33.0,54.578668986939626,50.4251823425293,True
*c1cc2c(C(=O)N(C2=O)C2C(=O)N(C(=O)C2)c2ccc(cc2)c2ccc(cc2)NC(=O)*)cc1,tg,219.0,213.70885017048008,,False
*Oc1ccc(cc1)C(=Cc1ccc(cc1)OCCOCC*)C,tg,39.0,46.6550192941584,61.460079193115234,True
*NC(=O)c1cc(ccc1)C(=O)NCC1CC(CC(C1)C(C)(C)C)C*,tg,209.0,193.39824310133025,183.1845703125,True
*c1cc2c(C(=O)N(C2=O)c2c(cc(cc2)c2cc(c(cc2)N2C(=O)c3c(C2=O)cc(cc3)C(*)(C(F)(F)F)C(F)(F)F)C)C)cc1,tg,352.0,337.63703579732606,,False
*Oc1c(cc(cc1)C1(CCCCC1)c1cc(c(cc1)OC(=O)*)C)C,tg,134.75,148.16210453513554,,False
*Oc1c(cc(c(c1)OC(=O)c1ccc(cc1)OCCCC)OC(=O)C(CCC(=O)*)C)OC(=O)c1ccc(cc1)OCCCC,tg,55.0,58.13212391604812,,False
*Oc1ccc(cc1)N=CCCCC=Nc1ccc(cc1)OC(=O)NC1CC(CC(C1)(CNC(=O)*)C)(C)C,tg,66.0,104.12543381738114,64.43033599853516,True
*C(C*)CCCCCCCCCI,tg,-6.0,-10.803298106115989,,False
*SCC(=O)NCCCCCCNC(=O)C*,tg,-7.0,43.67159234817268,,False
*Oc1ccc(cc1)C1(c2ccccc2c2ccccc12)c1ccc(cc1)OCCOC(=O)NCCCCCCNC(=O)OCC*,tg,61.0,120.697891851365,134.41407775878906,True
*c1cc2c(C(=O)N(C2=O)c2cc(c(cc2)Oc2ccc(cc2)Oc2ccc(cc2)N2C(=O)c3c(C2=O)cc(cc3)C(*)(C(F)(F)F)C(F)(F)F)C(F)(F)F)cc1,tg,260.8,248.4154080798836,,False
*c1cc2c(oc(n2)c2nc(ccc2)c2oc3c(n2)cc(cc3)C(*)(C(F)(F)F)C(F)(F)F)cc1,tg,329.0,319.88946220432763,279.0171813964844,True
*OC(=O)Nc1c(cc(cc1)c1cc(c(cc1)NC(=O)OCCN(CC*)c1ccc(cc1)N=Nc1ccc(cc1)[N+](=O)[O-])OC)OC,tg,140.0,147.0599779293062,,False
*C(=C(*)c1ccccc1)c1ccc(cc1)C(C)(C)C,tg,200.0,217.54201969945564,,False
*C(C*)C(=O)OC(CC)CC,tg,-6.0,7.758480202451428,,False
*c1cc2c(C(=O)N(C2=O)c2c(ccc(c2)N2C(=O)c3c(C2=O)cc(cc3)C(=O)Nc2c(cc(cc2C)Cc2cc(c(c(c2)C)NC(=O)*)C)C)N=Nc2ccc(cc2)[N+](=O)[O-])cc1,tg,280.0,277.14353895414837,,False
*Oc1ccc(cc1)OC(=O)c1c(cc(c(c1)OCCCCCCCCOCC1N(CCC1)c1ccc(cc1)[N+](=O)[O-])C(=O)*)OCCCCCCCCOCC1N(CCC1)c1ccc(cc1)[N+](=O)[O-],tg,41.0,46.86849631530902,,False
*Oc1ccc(cc1)CC(NC(=O)CCc1ccc(cc1)OC(=O)CCC(=O)*)C(=O)OCCCC,tg,67.0,65.6416225076028,,False
*N1C(=O)c2c(C1=O)cc(cc2)Oc1cc2c(C(=O)N(C2=O)c2cc(ccc2)P(=O)(c2cc(ccc2)*)c2ccccc2)cc1,tg,251.0,245.66792922959232,249.20668029785156,True
*N1C(=O)c2c(C1=O)cc(cc2)S(=O)(=O)c1cc2c(C(=O)N(C2=O)c2ccc(cc2)C2(c3ccccc3c3ccccc23)c2ccc(cc2)*)cc1,tg,392.0,373.0704768139324,,False
*C1C(=O)OC(=O)C1C1C2CC(C(C1*)C2)C(=O)OCCOCC,tg,155.0,181.26587915849132,,False
*Oc1ccc(cc1)S(=O)(=O)c1ccc(cc1)Oc1c(cc(cc1)C(c1cc(c(cc1)*)Cl)(C)C)Cl,tg,205.0,197.384214876598,204.7859649658203,True
*N(CC*)C(=O)CCCCC,tg,7.0,18.42391623443414,,False
*C(C*)(C(=O)OCC)C,tg,64.96,75.00238935162248,56.2852783203125,True
*Oc1ccc(cc1)C(c1ccc(cc1)Oc1ccc(cc1)C(=O)c1cc(ccc1)C(=O)c1ccc(cc1)*)(C)C,tg,153.0,149.40451716948425,,False
*Oc1c(c(c(c(c1[2H])[2H])S(=O)(=O)c1c(c(c(c(c1[2H])[2H])Oc1c(c(c(c(c1[2H])[2H])C(c1c(c(c(c(c1[2H])[2H])*)[2H])[2H])(C([2H])([2H])[2H])C([2H])([2H])[2H])[2H])[2H])[2H])[2H])[2H])[2H],tg,175.0,228.61227251451544,,False
*C(C*)(C(=O)OC1CCCCCCC1)C,tg,73.0,80.76461118014497,84.7657699584961,True
*Oc1ccc(cc1)NC(=C(C#N)C#N)c1cc2c(cc1)cc(cc2)C(=C(C#N)C#N)Nc1ccc(cc1)*,tg,280.0,235.54026479642096,,False
*C(C*)c1c(cccc1)OC(=O)C,tg,118.0,125.1204861992735,,False
*C(*)C(=O)OC1CCCCC1,tg,140.0,73.46697980164015,74.35015106201172,True
*Nc1cc(ccc1)NC(=O)c1ccc(cc1)C(=O)*,tg,238.0,242.32122880724455,,False
*C(C*)(C(=O)OCC[N+](CCCCCCC)(C)C)C,tg,-44.0,110.38545802312758,133.7049560546875,True
*c1cc2c(C(=O)N(C2=O)c2c3c(ccc2)c(ccc3)Oc2ccc(cc2)N2C(=O)c3c(C2=O)cc(cc3)C(=O)Nc2ccc(cc2)c2ccc(cc2)NC(=O)*)cc1,tg,301.0,287.8645545460143,,False
*c1cc2c(C(=O)N(C2=O)c2cc3C(=O)c4c(c3cc2)ccc(c4)N2C(=O)c3c(C2=O)cc(cc3)C(=O)*)cc1,tg,331.0,345.0319751323763,,False
*[Si](CC=CC*)(C=C)C=C,tg,-65.0,35.354539192056514,,False
*Nc1cc(ccc1)NC(=O)Nc1ccc(cc1)Cc1ccc(cc1)NC(=O)*,tg,132.0,200.68464459367908,192.20127868652344,True
*Oc1ccc(cc1)NC(=O)CCCCC(=O)Nc1ccc(cc1)OCC(COc1ccc(cc1)C(c1ccc(cc1)OCC(C*)O)(C)C)O,tg,112.0,128.6141387983793,112.74321746826172,True
*Oc1ccc(cc1)S(=O)(=O)c1ccc(cc1)Oc1ccc(cc1)C(c1ccc(cc1)*)(c1ccc(cc1)O)C,tg,219.29,203.5213472670732,216.79615783691406,True
*OCC(C*)(CS(=O)(=O)CCCC)CS(=O)(=O)CCCC,tg,66.0,56.59108252717599,,False
*Oc1ccc(cc1)NC(=O)c1c2c(c(cc1)C(=O)Nc1ccc(cc1)Oc1ccc(cc1)C1(C3CC4CC(CC1C4)C3)c1ccc(cc1)*)cccc2,tg,269.0,259.0118310338202,255.4597625732422,True
*N1C(=O)c2c(C1=O)cc(cc2)c1cc2c(C(=O)N(C2=O)c2ccc(cc2)Oc2cc3c(cc2Oc2ccc(cc2)*)cccc3)cc1,tg,254.17,278.72881077959215,,False
*c1cc2c(C(=O)N(C2=O)c2ccc(cc2)N(c2ccc(cc2)N2C(=O)c3c(C2=O)cc(cc3)C(*)(C(F)(F)F)C(F)(F)F)c2ccc(cc2)C#N)cc1,tg,321.0,297.08225019407536,307.516357421875,True
*C(C*)OC(=O)c1ccc(cc1)[N+](=O)[O-],tg,122.0,103.5760763093641,,False
*c1cc2c(C(=O)N(C2=O)c2cc(cc(c2)C(F)(F)F)N2C(=O)c3c(C2=O)cc(cc3)C(*)(C(F)(F)F)C(F)(F)F)cc1,tg,284.0,312.52957140907205,314.31103515625,True
*c1cc2c(C(=O)N(C2=O)c2ccc(cc2)C(=O)c2ccc(cc2)Cc2ccc(cc2)N2C(=O)c3c(C2=O)cc(cc3)C(=O)*)cc1,tg,307.0,297.74134459609195,,False
*C=CCCCCCCCCCC*,tg,-53.0,-44.27688775032605,-79.05452728271484,True
*Oc1c(cccc1)C(=O)NCC*,tg,84.0,122.09054718270802,140.97744750976562,True
*c1cc2c(C(=O)N(C2=O)c2cc(cc(c2)C(=O)c2ccccc2)N2C(=O)c3c(C2=O)cc(cc3)C(=O)*)cc1,tg,282.0,276.57117697759423,,False
*Nc1ccc(cc1)C(c1ccc(cc1)NC(=O)c1cc(cc(c1)N1C(=O)C2C(C1=O)C1CCC2C1)C(=O)*)(C)C,tg,311.0,302.19705876203125,,False
*NC(=O)CCCCCCC(=O)NCc1c(cc(c(c1)C)C*)C,tg,78.0,109.3651162510832,,False
*c1cc2c(C(=O)N(C2=O)c2ccc(cc2)N(CCN(c2ccc(cc2)N2C(=O)c3c(C2=O)cc(cc3)C(*)(C(F)(F)F)C(F)(F)F)C)C)cc1,tg,227.0,234.97902450816548,260.4432373046875,True
*c1cc2c(C(=O)N(C2=O)c2cc(ccc2)P(=O)(c2cc(ccc2)N2C(=O)c3c(C2=O)cc(cc3)C(=O)Nc2ccc(cc2)Cc2ccc(cc2)NC(=O)*)c2ccccc2)cc1,tg,233.0,226.4825269808798,,False
*Oc1cc(ccc1)NC(=O)c1cc(ccc1)C(=O)Nc1ccc(cc1)*,tg,236.75,233.9582977096741,,False
*[Si](C*)(C)C,tg,-91.17,-41.16567199962912,-44.24868392944336,True
*C(C*)C(=O)Oc1ccc(cc1)C,tg,42.5,57.60015504085491,,False
*Nc1ccc(cc1)[Si](c1ccc(cc1)NC(=O)c1cc2Cc3c(c2cc1)ccc(c3)C(=O)*)(c1ccccc1)c1ccccc1,tg,54.45,260.30437455395827,211.1971435546875,True
*Oc1ccc(cc1)CC(NC(=O)CCc1ccc(cc1)OC(=O)CCCCCCCCC(=O)*)C(=O)OCC(C)C,tg,33.0,41.40506250902465,40.27524948120117,True
*Oc1cc(ccc1)OC(=O)c1ccc(cc1)C(c1ccc(cc1)C(=O)*)(C)C,tg,158.0,152.25566798675365,,False
*Oc1ccc(cc1)S(=O)c1ccc(cc1)Oc1ccc(cc1)C(c1ccc(cc1)*)(C)C,tg,165.0,168.23327229667427,,False
*Oc1ccc(cc1)C(=O)c1ccc(cc1)OCCCCCCOC(=O)OCCCOC(=O)OCCCCCC*,tg,16.0,-1.894925075838757,-1.6789754629135132,True
*S(=O)(=O)c1ccc(cc1)Cc1ccc(cc1)*,tg,227.5,186.28490729124485,,False
*Oc1ccc(cc1)C(c1ccc(cc1)OCC(C*)O)(C)C,tg,87.45,101.13745633856632,,False
*N1C(=O)C2C(C1=O)C(=CC(C2)C1C(=O)N(C(=O)C1)c1cc(ccc1)c1cc(cc(c1)C(=O)Nc1ccc(cc1)OC(=O)c1cc(c(c(c1)OCCCCCCCCCCCC)OCCCCCCCCCCCC)OCCCCCCCCCCCC)c1cc(ccc1)*)C,tg,270.0,175.52718196178148,,False
*N1C(=O)c2c(C1=O)cc(cc2)Oc1ccc(cc1)C1(CCCCCCCCCCC1)c1ccc(cc1)Oc1cc2c(C(=O)N(C2=O)c2ccc(cc2)Cc2ccc(cc2)*)cc1,tg,240.0,246.55005899031732,,False
*C1=C(C2C=CC1C2)C(=O)*,tg,85.5,129.1730195397423,232.93096923828125,True
*C(C*)(C(=O)OCCCCCCOc1c(cc(cc1)C(=O)Oc1ccc(cc1)OC)OC)C,tg,49.0,49.15157160872775,51.00819778442383,True
*Oc1c(c(c(c(c1)C)*)C)Br,tg,280.15,134.28091870862792,,False
*c1cc2c(C(=O)N(C2=O)c2ccc(cc2)c2nc(nc(n2)c2ccc(cc2)N2C(=O)c3c(C2=O)cc(cc3)C(=O)*)c2ccccc2)cc1,tg,355.0,326.6157602863285,,False
*Oc1ccc(cc1)C(=O)c1ccc(cc1)C(=O)c1ccc(cc1)*,tg,157.0,172.40177071353102,,False
*N1C(=O)c2c(C1=O)cc(cc2)Oc1ccc(cc1)Oc1cc2c(C(=O)N(C2=O)c2c(c(c(cc2)Cc2c(c(c(cc2)*)C)C)C)C)cc1,tg,277.0,283.017926941789,,False
*N1C(=O)c2c(C1=O)cc(cc2)c1cc2c(C(=O)N(C2=O)c2ccc(cc2)Oc2ccc(cc2)C(=O)c2ccc(cc2)C(=O)c2ccc(cc2)Oc2ccc(cc2)*)cc1,tg,245.0,241.5754668548884,244.8483123779297,True
*C(C*)c1ccc(cc1)C(=O)CCCCC,tg,66.0,55.589229157927065,50.59999465942383,True
*Oc1ccc(cc1)C(=O)Nc1cc(cc(c1)c1nc2c([nH]1)cccc2)NC(=O)c1ccc(cc1)OCCOCC*,tg,230.0,185.80806310531923,,False
*Oc1ccc(cc1)S(=O)(=O)c1ccc(cc1)Oc1ccc(cc1)C(c1ccc(cc1)*)(CCC(=O)O)C,tg,163.0,181.34433707008088,195.6902313232422,True
*c1cc2c(C(=O)N(C2=O)c2cc(cc(c2)OCCCCCCCCCCCC)N2C(=O)c3c(C2=O)cc(cc3)C(=O)*)cc1,tg,182.0,180.73733534308553,,False
*c1cc2c(C(=O)N(C2=O)c2ccc(cc2)c2sc(c(c2c2ccccc2)c2ccccc2)c2ccc(cc2)N2C(=O)c3c(C2=O)cc(cc3)C(=O)Nc2ccc(cc2)Oc2ccc(cc2)Oc2ccc(cc2)NC(=O)*)cc1,tg,303.0,310.3498877843767,,False
*Oc1ccc(cc1)C(=O)c1ccc(cc1)C(=O)c1ccc(cc1)Oc1ccc(cc1)Cc1ccc(cc1)*,tg,120.0,166.72440361723042,163.64938354492188,True
*c1cc2c(C(=O)N(C2=O)c2cc(cc(c2)OCCCCCCCCCCCCCCCC)N2C(=O)c3c(C2=O)cc(cc3)C(=O)*)cc1,tg,179.0,164.26146576504735,,False
*C(C*)(C(=O)OCC)Cl,tg,85.31,78.12697232021361,,False
*Oc1ccc(cc1)C(c1ccc(cc1)OC(=O)c1cc(ccc1)C(=O)*)(c1ccccc1)C,tg,202.0,191.83553004646,,False
*c1cc2c(C(=O)N(C2=O)c2ccc(cc2)C(=O)OCCOCCOC(=O)*)cc1,tg,101.0,100.19413494367936,,False
*C(C*)(C(=O)OCC(C(F)F)(F)F)F,tg,90.5,76.5085501581039,,False
*N=P(*)(OCCCCCCC)OCCCCCCC,tg,-94.0,-91.714682120107,-95.69258880615234,True
*c1cc2c(C(=O)N(C2=O)c2ccc(cc2)OCCOCCOc2ccc(cc2)N2C(=O)c3c(C2=O)cc(cc3)C(=O)*)cc1,tg,235.0,177.1529080813134,,False
*c1ncc(cc1)C(=O)Oc1ccc(cc1)C(=O)Oc1cc(ccc1)OC(=O)c1ccc(cc1)OC(=O)*,tg,110.0,155.6863443438934,,False
*N1C(=O)c2c(C1=O)cc(cc2)c1cc2c(C(=O)N(C2=O)c2cc(c(c(c2)Br)Oc2c(cc(cc2Br)*)Br)Br)cc1,tg,287.0,323.55533193952965,345.71435546875,True
*N1C(=O)C2C(C1=O)C(Cc1ccccc21)C1C(=O)N(C(=O)C1)c1cc(cc(c1)C(=O)OCCC)*,tg,249.43,235.1803487688572,,False
*OC(=O)c1cc(cc(c1)OCCC1CCN(CC1)c1ccc(cc1)S(=O)(=O)C(C(C(C(C(C(C(C(F)(F)F)(F)F)(F)F)(F)F)(F)F)(F)F)(F)F)(F)F)C(=O)OCCN(CC*)c1ccc(cc1)S(=O)(=O)C(C(C(C(C(C(C(C(F)(F)F)(F)F)(F)F)(F)F)(F)F)(F)F)(F)F)(F)F,tg,86.0,108.85925206990022,93.3704605102539,True
*N1C(=O)c2c(C1=O)cc(cc2)Oc1cc2c(C(=O)N(C2=O)c2cc(c(cc2)Oc2c(cc(cc2C(C)(C)C)c2ccc(cc2)*)C(C)(C)C)C(F)(F)F)cc1,tg,353.0,324.5919729462058,,False
*N1C(=O)c2c(C1=O)cc(cc2)Oc1ccc(cc1)C1(CCCCCCCCCCC1)c1ccc(cc1)Oc1cc2c(C(=O)N(C2=O)c2ccc(cc2)Oc2ccc(cc2)C2(CCC(CC2)C(C)(C)C)c2ccc(cc2)Oc2ccc(cc2)*)cc1,tg,254.0,245.2696759854296,250.1593017578125,True
*Oc1ccc(cc1)C(c1ccc(cc1)Oc1ccc(cc1)C(=O)c1c(cccc1)c1c(cccc1)C(=O)c1ccc(cc1)*)(C(F)(F)F)C(F)(F)F,tg,178.5,187.25460485852037,176.5530548095703,True
*ON(C(C(*)(SC(F)(F)F)F)(F)F)C(F)(F)F,tg,-48.0,-13.569934360988368,,False
*N=Nc1ccc(cc1)NC(=O)CCC(=O)Nc1ccc(cc1)*,tg,220.0,187.7967605475244,223.73712158203125,True
*c1oc(cc1)C(=O)NNC(=O)c1ccc(cc1)[Si](c1ccc(cc1)C(=O)NNC(=O)*)(c1ccccc1)c1ccccc1,tg,264.0,214.1208716629734,,False
*Oc1c2c(c(cc1)C=Cc1ccc(cc1)C=Cc1c3c(c(cc1)OCCOCCOCC*)cccc3)cccc2,tg,83.5,93.49498919161448,93.224365234375,True
*O[Si](OC(COc1ccc(cc1)C(c1ccc(cc1)OCC(*)CCl)(C)C)CCl)(C)C,tg,24.0,43.05899951254715,,False
*c1nc2c(nc1)ccc(c2)S(=O)(=O)c1ccc2c(nc(cn2)c2ccc(cc2)*)c1,tg,342.0,309.5269981321188,322.9623107910156,True
*Oc1ccc(cc1)S(=O)(=O)c1ccc(cc1)Oc1ccc(cc1)C(=O)c1cc(ccc1)C(=O)c1ccc(cc1)*,tg,178.0,188.2942831754903,,False
*Oc1ccc(cc1)c1ccc(cc1)OC(=O)/C=C/c1ccc(cc1)/C=C/C(=O)*,tg,243.0,170.13060633396563,,False
*c1cc2c(C(=O)N(C2=O)c2ccc(cc2)Oc2c(cc(cc2C)C(c2cc(c(c(c2)C)Oc2ccc(cc2)N2C(=O)c3c(C2=O)cc(cc3)C(=O)*)C)c2c3c(ccc2)cccc3)C)cc1,tg,272.0,280.07403034226314,,False
*C(C*)C(=O)Oc1cc(cc(c1)C)C,tg,54.0,62.41284250554787,31.716367721557617,True
*C1CC2CC(CC(C1)O2)OC(=O)c1cc(ccc1)C(=O)O*,tg,113.0,173.69837895989124,,False
*OC(=O)CCCCC(=O)OCCC*,tg,-52.17,-52.599542367055335,,False
*Oc1ccc(cc1)C(c1ccc(cc1)OC(=O)*)(C)C,tg,144.87,144.15297929394163,,False
*c1cc2c(C(=O)N(C2=O)c2ccc(cc2)Oc2ccc(cc2)N2C(=O)c3c(C2=O)cc(cc3)C(*)O)cc1,tg,250.0,274.1287548366567,,False
*C(C*)SC,tg,-1.0,21.870422929512085,,False
*Oc1cc(ccc1)Oc1ccc(cc1)Oc1cc(ccc1)OC(=O)c1ccc(cc1)C(=O)*,tg,103.0,132.3905089286652,,False
*OCC(C*)(COCCCCCCCCCCOc1ccc(cc1)c1ccc(cc1)C#N)C,tg,7.0,18.26229495778566,,False
*Oc1ccc(cc1)C(c1ccc(cc1)Oc1ccc(cc1)C(=O)Nc1ccc(cc1)NC(=O)c1ccc(cc1)*)(C)C,tg,230.0,202.98990914899915,196.3190155029297,True
*C(C*)(C(=O)Oc1ccc(cc1)C(=O)Oc1ccccc1)C,tg,99.0,97.33529652930604,111.7469482421875,True
*C(CC(C*)C)(C(=O)OC)C,tg,16.0,60.27915767984587,,False
*N1C(=O)C(CC1=O)Nc1ccc(cc1)Cc1ccc(cc1)NC1C(=O)N(C(=O)C1)c1c(cc(cc1C)C(c1cc(c(c(c1)C)*)C)c1cnccc1)C,tg,219.0,222.0346763310729,214.97996520996094,True
*N1C(=O)c2c(C1=O)cc(cc2)Oc1ccc(cc1)C1(CCC(CC1)c1ccccc1)c1ccc(cc1)Oc1cc2c(C(=O)N(C2=O)c2ccc(cc2)Oc2ccc(cc2)C2(CCC(CC2)C(C)(C)C)c2ccc(cc2)Oc2ccc(cc2)*)cc1,tg,243.0,235.04361418869976,,False
*C(C*)(C(=O)OCC1(COC(OC1)(C)C)C)C,tg,104.0,106.57619285182209,91.31878662109375,True
*OC(C(=O)*)Cc1ccccc1,tg,35.05,81.61344341644583,,False
*C(=C(CC*)c1ccccc1)c1ccccc1,tg,120.5,132.39917447535228,125.19393157958984,True
*c1cc2c(C(=O)N(C2=O)c2cc(c(cc2)Oc2ccc(cc2)Oc2ccc(cc2)N2C(=O)c3c(C2=O)cc(cc3)C(=O)*)C(F)(F)F)cc1,tg,237.1,267.2128621511478,,False
*Oc1ccc(cc1)Oc1ccc(cc1)C(=Nc1ccc(cc1)N=C(c1ccc(cc1)*)c1ccccc1)c1ccccc1,tg,176.0,173.5372459450355,,False
*C1C(CC(C1)C=C*)(C[Si](C)(C)C)C#N,tg,128.0,106.5340307666806,,False
*c1cc2c(C(=O)N(C2=O)c2cc(ccc2)NC(=O)c2cc(ccc2)N2C(=O)c3c(C2=O)cc(cc3)C(=O)*)cc1,tg,285.67,288.5906753144487,278.8871765136719,True
*OC(=O)CCSCCC(=O)OCCOCCOCCOCC*,tg,-44.0,-49.21113151236414,-51.25563049316406,True
*N1C(=O)c2c(C1=O)cc(cc2)c1cc2c(C(=O)N(C2=O)c2c(cc(cc2C)C(c2cc(c(c(c2)C)*)C)c2c3c(ccc2)cccc3)C)cc1,tg,311.67,329.71795277862833,341.5896911621094,True
*N1C(=O)c2c(C1=O)cc(cc2)Oc1cc2c(C(=O)N(C2=O)c2cc(ccc2)Oc2c(c(ccc2)Oc2cc(ccc2)*)C#N)cc1,tg,206.33,209.12834825669617,,False
*c1cc2c(C(=O)N(C2=O)c2ccc(cc2)c2sc(c(c2c2ccccc2)c2ccccc2)c2ccc(cc2)N2C(=O)c3c(C2=O)cc(cc3)C(=O)Nc2ccc(cc2)Oc2ccc(cc2)NC(=O)*)cc1,tg,320.0,318.863528640139,318.6024169921875,True
*Nc1ccc(cc1)C(c1ccc(cc1)NC(=O)c1cc(cc(c1)C(C)(C)C)C(=O)*)(C(F)(F)F)C(F)(F)F,tg,284.1,264.96115830983405,,False
*C(C*)OC=O,tg,34.25,12.380896841493373,55.98344802856445,True
*C(C*)c1ccc(cc1)COCCOCCCCCCCC,tg,-42.0,-17.088477803434653,,False
*c1nnc(nc1c1ccc(cc1)Oc1ccc(cc1)C(c1ccc(cc1)Oc1ccc(cc1)*)(C(F)(F)F)C(F)(F)F)c1ncccc1,tg,224.0,211.3021603533116,,False
*N1C(=O)c2c(C1=O)cc(cc2)Oc1c(cccc1)Oc1cc2c(C(=O)N(C2=O)c2cc(ccc2)*)cc1,tg,224.0,234.5977318216558,232.2501220703125,True
*C1C2C(C(C1)C=C*)C1CCC2C1,tg,204.76,153.31229695978945,,False
*c1cc2c(C(=O)N(C2=O)c2ccc(cc2)NC(=O)Nc2ccc(cc2)N2C(=O)c3c(C2=O)cc(cc3)C(=O)Nc2ccc(cc2)NC(=O)Nc2ccc(cc2)NC(=O)*)cc1,tg,208.0,211.43315680349983,,False
*C(C*)OC(=O)CCCC(=O)c1ccc(cc1)C,tg,40.0,29.226606846394343,,False
*OC(=O)c1ccc(cc1)c1ccc(cc1)c1ccc(cc1)C(=O)OCC*,tg,180.0,122.73086097813682,,False
*OC(=O)NCc1ccc(cc1)CNC(=O)OCCCCCCCCCCCCCCCC*,tg,47.0,41.58857450898126,,False
*OC(=O)CCSCCC(=O)OCC*,tg,-47.0,-33.224678568442876,,False
*N1C(=O)c2c(C1=O)cc(cc2)C(=O)Oc1ccc(cc1)c1ccc(cc1)OC(=O)CCC*,tg,132.0,156.67805778520218,150.1874237060547,True
*Oc1c2c(ccc1)ccc(c2)Oc1ccc(cc1)NC(=O)c1ccc(cc1)S(=O)(=O)c1ccc(cc1)C(=O)Nc1ccc(cc1)*,tg,259.0,249.5267872780076,,False
*NC(=O)c1cc(cc(c1)C(C)(C)C)C(=O)NCc1cc(ccc1)C*,tg,192.0,193.394141052641,,False
*Oc1cc(ccc1)OC(=O)c1ccc(cc1)OC(=O)c1cc(ccc1)C(=O)Oc1ccc(cc1)C(=O)*,tg,156.75,145.76472701216747,,False
*c1oc(nn1)c1ccc(cc1)Oc1ccc(cc1)NC(=O)c1cc(cc(c1)NC(=O)c1ccc(cc1)OC(=O)C)C(=O)Nc1ccc(cc1)Oc1ccc(cc1)*,tg,270.0,266.46619781338705,,False
*Oc1cc(c(cc1)C(=O)O)C(=O)Nc1ccc(cc1)NC(=O)c1c(ccc(c1)*)C(=O)O,tg,166.3,245.17822107222705,,False
*c1sc(cc1SCCCCCC)*,tg,32.0,30.77617359383701,,False
*c1cc2c(C(=O)N(C2=O)c2cc(ccc2)C(C(C(C(C(c2cc(ccc2)N2C(=O)c3c(C2=O)cc(cc3)C(C(C(C(C(C(C(*)(F)F)(F)F)(F)F)(F)F)(F)F)(F)F)(F)F)(F)F)(F)F)(F)F)(F)F)(F)F)cc1,tg,108.5,128.96261881848594,104.05233001708984,True
*Oc1ccc(cc1)C=C1C(=O)C(=Cc2ccc(cc2)OCCCCCC*)CCC1,tg,116.0,71.53321378568955,,False
*C(C*)c1ccc(cc1)CC,tg,50.47,71.24836408744143,,False
*C(C*)c1c(ccc(c1)c1ccc(cc1)C(=O)OC(CC)C)c1ccc(cc1)C(=O)OC(CC)C,tg,212.5,120.28540260697824,112.71871185302734,True
*Oc1ccc(cc1)CC(Cc1ccc(cc1)*)(C#N)C#N,tg,147.0,134.98508067615546,,False
*c1cc2c(C(=O)N(C2=O)c2cc(ccc2)Oc2c(ccc(c2)Oc2cc(ccc2)N2C(=O)c3c(C2=O)cc(cc3)C(*)(C(F)(F)F)C(F)(F)F)P(=O)(c2ccccc2)c2ccccc2)cc1,tg,230.0,225.01967040461605,,False
*N=P(*)(NCC)NCC,tg,30.0,-14.449464261146124,,False
*N1C(=O)c2c(C1=O)cc(cc2)[Si](c1cc2c(C(=O)N(C2=O)c2ccc(cc2)Oc2ccc(cc2)C(=O)c2cc(ccc2)C(=O)c2ccc(cc2)Oc2ccc(cc2)*)cc1)(C)C,tg,208.0,219.76724902354013,,False
*C(C*)P(=O)(c1ccccc1)c1ccccc1,tg,127.5,100.3142710723,144.24281311035156,True
*Oc1ccc(cc1)N1ON1c1ccc(cc1)OCCCCCCOC(=O)CC(=O)OCCCCCC*,tg,16.0,27.43338125731955,,False
*Oc1c(cc(cc1)C(=O)*)CCCCC,tg,50.0,86.39458773629751,121.4410400390625,True
*Oc1ccc(cc1)c1ccc(cc1)OC(=O)c1c(ccc(c1)N=Nc1ccc(cc1)OCC)c1c(cc(cc1)N=Nc1ccc(cc1)OCC)C(=O)*,tg,165.0,187.5752787184472,165.5483856201172,True
*c1c2C(=O)N(C(=O)c2c(c2ccccc12)c1ccc(cc1)Oc1ccc(cc1)S(=O)(=O)c1ccc(cc1)Oc1ccc(cc1)*)c1ccc(cc1)Cl,tg,280.0,296.8777665700125,,False
*N1C(=S)N(C(=O)CC1=O)c1ccc(cc1)Oc1cc2c(cc1)ccc(c2)Oc1ccc(cc1)*,tg,151.5,185.04879009663304,155.2537384033203,True
*c1ccc2c3n(c4ccc(cc4n3)c3cc4n5c(nc4cc3)c3cccc4c(ccc(c5=O)c34)Oc3cc4c(cc3)cc(cc4)O*)c(=O)c3cccc1c23,tg,413.0,375.06695789198073,,False
*C(C*)(C(=O)OCc1cc(c(cc1)Cl)Cl)C,tg,34.45,32.26727449884148,,False
*OP(=O)(Oc1ccc(cc1)S(=O)(=O)c1ccc(cc1)*)Oc1ccc(cc1)[N+](=O)[O-],tg,114.0,122.46843834610132,,False
*OC(C*)(C)C,tg,92.0,-30.024518666542136,,False
*c1c2c(c(cc1)CC*)cccc2,tg,160.0,142.03703506480363,,False
*c1c2C(=O)N(C(=O)c2c(c2ccccc12)c1ccc(cc1)Oc1ccc(cc1)C(=O)c1ccc(cc1)Oc1ccc(cc1)*)c1ccc(cc1)C(F)(F)F,tg,260.0,274.56083744129614,279.8763122558594,True
*Oc1ccc(cc1)C1(CCC(CC1)C(c1ccc(cc1)OCC(C*)O)(C)C)C,tg,135.0,122.03642339123827,,False
*c1nc2c(nc1)cc(cc2)c1cc2c(nc(cn2)c2ccc(cc2)c2ccc(cc2)*)cc1,tg,345.5,372.1900589667928,,False
*O[Si](O[Si](c1c(c(c(c(c1F)F)F)[Si](*)(C)C)F)(C)C)(C)C,tg,-61.0,-43.46088156387464,-49.85703659057617,True
*N1C(=O)c2c(C1=O)c(ccc2)c1cc2c(C(=O)N(C2=O)c2ccc(cc2)Oc2cc(ccc2)Oc2ccc(cc2)*)cc1,tg,259.0,244.34793934238573,251.950927734375,True
*NC(=O)c1cc(ccc1)C(=O)NCCCCCCCC*,tg,110.0,118.72435116965544,,False
*N1C(=O)c2c(C1=O)cc(cc2)NC(=O)Nc1ccc(cc1)c1nc(cc(c1)c1ccc(cc1)c1ccccc1)c1ccc(cc1)NC(=O)Nc1cc2c(C(=O)N(C2=O)c2ccc(cc2)c2nc(cc(c2)c2ccc(cc2)c2ccccc2)c2ccc(cc2)*)cc1,tg,272.0,263.7266888091968,,False
*C(C*)c1ccc(cc1)C(=O)c1ccc(cc1)OC,tg,103.0,116.7692083339171,111.02288818359375,True
*OP(=O)(N=Nc1ccc(cc1)Oc1ccc(cc1)N=NP(=O)(OCCCCCC*)OC)OC,tg,25.0,25.062934528002085,,False
*c1sc(cc1C(=O)OCCCCCCCCCCOc1ccc(cc1)c1ccc(cc1)OC(=O)c1ccc(cc1)OCC(CCCCCC)F)*,tg,151.0,56.37445885282503,,False
*Oc1c(cc(cc1)OC(=O)c1ccc(cc1)OCCCCCCCCCCCCOc1ccc(cc1)C(=O)*)S(=O)(=O)c1ccccc1,tg,82.7,94.66734964490958,82.19832611083984,True
*N1C(=O)c2c(C1=O)cc(cc2)C(=O)Oc1ccc(cc1)c1ccc(cc1)OC(=O)c1cc2c(C(=O)N(C2=O)CCCC*)cc1,tg,126.0,151.59684488953783,,False
*C(C*)(C(=O)Oc1ccc(cc1)OCc1ccccc1)C,tg,95.3,94.90866520822576,94.46355438232422,True
*Oc1ccc(cc1)CC(NC(=O)CCc1ccc(cc1)OC(=O)CCCCCCCCC(=O)*)C(=O)OC(CC)C,tg,36.0,36.00361449202572,,False
*C1(CC(C1)*)C#N,tg,220.0,113.8962240974144,,False
*N1C(=O)C(CC1=O)Nc1ccc(cc1)Cc1ccc(cc1)NC1C(=O)N(C(=O)C1)c1ccc(cc1)Oc1c(cc(cc1C)C(c1cc(c(c(c1)C)Oc1ccc(cc1)*)C)c1cnccc1)C,tg,201.0,221.35965857451524,201.1014862060547,True
*N1C(=O)c2c(C1=O)cc(cc2)Oc1cc2c(C(=O)N(C2=O)c2cc(ccc2)Oc2c(ccc(c2)Oc2cc(ccc2)*)P(=O)(c2ccccc2)c2ccccc2)cc1,tg,212.0,209.8958088801696,,False
*N1C(=O)c2c(C1=O)c(ccc2)Oc1c(cc(cc1C)c1cc(c(c(c1)C)Oc1c2c(C(=O)N(C2=O)c2cc(ccc2)*)ccc1)C)C,tg,311.0,313.2471089019352,,False
*Oc1ccc(cc1)c1ccc(cc1)Oc1c(c(c(c(c1F)F)COC(c1cc(ccc1)C(OCc1c(c(c(c(c1F)F)*)F)F)(C(F)(F)F)C(F)(F)F)(C(F)(F)F)C(F)(F)F)F)F,tg,110.0,116.53568891815269,106.76025390625,True
*Oc1cc(ccc1)NC(=O)CCCCCCCC(=O)Nc1ccc(cc1)*,tg,120.0,132.5802852264989,,False
*c1nc2c(nc1c1ccc(cc1)C(=O)NCCCCCCCCCCNC(=O)c1ccc(cc1)*)cccc2,tg,166.0,164.0469150677658,,False
*c1cc2c(nc(cc2c2ccccc2)Oc2nc3c(c(c2)c2ccccc2)cc(cc3)c2ccc(cc2)c2ccc(cc2)*)cc1,tg,308.0,324.0597487642356,,False
*Nc1ccc(cc1)NC(=O)Cc1c(cc(c(c1)CC(=O)*)C)C,tg,208.0,200.7715076294852,198.4488983154297,True
*N1C(=O)c2c(C1=O)cc(cc2)Oc1cc2c(C(=O)N(C2=O)c2ccc(cc2)C(c2ccc(cc2)*)(C)C)cc1,tg,265.0,274.23948520295653,,False
*C(C*)(C(=O)OCCCCCCOc1ccc(cc1)N=Nc1ccc(cc1)C1OCC2(CO1)CC1C=CC2C1)C,tg,118.5,106.94402585588642,,False
*Oc1ccc(cc1)C(c1ccc(cc1)OC(=O)c1c(cccc1)c1c(cccc1)C(=O)*)(c1ccccc1)C,tg,172.0,192.2991082286338,196.8548583984375,True
*OC(=O)c1c(ccc(c1)N=Nc1ccc(cc1)OCC)c1c(cc(cc1)N=Nc1ccc(cc1)OCC)C(=O)OCCOCCOCC*,tg,65.0,84.66274205291053,83.05624389648438,True
*C(C*)(CCCCC)C(=O)OC,tg,44.6,13.48537088167506,37.06470489501953,True
*c1cc2c(C(=O)N(C2=O)c2cc(ccc2)Cc2cc(ccc2)N2C(=O)c3c(C2=O)cc(cc3)C(=O)*)cc1,tg,241.33,267.3648062023653,274.9875183105469,True
*Oc1ccc(cc1)C(=O)c1ccc(cc1)C(=O)c1ccc(cc1)Oc1cc(ccc1)Cc1cc(ccc1)*,tg,122.0,125.29285539244393,132.96783447265625,True
*N1C(=O)c2c(C1=O)cc(cc2)Oc1cc2c(cc1)ccc(c2)Oc1cc2c(C(=O)N(C2=O)c2ccc(cc2)C(c2ccc(cc2)*)(C)C)cc1,tg,247.0,254.91147614031576,243.3507843017578,True
*c1ncc(cc1)C(=O)NNC(=O)c1ccc(cc1)[Si](c1ccc(cc1)C(=O)NNC(=O)*)(c1ccccc1)c1ccccc1,tg,256.0,237.6143062111371,,False
*c1sc(cc1CCCCCCCCCCCC)*,tg,-13.51,15.431442892446295,,False
*C(C*)(C(=O)OCCOCCOC)C,tg,-35.25,21.88356540151037,-3.3722686767578125,True
*Oc1ccc(cc1)CC(NC(=O)CCc1ccc(cc1)OC(=O)CC(CCC(=O)*)C)C(=O)OC(CC)C,tg,45.0,51.554642254802054,,False
*C1OC(OC1COC(=O)OC*)(OCC)OCC,tg,10.8,39.28307512960384,,False
*Oc1ccc(cc1)C1(c2ccccc2c2ccccc12)c1ccc(cc1)OCCOC(=O)Nc1ccc(cc1)Cc1ccc(cc1)NC(=O)OCC*,tg,152.0,163.61861491611023,,False
*O[Si](CC[Si](Oc1c(cc(cc1C)c1cc(c(c(c1)C)*)C)C)(C)C)(C)C,tg,55.0,79.05047625036612,,False
*c1nc2c([nH]1)ccc(c2)N1C(=O)c2c(C1=O)cc(cc2)c1cc2c(C(=O)N(C2=O)c2ccc(cc2)*)cc1,tg,425.0,371.2422272348902,,False
*c1cc2c(C(=O)N(C2=O)c2cc(ccc2)N2C(=O)c3c(C2=O)cc(cc3)C(=O)Nc2nc(ccc2)NC(=O)*)cc1,tg,339.0,286.2364026571917,,False
*C(C*)C(=O)Nc1ccccc1,tg,160.0,81.63693660435497,,False
*[Si](CC(C*)Cc1c2c(ccc1)cccc2)(C)C,tg,17.0,24.7447032524735,,False
*N(CC*)C(=O)c1cc(ccc1)F,tg,97.0,85.36488657537653,91.5542221069336,True
*C1CC2CC(CC(C1)O2)OC(=O)Oc1ccc(cc1)S(=O)(=O)c1ccc(cc1)OC(=O)O*,tg,184.0,174.6512419351723,,False
*c1nc2c(c(c1)c1ccccc1)cc(cc2)C1(c2ccccc2C(=O)c2ccccc12)c1cc2c(nc(cc2c2ccccc2)c2ccc(cc2)C2(c3ccccc3c3ccccc23)c2ccc(cc2)*)cc1,tg,405.0,369.4652452946329,,False
*C(C*)C(=O)OCCSCC,tg,-71.0,-51.619602829464974,,False
*C(C*)c1ccc(cc1)C(=O)N1CCOCC1,tg,127.0,122.7918899971387,,False
*Oc1c2c(c(cc1)c1c3c(c(cc1)Oc1ccc(cc1)Oc1ccc(cc1)S(=O)(=O)c1ccc(cc1)Oc1ccc(cc1)*)cccc3)cccc2,tg,214.0,207.79128952032556,,False
*N(CCC*)C(=O)CC,tg,8.0,2.9039429334494273,7.569252014160156,True
*C1C(CC(C1)C=C*)(CC)C#N,tg,134.0,130.8382536530374,139.59934997558594,True
*N1C(=O)c2c(C1=O)cc(cc2)C(=O)Oc1cc2c(cc1)ccc(c2)OC(=O)CCCCC*,tg,113.0,111.06421451335076,,False
*c1cc2c(C(=O)N(C2=O)C2C(=O)N(C(=O)C2)c2cc(ccc2)NC(=O)*)cc1,tg,130.0,181.9993031525246,,False
*OC(=O)OCC(C*)(C(=O)OCc1ccccc1)C,tg,-2.0,48.74256219603524,,False
*OC(C(=O)OCCC*)C,tg,-33.0,-35.662204355166544,,False
*c1cc2c(cc1OC(=O)COc1ccc3c(c1)oc(=O)cc3)oc(=O)c(c2)C(=O)Nc1ccc(cc1)c1ccc(cc1)NC(=O)c1c(=O)oc2c(cc(c(c2)OC(=O)COc2ccc3c(c2)oc(=O)cc3)C*)c1,tg,248.0,250.13993544018783,,False
*OC(=O)CCCCCCCCC(=O)OCC(C*)(CC)C,tg,-69.0,-45.71030042950443,,False
*C(C*)c1c(ccc(c1)C(=O)Oc1ccc(cc1)OCCCCCCCCCCCC)C(=O)Oc1ccc(cc1)OCCCCCCCCCCCC,tg,108.0,105.63294686382396,111.17822265625,True
*NC(=O)CNC(=O)CCCCC(=O)NCCCCCC*,tg,53.4,50.20879572589897,59.6419563293457,True
*Oc1c2c(c(cc1)c1c3c(c(cc1)OCCCCCCC*)cccc3)cccc2,tg,129.5,91.37285043315462,,False
*N1C(=O)c2c(C1=O)cc(cc2)c1cc2c(C(=O)N(C2=O)c2cc(ccc2)C(=O)Nc2ccc(cc2)Oc2ccc(cc2)NC(=O)c2cc(ccc2)*)cc1,tg,253.0,262.9355745129114,271.1611633300781,True
*C(C*)(C(=O)OCCOCCOCCOc1ccc(cc1)N=Nc1ccc(cc1)C#N)C,tg,37.0,32.541391053941325,,False
*c1cc2c(C(=O)N(C2=O)c2ccc(cc2)Oc2ccc(cc2)C2(C3C4C(CCC4)C(C2)C3)c2ccc(cc2)Oc2ccc(cc2)N2C(=O)c3c(C2=O)cc(cc3)C(=O)Nc2ccc(cc2)Oc2c(cc(c(c2)C(C)(C)C)Oc2ccc(cc2)NC(=O)*)C(C)(C)C)cc1,tg,290.0,266.8889257724263,,False
*Oc1ccc(cc1)C(c1ccc(cc1)OC(=O)*)(C(F)(F)F)C(F)(F)F,tg,173.55,158.36989032175018,156.45932006835938,True
*C(C*)(C(=O)OCCN(c1ccc(cc1)N=Nc1ccc(cc1)[N+](=O)[O-])CC)C,tg,125.25,110.8298538261312,,False
*c1cc2c(C(=O)N(C2=O)c2ccc(cc2)C2(CCC(CC2)C(CC)(C)C)c2ccc(cc2)NC(=O)*)cc1,tg,342.0,308.7943403984363,280.0497741699219,True
*C1(c2c(C(=O)O1)cccc2)c1ccc(cc1)Oc1c(c(c(c(c1F)F)C(=O)c1c(c(c(c(c1F)F)Oc1ccc(cc1)*)F)F)F)F,tg,215.0,246.57101400554424,223.74537658691406,True
*C(C*)(C(=O)OCC(C(F)F)(F)F)C,tg,80.0,77.96637250858542,,False
*OC(=O)CCC#CC#CCCC(=O)OCCN(CC*)c1ccc(cc1)[N+](=O)[O-],tg,30.0,48.85507299299817,,False
*C(C*)c1c2c(OCO2)ccc1,tg,119.0,131.97213971413572,,False
*c1cc2c(C(=O)N(C2=O)c2c(cc(c(c2C)N2C(=O)c3c(C2=O)cc(cc3)C(=O)Nc2ccc(cc2)NC(=O)*)C)C)cc1,tg,327.0,326.7848337381855,313.3813781738281,True
*OC(=O)c1ccc(cc1)c1ccc(cc1)C(=O)OCCCC*,tg,70.0,68.04192662863447,73.10433959960938,True
*O[Si](*)(c1ccccc1)C,tg,-24.27,38.143430622799286,-1.1694717407226562,True
*c1cc2c(C(=O)N(C2=O)c2ccc(cc2)NC(=O)c2cc(ccc2)N2C(=O)c3c(C2=O)cc(cc3)C(=O)*)cc1,tg,308.0,277.9262045825821,,False
*Oc1c(cc(cc1Br)C(c1cc(c(c(c1)Br)OC(=O)*)Br)(C(F)(F)F)C(F)(F)F)Br,tg,206.0,188.47033950399475,198.10107421875,True
*Oc1cc(c(cc1)C(=O)c1ccccc1)c1c(ccc(c1)Oc1ccc(cc1)C(c1ccc(cc1)*)(C(F)(F)F)C(F)(F)F)C(=O)c1ccccc1,tg,164.0,197.40691014634697,166.5553741455078,True
*NC(=O)c1ccc(cc1)C(=O)NCC(CCC*)C,tg,153.5,155.64977033274008,,False
*C1(CCN(CC1)C(=O)CCCC(=O)N1CCC(CC1)(CCC*)C)C,tg,58.0,56.813101965901325,,False
*Oc1ccc(cc1)Oc1ccc(cc1)P(=O)(c1ccc(cc1)*)C,tg,213.0,177.58895684849594,,False
*C(C*)OC(=O)C1CCCC1,tg,36.0,63.423509756402616,,False
*C=CCC(C*)(C(=O)OC12CC3CC(CC(C1)C3)C2)C(=O)OC12CC3CC(CC(C1)C3)C2,tg,34.0,139.25392772820155,127.0831298828125,True
*Oc1cc(ccc1)Oc1c(c(ccc1)Oc1cc(ccc1)Oc1ccc(cc1)c1ccc(cc1)*)C(=O)c1c(cccc1)S(=O)(=O)O[Na],tg,230.0,219.08785026924735,,False
*c1ccc2c3n(c4ccc(cc4n3)c3cc4n5c(nc4cc3)c3cccc4c(ccc(c5=O)c34)Oc3c(cccc3)c3c(cccc3)O*)c(=O)c3cccc1c23,tg,376.0,395.5456041348081,,False
*OC(=O)Nc1c(ccc(c1)NC(=O)OCCN(CC*)c1ccc(cc1)N=Nc1ccc(cc1)c1nc2c([nH]1)ccc(c2)[N+](=O)[O-])C,tg,188.0,167.6467616235246,178.3479461669922,True
*N1C(=O)c2c(C1=O)cc(cc2)Oc1cc2c(C(=O)N(C2=O)c2cc(ccc2)Oc2cc(ccc2)*)cc1,tg,200.0,226.93940722912217,,False
*N1C(=O)C(=C(C1=O)Cl)Oc1ccc(cc1)C(c1ccc(cc1)OC1=C(C(=O)N(C1=O)c1ccc(cc1)Oc1ccc(cc1)*)Cl)(C(F)(F)F)C(F)(F)F,tg,193.0,197.12064576651096,209.81251525878906,True
*OC(=O)NC1CC(CC(C1)(CNC(=O)OCCN(CC*)c1ccc(cc1)N=Nc1ccc(cc1)B(c1c(cc(cc1C)C)C)c1c(cc(cc1C)C)C)C)(C)C,tg,146.0,157.9883204780493,,False
*c1oc(nn1)c1ccc(cc1)C(=O)OCCCCCCCCOc1ccc(cc1)C=CC(=O)C=Cc1ccc(cc1)OCCCCCCCCOC(=O)c1ccc(cc1)*,tg,59.0,83.16832179672916,77.01849365234375,True
*C(=C*)C(CCCCCCC)[Si](C)(C)C,tg,150.0,112.66119547931936,,False
*C1C2C(C(C1)CC*)CCC2,tg,103.55,131.2737601053806,,False
*c1cc2c(C(=O)N(C2=O)c2ccc(cc2)Oc2ccc(cc2)C(=O)c2cc(ccc2)C(=O)c2ccc(cc2)Oc2ccc(cc2)N2C(=O)c3c(C2=O)cc(cc3)C(*)(C(F)(F)F)C(F)(F)F)cc1,tg,236.0,233.58920973625223,,False
*c1cc2c(C(=O)N(C2=O)c2ccc(cc2)Oc2c(cc(c(c2)C(C)(C)C)Oc2ccc(cc2)N2C(=O)c3c(C2=O)cc(cc3)C(*)(C(F)(F)F)C(F)(F)F)C(C)(C)C)cc1,tg,277.0,271.6437581534183,,False
*OC(=O)NCCCCCCNC(=O)OCCOCC*,tg,5.0,5.50961362367331,3.401850461959839,True
*Oc1cc(ccc1)NC(=O)c1ccc(cc1)P(=O)(c1ccc(cc1)C(=O)Nc1cc(ccc1)Oc1ccc(cc1)P(=O)(c1ccc(cc1)*)c1ccccc1)c1ccccc1,tg,235.0,222.7014657296548,,False
*N(CC*)C(=O)CCCCCCC,tg,10.0,3.391647114810434,,False
*c1sc(cc1SCCCC)c1ccc(cc1)c1sc(c(c1)SCCCC)c1ccc(cc1)*,tg,26.4,39.63844267885441,,False
*C1C2C(C(=O)N(C2=O)c2c(cccc2)Cl)C(C1)C=C*,tg,255.6,210.63625341438993,240.65098571777344,True
*Oc1cc(cc(c1)CCC)OC(=O)c1cc(ccc1)C(=O)*,tg,129.0,114.78777997483591,126.0037841796875,True
*C(CCCCC*)CCCCCCCC,tg,-72.0,-42.31632173722398,,False
*C1OCC2(CO1)COC(OC2)CCCCCCCC(=O)OCCOC(=O)CCCCCCC*,tg,0.0,4.906352371387368,,False
*Oc1c(cc(cc1)Oc1c(c(c(c(c1F)F)c1c(c(c(c(c1F)F)*)F)F)F)F)S(=O)(=O)O,tg,120.0,206.97202602260325,,False
*Oc1ccc(cc1)C1(c2ccccc2c2ccccc12)c1ccc(cc1)Oc1ccc(cc1)C(=O)c1cc(ccc1)c1cc(ccc1)C(=O)c1ccc(cc1)*,tg,212.0,234.2444032313161,237.163330078125,True
*OC(=O)CCCC(=O)NCCCCCC*,tg,-18.0,16.28705415852563,,False
*c1cc2c(C(=O)N(C2=O)c2ccc(cc2)Oc2c3c(ccc2)c(ccc3)Oc2ccc(cc2)N2C(=O)c3c(C2=O)cc(cc3)C(=O)Nc2ccc(cc2)Oc2ccc(cc2)C(c2ccc(cc2)Oc2ccc(cc2)NC(=O)*)(C(F)(F)F)C(F)(F)F)cc1,tg,231.0,260.818086713375,,False
*c1c(ccc(c1)*)c1oc2c(n1)cc(cc2)C,tg,221.0,239.80951073437905,,False
*N1C(=O)c2c(C1=O)c(ccc2)c1cc2c(C(=O)N(C2=O)c2cc(ccc2)C(=O)Nc2ccc(cc2)NC(=O)c2cc(ccc2)*)cc1,tg,328.0,289.3588017035024,,False
*C(C*)C(=O)OCCCCCCCCCCCCCCCCCC,tg,-42.5,-88.748472983348,,False
*Oc1ccc(cc1)CC(NC(=O)CCc1ccc(cc1)OC(=O)CCCCCCC(=O)*)C(=O)OCC(C)C,tg,42.0,42.374750731303585,,False
*c1cc2c(C(=O)N(C2=O)c2ccc(cc2)S(=O)(=O)c2ccc(cc2)NC(=O)c2cc(ccc2)C(=O)Nc2ccc(cc2)S(=O)(=O)c2ccc(cc2)N2C(=O)c3c(C2=O)cc(cc3)C(=O)*)cc1,tg,226.0,282.3344062805452,,False
*Oc1ccc(cc1)C(=O)NNC(=O)c1c(cc(cc1)C(=O)NNC(=O)c1ccc(cc1)OC(=O)c1cc(ccc1)C(=O)*)Oc1ccccc1,tg,160.0,187.013461338859,201.24464416503906,True
*C(C*)c1c(ccc(c1)C(=O)OC)c1ccc(cc1)OCCCCCCCC,tg,126.0,80.25857363847645,,False
*Oc1ccc(cc1)Oc1cc(ccc1)Oc1ccc(cc1)c1ccc(cc1)Oc1cc(ccc1)Oc1ccc(cc1)Oc1c(cc(cc1)C(=O)c1cc(c(cc1)*)S(=O)(=O)O[Na])S(=O)(=O)O[Na],tg,304.0,296.7369377187163,,False
*c1cc2C3(CCC(CC3)(C3=NC(CO3)Cc3ccccc3)C3=NC(CO3)Cc3ccccc3)c3c(c2cc1)ccc(c3)c1cc2C(c3c(c2cc1)ccc(c3)*)(CCCCCC)CCCCCC,tg,142.0,139.51546086586575,,False
*c1c2C(=O)N(C(=O)c2c(c2ccccc12)c1ccc(cc1)Oc1ccc(cc1)S(=O)(=O)c1ccc(cc1)Oc1ccc(cc1)*)CCCCCCCCCCCC,tg,167.0,154.18568145471696,189.5538330078125,True
*c1cc2c(oc(n2)c2cc(ccc2)c2oc3c(n2)cc(cc3)C(*)(c2ccccc2)C(F)(F)F)cc1,tg,301.0,358.60134037972415,351.2721862792969,True
*C1C(=O)OC(=O)C1C1C2CC(C(C1*)C2)COCCC,tg,209.0,173.00815680668572,230.27345275878906,True
*P1(=NP(=NP(=N1)(Oc1ccc(cc1)C(=O)OCCC)Oc1ccc(cc1)C(=O)OCCC)(Oc1ccc(cc1)C(c1ccc(cc1)O*)(C(F)(F)F)C(F)(F)F)Oc1ccc(cc1)C(=O)OCCC)Oc1ccc(cc1)C(=O)OCCC,tg,34.0,63.206656166934984,,False
*N1C(=O)c2c(C1=O)cc(cc2)C(=O)c1cc2c(C(=O)N(C2=O)CCCCCCOC(=O)OCCCCCC*)cc1,tg,74.0,64.27762471482035,,False
*c1cc2c(C(=O)N(C2=O)c2ccc(cc2)NC(=O)Nc2ccc(cc2)N2C(=O)c3c(C2=O)cc(cc3)C(=O)Nc2ccc(cc2)Oc2ccc(cc2)NC(=O)*)cc1,tg,205.0,226.0284447499333,265.7768249511719,True
*C(C*)c1ccc(cc1)C(=O)CCC,tg,74.0,81.72252683002564,90.50882720947266,True
*c1cc2c(C(=O)N(C2=O)c2ccc(cc2)Oc2ccc(cc2)S(=O)(=O)c2ccc(cc2)Oc2ccc(cc2)N2C(=O)c3c(C2=O)cc(cc3)C(=O)c2cc(ccc2)C(=O)*)cc1,tg,249.0,242.83568881232472,,False
*c1sc(nn1)c1ccc(cc1)OC(=O)CCCCCCCCC(=O)Oc1cc(ccc1)C=C*,tg,55.0,36.84541649528459,,False
*OCCCCSSCCCC*,tg,-76.0,-59.37036778806682,-65.54207611083984,True
*Oc1c(cc(cc1)OC(=O)c1c(cc(cc1)c1ccc(cc1)C(=O)*)c1ccccc1)C(c1ccccc1)(C)C,tg,146.0,173.8236736585653,166.2667236328125,True
*N(CC*)C(=O)c1ccc(cc1)F,tg,104.0,107.706930767679,,False
*Oc1ccc(cc1)C1(CCCCCC1)c1ccc(cc1)OC(=O)*,tg,155.0,166.97708473577362,173.53636169433594,True
*O[Si](O[Si](O[Si](O[Si](O[Si](C#Cc1ccc(cc1)C#C[Si](*)(C)C)(C)C)(C)C)(C)C)(C)C)(C)C,tg,78.0,34.115619636430246,29.63609504699707,True
*C(C*)(C(=O)OCCCCCCCCOc1ccc(cc1)C(=O)Oc1ccc(cc1)C(=O)C=Cc1c(c2c(n1CCCC)cccc2)C)C,tg,69.0,70.56935659736202,,False
*Oc1ccc(cc1)P(=O)(c1ccc(cc1)Oc1ccc(cc1)C(c1ccc(cc1)*)(c1ccccc1)C(F)(F)F)C,tg,229.0,205.31257673307633,,False
*c1cc2c(nc(c(n2)c2ccc(cc2)Oc2ccc(cc2)c2c(nc3c(n2)cc(cc3)C(=O)*)c2ccccc2)c2ccccc2)cc1,tg,265.4,307.94641556815515,,False
*Oc1ccc(cc1)c1ccc(cc1)c1ccc(cc1)Oc1ccc(cc1)C(=O)c1cc(ccc1)C(=O)c1ccc(cc1)*,tg,174.0,180.24801792766564,,False
*C(C*)c1ccc(cc1)C(CCCCC)(O)C,tg,92.5,89.16452154664553,72.185302734375,True
*C(C*)C(=O)Oc1cc(ccc1)C(=O)OCC,tg,24.0,35.72677143429123,43.77259826660156,True
*Oc1c(cc(c(c1)OC(=O)c1ccc(cc1)OCCCC)OC(=O)CCCCCCCC(=O)*)OC(=O)c1ccc(cc1)OCCCC,tg,38.0,40.814985651442335,,False
*c1cc2c(C(=O)N(C2=O)c2cc(ccc2)Nc2nc(nc(n2)Nc2cc(ccc2)N2C(=O)c3c(C2=O)cc(cc3)C(=O)*)N(c2ccccc2)c2ccccc2)cc1,tg,290.0,261.45138654641636,280.3287353515625,True
*N1C(=O)c2c(C1=O)cc(cc2)C(=O)c1cc2c(C(=O)N(C2=O)CCCCCCCCCCC(=O)Nc2ccc(cc2)NC(=O)CCCCCCCCCC*)cc1,tg,125.0,159.04722892296004,144.2887725830078,True
*Oc1cc(ccc1)NC(=O)c1cc(cc(c1)C(C(C(C(C(C(C(C(F)(F)F)(F)F)(F)F)(F)F)(F)F)(F)F)(F)F)(F)F)C(=O)Nc1ccc(cc1)*,tg,210.0,225.84730903635077,186.65675354003906,True
*C(C*)(C(=O)OCc1occc1)C,tg,111.0,67.52945096533819,,False
*C(C*)(C(=O)OCCCCC)C,tg,6.0,12.638343867055774,,False
*N1C(=O)c2c(C1=O)cc(cc2)Oc1cc2c(C(=O)N(C2=O)c2c(ccc(c2)C(c2cc(c(cc2)OCCN(c2ccc(cc2)C=CC2=CC(=C(C(=O)OC)C#N)CC(C2)(C)C)c2ccccc2)*)(C(F)(F)F)C(F)(F)F)OCCN(c2ccc(cc2)C=CC2=CC(=C(C(=O)OC)C#N)CC(C2)(C)C)C)cc1,tg,207.0,190.9984572302966,211.0242462158203,True
*C=CC(C(*)COCc1ccccc1)COCc1ccccc1,tg,-4.0,13.511865829229658,,False
*c1cc2c(C(=O)N(C2=O)c2ccc(cc2)Oc2c(c(ccc2)Oc2ccc(cc2)N2C(=O)c3c(C2=O)cc(cc3)C(*)(C(F)(F)F)C(F)(F)F)C#N)cc1,tg,280.0,249.55576729200664,,False
*c1ccc2n(c3c(c2c1)cc(cc3)Nc1ccc(cc1)C(=O)c1ccc(cc1)C(=O)c1ccc(cc1)N*)CC(CCCC)CC,tg,213.0,207.5040095477228,207.11631774902344,True
*c1c(nc2c(n1)cc(cc2)Oc1cc2c(nc(c(n2)c2ccc(cc2)c2ccc(cc2)*)c2ccccc2)cc1)c1ccccc1,tg,410.0,306.6991937094908,,False
*Nc1ccc(cc1)Cc1ccc(cc1)NC(=O)c1ccc(cc1)C(=O)*,tg,294.5,282.3194940243082,276.9226989746094,True
*N1C(=O)C(=C(C1=O)c1ccccc1)c1ccc(cc1)C1=C(C(=O)N(C1=O)c1ccc(cc1)Oc1ccc(cc1)Oc1ccc(cc1)*)c1ccccc1,tg,249.0,246.62104006790975,258.3624572753906,True
*C(C*)c1ccc(cc1)OP1(=NP(=NP(=N1)(OCCOCCOCCOC)OCCOCCOCCOC)(OCCOCCOCCOC)OCCOCCOCCOC)OCCOCCOCCOC,tg,-66.5,4.607593495824378,-54.573787689208984,True
*c1cc2c(C(=O)N(C2=O)c2cc(ccc2)P(=O)(c2cc(ccc2)N2C(=O)c3c(C2=O)cc(cc3)C(*)(C(F)(F)F)C(F)(F)F)c2ccccc2)cc1,tg,271.0,277.0875639357771,,False
*C(C*)(C(=O)OCc1ccc(cc1)C=CC(=O)Oc1ccc(cc1)OC)C,tg,89.0,97.4423014314131,,False
*OCCOCCOCCCNC(=O)C(NC(=O)CCCCCCCCC(=O)NC(C(=O)NCCC*)Cc1ccccc1)Cc1ccccc1,tg,44.0,48.77337247431846,44.2783203125,True
*O[Si](*)(CCC(C(C(C(F)(F)F)(F)F)(F)F)(F)F)C,tg,-75.0,-36.74376477131276,-54.84800338745117,True
*C(C*)OC(C)C,tg,-7.5,13.411141460971004,,False
*Oc1c(cc(cc1)Oc1ccc(cc1)C(=O)c1ccc(cc1)*)S(=O)(=O)O,tg,214.67,182.34238986851463,,False
*N1C(=O)C2C(C1=O)C(Cc1ccccc21)C1C(=O)N(C(=O)C1)c1cc(cc(c1)C(=O)OCCCCCC)*,tg,249.43,189.37100190800763,235.3726348876953,True
*c1nc2c(c(c1)c1ccccc1)cc(cc2)c1cc2c(nc(cc2c2ccccc2)c2ccc(cc2)C2(c3ccccc3C(=O)c3ccccc23)c2ccc(cc2)*)cc1,tg,417.0,356.350968598736,385.176513671875,True
*OC(=O)C1=C(CCCC=C1C(=O)OCC*)N1CCCC1,tg,345.0,70.2641447481175,,False
*c1cc2c(C(=O)N(C2=O)c2c(cc(cc2C)Cc2cc(c(c(c2)C)N2C(=O)c3c(C2=O)cc(cc3)C(=O)Nc2c(ccc(c2)NC(=O)*)N=Nc2ccc(cc2)[N+](=O)[O-])C)C)cc1,tg,264.0,279.5157127210444,267.0179443359375,True
*Oc1cc(ccc1)N(c1ccc(cc1)c1ccc(cc1)N(c1cc(ccc1)OC(=O)OCCOCCOC(=O)*)c1ccc(cc1)N=Nc1ccc(cc1)[N+](=O)[O-])c1ccccc1,tg,107.25,127.7341360679662,118.5666275024414,True
*C(C*)CN,tg,190.0,38.43620188041461,35.061153411865234,True
*C(=C(*)C)SCC,tg,160.0,111.2059521602133,,False
*SSSCc1ccc(cc1)C*,tg,8.0,31.888451041281034,,False
*N1C(=O)c2c(C1=O)cc(cc2)Oc1ccc(cc1)C(=O)Nc1ccc(cc1)Oc1ccc(cc1)*,tg,262.0,251.98165629976847,,False
*c1cc2c(C(=O)N(C2=O)c2ccc(cc2)Cc2ccc(cc2)N2C(=O)c3c(C2=O)cc(cc3)C(=O)c2ccc(cc2)Oc2ccc(cc2)S(=O)(=O)c2ccc(cc2)Oc2ccc(cc2)C(=O)*)cc1,tg,245.0,243.62322475113945,250.67510986328125,True
*N1C(=O)c2c(C1=O)cc(cc2)Oc1cc2c(cc1)ccc(c2)Oc1cc2c(C(=O)N(C2=O)c2ccc(cc2)Oc2ccc(cc2)*)cc1,tg,249.5,233.35301016005155,,False
*NNC(=O)c1c(cc(cc1)C(=O)*)OCCCCC,tg,234.0,103.64509516822278,84.23798370361328,True
*Oc1ccc(cc1)P(=O)(c1ccc(cc1)*)c1ccccc1,tg,240.0,182.21143152475517,266.6755065917969,True
*Oc1cc2c(cc1)ccc(c2)OC(=O)c1ccc(cc1)Oc1ccc(cc1)C(=O)*,tg,142.0,176.8381286908817,,False
*OC(=O)NCCCCCCNC(=O)OCC#CC*,tg,-45.0,39.30381441417643,,False
*S(=O)(=NP(=NP(=N*)(NC)NC)(NC)NC)NC,tg,22.0,35.667095689195065,-32.379180908203125,True
*N1C(=O)c2c(C1=O)cc(cc2)C(=O)Oc1ccc(cc1)OC(=O)CCCC*,tg,89.32,95.50167769156548,,False
*OC(=O)COCC(=O)OCCCC*,tg,-27.0,-25.346339416919125,-25.411306381225586,True
*NC(=O)c1c(cc(cc1)C(=O)NCCCCCC*)Oc1ccc(cc1)Cl,tg,112.5,113.22508915112188,,False
*OCCCNC(=O)CCCCC(=O)NCCC*,tg,34.0,6.62163446531688,23.70647621154785,True
*Oc1ccc(cc1)N[Se]Nc1ccc(cc1)*,tg,55.0,89.71653409854862,,False
*C(=C*)CCCOC(=O)c1c(ccc(c1)c1ccc(cc1)OC)c1ccc(cc1)OC,tg,72.4,99.54594890585246,,False
*Nc1c(cc(cc1)NC(=O)c1ccc(cc1)NC(=O)CCCCCCCCCCC(=O)Nc1ccc(cc1)C(=O)*)C(=O)OCCCCCCCCCCCCCC,tg,199.5,235.37835530252912,,False
*c1ncc(cc1)C(=O)NCCCCCCNC(=O)*,tg,80.0,100.48847614181328,,False
*N1C(=O)c2c(C1=O)cc(cc2)Oc1cc2c(C(=O)N(C2=O)c2cc(ccc2)Oc2ccc(cc2)*)cc1,tg,233.75,229.4295275262768,,False
*Oc1cc2c(cc1)ccc(c2)OCCNC(=O)c1cc(ccc1)C(=O)NCC*,tg,143.0,152.37632868318866,,False
*C(C*)OC(=O)CC(c1ccccc1)(C)C,tg,20.0,59.643397430358135,,False
*OC(=O)c1cc(ccc1)C(=O)OCCc1ccc(cc1)NC(=O)c1cc(ccc1)C(=O)Nc1ccc(cc1)CC*,tg,142.0,160.3238255948426,155.18104553222656,True
*c1cc2c(C(=O)N(C2=O)c2ccc(cc2)C(=O)OCCCSCCCCSCCCOC(=O)*)cc1,tg,39.0,55.85842190229346,30.269134521484375,True
*c1cc2c(C(=O)N(C2=O)c2ccc(cc2)Oc2cc(ccc2)Oc2ccc(cc2)N2C(=O)c3c(C2=O)cc(cc3)C(=O)Nc2ccc(cc2)C2(c3ccccc3c3ccccc23)c2ccc(cc2)NC(=O)*)cc1,tg,278.0,255.2366433184521,,False
*N1C(=O)c2c(C1=O)cc(cc2)c1cc2c(C(=O)N(C2=O)c2ccc(cc2)c2nc(cc(c2)c2ccc(cc2)OCCCC#N)c2ccc(cc2)*)cc1,tg,360.0,311.9733296738258,,False
*C(C*)C(=O)Oc1ccc(cc1)C(C)(C)C,tg,71.0,57.63782136360958,,False
*c1ccc2c(nc([nH]2)c2ccc(cc2)c2nc3c([nH]2)ccc(c3)C(=O)Nc2cc(ccc2)NC(=O)c2cc(ccc2)NC(=O)*)c1,tg,312.0,305.01244637374725,308.6761169433594,True
*N1C(=O)c2c(C1=O)cc(cc2)S(=O)(=O)c1cc2c(C(=O)N(C2=O)c2c(cc(c(c2C)*)C)C)cc1,tg,418.0,364.5226973149153,372.2373352050781,True
*c1n(nc(c1)c1ccc(cc1)Oc1ccc(cc1)P(=O)(c1ccc(cc1)Oc1ccc(cc1)*)c1ccccc1)c1ccccc1,tg,239.0,241.1325992588968,256.7033386230469,True
*C(C*)C(=O)Nc1cc2C(=O)c3c(C(=O)c2cc1)cccc3,tg,128.0,162.5819224793462,,False
*c1cc2c(C(=O)N(C2=O)c2cc(ccc2)P(=O)(c2cc(ccc2)N2C(=O)c3c(C2=O)cc(cc3)C(*)(C(F)(F)F)C(F)(F)F)c2ccc(cc2)Oc2ccc(cc2)C23CC4CC(CC(C2)C4)C3)cc1,tg,298.0,282.51496108188104,269.3847351074219,True
*c1cc2c(C(=O)N(C2=O)c2cc(ccc2)Nc2nc(nc(n2)Nc2cc(ccc2)N2C(=O)c3c(C2=O)cc(cc3)C(=O)*)c2ccccc2)cc1,tg,292.0,297.78706773860654,,False
*N1C(=O)c2c(C1=O)cc(cc2)C(=O)c1cc2c(C(=O)N(C2=O)CC(=O)Nc2cc(ccc2)Oc2ccc(cc2)NC(=O)C*)cc1,tg,226.0,219.7337142268324,,False
*C1C2C(C(C(C1*)C2)C(=O)OCCC12CC3CC(CC(C1)C3)C2)C(=O)OCCC12CC3CC(CC(C1)C3)C2,tg,300.0,197.45457646448975,,False
*OC(=O)c1cc2c(cc1)cc(cc2)C(=O)OCCCCC*,tg,50.83,48.91219340017583,59.2260627746582,True
*c1cc2c(C(=O)N(C2=O)c2ccc(cc2)Oc2ccc(cc2)S(=O)(=O)c2ccc(cc2)Oc2ccc(cc2)N2C(=O)c3c(C2=O)cc(cc3)C(=O)Nc2ccc(cc2)Oc2c(cccc2)c2c(cccc2)Oc2ccc(cc2)NC(=O)*)cc1,tg,236.0,249.03307675981887,256.443115234375,True
*C(C*)C(=O)OC12CC3CC(CC(C1)C3)C2,tg,153.0,130.51086296309245,,False
*c1cc2c(C(=O)N(C2=O)c2c(ccc(c2)N2C(=O)c3c(C2=O)cc(cc3)C(=O)Nc2ccc(cc2)Oc2ccc(cc2)c2ccc(cc2)Oc2ccc(cc2)NC(=O)*)C)cc1,tg,299.0,280.32378558124105,,False
*c1cc2c(C(=O)N(C2=O)c2cc(ccc2)Oc2cc(ccc2)Oc2cc(ccc2)N2C(=O)c3c(C2=O)cc(cc3)C(=O)*)cc1,tg,211.0,226.73175261403355,215.63818359375,True
*NC(=O)c1c(cc(cc1)C(=O)NCCCC*)Sc1ccccc1,tg,136.0,140.9886383408055,134.9298553466797,True
*c1c(ccc(c1)*)c1oc2c(n1)cccc2,tg,229.0,248.15244353925132,227.4365692138672,True
*c1oc(nn1)c1oc(cc1)c1oc(nn1)c1ccc(cc1)[Si](c1ccc(cc1)*)(c1ccccc1)c1ccccc1,tg,264.0,250.94614482212387,262.61920166015625,True
*C1C(=O)N(C(=O)C1CC*)CCCCCC,tg,41.5,65.69686240375698,,False
*c1cc2Oc3c(C4(c2cc1)c1ccccc1c1ccccc41)ccc(c3)OC(=O)O*,tg,295.0,298.7052821361896,,False
*Nc1ccc(cc1)C(c1ccc(cc1)NC(=O)c1cc(cc(c1)N1C(=O)C2C(C1=O)CC=CC2)C(=O)*)(C)C,tg,308.0,290.7691289606891,,False
*c1oc2c(n1)cc(cc2)NC(=O)CCCCCCCCC(=O)Nc1cc2c(oc(n2)CCCCCC*)cc1,tg,86.0,108.51902795489862,,False
*NC(=O)CCCCCCCCCCCCCCC(=O)NCCCCCCCCCCCC*,tg,46.0,48.28088513741837,,False
*OC(=O)c1ccc(cc1)c1ccc(cc1)C(=O)OCCCCC*,tg,45.25,57.99005919584789,61.546138763427734,True
*C(C*)(C(=O)NC(=O)OC(COc1ccc(cc1)S(=O)(=O)c1ccc(cc1)OCC(O)C)C)C,tg,73.0,71.69469607773131,112.40096282958984,True
*Nc1ccc(cc1)c1c(cc(cc1c1ccc(cc1)c1ccccc1)c1ccc(cc1)c1cc(c(c(c1)c1ccc(cc1)c1ccccc1)c1ccc(cc1)NC(=O)c1ccc(cc1)C(=O)*)c1ccc(cc1)c1ccccc1)c1ccc(cc1)c1ccccc1,tg,305.0,239.655030002315,,False
*Oc1ccc(cc1)NC(=O)c1ccc(cc1)C(=O)Nc1ccc(cc1)Oc1ccc(cc1)C(c1ccc(cc1)*)(C(F)(F)F)C(F)(F)F,tg,243.0,237.6100072232369,,False
*C(C*)c1ccc(cc1)COCCCCO,tg,20.0,30.106108293891193,13.541450500488281,True
*OP(=O)(OCCCCOc1c(cc(cc1)C=C1C(=O)C(=Cc2cc(c(cc2)OCCCC*)OC)CC1)OC)OC,tg,75.0,64.54782273880325,,False
*Oc1c(cc(cc1)C(c1cc(c(cc1)OC(=O)CCCCC(=O)*)C)(C)C)C,tg,33.5,79.3025301400674,57.6957893371582,True
*Oc1c(cc(c(c1)OC(=O)c1ccc(cc1)OC)OC(=O)CCCC(=O)*)OC(=O)c1ccc(cc1)OC,tg,88.0,101.5339567261176,73.90078735351562,True
*c1c(c(cc(c1)N=Nc1ccc(cc1)C#N)*)O,tg,176.0,193.04116491421908,162.6947021484375,True
*C1OCC(OC1)CNC(=O)CCCCC(=O)NC*,tg,93.0,48.42406932969667,,False
*C1COC2C1OCC2OC(=O)OCC(C(COC(=O)O*)OC)OC,tg,61.0,78.00233021227814,77.55357360839844,True
*NC(=O)CCP(=S)(CCC(=O)NCCCCCC*)c1ccccc1,tg,43.0,52.98406654762024,,False
*Oc1ccc(cc1)Oc1ccc(cc1)C(=O)c1ccc(cc1)NC(=O)c1cc(ccc1)C(=O)Nc1ccc(cc1)C(=O)c1ccc(cc1)*,tg,198.0,217.3263591111104,187.24781799316406,True
*c1c(nc2c(c1c1ccccc1)cc(cc2)c1cc2c(nc(c(c2c2ccccc2)c2ccc(cc2)*)c2ccccc2)cc1)c1ccccc1,tg,376.25,355.2465899950649,341.9361267089844,True
*c1cc2c(C(=O)N(C2=O)c2cc(c(cc2)c2c(cc(cc2)N2C(=O)c3c(C2=O)cc(cc3)C(*)(C(F)(F)F)C(F)(F)F)C(F)(F)F)C(F)(F)F)cc1,tg,321.5,311.4109173421812,,False
*c1ccc(cc1)c1c(cc(c(c1c1ccccc1)c1ccccc1)c1cc(ccc1)c1c(c(c(c(c1)c1ccccc1)c1ccc(cc1)CCC*)c1ccccc1)c1ccccc1)c1ccccc1,tg,240.0,237.9721637201087,238.514404296875,True
*C(C*)(C(=O)N)C,tg,88.7,129.32854101374016,162.06959533691406,True
*Oc1ccc(cc1)C(c1ccc(cc1)OC(=O)c1ccc(cc1)C(c1ccc(cc1)C(=O)*)(C(F)(F)F)C(F)(F)F)(C(F)(F)F)C(F)(F)F,tg,135.0,178.94214148646893,222.1239013671875,True
*NC(=O)CCCCCCCCCCC(=O)NCCCCCCCCCCC*,tg,39.0,45.55996449713592,,False
*C(C*)OCCCCCCCOc1ccc(cc1)c1ccc(cc1)C#N,tg,13.0,36.75709508703589,,False
*c1cc2c(C(=O)N(C2=O)c2ccc(cc2)C(=O)OCCCCCCCCCCCCOC(=O)*)cc1,tg,46.8,55.31086059208974,,False
*C(C(*)(F)F)OC(F)(F)F,tg,-10.0,49.01382827951672,-37.1455192565918,True
*C(C*)(C(=O)OCCCCCCN(c1ccc(cc1)N=Nc1ccc(cc1)S(=O)(=O)C)C)C,tg,100.0,95.2805388549615,,False
*c1nnc(nc1c1ccc(cc1)Oc1ccc(cc1)C(c1ccc(cc1)Oc1ccc(cc1)*)(C)C)c1ncccc1,tg,220.0,217.3646992770682,,False
*[Si](CCC*)(c1ccc(cc1)C)c1ccc(cc1)C,tg,38.0,38.28844741433281,,False
*Oc1ccc(cc1)CCNC(=O)c1cc(ccc1)C(=O)NCCc1ccc(cc1)OC(=O)c1cc(ccc1)C(=O)*,tg,147.0,132.96114015097794,,False
*c1cc2c(C(=O)N(C2=O)c2c(cc(cc2CC)Cc2cc(c(c(c2)CC)N2C(=O)c3c(C2=O)cc(cc3)C(=O)*)CC)CC)cc1,tg,296.0,231.95398329010007,,False
*c1cc2c(C(=O)N(C2=O)c2cc(ccc2)P(=O)(c2cc(ccc2)N2C(=O)c3c(C2=O)cc(cc3)C(=O)Nc2ccc(cc2)c2nc(cc(c2)c2ccccc2)c2ccc(cc2)NC(=O)*)c2ccccc2)cc1,tg,258.0,253.718551907241,268.2791442871094,True
*c1cc2c(C(=O)N(C2=O)c2c(cccc2)Cc2ccc(cc2)N2C(=O)c3c(C2=O)cc(cc3)C(=O)*)cc1,tg,286.0,283.87483242134937,,False
*Oc1ccc(cc1)S(=O)(=O)c1ccc(cc1)Oc1c(cc(cc1C(C)C)C(c1cc(c(c(c1)C(C)C)*)C(C)C)(C)C)C(C)C,tg,175.0,198.45715406220503,,False
*C(C*)Cc1cc(ccc1)C,tg,38.75,57.74160659209948,,False
*N=P(*)(Oc1cc2c(cc1)cccc2)Oc1cc2c(cc1)cccc2,tg,47.0,68.37877242767816,47.53800582885742,True
*C1C(CC(C1)C=C*)C#N,tg,140.0,122.64637699974588,,False
*C1(OC(C(O1)(F)F)(F)C(F)(F)F)C(*)(F)F,tg,135.0,235.40570313937823,,False
*Oc1ccc(cc1)S(=O)(=O)c1ccc(cc1)OC(=O)c1ccc(cc1)[Si](c1ccc(cc1)C(=O)*)(c1ccccc1)c1ccccc1,tg,250.0,210.7240497175229,175.2979736328125,True
*N1C(=O)C(CC1=O)Nc1cc(ccc1)NC1C(=O)N(C(=O)C1)c1c(cc(cc1C)C(c1cc(c(c(c1)C)*)C)c1cnccc1)C,tg,224.0,232.123612583704,204.61976623535156,True
*c1ccc2c(nc([nH]2)c2cc(cc(c2)N2C(=O)c3c(C2=O)cccc3)c2nc3c([nH]2)ccc(c3)C(=O)Nc2ccc(cc2)S(=O)(=O)c2ccc(cc2)NC(=O)*)c1,tg,325.0,319.23647795919965,,False
*NC1CCC(CC1)CC1CCC(CC1)NC(=O)CCCCCCCCCCCCC(=O)*,tg,131.0,132.31674145522462,,False
*NC(=O)CCCCCCCCCCCCCCCCC(=O)NCCCCCCCCCCCCCC*,tg,47.0,48.56636779117508,38.60433578491211,True
*c1sc(cc1CCCCCCCCCC)*,tg,-33.0,21.604283918563883,9.075004577636719,True
*OC(=O)CCCCC(=O)OCC(C*)CCCCCCOc1ccc(cc1)N=Nc1ccc(cc1)OC,tg,22.0,26.80297865542928,,False
*O[Si](*)(c1ccc(cc1)C)C,tg,-14.65,53.77639474920348,,False
*N1C(=O)c2c(C1=O)cc(cc2)Oc1ccc(cc1)C(=O)Nc1ccc(cc1)Oc1ccc(cc1)Oc1ccc(cc1)*,tg,242.0,229.73737198596675,,False
*C(C*)c1ccc(cc1)C(=O)Cc1ccccc1,tg,78.0,100.11477060330098,,False
*OC(=O)CCSCCC(=O)OCCOCC*,tg,-40.0,-53.944807638841915,,False
*c1ccc(cc1)c1ccc(cc1)C(=Cc1ccc(cc1)C=C(*)c1ccccc1)c1ccccc1,tg,220.0,200.3279040657762,,False
*OC(=O)c1ccc(cc1)c1ccc(cc1)c1ccc(cc1)C(=O)OCCCCCC*,tg,60.0,58.043820911164374,90.57791900634766,True
*N(CCNC(=O)c1ccc(cc1)[Si](c1ccc(cc1)C(=O)NCC*)(CCCC)CCCC)c1ccc(cc1)/C=C/c1ccc(cc1)[N+](=O)[O-],tg,115.0,145.5349687525007,110.1717300415039,True
*N(CC*)C(=O)CCCCCC,tg,10.0,1.20054174825158,,False
*Nc1c(cccc1)CCc1ccc(cc1)NC(=O)NCCCCCCNC(=O)*,tg,150.0,93.75781438845124,85.6822738647461,True
*c1ccc2c3n(c4ccc(cc4n3)Oc3cc4n5c(nc4cc3)c3cccc4c(ccc(c5=O)c34)Oc3ccc(cc3)C3(c4ccccc4c4ccccc34)c3ccc(cc3)O*)c(=O)c3cccc1c23,tg,396.0,362.4179478310786,386.9258728027344,True
*C(C*)C(=O)N1CCOCC1,tg,133.0,103.20226610483236,,False
*Oc1ccc(cc1)c1ccc(cc1)OCCCCCCCCOC(=O)Nc1c(cc(cc1)NC(=O)OCCCCCCCC*)C,tg,81.0,72.68830874935718,,False
*C(C*)(C(=O)OCc1c(cccc1F)F)C,tg,82.0,74.8308495835427,,False
*N(CC*)C(=O)C1(CCC1)c1ccc(cc1)Cl,tg,112.0,109.79484394508906,,False
*N(c1ccc(cc1)C(c1ccc(cc1)*)c1ccc(cc1)C(=O)OC)c1ccc(cc1)C,tg,222.0,193.96267106176,,False
*c1sc(cc1CCCCCCCCCCCC)c1sc(c(c1)CCCCCCCCCCCC)c1ccc(cc1)*,tg,59.6,33.88676236680672,,False
*c1nc(nc(c1c1ccc(cc1)OC)OCCOC(=O)CCCCC(=O)OCCO*)c1ccc(cc1)OC,tg,48.0,78.18693544917731,,False
*[Si](C*)(CCCCCC)CCCCCC,tg,-56.0,-58.44296680206623,-73.0085220336914,True
*c1cc2c(C(=O)N(C2=O)c2cc(cc(c2)c2c(=O)oc3c(cccc3)n2)N2C(=O)c3c(C2=O)cc(cc3)C(=O)*)cc1,tg,95.0,262.9800516180573,299.6012878417969,True
*Oc1ccc(cc1)C(=O)OCCN(CCOC(=O)c1ccc(cc1)OCC#CC#CC*)c1ccc(cc1)[N+](=O)[O-],tg,100.0,74.35745205894325,,False
*C1C2CC(C(C1*)C2)C(=O)OCCc1ccc(cc1)N(c1cc(ccc1)C)c1ccccc1,tg,305.0,192.2869430326477,174.26280212402344,True
*c1n(c(cc1)c1sc(cc1)c1sc(cc1)c1sc(cc1)*)CCCCCCCCCCCC,tg,53.0,45.408845093176495,,False
*C1=C(C(=O)N(C1=O)CCCC)c1ccc(cc1)c1cc2C(c3c(c2cc1)ccc(c3)c1ccc(cc1)*)(CCCCCC)CCCCCC,tg,155.0,137.5133774681776,,False
*c1cc2c(C(=O)N(C2=O)c2ccc(cc2)C(=O)NCCN(CCNC(=O)*)c2ccc(cc2)C=Cc2ccc(cc2)[N+](=O)[O-])cc1,tg,178.0,193.9820410914297,,False
*Oc1ccc(cc1)CC(NC(=O)Cc1ccc(cc1)OC(=O)COCCOCC(=O)*)C(=O)OCC,tg,50.0,54.97576734599227,,False
*C(C*)(C(=O)Oc1ccc(cc1)C(=O)O)C,tg,110.0,137.57687474787883,127.1015396118164,True
*C(C*)C1=NC(C(=O)O1)(C)C,tg,92.0,108.6877863056544,,False
*Oc1ccc(cc1)S(=O)(=O)c1ccc(cc1)Oc1ccc(cc1)NC(=O)c1cc(ccc1)C(=O)Nc1ccc(cc1)*,tg,260.0,230.03007387766044,234.58680725097656,True
*OC(=O)CCCCCNC(=O)CCCCC(=O)NCCCCCC(=O)OCCCCCCCCCC*,tg,-12.0,-3.0774498955456395,-1.7886403799057007,True
*N1C(=O)c2c(C1=O)cc(cc2)S(=O)(=O)c1cc2c(C(=O)N(C2=O)c2ccc(cc2)C(c2ccc(cc2)*)c2ccccc2)cc1,tg,305.0,328.15379542602983,,False
*C1C(=O)N(C(=O)C1*)CCOc1ccc(cc1)c1ccc(cc1)C#N,tg,150.0,156.8249289829474,136.78741455078125,True
*c1c2C(=O)N(C(=O)c2c(c2ccccc12)c1ccc(cc1)Oc1ccc(cc1)S(=O)(=O)c1ccc(cc1)Oc1ccc(cc1)*)c1c(cccc1)c1ccccc1,tg,278.0,300.70127492043815,,False
*N1C(=O)c2c(C1=O)cc(cc2)Oc1c(cc(cc1C)C(c1cc(c(c(c1)C)Oc1cc2c(C(=O)N(C2=O)c2ccc(cc2)Oc2cc(c(cc2)c2c(cc(cc2)Oc2ccc(cc2)*)C)C)cc1)C)(C)C)C,tg,257.0,248.35053572690427,,False
*N(CC*)C(=O)c1c(cc(cc1F)F)F,tg,135.0,102.77081364068964,,False
*Oc1ccc(cc1)Oc1ccc(cc1)OCCCCCCOC(=O)OCCOC(=O)OCCCCCC*,tg,-4.0,-1.4341558921147104,,False
*Oc1ccc(cc1)N(c1ccc(cc1)c1ccc(cc1)N(c1ccc(cc1)OCCCCCCCCCCCC*)c1ccccc1)c1ccccc1,tg,92.0,118.54972567578072,125.74271392822266,True
*Nc1cc(ccc1)NC(=O)c1cc(cc(c1)NC(=O)c1ccncc1)C(=O)*,tg,321.0,286.5292790750404,273.6890563964844,True
*c1c([nH]c(n1)c1cc(ccc1)c1[nH]c(c(n1)c1ccc(cc1)Oc1ccc(cc1)C(=O)c1ccc(cc1)Oc1ccc(cc1)*)c1ccccc1)c1ccccc1,tg,279.0,263.03055157872797,,False
*Oc1ccc(cc1)C1(C2C3C(C(C1)C2)C1CCC3C1)c1ccc(cc1)OC(=O)*,tg,267.5,253.04795270562764,,False
*C=CC(C(*)C(=O)OCCCN(c1ccc(cc1)N(C)C)C)C,tg,16.0,18.64988145354536,14.358325004577637,True
*OOC(C*)c1ccc(cc1)C,tg,4.6,41.54641518330585,,False
*N1C(=O)c2c(C1=O)cc(cc2)NC(=O)Nc1ccc(cc1)Oc1c(cccc1)c1c(cccc1)Oc1ccc(cc1)NC(=O)Nc1cc2c(C(=O)N(C2=O)c2ccc(cc2)c2nc(cc(c2)c2ccc(cc2)c2ccccc2)c2ccc(cc2)*)cc1,tg,249.0,261.7213314094289,264.4680480957031,True
*C(C(*)(F)F)F,tg,31.45,33.54110901057434,25.255599975585938,True
*N1C(=O)c2c(C1=O)cc(cc2)c1ccc(cc1)c1cc2c(C(=O)N(C2=O)CCCCCCCCCCCC*)cc1,tg,86.0,120.45377190774008,,False
*OC(=O)NCC(C(C(C(CNC(=O)OCCCC*)(F)F)(F)F)(F)F)(F)F,tg,33.0,11.989274767219898,,False
*OP(=O)(N=Nc1ccc(cc1)COC(=O)c1cc(cc(c1)C(C)(C)C)C(=O)OCc1ccc(cc1)N=NP(=O)(OCC*)OC)OC,tg,105.0,57.604029282347426,,False
*C(C*)c1ccc(cc1)[Si](O[Si](C)(C)C)(C)C,tg,35.5,46.205987884559285,,False
*OP(=O)(N=Nc1ccc(cc1)C(=O)c1ccc(cc1)N=NP(=O)(OCCCCCC*)OC)OC,tg,31.0,28.74169726158898,48.84016036987305,True
*c1nc2c(n1c1ccc(cc1)n1c(nc3c1cccc3)c1ccc(cc1)Oc1ccc(cc1)C(=O)c1ccc(cc1)Oc1ccc(cc1)*)cccc2,tg,242.0,273.6951334910042,,False
*c1cc2c(C(=O)N(C2=O)c2ccc(cc2)C(=O)c2cc(ccc2)C(=O)c2ccc(cc2)N2C(=O)c3c(C2=O)cc(cc3)C(=O)*)cc1,tg,276.0,257.71776922656295,275.0753173828125,True
*Oc1ccc(cc1)C(=O)OCCOC(=O)c1ccc(cc1)OCCCC*,tg,53.0,37.15682621261389,33.763893127441406,True
*c1ccc2c(nc([nH]2)c2ccc(cc2)C(=O)Nc2ccc(cc2)C(=O)Nc2ccc(cc2)NC(=O)*)c1,tg,295.0,306.31505205176313,306.1198425292969,True
*N1C(=O)c2c(C1=O)c(ccc2)Oc1c(c(cc(c1)C(C)(C)C)C(C)(C)C)Oc1c2c(C(=O)N(C2=O)c2ccc(cc2)Oc2ccc(cc2)*)ccc1,tg,238.0,244.8250288918846,,False
*c1oc(nn1)c1ccc(cc1)Oc1ccc(cc1)C=Cc1ccc(cc1)Oc1ccc(cc1)*,tg,215.0,243.1623701822149,,False
*C1OCCCC1C1C(=O)OC(=O)C1*,tg,210.0,177.7659152911035,221.63047790527344,True
*Oc1ccc(cc1)C(c1ccc(cc1)OCC(C*)OC(=O)C=Cc1ccccc1)(C)C,tg,100.6,79.01980344509157,96.6082992553711,True
*Oc1c(cc(cc1C)C1(CC2C(CC1)CCCC2)c1cc(c(c(c1)C)Oc1ccc(cc1)C(=O)c1cc(ccc1)C(=O)c1ccc(cc1)*)C)C,tg,224.0,221.59512856068957,,False
*c1ccc(cc1)C=C(c1ccc(cc1)C(=Cc1ccc(cc1)C=Cc1c(cc(c(c1)OC)C=C*)OC)Oc1ccccc1)c1ccc(cc1)Oc1ccccc1,tg,175.0,171.5707031742987,169.7620849609375,True
*C(C*)(CC(=O)OCCOCCOC)C(=O)OCCOCCOC,tg,-59.4,-13.435527949516448,-38.92375564575195,True
*C1CCN(CC1)C(=C(c1ccc(cc1)C(=O)OCC*)C#N)c1ccc(cc1)OC,tg,171.5,89.03224562812427,156.16131591796875,True
*Oc1ccc(cc1)CC(NC(=O)CCc1ccc(cc1)OC(=O)CCCC(=O)*)C(=O)OCC,tg,67.67,63.67536156633356,60.47380447387695,True
*Oc1ccc(cc1)NC(=O)c1cc2c(cc1)cc(cc2)C(=O)Nc1ccc(cc1)Oc1ccc(cc1)C1(C2CC3CC(CC1C3)C2)c1ccc(cc1)*,tg,266.0,262.6987185009987,259.9290771484375,True
*C(C*)c1ccc(cc1)C(=O)c1ccc(cc1)C,tg,99.0,104.18081835141936,119.84661865234375,True
*C(C*)(C(=O)OCCCCCCOc1ccc(cc1)C(=O)Oc1ccc(cc1)C(=O)C=Cc1c(c2c(n1CCCC)cccc2)C)C,tg,85.0,78.36424579640699,78.0674057006836,True
*Oc1ccc(cc1)S(=O)(=O)c1ccc(cc1)Oc1c(cc(c(c1)C)C(c1c(cc(c(c1)C(C)C)*)C)c1c(cccc1)C(=O)O)C(C)C,tg,240.0,237.44562389905104,,False
*C(C*)(C(=O)OCCCCCCCCCCn1c2ccc(cc2c2ccccc12)C=C(c1ccc(cc1)[N+](=O)[O-])C#N)C,tg,40.0,87.1983881100159,68.83674621582031,True
*c1cc2c(C(=O)N(C2=O)c2cc(ccc2)C(=O)Nc2ccc(cc2)Oc2ccc(cc2)c2ccc(cc2)Oc2ccc(cc2)NC(=O)c2cc(ccc2)N2C(=O)c3c(C2=O)cc(cc3)C(*)(C(F)(F)F)C(F)(F)F)cc1,tg,280.0,273.7766272454772,,False
*N=P(*)(OCc1ccc(cc1)Br)OCc1ccc(cc1)Br,tg,-0.8,-9.221960850966823,,False
*c1oc(nn1)c1ccc(cc1)C(=O)OCCCCCCOc1ccc(cc1)C=C1C(=O)C(=Cc2ccc(cc2)OCCCCCCOC(=O)c2ccc(cc2)*)CCCC1,tg,104.0,74.3094969993298,86.58702850341797,True
*OC(C*)C1C(C(C1)(F)F)(F)F,tg,-25.0,79.10431243540613,48.645843505859375,True
*c1nc2c(nc1)cc(cc2)Oc1ccc2c(nc(cn2)c2ccc(cc2)Oc2ccc(cc2)*)c1,tg,270.0,334.3958903719643,269.9276123046875,True
*Oc1ccc(cc1)C(c1ccc(cc1)Oc1c(cc(cc1)C(=O)c1ccc(cc1)C(=O)c1cc(c(cc1)*)C(F)(F)F)C(F)(F)F)(C)C,tg,171.0,169.74485935776875,152.8505859375,True
*Oc1c(cc(c(c1)OC(=O)c1ccc(cc1)OCC)OC(=O)CCCC(=O)*)OC(=O)c1ccc(cc1)OCC,tg,71.0,71.73018335874386,,False
*Oc1c(cc(cc1)C=C1C(=O)C(=Cc2cc(c(cc2)OC(=O)c2ccc(cc2)N=Cc2ccc(cc2)C=Nc2ccc(cc2)C(=O)*)OC)CC1)OC,tg,140.0,191.50216232044104,178.9787139892578,True
*C(C*)OC(=O)c1ccc(cc1)OC,tg,73.83,71.36256630248145,,False
*Oc1ccc(cc1)C(c1ccc(cc1)OCC(C*)OC(=O)C)(c1ccccc1)C,tg,110.0,122.5968254855851,113.73026275634766,True
*Oc1ccc(cc1)N1ON1c1ccc(cc1)OCCCCCCOC(=O)C(C(=O)OCCCCCC*)CCCCCCCCCCP(=O)(OCC)OCC,tg,12.5,12.842006235811604,,False
*Oc1cc(ccc1)OC(=O)Oc1ccc(cc1)C(c1ccc(cc1)OC(=O)*)(C)C,tg,83.1,103.78231441413396,80.37059020996094,True
*c1cc2c(C(=O)N(C2=O)c2ccc(cc2)C(=O)OCCCCCCCCCCOC(=O)*)cc1,tg,58.0,59.730658944529495,,False
*Nc1ccc(cc1)c1ccc(cc1)NC(=O)c1cc(ccc1)C(=O)*,tg,294.0,270.260633998448,298.8448181152344,True
*C1(c2c(C(=O)O1)cccc2)c1ccc(cc1)OC(=O)c1ccc(cc1)[Si](c1ccc(cc1)C(=O)Oc1ccc(cc1)*)(C)C,tg,214.0,262.475115981354,,False
*N1C(=O)C2C(C1=O)CC(CC2)C1CC2C(C(=O)N(C2=O)c2ccc(cc2)Cc2ccc(cc2)*)CC1,tg,260.0,279.6425910709646,,False
*N1C(=O)c2c(C1=O)cc(cc2)Oc1c(c(cc(c1)C(C)(C)C)C(C)(C)C)Oc1cc2c(C(=O)N(C2=O)c2ccc(cc2)Oc2ccc(cc2)*)cc1,tg,228.0,243.802915474603,254.5643768310547,True
*C(C*)(C(=O)NC(=O)OCCOc1c(cc(cc1Br)S(=O)(=O)c1cc(c(c(c1)Br)OCCO)Br)Br)C,tg,110.0,101.04566459405048,,False
*N=P(*)(OCc1ccccc1)OCc1ccccc1,tg,-31.4,-16.38748193583716,,False
*Oc1ccc(cc1)C(c1ccc(cc1)OC(=O)*)(CCC)CCC,tg,140.8,111.88406562427669,,False
*NC(=O)c1c(c(c(c(c1Cl)Cl)C(=O)NCCCCCC*)Cl)Cl,tg,268.83,133.08701386984015,167.10313415527344,True
*Nc1ccc(cc1)C(c1cc(ccc1)C(c1ccc(cc1)NC(=C(C#N)C#N)c1ccc(cc1)C(=C(C#N)C#N)*)(C)C)(C)C,tg,208.0,223.4700193069441,210.8771209716797,True
*C(C*)(C(=O)OCCCCCCOc1ccc(cc1)C(=O)Oc1c2c(c(cc1)N=Nc1ccc(cc1)Br)cccc2)C,tg,46.0,47.42068536873601,,False
*C1OCOC(C1)C*,tg,68.0,68.72643040412918,95.8914566040039,True
*c1cc2c(C(=O)N(C2=O)c2ccc(cc2)Oc2ccc(cc2)S(=O)(=O)c2ccc(cc2)Oc2ccc(cc2)N2C(=O)c3c(C2=O)cc(cc3)C(=O)Nc2ccc(cc2)Oc2ccc(cc2)C2(c3c(C(=O)N2)cccc3)c2ccc(cc2)Oc2ccc(cc2)NC(=O)*)cc1,tg,283.0,278.4106660540626,,False
*Oc1cc(ccc1)Oc1ccc(cc1)S(=O)(=O)c1ccc(cc1)*,tg,170.0,159.9572607362667,,False
*Oc1ccc(cc1)N(c1ccc(cc1)c1ccc(cc1)N(c1ccc(cc1)*)c1ccccc1)c1ccccc1,tg,218.0,184.27216641599932,,False
*c1cc2Oc3c(C4(c2cc1)c1ccccc1c1ccccc41)ccc(c3)OC(=O)c1ccc(cc1)C(=O)O*,tg,290.0,281.7764812673914,328.3729553222656,True
*Oc1ccc(cc1)Oc1ccc(cc1)OC(=O)c1cc(ccc1)Oc1ccc(cc1)Oc1cc(ccc1)C(=O)*,tg,104.0,126.91036523204696,,False
*C(C(*)(F)F)(Cl)F,tg,60.41,41.58568861867991,,False
*OC(=O)OCC1CCC(CC1)C*,tg,38.7,63.86434954269151,67.26061248779297,True
*C1C(=O)N(C(=O)C1C(C*)(C)C)C(C)C,tg,145.0,179.78317376308212,127.35100555419922,True
*c1cc2c(C(=O)N(C2=O)c2cc(ccc2)N2C(=O)c3c(C2=O)cc(cc3)C(=O)Nc2ccc(cc2)Oc2ccc(cc2)C2(c3c(C(=O)N2)cccc3)c2ccc(cc2)Oc2ccc(cc2)NC(=O)*)cc1,tg,320.0,308.9017844864771,297.1797790527344,True
*c1cc2c(C(=O)N(C2=O)c2ccc(cc2)C2(CCC(CC2)C)c2ccc(cc2)NC(=O)*)cc1,tg,322.0,319.64312696809725,305.6341857910156,True
*C(C*)(C(=O)OCCCCCC(=O)Oc1ccc(cc1)OC(=O)c1ccc(cc1)OC)C,tg,40.0,47.631726176243454,41.437374114990234,True
*Nc1cc(ccc1)NC(=O)c1cc(cc(c1)NC(=O)c1ccccc1)C(=O)*,tg,300.0,288.050198326381,306.3193359375,True
*N1C(=O)c2c(C1=O)cc(cc2)Oc1c(cccc1)Oc1cc2c(C(=O)N(C2=O)c2cc(c(cc2)Oc2c(cc(cc2C)c2cc(c(c(c2)C)Oc2c(cc(cc2)*)C(F)(F)F)C)C)C(F)(F)F)cc1,tg,270.0,248.10964014550768,252.9228973388672,True
*C(C*)(C(=O)OCc1c(cc(cc1)Cl)Cl)C,tg,19.4,41.82412813043223,,False
*Oc1ccc(cc1)Oc1ccc(cc1)OCCCCCCOC(=O)OCCCCCCCCCOC(=O)OCCCCCC*,tg,-20.0,-12.205741632260567,-6.148706912994385,True
*c1cc2c(C(=O)OC2=Nc2cc(ccc2)Oc2ccc(cc2)N=C2OC(=O)c3c2cc(cc3)C(=O)*)cc1,tg,253.0,237.8956808149675,,False
*NC(=O)CCCCCCCCC(=O)NCC1CCC(CC1)C*,tg,89.0,94.54133584908544,86.80670166015625,True
*C(C*)OC(=O)c1ccc(cc1)OC(=O)CCC,tg,61.0,57.03102668777811,,False
*C=CCC*,tg,-89.57,-44.74116256757596,,False
*C1COC2C1OCC2Oc1ccc(cc1)NC(=O)CCCCCCC(=O)Nc1ccc(cc1)O*,tg,72.5,120.08485911565994,,False
*Oc1ccc(cc1)CC(NC(=O)CCc1ccc(cc1)OC(=O)CCCCC(=O)*)C(=O)OCCOCCOCC,tg,15.0,18.89281762617069,24.258956909179688,True
*Oc1ccc(cc1)S(=O)(=O)c1ccc(cc1)Oc1ccc(cc1)C(c1ccc(cc1)Oc1ccc(cc1)C(=O)c1ccc(cc1)*)(C)C,tg,175.0,183.59897477774803,,False
*C(C*)CCC1CCCCC1,tg,40.0,72.48524887485297,,False
*c1cc2c(C(=O)N(C2=O)c2c(cc(cc2C)C(c2cc(c(c(c2)C(C)C)N2C(=O)c3c(C2=O)cc(cc3)C(*)(C(F)(F)F)C(F)(F)F)C)(c2ccccc2)C(F)(F)F)C(C)C)cc1,tg,289.0,287.6333759436814,306.9092712402344,True
*OC1CCC(CC1)OC(=O)OCCCCOC(=O)*,tg,30.0,12.187421317044382,,False
*c1cc2c(C(=O)N(C2=O)c2ccc(cc2)N2C(=O)c3c(C2=O)cc(cc3)C(=O)Nc2ccc(cc2)Oc2c(cccc2)c2c(cccc2)Oc2ccc(cc2)NC(=O)*)cc1,tg,268.0,257.49087886260435,290.04718017578125,True
*N1C(=O)c2c(C1=O)cc(cc2)Oc1cc2c(cc1Oc1cc3c(C(=O)N(C3=O)c3cc(ccc3)Oc3ccc(cc3)*)cc1)cccc2,tg,226.0,221.6743849787747,222.26904296875,True
*c1cc2c(C(=O)N(C2=O)c2ccc(cc2)OCCOCCOc2ccc(cc2)N2C(=O)c3c(C2=O)cc(cc3)C(*)(C(F)(F)F)C(F)(F)F)cc1,tg,187.5,188.2261107306647,199.5122528076172,True
*Oc1c2c(c(cc1)c1c3c(c(cc1)Oc1ccc(cc1)Oc1c(c(ccc1)Oc1ccc(cc1)*)C)cccc3)cccc2,tg,156.0,209.0676139029817,196.62591552734375,True
*OC(=O)c1ccc(cc1)C(=O)OCCCCCCCC*,tg,23.0,10.313218522921323,16.326635360717773,True
*Oc1c(cc(cc1Br)C(c1cc(c(c(c1)Br)OC(=O)*)Br)(C)C)Br,tg,206.75,168.36258025093068,,False
*OC(=O)c1ccc(cc1)C(=O)OCCCCCCCCCC*,tg,5.33,6.8349390795474845,,False
*OC(=O)c1cc2c(cc1)cc(cc2)C(=O)OCCCCCCCC*,tg,53.0,36.991138976879746,,False
*Oc1c(cc(c(c1)C(C)(C)C)Oc1ccc(cc1)C(=O)Nc1c(cc(cc1C)C(c1cc(c(c(c1)C)NC(=O)c1ccc(cc1)*)C)(C)C)C)C(C)(C)C,tg,295.0,268.4382245766191,,False
*c1c(nc2c(n1)cc(cc2)c1cc2c(nc(c(n2)c2ccc(cc2)Sc2ccc(cc2)*)c2ccccc2)cc1)c1ccccc1,tg,281.0,325.8327938123811,,False
*N1C(=O)c2c(C1=O)cc(cc2)C(=O)Oc1cc2c(cc1)cc(cc2)OC(=O)c1cc2c(C(=O)N(C2=O)CCOCCOCC*)cc1,tg,105.0,111.01143045872358,109.1856460571289,True
*C(C*)OC(CC)C,tg,-26.0,-11.328143660503876,,False
*Oc1ccc(cc1)Oc1ccc(cc1)OC(=O)c1c(cccc1)c1c(cccc1)C(=O)*,tg,147.0,148.3370661276217,130.00189208984375,True
*C(C*)N,tg,57.0,76.64958270320187,35.763484954833984,True
*Oc1ccc(cc1)C(c1ccc(cc1)OC(=O)c1cc(ccc1)C(=O)*)(c1ccccc1)c1ccccc1,tg,229.0,187.2238988822784,,False
*c1cc2c(oc(n2)c2ccc(cc2)C(c2ccc(cc2)c2oc3c(n2)cc(cc3)C(*)(c2ccccc2)C(F)(F)F)(C(F)(F)F)C(F)(F)F)cc1,tg,334.0,289.75544549290794,307.9936828613281,True
*N1C(=O)c2c(C1=O)cc(cc2)C(=O)Nc1ccc(cc1)Oc1ccc(cc1)Oc1ccc(cc1)NC(=O)C*,tg,242.0,239.1305807935196,251.740234375,True
*c1nc2c(nc1)cc(cc2)S(=O)(=O)c1cc2c(nc(cn2)c2ccc(cc2)*)cc1,tg,342.0,322.3470263975119,,False
*C(C*)C(=O)OCCc1ccccc1,tg,-3.0,12.949398044289142,,False
*C(C*)(CC(=O)OCC(C)C)C(=O)OCC(C)C,tg,105.0,50.03660132498328,,False
*Oc1c(cc(c(c1)C(C)(C)C)Oc1ccc(cc1)C(=O)Nc1ccc(cc1)C(c1ccc(cc1)NC(=O)c1ccc(cc1)*)(C)C)C(C)(C)C,tg,254.0,248.06583386258063,,False
*Oc1c(cccc1)C(=O)OC(=O)c1c(cccc1)OC(=O)C(C(C(=O)*)C)C,tg,45.0,116.56174750264744,,False
*N1C(=O)c2c(C1=O)cc(cc2)c1cc2c(C(=O)N(C2=O)c2cc(ccc2)C(=O)Nc2ccc(cc2)Oc2cc(ccc2)Oc2ccc(cc2)NC(=O)c2cc(ccc2)*)cc1,tg,253.0,248.1672557318472,,False
*C(C(CCCCCCC*)c1ccc(cc1)O)c1c(cc(cc1)O)C,tg,4.0,0.4185470923785684,5.942596435546875,True
*C(C*)(C(=O)OCCO[Si](C)(C)C)C,tg,89.0,23.28911148528331,,False
*C(C*)CCCCCCC,tg,-47.0,-23.48304152255486,,False
*C(C*)c1ccc(cc1)[Si](O[Si](O[Si](C)(C)C)(C)C)(C)C,tg,-27.0,25.72118806015985,,False
*Oc1ccc(cc1)CC(NC(=O)CCc1ccc(cc1)OC(=O)COCC(=O)*)C(=O)OCc1ccccc1,tg,76.0,72.88462354215102,,False
*Oc1ccc(cc1)S(=O)(=O)c1ccc(cc1)Oc1c(cc(cc1)C(c1cc(c(cc1)*)C(O)(C(F)(F)F)C(F)(F)F)(C)C)C(O)(C(F)(F)F)C(F)(F)F,tg,167.0,177.540501991019,,False
*c1cc2c(C(=O)N(C2=O)c2ccc(cc2)C2(c3ccccc3c3ccccc23)c2ccc(cc2)N2C(=O)c3c(C2=O)cc(cc3)C(=O)*)cc1,tg,368.2,350.39732611119035,372.3493957519531,True
*C(C*)(C(=O)OCCCC)Cl,tg,42.0,29.338292973014816,,False
*OC(=O)c1ccc(cc1)C(=O)OCC(C(C*)CCCCCCCCCCCCCCCC)CCCCCCCCCCCCCCCC,tg,-27.0,-3.954105655622378,2.22760009765625,True
*NC(CC(=O)*)C,tg,115.0,65.43700765335973,52.5228385925293,True
*O[Si](O[Si](O[Si](O[Si](O[Si](c1ccc(cc1)Oc1ccc(cc1)[Si](*)(C)C)(C)C)(C)C)(C)C)(C)C)(C)C,tg,-65.0,-53.47123662617887,,False
*c1cc2C(c3c(c2cc1)ccc(c3)c1ccc(cc1)*)(CCCCCCBr)CCCCCCBr,tg,117.2,88.73999798238187,103.7813720703125,True
*O[Si](*)(CCCOCC1OC(=O)OC1)C,tg,-32.2,-5.315112602771037,-41.269439697265625,True
*OC(=O)Nc1ccc(cc1)Cc1ccc(cc1)NC(=O)OCC(C*)(C)C,tg,94.0,70.83576665463492,,False
*Oc1ccc(cc1)c1ccc(cc1)Oc1ccc(cc1)C(=O)c1c2c(ccc1)cccc2C(=O)c1ccc(cc1)*,tg,226.5,230.75814905039184,,False
*N1C(=O)c2c(C1=O)cc(cc2)c1cc2c(C(=O)N(C2=O)c2cc(cc(c2)C(=O)NCCCCCC)*)cc1,tg,256.9,249.34019402618227,268.0804138183594,True
*C(C*)(C(=O)OC)CCC,tg,73.75,31.54039830210863,,False
*C(C*)OCC,tg,-37.29,-12.125398075981794,,False
*N(c1ccc(cc1)c1ccc(cc1)N(c1ccc(cc1)C(c1ccc(cc1)*)c1ccccc1)c1ccc(cc1)C)c1ccc(cc1)C,tg,239.0,191.0568475387271,,False
*c1cc2c(C(=O)N(C2=O)c2ccc(cc2)Oc2ccc(cc2)C(c2ccc(cc2)Oc2ccc(cc2)N2C(=O)c3c(C2=O)cc(cc3)C(*)(C(F)(F)F)C(F)(F)F)(C)C)cc1,tg,244.4,250.14686328538812,246.30690002441406,True
*OC(C(=O)OCC*)C,tg,-21.0,-14.458557530578068,-20.839609146118164,True
*O[Si](*)(CCCCCCOc1ccc(cc1)C(=O)Oc1ccc(cc1)C(=O)OCC(CC)C)C,tg,-10.9,-5.8418876806021025,,False
*Oc1ccc(cc1)CC(NC(=O)CCc1ccc(cc1)OC(=O)COCC(=O)*)C(=O)OCCCCCCCC,tg,40.0,40.236769779099,45.170772552490234,True
*N1C(=O)C2CCC3C(C2C1=O)C(=O)N(C3=O)c1ccc(cc1)Oc1ccc(cc1)Oc1ccc(cc1)*,tg,274.0,279.8369172582922,296.6521911621094,True
*OC(=O)c1ccc(cc1)C(c1ccc(cc1)C(=O)OCCCC*)(C)C,tg,44.0,63.110914204911296,,False
*C1C(=O)N(C(=O)C1CC*)CCCC,tg,67.9,91.6947122119808,,False
*C(C*)(C(=O)OCC)F,tg,94.0,73.64082055369042,,False
*c1cc2c(C(=O)N(C2=O)c2c(cc(cc2C(C)C)Cc2cc(c(c(c2)C(C)C)N2C(=O)c3c(C2=O)cc(cc3)C(*)(C(F)(F)F)C(F)(F)F)C(C)C)C(C)C)cc1,tg,278.5,257.53357389433944,253.0865478515625,True
*OP(=O)(N=Nc1ccc(cc1)C(=O)c1ccc(cc1)N=NP(=O)(OCCOCC*)OC)OC,tg,33.0,31.72695654485317,,False
*C1C(=O)N(C(=O)C1*)c1c(cccc1CC)CC,tg,288.0,220.5695708048078,,False
*Oc1ccc(cc1)CC(NC(=O)CCc1ccc(cc1)OC(=O)CCCCC(=O)*)C(=O)OCC,tg,58.8,57.52559241828072,54.37150192260742,True
*Oc1ccc(cc1)C=NN=Cc1ccc(cc1)Oc1ccc(cc1)C(c1ccc(cc1)*)(C(F)(F)F)C(F)(F)F,tg,162.0,168.17736295051284,159.75440979003906,True
*c1nc2c(c(c1c1ccccc1)c1ccccc1)cc(cc2)Oc1cc2c(nc(cc2c2ccccc2)c2ccc(cc2)Oc2ccc(cc2)*)cc1,tg,305.0,281.9177758127473,,False
*C(C*)C(=O)OCCCSCC,tg,-76.0,-68.52159699572421,-60.43135452270508,True
*Oc1ccc(cc1)C=CC(=O)OCCN(CCOC(=O)C=Cc1ccc(cc1)OCCCCC*)c1ccc(cc1)N=Nc1ccc(cc1)[N+](=O)[O-],tg,92.0,87.83629295975913,,False
*N(CC*)C(=O)Cc1ccc(cc1)C(F)(F)F,tg,75.0,80.32941079909928,,False
*c1cc2c(C(=O)N(C2=O)c2ccc(cc2)Cc2ccc(cc2)N2C(=O)c3c(C2=O)cc(cc3)C(=O)Oc2ccc(cc2)OCCCCCCCCCCCCOc2ccc(cc2)OC(=O)*)cc1,tg,125.0,130.7941914268808,97.26177978515625,True
*c1cc2c(C(=O)N(C2=O)c2cc(cc(c2)c2oc3c(n2)cccc3)N2C(=O)c3c(C2=O)cc(cc3)C(=O)Nc2cc(cc(c2)c2nc3c([nH]2)cccc3)NC(=O)*)cc1,tg,371.0,314.7354516761463,,False
*c1cc2c(C(=O)N(C2=O)c2ccc(cc2)Oc2c(cc(cc2)Oc2ccc(cc2)N2C(=O)c3c(C2=O)cc(cc3)C(=O)Nc2ccc(cc2)Oc2ccc(cc2)C2(c3c(C(=O)N2)cccc3)c2ccc(cc2)Oc2ccc(cc2)NC(=O)*)C)cc1,tg,293.0,284.13547677415994,295.0869445800781,True
*C(C*)(C(=O)OCCCc1ccc(cc1)N=Nc1ccc(cc1)OC(F)(F)F)C,tg,211.5,179.75565482631796,,False
*OC(=O)c1ccc(cc1)c1ccc(cc1)C(=O)OCCCCCCCCCC*,tg,46.0,35.92310829521184,36.192752838134766,True
*N1C(=O)c2c(C1=O)cc(cc2)Oc1ccc(cc1)Sc1ccc(cc1)Oc1cc2c(C(=O)N(C2=O)c2ccc(cc2)c2ccc(cc2)*)cc1,tg,257.0,227.69860018470172,234.560791015625,True
*Oc1ccc(cc1)Oc1ccc(cc1)Oc1ccc(cc1)C(=O)c1ccc(cc1)*,tg,150.5,150.85042509981963,148.6519012451172,True
*OP(=O)(N=Nc1ccc(cc1)Oc1ccc(cc1)N=NP(=O)(OCCOCC*)OC)OC,tg,32.0,24.899241889965577,25.852256774902344,True
*C(C*)(C(=O)OCCCCCCCCCCOc1ccc(cc1)N=Nc1ccccc1)C,tg,56.0,42.94077026934038,56.61793899536133,True
*Oc1ccc(cc1)CC(NC(=O)CCc1ccc(cc1)OC(=O)CC(CCC(=O)*)C)C(=O)OCCCC,tg,35.0,47.78250458802416,,False
*NNC(=O)c1cc(cc(c1)NC(=O)c1cc2c(C(=O)N(C2=O)c2ncccc2C)cc1)C(=O)NNC(=O)C(=O)*,tg,134.1,150.5199952847341,,False
*c1n(c(nn1)c1cc(ccc1)c1n(c(nn1)c1ccc(cc1)*)c1ccccc1)c1ccccc1,tg,265.0,242.3389573304468,,False
*Oc1c(cc(cc1Cl)C(c1cc(c(c(c1)Cl)OC(=O)c1ccc(cc1)OCCCCCCCCCCOc1ccc(cc1)C(=O)*)Cl)(C)C)Cl,tg,140.0,86.11464865535952,,False
*C(C*)CCCI,tg,30.0,-19.65799023957784,,False
*OC(C*)CCCC,tg,-69.0,-68.97538151281907,-77.81644439697266,True
*OC(=O)Nc1ccc(cc1)Cc1ccc(cc1)NC(=O)OCc1cc(cc(c1)C(C)(C)C)C*,tg,114.0,133.22086918051082,106.86034393310547,True
*C(C*)C(=O)OCCCCCCOc1cc(c(cc1)C=Nc1ccc(cc1)OCCCCC)O,tg,36.0,21.085266033607574,57.35299301147461,True
*N1C(=O)C2C3C4C(C(C2C1=O)C=C3)C(=O)N(C4=O)C1CCC(CC1)CC1CCC(CC1)*,tg,239.0,273.9376885149691,253.6719512939453,True
*C(C*)C(=O)OCF,tg,15.0,2.298557127869171,,False
*Oc1c(cc(cc1)C1(CC2C(CC1)CCCC2)c1cc(c(cc1)OC(=O)c1cc(ccc1)C(=O)*)C)C,tg,207.0,241.098427052676,,False
*C(C(C(C*)OCCCC)(C(=O)OC)C)(C(=O)OC)C,tg,97.5,93.81885396663726,,False
*c1nc2c([nH]1)ccc(c2)NC(=O)c1ccc(cc1)OCCOc1ccc(cc1)C(=O)Nc1ccc(cc1)*,tg,225.0,248.04216447117895,,False
*NC(=O)NCCCCCCCCCCNC(=O)NCCCCCCCCCCCCCC*,tg,40.0,64.59746605748131,,False
*c1cc2c(C(=O)N(C2=O)c2ccc(cc2)Oc2c(cc(cc2C)Cc2cc(c(c(c2)C)Oc2ccc(cc2)N2C(=O)c3c(C2=O)cc(cc3)C(=O)*)C)C)cc1,tg,290.0,297.6680046801987,,False
*Oc1c(cc(cc1OC)C=Cc1ccc(cc1)C=Cc1ccc(cc1)C=Cc1cc(c(c(c1)OC)OCCCCCCCC*)OC)OC,tg,78.7,80.63006472260483,,False
*c1nc(ccc1)C=Cc1c2c(ccc1OC(=O)c1ccc(cc1)C(=O)Oc1c(c3c(cc1)cccc3)C=C*)cccc2,tg,145.0,194.8224678760661,160.3132781982422,True
*N1C(=O)c2c(C1=O)cc(cc2)Oc1ccc(cc1)C1(CCC(CC1)C(C)(C)C)c1ccc(cc1)Oc1cc2c(C(=O)N(C2=O)c2ccc(cc2)Oc2ccc(cc2)C2(C3C4C(CCC4)C(C2)C3)c2ccc(cc2)Oc2ccc(cc2)*)cc1,tg,257.0,259.80601747353285,253.905029296875,True
*OC(=O)CCCCCCCCCCCC*,tg,-41.37,-41.082634958190624,-34.44899368286133,True
*C(C*)(C(=O)OCCCCCC)C,tg,-7.25,-0.3492353427349919,,False
*C(C*)(C(=O)OCCN(c1ccc(cc1)N=Nc1sc2c(n1)ccc(c2)[N+](=O)[O-])CC)C,tg,140.0,99.7722359864163,144.5476837158203,True
*C(C*)c1c(cccc1)COCCCC,tg,67.0,45.863774599299894,43.810943603515625,True
*N1C(=O)c2c(C1=O)c(ccc2)Oc1ccc(cc1)Oc1ccc(cc1)Oc1c2c(C(=O)N(C2=O)c2ccc(cc2)Oc2cc(ccc2)Oc2ccc(cc2)*)ccc1,tg,198.0,205.6978086805609,,False
*c1c2c(C(=O)N(C2=O)N2C(=O)c3c(C2=O)cc(cc3)Sc2ccc(cc2)Sc2ccc(cc2)S*)ccc1,tg,242.0,248.1252469497148,,False
*c1cc2c(C(=O)N(C2=O)c2ccc(cc2)Oc2ccc(cc2)N2C(=O)c3c(C2=O)cc(cc3)C(=O)Nc2ccc(cc2)Oc2c(cccc2)c2c(cccc2)Oc2ccc(cc2)NC(=O)*)cc1,tg,239.0,246.34110609199195,,False
*c1sc(cc1)c1cc(c(cc1)Oc1ccc(cc1)C1(c2ccccc2c2ccccc12)c1ccc(cc1)Oc1c(cc(cc1)*)C(F)(F)F)C(F)(F)F,tg,169.0,222.44356474824417,207.5668487548828,True
*N1C(=O)c2c(C1=O)cc(cc2)C(c1cc2c(C(=O)N(C2=O)CCC*)cc1)(C(F)(F)F)C(F)(F)F,tg,190.0,171.2293423648653,177.1867218017578,True
*c1c2c(c(nn1)c1ccc(cc1)Oc1ccc(cc1)C(c1ccc(cc1)Oc1ccc(cc1)*)(C)C)c(c(c(c2c1ccccc1)c1cc2c(cc1)cccc2)c1cc2c(cc1)cccc2)c1ccccc1,tg,286.0,294.8659604379691,297.5213317871094,True
*c1cc2c(C(=O)N(C2=O)c2cc(c(cc2)Oc2c(cc(cc2)N2C(=O)c3c(C2=O)cc(cc3)C(*)(C(F)(F)F)C(F)(F)F)Br)Br)cc1,tg,299.0,304.249705791576,,False
*Oc1ccc(cc1)C(=O)Nc1cc(cc(c1)c1nc2c([nH]1)cccc2)NC(=O)c1ccc(cc1)OCCOCCOCCOCCOCC*,tg,145.0,167.92887162163848,,False
*N1C(=O)c2c(C1=O)c(ccc2)Oc1ccc(cc1)C(c1ccc(cc1)Oc1c2c(C(=O)N(C2=O)c2cc(ccc2)*)ccc1)(C)C,tg,222.5,239.85779851810832,241.3914337158203,True
*OC(=O)CCCCCC(=O)OCCOCC*,tg,-59.67,-66.31457143300263,-61.775875091552734,True
*C(C*)c1c(cccc1)COCc1ccccc1,tg,72.0,87.65057123393434,,False
*c1ccc(cc1)C(C(*)(C(=O)OCC(C)C)C#N)(C(=O)OCC(C)C)C#N,tg,108.0,109.2373721830458,128.20001220703125,True
*Oc1cc2c(cc1)ccc(c2)Oc1ccc(cc1)C(=O)Nc1ccc(cc1)Oc1ccc(cc1)Oc1ccc(cc1)NC(=O)c1ccc(cc1)*,tg,191.0,179.135396831563,190.19749450683594,True
*OC(=O)C=CC(=O)NCCCCCCNC(=O)C=CC(=O)OCCOCCOCCOCC*,tg,52.0,41.98396748997943,,False
*Oc1cc2c(cc1)ccc(c2)Oc1ccc(cc1)C(=O)Nc1ccc(cc1)Oc1ccc(cc1)C(c1ccc(cc1)Oc1ccc(cc1)NC(=O)c1ccc(cc1)*)(c1ccccc1)C,tg,177.0,180.21884315991903,,False
*c1nc2c(nc1c1ccccc1)cc(cc2)c1cc2c(nc(c(n2)c2ccc(cc2)*)c2ccccc2)cc1,tg,367.45,343.5900411459773,,False
*c1cc2c(C(=O)N(C2=O)c2c(ccc(c2)C(=O)Oc2ccc(cc2)C(c2ccc(cc2)OC(=O)c2cc(c(cc2)C)N2C(=O)c3c(C2=O)cc(cc3)C(*)(C(F)(F)F)C(F)(F)F)(C(F)(F)F)C(F)(F)F)C)cc1,tg,289.0,243.92557860619613,271.0063171386719,True
*N1C(=O)c2c(C1=O)cc(cc2)Oc1ccc(cc1)c1ccc(cc1)Oc1cc2c(C(=O)N(C2=O)c2ccc(cc2)Oc2ccc(cc2)Oc2ccc(cc2)Oc2ccc(cc2)*)cc1,tg,212.0,214.20257673876253,224.9200439453125,True
*C1COC2C1OCC2OC(=O)C(NC(=O)CCCCCCC(=O)NC(C(=O)O*)C)C,tg,57.0,64.62245448724848,,False
*Nc1ccc(cc1)C(c1ccc(cc1)NC(=O)c1cc(cc(c1)NC(=O)c1ccccc1)C(=O)*)(C)C,tg,303.5,270.57700175133795,,False
*N1C(=O)c2c(C1=O)cc(cc2)c1cc2c(C(=O)N(C2=O)c2c(cc(cc2C)C(c2cc(c(c(c2)C)*)C)c2cc(cc(c2)C(F)(F)F)C(F)(F)F)C)cc1,tg,317.4,299.09165107137034,,False
*Oc1ccc(cc1)C(c1ccc(cc1)OC(=S)*)(CC)CC,tg,121.0,118.16042118488748,128.37403869628906,True
*Nc1ccc(cc1)CC(NC(=O)CCCCCCCCC(=O)*)(C)C,tg,92.0,115.33857679984958,103.12215423583984,True
*Oc1ccc(cc1)C(c1ccc(cc1)OC(=O)c1ccc(cc1)Cc1ccc(cc1)C(=O)*)(C)C,tg,187.5,184.92154338683793,180.15660095214844,True
*c1c([nH]c(n1)c1ccc(cc1)c1[nH]c(c(n1)c1ccc(cc1)Oc1ccc(cc1)C(=O)c1ccc(cc1)Oc1ccc(cc1)C(=O)c1ccc(cc1)Oc1ccc(cc1)*)c1ccccc1)c1ccccc1,tg,245.0,251.38631058567776,267.4935607910156,True
*C(C*)(C(=O)OCCOC(=O)c1cc(cc(c1)[N+](=O)[O-])[N+](=O)[O-])C,tg,89.64,88.03906548127581,123.38616180419922,True
*c1sc(cc1C(=O)OCC(C(C(F)(F)F)(F)F)(F)F)*,tg,129.0,61.12636704997207,,False
*N1C(=O)c2c(C1=O)cc(cc2)C(=O)Nc1ccc(cc1)Oc1c(c(c(c(c1F)F)Oc1ccc(cc1)NC(=O)C*)F)F,tg,254.0,226.7231440290867,246.93101501464844,True
*Oc1ccc(cc1)CC(NC(=O)CCc1ccc(cc1)OC(=O)CCCCCCC(=O)*)C(=O)OCCCCCC,tg,26.45,26.16000494196125,29.846010208129883,True
*C(C*)OC(=O)c1c(cccc1)OC(=O)C,tg,59.5,91.07317809979922,73.67452239990234,True
*c1cc2c(C(=O)N(C2=O)c2c(cccc2)C(=O)c2ccc(cc2)N2C(=O)c3c(C2=O)cc(cc3)C(=O)*)cc1,tg,286.0,290.1050864056836,,False
*N1C(=O)c2c(C1=O)cc(cc2)c1cc2c(C(=O)N(C2=O)c2ccc(cc2)Oc2ccc(cc2)C(c2ccc(cc2)Oc2ccc(cc2)*)(C(F)(F)F)C(F)(F)F)cc1,tg,246.0,250.79959720062757,,False
*N(C(=O)CCCC(=O)N(CCCCCC*)C)C,tg,3.0,-1.136239289245712,,False
*c1cc2c(C(=O)N(C2=O)c2c3c(ccc2)c(ccc3)Oc2ccc(cc2)N2C(=O)c3c(C2=O)cc(cc3)C(=O)Nc2nc(nc(n2)NC(=O)*)c2ccccc2)cc1,tg,291.0,295.2947581828799,,False
*Oc1ccc(cc1)OC(=O)c1cc(cc(c1)OCCCCCCCCCCC(C(C(C(C(C(C(C(C(C(F)(F)F)(F)F)(F)F)(F)F)(F)F)(F)F)(F)F)(F)F)(F)F)(F)F)C(=O)*,tg,137.0,48.27208866218399,,False
*N1C(=O)c2c(C1=O)cc(cc2)Oc1cc2c(cc1)cc(cc2)Oc1cc2c(C(=O)N(C2=O)c2cc(ccc2)Oc2ccc(cc2)*)cc1,tg,225.0,223.52222207168333,223.6590118408203,True
*C(=C(*)c1ccccc1)c1cc(ccc1)[Ge](C)(C)C,tg,200.0,154.80745926566178,,False
*C(C(CC*)Cl)Cl,tg,69.4,-7.464220132865279,-27.451162338256836,True
*c1cc2c(C(=O)N(C2=O)c2c(cc(c(c2)C)N2C(=O)c3c(C2=O)cc(cc3)C(*)(C(F)(F)F)C(F)(F)F)C)cc1,tg,347.0,377.82811503364206,,False
*Oc1ccc(cc1)NC(=O)c1c(ccc(c1)C(c1cc(c(cc1)C(=O)O)C(=O)Nc1ccc(cc1)Oc1ccc(cc1)C(c1ccc(cc1)*)(C(F)(F)F)C(F)(F)F)(C(F)(F)F)C(F)(F)F)C(=O)O,tg,260.0,205.3624977090996,,False
*C1C(C(C(C1)C=C*)C(=O)OCCCCCCOc1ccc(cc1)c1ccc(cc1)C#N)C(=O)OCCCCCCOc1ccc(cc1)c1ccc(cc1)C#N,tg,41.93,54.31793471541804,,False
*C(C*)(C(=O)OCCCCCCOc1ccc(cc1)N=Nc1ccc(cc1)OCCCCCCCCCC)C,tg,110.0,46.48168654745674,,False
*Oc1c(cc(cc1)S(=O)(=O)c1cc(c(cc1)OCC(COc1ccc(cc1)C(c1ccc(cc1)OCC(C*)O)(C)C)O)C)C,tg,117.5,124.48518989162386,,False
*c1oc(nn1)c1ccc(cc1)C(=O)OCCCCCCCCOc1ccc(cc1)C=C1C(=O)C(=Cc2ccc(cc2)OCCCCCCCCOC(=O)c2ccc(cc2)*)CCCC1,tg,98.0,67.33518767927144,,False
*Nc1ccc(cc1)Cc1ccc(cc1)NC(=O)c1cc(cc(c1)NC(=O)CCCCCCCCCCN1C(=O)c2c(C1=O)cccc2)C(=O)*,tg,150.0,193.6802371889021,195.2091522216797,True
*O[Si](*)(CCCCCOc1ccc(cc1)/C=C/c1ccc(cc1)OC)C,tg,52.0,17.63646446090004,,False
*O[Si](O[Si](O[Si](O[Si](O[Si](OC(CCCCC(*)C)C)(C)C)(C)C)(C)C)(C)C)(C)C,tg,-104.0,-102.30175669405894,-107.1946029663086,True
*N1C(=O)c2c(C1=O)cc(cc2)C(c1cc2c(C(=O)N(C2=O)CC2CC(CCC2)C*)cc1)(C(F)(F)F)C(F)(F)F,tg,222.0,221.67884123302647,206.916748046875,True
*N1C(=O)c2c(C1=O)cc(cc2)Oc1c(cc(cc1C)C(c1cc(c(c(c1)C)Oc1cc2c(C(=O)N(C2=O)c2ccc(cc2)Oc2ccc(cc2)C2(C3C4C(CCC4)C(C2)C3)c2ccc(cc2)Oc2ccc(cc2)*)cc1)C)(C)C)C,tg,262.0,259.68335556669587,,False
*N1C(=O)c2c(C1=O)cc(cc2)Oc1cc2c(C(=O)N(C2=O)c2cc(c(cc2)Oc2ccc(cc2)C(=O)c2cc(ccc2)*)C(F)(F)F)cc1,tg,224.0,222.4704427026547,,False
*N1C(=O)c2c(C1=O)cc(cc2)Oc1c(cccc1)Oc1cc2c(C(=O)N(C2=O)c2cc(c(cc2)Oc2ccc(cc2)c2ccc(cc2)Oc2c(cc(cc2)*)C(F)(F)F)C(F)(F)F)cc1,tg,208.0,209.10974973750285,,False
*O[Si](*)(CCCOc1c(cc(cc1)C(=O)OC1CC2=CCC3C(CCC4(C(CCC34)C(CCCC(C)C)C)C)C2(CC1)C)S(=O)(=O)O[K])C,tg,112.6,75.0360229877026,98.41155242919922,True
*C(C*)(C(=O)OCCCCCCOc1ccc(cc1)C(=O)Oc1ccc(cc1)C(=O)C=Cc1c(c2c(n1C)cccc2)C)C,tg,98.0,75.70400007135383,,False
*C1N(CC(C1)OC(=O)*)C(=O)OCc1ccccc1,tg,78.0,125.20801571267376,110.69574737548828,True
*O[Si](c1cc(ccc1)[Si](*)(C)C)(C)C,tg,-52.0,-20.55814212099152,-29.093490600585938,True
*Oc1ccc(cc1)CC(NC(=O)CCc1ccc(cc1)OC(=O)CCCCCCCCC(=O)*)C(=O)OCCCCCCCC,tg,14.25,22.683829673947656,,False
*c1nc2c(c(c1)c1ccccc1)cc(cc2)C1(c2ccccc2c2ccccc12)c1cc2c(nc(cc2c2ccccc2)c2ccc(cc2)C2(c3ccccc3C(=O)c3ccccc23)c2ccc(cc2)*)cc1,tg,385.0,397.2371154211984,394.6119079589844,True
*c1cc2c(C(=O)N(C2=O)c2ccc(cc2)Sc2ccc(cc2)N2C(=O)c3c(C2=O)cc(cc3)C(*)(C(F)(F)F)C(F)(F)F)cc1,tg,293.67,293.722056132227,305.68017578125,True
*C(C(CCCCCCCC*)Cl)Cl,tg,-30.0,-29.306983695585515,,False
*OC(=O)c1c(cc(cc1)C(=O)OCCN(CC*)c1ccc(cc1)C=C(C#N)C#N)OCCC,tg,94.0,101.819837498218,,False
*SCC(C*)(CC)C,tg,-50.0,-0.4630079960633632,-35.19363021850586,True
*C1C(=O)N(C(=O)C1CC*)CCCCCCCCCCCCCC,tg,62.4,51.620859066442534,37.3745231628418,True
*Oc1ccc(cc1)C(=O)OC(COC(=O)c1ccc(cc1)OC(=O)c1ccc(cc1)C(=O)*)C,tg,87.0,116.04980311492852,,False
*Nc1cc(ccc1)NC(=O)CCCCC(=O)Nc1cc(ccc1)NC(=S)NC(=O)CCCCC(=O)NC(=S)*,tg,236.0,211.7433204252459,,False
*Oc1c(cc(cc1)Oc1ccc(cc1)C(=O)c1ccc(cc1)*)c1cc(ccc1)C(F)(F)F,tg,134.0,165.0058022230296,,False
*C(C*)(CC(=O)OC1CCCCC1)C(=O)OC1CCCCC1,tg,142.0,102.55058483327667,110.16229248046875,True
*OC(=O)c1ccc(cc1)N=CNc1ccc(cc1)C(=O)OCCCC*,tg,91.0,70.99950541648919,73.96942138671875,True
*Oc1c(cc(cc1)OC(=O)c1c(cc(cc1)C(=O)*)Sc1ccccc1)C,tg,130.0,142.05036858333165,,False
*Oc1ccc(cc1)C(c1ccc(cc1)OCC(CN(CC(C*)O)c1ccc(cc1)N=Nc1ccc(cc1)[N+](=O)[O-])O)(C)C,tg,59.0,105.22212852399446,109.7686538696289,True
*N1C(=O)c2c(C1=O)cc(cc2)Oc1cc2c(C(=O)N(C2=O)Cc2oc(cc2)C(c2oc(cc2)C*)(C)C)cc1,tg,116.0,212.09066429321317,,False
*OC(=O)NCCCCCCNC(=O)OCCOCCOCC*,tg,-9.67,14.846696583373202,5.186431884765625,True
*Oc1cc2c(cc1)ccc(c2)OCCNC(=O)c1ccc(cc1)C(=O)NCC*,tg,159.0,139.63781323821107,,False
*C(C*)(C(F)(F)F)F,tg,46.0,14.429392513095772,,False
*O[Si](O[Si](O[Si](c1ccc(cc1)[Si](*)(C)C)(C)C)(C)C)(C)C,tg,-62.0,-55.06960925770412,,False
*c1sc(cc1)c1sc(cc1)[Si]([Si](*)(CCCC)CCCC)(CCCC)CCCC,tg,-20.0,-6.3522694515127,,False
*c1cc2c(C(=O)N(C2=O)c2ccc(cc2)C(=O)Nc2ccc(cc2)C(=O)OCCCCCCCCCCOC(=O)*)cc1,tg,102.0,101.8357078725134,97.05928802490234,True
*OS(=O)(=O)c1ccc(cc1)Oc1ccc(cc1)S(=O)(=O)Oc1ccc(cc1)C(c1ccc(cc1)*)(C)C,tg,110.0,145.60627132392815,117.599609375,True
*Oc1ccc(cc1)C(c1ccc(cc1)Oc1c(c(c(c(c1F)F)COC(c1cc(ccc1)C(OCc1c(c(c(c(c1F)F)*)F)F)(C(F)(F)F)C(F)(F)F)(C(F)(F)F)C(F)(F)F)F)F)(C)C,tg,98.0,108.38399733236815,,False
*Oc1ccc(cc1)C(=O)NCC(CCCNC(=O)c1ccc(cc1)*)(C)C,tg,155.0,167.88561738778563,,False
*OP(=O)(N=Nc1ccc(cc1)c1ccc(cc1)N=NP(=O)(OCCOCC*)OC)OC,tg,22.0,39.80491017825471,31.972518920898438,True
*Oc1c2c(c(cc1)C=Cc1c(cc(c(c1)OC)C=Cc1c3c(c(cc1)OCCOCCOCC*)cccc3)OC)cccc2,tg,79.5,86.14681058841688,,False
*Oc1c(cc(cc1)OCCCC(=O)NNC(=O)c1ccc(cc1)C(=O)NNC(=O)CCC*)C,tg,125.5,127.07991897081132,,False
*Oc1ccc(cc1)Nc1ccc(cc1)N=Nc1ccc(cc1)Nc1ccc(cc1)*,tg,169.0,171.7003279143681,,False
*c1cc2c(C(=O)N(C2=O)c2c(ccc(c2)N2C(=O)c3c(C2=O)cc(cc3)C(*)(C(F)(F)F)C(F)(F)F)C)cc1,tg,307.0,343.9272924687869,,False
*OC1C(CCCC1)OC(=O)*,tg,117.3,123.61399668844088,136.1497039794922,True
*C(C*)OC(=O)C(Cl)(Cl)Cl,tg,59.0,67.5120438905001,76.78008270263672,True
*S(=O)(=O)C1C2CCC(C1*)C2,tg,33.0,162.62049013212467,160.27256774902344,True
*N1C(=O)c2c(C1=O)cc(cc2)Oc1cc2c(C(=O)N(C2=O)c2cc(ccc2)Oc2c(c(ccc2)Oc2cc(ccc2)Oc2c(c(ccc2)Oc2cc(ccc2)*)C#N)C#N)cc1,tg,176.0,207.4981734255676,,False
*C1C2C(C(=O)N(C2=O)c2ccccc2)C(C1)C=C*,tg,220.0,229.5081175220332,,False
*Oc1ccc(cc1)CC(NC(=O)CCc1ccc(cc1)OC(=O)COCCOCC(=O)*)C(=O)OCc1ccccc1,tg,55.0,53.7273167101641,,False
*Oc1ccc(cc1)NC(=O)c1ccc(cc1)Oc1ccc(cc1)C(c1cc(ccc1)C(c1ccc(cc1)Oc1ccc(cc1)C(=O)Nc1ccc(cc1)Oc1ccc(cc1)C(c1ccc(cc1)*)(C(F)(F)F)C(F)(F)F)(C)C)(C)C,tg,154.0,164.4712893147976,,False
*NC(=O)c1cc(ccc1)C(=O)NCC1CCC(CC1)C*,tg,208.0,171.01194687235966,174.1779327392578,True
*O[Si](*)(CCCOc1ccc(cc1)C(=O)OC1CC2=CCC3C(CCC4(C(CCC34)C(CCCC(C)C)C)C)C2(CC1)C)C,tg,61.1,73.82681506520241,,False
*OC(C*)COC(C(F)(F)F)(C(F)(F)F)F,tg,-43.0,-24.75247196462244,,False
*c1nc(nc(n1)c1ccc(cc1)Oc1ccc(cc1)C(c1ccc(cc1)Oc1ccc(cc1)*)(C(F)(F)F)C(F)(F)F)c1ccccc1,tg,241.0,195.0299266291404,225.6453399658203,True
*Nc1ccc(cc1)C(c1ccc(cc1)NC(=O)c1cc(cc(c1)C(C)(C)C)C(=O)*)(P1(=O)c2ccccc2c2ccccc2O1)P1(=O)c2ccccc2c2ccccc2O1,tg,235.0,257.2111142841479,,False
*SCCCCCCCCCCC(=O)NCCc1ccc(cc1)CCNC(=O)CCCCCCCCCC*,tg,58.0,63.16457453379295,43.84815979003906,True
*C(C*)(CC(=O)OCCCCCCC)C(=O)OCCCCCCC,tg,-23.67,-15.96934567146159,-22.29180335998535,True
*Nc1ccc(cc1)C(c1ccc(cc1)C(c1ccc(cc1)Nc1ccc(cc1)C(c1ccc(cc1)C(c1ccc(cc1)*)(c1ccccc1)O)(c1ccccc1)O)(C)C)(C)C,tg,177.0,177.44800328858295,,False
*c1cc2c(C(=O)N(C2=O)c2ccc(cc2)Cc2ccc(cc2)Cc2ccc(cc2)N2C(=O)c3c(C2=O)cc(cc3)C(=O)*)cc1,tg,341.0,308.5578568751195,,False
*OC(=O)C1CCC(CC1)C(=O)OCC*,tg,25.0,25.789351708012116,17.30596923828125,True
*C1COC2C1OCC2OC(=O)OCC1OC(OC1COC(=O)O*)(C)C,tg,95.5,98.78108366198056,120.23013305664062,True
*N1C(=O)c2c(C1=O)cc(cc2)S(=O)(=O)c1cc2c(C(=O)N(C2=O)c2cc(c(cc2)Oc2c(cc(cc2)*)Br)Br)cc1,tg,281.0,293.62323960262967,,False
*N1C(=O)C(CC1=O)SCCOCCSC1C(=O)N(C(=O)C1)c1ccc(cc1)C(=O)Oc1ccc(cc1)C(c1ccc(cc1)OC(=O)c1ccc(cc1)*)(C)C,tg,143.0,144.26938572149618,,False
*C(C*)C(=O)OCC(C(C(C(F)(F)F)(F)F)(F)F)(F)F,tg,-37.0,-24.38016825350016,-13.981226921081543,True
*C(C*)C(=O)Oc1ccc(cc1)C(=O)OCC,tg,37.0,46.24398304601681,,False
*N1C(=O)c2c(C1=O)cc(cc2)c1cc2c(C(=O)N(C2=O)c2ccc(cc2)OCCCCCCCCCCOc2ccc(cc2)*)cc1,tg,153.0,135.07947456321122,144.702392578125,True
*OCC(C*)(CS(=O)(=O)CCC)CS(=O)(=O)CCC,tg,71.0,67.21882794102011,,False
*c1cc2c(C(=O)N(C2=O)c2ccc(cc2)Sc2ccc(cc2)Sc2ccc(cc2)N2C(=O)c3c(C2=O)cc(cc3)C(*)(C(F)(F)F)C(F)(F)F)cc1,tg,257.0,256.508284331723,,False
*SSSCCCCCCCCCC*,tg,-70.0,-49.06285585277743,,False
*c1sc(cc1)c1sc(c(c1)CCCCCCCC)c1sc(cc1)c1sc(cc1)c1sc(cc1CCCCCCCC)c1sc(cc1)[Si](*)(CCCC)CCCC,tg,-1.0,13.362958898952993,,False
*Oc1c(cc(cc1c1ccccc1)Cc1cc(c(c(c1)c1ccccc1)OC(=O)CCCCC(=O)*)c1ccccc1)c1ccccc1,tg,115.0,124.5970646827182,110.4609603881836,True
*N1C(=O)c2c(C1=O)cc(cc2)c1cc2c(C(=O)N(C2=O)c2ccc(cc2)C(c2ccc(cc2)*)(C(F)(F)F)C(F)(F)F)cc1,tg,333.67,301.1264419312818,,False
*N1C(=O)c2c(C1=O)cc(cc2)Oc1ccc(cc1)C(=O)c1ccc(cc1)Oc1cc2c(C(=O)N(C2=O)c2ccc(cc2)Oc2cc(ccc2)Oc2ccc(cc2)*)cc1,tg,194.0,197.4923662145392,,False
*c1cc2c(C(=O)N(C2=O)c2ccc(cc2)Oc2ccc(cc2)C(c2ccc(cc2)Oc2ccc(cc2)N2C(=O)c3c(C2=O)cc(cc3)c2ccc(cc2)c2ccc(cc2)c2ccc(cc2)c2ccc(cc2)*)(C)C)cc1,tg,236.0,256.1647629887063,,False
*c1cc2c(C(=O)N(C2=O)c2ccc(cc2)C2(CCC(CC2)C(C)(C)C)c2ccc(cc2)NC(=O)*)cc1,tg,331.0,320.8813595732251,279.1015930175781,True
*Oc1cc(ccc1)NC(=O)CCCCCCC(=O)Nc1ccc(cc1)*,tg,140.0,125.19392124934868,,False
*Oc1ccc(cc1)CC(NC(=O)CCc1ccc(cc1)OC(=O)CCCCCCCCC(=O)*)C(=O)OC,tg,46.33,47.78835962412422,,False
*NNC(=O)c1cc(cc(c1)NC(=O)c1cc2c(C(=O)N(C2=O)c2ncccc2C)cc1)C(=O)NNC(=O)CCCC(=O)*,tg,131.7,165.7186217006754,,False
*C(C*)(C(=O)OCCCCCCCCCCn1c2ccc(cc2c2ccccc12)N=Nc1c(cc(cc1)[N+](=O)[O-])[N+](=O)[O-])C,tg,60.0,97.064800044937,,False
*Nc1ccc(cc1)NC(=O)c1cc(cc(c1)NC(=O)c1ccncc1)C(=O)*,tg,327.0,293.11120517363497,311.6722412109375,True
*Oc1c(cc(cc1)Oc1ccc(cc1)C(=O)c1c2c(ccc1)cccc2C(=O)c1ccc(cc1)*)C(C)(C)C,tg,230.0,210.92872718745608,,False
*Oc1ccc(cc1)C1(c2ccccc2c2ccccc12)c1ccc(cc1)OC(=O)*,tg,303.33,253.4940673588122,,False
*Oc1cc(ccc1)NC(=O)c1ccc(cc1)[Si](c1ccc(cc1)C(=O)*)(c1ccccc1)c1ccccc1,tg,220.0,205.31638103251973,155.6376495361328,True
*C(C*)c1cc(c(cc1)Cl)C,tg,114.0,111.31249821003377,,False
*C(C*)C(=O)NCC(=O)N,tg,186.0,124.83392206247896,,False
*P1(=NP(=NP(=N1)(Oc1ccc(cc1)C(=O)OC)Oc1ccc(cc1)C(=O)OC)(Oc1ccc(cc1)C(c1ccc(cc1)O*)(C)C)Oc1ccc(cc1)C(=O)OC)Oc1ccc(cc1)C(=O)OC,tg,73.0,130.86393189033413,45.4059944152832,True
*SC(C*)(C)C,tg,-14.0,-0.6942806270922098,,False
*c1cc2c(C(=O)N(C2=O)c2ccc(cc2)Oc2ccc(cc2)C2(c3c(C(=O)N2)cccc3)c2ccc(cc2)Oc2ccc(cc2)N2C(=O)c3c(C2=O)cc(cc3)C(=O)Nc2cc(ccc2)Oc2ccc(cc2)NC(=O)*)cc1,tg,302.0,302.5773948874108,,False
*C1COC2C1OCC2OC(=O)OCCCCOC(=O)O*,tg,49.0,44.21305979304245,42.81349563598633,True
*NC(=O)CCP(=O)(CCC(=O)NCCCCCCCCCCCC*)C,tg,44.0,49.92247671167295,,False
*N1C(=O)c2c(C1=O)cc(cc2)Oc1c2c(ccc1)c(ccc2)Oc1cc2c(C(=O)N(C2=O)c2cc(cc(c2)C(F)(F)F)*)cc1,tg,250.0,258.09143384606256,,False
*c1sc(nn1)c1ccc(cc1)C(=O)OCCCCCCCCCOC(=O)c1ccc(cc1)*,tg,72.0,91.18617753557378,,False
*Oc1c(cc(cc1)C=C1C(=O)C(=Cc2cc(c(cc2)OC(=O)CCCCCCCCC(=O)*)OC)CCC1)OC,tg,48.05,74.68488411455296,,False
*c1cc2c(C(=O)N(C2=O)c2ccc(cc2)C(=O)Nc2ccc(cc2)C(=O)OCCCCCCCCOC(=O)*)cc1,tg,105.0,99.44438082344432,,False
*C(C*)(C(=O)OCc1ccc2n(c3c(c2c1)cccc3)CCCC)C,tg,87.0,86.55883662438146,98.290283203125,True
*Oc1ccc(cc1)C1(c2ccccc2c2ccccc12)c1ccc(cc1)OCC(COC(=O)C1CCC(CC1)C(=O)OCC(C*)O)O,tg,110.0,143.65722342743547,156.38528442382812,True
*Oc1c(cc(cc1)C(C)(C)C)Oc1ccc(cc1)S(=O)(=O)c1ccc(cc1)*,tg,180.5,174.7564809343917,,False
*NC(=O)c1ccc(cc1)C(=O)NCCC(CCC*)C(C)C,tg,146.5,148.01287423110213,,False
*c1cc2c(C(=O)N(C2=O)c2c(cc(c(c2C)C(=O)c2cc(ccc2)N2C(=O)c3c(C2=O)cc(cc3)C(=O)*)C)C)cc1,tg,300.0,308.01877910675597,,False
*c1c(nc2c(n1)cc(cc2)Oc1ccc(cc1)NC(=O)c1cc2c(C(=O)N(C2=O)c2ccc(cc2)C(c2ccc(cc2)N2C(=O)c3c(C2=O)cc(cc3)C(=O)Nc2ccc(cc2)Oc2cc3c(nc(c(n3)c3ccc(cc3)*)c3ccccc3)cc2)(C(F)(F)F)C(F)(F)F)cc1)c1ccccc1,tg,293.0,293.5913659096222,290.363037109375,True
*Oc1ccc(cc1)C(c1ccc(cc1)OCCCCCCCC*)(C)C,tg,13.37,20.841359900333728,25.889198303222656,True
*Oc1ccc(cc1)C1(CC2C(CC1)CCCC2)c1ccc(cc1)OC(=O)c1ccc(cc1)C(=O)*,tg,275.0,273.5867671062154,,False
*c1cc2c(C(=O)N(C2=O)c2ccc(cc2)C(=O)Nc2ccc(cc2)Cc2ccc(cc2)NC(=O)*)cc1,tg,222.0,257.9250401712345,266.4693908691406,True
*Oc1ccc(cc1)c1ccc(cc1)OC(=O)c1ccc(cc1)C(=O)*,tg,267.0,179.42236990503764,176.8651580810547,True
*c1cc2c(C(=O)N(C2=O)c2cc(c(cc2)c2c(cc(cc2)N2C(=O)c3c(C2=O)cc(cc3)C(=O)Oc2c(cc(cc2C)C(c2cc(c(c(c2)C)OC(=O)*)C)(C)C)C)C)C)cc1,tg,182.0,264.046761457829,268.0380859375,True
*Oc1ccc(cc1)CC(NC(=O)CCc1ccc(cc1)OC(=O)COCCOCC(=O)*)C(=O)OCCCCCCCC,tg,16.0,22.764526075339504,33.988494873046875,True
*Oc1c(cc(cc1C)C1(CC2C(CC1)CCCC2)c1cc(c(c(c1)C)Oc1ccc(cc1)C(=O)c1ccc(cc1)*)C)C,tg,251.0,237.30587119484855,,False
*c1sc(nn1)c1cc(ccc1)OCCCCCCCCCCCOC(=O)c1ccc(cc1)C(=O)OCCCCCCCCCCCOc1ccc(cc1)*,tg,49.5,58.69925210066193,58.6976432800293,True
*c1nc(nc(c1F)OCC(C(C(CO*)(F)F)(F)F)(F)F)F,tg,0.0,67.64128587661197,,False
*C(C*)OC(=O)C1CCCCC1,tg,58.88,36.936805036076976,33.93563461303711,True
*C(C*)C(=O)OCCCOC,tg,-66.5,-47.540208596046234,-49.46269226074219,True
*N1C(=O)c2c(C1=O)cc(cc2)C(=O)c1cc2c(C(=O)N(C2=O)C(=S)Nc2ccc(cc2)Oc2ccc(cc2)NC(=S)*)cc1,tg,262.0,268.4057301140372,,False
*C(C(*)(F)F)(OC(C(F)F)F)F,tg,35.0,25.203808772849452,,False
*C(C*)C(=O)Nc1ccc(cc1)Cl,tg,76.0,94.98561113946596,,False
*N1C(=O)c2c(C1=O)cc(cc2)Oc1cc(ccc1)C(c1ccc(cc1)Oc1cc2c(C(=O)N(C2=O)c2ccc(cc2)*)cc1)(C)C,tg,268.0,224.01899673898689,223.98704528808594,True
*OC(=O)c1cc(ccc1)C(=O)OCC*,tg,56.5,65.76596476103914,,False
*N1C(=O)c2c(C1=O)cc(cc2)Oc1cc2c(C(=O)N(C2=O)c2ccc(cc2)C2(c3ccccc3c3ccccc23)c2ccc(cc2)*)cc1,tg,373.0,327.34896599316204,,False
*Nc1ccc(cc1)C(c1ccc(cc1)NC(=O)c1cc(ccc1)C(=O)*)(C(F)(F)F)C(F)(F)F,tg,272.0,258.57993895509736,273.8965148925781,True
*c1c2C(=O)N(C(=O)c2c(c2ccccc12)c1ccc(cc1)Oc1ccc(cc1)C(=O)c1cc(ccc1)C(=O)c1ccc(cc1)Oc1ccc(cc1)*)C,tg,251.0,250.16918470676623,260.2578430175781,True
*Oc1ccc(cc1)C(c1ccc(cc1)Oc1ccc(cc1)C(=O)c1c(c(c(c(c1c1ccc(cc1)F)c1ccc(cc1)F)c1ccc(cc1)F)c1ccc(cc1)F)C(=O)c1ccc(cc1)*)(C)C,tg,252.0,255.3003496626773,262.3305969238281,True
*Oc1ccc(cc1)CC(NC(=O)CCc1ccc(cc1)OC(=O)CCCCCCC(=O)*)C(=O)OC(C)C,tg,46.0,48.65464318405352,,False
*O[Ca]OC(=O)c1c(cccc1)C(=O)OCCCCCOC(=O)NCCCCCCNC(=O)OCCCCCOC(=O)c1c(cccc1)C(=O)*,tg,-2.4,5.376847259452404,,False
*C1COC2C1OCC2OC(=O)C(NC(=O)CCCCCCCC(=O)NC(C(=O)O*)C)C,tg,46.0,47.81615453825476,,False
*Nc1cc(ccc1)NC(=O)c1ccc(cc1)C(=O)Nc1cc(ccc1)NC(=S)NC(=O)CCCCCCCCC(=O)NC(=S)*,tg,248.0,229.36693381871805,238.1973114013672,True
*c1sc(cc1SCCCCCCCCCCCC)c1sc(c(c1)SCCCCCCCCCCCC)c1ccc(cc1)*,tg,60.35,32.92097750086949,-2.7635090351104736,True
*C(CC*)(C)C,tg,10.97,-13.574622537654523,,False
*c1nc2c(c(c1)c1ccccc1)cc(cc2)C1(c2ccccc2c2ccccc12)c1cc2c(nc(cc2c2ccccc2)c2ccc(cc2)c2ccc(cc2)*)cc1,tg,380.0,365.3267328205223,386.7664489746094,True
*c1cc2c(C(=O)N(C2=O)c2ccc(cc2)Oc2cc3c(cc2)ccc(c3)Oc2ccc(cc2)N2C(=O)c3c(C2=O)cc(cc3)C(=O)Nc2ccc(cc2)Cc2ccc(cc2)NC(=O)*)cc1,tg,273.0,262.1990415159324,,False
*C(=C(*)Cl)CCCC,tg,190.0,114.16272330683088,172.4679412841797,True
*N1C(=O)C(CC1=O)Nc1ccc(cc1)NC1C(=O)N(C(=O)C1)c1ccc(cc1)C(=O)Oc1c(cc(cc1C)C(c1cc(c(c(c1)C)OC(=O)c1ccc(cc1)*)C)c1cnccc1)C,tg,212.0,210.50981821839312,192.9970245361328,True
*C(C(*)(F)F)(c1c(c(c(c(c1F)F)F)F)F)F,tg,194.0,135.54517794964764,131.7046356201172,True
*c1nc2c(c(c1c1ccccc1)c1ccccc1)cc(cc2)Oc1cc2c(nc(c(c2c2ccccc2)c2ccccc2)c2ccc(cc2)*)cc1,tg,345.0,303.92296728351005,,False
*Oc1ccc(cc1)C(c1ccc(cc1)OC(=O)CCCCCCCCC(=O)*)(CC)c1ccccc1,tg,88.0,75.46096233656976,,False
*Oc1cc(ccc1)NC(=O)c1cc(ccc1)C(=O)Nc1cc(ccc1)OCCCCCCCC*,tg,117.0,110.03796822380411,,False
*C1C2C(C(=O)N(C2=O)c2cc(ccc2)Cl)C(C1)C=C*,tg,204.8,214.4357600107744,223.1667938232422,True
*OC(=O)Nc1ccc(cc1)Cc1ccc(cc1)NC(=O)OCCCCC*,tg,95.0,74.79973020316011,,False
*Nc1cc(ccc1)NC(=O)c1ccc(cc1)C(=O)Nc1ccc(cc1)C(=O)NC(=S)*,tg,273.0,281.57982953896857,263.2870788574219,True
*Nc1ccc(cc1)Cc1ccc(cc1)NC(=O)c1cc(ccc1)C(=O)*,tg,264.6,264.8232858669308,273.970458984375,True
*NNC(=O)C=CC(=O)NCCCCCCNC(=O)C=CC(=O)*,tg,102.4,84.17811332665404,,False
*C(C*)n1c2ccccc2c2ccccc12,tg,210.47,213.0581698423752,219.12847900390625,True
*C(C*)c1cc(ccc1)C,tg,74.83,99.1204882080395,,False
*Oc1cc(c(cc1)CCc1ccc(cc1)OCCCCCCCCCCC*)C,tg,3.9,-1.6447299721787187,-5.4395904541015625,True
*N1C(=O)c2c(C1=O)cc(cc2)C(=O)Oc1ccc(cc1)c1ccc(cc1)OC(=O)c1cc2c(C(=O)N(C2=O)CCCOCCCCOCCC*)cc1,tg,70.0,84.06916992487531,,False
*Oc1ccc(cc1)C(=O)c1cc(ccc1)NC(=O)CCCCCCCCC(=O)Nc1ccc(cc1)C(=O)c1ccc(cc1)*,tg,148.0,166.38151672293,,False
*Oc1c(c2c(cc1)cccc2)Sc1c2c(ccc1OCC(=O)Nc1ccc(cc1)NC(=O)C*)cccc2,tg,268.0,229.1695354732979,257.880126953125,True
*OP(=O)(OCCCCCCCCCCOc1ccc(cc1)C=Cc1ccc(cc1)OCCCCCCCCCC*)OCCCCCCCCCCOc1ccc(cc1)N=Nc1ccc(cc1)C#N,tg,60.0,54.33717963471705,,False
*c1nc2c([nH]1)ccc(c2)NC(=O)c1ccc(cc1)OCCOCCOCCOCCOCCOc1ccc(cc1)C(=O)Nc1ccc(cc1)*,tg,125.0,135.78444690053863,,False
*OC(C(*)(F)F)(F)F,tg,-48.0,-7.132250183941886,,False
*Oc1ccc(cc1)Oc1ccc(cc1)NC(=C(C#N)C#N)c1cc(ccc1)C(=C(C#N)C#N)Nc1ccc(cc1)*,tg,228.0,235.4188320103298,259.9765319824219,True
*N1C(=O)c2c(C1=O)cc(cc2)Oc1cc2c(C(=O)N(C2=O)c2cc(ccc2)C(C(C(C(C(c2cc(ccc2)*)(F)F)(F)F)(F)F)(F)F)(F)F)cc1,tg,138.5,184.69190639108575,,False
*c1ccc2c(nc([nH]2)c2cc(ccc2)c2nc3c([nH]2)ccc(c3)C(=O)Nc2cc(cc(c2)c2nc3c([nH]2)cccc3)NC(=O)*)c1,tg,315.0,314.47204581906993,329.4368591308594,True
*C(C*)c1c(ccc(c1)Br)OCCC,tg,54.0,57.89373504819904,63.518680572509766,True
*c1oc(cc1)CNC(=O)OC(COC(=O)NC*)c1occc1,tg,30.0,67.74065219209406,,False
*N=P(*)(Oc1ccc(cc1)C(C)C)Oc1ccc(cc1)C(C)C,tg,0.0,14.905836363136595,9.3124418258667,True
*C(C(*)(F)F)(OC(C(F)(F)F)(F)F)F,tg,29.0,8.46252038369188,,False
*N1C(=O)c2c(C1=O)cc(cc2)Oc1cc2c(C(=O)N(C2=O)c2ccc(cc2)c2nc(cc(c2)c2ccc(cc2)OCCCC#N)c2ccc(cc2)*)cc1,tg,315.0,286.0610124702808,294.2773132324219,True
*c1c([nH]c(n1)c1ccc(cc1)c1[nH]c(c(n1)c1ccc(cc1)Oc1ccc(cc1)C(=O)c1cc2c(cc1)cc(cc2)C(=O)c1ccc(cc1)Oc1ccc(cc1)*)c1ccccc1)c1ccccc1,tg,281.0,283.1140271021273,,False
*Oc1cc(ccc1)S(=O)(=O)c1ccc(cc1)*,tg,170.0,174.671074546958,,False
*Oc1cc2c(cc1)ccc(c2)Oc1ccc(cc1)C(=O)Nc1ccc(cc1)Oc1ccc(cc1)C(c1ccc(cc1)C(c1ccc(cc1)Oc1ccc(cc1)NC(=O)c1ccc(cc1)*)(C)C)(C)C,tg,166.0,162.56542357381443,,False
*C(C*)C(=O)OCCCCCCCOC(=O)c1ccc(cc1)OC(=O)c1ccc(cc1)C#N,tg,20.0,24.74818731286392,19.399274826049805,True
*C(C*)C(=O)Oc1c(cccc1)Cl,tg,146.33,72.15154481654038,,False
*c1nc2c(n1c1ccc(cc1)n1c(nc3c1cccc3)c1ccc(cc1)Oc1ccc(cc1)C(=O)c1ccc(cc1)C(=O)c1ccc(cc1)Oc1ccc(cc1)*)cccc2,tg,238.0,273.8419394411299,,False
*C1COC2C1OCC2OC(=O)CNC(=O)CNC(=O)CCCCCCCCC(=O)NCC(=O)NCC(=O)O*,tg,47.0,65.23848635943698,,False
*C1C(=O)N(C(=O)C1*)c1ccc(cc1)O[Si](CC)(CC)CC,tg,165.0,137.8594082002567,153.279052734375,True
*S(=O)(=O)c1cc(ccc1)NC(=O)CCCCCCCCCCC(=O)Nc1cc(ccc1)*,tg,107.0,95.25242761745392,,False
*c1sc(nn1)c1ccc(cc1)C(=O)OCCCCCCCCCCCCOC(=O)c1ccc(cc1)*,tg,68.0,73.25529516051888,71.58421325683594,True
*c1cc2c(C(=O)N(C2=O)c2cc(ccc2)C(=O)Nc2ccc(cc2)Oc2ccc(cc2)C(c2ccc(cc2)Oc2ccc(cc2)NC(=O)c2cc(ccc2)N2C(=O)c3c(C2=O)cc(cc3)C(*)(C(F)(F)F)C(F)(F)F)(C(F)(F)F)C(F)(F)F)cc1,tg,266.0,262.45622148000143,274.9269104003906,True
*OP(=O)(Oc1c2c(ccc1)c(ccc2)*)OC1CCCCC1,tg,134.0,119.3179008160535,108.32593536376953,True
*N(CCC*)C(=O)C(C(C(C(C(C(C(F)(F)F)(F)F)(F)F)(F)F)(F)F)(F)F)(F)F,tg,25.0,29.59772767996884,,False
*c1cc2c(C(=O)N(C2=O)c2cc(c(cc2)c2c(cc(cc2)N2C(=O)c3c(C2=O)cc(cc3)C(=O)*)C)C)cc1,tg,385.0,323.64994131186387,,False
*O[Si](OCCOc1ccc(cc1)C1(c2ccccc2c2ccccc12)c1ccc(cc1)OCC*)(c1ccccc1)c1ccccc1,tg,97.0,112.42789568451936,,False
*Oc1ccc(cc1)C(c1ccc(cc1)OCC(COC(=O)C1CCC(CC1)C(=O)OCC(C*)O)O)(C)C,tg,70.0,74.67637260651036,,False
*O[Si](CCCN=C1C(=CC(=NCCC[Si](*)(C)C)C(=C1)O)O)(C)C,tg,-25.71,8.834695177121011,43.15193557739258,True
*C(C*)(C(=O)OCCCCCCCCCCCCOc1ccc(cc1)C(=O)Oc1ccc(cc1)c1cc(ccc1)OC(=O)c1ccc(cc1)OC(=O)c1ccc(cc1)OCCCCCCCCCCCC)C,tg,74.5,57.175400658420415,44.26460266113281,True
*OC(=O)OCC(=C)COCC(=C)C*,tg,70.5,31.5991321419206,20.065385818481445,True
*C(C*)(C(=O)OCc1ccc2n(c3c(c2c1)cccc3)CC)C,tg,131.14,130.42506636364226,139.39210510253906,True
*N1C(=O)c2c(C1=O)cc(cc2)Oc1cc(ccc1)Oc1cc2c(C(=O)N(C2=O)c2cc(ccc2)*)cc1,tg,224.0,211.46515965232783,216.8763885498047,True
*c1nc(ccc1)c1cc(c(cc1)Oc1ccc(cc1)Sc1ccc(cc1)Oc1c(cc(cc1)*)C(F)(F)F)C(F)(F)F,tg,144.5,138.5944213716871,,False
*C1(C(=O)N(C(=O)C1)c1ccccc1)C*,tg,236.0,207.17477723791808,,False
*OC(=O)c1ccc(cc1)C(=O)OCC(CS(=O)(=O)CC(C*)(C)C)(C)C,tg,105.0,68.42265305493129,,False
*OC(=O)c1ccc(cc1)c1ccc(cc1)c1ccc(cc1)C(=O)OCCCCC*,tg,40.0,107.33533110633014,,False
*OC(=O)NCc1ccc(cc1)CNC(=O)OCCCCCC*,tg,56.0,53.76599919605106,,False
*OCC(C*)(CCl)CCl,tg,11.38,-13.824691377730366,,False
*Oc1ccc(cc1)OC(=O)CCCCC(=O)*,tg,90.0,47.45834602981565,44.515254974365234,True
*C(C(CCCCCCCCCCC*)c1ccc(cc1)O)c1c(cc(cc1)O)C,tg,4.0,-5.537672423068183,-8.811467170715332,True
*Oc1c(cc(cc1C)C1(c2ccccc2c2ccccc12)c1cc(c(c(c1)C)Oc1ccc(cc1)C(=O)c1cc(ccc1)C(=O)c1ccc(cc1)*)C)C,tg,229.0,241.45255850654004,279.31396484375,True
*C(C*)O,tg,76.98,57.53435375728757,45.828128814697266,True
*c1n(c(nn1)c1ccc(cc1)Oc1ccc(cc1)C(c1ccc(cc1)Oc1ccc(cc1)*)(C)C)c1ccc(cc1)S(=O)(=O)C,tg,230.0,207.5839060542869,212.28453063964844,True
*Oc1ccc(cc1)Nc1ccc(cc1)C(=O)c1ccc(cc1)C(=O)c1ccc(cc1)Nc1ccc(cc1)*,tg,215.0,172.9724457125379,192.6095428466797,True
*Oc1cc(ccc1)NC(=O)CCCCCC(=O)Nc1ccc(cc1)*,tg,130.0,159.34923767688755,142.01275634765625,True
*OC(=O)C=CC(=O)NCCCCCCNC(=O)C=CC(=O)OCCOCCOCC*,tg,65.0,49.36771833074454,,False
*Oc1ccc(cc1)CC(NC(=O)Cc1ccc(cc1)OC(=O)CCCCCCC(=O)*)C(=O)OCC,tg,54.0,52.5619246455947,50.500492095947266,True
*OC(=O)c1c(cccc1)C(=O)OCCOCC*,tg,-50.0,32.605635547356705,,False
*C1COC2C1OCC2OC(=O)c1oc(cc1)C(=O)O*,tg,188.5,113.48436714939396,,False
*C(C(CC*)C(=O)OC)C(=O)OC,tg,31.2,26.41268250465024,25.444547653198242,True
*c1nc2c(nc1c1ccc(cc1)OC(=O)c1cc(ccc1)C(=O)Oc1ccc(cc1)*)cccc2,tg,245.0,241.2954382747736,237.97601318359375,True
*c1cc2c(C(=O)N(C2=O)c2c(cc(cc2)c2cc(c(cc2)N2C(=O)c3c(C2=O)cc(cc3)C(*)(C(F)(F)F)C(F)(F)F)OCCN(c2ccc(cc2)C(=C(C#N)C#N)C#N)CC)OCCN(c2ccc(cc2)C(=C(C#N)C#N)C#N)CC)cc1,tg,222.0,175.6370660060879,,False
*N1C(=O)c2c(C1=O)c(ccc2)Oc1ccc(cc1)C(c1ccc(cc1)Oc1c2c(C(=O)N(C2=O)c2c(cc(cc2)Oc2ccc(cc2)Oc2cc(c(cc2)*)C)C)ccc1)(C)C,tg,222.0,236.3592468610865,231.14952087402344,True
*OP(=O)(OCCCCCCCCOc1c(cc(cc1)C=C1C(=O)C(=Cc2cc(c(cc2)OCCCCCCCC*)OC)CC1)OC)OCC,tg,62.0,53.25765226412218,,False
*NC(=O)CCCCCCCC*,tg,44.29,51.736297491114335,,False
*N1C(=O)c2c(C1=O)cc(cc2)c1cc2c(C(=O)N(C2=O)c2cc(cc(c2)C(F)(F)F)Oc2c(cc(cc2C)c2cc(c(c(c2)C)Oc2cc(cc(c2)C(F)(F)F)*)C)C)cc1,tg,281.1,270.8524592523872,,False
*OC(C(C(*)(F)F)(F)F)(F)F,tg,-109.82,-23.47853371642452,,False
*N1C(=O)c2c(C1=O)cc(cc2)Oc1ccc(cc1)C(c1ccc(cc1)Oc1cc2c(C(=O)N(C2=O)c2ccc(cc2)N(c2ccc(cc2)*)c2ccc(cc2)C#N)cc1)(C(F)(F)F)C(F)(F)F,tg,234.0,253.02943791364467,,False
*S(=O)(=O)c1ccc(cc1)Nc1ccc(cc1)C1(c2ccccc2c2ccccc12)c1ccc(cc1)Nc1ccc(cc1)*,tg,221.0,268.84384939109435,249.0235595703125,True
*Oc1cc(c(cc1)c1c(cc(cc1)OC(=O)c1ccc(cc1)Oc1ccc(cc1)C1(CCC(CC1)C(C)(C)C)c1ccc(cc1)Oc1ccc(cc1)C(=O)*)C)C,tg,163.0,175.82278965163542,,False
*c1nc2c(nc1c1ccccc1)cc(cc2)c1cc2c(nc(c(n2)c2ccc(cc2)Oc2ccc(cc2)*)c2ccccc2)cc1,tg,292.5,326.0872990903714,,False
*c1cc2c(C(=O)N(C2=O)c2ccc(cc2)C(=O)Nc2cc(ccc2)Oc2ccc(cc2)S(=O)(=O)c2ccc(cc2)Oc2cc(ccc2)NC(=O)*)cc1,tg,235.0,228.05095018376565,,False
*NC1CC(CC(C1)(CNC(=O)CCCCC(=O)*)C)(C)C,tg,149.72,117.20502665052167,,False
*N1C(=O)c2c(C1=O)cc(cc2)Oc1ccc(cc1)C1(CCC(CC1)c1ccccc1)c1ccc(cc1)Oc1cc2c(C(=O)N(C2=O)c2ccc(cc2)Cc2ccc(cc2)*)cc1,tg,232.0,230.5279925281224,251.95494079589844,True
*C(C*)c1cc(c(cc1)Cl)F,tg,122.0,134.00192057589817,122.88177490234375,True
*N=P(*)(OCC(C(F)(F)F)(F)F)OCC(C(F)(F)F)(F)F,tg,-65.0,-49.75154061123641,-68.44964599609375,True
*OC(=O)c1ccc(cc1)c1ccc(cc1)C(=O)OCCOCCOCCOCC*,tg,4.0,12.245409309015072,11.689852714538574,True
*N1C(=O)c2c(C1=O)cc(cc2)c1cc2c(C(=O)N(C2=O)c2cc(c(cc2)c2c(cc(cc2)*)C(F)(F)F)C(F)(F)F)cc1,tg,289.25,325.24659252182664,,False
*Oc1ccc(cc1)C(c1ccc(cc1)OC(=O)c1cc(cc(c1)NC(=O)c1ccc(cc1)NC(=O)C(N1C(=O)c2c(C1=O)cccc2)C)C(=O)*)(C)C,tg,238.0,204.8035295804841,,False
*C1COC2C1OCC2OC(=O)c1cc(ccc1)OCCCCCCCCCCOc1cc(ccc1)C(=O)O*,tg,28.25,27.191657516953033,44.198883056640625,True
*OP(=O)(Oc1ccc(cc1)c1ccc(cc1)*)OC1CCCCC1,tg,116.0,122.62760302786756,,False
*Oc1ccc(cc1)c1ccc(cc1)OCCCCCCOC(=O)Nc1c(cc(cc1)NC(=O)OCCCCCC*)C,tg,85.4,82.75313772814415,,False
*NNC(=O)c1cc(cc(c1)NC(=O)c1cc2c(C(=O)N(C2=O)c2ncc(cc2)C)cc1)C(=O)NNC(=O)CCCC(=O)*,tg,131.5,156.70533077222368,133.95977783203125,True
*N1C(=O)c2c(C1=O)cc(cc2)Oc1cc2c(C(=O)N(C2=O)c2c(cc(cc2C)C(c2cc(c(c(c2)C)*)C)c2cc(ccc2)C(F)(F)F)C)cc1,tg,264.1,281.63473553329874,,False
*N1C(=O)c2c(C1=O)cc(cc2)Oc1c(cc(cc1C)C(c1cc(c(c(c1)C)Oc1cc2c(C(=O)N(C2=O)c2cc(c(cc2)c2c(cc(cc2)*)C(F)(F)F)C(F)(F)F)cc1)C)(C)C)C,tg,262.0,268.85004616726616,,False
*Oc1ccc(cc1)C(c1ccc(cc1)OCC(COC(=O)CCCCCCCCCCC(=O)OCC(C*)O)O)(C)C,tg,25.0,27.127044006030008,,False
*c1cc2c(C(=O)N(C2=O)c2ccc(cc2)C(=O)Nc2ccc(cc2)C(=O)OCCCCCOC(=O)*)cc1,tg,129.0,126.42744517097744,,False
*Oc1ccc(cc1)OC(=O)c1c(cc(c(c1)OCCCCCCCOCC1N(CCC1)c1ccc(cc1)[N+](=O)[O-])C(=O)*)OCCCCCCCOCC1N(CCC1)c1ccc(cc1)[N+](=O)[O-],tg,50.0,56.74902594504979,,False
*N1C(=O)c2c(C1=O)cc(cc2)Oc1c(cc(cc1C)C(c1cc(c(c(c1)C)Oc1cc2c(C(=O)N(C2=O)c2ccc(cc2)Oc2c(cc(cc2)Oc2ccc(cc2)*)C(C)(C)C)cc1)C)(C)C)C,tg,244.0,254.35450684655737,260.2370300292969,True
*C(C*)(C(=O)Oc1ccc(cc1)CC#N)C,tg,128.0,83.43967375760587,,False
*OP(=O)(Oc1ccc(cc1)S(=O)(=O)c1ccc(cc1)*)Oc1ccc(cc1)Br,tg,89.0,95.96525703921752,,False
*Oc1cc(ccc1)Oc1ccc(cc1)C(=O)c1ccc(cc1)*,tg,123.0,131.3305189609995,130.6923370361328,True
*C(C*)OC(=O)c1ccc(cc1)OC(=O)CC,tg,71.5,59.141954536300354,63.989105224609375,True
*OCC(C*)(CSCC)CSCC,tg,-32.0,-17.00069242077522,-26.581518173217773,True
*c1sc(cc1CCCCCC)*,tg,23.47,27.76100076608327,9.986262321472168,True
*Oc1ccc(cc1)CC(NC(=O)Cc1ccc(cc1)OC(=O)CCC(=O)*)C(=O)OCCCCCC,tg,59.0,63.54292135390384,,False
*c1c2C(=O)N(C(=O)c2c(c2ccccc12)c1ccc(cc1)Oc1ccc(cc1)S(=O)(=O)c1ccc(cc1)Oc1ccc(cc1)*)C,tg,314.0,290.2105993705093,,False
*Oc1cc(ccc1)OCC(COc1ccc(cc1)C(c1ccc(cc1)OCC(C*)O)(C)C)O,tg,83.0,77.24420753829122,,False
*C(C*)C(=O)c1ccc(cc1)Br,tg,101.5,105.14479282752755,,False
*C(C*)c1c(ccc(c1)C(=O)Oc1ccc(cc1)OCCCCCCCCCCCCCC)C(=O)Oc1ccc(cc1)OCCCCCCCCCCCCCC,tg,104.0,98.99233979288071,,False
*OC(=O)NC1CC(CC(C1)(CNC(=O)OCCN(CC*)c1ccc(cc1)C=C(C#N)C#N)C)(C)C,tg,141.0,84.3554131650412,,False
*NC(=O)CCCCCCCCCCCCCCCCC(=O)NCCCCCCCCCCCCCCCCCC*,tg,50.0,41.74405059902369,,False
*OCC(C*)(CS(=O)(=O)CC)CS(=O)(=O)CC,tg,84.0,33.59017207090335,,False
*OC(CC*)C,tg,-50.0,-63.98571189049778,-87.29032135009766,True
*N1C(=O)c2c(C1=O)c(ccc2)c1cc2c(C(=O)N(C2=O)c2cc(c(cc2)c2c(cc(cc2)*)C)C)cc1,tg,372.0,368.4951965675088,368.154296875,True
*N1C(=O)c2c(C1=O)cc(cc2)Oc1cc2c(C(=O)N(C2=O)c2ccc(cc2)C(c2ccc(cc2)*)(c2ccccc2)C(F)(F)F)cc1,tg,293.0,285.1314106145407,298.3824157714844,True
*Oc1ccc(cc1)S(=O)(=O)c1ccc(cc1)Oc1c(cc(cc1C)C(c1cc(c(c(c1)C)*)C)(C)C)C,tg,233.29,222.06701045575545,,False
*NC(C(=O)*)CCC(=O)OCCCCCC,tg,-48.33,-25.52479826263766,-33.51988220214844,True
*OS(=O)(=O)c1c(ccc(c1)S(=O)(=O)Oc1ccc(cc1)C1(CCCC1)c1ccc(cc1)*)C,tg,134.0,159.79544019113982,,False
*c1oc2c(n1)cc(cc2)S(=O)(=O)c1cc2c(oc(n2)C2CCC(CC2)*)cc1,tg,296.0,261.4143950518309,,False
*N1C(=O)c2c(C1=O)cc(cc2)c1ccc(cc1)c1cc2c(C(=O)N(C2=O)CCCCCCCC*)cc1,tg,120.0,142.65748391917234,,False
*Oc1c(cc(cc1C)C(c1cc(c(c(c1)C)OC(=O)CCCCC(=O)*)C)(C)C)C,tg,93.0,91.24379146549302,93.6919174194336,True
*c1cc2c(C(=O)N(C2=O)c2c(ccc(c2)c2cc(c(cc2)O)N2C(=O)c3c(C2=O)cc(cc3)C(*)(C(F)(F)F)C(F)(F)F)O)cc1,tg,350.0,321.6073115489611,333.20001220703125,True
*Oc1ccc(cc1)S(=O)(=O)c1ccc(cc1)Oc1ccc(cc1)C(c1ccc(cc1)OCCCCOc1ccc(cc1)C(c1ccc(cc1)*)(C)C)(C)C,tg,140.0,131.51931294412896,125.33258056640625,True
*N1C(=O)C2C(C1=O)C(=CC(C2)C1C(=O)N(C(=O)C1)c1ccc(cc1)*)C,tg,327.0,249.4937282196795,,False
*c1cc2c(C(=O)N(C2=O)c2cc(cc(c2)c2oc3c(n2)cccc3)N2C(=O)c3c(C2=O)cc(cc3)C(=O)Nc2nc(ccc2)NC(=O)*)cc1,tg,365.0,279.1036080348447,,False
*N(c1ccc(cc1)c1cc2ccc3c(c2cc1c1ccc(cc1)*)cccc3)c1ccc(cc1)C,tg,126.0,294.34285349509605,,False
*OC(=O)c1ccc(cc1)C(=O)OCC(C*)(C)C,tg,68.0,57.44901173147591,,False
*Oc1ccc(cc1)NC(=O)c1c(cccc1)OCC(COc1ccc(cc1)C(c1ccc(cc1)OCC(C*)O)(C)C)O,tg,121.0,119.04544816134133,120.49686431884766,True
*Nc1cc(cc(c1)C(=O)OCCN(c1ccc(cc1)C#N)C)NC(=O)c1cc(cc(c1)OCCN(c1ccc(cc1)C#N)C)C(=O)*,tg,167.0,168.86601031882256,160.5587615966797,True
*OCCCNC(=O)c1ccc(cc1)C(=O)NCCC*,tg,72.0,110.23157498153545,,False
*C1C2C(C(=O)N(C2=O)c2c(cccc2)C)C(C1)C=C*,tg,248.0,237.99115484576015,,False
*Oc1ccc(cc1)OCC(COC(=O)CCCCCCCCCCC(=O)OCC(C*)O)O,tg,10.0,15.686978477038886,4.655731201171875,True
*N1C(=O)C(CC1=O)(SCCOCCSC1(C(=O)N(C(=O)C1)c1ccc(cc1)Cc1ccc(cc1)N1C(=O)C(C(C1=O)C)SCCOCCSC1C(=O)N(C(=O)C1C)c1ccc(cc1)Cc1ccc(cc1)*)C)C,tg,105.0,148.45882161173498,125.16304779052734,True
*c1c(c(cc(c1)N=Nc1ccc(cc1)OC)*)O,tg,134.0,166.04479387733383,133.4048614501953,True
*c1cc2c(C(=O)N(C2=O)c2ccc(cc2)C(=O)c2ccc(cc2)C(=O)c2ccc(cc2)N2C(=O)c3c(C2=O)cc(cc3)C(=O)c2ccc(cc2)C(=O)*)cc1,tg,260.0,256.4231793164661,,False
*c1cc2c(C(=O)N(C2=O)c2c(cc(cc2C)c2cc(c(c(c2)C)N2C(=O)c3c(C2=O)cc(cc3)C(=O)Oc2c(cc(cc2C)C(c2cc(c(c(c2)C)OC(=O)*)C)(C(F)(F)F)C(F)(F)F)C)C)C)cc1,tg,327.0,272.233696638672,301.0252380371094,True
*C(C*)(C(=O)OCCCCCCCCCCOc1ccc(cc1)OC(=O)c1ccc(cc1)OCCCC)C,tg,31.0,28.347341161359857,,False
*Oc1ccc(cc1)N1ON1c1ccc(cc1)OCCCCCCOC(=O)C(C(=O)OCCCCCC*)CCCCCCCCCCBr,tg,16.0,10.701482588072802,,False
*C1=C(C(=O)N(C1=O)CCCCCCCC)c1ccc(cc1)c1cc2C(c3c(c2cc1)ccc(c3)c1ccc(cc1)*)(CCCCCC)CCCCCC,tg,122.0,126.08614414365516,,False
*c1c2C(=O)N(C(=O)c2c(c2ccccc12)c1ccc(cc1)Oc1c(cc(cc1)c1ccc(cc1)c1cc(c(cc1)Oc1ccc(cc1)*)C(F)(F)F)C(F)(F)F)c1ccccc1,tg,317.0,270.7198507910641,274.6402893066406,True
*c1ccc(cc1)C=C1C(=O)C(=Cc2ccc(cc2)C(=O)c2cc(ccc2)C(=O)*)CC1,tg,190.0,177.4765235643879,200.40576171875,True
*Oc1ccc(cc1)C(=O)c1ccc(cc1)OC(=O)c1ccc(cc1)C(c1ccc(cc1)C(=O)*)(C)C,tg,126.0,192.09240319194816,189.0476837158203,True
*OC(=O)OCC(CS(=O)(=O)CC(C*)(C)C)(C)C,tg,50.0,64.56404706688548,,False
*Oc1ccc(cc1)/C(=C/c1ccc(cc1)OCCOCCOCC*)/C,tg,15.33,27.996063469242703,,False
*C1COC2C1OCC2Oc1ccc(cc1)NC(=O)c1cc(ccc1)C(=O)Nc1ccc(cc1)O*,tg,108.33,199.09187850581048,184.3365936279297,True
*c1c(c2c(C(=O)N(C2=O)c2ccc(cc2)Oc2ccc(cc2)N2C(=O)c3c(C2=O)c(c(cc3)C(=O)*)OCc2c(cccc2)[N+](=O)[O-])cc1)OCc1c(cccc1)[N+](=O)[O-],tg,198.0,238.92063080393973,,False
*c1cc2c(C(=O)N(C2=O)c2cc(ccc2)C(=O)Nc2ccc(cc2)Oc2ccc(cc2)NC(=O)c2cc(ccc2)N2C(=O)c3c(C2=O)cc(cc3)C(*)(C(F)(F)F)C(F)(F)F)cc1,tg,298.0,274.71184845727515,293.3228759765625,True
*Nc1c(cc(c(c1)[N+](=O)[O-])NC(=O)CCCCCCCCC(=O)*)C=Cc1ccc(cc1)N(C)C,tg,159.0,168.82023547978812,,False
*Oc1c(cc(cc1)Oc1ccc(cc1)C(=O)c1ccc(cc1)*)c1cc(cc(c1)C(F)(F)F)C(F)(F)F,tg,146.0,179.12304326245044,,False
*Oc1ccc(cc1)C(c1ccc(cc1)OC(=O)c1cc(ccc1)C(=O)*)(C)C,tg,166.08,163.05410664265818,,False
*Nc1ccc(cc1)c1ccc(cc1)NC(=O)Cc1c(cc(c(c1)CC(=O)*)C)C,tg,230.0,213.79961676878995,210.5120391845703,True
*c1oc2c(n1)cc(cc2)NC(=O)CCCCC(=O)Nc1cc2c(oc(n2)CCCCCCCC*)cc1,tg,87.2,126.45351383908924,,False
*Oc1ccc(cc1)NC(=O)c1ccc(cc1)Oc1ccc(cc1)C(c1cc(ccc1)C(c1ccc(cc1)Oc1ccc(cc1)C(=O)Nc1ccc(cc1)Oc1ccc(cc1)C(c1ccc(cc1)*)(C)C)(C)C)(C)C,tg,147.0,152.54775387169607,160.8531494140625,True
*N1C(=O)c2c(C1=O)cc(cc2)C(=O)Oc1cc2c(cc1)ccc(c2)OC(=O)CCCCCCCCCCC*,tg,98.0,80.61783634902694,,False
*N1C(=O)c2c(C1=O)cc(cc2)Oc1cc2c(C(=O)N(C2=O)c2ccc(cc2)c2cc(c(cc2)Oc2cc3c(C(CC3(c3ccc(cc3)Oc3c(cc(cc3)c3ccc(cc3)*)C(F)(F)F)C)(C)C)cc2)C(F)(F)F)cc1,tg,249.0,236.85213373964152,253.89625549316406,True
*Oc1c(cc(cc1)OC(=O)c1c(cc(c(c1)OCCCc1ccccc1)C(=O)*)OCCCc1ccccc1)C,tg,91.0,88.90563607553885,,False
*c1cc2c(C(=O)N(C2=O)c2c(ccc(c2)N2C(=O)c3c(C2=O)cc(cc3)C(=O)*)Cl)cc1,tg,305.0,330.0999572518487,340.3989562988281,True
*O[Si](*)(CCCOc1ccc(cc1)C(=O)Oc1ccc(cc1)c1ccc(cc1)OC(=O)c1cc(c(c(c1)OCC(CC)C)OCC(CC)C)OCC(CC)C)C,tg,57.67,66.70387406494011,,False
*C1(OC(OC1*)(C(F)(F)F)C(F)(F)F)F,tg,256.0,123.99902238056464,185.3349609375,True
*C1C(=O)N(C(=O)C1*)c1cc(c(c(c1)Br)O[Si](c1ccccc1)(c1ccccc1)c1ccccc1)Br,tg,179.0,199.00855620794644,,False
*C(C*)C(=O)OCC(C(C(C(F)F)(F)F)(F)F)(F)F,tg,-35.0,-39.24663328675633,,False
*C(C*)C(=O)OCCOc1ccc(cc1)C(=O)Oc1ccc(cc1)OC(=O)c1ccc(cc1)OCCCC,tg,45.0,47.7487792218083,,False
*C(C*)(C(=O)OCCC1CCN(CC1)CCCCCCOc1ccc(cc1)N=Nc1ccc(cc1)[N+](=O)[O-])C,tg,27.0,66.35536884424586,,False
*NC(=O)C(=CC(=O)NCc1cc(ccc1)C*)C,tg,135.0,120.82396362822844,134.5343780517578,True
*OP(=O)(Oc1c(cc(cc1C)S(=O)(=O)c1cc(c(c(c1)C)*)C)C)Oc1ccc(cc1)C,tg,128.0,151.1553344376765,145.52667236328125,True
*Oc1ccc(cc1)C(c1ccc(cc1)OCC(C*)OC(=O)CC)(C)C,tg,60.0,64.56751308482274,,False
*C(C*)C(=O)N(C)C,tg,113.45,90.9657329913473,106.46602630615234,True
*C(C*)(Cl)Cl,tg,-11.96,16.32231399191249,,False
*c1cc2c(C(=O)N(C2=O)c2ccc(cc2)Oc2c3c(ccc2)c(ccc3)Oc2ccc(cc2)N2C(=O)c3c(C2=O)cc(cc3)C(=O)Nc2cc(ccc2)NC(=O)*)cc1,tg,263.0,285.03394420855915,280.8537902832031,True
*C(C*)c1ccc(cc1)CCCCCCCCCC,tg,-65.0,-18.790021646854186,-16.171554565429688,True
*C(C*)c1cc(ccc1)O,tg,162.0,113.3912135889611,,False
*Oc1ccc(cc1)S(=O)(=O)c1ccc(cc1)Oc1ccc(cc1)C(c1ccc(cc1)*)c1c(cccc1)C(=O)O,tg,223.0,216.36929728293808,227.05419921875,True
*c1sc(cc1)CC*,tg,22.33,25.683985640029395,,False
*C(C*)(C(=O)OCCCCCCOc1ccc(cc1)c1ccc(cc1)C#N)C,tg,58.6,52.11609887284944,,False
*C1C(=O)N(C(=O)C1*)c1c(cccc1)C(=O)OC,tg,259.0,241.50680659678775,,False
*N1C(=O)c2c(C1=O)cc(cc2)NC(=O)Nc1ccc(cc1)Oc1ccc(cc1)NC(=O)Nc1cc2c(C(=O)N(C2=O)c2ccc(cc2)c2nc(cc(c2)c2ccc(cc2)c2ccccc2)c2ccc(cc2)*)cc1,tg,241.0,257.78922459027945,,False
*c1nc(nc(n1)C(C(C(C(C(C(*)(F)F)(F)F)(F)F)(F)F)(F)F)(F)F)C(C(C(F)(F)F)(F)F)(F)F,tg,-11.0,81.20985810439464,34.415069580078125,True
*OCCOCCOCCCNC(=O)CNC(=O)C(NC(=O)CCCCCCCCC(=O)NC(C(=O)NCC(=O)NCCC*)Cc1ccccc1)Cc1ccccc1,tg,36.0,59.143120324887526,58.06425857543945,True
*c1cc2c(C(=O)N(C2=O)c2ccc(cc2)c2ccc(cc2)NC(=O)c2cc(ccc2)C(=O)Nc2ccc(cc2)c2ccc(cc2)N2C(=O)c3c(C2=O)cc(cc3)C(=O)*)cc1,tg,238.0,268.83548712775536,,False
*OC(COC(=O)*)COCC,tg,-5.0,-23.222732599174687,,False
*N1C(=O)c2c(C1=O)cc(cc2)Oc1cc2c(C(=O)N(C2=O)CCCCCCCCCCCC*)cc1,tg,70.0,80.83809632260399,97.9651107788086,True
*c1ccc2c3n(c4ccc(cc4n3)c3cc4n5c(nc4cc3)c3cccc4c(ccc(c5=O)c34)Oc3ccc(cc3)S(=O)(=O)c3ccc(cc3)O*)c(=O)c3cccc1c23,tg,415.0,384.4773875974902,,False
*C(C*)C(=O)OCCOc1ccc(cc1)C(=O)Oc1ccc(cc1)OC(=O)c1ccc(cc1)OCCCCC,tg,46.0,43.50273738711282,,False
*SC1C(CCCC1)*,tg,-45.0,93.02074909183348,86.1272964477539,True
*SSCCCCCC*,tg,-74.0,-68.73412732462275,,False
*c1cc2c(C(=O)N(C2=O)c2ccc(cc2)Oc2ccc(cc2)N2C(=O)c3c(C2=O)cc(cc3)C(=O)Oc2ccc(cc2)OC(=O)*)cc1,tg,267.5,237.3317252656021,,False
*N1C(=O)c2c(C1=O)cc(cc2)S(=O)(=O)c1cc2c(C(=O)N(C2=O)c2ccc(cc2)Cc2ccc(cc2)*)cc1,tg,314.0,298.4362039166403,327.0381164550781,True
*OP(=O)(Oc1ccc(cc1)C(c1ccc(cc1)*)(C)C)Oc1ccccc1,tg,74.5,79.03188696133434,91.8851318359375,True
*c1cc2c(C(=O)N(C2=O)c2ccc(cc2)S(=O)(=O)c2ccc(cc2)N2C(=O)c3c(C2=O)cc(cc3)C(*)(C(F)(F)F)C(F)(F)F)cc1,tg,330.67,311.8647575763577,323.9466857910156,True
*NC1CCC(CC1)CC1CCC(CC1)NC(=O)CCCCC(=O)*,tg,173.33,135.16743747613324,,False
*OC(C*)COCOCC(C)([N+](=O)[O-])[N+](=O)[O-],tg,-17.5,7.812672637209182,,False
*C(C*)c1c(ccc(c1)C(=O)OCCCCCC)c1ccc(cc1)OCCCCCCCC,tg,64.0,83.5805003586038,78.27328491210938,True
*C1C(=CC)CC(C1)C=C*,tg,118.43,94.76715054584284,,False
*C(C*)(CC(=O)OC)C(=O)OC,tg,80.04,74.76089993835238,109.57101440429688,True
*C1=CC(=C(C#N)C#N)C=C(O1)C=Cc1sc(cc1)c1ccc(cc1)C(=Cc1cc2C(c3c(c2cc1)ccc(c3)C=C(c1ccc(cc1)c1sc(cc1)C=C*)C#N)(CC)CC)C#N,tg,144.0,235.6870250628766,,False
*Oc1c(cc(cc1Cl)C1(CCCCC1)c1cc(c(c(c1)Cl)OC(=O)*)Cl)Cl,tg,163.0,223.6315407123269,,False
*Oc1ccc(cc1)C(=O)OCCOCCOCCOC(=O)c1ccc(cc1)OC(=O)c1ccc(cc1)C(=O)*,tg,25.0,62.45292563983562,40.17385482788086,True
*C(C*)(C(=O)Oc1ccccc1)C,tg,111.1,106.76532882506288,108.014892578125,True
*C(C*)(C(=O)OC1CCOCC1)C,tg,153.5,109.76061006451285,88.05387115478516,True
*c1nc(ccc1)Oc1ccc(cc1)Oc1ccc(cc1)P(=O)(c1ccc(cc1)Oc1ccc(cc1)O*)c1ccccc1,tg,164.0,164.47906064656567,163.8015594482422,True
*Oc1ccc(cc1)C(=O)c1ccc(cc1)OCCCCCCOC(=O)OCCCCCOC(=O)OCCCCCC*,tg,-0.2,-2.568195203558151,,False
*c1ncc(cc1)c1sc(c(c1)CCCCCCCC)c1ccc(cc1)c1sc(cc1CCCCCCCC)*,tg,16.2,40.35876896180043,,False
*c1ccc2c(nc([nH]2)c2ccc(cc2)C(=O)Nc2cc(ccc2)C(=O)Nc2cc(ccc2)NC(=O)*)c1,tg,292.0,292.33634345188517,291.7301330566406,True
*N1C(=O)c2c(C1=O)cc(cc2)c1ccc(cc1)c1ccc(cc1)c1ccc(cc1)c1ccc(cc1)c1cc2c(C(=O)N(C2=O)c2ccc(cc2)Cc2ccc(cc2)*)cc1,tg,244.0,269.81611484731457,,False
*c1ccc(cc1)c1c(cc(c(c1c1ccccc1)c1ccccc1)c1cc(ccc1)c1c(c(c(c(c1)c1ccccc1)c1ccc(cc1)CCCC*)c1ccccc1)c1ccccc1)c1ccccc1,tg,180.0,209.44166152940525,,False
*c1c2C(=O)N(C(=O)c2c(c2ccccc12)c1ccc(cc1)Oc1c(cc(cc1)c1cc(ccc1)c1cc(c(cc1)Oc1ccc(cc1)*)C(F)(F)F)C(F)(F)F)c1ccccc1,tg,271.0,302.75782561788714,,False
*C(C*)OC(=O)C1(C(C(C(C(C1(F)F)(F)F)(F)F)(F)F)(F)F)F,tg,54.0,117.36594870050725,,False
*C(C*)(C(=O)OCc1sccc1)C,tg,66.0,73.9899006684472,77.4733657836914,True
*N=P(*)(OCC=Cc1ccccc1)OCC=Cc1ccccc1,tg,1.0,-17.12206559558197,,False
*OC(=O)NCCCCCCNC(=O)OCCCCCOC(=O)c1c(cccc1)C(=O)O[Cd]OC(=O)c1c(cccc1)C(=O)OCCCCC*,tg,-6.8,6.987076825093183,-10.38444995880127,True
*Oc1ccc(cc1)C(=O)Nc1cc(ccc1)P(=O)(c1cc(ccc1)NC(=O)c1ccc(cc1)OCCCC*)c1ccccc1,tg,181.75,148.6694915563665,175.47657775878906,True
*Oc1c(cc(cc1)C(=O)c1cc(ccc1)C(=O)c1cc(c(cc1)*)CC)CC,tg,126.0,131.8119557880428,,False
*c1cc2c(C(=O)N(C2=O)c2cc(ccc2)OCCOc2cc(ccc2)N2C(=O)c3c(C2=O)cc(cc3)C(=O)*)cc1,tg,191.0,200.787720632834,,False
*Oc1cc2c(cc1)ccc(c2)Oc1ccc(cc1)C(=Nc1ccc(cc1)N=C(c1ccc(cc1)*)c1ccccc1)c1ccccc1,tg,171.0,194.0824864605861,,False
*Oc1c(cc(cc1)NC(=O)NC1CC(CC(C1)(CNC(=O)Nc1cc(c(cc1)*)c1ccc(cc1)Oc1ccccc1)C)(C)C)c1ccc(cc1)Oc1ccccc1,tg,281.0,216.5027018251325,,False
*c1nc(ccc1)c1cc(c(cc1)Oc1ccc(cc1)C(c1ccc(cc1)Oc1c(cc(cc1)*)C(F)(F)F)(C)C)C(F)(F)F,tg,121.0,148.0110930680413,150.48789978027344,True
*Oc1ccc(cc1)c1ccc(cc1)OC(=O)c1cc(ccc1)C(=O)*,tg,185.5,193.33122285736133,,False
*OC(*)CCCCCC,tg,-116.0,-63.88421439641261,-46.89960861206055,True
*c1cc2c(C(=O)N(C2=O)c2c(ccc(c2)C(=O)Nc2c3c(ccc2)c(ccc3)NC(=O)c2cc(c(cc2)C)N2C(=O)c3c(C2=O)cc(cc3)C(*)(C(F)(F)F)C(F)(F)F)C)cc1,tg,250.0,302.61178200055224,300.1413879394531,True
*C1COC2C1OCC2OC(=O)CNC(=O)CCCCCCCCC(=O)NCC(=O)O*,tg,66.0,55.34080287288363,69.5730209350586,True
*Nc1ccc(cc1)C(c1ccc(cc1)NC(=O)c1cc(ccc1)C(=O)*)(P1(=O)c2ccccc2c2ccccc2O1)P1(=O)c2ccccc2c2ccccc2O1,tg,230.0,250.34267759952343,227.275634765625,True
*C(C*)(C(=O)OC1CC(CC(C1)C)(C)C)C,tg,125.0,129.78619359345808,,False
*OC(=O)NCCCCCCNC(=O)OCCCCC*,tg,33.0,22.25072485520531,12.179924011230469,True
*c1c(cc(cc1)C=C*)OCc1cc(cc(c1)OCC(CCCC)CC)OCCC(CCCC(C)C)C,tg,227.0,55.91952171206924,,False
*C(C*)c1c(cc(c(c1)C)C)C,tg,104.0,138.84694771849786,,False
*OC(=O)Nc1c(cc(cc1)c1cc(c(cc1)NC(=O)OCCN(CC*)c1ccc(cc1)N=Nc1ccc(cc1)[N+](=O)[O-])C)C,tg,119.5,154.33670701242556,159.13938903808594,True
*OP(=O)(N=Nc1ccc(cc1)CCOC(=O)c1cc(cc(c1)C(C)(C)C)C(=O)OCCc1ccc(cc1)N=NP(=O)(OCCCCCC*)OC)OC,tg,47.0,42.027259886719584,72.18624877929688,True
*C(C(*)c1ccc(cc1)N(C)C)c1ccc(cc1)[N+](=O)[O-],tg,139.0,156.55267475817962,,False
*OC(=O)CCCCCC(=O)OCC*,tg,-54.0,-54.507803697968704,,False
*c1oc(nn1)c1ccc(cc1)NC(=O)c1c(cc(cc1)*)Oc1ccccc1,tg,235.0,233.6953186829721,,False
*c1nnc(nc1c1ccc(cc1)Oc1ccc(cc1)C(c1ccc(cc1)Oc1ccc(cc1)*)(c1ccccc1)C)c1ncccc1,tg,232.0,228.14963010573217,,False
*c1cc2c(nc(cc2c2ccccc2)c2cc(ccc2)c2nc3c(c(c2)c2ccccc2)cc(cc3)c2ccc(cc2)OCCCCCCCCCCCOc2ccc(cc2)*)cc1,tg,133.5,140.75640372550154,,False
*c1nc2c(c(c1)c1ccccc1)cc(cc2)Oc1cc2c(nc(cc2c2ccccc2)c2c(ccc(c2)*)OCCN(c2ccc(cc2)C(=C(C#N)C#N)C#N)CC)cc1,tg,200.0,245.4257535196764,242.53436279296875,True
*c1nc2c(c(c1)c1ccccc1)cc(cc2)Oc1cc2c(nc(cc2c2ccccc2)c2ccc(cc2)C2(c3ccccc3C(=O)c3ccccc23)c2ccc(cc2)*)cc1,tg,340.0,362.32812338120806,,False
*C(C*)(C(=O)OC1CCCCCCCCCCC1)C,tg,56.0,63.49712245811816,,False
*c1oc(nn1)c1ccc(cc1)Oc1ccc(cc1)NC(=O)CN1C(=O)c2c(C1=O)cc(cc2)C(c1cc2c(C(=O)N(C2=O)CC(=O)Nc2ccc(cc2)Oc2ccc(cc2)*)cc1)(C(F)(F)F)C(F)(F)F,tg,263.0,255.8006765340106,,False
*C(=CCC*)C(C)C,tg,-47.0,-14.6415766091795,-48.310916900634766,True
*C1C(C(C(C1)C=C*)(F)F)(C(F)(F)F)C(F)(F)F,tg,172.5,121.9864042245958,,False
*NC(=O)C(C(C(=O)NCCCCCCCC*)OC)OC,tg,89.0,84.81946785311152,85.4728012084961,True
*c1ccc2c(nc([nH]2)c2cc(cc(c2)N2C(=O)c3c(C2=O)cccc3)c2nc3c([nH]2)ccc(c3)C(=O)Nc2nc(ccc2)NC(=O)*)c1,tg,312.0,334.32219252255004,,False
*C(C*)c1ccc(cc1)COCCC(C(C(C(F)(F)F)(F)F)(F)F)(F)F,tg,13.0,32.303980525491475,31.577255249023438,True
*Nc1ccc(cc1)Cc1ccc(cc1)NC(=O)NCCCCCCCCCCCCCCCCCCNC(=O)*,tg,48.0,58.63484886289964,,False
*c1cc2c(C(=O)N(C2=O)c2ccc(cc2)N2C(=O)c3c(C2=O)cc(cc3)C(=O)*)cc1,tg,328.57,342.04301258576237,,False
*O[Si](COC(=O)CCCCCCCCC(=O)Oc1ccc(cc1)S(=O)(=O)c1ccc(cc1)Oc1ccc(cc1)C=C1C(=O)C(=Cc2ccc(cc2)Oc2ccc(cc2)S(=O)(=O)c2ccc(cc2)OC(=O)CCCCCCCCC(=O)OC[Si](*)(C)C)CCCC1)(C)C,tg,81.0,81.89406694818479,67.84516143798828,True
*N1C(=O)C2C3C4C(C(C2C1=O)C=C3)C(=O)N(C4=O)c1ccc(cc1)Sc1cc2c(C(=O)N(C2=O)CCN(C)C)cc1Sc1ccc(cc1)*,tg,310.0,241.93651516288656,,False
*N=P(*)(Oc1ccc(cc1)C)Oc1ccc(cc1)C,tg,0.3,-11.471920850088113,,False
*Oc1ccc(cc1)OC(=O)c1ccc(cc1)[Si](c1ccc(cc1)C(=O)*)(C)C,tg,176.0,173.20910061003428,186.4330596923828,True
*Oc1ccc(cc1)Oc1ccc(cc1)OC(=O)c1ccc(cc1)C(c1ccc(cc1)C(=O)*)(C(F)(F)F)C(F)(F)F,tg,215.0,160.4425891676278,184.42022705078125,True
*OC(=O)NCCCCCCNC(=O)OCCN(CC*)c1ccccc1,tg,31.9,43.21224174872899,,False
*OC(=O)c1c(cccc1)C(=O)OCCCCCCCCCC*,tg,-14.0,-14.297762610527572,-8.574783325195312,True
*c1cc2c(C(=O)N(C2=O)c2ccc(cc2)Oc2ccc(cc2)N2C(=O)c3c(C2=O)cc(cc3)C(=O)Nc2ccc(cc2)Oc2ccc(cc2)NC(=O)*)cc1,tg,282.0,266.7393275255033,,False
*c1cc2c(C(=O)N(C2=O)c2cc(c(c(c2)Br)Oc2c(cc(cc2Br)N2C(=O)c3c(C2=O)cc(cc3)C(*)(C(F)(F)F)C(F)(F)F)Br)Br)cc1,tg,303.0,297.4345918385566,326.0357971191406,True
*C(C*)(C(=O)OCC1OCCOCCOCCOC1)C,tg,35.0,53.448595668989434,,False
*O[Si](O[Si](O[Si](O[Si](Oc1c2ccccc2c2ccccc2c1*)(C)C)(C)C)(C)C)(C)C,tg,-35.0,-31.359533452914917,-26.667226791381836,True
*Oc1ccc(cc1)C(=O)OC(=O)c1ccc(cc1)OCCOCC*,tg,41.0,50.33238238853466,,False
*C(C*)c1ccc(cc1)C([Si](C)(C)C)[Si](C)(C)C,tg,156.0,94.43263829562112,,False
*O[Si](O[Si](O[Si](O[Si](O[Si](Oc1c2ccccc2c2ccccc2c1*)(C)C)(C)C)(C)C)(C)C)(C)C,tg,-38.0,-22.160340037982333,-56.29893493652344,True
*c1nc2c(c(c1)c1ccccc1)cc(cc2)c1cc2c(nc(cc2c2ccccc2)c2ccc(cc2)Oc2ccc(cc2)*)cc1,tg,286.67,351.77709734698306,335.875244140625,True
*C(C*)(C(=O)Oc1ccc(cc1)C(=O)Oc1ccc(cc1)Oc1ccccc1)C,tg,74.0,110.8667799909291,,False
*N1C(=O)c2c(C1=O)cc(cc2)[Si](O[Si](c1cc2c(C(=O)N(C2=O)c2cc(ccc2)Cc2cc(ccc2)*)cc1)(C)C)(C)C,tg,217.0,201.12572797239056,,False
*Oc1ccc(cc1)C(=O)Nc1c(cc(cc1)Br)c1ccc(cc1)NC(=O)c1ccc(cc1)*,tg,267.0,232.29531204099897,,False
*N1C(=O)c2c(C1=O)cc(cc2)c1cc2c(C(=O)N(C2=O)c2ccc(cc2)Oc2c(cc(cc2C(C)(C)C)c2ccc(cc2)*)C(C)(C)C)cc1,tg,381.5,339.1538040068629,,False
*c1cc2c(C(=O)N(C2=O)c2ccc(cc2)NC(=O)C(C(C(C(C(=O)Nc2ccc(cc2)N2C(=O)c3c(C2=O)cc(cc3)C(*)(C(F)(F)F)C(F)(F)F)(F)F)(F)F)(F)F)(F)F)cc1,tg,285.0,231.2130262413144,260.5071105957031,True
*Nc1ccc(cc1)NC(=O)c1ccc(cc1)NC(=O)c1ccc(cc1)[Si](c1ccc(cc1)C(=O)Nc1ccc(cc1)C(=O)*)(C)C,tg,338.0,298.9533708755344,,False
*Oc1ccc(cc1)N(c1ccc(cc1)/C=C(/C(=O)NC1C(CCCC1)NC(=O)/C(=C/c1ccc(cc1)N(c1ccc(cc1)*)CC)/C#N)\C#N)CC,tg,235.0,223.51102064246052,,False
*c1nc2c(nc1)cc(cc2)Oc1cc2c(nc(cn2)c2ccc(cc2)c2ccc(cc2)*)cc1,tg,390.0,319.4034631861857,313.0109558105469,True
*N1C(=O)c2c(C1=O)c(ccc2)c1cc2c(C(=O)N(C2=O)c2cc(ccc2)OCCCCCOc2cc(ccc2)*)cc1,tg,168.0,171.98955299155614,160.83641052246094,True
*c1nc(ccc1)Oc1ccc(cc1)Oc1ccc(cc1)C(=O)c1ccc(cc1)Oc1ccc(cc1)O*,tg,124.0,134.49070380080718,,False
*C1OC(C(C(C1N)O)O*)CO,tg,122.0,185.2183777089104,,False
*Oc1ccc(cc1)S(=O)(=O)c1ccc(cc1)OCC(CN(S(=O)(=O)c1cc(ccc1)S(=O)(=O)N(CC(C*)O)C)C)O,tg,100.0,96.32582698749928,109.24134063720703,True
*c1cc2c(C(=O)N(C2=O)c2cc(ccc2)P(=O)(c2cc(ccc2)N2C(=O)c3c(C2=O)cc(cc3)C(=O)Nc2ccc(cc2)S(=O)(=O)c2ccc(cc2)NC(=O)*)c2ccccc2)cc1,tg,241.0,248.1741619637616,,False
*O[Si](O[Si](O[Si](O[Si](O[Si](OC(CCC(*)C)C)(C)C)(C)C)(C)C)(C)C)(C)C,tg,-106.0,-92.90142044572832,-112.7083969116211,True
*Oc1ccc(cc1)C(=O)OCCCCOC(=O)c1ccc(cc1)*,tg,38.0,56.42422749004304,49.59165573120117,True
*c1[nH]nc(c1)c1ccc(cc1)Oc1ccc(cc1)C(=O)c1cc(ccc1)C(=O)c1ccc(cc1)Oc1ccc(cc1)*,tg,205.0,222.95854386158916,207.716796875,True
*C(C*)(C(=O)OCCCCCCOc1cc(ccc1)C(=O)Oc1ccc(cc1)C#N)C,tg,38.0,40.685599501901855,43.11845779418945,True
*c1cc2c(C(=O)N(C2=O)c2ccc(cc2)Oc2cc3c(cc2)ccc(c3)Oc2ccc(cc2)N2C(=O)c3c(C2=O)cc(cc3)C(=O)Nc2ccc(cc2)Oc2ccc(cc2)S(=O)(=O)c2ccc(cc2)Oc2ccc(cc2)NC(=O)*)cc1,tg,274.0,251.48653339922257,,False
*C(C*)c1ccc(cc1)C(CC)(O)C,tg,186.0,130.1724636693758,132.4903564453125,True
*Oc1ccc(cc1)Sc1ccc(cc1)Oc1c(cc(cc1)c1ccc(cc1)c1cc(c(cc1)*)C(F)(F)F)C(F)(F)F,tg,164.5,179.0368532939223,155.7877960205078,True
*C(C*)c1c(cccc1)C(=O)OCC,tg,118.0,108.13953837079414,100.85757446289062,True
*Oc1c(c(cc(c1)Cl)Cl)*,tg,165.0,158.5206673824073,165.53269958496094,True
*Oc1ccc(cc1)OC(=O)/C=C/c1ccc(cc1)/C=C/C(=O)*,tg,210.0,169.8994397297338,216.7601776123047,True
*Oc1ccc(cc1)CC(NC(=O)Cc1ccc(cc1)OC(=O)COCCOCC(=O)*)C(=O)OCCCCCC,tg,31.0,30.984227614582593,,False
*c1cc2c(C(=O)N(C2=O)c2cc(ccc2)Oc2c(c(ccc2)Oc2cc(ccc2)N2C(=O)c3c(C2=O)cc(cc3)C(=O)Nc2cc(ccc2)Oc2c(c(ccc2)Oc2cc(ccc2)NC(=O)*)C#N)C#N)cc1,tg,214.0,199.88094925766504,,False
*O[Si](*)(CCCOCCOCCOCCOCCOCCOCCOC)CCCOCCOCCOCCOCCOCCOCCOC,tg,-68.9,-92.19780017787436,,False
*C(C*)C(=O)OCC(CC)C,tg,-32.0,-39.89611762801731,,False
*O[Si](O[Si](O[Si](O[Si](OC(CCCCC(*)C)C)(C)C)(C)C)(C)C)(C)C,tg,-98.0,-103.0853864882772,,False
*c1cc2c(C(=O)N(C2=O)c2c(ccc(c2)N2C(=O)c3c(C2=O)cc(cc3)C(=O)Nc2ccc(cc2)Oc2ccc(cc2)C2(c3c(C(=O)N2)cccc3)c2ccc(cc2)Oc2ccc(cc2)NC(=O)*)C)cc1,tg,315.0,309.63155044573347,301.65399169921875,True
*C(C*)c1ccc(cc1)S(=O)(=O)N(S(=O)(=O)C(F)(F)F)[Li],tg,152.0,115.47907792991474,,False
*c1sc(cc1)C(=O)Oc1ccc(cc1)[Si](c1ccc(cc1)OC(=O)*)(C)C,tg,-68.0,23.43884998271049,,False
*O[Si](*)(CCCOc1ccc(cc1)C(=O)Oc1ccc(cc1)OC)C,tg,8.7,14.519841090108844,,False
*NC(=O)CCCCCCC*,tg,38.45,42.48306657701977,,False
*N1C(=O)c2c(C1=O)cc(cc2)C(=O)Oc1ccc(cc1)C(c1ccc(cc1)C(c1ccc(cc1)OC(=O)CCCCC*)(C)C)(C)C,tg,104.0,126.98550947290536,,False
*N1C(=O)c2c(C1=O)cc(cc2)c1cc2c(C(=O)N(C2=O)c2ccc(cc2)Oc2c(cc(cc2)Oc2ccc(cc2)*)C)cc1,tg,265.0,274.92110474471855,273.4366149902344,True
*c1c(nc2c(n1)cc(cc2)Oc1ccc(cc1)NC(=O)CN1C(=O)c2c(C1=O)cc(cc2)C(c1cc2c(C(=O)N(C2=O)CC(=O)Nc2ccc(cc2)Oc2cc3c(nc(c(n3)c3ccc(cc3)Oc3ccc(cc3)*)c3ccccc3)cc2)cc1)(C(F)(F)F)C(F)(F)F)c1ccccc1,tg,260.0,273.32859296989164,268.78607177734375,True
*C(C*)OC(=O)c1ccc(cc1)Cl,tg,70.25,75.21347494229572,,False
*N(CC(C*)O)c1cc(c(c(c1)C)N=Nc1ccc(cc1)Cl)C,tg,150.0,162.40073205746876,137.12452697753906,True
*NC(=O)CCCCC(=O)NCCCCCCC*,tg,51.0,54.508990609177054,,False
*C(C*)(C(=O)OCCOCCOCC[N+](CCCCS(=O)(=O)O)(CC)CC)C,tg,27.0,2.807863466820951,84.21484375,True
*NC(=O)CCCCCCCCC(=O)NCCCCCCCCCCC*,tg,40.0,53.21250637635881,,False
*Oc1c2c(ccc1)c(ccc2)OC1(C(C(C1(F)F)(F)F)(*)F)F,tg,124.8,94.67748316979998,122.7591323852539,True
*c1ccc2c(nc([nH]2)c2ccc(cc2)c2nc3c([nH]2)ccc(c3)C(=O)Nc2cc(ccc2)NC(=O)*)c1,tg,294.0,315.5244229806336,321.9347839355469,True
*N(CC(C*)O)c1ccc(cc1)N=Nc1ccc(cc1)Cl,tg,160.0,110.49672328712607,98.01561737060547,True
*Oc1c(cc(cc1)C(c1cc(c(cc1)OC(=O)*)C(C)C)(C)C)C(C)C,tg,80.0,150.3160910771407,,False
*C(C*)C(=O)OCCCCCCCCCCOC(=O)c1ccc(cc1)OC(=O)c1ccc(cc1)C#N,tg,15.0,15.230821494513336,8.949854850769043,True
*c1cc2c(C(=O)N(C2=O)c2cc(ccc2)C(c2cc(ccc2)N2C(=O)c3c(C2=O)cc(cc3)C(=O)*)O[Si](O[Si](O[Si](C)(C)C)(C)C)(C)C)cc1,tg,273.0,223.13743351730207,,False
*Oc1ccc(cc1)C1(CC(CCC1)c1ccc(cc1)OCC(C*)O)CC,tg,140.0,113.50136734030924,,False
*C(C*)C(=O)C,tg,83.33,67.99140180977548,,False
*Oc1ccc(cc1)NC(=O)CCCC(=O)Nc1ccc(cc1)OCC(COc1ccc(cc1)C(c1ccc(cc1)OCC(C*)O)(C)C)O,tg,105.0,121.40918108219078,,False
*C(C*)Cc1c(cccc1)C,tg,80.0,62.81501275743156,,False
*Oc1ccc(cc1)C(c1ccc(cc1)OC(=S)*)(C)C,tg,140.5,123.23893394754856,131.09808349609375,True
*NC(=O)c1ccc(cc1)C(c1ccc(cc1)C(=O)NCCCC*)(CC)C,tg,177.5,160.41184644765022,167.1877899169922,True
*C(C*)c1ccccc1,tg,92.74,94.44937392702366,,False
*c1c2c(c(nn1)c1ccc(cc1)Oc1ccc(cc1)C1(c3ccccc3c3ccccc13)c1ccc(cc1)Oc1ccc(cc1)*)c(c(c(c2c1ccccc1)c1cc2c(cc1)cccc2)c1cc2c(cc1)cccc2)c1ccccc1,tg,327.33,314.4756157449963,,False
*c1nc2c(nc1c1ccccc1)cc(cc2)c1cc2c(nc(c(n2)c2ccccc2)c2ccc(cc2)*)cc1,tg,354.5,356.76396923060014,,False
*N1C(=O)c2c(C1=O)cc(cc2)c1cc2c(C(=O)N(C2=O)CCCCCOC(=O)OCCCCC*)cc1,tg,84.0,70.14147154998527,,False
*c1nc(nc(n1)Oc1cc(ccc1)C(=O)Nc1ccc(cc1)S(=O)(=O)c1ccc(cc1)NC(=O)c1cc(ccc1)O*)Sc1ccccc1,tg,304.0,260.88494729739085,,False
*NC(=O)C(=O)NCCCCCC*,tg,250.0,77.19508034120533,,False
*NC(=O)c1ccc(cc1)C(=O)NCC(CC(CC*)(C)C)C,tg,148.0,140.2280666451771,,False
*Oc1ccc(cc1)C(c1ccc(cc1)C(c1ccc(cc1)Oc1ccc(cc1)C(=O)Nc1ccc(cc1)NC(=O)c1ccc(cc1)*)(C)C)(C)C,tg,163.0,197.6014703340214,194.8474884033203,True
*N1C(=O)c2c(C1=O)cc(cc2)Oc1cc2c(cc1)ccc(c2)Oc1cc2c(C(=O)N(C2=O)c2ccc(cc2)C(c2ccc(cc2)*)(C(F)(F)F)C(F)(F)F)cc1,tg,256.0,265.23601150043766,,False
*OC(=O)CCCCCCCCCCC(=O)OCCOCC*,tg,-71.0,-62.165692237371466,,False
*Oc1c(cc(cc1)C(C)(C)C)Oc1ccc(cc1)S(=O)(=O)c1ccc(cc1)*,tg,175.6,181.39806863813348,,False
*c1cc2c(C(=O)N(C2=O)c2cc(ccc2)C#Cc2cc(ccc2)NC(=O)*)cc1,tg,323.5,274.68851661091685,232.18653869628906,True
*C(C(C*)C)(C)C,tg,37.0,49.761269197764285,,False
*Oc1ccc(cc1)NC(=O)CCCCCC(=O)Nc1ccc(cc1)*,tg,180.0,152.53543813658146,172.72857666015625,True
*N1C(=O)c2c(C1=O)cc(cc2)Oc1cc2c(C(=O)N(C2=O)c2ccc(cc2)Oc2c(cc(c(c2)C(C)(C)C)Oc2ccc(cc2)*)C(C)(C)C)cc1,tg,242.0,245.08977226746404,,False
*c1cc2c(C(=O)N(C2=O)c2cc(ccc2)P(=O)(c2cc(ccc2)N2C(=O)c3c(C2=O)cc(cc3)C(=O)*)c2ccc(cc2)Oc2ccc(cc2)C23CC4CC(CC(C2)C4)C3)cc1,tg,305.0,277.2768032382834,,False
*Oc1ccc(cc1)CC(NC(=O)CCc1ccc(cc1)OC(=O)CCCCCCC(=O)*)C(=O)OCCOCCOCC,tg,6.0,12.321837301111891,,False
*Oc1c2c(c(cc1)c1c3c(c(cc1)OCCCCCC*)cccc3)cccc2,tg,109.0,129.1586876391286,118.64239501953125,True
*c1cc2c(C(=O)N(C2=O)c2cc(ccc2)OCCOCCOc2cc(ccc2)N2C(=O)c3c(C2=O)cc(cc3)C(=O)*)cc1,tg,152.33,164.30947234952922,,False
*Oc1cc(ccc1)NC(=O)c1ccc(cc1)C(=O)Nc1cc(ccc1)OCCOCC*,tg,140.0,149.4710219382704,,False
*N1C(=O)c2c(C1=O)cc(cc2)S(=O)(=O)c1cc2c(C(=O)N(C2=O)c2cc(c(c(c2)Br)Oc2c(cc(cc2Br)*)Br)Br)cc1,tg,328.0,305.37159079226404,,False
*NC(=O)CCCCCCCCC(=O)NCCCC1(c2ccccc2c2ccccc12)CCC*,tg,85.0,103.12257843184676,102.9957504272461,True
*N1C(=O)c2c(C1=O)cc(cc2)Oc1cc2c(C(=O)N(C2=O)CC2CC(CCC2)C*)cc1,tg,199.0,210.2833481971295,195.13665771484375,True
*C1C(=O)N(C(=O)C1CC*)CC,tg,109.2,109.21890481044174,109.46317291259766,True
*Oc1c(cc(cc1Cl)C(c1cc(c(c(c1)Cl)OC(=O)CCCCC(=O)*)Cl)(C)C)Cl,tg,100.0,84.93628719755547,,False
*OC(=O)CCCCC(=O)OCCOCC*,tg,-54.67,-65.8507439944572,-61.862247467041016,True
*Oc1ccc(cc1)CC(NC(=O)CCc1ccc(cc1)OC(=O)COCC(=O)*)C(=O)OC(CC)C,tg,68.0,69.16310987893412,,False
*c1[nH]c(nc1c1ccc(cc1)NC1C(=O)N(C(=O)C1)c1ccc(cc1)Cc1ccc(cc1)N1C(=O)C(CC1=O)Nc1ccc(cc1)*)c1ccc(cc1)C=Cc1ccc(cc1)[N+](=O)[O-],tg,250.0,245.3405465028384,176.0805206298828,True
*S(=O)(=O)c1ccc(cc1)NC(=O)CCCCC(=O)Nc1ccc(cc1)*,tg,194.0,171.91705092900887,,False
*c1cc2c(C(=O)N(C2=O)c2cc(cc(c2)c2sc3c(n2)cccc3)N2C(=O)c3c(C2=O)cc(cc3)C(=O)Nc2nc(ccc2)NC(=O)*)cc1,tg,358.0,316.4271934850176,,False
*OC(=O)Nc1c(ccc(c1)NC(=O)OCCN(CC*)c1ccc(cc1)N=Nc1cc(c(cc1)N=Nc1c(cc(c(c1)OC)N=Nc1ccc(cc1)[N+](=O)[O-])OC)C)C,tg,148.0,163.73594689977455,,False
*Oc1ccc(cc1)C(c1ccc(cc1)OCCOC(=O)Nc1ccc(cc1)Cc1ccc(cc1)NC(=O)OCC*)(C)C,tg,127.0,107.55457275667663,87.52741241455078,True
*N1C(=O)c2c(C1=O)cc(cc2)Oc1cc2c(C(=O)N(C2=O)c2c(ccc(c2)C(c2cc(c(cc2)OCCN(c2ccc(cc2)C=CC2=CC(=C(C(=O)OCCc3ccccc3)C#N)CC(C2)(C)C)c2ccccc2)*)(C(F)(F)F)C(F)(F)F)OCCN(c2ccc(cc2)C=CC2=CC(=C(C(=O)OCCc3ccccc3)C#N)CC(C2)(C)C)C)cc1,tg,177.0,185.90792059366868,185.0050811767578,True
*Oc1ccc(cc1)C(=O)Nc1ccc(cc1)C(c1ccc(cc1)NC(=O)c1ccc(cc1)OC(=O)c1ccc(cc1)C(=O)*)(C(F)(F)F)C(F)(F)F,tg,266.0,244.53206217273095,255.0131072998047,True
*Oc1ccc(cc1)OC(=O)c1ccc(cc1)OCC(COC(=O)CCCCCCCCC(=O)OCC(C*)O)O,tg,36.0,21.1188204336112,,False
*C(C*)c1c(c(c(c(c1F)F)OC)F)F,tg,94.0,101.67477325811882,,False
*Oc1ccc(cc1)CC(NC(=O)CCc1ccc(cc1)OC(=O)COCCOCC(=O)*)C(=O)OC(CC)C,tg,44.0,47.64327536118051,52.7982177734375,True
*c1cc2c(C(=O)N(C2=O)c2cc(c(cc2)Oc2ccc(cc2)C(=O)c2nc(ccc2)C(=O)c2ccc(cc2)Oc2c(cc(cc2)N2C(=O)c3c(C2=O)cc(cc3)C(*)(C(F)(F)F)C(F)(F)F)C(F)(F)F)C(F)(F)F)cc1,tg,206.4,238.4071315096784,,False
*OP(=O)(N=Nc1ccc(cc1)Oc1ccc(cc1)N=NP(=O)(OCC*)OCC)OCC,tg,22.0,42.889325691993065,,False
*N1C(=O)C2C3C4C(C(C2C1=O)C=C3)C(=O)N(C4=O)c1ccc(cc1)Sc1cc2c(C(=O)N(C2=O)CCc2ccccc2)cc1Sc1ccc(cc1)*,tg,258.0,293.4573940268492,271.7348327636719,True
*C(=C*)c1c(cccc1)[Si](C)(C)C,tg,190.0,124.21908231303662,,False
*N1C(=O)c2c(C1=O)c(ccc2)Oc1ccc(cc1)c1ccc(cc1)Oc1c2c(C(=O)N(C2=O)c2cc(ccc2)*)ccc1,tg,275.0,265.42027746726376,267.6480407714844,True
*N1C(=O)c2c(C1=O)cc(cc2)OCCN(CCOc1cc2c(C(=O)N(C2=O)c2ccc(cc2)C(c2ccc(cc2)*)(C(F)(F)F)C(F)(F)F)cc1)c1ccc(cc1)C=Cc1ccc(cc1)[N+](=O)[O-],tg,180.7,198.9657680838479,,False
*C(C*)CC(C)C,tg,45.5,46.50913715005034,,False
*C1C2CC(C(C1*)C2)CCCCCCCCC(=O)OCC,tg,134.0,107.6974610207658,87.75204467773438,True
*Oc1c(cc(cc1C)C(c1cc(c(c(c1)C)OCC(C*)O)C)(C)C)C,tg,130.0,127.8107825329914,135.62962341308594,True
*N=P(*)(Oc1ccc(cc1)CC)Oc1ccc(cc1)CC,tg,-18.0,12.017197099053178,1.4439367055892944,True
*C1=C(C(=O)N(C1=O)CCCCCCCCCCCC)c1ccc(cc1)c1cc2C(c3c(c2cc1)ccc(c3)c1ccc(cc1)*)(CCCCCC)CCCCCC,tg,100.0,121.66777300686174,,False
*C(C*)OC(=O)c1ccc(cc1)Br,tg,85.5,74.75888939753867,73.61406707763672,True
*C=C*,tg,-25.5,39.27569592919202,45.55653762817383,True
*Oc1c(cccc1)C(=O)OC(=O)c1c(cccc1)OC(=O)CCCCCC(=O)*,tg,40.0,41.17210607223118,,False
*Oc1ccc(cc1)C(c1ccc(cc1)OC(=O)*)C(C)C,tg,149.0,146.8021642214007,136.4916534423828,True
*C(C*)(C(=O)OCc1ccccc1)C,tg,57.45,57.90017175596743,,False
*Oc1ccc(cc1)OC(=O)c1ccc(cc1)C(=O)Oc1ccc(cc1)OCCCCCC*,tg,53.0,68.89502705222161,,False
*Oc1cc(ccc1)Oc1ccc(cc1)C(=O)c1ccc(cc1)NC(=O)c1cc(ccc1)C(=O)Nc1ccc(cc1)C(=O)c1ccc(cc1)*,tg,214.0,180.3567217490539,170.90185546875,True
*N1C(=O)C(=C(C1=O)Cl)Oc1ccc(cc1)C(c1ccc(cc1)OC1=C(C(=O)N(C1=O)c1ccc(cc1)Oc1ccc(cc1)*)Cl)(C)C,tg,175.0,183.8536093615508,,False
*C1C(=O)N(C(=O)C1CC*)CCCCCCCCCCCC,tg,55.4,55.37211752169751,,False
*Nc1ccc(cc1)C(c1ccc(cc1)NC(=O)c1cc(cc(c1)NC(=O)C12CC3CC(CC(C1)C3)C2)C(=O)*)(C(F)(F)F)C(F)(F)F,tg,365.0,303.12348573479125,,False
*N1C(=O)c2c(C1=O)cc(cc2)Oc1cc2c(C(=O)N(C2=O)CCCCCCOC(=O)c2cc(cc(c2)OCCCCCCOc2ccc(cc2)N=Nc2ccc(cc2)C#N)C(=O)OCCCCCC*)cc1,tg,61.0,90.9008911468804,70.1393051147461,True
*c1cc2c(C(=O)N(C2=O)c2ccc(cc2)Oc2cc(ccc2)c2nc(cc(c2)c2ccccc2)c2cc(ccc2)Oc2ccc(cc2)N2C(=O)c3c(C2=O)cc(cc3)C(*)(C(F)(F)F)C(F)(F)F)cc1,tg,180.0,278.6207696497898,264.9114990234375,True
*c1cc2c(C(=O)N(C2=O)c2c(cc(cc2)Cc2cc(c(cc2)N2C(=O)c3c(C2=O)cc(cc3)C(=O)*)C)C)cc1,tg,364.67,316.3604366712709,,False
*C1C(=O)NC(=O)C1C(C*)c1ccccc1,tg,257.67,183.8664401816684,,False
*C1C(=O)N(C(=O)C1CC*)C,tg,141.2,129.6490082343712,,False
*C(C*)c1c(ccc(c1)c1ccc(cc1)C(=O)OC(CCCCCC)C)c1ccc(cc1)C(=O)OC(CCCCCC)C,tg,102.0,96.20489802958129,,False
*Oc1ccc(cc1)C(=C(Cl)Cl)c1ccc(cc1)OC(=O)*,tg,167.67,164.68815843013184,165.2449951171875,True
*N1C(=O)c2c(C1=O)cc(cc2)S(=O)(=O)c1cc2c(C(=O)N(C2=O)c2ccc(cc2)N(c2ccc(cc2)*)c2ccccc2)cc1,tg,306.0,323.49901003597665,,False
*N1C(=O)c2c(C1=O)cc(cc2)S(=O)(=O)c1cc2c(C(=O)N(C2=O)c2ccc(cc2)Oc2ccc(cc2)*)cc1,tg,283.5,291.07114473989117,309.1540222167969,True
*C1COC2C1OCC2OC(=O)OCCOCCOCCOCCOC(=O)O*,tg,9.5,13.900149974910638,,False
*C(C*)(C(=O)OC1CCCCC1)C,tg,89.76,105.41893813705164,,False
*Nc1ccc(cc1)C(c1ccc(cc1)C(c1ccc(cc1)Nc1ccc(cc1)C(=O)c1ccc(cc1)C(=O)c1ccc(cc1)*)(C)C)(C)C,tg,157.0,202.9315224713562,,False
*Oc1ccc(cc1)NC(=O)c1cc(cc(c1)C(C)(C)C)C(=O)Nc1ccc(cc1)Oc1ccc(cc1)C(c1ccc(cc1)*)(C(F)(F)F)C(F)(F)F,tg,254.25,228.04872818248407,236.6608123779297,True
*N=P(*)(Oc1ccc(cc1)c1ccccc1)Oc1ccc(cc1)c1ccccc1,tg,69.67,57.93210467312531,,False
*N1C(=O)c2c(C1=O)cc(cc2)C(=O)c1cc2c(C(=O)N(C2=O)CCCCCCOC(=O)OCCCOC(=O)OCCCCCC*)cc1,tg,61.0,54.975190730320584,51.46788024902344,True
*OC(=O)C(C(=O)OCCOCC*)CCC,tg,-38.0,-34.605905255597996,,False
*C(C*)C(=O)NCP(=O)(O)O,tg,26.0,65.00888678771568,78.67987823486328,True
*C1C(=O)N(C(=O)C1*)CCCCCCCOc1ccc(cc1)c1ccc(cc1)C#N,tg,61.0,76.7067359740433,,False
*OC(COC(=O)c1cc2c(cc1)cc(cc2)C(=O)*)COc1ccc(cc1)N=Nc1ccc(cc1)C#N,tg,138.0,127.21483315348772,130.1953887939453,True
*Oc1c(cc(cc1C)C(c1cc(c(c(c1)C)OC(=O)CCCCCC(=O)*)C)(C)C)C,tg,84.0,81.4639032577523,84.97367095947266,True
*C1C2C(C(=O)N(C2=O)c2ccc(cc2)C)C(C1)C=C*,tg,222.0,225.00084473033792,,False
*c1cc2c(C(=O)N(C2=O)c2c3c(ccc2)c(ccc3)Oc2ccc(cc2)N2C(=O)c3c(C2=O)cc(cc3)C(=O)Nc2ccc(cc2)Oc2ccc(cc2)NC(=O)*)cc1,tg,278.0,277.4552719228569,,False
*c1cc2c(C(=O)N(C2=O)c2ccc(cc2)C(=O)Nc2ccc(cc2)C(=O)OCCCCCCCOC(=O)*)cc1,tg,106.0,115.26987633644542,,False
*c1cc2c(C(=O)N(C2=O)c2c(cc(cc2)C(=O)Nc2ccc(cc2)C(c2ccc(cc2)NC(=O)c2cc(c(cc2)N2C(=O)c3c(C2=O)cc(cc3)C(*)(C(F)(F)F)C(F)(F)F)C)(C(F)(F)F)C(F)(F)F)C)cc1,tg,344.0,297.32128191418377,,False
*C1C(=O)N(C(=O)C1C(C*)c1ccccc1)CCCCNC(=O)C(C(C(C(C(C(C(F)(F)F)(F)F)(F)F)(F)F)(F)F)(F)F)(F)F,tg,113.0,109.70564888879449,,False
*C(C*)(C(=O)OCC(C)C)C#N,tg,51.0,104.91724559913077,116.93196868896484,True
*N1C(=O)c2c(C1=O)cc(cc2)C(=O)c1cc2c(C(=O)N(C2=O)CCCC(=O)Nc2cc(ccc2)Oc2ccc(cc2)NC(=O)CCC*)cc1,tg,188.0,182.3158605504042,,False
*c1sc(cc1c1ccc(cc1)C(=C1C=C(C(=O)C(=C1)C(C)(C)C)C(C)(C)C)c1cc(c(c(c1)C(C)(C)C)O)C(C)(C)C)*,tg,-12.6,189.77668574838196,,False
*C1OC(OC1COC(=O)OC*)OCC,tg,51.38,60.00462370545532,,False
*Oc1ccc(cc1)N=Cc1ccc(cc1)Oc1ccc(cc1)C(c1ccc(cc1)Oc1ccc(cc1)C=Nc1ccc(cc1)Oc1ccc(cc1)c1ccc(cc1)*)(C(F)(F)F)C(F)(F)F,tg,128.0,164.0355109402431,174.1050567626953,True
*OCCOCCOCCCNC(=O)C(NC(=O)C(NC(=O)CCCCCCCCC(=O)NC(C(=O)NC(C(=O)NCCC*)C(C)C)Cc1ccccc1)Cc1ccccc1)C(C)C,tg,66.0,53.14186800794301,64.05113220214844,True
*c1ncc(cc1)C(=O)Nc1cc(ccc1)Oc1ccc(cc1)C(=O)c1ccc(cc1)Oc1cc(ccc1)NC(=O)*,tg,154.0,167.81433613670856,,False
*c1sc(cc1CCCCCCCCCCCC)c1ccc(cc1)c1sc(c(c1)CCCCCCCCCCCC)c1ccc(cc1)*,tg,-19.2,25.235259189811085,,False
*c1nc2c(c(c1)c1ccccc1)cc(cc2)Oc1cc2c(nc(cc2c2ccccc2)c2ccc(cc2)C(c2ccc(cc2)*)(C(F)(F)F)C(F)(F)F)cc1,tg,260.0,289.19299313879355,279.8848571777344,True
*C(C*)(C(=O)OCc1cc(c(cc1)OCCOCCOCCOCC)OCCOCCOCCOCC)C,tg,-92.0,11.883457411445908,,False
*C(C*)(C(=O)OCCOCC[N+](CCCCS(=O)(=O)O)(CC)CC)C,tg,95.0,5.185620441899046,,False
*C1(c2c(C(=O)O1)cccc2)c1ccc(cc1)Oc1ccc(cc1)P(=O)(c1ccc(cc1)Oc1ccc(cc1)*)C,tg,263.0,244.86699438566836,260.7856750488281,True
*Oc1ccc(cc1)NC(=O)c1ccc(cc1)Oc1ccc(cc1)C(=O)Nc1ccc(cc1)*,tg,274.0,232.6235777514812,,False
*O[Si](O[Si](O[Si](O[Si](CC[Si](O[Si](O[Si](O[Si](CC[Si](*)(c1ccccc1)c1ccccc1)(C)C)(C)C)(C)C)(C)C)(c1ccccc1)c1ccccc1)(c1ccccc1)c1ccccc1)(c1ccccc1)c1ccccc1)(c1ccccc1)c1ccccc1,tg,-4.5,13.188199326734996,,False
*NC(=O)CCCCCCCCCCCCCCCCCCC(=O)NCCCCCCCCC*,tg,42.0,46.732297983024175,,False
*N1C(=O)c2c(C1=O)cc(cc2)Oc1ccc(cc1)C(c1ccc(cc1)Oc1cc2c(C(=O)N(C2=O)c2cc(ccc2)*)cc1)(C)C,tg,221.3,232.3000084806816,,False
*C(C*)c1ccc(cc1)S(=O)(=O)OCCC,tg,217.0,56.839955378039406,,False
*C(C*)(C(=O)OCCCCCCC(C(C(C(F)(F)F)(F)F)(F)F)(F)F)C,tg,23.0,14.745730793861584,,False
*C1OC(CO1)CCCCOC(=O)CCCCCCC*,tg,-44.0,6.960687904579353,,False
*C1C(=O)N(C(=O)C1C(C*)c1ccccc1)CCCCCCCCCCCC,tg,70.0,89.34256467797563,,False
*Nc1ccc(cc1)Cc1ccc(cc1)NC(=O)NCCCCCCCCCCCCNC(=O)*,tg,51.0,30.78055449769457,,False
*N1C(=O)c2c(C1=O)cc(cc2)Oc1ccc(cc1)C(=O)c1ccc(cc1)Oc1cc2c(C(=O)N(C2=O)c2cc(ccc2)*)cc1,tg,239.0,225.98197598187144,,False
*c1nc2c(c(c1)c1ccc(cc1)Oc1ccc(cc1)c1ccccc1)cc(cc2)c1cc2c(nc(cc2c2ccc(cc2)Oc2ccc(cc2)c2ccccc2)c2ccc(cc2)c2ccc(cc2)*)cc1,tg,318.0,307.2416837906526,,False
*N1CCN(CC1)CC(COc1ccc(cc1)C(c1ccc(cc1)OCC(C*)O)(C)C)O,tg,100.0,82.5828979725137,,False
*c1c(nc2c(c1c1ccccc1)cc(cc2)c1cc2c(nc(c(c2c2ccccc2)c2ccc(cc2)c2ccc(cc2)*)c2ccccc2)cc1)c1ccccc1,tg,372.0,330.2725934058082,336.2762756347656,True
*Oc1ccc(cc1)S(=O)(=O)c1ccc(cc1)Oc1ccc(cc1)C=Nc1ccc(cc1)Oc1ccc(cc1)N=Cc1ccc(cc1)*,tg,162.0,186.8211465078438,178.6610870361328,True
*c1cc2c(C(=O)N(C2=O)c2cc(ccc2)Oc2ccc(cc2)N2C(=O)c3c(C2=O)cc(cc3)c2c(c(c(c(c2c2ccccc2)c2ccccc2)c2ccc(cc2)Oc2ccc(cc2)c2c(c(c(c(c2c2ccccc2)c2ccccc2)*)c2ccccc2)c2ccccc2)c2ccccc2)c2ccccc2)cc1,tg,309.0,295.3511656078088,,False
*N(C(=O)CCCCCCCCCCC*)C,tg,-30.5,2.97069999587136,,False
*OC(COC(=O)*)COCCCC,tg,-24.0,-33.93443638866014,-24.645044326782227,True
*c1c2C(=O)N(C(=O)c2c(c2ccccc12)c1ccc(cc1)Oc1ccc(cc1)S(=O)(=O)c1ccc(cc1)Oc1ccc(cc1)*)c1ccc(cc1)F,tg,300.0,286.5168868701551,,False
*OC(=O)CCSCCC(=O)OCCOCCOCC*,tg,-44.0,-49.80113402062134,,False
*OCCCC*,tg,-75.43,-72.8363111233952,,False
*c1cc2c(C(=O)N(C2=O)c2ccc(cc2)C(=O)OCCCCCOC(=O)*)cc1,tg,90.0,101.14730752468527,,False
*Nc1ccc(cc1)NC(=O)c1cc(cc(c1)NC(=O)c1ccccc1)C(=O)*,tg,321.0,282.93336763541356,326.6576232910156,True
*N1C(=O)c2c(C1=O)c(ccc2)Oc1ccc(cc1)S(=O)(=O)c1ccc(cc1)Oc1c2c(C(=O)N(C2=O)c2ccc(cc2)Oc2cc(ccc2)Oc2ccc(cc2)*)ccc1,tg,230.0,234.69001595528752,226.6912384033203,True
*Oc1ccc(cc1)C(c1ccc(cc1)OC(=O)c1cc2c(C(CC2(c2ccc(cc2)C(=O)*)C)(C)C)cc1)(C)C,tg,265.0,235.05536752189053,,False
*N1C(=O)c2c(C1=O)cc(cc2)Oc1ccc(cc1)Oc1cc2c(C(=O)N(C2=O)c2c(cc(cc2)Cc2cc(c(cc2)*)OC)OC)cc1,tg,269.0,232.21645304736705,,False
*Nc1cc(ccc1)NC(=O)c1ccc(cc1)C(=O)Nc1cc(ccc1)NC(=S)NC(=O)c1cc(ccc1)C(=O)NC(=S)*,tg,254.0,250.76196542990945,,False
*C(=C(*)C)SCCCCCCCCCC,tg,60.0,75.47960928633805,,False
*OC(=O)C(NC(=O)C=CC(=O)NC(C(=O)OCCCC*)Cc1ccccc1)Cc1ccccc1,tg,103.0,93.96615513979884,82.11150360107422,True
*c1cc2c(C(=O)N(C2=O)c2ccc(cc2)Oc2c(cc(cc2C)Cc2cc(c(c(c2)C)Oc2ccc(cc2)N2C(=O)c3c(C2=O)cc(cc3)C(*)(C(F)(F)F)C(F)(F)F)C)C)cc1,tg,286.33,289.02268157547473,287.27386474609375,True
*OC(=O)CCCCCCCCCCCCC(=O)OCC(C*)CCCCCCOc1ccc(cc1)N=Nc1ccc(cc1)C#N,tg,21.5,21.506555196462187,,False
*C(C*)C(=O)Oc1ccc(cc1)N=Nc1ccc(cc1)OC,tg,133.6,100.40057366895508,100.5182113647461,True
*NC(=O)CCCCCCCCCCCCCCCCC(=O)NCCc1ccc(cc1)CC*,tg,75.0,78.19034284959288,,False
*O[Si](O[Si](O[Si](O[Si](c1ccc(cc1)Oc1ccc(cc1)[Si](*)(C)C)(C)C)(C)C)(C)C)(C)C,tg,-52.0,-52.377442891489046,-50.384220123291016,True
*Oc1ccc(cc1)NC(=O)c1ccc(cc1)NC(=O)c1ccc(cc1)[Si](c1ccc(cc1)C(=O)Nc1ccc(cc1)C(=O)Nc1ccc(cc1)*)(C)C,tg,304.0,279.8310783575453,,False
*c1c2ccc(=O)cc2oc2cc(ccc12)OC(=O)c1c(cccc1)*,tg,250.0,225.0495493875449,225.6934051513672,True
*Oc1ccc(cc1)C(c1ccc(cc1)OCCCCCCCC*)(C(F)(F)F)C(F)(F)F,tg,27.8,42.44922618841069,80.61508178710938,True
*Nc1c(cc(cc1)c1cc(c(cc1)NC(=O)c1cc(ccc1)C(=O)*)O)O,tg,386.0,254.08752074583072,,False
*Oc1c(cc(c(c1)OC(=O)c1ccc(cc1)OCC(CC)C)OC(=O)CCCC(=O)*)OC(=O)c1ccc(cc1)OCC(CC)C,tg,60.0,76.29749471454568,52.53617858886719,True
*N=C(NCCCCCCCCCC*)c1ccccc1,tg,10.0,37.40846286765049,,False
*C(C*)C(=O)OC(C(Cl)(Cl)Cl)Cl,tg,70.5,50.31990939774746,,False
*c1sc(nn1)c1ccc(cc1)C(=O)OCCCCCCCCCCOC(=O)c1ccc(cc1)*,tg,79.0,72.78521283724531,,False
*c1cc2c(C(=O)N(C2=O)c2ccc(cc2)Oc2cc3c(cc2)ccc(c3)Oc2ccc(cc2)N2C(=O)c3c(C2=O)cc(cc3)C(*)(C(F)(F)F)C(F)(F)F)cc1,tg,302.3,256.7856685275947,,False
*Oc1ccc(cc1)Sc1ccc(cc1)OC(=O)*,tg,110.0,133.05956851899649,,False
*OC(C*)COCC,tg,-61.0,-62.07211398860566,,False
*Oc1ccc(cc1)S(=O)(=O)c1c2c(ccc1)c(ccc2)S(=O)(=O)c1ccc(cc1)Oc1ccc(cc1)c1ccc(cc1)*,tg,248.0,261.0326778801187,264.5130920410156,True
*OCOCC*,tg,-64.5,-61.11099022572159,-66.06771087646484,True
*C(C*)C(=O)OCCCOc1ccc(cc1)c1ccc(cc1)C#N,tg,51.55,54.473300992284265,,False
*C(C*)OC,tg,-24.96,4.444658508651664,,False
*C1OCOC(C1(F)F)C(*)(F)F,tg,125.0,118.18238825445646,121.7218017578125,True
*C(C*)C(=O)c1cc(c(cc1)Br)OC,tg,44.0,92.44422242118844,,False
*[Si](C*)(CCC)CCC,tg,-41.0,-53.585113324706896,-48.14018249511719,True
*Oc1ccc(cc1)Nc1ccc(cc1)S(=O)(=O)c1ccc(cc1)Nc1ccc(cc1)Oc1ccc(cc1)C(c1ccc(cc1)*)(C)C,tg,145.0,212.15996624900353,,False
*N1C(=O)c2c(C1=O)cc(cc2)Oc1cc2c(C(=O)N(C2=O)c2c(cc(cc2C)C(c2cc(c(c(c2)C)*)C)c2cc(cc(c2)C(F)(F)F)C(F)(F)F)C)cc1,tg,281.9,276.3951443519993,277.5318603515625,True
*Oc1c(cc(cc1)OC(=O)c1ccc(cc1)C(=O)*)c1cc(ccc1)C(F)(F)F,tg,158.13,163.128870653919,,False
*c1cc2c(C(=O)N(C2=O)c2ccc(cc2)C(=O)c2ccc(cc2)C(=O)c2ccc(cc2)N2C(=O)c3c(C2=O)cc(cc3)C(=O)*)cc1,tg,286.0,289.7570083401544,,False
*[N+](CCCCCCCCCC*)(C)C,tg,66.69,-53.32049254691066,,False
*Oc1ccc(cc1)C1(c2ccccc2c2ccccc12)c1ccc(cc1)OC(=O)c1cc(ccc1)C(=O)*,tg,269.5,279.68621162759786,,False
*OC(=O)c1ccc(cc1)C(=O)OCC(C(C*)CCC)CCC,tg,19.67,19.033179805260243,,False
*Oc1c2c(c(cc1)c1c3c(c(cc1)OCCC*)cccc3)cccc2,tg,173.5,134.49119728715223,,False
*Oc1cc(ccc1)OC(=O)c1cc(cc(c1)OCCCCC)C(=O)*,tg,96.0,82.34871929760524,105.46768951416016,True
*C(C*)(C(=O)OCC(F)(F)F)F,tg,117.75,85.43623521415157,85.32146453857422,True
*c1ccc(cc1)c1c(cc(c(c1c1ccccc1)c1ccccc1)c1ccc(cc1)c1c(c(c(c(c1)c1ccccc1)c1ccc(cc1)CCCCCCCCCCCCCC*)c1ccccc1)c1ccccc1)c1ccccc1,tg,185.0,191.36130377997017,,False
*Oc1cc(c(cc1)CCc1ccc(cc1)OCCCCCCCC*)C,tg,-12.1,13.92582244042064,,False
*C(C*)c1ccc(cc1)B(Oc1c2ncccc2c(cc1)B1OC(C(O1)(C)C)(C)C)c1ccc(cc1)C(C)(C)C,tg,275.0,239.85683451782117,254.38392639160156,True
*Oc1cc(ccc1)NC(=O)c1ccc(cc1)Oc1ccc(cc1)C(c1cc(ccc1)C(c1ccc(cc1)Oc1ccc(cc1)C(=O)Nc1ccc(cc1)*)(C)C)(C)C,tg,147.0,166.6664622117846,,False
*c1nc(nc(n1)N(CCCCCCN(*)c1ccccc1)c1ccccc1)c1ccccc1,tg,74.0,100.6834935570572,,False
*C1C(=O)N(C(=O)C1*)CCCCCCCCOc1ccc(cc1)c1ccc(cc1)C#N,tg,43.0,70.22315824032619,,False
*OC(C*)COC,tg,-62.0,-52.18954870421269,,False
*O[Si](CCCC(=O)Oc1ccc(cc1)C=Nc1ccc(cc1)Oc1ccc(cc1)N=Cc1ccc(cc1)OC(=O)CCC[Si](*)(C)C)(C)C,tg,52.0,66.6911892848966,,False
*N1C(=O)c2c(C1=O)cc(cc2)Oc1cc2c(C(=O)N(C2=O)c2cc(cc(c2)C(F)(F)F)Oc2c(cc(cc2C)c2cc(c(c(c2)C)Oc2cc(cc(c2)C(F)(F)F)*)C)C)cc1,tg,252.2,260.1925095679246,258.11328125,True
*OC(=O)OCC(C*)OCCOc1ccc(cc1)C=Cc1ccc(cc1)[N+](=O)[O-],tg,53.0,57.18143323978021,,False
*c1oc(nn1)c1c2c(c(cc1)Oc1c3c(c(cc1)C=Cc1ccc(cc1)Oc1c4c(c(cc1)*)cccc4)cccc3)cccc2,tg,241.0,244.58793995293615,,False
*N1C(=O)c2c(C1=O)cc(cc2)Oc1cc2c(C(=O)N(C2=O)c2cc(ccc2)OCCOc2ccc(cc2)*)cc1,tg,178.5,183.0031537481164,,False
*Oc1ccc(cc1)NC(=O)c1cc(cc(c1)C(C)(C)C)C(=O)Nc1ccc(cc1)OCCCCCC*,tg,166.0,140.85828992193728,,False
*N1C(=O)C(=C(C1=O)c1ccccc1)c1ccc(cc1)C1=C(C(=O)N(C1=O)c1ccc(cc1)C1(c2ccccc2c2ccccc12)c1ccc(cc1)*)c1ccccc1,tg,325.67,335.08166866893424,,False
*Oc1ccc(cc1)C(c1ccc(cc1)Oc1ccc(cc1)C(=O)c1ccc(cc1)Oc1ccc(cc1)C(=O)c1ccc(cc1)*)(C)C,tg,162.0,153.33973312869622,,False
*N(CC*)C(=O)CC12CC3CC(CC(C1)C3)C2,tg,139.0,124.6455270838482,,False
*Oc1ccc(cc1)Oc1ccc(cc1)Oc1ccc(cc1)c1ccc(cc1)Oc1ccc(cc1)Oc1ccc(cc1)Oc1c(cc(cc1)C(=O)c1cc(c(cc1)*)S(=O)(=O)O[Na])S(=O)(=O)O[Na],tg,348.0,269.0827934938587,311.92864990234375,True
*Oc1c(cc(c(c1)OC(=O)c1ccc(cc1)OCCCC)OC(=O)C(CCC(=O)*)(C)C)OC(=O)c1ccc(cc1)OCCCC,tg,61.0,63.825060595975366,,False
*N1C(=O)c2c(C1=O)cc(cc2)Oc1cc2c(C(=O)N(C2=O)c2cc(c(cc2)Oc2c(cc(cc2)*)Br)Br)cc1,tg,251.0,256.58516634378356,,False
*S(=O)c1ccc(cc1)Sc1cc(ccc1)Sc1ccc(cc1)*,tg,121.0,102.61928395630666,,False
*Nc1c2c(ccc1)c(ccc2)NC(=O)c1cc(cc(c1)NC(=O)C(CCSC)N1C(=O)c2c(C1=O)cccc2)C(=O)*,tg,198.0,223.04887955429257,185.05865478515625,True
*C(C*)(C(=O)OC1C(CCCC1)C(C)(C)C)C,tg,156.13,118.31665749612552,,False
*Oc1cc(ccc1)Oc1cc(c(cc1)C(=O)O)C(=O)Nc1ccc(cc1)Oc1ccc(cc1)c1ccc(cc1)Oc1ccc(cc1)NC(=O)c1c(ccc(c1)*)C(=O)O,tg,100.0,208.70818964970195,,False
*Oc1cc(c(c(c1)Cl)C(c1c(cc(cc1Cl)OC(=O)*)Cl)(C)C)Cl,tg,240.0,165.24318197752677,180.891845703125,True
*N1C(=O)c2c(C1=O)c(ccc2)Oc1ccc(cc1)C(=O)Nc1ccc(cc1)Oc1ccc(cc1)*,tg,253.0,265.5816350545869,,False
*c1nc(ccc1)Oc1ccc(cc1)O*,tg,100.0,113.11580289205769,,False
*C1C(=O)N(C(=O)C1C(C*)(C)C)c1c(cccc1CC)CC,tg,210.0,159.72169509303333,,False
*C1C2C(C(=O)N(C2=O)CCCCCCCCCC)C(C1)C=C*,tg,46.0,54.33370285526252,45.004878997802734,True
*N1C(=O)c2c(C1=O)cc(cc2)Oc1ccc(cc1)Oc1cc2c(C(=O)N(C2=O)c2ccc(cc2)C(=O)c2ccc(cc2)*)cc1,tg,268.0,250.797504653078,,False
*OC1CCC(CC1)OC(=O)*,tg,138.0,83.24074076160089,86.4002456665039,True
*Oc1ccc(cc1)S(=O)(=O)c1ccc(cc1)OCC(C*)OC(=O)C,tg,130.0,122.49550192965891,127.0665512084961,True
*c1cc2c(C(=O)N(C2=O)c2c(cc(cc2)Cc2cc(c(cc2)N2C(=O)c3c(C2=O)cc(cc3)C(*)(C(F)(F)F)C(F)(F)F)C(C)(C)C)C(C)(C)C)cc1,tg,274.0,287.98890353746935,,False
*O[Si](*)(CCCCCCCCOc1ccc(cc1)C(=O)Oc1c(cc(cc1)C#N)C)C,tg,1.0,15.977267492122444,,False
*Oc1ccc(cc1)NC(=O)c1cc(cc(c1)S(=O)(=O)c1ccccc1)C(=O)Nc1ccc(cc1)*,tg,279.0,274.561319006958,,False
*c1nnc(nc1)c1nc(ccc1)c1nc(cnn1)c1ccc(cc1)Oc1ccc(cc1)*,tg,223.0,252.125988716771,290.5061950683594,True
*c1nc2cc3c(cc2nc1c1ccccc1)nc(c(n3)c1cc(ccc1)*)c1ccccc1,tg,365.0,363.0550597873833,,False
*c1cc2c(C(=O)N(C2=O)c2c(ccc(c2)N2C(=O)c3c(C2=O)cc(cc3)C(=O)OCCN(CCOC(=O)*)c2ccc(cc2)N=Nc2ccc(cc2)C(=C(C#N)C#N)C#N)N=Nc2ccc(cc2)C(=C(C#N)C#N)C#N)cc1,tg,121.0,191.17690010632757,,False
*C(C*)c1ccc(cc1)C(=O)CCCCCCC,tg,50.0,38.158957294399016,,False
*OP(=O)(N=Nc1ccc(cc1)c1ccc(cc1)N=NP(=O)(OCC1CCC(CC1)C*)OC)OC,tg,58.0,62.384408247536726,,False
*O[Si](C#Cc1ccc(cc1)C#C[Si](*)(C)C)(C)C,tg,126.0,90.26679995558928,93.0684585571289,True
*C(C*)(CCC)C,tg,27.0,17.316017864069476,,False
*C(C*)(C(=O)OCCCCCCOc1ccc(cc1)OC(=O)c1cc(c(cc1)OC)Br)C,tg,51.0,42.45908955206502,43.86105728149414,True
*c1c2c(C(=O)N(C2=O)N2C(=O)c3c(C2=O)c(ccc3)Sc2ccc(cc2)Sc2ccc(cc2)S*)ccc1,tg,266.0,255.90394466612705,,False
*Oc1c(cc(cc1OC)c1cc(c(c(c1)OC)OC(=O)CCCCCCCCC(=O)*)OC)OC,tg,94.0,93.62978917762008,78.62731170654297,True
*NC(=O)NCc1ccc(cc1)CNC(=O)NCCCCCC*,tg,72.0,105.4755175676432,96.08959197998047,True
*N1C(=O)c2c(C1=O)cc(cc2)S(=O)(=O)c1cc2c(C(=O)N(C2=O)c2cc(c(cc2)c2c(cc(cc2)*)C(F)(F)F)C(F)(F)F)cc1,tg,320.0,316.4575828720828,312.5618896484375,True
*Oc1ccc(cc1)CC(NC(=O)CCc1ccc(cc1)OC(=O)CCCCCCCCC(=O)*)C(=O)OCCCCCCCCCCCC,tg,12.5,27.996385853441662,,False
*OC(=O)c1ccc(cc1)C(=O)OCCCCOC(=O)CCCCC(=O)OCCCC*,tg,-20.0,-0.2969427122062401,,False
*Oc1cc2c(cc1)cc(cc2)C(=O)NCC*,tg,182.0,137.39544151093682,,False
*NC(=O)CCC*,tg,62.18,62.04686146247318,,False
*C(C*)(C(=O)OCCCCCCCCCCOc1cc2c(cc1)cc(cc2)C(=O)Oc1ccccc1)C,tg,24.0,38.86947436612768,44.164703369140625,True
*C(=CCCC*)c1ccc(cc1)Cl,tg,16.0,43.500633127125006,,False
*NC(=O)c1c(cc(cc1)C(=O)NCCCCCCCCCCCC*)Oc1ccccc1,tg,75.0,94.6104770578852,,False
*c1cc2c(C(=O)N(C2=O)c2cc(c(cc2)Oc2c(cc(cc2)N2C(=O)c3c(C2=O)cc(cc3)C(=O)Nc2ccc(cc2)Oc2ccc(cc2)NC(=O)*)c2ccccc2)c2ccccc2)cc1,tg,345.0,303.45126800700115,292.5857238769531,True
*Oc1ccc(cc1)CC(NC(=O)CCc1ccc(cc1)OC(=O)CCCC(=O)*)C(=O)OCCCCCCCC,tg,32.5,34.25715196112293,36.71311950683594,True
*N1C(=S)N(C(=O)CC1=O)c1ccc(cc1)Oc1ccc(cc1)C1(c2ccccc2c2ccccc12)c1ccc(cc1)Oc1ccc(cc1)*,tg,175.0,230.9078268925654,,False
*c1c(nc2c(n1)cc(cc2)c1cc2c(nc(c(n2)c2cc(ccc2)*)c2ccccc2)cc1)c1ccccc1,tg,320.0,354.3085094134846,,False
*NC(=O)C(C(C(=O)NCCCC*)OC)OC,tg,100.0,102.59000280179608,99.6235580444336,True
*N1C(=O)c2c(C1=O)cc(cc2)C(c1cc2c(C(=O)N(C2=O)CC(=O)Nc2ccc(cc2)Oc2ccc(cc2)c2ccc(cc2)Oc2ccc(cc2)NC(=O)C*)cc1)(C(F)(F)F)C(F)(F)F,tg,245.0,244.93668650670404,253.6511993408203,True
*Oc1c(cc(cc1)OC(=O)c1c(cc(cc1)C(=O)*)Sc1ccccc1)c1ccccc1,tg,130.0,153.7654195319035,147.30567932128906,True
*Oc1ccc(cc1)NC(=O)c1ccc(cc1)Oc1ccc(cc1)C(c1ccc(cc1)C(c1ccc(cc1)Oc1ccc(cc1)C(=O)Nc1ccc(cc1)*)(C)C)(C)C,tg,174.0,171.24766846489285,,False
*OC(=O)C(=O)OCCCCCC*,tg,66.5,-1.9762518982448771,16.0871639251709,True
*Oc1ccc(cc1)Oc1ccc(cc1)NC(=O)c1ccc(cc1)Oc1c(cc(cc1)Oc1ccc(cc1)C(=O)Nc1ccc(cc1)*)C,tg,200.0,220.92190799653144,,False
*S(=O)(=O)C(C=CC*)C,tg,71.0,53.89982365875678,,False
*Oc1ccc(cc1)C1(c2ccccc2c2ccccc12)c1ccc(cc1)OC(=O)CCCCCCCCC(=O)*,tg,151.0,129.01042468662928,138.32554626464844,True
*c1cc2c(C(=O)N(C2=O)c2ccc(cc2)Oc2ccc(cc2)C(=O)c2nc(ccc2)C(=O)c2ccc(cc2)Oc2ccc(cc2)N2C(=O)c3c(C2=O)cc(cc3)C(=O)*)cc1,tg,314.5,218.17619084637832,245.7607421875,True
*Oc1ccc(cc1)C1(c2ccccc2c2ccccc12)c1ccc(cc1)Oc1ccc(cc1)C(=O)c1c(c(c(c(c1c1ccccc1)c1cc2c(cc1)cccc2)c1cc2c(cc1)cccc2)c1ccccc1)C(=O)c1ccc(cc1)*,tg,310.0,307.98486441072424,,False
*Oc1ccc(cc1)S(=O)(=O)c1cc2c(cc1)ccc(c2)S(=O)(=O)c1ccc(cc1)*,tg,250.0,226.0734789659215,293.0155944824219,True
*Oc1c2c(ccc1)ccc(c2)Oc1ccc(cc1)NC(=O)c1ccc(cc1)Oc1c(cccc1)Oc1ccc(cc1)C(=O)Nc1ccc(cc1)*,tg,180.0,194.62442864845275,,False
*Oc1ccc(cc1)NC(=O)c1cc(cc(c1)NC(=O)CCN1C(=O)c2c(C1=O)cccc2)C(=O)Nc1ccc(cc1)*,tg,240.0,231.54628388975308,,False
*Oc1ccc(cc1)C(c1ccc(cc1)OC(=O)c1ccc(cc1)C(c1ccc(cc1)C(=O)*)(C)C)(C)C,tg,227.5,194.30755049473063,,False
*OC(=O)/C=C/C(=O)OCCCC*,tg,93.0,29.891197917826492,73.44904327392578,True
*Oc1ccc(cc1)NC(=O)c1ccc(cc1)P(=O)(c1ccc(cc1)C(=O)Nc1ccc(cc1)*)c1ccccc1,tg,254.0,280.855802978304,,False
*N(CCC*)C(=O)C,tg,30.0,44.82611150786073,,False
*C(C*)c1ccc(cc1)COCCCCCC,tg,-20.0,6.516333792665026,-8.123127937316895,True
*C(C*)(CC(=O)Oc1ccccc1)C(=O)Oc1ccccc1,tg,132.0,116.10328763208668,118.47174835205078,True
*N1C(=O)c2c(C1=O)cc(cc2)Oc1cc2c(C(=O)N(C2=O)c2ccc(cc2)Oc2ccc(cc2)C(c2ccc(cc2)Oc2ccc(cc2)*)(C(F)(F)F)C(F)(F)F)cc1,tg,246.0,238.87706601593675,234.52442932128906,True
*c1cc2c(C(=O)N(C2=O)c2c(cc(c(c2C)N2C(=O)c3c(C2=O)cc(cc3)C(*)(C(F)(F)F)C(F)(F)F)C)C)cc1,tg,366.25,368.96958485515137,,False
*c1cc2c(C(=O)N(C2=O)c2ccc(cc2)Oc2c3c(ccc2)c(ccc3)Oc2ccc(cc2)N2C(=O)c3c(C2=O)cc(cc3)C(=O)Nc2ccc(cc2)c2sc(c(c2c2ccccc2)c2ccccc2)c2ccc(cc2)NC(=O)*)cc1,tg,340.0,296.050344625105,308.0526428222656,True
*c1cc2c(C(=O)N(C2=O)c2ccc(cc2)C(c2ccc(cc2)C(c2ccc(cc2)N2C(=O)c3c(C2=O)cc(cc3)C(=O)*)(C)C)(C)C)cc1,tg,323.4,294.52033317806314,,False
*N1C(=O)c2c(C1=O)cc(cc2)Oc1cc2c(cc1)cc(cc2)Oc1cc2c(C(=O)N(C2=O)c2ccc(cc2)Oc2ccc(cc2)c2ccc(cc2)Oc2ccc(cc2)*)cc1,tg,230.0,221.00519281001348,,False
*Oc1ccc(cc1)Oc1ccc(cc1)OCCCCCCOC(=O)OCCCCCOC(=O)OCCCCCC*,tg,-11.0,-10.239488338267195,-5.785044193267822,True
*N1C(=O)c2c(C1=O)cc(cc2)C(=O)Oc1ccc(cc1)OC(=O)c1cc2c(C(=O)N(C2=O)CCCOCCCCOCCC*)cc1,tg,56.0,75.12954847650722,,False
*c1cc2c(C(=O)N(C2=O)c2ccc(cc2)Oc2ccc(cc2)C2(c3c(C(=O)N2)cccc3)c2ccc(cc2)Oc2ccc(cc2)N2C(=O)c3c(C2=O)cc(cc3)C(=O)Nc2ccc(cc2)Oc2ccc(cc2)Oc2ccc(cc2)NC(=O)*)cc1,tg,300.0,303.69612481033874,288.47332763671875,True
*N=P(*)(Oc1cc(ccc1)C(F)(F)F)Oc1cc(ccc1)C(F)(F)F,tg,-35.0,16.428169352530894,19.618146896362305,True
*N1C(=O)c2c(C1=O)cc(cc2)c1cc2c(C(=O)N(C2=O)c2ccc(cc2)Cc2ccc(cc2)*)cc1,tg,298.0,291.2095914891293,331.8583068847656,True
*C(C*)C(=O)OC,tg,10.78,41.10645622966269,22.883508682250977,True
*N(CC*)C(=O)CCCC,tg,13.0,16.797230965943054,15.410690307617188,True
*c1oc(nn1)c1c(cc(cc1)c1oc(nn1)CN1C(=O)c2c(C1=O)cc(cc2)C(c1cc2c(C(=O)N(C2=O)C*)cc1)(C(F)(F)F)C(F)(F)F)Oc1ccccc1,tg,208.0,225.56915846195827,,False
*Oc1ccc(cc1)S(=O)(=O)c1ccc(cc1)Oc1ccc(cc1)C(=O)c1ccc(cc1)*,tg,201.67,190.14133307279204,,False
*c1cc2C(c3c(c2cc1)ccc(c3)c1ccc(cc1)c1c(c(cc(c1)c1ccc(cc1)OCC(CCCC)CC)c1ccc(cc1)*)c1ccc(cc1)OCC(CCCC)CC)(CCCCCC)CCCCCC,tg,110.0,122.11828006755673,,False
*C(C*)(C(=O)OCCO)C,tg,83.78,57.288571795565495,58.97676467895508,True
*C(C*)(c1ccc(cc1)C)C,tg,175.4,125.99085582183648,,False
*c1ccc2n(c3c(c2c1)cc(cc3)C=Cc1ccc(cc1)c1n(c(nn1)c1ccc(cc1)C=C*)c1ccccc1)CCCCCCCC,tg,147.0,151.735828399246,,False
*C(C*)(C(=O)OCCCCCCOc1ccc(cc1)C(=O)Oc1ccc(cc1)C#N)C,tg,43.0,41.463876138784634,48.826751708984375,True
*N1C(=O)c2c(C1=O)cc(cc2)Oc1ccc(cc1)Sc1ccc(cc1)Oc1cc2c(C(=O)N(C2=O)c2ccc(cc2)*)cc1,tg,230.67,246.00576854542024,,False
*SCCC(=O)NCCCCCCNC(=O)CC*,tg,20.5,25.031559961535415,,False
*Oc1c(cc(cc1)Oc1ccc(cc1)C(=O)c1ccc(cc1)C(=O)c1ccc(cc1)*)c1ccccc1,tg,166.0,159.1357209495969,,False
*Oc1cc(ccc1)Oc1cc(ccc1)OC(=O)*,tg,71.0,85.37310450502316,,False
*O[Si](O[Si](O[Si](*)(c1c(c(c(c(c1F)F)F)F)F)c1c(c(c(c(c1F)F)F)F)F)(C)C)(C)C,tg,-42.0,27.427871110602094,,False
*Nc1c(cccc1)CCc1c(cccc1)NC(=O)Nc1ccc(cc1)CCc1ccc(cc1)NC(=O)*,tg,235.0,179.58162092869773,217.47711181640625,True
*N1C(=O)c2c(C1=O)cc(cc2)Oc1cc2c(C(=O)N(C2=O)c2cc(ccc2)OCCOCCOCCOc2ccc(cc2)*)cc1,tg,107.0,137.45717282814542,149.88070678710938,True
*OC(=O)Nc1ccc(cc1)Cc1ccc(cc1)NC(=O)OCCN(CC*)CCCCCCOc1ccc(cc1)N=Nc1ccccc1,tg,44.0,77.19093026555691,82.37470245361328,True
*Nc1c2c(ccc1)c(ccc2)NC(=O)Nc1cc(cc(c1)C(=O)Nc1ccc2C(=O)c3c(C(=O)c2c1)cccc3)NC(=O)*,tg,178.0,227.75032976216949,,False
*OC(=O)c1ccc(cc1)N=Cc1c(cc(c(c1)OCCCCCC)C=Cc1c(cc(c(c1)OCCCCCC)C=Cc1c(cc(c(c1)OCCCCCC)C=Nc1ccc(cc1)C(=O)OCCCCOCCCCOCCCC*)OCCCCCC)OCCCCCC)OCCCCCC,tg,14.3,67.84570512118052,97.64803314208984,True
*N1C(=O)c2c(C1=O)c(ccc2)Oc1ccc(cc1)Oc1ccc(cc1)Oc1c2c(C(=O)N(C2=O)c2cc(ccc2)*)ccc1,tg,238.0,231.1926125664725,,False
*c1cc2c(C(=O)N(C2=O)c2ccc(cc2)C(c2ccc(cc2)N2C(=O)c3c(C2=O)cc(cc3)C(=O)*)(c2ccccc2)C(F)(F)F)cc1,tg,311.0,320.95667970116233,326.123779296875,True
*Oc1ccc(cc1)S(=O)(=O)c1ccc(cc1)Oc1ccc(cc1)C1(CCCCCC1)c1ccc(cc1)*,tg,247.0,212.02591754137435,229.1004638671875,True
*S(=O)(=O)c1ccc(cc1)NC(=O)CCCCCCCC(=O)Nc1ccc(cc1)*,tg,178.0,126.76699554219674,,False
*Oc1ccc(cc1)S(=O)c1ccc(cc1)Oc1ccc(cc1)C=NN=Cc1ccc(cc1)*,tg,151.0,176.32174480729796,,False
*OC(=O)c1ccc(cc1)C(=O)OCC*,tg,77.74,78.42899602052996,,False
*Oc1ccc(cc1)S(=O)(=O)c1ccc(cc1)Oc1ccc(cc1)C(c1ccc(cc1)*)(C)C,tg,183.86,189.22886536829776,200.3016357421875,True
*C(C*)OCCCCC,tg,-66.0,-63.3931511134119,,False
*OC(=O)NCCCCCCNC(=O)OCCCC*,tg,38.12,19.70544037337406,,False
*C(C*)(C(=O)OCCCCCCN1CCN(CC1)c1ccc(cc1)N=Nc1ccc(cc1)C#N)C,tg,77.0,80.03144021100393,,False
*C1(c2c(C(=O)O1)cccc2)c1c(cc(c(c1)C(C)C)Oc1ccc(cc1)S(=O)(=O)c1ccc(cc1)Oc1c(cc(c(c1)C)*)C(C)C)C,tg,230.0,244.8023073625992,257.1445007324219,True
*N1C(=O)c2c(C1=O)cc(cc2)Oc1cc2c(C(=O)N(C2=O)c2c(ccc(c2)C(c2cc(c(cc2)OCCN(c2ccc(cc2)C=CC2=CC(=C(C#N)C#N)CC(C2)(C)C)CC)*)(C(F)(F)F)C(F)(F)F)OCCN(c2ccc(cc2)C=CC2=CC(=C(C#N)C#N)CC(C2)(C)C)CC)cc1,tg,202.0,201.93829326417813,,False
*c1sc2c(n1)ccc(c2)c1ccc2c(sc(n2)CCCCCCCC*)c1,tg,238.0,117.4938008155366,,False
*c1nc2c(c(c1)c1ccc(cc1)Oc1ccc(cc1)c1cc(nc3c1cccc3)c1ccc(cc1)Oc1ccc(cc1)*)cccc2,tg,275.67,272.8544065837353,293.87725830078125,True
*OS(=O)(=O)c1ccc(cc1)*,tg,119.0,142.96638785159868,122.678955078125,True
*Oc1ccc(cc1)Oc1ccc(cc1)C(=O)c1c(c(c(c(c1c1ccc(cc1)F)c1ccc(cc1)F)c1ccc(cc1)F)c1ccc(cc1)F)C(=O)c1ccc(cc1)*,tg,266.0,257.1331275304519,,False
*Oc1c(cc(cc1)C(c1cc(c(cc1)OC(=O)c1ccc(cc1)C(=O)*)C(C)C)(C)C)C(C)C,tg,130.0,123.61480940887982,134.2750701904297,True
*N=P(*)(OCCc1ccccc1)OCCc1ccccc1,tg,-32.7,-20.6995709847299,,False
*OP(=O)(Oc1c(cc(cc1Br)C(c1cc(c(c(c1)Br)*)Br)(C(F)(F)F)C(F)(F)F)Br)Oc1ccc(cc1)Br,tg,152.0,146.41563267178697,140.53692626953125,True
*NC(=O)CCCCC(=O)NCCCP(=O)(CCC*)c1ccccc1,tg,55.0,52.32105003343063,,False
*OC(=O)CCC(=O)OCCCC*,tg,-22.65,-12.002130621034024,-40.28934860229492,True
*c1cc2c(C(=O)N(C2=O)c2cc(cc(c2)OCCCC)N2C(=O)c3c(C2=O)cc(cc3)C(=O)*)cc1,tg,244.0,246.66043620267217,255.47886657714844,True
*Oc1ccc(cc1)Oc1ccc(cc1)C=NCCCCCCCCCCCCN=Cc1ccc(cc1)*,tg,118.0,85.32252249062383,,False
*c1sc(c(c1c1ccccc1)c1ccccc1)c1ccc(cc1)CC(=O)Nc1ccc(cc1)c1ccc(cc1)NC(=O)Cc1ccc(cc1)*,tg,272.0,240.7971795516078,,False
*NC(=O)c1cc(ccc1)C(=O)NCCCC*,tg,141.0,156.64061173826806,,False
*Oc1ccc(cc1)Oc1ccc(cc1)C=NCCCCN=Cc1ccc(cc1)*,tg,105.0,107.13184397586018,122.29036712646484,True
*N1C(N2N(C1=O)C(N(C2=O)c1ccc(cc1)Oc1ccc(cc1)*)c1ccc(cc1)OC)c1ccc(cc1)OC,tg,163.0,210.5837034196461,165.85955810546875,True
*C(C*)(C(=O)OCCCCCCOc1ccc(cc1)C=Nc1ccc(cc1)C#N)C,tg,35.0,62.35792003810769,,False
*c1cc2c(C(=O)N(C2=O)c2cc(ccc2)C(c2cc(ccc2)N2C(=O)c3c(C2=O)cc(cc3)C(*)(C(F)(F)F)C(F)(F)F)(c2ccccc2)C(F)(F)F)cc1,tg,305.0,275.5326884256852,284.8448791503906,True
*c1ccc2n(c3c(c2c1)cc(cc3)c1cc2C(c3c(c2cc1)ccc(c3)*)(CCCCCC)CCCCCC)c1ccccc1,tg,170.0,158.2915095696883,,False
*CCCCOC(=O)NC1CCC(CC2CCC(NC(=O)O*)CC2)CC1,egc,6.1232,6.235986172238163,5.937187571828022,True
*CCCCCc1nnc(*)o1,egc,6.1707,6.15573460308643,,False
*C(OC(F)(F)F)C(*)(F)F,egc,8.5308,7.7792347934541075,,False
*C(F)(F)CC(F)(F)C(=O)*,egc,4.9534,6.5942239802398985,,False
*CCCCCCCCc1nc(-c2ccc(-c3csc(*)n3)cc2)cs1,egc,3.6182,3.744505492514085,4.2449497599523625,True
*CNC(=O)CC(=O)N*,egc,6.3692,5.680025940101035,5.730832413288748,True
*Oc1ccc(C(C)(C)c2ccc(OC(=O)SCCCSC(*)=O)cc2)cc1,egc,4.8294,4.538732290423842,4.328008703193701,True
*c1ccc(Oc2ccc(S(=O)(=O)c3ccc(Oc4ccc(-c5c6c(c(*)c7ccccc57)C(=O)N(c5ccccc5)C6=O)cc4)cc3)cc2)cc1,egc,3.4421,2.9717629214566856,2.7415669693230185,True
*Nc1ccc(Cc2ccc(NC(=O)c3cc(C(*)=O)cc(N4C(=O)C=CC4=O)c3)cc2)cc1,egc,2.1937,3.364818864302459,2.721560470475102,True
*OC(=O)C(CC(C)C)NC(=O)CCCCC(=O)NC(CC(C)C)C(=O)OC1COC2C(*)COC12,egc,5.6427,5.457121334402533,,False
*Oc1ccc(CC(NC(=O)Cc2ccc(OC(=O)CC(C)CCC(*)=O)cc2)C(=O)OCCCCCC)cc1,egc,4.8662,5.171836001393854,5.19752910705137,True
*CNC(=O)NCOC(=O)NCCCCCCNC(=O)O*,egc,6.3471,6.134925401866105,6.0927757227400985,True
*C(C=C1)=CC=C1C(S2)=CC=C2C(S3)=CC=C3C(S4)=CC=C4*,egc,2.0066,2.553902977865681,2.4544005437247107,True
*NC(C)C(*)=O,egc,6.0729,5.606028844945063,5.596960141070096,True
*OC(CC(*)=O)C1CO1,egc,6.757,5.9862761860260365,6.106837191093107,True
*Oc1ccc(C(C)=NCCN=C(C)c2ccc(*)cc2)cc1,egc,4.4026,3.659389314658503,3.782993928057855,True
*C(=O)C(O)c1ccc(*)s1,egc,4.0132,3.516384265179236,,False
*CC(*)c1cccc(C)c1,egc,5.185,4.200089067040132,,False
*CC(*)C(=O)OCCCSCC,egc,4.5768,4.7632921205280345,4.894235127857873,True
*CCCCCCCCNC(=O)CC(=O)N*,egc,6.004,5.875694323943549,,False
*CCOCCOCCOC(=O)c1cccc(C(=O)O*)c1,egc,4.9478,4.846150974523495,4.709133254437642,True
*C(=O)c1ccc2c(c1)C(=O)N(c1cc(C(=O)OC)cc(N3C(=O)c4ccc(*)cc4C3=O)c1)C2=O,egc,3.4437,3.0644955052380904,2.940636199225966,True
*CCCCCCCOc1ccc(C=CC=Cc2ccc(O*)c(C)c2)cc1C,egc,3.4306,3.3493933849267967,,False
*CCCCCCCCNC(=O)Cc1ccc(CC(=O)N*)cc1,egc,5.1086,5.149128587122518,,False
*CC(*)SCC,egc,4.9086,4.619946396278446,4.928164892969065,True
*C=C(*)c1ccc(C#C)cc1,egc,0.2378,0.6963601162129404,0.6298755541094804,True
*C1(C)CC(*)(C)C(=O)N(C)C1=O,egc,5.3373,5.206863923385684,,False
*NC(=S)C(C=C1)=CC=C1O*,egc,3.2939,2.992594149987666,,False
*C(=O)c1ccc2c(c1)C(=O)N(c1ccc(-c3nc(-c4ccccc4)nc(-c4ccc(N5C(=O)c6ccc(*)cc6C5=O)cc4)n3)cc1)C2=O,egc,2.8991,2.523191166373425,,False
*CC(=O)C(C=C1)=CC=C1C(C=C2)=CC=C2*,egc,3.9429,3.299391477678629,,False
*C=Cc1cccc(C=Cc2cc(*)ncn2)c1,egc,3.4013,2.95636302607992,,False
*c1cc(OCCCCCCC)c(*)s1,egc,1.6057,2.3940370876977166,,False
*c1cc(-n2c(=O)c3cc4c(=O)n(-c5ccc(-c6nnc(*)n6N)cc5)c(=O)c4cc3c2=O)c(-c2c(Cl)cccc2Cl)s1,egc,2.1911,1.9274857957152576,1.609753298821985,True
*CC(CO*)(CS(=O)(=O)CCCC)CS(=O)(=O)CCCC,egc,5.4465,5.529228977253061,5.593266579306771,True
*CCOC(=O)CCCCCC(=O)O*,egc,6.8822,6.67254383494161,,False
*NC(=O)NC(S1)=CC=C1*,egc,3.228,3.5605201997458775,,False
*c1nc(C)nc(N(CCCCCCN(*)c2ccccc2)c2ccccc2)n1,egc,3.751,3.70538221475478,4.233668078838568,True
*CCCCCCCCO*,egc,6.1709,6.256641704232369,,False
*CCOC(=O)C1C2C=CC(C2)C1C(=O)O*,egc,5.7779,5.224195006882894,,False
*c1ccc2c(c1)SC1(CCC3(CC1)Nc1ccc(*)cc1S3)N2,egc,3.8947,3.160316416988094,,False
*NC(CC(*)=O)C(=O)OCCCCCCCC,egc,5.5889,6.004399203967729,5.961563274304639,True
*Oc1ccc(Oc2ccc(C=NCCCCN=Cc3ccc(*)cc3)cc2)cc1,egc,4.1246,4.092417994657077,4.1345167612038605,True
*CNC(S1)=CC=C1C(=S)*,egc,2.4271,2.9064171906167893,,False
*O[Si](c1ccccc1)(c1ccccc1)c1cccc(*)c1,egc,4.6928,4.259008820455182,4.524747668664987,True
*C(S1)=CC=C1C(S2)=CC=C2C(S3)=CC=C3O*,egc,2.5408,2.702043094431646,,False
*CCCCCCCCCCCCCCCCCCCCOC(=O)CC(=O)O*,egc,6.2688,6.487925489070914,6.417878775372481,True
*CCCOC(=O)CCCCCCCCCCC(=O)O*,egc,6.5126,6.692144007738457,,False
*Oc1cccc(NC(=O)c2ccc(*)cc2)c1,egc,4.3679,4.109898722658609,,False
*CC1CCC(COC(=O)CCCCCCCCCCC(=O)O*)CC1,egc,6.723,6.59329006164285,6.596200670553898,True
*OC(C)CCOC(=O)CCCCCCCCCCC(*)=O,egc,6.742,6.583622337025606,6.483339129300476,True
*CCCCCCCCOC(=O)CC=CCC(=O)O*,egc,6.197,5.923694061015905,,False
*C=Cc1ccc2c(c1)Sc1cc(*)ccc1N2CCCCCCCC,egc,2.6367,2.984953210595829,,False
*CCCCCCCCCCOC(=O)CCCC(=O)O*,egc,6.7292,6.648710753006379,6.595161184420901,True
*CCCCCCCCCCCCCCCCCCNC(=O)NCCCCCCCCCCNC(=O)N*,egc,5.6443,5.667884486067867,,False
*c1cc(CCOC(=O)C(C)Br)c(*)s1,egc,2.3659,2.782005018362392,2.679698484687396,True
*CCCOC(=O)O*,egc,7.1953,7.1715076206548645,7.12425956236244,True
*OC(C)(CC(*)=O)C(F)(F)F,egc,6.2535,6.642674225873307,,False
*NNC(=O)c1cccc(C(=O)NNC(=S)c2cccc(C(*)=S)c2)c1,egc,3.2068,3.13570432359643,3.602451222331821,True
*c1ccc(-c2cc(C(=O)OCCCCCCCCCCCC)c(*)s2)s1,egc,2.5061,1.9219707529840575,2.0283612055017914,True
*NNC(=S)c1ccc(C(*)=S)cc1,egc,3.4154,2.016366865926399,,False
*c1ccc(C(=O)c2ccc(-n3c(=O)c4cc5c(=O)n(*)c(=O)c5cc4c3=O)cc2)cc1,egc,2.9955,2.622227925909558,,False
*Oc1ccc(C=Nc2ccc(N=Cc3ccc(*)cc3)cc2)cc1,egc,2.8416,2.950904935281889,,False
*CCCCCOCO*,egc,6.5668,6.324604730433086,6.346886681930511,True
*CCNC(=O)CCCCCCCCCCCCCCCCC(=O)N*,egc,5.9348,5.865119599692754,5.843908025514486,True
*OC(C)CCOC(=O)CC(*)=O,egc,6.8752,6.242472386895152,,False
*CCOCCOCCOC(=O)CCC(=O)O*,egc,6.2323,6.327409323591524,,False
*c1cc(CCCCCCOC(=O)COc2ccccc2)c(*)s1,egc,2.6531,2.8701201838383956,,False
*CC(*)(C)C(=O)OCCOCCO,egc,5.7449,6.171279954401931,5.666723186276661,True
*Cc1cccc(CNC(=O)C2=C(C(=O)N*)C3C=CC2C3)c1,egc,3.5629,3.795768079525848,4.681924664710285,True
*CCCCCCCCCCOC(=O)C(=O)O*,egc,5.4658,5.619436730554388,,False
*c1ccc(-c2ccc(N3C(=O)c4ccc(-c5cccc6c5C(=O)N(*)C6=O)cc4C3=O)c(C)c2)cc1C,egc,2.9133,2.758746853340279,,False
*C(=O)c1ccc2c(c1)C(=O)N(c1cc(-c3nc4ccccc4s3)cc(N3C(=O)c4ccc(*)cc4C3=O)c1)C2=O,egc,2.5125,2.712527536114859,,False
*CC(*)(CF)C(=O)OC,egc,6.854,6.3808501243885045,,False
*c1cc(CCCCBr)c(*)s1,egc,2.5458,2.576176268241282,2.374640114164451,True
*CCOC(=O)NCCSCCCCSCCNC(=O)O*,egc,5.1396,5.187108201889452,,False
*c1ccc(*)c(O)c1,egc,5.0734,3.854042481364143,,False
*C([2H])=C(*)[2H],egc,1.4005,2.32821352905627,,False
*CCCCCCCCCCOC(=O)CC(C)(C)CC(=O)O*,egc,6.7584,6.38755442936255,6.401934680138561,True
*C(=O)C(S1)=CC=C1C(C=C2)=CC=C2C(S3)=CC=C3*,egc,2.5282,2.6195178174358564,,False
*CCCCOC(=O)c1cccc(C(=O)O*)c1,egc,5.1711,5.042651869864632,4.7955400287710965,True
*Oc1ccc(C2(c3ccc(OC(=O)CCCCCCCCC(*)=O)cc3)c3ccccc3Cc3ccccc32)cc1,egc,4.6067,4.196033505641765,4.2950579076940105,True
*CC(*)C(=O)OCC(F)(F)C(F)(F)C(F)(F)C(F)(F)F,egc,6.3101,6.44941551447813,,False
*CC(CC(*)(C#N)C#N)c1ccc(CCl)cc1,egc,5.4178,4.962938819230966,,False
*CCOC(=O)NCCCOCCCNC(=O)O*,egc,6.238,6.202084599620785,,False
*c1ccc(Oc2ccc(C(=O)c3ccc(Oc4ccc(-c5cc(*)[nH]n5)cc4)cc3)cc2)cc1,egc,3.5958,2.9417872801301335,3.474970995710292,True
*CC(*)C(=O)O,egc,6.7889,6.464444889880724,,False
*Oc1c(C)cc(*)cc1C,egc,4.5265,4.601531991380261,4.885921648846744,True
*CCC(F)(F)C(*)(F)Cl,egc,7.738,6.6073886048655135,8.064528501004544,True
*C1C(=O)OC(=O)C1C1C2CC(C(=O)OC3CCCCC3)C(C2)C1*,egc,6.0803,5.769030954113311,,False
*c1ccc(C(CCCCCCCC)c2ccc(-n3c(=O)c4cc5c(=O)n(*)c(=O)c5cc4c3=O)cc2)cc1,egc,2.4696,2.5610106104638013,2.6444488322390254,True
*Oc1cc(OC(=O)c2ccc(C=Nc3ccc(OCCCCCCOc4ccc(N=Cc5ccc(C(*)=O)cc5)cc4F)c(F)c3)cc2)c(Cl)cc1Cl,egc,2.9795,3.312553263632163,,False
*c1ccc(Oc2cccc3c(Oc4ccc(-n5c(=O)c6cc7c(=O)n(*)c(=O)c7cc6c5=O)cc4)cccc23)cc1,egc,1.8659,2.143103054751354,,False
*Nc1c(Cl)cc(*)cc1Cl,egc,4.3983,3.77338585376056,4.050871075125288,True
*c1cc(CCCCCCCC)c(*)[nH]1,egc,2.9335,3.0053966975483477,,False
*NC(CC(*)=O)C(=O)OCCCCCC,egc,6.1077,5.865628759468251,,False
*NC(C)(CCC)CC(*)=O,egc,6.1134,5.788020341571193,,False
*CC1CCC(COC(=O)CCCCCCCC(=O)O*)CC1,egc,6.8523,6.6355778638738085,,False
*CCSCCO*,egc,5.5968,5.073192679359977,5.19761998049174,True
*CCC1CC(*)C2C3CC(C12)C(C)(C(=O)OC)C3,egc,6.4636,5.870634530169809,5.965537058005198,True
*C1=C2OCCOC2=C(c2sc(-c3sc(*)c4c3OCCO4)c3c2OCCO3)S1(=O)=O,egc,2.0121,2.145825979957214,1.5940622315958954,True
*C(=O)c1ccc(N=Nc2ccc(C(=O)N3C(=O)N(*)C(CC)(CC)C3=O)cc2)cc1,egc,3.6611,3.0972519520809585,3.1733623254141268,True
*C=Cc1cc(OC)c(C=Cc2ccc(*)s2)cc1OC,egc,1.7107,2.681854416797771,2.2752059217487917,True
*C(=O)N(*)CCCCCCCCC=C,egc,5.1782,5.397411337670515,,False
*C(=O)NCCCCCCNC(=O)c1cc(O)cc(*)n1,egc,4.8984,4.0602071986169035,4.7367094334720665,True
*C*,egc,6.8972,5.3225623000067985,,False
*CNCN*,egc,5.1634,5.4202869633065305,,False
*Oc1ccc(CC(NC(=O)CCc2ccc(OC(=O)CCCCCCC(*)=O)cc2)C(=O)OCC(C)C)cc1,egc,5.1444,4.933849523225763,,False
*CC(*)C(=O)N(O)c1ccc(C)cc1,egc,4.2873,4.118825333208292,,False
*c1ccc(-c2ccc(-n3c(=O)c4cc5c(=O)n(*)c(=O)c5cc4c3=O)cc2OC(F)(F)F)c(OC(F)(F)F)c1,egc,2.7837,2.4408073859304857,,False
*CCCCCCCc1nnc(-c2ccc(-c3nnc(*)o3)cc2)o1,egc,3.843,4.35949093963201,4.194672351293248,True
*CCCC(CCNC(=O)c1ccc(C(=O)N*)cc1)C(C)C,egc,4.6978,4.710303811654213,,False
*c1cc(C)c(-c2c(C)cc(N3C(=O)c4ccc(-c5ccc6c(c5)C(=O)N(*)C6=O)cc4C3=O)cc2C)c(C)c1,egc,3.1002,2.8325824785561284,,False
*C([2H])([2H])C(*)(C(=O)OC([2H])([2H])C([2H])([2H])[2H])C([2H])([2H])[2H],egc,6.3862,6.384480922631254,6.431145983824131,True
*C=CC1CC(*)C(C#N)(CC)C1,egc,6.1381,5.7865642797084,,False
*CCCCCCCCCCCCOC(=O)NCc1ccc(CNC(=O)O*)cc1,egc,5.664,5.3293925763929195,5.439977113251998,True
*CC(S1)=CC=C1OC(S2)=CC=C2*,egc,4.6308,4.3753677472467025,,False
*CC(F)(F)C(F)(F)C(F)(F)C(F)(F)COC(=O)O*,egc,7.7624,6.963759182367709,,False
*Nc1ccc(*)cc1Cl,egc,4.3667,3.427250437265396,,False
*C=Cc1cc([Si](C)(C)C)c(*)cc1[Si](C)(C)C,egc,2.2084,3.1047292162543116,,False
*c1ccc(Cc2ccc(N3C(=O)N(*)C3=O)cc2)cc1,egc,4.1662,4.1151843699163315,,False
*CCCCCNC(=O)CCCCCCCCOCCCCCCCCC(=O)NCCCCCO*,egc,5.9278,5.685840738354678,,False
*C#CC(CO)=C(*)n1c2ccccc2c2ccccc21,egc,1.5113,2.1259001248048013,2.4355228463844147,True
*C(=O)Oc1ccc2ccc(OC(=O)c3ccc4c(c3)C(=O)N(c3ccc(Oc5ccc(N6C(=O)c7ccc(*)cc7C6=O)cc5)cc3)C4=O)cc2c1,egc,2.5688,2.6419081892100524,2.5276979124870764,True
*c1ccc(Cc2ccc(N3C(=O)C(=O)N(*)C3=O)cc2)cc1,egc,3.5238,3.782930343628731,,False
*C(=O)Nc1nc(C#N)c(*)n1C,egc,4.1864,3.5819704215967803,,False
*C=C(*)c1ccc([N+](=O)[O-])cc1,egc,0.7984,1.5180718175310493,,False
*NC(CCC(=O)OCCCCCCCC)C(*)=O,egc,5.9976,5.741303557355025,,False
*CC(*)C(=O)NCCC(F)(F)C(F)(F)C(F)(F)C(F)(F)C(F)(F)C(F)(F)C(F)(F)C(F)(F)F,egc,5.7478,6.147876503986218,,False
*Oc6ccc(Oc5ccc(OC(=O)c4ccc(C3(c1ccc(C(*)=O)cc1)OC(=O)c2ccccc23)cc4)cc5)cc6,egc,3.6172,3.819247167884757,3.7638180657028117,True
*CC(*)(F)C(=O)OCC(F)(F)C(F)(F)C(F)(F)F,egc,6.7366,6.548208829256038,6.4346672319629565,True
*Oc1ccc(Oc2ccc(OC(*)=O)cc2)cc1,egc,4.7541,4.679158069952305,,False
*/C=C\C(C#N)C*,egc,5.3057,4.729368276585714,,False
*c1ccc2c(c1)c1cc(*)ccc1n2C(=O)NO,egc,3.8619,3.6692244128645695,,False
*Oc1ccc(C(C)(C)c2ccc(OC(=O)c3ccc(C(*)=O)cc3)c(C(C)C)c2)cc1C(C)C,egc,3.2409,3.8703231951172654,,False
*Oc1ccc(C(*)=O)cc1,egc,4.5225,4.360448564689616,4.3980017465870995,True
*CCCCCCNC(=O)C(=O)N*,egc,5.1495,5.440274919695781,5.054802882043956,True
*CNCO*,egc,5.5885,6.034669238474218,5.743351505758666,True
*c1cc(OCCOC)c(*)s1,egc,1.6015,2.019575354851637,,False
*Oc1c(C)cc(N=Nc2ccc(C(*)=O)cc2)cc1C,egc,3.7116,3.186159522011477,,False
*Nc1cc(OCC)c(*)cc1OCC,egc,3.3635,3.817454457522645,,False
*c1cccc(-c2nnc(*)n2-c2ccccc2)c1,egc,3.947,3.437528469915381,,False
*CC(S1)=CC=C1C(C=C2)=CC=C2C(=S)*,egc,2.7134,2.833655472128015,,False
*CC(*)OC(=O)C(F)(F)C(F)(F)C(F)(F)F,egc,6.4207,6.51902606473984,,False
*Oc1ccc(Oc2ccc(C(=O)c3ccc(*)cc3)cc2)cc1C(=O)O,egc,3.6534,3.679603428564615,,False
*OC(CC)CC(*)=O,egc,6.4081,6.544828869444344,6.3927794840174474,True
*C1=CC=C(c2sc(-c3sc(*)c4c3OCCO4)c3c2OCCO3)S1(=O)=O,egc,1.7929,1.7908399088443123,,False
*N=NNc1ccc(NN=Nc2ccc(*)cc2)cc1,egc,1.9731,3.201465316684219,2.8334452713131646,True
*CC(=O)NCCCCCCNC(=O)COC(=O)CCC(=O)O*,egc,5.663,5.761326297565728,,False
*CC(CS(=O)(=O)CC)O*,egc,5.3436,5.637066524034456,,False
*c1cc(COCCCCCCCCOc2ccc(-c3ccc(OC)cc3)cc2)c(*)s1,egc,2.6611,2.6793146308023847,,False
*C(F)(F)C(F)(F)CO*,egc,8.1009,7.944465581473192,,False
*Nc1ccc(NC(=O)CCCCC(*)=O)cc1,egc,4.5219,4.379034338113301,,False
*CCOCC(=O)O*,egc,5.8983,6.310407426390892,6.424168671802971,True
*C=Nc1cccc(N=Cc2ccc(Sc3ccc(*)o3)o2)c1,egc,2.8126,3.0322835621714916,2.6979636096443,True
*C(=O)c1ccc2c(c1)C(=O)N(c1ccc(-c3ccc(N4C(=O)c5ccc(*)cc5C4=O)cc3C)c(C)c1)C2=O,egc,2.8033,2.6673237146545095,2.509376712764662,True
*c1ccc(-c2cc(CCCCCCCCCF)c(*)s2)s1,egc,1.9235,1.927918312647911,,False
*C=CC(C(=O)OC(C)C)C(*)C(=O)OC(C)C,egc,5.3094,5.39709417501733,,False
*c1ccc(-c2ccc(N3C(=O)c4ccc(-c5ccc6c(c5)C(=O)N(*)C6=O)cc4C3=O)c(C)c2)cc1C,egc,2.83,3.0994254217335,,False
*OC1CCC(OC(=O)CCC(*)=O)CC1,egc,6.4253,6.500079975439415,,False
*C(=O)c1ccc2c(c1)C(=O)N(c1cc(OCCCCCCCC)cc(N3C(=O)c4ccc(*)cc4C3=O)c1)C2=O,egc,2.6342,2.8747982883118506,2.7708000624941436,True
*CCC=C(*)Cl,egc,5.461,4.811337892057715,,False
*CCCCc1nc2cc3nc(*)[nH]c3cc2[nH]1,egc,4.4637,4.061745819962344,,False
*CCCCCCCCCCCCNC(=O)c1cccc(C(=O)N*)c1,egc,4.8693,5.0517708941927575,,False
*C(F)(F)C(=S)C(F)(F)O*,egc,2.9412,3.736758722279809,,False
*c1ccc(C(c2ccccc2)(c2ccc(N3C(=O)c4ccc(Oc5ccc6c(c5)C(=O)N(*)C6=O)cc4C3=O)cc2)C(F)(F)F)cc1,egc,3.2662,3.2446762156830524,3.1342213617935983,True
*CCC(Cl)C(*)C,egc,6.7613,6.827365818374717,,False
*OC(=O)C=CC(=O)OC1COC2C(*)COC12,egc,4.1943,5.250242347751761,,False
*CC1CC(CNC(=O)c2cccc(C(=O)N*)c2)CC(C(C)(C)C)C1,egc,4.8842,4.710952423067683,4.801323524036463,True
*CCNC(=O)CCCCCCCCC(=O)N*,egc,5.9828,5.822194325007435,5.862456341673142,True
*CC(*)c1cccs1,egc,1.7879,4.190024265136299,,False
*c1nc(-c2ccccc2)nc(N(*)C)n1,egc,4.2966,4.191920065596898,4.327937567077778,True
*CCCCOC(=O)Nc1ccc(C)c(NC(=O)O*)c1,egc,4.832,5.0993805541415576,5.12881995857023,True
*CCCCCCCCNC(=O)NCCCCCCNC(=O)N*,egc,5.7995,5.775943054926327,,False
*CCCCCNC(=O)c1cccc(C(=O)N*)c1,egc,4.9725,4.977418297290675,,False
*c1ccc(-c2ccc(-c3nc4ccc(-c5ccc6nc(*)c(-c7ccccc7)nc6c5)cc4nc3-c3ccccc3)cc2)cc1,egc,2.8449,3.1405667838107214,,False
*CC(*)C(=O)c1ccc(Br)c(OC)c1,egc,3.8338,4.1415417035629085,3.604968590745641,True
*CCOC(=O)NCCSCCSCCNC(=O)O*,egc,5.2808,5.251836002816895,5.239208572515685,True
*CC(*)c1ccc2c(c1)OCO2,egc,4.4057,3.8644539811391208,,False
*Oc1ccc(NC(=O)c2ccc(Oc3ccc(C(=O)Nc4ccc(*)cc4)c(C(=O)O)c3)cc2C(=O)O)cc1,egc,3.3446,3.2350820721640705,,False
*CCC(C)(C)CC(C)CNC(=O)CCCCC(=O)N*,egc,5.8095,5.459813346114919,5.691458207205185,True
*C(F)(F)NC(F)(F)C(S1)=CC=C1*,egc,4.586,4.513487895296226,,False
*CC(*)n1ccnc1,egc,4.8897,4.25796245494102,,False
*CCCCCCCCNC(=O)CCCCCCCCCCCCC(=O)N*,egc,5.9612,5.917349033437177,,False
*c1cccc(-c2nc3cc(-c4ccc5nc(*)c(-c6ccccc6)nc5c4)ccc3nc2-c2ccccc2)c1,egc,3.3649,2.994844280793417,,False
*Oc1ccc(C(=O)c2ccc(OC(=O)OC3C(C)(C)C(OC(*)=O)C3(C)C)cc2)cc1,egc,4.4802,4.325317860401629,,False
*c1cc(OCCOCCOC)c(-c2sc(*)c3c2OCCO3)s1,egc,2.2046,1.4262562143848183,1.5411378223767325,True
*C(=O)Nc1ccc(Oc2ccc(NC(=O)c3ccc4c(c3)C(=O)N(c3ccc(S(=O)(=O)c5ccc(N6C(=O)c7ccc(*)cc7C6=O)cc5)cc3)C4=O)cc2)cc1,egc,2.7174,2.7891333661633655,2.565399100186714,True
*CC(*)C1CCCCC1C,egc,6.4889,6.285988969293148,,False
*CCCCCCCCCCCCCCCCCCCCOC(=O)CCCCSCCCCC(=O)O*,egc,5.0235,5.33181368625867,5.727397508518263,True
*c1ccc(Oc2ccccc2Oc2ccc(-n3c(=O)c4cc5c(=O)n(*)c(=O)c5cc4c3=O)cc2)cc1,egc,2.1614,2.2113708404898067,2.1848063153803277,True
*CCN(*)C(=O)c1ccc(F)c(F)c1,egc,5.106,4.434514109545521,,False
*CC(=O)Nc1ccc(Oc2cccc(NC(=O)CN3C(=O)c4ccc(C(=O)c5ccc6c(c5)C(=O)N(*)C6=O)cc4C3=O)c2)cc1,egc,2.0094,2.9969409559254223,,False
*c1cccc(*)c1N,egc,3.8845,4.106327892845537,,False
*CCCCCCn1cc2c(n1)C(=O)c1cn(*)nc1C2=O,egc,4.1587,3.7129500525344814,3.964699333089719,True
*Cc1c(C)c(C)c(CNC(=O)CCCCCC(C)CC(=O)N*)c(C)c1C,egc,5.3395,4.374389922636141,4.946870099494285,True
*CCC(=O)OCCOC(=O)CCN1CCN(*)CC1,egc,5.0863,5.461816800206535,5.270879640682156,True
*NC1CCC(CC2CCC(NC(=O)CCCCCCCCCCC(*)=O)CC2)CC1,egc,5.7012,5.735119310788516,5.646202976134829,True
*C(C=C1)=CC=C1C(C=C2)=CC=C2C(C=C3)=CC=C3C(S4)=CC=C4*,egc,2.8936,2.7613923557393094,,False
*CCCCCCNC(=O)C(CCCCCCCCCCCCCCC)C(=O)N*,egc,5.9375,5.913176792617563,,False
*OC(*)CCCCC,egc,6.039,6.155775268632413,,False
*Oc1ccc(S(=O)(=O)c2ccc(Oc3ccc(C4(c5ccc(*)cc5)CCCCC4)cc3)cc2)cc1,egc,3.9696,4.014072761106273,,False
*C=CCCCC(Cl)CCC*,egc,5.737,5.881720699931243,5.7955654248692765,True
*CC(O)COc1cccc(O*)c1,egc,5.2018,4.92608695667441,,False
*CCOCCOCCOC(=O)NCCCCCCNC(=O)O*,egc,6.2098,5.9295369212089435,5.956013570220544,True
*CC(*)C(=O)OCC(C)C,egc,6.1261,6.315574353709219,,False
*NC(Cc1c[nH]c2ccccc12)C(*)=O,egc,4.3631,3.740679723848482,4.548306528082812,True
*c1cc(N=Nc2ccc(C#N)cc2)cc(*)c1O,egc,2.4223,2.6985881074306555,,False
*CC(*)OC(=O)c1cccc(Br)c1,egc,4.2289,4.303359568703718,,False
*CC(C=C1)=CC=C1C(S2)=CC=C2C(S3)=CC=C3*,egc,3.2138,3.0872864994583415,,False
*Nc1ccc(NC(=O)c2ccc(NC(=O)c3cc(NC(=O)C45CC6CC(CC(C6)C4)C5)cc(C(*)=O)c3)cc2)cc1,egc,3.1839,3.386979124513928,,False
*CC(*)Cl,egc,7.0905,6.082542689194141,,False
*Oc1ccc(C(*)=O)cc1Cl,egc,4.5769,4.189143464742709,4.349605472606364,True
*CC(*)(C)C(=O)OCC(F)(F)C(F)F,egc,6.3988,6.512096035271149,,False
*CCC(C=C1)=CC=C1O*,egc,4.9179,4.5865798255666155,,False
*c1ccc2cc(*)n(C(C(=O)NO)n3ccc4ccccc43)c2c1,egc,3.8694,3.383912389992156,,False
*CCCCCCOC(=O)CCCCCNC(=O)O*,egc,6.4222,6.424083312159428,,False
*Oc1cccc(OC(=O)c2cccc(C(*)=O)c2)c1,egc,4.1279,4.404869412575725,,False
*CC(*)OC(C)=O,egc,6.8523,6.002523080932626,,False
*c1ccc2c(c1)c1cc(*)ccc1n2CC,egc,3.4703,3.5513384733917275,,False
*CC(=O)CC(C=C1)=CC=C1*,egc,4.4305,4.774910991715365,4.614533401574412,True
*c1ccc2c(c1)c1cc(*)ccc1n2C=C,egc,3.4876,3.001855205122505,3.3033687682171693,True
*CCOC(=O)NCCCC(CCNC(=O)O*)OC,egc,5.8395,6.249577002650135,6.0147375885572725,True
*CCNC(=O)C(OC)C(OC)C(=O)N*,egc,5.4257,5.758732515047761,,False
*NC(=S)C(S1)=CC=C1O*,egc,3.2187,3.200787282749319,,False
*CCCCCCCCCCCCNC(=O)NCCCCCCNC(=O)N*,egc,5.7649,5.764439959821509,,False
*c1ccc(Oc2ccc(Oc3ccc(-n4c(=O)c5cc6c(=O)n(*)c(=O)c6cc5c4=O)cc3)cc2C(C)(C)C)cc1,egc,1.9644,2.12347468894442,2.1270173205778966,True
*OC1(C)CC(C)(C)C(C)(N2CCCC(*)C2)C1C,egc,4.6138,4.768169842929278,,False
*CC(*)(C)C(=O)OCc1ccc2c(c1)c1ccccc1n2CC,egc,3.4735,3.4280568658819788,,False
*CCCC1CCN(C(=O)SSCCCCSSC(=O)N2CCC(*)CC2)CC1,egc,5.001,4.322713973241133,3.8272913207689387,True
*OC(C=C1)=CC=C1C(=O)C(S2)=CC=C2C(=O)NOC(=O)*,egc,3.9191,3.631691498439777,,False
*CC(*)C(=O)NCC,egc,5.2246,5.670246981937775,5.2428764443104905,True
*c1ccc(-c2nc3cc(-c4ccc5oc(*)nc5c4)ccc3o2)cc1,egc,3.1145,3.0234538618515785,3.107627011752564,True
*c1ccc(-c2ccc(-c3nc4ccc(Oc5ccc6nc(*)c(-c7ccccc7)c(-c7ccccc7)c6c5)cc4c(-c4ccccc4)c3-c3ccccc3)cc2)cc1,egc,3.3136,3.394937210178489,,False
*CCCCCCCCCCC(=O)NCCCCCCNC(=O)CCCO*,egc,6.0291,5.899743128933134,,False
*CCCCCCCCCCC(=O)N(*)C,egc,5.7405,5.765781525356089,5.715034511725981,True
*OP(=O)(Oc1ccccc1)Oc1ccc(-c2ccc(*)cc2)cc1,egc,4.631,4.3046027075859525,,False
*c1ccc2c(c1)C(=O)N(c1ccc(Oc3ccc(N4C(=O)c5ccc(C(F)(F)C(F)(F)C(F)(F)C(F)(F)C(F)(F)C(F)(F)C(F)(F)C(*)(F)F)cc5C4=O)cc3)cc1)C2=O,egc,2.6011,2.892668141620549,,False
*Oc1c(C)cc(-c2cc(C)c(OC(=O)CCCCCC(*)=O)c(C)c2)cc1C,egc,4.7241,4.142329402789547,4.528050223402555,True
*OC(CC)(CC)C(*)=O,egc,6.0873,6.152061975751011,,False
*COCOc1ccc(C(=O)OC(=O)c2ccc(O*)cc2)cc1,egc,4.4493,4.472864907488727,4.375009977741473,True
*c1cc(-c2ccccc2)c(*)[nH]1,egc,2.9521,3.2722306405854074,3.233715381933962,True
*c1ccc(-c2nc(-c3ccc(-c4nc(*)sc4C(=O)O)cc3)c(C(=O)O)s2)cc1,egc,3.4119,2.837220736862378,3.1301899458079734,True
*CC(C#N)(C#N)C(C#N)C(C#N)(C#N)*,egc,7.111,6.2731188705771075,6.431078658644982,True
*C(=O)OC1CCC(OC(=O)N2CC(C)N(*)CC2C)CC1,egc,5.8738,5.610429398979863,5.951509040075516,True
*CCC(C#N)CC(C)=C(*)C,egc,5.2759,5.041335636301496,,False
*C(=O)c1ccc2c(c1)C(=O)N(c1ccc(C(c3ccccc3)(c3ccc(N4C(=O)c5ccc(*)cc5C4=O)cc3)C(F)(F)F)cc1)C2=O,egc,2.9448,2.855215453725067,2.818136851676637,True
*CC(*)C(=O)NCCC,egc,6.0177,5.419947549757423,5.327570427060343,True
*c1ccc(C(c2ccc(-c3nc4ccc(-c5ccc6nc(*)oc6c5)cc4o3)cc2)(C(F)(F)F)C(F)(F)F)cc1,egc,3.2022,3.3425063428303283,3.4638308095089316,True
*c1ccc2nc(*)sc2c1,egc,2.966,3.616586532293797,,False
*CC(C)(CO*)COCCCCCCCCCCOc1ccc(-c2ccc(C#N)cc2)cc1,egc,4.0117,4.231408420797346,,False
*OC(=O)CCSCCC(*)=O,egc,4.6003,5.036057877028953,5.304004667297028,True
*OC(=O)CCS(=O)(=O)CCS(=O)(=O)CCC(*)=O,egc,6.2137,5.8226577885423145,,False
*CC(=O)C(=S)C(=O)*,egc,1.9995,2.3239767344388036,,False
*CC(=O)OCCCCCCOC(=O)Cn1c(=O)c2cc3c(=O)n(*)c(=O)c3cc2c1=O,egc,3.6832,3.456978731413612,3.400582936124064,True
*c1cc(CC(=O)OCCCCCCCC)c(*)[nH]1,egc,3.192,3.417346918493726,,False
*O[Si](C)(C)O[Si](C)(C)O[Si](C)(C)OC(C)CCC(*)C,egc,6.3039,5.134572613795265,,False
*OC(=O)OCCOCCOCCOCCOC(=O)OC1COC2C(*)COC12,egc,6.2534,6.1904889391729165,,False
*c1ccc(-n2ccc(-c3cccc(-c4ccn(*)n4)c3)n2)cc1,egc,3.7316,3.1902283330094345,3.5491732222202406,True
*OC(C)COC(=O)c1cccc(C(*)=O)c1,egc,5.0391,4.848442929408818,,False
*CCCCCCCCCC(=O)O*,egc,6.6843,6.686919267883753,,False
*CCN(CCOC(=O)C=Cc1ccc(C=CC(=O)O*)cc1)c1ccc(N=Nc2ccc([N+](=O)[O-])cc2)cc1,egc,2.3089,2.9622186787398768,,False
*CC(*)CC(C)C,egc,6.7394,6.30396255079614,6.165073885993579,True
*OC1CC(C)CC(*)O1,egc,6.2631,6.469639006727172,,False
*C(=O)Nc1ccc(NC(=O)c2ccc3c(c2)C(=O)N(c2ccc(S(=O)(=O)c4ccc(N5C(=O)c6ccc(*)cc6C5=O)cc4)cc2)C3=O)cc1,egc,2.7403,2.999969435152549,,False
*OC(=O)Oc1ccc(C(=O)Oc2ccc(OC(=O)OC3COC4C(*)COC34)cc2)cc1,egc,4.4189,4.295076980218617,5.079356539573024,True
*Oc1ccc2cc(C(*)=O)ccc2c1Br,egc,3.7175,3.961085931846617,,False
*c1sc(*)c2c1OCC(CCCCS(=O)(=O)O)O2,egc,2.1668,3.0100538715912486,,False
*CC(*)(C#N)C(=O)OC,egc,6.7385,6.428717923929955,,False
*NC(C=C1)=CC=C1C(C=C2)=CC=C2C(S3)=CC=C3*,egc,2.8401,3.100533415257767,3.1900939853701575,True
*CCCCOC(=O)SSSC(=O)O*,egc,3.9747,4.564399179208585,5.166010918254518,True
*CCOCCOCCOC(=O)CSC(=O)Nc1ccc(C)c(NC(=O)SCC(=O)O*)c1,egc,4.461,4.333816700160931,,False
*Nc1cc(NC(=O)Nc2ccc(NC(*)=O)cc2)cc(C(=O)Nc2cccc3c2C(=O)c2ccccc2C3=O)c1,egc,2.5826,3.067560499951977,,False
C13C(C=*)OC(C=*)C1C(=O)N(C2=CC=CC(C(F)(F)F)=C2)C3=O,egc,5.0879,5.401966932774992,,False
*C(C=C1)=CC=C1C(S2)=CC=C2C(=S)C(S3)=CC=C3*,egc,2.0866,2.310557777939198,2.1029771081008146,True
*C=CC1CC(*)C(C#N)(CCC)C1,egc,6.0806,6.250339205958791,,False
*CC1CC(*)OC(CCC)O1,egc,6.3958,6.273915988379607,6.062326282059393,True
*C(=O)c1ccc2c(c1)C(=O)N(c1ccc(OCCOCCOc3ccc(N4C(=O)c5ccc(*)cc5C4=O)cc3)cc1)C2=O,egc,2.4449,2.5164573155548777,,False
*NC(=O)OC(=S)*,egc,3.8869,4.007937583192295,3.3904532318880216,True
*CC(S1)=CC=C1CC(S2)=CC=C2*,egc,4.626,3.720597698265319,,False
*CCCCCCOCO*,egc,6.7419,6.3147040387923665,,False
*CC(=O)NCCCCCCNC(=O)COC(=O)CCCCCCC(=O)O*,egc,5.9354,5.890092696458243,5.855021674599141,True
*CC(CCl)(CBr)COC(=O)CCCCC(=O)O*,egc,6.6998,6.167299406757686,6.497778032005751,True
*CCOC(=O)NC1CCC(NC(=O)O*)CC1,egc,6.3209,6.295310902169665,6.022846097643227,True
*CCC(=O)OCCCC=CCCCOC(=O)CCC1NC(=O)C(*)NC1=O,egc,5.8952,5.301448963310274,5.572497649167444,True
*OC(=O)c1ccc(CCCc2ccc(C(*)=O)cc2)cc1,egc,4.5456,4.650602483931956,,False
*CC(F)(F)C(F)(F)C(F)(F)COC(=O)NCCCCCCNC(=O)O*,egc,6.3766,6.337714607889321,,False
*Oc1ccc(OC(=O)c2ccc(C(*)=O)cc2)cc1C(F)(F)F,egc,3.9148,4.005711364343472,,False
*NC(CCCNC(=O)c1ccc(Cl)cc1)C(*)=O,egc,3.4369,4.677931590756763,,False
*N=Nc1ccc(-c2ccc(*)c(C)c2)cc1C,egc,2.1369,3.3259465292756345,,False
*Cc1ccc(COC(=O)CCCC(=O)O*)cc1,egc,5.4521,5.55270685546708,,False
*c1ccc(-n2c(=O)c3cc4c(=O)n(*)c(=O)c4cc3c2=O)c(C)c1,egc,2.9393,2.719777353206277,,False
*c1cc(C)c(*)cn1,egc,5.1074,4.64562805050805,4.675045721329613,True
*CCCCCCCCCCOC(=O)Nc1ccc(C)c(NC(=O)O*)c1,egc,5.0994,4.941990647159637,5.090271849890101,True
*CC(CSC(C)C)O*,egc,4.8245,4.959875095032882,,False
*c1ccc(-c2ccc(N3C(=O)c4ccc(Oc5ccc6c(c5)C(=O)N(*)C6=O)cc4C3=O)cc2)cc1,egc,3.0187,2.907905457045894,2.89187068296433,True
*NC(CC(N)=O)C(*)=O,egc,5.5305,5.606592817704768,5.325666847191116,True
*CCCCCCCCCCCCc1nc2cc3sc(*)nc3cc2s1,egc,4.2887,4.140159306828829,,False
*c1cccc(-c2nc3cc(-c4ccc5oc(*)nc5c4)ccc3o2)c1,egc,3.5152,3.147951652137524,3.1513721023491974,True
*CCCCCCOC(=O)C(=O)O*,egc,5.9794,5.562955395476254,,False
*Oc1c(Cl)cc(*)cc1Cl,egc,4.3426,4.483701246191983,,False
*C(=O)C(S1)=CC=C1C(=O)C(S2)=CC=C2*,egc,2.966,2.6733684605533057,2.3948113640729223,True
*CCCCCC(=O)NCCCCCCNC(=O)CCCCO*,egc,5.8874,5.870153096841843,,False
*C=CC1CC(*)C2C3CCC(C3)C12,egc,5.1047,5.701124003932473,5.816895405354751,True
*CCCCCNC(=O)N*,egc,5.6754,5.945416530435685,,False
*CCCCCCCCCNC(=O)CCCCCCCCCC(=O)N*,egc,5.9794,5.819557960620531,5.887997223524426,True
*Oc1ccc(C2(c3ccc(Oc4nc(*)nc(OC)n4)cc3)CCCCC2)cc1,egc,4.6483,4.4519503810878005,4.215632277235949,True
*CC(C)(C)COC(=O)C(=O)O*,egc,4.957,5.939932810476261,5.926050522460647,True
*c1ccc(Oc2cccc(Oc3ccc(-n4c(=O)c5cc6c(=O)n(*)c(=O)c6cc5c4=O)cc3)c2C#N)cc1,egc,2.6202,2.076596559081547,,False
*CCCCCOC(=O)NC(=O)C1CC1C(=O)NC(=O)O*,egc,6.0047,5.972422341358437,5.905537148126613,True
*Oc7ccc(C6(c3ccc(OC(=O)c2ccc(c1ccc(C(*)=O)cc1)cc2)cc3)c4ccccc4c5ccccc56)cc7,egc,3.4473,3.4396970438857735,3.1462329658417487,True
*c1ccc(Oc2ccc(-c3nc4cc(-c5ccc6nc(*)c(-c7ccccc7)nc6c5)ccc4nc3-c3ccccc3)cc2)cc1,egc,2.9993,3.062168700923514,3.1521966578361744,True
*NC(CCC(=O)OCCCl)C(*)=O,egc,5.9169,5.678668667956007,,False
*Nc1ccc(Nc2ccc(*)cc2)cc1C(=O)O,egc,2.6737,3.3985598399488883,3.4551761323896786,True
*COC(=O)OCC1OC(C)(C)OC1*,egc,6.6512,6.744437956513679,,False
*CCCCCOC(=O)NCCSCCCCSCCNC(=O)O*,egc,5.2673,5.234683649593698,,False
*Oc1ccc(OC(=O)c2ccc(C(*)=O)cc2)cc1C1CC2CCC1C2,egc,3.8597,3.553076922513835,3.5470842058271694,True
*CC(*)OC(=O)C(F)(F)F,egc,6.7842,6.244582675540133,6.224738563181035,True
*Nc1ccc(*)cc1CCCCCCCCCCCCCCC,egc,3.3286,3.868560099552609,,False
*CNC(C=C1)=CC=C1O*,egc,4.3424,4.017984707716516,4.515792030744174,True
*c1cc(COCCCCCCCCOc2ccc(-c3ccc(C#N)cc3)cc2)c(*)s1,egc,2.9654,2.4962193256908676,2.598998107560341,True
*C(=O)NNC(=O)c1cccc(C(=O)NNC(=O)c2ccc(*)nc2)c1,egc,3.8367,3.7599979379205255,3.768675443706329,True
*CC(C)(C)C1C(=O)N(c2ccccc2C)C(=O)C1*,egc,4.8214,4.5610420434593255,5.224707771348771,True
*CCCOC(=O)N1CCC(*)CC1,egc,5.7499,5.640441695865312,,False
*c1cccc(-c2nc3ccc(-c4ccc5nc(*)oc5c4)cc3o2)c1,egc,3.2965,3.1787540395602414,3.063163765115542,True
*CC#CCOC(=O)NCCCCCCNC(=O)O*,egc,6.3946,5.872019800833851,,False
*CC(*)OC(=O)CC,egc,6.5454,6.287582785324328,6.489614890815601,True
*c1ccc(*)c2nc(CC)c(CC)nc12,egc,3.3743,3.766469635715611,,False
*NNC(=O)c1ccc([Si](c2ccccc2)(c2ccccc2)c2ccc(C(*)=O)cc2)cc1,egc,4.754,3.8683546049824344,4.184350380283008,True
*CC(F)(F)C(F)(F)C(F)(F)C(F)(F)COC(=O)CCCC(=O)O*,egc,7.0209,6.656459852442896,,False
*C#CC=C*,egc,1.1342,2.617095876577842,,False
*CC(*)C(=O)OCF,egc,6.4866,6.30906797028543,6.404178028392352,True
*CCN[Si](C)(C)N*,egc,4.8016,5.381185295512728,5.099494886025417,True
*Oc1ccc(C(=O)c2cccc(C(=O)c3ccc(*)cc3)c2)cc1,egc,3.9576,3.807504315273885,,False
*CCCCCCNC(=O)CCCCCCCCCCC(=O)N*,egc,5.7224,5.839802055840494,,False
*Nc1ccc(*)c2ccccc12,egc,2.8917,3.6260710009400903,,False
*CCCCNC(=O)CCCCCCCCCCCCCCC(=O)N*,egc,6.0415,5.886828932935148,,False
*c1ccc(-c2ccc(N3C(=O)c4ccc(Oc5ccc6c(c5)C(=O)N(*)C6=O)cc4C3=O)cc2C)c(C)c1,egc,3.2926,3.02307008702229,2.8786484316929757,True
*OC1CCC(OC(=O)CCCCCCCCC(*)=O)CC1,egc,6.4612,6.558788181827976,,False
c1(*)cc(c2cc1)N=C(N2(C(c2(c3))=O))c1c2c(c4(c3))c(cc1)CN(C4=N2)c(c2cc(c1)(*))c1,egc,2.3866,2.495776411573146,2.1645052737224235,True
*Nc1ccc(*)cc1F,egc,3.5047,3.6542066774426623,3.7750340415118666,True
*Oc1ccc2cc(Oc3ccc(C(=O)c4ccc(*)cc4)cc3)ccc2c1,egc,3.634,3.5798127151765105,3.8683379009979975,True
*C=Cc1ccc(*)s1,egc,2.7814,2.7080770482040912,,False
*c1ccc(-c2ccc3nc4oc5cc6[nH]c7nc8cc(*)ccc8nc7nc-6[nH]c=5n-4ccc3c2)cc1,egc,1.9579,1.981506768910366,,False
*Nc1ccc(-c2ccc(*)cc2)c(C)c1,egc,3.3791,3.545122982199887,,False
*c1cc(CCCS(=O)(=O)O)c(*)s1,egc,3.3298,2.687739319559219,2.752195309201029,True
*Nc1ccc(NC(=O)c2c(F)c(F)c(C(*)=O)c(F)c2F)cc1,egc,3.3309,3.4078827060577495,,False
*COC(C=C1)=CC=C1O*,egc,4.8731,4.443923063223864,4.873793398407654,True
*c1cccc(-c2nc3cc(-c4ccc5nc(*)c(-c6ccc7ccccc7c6)nc5c4)ccc3nc2-c2ccc3ccccc3c2)c1,egc,3.0367,2.947264541601251,2.989403495369347,True
*CCCCCC[N+](C)(C)CCC[N+](*)(C)C,egc,0.2161,0.9872284800905246,,False
*c1ccc(Oc2ccc(-n3c(=O)c4cc5c(=O)n(*)c(=O)c5cc4c3=O)cc2-c2ccccc2)cc1,egc,2.1739,2.3159188275042233,2.1268495787961825,True
*CCCC(C)CCC(=O)O*,egc,6.54,6.67015814130711,,False
*Cc1ccc(COC(=O)CCCCCCCCC(=O)O*)cc1,egc,5.2222,5.558461349208728,,False
*CCCCCCCOC(=O)NCCCCCCNC(=O)O*,egc,6.2664,6.322197545591384,,False
*c1ccc(-c2nc3cc4nc(*)oc4cc3o2)c(O)c1,egc,2.5896,3.0758942476632196,,False
*C(=O)C(C=C1)=CC=C1C(=O)C(=S)*,egc,2.994,2.852570217405475,,False
*Oc1cc(Br)cc(Br)c1*,egc,4.3897,4.170499792223676,3.97745857063575,True
*CC(*)n1c(C)c(C)c2ccccc21,egc,2.733,3.7520193769986303,4.448800374444577,True
*CC(CBr)(CBr)CO*,egc,5.993,5.771346762838305,5.700089924257547,True
*CCCNC(=O)CCCCCCCC(=O)NCCCNC(=O)C(=O)N*,egc,4.7768,5.161677886295806,5.4230431139742095,True
*c1cc(CCCC(F)(F)C(F)(F)C(F)(F)C(F)(F)F)c(*)s1,egc,2.4769,2.9386818017754197,,False
*CCCCCCCCCNC(=O)CCCCCCCCC(=O)N*,egc,5.6744,5.905383966197075,,False
*CCCCCCCCCOc1ccc(C=CC=Cc2ccc(O*)c(C)c2)cc1C,egc,3.4115,3.40000956037466,,False
*OC(CCl)COC(=O)C1=C(C(=O)OCC(CCl)OC(=O)c2ccc(C(*)=O)cc2)C2C=CC1C2,egc,3.8265,3.642406375014649,,False
*CCCCCCCCC(=O)N*,egc,6.101,5.953899847550189,,False
*c1ccc(Oc2ccc(-n3c(=O)c4c(Oc5ccc(OC)cc5)c5c(=O)n(*)c(=O)c5c(Oc5ccc(OC)cc5)c4c3=O)cc2)cc1,egc,1.9559,2.0616171921831277,,False
*c1ccc(-c2ccc(-c3ccc(-c4nc5cc6sc(*)nc6cc5s4)cc3)c(-c3ccccc3)c2-c2ccccc2)cc1,egc,3.1992,2.895520586949432,2.880626033751376,True
*CCCCCCCCCCC(Cl)C(*)Cl,egc,7.2165,6.775570660903011,6.834279191047237,True
*CC1CC1COC(=O)NC1CC1NC(=O)O*,egc,6.5515,6.191332858619217,,False
*c1ccc(-c2ccc(-c3cc(-c4ccccc4)c4cc5c(-c6ccccc6)cc(*)nc5cc4n3)cc2)cc1,egc,2.8216,2.8818755679201034,,False
*C(C=C1)=CC=C1OC(S2)=CC=C2O*,egc,4.6798,4.085985610865396,4.22971029490153,True
*N=P(*)(Cl)Cl,egc,3.9556,3.4417714573254923,,False
*CCCCCCCCOC(=O)c1cccc(C(=O)O*)c1,egc,5.1133,5.009136553863524,,False
*OP(=O)(Oc1cccc2c(*)cccc12)OC1CCCCC1,egc,4.0777,4.084209297567909,4.6637456028727655,True
*c1cc(OCCOCCOC)c(*)s1,egc,1.6389,1.8747553556446883,,False
*c1ccc(-c2cc(CCCCCCBr)c(*)s2)s1,egc,1.9133,1.9960646907767996,,False
*CC1CCC(COC(=O)C(=O)O*)CC1,egc,5.4765,5.594498907690711,,False
*CC(*)OC(=O)CCCCC,egc,6.3448,6.358863764841459,6.442701279185609,True
*Oc1ccc(C(=O)OCCCCOC(=O)c2ccc(*)cc2)cc1,egc,4.5398,4.457376998984347,,False
*OC(=O)CCCCCCCCC(*)=O,egc,5.9944,6.404992506854821,6.420289714526361,True
*CC(*)C(=O)OCC,egc,6.2551,6.368503066284347,6.291291033691846,True
*CCCOC(=O)COCC(=O)O*,egc,6.0368,6.321127055392224,,False
*Cc1cccc(*)c1O,egc,4.4656,4.500967422984785,,False
*CCOCCOC(=O)NCCCCCCNC(=O)O*,egc,6.0376,6.169096669754588,,False
*CCOCCOCCOCCOCCOc1ccc(C=C(C)c2ccc(O*)cc2)cc1,egc,3.9391,3.635742359605602,,False
*C(=O)NCCCCCCCCNC(=O)c1cncc(*)c1,egc,4.7551,4.780006215905807,,False
*CCCCCNC(=O)CCCCCC(=O)N*,egc,5.9272,5.936767098953833,,False
*CC(*)C(=O)NC(C)CC,egc,5.3154,5.615322613076617,5.495253609753074,True
*CCOC(=O)Nc1c(C)c(C)c(NC(=O)O*)c(C)c1C,egc,5.3419,4.78058111412803,,False
*CC(CC)(CC)COC(=O)CCC(=O)O*,egc,6.5001,6.283514769596866,,False
*CCCCCC(*)CCCCCCCCCCCCCC,egc,6.895,6.696886398719876,,False
*OC(=O)c1ccc(CCc2ccc(C(*)=O)cc2)cc1,egc,4.4852,4.338840043146859,4.377946701347976,True
*c1ccc2oc(*)nc2c1,egc,3.9774,3.805806584372751,,False
*CC(=O)C(S1)=CC=C1C(S2)=CC=C2*,egc,2.8653,2.723395642177227,,False
*CC(C)(C)C1CC=C(*)CC1,egc,5.4516,5.246399929274456,,False
*Oc1ccc(NC(=O)NC2CC(C)(C)CC(C)(CNC(=O)Nc3ccc(*)cc3)C2)cc1,egc,4.2227,4.457075074311461,,False
*CC(*)c1ccc2ccccc2c1,egc,3.6351,3.4346507555914556,,False
*CC(CCl)(CCl)C(=O)O*,egc,6.551,6.336699661821984,,False
*C(=O)Nc1ccc(NC(=O)c2ccc3[nH]c(-c4cc(-c5nc6cc(*)ccc6[nH]5)cc(N5C(=O)c6ccccc6C5=O)c4)nc3c2)cc1,egc,2.3407,2.890117204246858,,False
*Sc1ccc(Nc2ccc(Nc3ccc(Nc4ccc(*)cc4)cc3)cc2)cc1,egc,3.2757,3.484205329795816,,False
*C(=O)C(C=C1)=CC=C1C(C=C2)=CC=C2C(C=C3)=CC=C3*,egc,3.3319,3.472763526777014,,False
*CC(=O)NCCCCCCNC(=O)COc1ccc(O*)cc1,egc,4.6023,4.831903288267017,5.00791822491911,True
*CC(*)N,egc,5.222,6.0645948919343695,6.3919828426002825,True
*c1sc(*)c(OCCCC)c1OC,egc,3.2859,2.218921845442821,2.331045738132512,True
*CC(*)c1cc(C)ccc1C,egc,4.9137,4.776340298020337,,False
*C=CC(C)C(*)C(=O)OCC(C)C,egc,5.4659,5.548725001679604,,False
*c1ccc(-c2ccc(-c3ccc(-n4c(=O)c5cc6c(=O)n(*)c(=O)c6cc5c4=O)cc3)cc2)cc1,egc,2.1515,2.3783566410719064,2.339225925517445,True
*CCCCCC(=O)NCCOC(=O)CCCCC(=O)O*,egc,6.3289,6.298173895266214,6.271613973284363,True
*C(=O)C(C)NC(=O)CNC(=O)C1CCCN1*,egc,5.7716,5.467784399263727,,False
*CCCCOC(=O)C1CCC(C(=O)O*)CC1,egc,6.3839,6.704417269000063,6.503253691029979,True
*Oc1ccc(-c2ccc(N=Nc3ccc(C(*)=O)cc3)cc2)cc1,egc,3.5627,3.035870740793395,,False
*C=C(*)c1cccc([Si](C)(C)C)c1,egc,0.7366,2.7814322277632155,,False
*Nc1ccc(NC(=O)c2cc(NC(=O)c3ccc(NC(=O)C(C)N4C(=O)c5ccccc5C4=O)cc3)cc(C(*)=O)c2)cc1C,egc,2.319,2.807449201850318,,False
*Nc1cc(NC(=O)c2ccccc2C(*)=O)cc(-c2nnc(-c3ccccn3)o2)c1,egc,3.5021,3.1927961019398556,,False
*C(=O)C(C=C1)=CC=C1C(C=C2)=CC=C2C(S3)=CC=C3*,egc,2.8474,3.0218203470535663,,False
*CC1(CO*)CC2C=CC1C2,egc,5.6096,5.311739860901216,,False
*C(=O)OCCCCOC(=O)N1CCN(*)CC1,egc,5.8653,6.039054237377478,,False
*CCCCCCCCCCOC(=O)CCCCCC(=O)O*,egc,6.771,6.6985984651742365,6.648885608484209,True
*c1ccc(S(=O)(=O)c2ccc(N3C(=O)c4ccc(Oc5ccc(Oc6ccc7c(c6)C(=O)N(*)C7=O)cc5)cc4C3=O)cc2)cc1,egc,3.2399,3.0555373938903263,,False
*Oc1c(Cl)cc(NC(=O)NCCCCCCNC(*)=O)cc1Cl,egc,4.9474,4.719565369480095,,False
*OC1CCC(OC(=O)OCCCCCCOC(*)=O)CC1,egc,7.1086,6.749989744248713,,False
*CC(=O)OC(=O)c1ccc(O*)cc1Br,egc,4.4665,4.62965348392526,4.479625783112078,True
*C(F)(F)C(F)(F)C(=O)C(C=C1)=CC=C1*,egc,4.443,4.404393840212631,,False
*C(F)(F)C(F)(F)C(=O)C(S1)=CC=C1*,egc,3.8794,3.3147611992156043,3.2419019210881785,True
*C(=O)OCCCCCCCCCCCCOC(=O)c1ccc(N2C(=O)c3ccc(*)cc3C2=O)cc1,egc,3.2472,3.4592927048438944,,False
*c1ccc(*)n1C(C)C(=O)OC,egc,2.9894,2.9631393734274236,,False
*OC(=O)CCSCCSCCC(*)=O,egc,4.6742,4.827559119648947,,False
*OC(C)COC(=O)C1CCC(C(*)=O)CC1,egc,6.3027,6.4800599043507505,,False
*CCCCCCCCCCCOC(=O)c1ccc2cc(C(=O)O*)ccc2c1,egc,3.7387,4.312527564823612,,False
*NC(=O)C(C=C1)=CC=C1C(=S)*,egc,2.8785,2.7222681901929224,2.433962829515391,True
*CCCCCCCCCCCCCCCCCCCCOC(=O)C(=O)O*,egc,5.2426,5.745821234617947,,False
*Oc1ccc(C2(c3ccc(OC(=O)c4ccc(C(*)=O)cc4)cc3)CC3CC2C2CCCC32)cc1,egc,3.4323,3.7434652555186054,,False
*NC(C)C(C)(C)C(*)=O,egc,5.5547,5.577050322471067,,False
*NC(=O)C(=S)C(=O)*,egc,1.0075,2.26254123859122,2.1528144235806255,True
*CCOC(=O)CCC(C)CC(=O)O*,egc,6.6742,6.703909602143658,,False
*CC(CCl)(CCl)COC(=O)c1cccc(C(=O)O*)c1,egc,4.938,4.9080229744847195,,False
*CCCCCCCC(=O)OCC1COC(*)O1,egc,6.6417,6.570102577039148,6.493892775762234,True
*c1ccc(Oc2ccc3ccc(Oc4ccc(-n5c(=O)c6cc7c(=O)n(*)c(=O)c7cc6c5=O)cc4)cc3c2)cc1,egc,2.1074,2.0104594922270453,2.12649474139131,True
*C=CC1CC(*)C(C#N)(C[Si](C)(C)C)C1,egc,5.6706,5.35780041135413,5.603451288678709,True
*c1ccc(Cc2ccc(N3C(=O)c4ccc([Si](C)(C)c5ccc6c(c5)C(=O)N(*)C6=O)cc4C3=O)cc2)cc1,egc,2.9801,2.779482196638589,,False
*C=Cc1csc(-c2cc(*)cs2)c1,egc,3.0335,2.6161877623585696,2.6094542388557547,True
*Oc1ccc(Nc2ccc(C(=O)c3ccc(C(=O)c4ccc(Nc5ccc(*)cc5)cc4)cc3)cc2)cc1,egc,2.99,3.4272828528474144,2.9783726176873464,True
*Nc1ccc(-c2ccc(NC(=O)c3cc(C(*)=O)cc(S(=O)(=O)c4ccccc4)c3)cc2)cc1,egc,3.1781,3.175177584627226,,False
*OC1CCC(C2CCC(OC(=O)CCCCCCCCC(*)=O)CC2)CC1,egc,6.3469,6.424340462290573,6.405336151561565,True
*CCOC(=O)Nc1ccc(-c2ccc(NC(=O)O*)c(C)c2)cc1C,egc,4.3385,4.1732403915051455,4.05261569120886,True
*CCCCCCNC(=O)C(CCCCCCCCCCCCCCCC)C(=O)N*,egc,6.0328,5.8381872231176635,5.839204592754152,True
*NNC(=O)c1ccc(C(=O)NNC(=O)CCCCC(*)=O)cc1,egc,4.3653,4.34349877403712,,False
*C=CC(C*)(C(F)(F)F)C(F)(F)F,egc,6.1653,5.644985084047857,,False
*C(F)(F)C(F)(F)C(S1)=CC=C1O*,egc,4.1725,4.7742652276697735,,False
*NC(C=C1)=CC=C1C(C=C2)=CC=C2C(C=C3)=CC=C3*,egc,3.4269,3.3424466205328787,3.2570927060483865,True
*CCCCCn1c(=O)c2ccc3c4ccc5c(=O)n(*)c(=O)c6ccc(c7ccc(c1=O)c2c37)c4c56,egc,1.9902,3.329568320755689,,False
*NNC(=O)CCC(=O)NNC(=O)CCCCC(*)=O,egc,5.7153,5.3632674876002495,5.1585928916734645,True
*Oc1ccc(OC(=O)c2cc(OCCCCCCCCCCCC)c(C(*)=O)cc2OCCCCCCCCCCCC)cc1,egc,3.2519,3.723708312030422,,False
*CCCCCCCCCCCCNC(=O)C(=O)N*,egc,5.7269,5.202263836917621,,False
*Nc1c(C)c(C)c(C(=O)c2ccc(NC(=O)c3ccc(C(*)=O)cc3)cc2)c(C)c1C,egc,3.4801,3.372484362250647,,False
*Oc1c(C)cc(C(C)(C)c2cc(C)c(OC(*)=O)c(C)c2)cc1C,egc,5.1025,4.982823621264527,5.019972482708354,True
*OC(CC(*)=O)C(C)C,egc,6.7353,6.335176292041955,6.44605934939602,True
*OC(=O)CSCCSCC(*)=O,egc,4.3837,4.93988685964451,,False
*C(=O)c1ccc2c(c1)C(=O)N(c1ccc(Oc3cccc(N4C(=O)c5ccc(*)cc5C4=O)c3)cc1)C2=O,egc,2.4357,2.6655607940923,,False
*CCCCCCCCCC#CC#CCCCCCCCCCOC(=O)CCCCCCCCC(=O)O*,egc,5.4028,6.113678650151979,,False
*NC(S1)=CC=C1C(S2)=CC=C2C(=S)*,egc,2.0192,2.1334098747446606,,False
*c1ccc(-c2ccc(-c3cc(SCCCC)c(*)s3)cc2)cc1,egc,2.8499,2.872193055476245,2.972084176288309,True
*C1C=CC(*)CC1,egc,5.6051,6.073513964740322,,False
*c1ccc(Oc2cc(C(C)(C)C)ccc2Oc2ccc(-n3c(=O)c4cc5c(=O)n(*)c(=O)c5cc4c3=O)cc2)cc1,egc,2.2831,2.137525808810248,,False
*CCCCCCCCOC(=O)NCCCCCCCCCCNC(=O)O*,egc,6.1384,6.245706554905617,,False
*c1cc(-n2c(=O)c3cc4c(=O)n(*)c(=O)c4cc3c2=O)c(O)cc1O,egc,2.8367,2.6279385971719087,,False
*NC(=O)OC(S1)=CC=C1*,egc,3.8172,4.094494460137283,,False
*c1ccc(C(=O)c2ccc(-n3nc(-c4ccc(Oc5ccc(-c6nn(*)c(=O)c7ccccc67)cc5)cc4)c4ccccc4c3=O)cc2)cc1,egc,3.4719,3.1645208493415944,3.303029174601924,True
*Nc1cccc(C#Cc2cccc(C(*)=O)c2)c1,egc,3.7438,3.0049285799159455,,False
*Cc1ccc(COC(=O)CC(=O)O*)cc1,egc,5.5783,5.392210138179178,,False
*C=Cc1ccc(*)c(C(=O)OC)c1C(=O)OC,egc,4.11,3.7061105649608046,,False
*CC(*)Cn1cc2ccccc2n1,egc,3.9074,3.7482201195086944,3.839827233364619,True
*CC(=S)C(C=C1)=CC=C1C(=S)*,egc,1.5353,2.0589617112012406,,False
*CC(*)C(=O)Oc1ccc(C#N)cc1,egc,4.6366,3.958031978184512,,False
*CCCCCCCCCCNC(=O)CCP(C)(=O)CCC(=O)N*,egc,5.8056,5.6789058634480405,,False
*c1ccc(Oc2ccc(C(=O)c3ccc(Oc4ccc(-n5c(=O)c6cc7c(=O)n(*)c(=O)c7cc6c5=O)cc4)cc3)cc2)cc1,egc,2.395,2.2268051252809737,,False
*CNC(=O)CCCCCCCCC(=O)N*,egc,6.1742,5.94217586750464,,False
*NC(CC(*)=O)C(=O)OCC(C)C,egc,6.1208,6.00605260083557,6.019790187516792,True
*Nc1nc(*)nc(-c2ccccc2)n1,egc,4.2193,4.181182464900174,,False
*CC(*)c1nc(C)nc(C)n1,egc,5.2445,5.142393834431669,,False
*CC(=O)C(S1)=CC=C1C(C=C2)=CC=C2*,egc,3.4067,3.264466011812035,3.396760333589769,True
*CC1CCC(CNC(=O)CCCCCCCC(=O)N*)CC1,egc,5.7062,5.883162379469404,,False
*C(=NCCCCCC)N(*)CCCCCC,egc,4.3588,4.743709321043444,,False
*c1sc(*)c2ccccc12,egc,1.8359,2.469356061170659,2.2215197183871864,True
*c1ccc(Oc2ccc3c(c2)C(=O)N(*)C3=O)cc1,egc,3.4303,3.764723325105864,,False
*C=CC(C*)C(C)CC,egc,4.9643,5.5861962000653,5.6069520752204705,True
*CC1CCC(COC(C)OC(=O)c2cccc(C(=O)OC(C)O*)c2)CC1,egc,4.9396,4.1652913554279225,5.248788260093755,True
*NC(C)C(=O)NC(CCC(=O)OCC)C(=O)NCC(*)=O,egc,5.3361,5.745132209855998,,False
*C=CCC(C)(CC*)C(=O)OC,egc,5.4945,5.817984683575637,,False
*CC1CCC(COC(=O)O*)CC1,egc,6.8655,6.952761858835366,,False
*CCOCC(=O)NCCNC(=O)CO*,egc,5.9751,5.768098137327448,,False
*c1ccc(Oc2ccc(-c3nc4cc5sc(*)nc5cc4s3)cc2)cc1,egc,3.2878,3.0655181518832335,,False
*CCCCCCCCCCCCCNC(=O)CCCCCCCCCCCC(=O)N*,egc,5.8961,5.83783601622514,5.939466268185368,True
*NNC(=O)c1cccc(C(*)=O)c1,egc,5.0927,4.6781470960246905,5.0033255603716915,True
*Oc1ccc(NC(=O)c2cc(NC(=O)c3ccncc3)cc(C(=O)Nc3ccc(*)cc3)c2)cc1,egc,3.2858,3.2848153869202084,,False
*CCCC(Cl)C(*)Cl,egc,6.8622,6.820153693250512,,False
*OC(*)C(Cl)Cl,egc,6.5565,6.311534370399664,6.236506002262277,True
*CC(*)C(=O)OC(OCC)C(F)(F)F,egc,6.3353,6.38540154222849,6.203254673324734,True
*CCOCCOC(=O)C(=O)O*,egc,5.9165,5.658625860335434,,False
*CCOC(=O)c1ccc(C2(C)CC(C)(C)c3ccc(C(=O)O*)cc32)cc1,egc,4.3486,4.2750083852946545,3.9020693185667623,True
*C(=O)c1cccc(C(=O)N(C)c2cccc(N(*)C)c2)c1,egc,4.4341,3.4835615839860155,3.8792985445304935,True
*Oc1ccc(C(=O)OCCCOC(=O)c2ccc(OC(=O)c3ccc(C(*)=O)cc3)cc2)cc1,egc,4.0079,3.97303484731154,,False
*c1cc(CCCCCCCCCCCC)c(-c2sc(*)c3c2OCCO3)s1,egc,2.3785,1.535288536760562,,False
*Oc1ccc(Oc2ccc(C(=O)c3ccc(*)cc3)cc2)cc1CC#N,egc,4.0183,3.742826359389214,3.792527658787346,True
*C(C=C1)=CC=C1C(=S)OC(=S)*,egc,2.8098,3.0434375564933585,3.0131455578446147,True
*CCCCCCNC(=O)N*,egc,5.7413,5.7828657302841435,5.646134047337522,True
*CC1CCC(CNC(=O)c2cccc(C(=O)N*)c2)CC1,egc,4.9032,4.8718342920341575,,False
*OC(*)C=C,egc,6.1637,5.400990779061886,,False
*CCCCCCNC(=O)CCCC(=O)O*,egc,5.9363,6.156756580905399,,False
*CCOC(=O)C1CCC(C(=O)O*)CC1,egc,6.5843,6.4757850438241595,,False
*CCOCCOC(=O)c1ccc(NC=Nc2ccc(C(=O)O*)cc2)cc1,egc,4.1569,3.645754610191524,,False
*CC(COc1ccc(Cl)cc1)O*,egc,4.8901,4.8375570962875445,4.676698019185143,True
*OC(c1ccco1)C(C)(C)C(*)=O,egc,5.4574,4.80282406634176,,False
*Oc1ccc(NC(=C(C#N)C#N)c2ccc3cc(C(Nc4ccc(*)cc4)=C(C#N)C#N)ccc3c2)cc1,egc,2.9429,2.620900736319592,,False
*Oc1ccc(-c2ccc(OC(=O)CCCCCCCCCCCC(*)=O)cc2)cc1,egc,4.4464,4.4475258582228365,4.558846830809097,True
*CC(*)c1ccc(S(=O)(=O)O)cc1,egc,3.2569,3.551429517817002,4.1446953566931635,True
*CCCCNC(=O)c1cccc(C(=O)N*)c1,egc,5.1173,4.912236256342755,,False
*OC(*)CCC#N,egc,6.5576,6.703642669126531,6.927929412249617,True
*c1ccc(Oc2ccc(Oc3ccc(N4C(=O)CC(=O)N(*)C4=S)cc3)cc2)cc1,egc,3.1515,3.6555399601190657,3.5509783670125437,True
*Oc1cc(OC(=O)c2ccc(OCCCC)cc2)c(OC(=O)CCCC(*)=O)cc1OC(=O)c1ccc(OCCCC)cc1,egc,4.3317,3.855870847819188,3.961427545943797,True
*CC(*)CC,egc,6.517,6.574037935293558,6.676344032459082,True
*OC(C)COC(=O)CCCCCCCC(*)=O,egc,6.6084,6.684132264567712,6.490054176879463,True
*CC(*)C(=O)OCC(F)(F)C(F)(F)C(F)(F)F,egc,6.784,6.5305048912478805,,False
*CC(*)c1ccc(C)cc1C,egc,4.8585,4.658871635949718,,False
*Oc1ccc(C(=O)NNC(=O)c2cccc(C(=O)NNC(=O)c3ccc(OC(=O)c4cccc(C(*)=O)c4)cc3)c2)cc1,egc,3.7359,3.5312214298004077,,False
*NC(=O)C=CC(=O)Nc1nc(*)nc(N)n1,egc,3.896,3.335633243606941,,False
*C(S1)=CC=C1OC(=S)O*,egc,3.5737,3.914000104668258,,False
*OC(=O)Cc1ccc(CC(*)=O)cc1,egc,5.2715,5.152840619932518,5.082177062739572,True
*CC(*)(C#N)C(=O)OCC(C)C,egc,6.6162,6.431564725736631,,False
*Oc1ccc(SSc2ccc(*)cc2)cc1,egc,3.8889,4.147550992968365,3.9704091186193784,True
*NC(C(*)=O)C(C)CC,egc,5.462,5.86070687785634,,False
*OC(C)CCOC(=O)CCCCSCCCCC(*)=O,egc,5.3678,5.404054164065529,,False
*CC(*)(C)C(=O)OCCCCn1c2ccccc2c2ccccc21,egc,3.7637,3.56018154058906,,False
*c1ccc(-c2cc(OCCCCCCCCCC)c(*)cc2OCCCCCCCCCC)cc1,egc,3.5012,3.409123642112205,,False
*OC1CC(c2ccccc2)CC(*)O1,egc,5.8678,5.226401643687314,,False
*CCCCCCCCC(=O)NCCCCCOCCCCCNC(=O)CCCCO*,egc,5.8271,5.829099527038205,5.7432502188814345,True
*c1ccc(*)n1Cc1ccc[n+](C)c1,egc,0.2844,2.316652069099907,,False
*C(C=C1)=CC=C1C(S2)=CC=C2C(C=C3)=CC=C3C(=S)*,egc,2.3434,2.5173579465830387,,False
*CC(C)C1C(=O)N(CCC)C(=O)C1*,egc,5.8295,5.398951327256064,,False
*Nc1ccc(NC(=O)CCCCCC(*)=O)cc1,egc,4.5224,4.556242837672701,,False
*C(=O)Nc1cccc(NC(=O)c2ccc3[nH]c(-c4cccc(-c5nc6cc(*)ccc6[nH]5)c4)nc3c2)c1,egc,3.3364,3.3566382492577342,3.1845332693427313,True
*NC(=O)C(S1)=CC=C1O*,egc,4.3505,3.771261163909403,4.117078231039458,True
*CCCCCCCCNC(=O)CCC=CCCC(=O)N*,egc,5.2366,5.648168800966775,5.60142300455898,True
*Cc1ccc(CSSSS*)cc1,egc,4.3206,3.963696537309909,4.642891595584937,True
*CC(CCCC)(CCCC)C(=O)O*,egc,6.671,6.3445369072640565,,False
*c1ccc(*)n1C(=O)OCC,egc,2.3493,3.0518616190717336,,False
*c1ccc(*)c(C(=O)c2c(F)c(F)c(F)c(F)c2F)c1,egc,4.0903,3.787430465740984,,False
*CCCCOC(=O)CC(=O)O*,egc,6.6946,6.50250937529205,6.461313947980136,True
*c1ccc(*)c(C(=O)c2ccccc2)c1,egc,3.9696,3.7604908457469337,3.885071419743581,True
*CCCCOc1ccc(C=C2CCC(=Cc3ccc(O*)cc3)C2=O)cc1,egc,2.9446,3.634067571199399,3.3665788504023,True
*OC(=O)OC1COC2C(*)COC12,egc,6.8979,6.487306219285034,,False
*c1cccc(C(F)(F)C(F)(F)C(F)(F)c2cccc(N3C(=O)c4ccc(Oc5ccc6c(c5)C(=O)N(*)C6=O)cc4C3=O)c2)c1,egc,3.4025,3.2296700116466988,3.2870565599716755,True
*CC(c1ccccc1)C1C(=O)N(c2ccc(C(=O)Oc3ccc(C=O)cc3)cc2)C(=O)C1*,egc,4.2954,3.6671635742104023,,False
*CC(OC)C(C(=O)O)C(*)C(=O)O,egc,6.3287,5.916714390852696,6.033037045449684,True
*c1sc(*)c2c1OCC(CCCCCCCCCCCC)O2,egc,1.9291,2.9564616785578033,1.5535384696314816,True
*c1ccc(Oc2ccc(-c3cnc4cc(Oc5ccc6nc(*)cnc6c5)ccc4n3)cc2)cc1,egc,3.1068,3.0311455918824333,3.2378150102563845,True
*c1cc2sc(*)c(C)c2s1,egc,3.8179,2.038139050176091,1.7557559113382928,True
*CCCCCOC(=O)c1cccc(C(=O)O*)c1,egc,5.0521,5.088391564172366,,False
*NC1CCC(CC2CCC(NC(=O)CCCCC(*)=O)CC2)CC1,egc,5.6991,5.720856856753076,,False
*C=CC1CC(*)C2C(=O)N(c3ccc(C)cc3)C(=O)C12,egc,5.2272,4.841947190288969,4.931223539445886,True
*c1ccc(N2C(=O)c3ccc(C(=O)c4ccc5c(c4)C(=O)N(c4ccc6[nH]c(*)nc6c4)C5=O)cc3C2=O)cc1,egc,2.4444,2.7267588211667646,,False
*CC(*)OCCCCC,egc,5.9056,5.674555558616898,5.635889044427496,True
*NC(C=C1)=CC=C1C(S2)=CC=C2C(C=C3)=CC=C3*,egc,2.7767,3.098272701858335,,False
*C(F)(F)NC(F)(F)C(=O)*,egc,4.8818,6.219953191451112,,False
*Nc1cc(C(c2ccc(O)c(NC(=O)c3ccc4cc(C(*)=O)ccc4c3)c2)(C(F)(F)F)C(F)(F)F)ccc1O,egc,3.7695,3.3338484226764606,,False
*C(=O)OC1CCN(*)CC1,egc,5.5791,5.948448576472228,,False
*CC(F)(F)C(F)(F)C(F)(F)COC(=O)CSCSCC(=O)O*,egc,5.1865,5.504067752680702,5.263239881477713,True
*C(=O)OC(=O)O*,egc,5.0987,5.773905137692335,7.157286066931876,True
*C=C(C)CC(C#N)CC*,egc,5.6857,5.465385564438798,5.413049500739646,True
*CCCCOC(=O)OCC1CCC(COC(=O)O*)CC1,egc,7.0222,6.87634561888731,,False
*C(=O)OC(S1)=CC=C1C(=S)*,egc,2.7905,2.8577985075817463,,False
*Nc1c([2H])c([2H])c(*)c([2H])c1[2H],egc,3.3666,3.491252306192346,3.1622797523204573,True
*CC(CO*)(CS(=O)(=O)C(C)C)CS(=O)(=O)C(C)C,egc,5.5454,5.396159538599469,,False
*CCCCCOC(=O)O*,egc,7.3186,7.085677334782588,,False
*C(=O)c1ccc2c(c1)C(=O)N(c1ccc(OCCOCCOCCOc3ccc(N4C(=O)c5ccc(*)cc5C4=O)cc3)cc1)C2=O,egc,2.5902,2.42134136490851,,False
*CC(*)CCCC1CCCCC1,egc,6.3703,6.700865504270361,,False
*c1ccc(-c2ccc(*)nc2)cn1,egc,3.5855,3.645035488779473,3.1669941683895315,True
*NC(CCC(*)=O)C(=O)OC,egc,5.6456,5.86483174997804,,False
*c1cc(COCCCCCCCCCCCCOc2ccc(-c3ccc(OC)cc3)cc2)c(*)s1,egc,2.5163,2.7181917951805517,2.8313464694394233,True
*CC(F)(F)C(F)(F)C(F)(F)C(F)(F)COC(=O)CSCCSCC(=O)O*,egc,5.0898,5.632802095190385,4.953305629910496,True
*CCCCCCCC[N+](C)(C)CCCCCC[N+](*)(C)C,egc,0.1032,0.7721926776685732,,False
*Nc1nc(*)nc(Cl)n1,egc,4.4996,4.462863555015081,,False
*C(=O)c1ccc2c(c1)C(=O)N(c1cccc(Nc3ncnc(Nc4cccc(N5C(=O)c6ccc(*)cc6C5=O)c4)n3)c1)C2=O,egc,2.4957,2.607442090987272,2.844111425719687,True
*CCCCCCCCCCNC(C)=N*,egc,4.8855,5.3134134779676465,,False
*OC(=O)OCC1OC(C)(C)OC1COC(=O)OC1COC2C(*)COC12,egc,6.6226,6.043045331246268,6.54757385325245,True
*C(=O)c1ccc2c(c1)C(=O)N(c1ccc(C3(c4ccc(N5C(=O)c6ccc(*)cc6C5=O)cc4)c4ccccc4-c4ccccc43)cc1)C2=O,egc,2.3311,2.512359224227789,,False
*Oc1ccc(C(C)(C)c2ccc(OC(*)=O)c(Cl)c2)cc1C,egc,5.1208,4.79333700343063,,False
*CCc1cnc(*)cn1,egc,4.5671,4.438955388901384,4.6584061676430215,True
*C(=O)c1ccc2c(c1)C(=O)N(c1ccc(-c3ccc(N4C(=O)c5ccc(*)cc5C4=O)c(OC)c3)cc1OC)C2=O,egc,2.4885,2.640919373079319,2.7904078887825263,True
*CC1(CO*)CCC(C)CC1,egc,5.8565,5.918109219459455,,False
*C(C)=C(*)CCC,egc,5.0895,4.883779758039577,,False
*CC(C)(C)CS(=O)(=O)CC(C)(C)COC(=O)O*,egc,6.8436,6.056836762714301,,False
*CC(O*)C(F)(F)F,egc,6.7566,7.431744660187732,7.244760388934624,True
*CCOC(=O)CCCCCCC(=O)O*,egc,6.9025,6.760427712502858,6.693090144900055,True
*CC1CCC(COC(=O)CCCCC(=O)O*)CC1,egc,6.7775,6.645349026572134,6.570795827641887,True
*COC(=O)NCCNC*,egc,5.81,5.8915812988124445,,False
*NNC(=O)C=CC(=O)Nc1ccc(NC(=O)C=CC(*)=O)cc1,egc,3.0373,3.1267568623561863,,False
*O[Si](C)(Oc1ccc(*)cc1)c1ccccc1,egc,4.1409,4.915757000360033,,False
*CC(*)OC(=O)C(C)(C)C,egc,6.1579,6.390396521890821,,False
*c1ccc(-c2ccc(-c3nc(-c4ccc(-c5csc(*)n5)cc4)cs3)cc2)cc1,egc,2.9481,3.236104803607443,,False
*CC(O)CN(*)c1ccc(N=Nc2ccc(Cl)cc2)cc1,egc,2.6263,2.743297521593022,2.259377406903806,True
*Oc1c(-c2ccccc2)cc(*)cc1-c1cccc(C)c1,egc,3.8976,3.9361429957470775,,False
*C(=O)N(*)CC,egc,6.052,5.252976626264176,5.806637085176626,True
*OC1C(COC(C)=O)OC(*)C(OC(C)=O)C1OC(C)=O,egc,5.9636,6.168338427863058,5.878669950047258,True
*c1cc(N=Nc2ccc(C(=O)O)cc2)cc(*)c1O,egc,2.9911,2.9580166089647317,,False
*CC(*)(C)C(=O)OCC(F)(F)C(F)(F)C(F)(F)C(F)F,egc,6.3477,6.402333598864625,,False
*Oc1ccc(Oc2ccc(C(=O)c3ccc(*)cc3)cc2)cc1CBr,egc,3.6235,3.7418889282789105,,False
*CCCCCCCCCCCCCCC(=O)O*,egc,6.9774,6.725340822545401,,False
*CC(*)c1c(F)c(F)c(P(=O)(O)O)c(F)c1F,egc,4.4874,3.940484606788175,,False
*C(=O)C(C=C1)=CC=C1C(S2)=CC=C2O*,egc,3.7187,3.499935949908659,3.3213407253931604,True
*CCCOC(=O)NCCSCCSCCNC(=O)O*,egc,5.2508,5.2006731507907,5.285869401221064,True
*CCNC(=O)c1ccc(O*)cc1,egc,5.0314,4.722411441175513,4.474557816708398,True
*C(=O)Nc1ccc(NC(=O)c2ccc3c(c2)C(=O)N(c2c(C)cc(C)c(N4C(=O)c5ccc(*)cc5C4=O)c2C)C3=O)cc1,egc,3.3589,2.8474486967544532,,False
*C(=O)c1ccc2c(c1)C(=Nc1ccc(Oc3cccc(N=C4OC(=O)c5ccc(*)cc54)c3)cc1)OC2=O,egc,2.5722,2.9500138805497205,,False
*c1ccc(C(=O)Oc2ccc3ccc(OC(=O)c4ccc(N5C(=O)CC(SCCOCCSC6CC(=O)N(*)C6=O)C5=O)cc4)cc3c2)cc1,egc,3.5935,3.396466170079993,3.292360009477744,True
*CC(C)(CC)COC(=O)CCCCCCCCC(=O)O*,egc,6.7916,6.276861463270421,6.515899442686975,True
*c1ccc(Oc2ccc(-c3cnc4cc(-c5ccc6nc(*)cnc6c5)ccc4n3)cc2)cc1,egc,3.1085,3.019092264708245,3.2168331615033656,True
*CC(OC(=O)OCC)C(COC(=O)O*)OC(=O)OCC,egc,7.1757,6.792897250728949,,False
*C=CCC*,egc,5.2133,4.9986897300310105,,False
*C1CC2C3CC4C(C3*)C24C1,egc,5.9559,6.236262967351924,6.372447099065646,True
*c1ccc(C)c(N2C(=O)c3ccc(S(=O)(=O)c4ccc5c(c4)C(=O)N(*)C5=O)cc3C2=O)c1,egc,3.2404,3.0387911843706186,,False
*Nc1c(Br)cc(*)cc1Br,egc,4.3604,3.390055846041239,3.3863110420061573,True
*CC(CCCC)O*,egc,5.4348,5.744758744489691,,False
*c1c(C)cc(-c2cc(C)c(N3C(=O)c4ccc(-c5ccc6c(c5)C(=O)N(*)C6=O)cc4C3=O)c(C)c2)cc1C,egc,2.8885,3.0378923793308608,2.95329680794849,True
*Nc1nc(Nn2c(=O)c3cc4c(=O)n(*)c(=O)c4cc3c2=O)nc(N(CCC)CCC)n1,egc,2.5752,2.952233871126266,3.022884749629644,True
*CCCCCCCCCCOC(=O)CCCCCCCCCCCCCCCCC(=O)O*,egc,6.6124,6.412575337312045,6.51820601054263,True
*c1ccc2c(c1)Cc1cc(N3C(=O)c4ccc(-c5ccc6c(c5)C(=O)N(*)C6=O)cc4C3=O)ccc1-2,egc,2.6588,2.6354628345224556,2.596170597630719,True
*C(=O)C(C=C1)=CC=C1C(=S)O*,egc,3.2688,3.2904069062163495,3.316902465210373,True
*C(=O)c1ccc2c(c1)C(=O)N(c1cc(-c3nc4ccccc4o3)cc(N3C(=O)c4ccc(*)cc4C3=O)c1)C2=O,egc,2.6591,2.850350414865668,,False
*c1ccc(-c2ccc(-c3ccc(*)n3C)o2)s1,egc,1.929,2.5862282266347467,,False
*C(=O)Oc1ccc(OC(=O)N2CC(C)N(*)CC2C)cc1,egc,5.5219,4.75696005859104,,False
*CCCCNC(=O)CCCCCC(=O)N*,egc,5.7771,5.948316403602469,5.904715639226357,True
*Oc1ccc(OC(=O)c2ccc(C(*)=O)cc2)cc1C1CCCCCC1,egc,3.5076,3.5842241915087385,,False
*NC(CC(*)=O)C(=O)OCCCC,egc,6.151,5.983635701587203,6.028344391332235,True
*CC(*)C(=O)Oc1ccc(OC)cc1,egc,4.4447,4.705677918333665,4.600138413460695,True
*CCNC(=O)CCCCCCCCCCC(=O)N*,egc,5.5657,5.897862922383247,,False
*C(=O)OC(S1)=CC=C1O*,egc,4.2235,4.2659488968586174,,False
*CCCCCCC(=O)N*,egc,6.0436,6.012227564895592,,False
*C(OC)=C(OC)c1ccc(*)s1,egc,2.5351,2.839141815540653,3.6185824482842004,True
*OC(=O)CCCCC(*)=O,egc,6.1659,6.060855507606941,,False
*NC(CCCCNC(=O)NCCCCCNC(*)=O)C(=O)OC,egc,5.5834,5.615624568877284,,False
*C(=O)Nc1cc(NC(=O)c2ccc(*)o2)c(N)cc1N,egc,2.8199,3.208447098404431,,False
*C(C)C(*)O,egc,6.0639,6.255401369241717,,False
*NC(=O)C(C=C1)=CC=C1C(S2)=CC=C2*,egc,4.012,3.0971416510337355,,False
*CCCCCCCCCCNC(=O)CCCCCCCC(=O)N*,egc,5.9559,5.823299478998798,,False
*c1cccc(*)c1,egc,4.1803,3.6870324116556055,,False
*CCCN(*)C(=O)c1ccccc1,egc,5.2083,4.937229789950698,,False
*CC(=O)OC(=O)COc1ccc(C(C)(C)c2ccc(O*)cc2)cc1,egc,4.2779,4.745400222924188,,False
*CCCCCOC(=O)NC1CC1NC(=O)O*,egc,6.2104,6.358998179403938,,False
*C(=O)C(C=C1)=CC=C1OC(=S)*,egc,3.5119,3.1810282351924593,,False
*CCCCCCCCCCCCOc1ccc(C=NN=Cc2ccc(O*)cc2O)c(O)c1,egc,3.7924,3.666691107156319,3.076217548606111,True
*C(C#N)=C(c1ccccc1)c1ccc(*)cc1,egc,4.0078,2.6265454732064115,,False
*CC(*)c1cc(OC)ccc1OC,egc,3.8323,4.09958176329071,,False
*CCCCNC(=O)CCCCCCCC(=O)N*,egc,5.9048,5.869868572922634,,False
*Nc1ccc(*)cc1C,egc,3.5769,3.866912564247451,,False
*c1ccc(Oc2ccc(-n3c(=O)c4c(F)c5c(=O)n(*)c(=O)c5c(F)c4c3=O)cc2)cc1,egc,2.0451,2.484958152023937,2.0635406681698614,True
*CC(CO*)C(C)(C)C,egc,5.7599,5.505133639455917,5.737038455001099,True
*c1ccc(C)c(N2CC(=O)N(*)CC2=O)c1,egc,5.1153,3.8585892036899536,4.490459064788698,True
*C(F)(F)C(*)(F)OC(F)(F)C(F)(F)F,egc,8.7447,8.612296160963318,,False
*CC(*)(C)C(=O)OCC(=O)N1CCCC1,egc,5.0881,5.611841128206106,5.562683776083352,True
*CCOC(=O)Nc1cccc(NC(=O)O*)c1,egc,5.098,4.9836899673717605,,False
*NC(C)(CC)C(*)=O,egc,5.7479,5.270983517283272,,False
*CC(COCCCC)O*,egc,5.3487,5.741967358289422,5.619764721498782,True
*CCCCCCCCn1c(=O)c2cc3c(=O)n(*)c(=O)c3c(Br)c2c1=O,egc,3.5401,3.5814665971925623,3.538821052738219,True
*CCc1ccc(*)o1,egc,4.9056,4.035738538987947,4.838181938400349,True
*Cc1ccc(CNC(=O)CCCCCCCCCCCCCCCCCCCCC(=O)N*)cc1,egc,5.5873,5.216350207482786,5.406091785640119,True
*Oc1ccc(C(c2ccc(OC(=O)c3ccc(OCCCCCCCCCCOc4ccc(C(*)=O)cc4)cc3)cc2)(C(F)(F)F)C(F)(F)F)cc1,egc,4.4545,3.8128546405380503,3.9810300942859067,True
*Oc1ccc(NC(=O)c2cc(C(=O)Nc3ccc(*)cc3)cc(S(=O)(=O)c3ccccc3)c2)cc1,egc,3.3682,3.368383064798555,3.5213220521824855,True
*OC(COC(*)=O)COc1ccccc1,egc,5.4034,5.188084806034446,,False
*C=CC1=C(O)C(O)=C(*)C1,egc,1.3796,2.9683165275534087,2.3532645163457944,True
*CCSSCCOCO*,egc,5.3189,5.368120304550149,5.515355140368653,True
*NC(S1)=CC=C1C(=O)C(S2)=CC=C2*,egc,2.2308,3.0772818684916743,,False
*c1cc(-c2nc3ccccc3o2)cc(-n2c(=O)c3cc4c(=O)n(*)c(=O)c4cc3c2=O)c1,egc,2.4745,2.5369670116055425,,False
*CC(CCl)O*,egc,6.3441,6.372488174028812,,False
*OC(=O)c1ccc(CCCCc2ccc(C(*)=O)cc2)cc1,egc,4.8401,4.4206652294416955,4.424336981754648,True
*CCCCCCCCCCCCOC(=O)NCCCCCCNC(=O)O*,egc,6.1958,6.263942130244953,6.118004440214561,True
*Oc1ccc(Oc2ccc(C(=O)c3cccc(-c4cccc(C(=O)c5ccc(*)cc5)c4)c3)cc2)cc1,egc,3.724,3.542533713236916,,False
*c1cccc(-c2nc3ccc(-c4ccc5nc(*)sc5c4)cc3s2)c1,egc,3.3066,3.232554860014653,,False
*C1=CC(C)C(C(=O)C(=O)C2CC3C(*)CC3(O)C2=O)C(=O)N1C,egc,2.7097,3.734779239735449,4.5591165424878435,True
*C(=O)OCC(C)(C)COC(=O)N1CC(C)N(*)CC1C,egc,5.8365,5.779114941495415,5.8326323845446035,True
*C=Nc1ccccc1N=Cc1ccc(Sc2ccc(*)o2)o1,egc,2.7375,2.658753785230146,2.424561255493158,True
*COC(=O)Nc1ccc(Cc2ccc(NC(=O)OCc3cocc3*)cc2)cc1,egc,4.6344,3.341820346676157,,False
*CCOC(=O)Nc1cccc2c(NC(=O)O*)cccc12,egc,3.9352,4.108598623112833,4.5905673738919095,True
*CC#CC#CCOc1ccc(-c2ccc(O*)cc2)cc1,egc,4.0246,3.9056525125432255,,False
*c1ccc(-c2nc3ccc(S(=O)(=O)c4ccc5nc(*)c(-c6ccccc6)nc5c4)cc3nc2-c2ccccc2)cc1,egc,2.8529,3.1866042076863716,,False
*CCCCNC(=O)CCCCCCC(=O)N*,egc,6.0697,5.8582720596067395,,False
*CC(CBr)O*,egc,6.2128,5.7806460859825615,,False
*CCCCCCCCCCNC(=O)CCCCCCCCCCCCCCCCC(=O)N*,egc,5.9174,5.865511743306083,5.9533124913443505,True
*CC(OC(C)=O)C1C(=O)N(c2ccccc2)C(=O)C1(*)Cl,egc,5.0889,4.723877419300938,,False
*c1ccc(Cc2cccc(-n3c(=O)c4cc5c(=O)n(*)c(=O)c5cc4c3=O)c2)cc1,egc,2.6251,2.675292880489755,,False
*Nc6ccc(c5ccc(NC(=O)c4ccc(C3(c1ccc(C(*)=O)cc1)OC(=O)c2ccccc23)cc4)cc5)cc6,egc,3.2864,3.395574240274217,,False
*CC(=O)Nc1ccc(NC(=O)CN2C(=O)c3ccc(C(=O)c4ccc5c(c4)C(=O)N(*)C5=O)cc3C2=O)cc1,egc,2.4122,3.16486885900839,,False
*C(=O)c1ccc2nc(-c3ccc(-c4nc5ccc(*)cc5nc4-c4ccccc4)cc3)c(-c3ccccc3)nc2c1,egc,3.0508,3.0573437797746266,3.0527757728250347,True
*CC(*)C(=O)OCCCSCCC#N,egc,5.408,5.386286163064452,4.556802881504517,True
*C(OC(C)=O)=C(OC(C)=O)c1ccc(*)cc1,egc,3.7517,3.563263498553146,3.98136500031747,True
*OC1CCC(OC(=O)OCCCCOC(*)=O)CC1,egc,7.0064,6.782050571607978,,False
*CCCCOC(=O)C1C(=O)C2CCC1C(=O)C2C(=O)O*,egc,5.3882,5.6344243830859675,,False
*CCCCCCCNC(=O)c1ccc(C(=O)N*)cc1,egc,4.6365,4.744077654192853,,False
*C(=O)Oc1ccc(OC(=O)c2ccc3c(c2)C(=O)N(c2ccc(Oc4ccc(N5C(=O)c6ccc(*)cc6C5=O)cc4)cc2)C3=O)c(C(C)(C)C)c1,egc,2.5796,2.731098820837134,,False
*Oc1ccc(NC(=O)c2cc(C(=O)Nc3ccc(Oc4ccc(C5(c6ccc(*)cc6)CC6CCC5C6)cc4)cc3)cc(C(C)(C)C)c2)cc1,egc,3.5452,3.4987426014078955,3.3105388011609227,True
*CCCCCCCCCCOCCCCCCCCCCOCCCCCCO*,egc,6.1357,6.037341312260238,,False
*CC(C)(C)COC(=O)Nc1ccc(Cc2ccc(NC(=O)O*)c(C)c2)cc1C,egc,4.5157,4.840627237064388,4.815394680532029,True
*CC(*)(C#N)C(=O)OCC,egc,6.5171,6.581351073480011,6.636119876252177,True
*CCOCCOCCOCCOCCOCCOC(=O)c1cccc(C(=O)O*)c1,egc,4.6176,4.944974812897491,,False
*CC(*)C(=O)OCC(F)(F)C(F)(F)C(F)(F)C(F)(F)C(F)(F)C(F)(F)C(F)(F)F,egc,6.2833,6.374886299648897,,False
*c1cn(*)c2ccccc12,egc,4.1935,3.2482068127646855,,False
*CCN(CCOC(=O)c1cccc(C(=O)O*)c1)c1ccccc1,egc,3.0504,4.286161198825842,,False
*ON(C(F)(F)C(*)(F)F)C(F)(F)C(F)(F)Br,egc,6.7014,6.476377352731903,,False
*C(=O)c1ccc2c(c1)C(=O)N(c1cccc(Nc3nc(Nc4cccc(N5C(=O)c6ccc(*)cc6C5=O)c4)nc(N(C)C)n3)c1)C2=O,egc,2.5033,2.674772956778608,2.832408518723012,True
*c1ccc2c(c1)nc1c3cc4c(=O)n5c6cc(*)ccc6nc5c4cc3c(=O)n21,egc,2.1718,2.397955872785737,,False
*Nc1ccc(Cc2ccc(NC(=O)c3ccc(C(*)=O)cc3)cc2)cc1,egc,3.2294,3.609346892742755,,False
*C=CC1CC(*)C2C(=O)N(CCC)C(=O)C12,egc,5.2391,5.094681626992318,,False
*NNC(=O)C(*)=O,egc,5.5325,4.665728453620047,,False
*CCCCCCCCCCCCNC(=O)CCCCCCCCCCCCCCC(=O)N*,egc,5.8878,5.84592376252617,5.971462511426003,True
*C=C(*)c1cccs1,egc,3.6662,1.4781371979608036,0.3908116663497555,True
*CCC(=O)C(=S)*,egc,3.2378,2.883299526982165,2.793380431392667,True
*CC(*)c1ccc(Cl)c(Cl)c1,egc,2.3069,3.224816144809022,2.812205301274392,True
*CC(*)C(=O)NC,egc,5.4371,5.46348851110285,5.524978449794439,True
*Oc1c(Cl)cc(C2(c3cc(Cl)c(OC(*)=O)c(Cl)c3)CC3CCC2C3)cc1Cl,egc,4.8308,4.708216052003878,,False
*Nc1cc(Br)c(*)cc1Br,egc,3.1464,3.8793702192627055,3.903469089799875,True
*CCCC(=O)N*,egc,5.5236,5.807296283592208,6.18409009972557,True
*C(=O)Oc1ccc(OC(=O)c2ccc3c(c2)C(=O)N(c2ccc(Oc4ccc(N5C(=O)c6ccc(*)cc6C5=O)cc4)cc2)C3=O)c(C)c1,egc,2.6804,2.573872508432576,,False
*OC(=C)CC(*)=O,egc,5.0472,4.407624522857834,,False
*C(F)(F)C(S1)=CC=C1C(F)(F)O*,egc,4.9584,4.4125246221519125,,False
*OC(C)COC(=O)Cc1ccc(CC(*)=O)cc1,egc,5.1464,5.323122194150748,,False
*Oc1ccc(C(CC)(c2ccccc2)c2ccc(OC(=O)CCCCCCCCC(*)=O)cc2)cc1,egc,5.0249,4.751174993656103,,False
*C(F)(F)C(F)(F)CC(C=C1)=CC=C1*,egc,5.1278,4.93175680003698,,False
*Oc1cc(OC)c(*)cc1OC,egc,4.0822,4.378877103744798,4.157229187099339,True
*CCCCCCCCCCCCOC(=O)CC=CCC(=O)O*,egc,5.9809,5.92315716564504,,False
*CCC(*)O,egc,6.3158,6.182075328630519,,False
*c1cccc(-c2nc3cc(-c4ccc5[nH]c(*)nc5c4)ccc3[nH]2)c1,egc,3.5069,3.2904546827205707,3.248471664715043,True
*Nc1ccc(*)cc1OCCCCCCCCCCCC,egc,3.5203,3.620057977081571,,False
*C(=O)C(C=C1)=CC=C1OC(S2)=CC=C2*,egc,3.6478,3.5218583200962414,,False
*Oc1ccc(*)cc1,egc,4.035,4.678393595699691,,False
*NNC(=O)c1ccc(C(*)=O)cc1,egc,4.8451,4.62353741809378,,False
*CC(*)OCCCl,egc,6.0339,6.032151686316916,5.778934316193793,True
*NC(CCCCNC(=O)NCCNC(*)=O)C(=O)OC,egc,5.4494,5.735903247930793,,False
*CS*,egc,5.3464,4.793450688889412,,False
*CC(=O)NCCCCCCNC(=O)Cc1ccc(*)s1,egc,4.7548,4.2477929951064555,4.727897716433512,True
*CC(CO*)(CS(C)(=O)=O)CS(C)(=O)=O,egc,5.8874,5.779787136694079,,False
*CCCCCCNC(=O)CC(=O)N*,egc,5.7541,5.795073147997226,5.785789761439416,True
*Oc1ccc(C(C)(c2ccc(Oc3ccc(C(=O)c4ccc(*)cc4)cc3)cc2)C(F)(F)F)cc1,egc,3.9149,3.8354211039402686,,False
*OC(=O)OCCOCCOCCOC(=O)OC1COC2C(*)COC12,egc,6.4799,6.271270483870166,,False
*c1c2ccccc2c(*)n1C,egc,2.8434,2.2649087777058443,2.7174528156604594,True
*c1sc(-c2cc(SCC(C)CC)c(*)s2)cc1SCC(C)CC,egc,1.6105,1.807619213468328,,False
*CCN*,egc,5.0274,5.782384517539689,5.5992608175299345,True
*c1ccc(-c2ccc(-c3cc(OCCCCCCCCCCCC)c(*)s3)s2)s1,egc,1.9946,1.7862850339039926,1.6583806552135005,True
*CC(=S)NC(=S)*,egc,2.5403,3.008940875292798,,False
*CCCCCCCC(=O)O*,egc,6.6609,6.619798102507052,6.626256817620763,True
*CC(O)COc1ccc(C(C)(C)c2ccc(O*)c(Cl)c2)cc1Cl,egc,4.6702,4.501474444566888,,False
*CC(*)C(=O)NCCc1ccccn1,egc,4.133,5.1138640961220005,,False
*C(=O)NNC(=O)c1cccc(C(=O)NNC(=O)c2cnc(*)cn2)c1,egc,3.3027,3.7305612158904022,,False
*c1ccc2cc(-c3nc4cc5nc(*)[nH]c5cc4[nH]3)ccc2c1,egc,3.1978,3.237311743463396,2.8336289825945524,True
*OC(=O)CCc1ccc(CCC(*)=O)cc1,egc,5.0434,5.449299731597143,5.339105958043792,True
*CC(*)n1c2ccccc2c2ccccc21,egc,4.0449,3.19640227178606,,False
*C(C)=C(C)c1ccc(-c2ccc(*)s2)s1,egc,2.1828,2.159666472155602,,False
*N=Cc1ccc(C=Nc2sc(*)c(C#N)c2C#N)cc1,egc,1.5066,2.215041678849827,,False
*C(=O)Nc1ccc(NC(=O)c2ccc3c(c2)C(=O)N(c2ccc(Oc4cccc5c(N6C(=O)c7ccc(*)cc7C6=O)cccc45)cc2)C3=O)cc1,egc,2.8645,2.419795855285539,,False
*c1ccc2nc3c4cccc5c6nc7ccc(*)cc7nc6c6cccc(c3nc2c1)c6c45,egc,2.69,2.8993068429840108,1.830407041486876,True
*c1cc2c(s1)-c1sc(*)cc1C2=C1c2ccsc2-c2sccc21,egc,1.3371,1.5060116166494162,0.675198999548173,True
*CC(COc1cccc(C)c1)O*,egc,5.1113,5.101631553375679,,False
*CCN1C(=O)C(=CCCCC=C2SC(=S)N(*)C2=O)SC1=S,egc,3.4576,2.6291051217422523,2.406204336988105,True
*OC1C(CO)OC(*)C(O)C1O,egc,5.8509,6.027658712937975,,False
*c1ccc(Oc2cc3ccccc3cc2Oc2ccc(-n3c(=O)c4cc5c(=O)n(*)c(=O)c5cc4c3=O)cc2)cc1,egc,2.0632,2.0999902253171783,,False
*OC(=O)CCCCCCCC(*)=O,egc,6.2617,6.206439668964752,6.407919630607146,True
*c1sc(*)c(OC)c1OC,egc,4.1637,2.1022869046480386,2.2672826633199366,True
*CC(*)O,egc,6.3648,6.131695810124192,,False
*CCCCCC(*)CC,egc,6.7743,6.789779336227582,,False
*CCCCCCCCCCOC(=O)CCC(=O)O*,egc,6.7167,6.63989944196106,,False
*C1C=C(C)C(*)S1,egc,5.0392,3.9216998893724786,,False
*C(=O)NC(=O)NCCCN*,egc,6.155,5.575129416256579,5.5835668851565226,True
*CCCCCCCCCCCCCCCCCC(=O)N*,egc,6.0841,6.093268027695888,,False
*CCOC(=S)NC(=S)C(C=C1)=CC=C1N*,egc,2.7606,3.5651786582963907,,False
*Nc1ccc(-c2ccc(NC(=O)c3ccc(C(*)=O)cc3)cc2)cc1,egc,3.3951,3.474300826770474,3.192609713358399,True
*Oc1cccc(*)c1C#N,egc,4.3829,4.329648564037931,,False
*c1cc(CCCCCCO[Si](C)(C)C)c(*)s1,egc,2.5263,2.4478215471460323,,False
*CC(C)(C)O*,egc,5.2445,6.038188567795191,,False
*c1ccc(*)n1CCC(=O)OC,egc,2.7978,2.7733545310200274,,False
*CCCCCCCCCC[n+]1ccc(-c2cc[n+](*)cc2)cc1,egc,2.5264,2.9810302585746187,1.5111183373271213,True
*Cc1ccc(COC(=O)O*)cc1,egc,5.5423,5.457204643799735,,False
*c1cc(OCCCCCCCCCC)cc(-c2nc3cc4sc(*)nc4cc3s2)c1,egc,3.4894,3.2585372730062923,,False
*CC(*)c1ccc(C=O)cc1,egc,1.6275,3.200794675547248,2.718371146041991,True
*C=CC(=O)C=Cc1ccc(Sc2ccc(*)o2)o1,egc,2.5309,3.175921350870876,2.795021390260922,True
*CC=CCNC(=O)CCC=CCCC(=O)N*,egc,5.3865,5.210207288340347,,False
*CNC(=S)C(C=C1)=CC=C1*,egc,3.4579,2.999876941384008,3.9644803577552525,True
*C(=O)Nc1ccc(C2(c3ccc(N4C(=O)c5ccc(*)cc5C4=O)cc3)CCC(C(C)(C)C)CC2)cc1,egc,2.7711,2.816492592287318,,False
*CNC(=O)N*,egc,5.4697,6.133539046578696,5.821354991439247,True
*OC(C)CCOC(=O)CCC(*)=O,egc,6.5372,6.379773593813667,6.458717182792041,True
*C(C#N)C(C#N)(C#N)*,egc,6.5693,6.20830145726093,,False
*OC(=O)OCCCCCCCCOC(=O)OC1COC2C(*)COC12,egc,6.6539,6.7114258127326245,,False
*c1ccc(C2C(c3ccccn3)C(*)C2c2ccccn2)cc1,egc,4.1962,3.953130844446404,4.977049380234929,True
*c1ccc(NC(=O)c2ccc(C(=O)Nc3ccc(-c4nc5ccc(-c6ccc7nc(*)[nH]c7c6)cc5[nH]4)cc3)cc2)cc1,egc,2.5692,3.0661152950650585,2.8840980613081992,True
*c1cc(Br)c(Oc2c(Br)cc(N3C(=O)c4ccc(-c5ccc6c(c5)C(=O)N(*)C6=O)cc4C3=O)cc2Br)c(Br)c1,egc,2.9494,2.8518054871270233,,False
*c1ccc(Oc2ccc(-c3nnc(*)o3)cc2)cc1,egc,3.7488,3.7049226648773743,3.6358897286162697,True
*CC(*)(C)C(=O)NCCC,egc,5.7916,5.7292285989497485,5.63618016075256,True
*c1ccc(-c2ccc(-c3ccc4nc(Oc5cc(-c6ccccc6)c6cc(*)ccc6n5)cc(-c5ccccc5)c4c3)cc2)cc1,egc,3.3775,3.3379875085676987,3.2833907833383478,True
*NC(=O)NC(C=C1)=CC=C1*,egc,4.3867,3.859346776304386,,False
*CC(*)=C,egc,5.3034,4.069481681652586,3.460410523988092,True
*CCCOCCOCCOC(=O)Nc1ccc(C)c(NC(=O)O*)c1,egc,5.0994,4.962897227961653,5.163512268999314,True
*C#Cc1cc(CCCCCC)c(*)s1,egc,1.5751,2.3483417141685443,,False
*Oc1cccc(Oc2cccc(*)n2)c1,egc,4.536,4.397334980743563,,False
*C(=O)Nc1ccc(NC(=O)c2ccc3c(c2)C(=O)N(c2cccc(N4C(=O)c5ccc(*)cc5C4=O)c2)C3=O)cc1,egc,2.9484,2.937549537432695,,False
*OC1CCCCC1OC(*)=O,egc,6.7044,6.050196090289043,,False
*CC(=S)NO*,egc,3.435,3.704713696780068,3.9767851533888403,True
*C(=O)NC1CCCC(*)O1,egc,6.2047,5.863844977514169,,False
*OC(=O)CCCCCCCCCCCCCCCCC(*)=O,egc,6.1592,6.417515537402797,6.417047598687563,True
*c1ccc(-c2ccc3nc(Oc4cc(-c5ccccc5)c5cc(*)ccc5n4)cc(-c4ccccc4)c3c2)cc1,egc,3.4645,3.257733018497987,3.467197801582523,True
*CCCCCCNC(=O)CCCCCCCCCCCCCCCCC(=O)N*,egc,5.8888,5.962400221107768,,False
*CC(*)c1ccc(Cl)c(C)c1,egc,4.762,3.963236812714939,4.122294585880167,True
*Oc1ccc(C(C)c2ccc(OC(*)=O)c(C)c2)cc1C,egc,5.159,4.674147097081985,4.849337775212186,True
*CCCCCCCCCCOC(=O)c1ccc2cc(C(=O)O*)ccc2c1,egc,3.7577,4.29827862542418,,False
*C(=O)c1ccc(N(*)C)cc1,egc,4.3942,3.765777343752582,,False
*CC(C)(C)COC(=O)NC1CCC(CC2CCC(NC(=O)O*)CC2)CC1,egc,5.9159,6.066537201662434,,False
*C(=O)NNC(=O)c1cccc(C(=O)NNC(=O)c2ccc(*)nc2)n1,egc,3.6092,3.744489363749437,3.4634306656099203,True
*CCCCCCNC(=O)CCCCC(=O)NCC(=O)N*,egc,5.8188,5.907670314326531,,False
*C(=O)c1ccc2c(c1)C(=O)n1c-2nc2ccc(-c3ccc4c(c3)nc3n4C(=O)c4ccc(*)cc4-3)cc21,egc,2.4234,2.195689956214558,,False
*CC(=S)C(C=C1)=CC=C1O*,egc,2.734,3.28565838030161,,False
*C(=O)NNC(=O)c1ccc(C(=O)NNC(=O)c2ccc(*)nc2)s1,egc,3.3177,3.0695878647442725,,False
*C(C=C1)=CC=C1C(C=C2)=CC=C2C(S3)=CC=C3C(=S)*,egc,2.3302,2.472439408427408,,False
*CCCC(C)CC(=O)N*,egc,6.0894,5.988064157417092,,False
*CCCCCOC(=O)NCCSCCCCCCSCCNC(=O)O*,egc,5.1243,5.310064052445775,5.17912998606223,True
*C(=O)NCCCCCCNC(=O)c1ccncc1*,egc,4.5298,4.692646390178234,,False
*C1CC2CC1C(*)C2CCCC,egc,6.1498,6.496871201221178,6.330756099320834,True
*CCC(C)CO*,egc,6.1714,6.122607007681633,6.45514721753155,True
*CCCCCCCCc1nc2ccc(-c3ccc4nc(*)oc4c3)cc2o1,egc,4.2242,4.089229247737799,4.250546826775591,True
*NC(=O)C(C=C1)=CC=C1C(C=C2)=CC=C2*,egc,3.3965,4.010807035699934,,False
*CC(*)(Br)Br,egc,5.2567,5.973923908015877,,False
*CC(C)(C=O)C(F)(F)C(*)([2H])[2H],egc,5.5464,6.087274259789891,6.796609837459645,True
*NC(C)CCCCC(*)=O,egc,5.5854,5.797402401766494,,False
*NC(C)CC(*)=O,egc,5.711,5.714815861682454,,False
*Oc1ccc2c(c1)C(=O)N(Oc1ccc(C(N3C(=O)CC(*)C3=O)(C(F)(F)F)C(F)(F)F)cc1)C2=O,egc,3.5205,3.639646696835355,,False
*Nc1ccc(C#Cc2ccc(C(*)=O)cc2)cc1,egc,2.946,3.161432721067199,3.000805474285157,True
*Oc1ccc(Oc2ccc(C(=O)c3ccccc3-c3ccccc3C(=O)c3ccc(*)cc3)cc2)cc1,egc,3.3644,3.5647791278082437,,False
*C=NN=Cc1cc(CCCCCCCCCCCC)c(*)s1,egc,1.846,2.973476126876106,,False
*CCCOc1ccc(C(=O)OC(=O)c2ccc(O*)cc2)cc1,egc,4.317,4.4087809429694795,,False
*c1ccc(Cc2ccccc2-n2c(=O)c3cc4c(=O)n(*)c(=O)c4cc3c2=O)cc1,egc,2.9239,2.705253138321057,,False
*c1cncc(-c2nc3ccc(-c4ccc5nc(*)sc5c4)cc3s2)c1,egc,3.1882,3.2110836433762273,,False
*OC(CCCCC)CC(*)=O,egc,6.5462,6.4905419899480465,,False
*Nc1ccc(NC(=O)CCCCCCCCC(*)=O)cc1,egc,4.5375,4.598435165594167,,False
*CC(S1)=CC=C1C(C=C2)=CC=C2O*,egc,4.0623,3.7371344551932353,4.001055860081243,True
*CC(S1)=CC=C1C(=O)C(S2)=CC=C2*,egc,3.4685,3.2601294392040505,,False
*CCCCCNC(=O)CCCCCCCCC(=O)N*,egc,5.6828,5.8154961523632975,,False
*COC1CC2CC(O*)C1C2,egc,5.9517,6.1620363738740025,,False
*c1ccc2[nH]c(*)nc2c1,egc,3.9385,3.632435260259214,,False
*Nc1ccc(*)cc1Br,egc,3.3506,4.076129086076314,,False
*CCOC(=O)c1ccc2ccc(C(=O)O*)cc2c1,egc,3.9507,4.0876048723053335,,False
*Nc1cc(*)ccc1C,egc,4.116,3.9450780702149686,,False
*CCCCCCCCCCCCNC(=O)CCP(C)(=O)CCC(=O)N*,egc,5.7027,5.665691369748612,5.636465751948009,True
*c1ccc(-n2c(=O)c3ccc4c5cc6c(*)ccc6n5c(=O)c-4cc3c2=O)cc1C,egc,0.896,2.2023481155852527,,False
*CCCCCCCCCCOC(=O)CC(C)C(=O)O*,egc,6.5777,6.665071942749706,6.5083967948450985,True
*COC1CCC(*)OC1,egc,5.6324,5.938253078726784,6.4842259128785456,True
*c1cc(CCCCCCCCCCCCCCC)c(*)s1,egc,2.922,2.4300137775206347,2.474859235188669,True
*CCCCCCCCCCCCCCOCO*,egc,6.6169,6.431111024189711,,False
*Oc1ccc(CC(NC(=O)CCc2ccc(OC(=O)CCCCCCC(*)=O)cc2)C(=O)OCC)cc1,egc,5.0929,5.117816979661399,5.06786327931671,True
*C([2H])([2H])C(*)([2H])Cl,egc,6.2382,6.493219488279024,6.172422430593023,True
*C=CC1CC(*)C(C(=O)Oc2ccccc2)C1,egc,4.8107,5.209029284249677,,False
*CCc1ccc(*)c(C#N)c1,egc,4.7476,4.322390523492314,,False
*NC(C=C1)=CC=C1OC(=S)*,egc,3.7435,3.4849182224261757,3.5956343002365228,True
*CC(O*)c1ccco1,egc,5.0251,4.9810865131323085,,False
*Nc1ccc(*)cc1,egc,4.0074,3.545375943851693,,False
*c1sc(*)c2sc(CCCCCCCCC)nc12,egc,3.6098,2.585148107622147,,False
*OC(C)CCC(C)OC(=O)CCCCCCCCC(*)=O,egc,6.1872,6.623762873419895,,False
*C(=O)NCCCCCCNC(=O)N1CCN(*)CC1,egc,5.4634,5.500084663249775,,False
*C(=O)Nc1cccc(NC(=O)c2ccc3c(c2)C(=O)N(c2cc(-c4nc5ccccc5o4)cc(N4C(=O)c5ccc(*)cc5C4=O)c2)C3=O)n1,egc,2.7946,3.0098380694706943,,False
*CC(C)(C)COC(=O)CCCCC(=O)O*,egc,6.692,6.697057397717308,,False
*c1ncc(-c2cnc(*)c(C)c2)cc1C,egc,3.4579,3.4007700203572813,3.947887695159359,True
*OC(C)COC(=O)C(*)=O,egc,5.4575,5.861457783249583,5.5994787351424735,True
*c1ccc(-c2nc3cc(-c4ccc5nc(*)c(-c6ccc7ccccc7c6)nc5c4)ccc3nc2-c2ccc3ccccc3c2)cc1,egc,2.9636,2.8998717417948257,,False
*Oc1ccc(OC(=O)c2ccc(C(*)=O)cc2)cc1CCC(C)CC,egc,3.5259,3.964205745611849,,False
*C1=C2OCCOC2=C(c2ccc(-c3ccc(*)s3)s2)S1(=O)=O,egc,1.9368,1.6347105154246322,1.9956658824923004,True
*OC1C(C)(C)C(OC(*)=O)C1(C)C,egc,6.5093,6.264045225627162,,False
*CCCCCCCCCCNC(=O)CCC=CCCC(=O)N*,egc,5.6731,5.540140354375102,,False
*C(=O)Nc1ccc(Oc2ccc(NC(=O)c3ccc(N4C(=O)c5ccc(*)cc5C4=O)cc3)cc2)cc1,egc,2.4295,2.872308426041613,2.5974702128385885,True
*CCCCCCCCNC(=O)CCC(=O)N*,egc,5.9696,5.918502559264886,5.8169880466316775,True
*Nc1ccc(*)cc1C(C)CC,egc,3.553,3.6632089388869904,3.5960008213502213,True
*Nc1ccc(-c2ccc(NC(=O)c3cccc(C(*)=O)c3)cc2)cc1,egc,3.4939,3.4140977140574655,3.3927829032640613,True
*CCON*,egc,5.6784,5.863773999743771,5.795773622351795,True
*c1ccc(-c2ccc(-c3nc(CCCCCCCCCCCC)c(-c4sc(*)nc4CCCCCCCCCCCC)s3)s2)s1,egc,2.2184,2.033731801338243,2.728482431504808,True
*Oc1ccc(NC(=O)OCCOC(=O)Nc2ccc(*)cc2)cc1,egc,4.8662,4.446561564293473,,False
*CCCCCCOC(=O)CCCCSCCCCC(=O)O*,egc,5.2687,5.383581447217796,5.35243579626128,True
*c1cc2c(s1)-c1sc(*)cc1C2=O,egc,1.4351,2.1916230925899924,,False
*CCCCCCCCCCC(=O)NCCCCCOCCCCCNC(=O)CCCO*,egc,5.4741,5.782589275408081,5.808197613872902,True
*C(=O)C1CCCN1*,egc,5.5773,5.349159537981568,,False
*C(=O)Oc1ccc(-c2ccc(OC(=O)c3ccc4c(c3)C(=O)N(c3ccc(Oc5ccc(N6C(=O)c7ccc(*)cc7C6=O)cc5)cc3)C4=O)cc2)cc1,egc,2.6231,2.5200077729041888,,False
*Oc1ccc(Oc2ccc(C=NCCCCCCN=Cc3ccc(*)cc3)cc2)cc1,egc,4.2565,4.026675018721547,3.936364567459208,True
*c1ccc(Oc2ccc(N3C(=O)c4cccc(Oc5cccc(Oc6cccc7c6C(=O)N(*)C7=O)c5)c4C3=O)cc2)cc1,egc,2.949,2.8440424532886337,,False
*C(=O)c1ccc2c(c1)C(=O)N(c1cc(-c3nc4ccccc4oc3=O)cc(N3C(=O)c4ccc(*)cc4C3=O)c1)C2=O,egc,2.8859,2.7976101715369777,,False
*CCCCCCNC(=O)NCCNC(=O)N*,egc,6.0459,5.680128485040778,5.7649264505129425,True
*Oc1ccc(N=Nc2ccc(C(*)=O)cc2)cc1C,egc,2.9443,3.480088132757491,,False
*CC(*)C(=O)OCC(F)(F)F,egc,6.7005,6.530146330635859,,False
*Oc1ccc(CC(NC(=O)CCc2ccc(OC(=O)CCC(*)=O)cc2)C(=O)OCCCCCC)cc1,egc,5.1422,5.023439952566011,4.990937538599979,True
*C=Cc1csc(C=Cc2cccc(*)n2)c1CCCCCCCC,egc,3.2647,2.1007714748399975,2.1241985903927767,True
*CCOCCOCCOC(=O)CCCCCC(=O)O*,egc,6.1082,6.499942621580284,,False
*COc1ccc(C(=C(Cl)Cl)c2ccc(O*)cc2)cc1,egc,4.1966,3.921891211824436,,False
*CC(COc1c(Cl)cc(Cl)cc1Cl)O*,egc,4.5851,4.498053061595712,,False
*Nc1cc(C)c(*)cc1C,egc,3.9275,3.8944632079360457,,False
*Oc1ccc(Cc2ccc(*)cc2)cc1,egc,4.9481,4.605361290615871,,False
*c1ccc(-c2ccc(N3C(=O)c4ccc(S(=O)(=O)c5ccc6c(c5)C(=O)N(*)C6=O)cc4C3=O)cc2C(F)(F)F)c(C(F)(F)F)c1,egc,3.252,2.924162300881822,,False
*CC1(*)CCCCC1,egc,6.3291,6.5707662517095295,,False
*CCCCCCCCCCOC(=O)CCCCCCC(=O)O*,egc,6.7689,6.684981878966222,6.664102558345381,True
*Oc1ccc(C(=O)Nc2ccc(SCCC(*)=O)cc2)cc1,egc,3.9873,3.777307471007808,,False
*CCCCCCCCCc1nc2ccc(-c3ccc4nc(*)oc4c3)cc2o1,egc,4.1522,4.0379015577708275,4.300466436892529,True
*CCCCCC(=O)O*,egc,6.6614,6.690947118116217,,False
*CCc1c(Cl)c(Cl)c(*)c(Cl)c1Cl,egc,4.5904,4.094146338806542,,False
*CC(CCl)(CCl)COC(=O)CCCCCCCCC(=O)O*,egc,6.9205,6.46006992115755,6.492533233134722,True
*Oc1ccc(S(=O)(=O)NCCNS(=O)(=O)c2ccc(*)cc2)cc1,egc,4.6084,4.582776150330743,4.103627069491319,True
*CC(*)c1cc[n+](CCCC)cc1,egc,0.5958,3.136521693582599,0.9278884890093284,True
*NC(=S)C(C=C1)=CC=C1C(=S)*,egc,1.0444,2.5528057922521596,2.1357010929681546,True
*CCCCCCCCCCC(=O)NCCCCCOCCCCCNC(=O)CCCCO*,egc,5.6858,5.694078344842808,5.7819815829202375,True
*C(=O)OC1CCC(OC(=O)N2CCN(*)CC2)CC1,egc,5.8355,5.736887217536039,,False
*Nc1ccc(C=Cc2ccc(NC(=C(C#N)C#N)c3ccc(C(*)=C(C#N)C#N)cc3)cc2)cc1,egc,2.0414,2.1160350816567655,2.2438604926361236,True
*C1C2CC(C)C(C2)C1*,egc,6.0638,5.854706275431926,,False
*C(=O)NC(=O)CNC(=O)ON*,egc,5.7289,5.40517845379879,,False
*Oc1ccc(OC(=O)Oc2ccc(OC(*)=O)cc2)cc1Cl,egc,5.1691,4.4006378552409435,4.66315485897967,True
*c1[nH]c(*)c2c1CCC2,egc,2.6564,3.1444796014526677,,False
*CCCP(CCCCCCCC)CCCNC(=O)C(=O)N*,egc,4.1641,5.273396564573191,,False
*CC(C=C1)=CC=C1C(=S)C(S2)=CC=C2*,egc,2.7917,2.592504825709234,2.810603700547786,True
*CCCCCCCCCCCCOC(=O)c1cccc(C(=O)O*)c1,egc,5.1678,4.9057093564455805,,False
*NNC(=O)C1CCC(C(=O)NNC(=O)CCCCC(*)=O)CC1,egc,4.9352,5.666238117628953,,False
*CCCCCCNC(=O)CCC=CCCC(=O)N*,egc,5.6458,5.659742543201971,5.592914470285297,True
*CC(C1=CC=CC=N1)CC(C2=CC=CC=N2)CC(C3=CC=CC=N3)*,egc,5.3668,4.012950265786118,4.55131609665978,True
*CC(OC=O)C(COC(=O)O*)OC=O,egc,7.0946,6.441053239211347,,False
*CCCCCCNC(=O)CCCCCC(=O)N*,egc,5.936,5.860256204780491,,False
*c1ccc(-c2ccc(-c3sc(*)c4c3OCCO4)s2)s1,egc,1.3916,1.8678831865584251,,False
*c1ccc(C(c2ccccc2)(c2ccc(-c3nc4ccc(-c5ccc6nc(*)oc6c5)cc4o3)cc2)C(F)(F)F)cc1,egc,3.4178,3.0587010219048967,,False
*CCN(*)C(=O)c1c(F)cc(F)c(F)c1F,egc,4.9884,4.728334408772613,,False
*C(F)(F)C(C=C1)=CC=C1C(F)(F)C(S2)=CC=C2*,egc,4.7168,3.779059006317517,,False
*OS(=O)(=O)c1cc(S(=O)(=O)Oc2ccc(C3(c4ccc(*)cc4)CCCC3)cc2)ccc1C,egc,3.9679,3.79872839248969,4.546923031552848,True
*CC(*)(C)C(=O)OCc1ccc(Cl)cc1Cl,egc,4.8651,4.566237334538882,4.680868115358723,True
*NC1CC1NC(=O)C1CC1C(*)=O,egc,5.9042,5.689104426156031,,False
*c1ccc(-c2csc(-c3cc(*)cs3)c2)cc1,egc,3.4782,2.819069071301073,,False
*CCCCCCCCCCCCCCCC[N+](C)(C)CCCCCC[N+](*)(C)C,egc,0.1771,0.8203565594112074,,False
*C(C=C1)=CC=C1OC(C=C2)=CC=C2O*,egc,4.7875,4.559663782244512,,False
*CC1CCCC(CNC(=O)c2cccc(C(=O)N*)c2)C1,egc,4.8123,4.99922887526168,4.942543704217028,True
*Oc1ccc(NC(=O)NCCCCCCNC(*)=O)cc1C,egc,4.8377,4.809682618659261,4.994769600540632,True
*c1nc2c(n1C)C(=O)N(*)C2=O,egc,4.0674,3.2005181878823503,4.049389497902229,True
*CCCCCCCCNC(=O)CCCCCCCCCCCCCCCCCCC(=O)N*,egc,5.8607,5.924361251505182,5.9533124913443505,True
*OC(F)(F)OC(F)(F)C(*)(F)F,egc,9.8151,8.788439874187965,9.517895364723854,True
*Cc1c(O)c(CNC(=O)N*)cc(C(CC)=NO)c1O,egc,4.9442,4.067265153734983,,False
*NC(CC(*)=O)C(C)C,egc,5.9638,5.7552788522351195,5.849697349389037,True
*CCSSCCO*,egc,5.6114,5.078139660261686,5.0621789997903806,True
*CC(C[N-][N+]#N)O*,egc,5.5722,5.299381962230237,,False
*c1cc(CCS(=O)(=O)O)c(*)s1,egc,2.5623,3.0218865250196463,2.682320816395029,True
*CCCCOC(=O)Cc1ccc(CC(=O)O*)cc1,egc,5.4635,5.401638547670488,,False
*C=CC(C)C(*)C,egc,5.2899,5.0496563247065,,False
*CCCCC(=O)O*,egc,6.623,6.723039690569688,,False
*CC(O)COc1ccc(S(=O)(=O)c2ccc(O*)c(C)c2)cc1C,egc,4.1274,4.095715541278348,,False
*C(=O)c1ccc2nc(-c3ccccc3)c(-c3ccc(-c4nc5ccc(*)cc5nc4-c4ccccc4)cc3)nc2c1,egc,3.1886,3.0263835378296178,,False
*Cc1ccc(CNC(=O)CCCCCCCCCCC(=O)N*)cc1,egc,5.2323,5.2185202319645105,5.1700138062332535,True
*C=C(*)c1ccc(C(=O)Oc2c(F)c(F)c(F)c(F)c2F)cc1,egc,1.1102,1.7055421248155305,,False
*Nc1ccc(-c2ccc(NC(=O)CCCCCCCCC(*)=O)c(O)c2)cc1O,egc,3.9935,3.640148231390844,3.9765502204412457,True
*CCc1nnc(*)n1N,egc,5.722,5.101215610303602,,False
*c1cc(CCN(CC)c2ccc(N=Nc3ccc(C=C(C#N)C#N)cc3)cc2)c(*)s1,egc,1.3795,2.230705706414838,,False
*OP(=O)(Oc1ccc(C(C)(C)c2ccc(*)cc2)cc1)c1ccccc1,egc,4.2511,4.6733383591003115,,False
*CC(*)OC(=O)CC1CCCC1,egc,6.5327,6.443447842440432,,False
*c1ccc(-c2ccc(-c3ccc(*)s3)s2)[nH]1,egc,2.182,2.3905217223939106,,False
*Nc1ccc(NC(=O)c2ccc(C(*)=O)cc2F)cc1F,egc,3.5151,3.39975285937005,,False
*C(=O)CCCCC(=O)N1CCN(*)CC1,egc,5.6091,5.569622084044806,5.695487724075639,True
*CCCCCCOC(=O)CCCCCC(=O)O*,egc,6.502,6.746145910958991,,False
*c1cc(C#N)c(*)s1,egc,1.691,2.1221230804373543,,False
*c1cc(OCC(=O)C23CC4CC(CC(C4)C2)C3)c(*)cc1OC,egc,4.0135,4.221485022486938,3.97598429115275,True
*Oc1ccc(-c2ccc(Oc3ccc(C(C)(C)c4ccc(*)cc4)cc3)cc2)cc1,egc,4.2484,3.806049751904028,4.0586074939692285,True
*CC(C)C=C(*)C,egc,5.1994,5.527536321680209,5.273427798801223,True
*C#CC#Cc1ccc(-c2ccc(*)s2)s1,egc,1.5899,1.827950745532714,,False
*CC(*)C(=O)Oc1ccc(C(C)=NNC(N)=O)c(O)c1,egc,3.6909,3.8536599063373225,4.114480886560743,True
*C1=CSC(=C2SC=C(c3ccc(*)cc3)S2)S1,egc,2.2436,2.664659336236403,,False
*CCCCCCCCCCCCCCCCCCCCC(*)Cl,egc,7.136,6.586943621510078,,False
*c1cc(N=Nc2ccc(OC)cc2)cc(*)c1O,egc,3.0241,2.8845414427873592,,False
*c1ccc(-c2nc3cc(Oc4ccc5nc(*)c(-c6ccccc6)nc5c4)ccc3nc2-c2ccccc2)cc1,egc,3.1353,3.076683434209562,,False
*Nc1cc(*)ccc1CCCCCCCCCCCC,egc,4.025,3.65853337659375,,False
*C=C1CCCCC(=Cc2ccc(Sc3ccc(*)o3)o2)C1=O,egc,2.9583,2.6792945425230443,2.7738328065041165,True
*c1ccc(OC(=O)c2cccc(C(=O)Oc3ccc(C4(*)OC(=O)c5ccccc54)cc3)c2)cc1,egc,3.9147,3.640580560029828,,False
*CCCCCCCCc1nnc(-c2cccc(-c3nnc(*)o3)c2)o1,egc,4.3273,4.036465507109578,4.679922805714428,True
*OC(F)(C(*)(F)F)C(F)(F)F,egc,8.6002,8.310357160234735,,False
*CCC(C)CCC(=O)N*,egc,5.8159,5.979257615325224,5.996531618222031,True
*c1ccc(Cc2ccc(-n3c(=O)c4cc5c(=O)n(*)c(=O)c5cc4c3=O)cc2)cc1,egc,2.6697,2.608091446436322,,False
*OC(C)CC(*)=O,egc,6.4371,6.345896505543064,6.389584624308768,True
*c1ccc2cc(-c3nc4cc5sc(*)nc5cc4s3)ccc2c1,egc,3.27,3.209212145600988,,False
*c1cc(C(C(=O)OC)C(=O)OC)c(*)s1,egc,2.7717,2.7187502554351077,,False
*OC1C(C)(C)C(*)C1(C)C,egc,5.3323,6.010955386186025,,False
*CCCCCOC(=O)Nc1ccc(C)c(NC(=O)O*)c1,egc,5.0895,4.953698215297842,,False
*C1=CC2=CC(*)=NC2=N1,egc,1.0627,3.1191037544436377,1.4146510463291637,True
*CCCCCOC(=O)C(=O)O*,egc,5.5658,5.779806522763324,,False
*c1nc(Cl)nc(N(c2ccccc2)c2nc(Nc3ccccc3)nc(N(*)c3ccccc3)n2)n1,egc,3.6448,3.3607282946064587,,False
*C(=O)Nc1ccc(Cc2ccc(NC(=O)c3ccc4c(c3)C(=O)N(c3ccc(S(=O)(=O)c5ccc(N6C(=O)c7ccc(*)cc7C6=O)cc5)cc3)C4=O)cc2)cc1,egc,2.5578,2.6950827527012726,2.7741751776145542,True
*Oc1ccc(CC(*)=O)cc1,egc,4.8618,4.56570009237358,,False
*CC(*)C(=O)Oc1cccc(C)c1,egc,4.8262,4.925637809908792,4.890428008013056,True
*C(=O)C(S1)=CC=C1C(S2)=CC=C2C(S3)=CC=C3*,egc,1.9407,2.063710363599593,,False
*CCCCCCCCCCCCNC(=O)CCCCC(=O)N*,egc,5.5516,5.911601128893746,,False
*C(=O)CCCCCCCCC(=O)N1CC(C)N(*)CC1C,egc,5.7455,5.750436111915054,,False
*NC(S1)=CC=C1C(=S)C(C=C2)=CC=C2*,egc,2.3153,2.3512775238168193,,False
*CCOCCOCCOC(=O)CCSCCC(=O)O*,egc,5.3579,5.424211520415574,,False
*C(F)(F)C(F)(F)NC(C=C1)=CC=C1*,egc,4.4728,4.235852891727763,,False
*CCCCCCCCCCNC(=O)CCCCC(=O)N*,egc,5.8086,5.924915274534335,5.848650615410247,True
*OC(CC(*)=O)C(C)(Cl)Cl,egc,6.4677,5.692153731118407,5.9669355190932025,True
*CC(=O)C(=S)C(S1)=CC=C1*,egc,2.5515,2.512692026552787,2.2820198432503607,True
*CCCCCCOC(=O)NCCCCNC(=O)O*,egc,6.3921,6.253930938206718,6.18834086459416,True
*NC(CSSCc1ccccc1)C(*)=O,egc,4.9511,4.368922733793509,4.612055513820052,True
*c1ccc(-c2ccc(-c3cc(SCCCCCCCCCC)c(*)s3)cc2)cc1,egc,3.0684,2.4941812696169947,,False
*CCCO*,egc,6.2459,6.077067447000293,,False
*CC1CCC(CNC(=O)c2cc(C(=O)N*)cc(C(C)(C)C)c2)CC1,egc,4.8744,4.82477203641949,4.893462968746991,True
*CCCCCNC(=O)CCCCCCC(=O)N*,egc,5.9286,5.869724520448517,5.874607223568096,True
*CCCCNC(=O)CCCCCCCCCCC(=O)N*,egc,5.9492,5.788579381186736,5.865065658208758,True
*CC(=O)C(*)C,egc,4.7758,5.202154424832478,,False
*N=C(O)N=C(*)N=C(N)N,egc,3.4308,3.749632445360749,3.4239960914741334,True
*CC(=S)CC(=S)*,egc,2.5423,3.0288118212073587,,False
*Nc1ccc(Br)cc1-c1ccc(NC(=O)c2ccc(C(*)=O)cc2)cc1,egc,3.4431,3.2446288621131796,,False
*C(=O)c1ccc(C(=O)N(C)N(*)C)cc1,egc,4.0457,4.618961318886687,4.526724484578794,True
*CCOC(=O)c1ccc(NC(=O)CCCCCCCC(=O)Nc2ccc(C(=O)O*)cc2)cc1,egc,4.188,4.313959078369572,,False
*CC(CC)(CCl)CO*,egc,6.1616,6.099576479741096,,False
*CCOCCOC(=O)C1CCC(C(=O)O*)CC1,egc,6.6414,6.180122509298367,6.409009447323411,True
*C(=O)Nc1cccc(NC(=O)c2cccc(NC(=O)c3ccc(-c4nc5cc(*)ccc5[nH]4)cc3)c2)c1,egc,3.3084,3.024236525672238,3.2304825107913904,True
*C=CCCCCCCCCCC*,egc,5.8787,5.9058559575204255,6.058303170778103,True
*CC(*)OCC(=O)OC,egc,5.3903,6.056892277716558,,False
*Nc1ccc(-c2ccc(NC(=O)c3cc(C(=O)O)c(C(*)=O)cc3C(=O)O)cc2)cc1,egc,3.2555,3.0731238929281517,,False
*CC(O*)C1CC(F)(F)C1(F)F,egc,6.5249,6.71818466060315,,False
*c1sc(-c2cc(OCCCCC)c(*)s2)cc1OCCCCC,egc,1.2005,2.036288290301039,,False
*CCCCCCCCCCNC(=O)NCCCCCCCCNC(=O)N*,egc,5.9409,5.656303318817511,,False
O(*)c1ccc(cc1)C(=O)Nc1ccc(cc1)S(=O)(=O)c1ccc(cc1)NC(=O)c1ccc(cc1)(*),egc,3.8301,3.3348673556819755,,False
*NC(C)(C)CC(*)=O,egc,5.5484,5.839153055768549,,False
*c1ccc(*)n1C(C(=O)NO)n1c2ccccc2c2ccccc21,egc,2.9081,2.978611733670809,,False
*OC(=O)CCCCCC(*)=O,egc,5.9809,6.239642243171485,6.251713379315254,True
*CCCCCCCCCCCCCCCCCCCCCC(=O)N*,egc,5.9891,6.054416491725463,,False
*c1cc(C(c2ccc(O)c(-n3c(=O)c4cc5c(=O)n(*)c(=O)c5cc4c3=O)c2)(C(F)(F)F)C(F)(F)F)ccc1O,egc,2.3838,2.9394771846191383,,False
*CCCCCCCCCCNC(=O)CCCCCCCCCCCCCCC(=O)N*,egc,5.8964,5.933320872350959,5.939466268185368,True
*CC(COc1ccc(-c2ccc(C#N)cc2)cc1)O*,egc,4.4378,3.948903981117138,4.034326337346551,True
*CCCCCCCCCCNC(=O)NCCCCCCNC(=O)N*,egc,5.6863,5.6767646422155345,,False
*Nc1cc(NC(=O)c2cccc(C(*)=O)c2)c(N)cc1N,egc,3.509,3.1058077795678813,,False
*CC(*)c1ccc(CCCCCCCCCCCCCCCC)cc1,egc,5.0097,4.311638303229718,,False
*CC(CS(=O)(=O)C(C)C)O*,egc,5.0712,5.387102018804203,,False
*CC(=S)CO*,egc,3.0342,3.6922222416946218,,False
*NC(=S)C(=C1)SC(=C1)C(=S)*,egc,2.1587,2.3350800700056027,,False
*Oc1ccc2ccc(OC(=O)Oc3ccc(OC(*)=O)cc3)cc2c1,egc,4.3295,4.359602553409789,,False
*CC(*)C(=O)OCC(F)(F)C(F)(F)OC(F)(F)F,egc,6.5517,7.123997496102267,,False
*CCN(*)C(=O)c1c(F)cccc1F,egc,4.4989,4.869615878011278,4.761339727122677,True
*CCCCCCCCCCCCCCCCCCOCO*,egc,6.7236,6.354638081456341,,False
*CC(C)(C)COC(=O)O*,egc,7.3547,6.777199712864487,,False
*OC(COCCOC)COC(*)=O,egc,6.2142,6.029081358905631,6.011014880673029,True
*OC(=O)CCCCCCCCCCC(*)=O,egc,6.499,6.256493557319001,6.440231615279638,True
*CC(OCC)C(C#N)(C#N)C(*)(C#N)C(=O)OC,egc,5.4657,5.902052668635114,6.075397837796388,True
*Oc1ccc(S(=O)(=O)c2ccc3cc(S(=O)(=O)c4ccc(Oc5c(C)cc(-c6cc(C)c(*)c(C)c6C)c(C)c5C)cc4)ccc3c2)cc1,egc,3.4715,3.234672784752078,,False
*c1ccc(N2C(=O)c3ccc(Oc4ccc5c(c4)C(=O)N(*)C5=O)cc3C2=O)cc1,egc,3.4906,3.1694992305090146,2.9022267466672775,True
*CCC(C)C(C)CCNC(=O)c1cccc(C(=O)N*)c1,egc,4.994,4.922249483296429,4.90107585536591,True
*Cc1ccc(CN2CCN(*)C(C)C2)cc1,egc,4.6219,4.29072837540951,,False
*c1ccc2c(c1)c1cc(*)ccc1n2CC1CO1,egc,3.2508,3.486075407977898,,False
*c1ccc(Nc2cc(C)c(*)s2)cc1,egc,3.2402,2.8472769140408687,,False
*CCCOC(=O)CCCCSCCCCC(=O)O*,egc,5.3966,5.299383535314461,5.585001696705255,True
*COCC(C)O*,egc,6.2765,6.142827598995886,6.373028930111168,True
*CC(*)OC(=O)c1ccc(OC)cc1,egc,4.435,4.526356831225551,,False
*OC(=O)C(Cc1ccccc1)NC(=O)CCCCC(=O)NC(Cc1ccccc1)C(=O)OC1COC2C(*)COC12,egc,5.287,5.297101417708331,,False
*NC(C=C1)=CC=C1NC(S2)=CC=C2*,egc,3.8931,3.3036170529555267,2.964890515307078,True
*c1ccc(NC(=O)c2cccc(C(=O)Nc3ccc(-n4c(=O)c5cc6c(=O)n(*)c(=O)c6cc5c4=O)cc3)c2)cc1,egc,2.46,2.1610142129425696,,False
*CCCCCCNC(=O)C(CC)CC(CC)C(=O)N*,egc,5.6687,5.848656164432377,,False
*Oc1ccc(C2(c3ccc(OC(=O)c4ccc(C(*)=O)cc4)cc3)c3ccccc3-c3ccccc32)cc1,egc,3.1166,3.472593243832901,,False
*CC(*)(F)C(=O)OCC(F)(F)C(F)(F)F,egc,6.4706,6.51522408316558,,False
*NC1CC(CCC(*)=O)C1(C)C,egc,5.7546,5.63645112980911,,False
*CC1(C)CC(N2C(=O)c3ccc(-c4ccc5c(c4)C(=O)N(*)C5=O)cc3C2=O)CC(C)(C)C1,egc,3.6926,3.2674873750789732,,False
*CCOCO*,egc,6.6358,6.44747626428035,,False
*CCCCCCCCCCCNC(=O)CCCCC(=O)N*,egc,6.1376,5.752634241146171,,False
*OC(=O)CCCCCCCCCCCCC(*)=O,egc,6.2591,6.357155565809528,,False
*C(=O)c1ccc2c(c1)C(=O)N(c1ccc(N3C(=O)c4ccc(*)cc4C3=O)nc1)C2=O,egc,3.0206,2.8362978067036,,False
*NC(C)CNC(=O)C1CC1C(*)=O,egc,5.5051,5.949967302293797,5.677299957930009,True
*c1cc(C(=O)CC)c(*)[nH]1,egc,3.012,2.9845424588973337,3.0055065027646184,True
*OC(CC(*)=O)C1CCC=CO1,egc,4.8999,5.8800021803848495,5.609280660819146,True
*NNC(=O)CCCCCCCCCCCCCCCCC(*)=O,egc,5.9847,5.835019301965147,5.757864899642409,True
*C([2H])([2H])C(*)([2H])C([2H])=C([2H])[2H],egc,5.9833,4.207751371041607,,False
*C(=O)c1ccc2c(c1)C(=O)N(c1ccc(C(=O)c3cccc(C(=O)c4ccc(N5C(=O)c6ccc(*)cc6C5=O)cc4)c3)cc1)C2=O,egc,2.9294,2.7009097750656115,2.6235626688906093,True
*CC(*)OCCCCCCCCCCCC,egc,5.4919,5.873495683675949,,False
*CCCCCCCCC(*)Cl,egc,6.9974,6.508834803310566,,False
*Oc1ccc(N=CNc2ccc(*)cc2)cc1,egc,3.7365,3.1428219627279383,3.890469252112199,True
*OP(=O)(Oc1ccc(-c2ccc(*)cc2)cc1)c1ccccc1,egc,4.2408,4.2046979730328,4.199373370434842,True
*OC(=O)CS(=O)(=O)Cc1ccc(CS(=O)(=O)CC(*)=O)cc1,egc,4.9033,4.838868865223752,,False
*c1ccc(S(=O)(=O)c2ccc(-n3nc(*)c4ccccc4c3=O)cc2)cc1,egc,3.8603,3.319793526569002,,False
*C(C=C1)=CC=C1C(S2)=CC=C2OC(S3)=CC=C3*,egc,3.0679,2.9195344976691615,,False
*CC=CCOC(=O)NCCCCCCNC(=O)O*,egc,5.7218,5.814478987559039,5.933505193051747,True
*CCCCCCCCCCCCOC(=O)CCCCCCCCCCCCC(=O)O*,egc,6.4766,6.629080377900813,,False
*c1ccc(-c2ccc(-c3ccc(*)s3)o2)o1,egc,1.6749,2.807530342267404,,False
*C=CC(C*)CCC,egc,5.7221,5.256659957739507,5.371710981309106,True
*CNOC(C=C1)=CC=C1*,egc,4.831,4.55585918226172,,False
*c1cc(CCCCCCCCCC2COC(=O)O2)c(*)s1,egc,2.5293,2.8711879375356895,,False
*C(=O)OC1CC(*)N(C(=O)OCc2ccccc2)C1,egc,5.588,4.834379932309509,5.589353567374257,True
*C(=O)NNC(=O)c1cnc(*)cn1,egc,3.0611,3.7782776502155015,,False
*c1[nH]c(*)c(CC(=O)OC)c1CC(=O)OC,egc,3.2776,3.7839420256363674,,False
*Nc1ccccc1NC(=O)c1cccc(C(*)=O)c1,egc,3.6159,3.694484829582834,,False
*NC(CC(*)=O)C(=O)OCC,egc,5.9557,5.952068258304785,5.943357910302943,True
*CCC[Si](C)(C)O[Si](C)(C)CCCn1c(=O)c2cc3c(=O)n(*)c(=O)c3cc2c1=O,egc,3.5354,2.972081207860421,,False
*CC(*)(C#N)C(=O)OCCCCCCC,egc,6.3455,6.386534735468758,,False
*c1ccc2c(c1)c1cc(*)ccc1n2-c1ccccc1,egc,3.553,3.2214179886838075,,False
*Oc1ccc(-c2ccc(OC(=O)CCCCCCCCC(*)=O)cc2)cc1,egc,4.5699,4.473143062129819,,False
*CCOC(=O)c1ccc(C(=O)NCCCCCCCCCCCCNC(=O)c2ccc(C(=O)O*)cc2)cc1,egc,4.4904,4.309406189152995,,False
*CCCOC(=O)CCCC(=O)O*,egc,6.7627,6.694970777038999,6.72920335432772,True
*CCCOC(=O)CCC(C)CC(=O)O*,egc,6.7963,6.704948301248177,,False
*OC1CCCCCC1*,egc,5.6512,5.6810132168418255,,False
*CC(CC(C)(C)C)O*,egc,5.3855,6.0025137647967215,,False
*CNCCCOCO*,egc,5.4895,5.9082510603883795,,False
*CCCCCNC(=S)N*,egc,4.4944,4.110064309605821,4.3194430016697964,True
*Nc6ccc(C5(c3ccc(NC(=O)Cc2ccc(Oc1ccc(C(*)=O)cc1)cc2)cc3)OC(=O)c4ccccc45)cc6,egc,4.1183,3.4983619880958443,3.4444958199309643,True
*CC1CCC(COC(=O)C2CCC(C(=O)O*)CC2)CC1,egc,6.6637,6.360178394559399,6.56734000641164,True
*CC(=O)C(C=C1)=CC=C1C(=O)*,egc,4.4703,3.3118716975713194,4.049334120265507,True
*c1sc(*)c([2H])c1[2H],egc,1.6361,2.6060364589469924,,False
*Cc1ccc(COC(=O)CCC(=O)O*)cc1,egc,5.464,5.404673118330738,,False
*CCCCCCCCCCCCCCOC(=O)CCCCC(=O)O*,egc,6.651,6.647275416871341,,False
*NC(C=C1)=CC=C1NO*,egc,3.151,4.234396973781092,4.235643724903875,True
*c1cc(CCOCCOC)c(*)[nH]1,egc,2.8631,2.8919910481164677,2.5749686898990194,True
*OC1CCC(OC(=O)CCCCC(*)=O)CC1,egc,6.706,6.526510893641635,,False
*C=Cc1ccc(*)n1CCCCCC,egc,1.5103,2.6257344496215844,1.5688090947934303,True
*c1[nH]c(*)c2c1CCCCC2,egc,3.1158,3.2153995502403485,2.7860545389915985,True
*CC(C)(C)COC(=O)NC(=O)c1cccc(C(=O)NC(=O)O*)c1,egc,4.9585,5.189655188602978,,False
*c1cccc2c(-n3c(=O)c4cc5c(=O)n(*)c(=O)c5cc4c3=O)cccc12,egc,2.5506,2.8445789268478774,,False
*c1ccc(C(c2ccccc2)c2ccc(N3C(=O)c4ccc(S(=O)(=O)c5ccc6c(c5)C(=O)N(*)C6=O)cc4C3=O)cc2)cc1,egc,2.8677,2.871705720030947,,False
*Nc1cc(*)ccc1N,egc,3.7339,3.689548641832612,,False
*CCCOC(=O)CCCCCCCC(=O)O*,egc,6.6032,6.746262321741265,6.69539421444424,True
*c1ccc(-c2nc3cc4nc(*)c(-c5ccccc5)nc4cc3nc2-c2ccccc2)cc1,egc,2.6364,3.1902065934336945,2.877411786655547,True
*C=Cc1ccc(*)nc1,egc,1.9268,2.6634458931101084,,False
*OC(F)(F)C(*)(F)F,egc,9.8627,8.38716100420604,,False
*Oc1ccc(OC(=O)c2cc(OCCCCCCOCCCCC)c(C(*)=O)cc2OCCCCCCOCCCCC)cc1,egc,3.6545,3.4618345282328793,3.2836409944323646,True
*OC1C(COC(C)=O)OC(*)C(OC(C)=O)C1O,egc,5.6034,6.370701250013171,5.96273516774356,True
*CCCCCCCCCCCCCCCCCCCCOC(=O)CCCCC(=O)O*,egc,6.8416,6.531699858567798,,False
*OCC(F)(F)C(F)(F)C(F)(F)COc1nc(F)nc(*)c1F,egc,5.4692,4.672788123787249,6.136222792300747,True
*Oc1cccc(C(=O)OCC(F)(F)C(F)(F)C(F)(F)COC(=O)c2cccc(*)c2)c1,egc,4.5011,4.4124203017093855,,False
*N=C(N=C(NC(C)=O)NC(C)=O)N=C(*)OC(C)=O,egc,3.7327,4.506809682003532,3.889270772853741,True
*CCCCCCNC(=O)CCCCCCC(=O)N*,egc,5.7328,5.8699269565545835,5.86840545910624,True
*C(S1)=CC=C1C(S2)=CC=C2*,egc,1.5925,2.407184794854363,,False
*CC1CC1CO*,egc,5.9176,6.233771478186202,,False
*CCOCC(=O)NCCCCCCNC(=O)CO*,egc,5.4615,5.807481162290923,,False
*c1ccc(-c2ccc(-c3cc(*)c4cccccc3-4)s2)s1,egc,2.0762,2.244619426832076,,False
*Oc1ccc(C(=O)CNNCC(=O)c2ccc(*)cc2)cc1,egc,4.1658,3.712413791871402,4.0479504784773095,True
*c1cc(CCCCCCCCCCCCCCCC)c(*)[nH]1,egc,3.0442,2.957183941401915,,False
*NC(C)(C)C(C)(C)C(*)=O,egc,5.4856,5.521282739423445,,False
*CCOCCOC(=O)CCC(C)CC(=O)O*,egc,6.43,6.510693117829379,,False
*c1ccc2c(c1)[Si](C)(C)c1cc(*)ccc1N2C,egc,3.6899,3.40083827977676,3.737918486290508,True
*CCCCCCCCCCC(=O)NCCCCCCNC(=O)CCCCO*,egc,5.9843,5.916091319472106,5.878787211240891,True
*CCOC(=O)Nc1ccc(NC(=O)O*)cc1,egc,4.8391,4.972808735461564,,False
*c1ccc(N(*)CCCCCC)cc1,egc,3.7028,4.248417192902861,,False
*CCCCCOC(=O)NNC(=O)CCCCCCCCC(=O)NNC(=O)O*,egc,5.6607,5.911039456099601,,False
*CC(*)(F)C(=O)OCCC(F)(F)C(F)(F)C(F)(F)C(F)(F)C(F)(F)C(F)(F)C(F)(F)C(F)(F)F,egc,6.6046,6.402372916590886,,False
*CCCCCCOC(=O)NCCSCCCCCSCCNC(=O)O*,egc,5.2279,5.117213899581659,,False
*NC(CCCNC(=O)c1ccc(F)cc1)C(*)=O,egc,4.7549,4.028523244804972,4.325114484373708,True
*NC(=O)C(=S)C(S1)=CC=C1*,egc,1.8546,2.489536731555269,1.849418585268896,True
*ON(C(F)(F)F)C(F)(Cl)C(*)(F)F,egc,6.7405,6.261666941164542,,False
*C(=O)NNC(=O)c1cccc(*)n1,egc,4.6124,4.256156504172009,,False
*CCC(C=C1)=CC=C1C(S2)=CC=C2*,egc,3.7098,3.4747291731238037,,False
*CNCC(C=C1)=CC=C1*,egc,4.958,4.525509955792976,4.824398630141747,True
*CCCCCCCCCO*,egc,6.1351,6.167648329379655,,False
*CCCCCCCc1nnc(CCCCc2nnc(*)o2)o1,egc,6.3226,5.5450469996492835,,False
*CC(C=C1)=CC=C1C(S2)=CC=C2C(C=C3)=CC=C3*,egc,3.4745,3.336939552850213,,False
*Oc1ccc(C(=O)NCCCCCCCCCCCCNC(=O)c2ccc(*)cc2)cc1,egc,4.4794,4.419248039322267,,False
*Oc1ccc(C(=O)OC(=O)c2ccc(*)cc2)cc1,egc,4.2788,4.160688449161754,4.10865249046947,True
*c1cc(-c2ccccc2)c(*)s1,egc,2.7439,2.531155378919643,,False
*C(c1cccs1)=c1ccc(=c2ccc(=C(c3cccs3)c3ccc(-c4ccc(*)s4)s3)s2)s1,egc,1.0381,1.6802598281636378,,False
*NC(S1)=CC=C1OC(S2)=CC=C2*,egc,4.3883,3.1753688605347175,,False
*CCC(*)=O,egc,5.3275,6.174884822981158,,False
*CCCCCCCCOC(=O)CCCCCCC(=O)O*,egc,6.7527,6.784080528596551,6.68865455327466,True
*CC(F)(F)C(F)(F)C(F)(F)COC(=O)CCCCC(=O)O*,egc,6.6433,6.772031433462254,,False
*C#Cc1sc(-c2sc(*)c3c2OCCO3)c2c1OCCO2,egc,1.7209,2.0553087328265893,1.1376269348658286,True
*OC1CCCCCCC1*,egc,5.2834,5.887143912447272,,False
*Oc1ccc(NC(=C(C#N)C#N)c2ccc(C(Nc3ccc(*)cc3)=C(C#N)C#N)cc2)cc1,egc,2.4883,2.79795006155757,2.789333537412741,True
*C=C1CCC(=Cc2ccc(*)cc2)C1=O,egc,2.5147,3.237233394396638,,False
*CC(C=C1)=CC=C1NC(=S)*,egc,3.793,3.660621611299564,,False
*c1cc(C=O)cc(*)c1O,egc,4.1592,3.595051838883262,,False
*CCCCCCCCNC(=O)CCCCCCCCC(=O)N*,egc,5.7713,5.867757178938279,5.869248851950596,True
*Nc1cc(F)c(*)cc1F,egc,3.4723,3.6592568772206193,3.6511993479192304,True
*CCCNC(=O)NCCCCCCNC(=O)O*,egc,5.4226,6.071765214572693,,False
*c1sc(*)c2c1OCC(CCCCCC)O2,egc,3.3322,1.9400715463676512,1.472797913084649,True
*CCCCCCCCCNC(=O)CCC=CCCC(=O)N*,egc,5.6551,5.5095999133600815,,False
*CC1CCCC(CNC(=O)CCCCCCCCCCC(=O)N*)C1,egc,5.83,5.819975548663279,5.7795573991358715,True
*NC(C=C)CC(*)=O,egc,5.5439,5.095316051157558,,False
C23C(C(=O)N(C1=CC=CC=C1C(F)(F)F)C2=O)C(C=*)OC3C=*,egc,5.2302,4.63287582237977,,False
*CC(C(=O)Oc1ccccc1)C(C(=O)O)C(*)(C)C,egc,5.2905,5.2816045515709735,5.3669920198597945,True
*C#CC(=C(*)c1ccccc1)c1ccccc1,egc,0.8829,2.113722481250933,,False
*Nc1cc(NC(=O)c2ccc(C(*)=O)cc2)ccc1Cl,egc,3.7621,3.4857984415530368,,False
*C=Cc1cc(Cl)c(*)cc1Cl,egc,3.2579,2.5805716918443444,2.8876292713361207,True
*C(=O)NCCNC(=O)c1ccc(N2C(=O)c3ccc(*)cc3C2=O)cc1,egc,3.6854,3.262176889619743,3.3955088781196974,True
*CC(*)OC(=O)C(F)(F)C(F)(F)C(F)(F)C(F)(F)F,egc,6.4713,6.562059471704139,,False
*c1cccc(N2C(=O)c3ccc(Oc4ccc(Oc5ccc(Oc6ccc7c(c6)C(=O)N(*)C7=O)cc5)cc4)cc3C2=O)c1,egc,3.2083,2.940633094213492,2.6696101320587227,True
*NC(CCCCN)C(*)=O,egc,5.1712,5.668344640809739,,False
*c1ccc(S(=O)(=O)c2ccc(-n3c(=O)c4cc5c(=O)n(*)c(=O)c5cc4c3=O)cc2)cc1,egc,2.8028,2.8516888560650586,,False
*CC(O)COc1ccc(C(C)(C)c2ccc(OCC(O)COc3cccc(O*)c3)cc2)cc1,egc,4.725,4.501504984068821,,False
*CC(*)c1ccc(C)c(C)c1,egc,4.4861,4.732402497986698,4.826543787045015,True
*CCCC(*)(C)Cl,egc,6.5311,6.3366341478214645,5.941323690374542,True
*CCC1CCC(*)C1,egc,7.1099,6.770893862975203,,False
*CC(C)(C)COC(=O)NCCOCCOCCNC(=O)O*,egc,5.7915,5.5583583119468996,,False
*NNC(=O)CCCCC(*)=O,egc,5.6711,5.7497684136239515,5.461968639460647,True
*Oc1ccc(Cc2ccc(OC(=O)c3cccc(C(*)=O)c3)cc2)cc1,egc,3.7336,3.974231546033923,,False
*NC(=O)C(S1)=CC=C1C(C=C2)=CC=C2*,egc,2.9223,3.419881655373688,3.4790703639772658,True
*c1ccc(-c2nc3ccc(-c4ccc5nc(*)oc5c4)cc3o2)cc1,egc,2.6967,3.145425748156621,3.0666968190970842,True
*CC(O)CN(*)c1ccc(N=Nc2ccc(C#N)cc2)cc1,egc,2.0164,2.9173758648257313,,False
*Oc1ccc(N=Cc2ccc(N(c3ccccc3)c3ccc(C=Nc4ccc(*)cc4)cc3)cc2)cc1,egc,2.7442,2.7443991138126935,,False
*C=CC1CC(*)C2CCCC12,egc,5.6651,5.3424149501472895,,False
*CCCCCCN(CC)C(=O)CCCCCCCCCCC(=O)N(*)CC,egc,5.6468,5.276727882175922,5.445201929349168,True
*CC(C)CO*,egc,5.976,5.851873821939964,,False
*CCCCCCCCCNC(=O)c1cccc(C(=O)N*)c1,egc,4.9596,4.961196813132515,5.0124907503237885,True
*CCOCCOC(=O)CCCCCC(=O)O*,egc,6.5004,6.300898884420349,6.522846380238334,True
*CCCCCCCCCCCCCCCCOC(=O)NCCCCCCCCCCNC(=O)O*,egc,6.3322,6.116576734991398,6.167700003845571,True
*CCCCCC(=O)NCCCCCCNC(=O)CCCCCO*,egc,5.7609,5.981354447790818,,False
*c1ccc(N(c2ccc(CCCC)cc2)c2ccc(-c3ccc(*)s3)cc2)cc1,egc,2.8955,2.7557854923375458,,False
*CCCCCOC(=O)NCCCCCCNC(=O)O*,egc,6.4123,6.3012381632497325,,False
*c1cc(N2C(=O)c3ccc(-c4ccc5c(c4)C(=O)N(*)C5=O)cc3C2=O)c(O)cc1O,egc,3.1117,3.063058338164972,,False
*CC#CCOC(=O)CCCCCCCCCCC(=O)O*,egc,6.5433,6.10153489767831,6.303549077198293,True
*c1ccc(-c2ccc(-c3ccc(-c4cc(-c5ccccc5)c5cc(Oc6ccc7nc(*)cc(-c8ccccc8)c7c6)ccc5n4)cc3)cc2)cc1,egc,3.1875,3.0528269105597645,3.158344406445627,True
*CCCP(CCCNC(=O)CCCCCCCCC(=O)N*)c1ccccc1,egc,4.6632,4.949861901100635,4.935881337354723,True
*CCC(S1)=CC=C1O*,egc,4.8828,4.540125390387202,4.542124471419481,True
*Oc1c(C)c(C)c(Oc2ccc(NC(=O)c3ccc(C(=O)Nc4ccc(*)cc4)cc3)cc2)c(C)c1C,egc,3.2842,3.575130423164285,3.208852042989906,True
*CCCCCNC(=O)CC(=O)N*,egc,5.7523,5.761909495087085,,False
*c1ccc2c(c1)Cc1cc(*)ccc1-2,egc,3.7772,3.5864360492517835,,False
*CC(=O)NC(=S)*,egc,2.887,3.6855558028178543,2.9102533269799786,True
*c1ccc(-c2cnc3cc(S(=O)(=O)c4ccc5nc(*)cnc5c4)ccc3n2)cc1,egc,3.1704,3.086972486684265,,False
*Nc1c(OC)cc(*)cc1OC,egc,3.4275,4.031137696212493,,False
*Oc1ccc(CC(C#N)(C#N)Cc2ccc(*)cc2)cc1,egc,4.9531,4.902497967427322,4.558762672841116,True
*CCCCCCCCC(=O)NCCCCCCNC(=O)CCCO*,egc,5.9837,5.875009312635459,,False
*CCCCCCC(=O)NCCCCCOCCCCCNC(=O)CCCO*,egc,5.944,5.802225881904206,5.686764686139502,True
*N=C1C=CC(*)C=C1Cl,egc,4.0784,2.582176986599826,2.3419884566506104,True
*CCCCCCCNC(=S)N*,egc,4.3034,4.089621902075029,,False
*Oc1ccc(OC(=O)c2ccc(C(*)=O)cc2)cc1C1CCCCCCC1,egc,3.5292,3.5357483957634677,,False
*NC(CCCCNC(*)=O)C(=O)OC,egc,6.2157,5.681750500580829,,False
*CNC(=S)C(S1)=CC=C1*,egc,3.5084,2.5179178790445644,,False
*CCCCCOC(=O)NCCSCCCCCSCCNC(=O)O*,egc,5.3077,5.16683606032592,,False
*N=Nc1ccc(NC(=O)CCC(=O)Nc2ccc(*)cc2)cc1,egc,2.9351,3.1817958489930143,,False
*CC1CC1COC(=O)NCCCCCCNC(=O)O*,egc,6.2321,6.404866236609579,,False
*c1ccc2cc(*)n(C(C(=O)OCC)n3ccc4ccccc43)c2c1,egc,4.2748,3.3555107879762236,,False
*CNC(=O)CCCC(=O)N*,egc,6.1798,5.910959436002746,5.902773381710301,True
*Oc1ccc(C(=O)Nc2ccc(S(=O)(=O)c3ccc(NC(=O)c4ccc(Oc5nc(*)nc(Sc6ccccc6)n5)cc4)cc3)cc2)cc1,egc,3.8673,3.345765672286015,3.4662579824015243,True
*CCCCCCCCc1nc2cc3sc(*)nc3cc2s1,egc,4.3173,4.2892050300548625,,False
*OC(C)CCC(C)OC(=O)CCCCC(*)=O,egc,6.4506,6.449066934453799,,False
*CC1CCC(COC(=O)CCCCCCCCC(=O)O*)CC1,egc,6.7673,6.5229142043376305,,False
*CCCCCCOC(=O)CCC=CCCC(=O)O*,egc,5.9212,6.139930955907048,,False
*Oc1ccc2ccccc2c1N=Nc1ccc(C(*)=O)cc1,egc,2.8394,3.1567513240622187,,False
*CCCN(*)C,egc,4.8968,5.004198802677334,4.75343727646552,True
*C#CC#Cc1ccc(*)s1,egc,1.5604,2.2959945330464606,1.3715351554533852,True
*CC(*)c1ccc(Cl)c([N+](=O)[O-])c1,egc,1.4833,2.533407663412556,,False
*CCCCCCCCCCCCNC(=O)CC(=O)N*,egc,5.7842,5.829390683893802,5.755339814652966,True
*C=C(*)CNS(=O)(=O)Cc1ccccc1,egc,3.9211,3.000691986392118,,False
*CCCCCCCCCCOC(=O)CCCCCCCCC(=O)O*,egc,6.7107,6.617076419627005,,False
*c1cccc(Cc2cccc(-n3c(=O)c4cc5c(=O)n(*)c(=O)c5cc4c3=O)c2)c1,egc,2.645,2.6731423311255296,,False
*Oc1cc(Cl)cc(Cl)c1*,egc,4.3654,4.224591260810953,4.0555896113117935,True
*c1ccc2c(c1)Cc1cc(-n3c(=O)c4cc5c(=O)n(*)c(=O)c5cc4c3=O)ccc1-2,egc,2.1333,2.378659997140581,2.264149158291526,True
*Oc1ccc(Oc2cccc(*)n2)c(C)c1,egc,4.4881,4.2923108483179915,,False
*N=c1c(=Nc2ccc(*)cc2)c2cccc3cccc1c32,egc,2.1929,2.675114171600731,,False
*C=CC1CC(*)C2CC=CC12,egc,5.3836,5.08571079783626,,False
*NC(=O)C(S1)=CC=C1C(=O)*,egc,3.683,3.2938309802445183,,False
*CCC(F)(F)C(*)(F)F,egc,8.6882,7.229496895460701,,False
*OC1OC(*)C2CCCCC12,egc,6.0383,6.071999507496081,6.315518134660141,True
*c1ccc2nc(*)oc2c1,egc,3.8571,3.790723548096636,3.7049021001907123,True
*CC(C)(CCC)C(=O)O*,egc,6.7802,6.441302288322723,,False
*Nc1cnc(*)c(O)c1,egc,3.3471,3.7769647848275256,,False
*C(=O)c1ccc2c(c1)C(=O)N(c1ccc(Oc3ccc(-c4ccc(Oc5ccc(N6C(=O)c7ccc(*)cc7C6=O)cc5)cc4)cc3)cc1)C2=O,egc,2.0335,2.6038079569920356,,False
*CC(*)(C)C(=O)Oc1ccc(C(=O)C=Cc2ccc(Cl)cc2)cc1,egc,2.9358,3.2196065679896453,3.2940832127756683,True
*c1ccc(-c2cc(CCCCCCCCCCCC)c(*)s2)s1,egc,1.5458,2.2589226035152703,,False
*CC(*)c1ccc(F)cc1,egc,2.0489,3.2622527387596265,,False
*c1ccc(-c2cnc3ccc(S(=O)(=O)c4ccc5ncc(*)nc5c4)cc3n2)cc1,egc,3.2952,3.218436630701197,,False
*c1ccc(C(=O)Nc2ccc(Oc3ccc(NC(=O)c4ccc(Oc5ccc(-c6nn(*)c(=O)c7ccccc67)c6ccccc56)cc4)cc3)cc2)cc1,egc,3.2201,3.0524641363641987,2.985247718317316,True
*c1ccc(N2C(=O)c3ccc(-c4cccc5c4C(=O)N(c4ccc6[nH]c(*)nc6c4)C5=O)cc3C2=O)cc1,egc,2.9114,2.4256217738644144,2.2821716506956005,True
*C(*)F,egc,6.7608,5.893594204646117,7.5656613560215105,True
*CC(CO)(CO)CO*,egc,5.7959,5.986072162861558,5.640451070555697,True
*C(C)C(*)C(=O)OC,egc,6.2685,6.26411630311486,,False
*C(F)(F)NC(F)(F)O*,egc,8.2061,6.974102417052262,6.628448113162903,True
*c1ccc(*)c(N(C)C)c1,egc,4.5555,3.5780696342824037,4.455063011584993,True
*C=C(*)CO,egc,4.3592,4.601262775448217,,False
*c1cc(CCCCCCCCCC2COC(c3ccccc3)O2)c(*)s1,egc,3.048,2.6672334703301708,3.0415446148438363,True
*c1ccc(C(C#N)(C#N)C(*)(C#N)C#N)cc1,egc,4.6823,4.895695011696596,5.6034316088896166,True
*CC(CS(=O)(=O)CCC)O*,egc,6.0251,5.4677309510378365,,False
*CCCOC(=O)NCCCCCCNC(=O)O*,egc,6.2372,6.145334260971054,6.102621075548337,True
*c1cc(CCCCCCCCCCCC)c(*)s1,egc,2.7478,2.4763271726802087,2.2661319217487943,True
*NC(=O)C(C=C1)=CC=C1O*,egc,4.6617,4.634147918820642,,False
*C=Cc1ccc(*)c2ccc(CCCCCCCCCCC)cc12,egc,2.3432,2.733920419975614,,False
*CCOC(=O)NCCCCCCNC(=O)O*,egc,6.1814,6.255487712126047,6.151294445803179,True
*c1ccc(-c2ccc(-c3ccc(*)n3C)n2C)cn1,egc,2.931,2.7804196361248494,2.7083155735067006,True
*c1ccc(Oc2ccc(N3C(=O)N(*)C3=O)cc2)cc1,egc,4.3691,3.845418801541841,3.7962220545130636,True
*C(C=C1)=CC=C1C(S2)=CC=C2C(C=C3)=CC=C3C(S4)=CC=C4*,egc,2.8274,2.8007780503579496,2.5830853381836354,True
*c1ccc(Oc2ccc(-n3c(=O)c4c(Oc5ccc(OCCCC)cc5)c5c(=O)n(*)c(=O)c5c(Oc5ccc(OCCCC)cc5)c4c3=O)cc2)cc1,egc,1.9028,2.069306014276723,,False
*NC(c1ccccc1)C(C)(C)C(*)=O,egc,5.5513,4.991480913580827,,False
*OC(CCc1ccccc1)CC(*)=O,egc,5.4818,5.511755652248774,5.506808607711348,True
*CNON*,egc,5.3302,5.7151838976384655,5.530445829222708,True
*CC(C)(COC(=O)NCCCCCCNC(=O)O*)C(=O)O,egc,6.2179,6.376016991482501,,False
*OP(=O)(Oc1ccccc1)Oc1ccc(*)cc1,egc,5.1351,4.900712402680133,4.919452837667527,True
*CCCCCCNC(=O)C(O)C(O)C(=O)N*,egc,5.8031,5.616832058159624,,False
*c1ccc(N2C(=O)c3ccc(-c4ccc5c(c4)C(=O)N(*)C5=O)cc3C2=O)nc1,egc,3.2895,3.09132092115389,,False
*OP(=O)(Oc1ccc(*)cc1)OC1CCCCC1,egc,5.2577,5.078327399427498,,False
*NC(CCC(=O)OCCCC)C(*)=O,egc,5.5734,5.963455790380102,,False
*Oc1cccc2c(OC3(F)C(*)(F)C(F)(F)C3(F)F)cccc12,egc,3.9081,4.107882169621235,,False
*NC(CC(C)C)C(*)=O,egc,6.106,5.881386869550094,,False
*CCCC(=O)O*,egc,6.7691,6.527550148765097,6.719485089013384,True
*C=C*,egc,1.3994,2.546220679913201,0.8624112289869941,True
*OC(=O)OCCOCCOC(=O)OC1COC2C(*)COC12,egc,6.7329,6.538323995170085,,False
*Cc1c(O)c(C(C)=O)cc(CNC(=S)N*)c1OC,egc,3.7679,3.62281186511006,,False
*OC(C)CCOC(=O)CCCCCC(*)=O,egc,6.5798,6.647834863808313,6.604632280240064,True
*CCCCOC(=O)SNCCCCCCNSC(=O)O*,egc,5.4377,5.010753577978515,5.211169841158683,True
*c1ccc(*)c(C)n1,egc,5.1183,4.827867826815538,,False
*C(=O)c1ccc2c(c1)C(=O)N(c1ccc(N(c3ccc(C#N)cc3)c3ccc(N4C(=O)c5ccc(*)cc5C4=O)cc3)cc1)C2=O,egc,1.8778,2.2135147822836525,1.977551411590975,True
*CC(C)(CCC)C(=O)N*,egc,5.8261,5.948028996139978,,False
*Nc1ccc(NC(=O)c2ccc(NC(=O)c3ccc([Si](C)(C)c4ccc(C(=O)Nc5ccc(C(*)=O)cc5)cc4)cc3)cc2)cc1,egc,3.1752,3.1588926644168533,,False
*OC(F)(F)C(F)(F)C(*)(F)F,egc,9.4523,8.676716792059144,,False
*CCC(=O)C(S1)=CC=C1*,egc,3.959,3.3481907005664677,,False
*c1ccc2c(c1)C(=O)N(c1ccc(C(C)(C)C(*)(C(F)(F)F)C(F)(F)F)cc1)C2=O,egc,3.3094,3.5315550341911197,3.9732285305545596,True
*CCCCCNC(=O)C(OC)C(OC)C(=O)N*,egc,5.6994,5.704179752208506,5.392488563338998,True
*CCCC1CCN(SC(=O)OCCCCCCOC(=O)SN2CCC(*)CC2)CC1,egc,4.484,5.325059030846828,,False
*C(=O)NNC(=O)C(=O)NNC(=O)c1cncc(*)n1,egc,4.3374,3.8363954915696294,3.5297876982579255,True
*C(=O)Oc1ccc(OC(=O)c2ccc3c(c2)C(=O)N(c2ccc(Sc4ccc(N5C(=O)c6ccc(*)cc6C5=O)cc4)cc2)C3=O)cc1,egc,2.9567,2.5855132515692296,2.5962186120087583,True
*C(=O)c1ccc2c(c1)C(=O)N(c1ccc(Oc3cc4ccccc4cc3Oc3ccc(N4C(=O)c5ccc(*)cc5C4=O)cc3)cc1)C2=O,egc,2.3398,2.327363806088669,,False
*SC1CCCC(*)C1,egc,4.9242,5.063579642266923,5.492356071673393,True
*CCCCCCCCCCCCCCCCOC(=O)CCCCC(=O)O*,egc,6.7152,6.625337546999741,,False
*Nc1cc(NC(=O)c2ccc(C(*)=O)cc2)c(N)cc1N,egc,2.9313,3.3604663094228258,,False
*c9ccc(C8(c5ccc(n4c(=O)c3ccc(C(=O)c2ccc1c(=O)n(*)c(=O)c1c2)cc3c4=O)cc5)c6ccccc6c7ccccc78)cc9,egc,2.4589,2.5847520905121977,,False
*CCCCCCCCCCCCCCCCCCNC(=O)CCCCCCCCCCC(=O)N*,egc,5.6172,5.940173902414226,,False
*Oc1ccc(C(C)=Cc2ccc(OC(=O)OCCCCCCOC(*)=O)cc2)cc1,egc,4.2293,4.078978895037057,4.168883376827844,True
*CCC(=O)OC(=O)CCc1ccc(*)s1,egc,4.6241,4.271488603566521,,False
*C(=O)C(S1)=CC=C1NC(=S)OC(S2)=CC=C2NC(S3)=CC=C3*,egc,2.5473,2.5191381060295477,2.7966503862740906,True
*c1sc(*)c(OCCOCCCC)c1C,egc,1.6261,2.2917632418789955,,False
*CCCCCCOC(=O)C1C(=O)C2CCC1C(=O)C2C(=O)O*,egc,5.2747,5.758953582953204,5.664807354715985,True
*c1ccc(-c2nc3cc4nc(*)oc4cc3o2)cc1,egc,2.6504,3.0233721758690995,,False
*Oc1ccc(C(C)(C)c2ccc(OC(*)=O)c(Cl)c2)cc1Cl,egc,4.9898,4.687027559387402,,False
*CCOC(=O)c1ccc(C(=O)O*)c2c1CC2,egc,4.3335,4.680094946127946,3.8005052615344797,True
*c1ccc(Sc2ccc(-c3nc4ccc(-c5ccc6nc(*)c(-c7ccccc7)nc6c5)cc4nc3-c3ccccc3)cc2)cc1,egc,3.3214,2.96591318513215,3.1242573698314664,True
*NC(C=C1)=CC=C1C(S2)=CC=C2C(=S)*,egc,2.4476,2.37708050902047,2.307795349570792,True
*Oc1cccc(OC(=O)Oc2ccc(OC(*)=O)cc2)c1,egc,5.4757,4.840208648578834,,False
*CCCCCCn1c(=O)c2cc3c(=O)n(*)c(=O)c3cc2c1=O,egc,3.8389,3.723434854616464,3.7370510269258768,True
*CCOCCOCCOCCOC(=O)NCCCCCCNC(=O)O*,egc,6.0228,5.9627746135666735,,False
*CCCCCCCCCNC(=O)NCCCCCCCNC(=O)N*,egc,5.422,5.77857068146005,,False
*CCC([2H])C(*)([2H])C,egc,6.8414,6.509015159339917,,False
*CC(*)C(F)(F)F,egc,8.2263,6.785161615998001,,False
*CCCCCCCOC(=O)CCCCCCCCC(=O)O*,egc,6.8159,6.699984558701836,,False
*c1cc2c(s1)-c1sc(-c3cc4c(s3)-c3sc(*)cc3C4(CC(CC)CCCC)CC(CC)CCCC)cc1C2=O,egc,1.5473,1.8761680160473195,1.6145393942163553,True
*Nc1ccc(NC(=O)C=CC(*)=O)cc1,egc,2.7273,3.4871783175257227,,False
*c1ccc(Sc2ccc(-n3c(=O)c4cc5c(=O)n(*)c(=O)c5cc4c3=O)cc2)cc1,egc,2.5188,2.482643926820619,,False
*Oc1ccc(C(C)(C)c2ccc(OC(*)=O)c(Cl)c2)cc1,egc,5.0408,4.7947519659820514,,False
*CCCCCCCC(=O)N(*)C,egc,5.5443,5.739658180790317,,False
*c1ccc(-c2ccc3nc(*)cc(-c4ccccc4)c3c2)cc1,egc,2.9209,3.171236045094469,3.4162714315005958,True
*OC(C)C#CC#CC(C)OC(=O)c1ccc(C(*)=O)cc1,egc,4.3105,4.574895747219567,,False
*c1ccc(C#Cc2cc(OCCCCCCCC)c(C#Cc3ccc(-c4nnc(*)o4)cc3)cc2OCCCCCCCC)cc1,egc,2.6231,2.8532860495784624,,False
*OC(C)CCCC(C)C(*)=O,egc,6.6886,6.36665419086722,6.425600788246598,True
*Nc1cccc(NC(=O)c2cc(NC(=O)c3ccncc3)cc(C(*)=O)c2)c1,egc,3.2998,3.482984529011365,,False
*N=P(*)(OCCC(=O)C=C)OCCC(=O)C=C,egc,3.9384,5.008988842843173,4.36687475665706,True
*Oc1ccc(C(C)(CC)c2ccc(OC(*)=O)cc2)cc1,egc,5.0105,5.002189374082284,,False
*CC#CCOC(=O)CCCCCCCCC(=O)O*,egc,6.1042,6.553993472590082,,False
*CC(*)(C)C(=O)OCc1cccs1,egc,4.9884,4.343898285068235,,False
*NC(CSC(=O)OCc1ccccc1)C(*)=O,egc,5.0387,4.790509666999468,,False
*CC(*)(C)C(=O)Oc1ccccc1,egc,5.2323,5.213362491904097,,False
*C(Br)=C(c1ccccc1)c1ccc(*)cc1,egc,3.469,2.8535322681223065,3.403738953759997,True
*Oc1ccc(C(C)=Nc2ccc(N=C(C)c3ccc(*)cc3)cc2)cc1,egc,2.9143,3.168671164697647,,False
*CCCCOC(=O)NNC(=O)CCCCCCCCC(=O)NNC(=O)O*,egc,6.1019,5.802927015653694,5.715513224495898,True
*CCN(*)C(=O)c1c(F)cc(F)cc1F,egc,4.6328,4.744511873526665,,False
*CCN(CCOC(=O)Nc1ccc(Cc2ccc(NC(=O)O*)cc2)cc1)c1ccccc1,egc,4.1239,4.049735476182067,,False
*C(C=C1)=CC=C1C(=S)C(C=C2)=CC=C2C(=S)*,egc,2.6743,2.388947292198092,,False
*CCCCOC(=O)NCCCCCCNC(=O)O*,egc,6.3532,6.254330170368036,6.16354684040021,True
*CCCCCCCCCCNC(=O)CCCCCCC(=O)N*,egc,5.9989,5.834397102271676,,False
*C(=O)C(C=C1)=CC=C1C(=S)C(S2)=CC=C2*,egc,2.3711,2.5108637380496597,2.333631807754922,True
*CCCC(=O)NCCCCCCNC(=O)CCCO*,egc,5.652,5.8747689750370435,5.788012253764874,True
*NNC(=O)C(=O)NNC(=O)CCCCCCCC(*)=O,egc,4.4307,4.948146579809546,,False
*NC(S1)=CC=C1C(=S)C(S2)=CC=C2*,egc,1.6616,2.503451147084958,,False
*c1ccc(-c2sc(-c3cc(SCCCCCCCC)c(*)s3)cc2SCCCCCCCC)cc1,egc,2.4336,2.366681415435392,,False
*C=CC(C)(C)C(*)(C)C,egc,5.1816,4.971882783301665,,False
*c1ccc(*)n1C(C(=O)NO)n1ccc2ccccc21,egc,2.4131,3.1004236130261247,,False
*Oc8ccc(C7(c5ccc(OC(=O)c4ccc(C3(c1ccc(C(*)=O)cc1)OC(=O)c2ccccc23)cc4)cc5)OC(=O)c6ccccc67)cc8,egc,4.0362,3.7147473354629774,,False
*CC(*)C(=O)OCCCOc1ccc(-c2ccc(C#N)cc2)cc1,egc,3.6528,3.943764857727809,,False
*CCCCCNC(=O)CCCCCCCCCCCCC(=O)N*,egc,5.8927,5.92566304613345,,False
*CCOCCOC(=O)CC(=O)O*,egc,6.2374,6.2968685324845275,,False
*Oc1ccc(C2(c3ccc(OC(*)=O)cc3)CC(C)CC(C)(C)C2)cc1,egc,4.7559,4.827672614367157,4.899524219885031,True
*C=Cc1ccc(-c2ccc(C=Cc3cc(*)ncn3)cc2)cc1,egc,2.7379,2.5718117752984075,3.0422982041242177,True
*c1ccc(*)n1CCC(=O)OCC,egc,2.8986,2.8501527726680913,2.6600485445581157,True
*C=Cc1cc(CCCCCC)c(*)s1,egc,3.5808,1.9402104133032996,1.5393165195258678,True
*c1cccc(-c2ccc(-c3ccc(*)s3)s2)c1,egc,2.9634,2.8040898082077295,,False
*CCCCCCCNC(=O)C(OC)C(OC)C(=O)N*,egc,5.7148,5.666653558920202,5.374961238239302,True
*c1nc2cc(S(=O)(=O)c3ccc4oc(C5CCC(*)CC5)nc4c3)ccc2o1,egc,4.8558,3.751389727360392,,False
*OC(COC(F)(C(F)(F)F)C(F)(F)F)C(*)COC(F)(C(F)(F)F)C(F)(F)F,egc,6.5255,7.451269489792302,6.634297680257143,True
*Oc1ccc(C(C)(C)c2ccc(OC(=O)OCC3CCC(COC(*)=O)CC3)cc2)cc1,egc,5.2076,5.07351690207714,,False
*Nc1ccc(-c2ccc(Nc3ccc4c(c3)c3cc(*)ccc3n4CC(CC)CCCC)cc2)cc1,egc,3.3558,2.8219897894586743,,False
*c1cccc(-c2cc(*)cc3c2NC(C)(C)OC3(C)C)c1,egc,3.618,3.8929706359153458,4.1148735443324655,True
*c1ccc(*)nn1,egc,3.3251,3.8302967240820585,,False
*c1ccc(N2C(=O)c3ccc(P(=O)(c4ccccc4)c4ccc5c(c4)C(=O)N(*)C5=O)cc3C2=O)cc1,egc,3.066,2.9560387869338656,,False
*CC(O)COc1ccc(C(C)(C)c2ccc(OCC(O)COc3ccc(S(=O)(=O)c4ccc(O*)cc4)cc3)cc2)cc1,egc,4.067,4.326978328951019,,False
*CC(C=C1)=CC=C1C(C=C2)=CC=C2C(C=C3)=CC=C3*,egc,3.7798,4.028872968510112,,False
*C1=CC2=NC(*)=CC2=N1,egc,1.3051,3.134223684815018,,False
*c1cc(C(=O)OCCCCCC)c(*)s1,egc,2.8903,2.4999460733639953,2.779415393067957,True
*C#CC#CCCCCCCCC*,egc,5.4216,5.450805227217785,,False
*CCCCCCCCCCNC(=O)CCC(=O)N*,egc,5.9532,5.82143277991554,5.7934433086258945,True
*CCC(S1)=CC=C1C(S2)=CC=C2*,egc,3.23,2.9029154814254543,,False
*CCCCNC(=O)CCCCCCCC(=O)NCCCCNC(=O)C(=O)N*,egc,5.3591,5.078994741294742,,False
*CCCCOC(=O)CCCCS(=O)(=O)CCCCC(=O)O*,egc,6.544,6.551317110848351,6.6232318641560575,True
*CCCCOC(=O)c1ccc(NC=Nc2ccc(C(=O)O*)cc2)cc1,egc,3.6652,3.807973357227691,4.078787130512565,True
*CCCCCCCCCCCCO*,egc,6.2452,6.186120221927987,,False
*c1sc(*)c(OCCCCCC)c1C,egc,3.4475,2.282821971006131,,False
*Oc1ccc(OC(=O)c2ccc(OCCCCCCCCCCOc3ccc(C(*)=O)cc3)cc2)cc1S(=O)(=O)c1ccccc1,egc,4.4922,3.736538197130716,,False
*C(F)(F)C(F)(F)C(C=C1)=CC=C1C(C=C2)=CC=C2*,egc,4.4103,4.046185815243151,,False
*c1ccc(C(c2ccc(-n3c(=O)c4cc5c(=O)n(*)c(=O)c5cc4c3=O)cc2)(C(F)(F)F)C(F)(F)F)cc1,egc,2.7195,2.6226545032901094,,False
*CC(F)(F)C(F)(F)C(F)(F)COC(=O)c1cccc(-c2cccc(C(=O)O*)c2)c1,egc,4.3076,4.231517408174818,,False
*C(=O)Nc1ccc(NC(=O)c2ccc(NC(=O)c3ccc(-c4nc5cc(*)ccc5[nH]4)cc3)cc2)cc1,egc,2.7114,2.9952134029412085,,False
*C=CC(C)=C(C)C=Cc1ccc(-c2ccc(*)s2)s1,egc,1.5733,2.3253921565615747,2.242710655714841,True
*Sc1ccc(*)cc1,egc,3.6211,3.4439424346609564,,False
*C1C=CC(*)C1,egc,5.7164,5.013508127046049,,False
*c1ccc(C(=O)Nc2cccc(-n3c(=O)c4cc5c(=O)n(*)c(=O)c5cc4c3=O)c2)cc1,egc,2.445,2.845409192831873,,False
*NC(C=C1)=CC=C1C(C=C2)=CC=C2O*,egc,4.0962,3.654373043291214,3.4993816950187955,True
*CCOCCOC(=O)NC(=CC=C1(C))C=C1NC(=O)O*,egc,5.0931,5.031918354599891,5.127616027808381,True
*C=CC(C)CCCCCCCCC*,egc,5.8829,5.7281293869077174,6.088881459651568,True
*Cc1ccc(CNC(=O)CCCCCCCCCCCCCCCC(=O)N*)cc1,egc,5.288,5.4715407126248365,5.263682652498813,True
*Oc1ccc(Oc2ccc(C(=O)c3ccc(*)cc3)cc2)cc1C=O,egc,3.6677,3.492897851824021,,False
*CNC(=S)O*,egc,4.6235,4.028964799010598,,False
*Nc1ccc(C(C)(C)c2ccc(NC(=O)c3cc(C(*)=O)cc(S(=O)(=O)c4ccccc4)c3)cc2)cc1,egc,3.3259,3.1326388172488735,3.7359838632279994,True
*NCc1cc(C(=O)O)cc(CNc2nc(-c3csc(*)n3)cs2)c1N,egc,3.7145,2.7548836379132524,,False
*CC(C)CCCCC(=O)N*,egc,6.0272,6.0528137201461405,,False
*CC(*)OC(=O)OCC(F)(F)F,egc,7.5359,6.799334294108074,,False
*CC1CCC(CNC(=O)CCCCCC(=O)N*)CC1,egc,5.787,5.8380624528148735,,False
*OC1(O)CCCC(*)C1,egc,6.0531,6.132408385179634,,False
*C(S1)=CC=C1C(S2)=CC=C2OC(=S)*,egc,2.4847,2.4719942692248824,2.2071302815298695,True
*CCCCNC(=O)CCC=CCCC(=O)N*,egc,5.5356,5.493489484116119,,False
*C=C1CCCC(=Cc2ccc(*)cc2)C1=O,egc,3.6567,2.56432331191302,,False
*CC(S1)=CC=C1CC(=S)*,egc,3.2956,3.2978979709026888,,False
*C(F)(F)C1(F)C(F)(F)C(*)(F)C1(F)F,egc,7.1313,7.579859075583269,,False
*Oc1cccc2c(OC(=O)Oc3ccc(OC(*)=O)cc3Cl)cccc12,egc,4.0203,4.181021983261226,,False
*c1ccc(C(=O)c2cccc(-n3c(=O)c4cc5c(=O)n(*)c(=O)c5cc4c3=O)c2)cc1,egc,3.1782,2.727045742330685,,False
*OC(c1ccccc1)C(C)(C)C(*)=O,egc,5.5004,5.817139843145235,5.496316803201687,True
*CCOC(=O)Nc1cc(NC(=O)O*)ccc1C,egc,5.1142,4.985573698756099,4.809437871207994,True
*CCCCCOC(=O)CCCCS(=O)(=O)CCCCC(=O)O*,egc,6.9262,6.524264923807952,,False
*CCCCCCC(=O)NCCCCCCNC(=O)CCCCCCO*,egc,5.7692,5.965373321857289,,False
*CC(*)c1ccncc1,egc,2.5368,2.866820206565531,3.9192225340495246,True
*CCCCCOC(=O)CCCCCNC(=O)O*,egc,6.3976,6.340747988593324,,False
*CC(S1)=CC=C1NC(S2)=CC=C2*,egc,4.1254,3.966634471913837,3.8572380113195903,True
*Nc1c(F)c(F)c(-c2ccc3cc(-c4ccc5c(c4)C(=O)N(c4cccc(*)c4)C5=O)ccc3c2)c(F)c1F,egc,2.918,2.9547331446608833,,False
*CCCCCC(=O)NCc1ccc(CNC(=O)CCCCO*)cc1,egc,5.142,5.301966729292137,,False
*c1ccc(C(=O)Nc2ccc(NC(=O)c3ccc(-n4c(=O)c5sc6c(=O)n(*)c(=O)c6sc5c4=O)cc3)cc2)cc1,egc,1.4889,2.2701584168543776,2.110795979504644,True
*C=CC(=O)C(C)=Cc1ccc(Sc2ccc(*)o2)o1,egc,2.9229,2.3240664054633253,,False
*c1ccc(-c2ccc(-c3ccc(-c4ccc(*)n4CCCCCCCCCCCC)s3)s2)s1,egc,2.1465,2.0875853314159944,,False
*C(=O)Nc1ccc(Oc2ccc(N3C(=O)c4ccc(*)cc4C3=O)cc2)cc1,egc,2.7025,3.0258720232005536,,False
*Oc1ccc(OC(=O)c2ccc(OC(=O)CCCCCCCCC(*)=O)cc2)cc1,egc,4.2519,4.454673987180329,,False
*C=CC1CC(*)C(C#N)C1,egc,5.8346,5.920000809644527,,False
*C=Cc1ccc(*)n1CCCCCCCCCCCC,egc,1.2671,2.7828675099703317,,False
*CC(CF)O*,egc,6.1097,6.484324075053202,6.285364701022096,True
*CC(CO*)(COC=O)COC=O,egc,6.4753,6.074041343933293,6.084491040256238,True
*c1ccc(-c2csc(-c3nc(*)cs3)n2)cc1,egc,3.3372,3.4880618215991066,,False
*Oc1ccc(SSCCCCSSc2ccc(*)cc2)cc1,egc,4.3465,3.951139133686613,,False
*OC(=O)c1cccc(C(*)=O)c1,egc,4.6197,4.537046635308223,,False
*OC(*)C,egc,6.9003,6.080143788362773,5.926309781275392,True
*CCCCCCCCCNC(=O)CCCCC(=O)N*,egc,5.6864,5.796012313007076,,False
*CCCCCCCCCCCCCCCCOC(=O)CCCCCCCCC(=O)O*,egc,6.641,6.568042997785753,6.540255312195424,True
*c1cc(CC(=O)OCCCCCCOc2ccc(N=Nc3ccc(C#N)cc3)cc2)c(*)s1,egc,2.6018,2.4627742022372505,,False
*CC(*)(C)C(=O)OC(CC)OCC,egc,6.3891,6.315621856424854,,False
*c1ccc(-c2ccc(N(c3ccccc3)c3ccc4ccc(N(*)c5ccccc5)cc4c3)cc2)cc1,egc,3.0933,2.9965164147193804,,False
*NC(=S)NC(=S)*,egc,2.8537,3.0097882016145543,,False
*c1ccc(N(c2ccc(C#N)cc2)c2ccc(-n3c(=O)c4cc5c(=O)n(*)c(=O)c5cc4c3=O)cc2)cc1,egc,1.6108,2.067546000757018,,False
*C(=O)Nc1cccc(NC(=O)c2ccc3c(c2)C(=O)N(c2cccc(N4C(=O)c5ccc(*)cc5C4=O)c2)C3=O)n1,egc,3.2959,3.036657313531149,,False
*Oc1ccc(C(=C(Cl)Cl)c2ccc(OC(*)=O)cc2)cc1,egc,4.2371,3.903383427155374,,False
*Oc1ccc(Oc2ccc(C(=O)c3ccc(*)cc3)cc2)cc1C(Br)Br,egc,3.947,3.5262779630530865,3.76432294788071,True
*NC(CC(=O)OCc1ccc(Cl)cc1)C(*)=O,egc,5.1636,4.9627592713894915,4.771201064657794,True
*C(F)(F)C(F)(F)C(=S)O*,egc,3.598,3.716497781007378,,False
*C1C2CCC(C2)C1*,egc,6.1739,6.249213204362387,6.027556862151919,True
*CC(*)c1cc(Br)ccc1OC(C)C,egc,4.6199,4.214591619310139,,False
*CCCOC(=O)CCCCCCCCCC(=O)O*,egc,6.7744,6.642917936503072,6.65476727257666,True
*C(=O)Nc1ccc(NC(=O)c2ccc(N3C(=O)c4ccc(*)cc4C3=O)cc2)cc1,egc,2.9178,2.7926389147566706,2.6934504868118583,True
*CC(*)n1c2ccc(I)cc2c2cc(I)ccc21,egc,2.9408,3.042731753118833,,False
*c1ccc(*)n1C,egc,2.6193,2.2736752041206287,,False
*OC1(F)CC(C(*)C)C1C(F)(F)C1(F)CC1,egc,7.2672,6.624414403390297,6.236209253740509,True
*NC(S1)=CC=C1C(=O)C(=S)*,egc,2.1167,2.530710618457307,2.1300300030381023,True
*c1cc2c(s1)-c1sc(-c3sc(-c4sc(*)c5c4OCCO5)c4c3OCCO4)cc1C2=C(C#N)C#N,egc,0.9952,1.3711058863035663,1.3463655199434785,True
*c1ccc(-c2sc(-c3cc(CCCC)c(*)s3)cc2CCCC)cc1,egc,2.5595,2.2627454063582526,2.6165272257991656,True
*CCOC(=O)C(=O)O*,egc,6.5784,5.264012072388391,,False
*CC(=O)OC(=O)COc1cccc(O*)c1,egc,4.3174,4.8364117884977835,,False
*CC(F)(F)C(F)(F)C(F)(F)COC(=O)CC(CC(=O)O*)C(F)(F)C(F)(F)C(F)(F)F,egc,6.6602,6.8320888904918355,,False
*C(=O)Nc1ccc(C(=O)Nc2ccc(NC(=O)c3ccc4[nH]c(-c5ccc(-c6nc7cc(*)ccc7[nH]6)cc5)nc4c3)cc2)cc1,egc,2.6204,2.8443489985586883,,False
*c1nc(-c2ccccc2)nc(N(*)c2ccccc2)n1,egc,3.8771,3.839681004202556,4.060185274315342,True
*NC(=O)OC(=O)*,egc,5.6538,4.9271308621027785,,False
*CCCCCCNC(=O)C(CCCCC)C(=O)N*,egc,5.7089,5.818207802991091,,False
*C(F)(F)C1(F)C(F)(F)C(*)(F)C(F)(F)C(F)(F)C(F)(F)C1(F)F,egc,7.4251,7.144850810198843,,False
*CCC(C)O*,egc,6.0172,6.001674622104968,6.548729209009573,True
*CCOC(=O)CCCCS(=O)(=O)CCCCC(=O)O*,egc,6.7001,6.514637054820002,,False
*CC(=O)O*,egc,7.0895,6.108293833894404,,False
*CCCCCCNC(=O)C(O)C(O)C(O)C(O)C(=O)N*,egc,5.9698,5.793756439509003,,False
*CCOCCOC(=O)CCCCS(=O)(=O)CCCCC(=O)O*,egc,6.5167,6.55497663510572,,False
*CCCCOC(=O)NCCSCCSCCNC(=O)O*,egc,5.7445,5.254333305430365,5.277690500629729,True
*c1cc(-c2sc(-c3cc(CCCC)c(*)s3)cc2CCCC)c2cccccc1-2,egc,1.9772,2.083667639872754,,False
*OC1CCC(OC(=O)CCCCCCC(*)=O)CC1,egc,6.6443,6.551475739802143,6.507052519083896,True
*CCCCCCCCCOC(=O)Nc1ccc(C)c(NC(=O)O*)c1,egc,4.9708,5.09549157150129,5.196532541880583,True
*CC(CO*)(COc1ccccc1)COc1ccccc1,egc,4.7985,5.217017660889918,4.719746570525823,True
*C(=O)c1cccc(C(=O)c2ccc3c(c2)C(=O)N(c2ccc(Oc4ccc(N5C(=O)c6ccc(*)cc6C5=O)cc4)cc2)C3=O)c1,egc,2.5831,2.5312245560288513,2.400860432989561,True
*CC#CCOC(=O)CCC(=O)O*,egc,5.9483,5.823587074720602,,False
*CCCCCC(=O)S*,egc,5.3869,4.895534542829007,5.368138979098288,True
*c1ccc(C(c2ccccc2)c2ccc(N3C(=O)c4ccc(-c5ccc6c(c5)C(=O)N(*)C6=O)cc4C3=O)cc2)cc1,egc,2.907,2.808168792648079,,False
*C(F)(F)C(C=C1)=CC=C1C(F)(F)O*,egc,4.9933,4.997432763933802,,False
*CCCCCCCNC(=O)c1cccc(C(=O)N*)c1,egc,4.8667,4.9975188546048495,,False
*NC(C)C(=O)NCC(*)=O,egc,5.7945,5.660114687525424,,False
*Oc1ccc(C(c2ccccc2)(c2ccccc2)c2ccc(OC(=O)CCCCCCCCC(*)=O)cc2)cc1,egc,4.7541,4.564696240848909,4.448435990413376,True
*CCCCCCCCCCCCCOC(=O)c1ccc(C(=O)NCCCCCCNC(=O)c2ccc(C(=O)O*)cc2)cc1,egc,4.6196,4.310941544031998,,False
*C(=O)c1cccc(C(=O)N2COCN2*)c1,egc,4.5807,4.538603830404837,4.308952216568463,True
*CNC(C=C1)=CC=C1C(=O)*,egc,3.6383,4.267113108843535,4.265947448854712,True
*C=CC1C=CC(*)C(C(=O)OC(C)(C)C)=C1C(=O)OC(C)(C)C,egc,4.1406,3.952584390787515,4.113443902831909,True
*C=C(*)c1cccc2ccccc12,egc,0.8664,2.134159144047391,0.8566191794017451,True
*CC(C)(C)CO*,egc,5.8123,5.77323841301678,6.050000764188664,True
*CCCCOC(=O)NCCCCNC(=O)O*,egc,6.3043,6.253188170448588,,False
*OC(=O)CCSc1ccc(SCCC(*)=O)cc1,egc,4.6942,4.413620229757967,4.244376440033504,True
*c1ccc(*)n1C(C(=O)OCC)n1cccc1,egc,2.8248,3.214758519284029,2.7165741433353823,True
*CCCCOC(=O)CCCCC(=O)O*,egc,6.8238,6.741123611611955,6.789647811873524,True
*OC(=O)OCCCCOC(=O)OC1COC2C(*)COC12,egc,6.6085,6.823099389983046,,False
*OC(=O)c1ccc(C(=O)Oc2ccc3c(c2)Oc2cc(*)ccc2C32c3ccccc3-c3ccccc32)cc1,egc,3.1167,3.682999011086736,,False
*CCCCCCCNC(=O)CCCCCCCCCCCCCCCCCCC(=O)N*,egc,5.9137,5.904395548530836,5.960690292116612,True
*c1cc(CCCC)c(*)s1,egc,2.5394,2.56038117840105,,False
*c1ccc(C(C#N)(C(=O)O)C(*)(C#N)C(=O)O)cc1,egc,5.2415,4.524060548752092,,False
*CC(*)(Cl)C(=O)OCC,egc,6.3834,6.27139726274138,,False
*CCCCCCCCOC(=O)NCCCCCCNC(=O)O*,egc,6.1519,6.318908737036089,6.112249476604282,True
*C(=O)NNC(=O)c1ccc(*)nc1,egc,3.5892,3.886090904337355,3.7719964667954367,True
*CCCCCCCc1nnc(*)n1N,egc,5.5167,5.468608776038134,,False
*ON(C(F)(F)F)C(F)(Br)C(*)(F)F,egc,6.3719,6.764671395350038,,False
*CC(F)(F)C(F)(F)C(F)(F)C(F)(F)COC(=O)C(F)(F)C(F)(F)C(F)(F)C(F)(F)C(=O)O*,egc,6.3052,6.660522527790666,,False
*C(F)(F)C1(F)C(F)(F)C(*)(F)C(F)(F)C(F)(Cl)C1(F)F,egc,7.2365,6.782687554958261,,False
*CC(*)c1ccc(C(=O)CCN2CCCCC2)cc1,egc,2.7084,3.297120020881349,3.1786127954560945,True
*CCOC(=O)c1ccc(O*)c(Cl)c1,egc,4.81,4.537017995034074,,False
*C(F)(F)C(=O)C(F)(F)O*,egc,5.2431,6.522965098867701,,False
*CCCCCCCCCCCCC(=O)O*,egc,6.7386,6.762228823252407,,False
*CC(CCCCCC)O*,egc,5.8686,5.491748230685782,,False
*c1cc(-c2ccc(CCCCCCCC)cc2)c(*)s1,egc,2.6682,2.331297587281864,,False
*C(=O)C(C=C1)=CC=C1C(S2)=CC=C2C(=S)*,egc,2.3592,2.470038531771665,,False
*CCCCCCCCNC(=O)CCCCCCCCCCCCCCC(=O)N*,egc,5.8468,5.897074381572936,,False
*Nc1ccc(-c2ccc(NC(=C(C#N)C#N)c3ccc(-c4ccc(C(*)=C(C#N)C#N)cc4)cc3)cc2)cc1,egc,2.7741,2.2898616690692943,,False
*Oc1ccc(NC(=O)c2cccc(C(=O)Nc3ccc(*)cc3)c2)cc1,egc,3.4563,3.573709887238117,,False
*NC(=S)Sc1cc(N)nc(*)n1,egc,3.0317,3.117631086719457,3.3410640985944555,True
*CC(CS(C)(=O)=O)O*,egc,5.2613,5.593842298993716,,False
*CCOC(=O)CCCCSCCCCC(=O)O*,egc,5.1928,5.381089601478027,5.554490828290075,True
*C#CC#Cc1cc2sc(*)cc2s1,egc,1.7355,1.5949712779306855,1.3554659590177363,True
*NC(Cc1ccccc1)C(*)=O,egc,5.5152,4.771653642038524,4.892654382802197,True
*CCCCC(C)CC(=O)N*,egc,6.0469,6.04124521883665,5.980280676791901,True
*CC(F)(F)C(F)(F)C(F)(F)C(F)(F)COC(=O)NCC(F)(F)C(F)(F)C(F)(F)C(F)(F)CNC(=O)O*,egc,6.8832,6.727587501040387,,False
*C(=O)c1ccc2c(c1)C(=O)N(c1cc(C(=O)O)cc(N3C(=O)c4ccc(*)cc4C3=O)c1)C2=O,egc,3.4931,3.0211407436387585,,False
*CCC(Cl)C(*)Cl,egc,6.5471,6.702789121993557,,False
*OC(C)COC(=O)COCC(*)=O,egc,6.2412,6.208164529810657,6.113536623604189,True
*Oc1ccc(S(=O)(=O)c2ccc(-c3ccc(-c4ccc(S(=O)(=O)c5ccc(*)cc5)cc4)cc3)cc2)cc1,egc,3.6921,3.626367811136189,3.619486035049299,True
*CC(OC1CCCCC1)C1C(=O)OC(=O)C1*,egc,5.6267,6.034262350455155,,False
*c1ccc(-c2cc(-c3ccc(CCCCCCCC)cc3)c(*)s2)s1,egc,1.5651,2.490615458720946,,False
*C(=O)Nc1ccc(S(=O)(=O)c2ccc(NC(=O)c3ccc4[nH]c(-c5cccc(-c6nc7cc(*)ccc7[nH]6)c5)nc4c3)cc2)cc1,egc,3.6016,3.179265570920517,,False
*OP(=O)(Oc1ccc(-c2ccc(*)cc2)cc1)OC1CCCCC1,egc,4.479,4.505411788338956,4.5421548624479655,True
*c1cccc(-c2nnc(*)o2)c1,egc,4.1016,4.029092483919734,3.57703935716591,True
*CC(C=C)O*,egc,4.8923,5.61002244250975,5.700362290912703,True
*C=C(*)c1cccc[n+]1CC#C,egc,0.3201,1.3521939238378742,0.7091156146002077,True
*CC(COCCCCCC)O*,egc,5.6762,5.683162398384166,,False
*c1ccc(Oc2ccc(N3C(=O)c4ccc(S(=O)(=O)c5ccc6c(c5)C(=O)N(*)C6=O)cc4C3=O)cc2Br)c(Br)c1,egc,2.7192,2.961149012760636,3.0528540404011153,True
*C=Cc1ccc(*)c(F)c1,egc,2.259,2.4452299228559977,2.3279915193572855,True
*C=Cc1ccc(*)c2c1C(=O)OC2=O,egc,3.9313,3.2245886248567306,2.6547098042047534,True
*CCOC(=O)NCCNC(=O)O*,egc,6.1962,6.100204330001184,,False
*c1ccc(Oc2ccc(Oc3ccc(-n4c(=O)c5cc6c(=O)n(*)c(=O)c6cc5c4=O)cc3)cc2)cc1,egc,2.0871,2.101465456977555,2.0883685964008007,True
*CCC1CC(*)C2CCCC12,egc,6.7838,6.380595563569997,6.572055835313762,True
*C(=O)COCC(=O)N1CCN(*)CC1,egc,5.5847,5.418664904608267,,False
*C(=O)Nc1ccc(Oc2ccc(NC(=O)c3cccc(*)n3)cc2)cc1,egc,3.4406,3.605600601115569,,False
*NC(C=C1)=CC=C1C(S2)=CC=C2C(S3)=CC=C3*,egc,3.3427,2.6398363913225196,,False
*C(=O)c1ccc2c(c1)C(=O)N(c1cccc(N3C(=O)c4ccc(*)cc4C3=O)c1C)C2=O,egc,3.3303,3.1053448279732208,,False
*c1ccc(N2C(=O)c3ccc(-c4ccc5c(c4)C(=O)N(c4ccc6[nH]c(*)nc6c4)C5=O)cc3C2=O)cc1,egc,2.4895,2.6579065177026173,,False
*CCCCCCCCCCNCCCCCCN*,egc,5.4327,5.438314059684764,,False
*OC(CC)C(*)=O,egc,6.3762,6.199712676016859,,False
C(=O)(*)C1=CC=C(C=C1)S(=O)(=O)C1=CC=C(C=C1)C(=O)OC1=CC=C(C=C1)C(C1=CC=CC=C1)(C1=CC=CC=C1)C1=CC=C(C=C1)O(*),egc,3.2146,3.888380631274088,,False
*C(=O)c1ccc(C(=O)N(C)c2ccc(Cl)c(N(*)C)c2)cc1,egc,3.3332,3.6471366645124177,3.7469769876516694,True
*CCNC(=O)c1cccc(O*)c1,egc,4.5918,5.034506095766142,,False
*CCCCCCCCCCOC(=O)CC=CCC(=O)O*,egc,6.0213,6.089259182086724,6.039918671071954,True
*c1cc(-c2cc(CCCCCCCC)ccc2CCCCCCCC)c(*)s1,egc,1.6967,2.48627203533209,2.719071569727075,True
*Oc1ccc(Sc2ccc(OC(*)=O)cc2)cc1,egc,4.473,4.595595329654655,,False
*C(=O)C1CC1C(=O)N1CCN(*)CC1,egc,5.7206,5.4319778304928406,,False
*CC(*)OC(=O)C(F)(F)C(F)(F)F,egc,6.6309,6.619314316572644,6.6802469745588935,True
*c1ccc(-n2c(=O)c3cc4c(=O)n(*)c(=O)c4cc3c2=O)cc1,egc,2.8625,2.6961238211393095,,False
*CC1(CO*)CC=CCC1,egc,5.5732,5.644036200423426,,False
*C=CC(CN)C(*)C(=O)O,egc,5.3681,5.123173820078232,5.312042527107305,True
*CCCCCCNC(=O)NCCCCNC(=O)N*,egc,5.3951,5.84210325352722,5.81138145487099,True
*CCCCCCCCCCCCCCCCCCCCOC(=O)C1CCC(C(=O)O*)CC1,egc,6.484,6.431545719758339,6.502913804862485,True
*Oc1ccc(S(=O)c2ccc(OC(*)=O)cc2)cc1,egc,4.6592,4.596380189879736,,False
*CC(*)C(=O)CC,egc,5.6211,5.627346808922463,5.367678956072694,True
*OC(=O)CCSCc1ccc(CSCCC(*)=O)cc1,egc,4.567,4.682019208780613,,False
*Oc1ccc(CCNC(=O)c2cccc(C(*)=O)c2)cc1,egc,4.1401,4.4920343541813565,4.315237232388746,True
*CCCCOC(=O)SSC(=O)O*,egc,4.2442,4.631469016938484,5.519228094946806,True
*C(F)(F)CC(F)(F)C(=S)*,egc,2.8419,3.142115886177637,,False
*NNC(=O)CCCCCCCCCCCC(*)=O,egc,5.7041,5.826894764071624,,False
*C(=O)c1ccc2c(c1)C(=O)N(c1ccc3c(c1)Cc1cc(N4C(=O)c5ccc(*)cc5C4=O)ccc1-3)C2=O,egc,2.2777,2.5039904498467966,2.352250128974254,True
*C(=O)Nc1cc(NC(=O)c2ccc3[nH]c(-c4cccc(-c5nc6cc(*)ccc6[nH]5)c4)nc3c2)cc(-c2nc3ccccc3[nH]2)c1,egc,3.2918,3.136173396967523,,False
*c1cc(-c2ccc(OCCCCCC)cc2)c(*)s1,egc,2.6448,2.6456696084757314,2.3927909284507245,True
*c1ccc(C(c2ccccc2)(c2ccc(-n3c(=O)c4cc5c(=O)n(*)c(=O)c5cc4c3=O)cc2)C(F)(F)F)cc1,egc,2.7963,2.628272290331783,,False
*C=CCCCCCC*,egc,5.8437,5.679223566458119,,False
*CC(*)(C)C(=O)OCCC1CCCCC1,egc,6.5132,6.379487825833029,6.269954156611095,True
*C=NCCCCCCN=Cc1ccc(Sc2ccc(*)o2)o1,egc,3.6661,3.542323906500896,3.5390548008384926,True
*CCCC(*)C,egc,7.1052,6.760141579917669,,False
*c1cccc(-n2nc(-c3ccccc3)c3cc(Oc4ccc5c(-c6ccccc6)nn(*)c(=O)c5c4)ccc3c2=O)c1C#N,egc,3.4916,2.9137428900861813,,False
*CC(C)(C)COC(=O)CCC(=O)O*,egc,6.4486,6.592446555416802,,False
*Oc1ccc(C(C)(C)c2ccc(OC(*)=O)cc2)cc1,egc,5.2059,5.002552290734759,,False
*c1cc(*)c(O)c(C=O)c1,egc,3.2778,4.099492113735272,,False
*C(=O)c1ccc2c(c1)C(=O)N(c1cccc(C#Cc3cccc(N4C(=O)c5ccc(*)cc5C4=O)c3)c1)C2=O,egc,2.4849,2.4025382765384737,,False
*CCCCCCCCCCOCCCCCCCCCCOCCCCCO*,egc,5.9245,6.080925519919635,,False
C13C(C=*)OC(C=*)C1C(=O)N(C2=CC=C(C(F)(F)F)C=C2)C3=O,egc,5.369,5.000188305018976,,False
*C(=O)c1ccc2c(c1O)C(=O)N(c1ccc(Oc3ccc(N4C(=O)c5ccc(*)c(O)c5C4=O)cc3)cc1)C2=O,egc,2.4208,2.5636337784195455,,False
*OC(CCCCCC)CC(*)=O,egc,6.7534,6.46732325643832,6.242055024391046,True
*CC(CCl)(CCl)COC(=O)c1ccc(C(=O)O*)cc1,egc,4.7184,4.82484983632087,,False
*OC(=O)c1ccc(C(*)=O)cc1,egc,4.5736,4.358720258036649,4.634093014307223,True
*C(=O)Nc1ccc(Cc2ccc(N3C(=O)c4ccc(*)cc4C3=O)cc2)cc1,egc,3.1109,2.942011028546632,,False
*CCCCCCCCCCCCNC(=O)CCCCCCCCCCCCC(=O)N*,egc,6.028,5.8694535164756845,,False
*CC(*)c1ccc(C(=O)CCN2CCOCC2)cc1,egc,3.2629,2.857080152254548,2.6933976519567406,True
*Oc1cccc(OC(=O)c2ccc(Oc3ccc(C(*)=O)cc3)cc2)c1,egc,4.2359,3.872607768783004,,False
*OC1(F)C(C)C(C)(C2(Cl)CNCNC2*)CC1(C)C,egc,5.4515,5.971377124837081,,False
*CC1CC(*)CN(c2nc(N)nc(N)n2)C1,egc,5.1254,4.70744290622078,,False
*Nc1ccc(C(C)(C)c2ccc(NC(=O)c3cc(C(*)=O)cc(N4C(=O)C5CC=CCC5C4=O)c3)cc2)cc1,egc,3.5748,3.2565759485455827,,False
*CC(*)C(=O)OCC=C,egc,6.066,5.568811148513567,,False
*NOC(=O)O*,egc,6.2663,5.7066944407620666,6.808329433717449,True
*CONO*,egc,6.4799,5.94040491240261,,False
*CCCCCC(=O)NCCCCCOCCCCCNC(=O)CCCCO*,egc,5.905,5.865088952075535,,False
*ON(C(F)(F)F)C(F)(F)C(F)=C(F)C(*)(F)F,egc,4.6645,4.982709255505973,6.14066314691195,True
*CCCCCCCCCOc1ccc(C=CC=Cc2ccc(O*)cc2)cc1,egc,3.5795,4.032020643169761,,False
*C(*)(F)Cl,egc,3.6564,6.741090443118018,,False
*Oc1cc(C)c(*)c(C)c1Br,egc,4.5779,4.486489096216217,4.737529451072075,True
*c1ccc(-c2nnc(-c3cccc(-c4nnc(*)o4)c3)o2)cc1,egc,3.4013,3.49598212804959,,False
*C(=O)C1CC(OC(C)=O)CN1*,egc,4.1614,5.9566304469479725,,False
*Oc1ccc(C(CC)(c2ccccc2)c2ccc(OC(*)=S)cc2)cc1,egc,4.1012,4.192681854559076,4.315961515854516,True
*C(C=C1)=CC=C1C(C=C2)=CC=C2C(=S)O*,egc,3.2538,3.3018842795690566,3.092855888508422,True
*C=CC(C*)CC,egc,5.4701,5.567268100665641,,False
*CC(S1)=CC=C1C(C=C2)=CC=C2C(S3)=CC=C3*,egc,3.3769,3.3431455047195375,3.0288626512790167,True
*c1ccc(-c2cc(CCCCCCOC(=O)COc3ccccc3)c(*)s2)s1,egc,1.9751,2.3561028472015595,,False
*CC(O*)c1ccccc1,egc,5.2866,4.32330468717979,,False
*CCCCCCOC(=O)NNC(=O)CCCCCCCCC(=O)NNC(=O)O*,egc,5.8625,5.754390765596281,5.875893166065852,True
*OC(=O)OCC(OC)C(COC(=O)OC1COC2C(*)COC12)OC,egc,6.3606,6.328675244421382,,False
*Oc1ccc(NC(=O)c2cc(NC(=O)C34CC5CC(CC(C5)C3)C4)cc(C(=O)Nc3ccc(*)cc3)c2)cc1,egc,3.5033,3.5310927685913263,,False
*NC(=S)NC(C=C1)=CC=C1CC(C=C2)=CC=C2*,egc,3.7839,3.4843295137019346,3.759116543057123,True
*CCCOC(=O)Cc1ccc(CC(=O)O*)cc1,egc,5.2766,5.332572021669356,,False
*c1nc2cc3nc(-c4ccc(*)o4)[nH]c3cc2[nH]1,egc,2.2261,2.9501383423791268,,False
*NC(CC(=O)OCc1ccccc1)C(*)=O,egc,5.316,5.495964889205936,5.208086719232411,True
*c1ccc(-c2nc3cc(-c4ccc5nc(-c6ccccc6)c(*)nc5c4)ccc3nc2-c2ccccc2)cc1,egc,3.3015,2.916894834699168,3.032023638667105,True
*CCCS(=O)(=O)CCCS(=O)(=O)CCCOC(=O)c1ccccc1C(=O)O*,egc,5.0984,4.474368390864295,5.58317213135927,True
*OC(F)(F)C(F)(F)C(F)(F)C(*)(F)F,egc,9.0549,8.460085346194735,,False
*OC(=O)C1CCC(C(=O)OC2COC3C(*)COC23)CC1,egc,6.4746,6.21689422195342,,False
*C(=O)c1ccc2c(c1)C(=O)N(c1cccc(Cc3ccc(C(=O)c4ccc(N5C(=O)c6ccc(*)cc6C5=O)cc4)cc3)c1)C2=O,egc,2.9158,2.7070875031875645,,False
*C=CC1CC(*)C(C(=O)Oc2ccccc2)C1C(=O)Oc1ccccc1,egc,5.2819,4.729948268822034,,False
*c1cc(CC)c(*)s1,egc,2.3523,2.635751694889116,2.2089586731093647,True
*NNC(=O)C(=O)NNC(=O)CCCCC(*)=O,egc,4.5812,4.894770940600671,,False
*Cc1ccc(C(=O)N*)cc1,egc,5.0419,4.588144676670168,4.707527987884887,True
*c1cc(-c2nc3ccccc3s2)cc(-n2c(=O)c3cc4c(=O)n(*)c(=O)c4cc3c2=O)c1,egc,2.4436,2.3744308877143028,2.6078272848807678,True
*CCCOC(=O)CCCCCCC(=O)O*,egc,6.9244,6.686734104823482,,False
*Oc1c(C(C)C)cc(C(*)=O)cc1C(C)C,egc,4.7789,4.3051869711057975,4.03829241348393,True
*C(C=C1)=CC=C1OC(=S)O*,egc,4.7568,4.166514206875246,4.018004481373003,True
*Nc5ccc(NC(=O)c4ccc(C3(c1ccc(C(*)=O)cc1)OC(=O)c2ccccc23)cc4)cc5,egc,3.4199,3.493012494399156,3.344578277420745,True
*CCCCCCCCCCNC(=O)CCCCCCCCC(=O)N*,egc,5.9125,5.910152086335891,,False
*C(=O)C(C=C1)=CC=C1C(C=C2)=CC=C2C(=S)*,egc,2.4596,2.844890381122885,2.667630760065648,True
*CCCCCCCCn1c(=O)c2ccc3c4ccc5c(=O)n(*)c(=O)c6ccc(c7ccc(c1=O)c2c37)c4c56,egc,2.0224,3.3347786483490207,1.8472855321096049,True
*CCCP(CCCNC(=O)C(=O)N*)c1ccccc1,egc,4.5841,4.623368704373707,,False
*CCCCCCOC(=O)CCCCCCCCC(=O)O*,egc,6.8548,6.776297140410423,6.665398198338406,True
*c1cc(SCCCCCC)c(*)s1,egc,1.6201,1.9567648113764695,,False
*CC(*)OC(=O)c1ccc(OC(C)=O)cc1,egc,4.6237,4.580898166722178,,False
*c1ccc(C(=O)Nc2ccc(-n3c(=O)c4cc5c(=O)n(*)c(=O)c5cc4c3=O)cc2C(=O)OCC)cc1,egc,2.463,2.4832116442280756,,False
*CC(=O)NCCCCCCNC(=O)COC(=O)CCCCC(=O)O*,egc,6.0986,5.791933159886168,,False
*C([2H])([2H])C(*)(F)F,egc,7.1497,7.296753203248773,6.938146665353298,True
*CCCCCCOC(=O)CCCC(=O)O*,egc,6.6665,6.76223930833993,,False
*Oc1ccc(OC(=O)c2ccc(C(*)=O)cc2)cc1Cl,egc,3.9402,4.016485400714159,,False
*C(F)C(*)(F)OC(F)(F)F,egc,8.1265,8.086419599798619,8.451289704663871,True
*CC(*)(F)C(=O)OCC(F)(F)C(F)(F)C(F)(F)C(F)(F)C(F)(F)C(F)F,egc,6.4283,6.5053288495676,,False
*c1ccc(Oc2cccc(-n3c(=O)c4cc5c(=O)n(*)c(=O)c5cc4c3=O)c2)cc1,egc,2.5637,2.549583712757842,,False
*CC1CC(*)CC(O)C1,egc,6.4795,6.209868841003652,6.233226916887394,True
*C1CC(C)(C)OC1*,egc,5.8529,5.840988710793464,5.974810837391985,True
*CCCC(*)C#N,egc,7.8211,6.74487626703835,,False
*C(=O)SSCCCCSSC(=O)N1CCN(*)CC1,egc,4.2166,4.473409781382586,3.4459387681036913,True
*c1cncc(-c2nnc(-c3nnc(*)o3)o2)n1,egc,3.6277,3.4817003792180565,2.7611747794492936,True
*c1ccc(-c2ccc(-c3cc(-c4ccccc4)c4cc(-c5ccc6nc(*)cc(-c7ccccc7)c6c5)ccc4n3)cc2)cc1,egc,3.1298,2.951076253651175,,False
*CCCC1(C)CCN(C(=O)CCC(=O)N2CCC(*)(C)CC2)CC1,egc,5.3334,5.1543829132382655,5.1406512089412555,True
*CC(*)(C)C#N,egc,7.6319,6.606975160858148,6.631102151068956,True
*CCC(=O)OC(=O)CCc1ccc(*)o1,egc,4.5192,4.651491798131777,,False
*CC(=O)NC(=O)*,egc,4.269,5.744076198707478,,False
*Nc1ccc(NC(=S)NC(=O)c2cccc(C(=O)NC(*)=S)c2)cc1,egc,3.3129,3.078580091638276,,False
*CCCCCOC(=O)CCC(C)CC(=O)O*,egc,6.7005,6.700001571093114,,False
*CC1CCC(CNC(=O)CCCCCCC(=O)N*)CC1,egc,5.8707,5.784295235432765,,False
*CCCOC(=O)CCCCC(=O)O*,egc,6.7235,6.755707673637496,,False
*c1ccc(-c2nc3ccc(Oc4ccc5nc(*)c(-c6ccccc6)nc5c4)cc3nc2-c2ccccc2)cc1,egc,3.199,3.0267017655360875,3.1310309771976716,True
*CCOCCOCCOCCOCCOc1ccc(C(=O)Nc2cc(NC(=O)c3ccc(O*)cc3)cc(-c3nc4ccccc4[nH]3)c2)cc1,egc,3.9357,3.3988705513660213,3.9489123432061635,True
*CC(*)C(=O)n1sc2ccccc2c1=O,egc,1.2252,3.264020220499011,,False
*C(=O)NNC(=O)c1cccc(C(=O)NNC(=O)c2cccc(*)n2)c1,egc,4.479,3.8322830915890176,,False
*CC(*)c1cc(Br)ccc1OCC,egc,4.458,4.618061343985531,,False
*Oc6ccc(C5(c3ccc(OC(=O)c2ccc(Oc1ccc(C(*)=O)cc1)cc2)cc3)OC(=O)c4ccccc45)cc6,egc,4.0357,3.805425042507615,,False
*C(F)(F)C(F)(F)CC(=S)*,egc,3.089,3.2515760354308463,,False
*Oc1ccc(S(=O)(=O)c2ccc(Oc3ccc(NC(=O)c4cc(NC(=O)c5ccncc5)cc(C(=O)Nc5ccc(*)cc5)c4)cc3)cc2)cc1,egc,3.3418,3.1886681090042637,3.3857860928421917,True
*C(=O)Nc1cccc(C(=O)Nc2cccc(NC(=O)c3ccc4[nH]c(-c5cccc(-c6nc7cc(*)ccc7[nH]6)c5)nc4c3)c2)c1,egc,3.186,3.13183401895134,,False
*COCOCCCO*,egc,6.5721,6.141165256515006,,False
*CC1CCC(CNC(=O)CCCCCCCCC(=O)N*)CC1,egc,5.7331,5.7431645664534985,,False
*CCCC(C)(C)CNC(=O)CCCCC(=O)N*,egc,5.8218,5.85620425168995,5.75720675626903,True
*c1ccc(-c2ccc(*)c(Cl)c2)cc1Cl,egc,3.6381,3.6098145446093937,,False
*CCCOC(=O)CC(=O)O*,egc,6.6256,6.459840967357074,,False
*C=CC1CC(*)C(C#N)([Si](C)(C)O[Si](C)(C)C)C1,egc,5.5917,5.231093708800393,,False
*OC1CCC(OC(=O)NCCNC(*)=O)CC1,egc,6.0582,6.18644061154223,6.165328425238249,True
*c1ccc(-c2ccc3[nH]c(-c4nc5cc(*)ccc5[nH]4)nc3c2)cc1,egc,3.3322,3.2221113145719635,,False
*Oc1ccc(C2(c3ccc(OC(=O)c4ccc(C(*)=O)cc4)cc3)CCC(C(C)(C)C)CC2)cc1,egc,3.1462,3.598103374800727,,False
*c1ccc(Oc2ccc(S(=O)(=O)c3ccc(Oc4ccc(-c5c6c(c(*)c7ccccc57)C(=O)N(C)C6=O)cc4)cc3)cc2)cc1,egc,3.443,2.933985022792711,2.7288478035336534,True
*CC(*)n1nnc2ccccc21,egc,4.0479,3.4976721624201645,,False
*OC(C)C(=O)NC(C)C(*)=O,egc,5.6199,5.986215043083161,,False
*Oc1cccc2c(OC(=O)Oc3ccc(OC(*)=O)cc3)cccc12,egc,4.0608,4.204092686520126,4.28055154694017,True
*C1CCC(*)C1,egc,6.6766,6.749669519935782,,False
*C=C(*)c1ccc(N)cc1,egc,0.2588,1.885067788408424,,False
*CCCCCCCCCCCCOC(=O)CCCCCNC(=O)CCCCC(=O)NCCCCCC(=O)O*,egc,5.3312,5.817388167267318,6.121206672493297,True
*C(F)(F)C(=O)C(F)(F)C(=O)*,egc,4.4683,5.25696356424437,,False
*CCOC(=O)CCCCC(=O)O*,egc,6.7259,6.765387678212722,,False
*CCCCCCCCCn1c(=O)c2cc3c(=O)n(*)c(=O)c3c(Br)c2c1=O,egc,3.5814,3.571257692620806,,False
*CCCOCCCOC(=O)CCCCCCCCC(=O)O*,egc,6.4909,6.60153625551121,,False
*OC(=O)C(Cc1ccccc1)NC(=O)CCCCCCCCCCC(=O)NC(Cc1ccccc1)C(=O)OC1COC2C(*)COC12,egc,5.5385,5.263913784970761,,False
*OC(=O)OCCCCCCOC(=O)OC1COC2C(*)COC12,egc,6.6217,6.817094648710234,6.737072366573967,True
*CCC(S1)=CC=C1C(=S)*,egc,2.6244,3.0584851192659515,,False
*C(Cl)=C(c1ccccc1)c1ccc(*)cc1,egc,2.8757,3.539837577045585,3.5467963839029877,True
*c1ccc(C2(c3ccc(N4C(=O)c5ccc(-c6ccc7c(c6)C(=O)N(*)C7=O)cc5C4=O)cc3)c3ccccc3-c3ccccc32)cc1,egc,2.7114,2.6858772409205804,,False
*OC(C)CCOC(=O)CCCCS(=O)(=O)CCCCC(*)=O,egc,6.6674,6.41566735903189,6.418925836853463,True
*c1ccc(*)[nH]1,egc,2.4594,2.906991307764301,,False
*CC(CC)(CC)CO*,egc,5.586,5.6685327746635705,,False
*C(C=C1)=CC=C1OC(=O)CC(=O)CCO*,egc,4.7926,5.032737364406285,4.809467650459655,True
*ON(C(F)(F)F)C(F)(C(*)(F)F)C(F)(F)F,egc,6.8426,6.98894699855924,,False
*Oc1ccc(C(C)(C)c2ccc(Oc3nc(*)nc(Cl)n3)cc2)cc1,egc,4.3967,4.60293195965725,4.415598339213696,True
*C(=O)OCC(C)(C)COC(=O)N1CCN(*)C(C)C1,egc,5.8979,5.697956529353373,5.824208184419733,True
*c1ccc(Oc2ccc(-c3cnc4ccc(-c5ccc6ncc(*)nc6c5)cc4n3)cc2)cc1,egc,3.2298,3.103661215138919,,False
*CCCCOC(=O)NCCNC(=O)O*,egc,6.2788,6.291887906482573,,False
*CCCCCCNC(=O)CCP(=O)(CCC(=O)N*)c1ccccc1,egc,4.8862,5.079432865991394,,False
*c1ccc(Oc2ccc(-c3nc4cc(-c5ccc6nc(-c7ccccc7)c(*)nc6c5)ccc4nc3-c3ccccc3)cc2)cc1,egc,3.1231,3.1887326207165443,,False
*C(=O)C(S1)=CC=C1C(C=C2)=CC=C2O*,egc,2.8763,3.4011253370384087,,False
*Cc1ccc(OCOc2ccc(*)c3cccnc23)c2ncccc12,egc,3.5315,3.418669194801852,3.6341641516234238,True
*CC(CO*)(CS(=O)(=O)CCCCC)CS(=O)(=O)CCCCC,egc,5.21,5.925554216438876,,False
*CCCCCCCCCCCCNC(=O)C(OC)C(OC)C(=O)N*,egc,5.7132,5.5262829482756075,5.399100426107963,True
*CCCN(*)C(C)=O,egc,5.7364,5.61526732705411,,False
*CC(=O)C(S1)=CC=C1C(=S)*,egc,2.6865,2.779156233610509,2.6517814968575815,True
*Cc1ccc(CNC(C)=N*)cc1,egc,4.9237,4.426930289854367,4.511218808522998,True
*c1ccc(C(C#N)(C(=O)OC)C(*)(C#N)C(=O)OC)cc1,egc,5.3905,4.685655240510832,5.228345586631794,True
*C=CC(=C(C)C)C(*)=C(C)C,egc,3.4443,3.159781089720731,,False
*c1ccc(N(*)c2ccc(S(=O)(=O)O)cc2)cc1,egc,3.3685,3.912502830290886,,False
*NOC(=S)O*,egc,4.8496,4.051496116834179,,False
*c1ccc(N(c2ccc(C#N)cc2)c2ccc(N3C(=O)c4ccc(Oc5ccc6c(c5)C(=O)N(*)C6=O)cc4C3=O)cc2)cc1,egc,2.2981,2.523132544172879,,False
*NC(C=C1)=CC=C1OC(C=C2)=CC=C2*,egc,3.6519,4.085931321685793,3.6572558403967097,True
*CCN(*)Cc1ccccc1,egc,3.8139,4.588248278804158,4.6823981438404685,True
*CCCCCC(=O)NCCCCCCNC(=O)CCCCCOC(=O)CCCCC(=O)O*,egc,5.9182,6.136646967516647,,False
*Cc1cccc(CN(*)c2ccccc2)c1O,egc,4.1958,4.067082336794397,4.177926926583195,True
*C(=O)NCCCCCCNC(=O)c1cnn(*)c1,egc,5.1584,3.828747266226845,4.7291699487855645,True
*CC(*)C(=O)OCCCCSC,egc,4.571,4.979720650515522,,False
*CC(O)C(O)CN(*)c1ccc(N(C)C)cc1,egc,3.7705,4.010762457071637,,False
*NC(CC(*)=O)C(=O)OCCOC,egc,5.9247,5.919037223402557,,False
*CCCC(C)CCC(=O)N*,egc,5.9091,6.078321869737112,,False
*C(C)C(*)OC,egc,5.326,5.955932434397745,,False
*CCCCCC(=O)NCCCCCOCCCCCNC(=O)CCCO*,egc,5.841,5.888108806117532,,False
*CO*,egc,6.6048,5.8905718641984235,,False
*CC(C#N)(C#N)C(C#N)C(C#N)(C#N)C(C#N)C(C#N)(C#N)C(C#N)C(C#N)(C#N)*,egc,6.4897,6.144433333241319,6.415417348158998,True
*c1ccc(OCC2CCC(COc3ccc(-n4c(=O)c5cc6c(=O)n(*)c(=O)c6cc5c4=O)cc3)CC2)cc1,egc,2.2219,2.5586497247637037,2.497724961822076,True
*CCOC(=O)NCCOCCOCCNC(=O)O*,egc,6.1403,5.983077785583984,,False
*CCOCCOC(=O)CCCCCCCC(=O)O*,egc,6.5091,6.372154498796731,,False
*CONC(=O)*,egc,6.1048,5.707969054333855,5.8900880951536685,True
*CC(*)C(=O)OC(CC)CC,egc,6.4889,6.204932961489753,,False
*CCCCCCOC(=O)NCCCNC(=O)O*,egc,6.0865,6.2190049052024605,6.145274915506832,True
*Oc1ccc2nc3oc4cc5oc6c7c(cn6ccc5on4cnc3c12)nc1c(*)ccccc17,egc,1.4158,2.294842015903749,2.4657691489498745,True
*CC(O)CO*,egc,6.5192,6.226083656377945,5.700888684826238,True
*Oc1cccc(Oc2ccc(S(=O)(=O)c3ccc(*)cc3)cc2)c1,egc,4.2737,4.343360922293672,,False
*Nc1ccc(NC(=O)c2cc(NC(=O)c3ccccc3)cc(C(*)=O)c2)cc1,egc,3.3958,3.206257436397912,,False
*Nc1ccc(C(C)(C)c2ccc(NC(=O)c3cc(C(*)=O)cc(N4C(=O)C5C6CCC(C6)C5C4=O)c3)cc2)cc1,egc,4.0843,3.0894859815894846,,False
*CCCCCCOC(=O)OCCCCCCCCCCCCOC(=O)OCCCCCCn1c(=O)c2cc3c(=O)n(*)c(=O)c3cc2c1=O,egc,3.821,3.2522744443810065,,False
*C(=O)Nc1ccc(C(=O)Nc2ccc(NC(=O)c3ccc4[nH]c(-c5cccc(-c6nc7cc(*)ccc7[nH]6)c5)nc4c3)cc2)cc1,egc,2.9934,2.968193281460755,2.9438915737040436,True
*CCCCOC(=O)O*,egc,7.3079,7.18017251038071,7.190505412741103,True
*CC(F)(F)C(F)(F)C(F)(F)COC(=O)NCC(F)(F)C(F)(F)C(F)(F)C(F)(F)CNC(=O)O*,egc,6.897,6.6889806237120695,6.689246673218006,True
*CC1(CO*)CC2CCC1CC2,egc,5.9128,5.959863342289083,5.849708781064341,True
*CCCCCCNC(=O)NCCCCCNC(=O)N*,egc,5.9068,5.584133642908935,,False
*CC(C=C1)=CC=C1NC(C=C2)=CC=C2*,egc,4.3854,4.352084905020965,,False
*CC(*)(C)C(=O)OCCc1ccccc1,egc,5.7104,5.199970878697335,5.113588117106856,True
*NNC(=O)c1ccc(NC(=O)c2ccc(C(*)=O)cc2)c(O)c1,egc,3.6452,3.633761965759948,4.032243087745129,True
*c1cc(C)c(*)s1,egc,1.9299,2.782059372854961,,False
*Oc1ccc(N=Nc2ccc(*)cc2)cc1,egc,3.1576,3.302661084996011,,False
*C(=O)c1ccc2c(c1)C(=O)N(c1cccc(-c3nc(-c4ccccc4)nc(-c4cccc(N5C(=O)c6ccc(*)cc6C5=O)c4)n3)c1)C2=O,egc,2.9625,2.5109025551888475,,False
*C(=O)Nc1ccc(N2C(=O)c3ccc(*)cc3C2=O)cc1,egc,3.1573,3.02050900982886,,False
*c1ccc(Oc2ccc(-c3csc(-c4nc(*)cs4)n3)cc2)cc1,egc,3.5312,2.9240942661638782,,False
*OC(=O)CCC(=O)OC1COC2C(*)COC12,egc,6.1275,6.251595996576398,,False
*C(=O)OC1CC2CC(OC(=O)N3CCN(*)CC3)CC(C1)O2,egc,5.7033,5.798178658938592,5.838739889411724,True
*CCCCCCNC(=O)CCCCCCCCCCCCCCCCCCCCC(=O)N*,egc,5.992,5.855707224847034,5.968600917596897,True
*c1ccc(-c2sc(-c3cc(SCCCC)c(*)s3)cc2SCCCC)cc1,egc,2.4731,2.458197757676777,,False
*OC(CC(C)C)C(*)=O,egc,6.5186,6.268377887495769,,False
*CC(Cl)C(Cl)C(*)Cl,egc,7.1649,6.532030952226516,,False
*c1cc(CCCc2ccccc2)c(*)s1,egc,2.4481,2.7740291413456006,,False
*c1ccc(C(=O)c2ccc(C(=O)c3ccc(Oc4ccc(-c5nn(*)c(=O)c6ccccc56)c(F)c4)cc3)cc2)cc1,egc,3.3441,3.382914489110178,3.497211536864829,True
*CCOCCOC(=O)COCC(=O)O*,egc,5.9381,6.253520689786168,,False
*CC(*)(C)C(=O)OCCCCCC,egc,6.4509,6.236982793512635,,False
*CCCCCCCCCCCCCCCCOC(=O)CC=CCC(=O)O*,egc,5.8517,6.043143578367947,,False
*c1cccc(-c2ccc(-c3ccc(*)s3)s2)n1,egc,2.8359,2.4584467967094024,,False
*CC(O)CN(*)c1cc(C)cc(C)c1,egc,4.5575,4.554979382822366,,False
*c1cc(-c2ccc(OCCCC)cc2)c(*)s1,egc,2.6658,2.627338280016625,2.583779075915339,True
*CC(C=C1)=CC=C1CC(C=C2)=CC=C2*,egc,5.1689,4.782026175437755,,False
*Oc1ccc(CC(NC(=O)CCc2ccc(OC(=O)CCCCCCC(*)=O)cc2)C(=O)OCCCCCCCCCCCC)cc1,egc,5.1624,5.06300823150857,,False
*CCCCCNC(=O)C(CCCCCCCCCCCC)C(=O)N*,egc,5.7457,5.745587354848124,5.764790969600823,True
*C(c1ccc(N(C)C)cc1)C(*)c1ccc([N+](=O)[O-])cc1,egc,2.3431,2.214014731461683,,False
*c1ccc(*)c(OC)c1N,egc,4.71,3.882011737091787,4.345584230138852,True
*CCCCCCCNC(=O)C=CCCC=CC(=O)N*,egc,5.3907,5.018396245802962,,False
*CCCCCCCCC(=O)O*,egc,6.4657,6.622850238139617,,False
*c1nnc(C2CC3(CC(*)C3)C2)o1,egc,6.0399,5.7672931488944,5.760804368545541,True
*CCCCCCCCc1nnc(*)n1N,egc,5.4011,5.694254673341143,5.525359601568568,True
*C=CC1CC(*)C2C(=O)N(CCCCCCCCC)C(=O)C12,egc,5.4434,4.927821690750015,,False
*CCCCCCCCCCCCc1nnc(*)o1,egc,6.356,5.965167741207718,,False
*CCOCCOCCOC(=O)c1ccccc1C(=O)O*,egc,4.8493,4.818371998083426,4.900874668360303,True
*OC(C)CCCCC(*)=O,egc,6.5026,6.464504877599026,6.4850824635735895,True
*c1cc(C=Nc2cccc(C)c2)cc(*)c1O,egc,3.5437,3.4589954410289843,3.544646155681307,True
*CC(*)c1ccc(CCCCCC)cc1,egc,4.9872,4.1644457243190915,,False
*Nc1cc(NC(=O)c2ccc(C(*)=O)cc2)cc(C(=O)OCCOc2ccc(C=CC(=O)c3ccccc3)cc2)c1,egc,3.1709,3.047856307698132,,False
*CCCCc1nnc(*)n1N,egc,5.3914,5.434311938028977,5.73684490644752,True
*CCCCCCCCCCC(=O)O*,egc,6.8465,6.671402025317001,,False
*c1ccc(Oc2ccc(-c3cc(-c4ccccc4)c4cc5c(-c6ccccc6)cc(*)nc5cc4n3)cc2)cc1,egc,2.8308,2.925090437699802,,False
*C=C(*)C#N,egc,0.838,2.657660496680083,3.5630251824679555,True
*CC(S1)=CC=C1C(=S)C(S2)=CC=C2*,egc,2.5715,2.5463062334055677,,False
*CCCCCCCCCNC(=O)CCCCCC(=O)N*,egc,5.9578,5.892036398343172,5.853495348080334,True
*CCCCCOC(=O)NCCSCCSCCNC(=O)O*,egc,5.3739,5.44770396133837,5.282192745496035,True
*C=CC1CC(*)C2C(=O)N(CCCCCC)C(=O)C12,egc,4.6556,5.328518676210004,,False
*CCCCOC(=O)CCCCCNC(=O)O*,egc,6.3358,6.361489611638066,,False
*CC(CCl)(CI)COC(=O)CCCCC(=O)O*,egc,5.5293,6.428983308581846,6.464417022344466,True
*CCCCCCOCCCCCCOCCCCCO*,egc,5.9688,6.2129518027926665,5.887652364590393,True
*c1cccc(C(c2ccccc2)(c2cccc(N3C(=O)c4ccc(Oc5ccc6c(c5)C(=O)N(*)C6=O)cc4C3=O)c2)C(F)(F)F)c1,egc,3.4747,3.35160457392607,,False
*c1ccc(-c2nnc(*)o2)c(OCCCCC)c1,egc,3.0444,3.692026809580389,,False
*OC(=O)c1ccc(Cc2ccc(C(*)=O)cc2)cc1,egc,4.3273,4.2894751772971125,,False
*CC(C)(C)COC(=O)CCCCCCCC(=O)O*,egc,6.5848,6.61918749578565,6.627560608078917,True
*CCCCCCCCCCCCCCCCOC(=O)CCC=CCCC(=O)O*,egc,6.0336,6.010509808875536,,False
*CC(=O)CC(=O)*,egc,4.1544,5.490517988179962,,False
*CCCCCCCCC(=O)NCCCCCOCCCCCNC(=O)CCCO*,egc,5.9383,5.867097405470176,,False
*C(=O)OC1=NCCN1*,egc,5.1364,5.096024955934921,5.445746696882146,True
*Cc1ccc(COC(=O)CCCCCC(=O)O*)cc1,egc,5.6303,5.363169578413435,,False
*CCCP(CCCCCCCC)CCCNC(=O)CCCCC(=O)N*,egc,4.7376,5.5679565966461295,,False
*NC(C#N)=C(C#N)NC(=O)c1ccc(C(*)=O)cc1,egc,3.4817,3.021173198490476,,False
*NC(CCC(*)=O)C(=O)O,egc,5.9301,5.792152414014185,,False
*CC1CCC(COC(=O)c2ccc(NC(=O)O*)cc2)CC1,egc,4.5441,4.798469213609027,4.985646408388641,True
*CCC(C)C(*)(C)C(=O)OC,egc,6.5856,5.9482955021405415,,False
*CC(*)(CO)C(=O)OCC,egc,5.8505,6.307604395721469,6.313892762381457,True
*C(=O)CCCCCCCCC(=O)N1CCN(*)CC1,egc,5.5924,5.6255161002069505,,False
*Oc1cccc(OC2(F)C(*)(F)C(F)(F)C2(F)F)c1,egc,5.2546,5.124208303051733,,False
*CC(C1=CC=CC=C1)CC(C2=CC=CC=C2)CC(C3=CC=CC=C3)CC(C4=CC=CC=C4)*,egc,5.2025,3.441382726465404,4.75703438107071,True
*c1ccc2c(c1)c1cc(*)ccc1n2C(=O)OCC,egc,3.932,3.6639720931001585,,False
*CCCCCCCCCCCCCCCCCCCCOC(=O)CCCCCCCCC(=O)O*,egc,6.784,6.351431435398406,,False
*CC(*)C(=O)N(O)c1cccc(C)c1,egc,4.1845,4.636432174788657,,False
*CC(*)c1cc(O)ccc1O,egc,2.0107,3.8215949800852065,,False
*CNC(=O)NCOCO*,egc,6.2147,6.074126692431965,,False
*Oc1ccc(C(C)(CCC#N)c2ccc(OC(*)=O)c(C)c2)cc1C,egc,4.6661,4.812292093848655,,False
*c1cc(CCCCCCBr)c(*)s1,egc,2.553,2.439851112575633,2.2997802709368034,True
*CNC(=S)C(=O)*,egc,2.602,3.049508554775914,3.3807719187679095,True
*c1ccc(-c2ccc(*)c(CCCCCC)n2)nc1CCCCCC,egc,3.9211,3.559775802107136,,False
*CC(C)(C)COC(=O)CC(=O)O*,egc,6.7138,6.384507077877174,,False
*CC(S1)=CC=C1C(=O)O*,egc,4.5212,4.159641481870772,,False
*c1cnc(*)c(C)c1,egc,5.1042,4.695248569548606,,False
*CC#CC#CCOc1ccc(C(C)(C)c2ccc(O*)cc2)cc1,egc,4.3962,4.4269088093959255,4.348874054712077,True
*CC(C)(C)COC(=O)NCCCC(CCNC(=O)O*)OC,egc,6.1723,5.906760737339895,,False
*c1ccc2c(c1)C(CC(CC)CCCC)(CC(CC)CCCC)c1cc(*)ccc1-2,egc,3.8505,3.0859326786906056,3.665112264933205,True
*Oc1c(OC)cc(*)cc1OC,egc,4.2534,4.451828050875922,,False
*CCOC(=O)c1ccc(C(=O)O*)cc1,egc,4.6867,4.750475959518155,4.6408860051192145,True
*CCOC(=O)c1ccc(O*)cc1C,egc,4.5424,4.928785553704881,,False
*CCCCCCCCCCCCCCCC(=O)O*,egc,6.7798,6.705735936641524,,False
*CCCCCCOc1ccc(C(=O)N(C(=O)c2ccc(O*)cc2)c2ccccc2)cc1,egc,3.9898,3.7943782331936866,,False
*C(=O)N1CC(=O)N(C(=O)c2ccc(N3C(=O)c4ccc(*)cc4C3=O)cc2)C1=O,egc,3.533,3.4114211898591513,,False
*c1cc(SCCCCCCCCCCCC)c(*)s1,egc,1.5021,2.234211522936256,,False
*OC(F)(F)COC(=O)c1cccc(C(=O)OCC(*)(F)F)c1,egc,4.7299,5.004514985590874,,False
*CC(O)COc1ccc(O*)cc1,egc,4.7923,4.936362766726888,,False
*C=Cc1cc(OCCCCCC)c(*)cc1OC,egc,2.3505,3.3612192913239944,,False
*CCCCCCCCCCOC(=O)CCCCS(=O)(=O)CCCCC(=O)O*,egc,6.4132,6.583956482033244,6.558955150988948,True
*OC(C)CCOC(=O)CCCCCCCC(*)=O,egc,6.6793,6.735133720173096,,False
*C(=O)Nc1ccc(S(=O)(=O)c2ccc(NC(=O)c3ccc4c(c3)C(=O)N(c3ccc(S(=O)(=O)c5ccc(N6C(=O)c7ccc(*)cc7C6=O)cc5)cc3)C4=O)cc2)cc1,egc,3.3421,2.784287878948696,2.8553035806586626,True
*COC(=O)OCC1OC(OCC)OC1*,egc,6.8573,6.643105993103329,,False
*C(=O)c1ccc2c(c1)C(=O)N(c1ccc(-c3ccc(N4C(=O)c5ccc(*)cc5C4=O)cc3)cc1)C2=O,egc,2.5354,2.5946019926323314,,False
*C(=O)Nc1ccc(C2(c3ccc(N4C(=O)c5ccc(*)cc5C4=O)cc3)CCC(CC)CC2)cc1,egc,2.9185,3.1247463454257436,3.0398283627859017,True
*OC(*)CC,egc,6.1349,6.585114085078051,6.223701685427928,True
*C(S1)=CC=C1C(S2)=CC=C2C(S3)=CC=C3C(=S)*,egc,1.4924,1.9613255371468,,False
*C(=O)NCCCCCCNC(=O)c1ccc(*)nc1,egc,4.574,4.587430205809198,,False
*CCOC(=O)CSC(=O)Nc1ccc(Cc2ccc(NC(=O)SCC(=O)O*)cc2)cc1,egc,4.3268,4.3467975454296,,False
*Oc1ccc(Nc2ccc(N=Nc3ccc(Nc4ccc(*)cc4)cc3)cc2)cc1,egc,2.8393,3.024775664802201,,False
*CC(*)C(=O)OCCCCCCCCCCCCCC,egc,6.5079,6.077451948906254,5.964632858225124,True
*CCOc1ccc(C(=O)OC(=O)c2ccc(O*)cc2)cc1,egc,4.4185,4.380362408715459,,False
*CCCCOC(=O)CCCCCCCCC(=O)O*,egc,6.818,6.699828327470189,,False
*CC(*)C,egc,6.5196,6.630291065597652,,False
*CCCCCCOC(=O)NCCCCCCNC(=O)O*,egc,6.343,6.337159888771399,,False
*N=Nc1cc(*)ccc1C,egc,3.0039,3.106216004423297,,False
*OC(C)COC(=O)CCCCCCC(*)=O,egc,6.5111,6.669520352742514,6.505572483202297,True
*CCCCCCCNC(=O)CCCCCCCCCC(=O)N*,egc,5.7365,5.8091817086503745,5.880162514426659,True
*OC3=CC=CC(C(C2=CC=CC(OC1=CC=CC(*)=C1)=C2)=O)=C3,egc,3.6547,4.079763829202693,4.365613895794527,True
*CC(OC(C)=O)C1C(=O)N(c2ccc(C)cc2)C(=O)C1(*)Cl,egc,4.7107,4.843198286078725,,False
*Cc1ccc(CNC(=O)c2cccc(C(=O)N*)c2)cc1,egc,4.6753,4.3475271461555804,,False
*c1ccc(*)c(CCCCCC)n1,egc,4.7957,4.573281057519579,,False
*CCCCCCNC(=O)CCCCC(=O)NCCCCCCNC(=O)C(=O)N*,egc,5.2635,5.046577759617576,,False
*C=Cc1cc(OCC)c(*)cc1OCC,egc,4.2145,2.533802410286621,,False
*CC1CC(*)OC(C)O1,egc,6.0468,6.329438863323059,6.164023366670874,True
*CC(S1)=CC=C1C(=O)C(=S)*,egc,3.0928,2.6864796266834823,,False
*CC(*)CO,egc,6.2929,6.199440122062995,6.3243707151048705,True
*C(=O)Nc1cccc(C=CC(=O)C=Cc2cccc(NC(=O)c3ccc(N4C(=O)c5ccc(*)cc5C4=O)cc3)c2)c1,egc,3.0227,2.5521978324008363,,False
*CC(*)C(=O)OCCCOC,egc,5.8538,6.142073435666446,5.734419997596683,True
*C(=O)N(*)C(C)C(C)=O,egc,4.4468,5.316366438374937,5.528232957704819,True
*c1ccc(-c2ccc(-c3cc(CCCCCCCC)c(*)s3)s2)s1,egc,2.4777,1.718762890896097,,False
*CCCP(CCCNC(=O)CCCCC(=O)N*)CC(C)C,egc,5.1348,5.122388717135122,,False
*c1ccc2c(*)c(-c3ccccc3)[nH]c2c1,egc,3.6113,3.2032952542394804,,False
*Oc1ccc(Oc2ccc(C(=O)c3ccc(*)cc3)cc2)cc1C,egc,3.5517,3.940483249471464,3.8002998228595066,True
*NC(=O)C(=S)O*,egc,3.3593,2.8432641531407334,,False
*C=CC1CC(*)C(C(=O)OC(C)(C)C)C1C(=O)OC(C)(C)C,egc,5.6132,5.9758214832112735,,False
*Nc1ccc(*)cc1S(=O)(=O)O,egc,2.9815,3.6996587485841457,,False
*c1cc(N=Nc2ccc(S(=O)(=O)O)cc2)cc(*)c1O,egc,3.0327,3.111420994614958,,False
*NC(=O)OC(C=C1)=CC=C1*,egc,4.5955,4.777815700113577,,False
*CC(OC(C)=O)C(COC(=O)O*)OC(C)=O,egc,6.5585,6.747226107724515,6.452684084912031,True
*Oc1ccc(Oc2ccc(C(=O)c3ccc(*)cc3)cc2)cc1,egc,3.9034,3.890961456131708,,False
*CCCCCCNC(=O)c1ccc(C(=O)N*)c(Oc2ccc(Cl)cc2)c1,egc,4.0457,3.877149506062235,,False
*CC(*)c1nc(N)nc(N)n1,egc,5.2767,5.014903793800981,,False
*OC1CCC(C2CCC(OC(=O)CCCCCCCCCCC(*)=O)CC2)CC1,egc,6.4832,6.400422326542109,,False
*c1ccc(C(C)(C)c2ccc(-n3c(=O)c4cc5c(=O)n(*)c(=O)c5cc4c3=O)cc2)cc1,egc,2.5724,2.604803893146604,2.726744515508399,True
*CCCCOC(=O)COCC(=O)O*,egc,6.6832,6.154470284193562,,False
*NNC(=O)c1ccc(C(*)=O)cc1OCCCCCCCC,egc,4.1277,4.042247413551865,,False
*CCC(=O)Oc1ccc(OC(=O)CCN2CCN(*)C(C)C2)cc1,egc,4.6472,4.872521725054301,4.79152394086442,True
*C(=O)CCN(C)CCN(C)CCC(=O)N1CCN(*)CC1,egc,4.9845,4.479147595422883,4.361687359111424,True
*OC(COC(*)=O)COC(C)(C)C,egc,6.0333,6.243091655722114,6.236556036642131,True
*c1ccc2c(c1)c1cc(*)ccc1n2CC(=O)NO,egc,3.6467,3.3612597606649772,,False
*C#CC#Cc1ccc(*)cc1,egc,2.0489,2.743034050449087,,False
*c1ccc(*)n1CCC(=O)NO,egc,2.8742,2.9771987229205004,,False
*CCCCCCNC(=O)CCCCCCCCC(=O)N*,egc,6.0268,5.847127253214102,5.858795643591357,True
*CCCCCCCCCCCCCCCCCCCCOC(=O)COCC(=O)O*,egc,6.3895,6.21694860818672,,False
*Oc1ccc(Cc2ccc(OC(=O)OCC3CCC(COC(*)=O)CC3)cc2)cc1,egc,5.1271,5.157230252595705,,False
*C(F)(F)C(F)(F)C(=O)C(=S)*,egc,2.0268,2.9430267969226036,2.70092894971654,True
*CC(OO*)c1ccc(Br)cc1,egc,5.1335,4.541699198987907,,False
*Oc1ccc(Oc2ccc(NC(=C(C#N)C#N)c3cccc(C(Nc4ccc(*)cc4)=C(C#N)C#N)c3)cc2)cc1,egc,2.6924,2.836580710538805,3.0301341473573284,True
*OC(=O)Oc1cccc(OC(=O)OC2CC3CC(*)CC(C2)O3)c1,egc,5.8268,5.603306924106987,,False
*CC(F)(F)C1(F)CC(CC(O)(C(F)(F)F)C(F)(F)F)CC1*,egc,7.7065,7.061178524906161,,False
*c1cc(C(=O)OCC(F)(F)C(F)(F)C(F)(F)F)c(*)s1,egc,2.8607,2.6629484749293844,,False
*CCOCCOC(=O)CCSCCC(=O)O*,egc,5.4283,5.359790085133366,5.261648254990742,True
*CCCC(C)(C)CNC(=O)CCCCCCCCC(=O)N*,egc,5.8198,5.83106801673793,5.7257600885984345,True
*C(F)(F)C(F)(F)C(C=C1)=CC=C1O*,egc,4.5008,4.864026681613088,5.085582134709842,True
*CC(CC)(CO)CO*,egc,5.2286,6.290788389872333,5.669508520578929,True
*NC(C)C(=O)NCCCCCCCCCCC(*)=O,egc,5.8221,5.75577473605684,5.607019810033095,True
*c8ccc(C7(c5ccc(n4c(=O)c3ccc(Oc2ccc1c(=O)n(*)c(=O)c1c2)cc3c4=O)cc5)OC(=O)c6ccccc67)cc8,egc,3.3847,3.0285486679068367,3.058412000661881,True
*c1cccc(Oc2ccc(S(=O)(=O)c3ccc(Oc4cccc(N5C(=O)c6ccc(-c7ccc8c(c7)C(=O)N(*)C8=O)cc6C5=O)c4)cc3)cc2)c1,egc,2.9006,3.166266680752624,3.354264211569676,True
*CC(CCC)C(CCC)COC(=O)c1ccc(C(=O)O*)cc1,egc,4.734,4.923400126725504,,False
*C=C(*)C(C)=O,egc,3.9542,2.182527696996818,1.1124221318485288,True
*CCOCCOC(=O)CCCCCCCCCCCCCCCCC(=O)O*,egc,6.2057,6.41223141789213,,False
*Oc1cc(Oc2ccc(C(C)(C)c3ccc(*)cc3)cc2)cc(C(=O)Oc2ccc(N=Nc3ccc(C#N)cc3)cc2)c1,egc,3.1481,2.9503254503858827,3.686928728190957,True
*C(=O)C(=S)C(=O)O*,egc,2.3358,2.0749069768574886,,False
*c1cc2sc(*)cc2s1,egc,1.8963,2.4787653799860703,,False
*c1ccc(Oc2ccc(-c3cnc4ccc(-c5ccc6nc(*)cnc6c5)cc4n3)cc2)cc1,egc,3.1515,3.014386803927531,,False
*C(=O)Oc1ccc(OC(=O)c2ccc3c(c2)C(=O)N(c2ccc(Oc4ccc(N5C(=O)c6ccc(*)cc6C5=O)cc4)cc2)C3=O)c(-c2ccccc2)c1,egc,2.5898,2.693960272637952,,False
*Nc1cccc2c(NC(=O)c3cccc(C(*)=O)c3)cccc12,egc,3.1462,3.3627121791097423,3.525468736369654,True
*CC(*)C(=O)Nc1ccc2c(c1)C(=O)c1ccccc1C2=O,egc,3.0723,3.3821561395711193,1.8553487172956282,True
*CCOCCC(=O)O*,egc,6.821,6.415825135994339,,False
*CCN1C(=O)C(=CC=C2SC(=S)N(*)C2=O)SC1=S,egc,2.2801,3.103820416175312,,False
*CC(*)(F)F,egc,7.1498,6.77209076241648,7.657384835554762,True
*CCC(=O)NCC(=O)N*,egc,6.1234,5.967306116312394,,False
*CCCCCCCCCOC(=O)c1ccc(NC(=O)CCCCCCCCC(=O)Nc2ccc(C(=O)O*)cc2)cc1,egc,4.1632,4.282789257080576,4.710007188247625,True
*CC(*)OC(=O)C(Cl)(Cl)Cl,egc,5.7645,5.866568656394399,,False
*OC(C)COC(=O)CCCCCCCCC(*)=O,egc,6.952,6.5171286045243555,,False
*CCCCCCCCCCNC(=O)C(C)=C(C)C(=O)N*,egc,4.9889,4.649006173189513,,False
*CC(C)(C)COC(=O)Nc1ccc(C)c(NC(=O)O*)c1,egc,5.1704,4.955600437126843,,False
*CCCC(=O)*,egc,5.3982,5.695414812265874,5.990369024686722,True
*C=Cc1sc(*)c2c1OC(CCCCCC)CO2,egc,1.0146,2.585236970320574,,False
*CCC(=O)N(*)C,egc,5.368,5.494457983208147,,False
*CC(C)(C)COC(=O)CCCCCCC(=O)O*,egc,6.7281,6.586471978165595,6.662914928485159,True
*NC(S1)=CC=C1C(S2)=CC=C2C(S3)=CC=C3*,egc,2.2573,2.1178616410065776,,False
*c1ccc(-c2cnc3cc(-c4ccc5nc(*)cnc5c4)ccc3n2)cc1,egc,3.2178,2.863499985507426,,False
*CC(O)COC(=O)CCCCC(=O)OCC(O)COc1ccc(O*)cc1,egc,5.0285,5.040935670345751,,False
*C(=O)OC(C=C1)=CC=C1C(=S)*,egc,2.9816,3.3318355858604147,3.136874664778315,True
*C(=O)c1ccc2c(c1)C(=O)N(c1cccc(C(=O)N(C)c3ccc(N4C(=O)c5ccc(*)cc5C4=O)cc3)c1)C2=O,egc,2.3447,2.6079657968481156,,False
*CC(CC(*)(C#N)C(=O)OC)c1ccccc1,egc,5.5884,5.435500670740008,5.658346379886344,True
*c1ccc(Cc2ccc(N3C(=O)c4ccc(S(=O)(=O)c5ccc6c(c5)C(=O)N(*)C6=O)cc4C3=O)cc2)cc1,egc,2.775,2.891862431853539,2.944224452898275,True
*CCCCCCSSCCCCSS*,egc,5.0908,4.825336836744331,4.482540582743054,True
*C(=O)NCCCCCCCCCCNC(=O)c1ccc(*)nc1,egc,4.5311,4.528835888418672,4.732794252010765,True
*CCCS(=O)(=O)CCCCS(=O)(=O)CCCOC(=O)O*,egc,6.4999,6.483084674900854,6.548437653958783,True
*c1ccc(Oc2ccc(-c3cnc4cc5ncc(*)nc5cc4n3)cc2)cc1,egc,2.782,3.2493064534735496,2.973651801438098,True
*C=CC1CC(*)C2C(=O)N(c3cccc(C)c3)C(=O)C12,egc,4.9512,5.061363776259177,,False
*CCCCCCOC(=O)OCCCCCCCCOC(=O)OCCCCCCOc1ccc(Oc2ccc(O*)cc2)cc1,egc,4.4708,5.067114116994387,5.154083854980508,True
*CC(=O)C(=S)O*,egc,3.8359,3.1643371858718385,3.0809887010905315,True
*C(=O)C(C=C1)=CC=C1C(=S)C(C=C2)=CC=C2*,egc,2.9419,3.0310689568977285,,False
*c1cc(CCCCCCCCCC)c(*)[nH]1,egc,2.8756,3.0120242115377898,2.9148834231445107,True
*c1ccc(-c2nc3cc4sc(*)nc4cc3s2)cc1,egc,3.1122,3.213744475386139,,False
*c1ccc(C(C=CC)c2ccc(-n3c(=O)c4cc5c(=O)n(*)c(=O)c5cc4c3=O)cc2)cc1,egc,2.5577,2.376440246129935,,False
*Nc1ccc(NC(=O)CCC(*)=O)cc1,egc,4.4554,4.165488729700728,,False
*Oc1ccc(CC(NC(=O)Cc2ccc(OC(=O)CC(C)CCC(*)=O)cc2)C(=O)OCCCCCCCC)cc1,egc,5.2951,4.854453055874548,,False
*c1ccc([Si](c2ccccc2)(c2ccccc2)c2ccc(-c3nnc(*)o3)cc2)cc1,egc,4.0946,3.4284784437851665,3.8734941474522344,True
*c1ccc(*)c2nc(CCCCCCC)c(CCCCCCC)nc12,egc,3.0414,3.536172357054234,,False
*Oc1ccc(C2(c3ccc(OC(*)=O)c(Cl)c3)CCCCC2)cc1Cl,egc,4.9504,4.723505445984791,4.784066175746608,True
*c1ccc(Oc2ccc(C(=O)c3cccc(C(=O)c4ccc(Oc5ccc(-n6c(=O)c7cc8c(=O)n(*)c(=O)c8cc7c6=O)cc5)cc4)c3)cc2)cc1,egc,2.3756,2.2536512341551025,2.339055955341075,True
*CC(*)c1c(F)c(F)c(OC)c(F)c1F,egc,4.6291,4.993157885398271,,False
*C(=O)c1ccc(C(=O)N2CCN(*)CC2)cc1,egc,4.6128,4.097612440379906,4.20892167833987,True
*CC(*)C(=O)C(C)(C)C,egc,5.3334,5.567839553914723,,False
*CCCCCc1nnc(*)n1N,egc,5.7571,5.5714889997151245,5.568297066683395,True
*CCCCCCC(Cl)C(*)Cl,egc,6.8762,6.969708708149341,,False
*NC(=S)NC(C=C1)=CC=C1NC(=S)NC(C=C2)=CC=C2CC(C=C3)=CC=C3*,egc,3.7248,3.13210439797804,3.3078300884842347,True
*CC(F)(F)C(F)(F)C(F)(F)COC(=O)CCCC(=O)O*,egc,6.894,6.745365141191055,6.711790246272208,True
*Oc1ccc(OC(=O)C=Cc2ccc(C=CC(*)=O)cc2)cc1,egc,3.0386,3.7245823205942266,,False
*C(F)(F)C(S1)=CC=C1C(F)(F)C(=S)*,egc,2.8122,3.5517026307003774,3.155416268082595,True
*CCOCCOC(=O)C=CC(=O)O*,egc,4.6987,5.007556909188143,,False
*c1ccc2c(c1)c1cc(*)ccc1n2CC(=O)OCC,egc,3.5868,3.8057195335209264,,False
*CC(O)COc1ccc(S(=O)(=O)c2ccc(OCC(O)COc3cccc(O*)c3)cc2)cc1,egc,4.3099,4.316963150168282,4.5032480808908995,True
*c1ccc(-c2ccc(*)c(C)c2)cc1C,egc,3.8863,3.586334054438954,,False
*Cc1ccc(COC(=O)CCCCCCCCCCCCCCCCCCC(=O)O*)cc1,egc,5.5452,5.6195865743774425,,False
*c1ccc(C(=O)Nc2ccc(Oc3ccc(NC(=O)c4ccc(-n5c(=O)c6cc7c(=O)n(*)c(=O)c7cc6c5=O)cc4)cc3)cc2)cc1,egc,1.639,2.356595414174255,,False
*Nc1ccc(*)nc1,egc,3.2295,3.385764359487679,3.522916646768041,True
*=CC2OC(C=*)C3C(=O)N(c1cc(C(F)(F)F)cc(C(F)(F)F)c1)C(=O)C23,egc,5.0857,5.153653247975104,5.253913876911273,True
*CC(*)c1cc(Cl)ccc1Cl,egc,2.6378,3.027460635205756,,False
*CC(*)c1cc(Br)ccc1OCCCC,egc,4.5078,4.111900210043163,,False
*c1cc(CCOc2ccc(N=Nc3ccc(C#N)cc3)cc2)c(*)s1,egc,2.0292,2.243907535131669,,False
*CC(*)(F)C(C)=O,egc,4.643,5.797750584652813,5.4453310097361465,True
*Oc1ccc(C(=O)OCCOC(=O)c2ccc(*)cc2)cc1,egc,3.8209,4.366939586179629,4.448263225039725,True
*CCCCCCCCCCCCNC(=O)NCCCCCCCCCCNC(=O)N*,egc,5.6621,5.8385556499890745,,False
*COC(=O)NCc1ccc(CNC(=O)OCc2ccc(*)o2)o1,egc,5.0674,4.306462404395657,5.154229847881043,True
*Oc1cccc(NC(=O)c2ccc([Si](c3ccccc3)(c3ccccc3)c3ccc(C(*)=O)cc3)cc2)c1,egc,3.9647,3.456665074316312,,False
*CCOC(=O)c1ccc(Cc2ccc(C(=O)O*)cc2)cc1,egc,4.6415,4.445416769469921,,False
*C(=O)c1ccc2c(c1)C(=O)N(c1cccc(C(=O)Nc3ccc(N4C(=O)c5ccc(*)cc5C4=O)cc3)c1)C2=O,egc,2.497,2.659472011776877,2.476287812771739,True
*OC(C)CCOC(=O)C(*)=O,egc,5.5088,5.927507042676314,5.716516390520364,True
*C=CC1CC(*)C(C(=O)OC)C1C(=O)OC,egc,5.0643,5.50668673081159,5.492597548300322,True
*CC(CCl)(CCl)COC(=O)C(=O)O*,egc,5.906,5.34614658005222,5.803709320556998,True
*OS(=O)(=O)c1ccc(*)cc1,egc,4.9308,4.105329303717297,4.197735461116963,True
*CC(C)(CC)CO*,egc,5.6322,5.765765366419124,,False
*C(=O)c1ccc2c(c1)C(=O)N(c1ccc(Oc3ccc(S(=O)(=O)c4ccc(Oc5ccc(N6C(=O)c7ccc(*)cc7C6=O)cc5)cc4)cc3)cc1)C2=O,egc,2.6168,2.728567857751022,,False
*c1ccc(S(=O)(=O)c2ccc(-n3nc(-c4ccc(Oc5ccc(-c6nn(*)c(=O)c7ccccc67)cc5)cc4)c4ccccc4c3=O)cc2)cc1,egc,3.5201,3.557439415664079,,False
*Oc1ccc(P(C)(=O)c2ccc(*)cc2)cc1,egc,4.6884,4.758486646144754,,False
*CCCCCCCCNC(=O)CCCCCCC(=O)N*,egc,5.7761,5.868041942822502,,False
*CC1CCC(*)C1,egc,6.9613,6.636820858810045,6.797931596556391,True
*C(F)(F)CC(F)(F)C(S1)=CC=C1*,egc,5.0751,4.168412201753443,4.108488672409752,True
*c1ccc(*)c(C(=O)c2ccc(F)cc2)c1,egc,4.2742,3.755212063124381,3.764127008623891,True
*CCCCCCCCCCOC(=O)CCCCSCCCCC(=O)O*,egc,5.1162,5.324876339260125,,False
*c1cc(C(=O)Oc2cccc3cccnc23)c(*)s1,egc,2.8057,2.46796415387805,,False
*CC(*)(C)C(=O)OCCOC(=O)CCn1ccnc1,egc,4.5949,4.948550854750802,,False
*Oc1ccc(P(=O)(c2ccccc2)c2ccc(*)cc2)cc1,egc,4.8858,4.329645395913228,4.212226189934704,True
*c1ccc(-c2nc3cc(-c4ccc5nc(*)c(-c6ccccc6)nc5c4)ccc3nc2-c2ccccc2)cc1,egc,2.983,3.142192875476509,,False
*Cc1ccc(-c2ccc(CSC(=O)CCC(=O)S*)cc2)cc1,egc,4.7843,3.831979380834316,4.303767694567184,True
*C1OC(C(F)(F)F)(C(F)(F)F)OC1(*)F,egc,8.2782,7.277379062765282,6.806912845966271,True
*CCCCCCCCCCN(C)C(=O)CCCCCCCCC(=O)N(*)C,egc,5.5704,5.078729616884697,5.452959022559039,True
*OC(=O)Oc1ccc(OC(=O)OC2CC3CC(*)CC(C2)O3)cc1,egc,5.6192,5.587953483847552,5.798125805791887,True
*C=C(*)c1cc(C(F)(F)F)oc1C(F)(F)F,egc,1.9958,1.9886826761182512,1.3981128808909025,True
*C(=O)Nc1cccc(NC(=O)c2ccc3[nH]c(-c4cccc(-c5nc6cc(*)ccc6[nH]5)c4)nc3c2)n1,egc,3.4965,3.294092488060231,3.330722393398698,True
*Nc1ccc(NC(=O)c2cc(SCCCCCCCC)c(C(*)=O)cc2SCCCCCCCC)cc1,egc,2.9501,3.203310363010555,,False
*C1=C(CCCCCC)C(CCCCCC)=C(c2sc(-c3sc(*)c4c3OCCO4)c3c2OCCO3)S1(=O)=O,egc,1.3792,2.1779287996254144,,False
*Oc1ccc(C(C)=NN=C(C)c2ccc(OC(=O)CCCCCCCCC(*)=O)cc2)cc1,egc,3.996,4.116353082269721,,False
*NNC(=O)CCCCC(=O)NNC(=O)CCCCCCCCC(*)=O,egc,5.6341,5.516111462464799,,False
*CCCCCCCc1nc2ccc(-c3ccc4nc(*)oc4c3)cc2o1,egc,4.0726,4.100708064252052,4.266741612298582,True
*CC(=O)OC(=S)*,egc,3.6315,3.9635293207250193,3.191807614263425,True
*CCCCCCCCCCCNC(=O)c1ccc(C(=O)N*)cc1,egc,4.9311,4.685402811662033,4.870570512674447,True
*C(F)(F)C(*)(F)OC(F)(F)F,egc,8.2947,8.469495346191357,8.689442234695324,True
*c1ccc(Cc2ccc(N(*)Cc3ccccc3)cc2)cc1,egc,4.2622,3.8256602008384006,,False
*Nc1ccc(CC(C)(C)NC(=O)CCCCCCCCC(*)=O)cc1,egc,4.455,4.944066074432709,,False
*CCOC(=O)NCCCCCCCCCNC(=O)O*,egc,6.3118,6.1506600010085855,,False
*Cc1cc(C23CC4CC(CC(C4)C2)C3)cc(CN(*)C)c1O,egc,4.5466,4.2834346943459165,,False
*Nc1ccc2c(c1)Cc1cc(NC(=O)c3cc(C(=O)O)c(C(*)=O)cc3C(=O)O)ccc1-2,egc,2.6346,3.1434316766680426,,False
*CCCCCCCCCCCCCC(=O)O*,egc,6.7839,6.783637289270891,,False
*Oc1cc(C)cc(OC(=O)c2cccc(C(*)=O)c2)c1,egc,4.2911,4.37251150371113,4.022452818583873,True
*c1ccc(S(=O)(=O)c2ccc(-n3nc(-c4ccccc4)c4ccc(Oc5ccc6c(-c7ccccc7)nn(*)c(=O)c6c5)cc4c3=O)cc2)cc1,egc,3.4595,3.444577721999572,,False
*CCOCCOCCOCCOCCOCCOC(=O)NCCCCCCNC(=O)O*,egc,5.6975,6.152413133861974,,False
*CCC(O*)(C(F)(F)F)C(F)(F)F,egc,7.6175,7.199005779239265,7.721704056372692,True
*Oc1ccc(CC(NC(=O)CCc2ccc(OC(=O)COCCOCC(*)=O)cc2)C(=O)OC)cc1,egc,5.2022,4.795099465692307,,False
*C(C=C1)=CC=C1OC(=S)C(S2)=CC=C2*,egc,2.8495,2.6052065631342707,2.854298133243884,True
*CC(*)c1ccccc1C(=O)OC,egc,5.0713,4.3380537541501845,,False
*NC(C)C(=O)NC(C)C(=O)NCC(*)=O,egc,5.7884,5.683885751908981,5.491200668407334,True
*Nc1cc(NC(=O)NCCCCCCNC(*)=O)ccc1C,egc,4.7413,4.301716025985267,,False
*CCC(=O)N(CCN(C(=O)CCN1CCN(*)CC1)C(C)C)C(C)C,egc,4.3463,4.778922640558662,4.513254534714349,True
*CC(F)(F)C(F)(F)C(F)(F)COC(=O)C(F)(F)C(F)(F)C(F)(F)C(F)(F)C(=O)O*,egc,6.5652,6.346311301861287,,False
*NC(C)C(=O)NC(C)C(=O)NC(C(=O)NC(C(*)=O)C(C)C)C(C)C,egc,5.7985,5.584534403441286,5.381568665535357,True
*Nc1ccc(*)cc1O,egc,3.4121,3.565645794416982,3.7490740500321436,True
*C(*)(F)F,egc,7.2027,6.624468436108423,,False
