smiles,target_type,target,oof_lgb,oof_cat,oof_hgb,oof_blend
*Oc1ccc(cc1)C1(c2cc(ccc2c2ccc(cc12)[N+](=O)[O-])OC)c1ccc(cc1)OC(=O)*,tg,294.0,227.35854739986073,229.60510684984516,239.98446115812558,232.31603846927715
*N1C(=O)c2c(C1=O)cc(cc2)Oc1cc2c(cc1Oc1cc3c(C(=O)N(C3=O)c3ccc(cc3)Oc3ccc(cc3)c3ccc(cc3)Oc3ccc(cc3)*)cc1)cccc2,tg,222.5,225.15429148627754,221.3228852520017,230.71224779840026,225.7298081788932
*N1C(=O)c2c(C1=O)cc(cc2)S(=O)(=O)c1cc2c(C(=O)N(C2=O)CCCCCCOC(=O)CCCCCCCCC(=O)OCCCCCC*)cc1,tg,72.0,39.230218073419515,45.60826399857034,38.18180126516192,41.00676111238393
*N1C(=O)c2c(C1=O)cc(cc2)C(c1cc2c(C(=O)N(C2=O)CC(=O)Nc2ccc(cc2)Oc2ccc(cc2)C(c2ccc(cc2)Oc2ccc(cc2)NC(=O)C*)(C)C)cc1)(C(F)(F)F)C(F)(F)F,tg,224.0,241.13998182850207,230.20076662138592,232.70520238800796,234.68198361263197
*OCC(C*)C(C)(C)C,tg,-4.0,3.3580750853923123,11.299564515270902,-8.526635053298486,2.0436681824549088
*NCC*,tg,-8.55,22.13374182469276,-4.409541115459717,36.677083800261244,18.133761503164763
*OC(=O)c1ccc(cc1)CCCCCCc1ccc(cc1)C(=O)*,tg,20.0,101.73499567729647,87.49294127087526,100.44160936623447,96.5565154381354
*c1cc2c(C(=O)N(C2=O)c2ccc(cc2)C(c2ccc(cc2)N2C(=O)c3c(C2=O)cc(cc3)C(*)(C(F)(F)F)C(F)(F)F)(C)C)cc1,tg,297.0,290.6777280198358,287.5458176889914,292.5025727164835,290.2420394751036
*OC(=O)Nc1c(ccc(c1)NC(=O)OCCN(CC*)c1cc(c(cc1)N=Nc1c(cc(cc1)[N+](=O)[O-])C)C)C,tg,135.0,127.94797108178142,92.1846522146223,117.17609656172743,112.43623995271038
*N1C(=O)c2c(C1=O)cc(cc2)Oc1cc2c(cc1)cc(cc2)Oc1cc2c(C(=O)N(C2=O)c2cc(ccc2)*)cc1,tg,230.0,241.42114097373022,241.25705372999025,237.04316984342833,239.90712151571628
*OC(=O)c1c(cc(cc1)C(=O)OCCN(CC*)c1ccc(cc1)N=Nc1[nH]c(c(n1)C#N)C#N)OCCC,tg,152.0,137.5460866524022,137.55419323436888,132.14486029476996,135.74838006051368
*C(C*)(C(=O)OCCCCc1ccc(cc1)N=Nc1ccc(cc1)OC(F)(F)F)C,tg,203.5,193.50171840465626,190.39932768889722,195.1947574834368,193.03193452566344
*c1cc2c(C(=O)N(C2=O)c2ccc(cc2)Cc2ccc(cc2)N2C(=O)c3c(C2=O)cc(cc3)C(=O)c2ccc(cc2)Oc2ccc(cc2)c2ccc(cc2)Oc2ccc(cc2)C(=O)*)cc1,tg,241.0,234.0525790716661,231.08215094345863,241.19011405899624,235.44161469137364
*N=P(*)(OC)OC,tg,-75.33,-43.212943186798014,-9.500011594119428,-40.37694287949219,-31.02996588680321
*Oc1ccc(cc1)C=CC(=O)c1ccc(cc1)Oc1ccc(cc1)C(c1ccc(cc1)*)(c1ccccc1)C,tg,167.0,163.3220545057155,171.99280638810004,160.40516237408923,165.24000775596826
*N1C(=O)c2c(C1=O)cc(cc2)Oc1ccc(cc1)C1(CCC(CC1)C(C)(C)C)c1ccc(cc1)Oc1cc2c(C(=O)N(C2=O)Oc2c(cc(cc2C)C(c2cc(c(c(c2)C)O*)C)(C)C)C)cc1,tg,248.0,212.16549258633412,223.61900222240075,208.17747536476637,214.65399005783374
*N1C(=O)c2c(C1=O)cc(cc2)c1ccc(cc1)c1cc2c(C(=O)N(C2=O)CCCCCCOC(=O)OCCCCCC*)cc1,tg,74.0,79.91885232540986,75.87411680160847,76.20478552467371,77.33258488389735
*C1C(=O)N(C(=O)C1*)c1c(cccc1)C,tg,335.0,224.75730005654492,241.31369759925659,270.5752768685266,245.54875817477605
*Oc1c(cccc1)Oc1ccc(cc1)S(=O)(=O)c1ccc(cc1)*,tg,171.0,166.9823609413556,173.8869825943143,164.13086196091396,168.33340183219465
*C(C*)c1ccc(cc1)B(c1ccc(cc1)C(C)(C)C)Oc1c2ncccc2c(cc1)Cl,tg,238.0,222.7392210211822,212.77247965794436,229.17690244501844,221.56286770804832
*O[Si](CCCCCCOC(=O)C(Oc1c(cc(cc1)OC(=O)c1ccc(cc1)c1ccc(cc1)OCCCCCCCCCC[Si](*)(C)C)[N+](=O)[O-])C)(C)C,tg,20.0,34.11227063721216,42.381432551618786,38.49923960255388,38.33098093046161
*c1ncnc(n1)N(CCCCN(*)c1ccccc1)c1ccccc1,tg,91.0,89.75828982568625,82.17110194926963,67.43949406776011,79.78962861423867
*C(C(*)(C(=O)OC(C([2H])([2H])[2H])([2H])[2H])C([2H])([2H])[2H])([2H])[2H],tg,94.0,102.3834681011816,78.5735339707451,119.26135106060435,100.07278437751035
*N1C(=O)c2c(C1=O)cc(cc2)C(=O)c1cc2c(C(=O)N(C2=O)CCCCCC(=O)Nc2ccc(cc2)Oc2ccc(cc2)NC(=O)CCCCC*)cc1,tg,195.0,188.40804805961693,175.02013178014806,186.61947254344798,183.349217461071
*c1sc(cc1)c1sc(c(c1)CCCCCCCC)c1sc(cc1)c1sc(cc1)c1sc(cc1CCCCCCCC)c1sc(cc1)[Si]([Si]([Si]([Si](*)(C)C)(C)C)(C)C)(C)C,tg,6.0,46.521109588377776,33.30627381594064,43.44760378878589,41.09166239770144
*NNC(=O)c1cc(cc(c1)NC(=O)c1cc2c(C(=O)N(C2=O)c2ncc(cc2)C)cc1)C(=O)NNC(=O)c1ccc(cc1)C(=O)*,tg,145.6,155.74707864272386,165.5989902877859,203.1531082485454,174.83305905968507
*OC(COCC*)CCl,tg,-40.0,-53.42333949234446,-45.46662369471517,-54.37400357018302,-51.087988919080885
*OC(COC(=O)c1cc(cc(c1)C(C)(C)C)C(=O)*)COc1ccc(cc1)N=Nc1ccc(cc1)C#N,tg,137.0,113.09247744462017,114.46695601830994,109.8054267481665,112.45495340369887
*N1C(=O)c2c(C1=O)cc(cc2)C(c1cc2c(C(=O)N(C2=O)C(=S)Nc2ccc(cc2)Oc2ccc(cc2)NC(=S)*)cc1)(C(F)(F)F)C(F)(F)F,tg,260.0,262.1265974957138,264.11265292994784,253.42252229042907,259.8872575720302
*S(=O)(=O)c1ccc(cc1)Sc1ccc(cc1)*,tg,215.0,176.02264529390214,172.84407543649465,198.3149084908156,182.3938764070708
*C(C*)(C(=O)OCC(Oc1ccc(cc1)c1ccc(cc1)c1ccc(cc1)C#N)C)C,tg,140.0,96.52733691256357,105.70607408577825,98.45587175613214,100.22976091815798
*NC(=O)CCCCC(=O)NCCCC1(c2ccccc2c2ccccc12)CCC*,tg,120.0,111.19921495820537,108.86207232649431,112.44765712750991,110.83631480406986
*C(C*)C(=O)OCCCCCn1c2ccccc2c2ccccc12,tg,53.0,65.0130469461967,56.6937089010392,59.06719739430927,60.25798441384839
*C(C(C(C*)OCC)(C(=O)OC)C)(C(=O)OC)C,tg,131.0,111.12276761660694,114.77276371965128,120.21171408762108,115.36908180795977
*O[Si](C#C[Si](C#C[Si](C#C[Si](C#C[Si](*)(C)C)(C)C)(C)C)(C)C)(C)C,tg,-23.0,16.443185326526255,38.40352430460382,39.1297491405766,31.325486257235557
*C(C*)C(=O)OCCCOc1ccc(cc1)C(=O)OCCCC(C(C(C(C(C(F)(F)F)(F)F)(F)F)(F)F)(F)F)(F)F,tg,17.0,38.41063485813395,36.45242107899119,32.150821381661146,35.67129243959543
*N(CC(CCCCC(C*)O)O)c1ccc(cc1)N(C)C,tg,72.0,46.08434470102157,66.36012185616744,50.00486688966113,54.14977781561671
*c1nc(nc(n1)c1ccc(cc1)Oc1cc2c(cc1)ccc(c2)Oc1ccc(cc1)*)c1ccccc1,tg,255.0,246.9010918299082,249.9551158968812,260.74001551027857,252.532074412356
*c1c2c(c(nn1)c1ccc(cc1)Oc1ccc(cc1)C(c1ccc(cc1)Oc1ccc(cc1)*)(C(F)(F)F)C(F)(F)F)c(c(c(c2c1ccccc1)c1cc2c(cc1)cccc2)c1cc2c(cc1)cccc2)c1ccccc1,tg,286.0,295.0263215955476,294.7687646451616,291.648518017246,293.81453475265175
*c1cc2c(C(=O)N(C2=O)c2cc(c(cc2)Oc2ccc(cc2)C(=O)c2cc(ccc2)N2C(=O)c3c(C2=O)cc(cc3)C(*)(C(F)(F)F)C(F)(F)F)C(F)(F)F)cc1,tg,222.0,254.63827035312192,263.33550992712566,252.93962132504913,256.9711338684322
*C(C*)OC(=O)c1c(cccc1)OC,tg,65.0,67.35555383374945,65.07854329293943,49.08028350813134,60.50479354494007
*C1CC2CC(CC(C1)O2)OC(=O)O*,tg,207.0,149.33837476674776,140.5033709085243,129.95534353383158,139.9323630697012
*Oc1c(cc(cc1)c1ccc(cc1)NC(=O)c1cc(cc(c1)C(C)(C)C)C(=O)Nc1ccc(cc1)c1cc(c(cc1)Oc1ccc(cc1)C(c1ccc(cc1)*)(C)C)C(F)(F)F)C(F)(F)F,tg,248.5,228.58427628038373,222.73841343461692,229.5140615861674,226.94558376705604
*OC(=O)NCCCCCCNC(=O)OCCC*,tg,55.0,34.74370955963668,32.66884385453625,37.72559824872944,35.046050554300784
*N1C(=O)c2c(C1=O)c(ccc2)Oc1ccc(cc1)Oc1ccc(cc1)Oc1c2c(C(=O)N(C2=O)c2ccc(cc2)Oc2ccc(cc2)*)ccc1,tg,239.0,223.88377540623438,225.55285946403762,228.12122260021835,225.8526191568301
*NC(=O)c1c(cc(cc1)C(=O)NCCCC*)Oc1ccccc1,tg,125.0,119.35867993752377,126.83039172576363,114.1767269560976,120.12193287312833
*C(=C*)C(CCCCC)[Si](C)(C)C,tg,170.0,141.6836041557979,149.68003052003314,136.50888156668577,142.62417208083892
*N1C(=O)c2c(C1=O)cc(cc2)Oc1ccc(cc1)c1ccc(cc1)Oc1cc2c(C(=O)N(C2=O)c2ccc(cc2)Oc2ccc(cc2)Sc2ccc(cc2)Oc2ccc(cc2)*)cc1,tg,212.0,193.4960580227177,197.2177927651949,193.77079168398478,194.82821415729913
*OC(COC(=O)c1ccc(cc1)C(=O)*)COc1ccc(cc1)N=Nc1ccc(cc1)C#N,tg,122.0,118.45281127266927,111.36123188255766,107.74220800261196,112.5187503859463
*C(C*)(CC(=O)OCCCCCC)C(=O)OCCCCCC,tg,-17.75,-16.705543770586594,-11.943848216224467,-18.698208723766214,-15.782533570192426
*C(C*)(C(=O)OCCC(CC(C)(C)C)C)C,tg,1.0,34.043396901113766,17.495518262155656,64.66844143539522,38.735785532888215
*Oc1ccc(cc1)C(c1ccc(cc1)OC(=O)OCCCCCOC(=O)*)(C)C,tg,49.5,52.877476228913594,48.70163258049982,56.6884845419727,52.755864450462035
*Oc1ccc(cc1)Oc1ccc(cc1)C=Nc1ccc(cc1)N=Cc1ccc(cc1)*,tg,117.0,143.21920210642614,134.79772051190548,150.81410426151112,142.94367562661424
*NC(=O)c1cc(ccc1)C(=O)NCCC(C(CC*)C)C,tg,125.0,148.505685009313,151.56834262653584,145.71976815638033,148.59793193074304
*NC(=O)c1cc(cc(c1)C(C)(C)C)C(=O)NCCC(C(CC*)C)C,tg,173.0,151.61361943264816,150.37214122429674,150.23750783893905,150.74108949862799
*Oc1ccc(cc1)C(c1ccc(cc1)OCC(CN(CC(C*)O)c1ccc(cc1)C#N)O)(C)C,tg,100.0,74.13161901539537,78.34698902580638,73.0144132047512,75.16434041531765
*C1C(=O)N(C(=O)C1CC*)c1ccc(cc1)N(C)C,tg,195.0,199.41026012505662,171.97759484308867,183.67211189679531,185.01998895498022
*N1C(=O)c2c(C1=O)cc(cc2)c1cc2c(C(=O)N(C2=O)c2cc(ccc2)C(=O)Nc2ccc(cc2)Oc2ccc(cc2)S(=O)(=O)c2ccc(cc2)Oc2ccc(cc2)NC(=O)c2cc(ccc2)*)cc1,tg,258.0,258.1566506807795,262.22168418555395,258.6425018640025,259.67361224344535
*c1nc2c(nc1c1ccc(cc1)C(=O)NCCCCCCCCCCCCNC(=O)c1ccc(cc1)*)cccc2,tg,154.0,153.61938127659175,158.12573544973225,156.8543876891536,156.1998348051592
*C(C*)(CC(=O)OCCC)C(=O)OCCC,tg,44.38,53.97829811135141,43.01845249885612,55.59581943018752,50.86419001346502
*C(C*)c1c(cccc1)C,tg,124.17,112.07087314902081,115.03356067670045,112.71390961941556,113.27278114837894
*OC(=O)c1cc(cc(c1)OCc1cc(cc(c1)OCc1ccccc1)OCc1ccccc1)C(=O)OCCN(CC*)c1ccc(cc1)C=Cc1sc(cc1)C=CC1=C(C(=C(C#N)C#N)OC1(c1ccccc1)C(F)(F)F)C#N,tg,130.0,124.24449273057061,134.5372839144966,132.86704005824993,130.54960556777237
*C(C*)C(=O)Oc1c(cccc1)C(=O)OCC,tg,30.0,46.68647762982533,43.221773064416155,52.33315694053953,47.413802544927
*c1cc2c(C(=O)N(C2=O)c2ccc(cc2)Oc2ccc(cc2)C(=O)c2cc(ccc2)N2C(=O)c3c(C2=O)cc(cc3)C(=O)*)cc1,tg,251.0,266.15670713630334,258.1582672465345,265.7126525919755,263.34254232493777
*N1C(=O)c2c(C1=O)cc(cc2)Oc1ccc(cc1)C(c1ccc(cc1)Oc1cc2c(C(=O)N(C2=O)c2ccc(cc2)S(=O)(=O)c2ccc(cc2)*)cc1)(C)C,tg,240.0,239.53978679632482,244.71179721629153,233.6380393261352,239.2965411129172
*Oc1ccc(cc1)NCC(=O)c1ccc(cc1)Sc1ccc(cc1)C(=O)CNc1ccc(cc1)*,tg,208.0,185.0775038747993,190.57718903043937,170.88602504484922,182.18023931669597
*N(CC(CN(CC(C*)O)c1ccc(cc1)N=Nc1ccc(cc1)[N+](=O)[O-])O)c1ccccc1,tg,70.0,94.32830563464351,94.80276364621099,95.1549670971483,94.76201212600093
*N=P(*)(OCc1ccc(cc1)c1ccccc1)OCc1ccc(cc1)c1ccccc1,tg,52.0,39.85875034545521,34.25078403266117,34.42282757500237,36.177453984372924
*C1C2C(C(C(C1*)C2)C(=O)OCc1ccccc1)C(=O)OCc1ccccc1,tg,277.0,194.62740306608444,194.49177304551978,231.76764952934175,206.96227521364867
*c1cc2C3(CC(CC(C3)(C)C)(C)C)c3c(c2cc1)ccc(c3)c1cc2C(c3c(c2cc1)ccc(c3)*)(CCCCCCCC)CCCCCCCC,tg,132.0,145.8600605476155,141.3330480281511,153.57532830141113,146.92281229239256
*Nc1cc(ccc1)CCc1ccc(cc1)NC(=O)c1cc(ccc1)C(=O)*,tg,203.0,226.40562332543504,228.66612367714833,240.3345449776216,231.80209732673498
*Oc1ccc(cc1)C=Nc1ccc(cc1)N=Cc1ccc(cc1)Oc1ccc(cc1)C(c1ccc(cc1)*)(c1ccccc1)c1ccccc1,tg,230.0,188.32899147881582,177.1485952481473,178.59397346895713,181.35718673197343
*N1C(=O)c2c(C1=O)cc(cc2)C(=O)Nc1ccc(cc1)S(=O)(=O)c1ccc(cc1)NC(=O)C*,tg,232.0,237.7091817153106,253.49787561691022,240.86904403717682,244.02536712313255
*S(=O)(=O)c1cc(ccc1)NC(=O)CCCCCCCCC(=O)Nc1cc(ccc1)*,tg,112.0,125.05540858040784,126.56763566731135,132.64681405093125,128.0899527662168
*Sc1ccc(cc1)Cc1ccc(cc1)SC(=O)*,tg,117.0,120.61537229551344,108.782056648908,117.98087950547452,115.79276948329864
*C(=CCCC*)c1ccc(cc1)OC,tg,11.0,15.513756779016187,23.457093880532085,16.178914129837374,18.383254929795218
*Oc1ccc(cc1)C(=Cc1ccc(cc1)c1ccc(cc1)C=C(c1ccc(cc1)OC(=O)c1cc(ccc1)C(=O)*)c1ccccc1)c1ccccc1,tg,224.0,204.51605353223994,201.69775543823746,217.14065934738957,207.78482277262233
*Nc1c(cc(cc1)*)OC,tg,90.0,131.06165479856298,150.0443130880948,134.95821256839113,138.68806015168298
*Oc1ccc(cc1)NC(=O)c1cc(cc(c1)NC(=O)c1ccc(cc1)OC(=O)C)C(=O)Nc1ccc(cc1)Oc1ccc(cc1)c1ccc(cc1)*,tg,252.0,244.75549393726826,251.410651105888,242.81560407441518,246.32724970585716
*NC(=O)CCCCCCCCCCC(=O)NCCCCCCCC*,tg,50.0,51.68666423778435,47.481636556121,46.205635030510045,48.45797860813847
*Oc1c(cc(cc1)S(=O)(=O)c1cc(c(cc1)Oc1c(cc(cc1C)C(c1cc(c(c(c1)C)*)C)(C(F)(F)F)C(F)(F)F)C)Br)Br,tg,230.8,220.3589891951991,222.84201800041515,235.6656242720359,226.28887715588337
*Oc1ccc(cc1)C(=O)Nc1cc(cc(c1)c1nc2c([nH]1)cccc2)NC(=O)c1ccc(cc1)*,tg,335.0,274.95680229446805,295.0954739252528,286.15864432892,285.4036401828803
*C(C*)(C(=O)OC(C(C)(C)C)C)C,tg,108.0,109.28096538263625,96.32168986972272,90.19333624540373,98.59866383258758
*Oc1ccc(cc1)C(=O)c1ccc(cc1)Oc1ccc(cc1)C(=O)c1c(c(c(c(c1c1ccccc1)c1cc2c(cc1)cccc2)c1cc2c(cc1)cccc2)c1ccccc1)C(=O)c1ccc(cc1)*,tg,290.0,285.9541301030046,268.41909255871406,270.529192116431,274.96747159271655
*C1(c2c(NC1=O)c(cc(c2)Cl)Cl)c1ccc(cc1)OC(=O)c1cc(ccc1)C(=O)Oc1ccc(cc1)*,tg,270.0,259.7774869455157,244.61069610987883,264.8741383305134,256.42077379530264
*N1C(=O)c2c(C1=O)cc(cc2)[Si](c1ccc(cc1)[Si](c1cc2c(C(=O)N(C2=O)c2ccc(cc2)Cc2ccc(cc2)*)cc1)(C)C)(C)C,tg,295.0,243.11007003531793,254.7428858413864,242.27745010824768,246.7101353283173
*Oc1ccc(cc1)C1(c2ccccc2c2ccccc12)c1ccc(cc1)Oc1c(cc(cc1)C(=O)c1ccc(cc1)C(=O)c1cc(c(cc1)*)C(F)(F)F)C(F)(F)F,tg,229.0,227.26700015121583,234.54589136217754,228.81695351790472,230.20994834376606
*C(C*)OC(=O)c1cc(ccc1)C,tg,49.0,56.14999680298673,68.11636001907387,43.124681766452106,55.79701286283757
*C1C(=O)OC(=O)C1C(C*)OC1CCCCC1,tg,201.0,154.10951659279831,158.26961878447895,149.2604981663601,153.87987784787913
*C(C*)c1ccc(cc1)c1cc2C(c3c(c2cc1)ccc(c3)c1cc2C(c3c(c2cc1)cccc3)(CCCCCC)CCCCCC)(CCCCCC)CCCCCC,tg,78.33,110.164044770233,98.81336468144559,107.01305588161195,105.33015511109686
*Oc1ccc(cc1)C(c1ccc(cc1)OC(=O)c1ccc(cc1)C(=O)c1ccc(cc1)C(=O)*)(C)C,tg,194.0,147.8602710595698,161.4763816448616,147.4054204726696,152.24735772570034
*c1nc2c(nc1c1ccccc1)cc(cc2)c1cc2c(nc(c(n2)c2ccccc2)c2ccc(cc2)Oc2ccc(cc2)*)cc1,tg,335.33,314.0852363465417,315.0490285838138,306.82586956401695,311.9867114981242
*C=CCC(C*)c1ccccc1,tg,14.0,40.40223250708568,37.84775370640695,37.63613096665855,38.628705726717065
*Oc1ccc(cc1)c1cc(c(c(c1)c1ccc(cc1)c1ccccc1)c1ccc(cc1)NC(=O)c1ccc(cc1)C(=O)Nc1ccc(cc1)c1c(cc(cc1c1ccc(cc1)c1ccccc1)c1ccc(cc1)OCCCCCC*)c1ccc(cc1)c1ccccc1)c1ccc(cc1)c1ccccc1,tg,121.5,163.63021353344388,153.784165508447,152.7373905551058,156.71725653233224
*c1nc2cc3c(cc2nc1)ncc(n3)c1ccc(cc1)Oc1ccc(cc1)*,tg,353.0,350.8158526665817,346.1370569761063,355.35230083876036,350.7684034938161
*[Si](c1c(cccc1)C*)(c1ccccc1)c1ccccc1,tg,122.0,124.12512184298254,105.522241530819,119.90593289135057,116.51776542171736
*c1ccc(cc1)C=C*,tg,230.0,106.76216942889465,106.62789983304988,117.83796051300178,110.40934325831545
*Oc1ccc(cc1)CC(NC(=O)Cc1ccc(cc1)OC(=O)CC(CCC(=O)*)C)C(=O)OCC,tg,63.0,63.53466907613744,46.21162298518364,62.95736100274459,57.56788435468855
*Oc1ccc(cc1)N1ON1c1ccc(cc1)OCCCCCCOC(=O)C(C(=O)OCCCCCC*)CCCCCCCCCCP(=O)(O)O,tg,12.5,15.684933026505368,10.509942633453335,12.978911275800082,13.057928978586261
*NC(=O)C(=CC(=O)NCCCCCC*)C,tg,94.0,87.69051213781215,82.67659009206108,98.74940594021494,89.70550272336273
*N1C(=O)c2c(C1=O)cc(cc2)Oc1ccc(cc1)Oc1ccc(cc1)Oc1cc2c(C(=O)N(C2=O)c2cc(ccc2)*)cc1,tg,227.0,217.82456821762634,218.4125267755153,221.92126157906998,219.38611885740386
*Oc1ccc(cc1)Oc1ccc(cc1)C(=O)c1ccc(cc1)P(=O)(c1ccc(cc1)C(=O)c1ccc(cc1)*)c1ccccc1,tg,207.0,194.82860736381838,186.33798038160324,170.69281696732725,183.95313490424962
*C(C*)C(=O)OCCCOc1ccc(cc1)N=Nc1ccc(cc1)[N+](=O)[O-],tg,45.6,67.33924903618443,61.30428386912902,66.40825557727823,65.01726282753056
*Oc1ccc(cc1)C1(CCCCC1)c1ccc(cc1)OC(=O)c1ccc(cc1)C(=O)*,tg,275.0,197.4472110280904,205.45823704067766,193.25761993298917,198.7210226672524
*[n+]1ccc(cc1)c1cc[n+](cc1)Cc1ccc(cc1)C*,tg,95.0,131.8191591043927,173.76852423766854,131.58101582001964,145.72289972069362
*SC(=O)CCCCC*,tg,19.0,-37.47110965789934,-39.038284416751566,-21.60630628557612,-32.705233453409015
*N1C(=O)c2c(C1=O)cc(cc2)Oc1cc(ccc1)Oc1cc2c(C(=O)N(C2=O)c2ccc(cc2)Oc2ccc(cc2)S(=O)(=O)c2ccc(cc2)Oc2ccc(cc2)*)cc1,tg,201.0,207.17929629708993,214.68429983508668,209.32579803625237,210.39646472280967
*C(C*)c1c(ccc(c1)C(C)(C)C)C,tg,87.0,121.88896120252832,121.0700916718395,125.36624689294568,122.77509992243785
*C(CC(C*)c1ccc(cc1)CCl)(C#N)C#N,tg,150.0,115.94642106688964,125.16032472153964,72.40302224340314,104.50325601061081
*N1C(=O)C2C(C1=O)C(=CC(C2)C1C(=O)N(C(=O)C1)c1ccc(cc1)Oc1ccc(cc1)*)C,tg,278.0,296.73373216571923,285.73802989186095,287.4901881979126,289.987316751831
*NC(=O)C(C(C(=O)NCCCCCCC*)OC)OC,tg,87.0,90.60112974279816,87.74030915928407,86.69466632537737,88.34536840915321
*OC(=O)Nc1c(ccc(c1)NC(=O)OCCN(CC*)c1ccc(cc1)N=Nc1ccc(cc1)c1nc2c(n1CC)cc(cc2)[N+](=O)[O-])C,tg,158.0,172.28898663104994,188.77573694359566,174.96233101376575,178.6756848628038
*OC(=O)c1cc(ccc1)C(=O)OCCN(CC*)c1ccccc1,tg,60.0,73.19516399416437,51.647614743380714,83.60633407526615,69.48303760427041
*c1nc2c(nc1)cc(cc2)c1cc2c(nc(cn2)c2ccc(cc2)*)cc1,tg,350.0,384.9021660446717,383.08574392458564,383.6739645398326,383.88729150303
*Sc1ccc(cc1)C(=O)CNCCCCCCCCNCC(=O)c1ccc(cc1)*,tg,231.0,85.81400151614127,92.1007645859435,108.90774496020295,95.60750368742924
*c1oc(nn1)c1ccc(cc1)Oc1c2c(ccc1)c(ccc2)NC(=O)c1ccc(cc1)C(c1ccc(cc1)C(=O)Nc1c2c(ccc1)c(ccc2)Oc1ccc(cc1)*)(C(F)(F)F)C(F)(F)F,tg,279.0,263.0375343298694,264.5591655079479,266.0087273275194,264.5351423884456
*OP(=O)(OC(COc1ccc(cc1)S(=O)(=O)c1ccc(cc1)OCC(*)CCl)CCl)Oc1ccccc1,tg,48.0,68.39784925073415,65.01703165733029,50.182387796211856,61.1990895680921
*c1ncnc(n1)N(CCCCCCN(*)c1ccccc1)c1ccccc1,tg,72.0,72.34526695469471,69.94697396902119,69.12251182332678,70.47158424901421
*C(C*)OC(=O)c1c2c(n(n1)C(=O)C)cccc2,tg,150.0,160.58206981217512,162.50227042232723,185.89449507327834,169.65961176926024
*Oc1ccc(cc1)NC(=O)c1ccc(cc1)S(=O)(=O)c1ccc(cc1)C(=O)Nc1ccc(cc1)Oc1ccc(cc1)C(c1ccc(cc1)*)(C(F)(F)F)C(F)(F)F,tg,250.0,256.64993826284143,254.5532562495606,256.35078311653734,255.85132587631313
*Oc1ccc(cc1)Oc1c(cc(cc1)C(=O)c1cc(c(cc1)*)S(=O)(=O)O)S(=O)(=O)O,tg,220.0,203.96592738903507,209.99125174630336,169.11005997505845,194.35574637013232
*c1cc2c(cc1OC(=O)COc1ccc3c(c1)oc(=O)cc3)oc(=O)c(c2)C(=O)Nc1ccc(cc1)Oc1ccc(cc1)NC(=O)c1c(=O)oc2c(cc(c(c2)OC(=O)COc2ccc3c(c2)oc(=O)cc3)C*)c1,tg,226.0,239.8018252448885,238.5171330557275,245.37895066064846,241.2326363204215
*c1cc2C(c3c(c2cc1)ccc(c3)c1c(cc(c(c1)CCCCCC)*)CCCCCC)(CCCCCC)CCCCCC,tg,78.8,75.9393458082155,75.60300897168095,69.87853749177947,73.80696409055865
*C(C*)C(=O)OCCO,tg,0.1,12.648256496838338,19.960047386412853,22.56900942179045,18.39243776834721
*C(=CCC*)CCCCCCCCCC,tg,-53.0,-63.99800185917579,-57.00314697696459,-55.85752250710287,-58.952890447747755
*N1C(=O)c2c(C1=O)cc(cc2)Oc1ccc(cc1)Oc1ccc(cc1)Oc1cc2c(C(=O)N(C2=O)c2ccc(cc2)Oc2cc(ccc2)Oc2ccc(cc2)*)cc1,tg,184.0,191.04925315117436,190.44035020449064,197.13602225860524,192.87520853809008
*N1CCN(CC1)C(=O)OCC(COC(=O)*)(C)C,tg,70.0,58.75667207621275,57.63349910565613,58.19090120561281,58.19369079582723
*N1C(=O)c2c(C1=O)cc(cc2)Oc1ccc(cc1)Oc1cc2c(C(=O)N(C2=O)c2ccc(cc2)Oc2ccc(cc2)c2ccc(cc2)Oc2ccc(cc2)*)cc1,tg,230.0,220.23781449467157,219.12367533890006,215.4331414955597,218.26487710971045
*C(C*)(C(=O)OCCCC)C,tg,28.5,7.805734445489216,17.009350091080563,6.391457019887922,10.402180518819234
*Oc1cc(ccc1)C(=O)c1ccc(cc1)*,tg,132.67,145.55031430191482,142.10538700966302,151.200384511242,146.28536194093996
*C(C*)OC(=O)c1ccncc1,tg,98.5,88.9060114250065,101.76107760406737,90.00898620324242,93.55869174410543
*OC(=O)CCC(=O)OCCOCC*,tg,-41.51,-46.71223243149657,-37.1081788538651,-48.11529669380907,-43.97856932639024
*C(C*)c1c(c(c(c(c1F)F)OCC(C(C(C(C(C(C(F)(F)F)(F)F)(F)F)(F)F)(F)F)(F)F)(F)F)F)F,tg,21.0,48.42692994500052,34.03796827384038,35.72678733088493,39.397228516575275
*c1cc2c(C(=O)N(C2=O)c2ccc(cc2)Oc2c3c(ccc2)c(ccc3)Oc2ccc(cc2)N2C(=O)c3c(C2=O)cc(cc3)C(=O)Nc2ccc(cc2)Oc2ccc(cc2)S(=O)(=O)c2ccc(cc2)Oc2ccc(cc2)NC(=O)*)cc1,tg,260.0,260.64527096268483,252.68937577292536,273.8151235389541,262.3832567581881
*N(c1ccc(cc1)C(c1ccc(cc1)*)c1ccccc1)c1ccc(cc1)C,tg,199.0,185.07095938527044,183.19601014474446,169.29674307671144,179.1879042022421
*c1oc2c(n1)ccc(c2)c1ccc2c(oc(n2)c2ccc(cc2)C(c2ccc(cc2)*)(c2ccccc2)C(F)(F)F)c1,tg,350.0,329.60502927139277,329.26056277289166,319.2119759054983,326.0258559832609
*OP(=O)(N=Nc1ccc(cc1)Oc1ccc(cc1)N=NP(=O)(OCc1ccc(cc1)C*)OC)OC,tg,50.0,48.702069443798045,57.078001094558985,65.43802540657565,57.07269864831088
*C(C*)OC(=O)OC([2H])([2H])[2H],tg,55.0,46.28736165020358,47.32968768516062,40.62304036477984,44.74669656671468
*c1ccc2c(nc([nH]2)c2cc(ccc2)c2nc3c([nH]2)ccc(c3)C(=O)Nc2nc(ccc2)NC(=O)*)c1,tg,302.0,324.1098812728606,318.6316788313411,338.84624594145197,327.19593534855125
*N1C(=O)c2c(C1=O)cc(cc2)Oc1ccc(cc1)C1(CCC(CC1)C(C)(C)C)c1ccc(cc1)Oc1cc2c(C(=O)N(C2=O)c2ccc(cc2)Oc2c(cc(cc2)Oc2ccc(cc2)*)C(C)(C)C)cc1,tg,233.0,243.03745245928073,251.43964132356467,240.95472529347364,245.14393969210633
*c1cc2c(C(=O)N(C2=O)c2cc(cc(c2)C(=O)O)N2C(=O)c3c(C2=O)cc(cc3)C(*)(C(F)(F)F)C(F)(F)F)cc1,tg,361.5,292.77380362090855,308.80295714626834,307.28102466417613,302.9525951437843
*Oc1ccc(cc1)Cc1ccc(cc1)OCC(C*)O,tg,80.0,96.47945142906404,84.82915921807114,82.64162862034408,87.98341308915975
*C(C*)c1c(ccc(c1)C(=O)Oc1ccc(cc1)OCCCCCC)C(=O)Oc1ccc(cc1)OCCCCCC,tg,100.0,95.78103974839395,98.09920615688424,101.35778296320763,98.41267628949527
*Oc1ccc(cc1)S(=O)(=O)c1ccc(cc1)Oc1ccc(cc1)C=C1C(=O)C(=Cc2ccc(cc2)*)CCCC1,tg,186.0,214.88406002310379,191.40007561021335,207.8174363056277,204.7005239796483
*c1cc2c(C(=O)N(C2=O)c2cc(ccc2)Oc2c(c(ccc2)Oc2cc(ccc2)N2C(=O)c3c(C2=O)cc(cc3)C(=O)Nc2cc(ccc2)Oc2c(c(ccc2)Oc2cc(ccc2)Oc2c(c(ccc2)Oc2cc(ccc2)NC(=O)*)C#N)C#N)C#N)cc1,tg,193.0,206.0011901161493,191.1689075085922,203.5351039266299,200.23506718379045
*NC(C(=O)*)CCC(=O)OCCC,tg,-10.0,-28.069778679110193,-27.281197120098625,-13.947946502820637,-23.09964076734315
*O[Si](O[Si](O[Si](O[Si](c1cc(ccc1)[Si](*)(C)C)(C)C)(C)C)(C)C)(C)C,tg,-75.0,-51.2618363564798,-71.14300680528547,-73.18946415043328,-65.19810243739951
*C(C*)(C(=O)OCCCCCCc1ccc(cc1)C(=Cc1ccc(cc1)OC)C)C,tg,31.0,47.02987706056656,50.1902856305249,54.54697545709661,50.58904604939602
*C1(OC(OC1(*)F)(C(Cl)(F)F)C(F)(F)F)F,tg,330.0,126.39582706586484,111.09488234494157,112.72923697875493,116.73998212985377
*OC(=O)CCCCC(=O)OCCCCCCCCCCCCCCCC*,tg,-15.0,-71.68803078252732,-59.449568955520334,-73.13790249611874,-68.09183407805546
*C1COC2C1OCC2OC(=O)C(NC(=O)CCCCCCCCCCC(=O)NC(C(=O)O*)C)C,tg,28.0,55.36074021008065,47.89401248694324,57.12307480872441,53.459275835249436
*c1cc2c(C(=O)N(C2=O)c2c(cc(cc2)N2C(=O)c3c(C2=O)cc(cc3)C(=O)*)S(=O)(=O)O[Na])cc1,tg,214.0,314.6462740106711,314.128419395983,319.99276946716697,316.25582095794033
*C(C*)OC(=O)c1cc(ccc1)Br,tg,57.5,67.76947110333512,73.73975061721058,73.85905171587545,71.78942447880705
*S(=O)(=O)NCCCCNS(=O)(=O)c1cc(ccc1)*,tg,82.0,80.49034492670022,73.7573515082691,62.90353356136881,72.38374333211272
*OP(=O)(OCCCCOc1c(cc(cc1)C=C1C(=O)C(=Cc2cc(c(cc2)OCCCC*)OC)CC1)OC)OCC,tg,79.0,65.48221721717731,55.27405140046953,64.65081127576178,61.80235996446954
*Oc1ccc(cc1)C(c1ccc(cc1)OC(=O)c1c(cccc1)c1c(cccc1)C(=O)*)(C(F)(F)F)C(F)(F)F,tg,162.0,161.89268806204637,170.03909586227815,163.73069203473133,165.2208253196853
*Nc1ccc(cc1)C(c1ccc(cc1)NC(=O)c1cc(ccc1)C(=O)*)(C)C,tg,278.33,263.6024768662056,262.64557017977546,268.39828953840214,264.88211219479444
*OC(=O)NC1CC(CC(C1)(CNC(=O)OCC*)C)(C)C,tg,84.0,107.26599336157737,105.16634799905788,90.70032921672691,101.04422352578739
*N1C(=O)c2c(C1=O)cc(cc2)C(=O)Oc1ccc(cc1)C1(c2c(C(=O)O1)cccc2)c1ccc(cc1)OC(=O)CCCCCCCCCCC*,tg,114.0,109.63016074161888,129.93777055587984,103.579062879632,114.38233139237691
*c1cc2c(C(=O)N(C2=O)c2ccc(cc2)Oc2ccc(cc2)N2C(=O)c3c(C2=O)cc(cc3)C(CCCCC(*)(C)C)(C)C)cc1,tg,168.25,182.27412572354368,198.25360967952687,178.53988564734354,186.35587368347137
*OC(=O)c1ccc(cc1)C(=O)OCCN(CC*)c1ccc(cc1)C=C(C#N)C#N,tg,127.0,85.50519151783662,87.06027519730107,86.23984891410714,86.26843854308161
*C1(c2c(C(=O)O1)cccc2)c1ccc(cc1)OC(=O)Oc1ccc(cc1)*,tg,252.5,220.06922467834914,233.68390628993598,239.4300646176065,231.06106519529718
*c1cc2c(C(=O)N(C2=O)c2c(cc(cc2C)c2cc(c(c(c2)C)N2C(=O)c3c(C2=O)cc(cc3)C(=O)Nc2c(ccc(c2)NC(=O)*)N=Nc2ccc(cc2)[N+](=O)[O-])C)C)cc1,tg,278.0,293.68283814918834,294.5615785788358,287.2927067639776,291.8457078306672
*Oc1ccc(cc1)C(CC(c1ccc(cc1)OCC(C*)O)C)(C)C,tg,75.0,81.0581340351515,68.02384257902409,88.60253580418596,79.2281708061205
*O[Si](O[Si](O[Si](O[Si](O[Si](O[Si](Oc1c2ccccc2c2ccccc2c1*)(C)C)(C)C)(C)C)(C)C)(C)C)(C)C,tg,-68.0,-28.031279751526263,-19.965418261450424,-12.413811326264668,-20.136836446413785
*c1cc2c(C(=O)N(C2=O)c2cc(ccc2)P(=O)(c2cc(ccc2)N2C(=O)c3c(C2=O)cc(cc3)C(=O)Nc2ccc(cc2)NC(=O)*)c2ccccc2)cc1,tg,204.0,231.1686357627158,246.32996484280122,241.739345383435,239.74598199631734
*N1C(=O)c2c(C1=O)cc(cc2)Oc1ccc(cc1)C1(CCCCCCCCCCC1)c1ccc(cc1)Oc1cc2c(C(=O)N(C2=O)c2ccc(cc2)Oc2ccc(cc2)C2(C3CCC(C2)C3)c2ccc(cc2)Oc2ccc(cc2)*)cc1,tg,259.0,253.88587063038636,256.28727782569524,267.45814453090713,259.2104309956629
*N(CC*)C(=O)C,tg,77.0,85.09029052323474,59.04513161340839,75.01764791319052,73.05102334994454
*SCC*,tg,-5.5,-66.37512438255482,-51.3847845113724,-70.00936995625536,-62.58975961672752
*Oc1ccc(cc1)S(=O)(=O)c1ccc(cc1)c1ccc(cc1)c1ccc(cc1)S(=O)(=O)c1ccc(cc1)*,tg,311.0,254.87127123461414,264.9372415833914,253.7230492714459,257.8438540298171
*Oc1ccc(cc1)CC(NC(=O)CCc1ccc(cc1)OC(=O)COCCOCC(=O)*)C(=O)OCC(C)C,tg,50.0,51.1497024004259,56.81935343789334,48.42484081135884,52.13129888322603
*OC(=O)CCCCCCCCC(=O)OCC#CC(=Cc1ccc(cc1)C#Cc1ccccc1)C#CC*,tg,60.0,36.07600879926993,8.937716881536858,42.67571479684919,29.229813492551994
*Oc1cc2c(cc1OCCNC(=O)c1ccc(cc1)C(=O)NCC*)cccc2,tg,136.0,153.95847604339772,154.81977758408487,148.02727197303568,152.2685085335061
*C(C*)CCCCCCCCCCCC,tg,10.0,-44.63808878756588,-49.575927594701454,-65.61846886236168,-53.27749508154301
*N1C(=O)c2c(C1=O)cc(cc2)c1cc2c(C(=O)N(C2=O)c2ccc(cc2)Sc2ccc(cc2)Sc2ccc(cc2)Sc2ccc(cc2)*)cc1,tg,227.1,226.47875349281637,226.4088459012921,223.65472316305807,225.5141075190555
*Oc1c(cc(cc1Cl)C(c1cc(c(c(c1)Cl)OC(=O)*)Cl)C1C2CCC(C1)C2)Cl,tg,270.0,229.15724290650596,212.31853877176553,216.6943173656468,219.39003301463944
*C1C(=O)N(C(=O)C1C(C*)(C)C)c1c(cccc1)C,tg,207.0,227.47970288703095,236.7930903322922,228.92005417920393,231.06428246617568
*N=Nc1ccc(cc1)Nc1ccc(cc1)C(=O)c1ccc(cc1)C(=O)c1ccc(cc1)Nc1ccc(cc1)*,tg,203.0,190.99651017791223,205.2409401885355,203.69428067175934,199.97724367940236
*OC(=O)C(C(=O)OCCOCC*)CCCCCCCCC,tg,-59.0,-38.58065456407149,-44.30922230948755,-42.80095556470299,-41.89694414608734
*C(C*)OCC(C)C,tg,-21.51,-8.692246020599734,-6.958976770663156,-29.53638360291155,-15.062535464724812
*C(C*)C(=O)OCCCCCCOc1ccc(cc1)C(=O)Oc1ccc(cc1)OC,tg,24.75,24.367919272106363,24.041305452502982,34.167046205791316,27.525423643466883
*Oc1c(cccc1)C(=O)OC(=O)c1c(cccc1)OC(=O)CCCCC(=O)*,tg,60.0,62.99249399189813,50.98024088563055,58.109966453575375,57.360900443701354
*O[Si](CCC(C(C(C(C(C(C(C(C(C(CC[Si](*)(CCC(F)(F)F)C)(F)F)(F)F)(F)F)(F)F)(F)F)(F)F)(F)F)(F)F)(F)F)(F)F)(CCC(F)(F)F)C,tg,-11.0,-24.58533975998575,-24.574481874467722,-27.61916820668217,-25.59299661371188
*O[Si](O[Si](O[Si](c1ccc(cc1)Oc1ccc(cc1)[Si](*)(C)C)(C)C)(C)C)(C)C,tg,-37.0,-50.46623417809589,-45.48394620637046,-42.17140123553075,-46.0405272066657
*Oc1ccc(cc1)C(c1ccc(cc1)OCC(COC(=O)CCCCCCC(=O)OCC(C*)O)O)(C)C,tg,35.0,30.629514138511695,35.39508919726349,41.365707980099195,35.7967704386248
*c1sc(cc1CCCCCCOC(=O)Cc1ccccc1)*,tg,45.0,35.510338506343096,25.325335114567764,48.73588620558745,36.52385327549944
*C(=C(*)C)CCCCCCC,tg,160.0,94.95662677021716,127.48891921772605,66.8191352261122,96.42156040468512
*C1C(=O)N(C(=O)C1*)c1cc(c(c(c1)Br)O[Si](CC)(CC)CC)Br,tg,160.0,134.25177693534926,162.76167053198554,119.89653043669357,138.96999263467612
*c1ccc(cc1)c1c(cc(c(c1)OCCCCCC)c1ccc(cc1)C=C1C(=O)C(=C*)CCC1)OCCCCCC,tg,85.0,104.94613472906862,108.13118560189797,91.61402039770871,101.56378024289177
*Oc1ccc(cc1)C(c1ccc(cc1)OCC(C*)OC(=O)c1ccccc1)(c1ccccc1)C,tg,126.0,122.15075192394711,104.07043833852747,133.98390288623145,120.06836438290202
*S(=O)(=O)c1ccc(cc1)C#Cc1ccc(cc1)N(CC(CCC*)O)CCCC,tg,48.0,80.40478514044236,118.01571796200966,83.48244473901788,93.96764928048997
*N(CC*)C(=O)CC,tg,59.08,19.589373289545694,35.599715655284115,12.550644040934161,22.579910995254654
*c1sc(cc1)c1sc(cc1)[Si](*)(C)C,tg,45.0,71.70876670343546,79.36786452413014,56.38463845004312,69.1537565592029
*C(C*)(C(=O)OCCCCCCCCCCCOc1cc2c(cc1)cc(cc2)C(=O)Oc1ccccc1)C,tg,10.0,35.75232805606251,32.21205449382853,38.436535612282555,35.466972720724534
*Oc1ccc(cc1)NC(=O)c1ccc(cc1)*,tg,225.0,219.5799223780756,193.79215774391383,215.71503005543812,209.69570339247585
*N1C(=O)c2c(C1=O)cc(cc2)Oc1ccc(cc1)Oc1ccc(cc1)Oc1cc2c(C(=O)N(C2=O)c2ccc(cc2)Oc2ccc(cc2)*)cc1,tg,215.0,211.9941351956349,216.60816145751258,219.10561145847203,215.90263603720652
*c1nc2c([nH]1)cc(cc2)c1cc2c(nc([nH]2)c2cc(ccc2)*)cc1,tg,395.88,346.8393336978626,369.3573462465795,361.06464484844446,359.0871082642955
*OC(=O)NCCCCCCNC(=O)OCCCCCCCCC*,tg,58.0,0.8993388152297612,9.222334478240356,6.996561712064291,5.706078335178137
*C(C(CCCCCC*)Cl)Cl,tg,-18.0,-27.188691128549088,-32.03900921048975,-42.1844410744698,-33.804047137836214
*C1C2CC(=CC)C(C1*)C2,tg,61.4,240.31148446280082,231.57671709055097,225.79218964704995,232.56013040013394
*C(C*)(C(=O)OCCCCCCOc1ccc(cc1)N=Nc1ccncc1)C,tg,40.0,73.76869005213767,75.78874221654043,71.18390165101404,73.58044463989738
*C(=C(*)c1ccccc1)c1ccc(cc1)CCCC,tg,200.0,139.945577631414,150.6461960855708,153.42552181478348,148.00576517725608
*c1cc2c(C(=O)N(C2=O)c2cc(c(cc2)C(=O)Nc2ccc(cc2)C(c2ccc(cc2)NC(=O)*)(C(F)(F)F)C(F)(F)F)C)cc1,tg,320.0,255.58041527696855,264.7415084270891,272.7904531214879,264.3707922751818
*C(=C(*)c1ccccc1)CCCCCC,tg,200.0,105.24762799378824,128.1517655054431,82.6163368751042,105.33857679144518
*C(C*)(CCCCCCCC)C(=O)OC,tg,20.0,7.526787512004777,9.991403714196338,33.798367875795826,17.10551970066565
*c1cc2c(C(=O)N(C2=O)C2C(=O)N(C(=O)C2)c2ccc(cc2)Oc2ccc(cc2)NC(=O)*)cc1,tg,223.0,131.7654603608244,141.81146853072642,134.88962394442626,136.15551761199234
*Oc1ccc(cc1)S(=O)(=O)c1ccc(cc1)Oc1c(cc(cc1C)C(c1cc(c(c(c1)C)*)C)(C(F)(F)F)C(F)(F)F)C,tg,241.88,222.19343160384994,230.1786947614711,222.3853316365075,224.9191526672762
*C(C*)C(=O)OCCCCCCCCCCCCOC(=O)c1ccc(cc1)OC(=O)c1ccc(cc1)C#N,tg,15.0,9.625783463099014,14.452784385828096,3.128742658784928,9.069103502570679
*c1cc2c(C(=O)N(C2=O)c2ccc(cc2)Oc2ccc(cc2)N2C(=O)c3c(C2=O)cc(cc3)C(=O)Nc2ccc(cc2)Oc2ccc(cc2)Oc2ccc(cc2)NC(=O)*)cc1,tg,260.0,252.2670646270394,252.3293559029447,254.0630719855279,252.8864975051707
*OC(=O)CCC(=O)OCC*,tg,-11.33,14.095594774855655,4.678581800238533,15.017776212404648,11.263984262499612
*C(C*)(C(=O)OCC)CC,tg,27.0,66.37209866288451,58.880794716152565,69.51754885922563,64.92348074608758
*OC(=O)CCOCC*,tg,-35.55,-40.91862544891803,-36.872332486569746,-33.77876487702073,-37.1899076041695
*C(C*)c1ccc(cc1)C(CCN(C)C)O,tg,43.0,87.3060547276849,75.90633744253088,93.11934640582173,85.44391285867916
*C(C*)C(=O)OCCCCOc1ccc(cc1)N=Nc1ccc(cc1)[N+](=O)[O-],tg,36.7,53.95963780420791,45.636735146442405,58.67178085353352,52.75605126806128
*c1cc2c(C(=O)N(C2=O)c2ccc(cc2)C2(CC(CC(C2)C)(C)C)c2ccc(cc2)NC(=O)*)cc1,tg,328.0,312.63504042268914,314.1713105501974,323.61345431962485,316.80660176417047
*C(C*)C(=O)Nc1ccc(cc1)C(=O)C=Cc1ccc(cc1)Br,tg,64.0,75.95829316253273,84.68736046952608,75.56375942456346,78.7364710188741
*N=P(*)(OCCCc1ccccc1)OCCCc1ccccc1,tg,-47.0,-15.533951867718953,-35.73672848367275,-25.231893697899814,-25.50085801643051
*Oc1ccc(cc1)SC(=O)Sc1ccc(cc1)*,tg,117.0,147.05627465339762,148.2604812472489,132.51071513967847,142.60915701344166
*C(C*)c1cc2c(OCO2)cc1,tg,138.0,131.63215708807587,145.7676443336257,112.49666568088651,129.96548903419603
*c1nc2cc3c(cc2nc1c1ccccc1)nc(c(n3)c1ccccc1)c1cc(ccc1)*,tg,365.0,358.7375542561536,356.6679763306539,358.60959642730904,358.0050423380389
*c1cc2c(C(=O)N(C2=O)c2ccc(cc2)Cc2ccc(cc2)N2C(=O)c3c(C2=O)cc(cc3)C(=O)c2ccc(cc2)c2ccc(cc2)C(c2ccc(cc2)c2ccc(cc2)C(=O)*)(C)C)cc1,tg,216.0,243.7202415064601,248.3628148332623,239.72558873403963,243.93621502458734
*OC(=O)NNC(=O)CCCCCCCCC(=O)NNC(=O)OCCCCCCCC*,tg,38.0,28.83162782071057,38.02327876987707,31.42701954740867,32.760642045998765
*C1OC(C(C(C1OC(=O)Nc1ccccc1)OC(=O)Nc1ccccc1)O*)COC(=O)Nc1ccccc1,tg,217.0,136.78728664301929,160.9960988073123,121.29182619677582,139.69173721570246
*C(C*)(C(=O)OCCCCCCOc1ccc(cc1)C(=O)Oc1c2c(c(cc1)N=Nc1ccc(cc1)I)cccc2)C,tg,40.0,46.10306372129017,53.626450821682155,55.24924839821028,51.65958764706087
*Oc1ccc(cc1)C(c1ccc(cc1)Oc1ccc(cc1)C(=O)Nc1cc(ccc1)NC(=O)c1ccc(cc1)*)(C)C,tg,214.0,204.5796742651685,200.90928698392932,196.91308511454469,200.80068212121418
*C=CC(C(*)C(=O)OC12CC3CC(CC(C1)C3)C2)C,tg,115.0,146.3614647050104,143.7890623639934,127.09745968082237,139.08266224994205
*C(CCCCC*)CCCCCCCCCC,tg,-65.0,-64.60675103147778,-56.32802125387869,-60.95543567858664,-60.63006932131437
*C1=CC(=C(C#N)C#N)C=C(O1)C=Cc1sc(c(c1CCCCCC)CCCCCC)c1sc(cc1)c1sc(cc1)c1sc(cc1)c1sc(c(c1CCCCCC)CCCCCC)C=C*,tg,134.0,104.2505694705758,126.19225473226614,90.62611771256752,107.02298063846983
*OC(=O)CCCCC(=O)OCCN(CC*)c1ccc(cc1)C=NN(c1ccccc1)c1ccccc1,tg,54.0,43.78185487848765,34.55496770320792,37.96282666836639,38.76654975002065
*C(C*)(C(=O)OCc1ccc2n(c3c(c2c1)cccc3)CCCCCCCCCCCCCC)C,tg,26.0,25.961905625702745,25.870368193943932,25.357637568772454,25.729970462806374
*C(C*)(C(=O)Oc1ccc(cc1)C(C)(C)C)C,tg,88.57,119.18792802193465,116.25301910644937,135.98301642014252,123.80798784950885
*NC(=O)CCCCCCCC(=O)NCCCCCC*,tg,37.61,53.566252217927875,49.686553719034364,53.94756271253363,52.40012288316529
*N1C(=O)c2c(C1=O)cc(cc2)Oc1ccc(cc1)Oc1cc2c(C(=O)N(C2=O)c2ccc(cc2)Oc2ccc(cc2)Sc2ccc(cc2)Oc2ccc(cc2)*)cc1,tg,201.0,189.0737884046464,195.71916124975598,197.05121934670925,193.94805633370387
*C(C*)(C(=O)OCCCCCCCCCCCOc1ccc(cc1)N=Nc1ccc(cc1)OC(=O)c1cc2c(OCCOCCOCCOCCO2)cc1)C,tg,59.0,47.260761752447536,61.98699853865847,69.01975129043433,59.422503860513444
*c1cc2c(C(=O)N(C2=O)c2ccc(cc2)Oc2ccc(cc2)N2C(=O)c3c(C2=O)cc(cc3)C(C(C(*)(F)F)(F)F)(F)F)cc1,tg,216.5,248.3652674923217,226.13453964099824,210.0295555647245,228.1764542326815
*c1cc2c(C(=O)N(C2=O)c2ccc(cc2)NC(=O)Nc2ccc(cc2)N2C(=O)c3c(C2=O)cc(cc3)C(=O)Nc2ccc(cc2)c2nc(cc(c2)c2ccccc2)c2ccc(cc2)NC(=O)*)cc1,tg,215.0,258.21313874296567,247.6925356821231,247.6109011707692,251.17219186528598
*NC(=O)c1c(cc(cc1)C(=O)NCCCCCCCCCC*)Sc1ccccc1,tg,100.0,102.2492811928887,101.95105459210109,113.13957557047135,105.77997045182038
*C(C*)c1c(c(c(c(c1[2H])[2H])[2H])[2H])[2H],tg,100.0,118.10899238701015,109.7251786669768,141.52901032808754,123.12106046069148
*OC(=O)OCC(C(C*)OC(=O)C)OC(=O)C,tg,51.38,20.323949859691822,18.80044981657771,11.36260247632685,16.82900071753213
*N1C(=O)c2c(C1=O)cc(cc2)C(=O)Nc1cc(ccc1)S(=O)(=O)c1ccc(cc1)NC(=O)c1cc2c(C(=O)N(C2=O)CCCCCC*)cc1,tg,190.0,192.7346202356559,188.44300371698307,189.74187685279756,190.30650026847886
*Oc1ccc(cc1)CC(NC(=O)CCc1ccc(cc1)OC(=O)CCC(=O)*)C(=O)OCCCCCCCC,tg,46.75,38.96426347680571,41.99188320333501,43.903739112171785,41.619961930770835
*C(C*)c1c(ccc(c1)C(=O)Oc1ccc(cc1)OCCCCCCCCCC)C(=O)Oc1ccc(cc1)OCCCCCCCCCC,tg,109.0,102.25395195949733,99.21133826670521,105.15997519966851,102.20842180862367
*c1cc2c(C(=O)N(C2=O)c2ccc(cc2)Oc2ccc(cc2)N2C(=O)c3c(C2=O)cc(cc3)C(=O)Nc2ccc(cc2)Oc2ccc(cc2)C2(c3c(C(=O)N2)cccc3)c2ccc(cc2)Oc2ccc(cc2)NC(=O)*)cc1,tg,320.0,310.9312505088826,306.9104370334062,307.4127804189314,308.41815598707336
*N1C(=O)c2c(C1=O)cc(cc2)Oc1cc2c(C(=O)N(C2=O)c2ccc(cc2)Oc2ccc(cc2)C(=O)c2nc(ccc2)C(=O)c2ccc(cc2)Oc2ccc(cc2)*)cc1,tg,208.6,245.5422125788504,251.51975746460968,256.576600916639,251.21285698669968
*C(C*)C1CCC(CC1)C,tg,132.0,126.03331414625144,112.65827646321266,118.28466641616174,118.99208567520861
*N1C(=O)c2c(C1=O)cc(cc2)S(=O)(=O)c1cc2c(C(=O)N(C2=O)c2ccc(cc2)N(c2ccc(cc2)*)c2ccc(cc2)N(C)C)cc1,tg,331.0,293.2144263340037,301.81682439492266,295.5369276950341,296.8560594746535
*c1oc(cc1)C(=O)OCCOC(=O)*,tg,85.56,65.71363229962917,52.68741533378592,70.3438584650812,62.914968699498765
*C(C(*)(F)F)(OC(F)(F)F)OC(F)(F)F,tg,-60.0,35.48304272630984,46.19760991815565,8.626697494325958,30.10245004626381
*c1sc(nn1)c1cc(ccc1)OC(=O)CCCCCCCCC(=O)Oc1ccc(cc1)C=C*,tg,37.0,72.79909221883769,82.03969206208293,108.56311701618414,87.80063376570159
*OC(=O)NCC(C(C(C(CNC(=O)OCC(C(C*)(F)F)(F)F)(F)F)(F)F)(F)F)(F)F,tg,38.0,6.581899565886903,23.125810055356197,15.582967331235265,15.096892317492788
*Oc1ccc(cc1)C(c1ccc(cc1)OCOc1ccc(cc1)C(c1ccc(cc1)OCCCCCCCCCCCC*)(C)C)(C)C,tg,37.0,43.879416388217926,44.74711809711181,51.09888544720565,46.57513997751179
*C(C*)C(=O)OC1CCCCCCCCCCC1,tg,37.0,28.810103516998165,21.83828674319288,35.949170127196815,28.86585346246262
*C(C(C(C*)OC(=O)C)CCC(O)(C)C=C)(C)C,tg,85.0,46.83721377239948,48.1709864503065,37.10192117419996,44.03670713230198
*c1sc(nn1)c1ccc(cc1)C(=O)OCCCCCCOC(=O)c1ccc(cc1)*,tg,125.0,82.40614322154451,72.13220353912313,74.65720223414786,76.39851633160517
*c1ccc2n(c3c(c2c1)cc(cc3)c1cc2C(c3c(c2cc1)ccc(c3)*)(CCCCCC)CCCCCC)c1ccc(cc1)C,tg,155.0,165.23580480896402,163.91214005107287,164.33852503770854,164.49548996591514
*Oc1ccc(cc1)C(=Cc1ccc(cc1)c1ccc(cc1)C=C(c1ccc(cc1)OC(=O)*)c1ccccc1)c1ccccc1,tg,203.0,200.56052525629892,198.26251797802578,198.84058520828415,199.2212094808696
*Oc1ccc(cc1)C1(CCC(CC1)C(C)(C)C)c1ccc(cc1)Oc1ccc(cc1)C(=O)Oc1ccc(cc1)C1(CCC(CC1)c1ccccc1)c1ccc(cc1)OC(=O)c1ccc(cc1)*,tg,172.0,176.51303983196553,201.92770432154848,195.5531630961774,191.33130241656377
*Oc1ccc(cc1)C(=O)OC(=O)c1ccc(cc1)OC*,tg,84.0,108.15140898898504,105.70250090872506,99.67882655757903,104.51091215176304
*OC(=O)CCCCC(=O)OCC(C*)CCCCCCOc1ccc(cc1)N=Nc1ccc(cc1)Cl,tg,9.0,28.9336034148181,26.09924766710583,38.239896195397655,31.090915759107194
*C(C*)(C(=O)OCCF)C,tg,90.0,59.63432278079703,52.58958152603053,57.01127484844854,56.41172638509204
*Oc1ccc(cc1)Oc1ccc(cc1)C(=Nc1ccc(cc1)Oc1ccc(cc1)N=C(c1ccc(cc1)*)c1ccccc1)c1ccccc1,tg,162.0,175.88364872005488,172.34750949534083,169.1298258839586,172.45366136645143
*N=P(*)(OCCOC)OCCOC,tg,-75.0,-77.30035808112193,-79.93271666336233,-83.76968979705269,-80.334254847179
*Oc1ccc(cc1)Oc1ccc(cc1)Oc1cc(ccc1)C(=O)Oc1ccc(cc1)OC(=O)c1cc(ccc1)*,tg,101.0,108.05946463651935,125.48422572358031,107.80451555754544,113.78273530588172
*C(C*)C(C)C,tg,10.97,27.547968253329284,26.76284164387694,32.27274476551296,28.861184887573064
*OP(=O)(Oc1c(cc(cc1C)S(=O)(=O)c1cc(c(c(c1)C)*)C)C)Oc1ccc(cc1)OC,tg,147.0,143.80443457470352,149.91445418179887,136.94230759129945,143.55373211593394
*C(C*)(C(=O)OCCOCCOCCOCCOCCOCCOCCOCCOC)C,tg,-58.0,-47.948976775069646,-57.47030628837271,-51.00754572495026,-52.14227626279754
*OC(=O)C1CCC(CC1)C(=O)OCC1CCC(CC1)C*,tg,67.68,57.112602440329574,45.966252370618975,54.89376160097026,52.65753880397293
*c1cc2c(oc(n2)c2ncc(cc2)c2oc3c(n2)cc(cc3)C(*)(C(F)(F)F)C(F)(F)F)cc1,tg,352.0,303.54996655148125,290.60717555656015,276.6116943490504,290.25627881903057
*C1COC2C1OCC2Oc1ccc(cc1)NC(=O)c1ccc(cc1)OC1COC2C1OCC2Oc1ccc(cc1)C(=O)Nc1ccc(cc1)O*,tg,165.0,162.3078155439276,159.65070237437095,179.60150505279182,167.1866743236968
*OC(=O)c1ccc(cc1)CCCCc1ccc(cc1)C(=O)*,tg,46.0,107.44418445122733,102.37651293810269,108.92772095897512,106.24947278276836
*[SiH](C#Cc1cc(ccc1)C#C*)C,tg,72.0,72.44862189805251,75.1222021974882,81.65972507889865,76.41018305814646
*C(C*)c1c(cccc1)COCCC(C)C,tg,78.0,56.501564974761926,52.39982592946127,49.91815173446855,52.93984754623059
*c1ccc2c(nc([nH]2)c2ccc(cc2)C(=O)Nc2cc(ccc2)NC(=O)*)c1,tg,325.0,283.9610245484931,292.26348688914027,287.143702324285,287.78940458730614
*c1cc2c(C(=O)N(C2=O)c2ccc(cc2)c2sc(c(c2c2ccccc2)c2ccccc2)c2ccc(cc2)N2C(=O)c3c(C2=O)cc(cc3)C(=O)Nc2cc(ccc2)NC(=O)*)cc1,tg,334.0,291.48288690251496,290.27436877823953,298.25173507009094,293.33633025028183
*c1nc2c(nc1c1ccccc1)cc(cc2)Oc1cc2c(nc(c(n2)c2ccccc2)c2ccc(cc2)Oc2ccc(cc2)*)cc1,tg,340.0,307.1615899608374,292.9014758823755,282.25496854318675,294.1060114621332
*N1CCN(CC1)C(=O)OCCOC(=O)*,tg,60.0,71.25140292266875,84.31340376110741,77.59383997071775,77.7195488848313
*c1cc2c(C(=O)N(C2=O)c2c3c(ccc2)c(ccc3)Oc2ccc(cc2)N2C(=O)c3c(C2=O)cc(cc3)C(=O)Nc2nc(ccc2)NC(=O)*)cc1,tg,293.0,284.04930407373627,281.9909050880906,290.09475438626754,285.37832118269813
*OC(=O)CSCc1ccc(cc1)Cc1ccc(cc1)CSCC(=O)OCCSCc1ccc(cc1)Cc1ccc(cc1)CSCC*,tg,-1.25,60.224429570500206,52.25320439341881,61.94973217726782,58.14245538039561
*N1C(=O)c2c(C1=O)c(ccc2)c1cc2c(C(=O)N(C2=O)c2cc(ccc2)OCCCCCCCCCCOc2cc(ccc2)*)cc1,tg,127.0,131.24288519929925,131.6765202339768,129.4207382938059,130.7800479090273
*C(C*)(CC(=O)OCCOCCOCCOCCOCCOCCOCCOC)C(=O)OCCOCCOCCOCCOCCOCCOCCOC,tg,-71.0,-39.475688039545524,-63.025734428959936,-33.97972369336252,-45.493715387289335
*C1C2C(C(C1)CC*)C1C(CC2C1)C,tg,150.0,195.69490204010478,201.30363874262136,154.2914204194126,183.76332040071293
*OP(=O)(Oc1ccc(cc1)*)Oc1ccccc1,tg,97.0,88.55997685703822,72.8345154668609,86.08523536548296,82.49324256312737
*O[Si](CCC(C(CC[Si](*)(CCC(F)(F)F)C)(F)F)(F)F)(CCC(F)(F)F)C,tg,-27.0,-51.13502516547516,-60.204372040101845,-41.5058128727752,-50.94840335945074
*c1cc2c(C(=O)N(C2=O)c2ccc(cc2)S(=O)(=O)c2ccc(cc2)S(=O)(=O)c2ccc(cc2)S(=O)(=O)c2ccc(cc2)N2C(=O)c3c(C2=O)cc(cc3)C(*)(C(F)(F)F)C(F)(F)F)cc1,tg,327.0,269.632004310813,282.3634356694937,268.5920302713125,273.5291567505397
*N1C(=O)c2c(C1=O)cc(cc2)Oc1cc2c(C(=O)N(C2=O)c2ccc(cc2)c2ccc(cc2)NC(=O)c2cc(ccc2)C(=O)Nc2ccc(cc2)c2ccc(cc2)*)cc1,tg,233.0,237.99086226181916,243.8987216467481,234.6594905977867,238.84969150211796
*c1cc2c(C(=O)N(C2=O)c2c(ccc(c2)N2C(=O)c3c(C2=O)cc(cc3)C(*)(C(F)(F)F)C(F)(F)F)OCCCCCCOc2ccc(cc2)N=Nc2ccc(cc2)OCC)cc1,tg,198.0,171.38413605936196,177.606567305042,166.7902246487989,171.92697600440098
*Oc1ccc(cc1)N(c1ccc(cc1)c1ccc(cc1)N(c1ccc(cc1)OCCCCCC*)c1ccccc1)c1ccccc1,tg,128.0,123.69177204828573,115.27645345263494,133.5721242702884,124.18011659040303
*Oc1ccc(cc1)CC(NC(=O)CCc1ccc(cc1)OC(=O)CCC(=O)*)C(=O)OC(C)C,tg,82.0,78.922751329981,81.67986077700667,80.38393860396974,80.3288502369858
*N1C(=O)c2c(C1=O)cc(cc2)Oc1cc2c(C(=O)N(C2=O)CCCCCC*)cc1,tg,164.0,117.89457720485723,119.80915725920843,109.6529679082983,115.78556745745465
*C1COC2C1OCC2OC(=O)C(NC(=O)CCCCCCCCCCC(=O)NC(C(=O)O*)Cc1ccccc1)Cc1ccccc1,tg,76.0,66.1582019283018,60.84722279204637,68.8744799688449,65.29330156306436
*c1n(c(nn1)c1ccc(cc1)Oc1ccc(cc1)C(c1ccc(cc1)Oc1ccc(cc1)*)(C)C)c1ccc(cc1)S(=O)(=O)c1ccccc1,tg,198.0,213.7316992470555,210.72662159246357,210.9803149243808,211.8128785879666
*N1C(=O)c2c(C1=O)c(ccc2)Oc1c2c(C(=O)N(C2=O)c2ccc(cc2)Oc2ccc(cc2)Oc2ccc(cc2)*)ccc1,tg,258.0,252.2312468302703,255.23103231055552,252.79542830085012,253.41923581389196
*Oc1ccc(cc1)OC(=O)c1c(cc(c(c1)OCCCCOCC1N(CCC1)c1ccc(cc1)[N+](=O)[O-])C(=O)*)OCCCCOCC1N(CCC1)c1ccc(cc1)[N+](=O)[O-],tg,68.0,59.43958500255965,53.059207795951735,65.28264226935076,59.260478355954056
*Oc1c(cc(cc1c1ccccc1)Cc1cc(c(c(c1)c1ccccc1)OC(=O)CCCCCC(=O)*)c1ccccc1)c1ccccc1,tg,111.0,106.22725872172434,103.61511334725056,106.9547525243176,105.5990415310975
*NC(=O)CCCCCNC(=O)CCCCCCCCCC*,tg,25.5,54.81182815736958,51.70135435552167,46.43110106217931,50.98142785835686
*Oc1ccc(cc1)c1cc(c(c(c1)c1ccccc1)c1ccc(cc1)NC(=O)c1ccc(cc1)C(=O)Nc1ccc(cc1)c1c(cc(cc1c1ccccc1)c1ccc(cc1)OCCCCCC*)c1ccccc1)c1ccccc1,tg,127.0,160.55632671507263,162.50642255975686,153.9145591778777,158.99243615090236
*C(C*)(C(=O)Oc1c(cc(cc1)C)C)C,tg,109.0,102.29133732322363,116.75577277539703,108.71508223112605,109.25406410991557
*C(C*)(C(=O)OCCCCCCCCCCOc1ccc(cc1)N=Nc1ccc(cc1)F)C,tg,49.0,60.804882406159585,52.837454518448624,58.76076065737351,57.4676991939939
*c1cc2c(C(=O)N(C2=O)c2ccc(cc2)c2nc(cc(c2)c2ccc(cc2)OCCCC#N)c2ccc(cc2)N2C(=O)c3c(C2=O)cc(cc3)C(=O)*)cc1,tg,342.0,330.6104623639986,319.2976215104861,331.3343623348903,327.080815403125
*c1ccc(cc1)c1c(cc(c(c1c1ccccc1)c1ccccc1)c1cc(ccc1)c1c(c(c(c(c1)c1ccccc1)c1ccc(cc1)CCCCCCCCCC*)c1ccccc1)c1ccccc1)c1ccccc1,tg,180.0,196.20756998883732,184.13378123272668,187.41675470272884,189.25270197476425
*N(c1ccc(cc1)C=Cc1c(cc(c(c1)OCCCCCCCC)C=Cc1ccc(cc1)*)OCCCCCCCC)c1ccccc1,tg,74.0,98.98967770996556,93.04913269338924,78.1822163249841,90.07367557611296
*N1C(=O)c2c(C1=O)cc(cc2)Oc1ccc(cc1)Oc1ccc(cc1)P(=O)(c1ccc(cc1)Oc1ccc(cc1)Oc1cc2c(C(=O)N(C2=O)c2ccc(cc2)*)cc1)c1ccccc1,tg,220.0,222.72679691063837,226.57236543317404,232.0864736867483,227.12854534352024
*N1C(=O)c2c(C1=O)cc(cc2)Oc1ccc(cc1)C1(CCC(CC1)C(C)(C)C)c1ccc(cc1)Oc1cc2c(C(=O)N(C2=O)c2ccc(cc2)Oc2cc(c(cc2)c2c(cc(cc2)Oc2ccc(cc2)*)C)C)cc1,tg,236.0,231.50945983578347,241.97994924434641,232.0109343505838,235.16678114357123
*c1cc2c(C(=O)N(C2=O)c2ccc(cc2)Oc2ccc(cc2)N2C(=O)c3c(C2=O)cc(cc3)C(=O)c2cc(cc(c2)C(C)(C)C)C(=O)*)cc1,tg,252.5,253.81849290510488,250.0292022525676,245.6576357024851,249.83511028671919
*N1C(=O)c2c(C1=O)cc(cc2)Oc1ccc(cc1)C1(CCC(CC1)c1ccccc1)c1ccc(cc1)Oc1cc2c(C(=O)N(C2=O)c2ccc(cc2)Oc2c(cc(cc2C)C(c2cc(c(c(c2)C)Oc2ccc(cc2)*)C)(C)C)C)cc1,tg,232.0,244.32430769840747,245.07297490202643,259.2374696867982,249.54491742907734
*[Si](C/C=C\C*)(CCCOc1cc2c(cc1)cccc2)C,tg,-1.0,7.212504448658234,8.037323599136442,-6.879145183950009,2.7902276212815558
*OC(=O)OCCCCCCCCCC*,tg,-39.67,-49.69726128059294,-43.646681097962926,-39.410842839426024,-44.25159507266063
*c1c(nc2c(n1)cc(cc2)Oc1ccc(cc1)NC(=O)c1cc(cc(c1)N1C(=O)c2c(C1=O)cccc2)C(=O)Nc1ccc(cc1)Oc1cc2c(nc(c(n2)c2ccc(cc2)Oc2ccc(cc2)*)c2ccccc2)cc1)c1ccccc1,tg,260.0,304.02094443657853,294.8675147860822,299.7414053132595,299.54328817864007
*C(C*)c1ccc(cc1)C(=O)N1CCCCC1,tg,114.0,149.3724550767395,151.17093146198022,131.16196380448244,143.90178344773403
*c1cc2C(c3c(c2cc1)ccc(c3)C=Cc1ccc(cc1)C=C*)(CCCCCCOc1ccc2c(c1)oc(=O)cc2)CCCCCCOc1ccc2c(c1)oc(=O)cc2,tg,104.0,113.98267325222837,117.68751740049028,118.51766578184677,116.72928547818849
*C1CCN(CC1)c1sc(cc1)C=CC1=CC(=C(C#N)C#N)C=C(O1)C=Cc1sc(cc1)N1CCC(CC1)OC(=O)Nc1c(ccc(c1)NC(=O)O*)C,tg,212.0,157.54395313390722,146.95096616587858,194.51822176317148,166.33771368765244
*Oc1c(cc(cc1)c1ccc(cc1)C(c1ccc(cc1)c1cc(c(cc1)OC(=O)*)F)(C)C)F,tg,234.0,177.0208970795184,172.72219100554233,182.58606827319332,177.443052119418
*c1cc2c(C(=O)N(C2=O)c2c(cc(cc2C)C(c2cc(c(c(c2)C)N2C(=O)c3c(C2=O)cc(cc3)C(=O)*)C)c2c3c(ccc2)cccc3)C)cc1,tg,303.0,332.1817352238597,319.026381797765,341.9061226678548,331.0380798964932
*O[Si](O[Si](OC(CCC(*)C)C)(C)C)(C)C,tg,-83.0,-82.9743971818288,-76.18807945605795,-79.46508139288595,-79.54251934359091
*C(C*)c1ccc(cc1)CCCCCCCC,tg,-45.0,0.67190087072475,-1.9587696627618811,1.1797729171577969,-0.03569862495977808
*NC(=O)CCCCC(=O)NCC*,tg,71.0,93.08728676393419,71.58276447410731,106.22056026456954,90.29687050087034
*N=P(*)(OCCOCCOCC)OCCOCCOCC,tg,-78.0,-71.61416647145593,-81.82099108423796,-74.13815085348963,-75.85776946972784
*O[Si](c1cc2c(cc1)ccc(c2)[Si](*)(C)C)(C)C,tg,26.0,47.1528792569368,45.57097133347541,32.232998893353674,41.6522831612553
*Oc1c(cc(cc1C)C(c1cc(c(c(c1)Cl)OC(=O)*)C)(C)C)Cl,tg,154.0,192.62850212082765,183.27435304028185,172.8142652320856,182.9057067977317
*C(C*)(C(=O)OCCC[Si]12O[Si]3(O[Si]4(O[Si]5(O[Si](O[Si](O[Si](O[Si](O1)(O4)CC(C)C)(O5)CC(C)C)(O2)CC(C)C)(O3)CC(C)C)CC(C)C)CC(C)C)CC(C)C)C,tg,85.0,43.70295873624036,46.66283438455338,31.794788260649103,40.72019379381428
*C(C*)(C(=O)OCC(C(F)(F)F)(F)F)F,tg,99.0,76.78537147185412,71.89258070397317,67.56329172344574,72.080414633091
*N1C(=O)c2c(C1=O)cc(cc2)Oc1cc2c(C(=O)N(C2=O)c2cc(c(cc2)c2c(cc(cc2)*)C(F)(F)F)C(F)(F)F)cc1,tg,275.0,272.584567809932,275.3195427875502,290.8859831548782,279.59669791745347
*N1C(=O)C2CCC3C(C2C1=O)C(=O)N(C3=O)c1ccc(cc1)Oc1ccc(cc1)C(c1ccc(cc1)Oc1ccc(cc1)*)(C)C,tg,263.5,242.95999836824464,259.09259969826826,244.87190821861586,248.97483542837628
*C(C*)(C(=O)OCCCCCCCCCCOc1ccc(cc1)OC(=O)c1ccc(cc1)c1ccc(cc1)OC)C,tg,57.0,44.98705271966336,44.311100299810036,47.85080734237772,45.71632012061704
*c1ccc2c3n(c4ccc(cc4n3)Oc3cc4n5c(nc4cc3)c3cccc4c(ccc(c5=O)c34)Oc3ccc(cc3)C(c3ccc(cc3)O*)(C)C)c(=O)c3cccc1c23,tg,334.0,359.3791871144994,343.3250870283772,326.6504937357595,343.11825595954537
*N1C(=O)c2c(C1=O)cc(cc2)Oc1cc2c(cc1Oc1cc3c(C(=O)N(C3=O)c3ccc(cc3)Oc3cc4c(cc3Oc3ccc(cc3)*)cccc4)cc1)cccc2,tg,222.0,232.88468065527212,228.2847247940511,237.65481961610226,232.94140835514182
*O[Si](CCC(C(C(C(C(C(CC[Si](*)(CCC(F)(F)F)C)(F)F)(F)F)(F)F)(F)F)(F)F)(F)F)(CCC(F)(F)F)C,tg,-24.0,-21.391357090099778,-39.78629825638191,-21.43948938735863,-27.53904824461344
*Oc1c(cc(cc1)C=C1C(=O)C(=Cc2cc(c(cc2)OCC(=O)c2ccc(cc2)Oc2ccc(cc2)C(=O)C*)OC)CCC1)OC,tg,211.75,133.67597740900217,136.79799089266322,133.8817423218879,134.78523687451778
*Oc1ccc(cc1)c1ccc(cc1)OC(=O)c1c(cc(c(c1)OCCCc1ccccc1)C(=O)*)OCCCc1ccccc1,tg,72.0,101.20590866327665,106.36025066238457,111.82300562439873,106.4630549833533
*OOC(C*)c1ccc(cc1)C(C)(C)C,tg,19.9,48.04535609382936,53.35474270550259,67.76947804282113,56.38985894738436
*Oc1ccc(cc1)S(=O)(=O)c1ccc(cc1)Oc1ccc(cc1)N=Cc1ccc(cc1)*,tg,110.0,179.7813081605294,189.66581525941027,191.25171737628744,186.89961359874238
*N=P(*)(OCCOCCOCCOC)OCCOCCOCCOC,tg,-66.0,-88.94305073569879,-82.04133362467545,-94.12822865559683,-88.37087100532369
*N1C(=S)N(C(=O)CC1=O)c1ccc(cc1)Oc1ccc(cc1)c1ccc(cc1)Oc1ccc(cc1)*,tg,158.5,171.0016789445905,163.84375708156645,193.02031354881356,175.95524985832353
*N(c1ccc(cc1)c1ccc(cc1)*)c1ccc(cc1)CCCC,tg,180.0,147.89761608768967,148.81664270626217,147.81433472601418,148.17619783998867
*N1C(=O)c2c(C1=O)cc(cc2)NC(=O)Nc1nc(ccc1)NC(=O)Nc1cc2c(C(=O)N(C2=O)c2ccc(cc2)Oc2c(c3c(cc2)cccc3)c2c3c(ccc2Oc2ccc(cc2)*)cccc3)cc1,tg,283.0,250.02474586601286,280.9814711933324,245.5656872292786,258.85730142954134
*OC(C*)COCCCC,tg,-79.0,-80.47160561005101,-80.87994139559487,-76.28253940600575,-79.21136213721722
*N1C(=O)c2c(C1=O)c(ccc2)Oc1ccc(cc1)Oc1c2c(C(=O)N(C2=O)c2cc(ccc2)*)ccc1,tg,259.0,260.97524562132077,259.89540848732673,267.59391099164196,262.8215217000965
*C(C*)(C(=O)OCCCCCCOc1ccc(cc1)C(=O)Oc1ccc2c(c1)oc(=O)cc2)C,tg,102.0,59.208951455324915,64.36394437450366,46.17142656823529,56.581440799354624
*c1cc2c(C(=O)N(C2=O)C2C(=O)N(C(=O)C2)c2ccc(cc2)Cc2ccc(cc2)NC(=O)*)cc1,tg,123.0,196.84717670180655,216.29593261103116,192.82745197492125,201.99018709591965
*Oc1ccc(cc1)NC(=O)c1ccc(cc1)S(=O)(=O)c1ccc(cc1)C(=O)Nc1ccc(cc1)Oc1ccc(cc1)C1(C2CCC(C1)C2)c1ccc(cc1)*,tg,287.0,268.51594320532416,270.5616906386176,272.78218992144735,270.61994125512973
*OC(=O)OCC(C*)OCCCCOc1ccc(cc1)C=Cc1ccc(cc1)[N+](=O)[O-],tg,42.0,49.09254328941754,46.88108706084489,60.493688818128014,52.15577305613015
*N1C(=O)c2c(C1=O)cc(cc2)C(=O)Nc1ccc(cc1)S(=O)(=O)c1ccc(cc1)NC(=O)c1cc2c(C(=O)N(C2=O)CCCCCC*)cc1,tg,198.0,198.44834252066667,192.85537891489636,200.72480986861598,197.34284376805968
*Oc1ccc(cc1)N=C(c1ccc(cc1)Oc1ccc(cc1)c1ccc(cc1)Oc1ccc(cc1)C(=Nc1ccc(cc1)*)c1ccccc1)c1ccccc1,tg,174.0,191.9973810078906,180.13072575261594,188.8708741093936,186.99966028996673
*Oc1ccc(cc1)C1(c2ccccc2c2ccccc12)c1ccc(cc1)OC(=O)OC1C(C(C1(C)C)OC(=O)*)(C)C,tg,214.0,248.24365119768387,236.46596423787776,250.43657880299162,245.0487314128511
*c1cc2c(C(=O)N(C2=O)c2cc(ccc2)C(C(C(c2cc(ccc2)N2C(=O)c3c(C2=O)cc(cc3)C(C(C(*)(F)F)(F)F)(F)F)(F)F)(F)F)(F)F)cc1,tg,151.0,177.8335315292743,181.8254187921951,167.5231954713719,175.7273819309471
*C1C(CC(C1)C=C*)C1CC=CCC1,tg,105.0,88.04165561134442,81.74062807910553,108.04891505422152,92.61039958155716
*Oc1ccc(cc1)S(=O)(=O)c1ccc(cc1)Oc1ccc(cc1)NC(=O)c1cc(cc(c1)NC(=O)c1ccc(cc1)OC(=O)C)C(=O)Nc1ccc(cc1)*,tg,263.0,252.6620451406883,262.27368745372854,242.13442097830725,252.3567178575747
*S(=O)(=O)c1cc(c(cc1)Sc1ccc(cc1)Sc1ccc(cc1)Sc1c(cc(cc1)*)S(=O)(=O)O)S(=O)(=O)O,tg,202.0,175.57529755822043,186.45906866453933,199.7746081042586,187.26965810900614
*C(C*)c1ccc(cc1)B(Oc1c2ncccc2c(cc1)c1ccc(cc1)N(C)C)c1ccc(cc1)C(C)(C)C,tg,230.0,243.7845551763023,242.7278353071773,229.07479000429953,238.52906016259303
*c1cc2c(C(=O)N(C2=O)c2cc(ccc2)C(c2cc(ccc2)N2C(=O)c3c(C2=O)cc(cc3)C(=O)*)(c2ccccc2)C(F)(F)F)cc1,tg,311.0,285.3811086081285,291.63431393897645,260.85011788434775,279.2885134771509
*Oc1ccc(cc1)Oc1ccc(cc1)Oc1ccc(cc1)Oc1ccc(cc1)OC(=O)c1cc(ccc1)C(=O)*,tg,134.0,136.20742236710782,130.99434787547835,138.51119659415318,135.23765561224647
*Nc1ccc(cc1)*,tg,91.75,128.20433519100644,128.09130695975378,115.36237041037673,123.88600418704566
*Oc1c(cc(cc1C)c1cc(c(c(c1)CBr)Oc1ccc(cc1)C(=O)c1ccc(cc1)*)CBr)CBr,tg,163.67,187.22802920261594,161.87396176402189,201.45187196421065,183.51795431028282
*N1C(=O)c2c(C1=O)cc(cc2)Oc1ccc(cc1)c1ccc(cc1)Oc1cc2c(C(=O)N(C2=O)c2ccc(cc2)Oc2cc(ccc2)Oc2ccc(cc2)*)cc1,tg,205.0,197.82754014976067,200.6530168034795,191.85211843544474,196.77755846289494
*C(C*)c1ccc(cc1)C(=O)c1ccccc1,tg,98.0,120.83870120489755,132.44274129113867,123.93345668527971,125.7382997271053
*Oc1ccc(cc1)CC(NC(=O)CCc1ccc(cc1)OC(=O)CCC(=O)*)C(=O)OCc1ccccc1,tg,78.0,82.1675539372733,78.71418040897368,87.51232107086362,82.79801847237019
*NC(=O)c1c(cc(cc1)C(=O)NCCCCCCCCCCCC*)Sc1ccccc1,tg,92.0,92.51649924685182,98.99674180345477,89.18690346596182,93.56671483875614
*OCC(C*)(COC(=O)C(=C)C)CC,tg,72.5,4.704362909434162,-3.4901133752905196,10.98398742526107,4.066078986468238
*Oc1c(cc(cc1)OC(=O)c1ccc(cc1)C(=O)*)C1CCCCC1,tg,206.0,148.86393093581515,158.6121514649098,156.17117649200728,154.54908629757742
*Oc1ccc(cc1)OC(=O)c1c(cc(cc1)c1ccc(cc1)C(=O)*)c1ccccc1,tg,140.0,154.41653679385672,172.67562015708006,161.37059648408763,162.8209178116748
*c1cc2c(C(=O)N(C2=O)C2CC(CC(C2)(CN2C(=O)c3c(C2=O)cc(cc3)C(=O)*)C)(C)C)cc1,tg,275.0,285.9802051969866,280.2644179681492,264.3078461831646,276.8508231161002
*Oc1ccc(cc1)S(=O)(=O)c1ccc(cc1)c1ccc(cc1)S(=O)(=O)c1ccc(cc1)*,tg,278.75,224.69503268553476,243.39922576041647,224.06339605307798,230.7192181663431
*c1cc2c(C(=O)N(C2=O)c2ccc(cc2)c2nc(cc(c2)c2ccc(cc2)OCCCC#N)c2ccc(cc2)N2C(=O)c3c(C2=O)cc(cc3)C(*)(C(F)(F)F)C(F)(F)F)cc1,tg,339.0,300.58403217148265,309.2303854495692,324.68971837516574,311.50137866540587
*NNC(=O)c1cc(cc(c1)NC(=O)c1cc2c(C(=O)N(C2=O)c2ncccc2C)cc1)C(=O)NNC(=O)CC(=O)*,tg,156.3,130.06023259967952,164.22511057773684,137.0922324042733,143.79252519389658
*N1C(=O)c2c(C1=O)cc(cc2)Sc1ccc(cc1)Sc1ccc(cc1)Sc1cc2c(C(=O)N(C2=O)c2ccc(cc2)Sc2sc(cc2)Sc2sc(cc2)Sc2sc(cc2)Sc2ccc(cc2)*)cc1,tg,177.0,221.66730872517388,227.64745936139298,219.50299391316034,222.93925399990906
*OC(COC(=O)c1c(cccc1)C(=O)*)COc1ccc(cc1)N=Nc1ccc(cc1)C#N,tg,105.0,97.266523011623,100.88365819073486,92.15056535886042,96.76691552040609
*Oc1ccc(cc1)C1(c2ccccc2c2ccccc12)c1ccc(cc1)OC1(C(C(C1(F)F)(F)F)(*)F)F,tg,228.0,220.86267857669083,217.74748246398008,222.6445344213719,220.41823182068094
*C1C(CC(C1)C=C*)[Si](C)(C)C,tg,109.0,111.36006643631328,98.22557966368524,79.03629218965706,96.20731276321852
*c1nc2c(nc1c1ccccc1)cc(cc2)Oc1cc2c(nc(c(n2)c2ccc(cc2)*)c2ccccc2)cc1,tg,326.0,303.70694106867535,311.3523634402766,310.8900545266295,308.64978634519383
*Nc1cc(ccc1)NC(=O)Cc1c(cc(c(c1)CC(=O)*)C)C,tg,222.0,187.71168731497124,202.0212545327392,180.77768108388412,190.17020764386484
*c1sc(cc1)*,tg,89.35,124.33956874633878,106.40607469411358,98.00632400978725,109.58398915007986
*C(C*)c1ccc(cc1)CCC,tg,46.75,22.506699302997983,50.44833602203933,42.82357926967848,38.59287153157194
*C(C*)(C(=O)Nc1cc(ccc1)c1oc(nn1)c1ccccc1)C,tg,65.0,198.7152891987341,205.56057158483736,230.00643233220003,211.4274310385905
*C(C*)C(=O)Oc1ccc(cc1)c1ccccc1,tg,105.0,99.28722381196872,101.50840716866972,106.2536806479075,102.34977054284865
*NC(C(=O)*)CCC(=O)OCCCCCCCC,tg,-59.5,-24.347419711770677,-19.50164538204703,-17.228325953173798,-20.35913034899717
*c1cc2C(c3c(c2cc1)ccc(c3)c1c(cc(c(c1)OCCCCCCCC)*)OCCCCCCCC)(CCCCCC)CCCCCC,tg,58.0,78.38163450204237,80.97880016364154,86.122578814552,81.82767116007864
*C(C*)C(=O)NCCC[N+](C)(C)C,tg,78.0,67.74194263378456,96.06319874843079,64.6299722807944,76.14503788766991
*C(C*)c1ccc(cc1)[Si](O[Si](C)(C)C)(O[Si](C)(C)C)C,tg,54.0,72.31412927904056,58.6045033648041,78.86233908615488,69.92699057666651
*N1C(=O)c2c(C1=O)cc(cc2)C(=O)c1cc2c(C(=O)N(C2=O)CCCC(=O)Nc2ccc(cc2)Cc2ccc(cc2)NC(=O)CCC*)cc1,tg,195.0,196.31087719511487,190.55884827991537,191.1165595276108,192.66209500088033
*C(C*)c1c2c(ccc1)cccc2,tg,159.0,151.3161271234724,163.82238800233853,139.5315090827833,151.55667473619806
*N1C(=O)c2c(C1=O)cc(cc2)P(=O)(c1cc2c(C(=O)N(C2=O)c2ccc(cc2)*)cc1)c1ccccc1,tg,366.0,303.2269200713175,301.0958332434378,271.05292675757465,291.7918933574433
*Oc1c(cc(cc1C)C(c1cc(c(c(c1)C)OCC(COc1ccc(cc1)C(c1ccc(cc1)OCC(C*)O)(C)C)O)C)(C)C)C,tg,100.0,114.47083017489518,117.72469503929585,105.56113070814622,112.58555197411242
*C(C*)(C(=O)OCCCCCCCCOc1ccc(cc1)N=Nc1ccc(cc1)C#N)C,tg,35.0,49.9585057115635,58.94425397400178,53.50675917982925,54.13650628846485
*C(C*)(C(=O)OCCCCCC(=O)Oc1ccc(cc1)OC(=O)c1ccc(cc1)OCCC)C,tg,45.0,39.06044842235025,37.444321719743556,33.853271906173404,36.78601401608907
*N(CC*)C(=O)CSC,tg,39.0,28.55533152447378,28.435226795302427,57.11926989634138,38.03660940537253
*Oc1c(cc(cc1c1ccccc1)*)c1c(cccc1)c1ccccc1,tg,211.0,212.9211179286101,206.71021393474416,188.9905244663748,202.8739521099097
*Oc1ccc(cc1)C1(C2CC3CC(CC1C3)C2)c1ccc(cc1)OC(=O)c1ccc(cc1)Oc1ccc(cc1)C1(CCC(CC1)C(C)(C)C)c1ccc(cc1)Oc1ccc(cc1)C(=O)*,tg,197.0,215.80383217771876,213.80301306641562,234.34240985492568,221.31641836635336
*Nc1ccc(cc1)C1(c2ccccc2c2ccccc12)c1ccc(cc1)NC(=O)c1c(cc(cc1)c1cc(c(cc1)C(=O)*)C)C,tg,293.0,266.63540851647946,266.92709611375994,264.50282807781457,266.0217775693513
*N1C(=O)c2c(C1=O)cc(cc2)c1cc2c(C(=O)N(C2=O)c2ccc(cc2)Oc2c(cccc2)Oc2ccc(cc2)*)cc1,tg,241.0,262.13390850911605,259.470882864489,256.64374030911415,259.4161772275731
*OC(CCOC(=O)c1ccc(cc1)c1ccc(cc1)C(=O)*)C,tg,86.83,94.63647536376023,78.36281434558342,80.38257411260483,84.46062127398282
*c1cc2c(C(=O)N(C2=O)c2ccc(cc2)Oc2ccc(cc2)C(=O)c2ccc(cc2)Oc2ccc(cc2)C(=O)c2ccc(cc2)Oc2ccc(cc2)N2C(=O)c3c(C2=O)cc(cc3)C(=O)*)cc1,tg,215.0,224.726236652053,222.78632943899984,225.93043813235937,224.48100140780403
*Oc1c(cc(cc1)Oc1ccc(cc1)C(=O)Nc1ccc(cc1)Cc1ccc(cc1)NC(=O)c1ccc(cc1)*)c1ccccc1,tg,218.0,220.93119274251927,215.40148856492158,221.078019618623,219.13690030868793
*C(C*)OC(=O)c1ccc(cc1)[Si](C)(C)C,tg,125.25,77.46620489094494,73.22598322265776,78.48752435363176,76.39323748907815
*Oc1ccc(cc1)CC(NC(=O)CCc1ccc(cc1)OC(=O)CCCC(=O)*)C(=O)OCc1ccccc1,tg,66.0,68.79957727933761,65.26882280204107,71.11278490797226,68.39372832978364
*N(c1ccc(cc1)/C=C/c1ccc(cc1)/C=C(/C(=O)NC1C(CCCC1)NC(=O)/C(=C/c1ccc(cc1)/C=C/c1ccc(cc1)N(Cc1c(cccc1)C*)CC)/C#N)\C#N)CC,tg,201.0,172.02291907442057,186.75158265002761,166.51440866762798,175.0963034640254
*NC(=O)CCP(=O)(CCC(=O)NCCCCCC*)C,tg,57.5,46.99378755464306,46.91998566342164,40.12903883377698,44.680937350613895
*N1C(=O)c2c(C1=O)cc(cc2)C(=O)Oc1ccc(cc1)C(c1ccc(cc1)OC(=O)CCCCCCCCCCC*)(C)C,tg,93.0,79.55990406081479,83.60513597769042,68.108063956737,77.09103466508073
*OC(=O)c1cc(cc(c1)OCCCCCCOc1ccc(cc1)c1ccc(cc1)OC)C(=O)OCCOCCOCCOCCOCCOCC*,tg,5.0,19.230294095922034,10.567875163779831,10.938768731112678,13.578979330271514
*C1C(C2CC(C1C2)*)CCCC,tg,235.0,125.92421397860294,135.05317500663477,117.35422338755106,126.11053745759625
*C(*)C(=O)OC,tg,80.25,51.158652327123505,63.35995689384268,24.45997819347575,46.32619580481398
*Oc1c(cc(cc1c1ccccc1)*)c1c(c(ccc1)c1ccccc1)c1ccccc1,tg,212.0,228.49528244030213,236.64937025687738,221.92761969502982,229.0240907974031
*C(C*)(C(=O)Oc1c(c(ccc1)C)C)C,tg,120.0,116.39596651425494,124.56921045755533,125.97905183085959,122.31474293422328
*Oc1ccc(cc1)CC(NC(=O)CCc1ccc(cc1)OC(=O)CCCCCCCCC(=O)*)C(=O)OCC,tg,44.0,31.916044670543705,34.50127699475716,28.480908813155317,31.63274349281873
*Oc1ccc(cc1)C(c1ccc(cc1)OC(=S)*)(CC)C,tg,102.0,141.41149868270455,138.14386015108064,138.8616347836308,139.47233120580532
*C(C*)(C(=O)NC(=O)OC(COc1c(cc(cc1Br)S(=O)(=O)c1cc(c(c(c1)Br)OCC(O)C)Br)Br)C)C,tg,45.0,111.74652144329292,113.95177333824353,132.320314139012,119.33953630684948
*Nc1ccc(cc1)C(c1ccc(cc1)NC(=O)c1cc(cc(c1)NC(=O)CCCCCN1C(=O)c2c(C1=O)cccc2)C(=O)*)(C(F)(F)F)C(F)(F)F,tg,225.0,216.92486279685878,220.03502301031256,213.3622291728019,216.77403832665775
*N1C(=O)c2c(C1=O)cc(cc2)Oc1c2c(ccc1)c(ccc2)Oc1cc2c(C(=O)N(C2=O)c2ccc(cc2)C(c2ccc(cc2)*)(C(F)(F)F)C(F)(F)F)cc1,tg,276.0,260.1425496791197,262.9582433500933,262.7321783704797,261.9443237998976
*OC(=O)Nc1c(c(ccc1)NC(=O)OCCN(CC*)c1ccc(cc1)N=Nc1ccc(cc1)[N+](=O)[O-])C,tg,147.0,133.6243634484232,124.52864590394208,120.80762896268533,126.32021277168354
*N1C(=O)c2c(C1=O)cc(cc2)C(c1cc2c(C(=O)N(C2=O)CCN(CC*)c2ccc(cc2)N=Nc2ccc(cc2)[N+](=O)[O-])cc1)(C(F)(F)F)C(F)(F)F,tg,210.0,171.2327457693152,180.46957496295167,175.08576224224782,175.59602765817158
*c1[nH]nc(c1)c1ccc(cc1)Oc1ccc(cc1)C(=O)c1ccc(cc1)Oc1ccc(cc1)*,tg,225.0,244.27419756300714,248.76708370101613,243.2305517873778,245.423944350467
*Oc1ccc(cc1)C(c1ccc(cc1)OC(=O)c1ccc(cc1)C(=O)*)(CC)c1ccccc1,tg,243.0,197.95482484577764,194.5714038294969,211.22925020153187,201.2518262922688
*N1C(=O)c2c(C1=O)cc(cc2)c1cc2c(C(=O)N(C2=O)C2CCC(CC2)CC2CCC(CC2)*)cc1,tg,242.0,254.61672214159952,237.48929624584582,274.17947613211646,255.42849817318725
*C(CCC*)(CC)C,tg,-23.0,-8.362903746643854,-11.816973393475621,-7.8155075144545645,-9.331794884858013
*N1C(=O)c2c(C1=O)cc(cc2)[Si](c1cc2c(C(=O)N(C2=O)c2cc(ccc2)Cc2cc(ccc2)*)cc1)(C)C,tg,238.0,248.44454384354796,257.1665759058849,268.62041798128575,258.07717924357286
*OC(=O)C1CCC(CC1)C(=O)OCCCC*,tg,-10.5,12.187313340856203,11.047264482544875,38.49109511502849,20.575224312809855
*C(C*)(C(=O)OCc1cc(ccc1)Cl)C,tg,18.25,44.56269030328565,41.3288874338601,44.29649988965711,43.39602587560095
*C(C*)(C(=O)OC1COC(OC1)CP(=O)(OCC)OCC)C,tg,-36.0,44.74849564269023,46.96001047515759,56.50482350375747,49.40444320720176
*N1C(=O)c2c(C1=O)cc(cc2)C(=O)Oc1c(cc(cc1)OC(=O)CCCC*)C,tg,75.76,80.86266579731522,93.95271164658723,97.09858969138615,90.6379890450962
*NC(=O)CCCCCCCCCCC*,tg,42.59,38.131682719410016,39.09491293133125,46.472654325218414,41.233083325319896
*C(C*)(C(=O)NC(=O)Oc1ccc(cc1)S(=O)(=O)c1ccc(cc1)O)C,tg,182.0,114.7383552757297,121.14788812923838,122.22014723325381,119.3687968794073
*C(C*)(CC(=O)Oc1ccc(cc1)OCCC)C(=O)Oc1ccc(cc1)OCCC,tg,94.5,85.77566118992625,84.94432746506699,83.46083728820832,84.72694198106718
*Oc1ccc(cc1)C(=O)c1ccc(cc1)Oc1ccc(cc1)C(=O)c1ccc(cc1)Oc1cc(ccc1)Cc1cc(ccc1)*,tg,123.0,135.1444752382446,126.11724143290174,139.46913898355086,133.57695188489907
*OC(=O)c1ccc(cc1)c1ccc(cc1)C(=O)OCC*,tg,60.0,114.4990868339471,115.38809402423688,114.0039780441814,114.63038630078846
*c1cc2c(C(=O)N(C2=O)c2ccc(cc2)C2(CCC(CC2)CC)c2ccc(cc2)NC(=O)*)cc1,tg,312.0,315.0301752907836,320.07274397085337,326.54509283452217,320.5493373653864
*c1sc(cc1SCCCCCCCC)c1ccc(cc1)c1sc(c(c1)SCCCCCCCC)c1ccc(cc1)*,tg,-38.8,26.39233319318047,31.307812176220438,33.734647231719634,30.478264200373513
*[Si](CCCCC*)(c1ccccc1)C,tg,-12.65,-13.838556855301507,-10.683686036491679,-9.96788626070586,-11.496709717499682
*Oc1ccc(cc1)S(=O)(=O)c1ccc(cc1)Oc1ccc(cc1)C(=O)c1ccc(cc1)c1ccc(cc1)C(=O)c1ccc(cc1)*,tg,207.0,223.26824422700193,221.82367370254246,228.00932925157016,224.36708239370486
*OC1C(CCCC1)*,tg,68.0,53.08470536624103,45.43051239316543,67.17674481323525,55.230654190880564
*N1C(=O)C2C(C1=O)CC(c1ccccc21)C1C(=O)N(C(=O)C1)c1cc(cc(c1)C(=O)O)*,tg,249.43,268.87855650359216,264.9943413480522,290.6524118950849,274.84176991557644
*N1C(=O)c2c(C1=O)cc(cc2)P(=O)(c1cc2c(C(=O)N(C2=O)c2ccc(cc2)Oc2ccc(cc2)*)cc1)c1ccccc1,tg,318.0,292.6724073745686,282.44117557397965,303.6092047506484,292.90759589973226
*Oc1ccc(cc1)S(=O)(=O)c1ccc(cc1)Oc1ccc(cc1)NC(=O)c1c(cc(cc1)c1cc(c(cc1)C(=O)Nc1ccc(cc1)*)C)C,tg,251.0,251.77429488450545,256.3597723020052,260.1193609434181,256.08447604330956
*OC(=O)CCCCCNC(=O)CCCCC(=O)NCCCCCC(=O)OCCCC*,tg,-15.0,7.765387627773107,8.966211536380854,2.69213067670544,6.4745766136198
*N1C(=O)c2c(C1=O)cc(cc2)Oc1cc2c(C(=O)N(C2=O)c2cc(ccc2)*)cc1,tg,280.0,282.7143412932398,286.9609087726419,277.7392409097061,282.4714969918626
*c1c(cc(c(c1)C)CC*)C,tg,95.0,118.1358988931967,119.66792603041053,104.83879164921804,114.21420552427509
*S(=O)(=O)C(C*)CC,tg,32.73,35.45231680571984,41.83206977728187,35.23132660471766,37.50523772923979
*OC(=O)CCCCC(=O)OCC(C*)CCCCCCOc1ccc(cc1)N=Nc1ccc(cc1)Br,tg,24.0,22.49355866749854,26.65524560115857,24.12282469879327,24.423876322483462
*Oc1ccc(cc1)C(=O)NNC(=O)c1ccc(cc1)*,tg,256.2,195.09252478494585,205.73027470700006,160.7555199275144,187.1927731398201
*C(C*)(C(=O)OCCCCCCCCCCOc1ccc(cc1)OC(=O)c1ccc(cc1)OC)C,tg,21.0,30.919722201054768,31.06648686850528,30.520723652021612,30.83564424052722
*c1sc(nn1)c1cc(ccc1)OCCCCCCCCCCCOC(=O)c1cc(ccc1)C(=O)OCCCCCCCCCCCOc1ccc(cc1)*,tg,53.5,54.28625666130854,52.831661997375036,60.44363131533189,55.853849991338485
*Nc1ccc(cc1)C(=O)c1ccc(cc1)NC(=O)c1cc(cc(c1)C(C)(C)C)C(=O)*,tg,271.0,279.84312502348564,278.7233256775197,279.0294176438026,279.19862278160264
*Oc1ccc(cc1)NC(=O)CCCCC(=O)Nc1ccc(cc1)*,tg,230.0,161.06042890235267,171.22042233622352,170.34584336479054,167.54223153445557
*C(C*)C(=O)OCCCCCC(=O)Oc1ccc(cc1)c1ccc(cc1)C#N,tg,38.0,39.73412240989544,34.938337970479836,38.56184642842412,37.74476893626646
*[SiH2]C#Cc1cc(ccc1)C#C*,tg,72.0,83.84118999334892,89.86175145555784,94.7712007325794,89.49138072716205
*Oc1ccc(cc1)NC(=O)/C=C/c1ccc(cc1)/C=C/C(=O)Nc1ccc(cc1)*,tg,205.0,205.27442382937951,215.72294512040506,205.4544605223537,208.81727649071277
*Oc1ccc(cc1)C(c1ccc(cc1)OC(=O)/C=C\C(=O)OCC(C*)O)(C)C,tg,32.0,98.69947600109134,102.82936155427421,82.00069385085983,94.50984380207512
*c1cc2c(C(=O)N(C2=O)c2ccc(cc2)Oc2ccc(cc2)N2C(=O)c3c(C2=O)cc(cc3)C(*)O[Si](O[Si](O[Si](C)(C)C)(C)C)(C)C)cc1,tg,167.0,224.58226479481593,220.09888356769162,245.10366777863615,229.9282720470479
*Oc1ccc(cc1)C(=O)OC(COC(COC(COC(=O)c1ccc(cc1)OC(=O)c1ccc(cc1)C(=O)*)C)C)C,tg,36.0,51.724549587831355,52.25612957309893,47.18253745301301,50.38773887131443
*C(C*)C(=O)OC(OCC)C(F)(F)F,tg,5.0,-0.20508426844945585,11.406760080745045,6.905990230644879,6.035888680980157
*Oc1ccc(cc1)c1ccc(cc1)Oc1ccc(cc1)C(c1ccc(cc1)*)(C)C,tg,154.0,189.23263312976016,165.64401234412867,196.53772029300038,183.80478858896308
*SC(*)(F)F,tg,-118.0,-10.771269286951428,31.633464305182898,-31.228748591004788,-3.4555178575911065
*Oc1ccc(cc1)CC(NC(=O)CCc1ccc(cc1)OC(=O)COCCOCC(=O)*)C(=O)OCCCCCCCCCCCC,tg,17.0,15.981331091112782,17.781215533193617,18.630389396633824,17.464312006980073
*c1[nH]nc(c1)c1ccc(cc1)Oc1ccc(cc1)P(=O)(c1ccc(cc1)Oc1ccc(cc1)*)c1ccccc1,tg,296.0,254.41766487551897,255.84523559668764,244.90839167035867,251.72376404752177
*C(C*)CCCCCCCCCCCCCCCCCC,tg,-88.0,-15.506640025266002,-21.61359083261354,-19.994639353967784,-19.038290070615776
*Nc1ccc(cc1)NC(=O)c1c(ccc(c1)c1cc(c(cc1)C(=O)OCC)C(=O)*)C(=O)OCC,tg,231.7,225.8722137952695,216.7232929141711,226.43718235299932,223.01089635414664
*Oc1ccc(cc1)OCC(COC(=O)CCCCC(=O)OCC(C*)O)O,tg,19.0,23.119202037310796,20.562910981006908,24.99872793978739,22.8936136527017
*N1C(=O)C2C(C1=O)CC(CC2)C1CC2C(C(=O)N(C2=O)c2ccc(cc2)Oc2cc(ccc2)Oc2ccc(cc2)*)CC1,tg,215.0,246.64068751697607,232.2846909757252,234.0797180673309,237.66836552001072
*N1C(=O)c2c(C1=O)cc(cc2)Oc1cc2c(C(=O)N(C2=O)c2ccc(cc2)Sc2cc3c(C(=O)N(C3=O)c3ccc(cc3)CC)cc2Sc2ccc(cc2)*)cc1,tg,271.0,241.23501359747803,246.94274855042755,243.8230221043141,244.00026141740656
*Oc1cc(c(cc1)S(=O)(=O)c1c(cc(cc1)Oc1ccc(cc1)C(c1ccc(cc1)*)(C)C)N)N,tg,210.5,204.8670653876467,211.82384261204066,213.7823649494627,210.1577576497167
*Oc1c(cc(c(c1)OC(=O)c1ccc(cc1)OCCCC)OC(=O)CCCC(=O)*)OC(=O)c1ccc(cc1)OCCCC,tg,59.0,44.954881818617174,45.55489110860401,46.429115442813,45.64629612334473
*OC(=O)NNC(=O)CCCCCCCCC(=O)NNC(=O)OCCCC*,tg,56.0,25.398705568238427,29.73584607693195,34.26047930160182,29.798343648924064
*N1C(=O)c2c(C1=O)cc(cc2)c1cc2c(C(=O)N(C2=O)c2ccc(cc2)Oc2c(cc(cc2)Oc2ccc(cc2)*)C(C)(C)C)cc1,tg,274.0,269.66940666316304,278.69460526653205,284.1215261048068,277.49517934483396
*c1cc2c(C(=O)N(C2=O)c2cc(cc(c2)c2oc(nn2)c2ncccc2)N2C(=O)c3c(C2=O)cc(cc3)C(=O)Nc2cc(ccc2)S(=O)(=O)c2cc(ccc2)NC(=O)*)cc1,tg,173.0,306.2497164446198,291.20445389343655,274.73523382307354,290.7298013870433
*N1C(=O)c2c(C1=O)cc(cc2)C(=O)Oc1c(cc(cc1)OC(=O)c1cc2c(C(=O)N(C2=O)CCCOCCCCOCCC*)cc1)c1ccccc1,tg,71.0,62.51033349254624,71.03965108204903,67.01288912055045,66.85429123171524
*c1cc2c(C(=O)N(C2=O)c2ccc(cc2)C(=O)Nc2ccc(cc2)Oc2ccc(cc2)Oc2ccc(cc2)NC(=O)c2ccc(cc2)N2C(=O)c3c(C2=O)cc(cc3)C(*)(C(F)(F)F)C(F)(F)F)cc1,tg,303.0,299.47834850640794,294.83190886496277,304.87140491868706,299.7272207633526
*C(C*)(C(=O)OCC)CF,tg,43.0,55.604608491191215,45.301396809960536,58.95903984994716,53.288348383699635
*Oc1ccc(cc1)C(=C(Cl)Cl)c1ccc(cc1)OC*,tg,108.0,135.67559881139522,128.49063504100002,146.6172103203335,136.92781472424292
*Oc1ccc(cc1)NC(=C(C#N)C#N)c1ccc(cc1)c1ccc(cc1)C(=C(C#N)C#N)Nc1ccc(cc1)*,tg,220.0,265.2157505158402,266.516769583205,264.1595162451107,265.297345448052
*NC(=O)C(C(C(=O)NCCCCCC*)OC)OC,tg,106.0,103.42611775904204,93.40912561768234,101.92128655721504,99.58550997797981
*c1c(nc2c(n1)cc(cc2)S(=O)(=O)c1cc2c(nc(c(n2)c2ccc(cc2)N2C(=O)c3c(C2=O)cc(cc3)C(=O)c2cc3c(C(=O)N(C3=O)c3ccc(cc3)*)cc2)c2ccccc2)cc1)c1ccccc1,tg,240.0,272.1585410401579,276.01786234877085,262.57633783232745,270.25091374041875
*c1cc2c(C(=O)N(C2=O)c2c(c(cc(c2)C(F)(F)F)N2C(=O)c3c(C2=O)cc(cc3)C(=O)Nc2cc(c(cc2)Oc2c(cc(cc2)NC(=O)*)c2ccccc2)c2ccccc2)Oc2ccc(cc2)C(F)(F)F)cc1,tg,312.0,315.04885864601636,296.26215283478547,300.5317210899117,303.94757752357117
*N1C(=O)c2c(C1=O)cc(cc2)C(=O)c1cc2c(C(=O)N(C2=O)CC2CC(CCC2)C*)cc1,tg,213.0,229.6170870111765,218.3106124376701,212.50634664795516,220.14468203226727
*N1C(=O)c2c(C1=O)cc(cc2)c1cc2c(C(=O)N(C2=O)c2cc(ccc2)*)cc1,tg,327.88,347.48362240757837,332.9787453727535,339.87247786288333,340.11161521440505
*NC(=O)c1ccc(cc1)CC(=O)NCCCCC*,tg,103.0,109.32888978143355,109.11156363524005,120.73907630935362,113.05984324200908
*C1C2C(C(=O)N(C2=O)CCCC)C(C1)C=C*,tg,131.0,116.75523870194252,114.14452477995229,115.90268731723708,115.60081693304396
*c1cc2c(oc(n2)c2c(cc(c(c2)OCCCCCCCCCC)c2oc3c(n2)cc(cc3)C(*)(C(F)(F)F)C(F)(F)F)OCCCCCCCCCC)cc1,tg,94.0,108.26470302874253,137.88313342356201,81.65316669870722,109.26700105033724
*N1C(=O)c2c(C1=O)cc(cc2)C(=O)Oc1cc2c(cc1)cc(cc2)OC(=O)c1cc2c(C(=O)N(C2=O)CCCOCCCCOCCC*)cc1,tg,68.0,67.0664472165769,64.80192220411429,77.88618833899604,69.91818591989573
*N1C(=O)c2c(C1=O)cc(cc2)c1cc2c(C(=O)N(C2=O)c2c(ccc(c2)*)C)cc1,tg,341.33,323.0943422905676,341.4690178210571,337.34176003476733,333.96837338213066
*c1oc(nc1)c1cc(c(cc1)Oc1ccc(cc1)C(c1ccc(cc1)Oc1c(cc(cc1)*)C(F)(F)F)(C(F)(F)F)C(F)(F)F)C(F)(F)F,tg,205.0,196.5880325516387,193.49449272903234,195.61984568023522,195.2341236536354
*Oc1ccc(cc1)C(c1ccc(cc1)OC(=S)*)C(CC)CC,tg,148.0,104.30862225544013,101.12533073636303,93.21170485576228,99.54855261585514
*C(C*)OC(=O)c1c(cccc1)Cl,tg,55.75,82.12336954687223,93.50222251694764,75.04403465254005,83.55654223878663
*C(C*)(C(=O)Oc1ccc(cc1)C(=O)Oc1ccc(cc1)OC)C,tg,77.0,108.2601217344179,106.37747675132871,103.92261464051542,106.186737708754
*C(C*)(CC(=O)OCCC1CCCCC1)C(=O)OCCC1CCCCC1,tg,48.0,48.21135791778165,58.23075855980227,21.02200375209833,42.48804007656074
*OC(=O)NNC(=O)CCCCCCCCC(=O)NNC(=O)OCCCCC*,tg,20.0,54.02516243573666,50.90639558156005,57.169989350135054,54.03384912247725
*N1C(=O)c2c(C1=O)cc(cc2)C(=O)c1cc2c(C(=O)N(C2=O)CC2C3C(CC2)C2C(CC3C2)C*)cc1,tg,217.0,244.0103865840096,221.06625477346154,214.68281507398538,226.5864854771522
*C(C*)(C(=O)OCCCCCCCCCCOc1ccc(cc1)N=Nc1ccc(cc1)[N+](=O)[O-])C,tg,55.0,48.53763725089262,51.0684509953243,49.545390260638676,49.7171595022852
*OC(C*)CSCCCCC,tg,-68.0,-64.3659831409393,-76.69773367361884,-67.26785623917259,-69.44385768457691
*c1cc2c(C(=O)N(C2=O)c2ccc(cc2)Cc2ccc(cc2)N2C(=O)c3c(C2=O)cc(cc3)C(CCCCC(*)(C)C)(C)C)cc1,tg,169.9,176.40661305757766,177.7473134441458,174.05116991164437,176.06836547112258
*c1cc2c(C(=O)N(C2=O)c2cc(ccc2)Oc2ccc(cc2)N2C(=O)c3c(C2=O)cc(cc3)C(=O)Nc2cc(ccc2)Oc2ccc(cc2)NC(=O)*)cc1,tg,211.0,232.39352589234358,235.42433172258598,235.75828387545647,234.52538049679535
*Oc1ccc(cc1)C(=O)c1ccc(cc1)OCC(C*)O,tg,130.0,97.86834614621276,91.6268466573333,86.19165945168987,91.89561741841197
*OC(C*)CO,tg,-27.0,9.320367125092986,1.9901404348787253,-3.930208483017438,2.460099692318091
*Oc1ccc(cc1)C(c1ccc(cc1)OC(=S)*)(CC(C)C)C,tg,128.0,150.95597801725324,159.54320834637767,130.8690241121597,147.12273682526353
*Oc1ccc(cc1)C(c1ccc(cc1)OCC(CN(S(=O)(=O)c1ccc(cc1)c1ccc(cc1)S(=O)(=O)N(CC(C*)O)C)C)O)(C)C,tg,101.0,103.70105044190255,110.3983000564638,96.23780137954671,103.44571729263767
*Oc1ccc(cc1)Cc1ccc(cc1)OC(=O)CCCCC(=O)*,tg,60.5,68.59454340726563,69.46731089656971,80.5543032146338,72.87205250615638
*C(C*)c1ccc(cc1)C(C(C(C(C(C(C(F)(F)F)(F)F)(F)F)(F)F)(F)F)(F)F)(F)F,tg,42.0,71.39756170860258,61.27379200725434,54.66887247721758,62.44674206435817
*c1cc2c(C(=O)N(C2=O)c2c(ccc(c2)N2C(=O)c3c(C2=O)cc(cc3)C(=O)Oc2ccc(cc2)C(c2ccc(cc2)OC(=O)*)(C)C)O)cc1,tg,225.0,254.30084004945616,240.96735189998054,269.9181082230072,255.0621000574813
*c1cc2c(C(=O)N(C2=O)c2ccc(cc2)NC(=O)c2cc(ccc2)C(=O)Nc2ccc(cc2)N2C(=O)c3c(C2=O)cc(cc3)C(=O)*)cc1,tg,247.0,280.177779351642,278.12779324922576,280.6869417583867,279.66417145308486
*Oc1c(cc(cc1)C(c1cc(c(cc1)OC(=O)*)Cl)(C)C)C,tg,138.0,140.44030321481233,138.2817857562645,136.22709763893727,138.31639553667137
*Oc1ccc(cc1)C1(c2ccccc2c2ccccc12)c1ccc(cc1)OC(=O)c1ccc(cc1)C(=O)*,tg,285.0,302.85535542367325,299.4328945827997,322.4848861113655,308.2577120392795
*Oc1ccc(cc1)C(c1ccc(cc1)OCC(COC(=O)CCCCC(=O)OCC(C*)O)O)(C)C,tg,37.33,25.52746915037764,35.28004237740409,33.770921880509206,31.52614446943031
*c1sc(cc1)c1sc(cc1)c1sc(cc1)[Si](*)(C)C,tg,45.0,57.929720974494316,59.48432699262946,68.45713796064294,61.95706197592224
*OC(=O)CCCCC(=O)OCC(C*)CCCCCCOc1ccc(cc1)N=Nc1ccc(cc1)C,tg,29.0,16.38080943081505,16.641853078667054,14.43680775043982,15.819823419973973
*Oc1c(cc(cc1)OC(=O)c1cc(ccc1)Sc1ccc(cc1)OC(=O)c1ccc(cc1)C(=O)Oc1ccc(cc1)Sc1cc(ccc1)C(=O)*)C,tg,106.5,140.2293181790772,137.17859627288698,134.30974782342992,137.2392207584647
*NNC(=O)c1cc(cc(c1)NC(=O)c1cc2c(C(=O)N(C2=O)c2ncc(cc2)C)cc1)C(=O)NNC(=O)C(=O)*,tg,146.4,143.39839438880645,108.78432247144346,134.36086775061966,128.84786153695651
*Oc1ccc(cc1)C(=O)OC(=O)c1ccc(cc1)OCOC*,tg,57.0,78.652397342047,74.3482713688373,67.74890875601791,73.58319248896741
*Oc1c(cc(cc1C)*)C(CCCCCCCC)C,tg,20.0,47.113645073270376,54.95799687072132,62.24859865305602,54.77341353234923
*N1C(=O)c2c(C1=O)cc(cc2)Oc1cc2c(C(=O)N(C2=O)c2cc(ccc2)C(c2cc(ccc2)*)O[Si](O[Si](O[Si](C)(C)C)(C)C)(C)C)cc1,tg,219.0,206.477284021064,200.46847881703533,207.53060759519977,204.82545681109968
*c1nc(c(nc1c1ccc(cc1)NC1C(=O)N(C(=O)C1)c1ccc(cc1)c1sc(c(c1c1ccccc1)c1ccccc1)c1ccc(cc1)N1C(=O)C(CC1=O)Nc1ccc(cc1)*)C#N)C#N,tg,231.0,222.52411407516018,228.45676855814094,214.46675398417594,221.81587887249236
*c1cc2c(C(=O)N(C2=O)c2ccc(cc2)Oc2ccc(cc2)N2C(=O)c3c(C2=O)cc(cc3)C(=O)c2ccc(cc2)Oc2ccc(cc2)c2ccc(cc2)Oc2ccc(cc2)C(=O)*)cc1,tg,233.0,232.59638252235806,230.35397647890562,233.4900578266816,232.14680560931507
*c1cc2c(C(=O)N(C2=O)c2ccc(cc2)Oc2ccc(cc2)C2(c3c(C(=O)N2)cccc3)c2ccc(cc2)Oc2ccc(cc2)N2C(=O)c3c(C2=O)cc(cc3)C(=O)Nc2ccc(cc2)Oc2cc(ccc2)Oc2ccc(cc2)NC(=O)*)cc1,tg,288.0,275.77577106382364,275.5104585354633,261.95889472209063,271.08170810712585
*C(C*)c1cc(c(cc1)Cl)Cl,tg,128.0,127.02406685395268,129.92656694980437,129.3475494601001,128.76606108795238
*N1C(=O)N(C(=O)C1=O)c1c(ccc(c1)N1C(=O)N(C(=O)C1=O)c1ccc(cc1)CCc1c(cccc1)*)C,tg,255.0,222.45879296069972,231.4554168322573,204.64521970222665,219.51980983172788
*C(C(CC*)(F)F)(F)F,tg,-108.0,7.440028754855716,3.108769710805973,3.5968243423343176,4.715207602665335
*c1sc(cc1CCCC)*,tg,53.58,27.750299174292074,54.747474298588,27.37777494728664,36.62518280672224
*c1n(nc(c1)c1ccc(cc1)Oc1ccc(cc1)C(=O)c1ccc(cc1)C(=O)c1ccc(cc1)Oc1ccc(cc1)*)c1ccccc1,tg,205.0,210.97728942665566,217.7125023878138,234.77646484515773,221.1554188865424
*c1cc2c(C(=O)N(C2=O)c2ccc(cc2)OCCOc2ccc(cc2)N2C(=O)c3c(C2=O)cc(cc3)C(*)(C(F)(F)F)C(F)(F)F)cc1,tg,254.0,230.79972075093184,221.24460365056586,237.83924985714194,229.96119141954657
*c1oc(cc1)C(c1oc(cc1)CNC(=O)OCc1oc(cc1)COC(=O)NC*)(C)C,tg,44.8,56.057003811597596,59.454365193562566,45.96429425866649,53.82522108794222
*N1C(=O)c2c(C1=O)cc(cc2)c1cc2c(C(=O)N(C2=O)CCCCCCOC(=O)CCCCCCCCCCN2C(=O)c3c(C2=O)cc(cc3)c2ccc(cc2)c2cc3c(C(=O)N(C3=O)CCCCCCCCCCC(=O)OCCCCCC*)cc2)cc1,tg,45.0,81.29792910643148,82.6055007578924,71.33201143775342,78.41181376735909
*Nc1ccc(cc1)NC(=O)c1cc(cc(c1)S(=O)(=O)c1ccccc1)C(=O)*,tg,308.0,286.6212586826083,286.5469792371694,297.01243563902193,290.0602245195999
*O[Si](O[Si](c1ccc(cc1)[Si](*)(C)C)(C)C)(C=C)C=C,tg,-71.0,-17.779596861952665,-18.22156516862239,-21.12949499731416,-19.04355234262974
*C(C*)(C(=O)Nc1ccc(cc1)C(=O)C=Cc1ccc(cc1)OC)C,tg,35.0,127.06635812235956,148.82624996425415,115.71101541391313,130.53454116684227
*C(C(*)(F)F)(C(F)(F)F)F,tg,158.5,16.211026810127162,31.435137971384194,18.31752292986091,21.987895903790758
*Nc1ccc(cc1)NC(=O)Cc1c(cc(c(c1)C)CC(=O)*)C,tg,175.0,197.49727914294849,201.9761855326811,199.92721022365663,199.80022496642871
*Oc1ccc(cc1)CC(NC(=O)Cc1ccc(cc1)OC(=O)CCC(=O)*)C(=O)OCCCCCCCC,tg,51.0,56.235607356419095,55.400122110125295,53.37376357023455,55.00316434559298
*c1cc2c(C(=O)N(C2=O)c2ccc(cc2)Oc2cc(ccc2)Oc2ccc(cc2)N2C(=O)c3c(C2=O)cc(cc3)C(*)(C(F)(F)F)C(F)(F)F)cc1,tg,247.67,237.4354677528319,241.26204999754276,245.41096574278188,241.36949449771885
*c1cc2c(C(=O)N(C2=O)c2ccc(cc2)N(c2ccc(cc2)N2C(=O)c3c(C2=O)cc(cc3)C(=O)*)c2ccccc2)cc1,tg,270.0,306.46805711513935,316.14724705769333,323.17739961563205,315.2642345961549
*N1C(=O)c2c(C1=O)cc(cc2)C(=O)Oc1cc2c(cc1)cc(cc2)OC(=O)c1cc2c(C(=O)N(C2=O)CC(CCC*)C)cc1,tg,130.0,141.57341030291866,138.82434986590667,139.00744600943187,139.80173539275242
*OCc1ccc(cc1)C*,tg,217.0,55.43235709528316,56.476760608758966,64.64106238019123,58.85006002807779
*c1cc2c(C(=O)N(C2=O)c2cc(ccc2)Cc2ccc(cc2)Cc2ccc(cc2)N2C(=O)c3c(C2=O)cc(cc3)C(=O)*)cc1,tg,317.0,270.3688098596662,264.3846403810151,269.2029174900018,267.9854559102277
*OC(=O)CC(CC*)C,tg,-71.5,-5.070419509738722,-9.482376191139423,-16.5510555943914,-10.367950431756514
*C(C*)C(=O)OCCCCCC,tg,-57.0,-64.16213798445722,-66.43769319626603,-60.200730405448205,-63.60018719539048
*OC(=O)Nc1ccc(cc1)Cc1ccc(cc1)NC(=O)OCCCCCCC*,tg,84.0,72.8758759589626,73.27376047472166,75.61176721053798,73.9204678814074
*C(C*)c1c(cccc1)COCCCCCCCC,tg,13.0,22.985665772523063,23.328414322434682,14.547348840981542,20.28714297864643
*OC(COC(=O)*)C,tg,31.72,-1.3733591441895174,3.3925756383784176,-19.792178981070755,-5.924320828960618
*N1C(=O)c2c(C1=O)c(ccc2)Oc1c(c(cc(c1)C(C)(C)C)C(C)(C)C)Oc1c2c(C(=O)N(C2=O)c2ccc(cc2)Oc2ccc(cc2)c2ccc(cc2)Oc2ccc(cc2)*)ccc1,tg,237.0,240.12428323474904,241.5821153738092,236.13209351743848,239.27949737533223
*c1nc2c(c(c1)c1ccccc1)cc(cc2)C1(c2ccccc2C(=O)c2ccccc12)c1cc2c(nc(cc2c2ccccc2)c2ccc(cc2)c2ccc(cc2)*)cc1,tg,350.0,385.8847892601183,392.11569499549137,386.95722327898045,388.3192358448634
*OC(=O)Nc1c(ccc(c1)NC(=O)OCCN(CC*)c1ccc(cc1)N=Nc1ccc(cc1)[N+](=O)[O-])C,tg,144.0,139.3858743996062,136.25956313245592,142.09827329680263,139.2479036096216
*NC(=O)CCCCC*,tg,48.52,51.29246932897253,42.526242721083975,54.088813751778325,49.30250860061161
*OCC(C*)(CSC)CSC,tg,-6.0,-28.016116836855574,-37.255267515285766,-21.82870679663902,-29.033363716260123
*N1C(=O)c2c(C1=O)c(ccc2)Oc1ccc(cc1)Oc1c2c(C(=O)N(C2=O)c2ccc(cc2)Oc2cc(ccc2)Oc2ccc(cc2)*)ccc1,tg,214.0,211.45942041114128,216.195743993546,212.5520035249871,213.40238930989145
*Oc1cc(ccc1)NC(=O)c1ccc(cc1)[Si](c1ccc(cc1)C(=O)*)(C)C,tg,220.0,206.7583173431095,205.84825999781916,219.20290259592525,210.6031599789513
*Oc1cc(ccc1)NC(=O)c1cc(cc(c1)C(C(C(C(F)(F)F)(F)F)(F)F)(F)F)C(=O)Nc1ccc(cc1)*,tg,230.0,239.01467720005488,229.17817214215978,226.74380941227656,231.64555291816373
*c1cc2c(C(=O)N(C2=O)c2ccc(cc2)C(=O)c2ccc(cc2)Cc2cc(ccc2)N2C(=O)c3c(C2=O)cc(cc3)C(=O)*)cc1,tg,254.0,278.6491385801688,285.09403292608283,280.6772674946152,281.4734796669556
*C(C*)c1ccc(cc1)COc1ccc(cc1)c1ccc(cc1)C#N,tg,124.0,124.25539468356011,122.84130349747778,125.1741223074398,124.09027349615923
*C(C*)C(=O)NC(CC(=O)C)(C)C,tg,86.0,95.31737034854304,87.23077295181051,78.20402897209148,86.91739075748167
*C1OC(C(C(C1O)O)O*)CO,tg,144.0,176.92478351625041,184.78082144793203,179.3648408297583,180.3568152646469
*C(C*)C(=O)Oc1ccc(cc1)C(=O)c1ccc(cc1)Cl,tg,78.0,122.10156843945691,113.05762934428896,109.09055009388456,114.74991595921013
*N1C(=O)c2c(C1=O)c(ccc2)c1cc2c(C(=O)N(C2=O)c2ccc(cc2)OCCCCCOc2ccc(cc2)*)cc1,tg,208.0,185.77040631675348,177.2187013137863,178.38536620366938,180.4581579447364
*c1cncc(c1)C(=O)NNC(=O)c1ccc(cc1)[Si](c1ccc(cc1)C(=O)NNC(=O)*)(c1ccccc1)c1ccccc1,tg,234.0,245.17213603292709,243.0472681117249,243.80213731738272,244.00718048734493
*c1cc2c(C(=O)N(C2=O)c2ccc(cc2)C(=O)OCCCCCCCCOC(=O)*)cc1,tg,65.0,67.43366418681524,77.9988791142386,67.1261362689507,70.85289319000151
*OC(=O)c1cc2c(cc1)cc(cc2)C(=O)OCCCCCCCCCCC*,tg,39.0,36.04836927572582,38.61764739330721,21.51806500247431,32.06136055716911
*C1CC2CC(CC(C1)O2)OC(=O)Oc1ccc(cc1)C(c1ccc(cc1)OC(=O)O*)(C)C,tg,194.0,171.79962698084225,160.06140016419204,173.9139894829191,168.5916722093178
*C1C(CC(C1)C=C*)(CCC)C#N,tg,108.0,121.24429185411641,129.18986099447912,133.58624068352833,128.0067978440413
*N1C(=O)c2c(C1=O)c(ccc2)c1cc2c(C(=O)N(C2=O)c2cc(ccc2)C(=O)Nc2ccc(cc2)Oc2ccc(cc2)c2ccc(cc2)Oc2ccc(cc2)NC(=O)c2cc(ccc2)*)cc1,tg,275.0,279.66119901285424,275.1797953519168,269.0679569909804,274.6363171185838
*N(CCCNC(=O)CCCCC(=O)NCCC*)C,tg,5.0,29.269729934376663,24.80934962378207,31.34620796089128,28.475095839683338
*C(CCCCC*)CC,tg,-73.0,-69.85842669214972,-51.046954651719886,-75.13884765754014,-65.34807633380325
*Oc1ccc(cc1)S(=O)(=O)c1ccc(cc1)Oc1ccc(cc1)c1ccc(cc1)c1ccc(cc1)*,tg,251.0,221.89484574430674,235.55407695336163,223.87129949940987,227.1067407323594
*N1C(=O)c2c(C1=O)cc(cc2)Oc1cc2c(C(=O)N(C2=O)c2ccc(cc2)Sc2cc3c(C(=O)N(C3=O)CCc3ccccc3)cc2Sc2ccc(cc2)*)cc1,tg,218.0,255.5911453667822,246.333860427265,258.0110700677611,253.31202528726945
*Oc1ccc(cc1)NC(=O)c1ccc(cc1)[Si](c1ccc(cc1)C(=O)*)(c1ccccc1)c1ccccc1,tg,235.0,219.23532425763406,242.0553254397153,252.58951591880253,237.96005520538395
*Oc1ccc(cc1)OC(=O)Oc1ccc(cc1)C(=O)*,tg,74.0,121.42674972471725,128.40833962644496,128.810461767768,126.21518370631007
*OC(=O)c1ccc(cc1)C(=O)OCC1CC(CCC1)C*,tg,75.0,78.84134349558272,73.89954624833815,81.58781123526362,78.1095669930615
*Oc1ccc(cc1)Oc1ccc(cc1)NC(=O)c1cc(cc(c1)NC(=O)c1ccc(cc1)OC(=O)C)C(=O)Nc1ccc(cc1)*,tg,251.0,254.0103429101183,257.5685970423857,249.3349571617542,253.63796570475276
*N1C(=O)c2c(C1=O)cc(cc2)C(c1cc2c(C(=O)N(C2=O)CCN(CC*)c2ccc(cc2)C=Cc2ccc(cc2)[N+](=O)[O-])cc1)(C(F)(F)F)C(F)(F)F,tg,219.0,186.04856377914692,194.78645114115307,177.69695853617205,186.17732448549066
*Nc1c(ccc(c1)NC(=O)C(=O)*)C,tg,-54.65,193.89818553233178,216.04757631727642,193.05622170865877,201.000661186089
*C(C*)c1ccc(cc1)COCCC(C(C(C(C(C(C(C(F)(F)F)(F)F)(F)F)(F)F)(F)F)(F)F)(F)F)(F)F,tg,53.33,42.028505288154975,22.685981297615,47.18213056449084,37.298872383420274
*Oc1ccc(cc1)C(c1ccc(cc1)OCC(CN(CC(C*)O)CCO)O)(C)C,tg,79.0,48.15979577897564,54.54369565643391,37.770853614753904,46.82478168338781
*OC(=O)c1ccc(cc1)c1ccc(cc1)C(=O)OCCCCCC*,tg,52.0,49.513156923086164,46.08553889651178,39.83109529302902,45.143263704208984
*NC(=O)c1cc(ccc1)C(=O)NCCCC1(c2ccccc2c2ccccc12)CCC*,tg,175.0,154.99306894500958,157.87318232944403,152.94122046203194,155.26915724549517
*Oc1ccc(cc1)N=C(c1ccc(cc1)Oc1ccc(cc1)C(c1ccc(cc1)Oc1ccc(cc1)C(=Nc1ccc(cc1)*)c1ccccc1)(c1ccccc1)c1ccccc1)c1ccccc1,tg,177.0,181.99009478190493,191.45432025055084,179.20228832656076,184.21556778633885
*c1oc(nn1)c1ccc(cc1)Oc1ccc(cc1)c1c(cc(c(c1)OCCCCCC)c1ccc(cc1)Oc1ccc(cc1)*)OCCCCCC,tg,103.0,117.10387439158279,137.53179184452898,101.70807333276878,118.78124652296019
*c1cc2c(C(=O)N(C2=O)c2ccc(cc2)Oc2ccc(cc2)N2C(=O)c3c(C2=O)cc(cc3)C(=O)Oc2c(cc(cc2)OC(=O)*)C(C)(C)C)cc1,tg,189.0,198.26848538824174,207.3139971183278,210.487480805998,205.3566544375225
*N1C(=O)C(CC1=O)(SCCOCCSC1(C(=O)N(C(=O)C1)CCCCCCN1C(=O)C(C(C1=O)C)SCCOCCSC1C(=O)N(C(=O)C1C)CCCCCC*)C)C,tg,78.0,73.5490538846503,66.24945746753012,70.61919362674003,70.13923499297347
*C(C*)c1ccc(cc1)CCCCCCCCCCCC,tg,-52.0,-39.146204361960415,-24.483472368552867,-22.919314726223572,-28.849663818912287
*N1CCN(CC1)C(=O)c1cc(ccc1)C(=O)*,tg,214.5,157.6791949803884,159.67242031468876,171.458814629052,162.93680997470972
*c1cc2c(oc(n2)c2ccc(cc2)Oc2ccc(cc2)C(c2ccc(cc2)Oc2ccc(cc2)c2oc3c(n2)cc(cc3)C(*)(C(F)(F)F)C(F)(F)F)(C(F)(F)F)C(F)(F)F)cc1,tg,230.67,280.0571274030565,286.7223015979278,302.08934919333933,289.6229260647745
*Oc1ccc(cc1)NC(=O)c1cc(cc(c1)NC(=O)c1ccc(cc1)OC(=O)C)C(=O)Nc1ccc(cc1)Oc1ccc(cc1)C(c1ccc(cc1)*)(C)C,tg,243.0,228.69131954875988,233.12818886802444,222.7512520173743,228.19025347805288
*c1cc2c(C(=O)N(C2=O)c2ccc(cc2)C(=O)c2ccc(cc2)Cc2ccc(cc2)C(=O)c2ccc(cc2)N2C(=O)c3c(C2=O)cc(cc3)C(=O)*)cc1,tg,285.5,280.7297395088159,272.0780436844539,273.7765018711151,275.52809502146164
*c1c(nc2c(n1)cc(cc2)Oc1ccc(cc1)NC(=O)c1cc(cc(c1)N1C(=O)c2c(C1=O)c(c(c(c2Cl)Cl)Cl)Cl)C(=O)Nc1ccc(cc1)Oc1cc2c(nc(c(n2)c2ccc(cc2)Oc2ccc(cc2)*)c2ccccc2)cc1)c1ccccc1,tg,295.0,302.1754649695491,301.36730498548366,291.9740659323785,298.5056119624704
*OC(=O)Nc1c(ccc(c1)NC(=O)OCCN(CC*)c1ccc(cc1)N=Nc1c(cc(cc1)[N+](=O)[O-])C)C,tg,137.0,142.59102516743422,141.67973910623797,144.440487107736,142.90375046046938
*N1C(=O)c2c(C1=O)cc(cc2)c1cc2c(C(=O)N(C2=O)c2ccc(cc2)c2ccc(cc2)NC(=O)c2cc(ccc2)C(=O)Nc2ccc(cc2)c2ccc(cc2)*)cc1,tg,230.0,270.40931102484046,263.8093294636963,270.37065787656314,268.1964327883666
*Nc1ccc(cc1)c1ccc(cc1)NC(=O)c1ccc(cc1)NC(=O)c1ccc(cc1)[Si](c1ccc(cc1)C(=O)Nc1ccc(cc1)C(=O)*)(C)C,tg,320.0,296.98982547534746,299.34454771068545,291.81476714022403,296.04971344208565
*Nc1c(cc(cc1)NC(=O)c1ccc(cc1)NC(=O)CCCCCCCCCCCCC(=O)Nc1ccc(cc1)C(=O)*)C(=O)OCCCCCCCCCCCCCCCCCC,tg,191.0,256.9488697940889,254.1454366067066,246.8661254440214,252.65347728160563
*N1C(=O)c2c(C1=O)cc(cc2)c1cc2c(C(=O)N(C2=O)c2ccc(cc2)C2(c3ccccc3c3ccccc23)c2ccc(cc2)*)cc1,tg,388.0,381.70531322598305,372.7649879305882,359.9367195121528,371.4690068895747
*N1C(=O)c2c(C1=O)cc(cc2)c1cc2c(C(=O)N(C2=O)c2cc(ccc2)Oc2c(ccc(c2)Oc2cc(ccc2)*)P(=O)(c2ccccc2)c2ccccc2)cc1,tg,234.0,222.61700575147054,231.92847231631941,207.0498172378837,220.53176510189124
*C(C*)c1cc(c(cc1)C)C,tg,106.0,112.85406958033471,114.87609503306305,91.54727232959814,106.42581231433196
*C(C*)(CC(=O)OCC1CCCCC1)C(=O)OCC1CCCCC1,tg,83.0,70.64639552976968,67.91607817923503,71.88799327916672,70.1501556627238
*O[Si](c1c2ccc3ccc(c4ccc(cc1)c2c34)[Si](*)(C)C)(C)C,tg,65.0,135.83342833824264,90.50586399055183,105.73079866984786,110.69003033288078
*OC(=O)CCCCCCCCC(=O)OCC#CC(=Cc1ccc(cc1)C#Cc1ccc(cc1)C=C(C#Cc1ccccc1)C#Cc1ccccc1)C#CC*,tg,60.0,72.57132445376638,30.454427456694788,79.06792086540374,60.6978909252883
*O[Si](*)(CCCOc1ccc(cc1)C(=O)Oc1ccc(cc1)c1ccc(cc1)OC(=O)c1cc(c(c(c1)OCCCCC)OCCCCC)OCCCCC)C,tg,48.67,44.18076865391283,36.763919879938996,25.133712464626846,35.359466999492895
*C1C(=O)N(C(=O)C1C(C*)OC)c1ccc(cc1)N(C)C,tg,221.0,203.68587930480666,190.10007960776147,214.30008472701982,202.69534787986265
*Oc1ccc(cc1)NC(=O)NC1CC(CC(C1)(CNC(=O)Nc1ccc(cc1)*)C)(C)C,tg,274.0,203.0796005707408,201.94899687620153,182.40816395770705,195.8122538015498
*[Si](CCC*)(O[Si](CCCOc1ccc(cc1)C#N)(C)C)C,tg,-45.5,-12.629629564684977,-22.73600716883314,-16.608394903752625,-17.32467721242358
*N(c1ccc(cc1)C(=O)c1ccc(cc1)N(CCCCCCCC*)C)C,tg,50.0,74.70870458068516,70.46246883205329,68.62910573875192,71.26675971716345
*C(CC(C*)c1ccc(cc1)Cl)(C#N)C#N,tg,150.0,137.72553830741373,139.42402938510298,140.8372677086616,139.3289451337261
*c1n(c(nn1)c1ccc(cc1)Oc1ccc(cc1)C(c1ccc(cc1)Oc1ccc(cc1)*)(C(F)(F)F)C(F)(F)F)c1ccc(cc1)S(=O)(=O)C,tg,226.0,211.31041173395727,212.19137524653684,217.94025383158157,213.81401360402523
*Oc1c(cc(c(c1)OC(=O)c1ccc(cc1)OCCCCC)OC(=O)CCCC(=O)*)OC(=O)c1ccc(cc1)OCCCCC,tg,44.0,54.79142105547586,50.95082655188875,48.36398021769611,51.36874260835358
*c1cc2c(C(=O)N(C2=O)c2cc(cc(c2)C(F)(F)F)Oc2c(cc(cc2C)c2cc(c(c(c2)C)Oc2cc(cc(c2)C(F)(F)F)N2C(=O)c3c(C2=O)cc(cc3)C(=O)*)C)C)cc1,tg,265.4,273.4070030015269,264.19577940172456,262.30610278259786,266.6362950619498
*OP(=O)(OCCOc1ccc(cc1)S(=O)(=O)c1ccc(cc1)OCC*)Oc1ccc(cc1)OC,tg,52.0,53.305023872691464,55.83650868942064,53.965313924559055,54.36894882889038
*OP(=O)(Oc1ccc(cc1)c1ccc(cc1)*)Oc1ccccc1,tg,112.0,108.11413077481657,92.80601517198431,96.6064574741621,99.17553447365434
*Oc1ccc(cc1)OCc1ccc(cc1)COc1ccc(cc1)OCCCCCCCCCCCC*,tg,24.0,37.47586912751277,30.87937544865106,45.60112935874498,37.98545797830294
*C(C*)[Si](C)(C)C,tg,147.0,16.298477005139226,31.553950567569203,22.10756912696167,23.319998899890034
*C1C(=O)N(C(=O)C1*)CCCCCCOc1ccc(cc1)c1ccc(cc1)C#N,tg,76.0,90.49014131745098,80.79303690219928,82.54936357095364,84.61084726353464
*c1nc2c(nc1)ccc(c2)c1ccc2c(nc(cn2)c2ccc(cc2)Oc2ccc(cc2)Oc2ccc(cc2)Oc2ccc(cc2)*)c1,tg,216.0,238.55861405160616,233.19083524945341,232.46581121263827,234.73842017123263
*Nc1cc(ccc1)NC(=O)CCCCC(=O)Nc1cc(ccc1)NC(=S)NC(=O)c1ccc(cc1)C(=O)NC(=S)*,tg,241.0,246.4075379133945,240.29934262567775,242.6380955600935,243.11499203305524
*Oc1ccc(cc1)C1(CC2C(CC1)CCCC2)c1ccc(cc1)Oc1ccc(cc1)C(=O)c1cc(ccc1)C(=O)c1ccc(cc1)*,tg,194.0,210.8076886834001,214.35357972449603,215.89485623669094,213.68537488152901
*C(C*)(C(=O)OCc1c(ccc(c1)F)F)C,tg,50.0,81.61399967533062,97.89751369387591,66.55411343216174,82.02187560045608
*C(C*)C(=O)OC([2H])([2H])[2H],tg,25.75,46.84233005393892,50.00078971030338,36.104831567956275,44.31598377739953
*C(C*)OCCCCCC,tg,-75.5,-70.60604160353077,-65.81353556684275,-59.9044012301742,-65.44132613351591
*Oc1ccc(cc1)C=Cc1c(cc(c(c1)OCCCCCCCC)C=Cc1ccc(cc1)OCCCCCCCC*)OCCCCCCCC,tg,130.0,44.96836589684524,58.06760431145838,51.144479992864476,51.393483400389364
*N1C(=O)c2c(C1=O)cc(cc2)S(=O)(=O)c1cc2c(C(=O)N(C2=O)c2cc(ccc2)c2cc(cc(c2)C(=O)Nc2ccc(cc2)OC(=O)c2cc(c(c(c2)OCCCCCCCCCCCC)OCCCCCCCCCCCC)OCCCCCCCCCCCC)c2cc(ccc2)*)cc1,tg,268.0,186.88248405647838,190.23673453775302,191.0526661828211,189.3906282590175
*OC(=O)C1CCC(CC1)C(=O)OCCOCC*,tg,-10.15,4.142155531458596,-6.984448697857033,3.7678600430922655,0.3085222922312762
*C(C*)(C(=O)Oc1cc(c(cc1)[N+](=O)[O-])C)C,tg,101.0,116.21930372585952,98.63695943611765,107.61923710638497,107.49183342278737
*O[Si](O[Si](O[Si](OC(CCC(*)C)C)(C)C)(C)C)(C)C,tg,-90.0,-97.3597035319759,-92.635834634557,-91.58724381353265,-93.86092732668851
*c1oc(cc1)COC(=O)NCCCCCCNC(=O)OC*,tg,33.0,34.87564906374222,41.58723266483112,37.373159699109294,37.94534714256088
*Oc1c(cc(cc1)OCCCCCC(=O)NNC(=O)c1ccc(cc1)C(=O)NNC(=O)CCCCC*)C,tg,110.5,121.27895232987507,102.95851142526021,125.40822290239406,116.54856221917645
*c1cc2C(c3c(c2cc1)ccc(c3)C(=Cc1cc(cc(c1)N(c1ccccc1)c1ccccc1)C=C(*)C#N)C#N)(CCCCCCCC)CCCCCCCC,tg,136.0,147.21899882948878,123.75080961279514,142.84896084310486,137.93958976179627
*N1CCN(CC1)C(=O)CCC1(c2ccccc2c2ccccc12)CCC(=O)*,tg,145.0,154.05924472462695,167.86592775048035,148.90937981065042,156.94485076191924
*Nc1ccc(cc1)NC(=O)CCCC(=O)*,tg,135.0,147.1933652455722,161.26962153848106,154.87123369168668,154.44474015857998
*c1cc2C(c3c(c2cc1)ccc(c3)c1c(cc(c(c1)CCCCCCCC)*)CCCCCCCC)(CCCCCC)CCCCCC,tg,74.5,76.64656201722973,77.43867332351655,65.93220927141917,73.33914820405515
*NC(=O)CC(=O)NCCCCCC*,tg,50.0,74.28861866691959,62.86589869274442,84.40562020331704,73.85337918766034
*c1cc2c(C(=O)N(C2=O)c2c(cccc2)Oc2ccc(cc2)N2C(=O)c3c(C2=O)cc(cc3)C(=O)*)cc1,tg,286.0,256.53799048580646,269.58135432653444,270.30589391597,265.4750795761036
*c1cc2c(C(=O)N(C2=O)c2ccc(cc2)c2sc(c(c2c2ccccc2)c2ccccc2)c2ccc(cc2)N2C(=O)c3c(C2=O)cc(cc3)C(=O)Nc2ccc(cc2)NC(=O)*)cc1,tg,333.0,288.6178782495172,291.44027883759065,296.29388488975525,292.11734732562104
*N1C(=O)c2c(C1=O)cc(cc2)c1cc2c(C(=O)N(C2=O)c2ccc(cc2)C(c2ccc(cc2)*)c2ccccc2)cc1,tg,315.0,291.2755985528458,313.52359683236136,297.3312016077933,300.7101323310001
*c1c(nc2c(c1c1ccccc1)cc(cc2)c1cc2c(nc(c(c2c2ccccc2)c2ccc(cc2)Oc2ccc(cc2)*)c2ccccc2)cc1)c1ccccc1,tg,307.5,313.3153274179757,328.31013703759595,310.33971068205665,317.3217250458761
*C1OC(=O)C(C1)CCC1C(=O)OC(C1)CCCCCC*,tg,37.9,54.84057216251316,35.025856427669595,62.54284313098293,50.803090573721896
*Oc1ccc(cc1)C(c1ccc(cc1)OC(=O)SCCCCCCSC(=O)*)(C)C,tg,58.0,40.99276979001611,47.22167031204205,50.759972935215984,46.32480434575805
*c1nc2c(cc1)cccc2OC(=O)c1ccc(cc1)C(=O)Oc1c(c2c(cc1)cccc2)C=C*,tg,175.0,196.9103930473542,165.34686785633633,201.6151803364504,187.9574804133803
*Oc1ccc(cc1)C1(c2ccccc2c2ccccc12)c1ccc(cc1)OCCOC(=O)C1CCC(CC1)C(=O)OCC*,tg,148.0,108.9020032253586,112.27238859247556,101.6561281226313,107.61017331348849
*Oc1ccc(cc1)C(c1ccc(cc1)OC(=O)OC1C(C(C1(C)C)OC(=O)*)(C)C)(C(F)(F)F)C(F)(F)F,tg,142.0,118.82699679363192,128.48437729728147,127.65862592785432,124.9900000062559
*C(C*)c1c(cccc1)C(=O)Nc1ccccc1,tg,191.0,187.1784393757735,173.42479283694956,192.8605355589191,184.4879225905474
*C(=C*)C([Si](CCCCCC)(C)C)CCC,tg,40.0,75.08038781842711,51.284728930135174,62.58505688799604,62.98339121218611
*N1C(=O)c2c(C1=O)cc(cc2)Oc1c(cccc1)Oc1cc2c(C(=O)N(C2=O)c2ccc(cc2)Oc2ccc(cc2)c2ccc(cc2)Oc2ccc(cc2)*)cc1,tg,204.0,216.15551564119986,212.48365405409905,209.11857000491736,212.58591323340542
*OC(=O)c1cc2c(cc1)cc(cc2)C(=O)OCC*,tg,121.43,108.05874492917238,115.96657006066303,101.13128417148592,108.38553305377377
*OC(=O)C*,tg,55.86,7.2809134361035195,15.614555427909323,-19.301776226891985,1.197897545706952
*C1(c2c(C(=O)N1)cccc2)c1ccc(cc1)Oc1ccc(cc1)NC(=O)c1cc2c(C(=O)N(C2=O)c2ccc(cc2)Sc2ccc(cc2)N2C(=O)c3c(C2=O)cc(cc3)C(=O)Nc2ccc(cc2)Oc2ccc(cc2)*)cc1,tg,298.0,276.2691799996999,275.2654104677167,284.2437969486796,278.59279580536537
*Oc1ccc(cc1)P(=O)(c1ccc(cc1)Oc1ccc(cc1)C(c1ccc(cc1)*)(C(F)(F)F)C(F)(F)F)c1ccccc1,tg,210.5,215.99529319481871,208.5521379964655,195.18492694248502,206.57745271125643
*OCC(C*)(CC)C,tg,-47.0,-37.54466053014101,-45.844487651934855,-28.37329759555622,-37.254148592544034
*N1C(=O)c2c(C1=O)cc(cc2)Oc1cc2c(C(=O)N(C2=O)c2c(cccc2)Oc2ccc(cc2)*)cc1,tg,264.0,246.62765383921413,256.3028699570856,245.96027431784796,249.6302660380492
*N1C(=O)c2c(C1=O)cc(cc2)Oc1ccc(cc1)C(c1ccc(cc1)Oc1cc2c(C(=O)N(C2=O)c2ccc(cc2)Oc2ccc(cc2)c2ccc(cc2)Oc2ccc(cc2)*)cc1)(C)C,tg,220.0,219.4704458792167,221.93002548931426,223.61263886291968,221.67103674381687
*Oc1ccc(cc1)OC(=O)c1ccc(cc1)OC(=O)c1ccc(cc1)C(=O)Oc1ccc(cc1)C(=O)*,tg,283.0,122.11729510215599,136.91200341108745,118.80540202590693,125.9449001797168
*C(C*)c1ccc(cc1)COc1ccc(cc1)c1c2c(nsn2)c(cc1)c1ccc(cc1)C,tg,117.0,216.84146110773574,216.22768039071948,195.6169902727066,209.5620439237206
*c1nc2c([nH]1)cc(cc2)c1cc2c(nc([nH]2)c2ccc(cc2)C(c2ccc(cc2)*)(C(F)(F)F)C(F)(F)F)cc1,tg,269.0,372.3191390760793,365.4897725655385,369.0695185714862,368.9594767377013
*N1C(=O)c2c(C1=O)c(ccc2)c1cc2c(C(=O)N(C2=O)c2ccc(cc2)OCCCOc2ccc(cc2)*)cc1,tg,237.5,245.89422127022445,211.14868374587962,248.98948349101298,235.34412950237234
*c1ccc(cc1)C(C(*)Cl)(Cl)Cl,tg,160.0,153.53165362589039,128.462564461699,137.39710412808878,139.79710740522606
*C1C2C3C(C=CC3)C(C1*)C2,tg,103.55,246.0849788429119,256.6426185651284,230.11539462950228,244.2809973458475
*OC1C(C(C1(C)C)OC(=O)*)(C)C,tg,160.0,121.97434327124736,86.55858909338545,82.54807179334004,97.02700138599096
*c1c(cc(c(c1)OC)C=C*)OCCCCCCCCCCCC,tg,36.0,21.766248994584465,43.48834665398985,17.265702150082276,27.50676593288553
*c1cc2c(C(=O)N(C2=O)c2ccc(cc2)Oc2ccc(cc2)C2(C3C4C(CCC4)C(C2)C3)c2ccc(cc2)Oc2ccc(cc2)N2C(=O)c3c(C2=O)cc(cc3)C(=O)Nc2ccc(cc2)Oc2c(cc(cc2)Oc2ccc(cc2)NC(=O)*)C(C)(C)C)cc1,tg,275.0,263.92732366371587,258.86087266019234,260.6497870348417,261.1459944529167
*[Si](CCC*)(c1ccccc1)C,tg,-1.5,-12.367948853957444,-4.293043436754147,-13.131153718379565,-9.930715336363718
*Oc1c(cccc1)S(=O)(=O)c1ccc(cc1)*,tg,221.0,176.29557961178853,181.99205462981422,175.67570023582667,177.98777815914312
*OP(=O)(OCCOc1ccc(cc1)S(=O)(=O)c1ccc(cc1)OCC*)Oc1ccc(cc1)C,tg,46.0,36.17725681789826,39.44085678662343,41.581964323992814,39.06669264283817
*Oc1c(cc(c(c1)C(c1ccccc1)(C)C)OC(=O)c1cc(ccc1)C(=O)*)C(c1ccccc1)(C)C,tg,180.0,173.38517075349185,174.6973457496187,168.87028592992934,172.3176008110133
*OC(=O)c1ccc(cc1)C(=O)OCCCCCCCCC*,tg,22.0,12.142784762256722,8.001276020710378,10.19902199340134,10.114360925456147
*OC(=O)OCCCCC*,tg,-40.0,-38.246865267784706,-35.72737275872532,-36.957821073307436,-36.977353033272486
*OP(=O)(OCCOc1ccc(cc1)S(=O)(=O)c1ccc(cc1)OCC*)Oc1ccc(cc1)[N+](=O)[O-],tg,56.0,61.019491209234204,69.81089343044928,60.492398171780025,63.7742609371545
*C1(c2c(Oc3c1cccc3)cccc2)c1ccc(cc1)OC(=O)c1ccc(cc1)C(=O)Oc1ccc(cc1)*,tg,252.0,262.358526482379,236.70524765791808,266.4897695832572,255.18451457451806
*N(CC*)C(=O)CCCCCCCCCCC,tg,10.0,-1.7762836970463112,-5.38491276488935,0.43615738828971423,-2.241679691215316
*Oc1ccc(cc1)CC(NC(=O)Cc1ccc(cc1)OC(=O)CCCCCCCCC(=O)*)C(=O)OCC,tg,43.0,40.13009794027361,41.221871571404506,40.243341409087634,40.53177030692191
*C1(CC(c2c1cc(cc2)*)(C)C)C,tg,212.75,181.78768874686955,186.2937786088973,165.01117582373993,177.69754772650228
*Oc1cc(c(cc1)CCc1ccc(cc1)OCCCCCCCCCCCC*)C,tg,-0.9,2.917540892342338,6.696630115739765,18.795378423639537,9.46984981057388
*C(=C(*)C)CCC,tg,200.0,132.3385491052838,152.48715257527405,131.9930339334265,138.93957853799478
*Oc1c(cc(cc1)OC(=O)c1c(cc(c(c1)OCCCCCCCCCCCC)C(=O)*)OCCCCCCCCCCCC)c1ccccc1,tg,96.0,94.06330518825273,85.72297438705678,79.82264247395403,86.53630734975451
*O[Si](*)(CCCCCCCCCCCn1c2ccccc2c2ccccc12)C,tg,-45.0,-1.3106465901357967,6.076720671141743,5.22871243146242,3.331595504156122
*N=P(*)(Cl)Cl,tg,-63.5,5.192156461820165,-19.326471162486968,-24.93164661944994,-13.02198710670558
*OC(COC(COC(=O)c1ccc(cc1)C(=O)*)C)C,tg,37.0,61.903953441720574,42.01863237909261,61.16519093710989,55.02925891930769
*c1cc2c(C(=O)N(C2=O)c2cc(ccc2)C(=O)c2ccc(cc2)Cc2ccc(cc2)C(=O)c2cc(ccc2)N2C(=O)c3c(C2=O)cc(cc3)C(=O)*)cc1,tg,260.5,240.03903358537784,245.46115994919836,226.49970919456504,237.33330090971376
*SC(C(=O)*)C,tg,12.0,14.509043967485674,28.432944222946816,44.01135534037904,28.984447843603846
*N1C(=O)c2c(C1=O)cc(cc2)c1cc2c(C(=O)N(C2=O)c2cc(ccc2)OCCCCOc2cc(ccc2)*)cc1,tg,175.0,160.1414668014047,159.35985798751716,162.3476991932636,160.61634132739516
*C(C*)(C(=O)OCC1N(CC(C1)NC(=O)OC(C)(C)C)C(=O)OC(C)(C)C)C,tg,127.0,82.282773066617,104.55286588616852,97.18388501099082,94.67317465459212
*Oc1cc(ccc1)OCC(COc1ccc(cc1)S(=O)(=O)c1ccc(cc1)OCC(C*)O)O,tg,105.0,97.07730073223622,86.08511680712733,96.5353168920754,93.23257814381299
*Oc1c(cc(cc1)OC(=O)c1ccc(cc1)OCCCCCCCCCCCCOc1ccc(cc1)C(=O)*)C=Cc1ccncc1,tg,91.35,89.63353687816502,79.45600501200695,95.34572320406241,88.14508836474481
*Oc1ccc(cc1)C(c1ccc(cc1)OCC(C*)O)(c1ccccc1)C,tg,115.0,124.02454858244265,128.78627536035464,124.38995655364124,125.73359349881285
*SCCCCCCC(=O)NCc1ccc(cc1)CNC(=O)CCCCCC*,tg,65.0,69.53047957039388,64.02106866155127,66.34833618231058,66.63329480475191
*C(C*)(C(=O)OC)C#N,tg,130.0,112.92389379214956,114.1432671961656,121.20841070488365,116.09185723106627
*N1C(=O)c2c(C1=O)cc(cc2)C(c1cc2c(C(=O)N(C2=O)CCCCCCCCCC*)cc1)(C(F)(F)F)C(F)(F)F,tg,119.0,112.15476524558282,125.30486716080658,128.44794087076957,121.96919109238632
*C(C*)(C(=O)Oc1ccc(cc1)C(=O)OC)C,tg,106.0,94.41607737407993,96.72967772242097,93.12063532145551,94.75546347265214
*Oc1cc(ccc1)Oc1ccc(cc1)NC(=O)c1c(cc(cc1)c1cc(c(cc1)C(=O)Nc1ccc(cc1)*)C)C,tg,213.0,204.43845649134576,212.95025187168434,197.34295084965356,204.91055307089457
*c1cc2c(C(=O)N(C2=O)c2cc(ccc2)N2C(=O)c3c(C2=O)cc(cc3)C(=O)Nc2ccc(cc2)S(=O)(=O)c2ccc(cc2)NC(=O)*)cc1,tg,342.0,278.8130713807138,287.08762818690207,275.2938156534093,280.39817174034175
*Nc1ccc(cc1)C(c1ccc(cc1)NC(=O)c1cc2c(cc1)cc(cc2)C(=O)*)(P1(=O)c2ccccc2c2ccccc2O1)P1(=O)c2ccccc2c2ccccc2O1,tg,241.0,226.18638078186132,224.78956303253005,233.60844091780734,228.1947949107329
*Oc1c(cc(cc1C)C(c1cc(c(c(c1)C)OC(=O)c1cc(ccc1)C(=O)*)C)(C)C)C,tg,187.0,176.31975829552883,175.241141018859,171.84129749005757,174.46739893481512
*c1nc2c(nc1)ccc(c2)c1ccc2c(nc(cn2)c2ccc(cc2)*)c1,tg,376.0,358.31248352870807,351.69190487318883,351.93606768335275,353.98015202841657
*OC(=O)c1cc2c(cc1)cc(cc2)C(=O)OCCC*,tg,84.0,89.07556108080169,90.46943101334361,80.353916643338,86.6329695791611
*C1(CCN(CC1)C(=O)C(CC(=O)N1CCC(CC1)(CCC*)C)C)C,tg,72.0,81.13707012280315,93.8798719115519,94.27963359513275,89.76552520982926
*C(C*)c1c(cccc1)C(=O)N(C)C,tg,190.0,147.34238090017033,149.98630600570118,133.52468258115985,143.61778982901046
*Nc1c2c(ccc1)c(ccc2)NC(=O)c1ccc(cc1)C(=O)*,tg,305.0,305.04661439563034,300.81704004787616,297.9574690506681,301.2737078313915
*C=CC(C*)COCC(=O)OCCCCCCCCOc1ccc(cc1)C=Cc1ccc(cc1)[N+](=O)[O-],tg,19.6,24.363569439014167,9.284279476516133,21.530037865661807,18.392628927064038
*Oc1c(cc(cc1c1ccccc1)*)c1cc(ccc1)C,tg,219.0,196.1542883681505,173.6188594657941,208.94184858798212,192.90499880730889
*N1C(=O)c2c(C1=O)c(ccc2)Oc1c(cc(cc1C)Cc1cc(c(c(c1)C)Oc1c2c(C(=O)N(C2=O)c2c(cc(cc2C)c2cc(c(c(c2)C)*)C)C)ccc1)C)C,tg,276.0,333.38699966035404,328.8547485160062,334.3341704074688,332.1919728612763
*c1cc2c(oc(n2)C2CCC(CC2)c2oc3c(n2)cc(cc3)C(*)(C(F)(F)F)C(F)(F)F)cc1,tg,271.0,266.60120026159467,275.76580810525815,252.7678888510967,265.0449657393165
*N1C(=O)N(C(=O)C1=O)c1c(cccc1)CCc1ccc(cc1)N1C(=O)N(C(=O)C1=O)c1ccc(cc1)CCc1ccc(cc1)*,tg,220.0,184.6607822091415,184.9014005519144,170.81390737339802,180.12536337815132
*C(C*)OC(=O)C(C(C(F)(F)F)(F)F)(F)F,tg,27.0,37.83326599400975,42.29446834191903,33.77986351052687,37.969199282151884
*C(C*)C(=O)OCC(C(F)C(F)(F)F)(F)F,tg,-22.0,-13.197354175168158,-11.85689154132902,-22.15860301085025,-15.737616242449143
*c1cc2c(C(=O)N(C2=O)c2ccc(cc2)Oc2c3c(ccc2)c(ccc3)Oc2ccc(cc2)N2C(=O)c3c(C2=O)cc(cc3)C(=O)Nc2ccc(cc2)Sc2ccc(cc2)NC(=O)*)cc1,tg,265.0,259.87904205180166,259.6854897990383,275.8294793535795,265.1313370681398
*C(C*)c1c(ccc(c1)C(=O)Oc1ccc(cc1)OCCCCCCCC)C(=O)Oc1ccc(cc1)OCCCCCCCC,tg,105.0,106.7510681850126,96.25771866501037,105.26739996692311,102.75872893898202
*O[Si](O[Si](Oc1ccc(cc1)c1ccc(cc1)*)(C)C)(C)C,tg,-4.0,38.306341641742684,55.44986421843046,57.81891014248063,50.52503866755126
*c1cc2C(c3c(c2cc1)ccc(c3)*)(CC(CCCC)CC)CC(CCCC)CC,tg,27.64,113.55974826810876,113.68707153208219,93.02772210752416,106.75818063590503
*c1cc2c(C(=O)N(C2=O)c2cc(c(cc2)Oc2ccc(cc2)C(=O)c2nc(ccc2)C(=O)c2ccc(cc2)Oc2c(cc(cc2)N2C(=O)c3c(C2=O)cc(cc3)C(=O)*)C(F)(F)F)C(F)(F)F)cc1,tg,225.2,245.88252217706048,231.14551904981744,239.97363675392302,239.00055932693363
*c1cc2C(c3c(c2cc1)ccc(c3)c1cc2C(c3c(c2cc1)ccc(c3)*)(CC1=NC(CO1)Cc1ccccc1)CC1=NC(CO1)Cc1ccccc1)(CCCCCC)CCCCCC,tg,114.0,138.9587643725089,132.72560180559972,133.80354854474922,135.16263824095262
*C=CC(*)(C)C,tg,-10.0,32.32860660029826,32.883876591659856,28.088495709609102,31.100326300522408
*O[Si](CCC(CC[Si](*)(CCC(F)(F)F)C)(F)F)(CCC(F)(F)F)C,tg,-38.0,-55.56977896669464,-60.19955039473055,-42.33086407501214,-52.70006447881244
*N1C(=O)c2c(C1=O)cc(cc2)Oc1cc2c(C(=O)N(C2=O)c2cc(c(cc2)Oc2ccc(cc2)C(=O)c2nc(ccc2)C(=O)c2ccc(cc2)Oc2c(cc(cc2)*)C(F)(F)F)C(F)(F)F)cc1,tg,212.2,209.4320829242797,208.58192503585636,204.5372403254365,207.51708276185752
*N1C(=O)c2c(C1=O)cc(cc2)C(=O)c1cc2c(C(=O)N(C2=O)CCCCCCCC*)cc1,tg,113.0,127.74764486496225,130.2958501317617,125.59238627727501,127.87862709133299
*NC(=O)C(=CC(=O)NCCCCCCCCCC*)C,tg,74.0,81.00013730546445,79.34866038717722,84.20007427913046,81.51629065725737
*c1cc2c(C(=O)N(C2=O)c2cc(ccc2)C(c2cc(ccc2)N2C(=O)c3c(C2=O)cc(cc3)C(*)(C(F)(F)F)C(F)(F)F)O)cc1,tg,236.5,278.6033986825171,293.77896128114617,278.77515416888303,283.71917137751547
*C(C*)CC1CCCC1,tg,60.0,99.04571823572842,66.76311227207609,99.53902423995117,88.44928491591855
*Oc1ccc(cc1)Oc1ccc(cc1)Oc1c(cc(cc1)S(=O)(=O)c1cc(c(cc1)Oc1ccc(cc1)Oc1ccc(cc1)Oc1ccc(cc1)c1ccc(cc1)*)S(=O)(=O)O[Na])S(=O)(=O)O[Na],tg,302.0,291.75168332142084,293.8288481950008,294.70443015621584,293.4283205575458
*OC(=O)NCc1ccc(cc1)CNC(=O)OCCCCCCCCCCCC*,tg,45.0,51.64598103310274,45.45136156285908,47.188816728853716,48.09538644160518
*O[Si](O[Si](O[Si](O[Si](CC[Si](O[Si](O[Si](O[Si](O[Si](CC[Si](*)(c1ccccc1)c1ccccc1)(C)C)(C)C)(C)C)(C)C)(C)C)(c1ccccc1)c1ccccc1)(c1ccccc1)c1ccccc1)(c1ccccc1)c1ccccc1)(c1ccccc1)c1ccccc1,tg,-22.0,14.48826775610951,16.13443010138478,15.43261284271718,15.35177023340382
*C(C(=O)C*)c1ccccc1,tg,103.33,102.56986946820943,101.04630669371804,102.1375115322903,101.91789589807259
*C1C(C2C(C1)C(C(C2)CC*)OC(=O)CCCCCCCCCCOc1ccc(cc1)c1ccc(cc1)C#N)OC(=O)CCCCCCCCCCOc1ccc(cc1)c1ccc(cc1)C#N,tg,23.5,84.0194691553959,65.07789341808693,84.7880033269821,77.96178863348831
*c1sc(cc1CCCCCCCCCC)c1sc(c(c1)CCCCCCCCCC)c1c2c(ccccc2)c(c1)*,tg,22.5,47.716801659009896,64.78880430132068,68.35501433651072,60.28687343228043
*C(C*)(C(=O)Oc1ccc(cc1)C(=O)C=Cc1ccc(cc1)Cl)C,tg,127.0,119.71783576049374,117.36285501852677,101.67343597856981,112.91804225253013
*OCCOCCOCCCNC(=O)CCCCCCCCC(=O)NCCC*,tg,40.0,-7.323957617736586,-10.068318132539417,-10.245825802849136,-9.21270051770838
*C(C*)c1ccc(cc1)COCCCC,tg,10.0,27.9592871486508,9.66642338694058,31.618337893924355,23.08134947650525
*C(C*)c1ccc(cc1)C(O)C(F)(F)F,tg,110.0,155.13098087316553,142.9341787383857,147.6001374738647,148.55509902847197
*c1nc(ccc1)Oc1ccc(cc1)c1ccc(cc1)O*,tg,119.0,151.90564920812773,149.42724804803802,162.11055938577553,154.48115221398044
*c1sc(cc1)c1sc(c(c1)CCCCCCCC)c1sc(cc1)c1sc(cc1)c1sc(cc1CCCCCCCC)c1sc(cc1)[Si](*)(C)C,tg,31.0,37.03376273344483,28.905909191212942,39.109291616146635,35.016321180268136
*c1ccc2c(nc([nH]2)c2cc(ccc2)c2nc3c([nH]2)ccc(c3)C(=O)Nc2ccc(cc2)NC(=O)c2ccc(cc2)NC(=O)*)c1,tg,322.0,286.3276293604649,290.4790847882382,289.5699384626792,288.79221753712744
*Nc1ccc(cc1)NC(=O)c1c(cc(cc1)C(c1cc(c(cc1)C(=O)*)C(=O)OCC)(C(F)(F)F)C(F)(F)F)C(=O)OCC,tg,270.0,223.37404956581108,204.6177669018632,213.90282806180826,213.9648815098275
*N1C(=O)N(C(=O)C1=O)c1ccc(cc1)Cc1ccc(cc1)N1C(=O)N(C(=O)C1=O)c1c(cccc1)CCc1ccc(cc1)*,tg,198.0,224.26635889452237,225.77486585300608,216.60973105991448,222.2169852691476
*Oc1c(cc(cc1Cl)C1(C2C3C(CCC3)C(C1)C2)c1cc(c(c(c1)Cl)OC(=O)*)Cl)Cl,tg,281.0,257.34132821735267,258.8338596945276,264.3615820931596,260.1789233350133
*c1cc2c(C(=O)N(C2=O)c2ccc(cc2)c2sc(c(c2c2ccccc2)c2ccccc2)c2ccc(cc2)N2C(=O)c3c(C2=O)cc(cc3)C(=O)Nc2cc(ccc2)C(=O)c2cc(ccc2)NC(=O)*)cc1,tg,308.0,272.76933047107394,272.69761770508273,279.6421402973952,275.03636282451725
*N1C(=O)c2c(C1=O)cc(cc2)Oc1cc2c(C(=O)N(C2=O)c2cc(c(cc2)Oc2ccc(cc2)Oc2ccc(cc2)*)C(F)(F)F)cc1,tg,232.3,230.33124285945684,237.34976944331513,229.59414000877717,232.42505077051638
*C1C(=O)N(C(=O)C1*)C(C)(C)C,tg,195.0,191.421189114829,185.83709390589777,181.05250745918835,186.10359682663838
*NC(=O)CCCCCCCCCCC(=O)NCC1CCC(CC1)C*,tg,85.0,96.14891974247341,93.1290699852207,83.1910027295861,90.82299748576007
*c1cc2c(C(=O)N(C2=O)c2ccc(cc2)Oc2cc3c(cc2)ccc(c3)Oc2ccc(cc2)N2C(=O)c3c(C2=O)cc(cc3)C(=O)Nc2ccc(cc2)c2sc(c(c2c2ccccc2)c2ccccc2)c2ccc(cc2)NC(=O)*)cc1,tg,311.0,307.1682318679551,286.77046222333536,286.52962202210733,293.48943870446595
*c1cc2c(C(=O)N(C2=O)c2c(cc(cc2C)C(c2cc(c(c(c2)C)N2C(=O)c3c(C2=O)cc(cc3)C(*)(C(F)(F)F)C(F)(F)F)C)c2cc(ccc2)C(F)(F)F)C)cc1,tg,286.1,300.8239078588029,303.4415204250961,309.5325263422591,304.59931820871935
*S(=O)(=O)c1c(cc(cc1C)C(c1cc(c(c(c1)C)*)C)(C)C)C,tg,229.0,215.32209658378576,213.13652775220783,217.27010504116612,215.24290979238654
*c1ccc2n(c3c(c2c1)cc(cc3)c1cc2C(c3c(c2cc1)ccc(c3)*)(CCCCCC)CCCCCC)c1ccc(cc1)OC,tg,174.0,160.51210578537064,155.47456388118343,162.9347195166626,159.6404630610722
*C1C2C(C(=O)N(C2=O)CCCCCCC)C(C1)C=C*,tg,59.0,65.02840785900942,71.47100775586651,60.63010537016263,65.70984032834619
*OC(=O)c1ccc(cc1)c1ccc(cc1)c1ccc(cc1)C(=O)OCCCC*,tg,180.0,70.46297286679695,76.4316188291846,106.93148617005296,84.6086926220115
*C(C*)(C(=O)OCCC(C(C(C(C(C(C(C(C(C(F)(F)F)(F)F)(F)F)(F)F)(F)F)(F)F)(F)F)(F)F)(F)F)(F)F)F,tg,53.0,49.265586376853975,46.982629664671904,64.21838649682459,53.488867512783486
*OC(=O)C(C(C(=O)OCCCCCCCCC*)O)O,tg,-11.0,-4.265896076537469,-2.9595463221903344,3.6732762797558154,-1.1840553729906629
*C(C*)(C(=O)OCCC1CCCCC1)C,tg,76.33,52.68813006117348,48.26605331920662,60.13560049577822,53.696594625386105
*c1nc(ccc1)NC(=O)Nc1ccc(cc1)Cc1ccc(cc1)NC(=O)N*,tg,216.67,159.1506799200422,167.11936063493013,135.42490921893548,153.89831659130257
*N1C(=O)C2C(C1=O)C(Cc1ccccc21)C1C(=O)N(C(=O)C1)c1cc(cc(c1)C(=O)OCCCC)*,tg,249.43,243.48710907761713,214.22367381769712,225.36208976881807,227.69095755471076
*N(CC*)C(=O)c1cc(c(cc1)F)F,tg,101.0,118.48299379723761,124.94952382956068,118.35799319815479,120.59683694165103
*c1cc2c(C(=O)N(C2=O)c2ccc3Cc4c(c3c2)cc(cc4)N2C(=O)c3c(C2=O)cc(cc3)C(*)(C(F)(F)F)C(F)(F)F)cc1,tg,394.0,346.2736705494673,342.6270422140681,338.31173068581427,342.40414781644995
*C(C*)C1CCCCC1,tg,117.68,82.59376113300932,98.59733062969494,73.3428952485399,84.84466233708139
*OCCCCC(=O)NCc1ccc(cc1)CNC(=O)CCCC*,tg,70.0,60.79597089214011,58.83334148709787,64.22671606934978,61.285342816195914
*Oc1c2c(c(cc1)c1c3c(c(cc1)Oc1c(c4c(cc1)cccc4)c1c4c(ccc1*)cccc4)cccc3)cccc2,tg,301.0,279.2488356956588,266.28404893427285,296.1227237117544,280.5518694472287
*OC(C*)c1ccccc1,tg,32.38,106.76993749168106,66.81092292787378,129.9174016909977,101.16608737018419
*OCC(C*)(COCCC#N)C,tg,-52.0,-51.624818606176305,-42.55240224794784,-34.753783580715094,-42.97700147827974
*C(C*)c1ccc(cc1)C(=O)OCCCC,tg,76.0,42.844792948460174,49.17306832233825,39.94641612112877,43.98809246397573
*OC(COC(=O)*)COC(C)(C)C,tg,11.0,13.465293857817521,16.777914196067968,14.929971068894503,15.057726374259998
*C(C*)c1ccc(cc1)[Si](O)(C)C,tg,147.0,108.57868794468654,94.6577578289664,128.63371006088508,110.62338527817933
*Oc1ccc(cc1)C(c1ccc(cc1)Oc1ccc(cc1)C(=O)C(=O)c1ccc(cc1)*)(c1ccccc1)C,tg,177.0,179.10138513116152,180.0825423795041,179.71204477531526,179.63199076199362
*c1nc2c([nH]1)ccc(c2)NC(=O)c1ccc(cc1)OCCOc1ccc(cc1)C(=O)Nc1cc(ccc1)*,tg,250.0,222.69778656097128,218.80858667787624,224.59637236337738,222.03424853407498
*C(C*)(c1ccc(cc1)C(O)C(F)(F)F)C,tg,199.0,118.97943128911203,127.62914640817841,125.472343553961,124.02697375041714
*c1nc2c(c(c1)c1ccccc1)cc(cc2)Oc1cc2c(nc(cc2c2ccccc2)c2c(ccc(c2)*)OCCN(c2ccc(cc2)c2sc(cc2)C(=C(C#N)C#N)c2sc(cc2)c2ccc(cc2)N(CC)CC)CC)cc1,tg,205.0,175.54178502257867,179.9662585066618,176.36236178908533,177.29013510610858
*N1C(=O)c2c(C1=O)c(ccc2)c1cc2c(C(=O)N(C2=O)c2cc(ccc2)C(=O)Nc2ccc(cc2)Oc2ccc(cc2)C(c2ccc(cc2)Oc2ccc(cc2)NC(=O)c2cc(ccc2)*)(C)C)cc1,tg,261.0,257.78805346133106,261.81406623279264,257.9998037432133,259.200641145779
*OP(=O)(Oc1ccc(cc1)C(c1ccc(cc1)*)(C)C)Oc1c(cc(cc1Cl)Cl)Cl,tg,94.0,111.2998645486961,145.39351208365397,100.20288186377853,118.96541949870954
*Oc1c(cc(cc1)Oc1ccc(cc1)C(=O)Nc1ccc(cc1)Oc1ccc(cc1)S(=O)(=O)c1ccc(cc1)Oc1ccc(cc1)NC(=O)c1ccc(cc1)*)c1ccccc1,tg,231.0,208.43550329601706,214.57038743330833,206.59179823657692,209.86589632196743
*Nc1ccc(cc1)C(=O)Nc1ccc(cc1)Cc1ccc(cc1)NC(=O)c1ccc(cc1)NC(=O)c1ccc(cc1)[Si](c1ccc(cc1)C(=O)*)(C)C,tg,300.0,277.44527353493584,263.7568893594573,256.416387274287,265.8728500562267
*c1cc2Sc3c(Sc2cc1)cc(cc3)C(=Cc1c(cc(c(c1)OCCCCCCCC)C=C(*)c1ccccc1)OCCCCCCCC)c1ccccc1,tg,93.0,111.1945361222452,113.31671296669525,113.72355409176802,112.7449343935695
*C1(C(=O)OC(=O)C1(C(C*)OCCCC)C)C,tg,197.0,149.9321753959374,172.77259489819826,166.08112537661938,162.9286318902517
*Oc1ccc(cc1)Oc1ccc(cc1)C=Nc1ccc(cc1)Oc1ccc(cc1)N=Cc1ccc(cc1)*,tg,120.0,140.1835215984574,145.94400351282303,167.5763688048517,151.23463130537738
*Oc1ccc(cc1)C(c1ccc(cc1)Oc1ccc(cc1)C(=O)C(=O)c1ccc(cc1)*)(C(F)(F)F)C(F)(F)F,tg,157.0,184.5481938987099,191.8812225742917,188.8869003915237,188.4387722881751
*Nc1ccc(cc1)Cc1ccc(cc1)NC(=O)c1cc(cc(c1)N1C(=O)C=CC1=O)C(=O)*,tg,287.0,288.01017726040834,284.15382000129534,294.89245943891945,289.0188189002077
*Oc1ccc(cc1)C=Cc1ccc(cc1)OCCCCCC*,tg,76.0,61.50925497633097,54.073807369484825,55.420563277514496,57.001208541110095
*N1C(=O)c2c(C1=O)cc(cc2)c1cc2c(C(=O)N(C2=O)c2cc(ccc2)C(=O)Nc2ccc(cc2)Oc2ccc(cc2)Oc2ccc(cc2)Oc2ccc(cc2)NC(=O)c2cc(ccc2)*)cc1,tg,244.0,242.50776689499764,241.89101592091188,245.12830044305665,243.1756944196554
*C(C*)c1ccc(cc1)CCl,tg,106.0,96.09843055193642,93.20795582985906,85.88004192345052,91.728809435082
*N1C(=O)c2c(C1=O)cc(cc2)Oc1cc2c(C(=O)N(C2=O)CCCCCCC*)cc1,tg,110.0,138.34397270017368,126.38307524996708,126.5681220848464,130.43172334499573
*Oc1ccc(cc1)NC(=O)c1cc2c(cc1)cc(cc2)C(=O)Nc1ccc(cc1)Oc1ccc(cc1)C1(C2CCC(C1)C2)c1ccc(cc1)*,tg,276.0,267.2779609169749,270.15731561488417,268.6777322011571,268.7043362443387
*C(C*)c1c(cccc1)C(=O)OCCC(C)C,tg,68.0,87.73823767537144,99.03667779355342,110.15263983060363,98.97585176650949
*c1ccc(cc1)C(=Cc1c(cc(c(c1)OC)C=C(*)c1ccc(cc1)OC)OC)c1ccc(cc1)OC,tg,170.0,175.19467152634968,183.49926557847562,171.38570855453517,176.69321521978682
*Oc1c(c(c(c(c1C)C)NC(=O)c1ccc(cc1)C(=O)Nc1ccc(cc1)*)C)C,tg,333.0,242.66707949729746,259.89172308801705,244.65764026071784,249.0721476153441
*c1nc2c(n1C)ccc(c2)c1ccc2c(nc([nH]2)c2cc(ccc2)*)c1,tg,346.66,352.15382095761504,372.08914317072924,355.9585568120859,360.06717364681003
*c1cc2c(C(=O)N(C2=O)c2ccc(cc2)OCCN(CCOc2ccc(cc2)N2C(=O)c3c(C2=O)cc(cc3)C(*)(C(F)(F)F)C(F)(F)F)c2ccc(cc2)C(=C(C#N)C#N)C#N)cc1,tg,218.0,199.68732516200006,201.23226935227572,195.3735501713076,198.76438156186114
*N1C(=O)c2c(C1=O)cc(cc2)Oc1ccc(cc1)C(c1ccc(cc1)Oc1cc2c(C(=O)N(C2=O)c2ccc(cc2)Sc2ccc(cc2)Oc2ccc(cc2)Sc2ccc(cc2)*)cc1)(C)C,tg,180.0,197.71065842289693,186.9235791990137,201.0664906078945,195.2335760766017
*C(C*)(C(=O)OCCCl)C,tg,62.0,60.04697231247117,55.36827275499289,60.147845991429776,58.52103035296461
*C(C*)c1c(cccc1)Br,tg,148.5,131.46276733767527,118.80470126156918,123.45465973653391,124.5740427785928
*Oc1ccc(cc1)S(=O)(=O)c1ccc(cc1)Oc1ccc(cc1)c1ccc(cc1)Oc1ccc(cc1)C(=O)c1ccc(cc1)*,tg,206.0,213.36800673882522,207.34793860692537,204.77824644778727,208.4980639311793
*Oc1c(cc(cc1C)*)C(CCC)C,tg,100.0,79.70909367025847,74.72297405477335,72.82628837206107,75.75278536569762
*Oc1ccc(cc1)OC(=O)c1c(cc(cc1)C(=O)*)Oc1ccc(cc1)Cl,tg,107.0,110.4091029962934,116.18198768672764,121.35043776497128,115.9805094826641
*C(C*)C(=O)OCCCCSC,tg,-70.0,-65.43849399131848,-70.1190731615578,-77.83153380875882,-71.12970032054504
*Oc1ccc(cc1)CC(NC(=O)CCc1ccc(cc1)OC(=O)CCC(=O)*)C(=O)OC,tg,91.5,81.42137635928378,83.63663569267577,86.05951864327488,83.70584356507815
*OCCC(=O)NCc1c(c(c(c(c1C)C)CNC(=O)CC*)C)C,tg,191.0,138.45625860165228,139.25181033730036,129.76614545990003,135.8247381329509
*c1n(c(nn1)c1ccc(cc1)Oc1ccc(cc1)C(c1ccc(cc1)Oc1ccc(cc1)*)(C(F)(F)F)C(F)(F)F)c1ccc(cc1)C,tg,213.0,210.73608491456463,207.5873015474403,202.2928621833541,206.87208288178635
*N1C(=O)c2c(C1=O)cc(cc2)c1cc2c(C(=O)N(C2=O)c2ccc(cc2)Oc2ccc(cc2)C(c2ccc(cc2)Oc2ccc(cc2)*)(C)C)cc1,tg,230.0,242.95648047485153,244.71073718585353,238.40232548912678,242.02318104994393
*Oc1ccc(cc1)C(=Nc1ccc(cc1)N=C(c1ccc(cc1)Oc1ccc(cc1)C(c1ccc(cc1)*)(c1ccccc1)c1ccccc1)c1ccccc1)c1ccccc1,tg,198.0,186.73161247285486,176.52178314902096,176.93897130793428,180.0641223099367
*Oc1c2c(ccc1)c(ccc2)OCCNC(=O)c1cc(ccc1)C(=O)NCC*,tg,171.0,143.1836241047244,145.28882093085852,135.7371702178354,141.40320508447277
*Oc1c(cc(cc1)Oc1ccc(cc1)C(=O)c1ccc(cc1)*)C,tg,149.29,140.10893226674477,148.92514773429144,139.45345243437345,142.8291774784699
*Oc1ccc(cc1)CC(NC(=O)Cc1ccc(cc1)OC(=O)CCCC(=O)*)C(=O)OCC,tg,65.0,68.06868189000558,70.98749813897372,64.52784773605684,67.86134258834538
*c1cc2c(C(=O)N(C2=O)c2ccc(cc2)Oc2ccc(cc2)N2C(=O)c3c(C2=O)cc(cc3)C(*)(C(F)(F)F)C(F)(F)F)cc1,tg,304.1,288.809129199941,292.01457296335946,293.7545919323557,291.5260980318854
*C(C*)C(=O)OCCCSCCC#N,tg,-58.0,-72.85341496824981,-47.50445976907315,-57.760493934140975,-59.37278955715465
*C(C(CC*)c1ccccc1)c1ccccc1,tg,101.65,55.03370120338297,70.26778877382863,56.92121628774664,60.74090208831941
*c1cc2c(C(=O)N(C2=O)c2c(ccc(c2)N2C(=O)c3c(C2=O)cc(cc3)C(=O)OCCN(CCOC(=O)*)c2ccccc2)N=Nc2ccccc2)cc1,tg,156.0,169.25092154126546,165.25930661042437,173.93144566616854,169.48055793928611
*N1C(=O)c2c(C1=O)cc(cc2)Sc1cc2c(C(=O)N(C2=O)c2ccc(cc2)Oc2ccc(cc2)*)cc1,tg,258.0,272.324982740623,277.07875682200836,277.8393398205323,275.7476931277212
*Oc1cc(c(cc1)S(=O)(=O)c1c(cc(cc1)Oc1ccc(cc1)C(c1ccc(cc1)*)(C(F)(F)F)C(F)(F)F)C(O)(C(F)(F)F)C(F)(F)F)C(O)(C(F)(F)F)C(F)(F)F,tg,148.0,187.94753447346784,226.7860639463791,196.5610853670794,203.7648945956421
*c1cc2C(c3c(c2cc1)ccc(c3)*)(CCCCCC)CCCCCC,tg,104.0,60.87512867335225,76.31350293173189,53.35846385965533,63.51569848824649
*c1oc2c(n1)ccc(c2)c1ccc2c(oc(n2)CCCCCCCCCCC*)c1,tg,62.0,51.257959087309715,80.74520241274598,41.24002348859619,57.747728329550625
*C(=CCC*)C(C)(C)C,tg,20.0,45.439894575286154,19.50733234523446,51.21776605622331,38.72166432558131
*C(C*)(C(=O)Oc1ccc(cc1)C(=O)Oc1ccc(cc1)C)C,tg,98.0,75.73155956753725,82.58368213458735,88.50993098464753,82.27505756225737
*c1cc2c(C(=O)N(C2=O)c2cc(ccc2)C(c2cc(ccc2)N2C(=O)c3c(C2=O)cc(cc3)C(*)(C(F)(F)F)C(F)(F)F)O[Si](O[Si](O[Si](C)(C)C)(C)C)(C)C)cc1,tg,236.5,224.30881159019654,209.6540352763953,215.60399748796607,216.52228145151926
*NC(=O)CCCCCCCCCCCCC(=O)NCCc1ccc(cc1)CC*,tg,93.0,81.10795371182188,79.79638395313005,76.60589673144491,79.17007813213228
*c1cc2c(C(=O)N(C2=O)c2ccc(cc2)Oc2ccc(cc2)C(=O)c2ccc(cc2)C(=O)c2ccc(cc2)Oc2ccc(cc2)N2C(=O)c3c(C2=O)cc(cc3)C(=O)*)cc1,tg,233.0,234.5595661962592,238.76949853709658,233.0784762267186,235.46918032002478
*OC(=O)CCC(=O)OCCSCC*,tg,-34.0,-42.09218732306929,-39.54484356185972,-54.855008825277345,-45.49734657006878
*C(C*)(C(=O)OCC(CCCC)CC)C,tg,-10.0,15.73802685978836,4.042867904232082,22.34640878897731,14.042434517665917
*c1ccc2n(c3c(c2c1)cc(cc3)C=Cc1nc(c(c(c1C#N)C=Cc1ccc(cc1)N(c1ccccc1)c1ccccc1)C#N)C=C*)CCCCCC,tg,134.0,184.5906529302961,177.79570215831316,165.1532539176941,175.84653633543448
*Oc1ccc(cc1)Oc1ccc(cc1)S(=O)(=O)c1ccc(cc1)*,tg,206.67,189.57767887863352,181.8966811933439,184.86769896875586,185.44735301357778
*N1C(=O)c2c(C1=O)cc(cc2)c1cc2c(C(=O)N(C2=O)c2cc(ccc2)C(=O)Nc2ccc(cc2)Oc2ccc(cc2)Oc2ccc(cc2)NC(=O)c2cc(ccc2)*)cc1,tg,244.0,252.52522707342484,253.69822633137457,254.19576491153376,253.47307277211107
*N=P(*)(Oc1c(cc(cc1)Cl)Cl)Oc1c(cc(cc1)Cl)Cl,tg,2.0,48.765741043646976,61.522605022223146,34.407915246180934,48.23208710401701
*Oc1ccc(cc1)C1(CCCC1)c1ccc(cc1)OC(=O)*,tg,162.86,162.77319998022088,164.8170430698275,155.1631724264937,160.91780515884736
*c1nc(nc(n1)N(CCCCCCCCCCN(*)c1ccccc1)c1ccccc1)C,tg,48.0,59.72097992423048,50.22903567209639,63.30791578985625,57.75264379539437
*OCC(C*)C,tg,-55.0,-57.444828523718044,-53.27534523186878,-50.40841936579713,-53.70953104046132
*C(C*)C(=O)OCC(C(C(F)(F)F)(F)F)(F)F,tg,-30.0,-28.785484567324016,-10.228781753249905,-24.615387683960336,-21.209884668178088
*OC(CCC(OC(=O)CCCCCCCCC(=O)*)C)C,tg,-66.0,-36.884700052256704,-43.31673404973725,-52.443468674769676,-44.21496759225454
*Oc1ccc(cc1)S(=O)(=O)c1ccc(cc1)Oc1ccc(cc1)C(c1ccc(cc1)*)(c1ccccc1)c1ccccc1,tg,230.0,214.7610641193772,236.77821606454418,214.06178845143364,221.86702287845165
*Nc1ccc(cc1)Cc1ccc(cc1)NC(=O)NCCCCCCCCCCNC(=O)*,tg,46.0,12.513087794685568,23.673045984878783,10.76388196075888,15.65000524677441
*Oc1ccc(cc1)CC(NC(=O)CCc1ccc(cc1)OC(=O)CCCCC(=O)*)C(=O)OCC(C)C,tg,56.0,49.70480243838079,48.15418053277841,55.36939348225444,51.07612548447122
*Oc1ccc(cc1)N=CNc1ccc(cc1)OCCOCC*,tg,62.0,66.40318464228402,67.93150494017223,57.3126373144096,63.882442298955276
*C(C*)(CC(=O)Oc1ccc(cc1)OCCCCC)C(=O)Oc1ccc(cc1)OCCCCC,tg,73.5,77.43563681516643,73.40480684778873,58.05779886442307,69.63274750912608
*N1C(=O)c2c(C1=O)cc(cc2)C(=O)Oc1ccc(cc1)C(c1ccc(cc1)C(c1ccc(cc1)OC(=O)CCCCCCCCCCC*)(C)C)(C)C,tg,97.0,88.38567393625827,83.08683540122952,92.6502652927618,88.04092487674986
*C(C*)c1ccc(cc1)C(CCC)(O)C,tg,130.0,117.27865681683583,123.5301473727036,120.0698281068497,120.29287743212971
*N1C(=O)c2c(C1=O)cc(cc2)c1ccc(cc1)c1cc2c(C(=O)N(C2=O)CCCCCC*)cc1,tg,141.0,146.51335465509942,149.74393019483037,146.4831576161304,147.58014748868672
*OC(=O)c1cc(ccc1)C(=O)OCC1CCC(CC1)C*,tg,70.0,77.67250756429293,68.04882770468183,73.29393060120839,73.00508862339439
*N=P(*)(OCC)OCC,tg,-87.33,-57.15749737696871,-44.76960455440724,-47.240601284044764,-49.72256773847357
*C(C*)C(=O)Oc1c(cccc1)C(C)(C)C,tg,72.0,98.46426995906475,88.38983731686783,97.83248646028099,94.89553124540453
*Oc1ccc(cc1)OC(=O)c1c(cc(cc1)C(=O)*)Oc1cc2c(cc1)cccc2,tg,102.0,141.80790395104657,139.96723680979775,155.5635873055479,145.77957602213075
*C1C2C(C(=O)N(C2=O)c2ccc(cc2)Br)C(C1)C=C*,tg,227.8,217.9092587407635,212.1123559664511,208.79600138632534,212.93920536451333
*Oc1ccc(cc1)NC(=O)c1cc(cc(c1)NC(=O)CCCCCN1C(=O)c2c(C1=O)cccc2)C(=O)Nc1ccc(cc1)*,tg,200.0,198.84203429168323,205.52409481102217,204.32547521987829,202.8972014408612
*C(C*)C(=O)Oc1ccc(cc1)C(=O)Oc1ccc(cc1)OC(=O)c1ccc(cc1)OCCCC,tg,47.0,71.35995037583838,64.39328048471947,82.53232159864007,72.76185081973263
*N1C(CN(C(C1)C)C(=O)c1ccc(cc1)C(=O)*)C,tg,350.0,184.12060296776127,185.09398019552683,177.13347661546342,182.11601992625052
*N1C(=O)c2c(C1=O)cc(c(c2)c1ccc(cc1)C(C)(C)C)c1cc2c(C(=O)N(C2=O)c2ccc(cc2)Oc2ccc(cc2)*)cc1c1ccc(cc1)C(C)(C)C,tg,370.0,366.3031345569846,352.2524580264818,357.7457517407685,358.76711477474504
*c1cc2c(C(=O)N(C2=O)c2ccc(cc2)C(=O)Nc2ccc(cc2)C(=O)OCCCCCCOC(=O)*)cc1,tg,107.0,118.52461362268987,116.93429826383591,117.34019144923452,117.59970111192011
*c1nc2c(nc1)cc(cc2)Oc1cc2c(nc(cn2)c2ccc(cc2)Oc2ccc(cc2)*)cc1,tg,382.0,270.2481834843287,271.30527913822596,259.81612942272966,267.1231973484281
*C(C*)(C(=O)OCc1c(ccc(c1)Cl)Cl)C,tg,27.8,24.204674097640464,28.714963890110283,29.751182037800056,27.556940008516932
*c1cc2c(C(=O)N(C2=O)c2c(cc(cc2C)C2(c3ccccc3c3ccccc23)c2cc(c(c(c2)C)N2C(=O)c3c(C2=O)cc(cc3)C(*)(C(F)(F)F)C(F)(F)F)C)C)cc1,tg,361.0,342.93690901266723,349.00721090184936,351.72139596371545,347.888505292744
*C1(c2c(C(=O)O1)cccc2)c1cc(c(cc1)OC(=O)c1cc(ccc1)C(=O)Oc1c(cc(cc1)*)C)C,tg,273.0,260.9124111357534,244.5327898201743,274.10167419773626,259.84895838455463
*c1c2C(=O)N(C(=O)c2c(c2ccccc12)c1ccc(cc1)Oc1ccc(cc1)C(=O)c1ccc(cc1)Oc1ccc(cc1)*)c1c(cccc1)C(F)(F)F,tg,260.0,263.0068298256061,258.3538664032042,259.1068089303605,260.15583505305693
*C(C*)(C(=O)OCCN(c1ccc(cc1)N=Nc1ccc(cc1)C#N)CC)C,tg,116.25,108.26625016112344,105.26959271942965,105.79646973600937,106.44410420552083
*Oc1cc(ccc1)NC(=O)c1ccc(cc1)Oc1ccc(cc1)C(c1ccc(cc1)C(c1ccc(cc1)Oc1ccc(cc1)C(=O)Nc1ccc(cc1)*)(C)C)(C)C,tg,168.0,155.4080128278511,158.36135014833707,151.52688291483847,155.09874863034221
*O[Si](c1c(c(c(c(c1F)F)F)[Si](*)(C)C)F)(C)C,tg,-28.5,-4.454037804856697,-0.33190484490876315,-23.278216119055966,-9.354719589607141
*OC(C*)C,tg,-58.58,-21.370109323568904,-14.101180350172143,-22.153406477182124,-19.208232050307725
*C(C*)(C(=O)OCCBr)C,tg,52.0,63.095628955779965,52.734769959543485,53.994662564516986,56.608353826613474
*Oc1ccc(cc1)Oc1ccc(cc1)C=NCCN=Cc1ccc(cc1)*,tg,101.0,113.14195647104273,118.97023601118552,118.05029922420644,116.72083056881156
*C(C*)CC(C)(C)C,tg,190.0,63.832545868052286,41.99930085124652,74.79641504666587,60.20942058865489
*c1nc2c(c(c1)c1ccccc1)cc(cc2)c1cc2c(nc(cc2c2ccccc2)c2ccc(cc2)C2(c3ccccc3c3ccccc23)c2ccc(cc2)*)cc1,tg,420.0,361.9740028528769,353.5498433495492,345.28424546446865,353.6026972222982
*c1cc2C(c3c(c2cc1)ccc(c3)c1c(c(c(c(c1F)F)*)F)F)(CCCCCCCC)CCCCCCCC,tg,29.0,82.76567213972119,92.5136568045034,91.56905076387135,88.94945990269865
*N1C(=O)c2c(C1=O)cc(cc2)Oc1ccc(cc1)Oc1cc2c(C(=O)N(C2=O)c2ccc(cc2)C(c2ccc(cc2)*)(C)C)cc1,tg,264.0,253.62285720782592,255.91091146487187,258.62012293393803,256.05129720221197
*O[Si](O[Si](c1ccc(cc1)[Si](*)(C)C)(C)C)(C)C,tg,-62.5,-56.51161084888674,-56.97851784272325,-62.50783086184229,-58.66598651781742
*C(C(C(C*)OCCCC)C(=O)OC)C(=O)OC,tg,32.5,24.18089787857306,23.01002880773254,19.00247362670927,22.06446677100496
*Oc1ccc(cc1)C1(c2ccccc2c2ccccc12)c1ccc(cc1)Oc1ccc(cc1)C(=O)C(=O)c1ccc(cc1)*,tg,242.0,232.74995075948812,242.88501617842556,239.13740108322446,238.25745600704604
*N1C(=O)c2c(C1=O)cc(cc2)NC(=O)OCCOc1ccc(cc1)C(c1ccc(cc1)OCCOC(=O)Nc1cc2c(C(=O)N(C2=O)c2cc(ccc2)P(=O)(c2cc(ccc2)*)c2ccccc2)cc1)(C(F)(F)F)C(F)(F)F,tg,214.0,210.41015005382957,199.5263025199884,209.38191184250795,206.43945480544198
*N1C(=O)c2c(C1=O)c(ccc2)c1cc2c(C(=O)N(C2=O)c2cc(ccc2)C(=O)Nc2ccc(cc2)Oc2ccc(cc2)S(=O)(=O)c2ccc(cc2)Oc2ccc(cc2)NC(=O)c2cc(ccc2)*)cc1,tg,263.0,270.2614281080575,270.33972305774535,273.8205013987049,271.4738841881692
*Oc1ccc(cc1)CC(NC(=O)CCc1ccc(cc1)OC(=O)COCC(=O)*)C(=O)OC(C)C,tg,80.0,72.56488208540591,76.0449640278919,74.3013119889256,74.3037193674078
*C1C(=O)N(C(=O)C1CC*)CCCCCCCCCCCCCCCCCC,tg,67.1,34.4834430124488,42.38742084710864,35.80839021109309,37.55975135688351
*Oc1ccc(cc1)NC(=C(C#N)C#N)c1cc(ccc1)C(=C(C#N)C#N)Nc1ccc(cc1)Oc1ccc(cc1)NC(=O)c1ccc(cc1)C(=O)Nc1ccc(cc1)*,tg,274.0,216.85565009565346,232.81050351570872,235.65906462553073,228.4417394122976
*C1C2C(C(=O)N(C2=O)c2cc(ccc2)I)C(C1)C=C*,tg,199.0,207.6227851856938,220.71353942462446,214.62288141284105,214.31973534105308
*NC(=O)CCCCC(=O)NCc1cc(cc(c1)C(C)(C)C)C*,tg,109.0,92.55405917833552,89.65228517942717,109.23266768309232,97.14633734695167
*c1nc2c(nc1c1ccc(cc1)C(=O)NCCCCCCCCNC(=O)c1ccc(cc1)*)cccc2,tg,185.0,168.24682813217882,165.82961063130074,166.35536626091599,166.8106016747985
*Oc1cc(ccc1)*,tg,46.5,87.95495197196692,96.42647494951606,107.18309878559722,97.1881752356934
*Oc1ccc(cc1)C(c1ccc(cc1)OC(=O)C1CCC(CC1)C(=O)*)(C)C,tg,150.0,135.19332158047322,129.254350661375,145.73845545195005,136.7287092312661
*Oc1ccc(cc1)N=Cc1ccc(cc1)Oc1ccc(cc1)C(c1ccc(cc1)Oc1ccc(cc1)C=Nc1ccc(cc1)*)(c1ccccc1)c1ccccc1,tg,211.0,175.71371298161665,170.36105784083378,168.78794914505607,171.6209066558355
*OC(=O)NCCCCCCNC(=O)OCC(C(C(C*)(F)F)(F)F)(F)F,tg,16.0,4.629325352628431,9.264612323664181,1.3711703730493099,5.088369349780641
*N1C(=O)c2c(C1=O)c(ccc2)Oc1c2c(C(=O)N(C2=O)c2ccc(cc2)Oc2ccc(cc2)*)ccc1,tg,292.5,275.46414792899327,272.89275325298297,277.0027907393507,275.11989730710894
*ON(C(C(*)(F)F)(C(F)(F)F)F)C(F)(F)F,tg,-9.0,3.7519761534325817,-0.9756555429421212,-5.385593567522986,-0.8697576523441751
*Oc1c(cc(cc1Br)C(c1cc(c(c(c1)Br)OC(=O)c1cc(ccc1)C(=O)*)Br)(C)C)Br,tg,115.0,183.54793036740065,191.34298622635555,193.7427481892716,189.54455492767593
*c1cc2c(C(=O)N(C2=O)c2c(cc(cc2C)Cc2cc(c(c(c2)C)N2C(=O)c3c(C2=O)cc(cc3)C(=O)OCCN(CCOC(=O)*)c2ccc(cc2)N=Nc2c(cc(cc2)[N+](=O)[O-])C#N)C)C)cc1,tg,216.0,188.95908803886257,189.6541958809802,177.48936916564497,185.3675510284959
*c1nc(ccc1)Oc1ccc(cc1)Oc1ccc(cc1)C(=Nc1ccccc1)c1ccc(cc1)Oc1ccc(cc1)O*,tg,135.0,142.95739994563124,153.89105921709339,135.07357760442267,143.97401225571576
*c1cc2c(C(=O)N(C2=O)c2c(ccc(c2)N2C(=O)c3c(C2=O)cc(cc3)C(=O)Nc2c(cc(cc2C)Cc2cc(c(c(c2)C)NC(=O)*)C)C)N=Nc2ccc(cc2)OC(F)(F)F)cc1,tg,278.0,279.4652578729747,344.237457418481,285.7319672432603,303.14489417823864
*N(c1ccc(cc1)c1ccc(cc1)N(c1ccc(cc1)Cc1ccc(cc1)*)c1ccc(cc1)C)c1ccc(cc1)C,tg,183.0,206.532054118905,215.04830000092403,212.62970534052425,211.4033531534511
*C(C*)c1ccc(cc1)OC,tg,101.33,90.79599287094491,91.48109958272485,95.76140096122853,92.6794978049661
*[Si](c1c(cccc1)C*)(c1ccccc1)C,tg,93.8,91.89653227597873,103.60851194330168,96.99412424492675,97.49972282140239
*Oc1ccc(cc1)OC(=O)c1c(cc(cc1)C(=O)*)Sc1ccc(cc1)C,tg,134.0,121.20627292339347,121.19685793838683,132.84326457492267,125.08213181223432
*c1sc(cc1)C(=O)Oc1ccc(cc1)[Si](c1ccc(cc1)OC(=O)*)(CC)CC,tg,-62.0,-24.378174780165455,-44.000329833410404,-45.21862932968532,-37.865711314420395
*OCC(C*)(C)C,tg,-50.0,4.369740090787536,-20.94647500567629,11.16366297261884,-1.8043573140899714
*Oc1cc(ccc1)NC(=O)c1cc(ccc1)C(=O)Nc1ccc(cc1)Oc1ccc(cc1)C(=O)c1ccc(cc1)*,tg,114.0,165.11854004178306,171.97466796543972,178.12737993483327,171.74019598068534
*NC(=O)NCCCCCCCCC*,tg,125.0,46.80134527541069,44.69561925180672,49.62168468819358,47.03954973847033
*c1cc2c(C(=O)N(C2=O)c2c3c(ccc2)c(ccc3)Oc2ccc(cc2)N2C(=O)c3c(C2=O)cc(cc3)C(=O)Nc2c(cc(cc2)c2cc(c(cc2)NC(=O)*)OC)OC)cc1,tg,304.0,277.4323299159355,279.3699819918002,274.36247999624123,277.054930634659
*Oc1c(cc(cc1)OCCCCC(=O)NNC(=O)c1ccc(cc1)C(=O)NNC(=O)CCCC*)C,tg,139.5,130.12590596062736,113.91321000567244,132.46036421978528,125.49982672869503
*c1cc2c(C(=O)N(C2=O)c2cc(ccc2)Oc2ccc(cc2)N2C(=O)c3c(C2=O)cc(cc3)C(*)(C(F)(F)F)C(F)(F)F)cc1,tg,261.3,265.85793374624603,264.698813702345,254.0080888924679,261.52161211368633
*ON(C(C(=C(C(*)(F)F)F)F)(F)F)C(F)(F)F,tg,-7.0,11.509949016672635,-21.433714317422385,-33.85166605835167,-14.591810453033807
*C(C*)(C(=O)OCCCCCCn1c2ccc(cc2c2ccccc12)N=Nc1c(cc(cc1)[N+](=O)[O-])[N+](=O)[O-])C,tg,125.0,97.9991147295434,106.52459204847935,94.34719653485972,99.6236344376275
*Oc1ccc(cc1)OC(=O)CCCCCCCCC(=O)*,tg,52.8,34.3539041315576,28.406920008944468,31.64509010862872,31.468638083043597
*c1oc2c(n1)ccc(c2)c1ccc2c(oc(n2)CCCCCCCCC*)c1,tg,64.0,109.9828355684037,92.91594845598905,100.07670075296404,100.99182825911892
*OC(=O)c1ccc(cc1)C(=O)OCC1CCC(CC1)C*,tg,83.89,78.80348725927693,75.1578149215164,63.46321168243155,72.4748379544083
*Nc1c(cc(cc1c1ccccc1)c1ccc(cc1)c1cc(c(c(c1)c1ccccc1)NC(=O)c1ccc(cc1)C(=O)*)c1ccccc1)c1ccccc1,tg,135.0,270.7460641960064,265.3399153475088,250.34175582350474,262.1425784556733
*Oc1ccc(cc1)N=CCCCC=Nc1ccc(cc1)OC(=O)Nc1ccc(cc1)Cc1ccc(cc1)NC(=O)*,tg,76.0,138.58711886683358,113.97350661150908,140.18879768301835,130.91647438712036
*c1cc2c(nc(cc2c2ccccc2)Oc2nc3c(c(c2)c2ccccc2)cc(cc3)c2ccc(cc2)Oc2ccc(cc2)*)cc1,tg,268.5,273.9462519847194,265.4890952581215,267.4231339352026,268.95282705934784
*N1C(=O)c2c(C1=O)cc(cc2)S(=O)(=O)c1cc2c(C(=O)N(C2=O)c2ccc(cc2)Oc2ccc(cc2)C(=O)c2ccc(cc2)Oc2ccc(cc2)*)cc1,tg,275.5,262.29894549647383,265.5263062266224,265.25358054097137,264.3596107546892
*NC(=O)C(C*)C,tg,96.0,63.37205855862222,88.62186214264453,65.75943213841504,72.5844509465606
*C(C*)C(=O)Nc1ccc(cc1)C(=O)C=Cc1cc(ccc1)Br,tg,55.0,81.88427275063152,70.99298299337434,76.91597319565471,76.59774297988686
*c1ccc(cc1)C(C(*)(C(=O)OCC)C#N)(C(=O)OCC)C#N,tg,108.0,97.38926830408083,96.17601940194425,104.59298741849011,99.38609170817172
*c1c(nc2c(n1)cc(cc2)c1cc2c(nc(c(n2)c2ccc(cc2)N2C(=O)c3c(C2=O)cc(cc3)C(=O)c2cc3c(C(=O)N(C3=O)c3ccc(cc3)*)cc2)c2ccccc2)cc1)c1ccccc1,tg,260.0,286.8544963168528,278.2105890888291,286.63980064613713,283.9016286839397
*OP(=O)(Oc1c(cc(cc1Br)C(c1cc(c(c(c1)Br)*)Br)(C(F)(F)F)C(F)(F)F)Br)Oc1ccc(cc1)C,tg,146.0,134.86708730591587,134.87983954568008,142.02705378011407,137.25799354390335
*C1(c2c(CO1)cccc2)c1ccc(cc1)OC(=O)c1ccc(cc1)C(=O)Oc1ccc(cc1)*,tg,312.0,251.0694666855721,208.4178996287705,277.37750205822795,245.62162279085683
*OC(=O)NCCCCCCNC(=O)OCCCCCOC(=O)c1c(cccc1)C(=O)O[Pb]OC(=O)c1c(cccc1)C(=O)OCCCCC*,tg,-19.2,2.7320683317301726,-15.117401807658638,12.306495532243071,-0.026279314561798255
*c1cc2c(C(=O)N(C2=O)c2ccc(cc2)Oc2cc3c(cc2)ccc(c3)Oc2ccc(cc2)N2C(=O)c3c(C2=O)cc(cc3)C(=O)Nc2ccc(cc2)Oc2ccc(cc2)C(c2ccc(cc2)Oc2ccc(cc2)NC(=O)*)(C(F)(F)F)C(F)(F)F)cc1,tg,250.0,252.10383882705153,263.6801205129206,269.16855521073995,261.65083818357067
*N1C(=O)c2c(C1=O)cc(cc2)c1cc2c(C(=O)N(C2=O)c2ccc(cc2)Oc2c(cc(cc2C)Cc2cc(c(c(c2)C)Oc2ccc(cc2)*)C)C)cc1,tg,294.33,297.2749594544766,288.75737495139055,282.04689002888625,289.3597414782511
*c1oc2c(n1)cc(cc2)c1cc2c(oc(n2)CN2C(=O)c3c(C2=O)cc(cc3)C(c2cc3c(C(=O)N(C3=O)C*)cc2)(C(F)(F)F)C(F)(F)F)cc1,tg,231.0,271.16293592826645,237.2646499397058,273.8655334881639,260.76437311871206
*Oc1c(cc(cc1)C1(C2CCC(C1)C2)c1cc(c(cc1)OC(=O)*)Cl)Cl,tg,200.0,209.18067779172728,204.8818775764511,188.34253789521225,200.80169775446356
*Oc1c2c(ccc1)c(ccc2)OC(=O)c1ccc(cc1)Oc1ccc(cc1)C(=O)*,tg,171.0,178.53519917086453,165.48617537660525,168.85917502976412,170.96018319241134
*c1cc2c(C(=O)N(C2=O)c2c(cc(cc2C)Cc2cc(c(c(c2)C)N2C(=O)c3c(C2=O)cc(cc3)C(*)(C(F)(F)F)C(F)(F)F)C)C)cc1,tg,307.5,342.69667375672947,327.28186853832983,342.17666183648015,337.3850680438465
*S(=O)(=O)C(C(=CC*)C)C,tg,73.0,73.87948111066277,72.35465918004462,79.67721010571098,75.30378346547279
*NC(=O)CCP(=O)(CCC(=O)NCCCCCC*)c1ccccc1,tg,29.0,54.31747589511642,64.72995884866286,54.906890993331686,57.98477524570365
*c1cc2c(C(=O)N(C2=O)c2ccc(cc2)Sc2ccc(cc2)N2C(=O)c3c(C2=O)cc(cc3)C(=O)*)cc1,tg,276.0,302.55558189606364,293.054322162278,312.228013278415,302.6126391122522
*c1ccc(cc1)C(C(*)(C(=O)OC)C#N)(C(=O)OC)C#N,tg,108.0,111.48251676930148,129.74409281570095,135.27766744786314,125.50142567762187
*c1oc(nc1)c1cc(c(cc1)Oc1ccc(cc1)S(=O)(=O)c1ccc(cc1)Oc1c(cc(cc1)*)C(F)(F)F)C(F)(F)F,tg,210.0,225.35894621055354,205.9426443586736,223.86886481206295,218.39015179376338
*N1C(=O)c2c(C1=O)cc(cc2)C(=O)Oc1ccc(cc1)OC(=O)CCCCC*,tg,89.0,92.80861420960517,87.70856961960305,93.33373058973048,91.28363813964624
*c1cc2c(C(=O)N(C2=O)c2ccc(cc2)Oc2c(cc(cc2C)C(c2cc(c(c(c2)C)Oc2ccc(cc2)N2C(=O)c3c(C2=O)cc(cc3)C(*)(C(F)(F)F)C(F)(F)F)C)c2c3c(ccc2)cccc3)C)cc1,tg,282.0,268.2008946499725,271.7551841353321,266.9258182731266,268.96063235281036
*N1C(=O)c2c(C1=O)c(ccc2)c1cc2c(C(=O)N(C2=O)c2cc(ccc2)OCCCCOc2cc(ccc2)*)cc1,tg,178.0,167.34928097593536,171.52453911332265,169.74632943721116,169.54004984215638
*Oc1c(cc(cc1OC)C=Cc1c(cc(c(c1)C(C)C)C=Cc1cc(c(c(c1)OC)OCCCCCCCC*)OC)C(C)C)OC,tg,85.0,68.89606630245378,82.98186083107223,66.47735473995724,72.78509395782774
*C1C2C(C(=O)N(C2=O)CCCCCCCCC)C(C1)C=C*,tg,52.0,54.821076208232505,59.969730509007036,55.16815240802217,56.65298637508724
*C1C2C(C(=O)N(C2=O)CCCCCCCC)C(C1)C=C*,tg,56.5,58.0561598457287,66.40695761100606,73.77060877241686,66.07790874305054
*Oc1cc(ccc1)C(=O)OC(=O)c1cc(ccc1)OCCC*,tg,53.0,53.10004671552987,47.75246464741339,57.34060682886705,52.7310393972701
*C(C*)(C(=O)OCCCCCCCCCCCOc1ccc(cc1)C(=O)Oc1ccc(cc1)C#N)C,tg,10.0,16.466106706663336,27.982581514061692,24.67689942374411,23.041862548156377
*Oc1ccc(cc1)C(c1ccc(cc1)Oc1ccc(cc1)C(=O)c1ccc(cc1)C(c1ccc(cc1)C(=O)c1ccc(cc1)*)(C(F)(F)F)C(F)(F)F)(C(F)(F)F)C(F)(F)F,tg,185.0,192.55852813707554,177.673175001829,183.92092273809806,184.71754195900087
*C(C*)(C(=O)OCC(=O)Nc1noc(c1)C)C,tg,128.0,80.06821622589261,120.17282286715849,65.775279990241,88.67210636109736
*C1C(C(C(C1)(O)C(F)(F)F)(F)F)(C(C*)(F)F)F,tg,152.0,117.19322026161757,130.12436784076152,115.38725490921782,120.90161433719896
*OC(COC(=O)c1c(cccc1)C(=O)*)C,tg,95.0,87.8717561607662,70.64912205133707,70.78989609087628,76.43692476765985
*C1C(=O)N(C(=O)C1*)CCCCCOc1ccc(cc1)c1ccc(cc1)C#N,tg,75.0,89.61362350258784,84.72580454639188,87.14797946905406,87.16246917267794
*OC(=O)Nc1c(ccc(c1)NC(=O)OCCN(CC*)c1ccc(cc1)c1oc2c(n1)ccc(c2)[N+](=O)[O-])C,tg,156.0,135.0584025468162,146.99693568785077,132.9921475440678,138.34916192624493
*C(=C(*)C)CCCCC,tg,180.0,118.54207849002432,139.3051683131395,81.01428216904637,112.95384299073673
*C(C*)C(C(F)(F)F)(F)F,tg,41.0,-17.36853343078132,18.11313008157272,3.4491378025999264,1.3979114844637757
*c1cc2c(C(=O)N(C2=O)c2cc(c(cc2)Oc2c(cc(cc2)N2C(=O)c3c(C2=O)cc(cc3)C(=O)*)Br)Br)cc1,tg,296.0,299.443382818674,283.54011980762925,295.7763362934782,292.91994630659383
*OC(C*)COC(=O)c1ccc(cc1)N1C(=O)C2C(C1=O)C1C=CC2C1,tg,62.5,151.76805152999148,133.98809689340206,136.79683165654467,140.8509933599794
*Oc1ccc(cc1)S(=O)(=O)c1ccc(cc1)Oc1c(cc(cc1C)c1cc(c(c(c1)C)*)C)C,tg,268.07,249.87019470644424,244.38561450907955,245.4060251685167,246.55394479468018
*N(CC(C*)O)c1ccccc1,tg,65.75,93.33009331893683,70.05523375198418,85.39725521610158,82.92752742900753
*N(CC*)C(=O)c1c(cccc1)F,tg,109.0,97.46293022813823,102.57194700503061,93.24700696441819,97.76062806586235
*c1nc(ccc1)Oc1ccc(cc1)Oc1ccc(cc1)S(=O)c1ccc(cc1)Oc1ccc(cc1)O*,tg,138.0,133.37651072424035,147.77664557385864,139.7017363382077,140.28496421210224
*C(C*)(C(=O)OCCN(c1cc(c(cc1)N=Nc1ccc(cc1)OC)C)CC)C,tg,95.0,104.33392799189667,104.82774379885666,75.44161954500993,94.86776377858776
*Nc1c(cccc1)c1ccc(cc1)NC(=O)c1cc(ccc1)C(=O)*,tg,248.0,267.32009333837834,278.933671842021,270.0200247168576,272.09126329908565
*C(C*)(C(=O)OCc1c(cccc1Cl)Cl)C,tg,58.9,55.724793398928846,55.9123098426811,45.99583590656009,52.544313049390006
*C(C*)(C(=O)OCCC)F,tg,62.0,83.29987399661997,79.43748544299007,72.51250064910002,78.41662002957001
*c1nc2c(c(c1c1ccccc1)c1ccc(cc1)Oc1ccc(cc1)c1c(c(nc3c1cccc3)c1ccc(cc1)c1ccc(cc1)*)c1ccccc1)cccc2,tg,345.0,315.16032379960166,321.3092483194671,309.32074692240366,315.2634396804908
*N1C(=O)c2c(C1=O)cc(cc2)NC(=O)OCCOc1ccc(cc1)C(c1ccc(cc1)OCCOC(=O)Nc1cc2c(C(=O)N(C2=O)c2cc(ccc2)P(=O)(c2cc(ccc2)*)C)cc1)(C(F)(F)F)C(F)(F)F,tg,204.0,214.92556985198115,198.05126551900656,213.4503808857829,208.8090720855902
*OP(=O)(Oc1ccc(cc1)S(=O)(=O)c1ccc(cc1)*)Oc1ccc(cc1)C,tg,66.0,86.62144915099177,86.75492139848893,85.68827965122094,86.35488340023387
*Oc1ccc(cc1)C(=O)OCCN(CCOC(=O)c1ccc(cc1)OCC#CC#CC*)c1ccc(cc1)N=Nc1ccc(cc1)N=Nc1cc(c(c(c1)C)C#N)C,tg,120.0,119.61956358057202,115.48840712935429,138.4260441900374,124.51133829998791
*C(C*)(C(=O)OCCC(C(C(C(C(C(C(C(F)(F)F)(F)F)(F)F)(F)F)(F)F)(F)F)(F)F)(F)F)C,tg,31.25,69.97784923175837,59.660079007230664,73.9245669307361,67.85416505657504
*C1C(CC(C1)C(O)(C(F)(F)F)C(F)(F)F)(C(C*)(F)F)F,tg,118.0,139.36179201955946,123.1247607067506,129.3704933261199,130.61901535080997
*c1nc(ccc1)N1C(=O)N(C(=O)C1=O)c1ccc(cc1)Cc1ccc(cc1)N1C(=O)N(C(=O)C1=O)*,tg,216.67,211.11378728046108,266.1925318768915,216.40948887694904,231.23860267810053
*c1cc2c(C(=O)N(C2=O)c2ccc(cc2)Oc2ccc(cc2)N2C(=O)c3c(C2=O)cc(cc3)C(=O)Nc2ccc(cc2)S(=O)(=O)c2ccc(cc2)NC(=O)*)cc1,tg,275.0,285.65259051996145,288.978322217764,288.9223145259833,287.8510757545696
*N1C(=O)c2c(C1=O)cc(cc2)S(=O)(=O)c1cc2c(C(=O)N(C2=O)c2cc(c(cc2)Oc2c(cc(cc2C(C)(C)C)c2ccc(cc2)*)C(C)(C)C)C(F)(F)F)cc1,tg,365.5,352.66161722938244,346.09549934219683,355.61578578171924,351.4576341177662
*ON(C(C(*)(F)F)(F)F)C(F)(F)F,tg,-40.62,-43.63196534898926,-26.364013310377544,-39.04517154187004,-36.34705006707895
*C(C*)(C(=O)OC12CC3(CC(CC(C1)C3)(C2)C)C)CC(=O)OC,tg,144.0,173.5066498688169,170.4819687829683,166.26382697415133,170.08414854197883
*OP(=O)(N=Nc1ccc(cc1)c1ccc(cc1)N=NP(=O)(OCC*)OCC)OCC,tg,43.0,34.94941725967027,43.333516900093386,48.01375847086223,42.09889754354196
*Nc1c(cc(c(c1)[N+](=O)[O-])NC(=O)CCCCCCC(=O)*)C=Cc1ccc(cc1)N(C)C,tg,177.6,161.09476444191597,158.9706157135731,160.94222130460082,160.3358671533633
*N1C(=O)c2c(C1=O)cc(cc2)Oc1ccc(cc1)Sc1ccc(cc1)Oc1cc2c(C(=O)N(C2=O)c2ccc(cc2)Oc2ccc(cc2)C(=O)c2cc(ccc2)C(=O)c2ccc(cc2)Oc2ccc(cc2)*)cc1,tg,192.0,195.90908571307736,193.12142091899474,205.91714066625488,198.31588243277565
*c1nc2c(nc1)cc(cc2)c1ccc2c(nc(cn2)c2ccc(cc2)*)c1,tg,376.0,368.9712193658121,367.37044475749565,368.3404449970638,368.2273697067905
*Nc1ccc(cc1)c1ccc(cc1)NC(=O)c1cc(cc(c1)NC(=O)c1ccc(cc1)NC(=O)C(N1C(=O)c2c(C1=O)cccc2)C)C(=O)*,tg,202.0,254.99934803157453,251.8857958696828,262.54103314659113,256.4753923492828
*c1c(cc(cc1)*)C(=O)c1ccc(cc1)F,tg,194.0,182.92566205184465,180.0947802358393,204.7884738633983,189.26963871702742
*c1ccc(cc1)C(=Cc1c(cc(c(c1)OC)C=C(*)c1ccc(cc1)F)OC)c1ccc(cc1)F,tg,193.0,181.527012487457,175.51361019224657,196.38184569701852,184.47415612557404
*C(C*)C(=O)OC1C2(CCC(C1)C2(C)C)C,tg,98.6,112.93629183156808,121.02023633126623,138.26845014358298,124.07499276880577
*c1cc2c(C(=O)N(C2=O)c2ccc(cc2)Oc2ccc(cc2)N2C(=O)c3c(C2=O)cc(cc3)C(=O)c2ccc(cc2)Oc2ccc(cc2)Oc2ccc(cc2)C(=O)*)cc1,tg,220.0,227.22120204422401,225.04615272180118,221.32820701589347,224.5318539273062
*NC(=O)CCCCCC*,tg,51.14,50.15922692865261,40.17106785139141,61.8158512725054,50.715382017516475
*c1cc2c(C(=O)N(C2=O)c2cc(c(cc2)Oc2c(cc(cc2)N2C(=O)c3c(C2=O)cc(cc3)C(=O)Nc2ccc(cc2)c2ccc(cc2)NC(=O)*)c2ccccc2)c2ccccc2)cc1,tg,358.0,303.061690033559,311.2942885809483,288.43904106023035,300.9316732249126
*c1sc(cc1)Oc1ccc(cc1)C(c1ccc(cc1)Oc1ccc(cc1)S(=O)(=O)*)(C)C,tg,160.93,137.26348292258345,168.0710334256652,127.57438916414328,144.30296850413063
*NC(=O)CCCCC(=O)NCCCC*,tg,59.62,56.65498740061086,62.492952787504564,61.247086109936184,60.13167543268387
*c1cc2c(C(=O)N(C2=O)c2ccc(cc2)c2cc(c(cc2)Oc2cc3c(C(CC3(c3ccc(cc3)Oc3c(cc(cc3)c3ccc(cc3)N3C(=O)c4c(C3=O)cc(cc4)C(=O)*)C(F)(F)F)C)(C)C)cc2)C(F)(F)F)cc1,tg,252.0,264.70050666302745,255.25672105829995,265.57755554806266,261.8449277564634
*OC(=O)CCCCC(=O)OCC(C(C(C*)(F)F)(F)F)(F)F,tg,-60.5,-41.472014964831445,-37.21323876012252,-19.98962901371454,-32.89162757955617
*c1c(nc2c(n1)cc(cc2)Oc1ccc(cc1)NC(=O)c1cc2c(C(=O)N(C2=O)c2ccc(cc2)C(c2ccc(cc2)N2C(=O)c3c(C2=O)cc(cc3)C(=O)Nc2ccc(cc2)Oc2cc3c(nc(c(n3)c3ccc(cc3)Oc3ccc(cc3)*)c3ccc(cc3)[N+](=O)[O-])cc2)(C(F)(F)F)C(F)(F)F)cc1)c1ccc(cc1)[N+](=O)[O-],tg,303.0,296.94515031159006,294.2924734759407,299.96383661432503,297.06715346728527
*C(C*)(C(=O)Oc1ccc(cc1)N=Nc1ccc(cc1)[N+](=O)[O-])C,tg,145.0,129.79013293824113,129.1133649909855,119.05501301257002,125.98617031393223
*C=CC(C(*)C(=O)OCCN(c1ccc(cc1)N(C)C)C)C,tg,16.0,41.19075961222193,36.36043178746601,37.591527788449135,38.380906396045695
*C(C*)c1c(ccc(c1)Br)OC(C)C,tg,35.0,82.23420247910688,90.0453553712066,82.59507401310007,84.95821062113787
*c1ccc2N(c3c(Sc2c1)cc(cc3)c1sc(c(c1CCCCCC)CCCCCC)C=CC1=CC(=C(C#N)C#N)C=C(O1)C=Cc1sc(c(c1CCCCCC)CCCCCC)*)CCCCCC,tg,130.0,124.67303332180062,126.05006660621598,139.63825031093617,130.12045007965094
*N1C(=O)c2c(C1=O)cc(cc2)C(=O)c1cc2c(C(=O)N(C2=O)CCC(=O)Nc2ccc(cc2)Cc2ccc(cc2)NC(=O)CC*)cc1,tg,221.0,203.891429959794,207.2810608968756,196.0038078145823,202.39209955708395
*c1[nH]c(nc1c1ccc(cc1)Oc1ccc(cc1)C(=O)c1ccc(cc1)Oc1ccc(cc1)*)c1ccccc1,tg,259.0,235.98795482032585,240.09837450789033,239.35085043945918,238.47905992255846
*c1nc2c(nc1)ccc(c2)c1ccc2c(nc(cn2)c2ccc(cc2)c2ccc(cc2)c2ccc(cc2)*)c1,tg,305.0,326.74892464168073,341.4257777088077,332.9149779423032,333.6965600975972
*N1C(=O)c2c(C1=O)cc(cc2)C(=O)c1cc2c(C(=O)N(C2=O)CCCCCCCCCCC(=O)Nc2ccc(cc2)Cc2ccc(cc2)NC(=O)CCCCCCCCCC*)cc1,tg,136.0,150.45618761460688,146.6101808436658,171.22204771931098,156.0961387258612
*O[Si](*)(CCCCCn1c2ccccc2c2ccccc12)C,tg,7.0,11.640600279462452,2.260809462091345,13.456108261212671,9.119172667588822
*C(C*)C(=O)OCC(F)(F)F,tg,0.97,8.40802822072536,16.997311154826335,9.651058352218131,11.685465909256608
*c1sc(cc1)c1sc(cc1)c1sc(cc1)c1sc(cc1)[Si]([Si](*)(CCCC)CCCC)(CCCC)CCCC,tg,-1.0,-4.972190755776311,-3.2183123765987034,-7.739236640011393,-5.309913257462136
*c1ccc2c3n(c4ccc(cc4n3)c3cc4n5c(nc4cc3)c3cccc4c(ccc(c5=O)c34)Oc3ccc(cc3)C(c3ccc(cc3)O*)(c3ccccc3)c3ccccc3)c(=O)c3cccc1c23,tg,357.0,377.0802257095465,377.41399087841467,344.39182673642335,366.29534777479483
*Oc1ccc(cc1)c1ccc(cc1)OC1(C(C(C1(F)F)(F)F)(*)F)F,tg,157.93,107.7816699398244,118.90505111880043,114.33633754001762,113.67435286621414
*c1nc(sc1)N=Cc1ccc(cc1)OCCCCCCCCOc1ccc(cc1)C=Nc1nc(cs1)c1ccc(cc1)Oc1ccc(cc1)*,tg,150.0,104.71355757252815,122.8862691107188,119.97790724723562,115.8592446434942
*N1C(=O)N(C(=O)C1=O)c1ccc(cc1)Oc1ccc(cc1)N1C(=O)N(C(=O)C1=O)c1c(cccc1)CCc1ccc(cc1)*,tg,208.0,217.35520973000786,225.8976898274954,222.4520023297779,221.90163396242704
*OC(COC(=O)c1cc(ccc1)C(C(C(c1cc(ccc1)C(=O)OCC(*)(F)F)(F)F)(F)F)(F)F)(F)F,tg,30.0,41.45802226958756,22.74748064155841,46.778834560214264,36.99477915712008
*C(C*)c1ccc(cc1)Br,tg,132.66,146.73577327268688,117.57363038342447,135.33198427668646,133.2137959775993
*NC(=O)c1cc(ccc1)C(=O)NCC(CCC*)(C)C,tg,153.0,142.08575826563958,137.76004833485743,141.3883818684078,140.4113961563016
*OP(=O)(N=Nc1ccc(cc1)Oc1ccc(cc1)N=NP(=O)(OCC1CCC(CC1)C*)OC)OC,tg,50.0,53.9737314696429,58.64300320141906,44.28351949520514,52.30008472208903
*c1cc2c(C(=O)N(C2=O)c2cc(c(cc2)Oc2c(cc(cc2)N2C(=O)c3c(C2=O)cc(cc3)C(=O)Nc2cc(c(cc2)Oc2c(cc(cc2)NC(=O)*)c2ccccc2)c2ccccc2)c2ccccc2)c2ccccc2)cc1,tg,369.0,338.8589439591065,338.7381629179872,334.9139521891266,337.5036863554067
*Oc1ccc(cc1)C(c1ccc(cc1)OCC(COc1c(cc(cc1Cl)C(c1cc(c(c(c1)Cl)OCC(C*)O)Cl)(C)C)Cl)O)(C)C,tg,100.0,116.51400669025271,119.15087384585982,125.1362032301803,120.26702792209761
*c1cc2C(c3c(c2cc1)ccc(c3)c1ccc(cc1)c1c(c(cc(c1)c1ccc(cc1)OCCCCCC)c1ccc(cc1)*)c1ccc(cc1)OCCCCCC)(CCCCCC)CCCCCC,tg,98.5,115.79304573397111,112.34514714910156,109.73202192686425,112.62340493664566
*Oc1c(c2c(cc1)cccc2)Sc1c2c(ccc1OCC(=O)Nc1ccc(cc1)Oc1ccc(cc1)NC(=O)C*)cccc2,tg,245.0,237.56057457100462,231.91128862988091,230.91197137242324,233.46127819110293
*C(C*)(C(=O)OCCCCc1ccccc1)C,tg,9.0,33.06042933045675,36.22493185560748,47.05441153718513,38.779924241083116
*C(C*)OCCOCCOCCOC,tg,-71.3,-53.43441801652121,-56.124056410888926,-35.229036257653206,-48.26250356168779
*C(C(CCCCCCCC*)c1ccc(cc1)O)c1c(cc(cc1)O)C,tg,-12.0,3.309053758205056,11.031489129971959,4.577745673648032,6.306096187275016
*OC(=O)OCC1(CC=CCC1)C*,tg,30.0,30.81051407787219,38.70025483182867,40.07693613277957,36.52923501416014
*Oc1cc(ccc1)Oc1ccc(cc1)NC(=O)c1ccc(cc1)Oc1cc(ccc1)Oc1ccc(cc1)C(=O)Nc1ccc(cc1)*,tg,176.5,168.9181424972396,164.28067700652431,165.44536611300944,166.21472853892445
*Oc1ccc(cc1)CC(NC(=O)CCc1ccc(cc1)OC(=O)CCCCCCC(=O)*)C(=O)OC,tg,55.5,64.29486436001645,51.990498592469436,63.22879389199177,59.83805228149256
*Nc1ccc(cc1)C1(c2ccccc2c2ccccc12)c1ccc(cc1)NC(=O)c1cc(ccc1)C(=O)*,tg,277.0,299.8680645808266,321.38084779755843,298.8085428116171,306.6858183966674
*c1cc2c(C(=O)N(C2=O)c2ccc(cc2)Oc2ccc(cc2)N2C(=O)c3c(C2=O)cc(cc3)C(=O)Nc2ccc(cc2)Oc2c(cccc2)c2c(cccc2)Oc2ccc(cc2)NC(=O)*)cc1,tg,244.0,241.4132920468926,247.09891485647654,242.6927877477405,243.73499821703658
*C(C*)C(=O)Oc1ccc(cc1)C#N,tg,92.0,101.24811858209806,93.80036248531954,112.53172537645108,102.52673548128955
*N1C(=O)c2c(C1=O)cc(cc2)Oc1cc2c(C(=O)N(C2=O)CC2C3C(CC2)C2C(CC3C2)C*)cc1,tg,201.0,205.5575510818813,214.66229073822282,217.72186617428693,212.64723599813033
*C1COC2C1OCC2OC(=O)CCCCCCCCC(=O)O*,tg,109.0,20.70660943502469,18.631205861649335,13.82464840448689,17.720821233720304
*Oc1c(cc(cc1C)S(=O)(=O)c1cc(c(c(c1)C)OCC(COc1c(cc(cc1C)C(c1cc(c(c(c1)C)OCC(C*)O)C)(C)C)C)O)C)C,tg,145.0,122.21483691113008,142.21336320535858,115.82095367214053,126.74971792954307
*OC(=O)NC(=O)c1ccc(cc1)C(=O)NC(=O)OCC(C*)(C)C,tg,102.0,94.42829436171006,116.68703517881679,99.71123939968975,103.60885631340552
*OC(*)C,tg,-21.07,-35.19258493735028,-37.166643922260306,-37.4768578409095,-36.612028900173364
*Oc1ccc(cc1)C(=O)OCC*,tg,77.67,79.8543195200122,76.01145524028212,86.10472934893907,80.65683470307779
*c1cc2c(nc([nH]2)S(=O)(=O)c2nc3c([nH]2)ccc(c3)c2cc(ccc2)*)cc1,tg,286.5,303.4474349396826,325.40951719303877,302.0421695799985,310.2997072375733
*c1cc2c(C(=O)N(C2=O)c2ccc(cc2)c2nc(cc(c2)c2ccc(cc2)OC)c2ccc(cc2)N2C(=O)c3c(C2=O)cc(cc3)C(=O)*)cc1,tg,331.0,345.1093377529986,339.7837696156986,333.5709311749895,339.48801284789556
*Oc1ccc(cc1)Oc1ccc(cc1)C(=O)c1cc(ccc1)c1cc(ccc1)C(=O)c1ccc(cc1)*,tg,154.0,157.29032107432758,151.57358738363413,178.70859257608845,162.52416701135004
*c1c(cc(cc1)CC*)CC,tg,25.0,56.350608675753975,57.319035275201614,64.77908798371404,59.48291064488988
*N1C(=O)c2c(C1=O)cc(cc2)Oc1cc2c(C(=O)N(C2=O)c2c(ccc(c2)C(c2cc(c(cc2)OCCN(c2ccc(cc2)C=CC2=CC(=C(S(=O)(=O)C)C#N)CC(C2)(C)C)c2ccccc2)*)(C(F)(F)F)C(F)(F)F)OCCN(c2ccc(cc2)C=CC2=CC(=C(S(=O)(=O)C)C#N)CC(C2)(C)C)c2ccccc2)cc1,tg,234.0,219.4162915369545,214.86644568378267,219.1006394319621,217.7944588842331
*OCC(C*)O,tg,17.0,-20.098925747082987,-16.643170175329743,-29.500722388542012,-22.080939436984917
*OC(=O)OCCOCC*,tg,-40.0,-11.744816555472358,-34.05734514859742,-1.9970410572308621,-15.933067587100211
*Oc1ccc(cc1)C(c1ccc(cc1)OC(=O)*)(CC)c1ccccc1,tg,147.0,185.35663719568888,190.8867832035468,180.76289161296862,185.66877067073474
*c1cc2c(C(=O)N(C2=O)c2ccc(cc2)Oc2ccc(cc2)C2(C3C4C(CCC4)C(C2)C3)c2ccc(cc2)Oc2ccc(cc2)N2C(=O)c3c(C2=O)cc(cc3)C(=O)Nc2ccc(cc2)Oc2ccc(cc2)Oc2ccc(cc2)NC(=O)*)cc1,tg,257.0,258.49226110975553,259.85200620966896,259.7803090762997,259.37485879857473
*Oc1cc(ccc1)Oc1ccc(cc1)Oc1c(cc(cc1)S(=O)(=O)c1cc(c(cc1)Oc1ccc(cc1)Oc1cc(ccc1)Oc1ccc(cc1)c1ccc(cc1)*)S(=O)(=O)O[Na])S(=O)(=O)O[Na],tg,283.0,272.1158528148213,280.6026220025278,273.5436388306887,275.42070454934594
*C(C*)(C(=O)OCCCCCCOc1ccc(cc1)N=Nc1ccc(cc1)OCCCC)C,tg,79.0,73.63192016244341,79.92230530771323,48.975154740806865,67.5097934036545
*OC(=O)NC(=O)c1cc(ccc1)C(=O)NC(=O)OCC(C*)CCCC,tg,64.0,105.1553872775224,98.28851040478114,88.49426854901611,97.31272207710656
*c1c2c(c(nn1)c1ccc(cc1)Oc1ccc(cc1)C(c1ccc(cc1)Oc1ccc(cc1)*)(C)C)c(c(c(c2c1ccc(cc1)F)c1ccc(cc1)F)c1ccc(cc1)F)c1ccc(cc1)F,tg,276.67,276.857834250873,268.2152288401316,277.8415886527925,274.30488391459903
*C=CC(C(*)C(=O)OC)C,tg,53.0,50.820901495150444,48.9324127257715,43.180915652019145,47.64474329098036
*Nc1ccc(cc1)CC(NC(=O)CCC(=O)*)(C)C,tg,158.0,113.20503619538127,136.88112188580567,118.80485763577416,122.9636719056537
*OC(=O)c1cc2c(cc1)cc(cc2)C(=O)OCCCCCCC*,tg,44.25,51.092963925913715,49.21957127471863,50.708461222566406,50.34033214106625
*NC(=O)C(CC(C(=O)NCCCCCC*)CC)CC,tg,94.0,81.38872861402675,77.03076493153327,79.23704228908099,79.21884527821366
*Oc1ccc(cc1)C(=O)c1ccc(cc1)OCCCCCCOC(=O)OCCCCCCCCCOC(=O)OCCCCCC*,tg,-6.0,-11.817248273935027,-6.245279868938155,-7.248713614904946,-8.437080585926044
*C(C*)(c1cc2c(cc1)cccc2)C,tg,208.0,151.6176046734209,189.620623261261,159.86173145358504,167.033319796089
*Oc1ccc(cc1)NC(=O)c1c(cc(cc1)c1cc(c(cc1)C(=O)Nc1ccc(cc1)Oc1ccc(cc1)C(c1ccc(cc1)*)(C)C)C)C,tg,230.0,218.03871846743223,215.68512785140274,214.10553974488707,215.94312868790735
*Oc1ccc(cc1)N=CCCCC=Nc1ccc(cc1)OC(=O)NCCCCCCNC(=O)*,tg,72.0,65.76333825193556,59.2806762410536,70.78302848861705,65.27568099386873
*C(C*)(C(=O)OCCOCCOCCOCCOc1ccc(cc1)N=Nc1ccc(cc1)C#N)C,tg,20.0,27.02800740718471,25.589477852655875,27.323484529086908,26.646989929642498
*S(=O)(=O)C1C(CCCC1)*,tg,77.0,63.79569787746496,59.93040659241055,88.74852802991953,70.82487749993167
*C(C*)c1nc(ccc1)C,tg,92.0,115.38901484926897,104.74165146029216,133.02323410696627,117.71796680550915
*OC(=O)c1cc(ccc1)C(=O)OCCOCC*,tg,16.0,-14.721426891298336,2.752319212086917,-0.5954032530301472,-4.188170310747188
*Oc1ccc(cc1)C(c1ccc(cc1)Oc1c(c(c(c(c1F)F)C(=O)c1c(c(c(c(c1F)F)*)F)F)F)F)(c1ccccc1)C,tg,175.0,148.70675412508913,173.68632152967518,160.44493297353284,160.94600287609904
*C(C*)c1c(cccc1)COCCCCC,tg,47.0,43.05136720712959,30.69962480316464,36.34637376465035,36.699121924981526
*Oc1ccc(cc1)CC(NC(=O)CCc1ccc(cc1)OC(=O)CCCCCCCCC(=O)*)C(=O)OCCOCCOCC,tg,2.0,3.6121305160655957,11.858625648877023,12.05455790610036,9.17510469034766
*Nc1c(ccc(c1)NC(=O)c1cc(cc(c1)NC(=O)C(C(CC)C)N1C(=O)c2c(C1=O)cccc2)C(=O)*)C,tg,166.0,188.06105927584565,215.36037746795304,215.77345079726058,206.39829584701977
*Oc1c(cc(cc1Cl)*)Cl,tg,179.18,177.47352532967756,171.01796973455592,152.87485544773224,167.1221168373219
*C(C*)OC(=O)C1(CCCCC1)C,tg,86.0,80.93322918005092,77.1493633684513,81.4574665502926,79.84668636626493
*C(C*)(C(=O)OC(C(F)(F)F)C(F)(F)F)C,tg,73.0,93.65472760324737,99.65018032324079,104.25872449045542,99.18787747231454
*C1C2C(C(=O)N(C2=O)c2ccc(cc2)Cl)C(C1)C=C*,tg,226.3,223.57449393980562,235.29617896012377,228.73493070853098,229.2018678694868
*c1c(cc(c(c1)OC)C=C*)OCCCC,tg,65.0,85.90663198173537,94.67970749951495,75.89248876584199,85.49294274903077
*OC(=O)c1ccc(cc1)C(C(C(c1ccc(cc1)C(=O)*)(F)F)(F)F)(F)F,tg,98.0,97.84846512221195,106.19198693034899,73.3441051112056,92.46151905458885
*OC(=O)NCCCCCCNC(=O)OCC(C(C*)(F)F)(F)F,tg,9.0,17.100105880616912,16.385350594323782,13.90092520123705,15.795460558725914
*C(C*)CO,tg,36.0,56.12345952900267,50.898896420709306,67.35861707976069,58.12699100982422
*c1[nH]c(nc1c1ccc(cc1)Oc1ccc(cc1)C(=O)c1ccc(cc1)Oc1ccc(cc1)C(=O)c1ccc(cc1)Oc1ccc(cc1)*)c1ccccc1,tg,239.0,226.05956693812885,226.83398179733297,220.15564684542605,224.34973186029595
*Oc1c(c(c(c(c1F)F)c1c(c(c(c(c1F)F)Oc1ccc(cc1)C(c1ccc(cc1)*)(C(F)(F)F)C(F)(F)F)F)F)F)F,tg,148.69,137.5948055574497,160.1257826867222,135.33575220151724,144.35211348189637
*NC(=O)c1c(cc(cc1)C(=O)NCCCCCC*)Sc1ccccc1,tg,121.0,117.38949608141877,119.54974685462768,117.05428114442324,117.99784136015656
*N1C(CN(C(C1)C)C(=O)Nc1ccc(cc1)c1ccc(cc1)NC(=O)*)C,tg,250.0,238.00217529833662,268.94297677789734,180.41223725456933,229.11912977693441
*N1C(=O)c2c(C1=O)cc(cc2)Oc1ccc(cc1)C(c1ccc(cc1)Oc1cc2c(C(=O)N(C2=O)c2cc(ccc2)P(=O)(c2cc(ccc2)*)C)cc1)(C)C,tg,228.0,236.5025146929682,231.52424455788807,238.61222206972883,235.5463271068617
*Oc1ccc(cc1)OC(=O)c1c(cc(cc1)C(=O)*)Oc1ccc(cc1)c1ccccc1,tg,112.5,123.67996854565999,125.90070410505673,136.92882147295973,128.8364980412255
*Oc1c2c(ccc1)ccc(c2)Oc1ccc(cc1)NC(=O)c1ccc(cc1)C(c1ccc(cc1)C(=O)Nc1ccc(cc1)*)(C(F)(F)F)C(F)(F)F,tg,252.0,228.21013322507108,224.34227160266303,240.72524352066057,231.09254944946488
*NC(=O)CCCCCC(=O)NCCCCCCC*,tg,55.0,48.38181691480876,52.97455383625359,47.67508052296865,49.677150424676995
*N1C(=O)c2c(C1=O)cc(cc2)Oc1ccc(cc1)Oc1ccc(cc1)Oc1cc2c(C(=O)N(C2=O)c2ccc(cc2)Oc2ccc(cc2)Oc2ccc(cc2)*)cc1,tg,198.5,201.61450851868284,208.47452289137874,209.48410306884014,206.5243781596339
*C1=CC(=C(C#N)C#N)C=C(O1)C=Cc1sc(c(c1CCCCCC)CCCCCC)c1sc(cc1)c1sc(cc1)c1sc(c(c1CCCCCC)CCCCCC)C=C*,tg,112.0,123.36335303508048,118.73260089195111,133.0290470952733,125.04166700743497
*OC(C#CC#CC(OC(=O)c1ccc(cc1)C(=O)*)C)C,tg,133.0,96.81321403752936,90.24174095348948,101.10337819020269,96.05277772707386
*Oc1ccc(cc1)OC(=O)Oc1ccc(cc1)C(c1ccc(cc1)OC(=O)*)(C)C,tg,97.0,103.32889531764023,111.08300842308046,117.74236425471383,110.7180893318115
*c1cc2c(C(=O)N(C2=O)c2cc(ccc2)S(=O)(=O)c2cc(ccc2)N2C(=O)c3c(C2=O)cc(cc3)C(*)(C(F)(F)F)C(F)(F)F)cc1,tg,262.38,271.97834026806566,288.91787107342736,283.564055929343,281.48675575694534
*OC(=O)CC*,tg,-24.18,-6.875820700120784,-6.954889816850908,-26.015084444872652,-13.281931653948115
*C(C*)OC(=O)C(C(F)(F)F)(F)F,tg,42.0,29.18378719302064,37.3988462736645,38.2200240486145,34.93421917176655
*C1CC2CC(CC(C1)O2)OC(=O)Nc1ccc(cc1)Cc1ccc(cc1)NC(=O)O*,tg,200.0,177.15517946517457,187.82388032557049,187.44743751368205,184.14216576814238
*NC(=O)CCCCCC(=O)NCC(CCC*)(C)C,tg,70.5,53.72436765420626,65.26191684777059,58.81152152416901,59.265935342048614
*OC(=O)NCC(C(C(C(CNC(=O)OCC(C(C(C(C*)(F)F)(F)F)(F)F)(F)F)(F)F)(F)F)(F)F)(F)F,tg,20.0,1.5493060757117965,24.791374701519786,9.410234933159403,11.916971903463661
*c1nc2c(c(c1)c1ccccc1)cc(cc2)*,tg,415.0,296.4861736505475,276.577356257539,281.3865456821478,284.81669186341145
*N1C(=O)c2c(C1=O)cc(cc2)Oc1cc2c(cc1Oc1cc3c(C(=O)N(C3=O)c3c(cc(cc3C)c3cc(c(c(c3)C)*)C)C)cc1)cccc2,tg,308.0,337.23700252704435,322.49166383340923,323.2257749536079,327.65148043802054
*N1C(=O)c2c(C1=O)cc(cc2)Oc1cc(ccc1)Oc1cc2c(C(=O)N(C2=O)c2ccc(cc2)Oc2cc(ccc2)Oc2ccc(cc2)*)cc1,tg,188.0,206.41999553169055,193.4659318500675,210.50710830967543,203.46434523047785
*Oc1ccc(cc1)NC(=O)c1cc(ccc1)C(=O)Nc1ccc(cc1)Oc1ccc(cc1)C(c1ccc(cc1)*)(C(F)(F)F)C(F)(F)F,tg,226.25,228.4886395648587,226.07962224235416,228.7902283575556,227.78616338825614
*N1C(=O)c2c(C1=O)cc(cc2)C(c1cc2c(C(=O)N(C2=O)CC*)cc1)(C(F)(F)F)C(F)(F)F,tg,180.0,213.12106983643852,211.90111594997634,216.31173418936427,213.77797332525972
*N1C(=O)c2c(C1=O)cc(cc2)c1cc2c(C(=O)N(C2=O)c2cc(c(c(c2)C(=O)OCCCCCC)c2c(cc(cc2Br)*)C(=O)OCCCCCC)Br)cc1,tg,154.0,131.65567701434026,130.76754503302445,149.95455928514284,137.4592604441692
*C(C*)(C(=O)OCCCCCOc1ccc(cc1)OC(=O)c1ccc(cc1)OC)C,tg,38.0,40.009669034058255,35.212584747798104,40.52982678764007,38.58402685649881
*Oc1ccc(cc1)Oc1ccc(cc1)NC(=O)c1ccc(cc1)Oc1c(cc(cc1)Oc1ccc(cc1)C(=O)Nc1ccc(cc1)*)c1ccccc1,tg,209.0,196.38764705278533,203.79786476361298,200.10125116291042,200.09558765976956
*C(C(C(C*)C#N)CCC(O)(C)C=C)(C)C,tg,50.0,81.27700680822281,88.98896066015791,69.74050157008291,80.00215634615455
*OC(=O)CCCCCCCCCCCCCCCCCCCCCCCCCCCCCCCCCCC(=O)OCCCC*,tg,-55.0,-61.181876483426464,-48.58994159252774,-53.26115815162865,-54.34432540919428
*N(c1ccc(cc1)C=C(c1c(cc(c(c1)OCCCCCCCC)C(=Cc1ccc(cc1)*)C#N)OCCCCCCCC)C#N)c1ccccc1,tg,78.0,111.01053404200864,101.35470226160103,117.58838533024614,109.9845405446186
*c1ccc2N(c3c(Sc2c1)cc(cc3)c1sc(cc1)c1sc(cc1)c1ccc2N(c3c(Sc2c1)cc(cc3)C=C*)c1ccc(cc1)OCCCCCCCCCCCC)c1ccc(cc1)OCCCCCCCCCCCC,tg,115.8,130.8979825112292,135.8695046874147,122.09609448709026,129.62119389524472
*N1C(=O)c2c(C1=O)cc(cc2)Oc1ccc(cc1)Sc1ccc(cc1)Oc1cc2c(C(=O)N(C2=O)c2ccc(cc2)Oc2cc(ccc2)Oc2ccc(cc2)*)cc1,tg,178.0,189.77126887551177,183.51389715604262,191.61861897755713,188.30126166970385
*c1cc2c(C(=O)N(C2=O)c2cc(ccc2)S(=O)(=O)c2cc(ccc2)N2C(=O)c3c(C2=O)cc(cc3)C(=O)*)cc1,tg,263.33,268.4928420471002,275.18337373725717,272.57598683639577,272.08406754025106
*C(C*)c1c(ccc(c1)C(=O)Oc1ccc(cc1)OC)C(=O)Oc1ccc(cc1)OC,tg,109.67,136.74051703362022,142.81334627941294,105.19573094962959,128.2498647542209
*N1C(=O)c2c(C1=O)cc(cc2)Oc1cc(ccc1)C(=O)Nc1ccc(cc1)Oc1ccc(cc1)Oc1ccc(cc1)*,tg,213.0,213.75789943163608,206.76449280193953,197.76469563389665,206.09569595582408
*Oc1cc(ccc1)NC(=O)c1cc(ccc1)OCC(COc1ccc(cc1)C(c1ccc(cc1)OCC(C*)O)(C)C)O,tg,117.0,116.06401111254496,123.76122929594642,108.7593863248093,116.19487557776688
*OC(=O)c1cc(ccc1)C(=O)OCCCCCC*,tg,5.5,1.6641870886807715,9.193761344308797,-1.0754871950737352,3.2608204126386107
*Nc1cc(ccc1)NC(=O)c1ccc(cc1)NC(=O)c1ccc(cc1)[Si](c1ccc(cc1)C(=O)Nc1ccc(cc1)C(=O)*)(C)C,tg,303.0,289.3455661532904,282.4116355271865,280.5570698314631,284.1047571706467
*Oc1ccc(cc1)S(=O)(=O)c1ccc(cc1)Oc1ccc(cc1)NC(=O)c1ccc(cc1)Oc1ccc(cc1)C(c1cc(ccc1)C(c1ccc(cc1)Oc1ccc(cc1)C(=O)Nc1ccc(cc1)*)(C)C)(C)C,tg,167.0,173.14069506859167,174.05170785970185,185.217812613847,177.47007184738018
*C(C*)(C(=O)OCCCCCC(=O)Oc1ccc(cc1)OC(=O)c1ccc(cc1)OCCCC)C,tg,40.0,36.18188103398306,35.39680750985072,33.652961586013035,35.077216709948935
*C1(c2c(C(=O)O1)cccc2)c1cc(c(c(c1)Br)OC(=O)c1ccc(cc1)C(=O)Oc1c(cc(cc1Br)*)Br)Br,tg,319.0,272.3605913478971,266.5941919446098,294.76323956301644,277.9060076185078
*Oc1ccc(cc1)C(c1ccc(cc1)OCC(=O)OC(=O)C*)(C)C,tg,105.0,86.7065607894523,87.82549633211627,71.31591545425911,81.94932419194257
*N1C(=O)c2c(C1=O)cc(cc2)S(=O)(=O)c1cc2c(C(=O)N(C2=O)CCCCCCOC(=O)CCCCCCC(=O)OCCCCCC*)cc1,tg,46.0,77.06192312126426,78.96751971599095,76.37825878755736,77.46923387493752
*c1c(c(cc(c1)C(c1ccc(cc1)O)(C)C)*)O,tg,135.0,207.66305090461807,183.5858236567326,214.9421420770508,202.0636722128005
*Oc1ccc(cc1)NC(=O)c1cc(cc(c1)C(C)(C)C)C(=O)Nc1ccc(cc1)Oc1ccc(cc1)C(c1ccc(cc1)*)(C)C,tg,215.33,223.8139063750131,219.80720432899216,221.90075754419672,221.84062274940064
*C(C*)c1cc(c(cc1)OC(=O)C)OC,tg,115.0,93.12415361078007,102.4872875294491,90.93285449029713,95.51476521017544
*C(C*)OC(=O)C(F)(F)F,tg,52.4,47.43529537768301,52.878177711220815,42.52714797171243,47.61354035353875
*Oc1ccc(cc1)CC1(c2ccccc2c2ccccc12)Cc1ccc(cc1)*,tg,138.0,251.3305875270085,216.59682206214822,228.32361374622386,232.08367444512683
*c1oc(nn1)c1nc(ccc1)c1oc(nn1)c1ccc(cc1)[Si](c1ccc(cc1)*)(c1ccccc1)c1ccccc1,tg,265.0,264.6491924531974,269.90821510267676,254.01534709376622,262.8575848832134
*N1C(=O)c2c(C1=O)cc(cc2)Oc1ccc(cc1)C(c1ccc(cc1)Oc1cc2c(C(=O)N(C2=O)c2ccc(cc2)Oc2ccc(cc2)c2ccc(cc2)Oc2ccc(cc2)*)cc1)(C(F)(F)F)C(F)(F)F,tg,217.0,224.75631025045757,226.31747443760804,225.01869766122036,225.36416078309534
*OC(=O)c1cc(ccc1)C(=O)OCCCCCCCCCC*,tg,-22.5,2.6544130888980226,1.1955889185216222,1.9636726741502375,1.937891560523294
*c1nc2c([nH]1)ccc(c2)c1ccc2c(nc([nH]2)CCCCCNc2nc(nc(n2)NCCCCC*)N(CC)CC)c1,tg,190.0,118.07864626664832,118.92311506176608,117.1063814191256,118.03604758251333
*OC(=O)c1ccc(cc1)C(=O)OCCOC(=O)CCCCCCCCCCC(=O)OCC*,tg,-8.0,-0.3422809467216979,-0.5819443111696216,0.21694152563744346,-0.23576124408462537
*OC(C*)CCl,tg,-21.5,-10.942018881301765,-20.022915091419378,-19.836568548422424,-16.93383417371452
*N1C(=O)c2c(C1=O)cc(cc2)[Si](c1cc2c(C(=O)N(C2=O)c2ccc(cc2)Oc2ccc(cc2)S(=O)(=O)c2ccc(cc2)Oc2ccc(cc2)*)cc1)(C)C,tg,238.0,245.28300143427745,243.15530441897758,249.25743957538666,245.8985818095472
*N(c1ccc(cc1)C(c1ccc(cc1)*)c1ccc(cc1)OCCCC)c1ccc(cc1)C,tg,170.0,165.96770697402155,144.9832010595735,168.3466805615535,159.7658628650495
*c1cc2c(oc(n2)c2ccc(cc2)Oc2ccc(cc2)c2oc3c(n2)cc(cc3)C(*)(C(F)(F)F)C(F)(F)F)cc1,tg,294.92,321.36935393368583,303.20999918989673,303.2939302061011,309.2910944432279
*Oc1ccc(cc1)C(=O)N(C(=O)c1ccc(cc1)OCCCCCC*)c1ccccc1,tg,100.0,94.76573950179512,89.17586499382901,76.7122639887658,86.88462282812998
*C(C*)C(=O)Oc1c(c(c(c(c1Cl)Cl)Cl)Cl)Cl,tg,145.0,144.22303537102266,137.88570512664404,108.00617620950818,130.03830556905828
*c1cc2c(C(=O)N(C2=O)c2cc(ccc2)Oc2cc(ccc2)N2C(=O)c3c(C2=O)cc(cc3)C(*)(C(F)(F)F)C(F)(F)F)cc1,tg,244.0,240.93422620810261,250.0523252455998,252.74669767874826,247.91108304415025
*c1c(nc2c(n1)cc(cc2)Oc1ccc(cc1)NC(=O)c1cc(cc(c1)N1C(=O)c2c(C1=O)cccc2)C(=O)Nc1ccc(cc1)Oc1cc2c(nc(c(n2)c2ccc(cc2)Oc2ccc(cc2)*)c2ccc(cc2)[N+](=O)[O-])cc1)c1ccc(cc1)[N+](=O)[O-],tg,305.0,270.47360813743643,272.6623443228567,282.27223929558,275.13606391862436
*N1C(=O)c2c(C1=O)cc(cc2)c1cc2c(C(=O)N(C2=O)c2c(cc(c(c2C)*)C)C)cc1,tg,385.0,395.25747487666325,393.0387673738648,391.88406322198426,393.39343515750414
*Oc1c(cc(cc1)C=C1C(=O)C(=Cc2cc(c(cc2)OCCCCCCCCCC*)OC)CCC1)OC,tg,60.0,62.07021934636581,64.40769801191574,66.1288914834049,64.2022696138955
*c1nc2c(nc1c1cc3c(cc1)cccc3)cc(cc2)c1cc2c(nc(c(n2)c2ccc(cc2)*)c2cc3c(cc2)cccc3)cc1,tg,333.0,368.94489225495346,367.6409890223188,357.4001037812636,364.66199501951195
*C(C(CCCCCCCCCC*)c1ccc(cc1)O)c1c(cc(cc1)O)C,tg,-4.0,-1.8638861642074065,0.06562904853890927,2.2186614891392393,0.14013479115691405
*OC(C*)C(C)(C)C,tg,16.8,41.70148656129574,38.598695260430105,52.22191290416845,44.1740315752981
*N1C(=O)c2c(C1=O)cc(cc2)c1cc2c(C(=O)N(C2=O)CCCCCOC(=O)CCCCCCCCCCN2C(=O)c3c(C2=O)cc(cc3)c2ccc(cc2)c2cc3c(C(=O)N(C3=O)CCCCCCCCCCC(=O)OCCCCC*)cc2)cc1,tg,41.0,82.70590469110127,81.1442225464153,74.01510714672595,79.28841146141417
*C(C*)C(=O)OCCCCn1c2ccccc2c2ccccc12,tg,68.0,70.1178334534788,54.93086957613606,67.59285546829385,64.21385283263623
*Oc1ccc(cc1)S(=O)(=O)c1ccc(cc1)OCC(COc1c(cc(cc1C)C(c1cc(c(c(c1)C)OCC(C*)O)C)(C)C)C)O,tg,145.0,143.6586809671807,151.6106348570095,137.55238125927292,144.27389902782105
*Oc1ccc(cc1)S(=O)(=O)c1cc2c(cc1)cc(cc2)S(=O)(=O)c1ccc(cc1)Oc1ccc(cc1)c1ccc(cc1)*,tg,255.0,256.5272654236134,262.4812311227945,252.1636709023817,257.05738914959653
*OC(=O)c1ccc(cc1)c1ccc(cc1)C(=O)OCCCCCCC*,tg,41.71,50.18929729829771,43.21123507786014,48.52518131828742,47.30857123148176
*C1(C(C(C1(F)F)(C(*)(F)F)F)(F)F)F,tg,122.0,109.8667173012897,108.6993556982651,115.25375603095752,111.27327634350411
*N1C(=O)c2c(C1=O)cc(cc2)C(=O)Oc1ccc(cc1)C(c1ccc(cc1)OC(=O)c1cc2c(C(=O)N(C2=O)CCCOCCCCOCCC*)cc1)(C)C,tg,60.0,90.69739228904368,81.63013934840905,91.30185037059195,87.87646066934822
*Oc1c(ccc(c1)Oc1cc(ccc1)NC(=O)c1c(ccc(c1)Oc1cc(c(cc1)C(=O)O)C(=O)Nc1cc(ccc1)*)C(=O)O)C#N,tg,195.8,167.59181879299732,159.28768665978876,179.7854794288835,168.88832829388986
*Oc1ccc(cc1)S(=O)(=O)c1ccc(cc1)Oc1ccc(cc1)C=C1C(=O)C(=Cc2ccc(cc2)Oc2ccc(cc2)S(=O)(=O)c2ccc(cc2)Oc2ccc(cc2)C(c2ccc(cc2)*)(C)C)CCC1,tg,194.0,197.29050005303324,187.16635320478957,188.4066525268248,190.95450192821588
*N(CC*)C,tg,-31.0,-46.678456817512796,-45.712742565942136,-57.33735188456543,-49.90951708934012
*OC(=O)NC(=O)c1cc(ccc1)C(=O)NC(=O)OCC(C*)CCCCCCCCCCCC,tg,112.0,53.17461186974195,59.61913255714721,57.04221172002069,56.61198538230328
*N1C(=O)c2c(C1=O)cc(cc2)Oc1cc2c(C(=O)N(C2=O)c2ccc(cc2)Cc2ccc(cc2)*)cc1,tg,265.33,269.7088102652754,270.38921618593463,269.8578924295614,269.98530629359044
*OC(=O)C1C2C=CC(C1C(=O)OCC*)C2,tg,0.0,99.07832021012828,102.77065538533483,76.73792882692945,92.86230147413085
*OC(=O)NC(c1cc(ccc1)C(NC(=O)OCCN(CC*)c1ccc(cc1)N=Nc1ccc(cc1)[N+](=O)[O-])(C)C)(C)C,tg,103.0,112.47901827137171,117.62627187864675,111.80423012066889,113.96984009022911
*OC(=O)CCCCCCCCC(=O)OCC(=O)NCCCCCCNC(=O)C*,tg,2.0,-1.8461325382942777,9.428623076843394,5.833925105152521,4.4721385479005455
*Oc1ccc(cc1)OCC(CN(S(=O)(=O)c1cc(ccc1)S(=O)(=O)N(CC(C*)O)C)C)O,tg,66.0,82.48130816048324,88.09951855013384,70.87335258174741,80.48472643078817
*OC(=O)NCCC*,tg,22.0,42.62173557553466,22.900496148851772,47.18989615565724,37.57070929334789
*Oc1ccc(cc1)N=Nc1cc(c(cc1)Cc1c(cc(cc1)N=Nc1ccc(cc1)OC(=O)c1ccc(cc1)C(=O)*)[N+](=O)[O-])[N+](=O)[O-],tg,198.0,208.0653821547632,209.50622319575325,210.17435798382948,209.24865444478198
*Oc1ccc(cc1)C(c1ccc(cc1)OC(=O)OC1C(C(C1(C)C)OC(=O)*)(C)C)(C)C,tg,130.0,138.214887207752,123.95609359182959,136.26849099408818,132.8131572645566
*OC(=O)Nc1c(ccc(c1)NC(=O)OCCN(CC*)c1ccc(cc1)N=Nc1ccc(cc1)c1oc2c(n1)cccc2)C,tg,152.0,160.33135312902522,159.32231059592704,181.26779945222356,166.97382105905862
*OC(=O)Nc1ccc(cc1)Cc1ccc(cc1)NC(=O)OCCCC*,tg,69.2,102.02934535894784,88.35807433564457,93.52190155417765,94.63644041625669
*N1C(=O)c2c(C1=O)cc(cc2)NC(=O)Nc1ccc(cc1)c1nc(cc(c1)c1ccc(cc1)c1ccccc1)c1ccc(cc1)NC(=O)Nc1cc2c(C(=O)N(C2=O)c2ccc(cc2)Oc2c(c3c(cc2)cccc3)c2c3c(ccc2Oc2ccc(cc2)*)cccc3)cc1,tg,302.0,266.0175991536534,259.93632477637135,250.78692898185872,258.9136176372945
*C1C(=O)OC(=O)C1C(C*)OCC,tg,146.0,140.1183468205107,128.3228387346529,115.6830474135787,128.04141098958078
*Oc1ccc(cc1)C(c1ccc(cc1)OC(=O)OC1C(C(C1(C)C)OC(=O)*)(C)C)(c1ccccc1)C,tg,149.0,146.0445211589061,155.5819060179836,152.78193298071676,151.46945338586883
*Nc1c(cccc1)CCc1ccc(cc1)NC(=O)*,tg,197.0,159.10975895011566,160.2178514753332,168.28997249038943,162.53919430527944
*N=P(*)(OCCCCC)OCCC,tg,-100.0,-97.33586071617884,-95.19373647779133,-94.93478386100011,-95.82146035165677
*N1C(=O)c2c(C1=O)cc(cc2)Oc1c(cc(cc1C)Cc1cc(c(c(c1)C)Oc1cc2c(C(=O)N(C2=O)c2cc(ccc2)*)cc1)C)C,tg,245.0,286.6343156325087,271.1482781544829,267.85625877021704,275.21295085240286
*c1cc2c(C(=O)N(C2=O)c2cc(ccc2)Cc2ccc(cc2)N2C(=O)c3c(C2=O)cc(cc3)C(=O)*)cc1,tg,265.6,280.5224517528998,282.5442870119887,284.688015171302,282.5849179787302
*C(C*)CCCCCC,tg,-56.48,-43.995443334039706,-33.495303025462505,-27.010719058336562,-34.83382180594626
*N1C(=O)c2c(C1=O)cc(c(c2)c1ccc(cc1)[Si](C)(C)C)c1cc2c(C(=O)N(C2=O)c2ccc(cc2)Oc2ccc(cc2)*)cc1c1ccc(cc1)[Si](C)(C)C,tg,348.0,355.1315588102409,352.60909671663467,346.11145370496365,351.28403641061306
*c1cc2c(C(=O)N(C2=O)c2c3c(ccc2)c(ccc3)N2C(=O)c3c(C2=O)cc(cc3)C(=O)Nc2c(c(cc(c2)C(c2cc(c(c(c2)NC(=O)*)C)C)(C(F)(F)F)C(F)(F)F)C)C)cc1,tg,250.0,273.7951466528124,264.0700839855617,258.1009369624713,265.32205586694846
*N1CC(CCCC1)NC(=O)CCCCCCCCC(=O)*,tg,-46.5,62.98400552946429,52.845793259934695,72.43564802367406,62.75514893769101
*c1cc2c(C(=O)N(C2=O)c2c(ccc(c2)N2C(=O)c3c(C2=O)cc(cc3)C(=O)OCCN(CCOC(=O)*)c2ccc(cc2)C(=C(C#N)C#N)C#N)N=Nc2ccc(cc2)C(=C(C#N)C#N)C#N)cc1,tg,187.0,151.9141775658349,159.0201661886053,143.08133440122091,151.33855938522038
*C(C*)(C(=O)OCCCCCn1c2ccccc2c2ccccc12)C,tg,91.0,76.38326152561797,81.92298671778308,71.73270363028045,76.67965062456051
*Oc1ccc(cc1)C(=Nc1ccc(cc1)N=C(c1ccc(cc1)Oc1ccc(cc1)C(c1ccc(cc1)*)(c1ccccc1)c1ccccc1)C)C,tg,178.0,210.27581369685822,195.54130482380646,195.10574371492996,200.3076207451982
*Oc1ccc(cc1)OC(=O)c1c(ccc(c1)N=Nc1ccc(cc1)OCC)c1c(cc(cc1)N=Nc1ccc(cc1)OCC)C(=O)*,tg,170.0,178.09885597428467,173.8447826996019,185.58214467913226,179.17526111767293
*c1oc(nn1)c1ccc(cc1)C(=O)OCCCCCCOc1ccc(cc1)C=C1C(=O)C(=Cc2ccc(cc2)OCCCCCCOC(=O)c2ccc(cc2)*)CCC1,tg,71.0,85.27251989799116,89.85294076936333,80.59289920260771,85.23945328998741
*OC(=O)Nc1ccc(cc1)Cc1ccc(cc1)NC(=O)OCC*,tg,107.23,107.73040060382613,113.58407080202426,95.36657084111222,105.56034741565419
*Oc1ccc(cc1)S(=O)(=O)c1ccc(cc1)Oc1ccc(cc1)C=Cc1ccc(cc1)*,tg,214.0,156.68652464807792,159.07721271360745,151.97147997179698,155.91173911116076
*C(C*)OC(=O)c1cc(ccc1)OC,tg,44.0,51.99253150089182,57.06356212135033,63.75043225955151,57.60217529393122
*Nc1ccc(cc1)Cc1ccc(cc1)NC(=O)c1cc(cc(c1)S(=O)(=O)c1ccccc1)C(=O)*,tg,270.0,289.1440926978869,280.6800506805269,279.8852950623047,283.2364794802395
*c1[nH]c(nc1c1ccc(cc1)NC(=O)Nc1ccc(cc1)NC(=O)Nc1ccc(cc1)*)c1ccc(cc1)c1[nH]c(c(n1)c1ccc(cc1)[N+](=O)[O-])c1ccc(cc1)[N+](=O)[O-],tg,272.0,252.64088880565728,267.0153208143811,256.7569116794348,258.80437376649104
*Oc1ccc(cc1)S(=O)(=O)c1ccc(cc1)Oc1ccc(cc1)C1CC(CCC1)C(c1ccc(cc1)*)C,tg,230.0,177.93043334362926,198.8465327926425,200.5513261716228,192.44276410263151
*Oc1ccc(cc1)CC(NC(=O)CCc1ccc(cc1)OC(=O)CCCC(=O)*)C(=O)OCCCCCCCCCCCC,tg,27.5,29.83681446992773,28.33839305636984,35.04803446465127,31.07441399698295
*Oc1c(cc(cc1)C1(C2CCC(C1)C2)c1cc(c(cc1)OC(=O)*)C)C,tg,161.0,181.40177201980134,198.66575985268318,183.28347969518205,187.78367052255552
*Oc1c(cc(c(c1)C(C)(C)C)Oc1ccc(cc1)C(=O)Nc1c(cc(cc1C)Cc1cc(c(c(c1)C(C)C)NC(=O)c1ccc(cc1)*)C)C(C)C)C(C)(C)C,tg,260.0,257.9288708051923,258.81275908866695,278.84925658654356,265.19696216013426
*Oc1ccc(cc1)C(c1ccc(cc1)OC(=S)*)C,tg,101.67,116.13632679446613,118.56821941612334,111.40238405149248,115.36897675402732
*N1C(=O)c2c(C1=O)cc(cc2)Oc1ccc(cc1)C(c1ccc(cc1)Oc1cc2c(C(=O)N(C2=O)c2ccc(cc2)N(c2ccc(cc2)*)c2ccc(cc2)C#N)cc1)(C)C,tg,230.0,232.4731403107637,235.00819780906153,238.8723831447197,235.45124042151497
*c1sc(nn1)SCC(=O)NN=Cc1cc(c(cc1)OCCCCCCCCCCOc1c(cc(cc1)C=NNC(=O)CS*)OC)OC,tg,156.0,68.19315889445028,64.72638629515396,96.68802059062719,76.53585526007714
*N1C(=O)c2c(C1=O)cc(cc2)Oc1cc2c(C(=O)N(C2=O)c2c(ccc(c2)C(c2cc(c(cc2)OCCN(c2ccc(cc2)C=CC2=CC(=C(C#N)C#N)CC(C2)(C)C)c2ccccc2)*)(C(F)(F)F)C(F)(F)F)OCCN(c2ccc(cc2)C=CC2=CC(=C(C#N)C#N)CC(C2)(C)C)c2ccccc2)cc1,tg,220.0,225.3387565340346,211.0252398426952,215.9947499413826,217.4529154393708
*O[Si](O[Si](c1ccc(cc1)[Si](*)(C)C)(C)C)(c1ccccc1)c1ccccc1,tg,0.0,20.505735047592427,-2.3115582448048713,17.577259912899073,11.923812238562212
*N=P(*)(OCCCCCCCC)OCCCCCCCC,tg,-84.0,-92.75330545744217,-102.55622646723617,-96.05209398485087,-97.12054196984307
*N1C(=O)N(C(=O)C1=O)c1ccc(cc1)Cc1ccc(cc1)N1C(=O)N(C(=O)C1=O)CCCCCC*,tg,158.0,153.01571761624822,143.40062868226568,151.5480925223364,149.32147960695008
*OC(=O)CCCCCCCCCCC(=O)OCC#CC*,tg,-27.0,-38.33690642805616,-36.75284027934492,-37.35076169518586,-37.48016946752898
*Nc1ccc(cc1)Cc1ccc(cc1)NC(=O)CCCCCCCCC(=O)*,tg,160.0,119.87875735012605,124.78001360003859,108.34033114836369,117.66636736617612
*Nc1cc(ccc1)NC(=O)CCCCC(=O)Nc1ccc(cc1)C(=O)NC(=S)*,tg,267.0,205.40477040940021,191.53928905375085,212.27416678187853,203.07274208167655
*c1cc2c(C(=O)N(C2=O)c2c(c(cc(c2)C(F)(F)F)N2C(=O)c3c(C2=O)cc(cc3)C(=O)Nc2ccc(cc2)Oc2ccc(cc2)NC(=O)*)Oc2ccc(cc2)C(F)(F)F)cc1,tg,295.0,286.5948947164446,287.09500246077465,279.2826096731487,284.32416895012267
*C(C*)(C(=O)OC1C2(CCC(C1)C2(C)C)C)C,tg,149.83,155.85163280450402,158.78816870001174,143.59548476178034,152.74509542209867
*Oc1ccc(cc1)C1(CC(CCC1)c1ccc(cc1)OCC(C*)OC(=O)C)CC,tg,107.0,133.28462721149305,115.1205863949372,137.4342317520467,128.61314845282564
*Oc1ccc(cc1)C(c1ccc(cc1)Oc1ccc(cc1)C(=O)c1cc(cc(c1)C(C)(C)C)C(=O)c1ccc(cc1)*)(C(F)(F)F)C(F)(F)F,tg,181.0,175.14578664581325,174.69637504053267,169.13440032157214,172.99218733597266
*OC(C*)CS(=O)(=O)CCCCC,tg,38.5,18.77419221444852,0.7324551288856469,7.8860014556862374,9.1308829330068
*C(C*)(C(=O)Oc1c(cc(cc1OC)C=Cc1ccccc1)OC)C,tg,140.0,121.59644745187741,126.9726847201003,113.86183097798681,120.81032104998819
*Nc1ccc(cc1)C(c1ccc(cc1)NC(=O)c1cc(cc(c1)N1C(=O)C=CC1=O)C(=O)*)(C)C,tg,303.0,278.87891407690233,282.6285522228261,279.8663338150835,280.457933371604
*C1C(C(C(C1)C*)OC(=O)CCCCCCCCCCOc1ccc(cc1)c1ccc(cc1)C#N)OC(=O)CCCCCCCCCCOc1ccc(cc1)c1ccc(cc1)C#N,tg,14.5,19.230781768236273,23.21788181879306,22.343809448946672,21.597491011992002
*N1C(=O)c2c(C1=O)cc(cc2)Oc1ccc(cc1)C1(CCC(CC1)c1ccccc1)c1ccc(cc1)Oc1cc2c(C(=O)N(C2=O)c2ccc(cc2)Oc2cc(c(cc2)c2c(cc(cc2)Oc2ccc(cc2)*)C)C)cc1,tg,226.0,236.3434006414862,238.6311855787784,244.4755715155964,239.816719245287
*O[Si](Oc1ccc(cc1)C1(c2ccccc2c2ccccc12)c1ccc(cc1)*)(c1ccccc1)c1ccccc1,tg,166.0,183.87163005491269,186.310274813909,180.90527185192764,183.6957255735831
*C(C*)(C(=O)OCCCOc1ccc(cc1)C(=O)Oc1ccc2c(c1)oc(=O)cc2)C,tg,68.0,99.6404801568926,98.34910592546686,119.47916244741232,105.82291617659058
*C(C*)(C(=O)Oc1cc2c(CCC2)cc1)C,tg,104.25,125.1014441940675,125.47477015703262,112.34724821076345,120.9744875206212
*c1c2n(c3c(c2cc(c1)C(C)(C)C)cc(cc3C#CC#C*)C(C)(C)C)CCCCCCCCCCCCCCCC,tg,67.0,78.22902962265962,84.58754616519637,84.6083943600026,82.47499004928619
*NC(=O)CCCCC(=O)NCCCCCCCCC*,tg,60.33,46.01900114286709,45.5307612697689,47.08980319721233,46.21318853661611
*N1C(=O)c2c(C1=O)cc(cc2)Oc1ccc(cc1)Oc1cc2c(C(=O)N(C2=O)c2ccc(cc2)Oc2ccc(cc2)S(=O)(=O)c2ccc(cc2)Oc2ccc(cc2)*)cc1,tg,201.0,224.10191434164616,229.66351798904486,222.97326272987527,225.57956502018877
*C(C*)(C(=O)OCCCCCCCCCCCC[n+]1ccc(cc1)N(C)C)C,tg,55.5,51.34231872070817,55.61877513083016,50.14039725505523,52.36716370219785
*Oc1ccc(cc1)Oc1ccc(cc1)C(=O)c1cc(ccc1)NC(=O)CCCCCCCCC(=O)Nc1cc(ccc1)C(=O)c1ccc(cc1)*,tg,144.0,141.67041719604623,150.9484177273304,153.14365256576326,148.5874958297133
*Nc1cc(cc(c1)C(=O)OCCOC(=O)C=Cc1ccc(cc1)N(C)C)NC(=O)c1cc(ccc1)C(=O)*,tg,186.0,196.60481318827559,174.7489006639887,200.99848156762627,190.78406513996353
*N1C(=O)c2c(C1=O)c(ccc2)Oc1ccc(cc1)C(=O)c1ccc(cc1)ON1C(=O)c2c(C1=O)c(ccc2)c1ccc(cc1)Oc1ccc(cc1)*,tg,252.0,249.75191503873455,235.1457694332638,247.63760749075456,244.17843065425097
*Oc1cc(ccc1)OC(=O)c1ccc(cc1)Oc1ccc(cc1)C(=O)*,tg,159.0,122.86388830066224,126.49919739650808,128.35621563008272,125.90643377575101
*Oc1ccc(cc1)C(c1ccc(cc1)OC1(C(C(C1(F)F)(F)F)(*)F)F)(C)C,tg,98.0,111.12351564895063,107.64189432824142,102.46144983810237,107.07561993843149
*C(C*)(C(=O)Oc1c(cccc1C(C)C)C(C)C)C,tg,198.0,111.51211011341037,131.93917454840818,113.49911468038059,118.98346644739972
*Nc1cc(cc(c1)C(=O)OC)NC(=O)c1cc(cc(c1)OCCN(c1ccc(cc1)[N+](=O)[O-])C)C(=O)*,tg,177.0,201.74373955288843,177.78327029673176,198.20629762191533,192.5777691571785
*c1cc2c(C(=O)N(C2=O)c2ccc(cc2)Oc2ccc(cc2)NC(=O)c2cc(ccc2)C(=O)Nc2ccc(cc2)Oc2ccc(cc2)N2C(=O)c3c(C2=O)cc(cc3)C(=O)*)cc1,tg,232.0,256.974381701019,249.11829777770106,253.23151957756795,253.10806635209602
*OC(CCCCC(=O)*)C,tg,-40.0,-47.566100493553726,-38.299026552676594,-57.86808148474299,-47.91106951032444
*NC1CCC(CC1)CC1CCC(CC1)NC(=O)CCCCCCCCC(=O)*,tg,139.33,133.57732377354375,138.8631761173901,133.41559066330714,135.28536351808035
*C(C*)C(=O)OCCCCOC(=O)c1ccc(cc1)OC(=O)c1ccc(cc1)C#N,tg,40.0,31.08480786472862,29.38251067128023,51.9506133188975,37.472643951635455
*c1sc(cc1)c1ccc(cc1)C=Nc1cc(ccc1)N=Cc1ccc(cc1)*,tg,150.0,158.15052291157133,171.20222985289766,177.91461955771592,169.08912410739495
*N1C(=O)c2c(C1=O)cc(cc2)Oc1cc2c(C(=O)N(C2=O)c2cc(c(c(c2)Br)Oc2c(cc(cc2Br)*)Br)Br)cc1,tg,283.0,277.3616465371099,283.3933332928692,276.66224620222164,279.1390753440669
*c1cc2c(C(=O)N(C2=O)c2ccc(cc2)Oc2ccc(cc2)C(c2ccc(cc2)Oc2ccc(cc2)N2C(=O)c3c(C2=O)cc(cc3)C(*)(C(F)(F)F)C(F)(F)F)(C(F)(F)F)C(F)(F)F)cc1,tg,259.43,266.98935817128665,260.01301594754915,258.01442508292854,261.6722664005881
*c1cc2c(C(=O)N(C2=O)c2c(cc(cc2C(C)C)Cc2cc(c(c(c2)C(C)C)N2C(=O)c3c(C2=O)cc(cc3)C(=O)*)C(C)C)C(C)C)cc1,tg,263.0,316.80418740795193,307.1009137705976,309.0538796908587,310.98632695646944
*N1C(=O)c2c(C1=O)cc(cc2)NC(=O)OCCOc1ccc(cc1)C(c1ccc(cc1)OCCOC(=O)Nc1cc2c(C(=O)N(C2=O)c2cc(ccc2)P(=O)(c2cc(ccc2)*)C)cc1)(C)C,tg,211.0,195.94287374806268,192.75631497738394,181.4183253352461,190.03917135356423
*NC(=O)CC(CCC(=O)NCCCCCC*)C,tg,17.0,42.301972963956096,43.101910791641615,51.71086491944717,45.70491622501496
*c1cc2c(C(=O)N(C2=O)c2c(ccc(c2)C(=O)Nc2c(cc(cc2C)c2cc(c(c(c2)C)NC(=O)c2cc(c(cc2)C)N2C(=O)c3c(C2=O)cc(cc3)C(*)(C(F)(F)F)C(F)(F)F)C)C)C)cc1,tg,250.0,335.8183493563811,347.78503283442166,334.01753227815885,339.2069714896538
*NC(=O)c1c(cc(cc1)C(=O)NCCCCCCCC*)Sc1ccccc1,tg,110.0,116.23722055308252,111.2959182765965,119.16162189232719,115.56492024066874
*N1C(=O)C2C3C4C(C(C2C1=O)C=C3)C(=O)N(C4=O)CCCCCCCCCC*,tg,219.0,103.19279657202065,134.19088222585066,97.9687046055566,111.78412780114263
*N1C(=O)c2c(C1=O)cc(cc2)Oc1cc2c(C(=O)N(C2=O)CCCCCCCCCCC*)cc1,tg,74.0,94.11493789012836,89.33313143028815,102.34085256634904,95.26297396225517
*C(C*)[Si](Cc1ccccc1)(C)C,tg,-24.0,38.32852814522923,43.181265579352626,41.56436851806482,41.02472074754889
*[Si](c1c(cccc1)C*)(C)C,tg,48.0,97.99731758171177,89.89023970312094,88.77937955223193,92.22231227902155
*S(=O)(=O)c1ccc(cc1)Nc1ccc(cc1)Nc1ccc(cc1)*,tg,145.0,164.88127559019648,168.317695516318,173.81489165494156,169.00462092048534
*O[Si](Oc1c(cc(cc1)C1(c2ccccc2c2ccccc12)c1cc(c(cc1)*)C)C)(c1ccccc1)c1ccccc1,tg,171.0,186.89703716105598,193.75895707451343,211.5263162472082,197.3941034942592
*C(=C(*)C)[Si](C)(C)C,tg,198.3,166.02805396357738,155.38634848821147,152.75783522896182,158.05741256025024
*C(C*)(C(=O)Oc1c(cccc1C)C)C,tg,169.0,135.35446216213893,138.84418817785237,125.81609620058423,133.33824884685853
*c1cc2c(C(=O)N(C2=O)c2cc(ccc2)C(C(C(c2cc(ccc2)N2C(=O)c3c(C2=O)cc(cc3)C(C(C(C(C(C(C(*)(F)F)(F)F)(F)F)(F)F)(F)F)(F)F)(F)F)(F)F)(F)F)(F)F)cc1,tg,133.5,123.86302660839759,118.03864917654965,120.57175223975479,120.82447600823402
*Sc1ccc(cc1)Nc1ccc(cc1)*,tg,145.0,127.78159463418089,126.55310116765673,119.99081161648053,124.77516913943937
*C(*)F,tg,83.33,28.974978213434543,23.3174788716029,1.51962123011933,17.937359438385588
*Oc1cc(ccc1)Oc1ccc(cc1)C(=O)c1ccc(cc1)NC(=O)c1ccc(cc1)C(=O)Nc1ccc(cc1)C(=O)c1ccc(cc1)*,tg,190.0,196.4578728993811,198.91799685510003,182.5483542498854,192.64140800145552
*NC(=O)CCCCCCCCC(=O)NCCCCCCCCCC*,tg,57.78,49.24400929728697,51.89075703262034,46.471863476674756,49.20220993552736
*c1oc(nn1)c1cncc(c1)c1oc(nn1)c1ccc(cc1)[Si](c1ccc(cc1)*)(c1ccccc1)c1ccccc1,tg,272.0,267.19441799938005,262.69366238208625,257.72462761778064,262.53756933308233
*c1sc2cc3c(cc2n1)sc(n3)c1ccc(cc1)Oc1ccc(cc1)Oc1ccc(cc1)P(=O)(c1ccc(cc1)Oc1ccc(cc1)Oc1ccc(cc1)*)c1ccccc1,tg,255.0,255.96275718081594,299.13276181036434,234.12656179655227,263.07402692924416
*OC(=O)CCCCCCCCCCC(=O)OCC(=O)NCCCCCCNC(=O)C*,tg,0.9,7.133495573681536,7.148093498555028,11.33087679029495,8.537488620843838
*Oc1c(cc(cc1)C(=O)c1cc(ccc1)C(=O)c1cc(c(cc1)*)C(C)C)C,tg,147.0,136.57582762364208,141.51426743526525,140.63440564200138,139.57483356696957
*c1cc2c(C(=O)N(C2=O)c2ccc(cc2)C(=O)OCCCCOC(=O)*)cc1,tg,100.5,108.18675126230059,120.52335764941908,104.48520510790378,111.06510467320781
*Oc1ccc(cc1)C(c1ccc(cc1)OC(*)(Oc1ccccc1)Oc1ccccc1)(C)C,tg,92.0,126.4112573863091,101.31058889354401,107.07422654385181,111.59869094123496
*[Si]1(O[Si](O[Si](O1)(C)C)(C)C)O[Si](CC*)(C)C,tg,-66.0,9.912350232012953,-2.3083337905729024,19.58982979132049,9.064615410920181
*C(C*)(C(=O)OC1C2C3C(C(C1)C2)C1CCC3C1)C,tg,199.0,194.52812774218134,207.3937001212788,212.66854555044074,204.86345780463364
*Oc1ccc(cc1)NC(=O)c1ccc(cc1)Oc1ccc(cc1)C(c1ccc(cc1)C(c1ccc(cc1)Oc1ccc(cc1)C(=O)Nc1ccc(cc1)Oc1ccc(cc1)C(c1ccc(cc1)*)(C(F)(F)F)C(F)(F)F)(C)C)(C)C,tg,169.0,162.12592596985124,164.48756252560017,184.9494590486335,170.52098251469496
*OCC(C*)(CSCCCCC)CSCCCCC,tg,-33.0,-44.57061306198662,-46.51100174398866,-37.70590896181828,-42.92917458926453
*OC(C(=O)NC(C(=O)*)C)C,tg,57.65,75.3871733232752,116.76739252294225,87.762941270115,93.30583570544415
*C1C(CC(C1)C=C*)([Si](O[Si](C)(C)C)(C)C)C#N,tg,88.0,49.407057056710215,66.53882113536788,39.36961081451605,51.77182966886471
*N1CCN(CC1)C(=O)OC1CC2CC(CC(C1)O2)OC(=O)*,tg,113.0,139.80453364717624,164.66112109045343,149.20287410078745,151.22284294613905
*c1nc2c(c(c1)c1ccccc1)cc(cc2)Oc1cc2c(nc(cc2c2ccccc2)c2ccc(cc2)c2ccc(cc2)c2ccc(cc2)*)cc1,tg,282.5,302.5489343947429,302.4172024818363,310.18818207880355,305.0514396517942
*C(C*)SCC,tg,-7.0,-22.003225633425092,-11.223274381220477,-4.4320018400806696,-12.552833951575414
*C(=C*)C(CCC)[Si](c1ccccc1)(C)C,tg,110.0,81.80834387877826,72.26389254396838,67.37926281311582,73.81716641195415
*C(C*)(C(=O)OCCN(c1ccc(cc1)N=Nc1ccc(cc1)[N+](=O)[O-])C)C,tg,110.0,117.20614878809506,112.43565661853715,120.82333695177995,116.82171411947071
*C(C*)C,tg,-2.73,18.407712522012183,23.16248502588728,38.67726699371674,26.749154847205403
*NC(C(=O)*)CCC(=O)OCc1ccc(cc1)F,tg,46.9,40.99798745983171,37.050748913234955,40.24924496547623,39.43266044618097
*c1cc2c(C(=O)N(C2=O)c2ccc(cc2)Oc2ccc(cc2)N2C(=O)c3c(C2=O)cc(cc3)C(=O)N2C(=S)N(C(C(=C2C)C(=O)OCC)c2c(cc(cc2)OC)OC)C(=O)*)cc1,tg,165.0,230.13061381196755,227.0820776619003,244.39307251793724,233.86858799726838
*c1ccc(cc1)CC*,tg,66.64,113.04476761833224,94.22582136056346,101.12244506157502,102.79767801349026
*C(C*)c1ccc(cc1)C(=O)OCCN(CC)CC,tg,74.0,61.87061851149928,48.265671671738374,60.22604853273673,56.787446238658134
*c1cc2c(C(=O)N(C2=O)c2ccc(cc2)Oc2ccc(cc2)N2C(=O)c3c(C2=O)cc(cc3)C(=O)Oc2ccc(cc2)c2ccc(cc2)OC(=O)*)cc1,tg,232.0,243.2961099230299,245.43535105635323,252.94302297784304,247.22482798574205
*C(C*)C1C(CCCC1)C,tg,186.0,109.77055434817727,109.63409617336308,109.36873697550037,109.59112916568024
*Oc1ccc(cc1)C(c1ccc(cc1)OCC(C*)OC(=O)CCl)(C)C,tg,65.0,61.780531808622214,72.73406257897966,57.16604387037079,63.89354608599089
*OC(C*)COC(=O)CCCCCCCCCCN1C(=O)C2C(C1=O)C1C=CC2C1,tg,-31.0,32.0533664761189,32.10249339027956,23.460447029947808,29.20543563211542
*C1COC2C1OCC2OC(=O)OCC(C(COC(=O)O*)O)O,tg,78.5,113.77068776672479,102.32265759349505,99.99728065258272,105.36354200426752
*N1C(=O)C(CC1=O)(SCCOCCSC1(C(=O)N(C(=O)C1)c1ccc(cc1)Oc1ccc(cc1)N1C(=O)C(C(C1=O)C)SCCOCCSC1C(=O)N(C(=O)C1C)c1ccc(cc1)Oc1ccc(cc1)*)C)C,tg,145.0,129.63172693495716,122.22973955552547,123.70248393136222,125.1879834739483
*Oc1ccc(cc1)CC(NC(=O)CCc1ccc(cc1)OC(=O)CCC(=O)*)C(=O)OCCCCCCCCCCCC,tg,40.0,38.38189005303284,36.17844228051129,30.854874083539332,35.13840213902782
*c1ncc(cc1)C(=O)Nc1ccc(cc1)Oc1ccc(cc1)C(=O)c1ccc(cc1)Oc1ccc(cc1)NC(=O)*,tg,170.0,191.82710294687638,195.71358454782612,205.99613876709267,197.84560875393174
*C1=CC(=C(C#N)C#N)C=C(O1)C=Cc1ccc(cc1)N=Nc1ccc(cc1)N(CCOC(=O)Nc1c(ccc(c1)NC(=O)OCCN(c1ccc(cc1)N=Nc1ccc(cc1)C=C*)C)C)C,tg,196.0,159.68318825365355,151.8419300600118,157.05874836523876,156.19462222630136
*Oc1cc2c(cc1)ccc(c2)Oc1ccc(cc1)C(=O)Nc1ccc(cc1)Oc1ccc(cc1)C(c1ccc(cc1)Oc1ccc(cc1)NC(=O)c1ccc(cc1)*)(C)C,tg,143.0,173.94156889013018,173.92731739604017,166.04655576000243,171.30514734872426
*c1cc2c(C(=O)N(C2=O)c2ccc(cc2)OCCCCCCCCCCOc2ccc(cc2)N2C(=O)c3c(C2=O)cc(cc3)C(*)(C(F)(F)F)C(F)(F)F)cc1,tg,143.0,153.46198418706948,158.45042757133683,156.9980068244309,156.30347286094573
*NC(=O)c1ccc(cc1)CC(=O)NCCC*,tg,109.0,139.01464308701944,138.7440202755374,146.47508888604565,141.41125074953416
*N1C(=O)c2c(C1=O)cc(cc2)Oc1c(cccc1)Oc1cc2c(C(=O)N(C2=O)c2cc(c(cc2)Oc2ccc(cc2)C2(c3ccccc3c3ccccc23)c2ccc(cc2)Oc2c(cc(cc2)*)C(F)(F)F)C(F)(F)F)cc1,tg,241.0,250.77947900338103,234.64703621324568,265.82347931463585,250.4166648437542
*Oc1ccc(cc1)C1(c2ccccc2C(=O)c2ccccc12)c1ccc(cc1)OC(=O)c1ccc(cc1)C(=O)*,tg,400.0,267.0368079622564,256.8744500986869,280.7591760497611,268.22347803690144
*c1cc2c(C(=O)N(C2=O)c2c(cc(c(c2C)N2C(=O)c3c(C2=O)cc(cc3)C(=O)Nc2cc(c(cc2)c2c(cc(cc2)NC(=O)*)C(F)(F)F)C(F)(F)F)C)C)cc1,tg,267.0,323.0199184660631,310.11791627495757,321.54710367545465,318.2283128054918
*Oc1ccc(cc1)C(c1ccc(cc1)OC(=O)c1ccc(cc1)C(=O)*)(CC)CC,tg,165.0,187.72531574076635,192.02016929668667,188.35091204145652,189.36546569296988
*O[Si](CCCC(=O)Oc1ccc(cc1)C=Nc1ccc(cc1)N=Cc1ccc(cc1)OC(=O)CCC[Si](*)(C)C)(C)C,tg,60.0,37.1229469479095,29.60936102582852,42.82285231805593,36.51838676393132
*c1ccc(cc1)C(C(*)(F)F)(F)F,tg,76.95,120.15961015402361,133.5538882892234,135.4622267080813,129.72524171710944
*S(=O)(=NP(=NP(=N*)(NCCCC)NCCCC)(NCCCC)NCCCC)NCCCC,tg,-17.0,-12.035552014036574,-3.632580290879673,-21.392701765664132,-12.353611356860126
*S(=O)(=O)c1ccc(cc1)C(=O)c1ccc(cc1)C(=O)c1ccc(cc1)*,tg,213.5,219.60172767858654,222.365167331247,194.4792842720894,212.14872642730765
*C(C*)OC(=O)c1cc(ccc1)[Si](C)(C)C,tg,80.0,78.60214630360142,70.97735465776063,75.99381413977144,75.19110503371117
*c1cnc(s1)N1C(=O)c2c(C1=O)cc(cc2)Oc1cc2c(C(=O)N(C2=O)c2ccc(cc2)Oc2ccc(cc2)*)cc1,tg,300.0,243.75183040166309,255.58756285597934,244.62875776578662,247.98938367447636
*C(C*)c1c(ccc(c1)C(=O)OCCCCCCCCCCCC)c1ccc(cc1)OCCCCCCCC,tg,42.0,74.1057792986529,64.81765560105323,63.553087046651434,67.49217398211918
*N(c1ccc(cc1)C(=O)*)CCCCCCCC,tg,30.0,42.94831086577563,52.848591833227076,48.4207612119637,48.072554636988805
*Oc1ccc(cc1)NC(=O)c1cc(ccc1)C(=O)Nc1ccc(cc1)*,tg,205.39,248.95148431493615,249.0028236617291,243.23417060816033,247.06282619494186
*Oc1ccc(cc1)Oc1ccc(cc1)C(=O)c1ccc(cc1)NC(=O)c1ccc(cc1)C(=O)Nc1ccc(cc1)C(=O)c1ccc(cc1)*,tg,224.0,208.2890373132064,217.46394102037482,225.721422507541,217.1581336137074
*c1cc2c(C(=O)N(C2=O)N2C(=O)c3c(C2=O)cc(cc3)Oc2ccc(cc2)C(c2ccc(cc2)O*)(C)C)cc1,tg,216.7,244.89459582384723,240.78169042730661,244.80629553689087,243.49419392934826
*c1c(nc2c(n1)cc(cc2)S(=O)(=O)c1cc2c(nc(c(n2)c2ccc(cc2)*)c2ccccc2)cc1)c1ccccc1,tg,291.8,324.59410279196715,333.3966741660249,314.8087094880576,324.2664954820165
*c1cc2c(C(=O)N(C2=O)c2ccc(cc2)S(=O)(=O)c2ccc(cc2)N2C(=O)c3c(C2=O)cc(cc3)C(=O)Nc2ccc(cc2)Oc2ccc(cc2)NC(=O)*)cc1,tg,281.0,267.86385466166286,272.261531033613,267.4570846627436,269.1941567860065
*C(C*)c1ccc(cc1)B(c1ccc(cc1)C(C)(C)C)Oc1c2ncccc2ccc1,tg,240.0,217.6825771501249,204.19631739826247,215.45381816570014,212.4442375713625
*NC(C(=O)*)CCC(=O)OCc1ccccc1,tg,9.38,36.524726577589256,38.815831182385296,26.90549085404048,34.08201620467168
*N1C(CN(C(C1)C)C(=O)OCC(CS(=O)(=O)CC(COC(=O)*)(C)C)(C)C)C,tg,85.0,99.44173249942114,154.37377288714544,97.61072722580377,117.14207753745677
*C(C*)(C(=O)OC1(CN(CCC1)c1ccc(cc1)N=Nc1ccc(cc1)C=C(S(=O)(=O)C)C#N)C)C,tg,196.0,164.58127508064422,178.54381696025249,148.31713578705205,163.81407594264957
*O[Si](*)(CCCOc1ccc(cc1)C(=O)Oc1ccc(cc1)c1ccc(cc1)OC(=O)c1cc(c(c(c1)OCCCCCCCCCCCC)OCCCCCCCCCCCC)OCCCCCCCCCCCC)C,tg,40.33,44.16177793627931,50.03266231930186,46.773963901716996,46.98946805243272
*OC(OC(=O)c1c2c(c(cc1)C(=O)OC(OCC1CCC(CC1)C*)C)cccc2)C,tg,60.0,66.57009919170596,55.7573813835112,63.152168471666876,61.82654968229468
*N1C(=O)c2c(C1=O)cc(cc2)Oc1ccc(cc1)C1(CCC(CC1)C(C)(C)C)c1ccc(cc1)Oc1cc2c(C(=O)N(C2=O)c2ccc(cc2)Oc2ccc(cc2)C2(C3CC4CC(CC2C4)C3)c2ccc(cc2)Oc2ccc(cc2)*)cc1,tg,266.0,254.18970859315482,252.6534709068448,251.19293790641004,252.67870580213653
*C(C*)(C(=O)OC(C(F)(F)F)C(F)(F)F)F,tg,102.0,89.89157306228329,90.09331617594782,83.65649555204413,87.88046159675842
*NNC(=O)c1cc(cc(c1)NC(=O)c1cc2c(C(=O)N(C2=O)c2ncccc2C)cc1)C(=O)NNC(=O)c1ccc(cc1)C(=O)*,tg,130.3,166.08242260104774,175.83985830610487,172.0055948705452,171.3092919258993
*C(C*)Cc1ccccc1,tg,63.33,63.64158967083609,65.64766933205142,77.56361786699573,68.95095895662774
*S(=O)(=O)C(C=C(C*)C)C,tg,83.0,79.14836880298475,69.62816249839429,89.66925485930214,79.48192872022706
*Oc1ccc(cc1)C(=O)Nc1cc(cc(c1)c1nc2c([nH]1)cccc2)NC(=O)c1ccc(cc1)OCCOCCOCC*,tg,165.0,166.4409463427307,166.78191983852037,147.0525274707418,160.09179788399763
*Nc1ccc(cc1)Cc1ccc(cc1)NC(=O)c1cc(cc(c1)N1C(=O)C2C(C1=O)C1C=CC2C1)C(=O)*,tg,303.0,279.29334088739876,266.11370390749437,271.9925960905564,272.4665469618165
*C(C*)OC(=O)c1cnccc1,tg,86.5,82.34686651018248,81.56319282120973,87.11254685863054,83.67420206334091
*N1C(=O)c2c(C1=O)cc(cc2)c1cc2c(C(=O)N(C2=O)c2ccc(cc2)Oc2ccc(cc2)C(=O)c2cc(ccc2)C(=O)c2ccc(cc2)Oc2ccc(cc2)*)cc1,tg,222.0,232.11475389883321,234.35636883524325,241.60644195963062,236.02585489790235
*[SiH](C#Cc1c(cccc1)C#C*)c1ccccc1,tg,71.0,106.25279214075218,110.92658956293648,116.38596531211245,111.18844900526703
*C(C(*)C(=O)OC(C)(C)C)C(=O)OC,tg,84.0,113.66434353694702,92.1998375881081,121.37337507134504,109.07918539880005
*c1cc2c(C(=O)N(C2=O)c2cc(ccc2)Oc2ccc(cc2)N2C(=O)c3c(C2=O)cc(cc3)C(=O)Nc2ccc(cc2)Oc2ccc(cc2)C(c2ccc(cc2)Oc2ccc(cc2)NC(=O)*)(C)C)cc1,tg,207.0,223.10455098951684,229.50660215605973,217.27807078172702,223.2964079757679
*c1cc2c(C(=O)N(C2=O)c2ccc(cc2)NC(=O)Nc2ccc(cc2)N2C(=O)c3c(C2=O)cc(cc3)C(=O)Nc2ccc(cc2)NC(=O)*)cc1,tg,216.0,220.723339200618,234.41129502436945,226.93612985336952,227.35692135945234
*N(c1ccc(cc1)c1ccc(cc1)*)c1ccc(cc1)C,tg,85.0,177.16256449193176,173.00247760272,164.21760604511297,171.46088271325493
*OC(C*)COCCCCCC,tg,-85.5,-78.4934542032927,-81.67300700524288,-86.26268454914978,-82.14304858589512
*C(C*)(C(=O)OCCCCCCOc1ccc(cc1)C(=O)Oc1c2c(c(cc1)N=Nc1ccc(cc1)Cl)cccc2)C,tg,50.0,59.72942485263675,55.33033663982994,50.77855261536132,55.27943803594267
*C(C*)c1ccc(cc1)B(Oc1c2ncccc2c(cc1)c1c(c(c(c(c1F)F)F)F)F)c1ccc(cc1)C(C)(C)C,tg,245.0,237.6130338406565,238.26960165179477,252.7912308948582,242.89128879576984
*Nc1cc(cc(c1)C(=O)Nc1c2C(=O)c3c(C(=O)c2ccc1)cccc3)NC(=O)Nc1ccc(cc1)Cc1ccc(cc1)NC(=O)*,tg,178.0,196.97319942807746,195.0880213091961,196.24895400551677,196.1033915809301
*NC(=O)CCCCC(=O)NCCCCCCCC*,tg,50.0,53.99031591115862,51.248792783789796,53.00135498233866,52.74682122576235
*C(C*)(C(=O)O[Si](C)(C)C)C,tg,97.5,82.74528207857432,51.16192065547169,94.6022298463714,76.16981086013914
*C1(c2c(NC1=O)cccc2)c1ccc(cc1)OC(=O)c1cc(ccc1)C(=O)Oc1ccc(cc1)*,tg,256.0,267.64339110646165,246.00177614569728,269.03457956823195,260.89324894013026
*C(C*)CCCCCCCCCCCCCC,tg,-24.0,-38.77551765690519,-58.35589806437457,-34.30360496989269,-43.81167356372415
*C(C*)(C(=O)OCCCCCCOc1ccc(cc1)C(=O)Oc1c2c(c(cc1)N=Nc1ccc(cc1)C)cccc2)C,tg,40.0,40.137207169748905,46.98713009278471,40.927557115770206,42.68396479276794
*OC(=O)c1ccc(cc1)c1ccc(cc1)c1ccc(cc1)C(=O)OCC(C*)(C)C,tg,100.0,100.18592695951341,108.26312530918497,63.6846659012894,90.71123938999592
*C1COC2C1OCC2OC(=O)C(NC(=O)CCCCCCCCC(=O)NC(C(=O)O*)CC(C)C)CC(C)C,tg,89.0,63.928576141450094,80.3686129766524,67.08305660987739,70.46008190932663
*C(=C(*)Cl)CCCCCC,tg,150.0,149.9856935441751,154.66229827854366,160.90556213771552,155.18451798681141
*C(C*)C(=O)OCC(C(OC(C(C(C(F)(F)F)(F)F)(F)F)(F)F)(F)F)(F)F,tg,-68.0,-27.838008516326706,-21.013160905207116,-19.346908912834003,-22.732692778122612
*c1cc2c(C(=O)N(C2=O)c2ccc(cc2)Oc2c(cccc2)c2c(cccc2)Oc2ccc(cc2)N2C(=O)c3c(C2=O)cc(cc3)C(=O)Nc2ccc(cc2)Oc2ccc(cc2)c2ccc(cc2)Oc2ccc(cc2)NC(=O)*)cc1,tg,254.0,252.73588852811926,263.91417827133455,254.64913038861388,257.0997323960226
*Oc1cc(cc(c1)C(=O)OCCN(c1ccc(cc1)N=Nc1ccc(cc1)[N+](=O)[O-])CC)OC(=O)c1ccc(cc1)C(=O)*,tg,130.0,128.63880567568506,129.34985190463726,141.20636714230255,133.06500824087496
*N=P(*)(OCCCC)OCCCC,tg,-105.0,-90.03572274340902,-94.05026870008555,-96.38848925977256,-93.49149356775571
*Oc1ccc(cc1)OC(=O)c1c(cc(cc1)C(=O)*)Sc1ccc(cc1)Cl,tg,140.0,153.81285290037403,143.96264492282307,150.21541577658712,149.3303045332614
*Oc1ccc(cc1)S(=O)(=O)c1ccc(cc1)Oc1ccc(cc1)C=NN=Cc1ccc(cc1)*,tg,151.0,188.29246002177405,194.93005403611508,205.91559395487906,196.37936933758942
*Nc1ccc(cc1)NC(=O)c1ccc(cc1)NC(=O)c1ccc(cc1)P(=O)(c1ccc(cc1)C(=O)*)c1ccccc1,tg,243.0,287.0902708419685,291.0216940292827,283.8422458564675,287.3180702425729
*OC(=O)c1cc(cc(c1)C(C(C(C(C(C(C(F)(F)F)(F)F)(F)F)(F)F)(F)F)(F)F)(F)F)C(=O)OCC(C(C(C*)(F)F)(F)F)(F)F,tg,27.0,31.93509613762109,34.498343606591604,17.953902956701924,28.129114233638205
*C(C*)C(=O)OCCCCCOC(=O)c1ccc(cc1)OC(=O)c1ccc(cc1)C#N,tg,30.0,34.78679357690976,28.492348819328512,27.66890489777183,30.316015764670038
*N1C(=S)N(C(=O)CC1=O)c1ccc(cc1)Oc1cc(ccc1)Oc1ccc(cc1)*,tg,128.0,123.65003405545684,121.5902567915549,151.02406645525556,132.08811910075576
*N(CC*)C(=O)c1c(cc(c(c1)F)F)F,tg,105.0,124.84219287428675,123.8774773503767,124.21189181187391,124.31052067884578
*Oc1cc(c(cc1)S(=O)(=O)c1c(cc(cc1)Oc1c(cc(cc1C)C(c1cc(c(c(c1)C)*)C)(C)C)C)C(O)(C(F)(F)F)C(F)(F)F)C(O)(C(F)(F)F)C(F)(F)F,tg,187.0,190.4478939123189,206.72975626069768,173.8644984830627,190.34738288535974
*c1nc2c(c(c1c1ccccc1)c1ccccc1)cc(cc2)c1cc2c(nc(c(c2c2ccccc2)c2ccccc2)c2ccc(cc2)c2ccc(cc2)*)cc1,tg,381.67,344.2141581230287,347.989610645024,324.50109019113864,338.9016196530638
*Oc1c(cc(c(c1)C(C)(C)C)Oc1ccc(cc1)C(=O)Nc1c(cc(cc1)C(c1cc(c(cc1)NC(=O)c1ccc(cc1)*)C)(C)C)C)C(C)(C)C,tg,275.0,260.5192993244511,250.69871986310397,267.027925432125,259.4153148732267
*C(C*)C(=O)Nc1c(cccc1)Cl,tg,63.0,105.47359083924279,112.14337174046074,113.75823820801794,110.45840026257382
*[Si](C*)(CCCCCC)C,tg,-77.6,-45.5020242194774,-50.80494673916559,-44.30871684499152,-46.87189593454483
*OC(=O)Nc1ccc(cc1)Cc1ccc(cc1)NC(=O)OCC1CCC(CC1)C*,tg,134.0,109.96084400926532,107.35375819514384,101.05725618744322,106.12395279728412
*OP(=O)(N=Nc1ccc(cc1)c1ccc(cc1)N=NP(=O)(OCc1ccc(cc1)C*)OC)OC,tg,48.0,65.50977327497141,61.262237115009626,80.39189428000867,69.05463488999656
*C(C*)OC(=O)CCl,tg,18.99,38.15686318557472,26.48799330582804,41.409157970422605,35.35133815394179
*S(=O)(=O)c1cc(ccc1)NC(=O)CCCCCCC(=O)Nc1cc(ccc1)*,tg,125.0,126.83545758192733,133.61534843312438,127.42758895773662,129.29279832426278
*N1C(=O)c2c(C1=O)cc(cc2)c1cc2c(C(=O)N(C2=O)c2ccc(cc2)Oc2c(cc(cc2)C(C)(C)C)Oc2ccc(cc2)*)cc1,tg,257.0,255.41290498350736,255.05407851843606,254.71760837855425,255.06153062683256
*c1cc2c(C(=O)N(C2=O)c2cc3c(C(CC3(c3ccc(cc3)N3C(=O)c4c(C3=O)cc(cc4)C(=O)*)C)(C)C)cc2)cc1,tg,318.77,341.3173246742612,340.06539122601833,343.21298393171105,341.5318999439969
*N1C(=O)C2C3C4C(C(C2C1=O)C=C3)C(=O)N(C4=O)c1ccc(cc1)Sc1cc2c(C(=O)N(C2=O)c2ccc(cc2)CC)cc1Sc1ccc(cc1)*,tg,320.0,269.2632447652228,273.4567044379816,262.0729746990774,268.2643079674272
*Oc1ccc(cc1)C(c1ccc(cc1)Oc1c(c(c(c(c1F)F)COC(c1cc(ccc1)C(OCc1c(c(c(c(c1F)F)*)F)F)(C(F)(F)F)C(F)(F)F)(C(F)(F)F)C(F)(F)F)F)F)(C(F)(F)F)C(F)(F)F,tg,113.0,97.15199299298503,107.65794794125907,103.80080002048466,102.87024698490957
*N1C(=O)N(C(=O)C1=O)CCCCCC*,tg,55.0,136.06627551580087,121.75194527576343,111.95195183803921,123.25672420986784
*c1ccc2c(nc([nH]2)c2cc(cc(c2)N2C(=O)c3c(C2=O)cccc3)c2nc3c([nH]2)ccc(c3)C(=O)Nc2ccc(cc2)NC(=O)*)c1,tg,295.0,315.0254094262032,316.83420830379316,306.19674493507404,312.6854542216902
*Oc1ccc(cc1)C(=O)Nc1c(cc(c(c1)SCCC#N)NC(=O)c1ccc(cc1)*)SCCC#N,tg,158.0,212.50985544101053,196.23941619074157,195.2458248263973,201.33169881938315
*Oc1c(cc(cc1)OC(=O)c1c(cc(c(c1)OCCCCCCCCCCCC)C(=O)*)OCCCCCCCCCCCC)C,tg,112.0,79.60397286981483,66.40741760662792,83.91469287594197,76.64202778412823
*c1nc2c(c(c1)c1ccccc1)cc(cc2)c1cc2c(nc(cc2c2ccccc2)c2ccc(cc2)c2ccc(cc2)*)cc1,tg,372.0,339.92089734327664,351.0690034215289,342.74906364970695,344.57965480483745
*C(C*)C(=O)NC(C)(C)C,tg,135.0,126.48216644111037,108.29190706414585,118.03800397618454,117.60402582714691
*c1cc2c(C(=O)N(C2=O)c2ccc(cc2)Oc2ccc(cc2)N2C(=O)c3c(C2=O)cc(cc3)C(=O)Nc2ccc(cc2)Oc2ccc(cc2)c2ccc(cc2)Oc2ccc(cc2)NC(=O)*)cc1,tg,286.0,262.45954787866117,263.496868302852,248.33813006856363,258.09818208335895
*Oc1ccc(cc1)C(c1ccc(cc1)OC(=O)OC1C(C(C1(C)C)OC(=O)*)(C)C)(CC)C,tg,124.0,122.6010831174479,130.29713570554523,105.70023413961546,119.53281765420286
*Oc1c(c(ccc1)Oc1ccc(cc1)c1ccc(cc1)*)C#N,tg,210.0,160.83313985711231,159.57564699264037,175.82961751986048,165.41280145653772
*O[Zn]OC(=O)c1c(cccc1)C(=O)OCCCCCOC(=O)Nc1c(ccc(c1)NC(=O)OCCCCCOC(=O)c1c(cccc1)C(=O)*)C,tg,4.2,39.480528813443385,54.271145724996856,39.92778499052684,44.55981984298902
*c1oc(cc1)COC(=O)NCc1oc(cc1)CNC(=O)OC*,tg,75.0,59.57505909669588,52.70248004038298,52.30121206740514,54.859583734828
*C(C*)c1cc(ccc1)NC(=O)C,tg,163.0,104.50024362880383,131.42833657086933,100.22425370549584,112.05094463505634
*c1cc2c(C(=O)N(C2=O)c2c(cc(cc2)c2cc(c(cc2)N2C(=O)c3c(C2=O)cc(cc3)C(*)(C(F)(F)F)C(F)(F)F)OC(=O)C=Cc2ccccc2)OC(=O)C=Cc2ccccc2)cc1,tg,181.0,260.28598530033304,275.4444093450623,267.97655254256813,267.9023157293212
*N1C(=O)c2c(C1=O)cc(cc2)c1cc2c(C(=O)N(C2=O)c2ccc(cc2)N2C(=O)c3c(C2=O)cc(cc3)C(c2cc3c(C(=O)N(C3=O)c3ccc(cc3)*)cc2)(C(F)(F)F)C(F)(F)F)cc1,tg,342.0,321.3347805430662,311.0865835492289,318.8409520159969,317.087438702764
*C(C*)c1c(ccc(c1)Br)OCCCC,tg,47.0,55.19877402481469,61.54669631720182,62.36883121450129,59.704767185505936
*OCC(C*)(CC)CC,tg,-30.0,-22.237942335465053,-101.32576313526272,-36.833709951953715,-53.46580514089383
*c1cc2c(C(=O)N(C2=O)c2c(c(c(c(c2C)C)N2C(=O)c3c(C2=O)cc(cc3)C(*)(C(F)(F)F)C(F)(F)F)C)C)cc1,tg,418.75,369.05532122494253,351.3738327684846,358.5517476525101,359.6603005486457
*N1C(=O)C(CC1=O)SCCOCCSC1C(=O)N(C(=O)C1)c1ccc(cc1)C(=O)Oc1cc2c(cc1)ccc(c2)OC(=O)c1ccc(cc1)*,tg,160.0,150.45032646631788,144.79880063730118,141.51692697634292,145.58868469332066
*C(C*)(C(=O)OCCCCCCN(c1ccc(cc1)N(C)C)C)C,tg,8.5,36.629991868933644,33.683855706053635,43.324372526918296,37.879406700635194
*C(C(C(C*)c1ncccc1)c1ccccc1)c1ncccc1,tg,150.0,104.59048535446644,126.66064319403971,108.39324992322611,113.21479282391074
*Oc1ccc(cc1)CC(NC(=O)CCc1ccc(cc1)OC(=O)CCCC(=O)*)C(=O)OCCCCCC,tg,43.0,40.73229306968077,41.502013384150786,38.12290744909287,40.11907130097481
*c1cc2c(C(=O)N(C2=O)c2ccc(cc2)Oc2ccc(cc2)N2C(=O)c3c(C2=O)cc(cc3)C(=O)Nc2ccc(cc2)Oc2ccc(cc2)c2ccc(cc2)Oc2ccc(cc2)NC(=O)*)cc1,tg,262.0,284.62637092384955,275.23684397112174,284.4518931048005,281.43836933325724
*Oc1c(cc(cc1Cl)C(c1cc(c(c(c1)Cl)OCC(C*)O)Cl)(C)C)Cl,tg,145.0,103.07982627595707,108.49130626398639,105.71127866362666,105.76080373452338
*c1cc2c(C(=O)N(C2=O)c2cc(c(cc2)Oc2c(cccc2)Oc2c(cc(cc2)N2C(=O)c3c(C2=O)cc(cc3)C(=O)*)C(F)(F)F)C(F)(F)F)cc1,tg,236.0,220.54212433565849,227.36281240437324,237.42040153859008,228.4417794262073
*Oc1cc(cc(c1)C(=O)Oc1ccc(cc1)N=Nc1ccc(cc1)C#N)Oc1ccc(cc1)C(c1ccc(cc1)*)(C)C,tg,163.0,142.20842061473098,166.55240641007686,155.5045724756801,154.75513316682932
*N(CCC*)C,tg,-88.0,-38.38198800201814,-47.72610203398514,-32.748665449587726,-39.618918495197
*Nc1ccc(cc1)Cc1ccc(cc1)NC(=O)NCCCCCCCCCNC(=O)*,tg,-50.0,56.46740029493387,70.63622327939687,62.733719418330594,63.279114330887104
*N1C(=O)c2c(C1=O)cc(cc2)Oc1c(cccc1)Oc1cc2c(C(=O)N(C2=O)c2cc(c(cc2)Oc2ccc(cc2)C(c2ccc(cc2)Oc2c(cc(cc2)*)C(F)(F)F)(C(F)(F)F)C(F)(F)F)C(F)(F)F)cc1,tg,191.0,197.95076125093874,203.40330272340015,201.37189668424375,200.90865355286087
*c1cc2c(C(=O)N(C2=O)c2cc(ccc2)P(=O)(c2cc(ccc2)N2C(=O)c3c(C2=O)cc(cc3)C(=O)Nc2nc(ccc2)NC(=O)*)c2ccccc2)cc1,tg,156.0,255.11393322567653,242.04091300146894,260.5189096036861,252.5579186102772
*O[Si](*)(CCCOCCOCCOCCOCCOC)CCCOCCOCCOCCOCCOC,tg,-69.8,-81.29452950637229,-69.8645696791144,-72.89826565699825,-74.68578828082832
*c1nc2cc3c(cc2c(c1)c1ccccc1)nc(cc3c1ccccc1)c1ccc(cc1)Oc1ccc(cc1)*,tg,365.0,319.85007010532667,321.84135741286605,322.13331818820905,321.2749152354673
*C1C(=O)N(C(=O)C1CC*)CCCCNC(=O)C(C(C(C(C(C(C(F)(F)F)(F)F)(F)F)(F)F)(F)F)(F)F)(F)F,tg,100.0,83.56803304296405,87.17788856357524,77.09388013440513,82.61326724698148
*C1(C(=O)OC(=O)C1(C(C*)OCC)C)C,tg,244.0,174.95565522830873,183.68540913972447,179.54849077416148,179.39651838073155
*N1C(=O)C(=C(C1=O)Cl)Oc1ccc(cc1)C(c1ccc(cc1)OC1=C(C(=O)N(C1=O)c1ccc(cc1)Cc1ccc(cc1)*)Cl)(C)C,tg,172.0,185.96647885097602,194.36924069067067,187.47345680106426,189.2697254475703
*C(C*)C(=O)Oc1cc(ccc1)C,tg,24.5,37.031674843822856,38.190244195742906,44.92136885924718,40.04776263293765
*c1cc2c(cc1)oc(=O)c(c2)C(=O)Nc1ccc(cc1)C(c1ccc(cc1)NC(=O)c1c(=O)oc2c(cc(cc2)C*)c1)(C(F)(F)F)C(F)(F)F,tg,329.0,291.2086065215922,306.47657290735793,292.3362188384333,296.6737994224611
*N1C(=O)c2c(C1=O)c(ccc2)Oc1cc(ccc1)Oc1c2c(C(=O)N(C2=O)c2ccc(cc2)Oc2ccc(cc2)*)ccc1,tg,226.0,226.31947969271462,226.53590483188634,233.07419111332706,228.64319187930934
*SSSSCC*,tg,-24.0,-52.890122163571185,-26.178946474519336,-43.29385223801185,-40.787640292034126
*N1C(=O)c2c(C1=O)cc(c(c2)c1ccc(cc1)[Si](C)(C)C)c1cc2c(C(=O)N(C2=O)c2ccc(cc2)Cc2ccc(cc2)*)cc1c1ccc(cc1)[Si](C)(C)C,tg,348.0,346.62252793651356,346.00351186336025,354.4151506765118,349.01373015879517
*C1OCC(OC1)CNC(=O)CCCCCCCCC(=O)NC*,tg,73.0,44.94799947016028,57.093322747620604,40.39045428185032,47.477258833210406
*N(CC*)C(=O)c1c(c(cc(c1)F)F)F,tg,110.0,99.31410086518828,97.26033397632517,109.98009553513187,102.18484345888176
*c1cc2c(C(=O)N(C2=O)c2cc(ccc2)C(C(C(C(C(c2cc(ccc2)N2C(=O)c3c(C2=O)cc(cc3)C(C(C(*)(F)F)(F)F)(F)F)(F)F)(F)F)(F)F)(F)F)(F)F)cc1,tg,104.5,138.6579374135894,124.68893989689516,160.6179545748414,141.321610628442
*S(=O)c1ccc(cc1)Sc1ccc(cc1)Sc1ccc(cc1)Sc1ccc(cc1)*,tg,133.0,129.71035186562074,121.56993713458056,152.84403918856643,134.7081093962559
*Oc1cc(ccc1)OC1(C(C(C1(F)F)(F)F)(*)F)F,tg,32.0,89.6736208773214,102.42854621081332,141.91339249641777,111.3385198615175
*c1cc2c(C(=O)N(C2=O)c2c(c(ccc2)N2C(=O)c3c(C2=O)cc(cc3)C(*)(C(F)(F)F)C(F)(F)F)C)cc1,tg,353.5,323.89016201421026,319.4623613959726,323.3368127456691,322.2297787186173
*Oc1ccc(cc1)C(c1ccc(cc1)Oc1ccc(cc1)C(=O)c1ccc(cc1)*)(C(F)(F)F)C(F)(F)F,tg,170.5,170.60594180845155,172.53482349750095,170.51672816021764,171.2191644887234
*C1=CC(=C(C#N)C#N)C=C(O1)C=Cc1sc(c(c1CCCCCC)CCCCCC)c1sc(cc1)c1sc(c(c1CCCCCC)CCCCCC)C=C*,tg,114.0,89.3450732774856,99.4512649352373,61.33922984600959,83.37852268624415
*OC(C*)COC(C)(C)C,tg,-24.0,-16.759037551480482,-30.700293675931476,-20.761643669517607,-22.740324965643186
*c1cc2c(cc1OC(=O)COc1ccc3c(c1)oc(=O)cc3)oc(=O)c(c2)C(=O)Nc1cc(ccc1)NC(=O)c1c(=O)oc2c(cc(c(c2)OC(=O)COc2ccc3c(c2)oc(=O)cc3)C*)c1,tg,240.0,246.3980953959577,237.13724343961462,238.95947870751564,240.83160584769598
*c1c(cc(cc1)C=C*)c1c(cc(c(c1)OCCC(C)C)OCCC(C)C)c1ccccc1,tg,164.0,122.8026367731708,149.43809548259114,114.5915510007305,128.94409441883082
*N1C(=O)c2c(C1=O)cc(cc2)Oc1ccc(cc1)Oc1cc2c(C(=O)N(C2=O)c2c(cc(cc2)c2cc(c(cc2)*)OC)OC)cc1,tg,274.0,239.50054283055456,251.68359548842704,228.25870825648866,239.8142821918234
*N(CC(C*)O)c1cc(cc(c1)C)C,tg,80.0,94.17016726830923,98.16693100459389,81.41647613117665,91.25119146802659
*C(C*)C(=O)OC12CC3(CC(CC(C1)C3)(C2)C)C,tg,103.43,166.44867071924375,145.45135038546397,168.66282509822787,160.18761540097853
*N1C(=O)c2c(C1=O)cc(cc2)Oc1c2c(ccc1)c(ccc2)Oc1cc2c(C(=O)N(C2=O)c2ccc(cc2)C(c2ccc(cc2)*)(C)C)cc1,tg,265.0,276.67157843574495,267.2580644111379,269.95493326924304,271.2948587053753
*OC(=O)COCC*,tg,-13.81,-14.872201093219175,-17.527096918794655,-1.7381215316162182,-11.379139847876681
*[Si](CCC*)(c1ccc(cc1)N(C)C)C,tg,6.5,12.253443397828942,30.37166793802625,39.87596281924657,27.500358051700587
*c1cc2c(C(=O)N(C2=O)c2ccc(cc2)Oc2cc3c(cc2)ccc(c3)Oc2ccc(cc2)N2C(=O)c3c(C2=O)cc(cc3)C(=O)Nc2cc(ccc2)NC(=O)*)cc1,tg,286.0,276.0852924847197,269.57400068794976,263.2882150771517,269.64916941660704
*Oc1ccc(cc1)Sc1ccc(cc1)Sc1ccc(cc1)Sc1ccc(cc1)*,tg,84.0,139.581796559112,119.49207770127148,138.3254619293541,132.4664453965792
*N1C(=O)c2c(C1=O)cc(cc2)C(=O)Oc1c(cc(cc1)OC(=O)CCCCCC*)C,tg,57.21,83.25757592121448,70.96208382423451,87.7857434512376,80.66846773222886
*c1oc(nn1)c1ccc(cc1)Oc1cc(ccc1)NC(=O)c1cc(cc(c1)NC(=O)c1ccc(cc1)OC(=O)C)C(=O)Nc1cc(ccc1)Oc1ccc(cc1)*,tg,270.0,221.06088040983371,241.1782289754076,229.31386609088864,230.51765849204332
*C1C2C(C(C(C1*)C2)C(=O)OCC1C2CCC(C1)C2)C(=O)OCC1C2CCC(C1)C2,tg,320.0,243.30776589981332,233.61489427998663,248.46008793454416,241.79424937144805
*OC(=O)c1ccc(cc1)C(=O)OCC(C(C*)CC)CC,tg,26.0,25.86820542100589,35.153705037950104,24.470760162336013,28.497556873764
*C(C*)(C(=O)OCc1cscc1)C,tg,83.5,62.268176735166975,63.663322315015094,61.81882748925724,62.5834421798131
*C(C*)C(=O)OCCC(C(C(C(C(C(C(C(F)(F)F)(F)F)(F)F)(F)F)(F)F)(F)F)(F)F)(F)F,tg,52.0,-7.934791382767892,-11.297506790445851,-4.33929149339872,-7.857196555537487
*Oc1ccc(cc1)CC(NC(=O)CCc1ccc(cc1)OC(=O)COCC(=O)*)C(=O)OCCCC,tg,64.0,61.58862238606518,63.147414972960576,63.223632917321446,62.65322342544906
*O[Si](c1ccc(cc1)[Si](*)(C)C)(C)C,tg,-29.33,-19.383540469643556,-19.10131589481969,-33.43416536701331,-23.97300724382552
*NC1CCC(CC1)CC1CCC(CC1)NC(=O)CCCCCCCCCCC(=O)*,tg,139.67,133.75275466427829,134.33338865298197,134.45607779970766,134.18074037232265
*Oc1ccc(cc1)Oc1ccc(cc1)Oc1cc(ccc1)C(=O)Oc1ccc(cc1)c1ccc(cc1)OC(=O)c1cc(ccc1)*,tg,119.0,139.53807238325552,142.31886792773975,142.6346692010342,141.49720317067647
*OC(=O)C(C*)C,tg,-26.33,16.116582845408722,18.60105833395164,-1.361976143224243,11.118555012045375
*OC(=O)c1c(cc(cc1)C(=O)OCCN(CC*)c1ccc(cc1)N=Nc1[nH]c(c(n1)C#N)C#N)OCCCCC,tg,131.0,130.0545091771113,127.5135433859506,125.97125443879018,127.84643566728403
*Oc1ccc(cc1)[Si](c1ccc(cc1)OC(=O)c1cc2Cc3c(c2cc1)ccc(c3)C(=O)*)(c1ccccc1)c1ccccc1,tg,72.1,200.9028237093686,212.83296824872724,186.7439110104585,200.1599009895181
*C(C*)c1ccc(cc1)O,tg,161.43,156.53679962525607,131.2018755052139,140.08972170595138,142.60946561214044
*C1C(=O)OC(=O)C1C1C2CC(C(C1*)C2)C(=O)OC1CCCCC1,tg,195.0,225.8509601947805,230.02980832814686,190.1300949731139,215.33695449868046
*Oc1ccc(cc1)S(=O)(=O)c1ccc(cc1)Oc1ccc(cc1)C1(CCCCCC1)c1ccc(cc1)Oc1ccc(cc1)S(=O)(=O)c1ccc(cc1)Oc1ccc(cc1)C=C1C(=O)C(=Cc2ccc(cc2)*)CCCC1,tg,196.0,202.8525014441046,208.04817897288575,214.39794845662166,208.432876291204
*C(C*)C(=O)NC(C)C,tg,132.69,89.39953374596999,85.11118067994468,84.43816120547986,86.3162918771315
*Oc1c(cc(cc1c1ccccc1)Cc1cc(c(c(c1)c1ccccc1)OC(=O)CCCCCCCCC(=O)*)c1ccccc1)c1ccccc1,tg,92.0,92.41572063491542,96.07959222671366,95.94960779854773,94.81497355339228
*c1c(cc(c(c1)OC)C=C*)OCC1C2C3C(CCC3)C(C1)C2,tg,174.0,176.73797027687587,152.6628168488477,180.00013541126384,169.80030751232914
*c1cc2c(C(=O)N(C2=O)c2cc(c(cc2)Oc2ccc(cc2)C(c2ccc(cc2)Oc2c(cc(cc2)N2C(=O)c3c(C2=O)cc(cc3)C(=O)*)C(F)(F)F)(C(F)(F)F)C(F)(F)F)C(F)(F)F)cc1,tg,220.0,240.8064757281542,245.9251178317015,237.75524783377105,241.49561379787556
*Oc1ccc(cc1)C(c1ccc(cc1)OC(=O)*)(CCC#N)C,tg,150.0,144.290168710241,139.52959202925928,132.97822163032652,138.93266078994228
*C(C*)(C(=O)OCCn1c2ccccc2c2ccccc12)C,tg,145.33,110.99487510401835,126.24733366015323,94.29908417958252,110.5137643145847
*Oc1ccc(cc1)C(c1ccc(cc1)OC(=O)NC(=O)c1cc(cc(c1)C(C)(C)C)C(=O)NC(=O)*)(C)C,tg,123.5,147.7594364985591,155.86142737135864,145.7519772035541,149.7909470244906
*OC(COC(=O)c1cc(cc(c1)OCCCCC)C(=O)OCC(*)(F)F)(F)F,tg,14.0,40.741188435016774,23.995157449063754,49.841351270916654,38.19256571833239
*Oc1ccc(cc1)C(c1ccc(cc1)Oc1ccc(cc1)C(=O)c1c2c(ccc1C)c(c(cc2)C)C(=O)c1ccc(cc1)*)(C)C,tg,222.0,214.93108640321,207.05641269823943,209.54888267459785,210.51212725868243
*N1C(=O)c2c(C1=O)cc(cc2)C(=O)c1cc2c(C(=O)N(C2=O)CC(=O)Nc2ccc(cc2)NC(=O)C*)cc1,tg,250.0,217.92099205278484,223.90700156824326,211.44628928155615,217.75809430086142
*Oc1ccc(cc1)NC(=O)c1ccc(cc1)Oc1ccc(cc1)C(c1ccc(cc1)C(c1ccc(cc1)Oc1ccc(cc1)C(=O)Nc1ccc(cc1)Oc1ccc(cc1)C(c1ccc(cc1)*)(C)C)(C)C)(C)C,tg,163.0,168.27551937177907,168.90632275603252,165.72333646316102,167.63505953032418
*N1C(=O)c2c(C1=O)cc(cc2)Oc1cc2c(C(=O)N(C2=O)c2c(cc(cc2)c2cc(c(cc2)*)OCCCCCCOc2ccc(cc2)/C=C/c2ccc(cc2)F)OCCCCCCOc2ccc(cc2)/C=C/c2ccc(cc2)F)cc1,tg,124.0,131.81086051392862,153.32402235377006,140.45789734340167,141.86426007036678
*NNC(=O)C=CC(=O)Nc1cc(ccc1)C=C1C(=O)C(=Cc2cc(ccc2)NC(=O)C=CC(=O)*)CC1,tg,104.6,183.0540685370873,207.01588150552743,175.29388834098592,188.45461279453355
*N1C(=O)c2c(C1=O)cc(cc2)Oc1c2c(ccc1)c(ccc2)Oc1cc2c(C(=O)N(C2=O)c2c(cc(cc2C)Cc2cc(c(c(c2)C)*)C)C)cc1,tg,281.0,280.0315082604401,280.13267507703256,276.3057329723259,278.8233054365995
*O[Si](COC(=O)CCCCCCCCC(=O)Oc1ccc(cc1)S(=O)(=O)c1ccc(cc1)Oc1ccc(cc1)C=C1C(=O)C(=Cc2ccc(cc2)Oc2ccc(cc2)S(=O)(=O)c2ccc(cc2)OC(=O)CCCCCCCCC(=O)OC[Si](*)(C)C)CC1)(C)C,tg,73.0,79.27497229411651,83.79473545856163,88.8250397973874,83.96491585002185
*N(CCC*)C(=O)c1ccccc1,tg,72.0,77.85377505120314,74.64138407199815,87.35662666139632,79.95059526153254
*Oc1ccc(cc1)C(c1ccc(cc1)OC(=O)CCCCCCCCC(=O)*)(C)C,tg,14.25,57.83538792125821,50.69267010325446,45.38943107149757,51.305829698670074
*Nc1c2C(=O)c3c(C(=O)c2ccc1)c(ccc3)N[Se]*,tg,52.0,202.83966401034945,177.3422539944254,173.72949809841313,184.63713870106267
*N1C(=O)c2c(C1=O)cc(cc2)Oc1c(cccc1)Oc1cc2c(C(=O)N(C2=O)c2ccc(cc2)Oc2cc3c(cc2Oc2ccc(cc2)*)cccc3)cc1,tg,216.0,203.2552343023672,209.53369370657762,206.73104971622146,206.5066592417221
*S(=O)(=O)NCCCCCCNC(=O)C(*)(F)F,tg,51.0,80.97625603387384,67.75641466961937,67.1789200684003,71.97053025729785
*c1cc2c(C(=O)N(C2=O)c2cc(ccc2)C(=O)c2ccc(cc2)C(=O)c2cc(ccc2)N2C(=O)c3c(C2=O)cc(cc3)C(=O)*)cc1,tg,240.0,269.7744272251073,262.0449515442036,262.45680735675717,264.7587287086894
*OC(=O)C(C(=O)OCCOCC*)CCCCC,tg,-47.0,-39.656351472553304,-39.677280161003836,-43.15879941682603,-40.83081035012772
*NC(=O)CCCCCCCCCCCCCCC(=O)NCCCCCCCC*,tg,52.0,46.823428070154456,48.5724055814091,49.58270650447567,48.32618005201308
*C(C*)(C(=O)OCCS(=O)(=O)c1ccc(cc1)N=Nc1ccc(cc1)N(CC)CC)C,tg,142.0,148.69125891261533,139.89640427408983,117.98826004636754,135.52530774435758
*c1ccc(cc1)*,tg,291.5,128.08449202471553,104.50080701654909,134.90649647483744,122.49726517203402
*S(=O)(=O)c1ccc(cc1)Nc1ccc(cc1)C(c1ccc(cc1)Nc1ccc(cc1)*)(C(F)(F)F)C(F)(F)F,tg,145.0,223.27479300581345,233.20004515165976,224.81159874738267,227.0954789682853
*N1C(=O)c2c(C1=O)cc(cc2)Oc1c(cc(cc1C)Cc1cc(c(c(c1)C)Oc1cc2c(C(=O)N(C2=O)c2c(cc(cc2C)c2cc(c(c(c2)C)*)C)C)cc1)C)C,tg,420.0,279.5499493433529,292.4263531325335,283.604033471935,285.19344531594044
*Oc1c(cc(cc1OC)/C=C/c1ccc(cc1)/C=C/c1cc(c(c(c1)OC)OCCCCCCCCCCCC*)OC)OC,tg,61.1,78.49011114517116,73.62891789766427,65.14041256601445,72.41981386961662
*Oc1ccc(cc1)S(=O)(=O)c1c2c(ccc1)c(ccc2)S(=O)(=O)c1ccc(cc1)Oc1c(cc(cc1C)c1cc(c(c(c1)C)*)C)C,tg,262.0,269.4309862088201,277.0364337441838,282.3594938967693,276.2756379499244
*c1cc2c(C(=O)N(C2=O)c2cc(ccc2)C(=O)c2ccc(cc2)Cc2cc(ccc2)N2C(=O)c3c(C2=O)cc(cc3)C(=O)*)cc1,tg,265.5,261.96862454768075,259.42903092540405,259.759204994996,260.38562015602696
*c1cc2c(C(=O)N(C2=O)c2cc(c(cc2)c2c(cc(cc2)N2C(=O)c3c(C2=O)cc(cc3)C(=O)Oc2cc(c(cc2)c2c(cc(cc2)OC(=O)*)C)C)C)C)cc1,tg,177.0,225.5057111985588,240.68353702535546,232.11927984995677,232.769509357957
*c1cc2c(oc(n2)c2ccc(cc2)C(c2ccc(cc2)c2oc3c(n2)cc(cc3)C(*)(c2ccccc2)C(F)(F)F)(c2ccccc2)C(F)(F)F)cc1,tg,330.0,286.663029913437,292.2624418958882,277.1114864169513,285.34565274209217
*OC(=O)NNC(=O)CCCCCCCCC(=O)NNC(=O)OCC*,tg,63.0,33.45465358873566,39.96797170317363,41.93714425238923,38.453256514766174
*c1cc2c(C(=O)N(C2=O)c2ccc(cc2)Oc2ccc(cc2)N2C(=O)c3c(C2=O)cc(cc3)C(=O)NCCN(CCNC(=O)*)c2ccc(cc2)C=Cc2ccc(cc2)[N+](=O)[O-])cc1,tg,224.0,203.5122594671177,196.7435037694636,199.1840682494419,199.81327716200772
*Oc1c(cc(cc1)C(c1cc(c(cc1)OC(=O)*)C)(CCC#N)C)C,tg,117.0,127.04648910345733,128.89769033867032,126.49422811220894,127.47946918477886
*C1C(=O)N(C(=O)C1*)c1c(cccc1)C(=O)OCCCC,tg,181.0,155.8047403982103,168.84528016964893,145.81838721152442,156.82280259312788
*OC(=O)c1ccc(cc1)C(=O)OCC#CC#CC*,tg,143.0,91.77301233149548,89.77151643205553,82.45429060217702,87.99960645524267
*C(C*)(C(=O)OCCCCOc1cc2c(cc1)cc(cc2)C(=O)Oc1ccccc1)C,tg,88.0,61.91537325057949,54.0775532178898,70.66102750936776,62.21798465927901
*N1C(=O)C2C3C4C(C(C2C1=O)C=C3)C(=O)N(C4=O)CCC*,tg,210.0,235.81075489255858,230.75941143876952,288.14371154890387,251.571292626744
*[Si](CCC*)(c1cc(ccc1)C)C,tg,-25.0,-7.979943782299356,-5.438211436897944,25.8087559799299,4.130200253577533
*OC(=O)c1cc(ccc1)C(=O)OCC(C(C(C*)(F)F)(F)F)(F)F,tg,23.5,22.2023433889558,32.65925782440111,29.876419543437738,28.246006918931545
*C=CCCCCCCC(CCCCCC*)Cl,tg,-57.0,-33.6632592186425,-47.326985185709475,-60.24800120741303,-47.07941520392168
*O[Si](O[Si](C#Cc1ccc(cc1)C#C[Si](*)(C)C)(C)C)(C)C,tg,104.0,87.77385176826213,84.33117043676552,85.95569540184201,86.02023920228987
*NC(=O)CCCCC(=O)NCC1CCC(CC1)C*,tg,113.0,96.81227599088008,103.58352336597034,97.65407065280874,99.3499566698864
*Nc1ccc(cc1)c1ccc(cc1)NC(=O)c1ccc(cc1)C(=O)*,tg,340.0,283.26214237894106,280.2522819056359,243.49991119120375,269.0047784919269
*Oc1ccc(cc1)Oc1ccc(cc1)C=NCCCCCCCCCCN=Cc1ccc(cc1)*,tg,108.0,103.20631891211868,95.84518782512853,88.6173699540371,95.88962556376144
*C1OC(C(C(C1O)O)O*)COCO,tg,208.0,103.81358566491207,99.16237587429899,120.54547560682666,107.84047904867924
*N1C(=O)c2c(C1=O)cc(cc2)c1cc2c(C(=O)N(C2=O)c2cc(ccc2)Oc2cc(ccc2)Oc2cc(ccc2)*)cc1,tg,208.0,205.83266377667417,227.44845745961373,218.66171510127083,217.31427877918622
*Oc1ccc(cc1)OC(=O)c1c(cc(cc1)C(=O)*)Sc1ccccc1,tg,181.0,137.17130149364803,131.39750638344407,151.4155295640869,139.9947791470597
*C(C(C(C*)OC)C(=O)O)C(=O)O,tg,134.67,77.67800500414218,78.41437681668435,66.03006476683201,74.04081552921951
*c1c([nH]c(n1)c1cc(ccc1)c1[nH]c(c(n1)c1ccc(cc1)Oc1ccc(cc1)C(=O)c1ccc(cc1)C(=O)c1ccc(cc1)Oc1ccc(cc1)*)c1ccccc1)c1ccccc1,tg,270.0,254.59079333325903,261.4590373273683,273.368863075491,263.1395645787061
*N1C(=O)C2CCC3C(C2C1=O)C(=O)N(C3=O)c1ccc(cc1)Cc1ccc(cc1)*,tg,341.0,318.013588959947,317.84509060979326,327.5275631636999,321.1287475778134
*Oc1ccc(cc1)c1ccc(cc1)Oc1c(cc(cc1)C(=O)c1cc(c(cc1)*)S(=O)(=O)O)S(=O)(=O)O,tg,225.0,230.14102683804452,239.126973348599,239.20973924184474,236.15924647616274
*Oc1ccc(cc1)C1(c2c(CC1)cccc2)c1ccc(cc1)OC(=O)c1ccc(cc1)C(=O)*,tg,312.0,278.4363296123892,260.97813504008445,282.03528055980604,273.8165817374266
*c1cc2c(C(=O)N(C2=O)c2c(cc(c(c2C)N2C(=O)c3c(C2=O)cc(c(c3)Cl)C(=O)*)C)C)cc1Cl,tg,371.0,380.039890309489,380.216486750277,386.9766359836269,382.41100434779764
*C(C*)(C(=O)OCCCCCOc1ccc(cc1)c1ccc(cc1)C#N)C,tg,60.0,56.525506750285004,55.2525519451347,69.97850524458778,60.585521313335825
*C(C*)OC(=O)C,tg,34.27,40.04455346227455,44.720430487350725,79.44847292094704,54.73781895685744
*N1C(=O)c2c(C1=O)c(ccc2)c1cc2c(C(=O)N(C2=O)c2cc(ccc2)OCCCCCCCCOc2cc(ccc2)*)cc1,tg,142.0,136.0742842905549,138.4272214942866,144.6343820901023,139.71196262498128
*C(=C(*)C)c1ccccc1,tg,200.0,219.3718793060931,235.1966997716941,236.82790361463213,230.46549423080646
*C(C*)c1c(c(c(c(c1F)F)OCC(C(F)(F)F)(F)F)F)F,tg,53.0,52.76515559169145,51.981510966718645,60.631492876549615,55.12605314498657
*c1cc2C3(CCC(CC3)C(C)(C)C)c3c(c2cc1)ccc(c3)c1cc2C(c3c(c2cc1)ccc(c3)*)(CCCCCCCC)CCCCCCCC,tg,166.0,122.9204111594236,116.90723868222766,130.8314772293333,123.55304235699485
*Oc1cc(ccc1)NC(=O)c1ccc(cc1)C(=O)Nc1ccc(cc1)*,tg,280.0,242.90320089787429,230.9466124398503,254.683533110876,242.84444881620018
*OC(C(=O)N(S(=O)(=O)C(C(*)(F)F)(F)F)[Li])(C(F)(F)F)F,tg,67.0,54.58498688668528,78.29777466934449,40.8265169146201,57.90309282354996
*C(C*)(C(=O)OC(C(C(C(C(C(C(C(F)(F)F)(F)F)(F)F)(F)F)(F)F)(F)F)(F)F)(F)F)C,tg,49.0,19.12052983763959,43.617220897209975,46.02437050029774,36.25404041171577
*C(C*)(CC(=O)OCC)C(=O)O,tg,135.0,70.40051798292053,68.13544330465604,57.74356332015099,65.42650820257586
*N1C(=O)c2c(C1=O)cc(cc2)C(=O)c1cc2c(C(=O)N(C2=O)CCC[Si](O[Si](CCC*)(C)C)(C)C)cc1,tg,68.0,98.52974130531936,91.26743983877687,96.95873104595651,95.58530406335092
*c1cc2c(C(=O)N(C2=O)c2ccc(cc2)OC(COc2ccc(cc2)N2C(=O)c3c(C2=O)cc(cc3)C(*)(C(F)(F)F)C(F)(F)F)CCC)cc1,tg,204.0,233.0992320015157,206.35283080462065,239.73949620673554,226.397186337624
*C(C*)C(=O)OCCCCCCCCCCCn1c2ccccc2c2ccccc12,tg,15.0,9.531354502646588,16.088785603686347,14.806443776184029,13.475527960838988
*N1C(=O)C2CC3C(C2C1=O)CC(=O)N(C3=O)c1ccc(cc1)Oc1ccc(cc1)*,tg,350.0,307.36037298498735,280.9495254688825,298.8606079823703,295.7235021454134
*c1sc(c(c1c1ccccc1)c1ccccc1)c1ccc(cc1)CC(=O)Nc1ccc(cc1)NC(=O)Cc1ccc(cc1)*,tg,251.0,240.45158581721282,237.07102558747812,240.44728176965546,239.32329772478212
*c1ccc2c3n(c4ccc(cc4n3)Oc3cc4n5c(nc4cc3)c3cccc4c(ccc(c5=O)c34)Oc3ccc(cc3)Sc3ccc(cc3)O*)c(=O)c3cccc1c23,tg,346.0,328.9248699722368,339.9653119828268,337.14620676512493,335.3454629067295
*C(C*)(C(=O)OCC(C(F)(F)F)(F)F)C,tg,77.0,75.44473264098042,53.8925297296482,74.04205896563376,67.79310711208745
*N1C(=O)N(C(=O)C1=O)c1ccc(cc1)Oc1ccc(cc1)N1C(=O)N(C(=O)C1=O)CCCCCC*,tg,172.0,153.77935090280008,150.1551623050837,175.75590567144954,159.89680629311113
*Oc1ccc(cc1)CC(NC(=O)CCc1ccc(cc1)OC(=O)CCCC(=O)*)C(=O)OCC(C)C,tg,62.0,60.46580931619331,61.59865416682294,63.27426214155148,61.77957520818924
*C1(NCC(NC1)(C(=O)OCC(CSCC(COC(=O)*)(C)C)(C)C)C)C,tg,40.0,84.45908861423196,63.77312778840182,88.26261156493362,78.83160932252247
*Nc1c(cc(cc1)c1cc(c(cc1)NC(=O)c1cc(ccc1)C(=O)*)OC)OC,tg,218.2,271.40999422802656,246.66518457492674,248.93850916523894,255.67122932273074
*N1C(=O)c2c(C1=O)c(ccc2)Oc1ccc(cc1)Oc1c2c(C(=O)N(C2=O)c2ccc(cc2)Oc2ccc(cc2)*)ccc1,tg,263.0,247.82203435245773,240.49703485150928,245.29859627936102,244.53922182777603
*OCCCCOc1ncnc(n1)*,tg,-11.0,50.694531934719954,36.26249698667708,35.09387646658058,40.68363512932587
*c1cc2c(C(=O)N(C2=O)c2ccc(cc2)S(=O)(=O)c2ccc(cc2)N2C(=O)c3c(C2=O)cc(cc3)C(=O)Oc2c(cc(cc2)OC(=O)*)C(C)(C)C)cc1,tg,179.0,216.60649528166806,213.97136002748522,229.24547596869485,219.9411104259494
*C1C(CC(C1)C=C*)C(=O)Oc1ccccc1,tg,72.6,96.32292111910814,84.09477410593283,70.61710307507644,83.67826610003914
*C1(C(=O)N(C(=O)C(C1)(*)C)C)C,tg,170.0,182.590906291064,200.51657291053817,178.98444298310162,187.36397406156792
*NC(=O)c1ccc(cc1)C(=O)NCCC*,tg,180.0,136.28129631168207,154.3009003143752,128.23593616172,139.6060442625924
*c1nc(ccc1)c1cc(c(cc1)Oc1ccc(cc1)C1(c2ccccc2c2ccccc12)c1ccc(cc1)Oc1c(cc(cc1)*)C(F)(F)F)C(F)(F)F,tg,182.5,225.81310272939098,217.0598599689807,228.2963994981146,223.7231207321621
*NC(=O)CCCCCCCCC(=O)NCc1ccc(cc1)C*,tg,115.0,92.66322283022961,96.5398883253932,99.38925197015823,96.19745437526035
*C1CC(CC1)C=C*,tg,39.97,98.1752482426886,68.20502120883997,88.71033870648009,85.03020271933622
*N1C(=O)C(=C(C1=O)c1ccccc1)c1ccc(cc1)C1=C(C(=O)N(C1=O)c1ccc(cc1)Oc1ccc(cc1)*)c1ccccc1,tg,275.0,261.8851447193767,263.4710695990442,270.52656161391684,265.2942586441125
*N(CC(C*)O)c1cc(c(c(c1)C)N=Nc1c(cc(cc1)[N+](=O)[O-])C)C,tg,149.0,149.47476314697727,140.12854413125143,159.72594367339784,149.77641698387552
*Nc1c(cc(cc1)NC(=O)c1ccc(cc1)NC(=O)CCCCCCCCC(=O)Nc1ccc(cc1)C(=O)*)C(=O)OCCCCCCCCCCCC,tg,228.5,235.1018434740751,233.345508516467,239.49279075139478,235.98004758064562
*Oc1c(cc(cc1OC)*)OC,tg,171.45,152.75422809838395,138.25844067923137,154.57840974705675,148.53035950822402
*c1oc(nn1)c1ccc(cc1)C(=O)OCCCCCCCCOc1ccc(cc1)C=C1C(=O)C(=Cc2ccc(cc2)OCCCCCCCCOC(=O)c2ccc(cc2)*)CCC1,tg,59.0,95.09007325118317,90.58133280702646,95.66692531514575,93.77944379111847
*OC(C*)COc1ccc(cc1)c1ccc(cc1)C#N,tg,94.15,77.48170024826665,70.6392806654703,92.6942190642233,80.27173332598676
*C(C*)(C(=O)OCCCC1CCCCC1)C,tg,41.33,43.34153696067298,44.301631322487594,39.49853263013009,42.38056697109689
*C(C*)(C(=O)OCC(=O)N1CCOCC1)C,tg,128.0,91.25270980827877,97.08040509622231,93.35535670995066,93.89615720481724
*c1ccc2N(c3c(Sc2c1)cc(cc3)C=Cc1ccc(cc1)C=C*)c1ccc(cc1)OCCCCCCCCCCCC,tg,167.0,140.4207534486407,138.6510519544614,137.4955600286532,138.85578847725176
*OP(=O)(Oc1c(cc(cc1C)S(=O)(=O)c1cc(c(c(c1)C)*)C)C)Oc1ccc(cc1)Br,tg,162.0,137.70034865158226,150.36459495091728,139.07505733499124,142.38000031249692
*C(C*)c1ccc(cc1)C(=O)N(CC)CC,tg,102.0,85.21256165632137,85.66565904671243,89.13164503523018,86.66995524608801
*C(C*)(C(=O)OCCC(C(C(C(F)(F)F)(F)F)(F)F)(F)F)C,tg,23.0,29.400088958057644,30.883766824471337,30.886107737796284,30.38998784010842
*S(=O)(=O)c1cc(ccc1)NC(=O)c1c(cc(cc1)c1cc(c(cc1)C(=O)Nc1cc(ccc1)*)C)C,tg,260.0,257.4079384079948,264.8257069506432,221.7401035667443,247.9912496417941
*C(C*)(C(=O)OCCC(C(C(C(C(C(F)(F)F)(F)F)(F)F)(F)F)(F)F)(F)F)F,tg,53.0,50.69694177256143,45.54612587120708,36.516135396414825,44.253067680061115
*OC(=O)CCCCC(=O)OCC(CC(CC*)(C)C)C,tg,-70.0,-46.572876263811445,-35.862449778578366,-23.666589629880303,-35.36730522409004
*N(c1ccc(cc1)C(=O)*)C,tg,197.0,125.35843588298964,159.647620023572,132.83208287350456,139.2793795933554
*OP(=O)(N=Nc1ccc(cc1)C(=O)c1ccc(cc1)N=NP(=O)(OCc1ccc(cc1)C*)OC)OC,tg,48.0,66.0308585413134,57.937182685429306,66.23519331119763,63.40107817931345
*OC(=O)CCC(=O)OCC(=O)NCCCCCCNC(=O)C*,tg,30.0,17.30663231046394,31.347000589801922,18.6705300051239,22.441387635129917
*NC(=O)c1ccc(cc1)C(=O)NCCCC(CCC*)(C)C,tg,152.0,134.5992638590912,130.2585296715502,147.41158839014105,137.42312730692748
*Oc1ccc(cc1)Oc1ccc(cc1)OCCCCCCOC(=O)OCCCCCCOC(=O)OCCCCCC*,tg,-13.0,-13.914376790478093,-10.712843660030586,-16.10995331731678,-13.579057922608486
*C(C*)CCCCC,tg,-45.5,-37.561959752758256,-33.96817118226352,-29.85826455197998,-33.796131829000586
*C(C*)(CC(=O)OCCOC)C(=O)OCCOC,tg,29.0,20.39293454299563,16.15625303789747,21.37316444778435,19.307450676225816
*Oc1c(cc(cc1)C1(c2ccccc2c2ccccc12)c1cc(c(cc1)Oc1ccc(cc1)C(=O)c1cc(ccc1)C(=O)c1ccc(cc1)*)C)C,tg,217.0,219.37537703370015,221.2720653014248,225.13001019586824,221.92581751033106
*OC(=O)Nc1ccc(cc1)Cc1ccc(cc1)NC(=O)OCCCCCCCCCCCC*,tg,43.0,60.80073391499403,66.28904925375937,51.814821288434835,59.63486815239608
*c1cc2c(C(=O)N(C2=O)c2cc(cc(c2)C(C)(C)C)N2C(=O)c3c(C2=O)cc(c(c3)Cl)C(=O)*)cc1Cl,tg,290.0,311.53391851773256,324.8348108178726,315.47948444799465,317.2827379278666
*OC(=O)c1cc(ccc1)C(=O)OCCCS(=O)(=O)CCCS(=O)(=O)CCC*,tg,67.0,33.54173414816632,48.43350732853648,35.501734808531495,39.1589920950781
*N=P(*)(C)C,tg,-46.0,-81.26976546354,-52.463192931634495,-74.03685252569149,-69.25660364028865
*Oc1ccc(cc1)N1ON1c1ccc(cc1)OCCCCCCOC(=O)C(C(=O)OCCCCCC*)CCCCCCP(=O)(O)O,tg,15.0,7.259518745216117,11.444038780071594,17.91052791594493,12.204695147077546
*Nc1cc(ccc1)NC(=O)c1cc(ccc1)C(=O)Nc1cc(ccc1)NC(=S)NC(=O)c1cc(ccc1)C(=O)NC(=S)*,tg,244.0,249.56160288414657,242.4247696097829,242.49158097056218,244.82598448816387
*N1C(=O)c2c(C1=O)cc(cc2)c1c2c(C(=O)N(C2=O)c2cc(ccc2)OCCCc2cc(ccc2)*)ccc1,tg,178.0,253.11612654517594,217.24875942505855,250.79306264973465,240.38598287332306
*Oc1ccc(cc1)N=CC=Nc1ccc(cc1)OC(=O)Nc1ccc(cc1)Cc1ccc(cc1)NC(=O)*,tg,133.0,110.43133959708041,121.15826398337047,111.567797429196,114.38580033654897
*c1ncc(s1)N*,tg,62.0,154.33523735861394,165.5652563688849,230.5611664727968,183.48722006676522
*Oc1ccc(cc1)S(=O)(=O)c1ccc(cc1)OCC(C*)O,tg,161.25,135.5712858627101,137.9444251792314,122.56934016680519,132.02835040291555
*C(C*)c1c(cc(cc1)C)C,tg,98.83,127.29861508466581,122.6079704824767,91.73847012936797,113.88168523217017
*C1(c2c(C(=O)O1)cccc2)c1ccc(cc1)Oc1ccc(cc1)Oc1c2c(c(cc1)c1c3c(c(cc1)Oc1ccc(cc1)Oc1ccc(cc1)*)cccc3)cccc2,tg,198.0,233.1671100365439,231.93597389843524,215.93647855531327,227.01318749676412
*Oc1cc(ccc1)NC(=O)CCCCCCCCC(=O)Nc1ccc(cc1)*,tg,125.0,131.0545038582017,122.86268716067897,133.1034518674749,129.00688096211852
*C(C*)C(=O)Nc1cc(ccc1)Cl,tg,70.0,84.45611566789663,79.6625529076839,91.0404390035231,85.05303585970121
*C(C*)(C(=O)OCc1ccc(cc1)Cl)C,tg,43.6,58.80801349310572,64.47342720968116,42.04416816459583,55.108536289127564
*N1C(=O)c2c(C1=O)c(ccc2)Oc1c(cc(cc1C)Cc1cc(c(c(c1)C)Oc1c2c(C(=O)N(C2=O)c2c(cc(cc2C)Cc2cc(c(c(c2)C)*)C)C)ccc1)C)C,tg,243.0,299.6353898161295,291.68729600784593,308.46565257142737,299.92944613180094
*c1[nH]c(nc1c1ccc(cc1)NC1C(=O)N(C(=O)C1)c1ccc(cc1)Cc1ccc(cc1)N1C(=O)C(CC1=O)Nc1ccc(cc1)*)c1ccc(cc1)N=Nc1ccc(cc1)[N+](=O)[O-],tg,258.0,243.5433078604375,245.68439486652096,239.1832588050602,242.80365384400622
*C(=CCCC*)c1ccccc1,tg,0.0,33.59887447629473,29.995546897181214,40.22037646327152,34.60493261224915
*OC(C*)CC,tg,-72.01,-44.67043012136091,-44.59536058533135,-48.30323029006785,-45.856340332253374
*OCOCCCC*,tg,-83.2,-64.72073566673461,-79.95539211803015,-82.06302061561144,-75.57971613345873
*C1(CCCCC1)C*,tg,100.0,121.23266518375341,99.20190720601076,98.84213586215654,106.4255694173069
*Oc1c(cc(cc1C)C1(CC2C(CC1)CCCC2)c1cc(c(c(c1)C)OC(=O)c1cc(ccc1)C(=O)*)C)C,tg,261.0,232.5429397992455,239.83405395888278,231.25685516111227,234.54461630641353
*Oc1cc(ccc1)C(=O)NCC*,tg,106.0,100.5411830479435,94.23480120805587,113.43426134882192,102.73674853494043
*c1cc2c(C(=O)N(C2=O)c2cc(ccc2)N2C(=O)c3c(C2=O)cc(cc3)C(=O)Nc2ccc(cc2)Oc2ccc(cc2)c2ccc(cc2)Oc2ccc(cc2)NC(=O)*)cc1,tg,292.0,281.5060587690931,276.7256859325367,273.1865811097926,277.1394419371408
*NC(=O)c1ccc(cc1)C(=O)NCc1c(cc(c(c1)C)C*)C,tg,225.0,172.26403678851642,169.3904404585628,170.09734026594037,170.58393917100653
*C(C*)c1ccc(cc1)I,tg,155.0,117.64462492602983,128.14385645207625,102.12854733962551,115.97234290591054
*Oc1ccc(cc1)C(c1ccc(cc1)OC(=O)OC1C(C(C1(C)C)OC(=O)*)(C)C)(c1ccccc1)c1ccccc1,tg,161.0,188.83467823270132,175.55300072998804,163.84624925961128,176.0779760741002
*c1cc2c(C(=O)N(C2=O)C2CCC(CC2)N2C(=O)c3c(C2=O)cc(cc3)C(=O)Oc2ccc(cc2)OC(=O)*)cc1,tg,360.0,235.75024556142597,236.45155659260575,226.10066135712586,232.76748783705253
*C(C*)C(=O)OCCCCCCOc1ccc(cc1)N=Nc1ccc(cc1)[N+](=O)[O-],tg,35.8,57.95646752279915,52.53677613066371,60.643319578839595,57.04552107743415
*Oc1ccc(cc1)OC(=O)c1c(cc(c(c1)OCCCCCCCCCOCC1N(CCC1)c1ccc(cc1)[N+](=O)[O-])C(=O)*)OCCCCCCCCCOCC1N(CCC1)c1ccc(cc1)[N+](=O)[O-],tg,34.0,44.97357268408694,56.7158695317618,67.27490962895831,56.321450614935685
*O[Si](c1cc2c(cc1)cc(cc2)[Si](*)(C)C)(C)C,tg,29.0,39.78653344644255,50.06412915979418,31.85392092083699,40.56819450902457
*c1c(nnc(n1)c1nc(ccc1)c1nc(c(nn1)c1ccccc1)c1ccc(cc1)Cc1ccc(cc1)*)c1ccccc1,tg,205.0,245.48611209968493,251.2171638919313,250.97835053316822,249.2272088415948
*Oc1ccc(cc1)C(c1ccc(cc1)OC(=S)*)CCC,tg,129.0,114.93689609624028,103.69724134500254,102.54967347866915,107.06127030663731
*c1nc2c(c(c1c1ccccc1)c1ccccc1)cc(cc2)Oc1cc2c(nc(c(c2c2ccccc2)c2ccccc2)c2ccc(cc2)Oc2ccc(cc2)*)cc1,tg,305.0,322.43686972955396,329.72164712016956,320.8242365160597,324.3275844552611
*OC(=O)c1ccc(cc1)C(=O)OCCC*,tg,53.44,60.860020918928015,51.56956623336178,48.87631705667268,53.76863473632083
*NC(=O)CCCCCCCCCCCCCCCCCCC(=O)NCCCCC*,tg,52.0,46.72071718060675,50.027327585934955,51.19909783470991,49.315714200417204
*c1cc2c(C(=O)N(C2=O)c2ccc(cc2)N2C(=O)c3c(C2=O)cc(cc3)C(*)(C(F)(F)F)C(F)(F)F)cc1,tg,348.86,346.30869416138637,340.91382753457515,343.58971202066033,343.60407790554063
*c1cc2c(C(=O)N(C2=O)C2C(=O)N(C(=O)C2)c2ccc(cc2)S(=O)(=O)c2ccc(cc2)NC(=O)*)cc1,tg,145.0,211.19891266699523,207.1919169702242,229.49813170283582,215.96298711335177
*C(C*)OC(=O)c1ccc(cc1)CC,tg,54.72,58.740880750192375,51.16976992470326,67.91556536217074,59.275405345688796
*C(C*)C(=O)OCC(O)C,tg,-7.0,0.9013817264583248,20.66539667462432,7.584958127323822,9.717245509468823
*Oc1ccc(cc1)C(c1ccc(cc1)OC(=S)*)(c1ccccc1)C,tg,181.0,143.68002748205197,149.11611140979636,144.27678806470547,145.69097565218462
*C(C*)(C(=O)Oc1c(c(c(c(c1Cl)Cl)Cl)Cl)Cl)C,tg,110.0,159.66377584002083,172.59231492338188,132.85254888301876,155.03621321547382
*C(C*)C1CCC(CC1)C(C)(C)C,tg,131.0,133.30874904482542,119.77459950403923,139.04492483923764,130.70942446270075
*OC(C*)CBr,tg,-14.0,-28.78460656833512,-36.73070872245728,-34.046604734027405,-33.18730667493994
*c1n(c(nn1)c1ccc(cc1)Oc1ccc(cc1)C(c1ccc(cc1)Oc1ccc(cc1)*)(C(F)(F)F)C(F)(F)F)c1ccc(cc1)S(=O)(=O)c1ccccc1,tg,211.0,218.2794745344385,220.32834299893736,236.00283571354225,224.8702177489727
*Oc1ccc(cc1)CC(NC(=O)CCc1ccc(cc1)OC(=O)COCC(=O)*)C(=O)OCC,tg,79.0,72.50957463693638,69.38865628429132,72.4627509170587,71.45366061276214
*OC(OC(=O)c1cc(ccc1)C(=O)OC(OCC1CCC(CC1)C*)C)C,tg,30.0,47.804646085262256,47.67212915283659,45.16350150726714,46.88009224845533
*C(=CCC*)CCCCCCC,tg,-83.0,-52.626264859480706,-44.299366594428676,-60.963140393802924,-52.6295906159041
*C(C*)OC(=O)c1ccccc1,tg,70.29,83.6207145613202,82.87859294495897,84.58921975464818,83.69617575364245
*C1C(CC(C1)C=C*)[Si](C[Si](C)(C)C)(C)C,tg,24.0,76.55025280964719,55.110567382700324,86.5220715081327,72.72763056682673
*Oc1c(cc(cc1C)c1cc(c(c(c1)C)Oc1ccc(cc1)C(=O)c1cc2c(cc1)cc(cc2)C(=O)c1ccc(cc1)*)C)C,tg,270.0,247.34935770310392,240.92280150281823,245.0659103413537,244.44602318242528
*c1oc2c(n1)ccc(c2)c1ccc2c(oc(n2)c2ccc(cc2)C(c2ccc(cc2)*)(C(F)(F)F)C(F)(F)F)c1,tg,345.0,343.37156732636487,338.8490907486829,359.47352347562423,347.23139385022404
*Oc1ccc(cc1)C(=O)CNc1ccc(cc1)S(=O)(=O)c1ccc(cc1)NCC(=O)c1ccc(cc1)*,tg,247.0,198.07504051729805,202.94895166548898,167.5210167276286,189.51500297013854
*Oc1ccc(cc1)C1(c2ccccc2c2ccccc12)c1ccc(cc1)Oc1ccc(cc1)C=NN=Cc1ccc(cc1)*,tg,227.0,214.1553339389335,221.68103970316537,212.1478435590742,215.9947390670577
*C(C*)(C(=O)Oc1ccc(cc1)C(=O)C=Cc1cc(c(cc1)OC)OC)C,tg,137.0,111.88794867340833,113.83580302469055,110.58819477014322,112.1039821560807
*Oc1cc2c(C(CC2(c2ccc(cc2)OC(=O)*)C)(C)C)cc1,tg,201.7,173.97750286577946,177.904088360571,162.2453868351614,171.37565935383728
*Oc1c(cc(cc1C)S(=O)(=O)c1cc(c(c(c1)C)OCC(C*)O)C)C,tg,152.5,141.05030972014438,148.99046602616852,145.4966499312029,145.17914189250527
*C(C*)C(=O)c1ccc(cc1)CCC,tg,44.0,57.56571986347637,58.1686762117217,58.578294066757636,58.10423004731857
*C(C*)(C(=O)OCCCCCCCCCCCCCCCC[n+]1ccc(cc1)N(C)C)C,tg,60.0,43.13358204865238,44.77206068338832,53.910707873592465,47.27211686854438
*Oc1cc(ccc1)Oc1ccc(cc1)S(=O)(=O)c1ccc(cc1)Oc1ccc(cc1)C(=O)c1ccc(cc1)*,tg,167.0,170.70848714328034,177.27893531192973,181.14138759957007,176.37627001826004
*Oc1ccc(cc1)OC(=O)c1cc(ccc1)Oc1cc(ccc1)C(=O)*,tg,119.0,136.85241069806509,124.34004824998868,133.27059800853203,131.48768565219527
*Oc1ccc(cc1)C(c1ccc(cc1)OC(=O)Nc1cc(ccc1)P(=O)(c1cc(ccc1)NC(=O)*)c1ccccc1)(C)C,tg,62.0,182.09891657697918,170.57550136796243,167.13360978281062,173.26934257591742
*c1c2c(c(nn1)c1ccc(cc1)Oc1ccc(cc1)C1(c3ccccc3c3ccccc13)c1ccc(cc1)Oc1ccc(cc1)*)c(c(c(c2c1ccc(cc1)F)c1ccc(cc1)F)c1ccc(cc1)F)c1ccc(cc1)F,tg,311.33,317.7886230712225,314.8819449226205,316.3222426654965,316.3309368864465
*Oc1c(cc(cc1)OC(=O)c1ccc(cc1)C(=O)*)C(F)(F)F,tg,158.13,155.36734270869542,148.24304435426455,149.94611582149557,151.1855009614852
*N1C(=O)c2c(C1=O)cc(cc2)Oc1ccc(cc1)C1(c2ccccc2c2ccccc12)c1ccc(cc1)Oc1cc2c(C(=O)N(C2=O)c2ccc(cc2)N(c2ccc(cc2)*)c2ccc(cc2)C#N)cc1,tg,279.0,252.52193910837752,255.44116326528308,240.83757933144415,249.60022723503494
*c1cc2c(nc(c(n2)c2ccc(cc2)c2c(nc3c(n2)cc(cc3)C(=O)*)c2ccccc2)c2ccccc2)cc1,tg,323.79,331.8680655954893,307.164681979602,345.89088378809737,328.30787712106286
*c1oc(nn1)c1ccc(cc1)c1oc(nn1)CN1C(=O)c2c(C1=O)cc(cc2)C(c1cc2c(C(=O)N(C2=O)C*)cc1)(C(F)(F)F)C(F)(F)F,tg,214.0,228.48303742473993,218.47594227604947,221.50435525482044,222.82111165186996
*Nc1ccc(cc1)C(=O)c1ccc(cc1)NC(=O)c1cc(ccc1)C(=O)*,tg,253.2,257.5912827997229,265.0702765348056,279.4922071797656,267.384588838098
*N1C(=O)N(C(=O)C1=O)c1c(ccc(c1)N1C(=O)N(C(=O)C1=O)CCCCCC*)C,tg,181.5,144.51380675219502,132.18021987969126,139.87692261101827,138.8569830809682
*OP(=O)(Oc1ccc(cc1)C(c1ccc(cc1)*)(C)C)Oc1ccc(cc1)Cl,tg,71.0,74.8059675849238,87.9701291106118,83.752119141486,82.17607194567387
*Nc1c(ccc(c1)NC(=O)Nc1ccc(cc1)CCc1c(cccc1)NC(=O)*)C,tg,227.0,194.97130586120082,198.83924718000122,248.92319610642735,214.2445830492098
*c1cc2c(C(=O)N(C2=O)c2cc(ccc2)P(=O)(c2cc(ccc2)N2C(=O)c3c(C2=O)cc(cc3)C(=O)*)c2cc(cc(c2)C(F)(F)F)C(F)(F)F)cc1,tg,243.0,254.4394585501445,261.35837457169373,237.15621425622749,250.98468245935524
*N1C(=O)c2c(C1=O)cc(cc2)C(=O)Oc1ccc(cc1)OC(=O)CCC*,tg,132.0,117.94737698251215,118.91163359402543,118.22448535384905,118.36116531012887
*Oc1ccc(cc1)C(=O)OC(=O)c1ccc(cc1)OCCCCC*,tg,53.0,47.09468338559295,38.23160654121773,59.74144880516032,48.355912910657004
*OC(=O)c1cc(ccc1)c1cc(ccc1)C(=O)OCC(C(C(C*)(F)F)(F)F)(F)F,tg,45.0,87.74512161698888,68.62364875518419,87.18164578264886,81.1834720516073
*Oc1c(cc(cc1)OC(=O)c1ccc(cc1)OCCCCCCOc1ccc(cc1)C(=O)*)N=Nc1ccc(cc1)C#N,tg,98.0,107.95740933912377,94.72313728069787,121.3565744177106,108.01237367917741
*Oc1c(cc(cc1)Oc1ccc(cc1)C(=O)c1ccc(cc1)c1ccc(cc1)C(=O)c1ccc(cc1)*)c1ccccc1,tg,186.0,173.65341930864,172.75913625221966,184.58237859788937,176.9983113862497
*C(C*)c1ccc(cc1)CCCCCCCCCCCCCCCC,tg,4.5,-25.90023447758712,-23.803180730418745,-18.66464640560586,-22.78935387120391
*N1C(=O)c2c(C1=O)cc(cc2)c1cc2c(C(=O)N(C2=O)c2ccc(cc2)C(=O)Nc2cc(ccc2)S(=O)(=O)c2cc(ccc2)NC(=O)c2ccc(cc2)*)cc1,tg,256.0,267.1389661111786,262.4462800676848,246.7906858086923,258.7919773291852
*Oc1cc(ccc1)NC(=O)c1ccc(cc1)C(=O)Nc1cc(ccc1)OCCCCC*,tg,135.0,140.64829403358956,141.1122671318978,143.8910037027092,141.88385495606553
*SC(C*)CC,tg,-50.0,-42.07808208847817,-54.2517169739354,-41.37608729651628,-45.90196211964329
*NC(=O)CCCCCCCCCCCCCCCCC(=O)NCCCCCC*,tg,47.0,48.590926405469354,50.082589042068506,50.11192612283001,49.595147190122624
*O[Si](OC(CCC*)C)(C)C,tg,-81.0,-75.35731240248877,-56.90610061689986,-77.6265332804486,-69.96331543327908
*Oc1cc(c(cc1)C(=O)c1ccccc1)c1c(ccc(c1)Oc1ccc(cc1)C(c1ccc(cc1)*)(C)C)C(=O)c1ccccc1,tg,156.0,180.11776154275572,175.5937589296968,202.38105248828748,186.03085765358
*Oc1ccc(cc1)CC(NC(=O)CCc1ccc(cc1)OC(=O)CCC(=O)*)C(=O)OCCCCCC,tg,51.2,55.532002924848264,46.11556050376018,52.797112422944174,51.4815586171842
*c1cc2c(C(=O)N(C2=O)c2cc(ccc2)N2C(=O)c3c(C2=O)cc(cc3)C(=O)OCCN(CCOC(=O)*)c2ccc(cc2)N=Nc2ccc(cc2)[N+](=O)[O-])cc1,tg,210.0,181.60174080742573,175.9186433989421,176.37792689406933,177.9661037001457
*OCC(C*)(COCC(F)(F)F)C,tg,-41.0,6.884240375444931,-9.91250411097431,5.821414085117944,0.9310501165295214
*N1C(=O)c2c(C1=O)cc(cc2)Oc1cc2c(C(=O)N(C2=O)c2c(cc(c(c2)*)O)O)cc1,tg,263.0,294.8084243364034,310.60633737318386,311.4225948125863,305.61245217405786
*c1cc2c(C(=O)N(C2=O)c2cc3Cc4c(c3cc2)ccc(c4)N2C(=O)c3c(C2=O)cc(cc3)C(=O)*)cc1,tg,341.5,343.521047591329,341.34266574943274,345.213651713757,343.3591216848395
*OC(=O)c1cc2c(cc1)cc(cc2)C(=O)OCCCC*,tg,65.5,74.86487536932061,74.76285055936467,77.58000014187975,75.73590869018834
*OCC(C*)(CS(=O)(=O)CCCCC)CS(=O)(=O)CCCCC,tg,56.0,56.15496735741314,52.18656474592251,63.97110270077652,57.43754493470406
*C(C*)(C(=O)Oc1c(ccc(c1)C)C)C,tg,111.0,100.96844641698047,113.35154571480022,108.42424933918814,107.58141382365626
*c1cc2c(C(=O)N(C2=O)c2cc(ccc2)P(=O)(c2cc(ccc2)N2C(=O)c3c(C2=O)cc(cc3)C(=O)Nc2ccc3Cc4c(c3c2)cc(cc4)NC(=O)*)c2ccccc2)cc1,tg,248.0,227.56101829666125,241.1809976009498,220.3814018861059,229.70780592790564
*c1cc2c(C(=O)N(C2=O)c2c3c(ccc2)c(ccc3)Oc2ccc(cc2)N2C(=O)c3c(C2=O)cc(cc3)C(=O)Nc2c3c(ccc2)c(ccc3)Oc2ccc(cc2)NC(=O)*)cc1,tg,276.0,290.7970044095445,293.3423254769223,303.57679836287485,295.9053760831139
*N(CC*)C(=O)C(CCCC)CC,tg,33.0,18.457840513295608,4.71453402026188,19.065577017922614,14.079317183826701
*Nc1ccc(cc1)Cc1ccc(cc1)NC(=O)c1cc(cc(c1)N1C(=O)C2C(C1=O)CC=CC2)C(=O)*,tg,286.0,298.8919142549942,296.5545643143767,299.7907701853794,298.41241625158347
*c1nc2c([nH]1)ccc(c2)N1C(=O)c2c(C1=O)cc(cc2)C(=O)c1cc2c(C(=O)N(C2=O)c2ccc(cc2)*)cc1,tg,412.0,359.6821954153331,349.3364944001824,322.5054372003982,343.8413756719712
*c1c(nnc(n1)c1nc(ccc1)c1nc(c(nn1)c1ccccc1)c1ccc(cc1)*)c1ccccc1,tg,260.0,242.95640957304258,255.01374312462949,245.15247620185065,247.7075429665076
*Oc1ccc(cc1)C(c1ccc(cc1)Oc1ccc(cc1)C(=O)c1c(c(c(c(c1c1ccccc1)c1cc2c(cc1)cccc2)c1cc2c(cc1)cccc2)c1ccccc1)C(=O)c1ccc(cc1)*)(C)C,tg,264.0,284.107767513813,271.3353363070984,281.56378667290414,279.00229683127185
*Oc1ccc(cc1)Oc1ccc(cc1)C(=O)c1c2c(c(cc1)C(=O)c1ccc(cc1)*)cccc2,tg,200.02,189.13227212185228,183.74547762337056,179.2302853967727,184.0360117139985
*C1(c2c(C(=O)O1)cccc2)c1ccc(cc1)Oc1ccc(cc1)C(=O)c1ccc(cc1)Oc1ccc(cc1)*,tg,218.29,239.02548401478094,234.57052505027676,241.66260605721848,238.41953837409207
*C#CC(=C(*)COS(=O)(=O)c1ccc(cc1)C)COS(=O)(=O)c1ccc(cc1)C,tg,-73.0,99.62853917032562,166.459114471637,105.05837839830664,123.71534401342308
*N1C(=O)c2c(C1=O)cc(cc2)c1cc2c(C(=O)N(C2=O)c2ccc(cc2)Oc2ccc(cc2)C(=O)c2ccc(cc2)Oc2ccc(cc2)*)cc1,tg,253.0,240.39139282004734,250.6275784670769,241.39081718342814,244.1365961568508
*C(C*)(C(=O)OCc1ccc(cc1)C=CC(=O)Oc1cc2c(cc1)oc(=O)cc2)C,tg,140.0,114.0051705779818,122.9753813965315,117.43755584560506,118.1393692733728
*S(=O)(=NP(=NP(=N*)(NCCCCCC)NCCCCCC)(NCCCCCC)NCCCCCC)NCCCCCC,tg,-17.0,-8.810748401612152,-3.781460315332339,-9.739501962087443,-7.443903559677312
*N1C(=O)c2c(C1=O)cc(cc2)c1cc2c(C(=O)N(C2=O)c2cc(ccc2)Oc2ccc(cc2)*)cc1,tg,255.5,262.04286438956024,267.9827393703719,266.6406939221208,265.5554325606843
*N1C(=O)c2c(C1=O)cc(cc2)Oc1ccc(cc1)C1(CCCCCCCCCCC1)c1ccc(cc1)Oc1cc2c(C(=O)N(C2=O)c2ccc(cc2)Oc2ccc(cc2)C2(C3CC4CC(CC2C4)C3)c2ccc(cc2)Oc2ccc(cc2)*)cc1,tg,262.0,252.49994121797872,253.96464561734211,264.3937298429015,256.9527722260741
*C(C*)c1cc(c(c(c1)OC)O)OC,tg,147.0,132.04464817628627,118.12627016032,112.14117863991278,120.77069899217302
*OC(CC(=O)*)CCOc1ccccc1,tg,20.0,16.240145107479396,21.262707784094644,5.073685249917776,14.19217938049727
*c1cc2c(C(=O)N(C2=O)c2ccc(cc2)N2C(=O)c3c(C2=O)cc(cc3)C(=O)c2ccc(cc2)Oc2ccc(cc2)Oc2ccc(cc2)C(=O)*)cc1,tg,236.0,254.46937535735034,255.59298421878236,249.53839835162557,253.2002526425861
*OC(=O)CCCCC(=O)OCCCCCCCCCC*,tg,-68.0,-37.10240215980746,-44.58454379224892,-46.916444867296256,-42.86779693978422
*N=C(NCCCCCCCCCC*)C,tg,5.0,22.723849323541977,-3.582203387222364,21.17251588310411,13.438053939807908
*c1c(cc(c(c1)OC)C=C*)OCCCCCC,tg,60.0,34.18561239498397,48.06047189214945,30.15107914435603,37.46572114382982
*c1cc2c(C(=O)N(C2=O)c2ccc(cc2)Cc2ccc(cc2)N2C(=O)c3c(C2=O)cc(cc3)C(=O)Nc2ccc(cc2)Oc2ccc(cc2)NC(=O)*)cc1,tg,251.0,262.89176113704696,267.6249399137846,259.67281380430995,263.39650495171384
*OC(=O)OCC(C*)(C)C,tg,14.76,12.644618638990059,14.391925093726314,1.7279056975783973,9.588149810098257
*c1oc(cc1)C(c1oc(cc1)CNC(=O)OCc1oc(cc1)COCc1oc(cc1)COC(=O)NC*)(C)C,tg,39.0,51.40303914088838,55.402122334506785,47.06533573195128,51.290165735782146
*N1C(=O)c2c(C1=O)cc(cc2)C(=O)Oc1ccc(cc1)c1ccc(cc1)OC(=O)c1cc2c(C(=O)N(C2=O)CCCCCCCCCCC*)cc1,tg,97.0,106.20582374552218,104.58202059754663,98.33225217522099,103.04003217276325
*Oc1ccc(cc1)NC(=O)c1ccc(cc1)C(=O)Nc1ccc(cc1)*,tg,184.75,254.97207137926034,241.9154329428406,256.53582799658676,251.1411107728959
*Nc1cc(ccc1)NC(=O)c1ccc(cc1)C(=O)Nc1cc(ccc1)NC(=S)NC(=O)CCCCC(=O)NC(=S)*,tg,252.0,233.90975017806844,258.49366237915183,242.02516861986754,244.80952705902928
*C(C*)(C(=O)OCCCCCCOc1ccc(cc1)N=Nc1ccc(cc1)[N+](=O)[O-])C,tg,108.0,67.6202019861194,69.10960927898105,67.53718025927273,68.08899717479106
*C(C*)(C(=O)OCCCCCCOc1cc2c(cc1)cc(cc2)C(=O)Oc1ccccc1)C,tg,39.0,51.0209348079694,44.61091063365842,48.83476147258673,48.15553563807151
*Oc1ccc(cc1)C1(c2ccccc2c2ccccc12)c1ccc(cc1)Oc1ccc(cc1)C(=O)c1c2c(ccc1)cccc2C(=O)c1ccc(cc1)*,tg,269.0,240.49663252760485,254.74518691105442,241.7708116327851,245.6708770238148
*c1oc(nn1)c1ccc(cc1)Oc1ccc(cc1)*,tg,237.67,200.99689164341203,216.0359470601629,237.21700758986347,218.0832820978128
*N1C(=O)c2c(C1=O)cc(cc2)Oc1cc2c(cc1Oc1cc3c(C(=O)N(C3=O)c3ccc(cc3)Oc3c(cccc3)Oc3ccc(cc3)*)cc1)cccc2,tg,204.0,211.66582159625753,214.6385140804369,211.67721088171785,212.66051551947078
*C(C*)(c1ccccc1)C,tg,148.8,137.17631106289937,143.47289933786206,150.4294979465788,143.69290278244674
*N1C(=O)c2c(C1=O)c(ccc2)Oc1ccc(cc1)Sc1ccc(cc1)Oc1c2c(C(=O)N(C2=O)c2ccc(cc2)Oc2ccc(cc2)*)ccc1,tg,234.0,229.4088336519217,233.10180587282545,230.8896842055109,231.13344124341936
*OC(COC(=O)C1=C(C2C=CC1C2)C(=O)OCC(OC(=O)c1ccc(cc1)C(=O)*)CCl)CCl,tg,72.0,73.24154132934119,67.79220217807968,70.90596787812754,70.64657046184946
*c1ccc2n(c3c(c2c1)cc(cc3)Nc1ccc(cc1)C(=O)c1ccc(cc1)N*)CC(CCCC)CC,tg,236.06,206.246787848814,209.99329587252916,215.70635391653929,210.6488125459608
*C1C(C(C(C1)C=C*)C(=O)Oc1ccccc1)C(=O)Oc1ccccc1,tg,96.5,140.6864309559272,129.46594735678923,129.68807633173296,133.2801515481498
*O[Si](O[Si](O[Si](O[Si](Oc1c(cc(cc1C)c1cc(c(c(c1)C)*)C)C)(C)C)(C)C)(C)C)(C)C,tg,-16.0,48.971311976705294,76.0545246639833,109.8273451223129,78.2843939210005
*NC(=O)CCCCCCCCCC*,tg,46.15,47.34518606698955,42.780413850768596,52.88794704112565,47.671182319627924
*N1C(=O)c2c(C1=O)cc(cc2)C(=O)Oc1ccc(cc1)c1ccc(cc1)OC(=O)CCCCCC*,tg,107.0,90.54618651424148,103.11526752431115,106.1914533720995,99.95096913688404
*c1cc2c(C(=O)N(C2=O)c2ccc(cc2)Oc2ccc(cc2)Oc2ccc(cc2)N2C(=O)c3c(C2=O)cc(cc3)C(=O)Oc2ccc(cc2)OC(=O)*)cc1,tg,230.0,235.88300609609007,233.7874846801661,230.0776917798135,233.24939418535655
*O[Si](*)(CCCOc1ccc(cc1)C(=O)OC1CC2=CCC3C(CCC4(C(CCC34)C(CCCC(C)C)C)C)C2(CC1)C)C,tg,72.08,62.04812250819552,62.4912900348092,69.60993322537736,64.7164485894607
*OC(=O)C1CCC(CC1)C(=O)OCCC*,tg,-6.0,16.545532140019304,15.763890627462018,19.681592812211974,17.330338526564432
*OC(=O)Nc1c(ccc(c1)NC(=O)OCCCCCCC*)C,tg,61.0,11.389588321724993,52.87936003255142,4.284435952162777,22.851128102146394
*C(C*)C(=O)OCC(C(F)(F)F)(F)F,tg,-26.0,-10.996084639867133,-1.4273705706773399,-12.880174135370702,-8.43454311530506
*OC(CC(=O)*)COc1ccccc1,tg,20.0,41.38835302728344,26.157372842940617,48.169536781949276,38.57175421739111
*c1[nH]c(nc1c1ccc(cc1)Oc1ccc(cc1)C(=O)c1cc(ccc1)C(=O)c1ccc(cc1)Oc1ccc(cc1)*)c1ccccc1,tg,230.0,235.32507757357348,230.4345423720511,233.6571181572955,233.13891270097338
*O[Si](*)(c1ccccc1)c1ccccc1,tg,45.8,31.104919194957635,50.007533257912115,58.512067767729356,46.5415067401997
*Oc1ccc(cc1)C(c1ccc(cc1)OC(=O)c1ccc(cc1)OCCCCCCCCCCOc1ccc(cc1)C(=O)*)(C)C,tg,77.0,74.45327332304142,74.13989152630168,79.72943754231919,76.1075341305541
*c1cc2c(C(=O)N(C2=O)c2ccc(cc2)NC(=O)Nc2ccc(cc2)N2C(=O)c3c(C2=O)cc(cc3)C(=O)Nc2ccc(cc2)C(=O)c2ccc(cc2)NC(=O)*)cc1,tg,212.0,210.80679342935653,223.16440099084969,218.65027684639267,217.5404904221996
*c1cc2c(C(=O)N(C2=O)c2cc(c(cc2)c2c(cc(cc2)N2C(=O)c3c(C2=O)cc(cc3)C(=O)Oc2c(ccc(c2)OC(=O)*)C23CC4CC(CC(C2)C4)C3)C)C)cc1,tg,225.0,236.16398348470813,224.85622466917744,258.26771109509366,239.76263974965977
*OC(=O)c1ccc(cc1)[Si](c1ccc(cc1)C(=O)OCCN(CC*)c1ccc(cc1)C=Cc1ccc(cc1)[N+](=O)[O-])(C)C,tg,127.0,103.22669242200732,105.47078321546985,126.06295265812531,111.5868094318675
*N1C(=O)c2c(C1=O)c(ccc2)c1cc2c(C(=O)N(C2=O)c2cc(ccc2)C(=O)Nc2ccc(cc2)Oc2cc(ccc2)Oc2ccc(cc2)NC(=O)c2cc(ccc2)*)cc1,tg,253.0,253.74697164213464,263.3645113780276,267.8090169938435,261.64016667133524
*c1nc2c([nH]1)ccc(c2)c1ccc2c(nc([nH]2)c2ccc(cc2)Nc2nc(nc(n2)Nc2ccc(cc2)*)N(c2ccccc2)c2ccccc2)c1,tg,329.0,285.9288760464257,328.43082300538737,284.41202243770437,299.5905738298391
*N1C(=O)c2c(C1=O)cc(cc2)Oc1ccc(cc1)C(c1ccc(cc1)Oc1cc2c(C(=O)N(C2=O)c2ccc(cc2)Oc2ccc(cc2)C(c2ccc(cc2)Oc2ccc(cc2)*)(C)C)cc1)(C)C,tg,205.0,214.6508510559661,212.12153832733713,218.73668533106553,215.16969157145627
*C(C*)C(=O)OCCCCCCCCOC(=O)c1ccc(cc1)OC(=O)c1ccc(cc1)C#N,tg,15.0,19.823099890850937,19.38236154386165,20.290186493806008,19.83188264283953
*Oc1ccc(cc1)NC(=O)c1cc(cc(c1)C(C)(C)C)C(=O)Nc1ccc(cc1)*,tg,268.0,245.06088937594504,255.50231695671079,250.460848193748,250.34135150880127
*c1sc(c(c1c1ccccc1)c1ccccc1)c1ccc(cc1)CC(=O)Nc1ccc(cc1)Cc1ccc(cc1)NC(=O)Cc1ccc(cc1)*,tg,227.0,247.98255720798667,233.8321485524541,231.38871672164524,237.73447416069533
*C(C*)(C(=O)OCC(C(C(C(C(C(C(C(F)F)(F)F)(F)F)(F)F)(F)F)(F)F)(F)F)(F)F)C,tg,-15.0,49.00130588606926,32.55114225375779,42.10719957708735,41.219882572304805
*N1C(=O)c2c(C1=O)c(ccc2)c1cc2c(C(=O)N(C2=O)c2cc(ccc2)Oc2cc(ccc2)Oc2cc(ccc2)*)cc1,tg,213.0,243.23690296954845,248.11275299567325,244.97755296669928,245.44240297730698
*c1cc2c(C(=O)N(C2=O)c2ccc(cc2)C(=O)Nc2cc(ccc2)NC(=O)*)cc1,tg,240.0,259.925628243684,275.84390717363783,266.67994706374134,267.48316082702104
*N1C(=O)c2c(C1=O)cc(cc2)Oc1ccc(cc1)C1(CCCCCCCCCCC1)c1ccc(cc1)Oc1cc2c(C(=O)N(C2=O)c2ccc(cc2)Oc2c(cc(cc2)Oc2ccc(cc2)*)C(C)(C)C)cc1,tg,262.0,245.21039914376814,231.19839536169718,236.6606124655606,237.6898023236753
*N=P(*)(OCCCCCC)OCCCCCC,tg,-104.0,-89.0831122566509,-94.28726200178136,-94.52929296582873,-92.63322240808701
*c1nc(nc(n1)N(CCCCCCN(*)c1ccccc1)c1ccccc1)C,tg,67.0,58.812501953599366,64.76549331260509,65.94594833113543,63.17464786577997
*S(=O)(=O)C(C*)CC(C)C,tg,23.0,31.169046222149774,45.370875116695075,44.468133450361364,40.33601826306874
*c1cc2c(cc1OC(=O)COc1ccc3c(c1)oc(=O)cc3)oc(=O)c(c2)C(=O)Nc1ccc(cc1)NC(=O)c1c(=O)oc2c(cc(c(c2)OC(=O)COc2ccc3c(c2)oc(=O)cc3)C*)c1,tg,252.0,239.5173809964164,236.59408412302759,234.7367864059992,236.94941717514772
*Nc1ccc(cc1)N[Se]*,tg,55.0,97.4632504559199,89.1088334077306,124.07361342572807,103.54856576312619
*C(C*)c1c(ccc(c1)c1ccc(cc1)C(=O)OC1C(CCC(C1)C)C(C)C)c1ccc(cc1)C(=O)OC1C(CCC(C1)C)C(C)C,tg,217.5,193.52748279391088,197.8249206750255,186.3794999577086,192.577301142215
*O[Si](O[Si](O[Si](C#Cc1ccc(cc1)C#C[Si](*)(C)C)(C)C)(C)C)(C)C,tg,96.0,72.87015582064097,70.53870921642633,-7.843042348409456,45.18860756288595
*N(CCNC(=O)c1ccc(cc1)[Si](c1ccc(cc1)C(=O)NCC*)(C)C)c1ccc(cc1)/C=C/c1ccc(cc1)[N+](=O)[O-],tg,157.5,162.36650139999432,168.97903311979653,154.2245877622134,161.85670742733473
*[Si](CCC*)(O[Si](CCCOc1ccc(cc1)C(=O)Oc1ccc(cc1)C#N)(C)C)C,tg,-19.1,4.417681540526308,-2.1603884632674237,-1.1515519978730548,0.36858035979527654
*N(CC(C*)O)c1ccc(cc1)N=Nc1c(cc(cc1)[N+](=O)[O-])C,tg,156.0,132.70587727594423,123.26792871732319,100.24570069392949,118.73983556239898
*N1C(=O)c2c(C1=O)cc(cc2)c1cc2c(C(=O)N(C2=O)c2cc(c(c(c2)C(=O)OCCCCCCCC)c2c(cc(cc2Br)*)C(=O)OCCCCCCCC)Br)cc1,tg,135.5,117.34916433653862,128.9133174544325,119.14234322340876,121.80160833812663
*SC(C*)C,tg,-45.29,-49.747440539893574,-38.88747374943949,-56.876356066986794,-48.503756785439954
*Oc1ccc(cc1)C1(CCCCCCCCCCC1)c1ccc(cc1)OC(=O)c1ccc(cc1)Oc1ccc(cc1)C1(CCC(CC1)C(C)(C)C)c1ccc(cc1)Oc1ccc(cc1)C(=O)*,tg,181.0,188.69475111814174,195.22037775548128,190.1317602050116,191.34896302621155
*N1C(=O)c2c(C1=O)cc(cc2)Sc1cc2c(C(=O)N(C2=O)c2c(cc(c(c2C)*)C)C)cc1,tg,378.0,367.4448756401659,357.9402760793613,368.730500323894,364.70521734780704
*C(C*)P(=O)(N(C)C)Oc1ccccc1,tg,27.0,78.85316838555607,66.31374183455215,98.73990373697346,81.30227131902723
*N1C(=O)c2c(C1=O)c(ccc2)Oc1ccc(cc1)S(=O)(=O)c1ccc(cc1)Oc1c2c(C(=O)N(C2=O)c2ccc(cc2)Oc2ccc(cc2)*)ccc1,tg,267.0,253.94643557652287,252.05596644320394,252.7878087699173,252.9300702632147
*O[Si](c1ccc(cc1)c1ccc(cc1)[Si](*)(c1ccccc1)c1ccccc1)(c1ccccc1)c1ccccc1,tg,94.0,168.63023980334037,142.4714475195981,183.70248197821877,164.93472310038575
*C(C*)C(=O)OCc1c(c(c(c(c1Br)Br)Br)Br)Br,tg,181.0,59.52007963572475,55.18733950167592,29.874598812603853,48.19400598333485
*N1C(=O)c2c(C1=O)cc(cc2)Oc1cc2c(C(=O)N(C2=O)c2cc(ccc2)OCCOCCOc2ccc(cc2)*)cc1,tg,146.5,147.14863632637562,151.62850397969095,165.83533814779415,154.8708261512869
*c1nc2c([nH]1)ccc(c2)NC(=O)c1ccc(cc1)OCCOCCOCCOc1ccc(cc1)C(=O)Nc1ccc(cc1)*,tg,155.0,152.22264601680837,148.06264474380322,149.02543221051747,149.77024099037635
*O[Si](*)(CCCCCCCCCCCOc1ccc(cc1)/C=C/c1ccc(cc1)OCCCC)C,tg,-33.0,18.477462369801103,8.124162341403121,15.286223306137995,13.96261600578074
*OC(=O)NCCCCCCNC(=O)OCCN(CC*)c1cc(c(cc1)N=Nc1ccc(cc1)[N+](=O)[O-])C,tg,75.0,73.03140667106982,75.05254267921826,71.04056995003181,73.04150643343996
*c1nc(c(c(c1F)OCC(C(C(COc1c(c(nc(c1F)F)OCC(C(C(CO*)(F)F)(F)F)(F)F)F)(F)F)(F)F)(F)F)F)F,tg,-10.0,50.903583990931374,67.67060635974396,58.42547731854299,58.99988922307278
*C(C*)C(=O)OCCC#N,tg,4.0,-8.70058299685645,-9.277306458316446,-11.29097898337708,-9.756289479516658
*c1c([nH]c(n1)c1ccc(cc1)c1[nH]c(c(n1)c1ccc(cc1)Oc1ccc(cc1)C(=O)c1ccc(cc1)c1ccc(cc1)C(=O)c1ccc(cc1)Oc1ccc(cc1)*)c1ccccc1)c1ccccc1,tg,273.0,261.00397354264925,264.0058608638358,259.60792094226844,261.5392517829178
*c1cc2c(C(=O)N(C2=O)c2ccc(cc2)Sc2ccc(cc2)Sc2ccc(cc2)Sc2ccc(cc2)Sc2ccc(cc2)N2C(=O)c3c(C2=O)cc(cc3)C(*)(C(F)(F)F)C(F)(F)F)cc1,tg,216.0,232.5547996622182,232.7826422059976,252.20769153380792,239.18171113400794
*C(C*)(C(=O)OC1C(CCC(C1)C)C(C)C)C,tg,147.0,120.83785178997809,116.69302030487883,112.95467097654019,116.82851435713236
*NC(=O)CCCCCCCCCCC(=O)NCCCCCCCCCC*,tg,49.0,44.42508722317163,47.08106762807037,48.32790742741839,46.61135409288679
*C(C*)OCC(CC)(C)C,tg,9.0,-38.11906819611655,-11.485301131602569,-24.055313711191722,-24.553227679636947
*[Si](C*)(CCCCC)CCCCC,tg,-55.0,-52.41176906664373,-63.02902287124715,-55.96820264704877,-57.136331528313214
*N1C(=O)c2c(C1=O)cc(cc2)c1cc2c(C(=O)N(C2=O)c2cc(c(c(c2)C(=O)OCCCC)c2c(cc(cc2Br)*)C(=O)OCCCC)Br)cc1,tg,196.0,148.98108170609368,158.90888974422518,166.5273891788756,158.1391202097315
*C(C*)(C(=O)OCCN(c1ccc(cc1)N(C)C)C)C,tg,41.0,61.05833928145457,60.92947853158991,48.77269139543127,56.920169736158584
*NC(=O)CCCCCCCCCC(=O)NCCc1ccc(cc1)CC*,tg,96.0,88.94939399410688,83.75930055570579,94.3449140853453,89.01786954505265
*C(C(C(C*)OC)C(=O)OC)C(=O)OC,tg,59.5,91.10382775763937,84.69311075680015,101.26174078307207,92.35289309917054
*c1oc(nn1)c1ccc(cc1)c1oc(nn1)CCCOc1c(cc(cc1)OCCC*)C,tg,125.5,71.41584516533366,67.06633875048631,74.97606332928855,71.15274908170284
*NC(=O)CCC1(c2ccccc2c2ccccc12)CCC(=O)NCCCCCC*,tg,122.0,100.91149411076688,107.28434697850187,100.45800327916075,102.88461478947652
*Nc1ccc(cc1)NC(=O)CCCCCCC(=O)*,tg,138.0,130.1360199602984,128.12203152407946,129.4706035125398,129.24288499897256
*c1sc(c(c1c1ccccc1)c1ccccc1)c1ccc(cc1)CC(=O)Nc1ccc(cc1)S(=O)(=O)c1ccc(cc1)NC(=O)Cc1ccc(cc1)*,tg,252.0,246.3835212318911,255.4818847690367,260.09627164391213,253.9872258816133
*OC(=O)c1ccc(cc1)C(=O)OCC(CC(CC*)(C)C)C,tg,-12.0,30.08853630609847,34.00217946691072,45.731086685511656,36.60726748617361
*c1sc(cc1)c1cc(c(cc1)Oc1ccc(cc1)C(c1ccc(cc1)Oc1c(cc(cc1)*)C(F)(F)F)(C)C)C(F)(F)F,tg,123.33,133.4255221914,124.6316827775366,131.46357723542707,129.8402607347879
*C(C*)c1ccc(cc1)COCCC,tg,22.0,37.884738908160514,23.587883619881595,56.54876755434585,39.34046336079599
*N1C(=O)c2c(C1=O)c(ccc2)Oc1c(cc(cc1C)c1cc(c(c(c1)C)Oc1c2c(C(=O)N(C2=O)c2c(cc(c(c2C)*)C)C)ccc1)C)C,tg,325.0,324.9450023083294,310.7425181911557,328.9014076001435,321.5296426998762
*OC(=O)c1c(ccc(c1)N=Nc1ccc(cc1)OCC)c1c(cc(cc1)N=Nc1ccc(cc1)OCC)C(=O)OCCCCCC*,tg,83.0,74.65680622441594,80.5221277190731,73.14346881915569,76.10746758754824
*OC1CCC(CC1)OC(=O)OCCCCCCCOC(=O)*,tg,-5.0,12.698508933788178,5.342819032817658,4.736979006152205,7.592768990919346
*Oc1c(cc(cc1C)c1cc(c(c(c1)C)Oc1ccc(cc1)C(=O)c1ccc(cc1)*)C)C,tg,246.64,208.80389556331437,218.72239128793296,206.32372498293986,211.2833372780624
*c1cc2c(C(=O)N(C2=O)c2ccc(cc2)Oc2cc3c(cc2)ccc(c3)Oc2ccc(cc2)N2C(=O)c3c(C2=O)cc(cc3)C(=O)Nc2ccc(cc2)Oc2ccc(cc2)C(c2ccc(cc2)Oc2ccc(cc2)NC(=O)*)(C)C)cc1,tg,250.0,258.8140020489799,247.99083034054377,256.91795105853447,254.57426114935274
*C(C*)C(=O)OCC(CCCC)CC,tg,-62.58,-43.99247155162327,-52.51741120781642,-35.629772619442974,-44.046551792960884
*Oc1ccc(cc1)c1ccc(cc1)OC(=O)c1cc(cc(c1)CCCCC)C(=O)*,tg,138.0,130.26002580790754,130.85678154763443,127.66406074869366,129.59362270141187
*Oc1cc2c(cc1OC(=O)c1ccc(cc1)Oc1ccc(cc1)C(=O)*)cccc2,tg,148.0,153.97080444222613,151.1215672766519,143.08211768584687,149.39149646824163
*Oc1ccc(cc1)N1ON1c1ccc(cc1)OCCCCCCOC(=O)C(C(=O)OCCCCCC*)CCCCP(=O)(O)O,tg,11.5,14.095720175401308,16.03803084315429,20.855125157315605,16.996292058623734
*Oc1ccc(cc1)C(c1ccc(cc1)OC(=O)c1ccc(cc1)S(=O)(=O)c1ccc(cc1)C(=O)*)(C)C,tg,205.0,217.80703214141147,214.04659474889257,215.24410391776158,215.69924360268854
*c1c(cc(c(c1)OC)C=C*)OCCc1ccccc1,tg,111.2,87.72295707272205,91.8016936397342,91.15329673782092,90.22598248342574
*C(C*)C(=O)OCCCCCCn1c2ccccc2c2ccccc12,tg,48.0,52.664368362197735,48.34689163759141,39.45027660298717,46.820512200925435
*c1c(c(c(c(c1Cl)Cl)[Se]*)Cl)Cl,tg,104.0,143.8259505037104,130.1519516664912,145.796312127177,139.9247380991262
*N1C(=O)C2C3C4C(C(C2C1=O)C=C3)C(=O)N(C4=O)C1C(CC(CC1)CC1CC(C(CC1)*)C)C,tg,241.0,262.3957076845751,250.3113301389016,282.6817943900899,265.1296107378555
*c1cc2C(c3c(c2cc1)ccc(c3)*)(CCCCCCCC)CCCCCCCC,tg,57.66,82.4135396125433,88.99576039993306,78.31185133276259,83.24038378174632
*OC(=O)CCSCCC(=O)OCCOCCOCCOCCOCC*,tg,-47.0,-47.487865322547776,-51.92931906761015,-51.4999503595383,-50.305711583232075
*c1cc2c(C(=O)N(C2=O)c2ccc(cc2)OCCOCCOCCOc2ccc(cc2)N2C(=O)c3c(C2=O)cc(cc3)C(*)(C(F)(F)F)C(F)(F)F)cc1,tg,166.0,165.93883835936953,168.02238506360874,158.71406272524328,164.2250953827405
*C(C*)(CC(=O)OCCCCC)C(=O)OCCCCC,tg,2.0,4.192324662758133,5.882113958634079,2.4511240542029467,4.175187558531719
*O[Si](O[Si](O[Si](O[Si](CC[Si](O[Si](O[Si](CC[Si](*)(c1ccccc1)c1ccccc1)(C)C)(C)C)(C)C)(c1ccccc1)c1ccccc1)(c1ccccc1)c1ccccc1)(c1ccccc1)c1ccccc1)(c1ccccc1)c1ccccc1,tg,4.5,7.762429546786996,0.2635651456130006,3.5216741020251834,3.8492229314750603
*Oc1ccc(cc1)Sc1ccc(cc1)OCC(CN(S(=O)(=O)c1cc(ccc1)S(=O)(=O)N(CC(C*)O)C)C)O,tg,90.0,86.24230238545562,80.91543880542545,89.30197635155585,85.48657251414564
*NC(=O)C(=O)NCC(CCC*)(C)C,tg,109.0,87.52834507550503,96.21177959370984,84.20925625946896,89.31646030956126
*c1cc2c(C(=O)N(C2=O)c2cc(cc(c2)c2nc3c([nH]2)cccc3)N2C(=O)c3c(C2=O)cc(cc3)C(=O)*)cc1,tg,197.0,335.1770133101479,323.31392465644467,359.8430432425322,339.4446604030416
*Oc1ccc(cc1)Oc1ccc(cc1)NC(=O)c1cc(cc(c1)C(C)(C)C)C(=O)Nc1ccc(cc1)*,tg,195.5,254.93809397983023,238.52798800385978,260.74402805090233,251.4033700115308
*C1C(=O)N(C(=O)C1*)c1ccc(cc1)O[Si](C(C)(C)C)(C)C,tg,169.0,189.65339927191806,163.68804499504483,190.20020458083573,181.18054961593285
*OP(=O)(OCCCCCCCCCCOc1ccc(cc1)C=Cc1ccc(cc1)OCCCCCCCCCC*)OCCCCCCCCCCOc1ccc(cc1)N=Nc1ccc(cc1)Cl,tg,60.0,57.580452463826674,57.27835742862574,44.0806666746193,52.97982552235724
*C(C*)(C(=O)OCCCCCCCCCCCOc1ccc(cc1)C=Nc1ccc(cc1)C#N)C,tg,23.0,24.150600788723896,24.509065151602172,36.48350785712135,28.381057932482474
*OC(=O)c1cc(c(cc1)c1c(cc(cc1)C(=O)OCC*)C)C,tg,73.0,126.31359393081638,120.80252141279287,122.92783938011765,123.34798490790895
*c1cc2c(C(=O)N(C2=O)c2ccc(cc2)Sc2ccc(cc2)Oc2ccc(cc2)Sc2ccc(cc2)N2C(=O)c3c(C2=O)cc(cc3)C(*)(C(F)(F)F)C(F)(F)F)cc1,tg,232.67,243.06700757462244,238.5220862173304,235.88203537253625,239.1570430548297
*NC1CCC(CC1)CC(NC(=O)CCCCC(=O)*)(C)C,tg,80.0,104.64587036913476,111.86771282640728,101.19736823062532,105.90365047538911
*C1C(CC(C1)C=C*)([Si](O[Si](O[Si](C)(C)C)(C)C)(C)C)C#N,tg,47.0,60.08519830581377,61.93087210433039,49.28693396013677,57.10100145676031
*C(C*)(C(=O)NC1C(OC(C(C1O)O)CO)O)C,tg,100.0,166.6066275134397,160.3837001601257,167.15080293580846,164.7137102031246
*Oc1c(cc(cc1OC)c1cc(c(c(c1)OC)OC(=O)c1cc(ccc1)C(=O)*)OC)OC,tg,252.0,147.8932903160013,159.73017890217744,183.50560968094828,163.70969296637568
*Oc1c(cc(c(c1)OCCOC)OC(=O)c1c(cc(cc1)C(=O)*)OCCOCC)OCCOC,tg,99.0,59.63328227852133,61.373134973495496,53.67399982102602,58.226805691014285
*C(C*)c1cc[n+](cc1)CCCCCCCC,tg,94.5,-5.831015638310725,-5.527501942864291,-6.3036321673995745,-5.887383249524863
*OS(=O)(=O)c1cc(ccc1)C(=O)Oc1ccc(cc1)C(c1ccc(cc1)*)(C)C,tg,133.0,134.71507587882348,150.85962579454844,151.90145129067997,145.82538432135064
*C(C*)C(=O)Oc1ccc(cc1)[N+](=O)[O-],tg,73.3,118.93223398464073,105.77679740541447,114.56873278157536,113.0925880572102
*N1C(=O)c2c(C1=O)cc(cc2)Oc1c(cc(cc1C)C(c1cc(c(c(c1)C)Oc1cc2c(C(=O)N(C2=O)c2ccc(cc2)Oc2ccc(cc2)C(c2ccc(cc2)Oc2ccc(cc2)*)(C(F)(F)F)C(F)(F)F)cc1)C)(C)C)C,tg,244.0,253.35730213060899,243.8293191879349,242.97965484856624,246.72209205570337
*N1C(=O)c2c(C1=O)c(ccc2)Oc1ccc(cc1)C(=O)c1ccc(cc1)Oc1c2c(C(=O)N(C2=O)c2cc(ccc2)*)ccc1,tg,248.0,242.9002595145198,245.08690168318637,241.30744565586522,243.0982022845238
*C(C*)OCCCCCCCCCC,tg,-62.0,-54.31479674056655,-63.09005912683435,-47.24567500029254,-54.88351028923115
*Oc1c(cc(cc1)C(=O)c1cc(ccc1)C(=O)c1cc(c(cc1)*)C(C)C)CC,tg,136.0,136.5129507731602,143.4691469362278,134.03708408272846,138.00639393070549
*OP(=O)(OCCOc1ccc(cc1)S(=O)(=O)c1ccc(cc1)OCC*)Oc1ccc(cc1)Br,tg,59.0,54.43172695167032,52.928242801492914,59.974801622954516,55.77825712537258
*C(C*)(C(=O)OCCN(c1ccc(cc1)N=Nc1ccc(cc1)S(=O)(=O)Nc1nccs1)CCCC)C,tg,53.0,108.39454240381868,107.07536114462363,127.47181886000635,114.31390746948288
*OC(=O)c1c(ccc(c1)N=Nc1ccc(cc1)OCC)c1c(cc(cc1)N=Nc1ccc(cc1)OCC)C(=O)OCCC*,tg,101.0,96.18636192507209,102.21616183218362,114.40739534477586,104.26997303401053
*C(C*)(C(=O)OCCN(c1ccc(cc1)N=Nc1ccc(cc1)S(=O)(=O)Nc1noc(c1)C)CCCC)C,tg,114.0,108.9869792330905,96.1195103382337,87.7645382647761,97.62367594536676
*c1cc2c(C(=O)N(C2=O)c2ccc(cc2)C(=O)Nc2ccc(cc2)S(=O)(=O)c2ccc(cc2)NC(=O)*)cc1,tg,227.33,278.0528181461461,281.78688753242704,281.41436401600413,280.41802323152575
*N1C(=O)C2C(C1=O)CC(CC2)C1CC2C(C(=O)N(C2=O)c2ccc(cc2)Oc2ccc(cc2)C(c2ccc(cc2)Oc2ccc(cc2)*)(C)C)CC1,tg,225.0,238.53176305186253,241.3795313661523,237.15417277478974,239.02182239760154
*Oc1ccc(cc1)C(=O)c1ccc(cc1)OCCCCCCOC(=O)OCCCCCCCCCCOC(=O)OCCCCCC*,tg,-13.0,-9.816589811706448,-3.749654775926416,-7.662296305688289,-7.076180297773718
*Oc1ccc(cc1)S(=O)(=O)c1ccc(cc1)Oc1c(cc(cc1)C(c1cc(c(cc1)*)N)(C)C)N,tg,230.4,224.94138238854913,231.35104297259835,231.48847821882202,229.26030119332316
*c1c2C(=O)N(C(=O)c2c(c2ccccc12)c1ccc(cc1)Oc1c(cc(cc1)c1nc(ccc1)c1cc(c(cc1)Oc1ccc(cc1)*)C(F)(F)F)C(F)(F)F)c1ccccc1,tg,298.0,278.5979974942026,265.42532230005804,277.0957905866132,273.706370126958
*N1C(=O)c2c(C1=O)cc(cc2)Oc1cc2c(C(=O)N(C2=O)c2cc(cc(c2)OCCCC)*)cc1,tg,237.0,225.6585894012684,207.92811867763746,213.33615174452873,215.6409532744782
*NC(=O)CCCC(=O)NCc1c(c(c(c(c1C)C)C*)C)C,tg,192.0,149.36953653695883,178.62413214701346,138.29424422490428,155.42930430295885
*c1nc2c(c(c1)c1ccccc1)cc(cc2)c1cc2c(nc(cc2c2ccccc2)c2ccc(cc2)c2ccc(cc2)c2ccc(cc2)*)cc1,tg,351.67,355.0808668246194,352.37450273626973,361.2781830448161,356.24451753523505
*Oc1ccc(cc1)S(=O)(=O)c1ccc(cc1)Oc1ccc(cc1)C(=O)c1cc(cc(c1)I)C(=O)c1ccc(cc1)*,tg,203.0,203.02886412538348,205.39992676682238,221.40385852454415,209.94421647225
*c1sc2cc3c(cc2n1)sc(n3)c1ccc(cc1)Oc1cc(ccc1)n1c(=O)c2cc3c(cc2c1=O)c(=O)n(c3=O)c1cc(ccc1)Oc1ccc(cc1)*,tg,400.0,282.5204664341139,278.1579334193181,270.54895947600573,277.0757864431459
*OC(=O)CCCCCCCCC(=O)OC/C=C\C*,tg,-41.0,-39.90584789128712,-44.38969989219035,-41.13427505254378,-41.80994094534042
*Oc1ccc(cc1)C(=Cc1ccc(cc1)OCC(COC(=O)CCCCCCCCC(=O)OCC(C*)O)O)C,tg,30.0,38.23072547633344,28.763529163818177,22.89012902862023,29.961461222923948
*Oc1ccc(cc1)CC(NC(=O)CCc1ccc(cc1)OC(=O)CCC(CC(=O)*)C)C(=O)OCc1ccccc1,tg,55.0,54.804668569674575,60.93587700103643,65.92250842779663,60.55435133283587
*C(C*)c1ccc(cc1)COC,tg,77.0,62.806076387125024,57.22026161535838,63.45372087094924,61.16001962447755
*[Si](CCC*)(c1ccc(cc1)N(C)C)c1ccccc1,tg,52.0,54.907968763901714,46.0419705423019,41.719414501553615,47.55645126925241
*Oc1ccc(cc1)Oc1ccc(cc1)OCCCCCCOC(=O)OCCCCCCCCCCCCOC(=O)OCCCCCC*,tg,-22.0,-12.318352237420672,-13.654730780385648,-10.954425077135964,-12.309169364980761
*N1C(=O)c2c(C1=O)cc(cc2)C(c1cc2c(C(=O)N(C2=O)CCN(CC*)c2ccc(cc2)N=Nc2ccc(cc2)C=O)cc1)(C(F)(F)F)C(F)(F)F,tg,170.0,212.41383332693914,211.16182584695537,212.0802197565092,211.88529297680122
*Oc1ccc(cc1)C(=Cc1ccc(cc1)c1ccc(cc1)C=C(c1ccc(cc1)OC(=O)CCCCCCCCC(=O)*)c1ccccc1)c1ccccc1,tg,111.0,118.88660063101716,106.41843076448546,120.39186931708403,115.23230023752888
*N1C(=O)c2c(C1=O)cc(cc2)c1cc2c(C(=O)N(C2=O)c2cc(cc(c2)C(=O)NCCCCCCCCCCCC)*)cc1,tg,243.1,214.79382593463382,210.44713919080962,199.6216115990859,208.28752557484313
*C(=C*)c1c(c(c(c(c1F)F)CCCC)F)F,tg,110.0,105.93901376311298,85.76150770272957,118.03446882753366,103.24499676445873
*OC(CC(=O)*)CCCCC,tg,-34.5,-42.28072795281126,-43.502339004735944,-56.34526620098189,-47.37611105284304
*c1nc2cc3c(cc2nc1)ncc(n3)c1ccc(cc1)*,tg,392.0,302.5661760275805,335.30848259512214,300.5981562201273,312.82427161427665
*C1C(=O)OC(=O)C1C(C*)OC(C)C,tg,142.0,151.16637266224004,160.39745299664074,140.74324259253063,150.76902275047047
*Oc1ccc(cc1)c1ccc(cc1)Oc1ccc(cc1)C(=O)c1c(c(c(c(c1c1ccc(cc1)F)c1ccc(cc1)F)c1ccc(cc1)F)c1ccc(cc1)F)C(=O)c1ccc(cc1)*,tg,275.0,259.259366540136,266.4075027210016,249.96838978523914,258.54508634879227
*Oc1ccc(cc1)CC(NC(=O)Cc1ccc(cc1)OC(=O)CCCC(=O)*)C(=O)OCCCCCCCC,tg,38.0,44.69670968783192,46.932484705072994,42.88843086300478,44.83920841863656
*c1cc2c(C(=O)N(C2=O)c2cc(cc(c2)C(F)(F)F)Oc2c(cc(cc2C)c2cc(c(c(c2)C)Oc2cc(cc(c2)C(F)(F)F)N2C(=O)c3c(C2=O)cc(cc3)C(*)(C(F)(F)F)C(F)(F)F)C)C)cc1,tg,264.8,268.9465918168964,269.29146289804686,265.63003306520454,267.95602926004926
*C(C*)C(=O)OCCCCC,tg,-57.0,-55.269132388649844,-49.11567144911149,-59.028763890469534,-54.47118924274363
*Oc1ccc(cc1)C1(c2ccccc2c2ccccc12)c1ccc(cc1)Oc1ccc(cc1)C=CC(=O)c1ccc(cc1)*,tg,195.0,231.07601710997594,238.54292727533394,225.6843774576894,231.76777394766643
*OC(=O)NC(=O)c1ccc(cc1)C(=O)NC(=O)OCC(C*)CCCCCCCCCCCC,tg,75.0,92.33603488746742,84.99108894348439,85.06410048864326,87.46374143986502
*c1oc(nn1)c1c(cc(cc1)*)OCCCCCCCCCC,tg,165.0,66.1089327522878,93.28324031339972,53.92336984924744,71.105180971645
*Oc1cc2c(cc1)cc(cc2)Oc1ccc(cc1)S(=O)(=O)c1ccc(cc1)*,tg,231.0,180.6343537608085,206.50485955968747,182.74959077773298,189.96293469940966
*N1C(=O)c2c(C1=O)cc(cc2)Oc1ccc(cc1)C1(CCC(CC1)c1ccccc1)c1ccc(cc1)Oc1cc2c(C(=O)N(C2=O)c2ccc(cc2)Oc2ccc(cc2)C2(C3CCC(C2)C3)c2ccc(cc2)Oc2ccc(cc2)*)cc1,tg,245.0,245.31939398353964,253.88294496417694,248.646068909982,249.28280261923285
*C(=C(*)Cl)CCCCCCCC,tg,90.0,134.8704950535099,131.56383958398632,137.64802748361774,134.694120707038
*C1C(=O)N(C(=O)C1C(C*)c1ccccc1)C(C)(C)C,tg,178.0,223.34123403889126,226.6550481159243,197.66967929910882,215.8886538179748
*C(C*)(CC(=O)OCCCC)C(=O)OCCCC,tg,22.38,16.175890781524505,10.42147171454286,5.792147661534442,10.796503385867268
*OC(=O)c1cc(ccc1)C(=O)OCc1ccc(cc1)C*,tg,143.0,80.28397998703073,83.99786936729274,89.51676681999096,84.59953872477148
*N1C(=O)c2c(C1=O)cc(cc2)C(c1cc2c(C(=O)N(C2=O)CC(=O)Nc2ccc(cc2)Oc2ccc(cc2)Oc2ccc(cc2)NC(=O)C*)cc1)(C(F)(F)F)C(F)(F)F,tg,242.0,231.60426267015458,227.24222629384275,242.97333021419618,233.9399397260645
*N1C(=O)c2c(C1=O)cc(cc2)Oc1cc2c(C(=O)N(C2=O)c2cc(c(cc2)c2c(cc(cc2)*)C)C)cc1,tg,309.67,304.517413452223,308.1648262766522,315.8178942433138,309.5000446573963
*c1cc2c(C(=O)N(C2=O)c2ccc(cc2)c2sc(c(c2c2ccccc2)c2ccccc2)c2ccc(cc2)N2C(=O)c3c(C2=O)cc(cc3)C(=O)Nc2ccc(cc2)Cc2ccc(cc2)NC(=O)*)cc1,tg,253.0,310.3544340751182,302.22922680478734,314.48073727155514,309.0214660504869
*N1C(=O)c2c(C1=O)cc(cc2)C(=O)Oc1ccc(cc1)OC(=O)CCCCCCCCCCC*,tg,58.0,80.8885900959725,62.02080303810136,61.950775413596766,68.28672284922355
*c1nc2c([nH]1)ccc(c2)c1ccc2c(nc([nH]2)CCCCCCCC*)c1,tg,234.0,139.34071916267885,123.06749624241212,145.4578574897066,135.95535763159918
*Oc1ccc(cc1)Oc1ccc(cc1)C(=O)c1ccc(cc1)*,tg,150.4,159.07903318686303,155.63252910856542,143.27071321513696,152.6607585035218
*Oc1ccc(cc1)C(c1ccc(cc1)OC(=O)*)c1ccccc1,tg,150.6,157.8858995427359,164.73876648260364,157.50518719768309,160.0432844076742
*Oc1ccc(cc1)Oc1ccc(cc1)NC(=O)c1ccc(cc1)Oc1ccc(cc1)Oc1ccc(cc1)C(=O)Nc1ccc(cc1)*,tg,236.0,203.5652153965444,201.8660245389259,211.7455749049572,205.7256049468092
*c1cc2c(cc1)oc(=O)c(c2)C(=O)Nc1ccc(cc1)Oc1ccc(cc1)NC(=O)c1c(=O)oc2c(cc(cc2)C*)c1,tg,312.0,288.60308911310506,295.07948055635956,283.24798016510385,288.97684994485616
*OC(C*)COC(OCC)C,tg,-67.0,-57.79104279454387,-63.94580539472972,-49.978353401803204,-57.23840053035892
*N1C(=O)c2c(C1=O)cc(cc2)c1cc2c(C(=O)N(C2=O)c2cc(c(c(c2)C(=O)OCCCCCCCCCCCCCC)c2c(cc(cc2Br)*)C(=O)OCCCCCCCCCCCCCC)Br)cc1,tg,98.0,99.50576383207431,99.9772046835545,112.92068281259871,104.13455044274251
*C(C*)OC(=O)OCC(F)(F)F,tg,57.0,34.65047819969964,32.726844503521306,22.578448651066708,29.985257118095888
*C(C*)(C(=O)OCCOCCOc1ccc(cc1)N=Nc1ccc(cc1)C#N)C,tg,57.0,63.32388016301794,57.600880592825945,58.58705554029907,59.83727209871432
*N1C(=O)c2c(C1=O)cc(cc2)c1cc2c(C(=O)N(C2=O)c2ccc(cc2)Oc2cc(ccc2)Oc2ccc(cc2)*)cc1,tg,220.0,234.6501099247602,242.06749831626843,233.76819346077679,236.8286005672685
*c1sc(cc1CCCCCCOC(=O)COc1ccccc1)c1sc(cc1)*,tg,79.0,50.97853803132021,39.72057173494419,42.324643023432586,44.34125092989899
*C(C*)c1ccc(cc1)C(=NO)Cc1ccccc1,tg,111.0,93.81715502412948,92.50769921078422,111.10728459209354,99.14404627566908
*Nc1ccc(cc1)Cc1ccc(cc1)NC(=O)CCCCCCCC(=O)*,tg,140.0,141.52046832610336,135.24099374448232,134.26771734711284,137.00972647256617
*Oc1c(cc(cc1C)C1(c2ccccc2c2ccccc12)c1cc(c(c(c1)C)OC(=O)c1cc(ccc1)C(=O)*)C)C,tg,315.0,273.6891794703899,256.4939959888633,274.6230733290931,268.2687495961154
*OC(=O)CCCCCCCCC(=O)OCCCCCCCCCC*,tg,-53.0,-45.549754576163394,-48.009767706269486,-57.89415783088898,-50.48456003777395
*Oc1ccc(cc1)S(=O)(=O)c1ccc(cc1)Oc1ccc(cc1)NC(=O)c1ccc(cc1)Oc1ccc(cc1)C(c1ccc(cc1)C(c1ccc(cc1)Oc1ccc(cc1)C(=O)Nc1ccc(cc1)*)(C)C)(C)C,tg,177.0,183.19315450813042,188.29768478559663,176.87805144723725,182.78963024698808
*Oc1ccc(cc1)C1(CCC(CC1)C(C)(C)C)c1ccc(cc1)OC(=O)c1ccc(cc1)C(=O)*,tg,210.0,201.6234050272823,213.51901820902532,194.03071928101897,203.0577141724422
*Oc1ccc(cc1)C(c1ccc(cc1)Oc1ccc(cc1)C(=O)c1ccc(cc1)C(=O)c1ccc(cc1)*)(C)C,tg,156.4,170.02828733319083,167.37858463530603,171.8602489378964,169.75570696879774
*C1C(=O)N(C(=O)C1*)c1cc(c(c(c1)Br)O[Si](C(C)(C)C)(C)C)Br,tg,164.0,163.2145578066518,177.75237799182287,177.360478124995,172.77580464115655
*c1nc2c(nc1c1ccccc1)cc(cc2)Oc1cc2c(nc(c(n2)c2ccccc2)c2ccc(cc2)*)cc1,tg,304.0,335.21315387083564,337.6895220370187,339.69776249735276,337.5334794684024
*C(C*)(C(=O)OCCCCCC)C#N,tg,86.0,4.070966957907429,9.601461065624534,14.477884547293545,9.383437523608503
*NC(=O)CCP(=O)(CCC(=O)NCCCCCCCC*)C,tg,52.0,48.63714261038819,50.76803543136786,51.35277768976474,50.25265191050693
*C(CC(C*)(F)F)(C(F)(F)F)C(F)(F)F,tg,132.0,-13.89375980657117,26.56825093159368,-9.142772630964563,1.177239498019316
*Nc1ccc(cc1)C1(c2ccccc2c2ccccc12)c1ccc(cc1)NC(=O)c1ccc(cc1)C(=O)*,tg,319.0,296.56146418788495,314.11013765667326,313.351225675562,308.0076091733734
*Oc1ccc(cc1)CC(=O)NCCCCCCNC(=O)C*,tg,69.5,74.14307707679441,78.75939295147987,75.2668246734804,76.05643156725155
*Oc1c(cc(cc1OC)/C=C/c1ccc(cc1)/C=C/c1cc(c(c(c1)OC)OCCCCCC*)OC)OC,tg,90.0,77.52217473950559,81.5505848287623,76.31970459592351,78.46415472139712
*OC(=O)c1cc(ccc1)C(=O)OCCN(CC*)c1ccc(cc1)N=Nc1ccc(cc1)c1nc2c(n1CC)cc(cc2)[N+](=O)[O-],tg,147.0,134.21321235598413,142.311684983534,151.41791824806805,142.64760519586207
*c1cocc1C[Ge](C*)(C)C,tg,-28.0,41.101966109817,57.975155378936094,23.954575697235242,41.010565728662776
*Oc1c(cc(cc1)Oc1ccc(cc1)C(=O)c1ccc(cc1)*)c1ccccc1,tg,155.67,162.0565290552896,166.33775492208747,163.3565194673096,163.9169344815622
*NC(=O)c1c(cc(cc1)C(=O)NCCCCCC*)Oc1ccccc1,tg,108.0,105.5752282104779,103.80204678864914,110.4150821043243,106.59745236781713
*c1cc2c(C(=O)N(C2=O)c2c(cc(cc2C)c2cc(c(c(c2)C)N2C(=O)c3c(C2=O)cc(cc3)C(=O)Nc2c(cc(cc2)Cc2cc(c(cc2)NC(=O)*)C)C)C)C)cc1,tg,329.0,277.64457976225526,262.151695884995,277.4537043922707,272.41666001317367
*C(C*)C(=O)NC(CS(=O)(=O)O)(C)C,tg,86.33,85.30369505249926,89.53590034129213,77.9151283466996,84.25157458016366
*N1C(=O)c2c(C1=O)c(ccc2)Oc1cc(ccc1)Oc1c2c(C(=O)N(C2=O)c2cc(ccc2)*)ccc1,tg,241.0,236.81903638469566,247.05239029456163,230.59511801528683,238.1555148981814
*Oc1ccc(cc1)S(=O)(=O)c1ccc(cc1)Oc1ccc(cc1)C(=C)c1ccc(cc1)*,tg,167.0,195.63283024143914,198.1551476184758,188.49381231864825,194.09393005952106
*Nc1cc(cc(c1)C(=O)OCCN(c1ccc(cc1)C#N)C)NC(=O)c1cc(cc(c1)OCCN(c1ccc(cc1)S(=O)(=O)C(C(C(C(C(C(C(C(F)(F)F)(F)F)(F)F)(F)F)(F)F)(F)F)(F)F)(F)F)C)C(=O)*,tg,157.0,163.82256315309837,170.85836985683503,165.19742026946128,166.62611775979823
*Oc1cc(c(cc1)c1c(cc(cc1)OC(=O)c1cc(c(cc1)c1c(cc(cc1)C(=O)*)C(F)(F)F)C(F)(F)F)C(=O)OCCCCCCCCCCCOc1ccc(cc1)c1ccc(cc1)C#N)C(=O)OCCCCCCCCCCCOc1ccc(cc1)c1ccc(cc1)C#N,tg,50.0,80.04429073355992,77.49764634465186,66.78390960803289,74.77528222874822
*c1cc2c(C(=O)N(C2=O)c2ccc(cc2)OCCN(CCOc2ccc(cc2)N2C(=O)c3c(C2=O)cc(cc3)C(*)(C(F)(F)F)C(F)(F)F)c2ccccc2)cc1,tg,170.0,195.80669937591517,199.53471601031245,193.58816338526847,196.3098595904987
*N1C(=O)c2c(C1=O)cc(cc2)Oc1cc2c(C(=O)N(C2=O)c2c(cc(cc2)Cc2cc(c(cc2)*)C(C)(C)C)C(C)(C)C)cc1,tg,216.0,283.3531656955572,279.1385683796883,285.61024286911146,282.7006589814523
*Oc1c(cc(cc1)OC(=O)c1cc(ccc1)Sc1ccc(cc1)OC(=O)c1ccc(cc1)C(=O)Oc1ccc(cc1)Sc1cc(ccc1)C(=O)*)c1ccccc1,tg,128.0,122.69179260208575,124.58273641783133,139.5991126710307,128.95788056364927
*C(C*)(C(=O)OCCN(c1ccc(cc1)N=Nc1c2c(c(cc1)[N+](=O)[O-])cccc2)CC)C,tg,116.0,101.2998983741758,102.14398585176491,116.13054511265682,106.5248097795325
*N1C(=O)c2c(C1=O)cc(cc2)c1cc2c(C(=O)N(C2=O)c2cc(cc(c2)C(=O)NCCCCCCCC)*)cc1,tg,245.5,242.49082726626912,245.69290247903098,243.58570485218127,243.9231448658271
*C(C*)(C(=O)OCCCCCC(=O)Oc1ccc(cc1)OC(=O)c1ccc(cc1)OCC)C,tg,43.0,43.45442656007176,46.202966305265335,37.06969753076753,42.24236346536821
*C(C*)c1ccc(cc1)C(=O)C(F)(F)F,tg,95.0,100.92663427551295,108.30053400137236,112.16092504885671,107.129364441914
*c1oc(nn1)c1ccc(cc1)Oc1c2c(ccc1)c(ccc2)NC(=O)c1ccc(cc1)Oc1ccc(cc1)C(=O)Nc1c2c(ccc1)c(ccc2)Oc1ccc(cc1)*,tg,248.0,264.83338165131903,259.4934391798131,261.7871588554664,262.0379932288662
*c1n(cnc1C(=O)NCCNC(=O)*)C,tg,189.0,125.6336837526458,133.52866788051446,137.09215781893127,132.0848364840305
*OC(=O)c1cc2c(cc1)cc(cc2)C(=O)OCCCCCC*,tg,59.33,50.797442839154975,54.25558676883598,47.02677555386754,50.69326838728617
*Oc1ccc(cc1)C(=O)Nc1c(ccc(c1)C(c1cc(c(cc1)C)NC(=O)c1ccc(cc1)OC(=O)c1ccc(cc1)C(=O)*)(C(F)(F)F)C(F)(F)F)C,tg,213.0,231.69248322015318,230.15202381131274,216.4831263137147,226.10921111506022
*Oc1ccc(cc1)CC(NC(=O)CCc1ccc(cc1)OC(=O)COCCOCC(=O)*)C(=O)OC,tg,63.0,54.11244116753373,57.658848213856245,56.79536318562629,56.18888418900542
*C(C*)C(=O)OCCCOCC,tg,-61.5,-67.94378194159049,-59.38281134764395,-62.652229413557706,-63.32627423426405
*S(=O)(=O)C(C=CC*)CC,tg,70.1,32.64869350537239,44.76230781091785,28.641213255272085,35.35073819052078
*N1C(=O)C(CC1=O)SCCCCCSC1C(=O)N(C(=O)C1)c1ccc(cc1)C(=O)OCC(NC(=O)c1ccc(cc1)*)CC,tg,91.0,99.74156901449572,116.89402744996988,111.81577079286751,109.4837890857777
*Oc1ccc(cc1)NC(=O)c1cc(ccc1)C(=O)Nc1ccc(cc1)Oc1ccc(cc1)C(=O)c1ccc(cc1)*,tg,145.0,181.65109270692915,182.13973254827073,182.84382990832825,182.21155172117605
*OC(=O)NCCCCCCNC(=O)OCC(C*)(C(=O)O)C,tg,-26.0,24.237991102347664,24.727754191205833,27.066106629499338,25.343950641017614
*C(C*)(F)F,tg,-28.45,8.790518375859355,42.13793864031348,4.692980331379005,18.540479115850612
*C(C*)OC(=O)OCCC(C(C(C(C(C(F)(F)F)(F)F)(F)F)(F)F)(F)F)(F)F,tg,37.0,3.2260417343075956,11.968597354809418,11.381144229858581,8.858594439658532
*NC(=O)c1cc(cc(c1)C(C)(C)C)C(=O)NCC1CCC(CC1)C*,tg,236.0,199.82705156378955,203.19317642567205,205.63332189768457,202.8845166290487
*N1C(=O)c2c(C1=O)cc(cc2)S(=O)(=O)c1cc2c(C(=O)N(C2=O)c2c(ccc(c2)*)C)cc1,tg,312.0,339.8820548488261,337.09116582144077,333.1616468925732,336.7116225209467
*Oc1ccc(cc1)Cc1ccc(cc1)OC(=O)c1cc(ccc1)C(=O)*,tg,150.0,144.9120043352785,160.20579498311508,154.70121368850934,153.27300433563434
*Oc1ccc(cc1)S(=O)(=O)c1cc2c(cc1)cc(cc2)S(=O)(=O)c1ccc(cc1)Oc1c(cc(cc1C)c1cc(c(c(c1)C)*)C)C,tg,280.0,269.41078491324106,269.9975639739374,258.5216200249354,265.97665630403793
*N(c1ccc(cc1)C(c1ccc(cc1)*)c1ccc(cc1)[N+](=O)[O-])c1ccc(cc1)C,tg,215.0,209.958540412701,214.67521087770683,201.4396545414195,208.69113527727578
*C(C*)c1ccc(cc1)C(CCN1CCOCC1)O,tg,50.0,82.33521145800371,101.60989457482042,93.06778043063053,92.33762882115155
*Oc1ccc(cc1)c1ccc(cc1)OC(*)(Oc1ccccc1)Oc1ccccc1,tg,112.0,123.77595539309478,110.11736936841834,110.50237310571394,114.79856595574235
*c1cc2c(C(=O)N(C2=O)c2ccc(cc2)C(c2ccc(cc2)C(c2ccc(cc2)N2C(=O)c3c(C2=O)cc(cc3)C(*)(C(F)(F)F)C(F)(F)F)(C)C)(C)C)cc1,tg,235.4,273.85307621235376,278.4291483586246,275.596094703741,275.9594397582398
*c1cc2c(C(=O)N(C2=O)c2c(cc(cc2C)Cc2cc(c(c(c2)C)N2C(=O)c3c(C2=O)cc(cc3)C(=O)OCCN(CCOC(=O)*)c2ccc(cc2)C(=C(C#N)C#N)C#N)C)C)cc1,tg,208.0,193.08335761183758,187.7860138040392,194.3395719215645,191.73631444581375
*Oc1c(cc(cc1)Oc1ccc(cc1)C(=O)c1ccc(cc1)*)c1ccc(cc1)Oc1ccccc1,tg,146.0,159.22545783763965,164.27594100659527,161.7463999734682,161.74926627256772
*c1nc(nc(n1)c1ccc(cc1)Oc1ccc(cc1)C(c1ccc(cc1)Oc1ccc(cc1)*)(c1ccccc1)c1ccccc1)c1ccccc1,tg,261.0,234.34756699458163,234.7588610925851,211.77469231628706,226.96037346781793
*OC(=O)CCCC(=O)OCCOCC*,tg,-55.0,-49.79443571460185,-53.00216073072832,-41.73091517888937,-48.17583720807318
*OC(=O)c1ccc(cc1)C(=O)OCC(C*)C,tg,55.0,63.26438508027295,43.84264979975127,60.60851794868377,55.90518427623599
*Nc1ccc(cc1)NC(=O)c1c(ccc(c1)c1cc(c(cc1)C(=O)O)C(=O)*)C(=O)O,tg,248.4,232.92315028844922,248.19320687591357,232.29350579617284,237.8032876535119
*Oc1ccc(cc1)S(=O)(=O)c1ccc(cc1)Oc1c(cc(c(c1C)Br)C(c1c(c(c(c(c1)C)*)C)Br)(C)C)C,tg,275.4,220.1731654332383,226.01274983190547,213.12742697448186,219.77111407987522
*OC(=O)C(C(=O)OCCC[Sn](CCC*)(C)C)CCCCCCOc1ccc(cc1)c1ccc(cc1)OCc1ccc(cc1)[N+](=O)[O-],tg,40.5,18.269367037877064,21.34982347363534,30.736466718660083,23.45188574339083
*C(C*)OC(=O)CC1CCCCC1,tg,25.0,39.128455229849585,31.424232722636233,43.4884665421278,38.013718164871214
*N1C(=O)c2c(C1=O)cc(cc2)c1cc2c(C(=O)N(C2=O)c2cc(ccc2)C(=O)Nc2ccc(cc2)Oc2ccc(cc2)c2ccc(cc2)Oc2ccc(cc2)NC(=O)c2cc(ccc2)*)cc1,tg,270.0,258.85278382283457,264.4243032978528,262.95332505598986,262.0768040588924
*c1cc2c(C(=O)N(C2=O)c2c(cc(cc2)c2cc(c(cc2)N2C(=O)c3c(C2=O)cc(cc3)C(=O)*)OCCCCCCOc2ccc(cc2)/C=C/c2ccc(cc2)F)OCCCCCCOc2ccc(cc2)/C=C/c2ccc(cc2)F)cc1,tg,128.0,128.16616246082276,139.403682249288,121.85741809230247,129.80908760080442
*N1C(=O)c2c(C1=O)cc(cc2)Oc1cc2c(C(=O)N(C2=O)c2cc(ccc2)Oc2ccc(cc2)Oc2cc(ccc2)*)cc1,tg,204.0,203.2388247480263,199.3159574870893,209.78275148053666,204.11251123855072
*c1oc(nn1)c1ccc(cc1)C(=O)OCCCCCCCCCCOc1ccc(cc1)C=C1C(=O)C(=Cc2ccc(cc2)OCCCCCCCCCCOC(=O)c2ccc(cc2)*)CCCC1,tg,74.0,88.23844933521131,87.40120382876313,76.99412278581401,84.21125864992949
*C1C2C(C(=O)N(C2=O)c2ccc(cc2)F)C(C1)C=C*,tg,225.0,223.68276336240194,232.36343678690062,238.36545809833038,231.47055274921095
*Oc1c2c(ccc1)ccc(c2)Oc1ccc(cc1)NC(=O)c1ccc(cc1)Oc1ccc(cc1)S(=O)(=O)c1ccc(cc1)Oc1ccc(cc1)C(=O)Nc1ccc(cc1)*,tg,218.0,215.80753168480217,226.36298682419434,212.05174507963474,218.07408786287706
*Oc1cc(c(cc1)OC(COCCCCCCCOc1ccc(cc1)c1ccc(cc1)C(=O)*)C)[N+](=O)[O-],tg,50.0,78.10733619156649,63.480526989089554,86.0270187275729,75.87162730274298
*C(C*)c1ccc(cc1)c1ccccc1,tg,161.0,118.64551602962548,133.3220103111597,129.63337303967091,127.20029979348537
*C(=CCC*)c1ccccc1,tg,36.62,62.62107790119647,40.75710270640573,53.47387060341871,52.284017070340305
*Oc1ccc(cc1)C(c1ccc(cc1)Oc1ccc(cc1)C(=O)Nc1cc(c(cc1)c1c(cc(cc1)NC(=O)c1ccc(cc1)*)C(F)(F)F)C(F)(F)F)(C)C,tg,250.0,211.75915510341085,215.37865885397395,200.7968829265737,209.31156562798614
*O[Si](c1c(cc(c(c1)OCCO)[Si](*)(C)C)OCCO)(C)C,tg,73.0,28.218968691472742,23.88119397630001,26.2686844691626,26.122949045645118
*Oc1ccc(cc1)C(=O)c1ccc(cc1)OCCCCCCOC(=O)OCCCCCCCCOC(=O)OCCCCCC*,tg,-7.7,-3.1214987115578485,-6.965403533255568,-4.964858670513859,-5.017253638442425
*NC(=O)CCCCC(=O)NCCCP(=O)(CCCC*)C,tg,59.0,34.892189893217605,35.984499500600506,37.558338671549386,36.145009355122504
*OC(=O)c1ccc(cc1)C(=O)OCC(C(C*)C)C,tg,37.5,54.62209979765348,57.563968235404005,54.548278308022134,55.57811544702654
*SSCc1c(cccc1)C*,tg,39.0,45.88167921995437,34.95412412438664,24.64987008076038,35.16189114170046
*C(=C(*)c1ccccc1)CC,tg,200.0,200.17207790962703,206.09621510712736,205.84234012533025,204.03687771402824
*Oc1ccc(cc1)OC(=O)c1c(cc(cc1)C(=O)*)Sc1cc2c(cc1)cccc2,tg,148.0,153.7505417641076,162.5686804823568,162.4374841274713,159.58556879131189
*c1cc2c(C(=O)N(C2=O)c2c3c(ccc2)c(ccc3)N2C(=O)c3c(C2=O)cc(cc3)C(*)(C(F)(F)F)C(F)(F)F)cc1,tg,390.0,334.3020783365217,318.3217071088184,331.0966881536551,327.90682453299837
*c1nc(nc(c1c1ccc(cc1)OC)OCCOC(=O)c1ccc(cc1)C(=O)OCCO*)c1ccc(cc1)OCCCC,tg,94.0,82.55997502245252,95.31382196327382,86.39869672600396,88.09083123724344
*C(C*)C(=O)OC(C(F)(F)F)(C(F)(F)F)F,tg,7.5,14.627629308886599,18.177340766111698,9.730296139541851,14.178422071513381
*c1oc(nn1)c1ccc(cc1)NC(=O)c1cc(cc(c1)N1C(=O)c2c(C1=O)cccc2)*,tg,324.0,284.6700188688582,303.8123535876306,271.24038080404637,286.57425108684504
*c1nc(ccc1)c1cc(c(cc1)Oc1ccc(cc1)C(c1ccc(cc1)Oc1c(cc(cc1)*)C(F)(F)F)(C(F)(F)F)C(F)(F)F)C(F)(F)F,tg,148.67,158.75384434328214,162.2055275970606,155.40625471890033,158.78854221974768
*c1c(cc(cc1Cl)CC*)Cl,tg,110.0,126.6466566400536,126.07314278878974,131.13422698310728,127.95134213731687
*OP(=O)(OCCCCCCCCOc1c(cc(cc1)C=C1C(=O)C(=Cc2cc(c(cc2)OCCCCCCCC*)OC)CC1)OC)OC,tg,73.0,47.9854197863623,54.48851948637643,51.32736402787005,51.26710110020292
*c1cc2c(C(=O)N(C2=O)c2cc(ccc2)N2C(=O)c3c(C2=O)cc(cc3)C(=O)c2cc(ccc2)C(=O)*)cc1,tg,259.5,284.9495033184645,282.27742842854104,274.3207726340539,280.5159014603532
*Oc1c(cccc1)C(=O)OC(=O)c1c(cccc1)OC(=O)CCCCCCCC(=O)*,tg,25.0,39.1825476040421,31.577066241566953,42.102843819032756,37.62081922154727
*C(C*)C(=O)OCCCCCCC,tg,-60.0,-67.12340940144257,-63.83631301010371,-64.85031395753654,-65.27001212302761
*c1cc2c(C(=O)N(C2=O)c2c(cc(cc2c2ccccc2)c2ccc(cc2)c2cc(c(c(c2)c2ccccc2)N2C(=O)c3c(C2=O)cc(cc3)C(=O)*)c2ccccc2)c2ccccc2)cc1,tg,265.0,329.2485753263905,331.0475274732825,325.27327271109357,328.5231251702555
*N1C(=O)c2c(C1=O)cc(cc2)Oc1cc2c(C(=O)N(C2=O)c2c(ccc(c2)C(c2cc(c(cc2)OCCN(c2ccc(cc2)C=CC2=CC(=C(C(=O)OCc3ccc(cc3)Oc3c(c(c(c(c3F)F)F)F)F)C#N)CC(C2)(C)C)c2ccccc2)*)(C(F)(F)F)C(F)(F)F)OCCN(c2ccc(cc2)C=CC2=CC(=C(C(=O)OCc3ccc(cc3)Oc3c(c(c(c(c3F)F)F)F)F)C#N)CC(C2)(C)C)C)cc1,tg,162.0,198.30230865096524,186.0342700739159,174.36806028997708,186.2348796716194
*C(C*)(C(=O)OCc1ccc2n(c3c(c2c1)cccc3)CCCCCCCC)C,tg,45.0,45.47337994483754,52.14840990225116,46.59748985146431,48.073093232851
*C(C*)C(=O)Oc1ccccc1,tg,101.83,60.64513829615209,52.35577519458103,76.27794051317555,63.09295133463623
*NC(=O)CCCCC(=O)NCCCP(CCC*)CC(C)C,tg,71.0,40.54298495761983,68.23784418124693,39.91574320197071,49.56552411361249
*Oc1c(cc(cc1c1ccccc1)c1cc(c(c(c1)c1ccccc1)OC(=O)CCCCCCCCC(=O)*)c1ccccc1)c1ccccc1,tg,98.0,107.71820049248588,108.74767707440338,101.30186627492772,105.92258128060566
*N([Si](C[Si](*)(C)C)(C)C)CCC,tg,-47.5,-8.527898999540444,-58.4503599685674,-23.037006692546246,-30.00508855355136
*OP(=O)(Oc1ccc(cc1)C(c1ccc(cc1)*)(C)C)OC1CCCCC1,tg,86.0,99.34863292711036,83.96586027477679,92.39312662629129,91.90253994272615
*Oc1c(cc(cc1OC)C=C1C(=O)C(=Cc2cc(c(c(c2)OC)OCCCCCCCCCC*)OC)CCC1)OC,tg,49.0,62.77818953962081,59.69125785799922,59.146959623860866,60.538802340493625
*C(C*)c1[nH]nnn1,tg,72.0,118.65500856370066,123.65056456731949,113.75270179837666,118.68609164313227
*Oc1ccc(cc1)NC(=O)C=CC(=O)NNC(=O)C=CC(=O)Nc1ccc(cc1)OC(=O)C=CC(=O)NNC(=O)C=CC(=O)*,tg,265.0,191.59051224380408,217.68402743569737,228.35591749006863,212.54348572319
*O[Si](c1ccc(cc1)c1ccc(cc1)[Si](*)(C)C)(C)C,tg,67.0,7.225513385218223,11.661969952807084,18.972608286271146,12.62003054143215
*OC(=O)c1c(cc(cc1)C(=O)OCCN(CC*)c1ccc(cc1)c1oc2c(n1)ccc(c2)[N+](=O)[O-])OCCC,tg,119.0,113.71159098098701,130.15083035693527,120.55045549078892,121.47095894290374
*Oc1ccc(cc1)C(c1ccc(cc1)Oc1ccc(cc1)C(=O)c1c(c(c(c(c1c1ccc(cc1)F)c1ccc(cc1)F)c1ccc(cc1)F)c1ccc(cc1)F)C(=O)c1ccc(cc1)*)(C(F)(F)F)C(F)(F)F,tg,253.0,252.12730280063766,249.53799727350406,239.55454776024618,247.07328261146264
*OC1CCC(CC1)OC(=O)c1ccc(cc1)C(=O)*,tg,94.3,149.09889394494098,137.70927500565338,133.52351775116588,140.11056223392006
*S(=O)(=NP(=NP(=N*)(NCC)NCC)(NCC)NCC)NCC,tg,4.0,21.574027833437082,24.313639845633475,-2.487934121010255,14.466577852686768
*c1cc2c(C(=O)N(C2=O)c2ccc(cc2)Oc2ccc(cc2)N2C(=O)c3c(C2=O)cc(cc3)C(=O)Nc2c(cc(cc2)NC(=O)*)OCCCCCCS(=O)(=O)c2ccc(cc2)C=Cc2ccc(cc2)N(C)C)cc1,tg,192.0,209.89527438113473,209.93181379548884,212.99609474285737,210.94106097316032
*c1sc(cc1)c1sc(cc1)c1sc(cc1)[Si]([Si](*)(C)C)(C)C,tg,45.0,49.21770231013015,57.44820813309997,60.809431028473945,55.825113823901354
*C1(c2c(C(=O)O1)cccc2)c1ccc(cc1)OC(=O)c1cc(cc(c1)Cl)C(=O)Oc1ccc(cc1)*,tg,313.0,267.4809879729892,256.6347345148745,256.7275455817684,260.28108935654404
*OC(=O)CCCCCCCCCC*,tg,-46.05,-33.81106406548966,-41.07896556222465,-27.21576070410587,-34.03526344394006
*OC(=O)OCC*,tg,15.33,10.28724871613078,-0.5145099628969092,-8.252248382201959,0.5068301236773038
*Oc1ccc(cc1)NC(=O)c1cc(cc(c1)C(C)(C)C)C(=O)Nc1ccc(cc1)Oc1ccc(cc1)C1(C2CCC(C1)C2)c1ccc(cc1)*,tg,272.0,270.93926193465165,266.2520419863098,277.77182228265656,271.654375401206
*N1C(=O)c2c(C1=O)cc(cc2)Oc1ccc(cc1)C(=O)c1ccc(cc1)Oc1cc2c(C(=O)N(C2=O)c2ccc(cc2)Oc2ccc(cc2)*)cc1,tg,210.0,229.9688149268873,227.16999206456308,232.486694823465,229.87516727163845
*c1cc2c(C(=O)N(C2=O)c2cc(ccc2)Cc2ccc(cc2)Cc2ccc(cc2)Cc2cc(ccc2)N2C(=O)c3c(C2=O)cc(cc3)C(=O)*)cc1,tg,235.5,243.77521443758735,248.70368385595765,259.21237206736,250.56375678696836
*NC(=O)Cc1ccc(cc1)CC(=O)NCCCCCCCC*,tg,110.0,84.35867634238522,80.1790669428998,89.58273407920205,84.70682578816236
*Oc1ccc(cc1)N=CC=Nc1ccc(cc1)OC(=O)NC1CC(CC(C1)(CNC(=O)*)C)(C)C,tg,62.0,166.43224319683404,157.14412222088106,145.4572692904476,156.3445449027209
*N1C(=O)c2c(C1=O)c(ccc2)Oc1c(cc(c(c1)C(C)(C)C)Oc1c2c(C(=O)N(C2=O)c2ccc(cc2)Oc2ccc(cc2)c2ccc(cc2)Oc2ccc(cc2)*)ccc1)C(C)(C)C,tg,275.0,251.89092558735123,252.16053261512906,247.89248866832466,250.6479822902683
*C1C2CC(C(C1*)C2)C,tg,350.0,192.09092346094346,189.56264660898617,180.99660323737876,187.55005776910278
*c1cc2c(C(=O)N(C2=O)c2c(ccc(c2)N2C(=O)c3c(C2=O)cc(cc3)C(=O)Nc2c(cc(cc2CC)Cc2cc(c(c(c2)CC)NC(=O)*)CC)CC)N=Nc2ccc(cc2)C)cc1,tg,269.0,220.26374773138997,220.42756543351345,203.72329399518608,214.80486905336318
*N1C(=O)C2C(C1=O)CC(CC2)C1CC2C(C(=O)N(C2=O)c2cc(ccc2)*)CC1,tg,263.0,257.2119655746041,292.8847849481595,267.4807844424439,272.5258449884025
*Oc1ccc(cc1)N1ON1c1ccc(cc1)OCCCCCCOC(=O)C(C(=O)OCCCCCC*)CCCCCBr,tg,7.0,20.293148569541916,16.26822331232499,18.012885560703587,18.191419147523497
*OC(C*)c1occc1,tg,12.5,41.42035917122825,13.251458502950669,26.955868877162327,27.20922885044708
*[Si](CCC*)(C)C,tg,-72.5,-57.804131109600746,-54.678129402243144,-50.62973347567675,-54.370664662506876
*OC(=O)c1ccc(cc1)c1ccc(cc1)c1ccc(cc1)C(=O)OCCOCCOCCOCC*,tg,20.0,42.08068528060867,42.00802385302342,33.85541898815437,39.314709373928814
*c1cc2c(C(=O)N(C2=O)c2ccc(cc2)OCCCCCCOc2ccc(cc2)N2C(=O)c3c(C2=O)cc(cc3)C(*)(C(F)(F)F)C(F)(F)F)cc1,tg,167.0,173.50345512632708,166.9433225858703,177.49641136618186,172.64772969279306
*c1cc2c(C(=O)N(C2=O)c2ccc(cc2)Oc2ccc(cc2)N2C(=O)c3c(C2=O)cc(cc3)C(=O)c2cc(cc(c2)c2ccccc2)C(=O)*)cc1,tg,258.5,273.7025925046113,252.54442113507366,266.9683010267155,264.40510488880017
*C1COC2C1OCC2OC(=O)C(NC(=O)CCCCC(=O)NC(C(=O)O*)C(CC)C)C(CC)C,tg,102.0,66.096651808245,78.87662656622933,67.69139191051258,70.88822342832897
*C(C*)(C(=O)OC1CCC(CC1)C(C)(C)C)C,tg,122.36,122.28844942114479,101.70958263611716,122.83586242966223,115.61129816230806
*C(C*)C(=O)Oc1c(cccc1)C,tg,51.5,76.99843333871998,70.00519665153756,57.26187070684763,68.08850023236839
*Nc1ccc(cc1)NC(=O)c1c(cc(c(c1)C(=O)*)C(=O)OCC)C(=O)OCC,tg,221.6,232.32337529465167,213.91146444267838,246.80691760930347,231.0139191155445
*Oc1c(cc(cc1c1ccccc1)*)c1ccc(cc1)C(C)(C)C,tg,240.0,215.02886140596016,196.23513875888239,205.37298224921545,205.54566080468598
*c1cc2c(C(=O)N(C2=O)c2c(ccc(c2)N2C(=O)c3c(C2=O)cc(cc3)C(=O)*)Oc2ccc(cc2)C(c2ccccc2)(C)C)cc1,tg,267.0,286.50598085400435,276.6702910719813,273.8602365108838,279.01216947895654
*C(C*)C(=O)Oc1ccc(cc1)C(=O)OCCCC,tg,13.0,30.28930755325319,24.45562399329765,36.22490606553259,30.323279204027813
*C(C*)NC(=O)OC(C)(C)C,tg,120.0,105.41370631273263,89.28531845980643,84.38939098637981,93.02947191963962
*C=C(C(C*)(F)F)F,tg,-35.0,3.112513844209779,24.69136342182543,4.343904124523173,10.715927130186126
*c1c(c2c(C(=O)N(C2=O)c2ccc(cc2)N2C(=O)c3c(C2=O)c(c(c(c3c2ccccc2)c2ccccc2)c2ccc(cc2)Oc2ccc(cc2)*)c2ccccc2)c(c1c1ccccc1)c1ccccc1)c1ccccc1,tg,418.5,333.1812352521247,345.64678945734994,328.35414257083187,335.72738909343553
*c1oc(nn1)c1ccc(cc1)Oc1cc(ccc1)NC(=O)c1cc(cc(c1)N1C(=O)c2c(C1=O)c(c(c(c2Cl)Cl)Cl)Cl)C(=O)Nc1cc(ccc1)Oc1ccc(cc1)*,tg,275.0,286.96942984546365,296.77678808105975,296.15541158860543,293.30054317170965
*Oc1c(cc(cc1)c1ccc(cc1)OC(=O)c1ccc(cc1)C(=O)*)c1ccccc1,tg,132.0,162.10087011195918,163.46347405139255,173.58277764651552,166.38237393662243
*c1c(nc2c(c1c1ccccc1)cc(cc2)Oc1cc2c(nc(c(c2c2ccccc2)c2ccc(cc2)Oc2ccc(cc2)*)c2ccccc2)cc1)c1ccccc1,tg,252.5,297.9451545770227,295.7458183576055,302.28880959975646,298.65992751146155
*OC1CCC(CC1)OC(=O)OCCCCCCOC(=O)*,tg,10.0,8.4539751918111,5.745053371455782,21.156486799748336,11.785171787671738
*c1nc2c(nc1)cc(cc2)c1ccc2c(nc(cn2)c2ccc(cc2)Oc2ccc(cc2)Oc2ccc(cc2)*)c1,tg,235.0,294.23822550706427,299.42661059337,269.7428256692109,287.80255392321504
*S(=O)(=O)c1ccc(cc1)N[Se]Nc1ccc(cc1)*,tg,62.0,122.43744079743946,131.83174855908038,131.30694781067942,128.52537905573308
*c1oc(nn1)c1ccc(cc1)Oc1cc(ccc1)N1C(=O)c2c(C1=O)cc(cc2)[Si](O[Si](c1cc2c(C(=O)N(C2=O)c2cc(ccc2)Oc2ccc(cc2)*)cc1)(C)C)(C)C,tg,165.0,235.49437270463287,242.82826410521636,234.66338013297613,237.66200564760845
*N1C(=O)c2c(C1=O)cc(cc2)Oc1ccc(cc1)Sc1ccc(cc1)Oc1cc2c(C(=O)N(C2=O)c2cc(ccc2)*)cc1,tg,209.0,225.53349879451346,232.15803973418605,223.51381058683145,227.06844970517702
*C(C*)(C(=O)OCCN(c1ccc(cc1)N=Nc1c(cc(cc1)N=Nc1ccc(cc1)C#N)C)C)C,tg,111.57,107.32391532200407,128.55028668148344,105.02802691616424,113.63407630655058
*C(C*)(C(=O)OCCCCCCCC[n+]1ccc(cc1)N(C)C)C,tg,70.0,47.29422312246286,56.236160265754236,33.42021322358911,45.650198870602075
*c1nc2c([nH]1)cc(cc2)c1cc2c(nc([nH]2)c2cc3c(cc2)cc(cc3)*)cc1,tg,403.0,325.8211777089889,355.4668269690816,349.20006625291006,343.4960236436602
*c1cc2c(C(=O)N(C2=O)c2ccc(cc2)Cc2ccc(cc2)N2C(=O)c3c(C2=O)cc(cc3)C(=O)c2ccc(cc2)Oc2ccc(cc2)Oc2ccc(cc2)C(=O)*)cc1,tg,225.0,235.73289345537736,238.38010949079924,236.0455947202041,236.71953255546023
*c1sc(cc1CCCCCCCC)c1sc(c(c1)CCCCCCCC)c1ccc(cc1)*,tg,50.4,45.974477476874895,44.21736614056522,58.11553021506013,49.43579127750008
*C(C*)(C(=O)OCc1ccc2n(c3c(c2c1)cccc3)CCCCCCCCCCCCCCCC)C,tg,23.0,30.27106313617885,30.647095012045412,29.03807482895876,29.98541099239434
*C(C*)(OC)C,tg,67.0,22.302717615646852,27.2532951346749,28.739830626736495,26.098614459019416
*SC(=O)CCC(CC*)C,tg,-50.0,-3.134157470449411,11.056995678596252,-18.5648405168209,-3.5473341028913534
*[Si](CC(C*)c1c2c(ccc1)cccc2)(C)C,tg,39.0,61.52261908890448,69.16046871309122,57.1639177611073,62.61566852103433
*S(=O)(=O)c1ccc(cc1)NC(=O)c1cc(cc(c1)NC(=O)c1ccc(cc1)NC(=O)C(N1C(=O)c2c(C1=O)cccc2)C)C(=O)Nc1ccc(cc1)*,tg,208.0,246.22394621540076,256.22620533611524,268.8663954115282,257.10551565434804
*OC(=O)c1cc2c(C(CC2(c2ccc(cc2)C(=O)OCC*)C)(C)C)cc1,tg,154.0,152.51450363496363,170.28463261285958,147.5405664356886,156.77990089450392
*c1cc2c(C(=O)N(C2=O)c2ccc(cc2)Oc2ccc(cc2)N2C(=O)c3c(C2=O)cc(cc3)C(=O)Nc2ccc(cc2)Cc2ccc(cc2)NC(=O)*)cc1,tg,270.0,258.0848542616745,260.74234552417994,259.1058747954483,259.3110248604342
*P1(=NP(=NP(=N1)(Oc1ccc(cc1)C(=O)OCCC)Oc1ccc(cc1)C(=O)OCCC)(Oc1ccc(cc1)C(c1ccc(cc1)O*)(C)C)Oc1ccc(cc1)C(=O)OCCC)Oc1ccc(cc1)C(=O)OCCC,tg,26.0,26.700136620754453,31.107345287558374,43.01085484493463,33.606112251082486
*C(=C(C(C*)(F)F)F)Cl,tg,-17.0,36.053669359961226,39.608026213605925,22.76877212477602,32.81015589944773
*Oc1ccc(cc1)S(=O)(=O)c1ccc(cc1)Oc1ccc(cc1)NC(=O)c1cc(cc(c1)NC(=O)c1ccncc1)C(=O)Nc1ccc(cc1)*,tg,283.0,262.74548951385117,266.6096055512591,252.60429669094316,260.65313058535116
*C(C(*)F)C(F)(F)F,tg,87.0,56.51834364221144,53.76792067026497,68.90132694055127,59.72919708434256
*Oc1ccc(cc1)C(c1ccc(cc1)OC*)(C(F)(F)F)C(F)(F)F,tg,123.0,148.49974654182708,120.2743031764137,120.79705942737067,129.85703638187047
*N1C(=O)c2c(C1=O)cc(cc2)S(=O)(=O)c1cc2c(C(=O)N(C2=O)c2ccc(cc2)Oc2cc3c(cc2Oc2ccc(cc2)*)cccc3)cc1,tg,275.0,275.43440616805805,263.147767123578,280.4971634436907,273.02644557844224
*c1cc2c(C(=O)N(C2=O)C2CCC(CC2)CC2CCC(CC2)N2C(=O)c3c(C2=O)cc(cc3)C(=O)*)cc1,tg,254.0,273.5313774118041,280.8438034206388,290.24668676483293,281.5406225324253
*C1C2C(C(=O)N(C2=O)CCC)C(C1)C=C*,tg,139.0,137.03061651545576,131.02837649496774,136.67012122603865,134.90970474548737
*c1sc(cc1)c1sc(c(c1)CCCCCCCC)c1sc(cc1)c1sc(cc1)c1sc(cc1CCCCCCCC)c1sc(cc1)[Si]([Si](*)(CCCC)CCCC)(CCCC)CCCC,tg,-10.0,8.162331251983172,9.122424219245431,13.616661474181026,10.300472315136544
*Oc1ccc(cc1)C1(c2ccccc2c2ccccc12)c1ccc(cc1)OCC(COc1ccc(cc1)C(c1ccc(cc1)OCC(C*)O)(C)C)O,tg,161.0,128.00087366610614,129.82568504769347,119.67456308971641,125.83370726783868
*Oc1ccc(cc1)CC(NC(=O)CCc1ccc(cc1)OC(=O)CCC(CC(=O)*)C)C(=O)OC,tg,53.0,73.14556058156903,71.4029460126058,75.76253848874012,73.43701502763831
*C1C(=O)N(C(=O)C1C(C*)(C)C)CCCC,tg,80.0,121.51546395749475,135.04061403687524,114.81333188923568,123.7898032945352
*NC(=O)CC(c1ccc(cc1)C(CC(=O)NCCCCCC*)(C)C)(C)C,tg,91.0,94.29338941165167,100.51410597052248,93.7282111601715,96.17856884744856
*OC(=O)Nc1c(ccc(c1)NC(=O)OCCN(CC*)c1ccc(cc1)C=Cc1cc[n+](cc1)CCCC)C,tg,121.0,132.5315388774046,133.58746334956282,122.25451807525565,129.45784010074104
*N1C(=O)c2c(C1=O)cc(cc2)Oc1ccc(cc1)C1(CCC(CC1)c1ccccc1)c1ccc(cc1)Oc1cc2c(C(=O)N(C2=O)c2ccc(cc2)Oc2c(cc(cc2)Oc2ccc(cc2)*)C(C)(C)C)cc1,tg,236.0,230.25445164975721,229.7351359841518,229.49652279476297,229.82870347622398
*Oc1c(c2c(cc1)cccc2)Sc1c2c(ccc1OCC(=O)Nc1ccc(cc1)Cc1ccc(cc1)NC(=O)C*)cccc2,tg,241.0,234.03127317082175,231.03799370814477,237.64265161922665,234.2373061660644
*C(C*)(C(=O)OCC[N+](CCCCS(=O)(=O)O)(C)C)C,tg,261.0,9.196480862257285,19.892136952545258,10.356666341627516,13.148428052143354
*Nc1cc(cc(c1)C(=O)Nc1ccc2C(=O)c3c(C(=O)c2c1)cccc3)NC(=O)Nc1ccc(cc1)NC(=O)*,tg,184.0,196.92852526871005,187.01509119503552,204.50193010481868,196.14851552285475
*OC(=O)C(NC(=O)CCCCC(=O)NC(C(=O)OCC=CC*)Cc1ccccc1)Cc1ccccc1,tg,61.0,74.25552542873618,72.80865266394883,68.98446701853423,72.01621503707308
*N=Nc1ccc(cc1)Nc1ccc(cc1)C(=O)c1ccc(cc1)Nc1ccc(cc1)*,tg,216.42,181.5282753049286,203.56772430758832,180.44478723985705,188.513595617458
*NC(=O)CCCCCCCCCCCCCCCCC(=O)NCc1ccc(cc1)C*,tg,75.0,91.6157602207654,89.08170592327674,93.70490847919959,91.46745820774724
*Oc1ccc(cc1)C(c1ccc(cc1)OC(=O)CC(CCC(=O)*)C)(C)C,tg,56.0,69.5412323411944,73.18670852303266,63.90514615388822,68.87769567270509
*OC(=O)c1ccc(cc1)C(=O)OCCCCCCC*,tg,-1.0,19.638287660591143,19.08819946599894,20.235797159771312,19.654094762120465
*N1C(=O)C2CCC3C(C2C1=O)C(=O)N(C3=O)c1ccc(cc1)Oc1ccc(cc1)*,tg,342.0,328.98707627071497,324.0930059649614,329.75140451673775,327.61049558413805
*C1C(=O)N(C(=O)C1C(C*)c1ccccc1)CCCN(c1cc(c(cc1)N=Nc1c(cc(cc1)[N+](=O)[O-])Cl)C)CC,tg,149.0,145.23848185889537,155.2469692205965,151.8754643784091,150.78697181930033
*c1c(cc(c(c1)OC)C=Cc1c(cc(c(c1)OC)C=C*)OCC(CCCC)CC)OC,tg,110.0,91.97358316431227,102.42417110538574,90.21030834173084,94.86935420380962
*N1C(=O)c2c(C1=O)cc(cc2)Oc1c(cccc1)Oc1cc2c(C(=O)N(C2=O)c2ccc(cc2)Oc2ccc(cc2)*)cc1,tg,212.0,226.18625799168606,221.9874739615394,222.0541439401634,223.40929196446294
*c1ccc(cc1)c1c(cc(c(c1c1ccccc1)c1ccccc1)c1ccc(cc1)c1c(c(c(c(c1)c1ccccc1)c1ccc(cc1)CCCCCCCCCC*)c1ccccc1)c1ccccc1)c1ccccc1,tg,235.0,189.60591169689064,179.88883046445136,182.5193444065459,184.0046955226293
*C(C*)C(=O)OCCOC(C(F)F)(F)F,tg,-22.0,-5.79259240268602,22.34748318830242,-10.852612647120608,1.9007593794985975
*c1nc2c(nc1c1ccccc1)cc(cc2)c1cc2c(nc(c(n2)c2ccccc2)c2ccc(cc2)Oc2ccc(cc2)Oc2ccc(cc2)Oc2ccc(cc2)*)cc1,tg,263.0,289.30419003510735,285.863187534177,271.29996951263485,282.1557823606397
*C1COC2C1OCC2OC(=O)C(NC(=O)CCCCCCCCC(=O)NC(C(=O)O*)Cc1ccccc1)Cc1ccccc1,tg,74.0,70.9816288664773,72.90977553734808,70.94002075323455,71.61047505235331
*[Si](C#Cc1cc(ccc1)C#C*)(C)C,tg,50.0,70.25818217525531,83.56706379085892,86.94434318563204,80.25652971724877
*c1sc(cc1)c1cc(c(cc1)Oc1ccc(cc1)C(c1ccc(cc1)Oc1c(cc(cc1)*)C(F)(F)F)(C(F)(F)F)C(F)(F)F)C(F)(F)F,tg,153.33,151.49682383854847,140.89682058573635,148.36672596130612,146.92012346186365
*c1cc2c(C(=O)N(C2=O)c2c(cc(c(c2)N2C(=O)c3c(C2=O)cc(cc3)C(=O)*)O)O)cc1,tg,324.0,309.86000584535793,301.25812815964207,309.2547967057256,306.7909769035752
*c1cc2c(C(=O)N(C2=O)C2C(=O)N(C(=O)C2)c2ccc(cc2)NC(=O)*)cc1,tg,120.0,192.7590438610806,181.7224984943299,186.9236535287775,187.13506529472934
*C(C*)(C(=O)OCCCCOc1ccc(cc1)OC(=O)c1ccc(cc1)OCCCCCC)C,tg,34.0,34.878987266897525,29.717309768586674,34.9920017525164,33.1960995960002
*Oc1ccc(cc1)C(c1ccc(cc1)OC(=O)c1ccc(cc1)C(=O)*)(c1ccccc1)c1ccccc1,tg,210.0,225.5216186384515,235.94577430334016,217.96930468022651,226.4788992073394
*c1c([nH]c(n1)c1ccc(cc1)c1[nH]c(c(n1)c1ccc(cc1)Oc1ccc(cc1)C(=O)c1ccc(cc1)Oc1ccc(cc1)*)c1ccccc1)c1ccccc1,tg,279.0,266.2411194720082,266.9793027771421,274.60455994272235,269.27499406395754
*Nc1cc(cc(c1)C(=O)Oc1ccccc1)NC(=O)c1ccc(cc1)C(=O)*,tg,200.0,215.27577700426653,220.79208819187375,209.90652074445416,215.32479531353147
*OP(=O)(Oc1c(cc(cc1Br)C(c1cc(c(c(c1)Br)*)Br)(C(F)(F)F)C(F)(F)F)Br)Oc1ccc(cc1)[N+](=O)[O-],tg,154.0,152.84662952121408,149.70995288005955,150.4945212754326,151.01703455890208
*c1cc2c(C(=O)N(C2=O)c2cc(cc(c2)OCCCCCCCC)N2C(=O)c3c(C2=O)cc(cc3)C(=O)*)cc1,tg,195.0,198.62999665674332,200.61531870036964,182.71550055972236,193.98693863894513
*NC(=O)c1c(cc(cc1)C(=O)NCCCCCC*)Oc1ccc(cc1)F,tg,112.5,116.38036785627229,118.45446188074044,116.01946451541825,116.951431417477
*Oc1cc(ccc1)NC(=O)CCCCCC(=O)Nc1cc(ccc1)OCC(COc1ccc(cc1)C(c1ccc(cc1)OCC(C*)O)(C)C)O,tg,107.0,101.71612518411179,86.69053448661998,103.62542651075533,97.34402872716237
*c1nc2c(nc1)ccc(c2)c1ccc2c(nc(cn2)c2ccc(cc2)Oc2ccc(cc2)Oc2ccc(cc2)*)c1,tg,235.0,276.5316783620782,271.4411943201223,265.31466447059734,271.0958457175993
*N1C(=O)c2c(C1=O)cc(cc2)c1cc2c(C(=O)N(C2=O)CCC[Si](O[Si](CCC*)(C)C)(C)C)cc1,tg,75.0,89.0649467173891,103.70133218929851,78.40083356088134,90.38903748918965
*Oc1ccc(cc1)C(=O)c1ccc(cc1)OCCCCCCOC(=O)OCCCCCCCCCCCCOC(=O)OCCCCCC*,tg,-8.0,-14.79612288822939,-7.761880694326408,-18.684957108677438,-13.747653563744413
*C1CC2CC(CC(C1)O2)OC(=O)c1ccc(cc1)C(=O)O*,tg,207.0,143.60920521772408,154.2344533433073,158.13003295740782,151.9912305061464
*OC(=O)c1ccc(cc1)SCCCCSc1ccc(cc1)C(=O)*,tg,62.0,79.25743505461344,53.76753602009799,83.75234018683362,72.25910375384835
*Oc1c(c(c(c(c1F)F)COC(c1cc(ccc1)C(OCc1c(c(c(c(c1F)F)Oc1ccc(cc1)Cc1ccc(cc1)*)F)F)(C(F)(F)F)C(F)(F)F)(C(F)(F)F)C(F)(F)F)F)F,tg,94.0,110.64581427603932,111.55144426532156,122.24962873913881,114.81562909349991
*Oc1ccc(cc1)C(=Nc1ccc(cc1)N=C(c1ccc(cc1)Oc1ccc(cc1)C(c1ccc(cc1)*)(C)C)c1ccccc1)c1ccccc1,tg,161.0,159.31187129123154,152.92500835664936,149.12747407078834,153.78811790622308
*Oc1ccc(cc1)C(c1ccc(cc1)Oc1ccc(cc1)C(=O)c1cc2c(cc1)cc(cc2)C(=O)c1ccc(cc1)*)(C)C,tg,185.0,185.32386018676985,190.58554064310232,176.70640172184872,184.2052675172403
*OC(COC(=O)c1c2c(c(cc1)C(=O)*)cccc2)COc1ccc(cc1)N=Nc1ccc(cc1)C#N,tg,117.0,130.1879383719214,133.9096084970178,111.54325763047765,125.21360149980562
*N1C(=O)c2c(C1=O)cc(cc2)c1cc2c(C(=O)N(C2=O)c2cc(ccc2)OCCCCCCCCCCOc2cc(ccc2)*)cc1,tg,125.0,126.435415136809,121.84550090138978,123.44146829201303,123.90746144340393
*N(c1ccc(cc1)C(c1ccc(cc1)*)c1ccc(cc1)C#N)c1ccc(cc1)C,tg,230.0,197.81931370439753,211.8062691015219,191.60807423373356,200.41121901321765
*Oc1ccc(cc1)Oc1ccc(cc1)C(=O)c1ccc(cc1)C(=O)c1ccc(cc1)*,tg,149.5,162.68054908959434,161.71638906488909,152.8601410898493,159.08569308144425
*Nc1cc(cc(c1)C(=O)Oc1ccc(cc1)c1ccccc1)NC(=O)c1ccc(cc1)C(=O)*,tg,178.0,216.38100479726373,236.90084399720985,224.79634368168632,226.02606415872
*OC(=O)c1c(cc(cc1)C(=O)OCCN(CC*)c1ccc(cc1)N=Nc1ccc(cc1)c1nc2c([nH]1)ccc(c2)[N+](=O)[O-])OCCC,tg,152.0,145.81354959617875,152.18492939110715,141.5920093803147,146.5301627892002
*c1oc(nn1)c1sc(c(c1)CCCCCCCCCC)c1sc(cc1CCCCCCCCCC)c1oc(nn1)c1c(cc(c(c1)OCCCCCCCC)*)OCCCCCCCC,tg,53.8,67.37143408416871,109.69634165978283,68.74398979966278,81.93725518120478
*c1cc2c(C(=O)N(C2=O)c2cc(ccc2)Cc2ccc(cc2)Cc2cc(ccc2)N2C(=O)c3c(C2=O)cc(cc3)C(=O)*)cc1,tg,240.0,273.8424345464713,263.2655631423862,269.3390610322152,268.8156862403576
*Oc1ccc(cc1)CC(NC(=O)Cc1ccc(cc1)OC(=O)CCCCC(=O)*)C(=O)OCCCCCCCC,tg,28.0,35.23104548607103,32.96080673853706,33.403768303219756,33.865206842609275
*Oc1c(cc(c(c1)OC(=O)c1ccc(cc1)OCC)OC(=O)CCCCCCCCCCCCCCC(=O)*)OC(=O)c1ccc(cc1)OCC,tg,31.0,58.141871947332326,54.41500188022749,50.06567652097823,54.20751678284602
*C1(c2c(C(=O)N1c1ccccc1)cccc2)c1ccc(cc1)OC(=O)c1ccc(cc1)[Si](c1ccc(cc1)C(=O)Oc1ccc(cc1)*)(C)C,tg,255.0,225.5768306033667,226.530013925357,212.66441186560536,221.59041879810968
*Oc1ccc(cc1)Oc1ccc(cc1)OC(=O)NC(=O)c1cc(cc(c1)C(C)(C)C)C(=O)NC(=O)*,tg,114.5,141.1120792382947,133.5248231301303,165.5645614104249,146.73382125961663
*c1cc2c(C(=O)N(C2=O)c2c(cc(c(c2C)N2C(=O)c3c(C2=O)cc(cc3)C(=O)*)C)C)cc1,tg,401.33,361.40944135031555,364.1173804444678,369.95473575390923,365.16051918289753
*c1oc(cc1)CC*,tg,23.0,55.91952155026887,40.6378188367472,25.047979019386364,40.53510646880081
*N1C(=O)c2c(C1=O)cc(c(c2)c1ccc(cc1)[Si](C)(C)C)c1cc2c(C(=O)N(C2=O)c2ccc(cc2)C(c2ccc(cc2)*)(C(F)(F)F)C(F)(F)F)cc1c1ccc(cc1)[Si](C)(C)C,tg,365.0,327.23647777624154,342.13294746703764,311.0796594942351,326.8163615791714
*Nc1ccc(cc1)c1ccc(cc1)NC(=O)c1cc(cc(c1)S(=O)(=O)c1ccccc1)C(=O)*,tg,319.0,294.44648035476143,293.31285096140834,278.01315575000746,288.5908290220591
*Oc1ccc(cc1)NC(=O)c1cc(cc(c1)C(C(C(C(F)(F)F)(F)F)(F)F)(F)F)C(=O)Nc1ccc(cc1)*,tg,257.0,240.24133570328627,235.10933692316428,208.8024987336623,228.05105712003763
*c1n(nc(c1)c1ccc(cc1)Oc1ccc(cc1)C(=O)c1cc(ccc1)C(=O)c1ccc(cc1)Oc1ccc(cc1)*)c1ccccc1,tg,190.0,205.9776752196598,205.77434156587566,228.41398503182396,213.38866727245315
*C(C*)C(=O)OCCOCC,tg,-50.0,-53.31424239565542,-54.12854056048036,-59.18570143945493,-55.542828131863565
*Oc1cc(ccc1)C(=O)OCCN(CCOC(=O)c1cc(ccc1)OCC#CC#CC*)c1ccc(cc1)N=Nc1ccc(cc1)C#N,tg,50.0,89.87513558926082,79.18463088560407,98.29616088586816,89.11864245357769
*C(C*)C(=O)OC(C(C(C(C(C(C(C(F)(F)F)(F)F)(F)F)(F)F)(F)F)(F)F)(F)F)(F)F,tg,9.0,9.057945985803862,2.630697802649763,7.074717535131889,6.254453774528504
*S(=O)(=O)c1ccc(cc1)NC(=O)c1cc(cc(c1)S(=O)(=O)c1ccccc1)C(=O)Nc1ccc(cc1)*,tg,307.0,269.5143751409572,269.7936126309104,266.8263212347791,268.71143633554885
*c1cc2c(=O)n(c(=O)c3ccc4c5c(cc6c(=O)n(c(=O)c7ccc(c1c4c23)c5c67)CCCCCCCC)Oc1ccc(cc1)C=Cc1c(cc(c(c1)OCCCCCCCC)C=Cc1ccc(cc1)O*)OCCCCCCCC)CCCCCCCC,tg,103.0,107.61287131841675,150.71214636795764,106.65747469572122,121.66083079403188
*Oc1ccc(cc1)C(c1ccc(cc1)OC(=S)*)c1c2c(ccc1)cccc2,tg,191.0,192.46364777610253,191.44087847645807,193.79564594773518,192.56672406676526
*C(C*)n1c2c(c3ccccc3cc2)c2c1cccc2,tg,285.5,245.33204869011388,249.96972264178254,251.22721721083357,248.84299618090998
*C(C*)c1ccc(cc1)C(=O)OCC(C)C,tg,90.0,68.18184350936757,68.82426331855427,62.35423197395726,66.45344626729303
*Nc1cc(ccc1)C=Cc1ccc(cc1)NC(=O)c1cc(ccc1)C(=O)*,tg,272.0,258.3464456045743,251.64020544885096,248.57886154167068,252.85517086503197
*OC(=O)c1cc2c(cc1)cc(cc2)C(=O)OCCCCCCCCCCCC*,tg,38.5,35.51401765835039,35.225318826009016,36.72521448510906,35.82151698982282
*c1cc2c(C(=O)N(C2=O)c2ccc(cc2)Oc2ccc(cc2)C2(C3C4C(CCC4)C(C2)C3)c2ccc(cc2)Oc2ccc(cc2)N2C(=O)c3c(C2=O)cc(cc3)C(=O)Nc2ccc(cc2)Oc2ccc(cc2)NC(=O)*)cc1,tg,250.0,262.77297515470735,263.5167747458833,263.98072460398237,263.4234915015243
*N1C(=O)c2c(C1=O)c(ccc2)c1cc2c(C(=O)N(C2=O)c2cc(ccc2)C(=O)Nc2ccc(cc2)Oc2ccc(cc2)Oc2ccc(cc2)NC(=O)c2cc(ccc2)*)cc1,tg,268.0,261.38186768360003,267.0915823636951,264.98719130076483,264.48688044935335
*c1nc(nc(n1)N(CCCCCCN(*)C)C)c1ccccc1,tg,57.0,46.395582374294804,47.01875438462693,58.813023759814996,50.742453506245575
*OP(=O)(Oc1c(cc(cc1C)S(=O)(=O)c1cc(c(c(c1)C)*)C)C)Oc1ccccc1,tg,142.0,152.6671699396763,137.75021208947047,142.72434486557867,144.38057563157517
*c1nc(ccc1)Oc1c(cc(cc1)O*)C,tg,89.0,106.57500386888607,108.0987171873814,119.20053886160163,111.29141997262303
*c1cc2c(C(=O)N(C2=O)c2cc(ccc2)Nc2ncnc(n2)Nc2cc(ccc2)N2C(=O)c3c(C2=O)cc(cc3)C(=O)*)cc1,tg,290.0,278.3776491682131,279.527250229496,263.3697186665166,273.75820602140857
*Oc1ccc(cc1)C(c1cc(c(c(c1)Cl)OC(=O)*)Cl)(C)C,tg,186.0,158.74638201559142,158.16541617525164,160.34424300486515,159.08534706523608
*C(C*)(C(=O)OCCN(c1ccc(cc1)N=Nc1ccc(cc1)S(=O)(=O)C)CC)C,tg,144.0,118.85928266078479,118.00119014938277,123.36886150202531,120.07644477073096
*c1cc2c(C(=O)N(C2=O)c2ccc(cc2)C(=O)OCCCCCCOC(=O)*)cc1,tg,80.5,82.93641905637813,92.58813818062208,75.45808378888923,83.66088034196315
*Oc1ccc(cc1)c1ccc(cc1)C(=O)OCC(COC(=O)c1ccc(cc1)c1ccc(cc1)OC(CC*)C)C,tg,88.33,85.79473764551523,76.27402570818971,84.00595215581126,82.02490516983873
*N1C(=O)c2c(C1=O)cc(cc2)c1cc2c(C(=O)N(C2=O)c2cc(ccc2)C(=O)Nc2cc(ccc2)S(=O)(=O)c2cc(ccc2)NC(=O)c2cc(ccc2)*)cc1,tg,247.0,250.52125680599812,259.89988432158725,252.7022041833477,254.37444843697767
*OC(=O)c1cc(cc(c1)OCc1c(c(c(c(c1F)F)OC)F)F)C(=O)OCCN(CC*)c1ccc(cc1)C=Cc1sc(cc1)C=CC1=C(C(=C(C#N)C#N)OC1(c1ccccc1)C(F)(F)F)C#N,tg,140.0,155.39731176329605,140.48455687276703,155.6460110687144,150.50929323492582
*Oc1ccc(cc1)NC(=O)c1ccc(cc1)OCC(COc1ccc(cc1)C(c1ccc(cc1)OCC(C*)O)(C)C)O,tg,127.0,117.88608412237205,119.75678116828547,115.3742492544812,117.67237151504624
*C(C*)C(=O)OCCOc1ccc(cc1)C(=O)Oc1ccc(cc1)OC,tg,70.0,45.59892165181106,48.2039750323335,35.93066871183019,43.24452179865825
*Oc1ccc(cc1)c1ccc(cc1)c1c(c(c(c(c1)c1ccccc1)c1ccc(cc1)c1ccc(cc1)OC(=O)c1c(cc(cc1)C(=O)*)c1ccccc1)c1ccccc1)c1ccccc1,tg,260.0,226.38376601720128,211.29274229502505,221.96864880144565,219.88171903789066
*c1n(cnc1C(=O)NCC(CNC(=O)*)(C)C)C,tg,152.0,157.4391874162898,168.54946253999321,167.78112278890285,164.58992424839528
*Sc1c(cc(cc1C)*)C,tg,198.0,156.7153050577838,142.45877839967216,170.98790346809264,156.7206623085162
*C(C*)(C(=O)OCc1c(c(ccc1)Cl)Cl)C,tg,42.6,43.85294078495036,39.57146255381082,38.61588121978311,40.6800948528481
*c1cc2c(C(=O)N(C2=O)c2c(cccc2)Oc2ccc(cc2)N2C(=O)c3c(C2=O)cc(cc3)C(*)(C(F)(F)F)C(F)(F)F)cc1,tg,276.0,284.82533797035745,284.8303229466104,294.7203745828136,288.12534516659383
*Oc1c(cc(cc1Cl)C(c1cc(c(c(c1)Cl)OCC(C*)OC(=O)C)Cl)(C)C)Cl,tg,100.0,122.75286322614481,115.08667200459718,101.37221012541268,113.07058178538489
*N1C(=O)c2c(C1=O)cc(cc2)Oc1c(cccc1)Oc1cc2c(C(=O)N(C2=O)c2cc(c(cc2)Oc2c(cccc2)Oc2c(cc(cc2)*)C(F)(F)F)C(F)(F)F)cc1,tg,185.0,205.00836483310158,206.60736554150287,214.00708043509607,208.54093693656685
*Oc1ccc(cc1)OC(=O)c1c(cc(c(c1)OCCCCCOCC1N(CCC1)c1ccc(cc1)[N+](=O)[O-])C(=O)*)OCCCCCOCC1N(CCC1)c1ccc(cc1)[N+](=O)[O-],tg,63.0,50.501516331136834,55.10678995550521,58.67125452576661,54.75985360413622
*N1C(=O)c2c(C1=O)cc(cc2)Oc1cc2c(C(=O)N(C2=O)c2cc(ccc2)P(=O)(c2cc(ccc2)*)c2cc(cc(c2)C(F)(F)F)C(F)(F)F)cc1,tg,228.0,239.71718029868947,249.4338673801699,226.35800800275027,238.50301856053656
*N1C(=O)c2c(C1=O)cc(cc2)NC(=O)Nc1ccc(cc1)NC(=O)Nc1cc2c(C(=O)N(C2=O)c2ccc(cc2)c2nc(cc(c2)c2ccc(cc2)c2ccccc2)c2ccc(cc2)*)cc1,tg,243.0,257.21420540133556,247.45445707999096,254.03115702372332,252.89993983501662
*C(C*)C#N,tg,93.96,54.78765428811109,57.122787860801395,41.4090834476182,51.106508532176896
*C(C*)c1cc(c(cc1)Cl)[N+](=O)[O-],tg,132.9,141.53189443998508,127.2707897038797,132.42688102947997,133.74318839111493
*C=CCCCCCCCCCC(CCCCCCCCC*)COCCOCCOCCOCCOCc1c2ccc3cccc4ccc(cc1)c2c34,tg,-36.0,-6.4737317678806034,-2.3992376779598032,-7.280219624534337,-5.384396356791581
*Oc1ccc(cc1)c1ccc(cc1)Oc1ccc(cc1)C(=O)c1c(c(c(c(c1c1ccccc1)c1cc2c(cc1)cccc2)c1cc2c(cc1)cccc2)c1ccccc1)C(=O)c1ccc(cc1)*,tg,290.0,290.44572779073985,273.46139275702416,283.4533165604704,282.45347903607814
*Oc1ccc(cc1)C(=O)c1cc(ccc1)C(=O)c1ccc(cc1)*,tg,139.0,146.56016159682179,149.61136137148242,140.57875315591468,145.58342537473962
*N1C(=O)c2c(C1=O)cc(cc2)Oc1cc2c(C(=O)N(C2=O)c2c(cc(c(c2C)C(=O)c2cc(ccc2)*)C)C)cc1,tg,287.0,287.87005931290196,277.46230143380814,286.24704245342303,283.85980106671104
*c1nc(nc(c1c1ccc(cc1)OC)OCCOC(=O)CCCC(=O)OCCO*)c1ccc(cc1)OC,tg,57.0,72.2061347413217,72.87658383152737,82.58502600614946,75.88924819299952
*c1cc2c(C(=O)N(C2=O)c2cc(cc(c2)C(F)(F)F)N2C(=O)c3c(C2=O)cc(c(c3)Cl)C(=O)*)cc1Cl,tg,305.0,313.83095533187264,311.75630740147636,317.84184983006213,314.47637085447036
*OC(=O)C(C*)(CC)CC,tg,60.0,5.663811489471246,17.921209469376777,-8.54731667267761,5.0125680953901375
*Oc1ccc(cc1)C(c1ccc(cc1)OC(=O)*)C(Cl)Cl,tg,165.0,188.2773696557008,161.35303560184957,169.80930973513256,173.14657166422762
*N1C(=O)c2c(C1=O)cc(cc2)C(=O)c1cc2c(C(=O)N(C2=O)CCCCCC(=O)Nc2cc(ccc2)Oc2ccc(cc2)NC(=O)CCCCC*)cc1,tg,170.0,180.14153042276703,166.30522786931667,173.53506587007936,173.32727472072102
*c1sc(nn1)c1ccc(cc1)OC(=O)CCCCCCCCC(=O)Oc1ccc(cc1)C=C*,tg,30.0,77.9554369554039,74.93748974816504,95.26290523216967,82.7186106452462
*c1c2C(=O)N(C(=O)c2c(c2ccccc12)c1ccc(cc1)Oc1ccc(cc1)C(=O)c1ccc(cc1)Oc1ccc(cc1)*)c1cc(ccc1)C(F)(F)F,tg,252.0,261.78962150485034,261.68509493066813,265.4423996461087,262.9723720272091
*C1(C(=O)OC(=O)C(C1)(C*)C)C,tg,144.0,140.57616363284376,154.41768762776226,146.00644418712608,147.00009848257736
*c1nc(nc(n1)c1ccc(cc1)Oc1ccc(cc1)Oc1ccc(cc1)*)c1ccccc1,tg,244.0,234.74476635723875,232.2570754899096,232.54349553589034,233.18177912767956
*OC(=O)Nc1c(ccc(c1)NC(=O)OCCN(CC*)c1ccc(cc1)N=Nc1c(cc(c(c1)OC)N=Nc1ccc(cc1)[N+](=O)[O-])OC)C,tg,150.0,125.46233818738125,133.412742891078,136.8438795339881,131.90632020414913
*O[Si](CCCC(=O)Oc1ccc(cc1)C=Nc1ccc(cc1)Cc1ccc(cc1)N=Cc1ccc(cc1)OC(=O)CCC[Si](*)(C)C)(C)C,tg,68.0,53.9575609377749,51.69687455482362,59.036740121541946,54.89705853804682
*NC(=O)c1ccc(cc1)C(=O)NCC(CC(CC*)CC)C,tg,139.0,145.57562715062434,137.6775105506446,154.06569557358404,145.772944424951
*Oc1c(cc(cc1OC)C=C1C(=O)C(=Cc2cc(c(c(c2)OC)OCCCCCCCC*)OC)CCC1)OC,tg,62.0,65.67177183088411,67.25699013141555,54.89942336412008,62.60939510880658
*Oc1ccc(cc1)NC(=O)c1ccc(cc1)C(=O)Nc1ccc(cc1)Oc1ccc(cc1)C1(C2CCC(C1)C2)c1ccc(cc1)*,tg,281.0,270.0456686683548,272.12200798398726,272.328525468239,271.4987340401937
*N1C(=O)c2c(C1=O)cc(cc2)C(=O)c1cc2c(C(=O)N(C2=O)CCCCCC(=O)Nc2ccc(cc2)Cc2ccc(cc2)NC(=O)CCCCC*)cc1,tg,187.0,184.86912136848997,167.3285584403974,181.26630361913848,177.82132780934194
*N(CC*)C(=O)c1ccccc1,tg,108.5,100.9606693647868,94.75462507555494,98.79914443858722,98.17147962630965
*C(C*)(C(=O)Oc1ccc(cc1)c1oc(nn1)c1ccc(cc1)C(C)(C)C)C,tg,156.0,160.40041620147346,184.00181895174057,165.053328719275,169.8185212908297
*NC(=O)c1c(cc(cc1)C(=O)NCCCCCC*)Oc1ccc(cc1)Br,tg,116.0,109.53963747413873,108.40594912035424,118.69424046127436,112.21327568525578
*c1cc2c(C(=O)N(C2=O)c2c(cc(cc2C)Cc2cc(c(c(c2)C)N2C(=O)c3c(C2=O)cc(cc3)C(=O)OCCN(CCOC(=O)*)c2ccc(cc2)N=Nc2c(cc(cc2)[N+](=O)[O-])[N+](=O)[O-])C)C)cc1,tg,176.0,206.39182742514126,206.0804915561843,200.26851091438593,204.2469432985705
*Oc1ccc(cc1)C(c1ccc(cc1)OC(=O)*)C1C2C3C(C(C1)C2)C1CCC3C1,tg,253.0,226.94339640479805,219.71069413708705,234.77122016555683,227.14177023581396
*Oc1cc2c(cc1)ccc(c2)Oc1ccc(cc1)C(=O)Nc1ccc(cc1)Oc1ccc(cc1)C(c1ccc(cc1)Oc1ccc(cc1)NC(=O)c1ccc(cc1)*)(C(F)(F)F)C(F)(F)F,tg,163.0,191.256484646201,202.31282546141534,176.16937326368807,189.9128944571015
*C(C*)(C(=O)OCCCCCCOc1ccc(cc1)C(=O)Oc1ccc(cc1)OC)C,tg,40.8,47.953491149478964,44.670461295875285,40.985177103954186,44.53637651643614
*c1nc(nc(n1)N(CCCCCCCCCCN(*)c1ccccc1)c1ccccc1)c1ccccc1,tg,62.0,61.052745020605265,67.36445006583939,85.72534793910509,71.38084767518325
*Oc1cc(ccc1)NC(=O)c1cc(ccc1)C(=O)Nc1cc(ccc1)OCCCCC*,tg,131.5,128.3017865204351,132.45732794731282,123.25263648310006,128.003916983616
*c1cc2c(C(=O)N(C2=O)c2ccc(cc2)Sc2ccc(cc2)Oc2ccc(cc2)Sc2ccc(cc2)N2C(=O)c3c(C2=O)cc(cc3)C(=O)Nc2ccc(cc2)Oc2cc(ccc2)Oc2ccc(cc2)NC(=O)*)cc1,tg,179.0,234.8126867270901,225.6442661686917,222.36948115004444,227.60881134860873
*C(C*)c1c(cccc1)C(=O)OCCCCCC,tg,45.0,54.053638328937566,49.45568404545078,53.17068503363312,52.22666913600716
*c1c(c2c(C(=O)N(C2=O)c2cc(ccc2)N2C(=O)c3c(C2=O)c(c(c(c3c2ccccc2)c2ccccc2)c2ccc(cc2)Oc2ccc(cc2)*)c2ccccc2)c(c1c1ccccc1)c1ccccc1)c1ccccc1,tg,357.0,323.122216316879,321.6390392975295,318.5857011568869,321.1156522570985
*C1(OC(CO1)c1ccccc1)C*,tg,75.0,130.0236385272403,123.04489549922519,138.7765818454218,130.61503862396242
*C(C*)c1ncccc1,tg,98.28,110.5248755880929,95.77028758048914,102.11516849581967,102.80344388813391
*NC(C(=O)*)CCC(=O)OCCCC,tg,-39.33,-27.406730486462102,-27.392780787208153,-16.23375937228958,-23.67775688198661
*Oc1ccc(cc1)C(=O)c1cc(ccc1)NC(=O)c1cc(ccc1)C(=O)Nc1ccc(cc1)C(=O)c1ccc(cc1)*,tg,204.0,186.18779885075105,193.19087200289292,163.26497867195624,180.88121650853338
*c1oc(nn1)c1c(cc(cc1)*)OCC,tg,231.0,171.22702581252491,194.1075564456218,179.99718506527896,181.7772557744752
*N1C(=O)c2c(C1=O)cc(cc2)c1cc2c(C(=O)N(C2=O)c2cc(c(cc2)Oc2c(cc(cc2C(C)(C)C)c2ccc(cc2)*)C(C)(C)C)C(F)(F)F)cc1,tg,389.0,357.50086545111117,370.2993612620277,360.13374051731455,362.64465574348446
*OC(=O)Nc1ccc(cc1)Cc1ccc(cc1)NC(=O)OCCCCCC*,tg,71.0,87.22122632002213,80.39935411336853,75.68275016237716,81.10111019858927
*Oc1ccc(cc1)C(c1cc(ccc1)C(c1ccc(cc1)Oc1ccc(cc1)C(=O)Nc1ccc(cc1)NC(=O)c1ccc(cc1)*)(C)C)(C)C,tg,154.0,187.561310205326,185.9984441931936,179.76148541532746,184.44041327128238
*c1ccc2c3n(c4ccc(cc4n3)Oc3cc4n5c(nc4cc3)c3cccc4c(ccc(c5=O)c34)Oc3cc(ccc3)O*)c(=O)c3cccc1c23,tg,369.5,346.5649952530733,354.87254766365936,333.87558333530245,345.104375417345
*c1nc2c([nH]1)ccc(c2)*,tg,398.0,215.83174455089153,219.724379692461,175.88653919384546,203.81422114573266
*OC(=O)c1ccc(cc1)c1ccc(cc1)c1ccc(cc1)C(=O)OCCCCCCCCCC*,tg,50.0,49.32381768837986,48.73002076071705,53.52384070629478,50.52589305179723
*OC(=O)NCCCCCCNC(=O)OCC*,tg,56.0,25.461237219802182,26.685305507878667,26.992305772583904,26.379616166754918
*N1C(=O)c2c(C1=O)cc(c(c2)c1ccc(cc1)C(C)(C)C)c1cc2c(C(=O)N(C2=O)c2ccc(cc2)Cc2ccc(cc2)*)cc1c1ccc(cc1)C(C)(C)C,tg,360.0,361.4959020353289,363.6401518697098,370.5123208746777,365.21612492657215
*N1C(=O)c2c(C1=O)cc(cc2)C(=O)c1cc2c(C(=O)N(C2=O)CC(=O)Nc2ccc(cc2)Oc2ccc(cc2)NC(=O)C*)cc1,tg,235.0,235.45640700817899,231.77027559402316,237.73095321906055,234.98587860708756
*C(C*)P(=O)(N(C)C)N(C)C,tg,25.0,67.73888374502937,67.63031140247737,46.4288092989074,60.59933481547137
*Oc1c(cc(cc1C)*)C,tg,204.61,185.1013461613408,168.20928109239136,147.3725789707916,166.89440207484125
*c1nc2c(nc1c1ccc(cc1)Oc1ccc(cc1)Oc1ccc(cc1)P(=O)(c1ccc(cc1)Oc1ccc(cc1)Oc1ccc(cc1)*)c1ccccc1)cccc2,tg,209.0,219.4472366391982,233.41171022905036,194.3386236920285,215.73252352009237
*c1cc2c(C(=O)N(C2=O)c2ccc(cc2)c2c(cc(cc2c2ccc(cc2)c2ccccc2)c2ccc(cc2)OCCCCCCOc2ccc(cc2)c2cc(c(c(c2)c2ccc(cc2)c2ccccc2)c2ccc(cc2)N2C(=O)c3c(C2=O)cc(cc3)C(=O)*)c2ccc(cc2)c2ccccc2)c2ccc(cc2)c2ccccc2)cc1,tg,111.5,193.33344240853864,197.0417558106729,192.98407491395113,194.45309104438755
*C(C*)(C(=O)OCCCCCCCCCCCCCCCCCC)C,tg,-103.33,-18.894343869632998,-12.951553339186006,-24.60090533252945,-18.81560084711615
*c1ccc2c(nc([nH]2)c2cc(cc(c2)N2C(=O)c3c(C2=O)cccc3)c2nc3c([nH]2)ccc(c3)C(=O)Nc2cc(cc(c2)c2nc3c([nH]2)cccc3)NC(=O)*)c1,tg,334.0,330.1443450916935,323.02521560012434,338.9577884172692,330.7091163696957
*N1C(=O)c2c(C1=O)cc(cc2)C(c1cc2c(C(=O)N(C2=O)CC(=O)Nc2ccc(cc2)Oc2ccc(cc2)S(=O)(=O)c2ccc(cc2)Oc2ccc(cc2)NC(=O)C*)cc1)(C(F)(F)F)C(F)(F)F,tg,241.0,241.1342240263858,235.45153324276342,236.60655159089546,237.7307696200149
*c1nc2c(nc1)cc(cc2)c1cc2c(nc(cn2)c2ccc(cc2)Oc2ccc(cc2)*)cc1,tg,334.0,319.77149930623887,323.8902185623706,327.11966233101384,323.5937933998744
*NC(=S)NCCCCC*,tg,55.0,50.67177499072268,53.15230336423984,67.30241181956531,57.04216339150927
*Oc1cc(ccc1)NC(=O)c1cc(cc(c1)NC(=O)c1ccc(cc1)OC(=O)C)C(=O)Nc1ccc(cc1)*,tg,251.0,242.12797594024144,253.14023679605913,259.91626120144423,251.72815797924827
*C(C*)C(=O)OCCCCCCOC(=O)c1ccc(cc1)OC(=O)c1ccc(cc1)C#N,tg,30.0,27.365524223493377,26.895670719192225,21.400177924937545,25.22045762254105
*Oc1ccc(cc1)Oc1ccc(cc1)NC(=O)c1c(cc(cc1)c1cc(c(cc1)C(=O)Nc1ccc(cc1)*)C)C,tg,219.0,227.38657222577595,230.89459991591036,227.7575004289261,228.67955752353745
*Oc1ccc(cc1)C(=O)c1cc(ccc1)NC(=O)c1ccc(cc1)C(=O)Nc1cc(ccc1)C(=O)c1ccc(cc1)*,tg,189.0,217.26197807583196,212.91111847147542,225.15739693263495,218.44349782664744
*OP(=O)(Oc1ccc(cc1)S(=O)(=O)c1ccc(cc1)*)Oc1ccccc1,tg,100.5,94.0319281804349,97.82423604682693,94.42685699311365,95.42767374012516
*Nc1ccc(cc1)Cc1ccc(cc1)NC(=O)/C=C/c1ccc(cc1)/C=C/C(=O)*,tg,230.0,211.52428410887876,224.73486184398143,230.32557842951178,222.19490812745732
*Oc1ccc(cc1)OC(=O)c1c(cc(cc1)C(=O)*)Oc1ccc(cc1)C1CCCCC1,tg,113.0,153.70474892735953,153.63989340678532,162.0150930740329,156.45324513605925
*C(C*)C(=O)Oc1ccc(cc1)C(=O)O,tg,113.33,89.31918862963327,98.18599234869626,89.87150723984094,92.45889607272348
*c1cc2c(C(=O)N(C2=O)c2cc(ccc2)C(=O)NCCN(CCNC(=O)*)c2ccc(cc2)C=Cc2ccc(cc2)[N+](=O)[O-])cc1,tg,178.0,193.28026057653352,191.81416453699617,197.25390661318397,194.11611057557124
*OP(=O)(Oc1ccc(cc1)NC(=O)Oc1ccc(cc1)c1ccc(cc1)OC(=O)Nc1ccc(cc1)*)c1ccccc1,tg,34.0,170.94413831020583,160.32737058519263,158.72633594427285,163.3326149465571
*Oc1cc(ccc1)NC(=O)C(=O)Nc1cc(ccc1)OCC(COc1ccc(cc1)C(c1ccc(cc1)OCC(C*)O)(C)C)O,tg,119.0,121.62324219805357,54.673699452331846,117.91768880741238,98.0715434859326
*Sc1cc(ccc1)Sc1ccc(cc1)Sc1ccc(cc1)*,tg,75.0,69.64544889662454,73.46121013941749,78.94721333784459,74.01795745796221
*O[Si](*)(CCCCCCCCCCCOc1ccc(cc1)/C=C/c1ccc(cc1)OC)C,tg,55.0,13.832932996419046,14.398103541929402,15.672130047384726,14.634388861911058
*SSCc1ccc(cc1)C*,tg,23.0,34.935703872481696,31.720311025429012,43.65807614224744,36.771363680052715
*N1C(=O)c2c(C1=O)c(ccc2)Oc1c(cc(cc1C)Cc1cc(c(c(c1)C)Oc1c2c(C(=O)N(C2=O)c2ccc(cc2)Oc2ccc(cc2)c2ccc(cc2)Oc2ccc(cc2)*)ccc1)C)C,tg,259.0,257.6502928285326,251.55360562691558,254.40125552640419,254.53505132728412
*ON(C(C(*)(F)F)(F)F)C(C(Br)(F)F)(F)F,tg,-17.0,-38.08672178610128,-26.164980640557985,-61.61622825048996,-41.95597689238307
*C1C(=O)OC(=O)C1C(C*)OC,tg,170.2,146.15992187015223,146.94673352241563,123.21115933210928,138.7726049082257
*C(C*)(C(=O)OCc1cc2c(OCCOCCOCCOCCO2)cc1)C,tg,38.0,46.76924679816527,54.251468378385894,50.227463271423915,50.41605948265836
*OC(COC(=O)Nc1ccc(cc1)Cc1ccc(cc1)NC(=O)*)c1occc1,tg,40.0,85.72991947497148,82.15127415830091,124.47979424464441,97.45366262597229
*c1cc2c(C(=O)N(C2=O)c2cc(ccc2)NC(=O)C(C(C(C(C(C(C(=O)Nc2cc(ccc2)N2C(=O)c3c(C2=O)cc(cc3)C(*)(C(F)(F)F)C(F)(F)F)(F)F)(F)F)(F)F)(F)F)(F)F)(F)F)cc1,tg,218.0,260.54193947784444,253.2814607159337,251.65576982745756,255.1597233404119
*OC(=O)Nc1ccc(cc1)Cc1ccc(cc1)NC(=O)OCCN(CC*)c1ccc(cc1)N=Nc1ccc(cc1)[N+](=O)[O-],tg,136.4,130.7771513905972,137.57764481868477,134.15122985695703,134.168675355413
*C(C*)(C(=O)Oc1ccc(cc1)C(=O)C=Cc1ccc(cc1)OCc1ccccc1)C,tg,152.0,89.68750180450256,101.37425128209068,93.44160873743778,94.83445394134367
*c1cc2c(C(=O)N(C2=O)c2ccc(cc2)Oc2ccc(cc2)C(c2ccc(cc2)Oc2ccc(cc2)N2C(=O)c3c(C2=O)cc(cc3)C(=O)*)(C)C)cc1,tg,287.73,245.4240289695637,235.20808120345112,241.33070439045244,240.65427152115572
*c1cc2c(C(=O)N(C2=O)c2ccc(cc2)Oc2ccc(cc2)NC(=O)*)cc1,tg,290.17,283.69693537794353,269.2656089947797,279.9230564975969,277.62853362344003
*N1C(=O)c2c(C1=O)cc(cc2)c1cc2c(C(=O)N(C2=O)c2ccc(cc2)OC(=O)CCCCCCCCCCCCCCCCCCCCC(=O)Oc2ccc(cc2)*)cc1,tg,135.0,140.55251587725135,119.20010987503134,147.06323621696754,135.60528732308342
*OC(=O)C(NC(=O)CCCCCCCCC(=O)NC(C(=O)OCC=CC*)Cc1ccccc1)Cc1ccccc1,tg,46.0,47.74711278639006,54.51593329080097,50.391346131240404,50.88479740281048
*N1C(=O)c2c(C1=O)c(ccc2)Oc1ccc(cc1)Sc1ccc(cc1)Oc1c2c(C(=O)N(C2=O)c2ccc(cc2)Oc2cc(ccc2)Oc2ccc(cc2)*)ccc1,tg,202.0,203.21976039283547,199.09309866772077,207.63583228733802,203.3162304492981
*c1cc2c(C(=O)N(C2=O)c2c(ccc(c2)N2C(=O)c3c(C2=O)cc(cc3)C(=O)Nc2ccc(cc2)Oc2c(cccc2)c2c(cccc2)Oc2ccc(cc2)NC(=O)*)C)cc1,tg,266.0,268.96335499674797,271.583979746831,268.8791668671286,269.8088338702359
*c1cc2c(C(=O)N(C2=O)c2ccc(cc2)C(=O)Nc2ccc(cc2)C(c2ccc(cc2)NC(=O)c2ccc(cc2)N2C(=O)c3c(C2=O)cc(cc3)C(*)(C(F)(F)F)C(F)(F)F)(C(F)(F)F)C(F)(F)F)cc1,tg,351.0,297.3546864299451,314.24621217257817,301.8382565377622,304.47971838009516
*Oc1c(cc(cc1C(C)C)C(=O)c1cc(ccc1)C(=O)c1ccc(cc1)*)C(C)C,tg,132.0,171.3505662968047,161.77796869557565,174.93152919256667,169.35335472831568
*C1C(=O)N(C(=O)C1C(C*)c1ccccc1)c1ccc(cc1)NC(=O)OCC1N(CCC1)c1ccc(cc1)[N+](=O)[O-],tg,208.0,198.74431670864962,188.32223064615323,227.15359151910184,204.74004629130158
*c1cc2c(C(=O)N(C2=O)c2ccc(cc2)N2C(=O)c3c(C2=O)cc(cc3)c2c(c(c(c(c2c2ccccc2)c2ccccc2)c2ccc(cc2)Oc2ccc(cc2)c2c(c(c(c(c2c2ccccc2)c2ccccc2)*)c2ccccc2)c2ccccc2)c2ccccc2)c2ccccc2)cc1,tg,353.0,350.7742564259732,355.5981211258029,340.6820770777295,349.01815154316847
*Oc1c(cc(cc1Br)*)Br,tg,196.0,177.26965129998428,171.51721480986137,156.84762794808944,168.54483135264502
*SC(=O)N(CCC*)Cc1ccccc1,tg,27.0,73.82583956244838,49.04774540415424,71.3540433121187,64.74254275957378
*[Si](CC(C*)Cc1ccc(cc1)c1ccccc1)(C)C,tg,28.0,35.641592938946474,38.18242307363478,35.369791492287575,36.39793583495628
*Oc1c(cc(cc1C)C(c1cc(c(c(c1)C)OC(=O)*)C)(C)C)C,tg,193.62,159.2391446283356,160.85164778811728,167.0109459483225,162.3672461215918
*N1C(=O)c2c(C1=O)cc(cc2)Oc1c2c(ccc1)c(ccc2)Oc1cc2c(C(=O)N(C2=O)c2cc(ccc2)*)cc1,tg,260.0,265.1729474900708,253.7874612625465,268.01735957350934,262.32592277537555
*N1C(=O)c2c(C1=O)cc(cc2)c1cc2c(C(=O)N(C2=O)c2cc3S(=O)(=O)c4c(c3cc2C)cc(c(c4)*)C)cc1,tg,490.0,358.8091350663625,339.70693150796933,369.2522598469944,355.9227754737754
*c1n(c(cc1)Oc1ccc(cc1)C(c1ccc(cc1)OC*)(C)C)c1ccc(cc1)[N+](=O)[O-],tg,76.75,137.37270623242583,157.98337946356313,146.5881188967002,147.31473486422973
*c1c2C(=O)N(C(=O)c2c(c2ccccc12)c1ccc(cc1)Oc1ccc(cc1)S(=O)(=O)c1ccc(cc1)Oc1ccc(cc1)*)c1ccccc1,tg,305.0,292.4583391343275,288.77476827001493,291.7811191744325,291.004742192925
*C1OC(C(C(C1OCC)OCC)O*)COCC,tg,119.5,109.18951858762462,63.651947434500656,87.26211644944817,86.70119415719114
*C(C*)(C(=O)OCCN(C)C)C,tg,24.75,48.438208761383244,40.49403286847152,56.47604881292469,48.46943014759315
*C(C*)C(=O)OCCCOc1ccc(cc1)C(=O)OCCCC(C(C(C(C(C(C(C(F)(F)F)(F)F)(F)F)(F)F)(F)F)(F)F)(F)F)(F)F,tg,48.0,26.214910162875942,29.15358115824472,32.39139846204411,29.253296594388257
*c1cc2c(C(=O)N(C2=O)c2cc(c(cc2)c2c(cc(cc2)N2C(=O)c3c(C2=O)cc(cc3)C(=O)Oc2ccc(cc2)C2(C3CC4CC(CC2C4)C3)c2ccc(cc2)OC(=O)*)C)C)cc1,tg,222.0,233.7601898408148,251.68722930057714,255.78660218412625,247.07800710850606
*[Si](C*)(CCCn1c2ccccc2c2ccccc12)C,tg,71.2,53.120445108003445,68.56681360985047,33.18624512881116,51.62450128222169
*c1cc2c(C(=O)N(C2=O)c2c(ccc(c2)N2C(=O)c3c(C2=O)cc(cc3)C(=O)Nc2c(cc(cc2)Cc2cc(c(cc2)NC(=O)*)C)C)N=Nc2ccc(cc2)C)cc1,tg,257.0,273.06275779018966,289.4902252843609,276.6554138924696,279.7361323223401
*c1cc2c(C(=O)N(C2=O)c2ccc(cc2)Oc2ccc(cc2)N2C(=O)c3c(C2=O)cc(cc3)C(CCCCCCCCC(*)(C)C)(C)C)cc1,tg,123.65,167.98889317854287,169.1976161299652,174.66616638296497,170.61755856382436
*S(=O)(=O)NCCCCCCNS(=O)(=O)c1cc(ccc1)*,tg,67.0,79.20341311472237,85.28217506746913,68.5115641955646,77.66571745925204
*Oc1ccc(cc1)S(=O)(=O)c1ccc(cc1)OC(=O)c1ccc(cc1)[Si](c1ccc(cc1)C(=O)*)(C)C,tg,235.0,198.3281744447208,201.47504795624715,198.3823981491885,199.39520685005212
*N1C(=O)c2c(C1=O)cc(cc2)[Si](O[Si](O[Si](c1cc2c(C(=O)N(C2=O)c2cc(ccc2)Cc2cc(ccc2)*)cc1)(C)C)(C)C)(C)C,tg,208.0,191.48517968142536,203.16406928367826,204.27938276356568,199.64287724288977
*c1cc2c(C(=O)N(C2=O)c2ccc(cc2)Oc2c(c(ccc2)Oc2ccc(cc2)N2C(=O)c3c(C2=O)cc(cc3)C(=O)Nc2cc(ccc2)Oc2c(c(ccc2)Oc2cc(ccc2)Oc2c(c(ccc2)Oc2cc(ccc2)NC(=O)*)C#N)C#N)C#N)cc1,tg,199.0,218.90219586822388,227.69079498688566,223.50986692104811,223.3676192587192
*c1cc2c(C(=O)N(C2=O)c2c(ccc(c2)N2C(=O)c3c(C2=O)cc(cc3)C(=O)*)CP(=O)(OCCCl)OCCCl)cc1,tg,261.0,192.45047834619098,165.9425512030972,193.91933717056935,184.1041222399525
*Oc1ccc(cc1)C1(c2cc(ccc2c2ccc(cc12)[N+](=O)[O-])OC)c1ccc(cc1)OC(=O)CCCC(=O)*,tg,197.0,223.87362701196966,184.2288849164933,214.0064124952385,207.36964147456715
*Oc1ccc(cc1)C(=O)N(C(=O)c1ccc(cc1)OCCCCCC*)c1c2c(ccc1)cccc2,tg,56.0,114.18470317041054,118.26702259149177,111.33405016768013,114.59525864319414
*N1C(=O)c2c(C1=O)cc(cc2)c1cc2c(C(=O)N(C2=O)c2ccc(cc2)Oc2ccc(cc2)*)cc1,tg,281.03,298.33218390994864,292.01072275781416,296.6205618469825,295.6544895049151
*c1ccc2n(c3c(c2c1)cc(cc3)C=C(C(=O)OCCCCCCOC(=O)C(=C*)C#N)C#N)CCCCCCCCCCCOc1ccc(cc1)C=Cc1ccc(cc1)[N+](=O)[O-],tg,87.0,82.67665622180424,88.402391492925,76.66131385493168,82.58012052322032
*OC(=O)CCCC(=O)OCCCC*,tg,-36.5,-41.85370448732737,-45.978445079230085,-38.03880716551345,-41.95698557735697
*Oc1ccc(cc1)OC(=O)c1c(cc(cc1)C(=O)*)Oc1ccc(cc1)C(c1ccccc1)(C)C,tg,93.0,135.15507409215016,123.32488333357003,134.24591291097457,130.9086234455649
*Oc1ccc(cc1)NC(=O)c1cc(cc(c1)NC(=O)CCCN1C(=O)c2c(C1=O)cccc2)C(=O)Nc1ccc(cc1)*,tg,225.0,236.9802323314236,227.89116105295682,241.17452041027894,235.3486379315531
*c1nc(ccc1)Oc1cc(ccc1)O*,tg,82.0,88.14731205202483,92.68064150068201,85.3667822544514,88.73157860238608
*C(C*)OC(=O)C(C(C)C)(C(C)C)C,tg,120.0,89.24480285331794,73.32882465718095,81.50328920444768,81.35897223831552
*C(C*)c1ccc(cc1)c1cc2C(c3c(c2cc1)cccc3)(CCCCCC)CCCCCC,tg,76.55,53.17543941079268,67.5706435497052,72.10614932718686,64.28407742922825
*c1sc(cc1)Oc1ccc(cc1)C(c1ccc(cc1)Oc1sc(cc1)C(=O)c1ccc(cc1)C(=O)*)(C)C,tg,154.0,150.30791640697583,131.3436896490682,187.34089706844742,156.3308343748305
*N1C(=O)C(CC1=O)(SCCOCCSC1(C(=O)N(C(=O)C1)c1ccc(cc1)S(=O)(=O)c1ccc(cc1)N1C(=O)C(C(C1=O)C)SCCOCCSC1C(=O)N(C(=O)C1C)c1ccc(cc1)S(=O)(=O)c1ccc(cc1)*)C)C,tg,157.0,138.70608205690274,129.65855698485,143.71669040232868,137.36044314802714
*OC(=O)c1ccc(cc1)C(=O)OCCOC(=O)CCCCCCCCC(=O)OCC*,tg,-6.75,-4.372825395750081,-3.484258358937751,1.6731570304009216,-2.061308908095637
*c1nc2c(nc1c1ccccc1)cc(cc2)c1cc2c(nc(c(n2)c2ccccc2)c2ccc(cc2)OCCCCOc2ccc(cc2)*)cc1,tg,219.0,164.43627687329402,183.83209432591275,150.74680011557047,166.33839043825907
*N1C(=O)c2c(C1=O)cc(cc2)C(=O)c1cc2c(C(=O)N(C2=O)CCC(=O)Nc2cc(ccc2)Oc2ccc(cc2)NC(=O)CC*)cc1,tg,224.0,200.31300421016618,201.4553862477625,197.14868209685594,199.63902418492822
*Nc1ccc(cc1)NC(=O)c1c(cc(cc1)C(=O)c1cc(c(cc1)C(=O)*)C(=O)OCC)C(=O)OCC,tg,275.0,225.59046089077626,209.7420658186542,211.02116268380897,215.45122979774646
*N1C(=O)c2c(C1=O)cc(cc2)c1cc2c(C(=O)N(C2=O)c2ccc(cc2)Oc2ccc(cc2)Oc2ccc(cc2)Oc2ccc(cc2)*)cc1,tg,228.51,238.69519338013762,237.01862055956542,245.3887157471487,240.36750989561725
*O[Si](Oc1ccc(cc1)*)(c1ccccc1)C,tg,95.0,37.662009680455846,51.215914325896875,46.68936109296014,45.18909503310429
*c1oc(nn1)c1ccc(cc1)C(=O)OCCCCCCCCOc1ccc(cc1)C=C1C(=O)C(=Cc2ccc(cc2)OCCCCCCCCOC(=O)c2ccc(cc2)*)CC1,tg,99.0,60.207682090008724,64.74693896517898,59.07297222770613,61.342531094297954
*N1C(=O)c2c(C1=O)cc(cc2)Oc1ccc(cc1)S(=O)(=O)c1ccc(cc1)Oc1cc2c(C(=O)N(C2=O)c2ccc(cc2)Oc2cc(ccc2)Oc2ccc(cc2)*)cc1,tg,219.0,221.1467993213455,221.75175645251358,225.1422821353077,222.6802793030556
*C(C(CCC*)Cl)Cl,tg,-55.0,32.782011130659015,24.133870690922024,30.03289028489809,28.982924035493042
*C(C(CCCCC*)Cl)Cl,tg,-17.0,-21.63229299746758,-21.04324436083752,-23.15677945431683,-21.94410560420731
*c1cc2c(C(=O)N(C2=O)c2c(c(cc(c2)C(F)(F)F)N2C(=O)c3c(C2=O)cc(cc3)C(=O)Nc2c(c(cc(c2)C(F)(F)F)NC(=O)*)Oc2ccc(cc2)C(F)(F)F)Oc2ccc(cc2)C(F)(F)F)cc1,tg,315.0,277.74266444426166,280.7308459399236,292.0150904839061,283.4962002893638
*N1C(=S)N(C(=O)CC1=O)c1ccc(cc1)Oc1ccc(cc1)Oc1ccc(cc1)*,tg,141.0,146.24292278443173,159.7433454555524,125.3914387981817,143.79256901272194
*C1C(CC(C1)C=C*)C(=O)OCCNC(C)(C)C,tg,29.0,70.2313845729808,76.15572798567491,46.64283221333195,64.34331492399589
*c1cc2c(C(=O)N(C2=O)c2cc(c(cc2)Oc2c(cc(cc2C(C)(C)C)c2ccc(cc2)N2C(=O)c3c(C2=O)cc(cc3)C(=O)*)C(C)(C)C)C(F)(F)F)cc1,tg,362.0,341.9455484599059,339.1941328476853,329.58525695787495,336.90831275515535
*C(C*)(CC(=O)OC(C)C)C(=O)OC12CC3CC(CC(C1)C3)C2,tg,180.0,151.76841531820386,160.6852587905773,138.2418182437416,150.23183078417426
*Oc1ccc(cc1)OC(=O)c1c(cc(cc1)C(=O)Oc1ccc(cc1)OCCCC*)C(=O)OCC=C,tg,56.0,87.61748132683907,76.2282787453897,88.3712236625647,84.07232791159782
*OC(=O)c1c(ccc(c1)C(=O)OCC(C(C(C*)(F)F)(F)F)(F)F)OCCCCC,tg,9.0,15.916230026688808,13.603350650239648,17.92783445871859,15.815805045215683
*N1C(=O)c2c(C1=O)c(ccc2)c1cc2c(C(=O)N(C2=O)c2cc(c(cc2)c2c(cc(cc2)*)C(F)(F)F)C(F)(F)F)cc1,tg,346.0,345.4813183913459,332.6006417654379,354.4417233408015,344.1745611658618
*OC(=O)NCCCCCCNC(=O)OCCN(CC*)CCCCCCOc1ccc(cc1)C=Cc1ccc(cc1)[N+](=O)[O-],tg,29.05,40.539744444466436,49.6208003882699,44.242115509000215,44.80088678057885
*Nc1c(cc(cc1)NC(=O)c1ccc(cc1)NC(=O)CCCCCCCCC(=O)Nc1ccc(cc1)C(=O)*)C(=O)OCCCCCCCCCCCCCCCCCC,tg,280.0,218.55814555420935,217.6185382545002,221.67097549178496,219.28255310016482
*NC(=O)CCCCCCCCCCC(=O)NCc1ccc(cc1)C*,tg,105.0,95.26175116049102,91.50243694008887,105.05646242905428,97.2735501765447
*N1C(=O)c2c(C1=O)cc(cc2)Oc1ccc(cc1)S(=O)(=O)c1ccc(cc1)Oc1cc2c(C(=O)N(C2=O)c2cc(ccc2)*)cc1,tg,265.0,238.02747920773334,240.13504156855686,235.03628154993447,237.73293410874157
*Oc1ccc(cc1)S(=O)(=O)c1ccc(cc1)OC(=O)c1cc(cc(c1)CCCCC)C(=O)*,tg,170.0,149.71888739105995,163.20840455292478,178.03759326231383,163.65496173543286
*c1cc2c(C(=O)N(C2=O)c2ccc(cc2)C(=O)Nc2ccc(cc2)Oc2cc(ccc2)Oc2ccc(cc2)NC(=O)c2ccc(cc2)N2C(=O)c3c(C2=O)cc(cc3)C(*)(C(F)(F)F)C(F)(F)F)cc1,tg,286.0,260.81509878778303,270.1358809496922,248.4183764924761,259.7897854099838
*C(*)C(=O)OCC,tg,12.35,40.24870918220177,64.39101622587444,60.097918386969255,54.91254793168182
*c1ccc(cc1)C(*)C,tg,79.43,120.9416076631267,119.85255394217731,104.83433474447192,115.20949878325864
*Oc1c(cc(cc1)Oc1c(cc(cc1)C(=O)c1cc(c(cc1)*)S(=O)(=O)O)S(=O)(=O)O)S(=O)(=O)O,tg,248.0,210.57578428162645,205.7498904709454,167.42537526268677,194.58368333841955
*OC(=O)c1cc(ccc1)C(=O)OCCCCC*,tg,7.0,16.47149386941559,10.195717392056508,14.604380703604422,13.757197321692173
*OC(COC(=O)c1c(c(c(cc1)c1c(cc(c(c1)CCCCCCCC)c1c(c(c(cc1)C(=O)*)F)F)CCCCCCCC)F)F)COc1ccc(cc1)N=Nc1ccc(cc1)C#N,tg,61.0,93.51109392889678,95.790087460949,62.81105851934737,84.03741330306438
*N1C(=O)CC(CC1=O)CCC*,tg,90.23,109.64851243171773,123.9945522114071,106.35194613486173,113.33167025932886
*c1[nH]c(nc1c1ccc(cc1)NC(=O)Nc1ccc(cc1)NC(=O)Nc1ccc(cc1)*)c1ccc(cc1)[N+](=O)[O-],tg,292.0,270.9924637654148,259.76922592996584,255.78085284134866,262.18084751224313
*C1(c2c(C(=O)N1C)cccc2)c1ccc(cc1)Oc1ccc(cc1)C(=O)c1ccc(cc1)Oc1ccc(cc1)*,tg,245.0,227.9292352279764,248.43711892744687,238.0544354822926,238.14026321257197
*C(C*)(C(=O)OCC1OC1)C,tg,62.81,107.010089157629,94.07513566937246,95.15177011546042,98.74566498082062
*c1cc2c(C(=O)N(C2=O)c2c(ccc(c2)C(c2cc(c(cc2)O)N2C(=O)c3c(C2=O)cc(cc3)C(*)(C(F)(F)F)C(F)(F)F)(C(F)(F)F)C(F)(F)F)O)cc1,tg,310.33,274.41740943932876,289.6260866708892,284.6961690619425,282.9132217240535
*C(C*)n1c2c(c3c1cc1ccccc1c3)cccc2,tg,253.0,253.51996872917962,259.9146581410193,268.8920776416215,260.77556817060685
*OC(C*)CSC(C)C,tg,-44.0,-53.17076247861659,-51.20032526709451,-51.23585006053617,-51.86897926874909
*Oc1ccc(cc1)C(=O)OCCCCCCOC(=O)c1ccc(cc1)*,tg,15.0,53.22608951179136,59.96253628008712,49.52610003276444,54.23824194154764
*NC(=O)c1c(cccc1)c1c(cccc1)C(=O)NCCCCCC*,tg,122.5,119.67515551756667,142.00471836097105,143.81426827122579,135.16471404992117
*c1cc2c(C(=O)N(C2=O)c2cc(cc(c2)OCCCC)N2C(=O)c3c(C2=O)cc(cc3)C(*)(C(F)(F)F)C(F)(F)F)cc1,tg,246.0,258.75507874665124,238.278211148175,250.80108588218675,249.27812525900433
*N1C(=O)c2c(C1=O)cc(cc2)Oc1cc2c(C(=O)N(C2=O)c2ccc(cc2)Oc2ccc(cc2)*)cc1,tg,266.3,252.12521342232571,254.7035855633079,253.4426852940615,253.42382809323172
*c1cc2c(C(=O)N(C2=O)c2ccc(cc2)C(=O)Nc2ccc(cc2)Oc2ccc(cc2)NC(=O)c2ccc(cc2)NC(=O)Nc2ccc(cc2)Cc2ccc(cc2)NC(=O)Nc2ccc(cc2)C(=O)Nc2ccc(cc2)Oc2ccc(cc2)NC(=O)c2ccc(cc2)N2C(=O)c3c(C2=O)cc(cc3)C(=O)*)cc1,tg,229.0,258.0294148459748,253.28991568596334,272.26230473058644,261.1938784208415
*C(C*)C(=O)OCCSCCCC#N,tg,-58.0,-45.2700622735633,-57.791120777455774,-44.7769437913637,-49.27937561412759
*c1cc2c(C(=O)N(C2=O)c2ccc(cc2)C=Cc2ccc(cc2)N2C(=O)c3c(C2=O)cc(cc3)C(=O)*)cc1,tg,303.0,294.1051478835541,298.63167097445535,303.9078702384342,298.8815630321479
*Oc1ccc(cc1)C1(c2ccccc2c2ccccc12)c1ccc(cc1)Oc1c(c(c(c(c1F)F)C(=O)c1c(c(c(c(c1F)F)*)F)F)F)F,tg,223.0,241.07892014267395,225.18702386952756,258.2162851967525,241.4940764029847
*C(*)(F)F,tg,57.21,63.34834842030865,55.35492503657768,57.25301491717301,58.652096124686445
*Oc1ccc(cc1)C(c1ccc(cc1)OC(=O)*)C1C2CCC(C1)C2,tg,207.0,213.6961163723158,219.24021661326256,219.49818188279264,217.47817162279034
*Oc1ccc(cc1)C(=O)c1cc(ccc1)C(=O)c1ccc(cc1)Oc1cc(ccc1)Cc1cc(ccc1)*,tg,114.0,119.83220008060583,127.83900484333189,124.31040314181901,123.99386935525224
*OC(CC(=O)*)CCCCCC,tg,-47.0,-41.65151032504424,-36.97462789979741,-36.240775139350376,-38.288971121397346
*c1cc2c(C(=O)N(C2=O)c2ccc(cc2)Oc2cc3c(cc2)ccc(c3)Oc2ccc(cc2)N2C(=O)c3c(C2=O)cc(cc3)C(=O)Nc2cc(ccc2)Oc2ccc(cc2)NC(=O)*)cc1,tg,263.0,250.2661428513381,255.9787922455061,242.00461776723887,249.416517621361
*c1cc2c(C(=O)N(C2=O)c2cc(ccc2)P(=O)(c2cc(ccc2)N2C(=O)c3c(C2=O)cc(cc3)C(=O)Nc2ccc(cc2)C(=O)c2ccc(cc2)NC(=O)*)c2ccccc2)cc1,tg,238.0,222.1242468910103,217.78743458027247,226.53557765267954,222.1490863746541
*C1C(=O)N(C(=O)C1CC*)CCC,tg,90.4,105.8874758769002,96.84202189377365,108.1333335779359,103.62094378286992
*Oc1ccc(cc1)C(=O)c1ccc(cc1)OC(=O)OC1C(C(C1(C)C)OC(=O)*)(C)C,tg,125.0,139.02273552412524,136.7214522486467,135.81932621471552,137.18783799582914
*[Si](CCC*)(c1c2c(ccc1)cccc2)C1CCCCC1,tg,47.5,57.35820400086421,55.1868424432795,50.49373061516562,54.346259019769775
*N=P(*)(OCCC)OCCC,tg,-100.0,-86.0051227428213,-78.51689342093047,-92.89064749242024,-85.80422121872401
*C1COC2C1OCC2OC(=O)c1cc(ccc1)OCCCCCCCCOc1cc(ccc1)C(=O)O*,tg,31.75,36.23693601141772,30.68530511018939,58.90299856734404,41.94174656298372
*OC(=O)NCC(C(C(C(CNC(=O)OCCCCCC*)(F)F)(F)F)(F)F)(F)F,tg,5.0,27.105356274294156,26.03681058977132,19.938285658129306,24.360150840731592
*OC(=O)c1ccc(cc1)c1ccc(cc1)C(=O)OCCCCCCCCCCCC*,tg,42.75,26.257937463824458,28.092620313442964,24.620396720129143,26.323651499132193
*N1C(=O)c2c(C1=O)cc(cc2)C(=O)Oc1ccc(cc1)c1ccc(cc1)OC(=O)c1cc2c(C(=O)N(C2=O)CCCCCC*)cc1,tg,133.0,118.3870178378727,130.12946315700347,119.83946250107245,122.78531449864954
*Nc1c(cc(cc1)NC(=O)c1ccc(cc1)NC(=O)CCCCCCCCC(=O)Nc1ccc(cc1)C(=O)*)C(=O)OCCCCCCCCCCCCCC,tg,225.0,244.50881776191287,247.8961043331741,242.71715869476526,245.0406935966174
*c1oc(nn1)c1ccc(cc1)NC(=O)CN1C(=O)c2c(C1=O)cc(cc2)C(c1cc2c(C(=O)N(C2=O)CC(=O)Nc2ccc(cc2)*)cc1)(C(F)(F)F)C(F)(F)F,tg,280.0,249.99395769295137,261.6009056843926,257.74871795190074,256.44786044308154
*C(C*)C(=O)OCCCCCCSCC#N,tg,-59.0,-69.67706115016044,-55.335080624617035,-70.9952837369893,-65.33580850392225
*C(C*)c1ccc(cc1)COCCO,tg,46.0,54.284487582023765,49.480344234796874,38.77051329661357,47.511781704478075
*C1C2C(C(C(C1*)C2)C(=O)OCCCc1ccccc1)C(=O)OCCCc1ccccc1,tg,200.0,145.13458810314938,166.04196541327758,162.7790319324637,157.98519514963024
*Oc1ccc(cc1)C(c1ccc(cc1)Oc1c(c(c(c(c1F)F)C(=O)c1c(c(c(c(c1F)F)*)F)F)F)F)(C(F)(F)F)C(F)(F)F,tg,148.69,151.1601698472776,168.43084062783174,146.8157749465299,155.46892847387974
*c1cc2c(C(=O)N(C2=O)c2cc(ccc2)C(=O)c2ccc(cc2)Cc2ccc(cc2)N2C(=O)c3c(C2=O)cc(cc3)C(=O)*)cc1,tg,290.0,262.4957563119743,262.2465996507657,258.7871266562848,261.1764942063416
*Oc1c(cc(c(c1)C(c1ccccc1)(C)C)OC(=O)c1ccc(cc1)C(=O)*)C(c1ccccc1)(C)C,tg,170.0,170.28142783282408,159.50131014228523,162.4226606168234,164.0684661973109
*C(C*)CNc1c(cc(cc1)[N+](=O)[O-])[N+](=O)[O-],tg,160.0,142.15343124756922,158.2374015864828,155.1773561988336,151.8560630109619
*c1cc2c(C(=O)N(C2=O)c2ccc(cc2)Oc2ccc(cc2)C2(c3c(C(=O)N2)cccc3)c2ccc(cc2)Oc2ccc(cc2)N2C(=O)c3c(C2=O)cc(cc3)C(=O)Nc2cc(ccc2)NC(=O)*)cc1,tg,328.0,303.03832579822944,312.62950012222154,305.76586022294543,307.1445620477988
*c1oc(nn1)c1ccc(cc1)Oc1ccc(cc1)NC(=O)c1cc(cc(c1)N1C(=O)c2c(C1=O)cccc2)C(=O)Nc1ccc(cc1)Oc1ccc(cc1)*,tg,285.0,275.17331484490484,276.4869649957429,272.6568004561549,274.7723600989342
*Oc1ccc(cc1)P(=O)(c1ccc(cc1)Oc1ccc(cc1)C(c1ccc(cc1)*)(C)C)c1ccccc1,tg,182.0,201.9772037523398,202.55154487468582,201.87344880567466,202.1340658109001
*OP(=O)(OCCCCCCCCCCOc1ccc(cc1)C=Cc1ccc(cc1)OCCCCCCCCCC*)OCCCCCCCCCCOc1ccc(cc1)N=Nc1ccccc1,tg,55.0,50.49519405426014,40.829804173167986,48.03072506183365,46.45190776308726
*N(C(=O)c1cc(ccc1)C(=O)*)c1ccccc1,tg,148.0,177.81802949228458,193.11387327101102,186.73018651766222,185.88736309365262
*c1sc(cc1)C(=O)Oc1ccc(cc1)[Si](c1ccc(cc1)OC(=O)*)(c1ccccc1)c1ccccc1,tg,-78.0,104.63006042304154,44.2732351260244,104.20463405183673,84.36930986696755
*Oc1ccc(cc1)CCC(=O)NCCCCCCNC(=O)C*,tg,72.0,68.98832244121496,72.29502210609219,78.77867531432666,73.35400662054461
*C(C*)(C(=O)OCCN(c1ccc(cc1)C=Cc1ccc(cc1)[N+](=O)[O-])C)C,tg,107.0,97.80785988346744,107.23557402335162,105.09346839346031,103.37896743342647
*c1cc2c(C(=O)N(C2=O)c2cc(cc(c2)Cl)N2C(=O)c3c(C2=O)cc(c(c3)Cl)C(=O)*)cc1Cl,tg,311.0,312.95013623959755,327.8141146285541,322.58158058128174,321.1152771498111
*N1C(=O)c2c(C1=O)c(ccc2)c1cc2c(C(=O)N(C2=O)c2ccc(cc2)*)cc1,tg,407.6,356.5474102821757,351.21701945433693,354.1630284029884,353.9758193798337
*C(C*)(C(=O)OCC(C)C)C,tg,54.04,58.472216941525815,45.03990827960385,40.77493938253991,48.0956882012232
*C(C*)c1cc(ccc1)B(O[Si](C)(C)C)O[Si](C)(C)C,tg,35.0,60.65304033330035,33.32859567770359,58.16179980616971,50.71447860572456
*Oc1ccc(cc1)C1(c2ccccc2c2ccccc12)c1ccc(cc1)OC(=O)CCC(=O)*,tg,234.0,239.92599683161177,225.57809951433802,217.44586148684175,227.64998594426388
*O[Si](*)(CCC)CCC,tg,-77.5,-67.17277779042551,-58.46121004623191,-65.06787908088278,-63.5672889725134
*C1C2C(C(C1)CC*)C1CCC2C1,tg,164.0,174.12756557836641,163.1159403344479,176.81218424113274,171.35189671798238
*O[Si](O[Si](O[Si](O[Si](OC(CCC(*)C)C)(C)C)(C)C)(C)C)(C)C,tg,-96.0,-95.51515729149418,-94.82371128463802,-91.742663953982,-94.02717751003807
*c1cc2c(C(=O)N(C2=O)c2ccc(cc2)C(=O)Nc2ccc(cc2)C(=O)OCCCCCCCCCOC(=O)*)cc1,tg,100.0,96.76825109956202,102.47589904589665,102.68596571246871,100.64337195264245
*c1cc2c(C(=O)N(C2=O)c2ccc(cc2)Cc2ccc(cc2)NC(=O)*)cc1,tg,279.5,277.19869012725223,269.2377952668902,270.8436211977569,272.4267021972998
*O[Si](c1ccc(cc1)[Si](O[SiH](*)C)(C)C)(C)C,tg,-70.33,-1.3536475483889032,-18.653502441126676,-9.917497330458595,-9.974882439991392
*OC(C*)CSCC,tg,-57.0,-56.4817455121845,-48.33491728370984,-51.90386510123535,-52.2401759657099
*Oc1c(cc(cc1OC)C=Cc1c(cc(c(c1)CCCCCC)C=Cc1cc(c(c(c1)OC)OCCCCCCCC*)OC)CCCCCC)OC,tg,21.0,41.474617827620555,-13.98562138705563,45.683500335630825,24.390832258731916
*OC(=O)CCCCCCCCC(=O)OCC*,tg,-37.16,-42.09294745171926,-45.430998496485415,-38.46219651374498,-41.99538082064988
*OC(=O)C(NC(=O)C=CC(=O)NC(C(=O)OCCCCCC*)Cc1ccccc1)Cc1ccccc1,tg,92.0,93.52919484619883,79.8862613814641,71.80228361981398,81.73924661582564
*c1n(c(nn1)c1ccc(cc1)Oc1ccc(cc1)C(c1ccc(cc1)Oc1ccc(cc1)*)(C)C)c1ccccc1,tg,207.0,204.79813263771828,207.94938324534252,195.45699369596895,202.73483652634323
*N1C(=O)c2c(C1=O)cc(cc2)Oc1cc2c(cc1Oc1cc3c(C(=O)N(C3=O)c3ccc(cc3)Oc3ccc(cc3)*)cc1)cccc2,tg,228.75,235.96834698558143,229.9161489707938,226.57225126567917,230.81891574068482
*C(C*)c1c(c(c(c(c1F)F)F)F)F,tg,102.15,124.78237636708316,119.722805296292,159.88689430779382,134.79735865705632
*O[Si](COC(=O)CCCCCCCCC(=O)Oc1ccc(cc1)S(=O)(=O)c1ccc(cc1)Oc1ccc(cc1)C=C1C(=O)C(=Cc2ccc(cc2)Oc2ccc(cc2)S(=O)(=O)c2ccc(cc2)OC(=O)CCCCCCCCC(=O)OC[Si](*)(C)C)CCC1)(C)C,tg,80.0,73.3690289335826,79.19091623417933,87.11765857275364,79.89253458017185
*C(C*)(C(=O)OCCCCn1c2ccc(cc2c2ccccc12)N=Nc1c(cc(cc1)[N+](=O)[O-])[N+](=O)[O-])C,tg,132.0,111.30942236327826,123.71326137411278,113.4159799701031,116.14622123583138
*Oc1ccc(cc1)N(c1cc2c(cc1)ccc(c2)N(c1ccc(cc1)*)c1ccc(cc1)OC)c1ccc(cc1)OC,tg,197.0,205.07965953096988,219.71520705714835,190.22208758857775,205.005651392232
*Oc1ccc(cc1)C(=O)c1cc(ccc1)NC(=O)CCCCCCCCC(=O)Nc1cc(ccc1)C(=O)c1ccc(cc1)*,tg,141.0,142.96916541653948,137.04178907169646,159.09071567422566,146.3672233874872
*C(C*)c1c(cccc1)C(=O)OCCN(C)C,tg,69.0,96.50381937995489,88.75403876877327,106.71012785695353,97.3226620018939
*N1C(=O)c2c(C1=O)cc(cc2)C(=O)Oc1c(cc(cc1)OC(=O)c1cc2c(C(=O)N(C2=O)CCOCCOCC*)cc1)c1ccccc1,tg,105.0,106.07739579216187,113.98180429052745,111.08391549719286,110.38103852662739
*Nc1ccc(cc1)NC(=O)CCCCCCCC(=O)*,tg,130.0,128.16550284925663,130.60456106426767,124.63062988499573,127.80023126617334
*O[Si](c1c2c(c(cc1)[Si](*)(C)C)cccc2)(C)C,tg,60.0,63.03281215307113,64.16359493445877,61.70354802795096,62.96665170516028
*c1nc2c(c(c1)c1ccccc1)cc(cc2)c1ccc(cc1)*,tg,383.0,347.12113510879544,350.02656581509063,349.1499431833507,348.7658813690789
*Oc1c(cc(cc1C)C(=O)c1ccc(cc1)*)C,tg,200.0,188.52314584695426,166.51456248785198,171.78845367684838,175.60872067055152
*Oc1c(cc(cc1)C1(C2C3C(C(C1)C2)C1CCC3C1)c1c(cc(cc1)OC(=O)*)C)C,tg,232.0,250.01375815088505,238.07815321165214,245.28208001624668,244.4579971262613
*SC(CC*)C,tg,-59.0,-44.92108138054521,-47.00393561900725,-57.200373558382296,-49.708463519311586
*c1c(cc(c(c1)OC)C(=Cc1c(cc(c(c1)OC)C=C(*)C#N)OCCCCCCCC)C#N)OCCCCCCCC,tg,174.0,72.8670309323874,82.57450113362711,68.72435024887007,74.72196077162819
*OC(=O)c1ccc(cc1)[Si](c1ccc(cc1)C(=O)OCCCC*)(C)C,tg,42.0,38.53764204149703,43.966622031660194,51.27463481281848,44.59296629532523
*N(c1ccc(cc1)C(=O)*)CCCC,tg,124.0,82.67699022131069,88.20785584319458,80.46661395289192,83.78382000579906
*Oc1ccc(cc1)c1ccc(cc1)OCCCCCCOC(=O)Nc1c(ccc(c1)NC(=O)OCCCCCC*)C,tg,85.68,80.22987758165358,71.60241222456412,85.22974978200261,79.02067986274011
*c1cc2c(C(=O)N(C2=O)c2c3c(ccc2)c(ccc3)Oc2ccc(cc2)N2C(=O)c3c(C2=O)cc(cc3)C(=O)Nc2ccc(cc2)c2nc(cc(c2)c2ccccc2)c2ccc(cc2)NC(=O)*)cc1,tg,295.0,292.826934374775,290.2107966171203,294.7142301227107,292.583987038202
*N1C(=O)c2c(C1=O)cc(cc2)Oc1ccc(cc1)C1(CCCCC1)c1ccc(cc1)Oc1cc2c(C(=O)N(C2=O)c2ccc(cc2)N(c2ccc(cc2)*)c2ccc(cc2)C#N)cc1,tg,243.0,255.27481944464216,249.6131894181517,257.55295882938,254.14698923072464
*C(C(*)(Cl)[2H])([2H])[2H],tg,85.0,35.911330472923375,33.25316292196749,38.16476554486457,35.77641964658514
*C(C*)(C(=O)OCC1(COC1)CC)C,tg,72.5,76.66978785010194,84.38666700052457,80.8769443480123,80.64446639954626
*c1cc2c(C(=O)N(C2=O)c2cc(c(cc2)Oc2ccc(cc2)C(=O)c2cc(ccc2)N2C(=O)c3c(C2=O)cc(cc3)C(=O)*)C(F)(F)F)cc1,tg,242.0,254.33459419828185,256.94831828753445,247.07354631442118,252.7854862667458
*N(C(=O)CCCCCCCCC(=O)N(CC*)C)C,tg,0.0,16.292514374108592,11.264503434544167,11.425647525227983,12.994221777960249
*S(=O)(=O)c1ccc(cc1)Nc1c(c(c(c(c1F)F)c1c(c(c(c(c1F)F)Nc1ccc(cc1)*)F)F)F)F,tg,332.0,224.72385731284385,230.0112207347783,226.99685861447554,227.2439788873659
*Oc1ccc(cc1)CC(NC(=O)Cc1ccc(cc1)OC(=O)COCC(=O)*)C(=O)OCCCCCCCC,tg,51.0,45.05076748895313,47.94956451882811,45.854787247183616,46.28503975165495
*N1C(=O)c2c(C1=O)c(c(c(c2c1ccccc1)c1ccccc1)c1ccc(cc1)Oc1ccc(cc1)c1c(c2c(C(=O)N(C2=O)c2ccc(cc2)Oc2ccc(cc2)*)c(c1c1ccccc1)c1ccccc1)c1ccccc1)c1ccccc1,tg,360.0,331.1579306154342,343.1256289454124,333.5654423452222,335.949667302023
*C(C*)c1ccc(cc1)C[Si](C)(C)C,tg,82.0,65.36576794537888,53.97831424334993,71.0576054657559,63.46722921816157
*N1C(=O)c2c(C1=O)cc(cc2)Oc1ccc(cc1)Oc1cc2c(C(=O)N(C2=O)c2c(cc(c(c2)C)Cc2c(cc(c(c2)C)*)C)C)cc1,tg,278.0,278.1027174902538,270.49050090975186,283.0843754957614,277.2258646319223
*N1C(=O)c2c(C1=O)cc(cc2)NC(=O)OCCOc1c(cc(cc1Br)C(c1cc(c(c(c1)Br)OCCOC(=O)Nc1cc2c(C(=O)N(C2=O)c2cc(ccc2)P(=O)(c2cc(ccc2)*)c2ccccc2)cc1)Br)(C)C)Br,tg,201.0,194.42648350398161,192.13403234321862,184.59474226591348,190.38508603770458
*C(C*)(C(=O)OCCCN(c1ccc(cc1)N=Nc1ccc(cc1)[N+](=O)[O-])CCO)C,tg,131.0,104.40932959711387,95.87585389251481,107.71627401688839,102.66715250217236
*c1[nH]c(nc1c1ccc(cc1)NC1C(=O)N(C(=O)C1)c1ccc(cc1)c1sc(c(c1c1ccccc1)c1ccccc1)c1ccc(cc1)N1C(=O)C(CC1=O)Nc1ccc(cc1)*)c1ccc(cc1)c1[nH]c(c(n1)c1ccc(cc1)[N+](=O)[O-])c1ccc(cc1)[N+](=O)[O-],tg,152.0,252.05784930919557,247.48416796994175,272.51775125178244,257.3532561769733
*NC(C(=O)*)CCC(=O)OC,tg,0.0,19.34400733677109,16.251600104518303,27.790475585586314,21.1286943422919
*c1cc2c(cc1OC(=O)COc1ccc3c(c1)oc(=O)cc3)oc(=O)c(c2)C(=O)Nc1ccc(cc1)Cc1ccc(cc1)NC(=O)c1c(=O)oc2c(cc(c(c2)OC(=O)COc2ccc3c(c2)oc(=O)cc3)C*)c1,tg,221.0,205.8279257846305,234.7758356259019,192.1291432223286,210.91096821095365
*OC(CC(=O)*)(C)C(F)(F)F,tg,26.2,52.763991831333236,48.77122178910416,42.43636079214625,47.99052480419454
*Oc1cc(ccc1)OC(=O)c1ccc(cc1)[Si](c1ccc(cc1)C(=O)*)(C)C,tg,134.0,154.62198405339518,156.64236619945473,163.69016081585153,158.31817035623382
*O[Si](CCCN=C1c2c(ccc(c2C(=NCCC[Si](*)(C)C)c2ccccc12)O)O)(C)C,tg,7.5,71.78680669872983,53.89236501160704,35.61638653127213,53.76518608053633
*Oc1c(cc(cc1)Oc1ccc(cc1)NC(=O)c1ccc(cc1)Oc1c(cc(cc1)Oc1ccc(cc1)C(=O)Nc1ccc(cc1)*)c1ccccc1)c1ccccc1,tg,200.5,211.58405034263592,207.7905926691691,212.6879192244431,210.68752074541604
*Oc1c(cc(cc1C)c1cc(c(c(c1)C)OC(=O)CCCCC(=O)*)C)C,tg,108.0,123.40100745570439,115.34199404651065,114.37496312304405,117.7059882084197
*c1cc2c(C(=O)N(C2=O)c2cc(ccc2)C(=O)c2ccc(cc2)N2C(=O)c3c(C2=O)cc(cc3)C(=O)*)cc1,tg,271.5,287.2684499541241,279.4427528963174,297.1468339272586,287.95267892590005
*N1C(=O)c2c(C1=O)cc(cc2)Oc1ccc(cc1)C(c1ccc(cc1)Oc1cc2c(C(=O)N(C2=O)c2ccc(cc2)Oc2cc(ccc2)Oc2ccc(cc2)*)cc1)(C)C,tg,246.0,195.07611745807785,188.62254497882128,191.63037760314867,191.7763466800159
*N1C(=O)c2c(C1=O)cc(cc2)C(c1cc2c(C(=O)N(C2=O)CC(=O)Nc2ccc(cc2)Oc2cc(ccc2)Oc2ccc(cc2)NC(=O)C*)cc1)(C(F)(F)F)C(F)(F)F,tg,221.0,228.33030368450588,224.17420813588228,228.04427841703136,226.8495967458065
*C(C*)(C(=O)OCCCCl)C,tg,50.0,33.385240244371914,50.1360859599569,30.354746808005427,37.958691004111415
*Sc1ccc(cc1)Nc1ccc(cc1)Nc1ccc(cc1)*,tg,114.0,126.53454843896225,147.10886023904945,144.0560146938491,139.2331411239536
*C(C*)c1c(ccc(c1)C)C,tg,143.0,96.22515342669789,98.15247301048228,89.68718022438988,94.68826888719002
*NC(=O)CCCCCCCCCCCC(=O)NCCCCCCCCCCCCC*,tg,56.5,45.20680399554187,41.77876165666092,43.46277164788768,43.48277910003015
*c1c(c(nc2c1cccc2)c1ccc(cc1)c1nc2c(c(c1c1ccccc1)c1ccc(cc1)Oc1ccc(cc1)*)cccc2)c1ccccc1,tg,273.0,332.5291536299925,326.1163251135545,333.7707986920247,330.8054258118573
*C1C(=O)N(C(=O)C1*)c1cc(c(c(c1)Br)O[Si](C)(C)C)Br,tg,167.0,164.14386082223686,189.3363356842506,134.93738401858693,162.8058601750248
*N1C(=O)c2c(C1=O)c(ccc2)Oc1cc2c(C(=O)N(C2=O)c2ccc(cc2)Oc2ccc(cc2)Oc2ccc(cc2)*)cc1,tg,249.0,243.79813228678094,231.64533161614264,241.14860034341447,238.86402141544602
*N1C(=O)c2c(C1=O)c(ccc2)Oc1ccc(cc1)c1ccc(cc1)Oc1c2c(C(=O)N(C2=O)c2ccc(cc2)Oc2ccc(cc2)*)ccc1,tg,277.0,256.62349222272456,253.9079085237487,242.52731785249625,251.0195728663232
*OC(=O)Nc1c(ccc(c1)NC(=O)OCCCCCOC(=O)c1c(cccc1)C(=O)O[Pb]OC(=O)c1c(cccc1)C(=O)OCCCCC*)C,tg,-11.3,0.2411993905721936,-3.0347523617104173,6.345340379010695,1.1839291359574904
*Oc1cc(cc(c1)CC)OC(=O)c1cc(ccc1)C(=O)*,tg,138.0,120.0814108576581,138.94007638818744,123.293524202512,127.43833714945252
*OC(C*)COC(C)C,tg,-67.0,-62.11106335374834,-37.19297472159192,-60.01616698430965,-53.1067350198833
*S(=O)(=O)c1ccc(cc1)NC(=O)CCCCCCCCC(=O)Nc1ccc(cc1)*,tg,97.0,166.850837334666,165.52329486913484,163.3388988316217,165.2376770118075
*C(=C(*)c1ccccc1)c1ccc(cc1)Oc1ccccc1,tg,200.0,163.19483403970355,191.50477927047297,163.65247613892305,172.78402981636654
*OC(=O)CCC(=O)OCCCCCCCCC*,tg,31.0,-51.52628425504854,-45.7517452974208,-52.371107963455685,-49.88304583864167
*C(C*)(C(=O)OCCCCCCCOc1cc2c(cc1)cc(cc2)C(=O)Oc1ccccc1)C,tg,40.0,37.00877709681683,38.900641537251474,36.37329722413109,37.42757195273313
*O[Si](C#C[Si](C#C[Si](C#C[Si](C#C[Si](C#C[Si](C#C[Si](*)(C)C)(C)C)(C)C)(C)C)(C)C)(C)C)(C)C,tg,-12.6,7.160238008294649,38.11410833042872,39.769980164195715,28.348108834306363
*N1C(=O)c2c(C1=O)cc(cc2)Oc1cc2c(C(=O)N(C2=O)c2ccc(cc2)Oc2ccc(cc2)Oc2ccc(cc2)*)cc1,tg,235.78,239.23728953835897,235.52436035538307,238.93563889347814,237.89909626240674
*NC(C(=O)*)CCC(=O)Nc1ccc(cc1)N(c1ccccc1)c1ccccc1,tg,132.0,169.4365040390983,175.27042737252106,172.41014344046562,172.37235828402834
*OC(=O)Nc1c(ccc(c1)NC(=O)OCC(C*)(CC)CC)C,tg,-60.0,70.45613403629842,56.74465141847446,55.04598157063346,60.748922341802114
*C(C*)(CC(=O)OCCCCl)C(=O)OCCCCl,tg,47.0,15.116666599472156,16.503763098481883,24.92544624671517,18.848625314889734
*N1C(=O)c2c(C1=O)c(c(c(c2c1ccccc1)c1ccccc1)c1ccc(cc1)c1c(c2c(C(=O)N(C2=O)c2ccc(cc2)*)c(c1c1ccccc1)c1ccccc1)c1ccccc1)c1ccccc1,tg,418.5,309.5992867628495,326.5901661082321,311.1554249975973,315.78162595622626
*N(CC*)C(=O)c1c(ccc(c1F)F)F,tg,124.0,107.45811136163707,100.95666292958843,106.174007580654,104.8629272906265
*Oc1ccc(cc1)C(=O)OCCCCCCCOC(=O)c1ccc(cc1)OC(=O)c1ccc(cc1)C(=O)*,tg,65.0,53.62524356249209,49.92814412122327,59.92162132242677,54.491669668714046
*c1cc2c(C(=O)N(C2=O)c2cc(ccc2)C(=O)OCCOC(=O)*)cc1,tg,220.0,157.28525862690614,166.02787105665612,193.13925399678232,172.15079456011486
*c1n(cnc1C(=O)NCCCCCCNC(=O)*)C,tg,86.0,131.00808268961563,141.01191940436183,137.80153736995794,136.6071798213118
*N1C(=O)c2c(C1=O)cc(cc2)Oc1cc2c(cc1Oc1cc3c(C(=O)N(C3=O)c3cc(ccc3)*)cc1)cccc2,tg,228.75,233.32056569512002,234.87896569319724,230.30500290999944,232.83484476610556
*C(C*)OC(=O)c1ccc(cc1)OCC,tg,70.0,69.97340781364792,56.67457312632784,56.401817653381244,61.016599531119006
*C(C*)(C(=O)OCC1OC(C(C1O)O)n1c(=O)[nH]c(=O)cc1)C,tg,151.0,159.4211408016328,177.71343341377374,193.63481342927082,176.92312921489247
*Oc1c(cc(cc1)C(c1cc(c(cc1)OC(=O)c1cc(ccc1)C(=O)*)C)(C)C)C,tg,162.0,153.6561520177822,159.55352460637107,160.74252214599576,157.98406625671635
*c1[nH]c(nc1c1ccc(cc1)Oc1ccc(cc1)C(=O)c1ccc(cc1)c1ccc(cc1)C(=O)c1ccc(cc1)Oc1ccc(cc1)*)c1ccccc1,tg,258.0,249.0166002931032,240.46243375282376,239.63981432501407,243.039616123647
*C(C*)(c1ccc(cc1)C#N)C,tg,238.75,177.5249440274116,178.78013868655123,163.03311461688392,173.1127324436156
*Oc1ccc(cc1)NC(=O)c1ccc(cc1)C(=O)Nc1ccc(cc1)Oc1ccc(cc1)C1(C2CC3CC(CC1C3)C2)c1ccc(cc1)*,tg,264.0,270.2826862580385,274.07892237712593,275.85445190268086,273.40535351261514
*OC(=O)NCCCCCCNC(=O)OCC(C(C(C(C*)(F)F)(F)F)(F)F)(F)F,tg,-2.0,11.178407045570548,12.890271044008855,19.06471110081021,14.377796396796539
*C1C(=O)N(C(=O)C1C(C*)c1ccccc1)c1ccc(cc1)Oc1ccccc1,tg,194.0,202.4411665383862,226.76023478145555,183.97935440551973,204.39358524178715
*c1nc(nc(c1c1ccc(cc1)OC)OCCOC(=O)c1cc(ccc1)C(=O)OCCO*)c1ccc(cc1)OCCCC,tg,92.0,76.25191414032629,83.60046366716401,77.15352668050348,79.0019681626646
*C1C2C(C(C(C1*)C2)COCCCc1ccccc1)COCCCc1ccccc1,tg,134.0,132.42534919759487,108.77089835687424,149.44391418838643,130.2133872476185
*Oc1ccc(cc1)S(=O)(=O)c1ccc(cc1)Oc1ccc(cc1)P(=O)(c1ccc(cc1)*)c1ccccc1,tg,231.0,226.31125984605723,232.316605927068,213.87104385322345,224.1663032087829
*N1C(=O)c2c(C1=O)cc(cc2)C(=O)c1cc2c(C(=O)N(C2=O)CCCCCCOC(=O)OCCCCCCOC(=O)OCCCCCC*)cc1,tg,55.0,60.74623163253206,59.05491811806236,54.46144240130582,58.087530717300076
*N=P(*)(Oc1ccccc1)Oc1ccccc1,tg,-4.9,-15.211333780945399,-5.84633711275751,-10.910828937120248,-10.656166610274385
*C(C(*)C(=O)OC12CC3(CC(CC(C1)C3)(C2)C)C)C,tg,194.5,142.13520002026533,167.3888022820195,165.03094486224046,158.1849823881751
*Oc1ccc(cc1)C=NN=Cc1ccc(cc1)Oc1ccc(cc1)C(=O)c1ccc(cc1)*,tg,179.0,170.77083512833931,181.78331809449458,168.29046104168467,173.6148714215062
*N1C(=O)c2c(C1=O)cc(cc2)S(=O)(=O)c1cc2c(C(=O)N(C2=O)c2ccc(cc2)Oc2c(cc(c(c2)C(C)(C)C)Oc2ccc(cc2)*)C(C)(C)C)cc1,tg,263.0,276.6542567567538,281.94157432194913,276.67675085831144,278.42419397900477
*Oc1ccc(cc1)C(c1ccc(cc1)OCC(C*)OC(=O)c1c(cccc1)Cl)(C)C,tg,66.0,84.9090749598053,79.59736251356432,86.56775187835075,83.69139645057345
*C(C*)c1ccc(cc1)C(O)(C)C,tg,165.0,155.73385856884224,159.06557771730277,143.12434686545853,152.6412610505345
*c1c2c(c(s1)c1sc(c(c1)CCCCCC)c1cc3n(c4c(c3cc1)ccc(c4)c1sc(cc1CCCCCC)*)CCCCCCCCCCCC)nc(c(n2)CC)CC,tg,89.0,95.97382199021862,99.73381029846014,95.26491062173527,96.99084763680469
*c1cc2c(oc(n2)c2ccc(cc2)c2oc3c(n2)cc(cc3)C(*)(c2ccccc2)C(F)(F)F)cc1,tg,369.0,305.599204915498,304.1406325695691,304.64236919982426,304.7940688949638
*O[Si](*)(CCC)c1ccccc1,tg,40.6,-14.032866909713901,-32.70491422546405,-17.922680423503422,-21.553487186227127
*C=CC(C(*)C(=O)OCC)C(=O)OCC,tg,6.0,60.098833336467855,67.45466966622453,76.54196184270853,68.03182161513364
*c1ccc(cc1)C(=C(*)c1ccc(cc1)Oc1ccccc1)c1ccc(cc1)Oc1ccccc1,tg,163.0,182.0433328339963,183.2737629076192,179.05734156501788,181.45814576887778
*c1cc2c(C(=O)N(C2=O)c2ccc(cc2)Oc2ccc(cc2)N2C(=O)c3c(C2=O)cc(cc3)C(=O)N2C(=O)N(C(=O)C2(C)C)C(=O)*)cc1,tg,156.0,267.6599826895042,280.08480271012775,282.3167844251297,276.6871899415872
*C(C*)(C(=O)OC1CCCCCCCCC1)C,tg,58.0,68.19073078583753,71.0201222623033,66.07558951647648,68.42881418820578
*C(C*)(C(=O)OCC1OC(OC1)CP(=O)(OCC)OCC)C,tg,-38.0,45.71967966108606,42.01497860417882,60.7451704127444,49.4932762260031
*c1[nH]nc(c1)c1ccc(cc1)Oc1ccc(cc1)C(=O)c1ccc(cc1)C(=O)c1ccc(cc1)Oc1ccc(cc1)*,tg,235.0,219.04252480093427,215.2840698180819,210.5088249623888,214.94513986046832
*C1C2C(C(=O)N(C2=O)CCCCCCCCCCCC)C(C1)C=C*,tg,50.0,45.99385045294481,54.83449499162323,45.827815196317,48.885386880295016
*OCCSSSSCC*,tg,-40.0,-52.49996327030502,-59.81682111827109,-52.887683113683835,-55.068155834086646
*O[Si](*)(CCCOc1ccc(cc1)N=Nc1ccc(cc1)S(=O)(=O)O)C,tg,9.2,63.45681671085896,60.48089185134967,26.303969644080514,50.080559402096384
*C(*)(Cl)F,tg,77.0,31.341676749885625,35.178224993101864,27.815710997010054,31.44520424666585
*N1C(=O)C(CC1=O)CC*,tg,121.0,92.15791405971156,100.37486307528076,107.08447169712655,99.87241627737296
*N1C(=O)c2c(C1=O)cc(cc2)Oc1ccc(cc1)*,tg,282.29,230.53271790251782,253.73981553725218,257.79482573656355,247.35578639211118
*C(C*)(C(=O)C)F,tg,142.0,71.83643919309243,72.68250980962591,70.35746738253471,71.62547212841768
*S(=O)(=O)NCCCNS(=O)(=O)c1cc(ccc1)*,tg,92.0,88.04503262269279,91.1107312671945,97.35767744642686,92.17114711210472
*Oc1ccc(cc1)S(=O)(=O)c1ccc(cc1)Oc1ccc(cc1)C1(CCCC1)c1ccc(cc1)*,tg,230.0,206.93779687584973,227.28923955261556,210.97650757711202,215.06784800185912
*Oc1ccc(cc1)CC(NC(=O)CCc1ccc(cc1)OC(=O)CCCCCCC(=O)*)C(=O)OC(CC)C,tg,46.0,44.256519425087255,39.30606524044916,39.88856004451867,41.15038157001836
*N1C(=O)c2c(C1=O)c(ccc2)Oc1ccc(cc1)Sc1ccc(cc1)Oc1c2c(C(=O)N(C2=O)c2cc(ccc2)*)ccc1,tg,231.0,227.42271241937271,236.24798847011817,241.41959509558856,235.03009866169316
*c1sc(cc1CC(=O)OCCN(c1ccc(cc1)N=Nc1ccc(cc1)[N+](=O)[O-])CC)*,tg,102.0,96.5028996136755,93.24036238318676,106.9447727590334,98.89601158529855
*c1cc2c(C(=O)N(C2=O)c2cc(ccc2)P(=O)(c2cc(ccc2)N2C(=O)c3c(C2=O)cc(cc3)C(*)(C(F)(F)F)C(F)(F)F)c2cc(cc(c2)C(F)(F)F)C(F)(F)F)cc1,tg,247.0,261.54140696846207,271.14397616932297,259.9920803056664,264.22582114781716
*C(C*)N1C(=S)CCC1,tg,80.0,98.74853958287896,93.35368745249643,99.55471712417882,97.21898138651807
*C(C*)OCCOc1ccc(cc1)C=C(C#N)C#N,tg,38.0,52.64246608937321,52.84516925920953,52.09997805476312,52.529204467781945
*Oc1ccc(cc1)C1(c2ccccc2c2ccccc12)c1ccc(cc1)Oc1ccc(cc1)C(=O)c1ccc(cc1)Oc1ccc(cc1)C(=O)c1ccc(cc1)*,tg,231.0,217.23898627271154,222.2604777295112,196.5783168778612,212.025926960028
*N(CC*)C(=O)CC(C)C,tg,30.0,43.525543778884995,38.61976368886725,48.50368908028894,43.54966551601373
*C(C*)(C(=O)OCC1COCCOCCOCCOCCOC1)C,tg,25.0,37.2909800299165,47.86489427684158,34.01043419555184,39.7221028341033
*NC(=O)CCC(c1ccc(cc1)C(CCC(=O)NCCCCCC*)(C)C)(C)C,tg,92.0,82.49659914465735,87.69422823848586,88.79708181725871,86.32930306680065
*OC(=O)Nc1c(ccc(c1)NC(=O)OCCCCCOC(=O)c1c(cccc1)C(=O)O[Cd]OC(=O)c1c(cccc1)C(=O)OCCCCC*)C,tg,2.3,-3.890193430986076,3.051667783010913,50.12906164582241,16.430178665949082
*OC(=O)CCCCCC(=O)OCCOCCOCC*,tg,-54.0,-62.39791982934445,-59.9611394607721,-54.42740354889453,-58.928820946337034
*c1cc2c(C(=O)N(C2=O)c2ccc(cc2)Oc2ccc(cc2)C2(c3c(C(=O)N2)cccc3)c2ccc(cc2)Oc2ccc(cc2)N2C(=O)c3c(C2=O)cc(cc3)C(=O)Nc2ccc(cc2)Oc2ccc(cc2)NC(=O)*)cc1,tg,325.0,307.5631771905492,307.096884942838,309.64201461050754,308.1006922479649
*Oc1ccc(cc1)C(c1ccc(cc1)OC(=O)*)C(Cl)(Cl)Cl,tg,230.0,153.11483488514247,161.26119425782315,156.07860576134524,156.81821163477028
*c1ncc(cc1)c1ccc(cc1)Oc1ccc(cc1)P(=O)(c1ccc(cc1)Oc1ccc(cc1)*)c1ccccc1,tg,257.0,242.28665185125502,217.961476332305,215.09206666342814,225.1133982823294
*c1c([nH]c(n1)c1ccc(cc1)c1[nH]c(c(n1)c1ccc(cc1)Oc1ccc(cc1)S(=O)(=O)c1ccc(cc1)Oc1ccc(cc1)*)c1ccccc1)c1ccccc1,tg,301.0,272.9130997985407,269.63074323690535,267.1412552171162,269.8950327508541
*O[Si](c1c2c(ccc1)c(ccc2)[Si](*)(C)C)(C)C,tg,62.0,53.34669311871516,43.69122342222367,60.234012450393344,52.423976330444056
*C(C*)(C(=O)OCCCCCc1ccc(cc1)N=Nc1ccc(cc1)OC(F)(F)F)C,tg,202.5,129.12592636473414,169.36023359721088,128.27906904876914,142.25507633690472
*c1cc2c(C(=O)N(C2=O)c2cc(ccc2)P(=O)(c2cc(ccc2)N2C(=O)c3c(C2=O)cc(cc3)C(=O)Nc2ccc(cc2)c2ccc(cc2)NC(=O)*)c2ccccc2)cc1,tg,253.0,216.31158331455137,226.17229274644242,222.30391010183982,221.59592872094456
*Oc1ccc(cc1)C=C1C(=O)C(=Cc2ccc(cc2)OCCCCCCCC*)CCC1,tg,90.0,65.89269410201679,55.30354302548618,47.01417178795749,56.07013630515348
*NC(=O)CCCCC(=O)NCCCCCCCCCC*,tg,45.0,44.966445185675305,45.65278411529826,50.664006972036645,47.0944120910034
*N(c1ccc(cc1)C(=O)*)CCCCCCC,tg,45.9,52.47069031628602,60.753250360349924,54.30976624583338,55.84456897415644
*N(Cc1c(c(cc(c1)C12CC3CC(CC(C1)C3)C2)C*)O)c1ccccc1,tg,109.4,218.80290884163182,205.19327597196008,192.24258116169355,205.4129219917618
*OC(=O)c1ccc(cc1)c1ccc(cc1)c1ccc(cc1)C(=O)OCC(C*)(CC)CC,tg,-20.0,75.31320705703732,63.117629951735154,81.29669254797874,73.24250985225041
*N1C(=O)c2c(C1=O)cc(cc2)S(=O)(=O)c1cc2c(C(=O)N(C2=O)c2ccc(cc2)Oc2c3c(ccc2)c(ccc3)Oc2ccc(cc2)*)cc1,tg,306.0,283.2100140936539,273.8089320834675,283.1338029982582,280.0509163917932
*OC(C(C(C(*)(F)F)(F)F)(F)F)(F)F,tg,-60.0,-64.77567343559714,-65.62053295916078,-67.90729006858557,-66.10116548778116
*OC(=O)c1c2c(c(cc1)C(=O)OCC*)cccc2,tg,64.0,112.53993778992991,108.45557939998429,100.33902222342196,107.11151313777873
*NC(=O)CCCCC(=O)NCc1cc(ccc1)C*,tg,81.05,99.59639437341102,102.40999969251237,128.83082190090914,110.27907198894418
*N1C(=O)c2c(C1=O)c(c(c(c2c1ccccc1)c1ccccc1)c1ccc(cc1)c1c(c2c(C(=O)N(C2=O)c2cc(ccc2)Oc2cc(ccc2)Oc2cc(ccc2)*)c(c1c1ccccc1)c1ccccc1)c1ccccc1)c1ccccc1,tg,280.0,334.66451016436775,325.52364132711443,356.195163605315,338.79443836559904
*N1C(=O)c2c(C1=O)c(ccc2)c1cc2c(C(=O)N(C2=O)c2cc(ccc2)C(=O)Nc2ccc(cc2)Oc2ccc(cc2)Oc2ccc(cc2)Oc2ccc(cc2)NC(=O)c2cc(ccc2)*)cc1,tg,260.0,257.78156122430727,259.0711135260517,260.9656430818704,259.2727726107432
*OC(=O)c1cc(ccc1)C(=O)OCCCC*,tg,19.1,28.648765799260417,26.1577706455505,18.315839230163135,24.37412522499135
*N1C(=O)c2c(C1=O)cc(cc2)NC(=O)OCCOc1ccc(cc1)P(=O)(c1ccc(cc1)OCCOC(=O)Nc1cc2c(C(=O)N(C2=O)c2cc(ccc2)P(=O)(c2cc(ccc2)*)c2ccccc2)cc1)c1ccccc1,tg,218.0,208.0088330524281,204.16515770400684,208.1806698394831,206.78488686530602
*c1cc2c(C(=O)N(C2=O)c2ccc(cc2)S(=O)(=O)c2ccc(cc2)N2C(=O)c3c(C2=O)cc(cc3)C(=O)Nc2ccc(cc2)c2ccc(cc2)NC(=O)*)cc1,tg,370.0,282.5341232979651,288.10656799164144,277.9398461461745,282.86017914526036
*N=P(*)(Oc1cc(ccc1)Cl)Oc1cc(ccc1)Cl,tg,-24.0,-7.026541233486628,-19.77680688107003,1.2882151674176,-8.50504431571302
*N1C(=O)c2c(C1=O)cc(cc2)Oc1ccc(cc1)C(c1ccc(cc1)Oc1cc2c(C(=O)N(C2=O)c2ccc(cc2)Oc2ccc(cc2)*)cc1)(C(F)(F)F)C(F)(F)F,tg,257.0,235.0987523971497,231.6087249473183,235.5276106732541,234.07836267257403
*OC(=O)CCCCC(=O)OCC(C*)(C)C,tg,-50.0,-46.59653318774927,-43.04760063435097,-42.834548179827394,-44.159560667309215
*OCC(C*)(COCCOCCOCCOC)C,tg,-18.0,-59.16840207980281,-68.94872197377634,-59.99585872978977,-62.70432759445631
*Oc1ccc(cc1)SSc1ccc(cc1)*,tg,74.9,138.6812219848758,128.527920098122,130.5141437054862,132.5744285961613
*C(C*)c1c(ccc(c1)Br)OCCCCC,tg,49.0,27.819902946050803,26.25039443329264,21.503781102082435,25.19135949380863
*c1c2C(=O)N(C(=O)c2c(c2ccccc12)c1ccc(cc1)Oc1ccc(cc1)C(=O)c1ccc(cc1)Oc1ccc(cc1)*)C,tg,283.0,278.444083058579,264.15601360972914,271.80047613073174,271.46685759968
*c1c(cc(c(c1)c1ccc(cc1)N(c1ccc(cc1)OC)c1ccc(cc1)OC)C=C*)OCC(CCCC)CC,tg,163.0,123.3127935952839,121.56038538055593,125.30440657568424,123.3925285171747
*Oc1ccc(cc1)C(c1ccc(cc1)OC(=O)*)C1C2CCC(C1C)C2,tg,218.67,218.58836352101173,215.37472373003803,224.3392487752317,219.43411200876048
*N1C(=O)c2c(C1=O)cc(cc2)Oc1ccc(cc1)Sc1ccc(cc1)Oc1cc2c(C(=O)N(C2=O)c2ccc(cc2)Oc2ccc(cc2)c2ccc(cc2)Oc2ccc(cc2)*)cc1,tg,195.5,210.1349290796431,212.8507688299826,212.17502934501277,211.72024241821282
*C(C*)P(=O)(OCC)N(C)C,tg,32.0,23.9436365216127,9.081074789474542,29.909392648725646,20.978034653270964
*c1nc(nc(c1c1ccc(cc1)OC)OCCOC(=O)c1c(ccc(c1)N=Nc1ccc(cc1)OCC)c1c(cc(cc1)N=Nc1ccc(cc1)OCC)C(=O)OCCO*)c1ccc(cc1)OCCCC,tg,126.0,94.06793264780038,126.8211729243938,103.1503118450939,108.01313913909603
*Oc1ccc(cc1)C(c1ccc(cc1)OC(=O)c1ccc(cc1)Oc1ccc(cc1)C(=O)*)(C(F)(F)F)C(F)(F)F,tg,181.0,191.62657268358677,181.54215943567115,199.53187182753993,190.90020131559928
*Oc1ccc(cc1)C1(c2ccccc2c2ccccc12)c1ccc(cc1)OC(=O)C12CC3(CC(CC(C1)C3)C2)C(=O)*,tg,335.0,257.78481659661577,253.04363734277075,262.2386736965152,257.68904254530054
*C(C*)c1ccc(cc1)[Si](O[Si](C)(C)C)(O[Si](C)(C)C)O[Si](C)(C)C,tg,114.0,31.977478230256857,32.47461472724916,36.34622102224164,33.59943799324922
*Oc1ccc(cc1)C1(CCC(CC1)C(c1ccc(cc1)Oc1ccc(cc1)C(=O)c1ccc(cc1)*)(C)C)C,tg,200.0,193.16773024421138,184.95552981080408,195.09499674522237,191.07275226674597
*c1oc(nc1c1ccc(cc1)OCOc1ccc(cc1)*)c1ccc(cc1)[N+](=O)[O-],tg,194.0,203.75966903004655,189.28349061529792,194.23724349317692,195.76013437950712
*SSCCCCC*,tg,-72.0,-72.6543232970095,-69.6498317953943,-70.62829074986892,-70.97748194742424
*O[Si](*)(C)C,tg,-116.0,-64.62186551638662,-88.95569971887247,-79.00843849163589,-77.528667908965
*OC(=O)CCCCCCCCC(=O)OC/C=C/C*,tg,-40.0,-42.167013796986055,-43.82073325391167,-44.498613590863094,-43.49545354725361
*NC(=O)Cc1ccc(cc1)CC(=O)NCCCCCCCCCCCCCCCCCC*,tg,78.0,90.93787346359592,85.26186608719716,85.24681431400698,87.1488512882667
*Oc1ccc(cc1)C1(c2ccccc2c2ccccc12)c1ccc(cc1)Oc1c(cc(cc1)c1ccc(cc1)c1cc(c(cc1)*)C(F)(F)F)C(F)(F)F,tg,237.0,245.3130724762637,240.97162627764737,262.192393329005,249.49236402763867
*c1ccc(cc1)c1c(cc(c(c1c1ccccc1)c1ccccc1)c1cc(ccc1)c1c(c(c(c(c1)c1ccccc1)c1ccc(cc1)CCCCCC*)c1ccccc1)c1ccccc1)c1ccccc1,tg,215.0,184.19758384546978,192.75898276198626,189.84027848518605,188.93228169754738
*Oc1ccc(cc1)NC(=O)CCCCCCCC(=O)Nc1ccc(cc1)*,tg,160.0,153.05056135578437,152.6022409218805,131.8161143894489,145.82297222237125
*NC(=O)CCCCCCC(=O)NCCCCCC*,tg,52.67,44.074106544974214,50.15979066663388,52.69747775440117,48.97712498866975
*C1C(=O)N(C(=O)C1*)c1c(cccc1)C(=O)OCC,tg,230.0,216.81286456313893,215.68266467045774,213.02318976552516,215.1729063330406
*Oc1ccc(cc1)OC(=O)c1c(cc(cc1)C(=O)*)Oc1ccccc1,tg,105.0,103.8175667303152,94.78431766236187,106.14987621253627,101.58392020173778
*c1nc2c(nc1c1ccc(cc1)OC(=O)c1ccc(cc1)C(=O)Oc1ccc(cc1)*)cccc2,tg,232.0,268.7235983326829,259.53440951189634,251.48006161636928,259.9126898203162
*C(C*)c1ccc(cc1)C(C)C,tg,62.4,87.45540455588186,85.84207216180782,86.50873007292617,86.60206893020529
*OC(C(OC(=O)Nc1ccc(cc1)Cc1ccc(cc1)NC(=O)*)c1occc1)c1occc1,tg,74.0,112.4210716528481,105.79469793137318,92.87722683912153,103.6976654744476
*Oc1c(cc(cc1OC)/C=C/c1ccc(cc1)/C=C/c1cc(c(c(c1)OC)OCCCCCCCC*)OC)OC,tg,80.9,73.70711464233096,69.79301878051237,72.30492348462128,71.93501896915488
*c1sc(cc1)Oc1ccc(cc1)C(c1ccc(cc1)Oc1ccc(cc1)C(=O)*)(C)C,tg,151.0,131.34766771572433,154.69904079896662,154.48629794082237,146.84433548517111
*Oc1ccc(cc1)S(=O)(=O)c1ccc(cc1)c1ccc(cc1)c1ccc(cc1)S(=O)(=O)c1ccc(cc1)Oc1ccc(cc1)c1ccc(cc1)*,tg,264.0,269.4403171167636,275.27141075780247,275.3190066697956,273.3435781814539
*c1sc(cc1SCCCCCCCCCCCC)*,tg,33.0,5.7740489774048145,19.900362058016043,24.778448582663614,16.817619872694824
*c1ccc(cc1)C(C(*)(C(=O)O)C#N)(C(=O)O)C#N,tg,108.0,171.20776580815286,220.54845420392311,141.87583486796115,177.87735162667903
*C(C*)c1ccc(cc1)C(=O)OC(C)C,tg,95.0,93.26872235717961,104.03513614223539,83.22955200478258,93.51113683473254
*C1C(=O)N(C(=O)C1C(C*)CCCCCCCCCCCCCCCC)CCCCNC(=O)C(C(C(C(C(C(C(F)(F)F)(F)F)(F)F)(F)F)(F)F)(F)F)(F)F,tg,63.0,90.58248804425962,92.52421147075091,76.53829339960434,86.54833097153829
*c1cc2c(C(=O)N(C2=O)c2cc(c(cc2)Oc2c(cc(cc2)N2C(=O)c3c(C2=O)cc(cc3)C(=O)*)c2cc(c(c(c2)F)F)F)c2cc(c(c(c2)F)F)F)cc1,tg,342.0,280.13063678309334,299.73914681867785,279.35637944070464,286.4087210141586
*Oc1ccc(cc1)OC(=O)c1c(cc(cc1)C(=O)*)Oc1ccc(cc1)Br,tg,112.5,107.91555065421764,110.67899151323581,116.64361106144057,111.746051076298
*Sc1ccc(cc1)*,tg,93.49,103.22887681419598,92.98029898166338,146.72344667151145,114.31087415579027
*c1c2c(c(nn1)c1ccc(cc1)Oc1ccc(cc1)C(=O)c1ccc(cc1)Oc1ccc(cc1)*)c(c(c(c2c1ccccc1)c1cc2c(cc1)cccc2)c1cc2c(cc1)cccc2)c1ccccc1,tg,305.67,289.8751311278114,281.55902207563634,287.4672093734823,286.30045419231004
*C1(c2c(C(=O)O1)cccc2)c1ccc(cc1)Oc1ccc(cc1)S(=O)(=O)c1ccc(cc1)Oc1ccc(cc1)*,tg,247.14,248.4662341771878,247.39219422556664,243.63609844151912,246.49817561475786
*C1COC2C1OCC2OC(=O)C1CCC(CC1)C(=O)O*,tg,121.86,140.1720301146702,132.28493391067582,162.3341133512417,144.93035912552924
*C(C*)(C(=O)OCc1cc(cc(c1)Cl)Cl)C,tg,29.95,58.43330653031963,52.62347634516762,49.51051401119376,53.52243229556033
*Oc1ccc(cc1)S(=O)(=O)c1ccc(cc1)Oc1c(cc(cc1)C(c1cc(c(cc1)*)C(OC)(C(F)(F)F)C(F)(F)F)(C)C)C(OC)(C(F)(F)F)C(F)(F)F,tg,163.0,164.28011370061037,170.76243749360307,166.4423732193677,167.16164147119372
*N1C(=O)c2c(C1=O)cc(cc2)Oc1cc2c(C(=O)N(C2=O)c2cc(ccc2)C(C(C(c2cc(ccc2)*)(F)F)(F)F)(F)F)cc1,tg,183.0,203.77339713694832,208.73087498620362,212.88540360770148,208.4632252436178
*c1oc(nn1)c1ncc(cc1)c1oc(nn1)c1ccc(cc1)[Si](c1ccc(cc1)*)(c1ccccc1)c1ccccc1,tg,256.0,264.7831109787096,258.99129090776216,243.4513496811005,255.74191718919076
*c1cc2c(C(=O)N(C2=O)c2cc(cc(c2)c2sc3c(n2)cccc3)N2C(=O)c3c(C2=O)cc(cc3)C(=O)Nc2ccc(cc2)S(=O)(=O)c2ccc(cc2)NC(=O)*)cc1,tg,357.0,295.05153766317693,318.5781319445847,283.18071328738216,298.93679429838124
*Nc1cc(ccc1)NC(=O)CCCCC(=O)Nc1cc(ccc1)NC(=S)NC(=O)CCCCCCCCC(=O)NC(=S)*,tg,232.0,178.14228475708762,188.59647210687245,190.87822646653848,185.87232777683286
*Oc1ccc(cc1)Oc1ccc(cc1)OCC(COc1ccc(cc1)C(c1ccc(cc1)OCC(C*)O)(C)C)O,tg,85.0,100.62637256878395,106.46262485077774,107.53582685974402,104.87494142643523
*N(CC*)C(=O)c1cc(c(c(c1)F)F)F,tg,65.0,122.76156980920864,120.153406979072,133.06438392911434,125.32645357246498
*OCCC(=O)NCc1c(cc(c(c1)C)CNC(=O)CC*)C,tg,80.0,115.95999607290734,112.32068641226489,132.0107222861946,120.09713492378894
*N1C(=O)c2c(C1=O)cc(cc2)C(=O)c1cc2c(C(=O)N(C2=O)CCCCCCCCCCCC*)cc1,tg,87.5,85.33632372432467,93.47043071025767,83.39469999496053,87.40048480984763
*c1cc2c(C(=O)N(C2=O)c2cc(cc(c2)OCCCCCCCCCCCCCCCC)N2C(=O)c3c(C2=O)cc(cc3)C(*)(C(F)(F)F)C(F)(F)F)cc1,tg,161.0,169.52890537941695,169.37518965835804,185.8444373189686,174.91617745224787
*S(=O)(=O)CC=CC*,tg,86.0,31.39028070691296,42.36797124078721,49.36824209985053,41.0421646825169
*c1ccc2N(c3c(Sc2c1)cc(cc3)c1sc(cc1)c1sc(cc1)*)CCCCCCCCCC,tg,142.0,142.9821653510065,120.32299635792428,139.0491690363628,134.11811024843118
*C(=C*)c1c(cccc1)C(F)(F)F,tg,130.0,138.33750653526613,150.2405411106186,144.60308755074007,144.3937117322083
*Oc1cc(ccc1)NC(=O)c1ccc(cc1)C(=O)Nc1cc(ccc1)OCCCCCCCC*,tg,122.0,123.4800441377697,117.52603879555681,125.54090944899147,122.182330794106
*Oc1ccc(cc1)C1(c2cc(ccc2c2ccc(cc12)[N+](=O)[O-])N(C)C)c1ccc(cc1)OC(=O)*,tg,278.0,241.97032052290962,259.9716389017745,244.20260496895816,248.71485479788075
*C1C(=O)N(C(=O)C1*)c1ccc(cc1)O[Si](c1ccccc1)(c1ccccc1)c1ccccc1,tg,183.0,185.78634887133705,185.90735011195454,168.71941039613156,180.1377031264744
*c1sc(cc1CCOC(=O)C(Br)C)*,tg,49.0,49.227133680708434,33.43877429407722,38.76647821409766,40.4774620629611
*N1C(=O)c2c(C1=O)cc(cc2)Oc1cc2c(C(=O)N(C2=O)c2cc(ccc2)S(=O)(=O)c2cc(ccc2)*)cc1,tg,249.92,237.0210639996324,257.4715206417069,238.1373418601723,244.20997550050387
*C(*)C(=O)OC(C)C,tg,70.0,62.30679818066768,75.97532141384711,60.65927006290149,66.3137965524721
*NC(=O)CCCC(=O)NCC(CCC*)(C)C,tg,82.0,73.32415753755441,70.13805094654802,69.72903224162968,71.06374690857737
*O[Si](O[Si](O[Si](O[Si](c1cc(ccc1)[Si](*)(c1ccccc1)C)(c1ccccc1)C)(C)C)(C)C)(C)C,tg,-42.0,-20.262730757797346,-31.758179170767505,-4.874507794226365,-18.965139240930405
*c1cc2C3(CCC(CC3)(C3=NC(CO3)c3ccccc3)C3=NC(CO3)c3ccccc3)c3c(c2cc1)ccc(c3)c1cc2C(c3c(c2cc1)ccc(c3)*)(CCCCCC)CCCCCC,tg,161.0,141.14323790439164,133.42466985129278,140.3880630292967,138.31865692832704
*c1cc2c(C(=O)N(C2=O)c2c(cc(cc2)c2cc(c(cc2)N2C(=O)c3c(C2=O)cc(cc3)C(=O)Nc2ccc(cc2)C2(c3ccccc3c3ccccc23)c2ccc(cc2)NC(=O)*)OC)OC)cc1,tg,181.0,294.27633088437915,289.49024676456173,279.89326342463784,287.8866136911929
*C(C*)(CC(=O)OCCCCCCCCC)C(=O)OCCCCCCCCC,tg,-13.0,-14.495890229304276,-20.67065309062022,-18.318869602914347,-17.828470974279615
*C(C*)OC(=O)c1ccc(cc1)C,tg,66.75,73.46317559505546,77.9820558000468,68.92475735847263,73.4566629178583
*C(C*)(C(=O)OC12CC3(CC(CC(C1)C3)(C2)C)C)C,tg,193.0,152.58933965953221,161.4853245291569,144.67455038948046,152.91640485938987
*N(C(=O)CCC(=O)N(CCCCCC*)C)C,tg,7.5,19.785222136653747,11.941587190253074,19.011371184022853,16.912726836976557
*NC(=O)c1cc(cc(c1)NC(=O)c1ccc(cc1)NC(=O)C(CC(C)C)N1C(=O)c2c(C1=O)cccc2)C(=O)NCCCCCC*,tg,200.0,171.39925843399735,158.86577225856303,198.35889939667302,176.20797669641112
*NNC(=O)c1c(cccc1)C(=O)Nc1cc(ccc1)C=C1C(=O)C(=Cc2cc(ccc2)NC(=O)c2c(cccc2)C(=O)*)CCC1,tg,195.0,193.92251240801838,202.5271731148011,186.1887259791544,194.2128038339913
*Oc1c(cc(cc1)C1(CCCCC1)c1cc(c(cc1)OC(=O)*)Cl)Cl,tg,179.0,180.96717994867768,170.0598160748623,168.9215872655613,173.31619442970043
*OP(=O)(OCCCCCCCCCCOc1c(cc(cc1)C=C1C(=O)C(=Cc2cc(c(cc2)OCCCCCCCCCC*)OC)CC1)OC)OC,tg,48.0,58.04576138366241,66.8539088220803,58.78429873523074,61.22798964699115
*O[Si](c1cc2cc3c(cc2cc1)cc(cc3)[Si](*)(C)C)(C)C,tg,118.0,63.51489631325757,74.71054959284295,61.083700163401225,66.43638202316725
*c1cc2c(C(=O)N(C2=O)c2cc(ccc2)Nc2nc(nc(n2)Nc2cc(ccc2)N2C(=O)c3c(C2=O)cc(cc3)C(=O)*)N(C)C)cc1,tg,294.0,267.01027891890584,274.35259189795903,284.23840892539533,275.2004265807534
*Sc1ccc(cc1)C(=O)c1ccc(cc1)C(c1ccc(cc1)C(=O)c1ccc(cc1)*)(C(F)(F)F)C(F)(F)F,tg,175.0,163.22361872597745,182.59252181787116,166.85101905618424,170.88905320001095
*Oc1ccc(cc1)Sc1ccc(cc1)OC1(C(C(C1(F)F)(F)F)(*)F)F,tg,78.0,126.99710775288611,129.722698860622,132.40770337743302,129.70916999698036
*c1nc2cc3c(cc2c(c1)c1ccccc1)nc(cc3c1ccccc1)c1ccc(cc1)c1ccc(cc1)*,tg,383.0,371.22666046526894,388.2950684062218,373.10915688561226,377.543628585701
*c1cc2c(C(=O)N(C2=O)c2c(cccc2)c2ccc(cc2)N2C(=O)c3c(C2=O)cc(cc3)C(=O)*)cc1,tg,305.0,329.2371257665404,312.67721109874924,329.8844961365362,323.932944333942
*C(C(C(C*)OC)(C(=O)OC)C)(C(=O)OC)C,tg,134.0,108.6810545757254,124.01093827427184,110.00254710466125,114.23151331821948
*c1cc2c(C(=O)N(C2=O)c2ccc(cc2)Oc2ccc(cc2)C(c2cc(ccc2)C(c2ccc(cc2)Oc2ccc(cc2)NC(=O)*)(C)C)(C)C)cc1,tg,177.0,219.23320785693238,217.6512901105121,213.82971050146048,216.90473615630165
*OC(=O)c1cc(ccc1)C(C(C(C(C(c1cc(ccc1)C(=O)OCC(C(C(C*)(F)F)(F)F)(F)F)(F)F)(F)F)(F)F)(F)F)(F)F,tg,19.83,26.46425586651373,9.289183807366044,11.164735716068254,15.639391796649344
*Oc1ccc(cc1)CC(NC(=O)CCc1ccc(cc1)OC(=O)CCCCCCC(=O)*)C(=O)OCCCCCCCCCCCC,tg,15.0,17.281579269576483,19.08018586433424,14.187802245997876,16.849855793302865
*Oc1cc(ccc1)C(C(C(c1cc(ccc1)OC(=O)*)(F)F)(F)F)(F)F,tg,46.0,85.40963038338958,85.97524382702645,95.5235363700816,88.9694701934992
*C(C*)C(=O)OCCCCCCOc1ccc(cc1)c1ccc(cc1)C#N,tg,42.0,26.45874954224274,26.148243386344262,32.413315821301914,28.340102916629643
*c1nc2c(nc1c1ccccc1)cc(cc2)c1cc2c(nc(c(n2)c2ccccc2)c2ccc(cc2)c2ccc(cc2)*)cc1,tg,404.0,353.20445454662087,344.18897161657685,345.31633587559605,347.56992067959794
*Oc1ccc(cc1)C(c1ccc(cc1)Oc1ccc(cc1)C(=O)c1ccc(cc1)C(c1ccc(cc1)C(=O)c1ccc(cc1)*)(C)C)(C)C,tg,171.0,171.22230879469808,160.6904990934192,176.29401389333532,169.40227392715087
*OC(=O)OCCCCCC*,tg,-54.25,-38.45432833290463,-37.08548723885457,-37.474976373203106,-37.67159731498743
*OC(C*)CN1C(=O)C2C(C1=O)C1C=CC2C1,tg,87.5,82.20998758898818,88.6351973297722,89.73716524018582,86.86078338631539
*C1(C(C(C(C1(F)F)(F)F)(C(*)(F)F)F)(F)F)F,tg,117.0,145.44452490910427,128.66922268183833,148.81262228949393,140.97545662681216
*c1nc2cc3c(cc2nc1)nc(cn3)c1ccc(cc1)Oc1ccc(cc1)*,tg,353.0,361.0533294104471,355.7212206089837,356.99334792622767,357.9226326485528
*Oc1cc2c(cc1)ccc(c2)Oc1ccc(cc1)C(=O)Nc1ccc(cc1)C(c1ccc(cc1)C(c1ccc(cc1)NC(=O)c1ccc(cc1)*)(C)C)(C)C,tg,155.0,193.25574882712544,201.96829231889518,187.19288416611377,194.1389751040448
*OP(=O)(Oc1c(c(c(c(c1Cl)Cl)*)Cl)Cl)Oc1c(cc(cc1Cl)Cl)Cl,tg,127.0,139.53878986155826,166.42791278622542,128.88996152625555,144.9522213913464
*Oc1ccc(cc1)P(=O)(c1ccc(cc1)*)C,tg,238.0,201.91176539680234,198.74478094601014,185.77288445943168,195.47647693408138
*C(C*)(CC(=O)Oc1ccc(cc1)OCC)C(=O)Oc1ccc(cc1)OCC,tg,110.5,97.44730242756566,94.12325619760291,97.77739639320663,96.4493183394584
*N1C(=O)c2c(C1=O)cc(cc2)Oc1ccc(cc1)c1ccc(cc1)Oc1cc2c(C(=O)N(C2=O)c2ccc(cc2)Oc2ccc(cc2)*)cc1,tg,229.0,241.27071303376965,238.83998624983104,239.56113468682253,239.89061132347442
*c1cc2c(C(=O)N(C2=O)c2ccc(cc2)Cc2ccc(cc2)N2C(=O)c3c(C2=O)cc(cc3)C(=O)Oc2c(cc(cc2)OC(=O)*)C(C)(C)C)cc1,tg,160.0,200.25962123586604,212.67370909964063,222.75666749350898,211.89666594300522
*c1ccc2n(c3c(c2c1)cc(cc3)C=C(C(=O)OCCCCCCCCCCOC(=O)C(=C*)C#N)C#N)CCCCCCC,tg,59.0,74.70719292915247,81.84829854090071,49.4933323493911,68.6829412731481
*Oc1ccc(cc1)C(=O)OCCOC(=O)c1ccc(cc1)*,tg,74.0,94.87089852699441,101.02800941090267,92.12099403043378,96.00663398944363
*c1n(nc(c1)c1ccc(cc1)Oc1ccc(cc1)C(=O)c1ccc(cc1)Oc1ccc(cc1)C(=O)c1ccc(cc1)Oc1ccc(cc1)*)c1ccccc1,tg,190.0,205.2805795437813,204.25531228463825,220.3875765556458,209.97448946135512
*OC(OC(=O)c1ccc(cc1)C(=O)OC(OCC1CCC(CC1)C*)C)C,tg,61.0,43.71812984962134,39.895467168000835,51.7305252683235,45.11470742864856
*c1ccc2c3n(c4ccc(cc4n3)c3cc4n5c(nc4cc3)c3cccc4c(ccc(c5=O)c34)Oc3cc(ccc3)O*)c(=O)c3cccc1c23,tg,396.5,396.8469670117011,395.540803769862,384.19632181718293,392.19469753291537
*[Si](C/C=C\C*)(CCCOc1ccccc1)C,tg,-30.0,-23.75364380421825,-27.80094653341081,-20.26680756812136,-23.94046596858347
*Oc1ccc(cc1)C(c1cc(c(cc1)OC(=O)*)Cl)(C)C,tg,146.0,146.4393966458051,153.06976702465883,140.46806773665273,146.65907713570553
*N1C(=O)c2c(C1=O)cc(cc2)Oc1ccc(cc1)C(c1ccc(cc1)Oc1cc2c(C(=O)N(C2=O)c2cc(ccc2)P(=O)(c2cc(ccc2)*)c2ccccc2)cc1)(C)C,tg,213.0,235.2701686824414,224.86207565741233,236.67504339560065,232.2690959118181
*Oc1c2c(ccc1)ccc(c2)Oc1ccc(cc1)NC(=O)c1ccc(cc1)Oc1ccc(cc1)C(c1ccc(cc1)Oc1ccc(cc1)C(=O)Nc1ccc(cc1)*)(c1ccccc1)C,tg,175.5,190.9383582231974,200.13087717750733,177.05347787559472,189.3742377587665
*Oc1c2c(ccc1)ccc(c2)Oc1ccc(cc1)NC(=O)c1ccc(cc1)Oc1ccc(cc1)C(c1cc(ccc1)C(c1ccc(cc1)Oc1ccc(cc1)C(=O)Nc1ccc(cc1)*)(C)C)(C)C,tg,175.5,162.46209205769654,154.00092615233146,175.35485831899038,163.93929217633945
*N1C(=O)c2c(C1=O)cc(cc2)Oc1ccc(cc1)C(c1ccc(cc1)Oc1cc2c(C(=O)N(C2=O)c2ccc(cc2)Oc2ccc(cc2)*)cc1)(C)C,tg,217.25,231.60332070071914,228.76218946172156,231.52419948094504,230.62990321446193
*N1C(=O)c2c(C1=O)cc(cc2)Oc1cc2c(C(=O)N(C2=O)c2ccc(cc2)S(=O)(=O)c2ccc(cc2)*)cc1,tg,262.0,271.09935533961186,282.16327073823044,269.20554299300716,274.1560563569498
*c1cc2c(C(=O)N(C2=O)C2CCC(CC2)CC2CCC(CC2)N2C(=O)c3c(C2=O)cc(cc3)C(*)(C(F)(F)F)C(F)(F)F)cc1,tg,265.0,253.50947128899858,261.8295209519155,252.34695545286002,255.8953158979247
*N1C(=O)C2OC3C(C2C1=O)C(=O)N(C3=O)c1ccc(cc1)c1c(nc2c(n1)cc(cc2)C(=O)c1cc2c(nc(c(n2)c2ccc(cc2)*)c2ccccc2)cc1)c1ccccc1,tg,255.0,288.3810875929869,323.9785673021722,329.03079495362147,313.7968166162602
*NC(=O)CCCCCCCCC(=O)NCCCCCC*,tg,43.11,41.13329155807871,49.63555379646209,48.442920450380754,46.40392193497385
*C(C*)(C(=O)OCC(=O)c1ccccc1)C,tg,92.5,69.59787078954405,78.55150553246754,71.79011706753124,73.31316446318094
*Oc1ccc(cc1)C1(CCCCC1)c1ccc(cc1)OC(=O)OC1C(C(C1(C)C)OC(=O)*)(C)C,tg,136.0,143.2747717603123,168.56678796099425,148.39424662970993,153.41193545033883
*Nc1cc(cc(c1)C(=O)Nc1c2C(=O)c3c(C(=O)c2ccc1)cccc3)NC(=O)Nc1ccc(cc1)NC(=O)*,tg,190.0,191.07668152954864,194.21636753653638,202.28684298047347,195.8599640155195
*c1cc2n(c3c(c2cc1)ccc(c3)c1c2cc(ccc2c(c2cc(ccc12)C=Cc1ccc(cc1)N(CCCCCC)CCCCCC)*)C=Cc1ccc(cc1)N(CCCCCC)CCCCCC)CCCCCCCC,tg,152.0,105.28792400038594,128.01965426687525,118.53217175739834,117.27991667488652
*Oc1ccc(cc1)C(c1ccc(cc1)OCC(C*)O)(CC)C,tg,95.0,79.37629063885107,85.99881650347373,95.10152804946047,86.82554506392842
*O[Si](c1cc(ccc1)*)(c1ccccc1)c1ccccc1,tg,58.5,51.89429248301751,67.83789398150482,54.55250813726116,58.09489820059449
*Oc1ccc(cc1)C(=O)c1ccc(cc1)OCCCCCCOC(=O)OCCCCCCOC(=O)OCCCCCC*,tg,-0.3,-8.124392759010155,-5.341351065502238,-5.429239785505159,-6.29832787000585
*c1nc2c(nc1c1ccccc1)cc(cc2)Oc1cc2c(nc(c(n2)c2ccccc2)c2ccc(cc2)OCCN(CCOc2ccc(cc2)*)c2ccc(cc2)C=Cc2ccc(cc2)[N+](=O)[O-])cc1,tg,201.0,190.8221260609815,198.01112183663446,174.87135394197594,187.90153394653063
*OC(=O)CCCCCCCCC(=O)OCCCC*,tg,-64.4,-43.01975711227314,-46.71821727616208,-45.45662799978004,-45.06486746273842
*Nc1cc(cc(c1)c1c(=O)oc2c(cccc2)n1)NC(=O)c1ccc(cc1)C(=O)*,tg,103.0,241.66640860394853,190.45188391185263,219.97684111889043,217.3650445448972
*NC(=O)C(C(C(=O)NCCCCCCCCCCCC*)OC)OC,tg,84.0,82.39241665134465,75.24381141004478,88.882092824662,82.1727736286838
*c1c2C(=O)N(C(=O)c2c(c2ccccc12)c1ccc(cc1)Oc1ccc(cc1)C(=O)c1cc(ccc1)C(=O)c1ccc(cc1)Oc1ccc(cc1)*)CCCCCCCCCCCC,tg,140.0,155.2566712704329,149.39465687097706,121.47466163969834,142.04199659370278
*c1c(cc(cc1)CC*)Br,tg,80.0,89.19864575526023,102.16175591228009,70.91927828852785,87.42655998535605
*Oc1ccc(cc1)NC(=O)c1cc(cc(c1)NC(=O)c1ccc(cc1)OC(=O)C)C(=O)Nc1ccc(cc1)*,tg,273.0,267.0155829100264,266.2155077785354,261.1300967002861,264.78706246294934
*NC(C(=O)*)CCC(=O)OCC,tg,-27.33,-0.14976250164514252,7.288839636066854,7.842643758412223,4.993906964277978
*C(C*)(CC(=O)Oc1ccc(cc1)OC)C(=O)Oc1ccc(cc1)OC,tg,119.5,106.19221972379849,107.39724489571067,104.12627105205613,105.9052452238551
*N1C(=O)c2c(C1=O)cc(cc2)Sc1cc2c(C(=O)N(C2=O)c2c(cc(cc2)Cc2cc(c(cc2)*)C(C)(C)C)C(C)(C)C)cc1,tg,300.5,237.81119189552652,243.15222545659577,248.33750750626947,243.1003082861306
*C(C*)CNc1ncc(cc1)[N+](=O)[O-],tg,151.0,114.43778031088412,112.18808869378654,121.65574804412421,116.0938723495983
*c1c(nc2c(n1)cc(cc2)Oc1cc2c(nc(c(n2)c2ccc(cc2)N2C(=O)c3c(C2=O)cc(cc3)C(=O)c2cc3c(C(=O)N(C3=O)c3ccc(cc3)*)cc2)c2ccccc2)cc1)c1ccccc1,tg,254.0,266.86181083879234,271.099959277256,272.7069224487532,270.2228975216005
*Oc1ccc(cc1)CC(NC(=O)CCc1ccc(cc1)OC(=O)CCCCC(=O)*)C(=O)OCCCCCCCC,tg,26.2,24.230942859357565,25.43455574722914,24.20689256617556,24.624130390920755
*Oc1c2c(c(cc1)C=Cc1ccc(cc1)OCCCCCC*)cccc2,tg,78.0,94.01946441313206,97.59856301975624,93.62184861397117,95.07995868228649
*c1cc2C(c3c(c2cc1)ccc(c3)c1cc2C(c3c(c2cc1)ccc(c3)*)(c1ccc(cc1)c1oc(nn1)c1ccc(cc1)C(C)(C)C)c1ccc(cc1)c1oc(nn1)c1ccc(cc1)C(C)(C)C)(CCCCCCCC)CCCCCCCC,tg,213.0,166.08107455279273,148.36347901902596,163.6555692755591,159.3667076157926
*C(=C(C(C(*)([2H])[2H])([2H])[2H])[2H])C([2H])([2H])[2H],tg,-58.0,81.09873605796413,83.15769590822424,76.84232670440656,80.36625289019831
*c1cc(nc2c1cccc2)c1cc(ccc1)c1nc2c(c(c1)c1ccc(cc1)Oc1ccc(cc1)*)cccc2,tg,268.0,300.6486310468662,304.8903116412024,302.6222546903467,302.72039912613843
*c1cc2c(C(=O)N(C2=O)c2c(cc(cc2C(C)C)C(c2cc(c(c(c2)C(C)C)N2C(=O)c3c(C2=O)cc(cc3)C(*)(C(F)(F)F)C(F)(F)F)C(C)C)(c2ccccc2)C(F)(F)F)C(C)C)cc1,tg,274.0,282.2279127033192,283.05986667154923,278.7324511505501,281.3400768418062
*OC(C*)CSCCC,tg,-61.0,-59.48130492333319,-60.98761120281213,-60.825469996938416,-60.43146204102791
*N1C(=O)c2c(C1=O)cc(cc2)C(=O)Oc1ccc(cc1)C(c1ccc(cc1)OC(=O)c1cc2c(C(=O)N(C2=O)CCOCCOCC*)cc1)(C)C,tg,118.0,98.61369478753547,99.60069183357415,92.99850838457564,97.07096500189509
*Oc1ccc(cc1)CCc1ccc(cc1)OCCCCCCOC(=O)NC1CCC(CC1)CC1CCC(CC1)NC(=O)OCCCCCC*,tg,40.3,56.9520007119071,55.09974523593061,60.43726356339046,57.496336503742725
*C(C(*)(C(=O)OC([2H])([2H])[2H])C([2H])([2H])[2H])([2H])[2H],tg,115.0,70.83034011369078,68.59597140039766,81.24530129400841,73.55720426936561
*C1C2C(C(=O)N(C2=O)CCCCC)C(C1)C=C*,tg,89.29,105.63529962584657,94.03895161787155,113.54217183226895,104.40547435866235
*c1cc2c(C(=O)N(C2=O)c2ccc(cc2)Oc2ccc(cc2)C(=O)c2ccc(cc2)Oc2ccc(cc2)N2C(=O)c3c(C2=O)cc(cc3)C(=O)*)cc1,tg,252.0,260.3640771386926,252.26060302304455,258.9662983663236,257.19699284268694
*c1oc(nn1)c1ccc(cc1)C1(c2c(C(=O)O1)cccc2)c1ccc(cc1)*,tg,370.0,287.82483209525805,296.1244638970086,295.9483857631587,293.2992272518084
*NC(=O)c1ccc(cc1)CC(=O)NCCCCCC*,tg,104.0,96.24817807992675,95.5620387407217,101.98800388165263,97.93274023410036
*OP(=O)(N=Nc1ccc(cc1)CCOC(=O)c1cc(cc(c1)C(C)(C)C)C(=O)OCCc1ccc(cc1)N=NP(=O)(OCC*)OC)OC,tg,84.0,63.90502250227404,45.117588215194004,75.83818196571583,61.620264227727965
*OC(=O)c1ccc(cc1)c1ccc(cc1)C(=O)OCCOCC*,tg,53.5,39.49926953598946,43.63577537703503,60.959187109649115,48.03141067422454
*N1C(=O)c2c(C1=O)cc(cc2)Oc1ccc(cc1)c1ccc(cc1)Oc1cc2c(C(=O)N(C2=O)c2ccc(cc2)Oc2ccc(cc2)Oc2ccc(cc2)*)cc1,tg,212.0,218.1688542738051,220.7729425838187,213.5087327772038,217.48350987827587
*OC(C*)CSCCCC,tg,-65.0,-67.5011337990023,-73.35218378170836,-68.33296124981489,-69.72875961017519
*C(C*)(C(=O)OC1C(CCCC1)C)C,tg,85.0,102.58985446481371,102.3152350538694,99.75082611674145,101.55197187847484
*c1cc2c(C(=O)N(C2=O)c2ccc(cc2)OC(COc2ccc(cc2)N2C(=O)c3c(C2=O)cc(cc3)C(*)(C(F)(F)F)C(F)(F)F)C)cc1,tg,234.0,250.35531067139115,245.07568766336686,234.10589205042376,243.17896346172725
*OC(=O)OCCCC*,tg,-28.75,-19.072166278381445,-22.314307359793446,-15.38174733829031,-18.9227403254884
*N1C(=O)c2c(C1=O)cc(cc2)Oc1cc2c(C(=O)N(C2=O)c2ccc(cc2)Sc2sc(cc2)Sc2ccc(cc2)*)cc1,tg,218.0,245.44673584125385,233.36154179500957,243.31042095495675,240.70623286374007
*C(C*)CNc1cc(c(cc1)[N+](=O)[O-])C(F)(F)F,tg,153.0,120.47734261625769,111.31567286073319,131.69166619191253,121.16156055630114
*C(C*)(C(=O)OCCCCCCCCCCCC)C,tg,-44.99,-38.818425077948376,-36.13095376968923,-46.13895201284912,-40.362776953495576
*c1nc(nc(n1)Oc1ccc(cc1)C(=O)Nc1ccc(cc1)S(=O)(=O)c1ccc(cc1)NC(=O)c1ccc(cc1)O*)Sc1ccccc1,tg,310.0,263.5442034841027,279.5795204850806,242.96934728399583,262.0310237510597
*N1C(=O)c2c(C1=O)cc(cc2)c1cc2c(C(=O)N(C2=O)c2ccc(cc2)Oc2c(cc(cc2C)C(c2cc(c(c(c2)C)Oc2ccc(cc2)*)C)c2c3c(ccc2)cccc3)C)cc1,tg,289.5,283.11473005145825,284.03490997527854,282.4203069636782,283.1899823301383
*C1COC2C1OCC2Oc1ccc(cc1)CNC(=O)c1ccc(cc1)C(=O)NCc1ccc(cc1)O*,tg,122.0,144.21557556239236,130.59363185628612,144.8564679562427,139.88855845830707
*C(=O)CC*,tg,10.0,25.18038121328262,35.998214152968515,24.840443575454106,28.673012980568412
*C(C*)(C(=O)OCCCCCCCCCCOc1ccc(cc1)N=Nc1ccc(cc1)C#N)C,tg,51.0,43.78347215625433,47.568341827,47.94942136788039,46.43374511704491
*Oc1c(cc(cc1C)S(=O)(=O)c1cc(c(c(c1)C)OCC(COc1ccc(cc1)S(=O)(=O)c1ccc(cc1)OCC(C*)O)O)C)C,tg,145.0,135.9820471858025,135.7930679654419,132.89995810237573,134.89169108454004
*c1nc2c(cc1)cccc2OC(=O)c1ccc(cc1)C(=O)Oc1ccc(cc1)C=C*,tg,112.0,186.00867026926775,207.43754458337003,179.4550195340352,190.967078128891
*c1ccc2ccc3c(c2n1)nc(cc3)c1ccc(cc1)c1c(cc(c(c1)CCCCCC)c1ccc(cc1)*)CCCCCC,tg,190.0,141.21399738711708,153.68072368031247,137.3674473005949,144.08738945600814
*C1COC2C1OCC2OC(=O)c1cc(ccc1)OCCCCCCOc1cc(ccc1)C(=O)O*,tg,42.25,47.18716070500212,43.975897282242826,72.36965896340809,54.51090565021767
*C(C*)(C(=O)OCCCCCCCCCOc1cc2c(cc1)cc(cc2)C(=O)Oc1ccccc1)C,tg,18.0,36.00543919096988,37.112412247991784,42.2539863638211,38.45727926759425
*NC(=O)CCCCC(=O)NCCCP(CCC*)c1ccccc1,tg,49.0,83.36156062291701,87.59956891540863,80.3117956244761,83.7576417209339
*c1ccc2n(c3c(c2c1)cc(cc3)c1ccc(cc1)[Si](c1ccc(cc1)*)(c1ccccc1)c1ccccc1)CCCCCC#N,tg,165.0,154.4778556817016,185.0097591600125,130.85703534100946,156.78155006090785
*C(C*)c1ncccc1,tg,105.0,110.5248755880929,95.77028758048914,102.11516849581967,102.80344388813391
*SCCCCC(=O)NCc1ccc(cc1)CNC(=O)CCCC*,tg,70.0,86.1326884331164,76.98672295266152,69.57111954146977,77.56351030908257
*OC(COC(=O)c1c(c(c(c(c1F)F)c1c(c(c(c(c1F)F)C(=O)*)F)F)F)F)COc1ccc(cc1)N=Nc1ccc(cc1)C#N,tg,112.0,129.7995058012296,129.00083830124086,144.81274144154725,134.53769518133925
*c1cc2c(C(=O)N(C2=O)c2ccc(cc2)OC(COc2ccc(cc2)N2C(=O)c3c(C2=O)cc(cc3)C(*)(C(F)(F)F)C(F)(F)F)CCCCCC)cc1,tg,182.0,165.42573181774617,178.06846694902583,179.85624702692985,174.4501485979006
*C(C*)(C(=O)OCCCOc1cc2c(cc1)cc(cc2)C(=O)Oc1ccccc1)C,tg,84.0,73.55680493778667,79.74333961983045,67.3744827661121,73.55820910790973
*NC(=O)CCCCCC(=O)NCCCCCC*,tg,54.0,54.21993106758002,54.396722997814834,53.04553667142872,53.88739691227452
*Oc1ccc(cc1)NC(=C(C#N)C#N)c1ccc(cc1)C(=C(C#N)C#N)Nc1ccc(cc1)*,tg,274.0,249.081597023813,230.02120695952118,235.47080099605583,238.19120165979666
*c1ccc(cc1)c1c(cc(c(c1c1ccccc1)c1ccccc1)c1cc(ccc1)c1c(c(c(c(c1)c1ccccc1)c1ccc(cc1)CCCCCCCCCCCCCC*)c1ccccc1)c1ccccc1)c1ccccc1,tg,160.0,177.35289141320098,188.52289076342066,189.5035658812978,185.12644935263984
*c1oc(nn1)c1c2c(c(cc1)Oc1ccc(cc1)C=Cc1ccc(cc1)Oc1c3c(c(cc1)*)cccc3)cccc2,tg,238.0,248.06557428947366,243.27586136932524,258.34305948504624,249.89483171461507
*OC(COC(=O)C1=C(C2C=CC1C2)C(=O)OCC(OC(=O)c1ccc(cc1)C(=O)*)COC(=O)C1=C(C2C=CC1C2)c1ccccc1)COC(=O)C1=C(C2C=CC1C2)c1ccccc1,tg,74.0,109.95801124329468,110.5444392961202,74.70285629144949,98.40176894362146
*C(C*)(C(=O)OCCCCn1c2ccccc2c2ccccc12)C,tg,84.2,93.51124752458031,89.11359076765932,99.92859390878505,94.18447740034156
*OS(=O)(=O)c1cc(ccc1)C(=O)c1cc(ccc1)S(=O)(=O)Oc1ccc(cc1)C(c1ccc(cc1)*)(C)C,tg,122.0,163.9446876906937,148.26577983811404,160.33436176732093,157.51494309870955
*NC(=O)c1cc(cc(c1)C(C)(C)C)C(=O)NCC1CC(CCC1)C*,tg,200.0,222.02852353057938,215.0771698282145,211.91361648617718,216.3397699483237
*Oc1c(cc(c(c1)C)C(c1c(cc(c(c1)C(C)C)Oc1ccc(cc1)C(=O)c1ccc(cc1)*)C)c1c(cccc1)C(=O)O)C(C)C,tg,228.0,222.98727179405995,202.06601299902906,213.13247684523213,212.7285872127737
*Oc1ccc(cc1)C(c1ccc(cc1)OC(=O)c1ccc(cc1)C(c1ccc(cc1)C(=O)*)(C(F)(F)F)C(F)(F)F)(C)C,tg,124.0,185.81877809038505,177.45623692512194,171.5720781465535,178.28236438735348
*Oc1c(cc(cc1)C(c1cc(c(cc1)OC(=O)*)Cl)(C)C)Cl,tg,145.67,161.47060664604348,156.54560601622143,148.45392822085188,155.49004696103893
*c1[nH]c(nc1c1ccc(cc1)Oc1ccc(cc1)C(=O)c1ccc(cc1)C(=O)c1ccc(cc1)C(=O)c1ccc(cc1)Oc1ccc(cc1)*)c1ccccc1,tg,239.0,244.70128727231756,240.77661595206905,248.40678555290256,244.62822959242973
*Nc1ccc(cc1)NC(=O)c1c(cc(c(c1)C(=O)*)C(=O)O)C(=O)O,tg,283.4,226.32780548090935,226.0387676262282,230.75283885351809,227.70647065355192
*C1C(=O)N(C(=O)C1C(C*)c1ccccc1)c1ccc(cc1)C(C)(C)C,tg,237.0,227.92228066385607,233.160009280407,202.00777026318525,221.0300200691494
*N1C(=O)c2c(C1=O)cc(cc2)S(=O)(=O)c1cc2c(C(=O)N(C2=O)CCCCCCOC(=O)CCCCCCCCCCCCCCCCCCC(=O)OCCCCCC*)cc1,tg,19.0,65.36931383383508,75.68614973344894,72.31219964099878,71.12255440276094
*Oc1c(cc(c(c1)OCCOC)OC(=O)c1c(cc(cc1)C(=O)*)c1ccccc1)OCCOC,tg,92.0,120.89176440175108,115.0927707460958,121.85588585927515,119.28014033570734
*N1C(=O)c2c(C1=O)cc(cc2)c1cc2c(C(=O)N(C2=O)c2cc(cc(c2)C(=O)NCCCC)*)cc1,tg,291.0,291.8523184097364,297.9628228046859,284.35782786090874,291.390989691777
*NC(=O)CCCCCCCCCCCCCCCCC(=O)NCCCCCCCCCCCC*,tg,47.0,41.86050663294148,46.89685111303825,44.68488581799943,44.48074785465972
*Oc1ccc(cc1)OC(=O)c1ccc(cc1)C(c1ccc(cc1)C(=O)*)(C)C,tg,195.0,183.3363018776561,187.60481400539567,172.7255478159432,181.22222123299832
*c1cc2c(C(=O)N(C2=O)c2c(cc(c(c2)Cl)N2C(=O)c3c(C2=O)cc(c(c3)Cl)C(=O)*)Cl)cc1Cl,tg,367.0,341.3663057623798,353.66256653259745,361.9758181927793,352.33489682925216
*C(C*)(C(=O)OCC1OCCC1)C,tg,105.0,81.79293455052958,76.99262758590555,85.16899759129947,81.31818657591154
*c1nc(ccc1)N1C(=O)N(C(=O)C1=O)CCCCCCN1C(=O)N(C(=O)C1=O)*,tg,169.67,162.73504842203246,136.99532552947073,157.5752467418257,152.4352068977763
*NC1CC(CC(C1)(CNC(=O)c1cc(cc(c1)NC(=O)C(C(CC)C)N1C(=O)c2c(C1=O)cccc2)C(=O)*)C)(C)C,tg,128.0,182.62342214665824,181.17436592566463,148.47678472903777,170.75819093378686
*OC(=O)CCCCCCC(=O)OCCOCC*,tg,-66.0,-55.49545567621923,-54.2677492488462,-55.75766415278164,-55.17362302594902
*Oc1c(cc(cc1)C(c1cc(c(cc1)OC(=O)c1ccc(cc1)C(=O)*)C(CC)C)(C)C)C(CC)C,tg,90.0,146.014460825568,124.80845089605674,131.66252379509388,134.1618118389062
*c1nc(nc(n1)OCCCCO*)OC,tg,-8.0,55.4767928312518,35.78148820465218,33.129361811278145,41.462547615727374
*C(C*)(C(=O)OCCCCCOc1cc2c(cc1)cc(cc2)C(=O)Oc1ccccc1)C,tg,48.0,60.857091316971484,52.41018369189956,56.588042016768156,56.6184390085464
*c1cc2c(C(=O)N(C2=O)c2c(cc(cc2)c2cc(c(cc2)N2C(=O)c3c(C2=O)cc(cc3)C(*)(C(F)(F)F)C(F)(F)F)OCCCCCCOc2ccc(cc2)/C=C/c2ccc(cc2)F)OCCCCCCOc2ccc(cc2)/C=C/c2ccc(cc2)F)cc1,tg,140.0,143.99822654910759,141.89716798296172,155.14080537920074,147.01206663709002
*N1C(=O)c2c(C1=O)cc(cc2)Oc1cc2c(C(=O)N(C2=O)c2c(ccc(c2)C(c2cc(c(cc2)OCCN(c2ccc(cc2)C=CC2=CC(=C(C#N)C#N)CC(C2)(C)C)C)*)(C(F)(F)F)C(F)(F)F)OCCN(c2ccc(cc2)C=CC2=CC(=C(C#N)C#N)CC(C2)(C)C)C)cc1,tg,215.0,212.0757992324343,216.4844299512412,216.95606137679894,215.17209685349147
*NC(=O)CCCCC(=O)NCC(CCC*)(C)C,tg,77.0,60.384589809713646,64.78046846127273,58.28206204948467,61.14904010682368
*Oc1ccc(cc1)S(=O)(=O)c1ccc(cc1)Oc1ccc(cc1)C12CC3(CC(CC(C1)C3)C2)c1ccc(cc1)*,tg,242.0,242.66207577736168,247.77783414873028,244.58501179296024,245.00830723968406
*C(C*)(C(=O)OCCN(c1ccc(cc1)[N+](=O)[O-])CC)C,tg,98.0,93.29169994886603,85.28571374547357,71.75855041743381,83.44532137059115
*N1C(=O)c2c(C1=O)cc(cc2)Oc1cc2c(C(=O)N(C2=O)CCCCCCCC*)cc1,tg,145.0,123.5191175981098,110.07252919545265,111.72974943973729,115.1071320777666
*OC(=O)c1ccc(cc1)N=Cc1ccc(cc1)C=Nc1ccc(cc1)C(=O)OCCCCOCCCCOCCCC*,tg,-13.2,39.43769058498586,21.838370398526976,47.740720523507086,36.33892716900664
*c1ccc2n(c3c(c2c1)cc(cc3)C=C(C(=O)OCCCCCCOC(=O)C(=C*)C#N)C#N)CCCCCCC,tg,87.0,86.30844202159449,84.57468086178665,82.73978770014898,84.54097019451004
*Oc1ccc(cc1)Cc1ccc(cc1)OC(=O)c1cc(cc(c1)OCCCCC)C(=O)*,tg,110.0,109.5699186810174,116.1578523581352,123.33488308998645,116.35421804304634
*C1C(=O)OC(=O)C1C(C*)c1ccccc1,tg,177.0,186.60117555913237,193.39808790711322,163.9865225821738,181.32859534947315
*c1c(nc2c(n1)cc(cc2)Oc1ccc(cc1)NC(=O)c1cc(cc(c1)N1C(=O)c2c(C1=O)cccc2)C(=O)Nc1ccc(cc1)Oc1cc2c(nc(c(n2)c2ccc(cc2)*)c2ccccc2)cc1)c1ccccc1,tg,302.0,298.1567530025175,300.2505341306309,302.7387477094263,300.3820116141916
*Oc1ccc(cc1)C1(CC2C(CC1)CCCC2)c1ccc(cc1)OC(=O)c1cc(ccc1)C(=O)*,tg,248.0,238.18394945986043,245.94007966840883,248.87195668426523,244.33199527084483
*N1C(=O)c2c(C1=O)cc(cc2)Oc1ccc(cc1)C1(CCCCCCCCCCC1)c1ccc(cc1)Oc1cc2c(C(=O)N(C2=O)c2ccc(cc2)Oc2cc(c(cc2)c2c(cc(cc2)Oc2ccc(cc2)*)C)C)cc1,tg,257.0,240.85871589689637,231.00216159868617,226.90860667800933,232.92316139119728
*NC1CCC(CC1)CCC1CCC(CC1)NC(=O)CCCCCCCCC(=O)*,tg,116.0,101.84699664549328,120.7666996593563,113.29328734386327,111.96899454957095
*C(C*)c1c(cccc1)COC,tg,89.0,88.94107128383483,84.83262385279868,74.57992660410828,82.78454058024727
*Nc1ccc(cc1)Cc1ccc(cc1)NC(=O)NCCCCCCNC(=O)*,tg,78.0,102.70527641599179,103.1160310689861,96.80868887471858,100.87666545323215
*OC(COC(=O)c1cc(ccc1)C(=O)*)COc1ccc(cc1)N=Nc1ccc(cc1)C#N,tg,119.0,109.7621025544278,104.37638952638693,109.59855481277883,107.91234896453119
*C(C*)(C(=O)OCCN(c1ccc(cc1)N=Nc1ccc(cc1)S(=O)(=O)Nc1noc(c1)C)C)C,tg,114.0,127.40209863284333,131.23961823007383,92.91198354744525,117.18456680345413
*OC(=O)c1cc(cc(c1)OCCN(c1ccc(cc1)S(=O)(=O)CCCCCCCC)C)C(=O)OCCN(CC*)c1ccc(cc1)S(=O)(=O)C(C(C(C(C(C(C(C(F)(F)F)(F)F)(F)F)(F)F)(F)F)(F)F)(F)F)(F)F,tg,80.0,86.25805789285019,94.86999542291055,72.46075553574327,84.52960295050133
*c1cnc(s1)n1c(=O)c2cc3c(cc2c1=O)c(=O)n(c3=O)c1ccc(cc1)Oc1ccc(cc1)*,tg,328.8,305.9603092424559,302.9049214168201,310.60482392466736,306.4900181946478
*C(C*)F,tg,16.63,43.87981681390095,32.22671611329781,48.81557720075232,41.6407033759837
*c1cc2c(C(=O)N(C2=O)c2cc(c(cc2)Oc2c(cc(cc2)N2C(=O)c3c(C2=O)cc(cc3)C(=O)Nc2c(ccc(c2)C(F)(F)F)Oc2c3c(ccc2)c(ccc3)Oc2c(cc(cc2)C(F)(F)F)NC(=O)*)c2ccccc2)c2ccccc2)cc1,tg,376.0,305.6107173031349,309.9456412878742,295.3623619565994,303.6395735158695
*Oc1ccc(cc1)NC(=O)c1cc(ccc1)C(=O)Nc1ccc(cc1)Oc1ccc(cc1)C(c1cc(ccc1)C(c1ccc(cc1)*)(C)C)(C)C,tg,180.0,184.44610013830004,187.84721030097504,188.11294602898136,186.8020854894188
*N(CC*)C(=O)CCCCCCCCCCCCCCCCC,tg,10.0,-4.548859453485243,-7.912840331521409,-7.8946555701169965,-6.785451785041215
*OCCC*,tg,-72.46,-84.90550747580942,-64.91866348144814,-59.95420791350612,-69.92612629025454
*c1cc2c(C(=O)N(C2=O)c2cc(cc(c2)C(F)(F)F)N2C(=O)c3c(C2=O)cc(cc3)C(=O)*)cc1,tg,276.75,311.33482794686904,310.8816170752938,310.56319502021233,310.9265466807917
*Oc1c(cccc1)C(=O)OC(=O)c1c(cccc1)OC(=O)CCCC(=O)*,tg,50.0,71.93207759924802,65.86056574430322,81.30588345628881,73.03284226661334
*C(C*)C(=O)OCc1ccccc1,tg,9.25,28.473108361818273,27.3306129090129,17.721601470970015,24.50844091393373
*OC(=O)CCCCC(=O)OCCCCC*,tg,-70.33,-53.00495798559335,-51.23050516157463,-47.283147717585024,-50.506203621584326
*c1cc2c(C(=O)N(C2=O)c2ccc(cc2)S(=O)(=O)c2ccc(cc2)N2C(=O)c3c(C2=O)cc(cc3)C(=O)Nc2ccc(cc2)S(=O)(=O)c2ccc(cc2)NC(=O)*)cc1,tg,307.0,262.6272971134837,268.75232189759754,262.0026592477927,264.4607594196246
*c1cc2c(C(=O)N(C2=O)c2c(ccc(c2)N2C(=O)c3c(C2=O)cc(cc3)C(=O)Nc2ccc(cc2)Cc2ccc(cc2)NC(=O)*)N=Nc2ccc(cc2)C)cc1,tg,268.0,267.77619839265805,258.77698547540933,257.6983832849268,261.4171890509981
*c1ccc2c(c1)c(=O)oc(n2)c1cc(cc(c1)N1C(=O)c2c(C1=O)cccc2)c1oc(=O)c2c(ccc(c2)C*)n1,tg,322.0,299.039041231645,285.1653601092522,309.690775080647,297.9650588071814
*C1COC2C1OCC2OC(=O)OCCCCCCOC(=O)O*,tg,25.67,40.56386165623631,30.75035596552422,23.534969155485392,31.616395592415312
*Oc1ccc(cc1)C(=O)c1cc(ccc1)*,tg,145.0,142.74717159599223,136.32653936677633,144.03809776948066,141.03726957741642
*Oc1ccc(cc1)c1ccc(cc1)Oc1c(cc(cc1)c1ccc(cc1)c1cc(c(cc1)*)C(F)(F)F)C(F)(F)F,tg,203.5,187.19888411635654,186.60082272473073,179.79798144172037,184.5325627609359
*c1cc2c(cc1OC(=O)COc1ccc3c(c1)oc(=O)cc3)oc(=O)c(c2)C(=O)Nc1ccc(cc1)S(=O)(=O)c1ccc(cc1)NC(=O)c1c(=O)oc2c(cc(c(c2)OC(=O)COc2ccc3c(c2)oc(=O)cc3)C*)c1,tg,233.0,235.16915168562733,234.79324887551996,239.51923393150696,236.4938781642181
*C(C*)(C(=O)OCCOc1ccc(cc1)N=Nc1ccc(cc1)C#N)C,tg,109.0,93.76860286672877,91.30292396156202,91.03562589125066,92.03571757318048
*c1cc2c(C(=O)N(C2=O)c2ccc(cc2)Oc2cc(ccc2)Oc2ccc(cc2)N2C(=O)c3c(C2=O)cc(cc3)C(=O)Nc2ccc(cc2)Oc2ccc(cc2)C2(c3c(C(=O)N2)cccc3)c2ccc(cc2)Oc2ccc(cc2)NC(=O)*)cc1,tg,267.0,272.64272672756886,281.6595291217701,281.532418621081,278.61155815680667
*N1C(=O)c2c(C1=O)c(ccc2)c1cc2c(C(=O)N(C2=O)c2cc(ccc2)Oc2ccc(cc2)*)cc1,tg,286.0,291.265081893824,288.84789854157674,274.67561235446476,284.92953092995515
*C(C*)(C(=O)OCCCCCCOc1ccc(cc1)OC(=O)c1ccc(cc1)c1ccc(cc1)OC)C,tg,57.0,61.87392547580969,59.32500025928499,53.348195049243486,58.18237359477939
*O[Si](O[Si](O[Si](*)(c1c(c(c(c(c1F)F)Cl)F)F)C)(C)C)(C)C,tg,-75.0,-44.05303294402905,-49.78628149499269,-52.366721004529424,-48.73534514785039
*N1C(=O)c2c(C1=O)cc(cc2)c1cc2c(C(=O)N(C2=O)c2cc(c(c(c2)C(=O)OCCCCCCCCCCCCCCCCCC)c2c(cc(cc2Br)*)C(=O)OCCCCCCCCCCCCCCCCCC)Br)cc1,tg,83.5,96.27889712142941,95.2531265356256,107.28982778930653,99.60728381545384
*C1(COC1)COc1ccc(cc1)C(c1ccc(cc1)OC*)(C(F)(F)F)C(F)(F)F,tg,134.0,103.80064162837371,89.95791148322888,117.10815158743087,103.62223489967782
*Oc1c(cc(cc1)C(=O)c1ccc(cc1)C(=O)c1cc(c(cc1)*)C(C)C)C,tg,149.0,158.45195672795523,165.61979632490508,164.46603345047814,162.84592883444614
*C(C*)c1c(cccc1)C(=O)OC(C)C,tg,146.0,106.77899134753426,111.55763659199812,108.65372039566735,108.9967827783999
*Oc1ccc(cc1)C(c1ccc(cc1)Oc1ccc(cc1)C(=O)c1c(cccc1)c1c(cccc1)C(=O)c1ccc(cc1)*)(C)C,tg,172.0,179.49366536341995,174.32135695267363,186.73546218726955,180.18349483445436
*c1cc2c(C(=O)N(C2=O)c2cc(ccc2)C=CC(=O)Nc2cc(ccc2)NC(=O)*)cc1,tg,245.0,238.99181257554602,254.67492398202216,248.71114749679973,247.45929468478928
*C(C*)(C(=O)OCCCCCCCCCCOc1ccc(cc1)N=Nc1ccc(cc1)OC)C,tg,62.0,63.69482850794191,57.3199209009054,57.05703380778931,59.357261072212204
*C(C*)c1c(ccc(c1)C(=O)Oc1ccc(cc1)OCC)C(=O)Oc1ccc(cc1)OCC,tg,112.0,114.66054239350382,127.87366711951445,108.02104746092927,116.85175232464917
*Oc1ccc(cc1)C(c1ccc(cc1)C(c1ccc(cc1)Oc1ccc(cc1)C(=O)Nc1cc(ccc1)NC(=O)c1ccc(cc1)*)(C)C)(C)C,tg,173.0,172.00987573216503,173.8178111860617,165.62497411783735,170.48422034535471
*N1C(=O)C(CC1=O)Nc1ccc(cc1)Cc1ccc(cc1)NC1C(=O)N(C(=O)C1)c1ccc(cc1)C(=O)Oc1c(cc(cc1C)C(c1cc(c(c(c1)C)OC(=O)c1ccc(cc1)*)C)c1cnccc1)C,tg,186.0,200.91155875715367,208.7836286841093,204.30893692292224,204.6680414547284
*C(C*)OC(=O)C(C(CC)(C)C)(C)C,tg,90.0,93.25925820240415,54.438798826152336,100.17550487159022,82.62452063338223
*C(C*)(C(=O)OCC1OC(OC1)c1ccccc1)C,tg,130.0,81.51832553969557,83.13409956809724,60.5163139557942,75.056246354529
*c1n(c(nn1)c1ccc(cc1)Oc1ccc(cc1)C(c1ccc(cc1)Oc1ccc(cc1)*)(C(F)(F)F)C(F)(F)F)c1cc(ccc1)C(F)(F)F,tg,185.0,224.67338725537584,212.66050661566922,233.06041863827866,223.46477083644126
*OC(=O)CCCC*,tg,-58.13,-21.324900088425505,-17.875229814153414,-21.438973777199607,-20.213034559926175
*Oc1ccc(cc1)NC(=O)c1cc(cc(c1)NC(=O)c1ccccc1)C(=O)Nc1ccc(cc1)*,tg,294.5,274.90460894666506,270.5619924394488,276.8351529385729,274.1005847748956
*N1C(=O)c2c(C1=O)cc(cc2)C(=O)Oc1ccc(cc1)C(c1ccc(cc1)OC(=O)CCCCC*)(C)C,tg,110.0,108.00812518414591,107.49909401197402,100.85872927428656,105.45531615680216
*Nc1ccc(cc1)Cc1ccc(cc1)NC(=O)c1cc(cc(c1)N1C(=O)C2C(C1=O)C1CCC2C1)C(=O)*,tg,293.0,300.8205762620386,291.76741950303483,289.3462955799308,293.9780971150014
*Oc1ccc(cc1)C1(c2ccccc2c2ccccc12)c1ccc(cc1)Oc1c(cc(cc1)c1ccc(cc1)NC(=O)c1cc(cc(c1)C(C)(C)C)C(=O)Nc1ccc(cc1)c1cc(c(cc1)*)C(F)(F)F)C(F)(F)F,tg,278.0,274.20033631219343,264.96445477585837,272.9900858344176,270.7182923074898
*Oc1c2c(ccc1)cc(cc2)OC(=O)c1ccc(cc1)Oc1ccc(cc1)C(=O)*,tg,179.0,142.9459812455338,149.64578452408225,147.24756480380597,146.61311019114066
*C(C*)C(=O)OC1CCCCC1,tg,23.69,67.5241237837843,54.87441876226143,68.06248304110397,63.48700852904991
*OC(=O)c1cc(cc(c1)C(C)(C)C)C(=O)OCC*,tg,94.0,76.53751488275,77.15297835077968,109.56351626790287,87.75133650047752
*Oc1c(cc(cc1)Oc1ccc(cc1)C(=O)c1ccc(cc1)c1ccc(cc1)C(=O)c1ccc(cc1)*)c1cc(ccc1)C,tg,170.0,177.88994183151155,166.71046822262915,171.27592542761744,171.95877849391937
*Nc1ccc(cc1)Cc1ccc(cc1)NC(=O)NCCCCCCCCNC(=O)*,tg,50.0,35.897161255280906,44.747801912327645,27.46800905176054,36.03765740645636
*c1cc2c(C(=O)N(C2=O)c2ccc(cc2)C(=O)OCCCSCCCCCCSCCCOC(=O)*)cc1,tg,31.0,51.59278501180015,49.15584373979074,47.46822086372098,49.40561653843729
*N(CC*)C(=O)C(C)C,tg,30.0,29.660622095130805,52.751287644810716,22.55890475790776,34.9902714992831
*N1C(=O)c2c(C1=O)c(ccc2)Oc1c(cc(cc1C)c1cc(c(c(c1)C)Oc1c2c(C(=O)N(C2=O)c2ccc(cc2)Oc2ccc(cc2)*)ccc1)C)C,tg,298.0,291.0585348165559,281.02682239921035,296.3585415158051,289.48129957719044
*NC(=O)c1c(cc(cc1)C(=O)NCCCCCC*)Oc1ccc(cc1)c1ccccc1,tg,112.0,129.61957432800943,140.11231982369344,127.20539649196917,132.31243021455734
*Nc1ccc(cc1)NC(=O)c1c(ccc(c1)C(=O)c1cc(c(cc1)C(=O)O)C(=O)*)C(=O)O,tg,213.2,246.23719839718208,250.06502499432895,247.31523260127986,247.8724853309303
*Oc1ccc(cc1)C(c1ccc(cc1)OC(=O)c1ccc(cc1)C(c1ccc(cc1)C(=O)*)(CC)C)(C)C,tg,207.5,199.20213636477067,200.17158717191077,198.2296550465096,199.201126194397
*Oc1ccc(cc1)NC(=O)c1cc(ccc1)C(=O)Nc1ccc(cc1)OCCCCCCCC*,tg,128.0,110.07969867300093,123.19272541884484,112.14726696064774,115.13989701749784
*C(C*)(C(=O)OCCCCCCOc1ccc(cc1)C(=O)Oc1ccc(cc1)OCCCC)C,tg,55.17,33.19571889871081,32.99948970904096,29.010986642067667,31.735398416606476
*Nc1ccc(cc1)NC(=O)CCCCCC(=O)*,tg,133.0,138.0539027480551,140.04686663938008,151.4852433214542,143.1953375696298
*Oc1ccc(cc1)Oc1ccc(cc1)Oc1ccc(cc1)NC(=O)c1cc(cc(c1)C(C)(C)C)C(=O)Nc1ccc(cc1)*,tg,230.0,209.42819324600364,205.371860624365,205.6060435974174,206.80203248926202
*c1cc2c(C(=O)N(C2=O)c2ccc(cc2)Oc2c(cc(c(c2)C(C)(C)C)Oc2ccc(cc2)N2C(=O)c3c(C2=O)cc(cc3)C(=O)*)C(C)(C)C)cc1,tg,288.0,277.7888279190918,281.4430295536441,279.8586928618995,279.69685011154513
*S(=O)(=O)c1ccc(cc1)NC(=O)CCCCCC(=O)Nc1ccc(cc1)*,tg,163.0,164.3015307375568,170.55623608078022,173.99484593847112,169.61753758560272
*N1C(=O)c2c(C1=O)cc(cc2)Oc1ccc(cc1)C(c1ccc(cc1)Oc1cc2c(C(=O)N(C2=O)c2c(cc(cc2C)c2cc(c(c(c2)C)*)C)C)cc1)(C)C,tg,280.0,301.07708810857457,293.27061547597066,304.8990094776894,299.7489043540782
*C1C(=O)N(C(=O)C1*)c1ccc(cc1)O[Si](C)(C)C,tg,172.0,167.20784397247573,172.48661726927006,141.5235567704004,160.40600600404875
*Sc1cc(ccc1)Sc1ccc(cc1)Sc1ccc(cc1)*,tg,69.0,75.3224644603913,79.10140035686447,81.39562637067048,78.60649706264208
*C(C*)OC(=O)c1ccc(cc1)OC(=O)C,tg,76.0,81.73367687553318,89.72824421787608,93.58885428825045,88.35025846055323
*C(C*)C(=O)OC1CC(CC(C1)C)(C)C,tg,15.0,85.75658224870094,75.76312192724258,93.34916023397297,84.95628813663882
*c1cc2c(C(=O)N(C2=O)c2ccc(cc2)C(=O)Nc2ccc(cc2)Oc2ccc(cc2)NC(=O)*)cc1,tg,252.67,242.26275573764403,247.88307962637975,239.16748134537264,243.10443890313215
*N1C(=O)N(C(=O)C1=O)c1ccc(cc1)CCc1ccc(cc1)*,tg,197.0,212.98461884162455,206.27996977731055,224.66250696827316,214.64236519573612
*C(C*)(CC(=O)OC1CCCCCC1)C(=O)OC1CCCCCC1,tg,105.0,94.62380296108705,87.49787272684026,101.32753847679707,94.48307138824146
*NC(=O)CCC1(c2ccccc2c2ccccc12)CCC(=O)NCc1cc(ccc1)C*,tg,150.0,154.24398953689385,166.75424111089245,139.62390183538912,153.54071082772512
*N1C(=O)c2c(C1=O)cc(cc2)Oc1ccc(cc1)C(c1ccc(cc1)Oc1cc2c(C(=O)N(C2=O)c2ccc(cc2)Oc2c(c(ccc2)Oc2ccc(cc2)*)C#N)cc1)(C)C,tg,213.0,235.17553984257955,221.37846547214056,228.6526365298594,228.40221394819318
*C(C*)c1c(ccc(c1)C(=O)OCC)c1ccc(cc1)OCCCCCCCC,tg,95.0,99.74021871829396,96.12245639107633,102.95809268950256,99.60692259962428
*c1oc(nn1)c1ccc(cc1)Oc1cc(ccc1)n1c(=O)c2ccc3c(=O)n(c(=O)c4ccc(c1=O)c2c34)c1cc(ccc1)Oc1ccc(cc1)*,tg,318.0,246.88767862305187,251.47178505537119,269.62388982624026,255.99445116822108
*Nc1c(cc(cc1)NC(=O)c1ccc(cc1)NC(=O)CCCCCCCCCCCCC(=O)Nc1ccc(cc1)C(=O)*)C(=O)OCCCCCCCCCCCCCCCC,tg,250.0,195.23907292216035,195.0709541034582,195.24578837004924,195.18527179855593
*c1cc2c(C(=O)N(C2=O)c2ccc(cc2)Cc2ccc(cc2)N2C(=O)c3c(C2=O)cc(cc3)C(=O)Nc2ccc(cc2)Oc2c(cccc2)c2c(cccc2)Oc2ccc(cc2)NC(=O)*)cc1,tg,240.0,241.91902015036288,243.67375877370702,243.64280867456594,243.07852919954527
*OC(=O)CCCCCCCC(=O)OCC*,tg,-45.0,-53.15644350708911,-45.71122123148771,-52.05708556561101,-50.30825010139594
*Oc1ccc(cc1)C1(c2cc(ccc2c2ccc(cc12)[N+](=O)[O-])N(C)C)c1ccc(cc1)OC(=O)CCCCC(=O)*,tg,150.0,179.28469693583773,186.69137755902193,186.08719830691794,184.02109093392585
*Oc1c(cc(cc1)OC(=O)c1c(cc(cc1)c1ccc(cc1)C(=O)*)c1ccccc1)C,tg,133.0,135.75229866635692,147.71477502055424,140.92340269988702,141.4634921289327
*C(C*)c1nc(nc(n1)C)C,tg,70.0,141.07151771381817,126.94065660025697,125.37474697578962,131.12897376328826
*C(C*)c1c(cccc1Cl)Cl,tg,165.0,132.81173291005976,131.42386562602377,145.3442638099405,136.526620782008
*N1C(=O)c2c(C1=O)cc(cc2)Oc1cc2c(C(=O)N(C2=O)c2cc(ccc2)C(c2cc(ccc2)*)(C(F)(F)F)C(F)(F)F)cc1,tg,224.5,237.72913424274284,245.08823775097196,228.38565017251844,237.0676740554111
*c1cc2c(C(=O)N(C2=O)c2c3c(c(cc2C)c2cc(c(c4c2cccc4)N2C(=O)c4c(C2=O)cc(cc4)C(=O)Nc2ccc(cc2)C(c2ccc(cc2)NC(=O)*)(C(F)(F)F)C(F)(F)F)C)cccc3)cc1,tg,250.0,306.3017863497184,294.9599623350964,285.0445804599595,295.4354430482581
*c1cc2c(C(=O)N(C2=O)c2cc(ccc2)C(=O)Nc2ccc(cc2)NC(=O)c2ccc(cc2)NC(=O)c2cc(ccc2)N2C(=O)c3c(C2=O)cc(cc3)C(*)(C(F)(F)F)C(F)(F)F)cc1,tg,328.0,275.7947136728583,283.85834757044853,270.6604087459152,276.771156663074
*N1C(=O)c2c(C1=O)cc(cc2)c1cc2c(C(=O)N(C2=O)c2ccc(cc2)Oc2c(c(ccc2)Oc2ccc(cc2)*)C#N)cc1,tg,271.0,271.3054149453366,266.9049139636762,271.49009686948364,269.9001419261655
*c1ccc2c3n(c4ccc(cc4n3)c3cc4n5c(nc4cc3)c3cccc4c(ccc(c5=O)c34)Oc3ccc(cc3)C3(c4ccccc4c4ccccc34)c3ccc(cc3)O*)c(=O)c3cccc1c23,tg,421.0,408.7996581507384,398.7094899050761,383.33370343852044,396.94761716477836
*OC(C*)CCCCCC,tg,-71.67,-72.59199422656076,-73.91851907299773,-81.88875672476266,-76.13309000810705
*Nc1cc(cc(c1)c1oc(nn1)c1ncccc1)NC(=O)c1ccc(cc1)C(=O)*,tg,230.0,225.93633592219945,238.643114428152,242.6950895734257,235.75817997459237
*Nc1cc(ccc1)NC(=O)c1cc(ccc1)C(=O)Nc1cc(ccc1)NC(=S)NC(=O)c1ccc(cc1)C(=O)NC(=S)*,tg,248.0,241.9338088851159,248.00945374455404,239.2899645102629,243.0777423799776
*Nc1cc(cc(c1)C(=O)OCCN(c1ccc(cc1)S(=O)(=O)C(C(C(C(C(C(C(C(F)(F)F)(F)F)(F)F)(F)F)(F)F)(F)F)(F)F)(F)F)C)NC(=O)c1cc(cc(c1)OCCN(c1ccc(cc1)C#N)C)C(=O)*,tg,165.0,157.77418744363874,158.7965341830255,156.42226878434437,157.66433013700285
*C(C*)(C(=O)OC(COc1ccc(cc1)c1ccccc1)COc1ccc(cc1)c1ccccc1)C,tg,85.0,98.08842783206752,102.1049349389662,99.78036264106649,99.9912418040334
*c1cc2c(C(=O)N(C2=O)c2ccc(cc2)Oc2ccc(cc2)Oc2ccc(cc2)N2C(=O)c3c(C2=O)cc(cc3)C(=O)Nc2ccc(cc2)Oc2ccc(cc2)C2(c3c(C(=O)N2)cccc3)c2ccc(cc2)Oc2ccc(cc2)NC(=O)*)cc1,tg,284.0,290.6905269393026,294.83640183404486,288.6847103984331,291.4038797239268
*c1oc(cc1)C(c1oc(cc1)CNC(=O)OC(C(OC(=O)NC*)c1occc1)c1occc1)(C)C,tg,45.0,73.08544607718164,47.88293459409141,65.7828273821905,62.25040268448785
*Oc1c(cc(cc1)C(c1cc(c(cc1)OC(=O)c1ccc(cc1)C(=O)*)CCCC)(C)C)CCCC,tg,156.67,90.20063922627959,84.2606642659122,115.70579844507684,96.72236731242288
*N1C(=O)c2c(C1=O)cc(cc2)Oc1cc2c(C(=O)N(C2=O)c2c(ccc(c2)C(c2cc(c(cc2)OCc2cc(cc(c2)OCCN(c2ccc(cc2)C=CC2=CC(=C(C#N)C#N)CC(C2)(C)C)C)OCCN(c2ccc(cc2)C=CC2=CC(=C(C#N)C#N)CC(C2)(C)C)C)*)(C(F)(F)F)C(F)(F)F)OCc2cc(cc(c2)OCCN(c2ccc(cc2)C=CC2=CC(=C(C#N)C#N)CC(C2)(C)C)C)OCCN(c2ccc(cc2)C=CC2=CC(=C(C#N)C#N)CC(C2)(C)C)C)cc1,tg,178.0,174.78160720078074,177.40028637351918,182.3907947014186,178.19089609190618
*Nc1ccc(cc1)Cc1ccc(cc1)NC(=O)c1ccc(cc1)P(=O)(c1ccc(cc1)C(=O)*)c1ccccc1,tg,307.0,243.82833016335928,256.100141644892,232.82666020649145,244.2517106715809
*Oc1ccc(cc1)C(c1ccc(cc1)OCC(COc1ccc(cc1)C(=O)c1ccc(cc1)OCC(C*)O)O)(C)C,tg,120.0,98.30453063719573,103.07160042662476,99.61242557856855,100.32951888079634
*OC(=O)CCCCC(=O)OCC(C*)CCCCCCOc1ccc(cc1)N=Nc1ccc(cc1)C(F)(F)F,tg,44.0,17.866910725753065,17.776982908476754,24.20698787180799,19.950293835345935
*NC(=O)c1ccc(cc1)C(c1ccc(cc1)C(=O)NCCCCCC*)(CC)C,tg,159.0,134.17147707976827,147.36411590724353,135.32959333337405,138.95506210679528
*C1C2CCC(C1*)C2,tg,251.49,194.71302427442262,181.66397957936607,139.52200362024107,171.96633582467658
*Oc1ccc(cc1)Oc1ccc(cc1)NC(=C(C#N)C#N)c1ccc(cc1)C(=C(C#N)C#N)Nc1ccc(cc1)*,tg,255.0,243.37828353671352,250.78230951299207,222.2465075870608,238.80236687892213
*NC(=O)CCCCCCCCC(=O)NCCc1ccc(cc1)CC*,tg,105.0,92.83162208833012,85.23773166912235,92.35546808982576,90.14160728242608
*Oc1ccc(cc1)Oc1cc(ccc1)C(=O)Oc1ccc(cc1)OC(=O)c1cc(ccc1)*,tg,119.0,121.76921601945489,122.63451218348075,126.75858878526061,123.72077232939876
*O[Si](c1cc(ccc1)C(C(c1cc(ccc1)[Si](*)(C)C)(F)F)(F)F)(C)C,tg,-2.0,15.47546300949831,5.954084198675531,30.921055455418944,17.45020088786426
*c1nc2c([nH]1)ccc(c2)NC(=O)c1ccc(cc1)OCCOCCOCCOCCOCCOc1ccc(cc1)C(=O)Nc1cc(ccc1)*,tg,140.0,129.272131731439,135.81699589348295,139.44692649767802,134.8453513742
*C1COC2C1OCC2OC(=O)OCCCCCCCCOC(=O)O*,tg,19.5,25.733029166365917,21.557702916819338,31.765140125071888,26.35195740275238
*C(C*)(C(=O)OCCCCOc1ccc(cc1)OC(=O)c1ccc(cc1)OCCCCCCCC)C,tg,10.0,28.458145341946423,32.119413900546164,35.911981557314164,32.16318026660225
*N1C(=O)c2c(C1=O)c(ccc2)c1cc2c(C(=O)N(C2=O)c2c(cc(cc2)c2cc(c(cc2)*)C)C)cc1,tg,384.0,388.6036646354846,370.9976353584549,385.7191315840255,381.773477192655
*Oc1cc2c(cc1)ccc(c2)Oc1ccc(cc1)C(=O)Nc1cc(ccc1)Oc1ccc(cc1)NC(=O)c1ccc(cc1)*,tg,164.0,199.81656144826366,194.98119783556666,182.18499542157505,192.32758490180177
*c1sc(cc1)C(=O)Oc1ccc(cc1)[Si](c1ccc(cc1)OC(=O)*)(CC)C,tg,-51.0,-32.68732018198239,-34.237091335868286,129.25027443667798,20.775287639609104
*OC(COC(=O)C1CCC(CC1)C(=O)*)COc1ccc(cc1)N=Nc1ccc(cc1)C#N,tg,106.0,97.54227627006519,90.56681693364675,93.80538871789322,93.97149397386839
*c1ccc2c(nc([nH]2)c2cc(ccc2)c2nc3c([nH]2)ccc(c3)C(=O)Nc2ccc(cc2)S(=O)(=O)c2ccc(cc2)NC(=O)*)c1,tg,312.0,322.09000581081267,315.3724432285566,313.8376740267064,317.1000410220252
*C1COC2C1OCC2OC(=O)OCCCCCCCCCCOC(=O)O*,tg,6.5,17.470732302668843,18.486985666951952,24.01834775386617,19.99202190782899
*C(C*)C(F)(F)F,tg,28.0,22.32794186279273,20.608110127896637,28.497972688562644,23.81134155975067
*OC(=O)NCCCCCCCCCNC(=O)OCC*,tg,44.0,30.246178914568347,25.151472113974236,29.32374340149132,28.240464810011304
*c1cc2c(C(=O)N(C2=O)c2cc(ccc2)C(c2cc(ccc2)N2C(=O)c3c(C2=O)cc(cc3)C(*)(C(F)(F)F)C(F)(F)F)(C(F)(F)F)C(F)(F)F)cc1,tg,266.5,272.5799604573656,285.9993099850943,276.63279699315746,278.40402247853916
*C1OC(C(C(C1NC(=O)C)O)O*)CO,tg,236.5,124.22534423984291,137.65512130537385,123.65711762308014,128.51252772276564
*OC(=O)CCCCCCC(=O)OCCC*,tg,-58.75,-56.63631940741193,-51.669296251407275,-56.30474130993068,-54.8701189895833
*C(C*)c1c(cccc1)COCCc1ccccc1,tg,63.0,54.33980977269446,53.08000027460892,42.137133146898805,49.85231439806739
*[n+]1ccc(cc1)c1cc[n+](cc1)Cc1c(cccc1)C*,tg,70.5,143.5027236056877,176.6875583577063,129.74579087331455,149.97869094556953
*Nc1c(cc(cc1)Br)c1ccc(cc1)NC(=O)c1ccc(cc1)C(=O)*,tg,267.0,273.76156624933725,260.4940319415277,261.2670739410406,265.17422404396854
*C(C*)OC(=O)C(CCC)(C)C,tg,10.0,52.36134853251845,24.387222452769194,48.178931990485474,41.64250099192437
*NC(=O)C(C(C(=O)NCCCCCCCCC*)OC)OC,tg,84.0,89.20183640733674,81.36299718538874,84.05076382880787,84.87186580717778
*C1COC2C1OCC2OC(=O)CCC(=O)O*,tg,77.0,107.34524597161477,102.49699742878035,113.69169879251153,107.84464739763554
*C(C*)(C(=O)OCC(C1OCC(CO1)(C)C)(C)C)C,tg,111.0,91.40193199339112,101.98213974099262,96.43201931412037,96.60536368283469
*OC(=O)CCCCC(=O)OCC*,tg,-61.91,-40.62558758892613,-27.200019994359252,-43.133394529244455,-36.98633403750994
*Oc1ccc(cc1)c1ccc(cc1)OC(=O)c1c(cc(c(c1)OCCCCCC)C(=O)*)OCCCCCC,tg,113.0,84.52543299652034,72.58376337374928,86.27209528282795,81.12709721769919
*Oc1ccc(cc1)CC(NC(=O)CCc1ccc(cc1)OC(=O)COCC(=O)*)C(=O)OCCCCCCCCCCCC,tg,36.0,35.52571378070426,33.87075799010114,38.409437184636325,35.93530298514724
*C(C*)c1sccc1,tg,71.0,49.128745092297784,57.776004787305126,39.17087166549323,48.69187384836538
*OC(CCC(C(=O)*)C1OCCCO1)CCC,tg,17.4,27.930148265848064,27.146672403322526,29.40073112967631,28.159183932948963
*N1C(=O)c2c(C1=O)cc(cc2)c1cc2c(C(=O)N(C2=O)c2cc(ccc2)OCCCOc2cc(ccc2)*)cc1,tg,184.0,191.2415844912259,189.15847562194807,178.96377988833297,186.45461333383562
*OC(=O)CC(=O)OCCCCCCCCCCCCCCCCCCCC*,tg,-35.1,-17.514183606629242,-34.55734905872461,-18.37218640922168,-23.48123969152518
*OC(=O)c1ccc(cc1)C(=O)OCC(C(C*)C(C)C)C(C)C,tg,65.0,44.678631564332534,54.67727073172719,45.56165988233695,48.30585405946556
*c1oc(nn1)c1ccc(cc1)C(=O)OCCCCCCOc1ccc(cc1)C=CC(=O)C=Cc1ccc(cc1)OCCCCCCOC(=O)c1ccc(cc1)*,tg,62.0,93.57269445234841,96.61636159034803,76.54455722653678,88.91120442307773
*Oc1ccc(cc1)C(c1ccc(cc1)OC(=O)OCCCOC(=O)*)(C)C,tg,68.1,66.97569185336572,60.29148425072728,52.48261554153044,59.916597215207815
*OC(=O)NNC(=O)CCCCCCCCC(=O)NNC(=O)OCCC*,tg,22.0,63.45399908006852,61.663925672181776,61.939467558478874,62.35246410357639
*Oc1ccc(cc1)S(=O)(=O)c1ccc(cc1)Oc1ccc(cc1)S(=O)(=O)c1ccc(cc1)c1ccc(cc1)c1ccc(cc1)S(=O)(=O)c1ccc(cc1)*,tg,281.0,253.0993086720652,251.14100300722964,244.17585477293707,249.4720554840773
*c1cc2c(C(=O)N(C2=O)c2cc(cc(c2)C(=O)OC)N2C(=O)c3c(C2=O)cc(c(c3)Cl)C(=O)*)cc1Cl,tg,321.0,303.84282998158795,303.12731431519654,289.49185304885054,298.82066578187835
*Oc1ccc(cc1)NC(=O)c1c(ccc(c1)c1cc(c(cc1)C(=O)OCC)C(=O)Nc1ccc(cc1)*)C(=O)OCC,tg,190.15,215.21050266030545,213.04457607198077,216.2157166470435,214.82359845977658
*NC(=O)CCCCCCCCCCCCCCCCCCC(=O)NCCCCCCC*,tg,46.0,47.96053342806315,48.37101903625785,47.3780363083229,47.90319625754796
*c1cc2C(c3c(c2cc1)ccc(c3)c1c(cc(c(c1)OCc1ccccc1)*)OCc1ccccc1)(CCCCCC)CCCCCC,tg,73.0,96.67368013466265,122.89631825305433,117.25267038716267,112.27422292495987
*c1cc2c(C(=O)N(C2=O)c2cc(ccc2)C(=O)Nc2ccc(cc2)C(c2ccc(cc2)NC(=O)c2cc(ccc2)N2C(=O)c3c(C2=O)cc(cc3)C(*)(C(F)(F)F)C(F)(F)F)(C(F)(F)F)C(F)(F)F)cc1,tg,273.5,295.6007582356546,304.87296688926347,290.6781689061666,297.0506313436949
*Oc1c(cc(c(c1)OC(=O)c1ccc(cc1)OCCC)OC(=O)CCCCCCCCCCCCCCC(=O)*)OC(=O)c1ccc(cc1)OCCC,tg,18.0,47.34693771892666,50.01437928918703,46.96144419706189,48.107587068391865
*C(C*)(C(=O)OCCCCCCOc1ccc(cc1)N=Nc1ccc(cc1)OC)C,tg,82.0,65.55560655072459,70.29408715773543,64.71790196041783,66.85586522295928
*N1C(=O)c2c(C1=O)c(ccc2)Oc1cc(ccc1)Oc1c2c(C(=O)N(C2=O)c2ccc(cc2)Oc2cc(ccc2)Oc2ccc(cc2)*)ccc1,tg,193.0,213.9668825695867,206.6115437154537,218.42775276398814,213.00205968300952
*c1c2c(c(nn1)c1ccc(cc1)Oc1ccc(cc1)C(c1ccc(cc1)Oc1ccc(cc1)*)(C(F)(F)F)C(F)(F)F)c(c(c(c2c1ccc(cc1)F)c1ccc(cc1)F)c1ccc(cc1)F)c1ccc(cc1)F,tg,285.33,272.5031132519277,281.2539275719532,254.96918094186307,269.575407255248
*c1cc2c(C(=O)N(C2=O)c2c(ccc(c2)C(c2cc(c(cc2)OC(=O)C)N2C(=O)c3c(C2=O)cc(cc3)C(*)(C(F)(F)F)C(F)(F)F)(C(F)(F)F)C(F)(F)F)OC(=O)C)cc1,tg,266.5,248.01881452564655,259.46909913172806,255.02186871961948,254.16992745899802
*Nc1ccc(cc1)C1(c2ccccc2c2ccccc12)c1ccc(cc1)NC(=O)c1cc(cc(c1)NC(=O)C12CC3CC(CC(C1)C3)C2)C(=O)*,tg,370.0,283.30692026905956,292.2331936185657,305.8039205238061,293.78134480381044
*c1cc2c(C(=O)N(C2=O)c2ccc(cc2)Sc2ccc(cc2)Sc2ccc(cc2)Sc2ccc(cc2)N2C(=O)c3c(C2=O)cc(cc3)C(*)(C(F)(F)F)C(F)(F)F)cc1,tg,233.0,236.0284781958448,238.13947310892692,233.9966809409643,236.05487741524533
*c1n(c(nn1)c1ccc(cc1)Oc1ccc(cc1)C(c1ccc(cc1)Oc1ccc(cc1)*)(C)C)c1ccc(cc1)C,tg,205.0,199.75117409191597,200.79898996272345,194.4553609190002,198.33517499121322
*c1cc2C(c3c(c2cc1)ccc(c3)c1ccc(cc1)*)(CCCCCCC#N)CCCCCCC#N,tg,90.0,127.77852346059609,114.86162902421864,117.30790225483975,119.98268491321816
*c1nc2c(nc1c1ccccc1)cc(cc2)Oc1ccc(cc1)Oc1ccc(cc1)P(=O)(c1ccc(cc1)Oc1ccc(cc1)Oc1cc2c(nc(c(n2)c2ccccc2)c2ccc(cc2)*)cc1)c1ccccc1,tg,248.0,261.20371540456824,255.08412858412282,251.8219843707151,256.0366094531354
*C(C(CCCC*)c1ccc(cc1)O)c1c(cc(cc1)O)C,tg,25.0,66.61172501715609,37.37275578213509,67.86364696330044,57.28270925419721
*C(C*)(C(=O)OCC(C(C(F)(F)F)(F)F)(F)F)F,tg,75.0,61.38527116917388,57.618247676270215,57.58679866197139,58.863439169138495
*N(CC(C*)O)c1ccc(cc1)N=Nc1ccc(cc1)C(=O)O,tg,99.0,145.04714187356956,146.2933073023201,139.68808512008238,143.67617809865735
*c1cc2c(C(=O)N(C2=O)c2c3c(ccc2)c(ccc3)N2C(=O)c3c(C2=O)cc(cc3)C(=O)Nc2ccc(cc2)C(c2ccc(cc2)NC(=O)*)(C(F)(F)F)C(F)(F)F)cc1,tg,250.0,303.467709006322,310.4410526988182,273.1263717185427,295.6783778078943
*Nc1c2c(ccc1)c(ccc2)NC(=O)c1cc(ccc1)C(=O)*,tg,325.0,270.3268397249937,284.6654579325632,234.65437488939617,263.215557515651
*c1nc2c([nH]1)ccc(c2)c1ccc2c(nc([nH]2)c2cc(ccc2)C(=O)Nc2ccc(cc2)Cc2ccc(cc2)N2C(=O)c3c(C2=O)cc(cc3)S(=O)(=O)c2cc3c(C(=O)N(C3=O)c3ccc(cc3)Cc3ccc(cc3)NC(=O)c3cc(ccc3)*)cc2)c1,tg,270.0,280.6604456064317,284.7938096114821,300.94445258872634,288.7995692688801
*N1C(=O)c2c(C1=O)cc(cc2)C(c1cc2c(C(=O)N(C2=O)CCCCCCC*)cc1)(C(F)(F)F)C(F)(F)F,tg,150.0,128.88274016052694,130.99691700686583,137.21980029070247,132.36648581936507
*Oc1ccc(cc1)NC(=O)c1cc(ccc1)C(=O)Nc1ccc(cc1)OCCOCC*,tg,155.0,128.31437259787435,131.46532474649464,126.67334894095268,128.81768209510722
*OC(=O)OCC(C(C*)O)O,tg,51.38,19.72527516061388,40.325433031310524,-7.435674552749562,17.538344546391613
*Oc1cc(c(cc1)N=Cc1ccc(cc1)C=Nc1c(cc(cc1)OCCCCCCCCCC*)C)C,tg,77.6,70.8158966223424,62.213943807424556,88.83151452392536,73.95378498456411
*Oc1ccc(cc1)C(c1ccc(cc1)OC(=O)*)C,tg,122.2,123.37930322884388,121.6666222989049,125.46693785791602,123.5042877952216
*Oc1cc2c(C(CC32CC(c2ccc(cc32)OC(=O)*)(C)C)(C)C)cc1,tg,227.5,179.98411149513865,201.4568787355302,174.6424152877413,185.3611351728034
*Oc1c(cc(cc1Cl)C(=C(Cl)Cl)c1cc(c(c(c1)Cl)OC(=O)*)Cl)Cl,tg,250.0,205.0645453980728,219.48113646490668,191.9725848623548,205.50608890844475
*c1ccc2n(c3c(c2c1)cc(cc3)c1ccc2n(c3c(c2c1)cc(cc3)C=Cc1ccc(cc1)c1n(c(nn1)c1ccc(cc1)C=C*)c1ccccc1)CCCCCCCC)CCCCCCCC,tg,157.0,137.00143547956247,175.0952656131338,127.94272201619614,146.67980770296413
*NC(=O)CCCCC(=O)NCCCP(=O)(CCC*)C,tg,33.0,57.54673619814495,51.71764465206847,54.471626110605456,54.578668986939626
*c1cc2c(C(=O)N(C2=O)C2C(=O)N(C(=O)C2)c2ccc(cc2)c2ccc(cc2)NC(=O)*)cc1,tg,219.0,217.83810890798074,172.73529283031573,250.5531487731437,213.70885017048008
*Oc1ccc(cc1)C(=Cc1ccc(cc1)OCCOCC*)C,tg,39.0,45.07322052185617,49.703229282702026,45.188608077916996,46.6550192941584
*NC(=O)c1cc(ccc1)C(=O)NCC1CC(CC(C1)C(C)(C)C)C*,tg,209.0,187.33642938797232,200.22708287533982,192.6312170406786,193.39824310133022
*c1cc2c(C(=O)N(C2=O)c2c(cc(cc2)c2cc(c(cc2)N2C(=O)c3c(C2=O)cc(cc3)C(*)(C(F)(F)F)C(F)(F)F)C)C)cc1,tg,352.0,340.88839667846486,331.6254758462211,340.39723486729235,337.63703579732606
*Oc1c(cc(cc1)C1(CCCCC1)c1cc(c(cc1)OC(=O)*)C)C,tg,134.75,145.740809535909,146.2860331977873,152.45947087171035,148.16210453513554
*Oc1c(cc(c(c1)OC(=O)c1ccc(cc1)OCCCC)OC(=O)C(CCC(=O)*)C)OC(=O)c1ccc(cc1)OCCCC,tg,55.0,55.417085667649204,55.96868869934869,63.01059738114647,58.13212391604812
*Oc1ccc(cc1)N=CCCCC=Nc1ccc(cc1)OC(=O)NC1CC(CC(C1)(CNC(=O)*)C)(C)C,tg,66.0,118.14800567102338,96.0709580387913,98.15733774232874,104.12543381738114
*C(C*)CCCCCCCCCI,tg,-6.0,-18.8649528183001,-10.352110026839114,-3.1928314732087553,-10.803298106115989
*SCC(=O)NCCCCCCNC(=O)C*,tg,-7.0,43.11819580437449,52.17509598662227,35.721485253521266,43.67159234817268
*Oc1ccc(cc1)C1(c2ccccc2c2ccccc12)c1ccc(cc1)OCCOC(=O)NCCCCCCNC(=O)OCC*,tg,61.0,121.00009758879429,125.25925023163938,115.8343277336614,120.69789185136501
*c1cc2c(C(=O)N(C2=O)c2cc(c(cc2)Oc2ccc(cc2)Oc2ccc(cc2)N2C(=O)c3c(C2=O)cc(cc3)C(*)(C(F)(F)F)C(F)(F)F)C(F)(F)F)cc1,tg,260.8,244.37322543657805,248.09804523815342,252.77495356491926,248.41540807988358
*c1cc2c(oc(n2)c2nc(ccc2)c2oc3c(n2)cc(cc3)C(*)(C(F)(F)F)C(F)(F)F)cc1,tg,329.0,324.0289333871721,308.2941238530759,327.34532937273474,319.88946220432763
*OC(=O)Nc1c(cc(cc1)c1cc(c(cc1)NC(=O)OCCN(CC*)c1ccc(cc1)N=Nc1ccc(cc1)[N+](=O)[O-])OC)OC,tg,140.0,144.24483242778615,145.36949062192025,151.56561073821214,147.0599779293062
*C(=C(*)c1ccccc1)c1ccc(cc1)C(C)(C)C,tg,200.0,215.46051983316843,240.4457800009847,196.71975926421376,217.54201969945564
*C(C*)C(=O)OC(CC)CC,tg,-6.0,-9.767416921274256,42.51424165112827,-9.471384122499733,7.758480202451428
*c1cc2c(C(=O)N(C2=O)c2c(ccc(c2)N2C(=O)c3c(C2=O)cc(cc3)C(=O)Nc2c(cc(cc2C)Cc2cc(c(c(c2)C)NC(=O)*)C)C)N=Nc2ccc(cc2)[N+](=O)[O-])cc1,tg,280.0,279.1462338150352,271.61077880742255,280.6736042399874,277.14353895414837
*Oc1ccc(cc1)OC(=O)c1c(cc(c(c1)OCCCCCCCCOCC1N(CCC1)c1ccc(cc1)[N+](=O)[O-])C(=O)*)OCCCCCCCCOCC1N(CCC1)c1ccc(cc1)[N+](=O)[O-],tg,41.0,45.18282626526455,47.28575469702581,48.136907983636675,46.86849631530902
*Oc1ccc(cc1)CC(NC(=O)CCc1ccc(cc1)OC(=O)CCC(=O)*)C(=O)OCCCC,tg,67.0,67.15280619845763,63.59608351544671,66.17597780890408,65.6416225076028
*N1C(=O)c2c(C1=O)cc(cc2)Oc1cc2c(C(=O)N(C2=O)c2cc(ccc2)P(=O)(c2cc(ccc2)*)c2ccccc2)cc1,tg,251.0,248.68332011049347,248.83852672698072,239.48194085130274,245.66792922959232
*N1C(=O)c2c(C1=O)cc(cc2)S(=O)(=O)c1cc2c(C(=O)N(C2=O)c2ccc(cc2)C2(c3ccccc3c3ccccc23)c2ccc(cc2)*)cc1,tg,392.0,374.8845340807876,374.65627454791024,369.6706218130995,373.07047681393243
*C1C(=O)OC(=O)C1C1C2CC(C(C1*)C2)C(=O)OCCOCC,tg,155.0,188.0116502768881,172.22921008469092,183.55677711389484,181.26587915849132
*Oc1ccc(cc1)S(=O)(=O)c1ccc(cc1)Oc1c(cc(cc1)C(c1cc(c(cc1)*)Cl)(C)C)Cl,tg,205.0,191.9345288237342,195.60242793695141,204.61568786910834,197.38421487659798
*N(CC*)C(=O)CCCCC,tg,7.0,17.65425024674902,16.94780472927981,20.6696937272736,18.42391623443414
*C(C*)(C(=O)OCC)C,tg,64.96,76.04709113193661,68.8405279188319,80.11954900409893,75.00238935162248
*Oc1ccc(cc1)C(c1ccc(cc1)Oc1ccc(cc1)C(=O)c1cc(ccc1)C(=O)c1ccc(cc1)*)(C)C,tg,153.0,147.45294189055386,145.6651078629585,155.09550175494033,149.40451716948425
*Oc1c(c(c(c(c1[2H])[2H])S(=O)(=O)c1c(c(c(c(c1[2H])[2H])Oc1c(c(c(c(c1[2H])[2H])C(c1c(c(c(c(c1[2H])[2H])*)[2H])[2H])(C([2H])([2H])[2H])C([2H])([2H])[2H])[2H])[2H])[2H])[2H])[2H])[2H],tg,175.0,222.48800251647324,220.61775887792987,242.73105614914326,228.61227251451544
*C(C*)(C(=O)OC1CCCCCCC1)C,tg,73.0,77.70415577765927,84.51888578784036,80.07079197493529,80.76461118014497
*Oc1ccc(cc1)NC(=C(C#N)C#N)c1cc2c(cc1)cc(cc2)C(=C(C#N)C#N)Nc1ccc(cc1)*,tg,280.0,233.99514937696983,236.78023583456525,235.84540917772784,235.54026479642098
*C(C*)c1c(cccc1)OC(=O)C,tg,118.0,123.96221217430003,123.24520806897422,128.1540383545462,125.1204861992735
*C(*)C(=O)OC1CCCCC1,tg,140.0,67.16569618781006,88.59280664247588,64.64243657463452,73.46697980164015
*Nc1cc(ccc1)NC(=O)c1ccc(cc1)C(=O)*,tg,238.0,242.17304831169403,248.64344797394648,236.1471901360932,242.32122880724455
*C(C*)(C(=O)OCC[N+](CCCCCCC)(C)C)C,tg,-44.0,107.37871349474948,132.33158493958013,91.44607563505318,110.38545802312758
*c1cc2c(C(=O)N(C2=O)c2c3c(ccc2)c(ccc3)Oc2ccc(cc2)N2C(=O)c3c(C2=O)cc(cc3)C(=O)Nc2ccc(cc2)c2ccc(cc2)NC(=O)*)cc1,tg,301.0,287.3289758468993,295.4805426785699,280.78414511257364,287.8645545460143
*c1cc2c(C(=O)N(C2=O)c2cc3C(=O)c4c(c3cc2)ccc(c4)N2C(=O)c3c(C2=O)cc(cc3)C(=O)*)cc1,tg,331.0,346.64783100353463,343.5709583582608,344.87713603533354,345.0319751323763
*[Si](CC=CC*)(C=C)C=C,tg,-65.0,34.11774144073671,30.1644351642573,41.781440971175535,35.354539192056514
*Nc1cc(ccc1)NC(=O)Nc1ccc(cc1)Cc1ccc(cc1)NC(=O)*,tg,132.0,197.1568408152952,212.93167314717175,191.96541981857033,200.68464459367908
*Oc1ccc(cc1)NC(=O)CCCCC(=O)Nc1ccc(cc1)OCC(COc1ccc(cc1)C(c1ccc(cc1)OCC(C*)O)(C)C)O,tg,112.0,135.6929634742469,124.80701610495028,125.34243681594062,128.6141387983793
*Oc1ccc(cc1)S(=O)(=O)c1ccc(cc1)Oc1ccc(cc1)C(c1ccc(cc1)*)(c1ccc(cc1)O)C,tg,219.29,203.8931328805655,207.2137487444845,199.45716017616962,203.52134726707322
*OCC(C*)(CS(=O)(=O)CCCC)CS(=O)(=O)CCCC,tg,66.0,56.959697847673375,55.86132627846227,56.95222345539233,56.59108252717599
*Oc1ccc(cc1)NC(=O)c1c2c(c(cc1)C(=O)Nc1ccc(cc1)Oc1ccc(cc1)C1(C3CC4CC(CC1C4)C3)c1ccc(cc1)*)cccc2,tg,269.0,250.60912805528474,265.08402256851815,261.3423424776578,259.0118310338202
*N1C(=O)c2c(C1=O)cc(cc2)c1cc2c(C(=O)N(C2=O)c2ccc(cc2)Oc2cc3c(cc2Oc2ccc(cc2)*)cccc3)cc1,tg,254.17,287.69070132104025,270.67400715911793,277.8217238586183,278.72881077959215
*c1cc2c(C(=O)N(C2=O)c2ccc(cc2)N(c2ccc(cc2)N2C(=O)c3c(C2=O)cc(cc3)C(*)(C(F)(F)F)C(F)(F)F)c2ccc(cc2)C#N)cc1,tg,321.0,297.30515140045827,295.5713824847629,298.3702166970049,297.08225019407536
*C(C*)OC(=O)c1ccc(cc1)[N+](=O)[O-],tg,122.0,96.47982637209198,103.36640182485175,110.88200073114854,103.5760763093641
*c1cc2c(C(=O)N(C2=O)c2cc(cc(c2)C(F)(F)F)N2C(=O)c3c(C2=O)cc(cc3)C(*)(C(F)(F)F)C(F)(F)F)cc1,tg,284.0,311.31446840352766,313.1730421130519,313.1012037106365,312.52957140907205
*c1cc2c(C(=O)N(C2=O)c2ccc(cc2)C(=O)c2ccc(cc2)Cc2ccc(cc2)N2C(=O)c3c(C2=O)cc(cc3)C(=O)*)cc1,tg,307.0,298.4787892057459,297.967287848233,296.7779567342969,297.74134459609195
*C=CCCCCCCCCCC*,tg,-53.0,-33.94121698220651,-57.174562746566664,-41.714883522204985,-44.27688775032605
*Oc1c(cccc1)C(=O)NCC*,tg,84.0,114.2406294884273,121.11549967969636,130.91551238000042,122.09054718270802
*c1cc2c(C(=O)N(C2=O)c2cc(cc(c2)C(=O)c2ccccc2)N2C(=O)c3c(C2=O)cc(cc3)C(=O)*)cc1,tg,282.0,264.64144480350546,294.87332741760713,270.19875871167005,276.57117697759423
*Nc1ccc(cc1)C(c1ccc(cc1)NC(=O)c1cc(cc(c1)N1C(=O)C2C(C1=O)C1CCC2C1)C(=O)*)(C)C,tg,311.0,305.13437702037845,299.17801206887316,302.2787871968421,302.19705876203125
*NC(=O)CCCCCCC(=O)NCc1c(cc(c(c1)C)C*)C,tg,78.0,97.37949517576885,111.64409534905215,119.07175822842862,109.3651162510832
*c1cc2c(C(=O)N(C2=O)c2ccc(cc2)N(CCN(c2ccc(cc2)N2C(=O)c3c(C2=O)cc(cc3)C(*)(C(F)(F)F)C(F)(F)F)C)C)cc1,tg,227.0,232.8766477448514,231.36484228235747,240.69558349728754,234.97902450816548
*c1cc2c(C(=O)N(C2=O)c2cc(ccc2)P(=O)(c2cc(ccc2)N2C(=O)c3c(C2=O)cc(cc3)C(=O)Nc2ccc(cc2)Cc2ccc(cc2)NC(=O)*)c2ccccc2)cc1,tg,233.0,227.46946975143095,223.4601180973902,228.51799309381823,226.4825269808798
*Oc1cc(ccc1)NC(=O)c1cc(ccc1)C(=O)Nc1ccc(cc1)*,tg,236.75,234.5363800471769,239.64503031252838,227.693482769317,233.9582977096741
*[Si](C*)(C)C,tg,-91.17,-43.578292069142684,-42.014940140292566,-37.903783789452106,-41.16567199962912
*C(C*)C(=O)Oc1ccc(cc1)C,tg,42.5,53.25435561651181,56.611892822806126,62.93421668324682,57.60015504085491
*Nc1ccc(cc1)[Si](c1ccc(cc1)NC(=O)c1cc2Cc3c(c2cc1)ccc(c3)C(=O)*)(c1ccccc1)c1ccccc1,tg,54.45,243.2210674866758,277.3681224378257,260.32393373737335,260.30437455395827
*Oc1ccc(cc1)CC(NC(=O)CCc1ccc(cc1)OC(=O)CCCCCCCCC(=O)*)C(=O)OCC(C)C,tg,33.0,41.60277866533597,37.18674399230319,45.425664869434804,41.40506250902465
*Oc1cc(ccc1)OC(=O)c1ccc(cc1)C(c1ccc(cc1)C(=O)*)(C)C,tg,158.0,146.25859787467405,163.67403397192854,146.83437211365836,152.25566798675365
*Oc1ccc(cc1)S(=O)c1ccc(cc1)Oc1ccc(cc1)C(c1ccc(cc1)*)(C)C,tg,165.0,165.2806468350334,161.1244291427782,178.29474091221115,168.23327229667427
*Oc1ccc(cc1)C(=O)c1ccc(cc1)OCCCCCCOC(=O)OCCCOC(=O)OCCCCCC*,tg,16.0,-0.16934091454673622,-3.1190365711777304,-2.3963977417918043,-1.894925075838757
*S(=O)(=O)c1ccc(cc1)Cc1ccc(cc1)*,tg,227.5,187.01824707319312,187.86220224186343,183.974272558678,186.28490729124485
*Oc1ccc(cc1)C(c1ccc(cc1)OCC(C*)O)(C)C,tg,87.45,107.66919743240467,90.94196091752389,104.80121066577041,101.13745633856632
*N1C(=O)C2C(C1=O)C(=CC(C2)C1C(=O)N(C(=O)C1)c1cc(ccc1)c1cc(cc(c1)C(=O)Nc1ccc(cc1)OC(=O)c1cc(c(c(c1)OCCCCCCCCCCCC)OCCCCCCCCCCCC)OCCCCCCCCCCCC)c1cc(ccc1)*)C,tg,270.0,169.11166469154927,182.85450250995848,174.6153786838367,175.52718196178148
*N1C(=O)c2c(C1=O)cc(cc2)Oc1ccc(cc1)C1(CCCCCCCCCCC1)c1ccc(cc1)Oc1cc2c(C(=O)N(C2=O)c2ccc(cc2)Cc2ccc(cc2)*)cc1,tg,240.0,251.801387896663,237.55336190587076,250.29542716841823,246.55005899031732
*C1=C(C2C=CC1C2)C(=O)*,tg,85.5,133.816684863601,129.36107568401462,124.34129807161128,129.1730195397423
*C(C*)(C(=O)OCCCCCCOc1c(cc(cc1)C(=O)Oc1ccc(cc1)OC)OC)C,tg,49.0,40.886066410117955,52.65395221503408,53.91469620103122,49.15157160872775
*Oc1c(c(c(c(c1)C)*)C)Br,tg,280.15,141.40565852565544,139.9569878300168,121.48010977021154,134.28091870862792
*c1cc2c(C(=O)N(C2=O)c2ccc(cc2)c2nc(nc(n2)c2ccc(cc2)N2C(=O)c3c(C2=O)cc(cc3)C(=O)*)c2ccccc2)cc1,tg,355.0,320.6421377605726,323.822601439056,335.3825416593569,326.6157602863285
*Oc1ccc(cc1)C(=O)c1ccc(cc1)C(=O)c1ccc(cc1)*,tg,157.0,166.62019011694306,181.78265704532168,168.80246497832832,172.40177071353102
*N1C(=O)c2c(C1=O)cc(cc2)Oc1ccc(cc1)Oc1cc2c(C(=O)N(C2=O)c2c(c(c(cc2)Cc2c(c(c(cc2)*)C)C)C)C)cc1,tg,277.0,276.2898796498813,283.82604966427175,288.937851511214,283.017926941789
*N1C(=O)c2c(C1=O)cc(cc2)c1cc2c(C(=O)N(C2=O)c2ccc(cc2)Oc2ccc(cc2)C(=O)c2ccc(cc2)C(=O)c2ccc(cc2)Oc2ccc(cc2)*)cc1,tg,245.0,237.9514739167696,241.53123438893755,245.24369225895802,241.5754668548884
*C(C*)c1ccc(cc1)C(=O)CCCCC,tg,66.0,54.51795207219982,58.27980399125809,53.96993141032329,55.589229157927065
*Oc1ccc(cc1)C(=O)Nc1cc(cc(c1)c1nc2c([nH]1)cccc2)NC(=O)c1ccc(cc1)OCCOCC*,tg,230.0,190.89571574432136,203.2447092680578,163.28376430357852,185.80806310531923
*Oc1ccc(cc1)S(=O)(=O)c1ccc(cc1)Oc1ccc(cc1)C(c1ccc(cc1)*)(CCC(=O)O)C,tg,163.0,184.76113223286836,186.75486539802114,172.51701357935315,181.34433707008088
*c1cc2c(C(=O)N(C2=O)c2cc(cc(c2)OCCCCCCCCCCCC)N2C(=O)c3c(C2=O)cc(cc3)C(=O)*)cc1,tg,182.0,179.43272273265208,182.67017311713298,180.1091101794715,180.73733534308553
*c1cc2c(C(=O)N(C2=O)c2ccc(cc2)c2sc(c(c2c2ccccc2)c2ccccc2)c2ccc(cc2)N2C(=O)c3c(C2=O)cc(cc3)C(=O)Nc2ccc(cc2)Oc2ccc(cc2)Oc2ccc(cc2)NC(=O)*)cc1,tg,303.0,308.7245902441613,298.91248484242044,323.4125882665482,310.3498877843767
*Oc1ccc(cc1)C(=O)c1ccc(cc1)C(=O)c1ccc(cc1)Oc1ccc(cc1)Cc1ccc(cc1)*,tg,120.0,168.6869800100048,160.8808923595884,170.60533848209812,166.72440361723042
*c1cc2c(C(=O)N(C2=O)c2cc(cc(c2)OCCCCCCCCCCCCCCCC)N2C(=O)c3c(C2=O)cc(cc3)C(=O)*)cc1,tg,179.0,161.88872085999228,165.85809318826387,165.03758324688584,164.26146576504735
*C(C*)(C(=O)OCC)Cl,tg,85.31,73.11742421789752,68.48516087297558,92.77833186976771,78.12697232021361
*Oc1ccc(cc1)C(c1ccc(cc1)OC(=O)c1cc(ccc1)C(=O)*)(c1ccccc1)C,tg,202.0,188.34850905716905,184.37885711901396,202.77922396319696,191.83553004646
*c1cc2c(C(=O)N(C2=O)c2ccc(cc2)C(=O)OCCOCCOC(=O)*)cc1,tg,101.0,92.2726065487803,107.26836089353351,101.0414373887243,100.19413494367937
*C(C*)(C(=O)OCC(C(F)F)(F)F)F,tg,90.5,73.51346976647915,69.9543640651571,86.05781664267546,76.5085501581039
*N=P(*)(OCCCCCCC)OCCCCCCC,tg,-94.0,-94.33786935223351,-92.27845853703334,-88.52771847105406,-91.71468212010699
*c1cc2c(C(=O)N(C2=O)c2ccc(cc2)OCCOCCOc2ccc(cc2)N2C(=O)c3c(C2=O)cc(cc3)C(=O)*)cc1,tg,235.0,183.02643469916123,182.82750055081522,165.60478899396372,177.1529080813134
*c1ncc(cc1)C(=O)Oc1ccc(cc1)C(=O)Oc1cc(ccc1)OC(=O)c1ccc(cc1)OC(=O)*,tg,110.0,161.72176536988553,136.96110193297812,168.37616572881652,155.6863443438934
*N1C(=O)c2c(C1=O)cc(cc2)c1cc2c(C(=O)N(C2=O)c2cc(c(c(c2)Br)Oc2c(cc(cc2Br)*)Br)Br)cc1,tg,287.0,340.7693293548385,322.8241614335405,307.07250503021,323.55533193952965
*N1C(=O)C2C(C1=O)C(Cc1ccccc21)C1C(=O)N(C(=O)C1)c1cc(cc(c1)C(=O)OCCC)*,tg,249.43,244.49494900842868,231.9852966717289,229.0608006264141,235.18034876885721
*OC(=O)c1cc(cc(c1)OCCC1CCN(CC1)c1ccc(cc1)S(=O)(=O)C(C(C(C(C(C(C(C(F)(F)F)(F)F)(F)F)(F)F)(F)F)(F)F)(F)F)(F)F)C(=O)OCCN(CC*)c1ccc(cc1)S(=O)(=O)C(C(C(C(C(C(C(C(F)(F)F)(F)F)(F)F)(F)F)(F)F)(F)F)(F)F)(F)F,tg,86.0,116.4607337682633,104.10043521469856,106.01658722673879,108.85925206990022
*N1C(=O)c2c(C1=O)cc(cc2)Oc1cc2c(C(=O)N(C2=O)c2cc(c(cc2)Oc2c(cc(cc2C(C)(C)C)c2ccc(cc2)*)C(C)(C)C)C(F)(F)F)cc1,tg,353.0,322.48335548046396,326.48161821768474,324.8109451404686,324.5919729462058
*N1C(=O)c2c(C1=O)cc(cc2)Oc1ccc(cc1)C1(CCCCCCCCCCC1)c1ccc(cc1)Oc1cc2c(C(=O)N(C2=O)c2ccc(cc2)Oc2ccc(cc2)C2(CCC(CC2)C(C)(C)C)c2ccc(cc2)Oc2ccc(cc2)*)cc1,tg,254.0,253.36139791302332,244.22429884707975,238.2233311961857,245.2696759854296
*Oc1ccc(cc1)C(c1ccc(cc1)Oc1ccc(cc1)C(=O)c1c(cccc1)c1c(cccc1)C(=O)c1ccc(cc1)*)(C(F)(F)F)C(F)(F)F,tg,178.5,188.05202235278634,181.7648121686964,191.9469800540784,187.25460485852037
*ON(C(C(*)(SC(F)(F)F)F)(F)F)C(F)(F)F,tg,-48.0,-16.996624768048626,-12.678710731820729,-11.034467583095745,-13.569934360988368
*N=Nc1ccc(cc1)NC(=O)CCC(=O)Nc1ccc(cc1)*,tg,220.0,187.16362694575528,193.84314939027118,182.3835053065468,187.7967605475244
*c1oc(cc1)C(=O)NNC(=O)c1ccc(cc1)[Si](c1ccc(cc1)C(=O)NNC(=O)*)(c1ccccc1)c1ccccc1,tg,264.0,212.7353950940356,209.3219719077832,220.30524798710147,214.1208716629734
*Oc1c2c(c(cc1)C=Cc1ccc(cc1)C=Cc1c3c(c(cc1)OCCOCCOCC*)cccc3)cccc2,tg,83.5,97.59797337994247,94.4100618474668,88.4769323474341,93.49498919161447
*O[Si](OC(COc1ccc(cc1)C(c1ccc(cc1)OCC(*)CCl)(C)C)CCl)(C)C,tg,24.0,50.37147015360314,30.67715665693052,48.12837172710779,43.05899951254715
*c1nc2c(nc1)ccc(c2)S(=O)(=O)c1ccc2c(nc(cn2)c2ccc(cc2)*)c1,tg,342.0,322.9529691649991,311.1424288154713,294.4855964158861,309.5269981321188
*Oc1ccc(cc1)S(=O)(=O)c1ccc(cc1)Oc1ccc(cc1)C(=O)c1cc(ccc1)C(=O)c1ccc(cc1)*,tg,178.0,186.4532014244769,189.57175095646434,188.85789714552968,188.29428317549034
*Oc1ccc(cc1)c1ccc(cc1)OC(=O)/C=C/c1ccc(cc1)/C=C/C(=O)*,tg,243.0,173.27644979036694,173.55784635657102,163.557522854959,170.13060633396563
*c1cc2c(C(=O)N(C2=O)c2ccc(cc2)Oc2c(cc(cc2C)C(c2cc(c(c(c2)C)Oc2ccc(cc2)N2C(=O)c3c(C2=O)cc(cc3)C(=O)*)C)c2c3c(ccc2)cccc3)C)cc1,tg,272.0,278.417063281911,283.4473587124626,278.35766903241586,280.07403034226314
*C(C*)C(=O)Oc1cc(cc(c1)C)C,tg,54.0,57.619059455615215,81.74554563079096,47.873922430237435,62.41284250554787
*C1CC2CC(CC(C1)O2)OC(=O)c1cc(ccc1)C(=O)O*,tg,113.0,180.8817897697089,172.52898806231423,167.68435904765064,173.69837895989124
*OC(=O)CCCCC(=O)OCCC*,tg,-52.17,-53.79210078935098,-52.345822523032155,-51.66070378878286,-52.599542367055335
*Oc1ccc(cc1)C(c1ccc(cc1)OC(=O)*)(C)C,tg,144.87,146.85267784812925,143.609701857884,141.99655817581166,144.15297929394163
*c1cc2c(C(=O)N(C2=O)c2ccc(cc2)Oc2ccc(cc2)N2C(=O)c3c(C2=O)cc(cc3)C(*)O)cc1,tg,250.0,273.178689321873,278.73903022770764,270.4685449603894,274.1287548366567
*C(C*)SC,tg,-1.0,29.342483283042576,7.045294460478544,29.223491045015123,21.870422929512085
*Oc1cc(ccc1)Oc1ccc(cc1)Oc1cc(ccc1)OC(=O)c1ccc(cc1)C(=O)*,tg,103.0,141.62273293797455,118.41600399094585,137.1327898570752,132.3905089286652
*OCC(C*)(COCCCCCCCCCCOc1ccc(cc1)c1ccc(cc1)C#N)C,tg,7.0,14.198628043279184,8.465872337385235,32.12238449269256,18.26229495778566
*Oc1ccc(cc1)C(c1ccc(cc1)Oc1ccc(cc1)C(=O)Nc1ccc(cc1)NC(=O)c1ccc(cc1)*)(C)C,tg,230.0,198.94634950614633,214.29365899471156,195.7297189461396,202.98990914899915
*C(C*)(C(=O)Oc1ccc(cc1)C(=O)Oc1ccccc1)C,tg,99.0,97.58411786294124,92.12944034837861,102.29233137659831,97.33529652930605
*C(CC(C*)C)(C(=O)OC)C,tg,16.0,59.515558352717726,50.01786675086785,71.30404793595204,60.27915767984587
*N1C(=O)C(CC1=O)Nc1ccc(cc1)Cc1ccc(cc1)NC1C(=O)N(C(=O)C1)c1c(cc(cc1C)C(c1cc(c(c(c1)C)*)C)c1cnccc1)C,tg,219.0,213.32047908073665,219.0722525910605,233.71129732142137,222.03467633107286
*N1C(=O)c2c(C1=O)cc(cc2)Oc1ccc(cc1)C1(CCC(CC1)c1ccccc1)c1ccc(cc1)Oc1cc2c(C(=O)N(C2=O)c2ccc(cc2)Oc2ccc(cc2)C2(CCC(CC2)C(C)(C)C)c2ccc(cc2)Oc2ccc(cc2)*)cc1,tg,243.0,239.95402953959865,234.0503113156143,231.12650171088632,235.04361418869976
*C(C*)(C(=O)OCC1(COC(OC1)(C)C)C)C,tg,104.0,108.07275319656459,102.90233958476804,108.75348577413358,106.57619285182209
*OC(C(=O)*)Cc1ccccc1,tg,35.05,98.37100843407826,64.38167435736467,82.08764745789456,81.61344341644583
*C(=C(CC*)c1ccccc1)c1ccccc1,tg,120.5,130.23689901557842,119.85782986434847,147.1027945461299,132.39917447535228
*c1cc2c(C(=O)N(C2=O)c2cc(c(cc2)Oc2ccc(cc2)Oc2ccc(cc2)N2C(=O)c3c(C2=O)cc(cc3)C(=O)*)C(F)(F)F)cc1,tg,237.1,261.6641707868407,268.1032599737759,271.87115569282685,267.2128621511478
*Oc1ccc(cc1)Oc1ccc(cc1)C(=Nc1ccc(cc1)N=C(c1ccc(cc1)*)c1ccccc1)c1ccccc1,tg,176.0,167.24070059476142,173.64231861049922,179.72871862984576,173.53724594503547
*C1C(CC(C1)C=C*)(C[Si](C)(C)C)C#N,tg,128.0,107.60964819084903,99.79821156711496,112.1942325420778,106.5340307666806
*c1cc2c(C(=O)N(C2=O)c2cc(ccc2)NC(=O)c2cc(ccc2)N2C(=O)c3c(C2=O)cc(cc3)C(=O)*)cc1,tg,285.67,287.1780032732881,283.4525698647822,295.14145280527566,288.5906753144487
*OC(=O)CCSCCC(=O)OCCOCCOCCOCC*,tg,-44.0,-48.54748282731951,-49.992565608075324,-49.093346101697584,-49.21113151236414
*N1C(=O)c2c(C1=O)cc(cc2)c1cc2c(C(=O)N(C2=O)c2c(cc(cc2C)C(c2cc(c(c(c2)C)*)C)c2c3c(ccc2)cccc3)C)cc1,tg,311.67,333.6066175150458,330.2097480341155,325.3374927867238,329.71795277862833
*N1C(=O)c2c(C1=O)cc(cc2)Oc1cc2c(C(=O)N(C2=O)c2cc(ccc2)Oc2c(c(ccc2)Oc2cc(ccc2)*)C#N)cc1,tg,206.33,207.99882132076272,209.9877796165877,209.39844383273805,209.12834825669617
*c1cc2c(C(=O)N(C2=O)c2ccc(cc2)c2sc(c(c2c2ccccc2)c2ccccc2)c2ccc(cc2)N2C(=O)c3c(C2=O)cc(cc3)C(=O)Nc2ccc(cc2)Oc2ccc(cc2)NC(=O)*)cc1,tg,320.0,322.13831260877754,313.45574410033146,320.996529211308,318.863528640139
*Nc1ccc(cc1)C(c1ccc(cc1)NC(=O)c1cc(cc(c1)C(C)(C)C)C(=O)*)(C(F)(F)F)C(F)(F)F,tg,284.1,265.70891485410147,272.35274695966325,256.8218131157376,264.96115830983405
*C(C*)OC=O,tg,34.25,16.80936253859244,12.137956627688965,8.195371358198715,12.380896841493373
*C(C*)c1ccc(cc1)COCCOCCCCCCCC,tg,-42.0,-15.869346682029155,-21.482118480056158,-13.91396824821865,-17.088477803434653
*c1nnc(nc1c1ccc(cc1)Oc1ccc(cc1)C(c1ccc(cc1)Oc1ccc(cc1)*)(C(F)(F)F)C(F)(F)F)c1ncccc1,tg,224.0,215.26855046960011,206.56147648985166,212.0764541004831,211.3021603533116
*N1C(=O)c2c(C1=O)cc(cc2)Oc1c(cccc1)Oc1cc2c(C(=O)N(C2=O)c2cc(ccc2)*)cc1,tg,224.0,234.5770147539066,230.3795518499246,238.83662886113618,234.5977318216558
*C1C2C(C(C1)C=C*)C1CCC2C1,tg,204.76,153.02076503372857,160.97446961703827,145.9416562286015,153.31229695978945
*c1cc2c(C(=O)N(C2=O)c2ccc(cc2)NC(=O)Nc2ccc(cc2)N2C(=O)c3c(C2=O)cc(cc3)C(=O)Nc2ccc(cc2)NC(=O)Nc2ccc(cc2)NC(=O)*)cc1,tg,208.0,202.922444916224,218.5057318479649,212.87129364631056,211.43315680349983
*C(C*)OC(=O)CCCC(=O)c1ccc(cc1)C,tg,40.0,29.453511817613563,16.243153876766016,41.983154844803444,29.226606846394343
*OC(=O)c1ccc(cc1)c1ccc(cc1)c1ccc(cc1)C(=O)OCC*,tg,180.0,126.63037279292658,132.30941897949415,109.2527911619897,122.73086097813682
*OC(=O)NCc1ccc(cc1)CNC(=O)OCCCCCCCCCCCCCCCC*,tg,47.0,40.16151788536035,44.555680221488714,40.048525420094734,41.58857450898126
*OC(=O)CCSCCC(=O)OCC*,tg,-47.0,-39.45429530317102,-26.012537555839543,-34.20720284631807,-33.224678568442876
*N1C(=O)c2c(C1=O)cc(cc2)C(=O)Oc1ccc(cc1)c1ccc(cc1)OC(=O)CCC*,tg,132.0,145.83924436562978,144.95505510590772,179.239873884069,156.67805778520218
*Oc1c2c(ccc1)ccc(c2)Oc1ccc(cc1)NC(=O)c1ccc(cc1)S(=O)(=O)c1ccc(cc1)C(=O)Nc1ccc(cc1)*,tg,259.0,253.86789592428127,251.78586475923856,242.9266011505029,249.52678727800762
*NC(=O)c1cc(cc(c1)C(C)(C)C)C(=O)NCc1cc(ccc1)C*,tg,192.0,206.27190425560914,182.71085193273188,191.19966696958204,193.394141052641
*Oc1cc(ccc1)OC(=O)c1ccc(cc1)OC(=O)c1cc(ccc1)C(=O)Oc1ccc(cc1)C(=O)*,tg,156.75,150.73979397688285,131.89819209455516,154.6561949650644,145.76472701216747
*c1oc(nn1)c1ccc(cc1)Oc1ccc(cc1)NC(=O)c1cc(cc(c1)NC(=O)c1ccc(cc1)OC(=O)C)C(=O)Nc1ccc(cc1)Oc1ccc(cc1)*,tg,270.0,268.0040687044773,271.89902070681285,259.495504028871,266.46619781338705
*Oc1cc(c(cc1)C(=O)O)C(=O)Nc1ccc(cc1)NC(=O)c1c(ccc(c1)*)C(=O)O,tg,166.3,245.75319757181836,233.2327235302139,256.5487421146488,245.17822107222705
*c1sc(cc1SCCCCCC)*,tg,32.0,26.253667405778984,31.910131168581472,34.164722207150575,30.77617359383701
*c1cc2c(C(=O)N(C2=O)c2cc(ccc2)C(C(C(C(C(c2cc(ccc2)N2C(=O)c3c(C2=O)cc(cc3)C(C(C(C(C(C(C(*)(F)F)(F)F)(F)F)(F)F)(F)F)(F)F)(F)F)(F)F)(F)F)(F)F)(F)F)(F)F)cc1,tg,108.5,128.5002738233706,119.41962515485397,138.9679574772332,128.96261881848594
*Oc1ccc(cc1)C=C1C(=O)C(=Cc2ccc(cc2)OCCCCCC*)CCC1,tg,116.0,79.36456754065748,66.17295015990955,69.06212365650163,71.53321378568955
*C(C*)c1ccc(cc1)CC,tg,50.47,66.61500654935068,62.1288126571949,85.00127305577871,71.24836408744143
*C(C*)c1c(ccc(c1)c1ccc(cc1)C(=O)OC(CC)C)c1ccc(cc1)C(=O)OC(CC)C,tg,212.5,116.22434984130882,135.4506158768899,109.181242102736,120.28540260697825
*Oc1ccc(cc1)CC(Cc1ccc(cc1)*)(C#N)C#N,tg,147.0,125.0755125845585,135.46254461504768,144.41718482886026,134.98508067615546
*c1cc2c(C(=O)N(C2=O)c2cc(ccc2)Oc2c(ccc(c2)Oc2cc(ccc2)N2C(=O)c3c(C2=O)cc(cc3)C(*)(C(F)(F)F)C(F)(F)F)P(=O)(c2ccccc2)c2ccccc2)cc1,tg,230.0,223.05664857434155,226.27989371540522,225.7224689241014,225.01967040461605
*N=P(*)(NCC)NCC,tg,30.0,-13.027285025248608,-17.58815671910014,-12.732951039089619,-14.449464261146124
*N1C(=O)c2c(C1=O)cc(cc2)[Si](c1cc2c(C(=O)N(C2=O)c2ccc(cc2)Oc2ccc(cc2)C(=O)c2cc(ccc2)C(=O)c2ccc(cc2)Oc2ccc(cc2)*)cc1)(C)C,tg,208.0,217.45763905996995,214.80264779896734,227.04146021168313,219.76724902354013
*C(C*)P(=O)(c1ccccc1)c1ccccc1,tg,127.5,107.48929296810095,80.42587410077903,113.02764614802003,100.3142710723
*Oc1ccc(cc1)N1ON1c1ccc(cc1)OCCCCCCOC(=O)CC(=O)OCCCCCC*,tg,16.0,28.595670765728663,34.15084018069679,19.553632825533192,27.43338125731955
*Oc1c(cc(cc1)C(=O)*)CCCCC,tg,50.0,80.50502876796456,81.02042799147208,97.65830644945588,86.39458773629751
*Oc1ccc(cc1)c1ccc(cc1)OC(=O)c1c(ccc(c1)N=Nc1ccc(cc1)OCC)c1c(cc(cc1)N=Nc1ccc(cc1)OCC)C(=O)*,tg,165.0,187.29133450312474,174.622855914885,200.8116457373319,187.5752787184472
*c1c2C(=O)N(C(=O)c2c(c2ccccc12)c1ccc(cc1)Oc1ccc(cc1)S(=O)(=O)c1ccc(cc1)Oc1ccc(cc1)*)c1ccc(cc1)Cl,tg,280.0,297.50819620921834,295.1335060144338,297.99159748638544,296.8777665700125
*N1C(=S)N(C(=O)CC1=O)c1ccc(cc1)Oc1cc2c(cc1)ccc(c2)Oc1ccc(cc1)*,tg,151.5,192.1000579504668,171.56599980222444,191.48031253720782,185.04879009663304
*c1ccc2c3n(c4ccc(cc4n3)c3cc4n5c(nc4cc3)c3cccc4c(ccc(c5=O)c34)Oc3cc4c(cc3)cc(cc4)O*)c(=O)c3cccc1c23,tg,413.0,370.4464214592881,376.640856476354,378.1135957403001,375.06695789198073
*C(C*)(C(=O)OCc1cc(c(cc1)Cl)Cl)C,tg,34.45,36.12745235053866,41.65612713428111,19.018244011704684,32.26727449884148
*OP(=O)(Oc1ccc(cc1)S(=O)(=O)c1ccc(cc1)*)Oc1ccc(cc1)[N+](=O)[O-],tg,114.0,120.88293453559308,109.094642584095,137.42773791861586,122.46843834610131
*OC(C*)(C)C,tg,92.0,-30.311399258986672,-35.67073770047142,-24.09141904016832,-30.024518666542136
*c1c2c(c(cc1)CC*)cccc2,tg,160.0,142.41072069817992,138.74090964115183,144.95947485507915,142.03703506480363
*c1c2C(=O)N(C(=O)c2c(c2ccccc12)c1ccc(cc1)Oc1ccc(cc1)C(=O)c1ccc(cc1)Oc1ccc(cc1)*)c1ccc(cc1)C(F)(F)F,tg,260.0,271.2589353703511,276.735668795232,275.6879081583054,274.56083744129614
*Oc1ccc(cc1)C1(CCC(CC1)C(c1ccc(cc1)OCC(C*)O)(C)C)C,tg,135.0,128.08605746680726,117.25886364821824,120.76434905868932,122.03642339123827
*c1nc2c(nc1)cc(cc2)c1cc2c(nc(cn2)c2ccc(cc2)c2ccc(cc2)*)cc1,tg,345.5,382.90472842051764,379.58531284873413,354.0801356311267,372.19005896679283
*O[Si](O[Si](c1c(c(c(c(c1F)F)F)[Si](*)(C)C)F)(C)C)(C)C,tg,-61.0,-52.69782695308218,-40.538867200638606,-37.145950537903154,-43.46088156387464
*N1C(=O)c2c(C1=O)c(ccc2)c1cc2c(C(=O)N(C2=O)c2ccc(cc2)Oc2cc(ccc2)Oc2ccc(cc2)*)cc1,tg,259.0,239.5463398149322,257.1966713411096,236.30080687111536,244.34793934238573
*NC(=O)c1cc(ccc1)C(=O)NCCCCCCCC*,tg,110.0,130.41272286633685,118.1534270261184,107.60690361651105,118.72435116965544
*N1C(=O)c2c(C1=O)cc(cc2)NC(=O)Nc1ccc(cc1)c1nc(cc(c1)c1ccc(cc1)c1ccccc1)c1ccc(cc1)NC(=O)Nc1cc2c(C(=O)N(C2=O)c2ccc(cc2)c2nc(cc(c2)c2ccc(cc2)c2ccccc2)c2ccc(cc2)*)cc1,tg,272.0,259.9585709607223,256.0780566341313,275.1434388327367,263.7266888091968
*C(C*)c1ccc(cc1)C(=O)c1ccc(cc1)OC,tg,103.0,117.78077677485793,125.3893313472168,107.13751687967657,116.7692083339171
*OP(=O)(N=Nc1ccc(cc1)Oc1ccc(cc1)N=NP(=O)(OCCCCCC*)OC)OC,tg,25.0,31.210516904396744,22.632349585916813,21.345937093692697,25.062934528002085
*c1sc(cc1C(=O)OCCCCCCCCCCOc1ccc(cc1)c1ccc(cc1)OC(=O)c1ccc(cc1)OCC(CCCCCC)F)*,tg,151.0,50.502099519540046,45.6152894959297,73.00598754300535,56.37445885282503
*Oc1c(cc(cc1)OC(=O)c1ccc(cc1)OCCCCCCCCCCCCOc1ccc(cc1)C(=O)*)S(=O)(=O)c1ccccc1,tg,82.7,93.87777252855612,99.25489566858963,90.86938073758303,94.66734964490958
*N1C(=O)c2c(C1=O)cc(cc2)C(=O)Oc1ccc(cc1)c1ccc(cc1)OC(=O)c1cc2c(C(=O)N(C2=O)CCCC*)cc1,tg,126.0,147.88411479857214,158.42583152602012,148.48058834402127,151.59684488953783
*C(C*)(C(=O)Oc1ccc(cc1)OCc1ccccc1)C,tg,95.3,101.72587726462015,79.60854169467987,103.39157666537726,94.90866520822577
*Oc1ccc(cc1)CC(NC(=O)CCc1ccc(cc1)OC(=O)CCCCCCCCC(=O)*)C(=O)OC(CC)C,tg,36.0,41.91242630963508,32.17300771610171,33.925409450340375,36.00361449202572
*C1(CC(C1)*)C#N,tg,220.0,138.77209618331176,117.68810188545541,85.22847422347596,113.89622409741439
*N1C(=O)C(CC1=O)Nc1ccc(cc1)Cc1ccc(cc1)NC1C(=O)N(C(=O)C1)c1ccc(cc1)Oc1c(cc(cc1C)C(c1cc(c(c(c1)C)Oc1ccc(cc1)*)C)c1cnccc1)C,tg,201.0,225.8624044638327,219.23962869182685,218.97694256788614,221.35965857451524
*N1C(=O)c2c(C1=O)cc(cc2)Oc1cc2c(C(=O)N(C2=O)c2cc(ccc2)Oc2c(ccc(c2)Oc2cc(ccc2)*)P(=O)(c2ccccc2)c2ccccc2)cc1,tg,212.0,213.00407179231033,204.6664440545169,212.0169107936815,209.8958088801696
*N1C(=O)c2c(C1=O)c(ccc2)Oc1c(cc(cc1C)c1cc(c(c(c1)C)Oc1c2c(C(=O)N(C2=O)c2cc(ccc2)*)ccc1)C)C,tg,311.0,310.4926822377442,305.60383480166286,323.64480966639854,313.2471089019352
*Oc1ccc(cc1)c1ccc(cc1)Oc1c(c(c(c(c1F)F)COC(c1cc(ccc1)C(OCc1c(c(c(c(c1F)F)*)F)F)(C(F)(F)F)C(F)(F)F)(C(F)(F)F)C(F)(F)F)F)F,tg,110.0,116.31838751945597,111.21603889621241,122.0726403387897,116.53568891815269
*Oc1cc(ccc1)NC(=O)CCCCCCCC(=O)Nc1ccc(cc1)*,tg,120.0,136.10337040370834,125.25617834472298,136.38130693106532,132.5802852264989
*c1nc2c(nc1c1ccc(cc1)C(=O)NCCCCCCCCCCNC(=O)c1ccc(cc1)*)cccc2,tg,166.0,164.06637063818235,167.66917789456534,160.40519667054983,164.0469150677658
*c1cc2c(nc(cc2c2ccccc2)Oc2nc3c(c(c2)c2ccccc2)cc(cc3)c2ccc(cc2)c2ccc(cc2)*)cc1,tg,308.0,337.2818453892148,300.52934490755155,334.3680559959405,324.0597487642356
*Nc1ccc(cc1)NC(=O)Cc1c(cc(c(c1)CC(=O)*)C)C,tg,208.0,196.60921882254834,204.62906004258443,201.07624402332283,200.7715076294852
*N1C(=O)c2c(C1=O)cc(cc2)Oc1cc2c(C(=O)N(C2=O)c2ccc(cc2)C(c2ccc(cc2)*)(C)C)cc1,tg,265.0,269.92400824245425,273.5546155045191,279.2398318618962,274.23948520295653
*C(C*)(C(=O)OCCCCCCOc1ccc(cc1)N=Nc1ccc(cc1)C1OCC2(CO1)CC1C=CC2C1)C,tg,118.5,104.79742355923045,111.54693844343181,104.48771556499703,106.94402585588642
*Oc1ccc(cc1)C(c1ccc(cc1)OC(=O)c1c(cccc1)c1c(cccc1)C(=O)*)(c1ccccc1)C,tg,172.0,196.58468438219828,189.22996986390936,191.08267043979367,192.2991082286338
*OC(=O)c1c(ccc(c1)N=Nc1ccc(cc1)OCC)c1c(cc(cc1)N=Nc1ccc(cc1)OCC)C(=O)OCCOCCOCC*,tg,65.0,94.33139345371212,82.03159771523318,77.62523498978626,84.66274205291053
*C(C*)(CCCCC)C(=O)OC,tg,44.6,18.762077674165205,11.699064563613234,9.994970407246738,13.48537088167506
*c1cc2c(C(=O)N(C2=O)c2cc(ccc2)Cc2cc(ccc2)N2C(=O)c3c(C2=O)cc(cc3)C(=O)*)cc1,tg,241.33,262.5875042345498,279.1957439722572,260.3111704002889,267.3648062023653
*Oc1ccc(cc1)C(=O)c1ccc(cc1)C(=O)c1ccc(cc1)Oc1cc(ccc1)Cc1cc(ccc1)*,tg,122.0,118.21055107011756,129.63323508534225,128.03478002187197,125.29285539244393
*N1C(=O)c2c(C1=O)cc(cc2)Oc1cc2c(cc1)ccc(c2)Oc1cc2c(C(=O)N(C2=O)c2ccc(cc2)C(c2ccc(cc2)*)(C)C)cc1,tg,247.0,251.16962399088553,258.32991555021147,255.23488887985036,254.91147614031578
*c1ncc(cc1)C(=O)NNC(=O)c1ccc(cc1)[Si](c1ccc(cc1)C(=O)NNC(=O)*)(c1ccccc1)c1ccccc1,tg,256.0,234.32109882364608,239.83382920600675,238.68799060375838,237.6143062111371
*c1sc(cc1CCCCCCCCCCCC)*,tg,-13.51,13.241607650552652,9.090236643369053,23.962484383417184,15.431442892446297
*C(C*)(C(=O)OCCOCCOC)C,tg,-35.25,21.84156474476875,0.4769670001200552,43.332164459642314,21.88356540151037
*Oc1ccc(cc1)CC(NC(=O)CCc1ccc(cc1)OC(=O)CC(CCC(=O)*)C)C(=O)OC(CC)C,tg,45.0,53.195758456016115,55.88682704842334,45.58134125996671,51.554642254802054
*C1OC(OC1COC(=O)OC*)(OCC)OCC,tg,10.8,32.156796937605236,54.90197878419585,30.790449667010424,39.28307512960384
*Oc1ccc(cc1)C1(c2ccccc2c2ccccc12)c1ccc(cc1)OCCOC(=O)Nc1ccc(cc1)Cc1ccc(cc1)NC(=O)OCC*,tg,152.0,164.62970279072655,157.20709310006234,169.0190488575418,163.61861491611023
*O[Si](CC[Si](Oc1c(cc(cc1C)c1cc(c(c(c1)C)*)C)C)(C)C)(C)C,tg,55.0,65.91166432605247,93.96584614080152,77.27391828424433,79.05047625036612
*c1nc2c([nH]1)ccc(c2)N1C(=O)c2c(C1=O)cc(cc2)c1cc2c(C(=O)N(C2=O)c2ccc(cc2)*)cc1,tg,425.0,376.6022331798476,374.77346309722134,362.35098542760164,371.2422272348902
*c1cc2c(C(=O)N(C2=O)c2cc(ccc2)N2C(=O)c3c(C2=O)cc(cc3)C(=O)Nc2nc(ccc2)NC(=O)*)cc1,tg,339.0,282.51795382009766,289.3754132044806,286.81584094699684,286.2364026571917
*C(C*)C(=O)Nc1ccccc1,tg,160.0,78.52895242091716,80.49338709914599,85.88847029300179,81.63693660435497
*[Si](CC(C*)Cc1c2c(ccc1)cccc2)(C)C,tg,17.0,19.077812445577106,32.47888229124891,22.67741502059448,24.7447032524735
*N(CC*)C(=O)c1cc(ccc1)F,tg,97.0,89.78311721625947,73.60013862771653,92.71140388215356,85.36488657537653
*C1CC2CC(CC(C1)O2)OC(=O)Oc1ccc(cc1)S(=O)(=O)c1ccc(cc1)OC(=O)O*,tg,184.0,181.95868183008355,184.72577221933398,157.26927175609933,174.65124193517227
*c1nc2c(c(c1)c1ccccc1)cc(cc2)C1(c2ccccc2C(=O)c2ccccc12)c1cc2c(nc(cc2c2ccccc2)c2ccc(cc2)C2(c3ccccc3c3ccccc23)c2ccc(cc2)*)cc1,tg,405.0,372.0180940090902,364.6375457862681,371.7400960885404,369.4652452946329
*C(C*)C(=O)OCCSCC,tg,-71.0,-47.52003529861983,-48.28720031353387,-59.05157287624121,-51.619602829464974
*C(C*)c1ccc(cc1)C(=O)N1CCOCC1,tg,127.0,120.34066678640407,127.96477551371683,120.07022769129523,122.7918899971387
*Oc1c2c(c(cc1)c1c3c(c(cc1)Oc1ccc(cc1)Oc1ccc(cc1)S(=O)(=O)c1ccc(cc1)Oc1ccc(cc1)*)cccc3)cccc2,tg,214.0,201.38904423581656,214.10413451550772,207.88068980965232,207.79128952032556
*N(CCC*)C(=O)CC,tg,8.0,-3.2569447771970474,15.384049128183932,-3.4152755506386017,2.9039429334494273
*C1C(CC(C1)C=C*)(CC)C#N,tg,134.0,132.9471617640825,137.70892358313242,121.85867561189733,130.8382536530374
*N1C(=O)c2c(C1=O)cc(cc2)C(=O)Oc1cc2c(cc1)ccc(c2)OC(=O)CCCCC*,tg,113.0,111.23993129577471,110.03194697644419,111.9207652678334,111.06421451335076
*c1cc2c(C(=O)N(C2=O)C2C(=O)N(C(=O)C2)c2cc(ccc2)NC(=O)*)cc1,tg,130.0,175.53594407317894,174.60522575970856,195.85673962468627,181.9993031525246
*OC(=O)OCC(C*)(C(=O)OCc1ccccc1)C,tg,-2.0,51.74929448635679,32.90838286787769,61.57000923387124,48.74256219603524
*OC(C(=O)OCCC*)C,tg,-33.0,-42.569245858432176,-36.919430890191734,-27.497936316875727,-35.662204355166544
*c1cc2c(cc1OC(=O)COc1ccc3c(c1)oc(=O)cc3)oc(=O)c(c2)C(=O)Nc1ccc(cc1)c1ccc(cc1)NC(=O)c1c(=O)oc2c(cc(c(c2)OC(=O)COc2ccc3c(c2)oc(=O)cc3)C*)c1,tg,248.0,246.96451762975323,245.83720837991314,257.6180803108972,250.13993544018786
*OC(=O)CCCCCCCCC(=O)OCC(C*)(CC)C,tg,-69.0,-45.84372003606501,-41.32039480529525,-49.96678644715304,-45.710300429504436
*C(C*)c1c(ccc(c1)C(=O)Oc1ccc(cc1)OCCCCCCCCCCCC)C(=O)Oc1ccc(cc1)OCCCCCCCCCCCC,tg,108.0,105.35589742035347,104.76295594018708,106.77998723093131,105.63294686382396
*NC(=O)CNC(=O)CCCCC(=O)NCCCCCC*,tg,53.4,49.421488403202574,51.38334634157344,49.82155243292092,50.20879572589897
*Oc1c2c(c(cc1)c1c3c(c(cc1)OCCCCCCC*)cccc3)cccc2,tg,129.5,92.60832186368819,91.74627311331159,89.76395632246414,91.37285043315462
*N1C(=O)c2c(C1=O)cc(cc2)c1cc2c(C(=O)N(C2=O)c2cc(ccc2)C(=O)Nc2ccc(cc2)Oc2ccc(cc2)NC(=O)c2cc(ccc2)*)cc1,tg,253.0,266.3945643009902,267.44052679596194,254.9716324417819,262.9355745129114
*C(C*)(C(=O)OCCOCCOCCOc1ccc(cc1)N=Nc1ccc(cc1)C#N)C,tg,37.0,29.748600035947714,31.35308506608699,36.52248805978927,32.541391053941325
*c1cc2c(C(=O)N(C2=O)c2ccc(cc2)Oc2ccc(cc2)C2(C3C4C(CCC4)C(C2)C3)c2ccc(cc2)Oc2ccc(cc2)N2C(=O)c3c(C2=O)cc(cc3)C(=O)Nc2ccc(cc2)Oc2c(cc(c(c2)C(C)(C)C)Oc2ccc(cc2)NC(=O)*)C(C)(C)C)cc1,tg,290.0,273.5844516692946,263.04619181688315,264.03613383110115,266.8889257724263
*Oc1ccc(cc1)C(c1ccc(cc1)OC(=O)*)(C(F)(F)F)C(F)(F)F,tg,173.55,156.1923569725431,155.36655870210492,163.55075529060255,158.36989032175018
*C(C*)(C(=O)OCCN(c1ccc(cc1)N=Nc1ccc(cc1)[N+](=O)[O-])CC)C,tg,125.25,116.39281855322288,103.14254822790187,112.95419469726883,110.82985382613121
*c1cc2c(C(=O)N(C2=O)c2ccc(cc2)C2(CCC(CC2)C(CC)(C)C)c2ccc(cc2)NC(=O)*)cc1,tg,342.0,317.76339462352325,305.7479154698169,302.8717111019687,308.7943403984363
*C1(c2c(C(=O)O1)cccc2)c1ccc(cc1)Oc1c(c(c(c(c1F)F)C(=O)c1c(c(c(c(c1F)F)Oc1ccc(cc1)*)F)F)F)F,tg,215.0,246.92339586013642,251.74840108598573,241.04124507051048,246.57101400554424
*C(C*)(C(=O)OCC(C(F)F)(F)F)C,tg,80.0,79.98590613669018,93.2695328545357,60.64367853453037,77.96637250858542
*OC(=O)CCC#CC#CCCC(=O)OCCN(CC*)c1ccc(cc1)[N+](=O)[O-],tg,30.0,52.99799898386159,41.59785851131032,51.969361483822574,48.85507299299817
*C(C*)c1c2c(OCO2)ccc1,tg,119.0,142.37021746195336,150.12459027615097,103.42161140430282,131.97213971413572
*c1cc2c(C(=O)N(C2=O)c2c(cc(c(c2C)N2C(=O)c3c(C2=O)cc(cc3)C(=O)Nc2ccc(cc2)NC(=O)*)C)C)cc1,tg,327.0,337.86514642656834,309.0073898364876,333.4819649515006,326.7848337381855
*OC(=O)c1ccc(cc1)c1ccc(cc1)C(=O)OCCCC*,tg,70.0,68.18777295523252,67.08872873067607,68.8492781999948,68.04192662863447
*O[Si](*)(c1ccccc1)C,tg,-24.27,25.024613199993894,26.660521659071165,62.74515700933279,38.143430622799286
*c1cc2c(C(=O)N(C2=O)c2ccc(cc2)NC(=O)c2cc(ccc2)N2C(=O)c3c(C2=O)cc(cc3)C(=O)*)cc1,tg,308.0,273.0220673610048,278.1813498195677,282.5751965671737,277.9262045825821
*Oc1c(cc(cc1Br)C(c1cc(c(c(c1)Br)OC(=O)*)Br)(C(F)(F)F)C(F)(F)F)Br,tg,206.0,184.60150612291176,181.5991045881667,199.21040780090578,188.47033950399475
*Oc1cc(c(cc1)C(=O)c1ccccc1)c1c(ccc(c1)Oc1ccc(cc1)C(c1ccc(cc1)*)(C(F)(F)F)C(F)(F)F)C(=O)c1ccccc1,tg,164.0,191.23526943167295,191.85083676084878,209.13462424651908,197.40691014634695
*NC(=O)c1ccc(cc1)C(=O)NCC(CCC*)C,tg,153.5,157.03686643348806,155.71522659944333,154.19721796528887,155.64977033274008
*C1(CCN(CC1)C(=O)CCCC(=O)N1CCC(CC1)(CCC*)C)C,tg,58.0,64.52682476453553,58.27988198871675,47.63259914445169,56.813101965901325
*Oc1ccc(cc1)Oc1ccc(cc1)P(=O)(c1ccc(cc1)*)C,tg,213.0,185.2041419260931,190.58416484601952,156.97856377337524,177.58895684849594
*C(C*)OC(=O)C1CCCC1,tg,36.0,58.69757824755812,65.82828283065889,65.74466819099084,63.423509756402616
*C=CCC(C*)(C(=O)OC12CC3CC(CC(C1)C3)C2)C(=O)OC12CC3CC(CC(C1)C3)C2,tg,34.0,154.4087078233044,136.45640158058893,126.89667378071123,139.25392772820155
*Oc1cc(ccc1)Oc1c(c(ccc1)Oc1cc(ccc1)Oc1ccc(cc1)c1ccc(cc1)*)C(=O)c1c(cccc1)S(=O)(=O)O[Na],tg,230.0,214.75146491806794,207.62740429564968,234.8846815940245,219.08785026924738
*c1ccc2c3n(c4ccc(cc4n3)c3cc4n5c(nc4cc3)c3cccc4c(ccc(c5=O)c34)Oc3c(cccc3)c3c(cccc3)O*)c(=O)c3cccc1c23,tg,376.0,395.45341506268727,393.97477580363613,397.208621538101,395.5456041348081
*OC(=O)Nc1c(ccc(c1)NC(=O)OCCN(CC*)c1ccc(cc1)N=Nc1ccc(cc1)c1nc2c([nH]1)ccc(c2)[N+](=O)[O-])C,tg,188.0,169.79850825333392,166.4196379110106,166.7221387062293,167.6467616235246
*N1C(=O)c2c(C1=O)cc(cc2)Oc1cc2c(C(=O)N(C2=O)c2cc(ccc2)Oc2cc(ccc2)*)cc1,tg,200.0,222.8766427676106,226.99983519975854,230.94174371999722,226.93940722912214
*N1C(=O)C(=C(C1=O)Cl)Oc1ccc(cc1)C(c1ccc(cc1)OC1=C(C(=O)N(C1=O)c1ccc(cc1)Oc1ccc(cc1)*)Cl)(C(F)(F)F)C(F)(F)F,tg,193.0,194.35973072550587,198.45065901250973,198.55154756151725,197.12064576651096
*OC(=O)NC1CC(CC(C1)(CNC(=O)OCCN(CC*)c1ccc(cc1)N=Nc1ccc(cc1)B(c1c(cc(cc1C)C)C)c1c(cc(cc1C)C)C)C)(C)C,tg,146.0,163.06964385579823,156.48819056957916,154.4071270087705,157.9883204780493
*c1oc(nn1)c1ccc(cc1)C(=O)OCCCCCCCCOc1ccc(cc1)C=CC(=O)C=Cc1ccc(cc1)OCCCCCCCCOC(=O)c1ccc(cc1)*,tg,59.0,83.56431992742228,87.83908293673409,78.1015625260311,83.16832179672916
*C(=C*)C(CCCCCCC)[Si](C)(C)C,tg,150.0,103.94801111328701,116.07396048582706,117.9616148388441,112.66119547931937
*C1C2C(C(C1)CC*)CCC2,tg,103.55,120.31739102003792,136.01763640902215,137.4862528870818,131.2737601053806
*c1cc2c(C(=O)N(C2=O)c2ccc(cc2)Oc2ccc(cc2)C(=O)c2cc(ccc2)C(=O)c2ccc(cc2)Oc2ccc(cc2)N2C(=O)c3c(C2=O)cc(cc3)C(*)(C(F)(F)F)C(F)(F)F)cc1,tg,236.0,238.38855523532703,234.05981588834413,228.3192580850856,233.58920973625223
*c1cc2c(C(=O)N(C2=O)c2ccc(cc2)Oc2c(cc(c(c2)C(C)(C)C)Oc2ccc(cc2)N2C(=O)c3c(C2=O)cc(cc3)C(*)(C(F)(F)F)C(F)(F)F)C(C)(C)C)cc1,tg,277.0,279.39934915193385,261.49212862191075,274.0397966864102,271.6437581534183
*OC(=O)NCCCCCCNC(=O)OCCOCC*,tg,5.0,5.680924469658104,6.552005752841524,4.295910648520302,5.50961362367331
*Oc1cc(ccc1)NC(=O)c1ccc(cc1)P(=O)(c1ccc(cc1)C(=O)Nc1cc(ccc1)Oc1ccc(cc1)P(=O)(c1ccc(cc1)*)c1ccccc1)c1ccccc1,tg,235.0,222.20248796600524,218.0592044356273,227.84270478733185,222.7014657296548
*N(CC*)C(=O)CCCCCCC,tg,10.0,0.8556602974102405,-0.12692147196293035,9.446202518983991,3.391647114810434
*c1sc(cc1SCCCC)c1ccc(cc1)c1sc(c(c1)SCCCC)c1ccc(cc1)*,tg,26.4,30.67171826522658,27.323306340066637,60.92030343127002,39.63844267885441
*C1C2C(C(=O)N(C2=O)c2c(cccc2)Cl)C(C1)C=C*,tg,255.6,214.3875202839939,205.77182165236,211.74941830681595,210.63625341438993
*Oc1cc(cc(c1)CCC)OC(=O)c1cc(ccc1)C(=O)*,tg,129.0,118.64753240988998,123.46857963791713,102.24722787670068,114.78777997483593
*C(CCCCC*)CCCCCCCC,tg,-72.0,-42.97069623024139,-37.98222362450662,-45.99604535692394,-42.31632173722398
*C1OCC2(CO1)COC(OC2)CCCCCCCC(=O)OCCOC(=O)CCCCCCC*,tg,0.0,2.5640513847153206,1.040593355932657,11.114412373514126,4.906352371387368
*Oc1c(cc(cc1)Oc1c(c(c(c(c1F)F)c1c(c(c(c(c1F)F)*)F)F)F)F)S(=O)(=O)O,tg,120.0,210.406011065984,198.56292432596763,211.94714267585812,206.97202602260325
*Oc1ccc(cc1)C1(c2ccccc2c2ccccc12)c1ccc(cc1)Oc1ccc(cc1)C(=O)c1cc(ccc1)c1cc(ccc1)C(=O)c1ccc(cc1)*,tg,212.0,236.7276211724221,228.07241169937285,237.9331768221533,234.2444032313161
*OC(=O)CCCC(=O)NCCCCCC*,tg,-18.0,19.2594298624624,11.315832165356312,18.285900447758184,16.28705415852563
*c1cc2c(C(=O)N(C2=O)c2ccc(cc2)Oc2c3c(ccc2)c(ccc3)Oc2ccc(cc2)N2C(=O)c3c(C2=O)cc(cc3)C(=O)Nc2ccc(cc2)Oc2ccc(cc2)C(c2ccc(cc2)Oc2ccc(cc2)NC(=O)*)(C(F)(F)F)C(F)(F)F)cc1,tg,231.0,267.8226606578718,259.34320322222976,255.28839626002346,260.818086713375
*c1c(ccc(c1)*)c1oc2c(n1)cc(cc2)C,tg,221.0,243.68945319980412,235.84883689265166,239.89024211068133,239.80951073437905
*N1C(=O)c2c(C1=O)c(ccc2)c1cc2c(C(=O)N(C2=O)c2cc(ccc2)C(=O)Nc2ccc(cc2)NC(=O)c2cc(ccc2)*)cc1,tg,328.0,287.4559695347365,282.67625747508146,297.9441781006894,289.3588017035024
*C(C*)C(=O)OCCCCCCCCCCCCCCCCCC,tg,-42.5,-93.90844447503156,-80.19860979547613,-92.1383646795363,-88.748472983348
*Oc1ccc(cc1)CC(NC(=O)CCc1ccc(cc1)OC(=O)CCCCCCC(=O)*)C(=O)OCC(C)C,tg,42.0,42.736052121367024,41.278033281528835,43.11016679101489,42.374750731303585
*c1cc2c(C(=O)N(C2=O)c2ccc(cc2)S(=O)(=O)c2ccc(cc2)NC(=O)c2cc(ccc2)C(=O)Nc2ccc(cc2)S(=O)(=O)c2ccc(cc2)N2C(=O)c3c(C2=O)cc(cc3)C(=O)*)cc1,tg,226.0,275.1660082103882,292.3368969792556,279.5003136519917,282.3344062805452
*Oc1ccc(cc1)C(=O)NNC(=O)c1c(cc(cc1)C(=O)NNC(=O)c1ccc(cc1)OC(=O)c1cc(ccc1)C(=O)*)Oc1ccccc1,tg,160.0,185.06935243960586,196.80279013628038,179.16824144069085,187.013461338859
*C(C*)c1c(ccc(c1)C(=O)OC)c1ccc(cc1)OCCCCCCCC,tg,126.0,80.79327334625823,80.12426700819752,79.85818056097362,80.25857363847645
*Oc1ccc(cc1)Oc1cc(ccc1)Oc1ccc(cc1)c1ccc(cc1)Oc1cc(ccc1)Oc1ccc(cc1)Oc1c(cc(cc1)C(=O)c1cc(c(cc1)*)S(=O)(=O)O[Na])S(=O)(=O)O[Na],tg,304.0,293.78922186420715,291.9280873425795,304.4935039493623,296.7369377187163
*c1cc2C3(CCC(CC3)(C3=NC(CO3)Cc3ccccc3)C3=NC(CO3)Cc3ccccc3)c3c(c2cc1)ccc(c3)c1cc2C(c3c(c2cc1)ccc(c3)*)(CCCCCC)CCCCCC,tg,142.0,137.665856123012,145.43447340263282,135.4460530719524,139.51546086586575
*c1c2C(=O)N(C(=O)c2c(c2ccccc12)c1ccc(cc1)Oc1ccc(cc1)S(=O)(=O)c1ccc(cc1)Oc1ccc(cc1)*)CCCCCCCCCCCC,tg,167.0,144.708190966137,164.98785774740657,152.86099565060735,154.18568145471696
*c1cc2c(oc(n2)c2cc(ccc2)c2oc3c(n2)cc(cc3)C(*)(c2ccccc2)C(F)(F)F)cc1,tg,301.0,367.6065731138213,347.68231349419887,360.51513453115217,358.60134037972415
*C1C(=O)OC(=O)C1C1C2CC(C(C1*)C2)COCCC,tg,209.0,176.50817546193957,176.44724203971037,166.0690529184072,173.00815680668572
*P1(=NP(=NP(=N1)(Oc1ccc(cc1)C(=O)OCCC)Oc1ccc(cc1)C(=O)OCCC)(Oc1ccc(cc1)C(c1ccc(cc1)O*)(C(F)(F)F)C(F)(F)F)Oc1ccc(cc1)C(=O)OCCC)Oc1ccc(cc1)C(=O)OCCC,tg,34.0,49.13717147264897,55.125102301805626,85.35769472635036,63.206656166934984
*N1C(=O)c2c(C1=O)cc(cc2)C(=O)c1cc2c(C(=O)N(C2=O)CCCCCCOC(=O)OCCCCCC*)cc1,tg,74.0,72.38621259636513,63.19912398871317,57.24753755938275,64.27762471482035
*c1cc2c(C(=O)N(C2=O)c2ccc(cc2)NC(=O)Nc2ccc(cc2)N2C(=O)c3c(C2=O)cc(cc3)C(=O)Nc2ccc(cc2)Oc2ccc(cc2)NC(=O)*)cc1,tg,205.0,221.07617498011408,233.48083108379655,223.52832818588928,226.0284447499333
*C(C*)c1ccc(cc1)C(=O)CCC,tg,74.0,88.01051897971776,77.93553008087405,79.22153142948513,81.72252683002564
*c1cc2c(C(=O)N(C2=O)c2ccc(cc2)Oc2ccc(cc2)S(=O)(=O)c2ccc(cc2)Oc2ccc(cc2)N2C(=O)c3c(C2=O)cc(cc3)C(=O)c2cc(ccc2)C(=O)*)cc1,tg,249.0,243.94957819867776,238.7053764475451,245.85211179075134,242.83568881232472
*c1sc(nn1)c1ccc(cc1)OC(=O)CCCCCCCCC(=O)Oc1cc(ccc1)C=C*,tg,55.0,35.673351329487886,36.914166907986115,37.948731248379765,36.84541649528459
*OCCCCSSCCCC*,tg,-76.0,-66.21848483254473,-52.87342595304136,-59.01919257861438,-59.37036778806682
*Oc1c(cc(cc1)OC(=O)c1c(cc(cc1)c1ccc(cc1)C(=O)*)c1ccccc1)C(c1ccccc1)(C)C,tg,146.0,167.37923928049423,177.94351863509004,176.14826306011162,173.8236736585653
*N(CC*)C(=O)c1ccc(cc1)F,tg,104.0,106.58582678405112,107.42047325212314,109.11449226686274,107.706930767679
*Oc1ccc(cc1)C1(CCCCCC1)c1ccc(cc1)OC(=O)*,tg,155.0,169.10336904685013,162.29387068984425,169.53401447062652,166.97708473577362
*O[Si](O[Si](O[Si](O[Si](O[Si](C#Cc1ccc(cc1)C#C[Si](*)(C)C)(C)C)(C)C)(C)C)(C)C)(C)C,tg,78.0,22.695564182578334,39.644498462490716,40.00679626422169,34.115619636430246
*C(C*)(C(=O)OCCCCCCCCOc1ccc(cc1)C(=O)Oc1ccc(cc1)C(=O)C=Cc1c(c2c(n1CCCC)cccc2)C)C,tg,69.0,67.89777774030668,71.8517536360109,71.9585384157685,70.56935659736202
*Oc1ccc(cc1)P(=O)(c1ccc(cc1)Oc1ccc(cc1)C(c1ccc(cc1)*)(c1ccccc1)C(F)(F)F)C,tg,229.0,210.65887843334195,208.74676791403726,196.5320838518498,205.31257673307633
*c1cc2c(nc(c(n2)c2ccc(cc2)Oc2ccc(cc2)c2c(nc3c(n2)cc(cc3)C(=O)*)c2ccccc2)c2ccccc2)cc1,tg,265.4,325.98536432970377,289.6755099338571,308.1783724409047,307.94641556815515
*Oc1ccc(cc1)c1ccc(cc1)c1ccc(cc1)Oc1ccc(cc1)C(=O)c1cc(ccc1)C(=O)c1ccc(cc1)*,tg,174.0,181.31601168011366,172.92971893027558,186.49832317260766,180.24801792766564
*C(C*)c1ccc(cc1)C(CCCCC)(O)C,tg,92.5,90.16501032532294,86.7115047589411,90.61704955567257,89.16452154664553
*C(C*)C(=O)Oc1cc(ccc1)C(=O)OCC,tg,24.0,35.64085256653171,25.028209517066585,46.51125221927539,35.72677143429123
*Oc1c(cc(c(c1)OC(=O)c1ccc(cc1)OCCCC)OC(=O)CCCCCCCC(=O)*)OC(=O)c1ccc(cc1)OCCCC,tg,38.0,41.922717443805055,44.75258023683514,35.7696592736868,40.814985651442335
*c1cc2c(C(=O)N(C2=O)c2cc(ccc2)Nc2nc(nc(n2)Nc2cc(ccc2)N2C(=O)c3c(C2=O)cc(cc3)C(=O)*)N(c2ccccc2)c2ccccc2)cc1,tg,290.0,255.60070800275935,264.11512251998226,264.6383291165075,261.45138654641636
*N1C(=O)c2c(C1=O)cc(cc2)C(=O)c1cc2c(C(=O)N(C2=O)CCCCCCCCCCC(=O)Nc2ccc(cc2)NC(=O)CCCCCCCCCC*)cc1,tg,125.0,149.2334803586038,154.85665925206035,173.05154715821604,159.04722892296004
*Oc1cc(ccc1)NC(=O)c1cc(cc(c1)C(C(C(C(C(C(C(C(F)(F)F)(F)F)(F)F)(F)F)(F)F)(F)F)(F)F)(F)F)C(=O)Nc1ccc(cc1)*,tg,210.0,217.73513457025075,222.63717478399354,237.16961775480797,225.84730903635077
*C(C*)(C(=O)OCc1occc1)C,tg,111.0,75.7435574980861,67.26016222808242,59.584633169846036,67.52945096533819
*C(C*)(C(=O)OCCCCC)C,tg,6.0,14.456328357470465,8.984646512798548,14.474056730898308,12.638343867055774
*N1C(=O)c2c(C1=O)cc(cc2)Oc1cc2c(C(=O)N(C2=O)c2c(ccc(c2)C(c2cc(c(cc2)OCCN(c2ccc(cc2)C=CC2=CC(=C(C(=O)OC)C#N)CC(C2)(C)C)c2ccccc2)*)(C(F)(F)F)C(F)(F)F)OCCN(c2ccc(cc2)C=CC2=CC(=C(C(=O)OC)C#N)CC(C2)(C)C)C)cc1,tg,207.0,190.3618535768111,193.9075394343111,188.7259786797676,190.9984572302966
*C=CC(C(*)COCc1ccccc1)COCc1ccccc1,tg,-4.0,8.483082865854776,20.908697588197086,11.143817033637115,13.511865829229658
*c1cc2c(C(=O)N(C2=O)c2ccc(cc2)Oc2c(c(ccc2)Oc2ccc(cc2)N2C(=O)c3c(C2=O)cc(cc3)C(*)(C(F)(F)F)C(F)(F)F)C#N)cc1,tg,280.0,243.08152615026174,256.3056875049806,249.2800882207776,249.55576729200666
*c1ccc2n(c3c(c2c1)cc(cc3)Nc1ccc(cc1)C(=O)c1ccc(cc1)C(=O)c1ccc(cc1)N*)CC(CCCC)CC,tg,213.0,202.92820984995555,214.53038459757957,205.0534341956333,207.5040095477228
*c1c(nc2c(n1)cc(cc2)Oc1cc2c(nc(c(n2)c2ccc(cc2)c2ccc(cc2)*)c2ccccc2)cc1)c1ccccc1,tg,410.0,309.2224036965361,308.6716243508673,302.20355308106895,306.6991937094908
*Nc1ccc(cc1)Cc1ccc(cc1)NC(=O)c1ccc(cc1)C(=O)*,tg,294.5,285.6494528162066,272.44119333076657,288.8678359259516,282.3194940243082
*N1C(=O)C(=C(C1=O)c1ccccc1)c1ccc(cc1)C1=C(C(=O)N(C1=O)c1ccc(cc1)Oc1ccc(cc1)Oc1ccc(cc1)*)c1ccccc1,tg,249.0,247.59419264837953,248.12951138496277,244.13941617038694,246.62104006790977
*C(C*)c1ccc(cc1)OP1(=NP(=NP(=N1)(OCCOCCOCCOC)OCCOCCOCCOC)(OCCOCCOCCOC)OCCOCCOCCOC)OCCOCCOCCOC,tg,-66.5,-1.1534059293534522,-19.59779793805643,34.57398435488302,4.607593495824378
*c1cc2c(C(=O)N(C2=O)c2cc(ccc2)P(=O)(c2cc(ccc2)N2C(=O)c3c(C2=O)cc(cc3)C(*)(C(F)(F)F)C(F)(F)F)c2ccccc2)cc1,tg,271.0,278.70414600059064,270.8605106127221,281.69803519401853,277.0875639357771
*C(C*)(C(=O)OCc1ccc(cc1)C=CC(=O)Oc1ccc(cc1)OC)C,tg,89.0,104.88970660262108,101.71375064862235,85.72344704299584,97.4423014314131
*OCCOCCOCCCNC(=O)C(NC(=O)CCCCCCCCC(=O)NC(C(=O)NCCC*)Cc1ccccc1)Cc1ccccc1,tg,44.0,50.87357713169439,39.81580471680016,55.63073557446084,48.77337247431846
*O[Si](*)(CCC(C(C(C(F)(F)F)(F)F)(F)F)(F)F)C,tg,-75.0,-33.280488823659645,-34.55588287971571,-42.39492261056292,-36.74376477131276
*C(C*)OC(C)C,tg,-7.5,12.21757410193403,7.181630733227479,20.83421954775151,13.411141460971004
*Oc1c(cc(cc1)Oc1ccc(cc1)C(=O)c1ccc(cc1)*)S(=O)(=O)O,tg,214.67,181.49102453732772,185.3194572608306,180.2166878073856,182.34238986851463
*N1C(=O)C2C(C1=O)C(Cc1ccccc21)C1C(=O)N(C(=O)C1)c1cc(cc(c1)C(=O)OCCCCCC)*,tg,249.43,205.9777959673555,167.77106623931732,194.36414351735004,189.37100190800763
*c1nc2c(c(c1)c1ccccc1)cc(cc2)c1cc2c(nc(cc2c2ccccc2)c2ccc(cc2)C2(c3ccccc3C(=O)c3ccccc23)c2ccc(cc2)*)cc1,tg,417.0,362.40211642695834,361.3663346836995,345.28445468555003,356.350968598736
*OC(=O)C1=C(CCCC=C1C(=O)OCC*)N1CCCC1,tg,345.0,61.01524077180883,64.32763518019597,85.44955829234772,70.2641447481175
*c1cc2c(C(=O)N(C2=O)c2c(cc(cc2C)Cc2cc(c(c(c2)C)N2C(=O)c3c(C2=O)cc(cc3)C(=O)Nc2c(ccc(c2)NC(=O)*)N=Nc2ccc(cc2)[N+](=O)[O-])C)C)cc1,tg,264.0,278.4111242635755,283.1978796342212,276.9381342653366,279.5157127210444
*Oc1cc(ccc1)N(c1ccc(cc1)c1ccc(cc1)N(c1cc(ccc1)OC(=O)OCCOCCOC(=O)*)c1ccc(cc1)N=Nc1ccc(cc1)[N+](=O)[O-])c1ccccc1,tg,107.25,144.93469635548905,108.72107392551256,129.54663792289696,127.73413606796619
*C(C*)CN,tg,190.0,39.22890006185919,30.834824413723467,45.24488116566116,38.43620188041461
*C(=C(*)C)SCC,tg,160.0,107.04890705542957,130.50617571490093,96.06277371030939,111.2059521602133
*SSSCc1ccc(cc1)C*,tg,8.0,38.99753753570849,37.88310197295023,18.78471361518439,31.888451041281034
*N1C(=O)c2c(C1=O)cc(cc2)Oc1ccc(cc1)C(=O)Nc1ccc(cc1)Oc1ccc(cc1)*,tg,262.0,245.32069159530133,256.6658225784649,253.9584547255393,251.98165629976847
*c1cc2c(C(=O)N(C2=O)c2ccc(cc2)Cc2ccc(cc2)N2C(=O)c3c(C2=O)cc(cc3)C(=O)c2ccc(cc2)Oc2ccc(cc2)S(=O)(=O)c2ccc(cc2)Oc2ccc(cc2)C(=O)*)cc1,tg,245.0,243.51244327863355,247.15025983066772,240.20697114411698,243.62322475113942
*N1C(=O)c2c(C1=O)cc(cc2)Oc1cc2c(cc1)ccc(c2)Oc1cc2c(C(=O)N(C2=O)c2ccc(cc2)Oc2ccc(cc2)*)cc1,tg,249.5,235.07254314515853,234.63169879804423,230.35478853695196,233.35301016005155
*NNC(=O)c1c(cc(cc1)C(=O)*)OCCCCC,tg,234.0,99.40885896279754,114.99389276116506,96.53253378070575,103.64509516822278
*Oc1ccc(cc1)P(=O)(c1ccc(cc1)*)c1ccccc1,tg,240.0,190.08356234511606,185.4960272959292,171.05470493322025,182.21143152475517
*Oc1cc2c(cc1)ccc(c2)OC(=O)c1ccc(cc1)Oc1ccc(cc1)C(=O)*,tg,142.0,178.039766041586,177.0514674922318,175.42315253882728,176.8381286908817
*OC(=O)NCCCCCCNC(=O)OCC#CC*,tg,-45.0,36.33418465586576,41.34280820511182,40.23445038155171,39.30381441417643
*S(=O)(=NP(=NP(=N*)(NC)NC)(NC)NC)NC,tg,22.0,28.755223369501834,59.35073044215058,18.89533325593278,35.667095689195065
*N1C(=O)c2c(C1=O)cc(cc2)C(=O)Oc1ccc(cc1)OC(=O)CCCC*,tg,89.32,90.60036194594414,106.87162241657713,89.03304871217523,95.50167769156549
*OC(=O)COCC(=O)OCCCC*,tg,-27.0,-35.23362416697688,-28.024039113181516,-12.781354970598988,-25.346339416919125
*NC(=O)c1c(cc(cc1)C(=O)NCCCCCC*)Oc1ccc(cc1)Cl,tg,112.5,114.12987757119816,114.00596511639604,111.53942476577149,113.22508915112189
*OCCCNC(=O)CCCCC(=O)NCCC*,tg,34.0,5.516721026307642,9.996124105271178,4.352058264371821,6.62163446531688
*Oc1ccc(cc1)N[Se]Nc1ccc(cc1)*,tg,55.0,92.22135403004819,76.29026306712083,100.63798519847685,89.71653409854862
*C(=C*)CCCOC(=O)c1c(ccc(c1)c1ccc(cc1)OC)c1ccc(cc1)OC,tg,72.4,96.88430269588117,94.2332808502194,107.52026317145678,99.54594890585246
*Nc1c(cc(cc1)NC(=O)c1ccc(cc1)NC(=O)CCCCCCCCCCC(=O)Nc1ccc(cc1)C(=O)*)C(=O)OCCCCCCCCCCCCCC,tg,199.5,235.27082970162422,241.59089085558787,229.27334535037528,235.37835530252914
*c1ncc(cc1)C(=O)NCCCCCCNC(=O)*,tg,80.0,102.12438355903407,104.84587616875855,94.4951686976472,100.48847614181328
*N1C(=O)c2c(C1=O)cc(cc2)Oc1cc2c(C(=O)N(C2=O)c2cc(ccc2)Oc2ccc(cc2)*)cc1,tg,233.75,224.67245831338147,232.67172914736193,230.944395118087,229.42952752627681
*Oc1cc2c(cc1)ccc(c2)OCCNC(=O)c1cc(ccc1)C(=O)NCC*,tg,143.0,146.48212976611816,157.31098675047053,153.33586953297726,152.37632868318866
*C(C*)OC(=O)CC(c1ccccc1)(C)C,tg,20.0,61.23194043609181,61.19564524944623,56.50260660553635,59.643397430358135
*OC(=O)c1cc(ccc1)C(=O)OCCc1ccc(cc1)NC(=O)c1cc(ccc1)C(=O)Nc1ccc(cc1)CC*,tg,142.0,163.48994462693489,153.55782260227343,163.92370955531942,160.3238255948426
*c1cc2c(C(=O)N(C2=O)c2ccc(cc2)C(=O)OCCCSCCCCSCCCOC(=O)*)cc1,tg,39.0,44.79179923976659,51.06037669319953,71.72308977391427,55.85842190229346
*c1cc2c(C(=O)N(C2=O)c2ccc(cc2)Oc2cc(ccc2)Oc2ccc(cc2)N2C(=O)c3c(C2=O)cc(cc3)C(=O)Nc2ccc(cc2)C2(c3ccccc3c3ccccc23)c2ccc(cc2)NC(=O)*)cc1,tg,278.0,263.5007836244915,241.7779908285915,260.4311555022733,255.2366433184521
*N1C(=O)c2c(C1=O)cc(cc2)c1cc2c(C(=O)N(C2=O)c2ccc(cc2)c2nc(cc(c2)c2ccc(cc2)OCCCC#N)c2ccc(cc2)*)cc1,tg,360.0,314.3245315729814,308.3435893572273,313.25186809126865,311.9733296738258
*C(C*)C(=O)Oc1ccc(cc1)C(C)(C)C,tg,71.0,59.13808821525882,60.91885587666556,52.85651999890436,57.63782136360958
*c1ccc2c(nc([nH]2)c2ccc(cc2)c2nc3c([nH]2)ccc(c3)C(=O)Nc2cc(ccc2)NC(=O)c2cc(ccc2)NC(=O)*)c1,tg,312.0,303.40344287293937,301.1766923193022,310.45720392900006,305.01244637374725
*N1C(=O)c2c(C1=O)cc(cc2)S(=O)(=O)c1cc2c(C(=O)N(C2=O)c2c(cc(c(c2C)*)C)C)cc1,tg,418.0,360.88230127530557,369.75956793366834,362.926222735772,364.5226973149153
*c1n(nc(c1)c1ccc(cc1)Oc1ccc(cc1)P(=O)(c1ccc(cc1)Oc1ccc(cc1)*)c1ccccc1)c1ccccc1,tg,239.0,246.47191291940172,243.88772028746774,233.0381645698209,241.1325992588968
*C(C*)C(=O)Nc1cc2C(=O)c3c(C(=O)c2cc1)cccc3,tg,128.0,158.1559269951346,171.32298572418102,158.26685471872293,162.5819224793462
*c1cc2c(C(=O)N(C2=O)c2cc(ccc2)P(=O)(c2cc(ccc2)N2C(=O)c3c(C2=O)cc(cc3)C(*)(C(F)(F)F)C(F)(F)F)c2ccc(cc2)Oc2ccc(cc2)C23CC4CC(CC(C2)C4)C3)cc1,tg,298.0,285.89032184436,283.93591682211945,277.71864457916377,282.51496108188104
*c1cc2c(C(=O)N(C2=O)c2cc(ccc2)Nc2nc(nc(n2)Nc2cc(ccc2)N2C(=O)c3c(C2=O)cc(cc3)C(=O)*)c2ccccc2)cc1,tg,292.0,299.4321192085193,299.8522381477001,294.07684585960027,297.78706773860654
*N1C(=O)c2c(C1=O)cc(cc2)C(=O)c1cc2c(C(=O)N(C2=O)CC(=O)Nc2cc(ccc2)Oc2ccc(cc2)NC(=O)C*)cc1,tg,226.0,219.54890641009206,214.53982343058044,225.11241283982463,219.73371422683238
*C1C2C(C(C(C1*)C2)C(=O)OCCC12CC3CC(CC(C1)C3)C2)C(=O)OCCC12CC3CC(CC(C1)C3)C2,tg,300.0,202.0142604080146,222.08419217747388,168.26527680798083,197.45457646448975
*OC(=O)c1cc2c(cc1)cc(cc2)C(=O)OCCCCC*,tg,50.83,49.19924675548889,48.48807070620997,49.049262738828645,48.91219340017583
*c1cc2c(C(=O)N(C2=O)c2ccc(cc2)Oc2ccc(cc2)S(=O)(=O)c2ccc(cc2)Oc2ccc(cc2)N2C(=O)c3c(C2=O)cc(cc3)C(=O)Nc2ccc(cc2)Oc2c(cccc2)c2c(cccc2)Oc2ccc(cc2)NC(=O)*)cc1,tg,236.0,249.34595607253337,251.4528834361866,246.30039077073656,249.03307675981887
*C(C*)C(=O)OC12CC3CC(CC(C1)C3)C2,tg,153.0,134.4446155526891,126.93202398202268,130.1559493545656,130.51086296309245
*c1cc2c(C(=O)N(C2=O)c2c(ccc(c2)N2C(=O)c3c(C2=O)cc(cc3)C(=O)Nc2ccc(cc2)Oc2ccc(cc2)c2ccc(cc2)Oc2ccc(cc2)NC(=O)*)C)cc1,tg,299.0,283.52010641751036,282.2480495919913,275.2032007342215,280.32378558124105
*c1cc2c(C(=O)N(C2=O)c2cc(ccc2)Oc2cc(ccc2)Oc2cc(ccc2)N2C(=O)c3c(C2=O)cc(cc3)C(=O)*)cc1,tg,211.0,225.25059009354482,224.5389217639301,230.40574598462578,226.73175261403355
*NC(=O)c1c(cc(cc1)C(=O)NCCCC*)Sc1ccccc1,tg,136.0,146.35147248776394,141.24316617942924,135.37127635522322,140.98863834080547
*c1c(ccc(c1)*)c1oc2c(n1)cccc2,tg,229.0,245.83552984532946,241.97467451935816,256.6471262530664,248.15244353925132
*c1oc(nn1)c1oc(cc1)c1oc(nn1)c1ccc(cc1)[Si](c1ccc(cc1)*)(c1ccccc1)c1ccccc1,tg,264.0,260.760146084419,241.6728644605027,250.40542392145,250.94614482212387
*C1C(=O)N(C(=O)C1CC*)CCCCCC,tg,41.5,69.57305664626422,64.14609179786287,63.371438767143836,65.69686240375698
*c1cc2Oc3c(C4(c2cc1)c1ccccc1c1ccccc41)ccc(c3)OC(=O)O*,tg,295.0,283.6366511976107,300.3240221539081,312.15517305705,298.7052821361896
*Nc1ccc(cc1)C(c1ccc(cc1)NC(=O)c1cc(cc(c1)N1C(=O)C2C(C1=O)CC=CC2)C(=O)*)(C)C,tg,308.0,287.1742954685073,299.7033078809304,285.4297835326296,290.7691289606891
*c1oc2c(n1)cc(cc2)NC(=O)CCCCCCCCC(=O)Nc1cc2c(oc(n2)CCCCCC*)cc1,tg,86.0,107.9959703658303,104.49672284646286,113.06439065240271,108.51902795489862
*NC(=O)CCCCCCCCCCCCCCC(=O)NCCCCCCCCCCCC*,tg,46.0,47.497031173790795,47.13842539885819,50.20719883960613,48.28088513741837
*OC(=O)c1ccc(cc1)c1ccc(cc1)C(=O)OCCCCC*,tg,45.25,58.67302268625921,57.57660655065685,57.720548350627624,57.99005919584789
*C(C*)(C(=O)NC(=O)OC(COc1ccc(cc1)S(=O)(=O)c1ccc(cc1)OCC(O)C)C)C,tg,73.0,73.7964372331197,77.8457720405138,63.4418789595604,71.69469607773131
*Nc1ccc(cc1)c1c(cc(cc1c1ccc(cc1)c1ccccc1)c1ccc(cc1)c1cc(c(c(c1)c1ccc(cc1)c1ccccc1)c1ccc(cc1)NC(=O)c1ccc(cc1)C(=O)*)c1ccc(cc1)c1ccccc1)c1ccc(cc1)c1ccccc1,tg,305.0,238.59464241722515,247.05452355112484,233.315924038595,239.655030002315
*Oc1ccc(cc1)NC(=O)c1ccc(cc1)C(=O)Nc1ccc(cc1)Oc1ccc(cc1)C(c1ccc(cc1)*)(C(F)(F)F)C(F)(F)F,tg,243.0,240.58339858734257,232.62004085482127,239.6265822275468,237.61000722323686
*C(C*)c1ccc(cc1)COCCCCO,tg,20.0,33.86290864611464,34.46948928029137,21.985926955267576,30.106108293891193
*OP(=O)(OCCCCOc1c(cc(cc1)C=C1C(=O)C(=Cc2cc(c(cc2)OCCCC*)OC)CC1)OC)OC,tg,75.0,70.62787908388314,53.2636614545778,69.7519276779488,64.54782273880325
*Oc1c(cc(cc1)C(c1cc(c(cc1)OC(=O)CCCCC(=O)*)C)(C)C)C,tg,33.5,81.03158191830398,73.8834274801589,82.99258102173933,79.3025301400674
*Oc1c(cc(c(c1)OC(=O)c1ccc(cc1)OC)OC(=O)CCCC(=O)*)OC(=O)c1ccc(cc1)OC,tg,88.0,98.86542773913932,93.23781940152469,112.49862303768882,101.5339567261176
*c1c(c(cc(c1)N=Nc1ccc(cc1)C#N)*)O,tg,176.0,192.65784841527028,187.41652343364336,199.0491228937436,193.04116491421908
*C1OCC(OC1)CNC(=O)CCCCC(=O)NC*,tg,93.0,46.69155822362508,62.866451284739014,35.714198480725926,48.42406932969667
*C1COC2C1OCC2OC(=O)OCC(C(COC(=O)O*)OC)OC,tg,61.0,81.0351584894164,86.64302789526275,66.32880425215527,78.00233021227814
*NC(=O)CCP(=S)(CCC(=O)NCCCCCC*)c1ccccc1,tg,43.0,62.19935765466062,48.360152295980356,48.39268969221975,52.98406654762024
*Oc1ccc(cc1)Oc1ccc(cc1)C(=O)c1ccc(cc1)NC(=O)c1cc(ccc1)C(=O)Nc1ccc(cc1)C(=O)c1ccc(cc1)*,tg,198.0,222.43838056812424,212.7862093883145,216.75448737689237,217.32635911111038
*c1c(nc2c(c1c1ccccc1)cc(cc2)c1cc2c(nc(c(c2c2ccccc2)c2ccc(cc2)*)c2ccccc2)cc1)c1ccccc1,tg,376.25,354.68519965777995,349.502704612207,361.5518657152076,355.2465899950649
*c1cc2c(C(=O)N(C2=O)c2cc(c(cc2)c2c(cc(cc2)N2C(=O)c3c(C2=O)cc(cc3)C(*)(C(F)(F)F)C(F)(F)F)C(F)(F)F)C(F)(F)F)cc1,tg,321.5,314.971219853804,297.97346331567707,321.2880688570625,311.4109173421812
*c1ccc(cc1)c1c(cc(c(c1c1ccccc1)c1ccccc1)c1cc(ccc1)c1c(c(c(c(c1)c1ccccc1)c1ccc(cc1)CCC*)c1ccccc1)c1ccccc1)c1ccccc1,tg,240.0,239.60326816693697,210.83696049637294,263.47626249701636,237.97216372010874
*C(C*)(C(=O)N)C,tg,88.7,132.51916206779137,121.69235949677721,133.7741014766519,129.32854101374016
*Oc1ccc(cc1)C(c1ccc(cc1)OC(=O)c1ccc(cc1)C(c1ccc(cc1)C(=O)*)(C(F)(F)F)C(F)(F)F)(C(F)(F)F)C(F)(F)F,tg,135.0,181.9192516217532,173.5799548780516,181.32721795960194,178.94214148646893
*NC(=O)CCCCCCCCCCC(=O)NCCCCCCCCCCC*,tg,39.0,42.65209698959963,48.21512214442954,45.81267435737859,45.55996449713592
*C(C*)OCCCCCCCOc1ccc(cc1)c1ccc(cc1)C#N,tg,13.0,35.16669418507069,36.674717151914734,38.42987392412225,36.75709508703589
*c1cc2c(C(=O)N(C2=O)c2ccc(cc2)C(=O)OCCCCCCCCCCCCOC(=O)*)cc1,tg,46.8,49.24507790572701,62.5577090464607,54.129794824081515,55.31086059208974
*C(C(*)(F)F)OC(F)(F)F,tg,-10.0,45.346622647139995,43.74763803595839,57.94722415545179,49.01382827951672
*C(C*)(C(=O)OCCCCCCN(c1ccc(cc1)N=Nc1ccc(cc1)S(=O)(=O)C)C)C,tg,100.0,87.46214879994531,102.64128118106225,95.73818658387695,95.2805388549615
*c1nnc(nc1c1ccc(cc1)Oc1ccc(cc1)C(c1ccc(cc1)Oc1ccc(cc1)*)(C)C)c1ncccc1,tg,220.0,216.3801952295238,222.05294461779167,213.66095798388918,217.3646992770682
*[Si](CCC*)(c1ccc(cc1)C)c1ccc(cc1)C,tg,38.0,33.86369416795232,40.36466431352734,40.636983761518756,38.28844741433281
*Oc1ccc(cc1)CCNC(=O)c1cc(ccc1)C(=O)NCCc1ccc(cc1)OC(=O)c1cc(ccc1)C(=O)*,tg,147.0,119.39361662390117,147.47498224334436,132.01482158568828,132.96114015097794
*c1cc2c(C(=O)N(C2=O)c2c(cc(cc2CC)Cc2cc(c(c(c2)CC)N2C(=O)c3c(C2=O)cc(cc3)C(=O)*)CC)CC)cc1,tg,296.0,214.66842716999682,256.2663878090269,224.9271348912765,231.95398329010007
*c1cc2c(C(=O)N(C2=O)c2cc(ccc2)P(=O)(c2cc(ccc2)N2C(=O)c3c(C2=O)cc(cc3)C(=O)Nc2ccc(cc2)c2nc(cc(c2)c2ccccc2)c2ccc(cc2)NC(=O)*)c2ccccc2)cc1,tg,258.0,263.0307965186321,252.34908429955766,245.77577490353315,253.718551907241
*c1cc2c(C(=O)N(C2=O)c2c(cccc2)Cc2ccc(cc2)N2C(=O)c3c(C2=O)cc(cc3)C(=O)*)cc1,tg,286.0,287.7146028549854,278.69857641984936,285.21131798921334,283.87483242134937
*Oc1ccc(cc1)S(=O)(=O)c1ccc(cc1)Oc1c(cc(cc1C(C)C)C(c1cc(c(c(c1)C(C)C)*)C(C)C)(C)C)C(C)C,tg,175.0,197.42677311319983,203.6645370981715,194.28015197524377,198.45715406220506
*C(C*)Cc1cc(ccc1)C,tg,38.75,56.048457415970695,50.975135701319545,66.20122665900821,57.74160659209948
*N=P(*)(Oc1cc2c(cc1)cccc2)Oc1cc2c(cc1)cccc2,tg,47.0,62.21769507317577,78.38476390944186,64.53385830041684,68.37877242767816
*C1C(CC(C1)C=C*)C#N,tg,140.0,128.6906734828716,112.03238274793041,127.21607476843558,122.64637699974587
*C1(OC(C(O1)(F)F)(F)C(F)(F)F)C(*)(F)F,tg,135.0,221.8391919162972,246.9575932855517,237.42032421628588,235.40570313937826
*Oc1ccc(cc1)S(=O)(=O)c1ccc(cc1)OC(=O)c1ccc(cc1)[Si](c1ccc(cc1)C(=O)*)(c1ccccc1)c1ccccc1,tg,250.0,202.84723913744787,209.92215262406762,219.40275739105317,210.7240497175229
*N1C(=O)C(CC1=O)Nc1cc(ccc1)NC1C(=O)N(C(=O)C1)c1c(cc(cc1C)C(c1cc(c(c(c1)C)*)C)c1cnccc1)C,tg,224.0,231.13269620715027,239.70813960484733,225.53000193911444,232.12361258370402
*c1ccc2c(nc([nH]2)c2cc(cc(c2)N2C(=O)c3c(C2=O)cccc3)c2nc3c([nH]2)ccc(c3)C(=O)Nc2ccc(cc2)S(=O)(=O)c2ccc(cc2)NC(=O)*)c1,tg,325.0,317.46870212992314,322.12258549038927,318.1181462572866,319.23647795919965
*NC1CCC(CC1)CC1CCC(CC1)NC(=O)CCCCCCCCCCCCC(=O)*,tg,131.0,131.00528244005727,135.35659159483941,130.58835033077716,132.31674145522462
*NC(=O)CCCCCCCCCCCCCCCCC(=O)NCCCCCCCCCCCCCC*,tg,47.0,49.517715878200356,44.934465852291396,51.246921643033474,48.56636779117508
*c1sc(cc1CCCCCCCCCC)*,tg,-33.0,15.5541865973737,15.79351374804962,33.465151410268334,21.604283918563883
*OC(=O)CCCCC(=O)OCC(C*)CCCCCCOc1ccc(cc1)N=Nc1ccc(cc1)OC,tg,22.0,28.621686978162764,29.702426586395745,22.08482240172933,26.802978655429282
*O[Si](*)(c1ccc(cc1)C)C,tg,-14.65,46.14950883124256,26.7012892914844,88.4783861248835,53.77639474920348
*N1C(=O)c2c(C1=O)cc(cc2)Oc1ccc(cc1)C(=O)Nc1ccc(cc1)Oc1ccc(cc1)Oc1ccc(cc1)*,tg,242.0,230.25383249523975,228.57238462098778,230.38589884167277,229.73737198596677
*C(C*)c1ccc(cc1)C(=O)Cc1ccccc1,tg,78.0,106.06630680765895,93.40238050976558,100.87562449247844,100.11477060330098
*OC(=O)CCSCCC(=O)OCCOCC*,tg,-40.0,-56.17220359262751,-49.75013316188466,-55.91208616201355,-53.944807638841915
*c1ccc(cc1)c1ccc(cc1)C(=Cc1ccc(cc1)C=C(*)c1ccccc1)c1ccccc1,tg,220.0,185.47779702128778,204.3143217831477,211.1915933928931,200.3279040657762
*OC(=O)c1ccc(cc1)c1ccc(cc1)c1ccc(cc1)C(=O)OCCCCCC*,tg,60.0,61.683719447155454,55.388305399790326,57.05943788654735,58.043820911164374
*N(CCNC(=O)c1ccc(cc1)[Si](c1ccc(cc1)C(=O)NCC*)(CCCC)CCCC)c1ccc(cc1)/C=C/c1ccc(cc1)[N+](=O)[O-],tg,115.0,139.65602991057128,142.3842172761905,154.56465907074028,145.5349687525007
*N(CC*)C(=O)CCCCCC,tg,10.0,2.7057597832487703,-0.3142320308268154,1.2100974923327852,1.20054174825158
*Nc1c(cccc1)CCc1ccc(cc1)NC(=O)NCCCCCCNC(=O)*,tg,150.0,107.00516200014094,88.59381571673599,85.67446544847682,93.75781438845125
*c1ccc2c3n(c4ccc(cc4n3)Oc3cc4n5c(nc4cc3)c3cccc4c(ccc(c5=O)c34)Oc3ccc(cc3)C3(c4ccccc4c4ccccc34)c3ccc(cc3)O*)c(=O)c3cccc1c23,tg,396.0,358.0465103711073,365.09575881794683,364.1115743041816,362.4179478310786
*C(C*)C(=O)N1CCOCC1,tg,133.0,98.53058562189092,102.67581819847932,108.40039449412686,103.20226610483236
*Oc1ccc(cc1)c1ccc(cc1)OCCCCCCCCOC(=O)Nc1c(cc(cc1)NC(=O)OCCCCCCCC*)C,tg,81.0,75.90141765152815,69.42036529865793,72.74314329788547,72.68830874935718
*C(C*)(C(=O)OCc1c(cccc1F)F)C,tg,82.0,82.90279257131137,66.26541477221565,75.3243414071011,74.8308495835427
*N(CC*)C(=O)C1(CCC1)c1ccc(cc1)Cl,tg,112.0,106.22710146539066,117.00771161298246,106.14971875689406,109.79484394508906
*N(c1ccc(cc1)C(c1ccc(cc1)*)c1ccc(cc1)C(=O)OC)c1ccc(cc1)C,tg,222.0,194.78781000880477,192.39355699736555,194.70664617910973,193.96267106176
*c1sc(cc1CCCCCCCCCCCC)c1sc(c(c1)CCCCCCCCCCCC)c1ccc(cc1)*,tg,59.6,30.773611943474993,35.482291669945766,35.4043834869994,33.88676236680672
*c1nc(nc(c1c1ccc(cc1)OC)OCCOC(=O)CCCCC(=O)OCCO*)c1ccc(cc1)OC,tg,48.0,77.06918037091545,73.43859070817412,84.05303526844236,78.18693544917731
*[Si](C*)(CCCCCC)CCCCCC,tg,-56.0,-55.46596016507419,-62.80010422993246,-57.06283601119205,-58.44296680206623
*c1cc2c(C(=O)N(C2=O)c2cc(cc(c2)c2c(=O)oc3c(cccc3)n2)N2C(=O)c3c(C2=O)cc(cc3)C(=O)*)cc1,tg,95.0,279.1559376620532,221.2625769687784,288.52164022334034,262.9800516180573
*Oc1ccc(cc1)C(=O)OCCN(CCOC(=O)c1ccc(cc1)OCC#CC#CC*)c1ccc(cc1)[N+](=O)[O-],tg,100.0,67.83924358303922,63.239846013906586,91.99326657988394,74.35745205894325
*C1C2CC(C(C1*)C2)C(=O)OCCc1ccc(cc1)N(c1cc(ccc1)C)c1ccccc1,tg,305.0,206.5919166598195,171.5532956467349,198.7156167913887,192.2869430326477
*c1n(c(cc1)c1sc(cc1)c1sc(cc1)c1sc(cc1)*)CCCCCCCCCCCC,tg,53.0,61.98680879454896,28.316908370953016,45.9228181140275,45.408845093176495
*C1=C(C(=O)N(C1=O)CCCC)c1ccc(cc1)c1cc2C(c3c(c2cc1)ccc(c3)c1ccc(cc1)*)(CCCCCC)CCCCCC,tg,155.0,138.1774533117973,135.8316176698149,138.53106142292052,137.5133774681776
*c1cc2c(C(=O)N(C2=O)c2ccc(cc2)C(=O)NCCN(CCNC(=O)*)c2ccc(cc2)C=Cc2ccc(cc2)[N+](=O)[O-])cc1,tg,178.0,190.5489531934677,194.77770571449474,196.6194643663266,193.98204109142966
*Oc1ccc(cc1)CC(NC(=O)Cc1ccc(cc1)OC(=O)COCCOCC(=O)*)C(=O)OCC,tg,50.0,54.097949109239046,51.42858973278692,59.40076319595083,54.97576734599227
*C(C*)(C(=O)Oc1ccc(cc1)C(=O)O)C,tg,110.0,146.89794181224363,130.9172884117565,134.9153940196364,137.57687474787883
*C(C*)C1=NC(C(=O)O1)(C)C,tg,92.0,112.5935472411682,120.62021053426537,92.84960114152963,108.68778630565441
*Oc1ccc(cc1)S(=O)(=O)c1ccc(cc1)Oc1ccc(cc1)NC(=O)c1cc(ccc1)C(=O)Nc1ccc(cc1)*,tg,260.0,224.34066533007316,233.06872994437674,232.6808263585314,230.03007387766044
*OC(=O)CCCCCNC(=O)CCCCC(=O)NCCCCCC(=O)OCCCCCCCCCC*,tg,-12.0,2.758123105174689,-0.5502131559998702,-11.440259635811739,-3.0774498955456395
*N1C(=O)c2c(C1=O)cc(cc2)S(=O)(=O)c1cc2c(C(=O)N(C2=O)c2ccc(cc2)C(c2ccc(cc2)*)c2ccccc2)cc1,tg,305.0,328.542512900627,328.9344623768551,326.98441100060734,328.15379542602983
*C1C(=O)N(C(=O)C1*)CCOc1ccc(cc1)c1ccc(cc1)C#N,tg,150.0,164.2605290119327,160.43674311758204,145.7775148193274,156.8249289829474
*c1c2C(=O)N(C(=O)c2c(c2ccccc12)c1ccc(cc1)Oc1ccc(cc1)S(=O)(=O)c1ccc(cc1)Oc1ccc(cc1)*)c1c(cccc1)c1ccccc1,tg,278.0,302.69360539011046,303.4955530258219,295.91466634538216,300.70127492043815
*N1C(=O)c2c(C1=O)cc(cc2)Oc1c(cc(cc1C)C(c1cc(c(c(c1)C)Oc1cc2c(C(=O)N(C2=O)c2ccc(cc2)Oc2cc(c(cc2)c2c(cc(cc2)Oc2ccc(cc2)*)C)C)cc1)C)(C)C)C,tg,257.0,252.49709060842113,248.50851709673526,244.04599947555644,248.35053572690427
*N(CC*)C(=O)c1c(cc(cc1F)F)F,tg,135.0,105.64223244935319,105.24592553970814,97.42428293300759,102.77081364068964
*Oc1ccc(cc1)Oc1ccc(cc1)OCCCCCCOC(=O)OCCOC(=O)OCCCCCC*,tg,-4.0,0.0008677126886144056,0.031480077500987136,-4.334815466533732,-1.4341558921147104
*Oc1ccc(cc1)N(c1ccc(cc1)c1ccc(cc1)N(c1ccc(cc1)OCCCCCCCCCCCC*)c1ccccc1)c1ccccc1,tg,92.0,123.46064221499707,105.8485044168624,126.3400303954827,118.54972567578072
*Nc1cc(ccc1)NC(=O)c1cc(cc(c1)NC(=O)c1ccncc1)C(=O)*,tg,321.0,292.9166414639163,284.1361496029393,282.53504615826546,286.5292790750404
*c1c([nH]c(n1)c1cc(ccc1)c1[nH]c(c(n1)c1ccc(cc1)Oc1ccc(cc1)C(=O)c1ccc(cc1)Oc1ccc(cc1)*)c1ccccc1)c1ccccc1,tg,279.0,254.6122163116665,262.1009334221709,272.3785050023466,263.03055157872797
*Oc1ccc(cc1)C1(C2C3C(C(C1)C2)C1CCC3C1)c1ccc(cc1)OC(=O)*,tg,267.5,246.72177892003353,248.40450813226826,264.01757106458115,253.04795270562764
*C=CC(C(*)C(=O)OCCCN(c1ccc(cc1)N(C)C)C)C,tg,16.0,20.612979451986007,19.81835010789871,15.518314800751362,18.64988145354536
*OOC(C*)c1ccc(cc1)C,tg,4.6,40.51320501253799,36.34422361182685,47.78181692555269,41.54641518330585
*N1C(=O)c2c(C1=O)cc(cc2)NC(=O)Nc1ccc(cc1)Oc1c(cccc1)c1c(cccc1)Oc1ccc(cc1)NC(=O)Nc1cc2c(C(=O)N(C2=O)c2ccc(cc2)c2nc(cc(c2)c2ccc(cc2)c2ccccc2)c2ccc(cc2)*)cc1,tg,249.0,260.83419559459116,260.89543587604396,263.43436275765157,261.7213314094289
*C(C(*)(F)F)F,tg,31.45,37.51872585029736,21.8909017594751,41.21369942195055,33.54110901057434
*N1C(=O)c2c(C1=O)cc(cc2)c1ccc(cc1)c1cc2c(C(=O)N(C2=O)CCCCCCCCCCCC*)cc1,tg,86.0,116.59634821875854,114.42195766298897,130.34300984147274,120.45377190774008
*OC(=O)NCC(C(C(C(CNC(=O)OCCCC*)(F)F)(F)F)(F)F)(F)F,tg,33.0,10.544067124012866,19.579143232428777,5.844613945218051,11.989274767219898
*OP(=O)(N=Nc1ccc(cc1)COC(=O)c1cc(cc(c1)C(C)(C)C)C(=O)OCc1ccc(cc1)N=NP(=O)(OCC*)OC)OC,tg,105.0,59.409371197003516,43.65266469946698,69.75005195057177,57.604029282347426
*C(C*)c1ccc(cc1)[Si](O[Si](C)(C)C)(C)C,tg,35.5,51.94250597630964,25.88795501134844,60.78750266601978,46.205987884559285
*OP(=O)(N=Nc1ccc(cc1)C(=O)c1ccc(cc1)N=NP(=O)(OCCCCCC*)OC)OC,tg,31.0,35.05959231411056,12.924015172600548,38.241484298055816,28.74169726158898
*c1nc2c(n1c1ccc(cc1)n1c(nc3c1cccc3)c1ccc(cc1)Oc1ccc(cc1)C(=O)c1ccc(cc1)Oc1ccc(cc1)*)cccc2,tg,242.0,268.4019930404548,271.3499530109436,281.3334544216142,273.6951334910042
*c1cc2c(C(=O)N(C2=O)c2ccc(cc2)C(=O)c2cc(ccc2)C(=O)c2ccc(cc2)N2C(=O)c3c(C2=O)cc(cc3)C(=O)*)cc1,tg,276.0,259.07698090716974,253.22867553449026,260.8476512380289,257.71776922656295
*Oc1ccc(cc1)C(=O)OCCOC(=O)c1ccc(cc1)OCCCC*,tg,53.0,41.45891928875215,27.56096396980773,42.45059537928181,37.15682621261389
*c1ccc2c(nc([nH]2)c2ccc(cc2)C(=O)Nc2ccc(cc2)C(=O)Nc2ccc(cc2)NC(=O)*)c1,tg,295.0,291.49087071995575,314.2074297949244,313.24685564040925,306.31505205176313
*N1C(=O)c2c(C1=O)c(ccc2)Oc1c(c(cc(c1)C(C)(C)C)C(C)(C)C)Oc1c2c(C(=O)N(C2=O)c2ccc(cc2)Oc2ccc(cc2)*)ccc1,tg,238.0,242.1981636230964,247.9815346101596,244.29538844239786,244.8250288918846
*c1oc(nn1)c1ccc(cc1)Oc1ccc(cc1)C=Cc1ccc(cc1)Oc1ccc(cc1)*,tg,215.0,233.8675832140143,233.68344203780273,261.9360852948275,243.16237018221486
*C1OCCCC1C1C(=O)OC(=O)C1*,tg,210.0,165.6504190032477,180.78025371877484,186.86707315128797,177.7659152911035
*Oc1ccc(cc1)C(c1ccc(cc1)OCC(C*)OC(=O)C=Cc1ccccc1)(C)C,tg,100.6,85.81901186137044,85.23485706226445,66.00554141163983,79.01980344509157
*Oc1c(cc(cc1C)C1(CC2C(CC1)CCCC2)c1cc(c(c(c1)C)Oc1ccc(cc1)C(=O)c1cc(ccc1)C(=O)c1ccc(cc1)*)C)C,tg,224.0,217.4443026254904,222.80131477263686,224.53976828394136,221.59512856068955
*c1ccc(cc1)C=C(c1ccc(cc1)C(=Cc1ccc(cc1)C=Cc1c(cc(c(c1)OC)C=C*)OC)Oc1ccccc1)c1ccc(cc1)Oc1ccccc1,tg,175.0,179.85793238554612,162.40207228725674,172.45210485009312,171.5707031742987
*C(C*)(CC(=O)OCCOCCOC)C(=O)OCCOCCOC,tg,-59.4,-22.26322370504841,-16.212058262859244,-1.831301880641686,-13.435527949516448
*C1CCN(CC1)C(=C(c1ccc(cc1)C(=O)OCC*)C#N)c1ccc(cc1)OC,tg,171.5,96.26450843727265,86.2839096765029,84.54831877059726,89.03224562812427
*Oc1ccc(cc1)CC(NC(=O)CCc1ccc(cc1)OC(=O)CCCC(=O)*)C(=O)OCC,tg,67.67,64.43730339232232,62.42751124068299,64.16127006599537,63.67536156633356
*Oc1ccc(cc1)NC(=O)c1cc2c(cc1)cc(cc2)C(=O)Nc1ccc(cc1)Oc1ccc(cc1)C1(C2CC3CC(CC1C3)C2)c1ccc(cc1)*,tg,266.0,261.61615322952576,263.667953393791,262.8120488796795,262.6987185009987
*C(C*)c1ccc(cc1)C(=O)c1ccc(cc1)C,tg,99.0,102.39018601747172,111.19968213050622,98.95258690628015,104.18081835141936
*C(C*)(C(=O)OCCCCCCOc1ccc(cc1)C(=O)Oc1ccc(cc1)C(=O)C=Cc1c(c2c(n1CCCC)cccc2)C)C,tg,85.0,82.40675375250257,79.2121995272804,73.47378410943803,78.36424579640699
*Oc1ccc(cc1)S(=O)(=O)c1ccc(cc1)Oc1c(cc(c(c1)C)C(c1c(cc(c(c1)C(C)C)*)C)c1c(cccc1)C(=O)O)C(C)C,tg,240.0,237.84671932807717,236.62408777291955,237.86606459615638,237.44562389905104
*C(C*)(C(=O)OCCCCCCCCCCn1c2ccc(cc2c2ccccc12)C=C(c1ccc(cc1)[N+](=O)[O-])C#N)C,tg,40.0,86.54630780627483,95.11692985994159,79.93192666383128,87.1983881100159
*c1cc2c(C(=O)N(C2=O)c2cc(ccc2)C(=O)Nc2ccc(cc2)Oc2ccc(cc2)c2ccc(cc2)Oc2ccc(cc2)NC(=O)c2cc(ccc2)N2C(=O)c3c(C2=O)cc(cc3)C(*)(C(F)(F)F)C(F)(F)F)cc1,tg,280.0,272.75736934971496,280.5129775410153,268.0595348457013,273.7766272454772
*N=P(*)(OCc1ccc(cc1)Br)OCc1ccc(cc1)Br,tg,-0.8,-8.884508291327728,-12.819829433770906,-5.961544827801846,-9.221960850966825
*c1oc(nn1)c1ccc(cc1)C(=O)OCCCCCCOc1ccc(cc1)C=C1C(=O)C(=Cc2ccc(cc2)OCCCCCCOC(=O)c2ccc(cc2)*)CCCC1,tg,104.0,73.7780070625199,76.63422272005624,72.51626121541324,74.3094969993298
*OC(C*)C1C(C(C1)(F)F)(F)F,tg,-25.0,91.34708589813148,56.35894688427476,89.60690452381213,79.10431243540613
*c1nc2c(nc1)cc(cc2)Oc1ccc2c(nc(cn2)c2ccc(cc2)Oc2ccc(cc2)*)c1,tg,270.0,335.90481939632036,358.2733977697414,309.009453949831,334.3958903719643
*Oc1ccc(cc1)C(c1ccc(cc1)Oc1c(cc(cc1)C(=O)c1ccc(cc1)C(=O)c1cc(c(cc1)*)C(F)(F)F)C(F)(F)F)(C)C,tg,171.0,166.0638443095692,163.85404780022114,179.31668596351594,169.74485935776875
*Oc1c(cc(c(c1)OC(=O)c1ccc(cc1)OCC)OC(=O)CCCC(=O)*)OC(=O)c1ccc(cc1)OCC,tg,71.0,70.11943027619137,79.56433859088627,65.50678120915396,71.73018335874386
*Oc1c(cc(cc1)C=C1C(=O)C(=Cc2cc(c(cc2)OC(=O)c2ccc(cc2)N=Cc2ccc(cc2)C=Nc2ccc(cc2)C(=O)*)OC)CC1)OC,tg,140.0,187.27931542313783,189.10782539993792,198.11934613824732,191.50216232044102
*C(C*)OC(=O)c1ccc(cc1)OC,tg,73.83,75.09442357194777,65.93086430305482,73.06241103244174,71.36256630248145
*Oc1ccc(cc1)C(c1ccc(cc1)OCC(C*)OC(=O)C)(c1ccccc1)C,tg,110.0,127.83666144008373,113.50753631483403,126.44627870183753,122.5968254855851
*Oc1ccc(cc1)N1ON1c1ccc(cc1)OCCCCCCOC(=O)C(C(=O)OCCCCCC*)CCCCCCCCCCP(=O)(OCC)OCC,tg,12.5,10.652006632345001,17.223958643967748,10.650053431122064,12.842006235811604
*Oc1cc(ccc1)OC(=O)Oc1ccc(cc1)C(c1ccc(cc1)OC(=O)*)(C)C,tg,83.1,100.01889507747904,100.46548586886905,110.86256229605378,103.78231441413396
*c1cc2c(C(=O)N(C2=O)c2ccc(cc2)C(=O)OCCCCCCCCCCOC(=O)*)cc1,tg,58.0,53.793236055214585,62.04267161183495,63.35606916653896,59.730658944529495
*Nc1ccc(cc1)c1ccc(cc1)NC(=O)c1cc(ccc1)C(=O)*,tg,294.0,280.4988263242744,264.6111866794566,265.67188899161306,270.260633998448
*C1(c2c(C(=O)O1)cccc2)c1ccc(cc1)OC(=O)c1ccc(cc1)[Si](c1ccc(cc1)C(=O)Oc1ccc(cc1)*)(C)C,tg,214.0,267.82885806192036,248.0295183676509,271.5669715144906,262.475115981354
*N1C(=O)C2C(C1=O)CC(CC2)C1CC2C(C(=O)N(C2=O)c2ccc(cc2)Cc2ccc(cc2)*)CC1,tg,260.0,277.3629973984667,287.2288521656597,274.33592364876745,279.6425910709646
*N1C(=O)c2c(C1=O)cc(cc2)Oc1c(c(cc(c1)C(C)(C)C)C(C)(C)C)Oc1cc2c(C(=O)N(C2=O)c2ccc(cc2)Oc2ccc(cc2)*)cc1,tg,228.0,246.269721710024,245.92406205588506,239.21496265789992,243.802915474603
*C(C*)(C(=O)NC(=O)OCCOc1c(cc(cc1Br)S(=O)(=O)c1cc(c(c(c1)Br)OCCO)Br)Br)C,tg,110.0,90.317669963016,97.960218928595,114.85910489054042,101.04566459405048
*N=P(*)(OCc1ccccc1)OCc1ccccc1,tg,-31.4,-22.489010027069835,-10.410705243658214,-16.26273053678343,-16.38748193583716
*Oc1ccc(cc1)C(c1ccc(cc1)OC(=O)*)(CCC)CCC,tg,140.8,110.3376670382201,112.52785169483397,112.786678139776,111.88406562427669
*NC(=O)c1c(c(c(c(c1Cl)Cl)C(=O)NCCCCCC*)Cl)Cl,tg,268.83,139.2522909084679,126.67306380635213,133.33568689470042,133.08701386984015
*Nc1ccc(cc1)C(c1cc(ccc1)C(c1ccc(cc1)NC(=C(C#N)C#N)c1ccc(cc1)C(=C(C#N)C#N)*)(C)C)(C)C,tg,208.0,223.71901533686872,218.75333030993204,227.93771227403153,223.4700193069441
*C(C*)(C(=O)OCCCCCCOc1ccc(cc1)C(=O)Oc1c2c(c(cc1)N=Nc1ccc(cc1)Br)cccc2)C,tg,46.0,41.489563902445155,52.617706389481256,48.15478581428161,47.42068536873601
*C1OCOC(C1)C*,tg,68.0,77.15791119974385,63.26008324444119,65.76129676820248,68.72643040412918
*c1cc2c(C(=O)N(C2=O)c2ccc(cc2)Oc2ccc(cc2)S(=O)(=O)c2ccc(cc2)Oc2ccc(cc2)N2C(=O)c3c(C2=O)cc(cc3)C(=O)Nc2ccc(cc2)Oc2ccc(cc2)C2(c3c(C(=O)N2)cccc3)c2ccc(cc2)Oc2ccc(cc2)NC(=O)*)cc1,tg,283.0,273.8230005900347,271.31505409545105,290.09394347670207,278.4106660540626
*Oc1cc(ccc1)Oc1ccc(cc1)S(=O)(=O)c1ccc(cc1)*,tg,170.0,167.19957862712653,162.73579217397477,149.9364114076988,159.9572607362667
*Oc1ccc(cc1)N(c1ccc(cc1)c1ccc(cc1)N(c1ccc(cc1)*)c1ccccc1)c1ccccc1,tg,218.0,190.09792325599403,199.85616672893894,162.86240926306502,184.27216641599932
*c1cc2Oc3c(C4(c2cc1)c1ccccc1c1ccccc41)ccc(c3)OC(=O)c1ccc(cc1)C(=O)O*,tg,290.0,288.08793401622,265.225565706449,292.0159440795052,281.7764812673914
*Oc1ccc(cc1)Oc1ccc(cc1)OC(=O)c1cc(ccc1)Oc1ccc(cc1)Oc1cc(ccc1)C(=O)*,tg,104.0,130.66024250832714,129.53289988259945,120.53795330521434,126.91036523204697
*C(C(*)(F)F)(Cl)F,tg,60.41,52.244786151499646,39.43418410605841,33.07809559848167,41.58568861867991
*OC(=O)OCC1CCC(CC1)C*,tg,38.7,69.25799129086546,60.05118485676948,62.283872480439555,63.86434954269151
*C1C(=O)N(C(=O)C1C(C*)(C)C)C(C)C,tg,145.0,175.9631260665475,193.90167812852727,169.48471709417166,179.78317376308212
*c1cc2c(C(=O)N(C2=O)c2cc(ccc2)N2C(=O)c3c(C2=O)cc(cc3)C(=O)Nc2ccc(cc2)Oc2ccc(cc2)C2(c3c(C(=O)N2)cccc3)c2ccc(cc2)Oc2ccc(cc2)NC(=O)*)cc1,tg,320.0,309.07595207073615,313.8801786857623,303.7492227029328,308.9017844864771
*c1cc2c(C(=O)N(C2=O)c2ccc(cc2)C2(CCC(CC2)C)c2ccc(cc2)NC(=O)*)cc1,tg,322.0,315.957343199724,318.9090387723926,324.0629989321751,319.64312696809725
*C(C*)(C(=O)OCCCCCC(=O)Oc1ccc(cc1)OC(=O)c1ccc(cc1)OC)C,tg,40.0,47.671282599247206,38.45238877105977,56.77150715842337,47.631726176243454
*Nc1cc(ccc1)NC(=O)c1cc(cc(c1)NC(=O)c1ccccc1)C(=O)*,tg,300.0,295.13776333283806,285.8848009728592,283.12803067344595,288.050198326381
*N1C(=O)c2c(C1=O)cc(cc2)Oc1c(cccc1)Oc1cc2c(C(=O)N(C2=O)c2cc(c(cc2)Oc2c(cc(cc2C)c2cc(c(c(c2)C)Oc2c(cc(cc2)*)C(F)(F)F)C)C)C(F)(F)F)cc1,tg,270.0,260.22647198509543,234.14692516927389,249.9555232821538,248.10964014550768
*C(C*)(C(=O)OCc1c(cc(cc1)Cl)Cl)C,tg,19.4,41.7540992166514,46.48362496702539,37.2346602076199,41.82412813043223
*Oc1ccc(cc1)Oc1ccc(cc1)OCCCCCCOC(=O)OCCCCCCCCCOC(=O)OCCCCCC*,tg,-20.0,-12.437316322746849,-11.29476242817077,-12.885146145864082,-12.205741632260567
*c1cc2c(C(=O)OC2=Nc2cc(ccc2)Oc2ccc(cc2)N=C2OC(=O)c3c2cc(cc3)C(=O)*)cc1,tg,253.0,243.55045163230562,226.3917823782529,243.74480843434404,237.8956808149675
*NC(=O)CCCCCCCCC(=O)NCC1CCC(CC1)C*,tg,89.0,89.90082774300646,99.26527054142781,94.45790926282199,94.54133584908543
*C(C*)OC(=O)c1ccc(cc1)OC(=O)CCC,tg,61.0,57.32796807368262,55.13355457027993,58.63155741937179,57.031026687778116
*C=CCC*,tg,-89.57,-42.25881515702412,-51.65783378112275,-40.306838764581,-44.74116256757596
*C1COC2C1OCC2Oc1ccc(cc1)NC(=O)CCCCCCC(=O)Nc1ccc(cc1)O*,tg,72.5,118.95089306751089,116.50856565722378,124.79511862224514,120.08485911565994
*Oc1ccc(cc1)CC(NC(=O)CCc1ccc(cc1)OC(=O)CCCCC(=O)*)C(=O)OCCOCCOCC,tg,15.0,14.397990117147922,25.709563406492904,16.57089935487123,18.892817626170686
*Oc1ccc(cc1)S(=O)(=O)c1ccc(cc1)Oc1ccc(cc1)C(c1ccc(cc1)Oc1ccc(cc1)C(=O)c1ccc(cc1)*)(C)C,tg,175.0,184.57781061847206,186.97469269756363,179.24442101720845,183.59897477774803
*C(C*)CCC1CCCCC1,tg,40.0,71.55123779627773,52.527180626051035,93.37732820223015,72.48524887485297
*c1cc2c(C(=O)N(C2=O)c2c(cc(cc2C)C(c2cc(c(c(c2)C(C)C)N2C(=O)c3c(C2=O)cc(cc3)C(*)(C(F)(F)F)C(F)(F)F)C)(c2ccccc2)C(F)(F)F)C(C)C)cc1,tg,289.0,286.36897629597405,298.5773066277892,277.95384490728105,287.6333759436814
*OC1CCC(CC1)OC(=O)OCCCCOC(=O)*,tg,30.0,11.079156902532278,16.23800640731075,9.24510064129012,12.187421317044382
*c1cc2c(C(=O)N(C2=O)c2ccc(cc2)N2C(=O)c3c(C2=O)cc(cc3)C(=O)Nc2ccc(cc2)Oc2c(cccc2)c2c(cccc2)Oc2ccc(cc2)NC(=O)*)cc1,tg,268.0,249.86548277321933,269.2026152814941,253.40453853309964,257.49087886260435
*N1C(=O)c2c(C1=O)cc(cc2)Oc1cc2c(cc1Oc1cc3c(C(=O)N(C3=O)c3cc(ccc3)Oc3ccc(cc3)*)cc1)cccc2,tg,226.0,219.21850526473673,216.2455187758614,229.559130895726,221.6743849787747
*c1cc2c(C(=O)N(C2=O)c2ccc(cc2)OCCOCCOc2ccc(cc2)N2C(=O)c3c(C2=O)cc(cc3)C(*)(C(F)(F)F)C(F)(F)F)cc1,tg,187.5,198.52298950004297,185.98415926868967,180.1711834232614,188.2261107306647
*Oc1c2c(c(cc1)c1c3c(c(cc1)Oc1ccc(cc1)Oc1c(c(ccc1)Oc1ccc(cc1)*)C)cccc3)cccc2,tg,156.0,206.74920459093553,216.03566202589582,204.4179750921137,209.06761390298166
*OC(=O)c1ccc(cc1)C(=O)OCCCCCCCC*,tg,23.0,15.32677111484769,6.108439470875595,9.50444498304069,10.313218522921325
*Oc1c(cc(cc1Br)C(c1cc(c(c(c1)Br)OC(=O)*)Br)(C)C)Br,tg,206.75,167.08623596108268,149.6213739102155,188.38013088149387,168.36258025093068
*OC(=O)c1ccc(cc1)C(=O)OCCCCCCCCCC*,tg,5.33,8.062136613714435,4.681340649900108,7.7613399750279095,6.8349390795474845
*OC(=O)c1cc2c(cc1)cc(cc2)C(=O)OCCCCCCCC*,tg,53.0,41.59607978070088,39.03492136881749,30.342415781120874,36.991138976879746
*Oc1c(cc(c(c1)C(C)(C)C)Oc1ccc(cc1)C(=O)Nc1c(cc(cc1C)C(c1cc(c(c(c1)C)NC(=O)c1ccc(cc1)*)C)(C)C)C)C(C)(C)C,tg,295.0,270.5256226261616,261.1642515645089,273.62479953918677,268.4382245766191
*c1c(nc2c(n1)cc(cc2)c1cc2c(nc(c(n2)c2ccc(cc2)Sc2ccc(cc2)*)c2ccccc2)cc1)c1ccccc1,tg,281.0,329.6203514682196,326.19576351831256,321.6822664506112,325.8327938123811
*N1C(=O)c2c(C1=O)cc(cc2)C(=O)Oc1cc2c(cc1)cc(cc2)OC(=O)c1cc2c(C(=O)N(C2=O)CCOCCOCC*)cc1,tg,105.0,114.59806837663072,108.8118639586163,109.62435904092375,111.01143045872358
*C(C*)OC(CC)C,tg,-26.0,-5.343040831111419,-12.846841741166685,-15.794548409233522,-11.328143660503876
*Oc1ccc(cc1)Oc1ccc(cc1)OC(=O)c1c(cccc1)c1c(cccc1)C(=O)*,tg,147.0,148.93539683522553,143.99820453830748,152.07759700933212,148.3370661276217
*C(C*)N,tg,57.0,81.42621358579017,69.07049139606966,79.45204312774581,76.64958270320187
*Oc1ccc(cc1)C(c1ccc(cc1)OC(=O)c1cc(ccc1)C(=O)*)(c1ccccc1)c1ccccc1,tg,229.0,179.96792417701914,191.74603836043366,189.95773410938233,187.22389888227838
*c1cc2c(oc(n2)c2ccc(cc2)C(c2ccc(cc2)c2oc3c(n2)cc(cc3)C(*)(c2ccccc2)C(F)(F)F)(C(F)(F)F)C(F)(F)F)cc1,tg,334.0,290.22166317594167,278.55088348465404,300.49378981812805,289.75544549290794
*N1C(=O)c2c(C1=O)cc(cc2)C(=O)Nc1ccc(cc1)Oc1ccc(cc1)Oc1ccc(cc1)NC(=O)C*,tg,242.0,243.91101435142852,230.0661767649105,243.4145512642199,239.1305807935196
*c1nc2c(nc1)cc(cc2)S(=O)(=O)c1cc2c(nc(cn2)c2ccc(cc2)*)cc1,tg,342.0,324.7737296846125,318.2506500367567,324.0166994711665,322.3470263975119
*C(C*)C(=O)OCCc1ccccc1,tg,-3.0,18.34916391593122,6.387389245740081,14.111640971196126,12.949398044289142
*C(C*)(CC(=O)OCC(C)C)C(=O)OCC(C)C,tg,105.0,44.62533998969547,52.267088800343956,53.217375184910416,50.03660132498328
*Oc1c(cc(c(c1)C(C)(C)C)Oc1ccc(cc1)C(=O)Nc1ccc(cc1)C(c1ccc(cc1)NC(=O)c1ccc(cc1)*)(C)C)C(C)(C)C,tg,254.0,246.18206551062516,243.90224555301785,254.11319052409902,248.06583386258066
*Oc1c(cccc1)C(=O)OC(=O)c1c(cccc1)OC(=O)C(C(C(=O)*)C)C,tg,45.0,119.75955106766295,103.28658476435605,126.63910667592329,116.56174750264744
*N1C(=O)c2c(C1=O)cc(cc2)c1cc2c(C(=O)N(C2=O)c2cc(ccc2)C(=O)Nc2ccc(cc2)Oc2cc(ccc2)Oc2ccc(cc2)NC(=O)c2cc(ccc2)*)cc1,tg,253.0,244.65882645772808,246.65711474685983,253.18582599095362,248.16725573184718
*C(C(CCCCCCC*)c1ccc(cc1)O)c1c(cc(cc1)O)C,tg,4.0,-6.6186370400691725,5.749812805146547,2.1244655120583307,0.4185470923785684
*C(C*)(C(=O)OCCO[Si](C)(C)C)C,tg,89.0,25.847009858672823,14.019987080614627,30.000337516562503,23.289111485283314
*C(C*)CCCCCCC,tg,-47.0,-40.05660541724079,-21.563733822984688,-8.828785327439101,-23.48304152255486
*C(C*)c1ccc(cc1)[Si](O[Si](O[Si](C)(C)C)(C)C)(C)C,tg,-27.0,26.766730857763417,15.714535204789982,34.68229811792615,25.72118806015985
*Oc1ccc(cc1)CC(NC(=O)CCc1ccc(cc1)OC(=O)COCC(=O)*)C(=O)OCc1ccccc1,tg,76.0,74.46939600846972,70.69856774031551,73.48590687766784,72.88462354215102
*Oc1ccc(cc1)S(=O)(=O)c1ccc(cc1)Oc1c(cc(cc1)C(c1cc(c(cc1)*)C(O)(C(F)(F)F)C(F)(F)F)(C)C)C(O)(C(F)(F)F)C(F)(F)F,tg,167.0,182.87976104558447,187.14603183845026,162.59571308902227,177.540501991019
*c1cc2c(C(=O)N(C2=O)c2ccc(cc2)C2(c3ccccc3c3ccccc23)c2ccc(cc2)N2C(=O)c3c(C2=O)cc(cc3)C(=O)*)cc1,tg,368.2,356.6089364323605,344.2670649823286,350.3159769188819,350.39732611119035
*C(C*)(C(=O)OCCCC)Cl,tg,42.0,26.597308050415908,34.19791647333331,27.21965439529524,29.338292973014816
*OC(=O)c1ccc(cc1)C(=O)OCC(C(C*)CCCCCCCCCCCCCCCC)CCCCCCCCCCCCCCCC,tg,-27.0,-1.2177104839592954,-5.841675178667117,-4.802931304240721,-3.954105655622378
*NC(CC(=O)*)C,tg,115.0,64.26562986476789,40.9867486755339,91.0586444197774,65.43700765335973
*O[Si](O[Si](O[Si](O[Si](O[Si](c1ccc(cc1)Oc1ccc(cc1)[Si](*)(C)C)(C)C)(C)C)(C)C)(C)C)(C)C,tg,-65.0,-51.24627096967176,-45.519516680916496,-63.647922227948364,-53.47123662617887
*c1cc2C(c3c(c2cc1)ccc(c3)c1ccc(cc1)*)(CCCCCCBr)CCCCCCBr,tg,117.2,94.16212616123015,92.84059994346603,79.21726784244943,88.73999798238187
*O[Si](*)(CCCOCC1OC(=O)OC1)C,tg,-32.2,1.7122766495930053,-6.805988577335256,-10.851625880570857,-5.315112602771037
*OC(=O)Nc1ccc(cc1)Cc1ccc(cc1)NC(=O)OCC(C*)(C)C,tg,94.0,65.75453197400194,91.27200479198844,55.48076319791438,70.83576665463492
*Oc1ccc(cc1)c1ccc(cc1)Oc1ccc(cc1)C(=O)c1c2c(ccc1)cccc2C(=O)c1ccc(cc1)*,tg,226.5,235.47766746184385,227.22404722963364,229.57273245969805,230.75814905039184
*N1C(=O)c2c(C1=O)cc(cc2)c1cc2c(C(=O)N(C2=O)c2cc(cc(c2)C(=O)NCCCCCC)*)cc1,tg,256.9,243.52843608856443,262.1963771464822,242.2957688435002,249.34019402618227
*C(C*)(C(=O)OC)CCC,tg,73.75,34.958714283663284,33.20729798435515,26.45518263830746,31.54039830210863
*C(C*)OCC,tg,-37.29,-4.572949540417891,-23.56428109678467,-8.238963590742825,-12.125398075981794
*N(c1ccc(cc1)c1ccc(cc1)N(c1ccc(cc1)C(c1ccc(cc1)*)c1ccccc1)c1ccc(cc1)C)c1ccc(cc1)C,tg,239.0,192.7067843659857,196.74866234279904,183.7150959073966,191.0568475387271
*c1cc2c(C(=O)N(C2=O)c2ccc(cc2)Oc2ccc(cc2)C(c2ccc(cc2)Oc2ccc(cc2)N2C(=O)c3c(C2=O)cc(cc3)C(*)(C(F)(F)F)C(F)(F)F)(C)C)cc1,tg,244.4,248.62709587950712,258.3351070374359,243.47838693922137,250.14686328538812
*OC(C(=O)OCC*)C,tg,-21.0,-10.608018985802227,-19.017665374998188,-13.749988230933784,-14.458557530578068
*O[Si](*)(CCCCCCOc1ccc(cc1)C(=O)Oc1ccc(cc1)C(=O)OCC(CC)C)C,tg,-10.9,-4.861992422201376,1.466326015960476,-14.129996635565409,-5.8418876806021025
*Oc1ccc(cc1)CC(NC(=O)CCc1ccc(cc1)OC(=O)COCC(=O)*)C(=O)OCCCCCCCC,tg,40.0,37.45181967368558,41.51821271854877,41.740276945062654,40.236769779099
*N1C(=O)C2CCC3C(C2C1=O)C(=O)N(C3=O)c1ccc(cc1)Oc1ccc(cc1)Oc1ccc(cc1)*,tg,274.0,267.15728642865463,295.6567123103431,276.69675303587877,279.8369172582922
*OC(=O)c1ccc(cc1)C(c1ccc(cc1)C(=O)OCCCC*)(C)C,tg,44.0,66.922265931257,58.14234720210408,64.2681294813728,63.110914204911296
*C1C(=O)N(C(=O)C1CC*)CCCC,tg,67.9,98.27002111493847,81.68813409264237,95.12598142836153,91.69471221198079
*C(C*)(C(=O)OCC)F,tg,94.0,77.3329786234361,66.59331045203291,76.99617258560224,73.64082055369042
*c1cc2c(C(=O)N(C2=O)c2c(cc(cc2C(C)C)Cc2cc(c(c(c2)C(C)C)N2C(=O)c3c(C2=O)cc(cc3)C(*)(C(F)(F)F)C(F)(F)F)C(C)C)C(C)C)cc1,tg,278.5,256.3057301611853,257.0994878482265,259.1955036736064,257.53357389433944
*OP(=O)(N=Nc1ccc(cc1)C(=O)c1ccc(cc1)N=NP(=O)(OCCOCC*)OC)OC,tg,33.0,29.35765376414033,35.24555840453159,30.5776574658876,31.72695654485317
*C1C(=O)N(C(=O)C1*)c1c(cccc1CC)CC,tg,288.0,227.19948223901952,214.56289218493242,219.94633799047142,220.5695708048078
*Oc1ccc(cc1)CC(NC(=O)CCc1ccc(cc1)OC(=O)CCCCC(=O)*)C(=O)OCC,tg,58.8,62.07540855743112,52.27848316042147,58.22288553698959,57.52559241828072
*Oc1ccc(cc1)C=NN=Cc1ccc(cc1)Oc1ccc(cc1)C(c1ccc(cc1)*)(C(F)(F)F)C(F)(F)F,tg,162.0,171.65007167189447,167.46162841637184,165.42038876327223,168.17736295051284
*c1nc2c(c(c1c1ccccc1)c1ccccc1)cc(cc2)Oc1cc2c(nc(cc2c2ccccc2)c2ccc(cc2)Oc2ccc(cc2)*)cc1,tg,305.0,284.45800735281676,291.64967868566214,269.64564139976295,281.9177758127473
*C(C*)C(=O)OCCCSCC,tg,-76.0,-68.63168450382412,-73.89735423047642,-63.035752252872086,-68.52159699572421
*Oc1ccc(cc1)C=CC(=O)OCCN(CCOC(=O)C=Cc1ccc(cc1)OCCCCC*)c1ccc(cc1)N=Nc1ccc(cc1)[N+](=O)[O-],tg,92.0,96.46201190837951,72.97682451879037,94.07004245210751,87.83629295975913
*N(CC*)C(=O)Cc1ccc(cc1)C(F)(F)F,tg,75.0,79.08335650941629,82.99655056616066,78.90832532172091,80.32941079909928
*c1cc2c(C(=O)N(C2=O)c2ccc(cc2)Cc2ccc(cc2)N2C(=O)c3c(C2=O)cc(cc3)C(=O)Oc2ccc(cc2)OCCCCCCCCCCCCOc2ccc(cc2)OC(=O)*)cc1,tg,125.0,135.88290497200384,130.14223612259806,126.35743318604057,130.79419142688081
*c1cc2c(C(=O)N(C2=O)c2cc(cc(c2)c2oc3c(n2)cccc3)N2C(=O)c3c(C2=O)cc(cc3)C(=O)Nc2cc(cc(c2)c2nc3c([nH]2)cccc3)NC(=O)*)cc1,tg,371.0,314.1689968841407,325.1344018079774,304.90295633632076,314.7354516761463
*c1cc2c(C(=O)N(C2=O)c2ccc(cc2)Oc2c(cc(cc2)Oc2ccc(cc2)N2C(=O)c3c(C2=O)cc(cc3)C(=O)Nc2ccc(cc2)Oc2ccc(cc2)C2(c3c(C(=O)N2)cccc3)c2ccc(cc2)Oc2ccc(cc2)NC(=O)*)C)cc1,tg,293.0,281.51457094948523,277.2488877627768,293.6429716102178,284.13547677415994
*C(C*)(C(=O)OCCCc1ccc(cc1)N=Nc1ccc(cc1)OC(F)(F)F)C,tg,211.5,184.5961096390275,187.9978862530347,166.67296858689167,179.75565482631796
*OC(=O)c1ccc(cc1)c1ccc(cc1)C(=O)OCCCCCCCCCC*,tg,46.0,43.756198517533235,32.359282980210054,31.65384338789223,35.92310829521184
*N1C(=O)c2c(C1=O)cc(cc2)Oc1ccc(cc1)Sc1ccc(cc1)Oc1cc2c(C(=O)N(C2=O)c2ccc(cc2)c2ccc(cc2)*)cc1,tg,257.0,223.08801691105205,229.82488456799547,230.1828990750576,227.69860018470172
*Oc1ccc(cc1)Oc1ccc(cc1)Oc1ccc(cc1)C(=O)c1ccc(cc1)*,tg,150.5,153.201573961071,145.03195225477384,154.31774908361407,150.85042509981963
*OP(=O)(N=Nc1ccc(cc1)Oc1ccc(cc1)N=NP(=O)(OCCOCC*)OC)OC,tg,32.0,18.170211283533884,26.030110573628207,30.49740381273464,24.899241889965577
*C(C*)(C(=O)OCCCCCCCCCCOc1ccc(cc1)N=Nc1ccccc1)C,tg,56.0,41.82901848505294,42.80117755184321,44.19211477112498,42.94077026934038
*Oc1ccc(cc1)CC(NC(=O)CCc1ccc(cc1)OC(=O)CC(CCC(=O)*)C)C(=O)OCCCC,tg,35.0,46.47499191564302,46.113642582026614,50.75887926640286,47.78250458802416
*NNC(=O)c1cc(cc(c1)NC(=O)c1cc2c(C(=O)N(C2=O)c2ncccc2C)cc1)C(=O)NNC(=O)C(=O)*,tg,134.1,152.49641263750556,146.8298749876887,152.23369822900804,150.5199952847341
*c1n(c(nn1)c1cc(ccc1)c1n(c(nn1)c1ccc(cc1)*)c1ccccc1)c1ccccc1,tg,265.0,246.24325082564155,250.396074997195,230.37754616850384,242.3389573304468
*Oc1c(cc(cc1Cl)C(c1cc(c(c(c1)Cl)OC(=O)c1ccc(cc1)OCCCCCCCCCCOc1ccc(cc1)C(=O)*)Cl)(C)C)Cl,tg,140.0,87.41876185826251,76.78665962817283,94.13852447964317,86.11464865535952
*C(C*)CCCI,tg,30.0,-16.55765284970128,-16.05428662428477,-26.36203124474747,-19.657990239577842
*OC(C*)CCCC,tg,-69.0,-65.99266723816824,-63.57149484376927,-77.36198245651967,-68.97538151281907
*OC(=O)Nc1ccc(cc1)Cc1ccc(cc1)NC(=O)OCc1cc(cc(c1)C(C)(C)C)C*,tg,114.0,147.92926527845628,126.39630555574502,125.33703670733118,133.22086918051082
*C(C*)C(=O)OCCCCCCOc1cc(c(cc1)C=Nc1ccc(cc1)OCCCCC)O,tg,36.0,21.116422710545365,28.673215939608355,13.466159450669009,21.085266033607578
*N1C(=O)C2C3C4C(C(C2C1=O)C=C3)C(=O)N(C4=O)C1CCC(CC1)CC1CCC(CC1)*,tg,239.0,268.6201919063444,265.04532710609243,288.14754653247064,273.9376885149691
*C(C*)C(=O)OCF,tg,15.0,-5.674172731059468,7.251876234932951,5.31796787973403,2.298557127869171
*Oc1c(cc(cc1)C1(CC2C(CC1)CCCC2)c1cc(c(cc1)OC(=O)c1cc(ccc1)C(=O)*)C)C,tg,207.0,244.14332303021723,242.7933542508939,236.35860387691682,241.098427052676
*C(C(C(C*)OCCCC)(C(=O)OC)C)(C(=O)OC)C,tg,97.5,83.62658743257325,103.96920377840517,93.8607706889334,93.81885396663726
*c1nc2c([nH]1)ccc(c2)NC(=O)c1ccc(cc1)OCCOc1ccc(cc1)C(=O)Nc1ccc(cc1)*,tg,225.0,245.92003933490156,244.4147143890856,253.79173968954976,248.04216447117895
*NC(=O)NCCCCCCCCCCNC(=O)NCCCCCCCCCCCCCC*,tg,40.0,68.06126192101995,55.350828558847184,70.38030769257682,64.59746605748131
*c1cc2c(C(=O)N(C2=O)c2ccc(cc2)Oc2c(cc(cc2C)Cc2cc(c(c(c2)C)Oc2ccc(cc2)N2C(=O)c3c(C2=O)cc(cc3)C(=O)*)C)C)cc1,tg,290.0,293.2908222593583,286.13685520323156,313.5763365780062,297.6680046801987
*Oc1c(cc(cc1OC)C=Cc1ccc(cc1)C=Cc1ccc(cc1)C=Cc1cc(c(c(c1)OC)OCCCCCCCC*)OC)OC,tg,78.7,83.53592791791944,80.96412579288513,77.39014045700992,80.63006472260483
*c1nc(ccc1)C=Cc1c2c(ccc1OC(=O)c1ccc(cc1)C(=O)Oc1c(c3c(cc1)cccc3)C=C*)cccc2,tg,145.0,201.1029658254372,191.50256608506345,191.86187171769762,194.8224678760661
*N1C(=O)c2c(C1=O)cc(cc2)Oc1ccc(cc1)C1(CCC(CC1)C(C)(C)C)c1ccc(cc1)Oc1cc2c(C(=O)N(C2=O)c2ccc(cc2)Oc2ccc(cc2)C2(C3C4C(CCC4)C(C2)C3)c2ccc(cc2)Oc2ccc(cc2)*)cc1,tg,257.0,256.77060715431367,262.96088749829755,259.6865577679873,259.80601747353285
*OC(=O)CCCCCCCCCCCC*,tg,-41.37,-40.55571702381571,-40.12481376348043,-42.567374087275745,-41.082634958190624
*C(C*)(C(=O)OCCCCCC)C,tg,-7.25,0.09413194841722901,-2.4489658791296165,1.3071279025074116,-0.3492353427349919
*C(C*)(C(=O)OCCN(c1ccc(cc1)N=Nc1sc2c(n1)ccc(c2)[N+](=O)[O-])CC)C,tg,140.0,98.56187910582454,112.43933974762777,88.31548910579657,99.7722359864163
*C(C*)c1c(cccc1)COCCCC,tg,67.0,46.29412045136545,43.455984927748716,47.84121841878552,45.863774599299894
*N1C(=O)c2c(C1=O)c(ccc2)Oc1ccc(cc1)Oc1ccc(cc1)Oc1c2c(C(=O)N(C2=O)c2ccc(cc2)Oc2cc(ccc2)Oc2ccc(cc2)*)ccc1,tg,198.0,205.58012152183375,202.0523682921011,209.46093622774788,205.6978086805609
*c1c2c(C(=O)N(C2=O)N2C(=O)c3c(C2=O)cc(cc3)Sc2ccc(cc2)Sc2ccc(cc2)S*)ccc1,tg,242.0,255.18811925305025,236.38229417252919,252.80532742356507,248.1252469497148
*c1cc2c(C(=O)N(C2=O)c2ccc(cc2)Oc2ccc(cc2)N2C(=O)c3c(C2=O)cc(cc3)C(=O)Nc2ccc(cc2)Oc2c(cccc2)c2c(cccc2)Oc2ccc(cc2)NC(=O)*)cc1,tg,239.0,244.59402902799056,248.06366445745255,246.36562479053285,246.34110609199197
*c1sc(cc1)c1cc(c(cc1)Oc1ccc(cc1)C1(c2ccccc2c2ccccc12)c1ccc(cc1)Oc1c(cc(cc1)*)C(F)(F)F)C(F)(F)F,tg,169.0,228.45184448928725,207.3972043341381,231.48164542130698,222.44356474824414
*N1C(=O)c2c(C1=O)cc(cc2)C(c1cc2c(C(=O)N(C2=O)CCC*)cc1)(C(F)(F)F)C(F)(F)F,tg,190.0,168.63616408993732,173.39619006990125,171.65567293475732,171.2293423648653
*c1c2c(c(nn1)c1ccc(cc1)Oc1ccc(cc1)C(c1ccc(cc1)Oc1ccc(cc1)*)(C)C)c(c(c(c2c1ccccc1)c1cc2c(cc1)cccc2)c1cc2c(cc1)cccc2)c1ccccc1,tg,286.0,294.6795406829185,290.19946719743166,299.718873433557,294.8659604379691
*c1cc2c(C(=O)N(C2=O)c2cc(c(cc2)Oc2c(cc(cc2)N2C(=O)c3c(C2=O)cc(cc3)C(*)(C(F)(F)F)C(F)(F)F)Br)Br)cc1,tg,299.0,303.9699726420973,304.01836801936736,304.7607767132633,304.249705791576
*Oc1ccc(cc1)C(=O)Nc1cc(cc(c1)c1nc2c([nH]1)cccc2)NC(=O)c1ccc(cc1)OCCOCCOCCOCCOCC*,tg,145.0,164.77414094885137,161.16232057368998,177.8501533423741,167.92887162163848
*N1C(=O)c2c(C1=O)c(ccc2)Oc1ccc(cc1)C(c1ccc(cc1)Oc1c2c(C(=O)N(C2=O)c2cc(ccc2)*)ccc1)(C)C,tg,222.5,237.99628951842328,244.8207760380795,236.7563299978222,239.85779851810832
*OC(=O)CCCCCC(=O)OCCOCC*,tg,-59.67,-69.06788075815956,-60.74082360035811,-69.13500994049018,-66.31457143300263
*C(C*)c1c(cccc1)COCc1ccccc1,tg,72.0,80.2238627526443,80.39928391195485,102.3285670372039,87.65057123393434
*c1ccc(cc1)C(C(*)(C(=O)OCC(C)C)C#N)(C(=O)OCC(C)C)C#N,tg,108.0,116.13325507622815,102.6299415455828,108.9489199273264,109.23737218304579
*Oc1cc2c(cc1)ccc(c2)Oc1ccc(cc1)C(=O)Nc1ccc(cc1)Oc1ccc(cc1)Oc1ccc(cc1)NC(=O)c1ccc(cc1)*,tg,191.0,181.63284757452138,180.90949287404294,174.86385004612464,179.13539683156299
*OC(=O)C=CC(=O)NCCCCCCNC(=O)C=CC(=O)OCCOCCOCCOCC*,tg,52.0,44.188954162535566,49.03145746912848,32.73149083827425,41.98396748997943
*Oc1cc2c(cc1)ccc(c2)Oc1ccc(cc1)C(=O)Nc1ccc(cc1)Oc1ccc(cc1)C(c1ccc(cc1)Oc1ccc(cc1)NC(=O)c1ccc(cc1)*)(c1ccccc1)C,tg,177.0,184.26515181501222,181.93799385014688,174.4533838145981,180.21884315991906
*c1nc2c(nc1c1ccccc1)cc(cc2)c1cc2c(nc(c(n2)c2ccc(cc2)*)c2ccccc2)cc1,tg,367.45,345.0532262089979,344.3282110588973,341.38868617003664,343.5900411459773
*c1cc2c(C(=O)N(C2=O)c2c(ccc(c2)C(=O)Oc2ccc(cc2)C(c2ccc(cc2)OC(=O)c2cc(c(cc2)C)N2C(=O)c3c(C2=O)cc(cc3)C(*)(C(F)(F)F)C(F)(F)F)(C(F)(F)F)C(F)(F)F)C)cc1,tg,289.0,227.47640340126063,257.87140892152377,246.42892349580393,243.92557860619613
*N1C(=O)c2c(C1=O)cc(cc2)Oc1ccc(cc1)c1ccc(cc1)Oc1cc2c(C(=O)N(C2=O)c2ccc(cc2)Oc2ccc(cc2)Oc2ccc(cc2)Oc2ccc(cc2)*)cc1,tg,212.0,217.78696581603162,219.03433192535516,205.78643247490078,214.20257673876253
*C1COC2C1OCC2OC(=O)C(NC(=O)CCCCCCC(=O)NC(C(=O)O*)C)C,tg,57.0,69.84515476144968,64.3229177293693,59.699290970926434,64.62245448724848
*Nc1ccc(cc1)C(c1ccc(cc1)NC(=O)c1cc(cc(c1)NC(=O)c1ccccc1)C(=O)*)(C)C,tg,303.5,275.8254842086179,266.01201722506744,269.8935038203285,270.57700175133795
*N1C(=O)c2c(C1=O)cc(cc2)c1cc2c(C(=O)N(C2=O)c2c(cc(cc2C)C(c2cc(c(c(c2)C)*)C)c2cc(cc(c2)C(F)(F)F)C(F)(F)F)C)cc1,tg,317.4,297.9993426699847,310.54108399318267,288.73452655094366,299.09165107137034
*Oc1ccc(cc1)C(c1ccc(cc1)OC(=S)*)(CC)CC,tg,121.0,113.39992472853753,115.00123986698979,126.08009895913513,118.16042118488748
*Nc1ccc(cc1)CC(NC(=O)CCCCCCCCC(=O)*)(C)C,tg,92.0,117.96770454732228,114.63505954716022,113.41296630506622,115.33857679984958
*Oc1ccc(cc1)C(c1ccc(cc1)OC(=O)c1ccc(cc1)Cc1ccc(cc1)C(=O)*)(C)C,tg,187.5,188.1174874072157,173.89423827133012,192.75290448196793,184.92154338683793
*c1c([nH]c(n1)c1ccc(cc1)c1[nH]c(c(n1)c1ccc(cc1)Oc1ccc(cc1)C(=O)c1ccc(cc1)Oc1ccc(cc1)C(=O)c1ccc(cc1)Oc1ccc(cc1)*)c1ccccc1)c1ccccc1,tg,245.0,247.96375073698093,258.93066325775146,247.26451776230095,251.38631058567776
*C(C*)(C(=O)OCCOC(=O)c1cc(cc(c1)[N+](=O)[O-])[N+](=O)[O-])C,tg,89.64,73.4873798683658,86.67383734102259,103.95597923443903,88.03906548127581
*c1sc(cc1C(=O)OCC(C(C(F)(F)F)(F)F)(F)F)*,tg,129.0,66.45780745121921,67.28008557559221,49.64120812310479,61.12636704997207
*N1C(=O)c2c(C1=O)cc(cc2)C(=O)Nc1ccc(cc1)Oc1c(c(c(c(c1F)F)Oc1ccc(cc1)NC(=O)C*)F)F,tg,254.0,228.87688320016073,225.13712112516038,226.15542776193914,226.72314402908674
*Oc1ccc(cc1)CC(NC(=O)CCc1ccc(cc1)OC(=O)CCCCCCC(=O)*)C(=O)OCCCCCC,tg,26.45,27.485155598145493,25.574052421892205,25.420806805846063,26.16000494196125
*C(C*)OC(=O)c1c(cccc1)OC(=O)C,tg,59.5,83.04398943327845,96.18758140698452,93.98796345913466,91.07317809979922
*c1cc2c(C(=O)N(C2=O)c2c(cccc2)C(=O)c2ccc(cc2)N2C(=O)c3c(C2=O)cc(cc3)C(=O)*)cc1,tg,286.0,300.38034756871537,284.87548647081564,285.0594251775198,290.1050864056836
*N1C(=O)c2c(C1=O)cc(cc2)c1cc2c(C(=O)N(C2=O)c2ccc(cc2)Oc2ccc(cc2)C(c2ccc(cc2)Oc2ccc(cc2)*)(C(F)(F)F)C(F)(F)F)cc1,tg,246.0,250.42878201273712,257.7332983920278,244.23671119711793,250.79959720062757
*N(C(=O)CCCC(=O)N(CCCCCC*)C)C,tg,3.0,-0.7345466550893646,-1.8742210907645074,-0.7999501218832642,-1.136239289245712
*c1cc2c(C(=O)N(C2=O)c2c3c(ccc2)c(ccc3)Oc2ccc(cc2)N2C(=O)c3c(C2=O)cc(cc3)C(=O)Nc2nc(nc(n2)NC(=O)*)c2ccccc2)cc1,tg,291.0,292.2400033642746,301.1520387524531,292.492232431912,295.2947581828799
*Oc1ccc(cc1)OC(=O)c1cc(cc(c1)OCCCCCCCCCCC(C(C(C(C(C(C(C(C(C(F)(F)F)(F)F)(F)F)(F)F)(F)F)(F)F)(F)F)(F)F)(F)F)(F)F)C(=O)*,tg,137.0,49.7618603024064,52.01854546682317,43.03586021732242,48.27208866218399
*N1C(=O)c2c(C1=O)cc(cc2)Oc1cc2c(cc1)cc(cc2)Oc1cc2c(C(=O)N(C2=O)c2cc(ccc2)Oc2ccc(cc2)*)cc1,tg,225.0,224.32249052929637,217.33505068339733,228.90912500235632,223.52222207168333
*C(=C(*)c1ccccc1)c1cc(ccc1)[Ge](C)(C)C,tg,200.0,167.5790302845925,143.89153404761723,152.9518134647756,154.80745926566178
*C(C(CC*)Cl)Cl,tg,69.4,-3.3599165223218423,-3.998974918673497,-15.033768957600499,-7.464220132865279
*c1cc2c(C(=O)N(C2=O)c2c(cc(c(c2)C)N2C(=O)c3c(C2=O)cc(cc3)C(*)(C(F)(F)F)C(F)(F)F)C)cc1,tg,347.0,381.887279743294,369.9943632893517,381.60270206828045,377.82811503364206
*Oc1ccc(cc1)NC(=O)c1c(ccc(c1)C(c1cc(c(cc1)C(=O)O)C(=O)Nc1ccc(cc1)Oc1ccc(cc1)C(c1ccc(cc1)*)(C(F)(F)F)C(F)(F)F)(C(F)(F)F)C(F)(F)F)C(=O)O,tg,260.0,205.50444209056405,188.66587326513636,221.9171777715984,205.36249770909959
*C1C(C(C(C1)C=C*)C(=O)OCCCCCCOc1ccc(cc1)c1ccc(cc1)C#N)C(=O)OCCCCCCOc1ccc(cc1)c1ccc(cc1)C#N,tg,41.93,48.66444557444338,51.23564557690878,63.05371299490197,54.31793471541804
*C(C*)(C(=O)OCCCCCCOc1ccc(cc1)N=Nc1ccc(cc1)OCCCCCCCCCC)C,tg,110.0,42.78013925976163,52.28023976430515,44.38468061830345,46.48168654745674
*Oc1c(cc(cc1)S(=O)(=O)c1cc(c(cc1)OCC(COc1ccc(cc1)C(c1ccc(cc1)OCC(C*)O)(C)C)O)C)C,tg,117.5,117.55410393213016,127.3316169456403,128.56984879710112,124.48518989162386
*c1oc(nn1)c1ccc(cc1)C(=O)OCCCCCCCCOc1ccc(cc1)C=C1C(=O)C(=Cc2ccc(cc2)OCCCCCCCCOC(=O)c2ccc(cc2)*)CCCC1,tg,98.0,74.11213327543068,65.7017150973985,62.191714664985184,67.33518767927144
*Nc1ccc(cc1)Cc1ccc(cc1)NC(=O)c1cc(cc(c1)NC(=O)CCCCCCCCCCN1C(=O)c2c(C1=O)cccc2)C(=O)*,tg,150.0,188.97327669557828,194.06792888874546,197.9995059823826,193.6802371889021
*O[Si](*)(CCCCCOc1ccc(cc1)/C=C/c1ccc(cc1)OC)C,tg,52.0,20.90602260233511,10.994956817178974,21.00841396318603,17.63646446090004
*O[Si](O[Si](O[Si](O[Si](O[Si](OC(CCCCC(*)C)C)(C)C)(C)C)(C)C)(C)C)(C)C,tg,-104.0,-103.7063596888744,-105.44933609448469,-97.7495742988177,-102.30175669405894
*N1C(=O)c2c(C1=O)cc(cc2)C(c1cc2c(C(=O)N(C2=O)CC2CC(CCC2)C*)cc1)(C(F)(F)F)C(F)(F)F,tg,222.0,222.38991405655892,211.55729439824228,231.0893152442783,221.67884123302647
*N1C(=O)c2c(C1=O)cc(cc2)Oc1c(cc(cc1C)C(c1cc(c(c(c1)C)Oc1cc2c(C(=O)N(C2=O)c2ccc(cc2)Oc2ccc(cc2)C2(C3C4C(CCC4)C(C2)C3)c2ccc(cc2)Oc2ccc(cc2)*)cc1)C)(C)C)C,tg,262.0,261.84993164990357,257.3941882867643,259.80594676341974,259.68335556669587
*N1C(=O)c2c(C1=O)cc(cc2)Oc1cc2c(C(=O)N(C2=O)c2cc(c(cc2)Oc2ccc(cc2)C(=O)c2cc(ccc2)*)C(F)(F)F)cc1,tg,224.0,228.45945578924332,208.31500623165704,230.6368660870638,222.47044270265474
*N1C(=O)c2c(C1=O)cc(cc2)Oc1c(cccc1)Oc1cc2c(C(=O)N(C2=O)c2cc(c(cc2)Oc2ccc(cc2)c2ccc(cc2)Oc2c(cc(cc2)*)C(F)(F)F)C(F)(F)F)cc1,tg,208.0,212.1078609799708,207.5090614792963,207.7123267532414,209.10974973750285
*O[Si](*)(CCCOc1c(cc(cc1)C(=O)OC1CC2=CCC3C(CCC4(C(CCC34)C(CCCC(C)C)C)C)C2(CC1)C)S(=O)(=O)O[K])C,tg,112.6,78.67729088805534,79.94471033828957,66.48606773676288,75.0360229877026
*C(C*)(C(=O)OCCCCCCOc1ccc(cc1)C(=O)Oc1ccc(cc1)C(=O)C=Cc1c(c2c(n1C)cccc2)C)C,tg,98.0,74.4272399399468,77.07338655689131,75.61137371722342,75.70400007135383
*C1N(CC(C1)OC(=O)*)C(=O)OCc1ccccc1,tg,78.0,128.31799321326338,106.31860120981105,140.9874527149469,125.20801571267377
*O[Si](c1cc(ccc1)[Si](*)(C)C)(C)C,tg,-52.0,-23.864055427513396,-21.203614500934208,-16.606756434526954,-20.55814212099152
*Oc1ccc(cc1)CC(NC(=O)CCc1ccc(cc1)OC(=O)CCCCCCCCC(=O)*)C(=O)OCCCCCCCC,tg,14.25,20.463139547373153,23.427437543542112,24.1609119309277,22.683829673947656
*c1nc2c(c(c1)c1ccccc1)cc(cc2)C1(c2ccccc2c2ccccc12)c1cc2c(nc(cc2c2ccccc2)c2ccc(cc2)C2(c3ccccc3C(=O)c3ccccc23)c2ccc(cc2)*)cc1,tg,385.0,395.52598626338516,400.53839084316286,395.6469691570473,397.23711542119844
*c1cc2c(C(=O)N(C2=O)c2ccc(cc2)Sc2ccc(cc2)N2C(=O)c3c(C2=O)cc(cc3)C(*)(C(F)(F)F)C(F)(F)F)cc1,tg,293.67,294.2308424929443,296.4966661839927,290.43865971974395,293.722056132227
*C(C(CCCCCCCC*)Cl)Cl,tg,-30.0,-35.78364778991097,-23.74778115509423,-28.389522141751346,-29.306983695585515
*OC(=O)c1c(cc(cc1)C(=O)OCCN(CC*)c1ccc(cc1)C=C(C#N)C#N)OCCC,tg,94.0,107.99712730272556,99.51371668544722,97.94866850648123,101.819837498218
*SCC(C*)(CC)C,tg,-50.0,-8.915804995117343,-7.784991436428186,15.311772443355437,-0.46300799606336324
*C1C(=O)N(C(=O)C1CC*)CCCCCCCCCCCCCC,tg,62.4,58.77955362493577,48.089410953005384,47.99361262138645,51.620859066442534
*Oc1ccc(cc1)C(=O)OC(COC(=O)c1ccc(cc1)OC(=O)c1ccc(cc1)C(=O)*)C,tg,87.0,121.65778686412783,125.38358245938667,101.108040021271,116.04980311492851
*Nc1cc(ccc1)NC(=O)CCCCC(=O)Nc1cc(ccc1)NC(=S)NC(=O)CCCCC(=O)NC(=S)*,tg,236.0,223.3133010836411,200.32160853698534,211.59505165511135,211.7433204252459
*Oc1c(cc(cc1)Oc1ccc(cc1)C(=O)c1ccc(cc1)*)c1cc(ccc1)C(F)(F)F,tg,134.0,160.41768180169777,161.77273136892936,172.8269934984617,165.0058022230296
*C(C*)(CC(=O)OC1CCCCC1)C(=O)OC1CCCCC1,tg,142.0,97.93148513368757,98.34574412048244,111.3745252456601,102.55058483327669
*OC(=O)c1ccc(cc1)N=CNc1ccc(cc1)C(=O)OCCCC*,tg,91.0,73.33963105789076,68.93962360702034,70.71926158455645,70.99950541648919
*Oc1c(cc(cc1)OC(=O)c1c(cc(cc1)C(=O)*)Sc1ccccc1)C,tg,130.0,140.30823323949184,149.84097499816622,136.00189751233685,142.05036858333165
*Oc1ccc(cc1)C(c1ccc(cc1)OCC(CN(CC(C*)O)c1ccc(cc1)N=Nc1ccc(cc1)[N+](=O)[O-])O)(C)C,tg,59.0,104.0426953138632,109.60804146997022,102.01564878814996,105.22212852399446
*N1C(=O)c2c(C1=O)cc(cc2)Oc1cc2c(C(=O)N(C2=O)Cc2oc(cc2)C(c2oc(cc2)C*)(C)C)cc1,tg,116.0,222.92074686872462,198.41594556588686,214.93530044502805,212.09066429321317
*OC(=O)NCCCCCCNC(=O)OCCOCCOCC*,tg,-9.67,19.603280472860252,8.725276225990996,16.21153305126836,14.846696583373202
*Oc1cc2c(cc1)ccc(c2)OCCNC(=O)c1ccc(cc1)C(=O)NCC*,tg,159.0,144.71374400342953,139.9849899224195,134.21470578878416,139.63781323821107
*C(C*)(C(F)(F)F)F,tg,46.0,29.831744021741635,0.5722734905836546,12.884160026962029,14.429392513095772
*O[Si](O[Si](O[Si](c1ccc(cc1)[Si](*)(C)C)(C)C)(C)C)(C)C,tg,-62.0,-52.158566774463,-60.76407922898204,-52.28618176966732,-55.06960925770412
*c1sc(cc1)c1sc(cc1)[Si]([Si](*)(CCCC)CCCC)(CCCC)CCCC,tg,-20.0,-0.9452291985654168,-20.297455629947876,2.185876473975195,-6.3522694515127
*c1cc2c(C(=O)N(C2=O)c2ccc(cc2)C(=O)Nc2ccc(cc2)C(=O)OCCCCCCCCCCOC(=O)*)cc1,tg,102.0,101.58683475178601,99.33528460152527,104.58500426422886,101.8357078725134
*OS(=O)(=O)c1ccc(cc1)Oc1ccc(cc1)S(=O)(=O)Oc1ccc(cc1)C(c1ccc(cc1)*)(C)C,tg,110.0,147.31780136887045,139.23710098617187,150.26391161674215,145.60627132392815
*Oc1ccc(cc1)C(c1ccc(cc1)Oc1c(c(c(c(c1F)F)COC(c1cc(ccc1)C(OCc1c(c(c(c(c1F)F)*)F)F)(C(F)(F)F)C(F)(F)F)(C(F)(F)F)C(F)(F)F)F)F)(C)C,tg,98.0,109.24150757626721,110.05627634564824,105.85420807518906,108.38399733236817
*Oc1ccc(cc1)C(=O)NCC(CCCNC(=O)c1ccc(cc1)*)(C)C,tg,155.0,173.74555664177507,159.67583636108645,170.23545916049534,167.88561738778563
*OP(=O)(N=Nc1ccc(cc1)c1ccc(cc1)N=NP(=O)(OCCOCC*)OC)OC,tg,22.0,32.11817471243088,38.002477192089245,49.294078630243995,39.80491017825471
*Oc1c2c(c(cc1)C=Cc1c(cc(c(c1)OC)C=Cc1c3c(c(cc1)OCCOCCOCC*)cccc3)OC)cccc2,tg,79.5,87.50380611898342,79.31706273642851,91.61956290983869,86.14681058841688
*Oc1c(cc(cc1)OCCCC(=O)NNC(=O)c1ccc(cc1)C(=O)NNC(=O)CCC*)C,tg,125.5,119.6766989904805,136.10032198902053,125.46273593293294,127.07991897081132
*Oc1ccc(cc1)Nc1ccc(cc1)N=Nc1ccc(cc1)Nc1ccc(cc1)*,tg,169.0,169.7245402915207,171.98143731202998,173.39500613955357,171.7003279143681
*c1cc2c(C(=O)N(C2=O)c2c(ccc(c2)N2C(=O)c3c(C2=O)cc(cc3)C(*)(C(F)(F)F)C(F)(F)F)C)cc1,tg,307.0,346.0831434280032,347.6743585421875,338.02437543617,343.9272924687869
*OC1C(CCCC1)OC(=O)*,tg,117.3,132.47032507755114,111.300636683541,127.0710283042305,123.61399668844088
*C(C*)OC(=O)C(Cl)(Cl)Cl,tg,59.0,60.76571248280294,71.6643817842081,70.10603740448924,67.5120438905001
*S(=O)(=O)C1C2CCC(C1*)C2,tg,33.0,152.39306881062578,172.1550441841724,163.31335740157576,162.62049013212467
*N1C(=O)c2c(C1=O)cc(cc2)Oc1cc2c(C(=O)N(C2=O)c2cc(ccc2)Oc2c(c(ccc2)Oc2cc(ccc2)Oc2c(c(ccc2)Oc2cc(ccc2)*)C#N)C#N)cc1,tg,176.0,211.76468410962627,208.97343286439855,201.75640330267797,207.49817342556761
*C1C2C(C(=O)N(C2=O)c2ccccc2)C(C1)C=C*,tg,220.0,230.63725756302603,224.4486750713795,233.43841993169403,229.5081175220332
*Oc1ccc(cc1)CC(NC(=O)CCc1ccc(cc1)OC(=O)COCCOCC(=O)*)C(=O)OCc1ccccc1,tg,55.0,55.05515318139183,56.51074611319693,49.61605083590353,53.7273167101641
*Oc1ccc(cc1)NC(=O)c1ccc(cc1)Oc1ccc(cc1)C(c1cc(ccc1)C(c1ccc(cc1)Oc1ccc(cc1)C(=O)Nc1ccc(cc1)Oc1ccc(cc1)C(c1ccc(cc1)*)(C(F)(F)F)C(F)(F)F)(C)C)(C)C,tg,154.0,161.63044371029122,167.21431993596462,164.56910429813698,164.4712893147976
*NC(=O)c1cc(ccc1)C(=O)NCC1CCC(CC1)C*,tg,208.0,171.5886213607768,177.39344335645734,164.05377589984482,171.01194687235966
*O[Si](*)(CCCOc1ccc(cc1)C(=O)OC1CC2=CCC3C(CCC4(C(CCC34)C(CCCC(C)C)C)C)C2(CC1)C)C,tg,61.1,72.31527075514538,73.406093068763,75.75908137169884,73.82681506520241
*OC(C*)COC(C(F)(F)F)(C(F)(F)F)F,tg,-43.0,-26.67523587131575,-27.460788086324044,-20.12139193622752,-24.75247196462244
*c1nc(nc(n1)c1ccc(cc1)Oc1ccc(cc1)C(c1ccc(cc1)Oc1ccc(cc1)*)(C(F)(F)F)C(F)(F)F)c1ccccc1,tg,241.0,207.5418207277563,196.13591675391936,181.4120424057455,195.0299266291404
*Nc1ccc(cc1)C(c1ccc(cc1)NC(=O)c1cc(cc(c1)C(C)(C)C)C(=O)*)(P1(=O)c2ccccc2c2ccccc2O1)P1(=O)c2ccccc2c2ccccc2O1,tg,235.0,245.77250864484853,259.7410353500268,266.11979885756847,257.2111142841479
*SCCCCCCCCCCC(=O)NCCc1ccc(cc1)CCNC(=O)CCCCCCCCCC*,tg,58.0,58.62220288834233,60.84861380484908,70.02290690818745,63.16457453379295
*C(C*)(CC(=O)OCCCCCCC)C(=O)OCCCCCCC,tg,-23.67,-19.93290335796443,-10.823370987369373,-17.151762669050964,-15.96934567146159
*Nc1ccc(cc1)C(c1ccc(cc1)C(c1ccc(cc1)Nc1ccc(cc1)C(c1ccc(cc1)C(c1ccc(cc1)*)(c1ccccc1)O)(c1ccccc1)O)(C)C)(C)C,tg,177.0,164.34391482294896,177.28996474328252,190.71013029951735,177.44800328858295
*c1cc2c(C(=O)N(C2=O)c2ccc(cc2)Cc2ccc(cc2)Cc2ccc(cc2)N2C(=O)c3c(C2=O)cc(cc3)C(=O)*)cc1,tg,341.0,312.4938033595114,297.53905169526956,315.64071557057764,308.5578568751195
*OC(=O)C1CCC(CC1)C(=O)OCC*,tg,25.0,25.757353577118213,34.22878282873698,17.38191871818116,25.789351708012116
*C1COC2C1OCC2OC(=O)OCC1OC(OC1COC(=O)O*)(C)C,tg,95.5,100.91931220435298,84.17426698802512,111.24967179356359,98.78108366198057
*N1C(=O)c2c(C1=O)cc(cc2)S(=O)(=O)c1cc2c(C(=O)N(C2=O)c2cc(c(cc2)Oc2c(cc(cc2)*)Br)Br)cc1,tg,281.0,299.11884039355,294.03829518500856,287.7125832293304,293.62323960262967
*N1C(=O)C(CC1=O)SCCOCCSC1C(=O)N(C(=O)C1)c1ccc(cc1)C(=O)Oc1ccc(cc1)C(c1ccc(cc1)OC(=O)c1ccc(cc1)*)(C)C,tg,143.0,152.68633998701614,136.66064752688922,143.46116965058323,144.26938572149618
*C(C*)C(=O)OCC(C(C(C(F)(F)F)(F)F)(F)F)(F)F,tg,-37.0,-20.750535973193067,-22.818043801047423,-29.571924986259987,-24.38016825350016
*C(C*)C(=O)Oc1ccc(cc1)C(=O)OCC,tg,37.0,47.587798835059026,45.50000053363098,45.64414976936041,46.24398304601681
*N1C(=O)c2c(C1=O)cc(cc2)c1cc2c(C(=O)N(C2=O)c2ccc(cc2)OCCCCCCCCCCOc2ccc(cc2)*)cc1,tg,153.0,136.22299227124557,139.96689403203965,129.04853738634844,135.07947456321122
*OCC(C*)(CS(=O)(=O)CCC)CS(=O)(=O)CCC,tg,71.0,62.39691143532249,73.2202828830071,66.03928950473076,67.21882794102011
*c1cc2c(C(=O)N(C2=O)c2ccc(cc2)Sc2ccc(cc2)Sc2ccc(cc2)N2C(=O)c3c(C2=O)cc(cc3)C(*)(C(F)(F)F)C(F)(F)F)cc1,tg,257.0,254.33793235131796,244.69811859679277,270.4888020470583,256.508284331723
*SSSCCCCCCCCCC*,tg,-70.0,-51.28621358299451,-38.64171008158533,-57.26064389375246,-49.06285585277743
*c1sc(cc1)c1sc(c(c1)CCCCCCCC)c1sc(cc1)c1sc(cc1)c1sc(cc1CCCCCCCC)c1sc(cc1)[Si](*)(CCCC)CCCC,tg,-1.0,11.40196852329642,13.637132503809099,15.04977566975346,13.362958898952991
*Oc1c(cc(cc1c1ccccc1)Cc1cc(c(c(c1)c1ccccc1)OC(=O)CCCCC(=O)*)c1ccccc1)c1ccccc1,tg,115.0,119.28938729835903,114.09905002038066,140.40275672941488,124.5970646827182
*N1C(=O)c2c(C1=O)cc(cc2)c1cc2c(C(=O)N(C2=O)c2ccc(cc2)C(c2ccc(cc2)*)(C(F)(F)F)C(F)(F)F)cc1,tg,333.67,298.7795915724817,295.98137157309515,308.6183626482687,301.1264419312818
*N1C(=O)c2c(C1=O)cc(cc2)Oc1ccc(cc1)C(=O)c1ccc(cc1)Oc1cc2c(C(=O)N(C2=O)c2ccc(cc2)Oc2cc(ccc2)Oc2ccc(cc2)*)cc1,tg,194.0,196.44070647619415,195.8349481585036,200.20144400891994,197.4923662145392
*c1cc2c(C(=O)N(C2=O)c2ccc(cc2)Oc2ccc(cc2)C(c2ccc(cc2)Oc2ccc(cc2)N2C(=O)c3c(C2=O)cc(cc3)c2ccc(cc2)c2ccc(cc2)c2ccc(cc2)c2ccc(cc2)*)(C)C)cc1,tg,236.0,256.3574001995396,266.0508567897296,246.0860319768496,256.1647629887063
*c1cc2c(C(=O)N(C2=O)c2ccc(cc2)C2(CCC(CC2)C(C)(C)C)c2ccc(cc2)NC(=O)*)cc1,tg,331.0,327.3655900313265,319.63876360769893,315.6397250806498,320.8813595732251
*Oc1cc(ccc1)NC(=O)CCCCCCC(=O)Nc1ccc(cc1)*,tg,140.0,126.20586638120223,130.05571495764474,119.3201824091991,125.19392124934869
*Oc1ccc(cc1)CC(NC(=O)CCc1ccc(cc1)OC(=O)CCCCCCCCC(=O)*)C(=O)OC,tg,46.33,55.09942721355487,45.159163032141294,43.1064886266765,47.78835962412422
*NNC(=O)c1cc(cc(c1)NC(=O)c1cc2c(C(=O)N(C2=O)c2ncccc2C)cc1)C(=O)NNC(=O)CCCC(=O)*,tg,131.7,159.12102074211506,168.89163774468585,169.14320661522527,165.71862170067539
*C(C*)(C(=O)OCCCCCCCCCCn1c2ccc(cc2c2ccccc12)N=Nc1c(cc(cc1)[N+](=O)[O-])[N+](=O)[O-])C,tg,60.0,97.86984498173408,96.53281465197446,96.7917405011024,97.06480004493699
*Nc1ccc(cc1)NC(=O)c1cc(cc(c1)NC(=O)c1ccncc1)C(=O)*,tg,327.0,294.4454191749367,294.82235882025054,290.06583752571765,293.11120517363497
*Oc1c(cc(cc1)Oc1ccc(cc1)C(=O)c1c2c(ccc1)cccc2C(=O)c1ccc(cc1)*)C(C)(C)C,tg,230.0,205.94619401906476,213.09808636053972,213.7419011827637,210.92872718745608
*Oc1ccc(cc1)C1(c2ccccc2c2ccccc12)c1ccc(cc1)OC(=O)*,tg,303.33,252.0186839091785,256.39059241011716,252.07292575714087,253.4940673588122
*Oc1cc(ccc1)NC(=O)c1ccc(cc1)[Si](c1ccc(cc1)C(=O)*)(c1ccccc1)c1ccccc1,tg,220.0,195.5269879760196,222.02136909937644,198.40078602216315,205.31638103251973
*C(C*)c1cc(c(cc1)Cl)C,tg,114.0,103.83696633952954,118.4903773673882,111.61015092318353,111.31249821003377
*C(C*)C(=O)NCC(=O)N,tg,186.0,136.68641732814822,106.62614922453187,131.18919963475676,124.83392206247895
*P1(=NP(=NP(=N1)(Oc1ccc(cc1)C(=O)OC)Oc1ccc(cc1)C(=O)OC)(Oc1ccc(cc1)C(c1ccc(cc1)O*)(C)C)Oc1ccc(cc1)C(=O)OC)Oc1ccc(cc1)C(=O)OC,tg,73.0,144.892166891329,116.84996948679364,130.84965929287978,130.86393189033413
*SC(C*)(C)C,tg,-14.0,-11.842298118528419,3.7525005267191887,6.0069557105326,-0.6942806270922098
*c1cc2c(C(=O)N(C2=O)c2ccc(cc2)Oc2ccc(cc2)C2(c3c(C(=O)N2)cccc3)c2ccc(cc2)Oc2ccc(cc2)N2C(=O)c3c(C2=O)cc(cc3)C(=O)Nc2cc(ccc2)Oc2ccc(cc2)NC(=O)*)cc1,tg,302.0,302.15680645628555,302.59951138323163,302.97586682271515,302.5773948874108
*C1COC2C1OCC2OC(=O)OCCCCOC(=O)O*,tg,49.0,40.211429183608516,46.71953446249857,45.70821573302026,44.21305979304245
*NC(=O)CCP(=O)(CCC(=O)NCCCCCCCCCCCC*)C,tg,44.0,47.650777644051445,56.197914936713175,45.91873755425423,49.92247671167295
*N1C(=O)c2c(C1=O)cc(cc2)Oc1c2c(ccc1)c(ccc2)Oc1cc2c(C(=O)N(C2=O)c2cc(cc(c2)C(F)(F)F)*)cc1,tg,250.0,271.1290472027966,247.8224413901108,255.32281294528022,258.09143384606256
*c1sc(nn1)c1ccc(cc1)C(=O)OCCCCCCCCCOC(=O)c1ccc(cc1)*,tg,72.0,87.77191034678307,79.50523686792988,106.28138539200836,91.18617753557378
*Oc1c(cc(cc1)C=C1C(=O)C(=Cc2cc(c(cc2)OC(=O)CCCCCCCCC(=O)*)OC)CCC1)OC,tg,48.05,78.9359497010075,71.7718833846672,73.34681925798414,74.68488411455296
*c1cc2c(C(=O)N(C2=O)c2ccc(cc2)C(=O)Nc2ccc(cc2)C(=O)OCCCCCCCCOC(=O)*)cc1,tg,105.0,101.48096457526326,104.27643409453952,92.57574380053019,99.44438082344432
*C(C*)(C(=O)OCc1ccc2n(c3c(c2c1)cccc3)CCCC)C,tg,87.0,89.60654542634133,79.51830628191968,90.55165816488338,86.55883662438146
*Oc1ccc(cc1)C1(c2ccccc2c2ccccc12)c1ccc(cc1)OCC(COC(=O)C1CCC(CC1)C(=O)OCC(C*)O)O,tg,110.0,135.93814730695496,150.660769168119,144.3727538072324,143.65722342743547
*Oc1c(cc(cc1)C(C)(C)C)Oc1ccc(cc1)S(=O)(=O)c1ccc(cc1)*,tg,180.5,175.99378643257248,173.91689655926308,174.3587598113396,174.7564809343917
*NC(=O)c1ccc(cc1)C(=O)NCCC(CCC*)C(C)C,tg,146.5,151.27915795676375,142.83554004021624,149.92392469632634,148.01287423110213
*c1cc2c(C(=O)N(C2=O)c2c(cc(c(c2C)C(=O)c2cc(ccc2)N2C(=O)c3c(C2=O)cc(cc3)C(=O)*)C)C)cc1,tg,300.0,308.157420372864,316.77746685162674,299.12145009577716,308.01877910675597
*c1c(nc2c(n1)cc(cc2)Oc1ccc(cc1)NC(=O)c1cc2c(C(=O)N(C2=O)c2ccc(cc2)C(c2ccc(cc2)N2C(=O)c3c(C2=O)cc(cc3)C(=O)Nc2ccc(cc2)Oc2cc3c(nc(c(n3)c3ccc(cc3)*)c3ccccc3)cc2)(C(F)(F)F)C(F)(F)F)cc1)c1ccccc1,tg,293.0,283.1967513768504,297.037261772115,300.54008457990113,293.5913659096222
*Oc1ccc(cc1)C(c1ccc(cc1)OCCCCCCCC*)(C)C,tg,13.37,17.312798596270145,24.772960830791575,20.438320273939468,20.841359900333728
*Oc1ccc(cc1)C1(CC2C(CC1)CCCC2)c1ccc(cc1)OC(=O)c1ccc(cc1)C(=O)*,tg,275.0,272.5894077828951,270.63402670911523,277.536866826636,273.5867671062154
*c1cc2c(C(=O)N(C2=O)c2ccc(cc2)C(=O)Nc2ccc(cc2)Cc2ccc(cc2)NC(=O)*)cc1,tg,222.0,255.98848558207538,255.0467362408291,262.739898690799,257.9250401712345
*Oc1ccc(cc1)c1ccc(cc1)OC(=O)c1ccc(cc1)C(=O)*,tg,267.0,175.8842376295635,178.76264979793962,183.62022228760986,179.42236990503764
*c1cc2c(C(=O)N(C2=O)c2cc(c(cc2)c2c(cc(cc2)N2C(=O)c3c(C2=O)cc(cc3)C(=O)Oc2c(cc(cc2C)C(c2cc(c(c(c2)C)OC(=O)*)C)(C)C)C)C)C)cc1,tg,182.0,262.2568960131012,244.118283939909,285.7651044204768,264.046761457829
*Oc1ccc(cc1)CC(NC(=O)CCc1ccc(cc1)OC(=O)COCCOCC(=O)*)C(=O)OCCCCCCCC,tg,16.0,21.01298016852403,22.88095679139076,24.399641266103725,22.764526075339504
*Oc1c(cc(cc1C)C1(CC2C(CC1)CCCC2)c1cc(c(c(c1)C)Oc1ccc(cc1)C(=O)c1ccc(cc1)*)C)C,tg,251.0,225.4838820024328,247.37573546823558,239.05799611387732,237.30587119484858
*c1sc(nn1)c1cc(ccc1)OCCCCCCCCCCCOC(=O)c1ccc(cc1)C(=O)OCCCCCCCCCCCOc1ccc(cc1)*,tg,49.5,56.74056473740372,57.615911618691754,61.74127994589031,58.69925210066193
*c1nc(nc(c1F)OCC(C(C(CO*)(F)F)(F)F)(F)F)F,tg,0.0,53.77466621918404,92.18362956589745,56.96556184475445,67.64128587661197
*C(C*)OC(=O)C1CCCCC1,tg,58.88,37.72303367424098,45.54450183740279,27.54287959658716,36.936805036076976
*C(C*)C(=O)OCCCOC,tg,-66.5,-48.5468925174199,-39.44303452138183,-54.63069874933697,-47.540208596046234
*N1C(=O)c2c(C1=O)cc(cc2)C(=O)c1cc2c(C(=O)N(C2=O)C(=S)Nc2ccc(cc2)Oc2ccc(cc2)NC(=S)*)cc1,tg,262.0,265.7222437274614,263.9965855923643,275.49836102228596,268.4057301140372
*C(C(*)(F)F)(OC(C(F)F)F)F,tg,35.0,21.9690247004067,40.63380800450415,13.008593613637501,25.203808772849452
*C(C*)C(=O)Nc1ccc(cc1)Cl,tg,76.0,92.00868283124336,98.18474282276554,94.76340776438893,94.98561113946595
*N1C(=O)c2c(C1=O)cc(cc2)Oc1cc(ccc1)C(c1ccc(cc1)Oc1cc2c(C(=O)N(C2=O)c2ccc(cc2)*)cc1)(C)C,tg,268.0,219.13569252487486,220.304807981281,232.61648971080487,224.01899673898689
*OC(=O)c1cc(ccc1)C(=O)OCC*,tg,56.5,60.87962636485392,63.196305058418815,73.22196285984468,65.76596476103914
*N1C(=O)c2c(C1=O)cc(cc2)Oc1cc2c(C(=O)N(C2=O)c2ccc(cc2)C2(c3ccccc3c3ccccc23)c2ccc(cc2)*)cc1,tg,373.0,335.3584800394423,321.9834837920771,324.70493414796675,327.34896599316204
*Nc1ccc(cc1)C(c1ccc(cc1)NC(=O)c1cc(ccc1)C(=O)*)(C(F)(F)F)C(F)(F)F,tg,272.0,257.1239598716269,265.4956007572646,253.1202562364006,258.57993895509736
*c1c2C(=O)N(C(=O)c2c(c2ccccc12)c1ccc(cc1)Oc1ccc(cc1)C(=O)c1cc(ccc1)C(=O)c1ccc(cc1)Oc1ccc(cc1)*)C,tg,251.0,248.72330268832016,246.4263333184832,255.3579181134953,250.16918470676623
*Oc1ccc(cc1)C(c1ccc(cc1)Oc1ccc(cc1)C(=O)c1c(c(c(c(c1c1ccc(cc1)F)c1ccc(cc1)F)c1ccc(cc1)F)c1ccc(cc1)F)C(=O)c1ccc(cc1)*)(C)C,tg,252.0,253.33561456412485,252.1447270618836,260.4207073620233,255.30034966267726
*Oc1ccc(cc1)CC(NC(=O)CCc1ccc(cc1)OC(=O)CCCCCCC(=O)*)C(=O)OC(C)C,tg,46.0,46.46682689856963,51.46856646949941,48.02853618409152,48.65464318405352
*O[Ca]OC(=O)c1c(cccc1)C(=O)OCCCCCOC(=O)NCCCCCCNC(=O)OCCCCCOC(=O)c1c(cccc1)C(=O)*,tg,-2.4,-1.8136727015228433,13.924373839422657,4.019840640457398,5.376847259452404
*C1COC2C1OCC2OC(=O)C(NC(=O)CCCCCCCC(=O)NC(C(=O)O*)C)C,tg,46.0,48.27047764108044,48.052392510051604,47.125593463632235,47.81615453825476
*Nc1cc(ccc1)NC(=O)c1ccc(cc1)C(=O)Nc1cc(ccc1)NC(=S)NC(=O)CCCCCCCCC(=O)NC(=S)*,tg,248.0,234.49954999193267,228.098067344296,225.50318411992552,229.36693381871805
*c1sc(cc1SCCCCCCCCCCCC)c1sc(c(c1)SCCCCCCCCCCCC)c1ccc(cc1)*,tg,60.35,38.59771779714519,20.89272908328809,39.2724856221752,32.92097750086949
*C(CC*)(C)C,tg,10.97,-28.97812109710572,-12.0450826936532,0.2993361777953464,-13.574622537654525
*c1nc2c(c(c1)c1ccccc1)cc(cc2)C1(c2ccccc2c2ccccc12)c1cc2c(nc(cc2c2ccccc2)c2ccc(cc2)c2ccc(cc2)*)cc1,tg,380.0,359.3036375371367,371.0906257159892,365.585935208441,365.3267328205223
*c1cc2c(C(=O)N(C2=O)c2ccc(cc2)Oc2cc3c(cc2)ccc(c3)Oc2ccc(cc2)N2C(=O)c3c(C2=O)cc(cc3)C(=O)Nc2ccc(cc2)Cc2ccc(cc2)NC(=O)*)cc1,tg,273.0,265.10545137547905,265.8170937822151,255.67457939010288,262.1990415159324
*C(=C(*)Cl)CCCC,tg,190.0,123.02052387192137,115.791809086354,103.67583696221728,114.16272330683087
*N1C(=O)C(CC1=O)Nc1ccc(cc1)NC1C(=O)N(C(=O)C1)c1ccc(cc1)C(=O)Oc1c(cc(cc1C)C(c1cc(c(c(c1)C)OC(=O)c1ccc(cc1)*)C)c1cnccc1)C,tg,212.0,205.29213981963653,214.04519349295202,212.19212134259087,210.50981821839312
*C(C(*)(F)F)(c1c(c(c(c(c1F)F)F)F)F)F,tg,194.0,132.6754557152875,110.8039737901205,163.15610434353496,135.54517794964764
*c1nc2c(c(c1c1ccccc1)c1ccccc1)cc(cc2)Oc1cc2c(nc(c(c2c2ccccc2)c2ccccc2)c2ccc(cc2)*)cc1,tg,345.0,302.8918152769843,305.6036120414419,303.27347453210393,303.92296728351005
*Oc1ccc(cc1)C(c1ccc(cc1)OC(=O)CCCCCCCCC(=O)*)(CC)c1ccccc1,tg,88.0,81.6612566881675,80.64253972992366,64.07909059161814,75.46096233656976
*Oc1cc(ccc1)NC(=O)c1cc(ccc1)C(=O)Nc1cc(ccc1)OCCCCCCCC*,tg,117.0,111.57212227120093,111.84339708709705,106.69838531311444,110.03796822380413
*C1C2C(C(=O)N(C2=O)c2cc(ccc2)Cl)C(C1)C=C*,tg,204.8,217.51822419129883,205.61338961719474,220.1756662238296,214.4357600107744
*OC(=O)Nc1ccc(cc1)Cc1ccc(cc1)NC(=O)OCCCCC*,tg,95.0,74.12982368422442,78.41577214769019,71.85359477756572,74.79973020316011
*Nc1cc(ccc1)NC(=O)c1ccc(cc1)C(=O)Nc1ccc(cc1)C(=O)NC(=S)*,tg,273.0,270.65580093696093,284.7473392272292,289.3363484527155,281.57982953896857
*Nc1ccc(cc1)Cc1ccc(cc1)NC(=O)c1cc(ccc1)C(=O)*,tg,264.6,266.63224541801867,261.30399415055905,266.53361803221463,264.8232858669308
*NNC(=O)C=CC(=O)NCCCCCCNC(=O)C=CC(=O)*,tg,102.4,90.44924058519908,82.33548155946619,79.74961783529685,84.17811332665404
*C(C*)n1c2ccccc2c2ccccc12,tg,210.47,223.1235284794278,216.323463425935,199.72751762176281,213.05816984237518
*C(C*)c1cc(ccc1)C,tg,74.83,96.26327997589944,93.99638767788704,107.101796970332,99.1204882080395
*Oc1cc(c(cc1)CCc1ccc(cc1)OCCCCCCCCCCC*)C,tg,3.9,-3.6907646641386265,0.6617712226625656,-1.9051964750600952,-1.6447299721787187
*N1C(=O)c2c(C1=O)cc(cc2)C(=O)Oc1ccc(cc1)c1ccc(cc1)OC(=O)c1cc2c(C(=O)N(C2=O)CCCOCCCCOCCC*)cc1,tg,70.0,83.3727476149163,80.68226934593699,88.15249281377264,84.06916992487531
*Oc1ccc(cc1)C(=O)c1cc(ccc1)NC(=O)CCCCCCCCC(=O)Nc1ccc(cc1)C(=O)c1ccc(cc1)*,tg,148.0,161.41663301846788,171.30175746190443,166.42615968841767,166.38151672293
*Oc1c(c2c(cc1)cccc2)Sc1c2c(ccc1OCC(=O)Nc1ccc(cc1)NC(=O)C*)cccc2,tg,268.0,230.7178223632693,237.0478717676249,219.74291228899963,229.16953547329794
*OP(=O)(OCCCCCCCCCCOc1ccc(cc1)C=Cc1ccc(cc1)OCCCCCCCCCC*)OCCCCCCCCCCOc1ccc(cc1)N=Nc1ccc(cc1)C#N,tg,60.0,56.87293093430508,51.03014100933575,55.108466960510334,54.33717963471705
*c1nc2c([nH]1)ccc(c2)NC(=O)c1ccc(cc1)OCCOCCOCCOCCOCCOc1ccc(cc1)C(=O)Nc1ccc(cc1)*,tg,125.0,132.35554362072955,131.41905758739247,143.5787394934939,135.78444690053865
*OC(C(*)(F)F)(F)F,tg,-48.0,-23.160228217735575,9.368145365667147,-7.60466769975723,-7.132250183941886
*Oc1ccc(cc1)Oc1ccc(cc1)NC(=C(C#N)C#N)c1cc(ccc1)C(=C(C#N)C#N)Nc1ccc(cc1)*,tg,228.0,240.78377007065004,228.65964756326943,236.8130783970699,235.4188320103298
*N1C(=O)c2c(C1=O)cc(cc2)Oc1cc2c(C(=O)N(C2=O)c2cc(ccc2)C(C(C(C(C(c2cc(ccc2)*)(F)F)(F)F)(F)F)(F)F)(F)F)cc1,tg,138.5,180.02093752316455,189.90611433140018,184.1486673186925,184.69190639108578
*c1ccc2c(nc([nH]2)c2cc(ccc2)c2nc3c([nH]2)ccc(c3)C(=O)Nc2cc(cc(c2)c2nc3c([nH]2)cccc3)NC(=O)*)c1,tg,315.0,302.98359488928793,324.1011955625322,316.3313470053897,314.47204581906993
*C(C*)c1c(ccc(c1)Br)OCCC,tg,54.0,49.5225905190495,67.92972284515564,56.22889178039198,57.89373504819904
*c1oc(cc1)CNC(=O)OC(COC(=O)NC*)c1occc1,tg,30.0,70.59712905392443,57.15935292120099,75.46547460115674,67.74065219209406
*N=P(*)(Oc1ccc(cc1)C(C)C)Oc1ccc(cc1)C(C)C,tg,0.0,14.939988028242311,-0.003007105327867521,29.780528166495344,14.905836363136595
*C(C(*)(F)F)(OC(C(F)(F)F)(F)F)F,tg,29.0,0.5755793752481129,12.17262932326939,12.639352452558132,8.46252038369188
*N1C(=O)c2c(C1=O)cc(cc2)Oc1cc2c(C(=O)N(C2=O)c2ccc(cc2)c2nc(cc(c2)c2ccc(cc2)OCCCC#N)c2ccc(cc2)*)cc1,tg,315.0,292.1463959753315,292.44819653192747,273.5884449035834,286.0610124702808
*c1c([nH]c(n1)c1ccc(cc1)c1[nH]c(c(n1)c1ccc(cc1)Oc1ccc(cc1)C(=O)c1cc2c(cc1)cc(cc2)C(=O)c1ccc(cc1)Oc1ccc(cc1)*)c1ccccc1)c1ccccc1,tg,281.0,283.5421706588488,283.0644554132614,282.73545523427174,283.1140271021273
*Oc1cc(ccc1)S(=O)(=O)c1ccc(cc1)*,tg,170.0,182.33136145626634,178.8548473820956,162.82701480251208,174.671074546958
*Oc1cc2c(cc1)ccc(c2)Oc1ccc(cc1)C(=O)Nc1ccc(cc1)Oc1ccc(cc1)C(c1ccc(cc1)C(c1ccc(cc1)Oc1ccc(cc1)NC(=O)c1ccc(cc1)*)(C)C)(C)C,tg,166.0,161.99011244153303,155.32144494324078,170.38471333666948,162.56542357381443
*C(C*)C(=O)OCCCCCCCOC(=O)c1ccc(cc1)OC(=O)c1ccc(cc1)C#N,tg,20.0,26.553850099715156,23.470981814746253,24.21973002413035,24.74818731286392
*C(C*)C(=O)Oc1c(cccc1)Cl,tg,146.33,68.39163324505901,71.50148524826865,76.56151595629349,72.15154481654038
*c1nc2c(n1c1ccc(cc1)n1c(nc3c1cccc3)c1ccc(cc1)Oc1ccc(cc1)C(=O)c1ccc(cc1)C(=O)c1ccc(cc1)Oc1ccc(cc1)*)cccc2,tg,238.0,270.21343164996586,267.4047996774194,283.90758699600457,273.8419394411299
*C1COC2C1OCC2OC(=O)CNC(=O)CNC(=O)CCCCCCCCC(=O)NCC(=O)NCC(=O)O*,tg,47.0,74.85666725878608,52.553222649533765,68.30556916999106,65.23848635943698
*C1C(=O)N(C(=O)C1*)c1ccc(cc1)O[Si](CC)(CC)CC,tg,165.0,122.39073429962585,163.44030529336754,127.74718500777672,137.8594082002567
*S(=O)(=O)c1cc(ccc1)NC(=O)CCCCCCCCCCC(=O)Nc1cc(ccc1)*,tg,107.0,85.2876999688422,109.20159537448194,91.26798750903767,95.25242761745393
*c1sc(nn1)c1ccc(cc1)C(=O)OCCCCCCCCCCCCOC(=O)c1ccc(cc1)*,tg,68.0,73.30560992965195,72.83664277040883,73.62363278149586,73.25529516051888
*c1cc2c(C(=O)N(C2=O)c2cc(ccc2)C(=O)Nc2ccc(cc2)Oc2ccc(cc2)C(c2ccc(cc2)Oc2ccc(cc2)NC(=O)c2cc(ccc2)N2C(=O)c3c(C2=O)cc(cc3)C(*)(C(F)(F)F)C(F)(F)F)(C(F)(F)F)C(F)(F)F)cc1,tg,266.0,267.6837850258669,267.3499598069342,252.3349196072032,262.45622148000143
*OP(=O)(Oc1c2c(ccc1)c(ccc2)*)OC1CCCCC1,tg,134.0,131.42745850216275,109.39942553298748,117.12681841301026,119.3179008160535
*N(CCC*)C(=O)C(C(C(C(C(C(C(F)(F)F)(F)F)(F)F)(F)F)(F)F)(F)F)(F)F,tg,25.0,35.82776426879159,34.91090814744861,18.054510623666317,29.59772767996884
*c1cc2c(C(=O)N(C2=O)c2cc(c(cc2)c2c(cc(cc2)N2C(=O)c3c(C2=O)cc(cc3)C(=O)*)C)C)cc1,tg,385.0,324.56768420945247,316.2216193131044,330.16052041303476,323.64994131186387
*O[Si](OCCOc1ccc(cc1)C1(c2ccccc2c2ccccc12)c1ccc(cc1)OCC*)(c1ccccc1)c1ccccc1,tg,97.0,122.06152926669353,100.66611719114672,114.55604059571786,112.42789568451936
*Oc1ccc(cc1)C(c1ccc(cc1)OCC(COC(=O)C1CCC(CC1)C(=O)OCC(C*)O)O)(C)C,tg,70.0,74.20055928825893,67.13143093184932,82.69712759942281,74.67637260651036
*O[Si](CCCN=C1C(=CC(=NCCC[Si](*)(C)C)C(=C1)O)O)(C)C,tg,-25.71,17.106829477376895,1.159462595102184,8.237793458883957,8.834695177121011
*C(C*)(C(=O)OCCCCCCCCCCCCOc1ccc(cc1)C(=O)Oc1ccc(cc1)c1cc(ccc1)OC(=O)c1ccc(cc1)OC(=O)c1ccc(cc1)OCCCCCCCCCCCC)C,tg,74.5,60.51615299297563,50.89746314834785,60.112585833937786,57.175400658420415
*OC(=O)OCC(=C)COCC(=C)C*,tg,70.5,34.24721079592207,5.392656655467761,55.15752897437197,31.599132141920602
*C(C*)(C(=O)OCc1ccc2n(c3c(c2c1)cccc3)CC)C,tg,131.14,136.54951766513395,121.30619187343666,133.4194895523561,130.42506636364226
*N1C(=O)c2c(C1=O)cc(cc2)Oc1cc(ccc1)Oc1cc2c(C(=O)N(C2=O)c2cc(ccc2)*)cc1,tg,224.0,209.5165976158661,212.16047794402263,212.71840339709482,211.46515965232786
*c1nc(ccc1)c1cc(c(cc1)Oc1ccc(cc1)Sc1ccc(cc1)Oc1c(cc(cc1)*)C(F)(F)F)C(F)(F)F,tg,144.5,132.64164404181034,141.23583373277336,141.9057863404777,138.5944213716871
*C1(C(=O)N(C(=O)C1)c1ccccc1)C*,tg,236.0,202.27340883694328,212.46150959266453,206.78941328414646,207.17477723791808
*OC(=O)c1ccc(cc1)C(=O)OCC(CS(=O)(=O)CC(C*)(C)C)(C)C,tg,105.0,68.1805335058663,68.84974783021916,68.23767782870839,68.42265305493129
*OC(=O)c1ccc(cc1)c1ccc(cc1)c1ccc(cc1)C(=O)OCCCCC*,tg,40.0,114.42571371035815,105.03651843431648,102.54376117431579,107.33533110633014
*OC(=O)NCc1ccc(cc1)CNC(=O)OCCCCCC*,tg,56.0,58.01924369392073,59.8565702772281,43.42218361700434,53.76599919605106
*OCC(C*)(CCl)CCl,tg,11.38,-11.580631006646538,-8.506183466959698,-21.387259659584856,-13.824691377730366
*Oc1ccc(cc1)OC(=O)CCCCC(=O)*,tg,90.0,48.537136735697004,40.71116848370285,53.12673287004711,47.45834602981565
*C(C(CCCCCCCCCCC*)c1ccc(cc1)O)c1c(cc(cc1)O)C,tg,4.0,-4.97172508511053,-5.32124638669211,-6.320045797401905,-5.537672423068183
*Oc1c(cc(cc1C)C1(c2ccccc2c2ccccc12)c1cc(c(c(c1)C)Oc1ccc(cc1)C(=O)c1cc(ccc1)C(=O)c1ccc(cc1)*)C)C,tg,229.0,239.70915432730968,245.06761330867522,239.5809078836352,241.45255850654004
*C(C*)O,tg,76.98,52.41617441392929,58.55298173758928,61.633905120344124,57.53435375728757
*c1n(c(nn1)c1ccc(cc1)Oc1ccc(cc1)C(c1ccc(cc1)Oc1ccc(cc1)*)(C)C)c1ccc(cc1)S(=O)(=O)C,tg,230.0,205.4895967931791,209.0138624572989,208.24825891238274,207.5839060542869
*Oc1ccc(cc1)Nc1ccc(cc1)C(=O)c1ccc(cc1)C(=O)c1ccc(cc1)Nc1ccc(cc1)*,tg,215.0,166.50269960968006,179.35360270334812,173.06103482458542,172.9724457125379
*Oc1cc(ccc1)NC(=O)CCCCCC(=O)Nc1ccc(cc1)*,tg,130.0,155.2471864339089,159.83100433179916,162.96952226495458,159.34923767688755
*OC(=O)C=CC(=O)NCCCCCCNC(=O)C=CC(=O)OCCOCCOCC*,tg,65.0,44.95105593551319,49.28143157067318,53.87066748604725,49.36771833074454
*Oc1ccc(cc1)CC(NC(=O)Cc1ccc(cc1)OC(=O)CCCCCCC(=O)*)C(=O)OCC,tg,54.0,52.27563385640866,45.27146383546473,60.138676244910705,52.5619246455947
*OC(=O)c1c(cccc1)C(=O)OCCOCC*,tg,-50.0,26.434965829480337,20.29093944797019,51.091001364619586,32.605635547356705
*C1COC2C1OCC2OC(=O)c1oc(cc1)C(=O)O*,tg,188.5,127.4204310176328,109.87499882837704,103.15767160217204,113.48436714939396
*C(C(CC*)C(=O)OC)C(=O)OC,tg,31.2,36.50648182185529,34.12349728040357,8.60806841169186,26.41268250465024
*c1nc2c(nc1c1ccc(cc1)OC(=O)c1cc(ccc1)C(=O)Oc1ccc(cc1)*)cccc2,tg,245.0,234.01653559086608,252.2743927315717,237.59538650188296,241.2954382747736
*c1cc2c(C(=O)N(C2=O)c2c(cc(cc2)c2cc(c(cc2)N2C(=O)c3c(C2=O)cc(cc3)C(*)(C(F)(F)F)C(F)(F)F)OCCN(c2ccc(cc2)C(=C(C#N)C#N)C#N)CC)OCCN(c2ccc(cc2)C(=C(C#N)C#N)C#N)CC)cc1,tg,222.0,160.86398384979762,199.0686644113132,166.97854975715302,175.63706600608793
*N1C(=O)c2c(C1=O)c(ccc2)Oc1ccc(cc1)C(c1ccc(cc1)Oc1c2c(C(=O)N(C2=O)c2c(cc(cc2)Oc2ccc(cc2)Oc2cc(c(cc2)*)C)C)ccc1)(C)C,tg,222.0,234.19188403300782,237.819186984152,237.06666956609953,236.35924686108646
*OP(=O)(OCCCCCCCCOc1c(cc(cc1)C=C1C(=O)C(=Cc2cc(c(cc2)OCCCCCCCC*)OC)CC1)OC)OCC,tg,62.0,49.712138017257786,56.23034782762946,53.83047094747927,53.25765226412218
*NC(=O)CCCCCCCC*,tg,44.29,47.996011150448865,48.613295870051175,58.599585452842966,51.736297491114335
*N1C(=O)c2c(C1=O)cc(cc2)c1cc2c(C(=O)N(C2=O)c2cc(cc(c2)C(F)(F)F)Oc2c(cc(cc2C)c2cc(c(c(c2)C)Oc2cc(cc(c2)C(F)(F)F)*)C)C)cc1,tg,281.1,275.6276147695563,273.3256876221486,263.60407536545654,270.8524592523872
*OC(C(C(*)(F)F)(F)F)(F)F,tg,-109.82,-27.87701666161875,-13.405655774787931,-29.152928712866885,-23.478533716424522
*N1C(=O)c2c(C1=O)cc(cc2)Oc1ccc(cc1)C(c1ccc(cc1)Oc1cc2c(C(=O)N(C2=O)c2ccc(cc2)N(c2ccc(cc2)*)c2ccc(cc2)C#N)cc1)(C(F)(F)F)C(F)(F)F,tg,234.0,252.82740056039768,256.42214458505464,249.8387685954817,253.02943791364467
*S(=O)(=O)c1ccc(cc1)Nc1ccc(cc1)C1(c2ccccc2c2ccccc12)c1ccc(cc1)Nc1ccc(cc1)*,tg,221.0,270.69000769485575,275.51820294188406,260.3233375365433,268.84384939109435
*Oc1cc(c(cc1)c1c(cc(cc1)OC(=O)c1ccc(cc1)Oc1ccc(cc1)C1(CCC(CC1)C(C)(C)C)c1ccc(cc1)Oc1ccc(cc1)C(=O)*)C)C,tg,163.0,178.03965693283925,181.6480266306583,167.78068539140872,175.82278965163542
*c1nc2c(nc1c1ccccc1)cc(cc2)c1cc2c(nc(c(n2)c2ccc(cc2)Oc2ccc(cc2)*)c2ccccc2)cc1,tg,292.5,328.34208048890804,324.4647432280203,325.4550735541858,326.0872990903714
*c1cc2c(C(=O)N(C2=O)c2ccc(cc2)C(=O)Nc2cc(ccc2)Oc2ccc(cc2)S(=O)(=O)c2ccc(cc2)Oc2cc(ccc2)NC(=O)*)cc1,tg,235.0,230.97572739706467,243.52239176595987,209.6547313882724,228.05095018376565
*NC1CC(CC(C1)(CNC(=O)CCCCC(=O)*)C)(C)C,tg,149.72,121.72276790132376,111.19766192877098,118.69465012147033,117.20502665052169
*N1C(=O)c2c(C1=O)cc(cc2)Oc1ccc(cc1)C1(CCC(CC1)c1ccccc1)c1ccc(cc1)Oc1cc2c(C(=O)N(C2=O)c2ccc(cc2)Cc2ccc(cc2)*)cc1,tg,232.0,225.76587523183102,233.9402832786479,231.87781907388825,230.52799252812238
*C(C*)c1cc(c(cc1)Cl)F,tg,122.0,129.92585105241267,129.1213359634129,142.95857471186895,134.00192057589817
*N=P(*)(OCC(C(F)(F)F)(F)F)OCC(C(F)(F)F)(F)F,tg,-65.0,-46.20331104423141,-60.39095855377025,-42.66035223570755,-49.75154061123641
*OC(=O)c1ccc(cc1)c1ccc(cc1)C(=O)OCCOCCOCCOCC*,tg,4.0,12.417197876374276,16.24453722822713,8.07449282244381,12.245409309015072
*N1C(=O)c2c(C1=O)cc(cc2)c1cc2c(C(=O)N(C2=O)c2cc(c(cc2)c2c(cc(cc2)*)C(F)(F)F)C(F)(F)F)cc1,tg,289.25,331.21923034520455,315.94548360848387,328.57506361179156,325.24659252182664
*Oc1ccc(cc1)C(c1ccc(cc1)OC(=O)c1cc(cc(c1)NC(=O)c1ccc(cc1)NC(=O)C(N1C(=O)c2c(C1=O)cccc2)C)C(=O)*)(C)C,tg,238.0,209.4088672117184,197.5891918679975,207.41252966173653,204.8035295804841
*C1COC2C1OCC2OC(=O)c1cc(ccc1)OCCCCCCCCCCOc1cc(ccc1)C(=O)O*,tg,28.25,30.28204947366855,24.436654550932843,26.856268526257704,27.191657516953033
*OP(=O)(Oc1ccc(cc1)c1ccc(cc1)*)OC1CCCCC1,tg,116.0,133.73612653466768,101.71638634735955,132.43029620157546,122.62760302786756
*Oc1ccc(cc1)c1ccc(cc1)OCCCCCCOC(=O)Nc1c(cc(cc1)NC(=O)OCCCCCC*)C,tg,85.4,86.33838098452428,75.38419484607553,86.53683735383267,82.75313772814415
*NNC(=O)c1cc(cc(c1)NC(=O)c1cc2c(C(=O)N(C2=O)c2ncc(cc2)C)cc1)C(=O)NNC(=O)CCCC(=O)*,tg,131.5,158.58054797784328,146.70934695527234,164.82609738355544,156.70533077222368
*N1C(=O)c2c(C1=O)cc(cc2)Oc1cc2c(C(=O)N(C2=O)c2c(cc(cc2C)C(c2cc(c(c(c2)C)*)C)c2cc(ccc2)C(F)(F)F)C)cc1,tg,264.1,279.7035036865851,277.69992251113706,287.50078040217403,281.63473553329874
*N1C(=O)c2c(C1=O)cc(cc2)Oc1c(cc(cc1C)C(c1cc(c(c(c1)C)Oc1cc2c(C(=O)N(C2=O)c2cc(c(cc2)c2c(cc(cc2)*)C(F)(F)F)C(F)(F)F)cc1)C)(C)C)C,tg,262.0,269.4036604127144,271.09555390663513,266.050924182449,268.85004616726616
*Oc1ccc(cc1)C(c1ccc(cc1)OCC(COC(=O)CCCCCCCCCCC(=O)OCC(C*)O)O)(C)C,tg,25.0,23.389646643147632,29.373042710966516,28.618442663975888,27.127044006030008
*c1cc2c(C(=O)N(C2=O)c2ccc(cc2)C(=O)Nc2ccc(cc2)C(=O)OCCCCCOC(=O)*)cc1,tg,129.0,117.59236857194894,126.32640085825358,135.3635660827298,126.42744517097744
*Oc1ccc(cc1)OC(=O)c1c(cc(c(c1)OCCCCCCCOCC1N(CCC1)c1ccc(cc1)[N+](=O)[O-])C(=O)*)OCCCCCCCOCC1N(CCC1)c1ccc(cc1)[N+](=O)[O-],tg,50.0,49.29154336758409,57.64452997028144,63.31100449728381,56.74902594504979
*N1C(=O)c2c(C1=O)cc(cc2)Oc1c(cc(cc1C)C(c1cc(c(c(c1)C)Oc1cc2c(C(=O)N(C2=O)c2ccc(cc2)Oc2c(cc(cc2)Oc2ccc(cc2)*)C(C)(C)C)cc1)C)(C)C)C,tg,244.0,261.5621464936739,253.58093268806599,247.92044135793216,254.35450684655734
*C(C*)(C(=O)Oc1ccc(cc1)CC#N)C,tg,128.0,86.65418165039384,80.05315135181529,83.61168827060851,83.43967375760587
*OP(=O)(Oc1ccc(cc1)S(=O)(=O)c1ccc(cc1)*)Oc1ccc(cc1)Br,tg,89.0,93.84485279867023,101.70832219900242,92.3425961199799,95.96525703921752
*Oc1cc(ccc1)Oc1ccc(cc1)C(=O)c1ccc(cc1)*,tg,123.0,139.86344335926427,132.09551888155656,122.03259464217771,131.3305189609995
*C(C*)OC(=O)c1ccc(cc1)OC(=O)CC,tg,71.5,58.764119481710686,53.47090265149167,65.19084147569872,59.141954536300354
*OCC(C*)(CSCC)CSCC,tg,-32.0,-21.57272611604899,-18.440455052175196,-10.988896094101475,-17.00069242077522
*c1sc(cc1CCCCCC)*,tg,23.47,24.006931780658988,25.395937713917405,33.88013280367343,27.761000766083274
*Oc1ccc(cc1)CC(NC(=O)Cc1ccc(cc1)OC(=O)CCC(=O)*)C(=O)OCCCCCC,tg,59.0,67.07784866601887,61.62993619462564,61.92097920106704,63.54292135390384
*c1c2C(=O)N(C(=O)c2c(c2ccccc12)c1ccc(cc1)Oc1ccc(cc1)S(=O)(=O)c1ccc(cc1)Oc1ccc(cc1)*)C,tg,314.0,293.8537927529238,289.4988971789753,287.27910817962896,290.2105993705093
*Oc1cc(ccc1)OCC(COc1ccc(cc1)C(c1ccc(cc1)OCC(C*)O)(C)C)O,tg,83.0,79.22614864435675,72.07679384337231,80.42968012714458,77.24420753829122
*C(C*)C(=O)c1ccc(cc1)Br,tg,101.5,105.60890417896421,101.15470877159804,108.67076553202041,105.14479282752755
*C(C*)c1c(ccc(c1)C(=O)Oc1ccc(cc1)OCCCCCCCCCCCCCC)C(=O)Oc1ccc(cc1)OCCCCCCCCCCCCCC,tg,104.0,100.1021454336266,98.94698386531844,97.92789007969706,98.99233979288071
*OC(=O)NC1CC(CC(C1)(CNC(=O)OCCN(CC*)c1ccc(cc1)C=C(C#N)C#N)C)(C)C,tg,141.0,77.32831152271409,96.86985382666076,78.86807414574875,84.3554131650412
*NC(=O)CCCCCCCCCCCCCCCCC(=O)NCCCCCCCCCCCCCCCCCC*,tg,50.0,41.774711658550196,41.87506907140262,41.58237106711824,41.74405059902369
*OCC(C*)(CS(=O)(=O)CC)CS(=O)(=O)CC,tg,84.0,31.289496386365364,31.079847653049953,38.40117217329473,33.59017207090335
*OC(CC*)C,tg,-50.0,-63.39241385895072,-59.55307476785171,-69.01164704469093,-63.98571189049778
*N1C(=O)c2c(C1=O)c(ccc2)c1cc2c(C(=O)N(C2=O)c2cc(c(cc2)c2c(cc(cc2)*)C)C)cc1,tg,372.0,361.0288310598824,370.2541418108335,374.2026168318106,368.4951965675088
*N1C(=O)c2c(C1=O)cc(cc2)Oc1cc2c(C(=O)N(C2=O)c2ccc(cc2)C(c2ccc(cc2)*)(c2ccccc2)C(F)(F)F)cc1,tg,293.0,282.3405985725409,284.0651916046953,288.98844166638594,285.1314106145407
*Oc1ccc(cc1)S(=O)(=O)c1ccc(cc1)Oc1c(cc(cc1C)C(c1cc(c(c(c1)C)*)C)(C)C)C,tg,233.29,228.02074690313577,221.52650075061513,216.65378371351537,222.06701045575542
*NC(C(=O)*)CCC(=O)OCCCCCC,tg,-48.33,-24.31931178460372,-27.515413814114424,-24.739669189194828,-25.52479826263766
*OS(=O)(=O)c1c(ccc(c1)S(=O)(=O)Oc1ccc(cc1)C1(CCCC1)c1ccc(cc1)*)C,tg,134.0,144.16675845020265,171.28111820181735,163.93844392139948,159.79544019113982
*c1oc2c(n1)cc(cc2)S(=O)(=O)c1cc2c(oc(n2)C2CCC(CC2)*)cc1,tg,296.0,254.67908194516005,268.04620382037695,261.51789938995574,261.4143950518309
*N1C(=O)c2c(C1=O)cc(cc2)c1ccc(cc1)c1cc2c(C(=O)N(C2=O)CCCCCCCC*)cc1,tg,120.0,137.12299767517248,137.22538799066396,153.62406609168053,142.65748391917234
*Oc1c(cc(cc1C)C(c1cc(c(c(c1)C)OC(=O)CCCCC(=O)*)C)(C)C)C,tg,93.0,85.66723461334684,92.27411192587552,95.79002785725667,91.24379146549302
*c1cc2c(C(=O)N(C2=O)c2c(ccc(c2)c2cc(c(cc2)O)N2C(=O)c3c(C2=O)cc(cc3)C(*)(C(F)(F)F)C(F)(F)F)O)cc1,tg,350.0,326.01287771059845,315.5675851269004,323.2414718093845,321.6073115489611
*Oc1ccc(cc1)S(=O)(=O)c1ccc(cc1)Oc1ccc(cc1)C(c1ccc(cc1)OCCCCOc1ccc(cc1)C(c1ccc(cc1)*)(C)C)(C)C,tg,140.0,140.06652758404778,128.19017858037742,126.30123266796167,131.51931294412896
*N1C(=O)C2C(C1=O)C(=CC(C2)C1C(=O)N(C(=O)C1)c1ccc(cc1)*)C,tg,327.0,237.262065368854,268.7240425271837,242.49507676300084,249.4937282196795
*c1cc2c(C(=O)N(C2=O)c2cc(cc(c2)c2oc3c(n2)cccc3)N2C(=O)c3c(C2=O)cc(cc3)C(=O)Nc2nc(ccc2)NC(=O)*)cc1,tg,365.0,273.0358638055295,281.72873217247775,282.5462281265268,279.1036080348447
*N(c1ccc(cc1)c1cc2ccc3c(c2cc1c1ccc(cc1)*)cccc3)c1ccc(cc1)C,tg,126.0,296.18658039222817,261.7730951596595,325.06888493340057,294.34285349509605
*OC(=O)c1ccc(cc1)C(=O)OCC(C*)(C)C,tg,68.0,54.310042229212144,65.19135363568805,52.84563932952754,57.44901173147591
*Oc1ccc(cc1)NC(=O)c1c(cccc1)OCC(COc1ccc(cc1)C(c1ccc(cc1)OCC(C*)O)(C)C)O,tg,121.0,121.74289037828565,116.85548949614106,118.53796460959724,119.04544816134131
*Nc1cc(cc(c1)C(=O)OCCN(c1ccc(cc1)C#N)C)NC(=O)c1cc(cc(c1)OCCN(c1ccc(cc1)C#N)C)C(=O)*,tg,167.0,160.8126653445095,161.30202475118324,184.483340860775,168.86601031882256
*OCCCNC(=O)c1ccc(cc1)C(=O)NCCC*,tg,72.0,118.84232895501974,100.88167444859931,110.97072154098727,110.23157498153545
*C1C2C(C(=O)N(C2=O)c2c(cccc2)C)C(C1)C=C*,tg,248.0,233.3786868180736,242.25022249645593,238.34455522275096,237.99115484576018
*Oc1ccc(cc1)OCC(COC(=O)CCCCCCCCCCC(=O)OCC(C*)O)O,tg,10.0,11.677552172294094,13.5307416522202,21.852641606602365,15.686978477038886
*N1C(=O)C(CC1=O)(SCCOCCSC1(C(=O)N(C(=O)C1)c1ccc(cc1)Cc1ccc(cc1)N1C(=O)C(C(C1=O)C)SCCOCCSC1C(=O)N(C(=O)C1C)c1ccc(cc1)Cc1ccc(cc1)*)C)C,tg,105.0,145.43027286146832,153.39629046607297,146.5499015076637,148.45882161173498
*c1c(c(cc(c1)N=Nc1ccc(cc1)OC)*)O,tg,134.0,174.73265692320496,156.7556590122422,166.6460656965543,166.04479387733383
*c1cc2c(C(=O)N(C2=O)c2ccc(cc2)C(=O)c2ccc(cc2)C(=O)c2ccc(cc2)N2C(=O)c3c(C2=O)cc(cc3)C(=O)c2ccc(cc2)C(=O)*)cc1,tg,260.0,259.2469466799982,264.24556185523664,245.77702941416334,256.4231793164661
*c1cc2c(C(=O)N(C2=O)c2c(cc(cc2C)c2cc(c(c(c2)C)N2C(=O)c3c(C2=O)cc(cc3)C(=O)Oc2c(cc(cc2C)C(c2cc(c(c(c2)C)OC(=O)*)C)(C(F)(F)F)C(F)(F)F)C)C)C)cc1,tg,327.0,274.3204797803368,272.1619269434129,270.21868319226627,272.233696638672
*C(C*)(C(=O)OCCCCCCCCCCOc1ccc(cc1)OC(=O)c1ccc(cc1)OCCCC)C,tg,31.0,24.306396921605327,31.353895255363653,29.381731307110588,28.347341161359854
*Oc1ccc(cc1)N1ON1c1ccc(cc1)OCCCCCCOC(=O)C(C(=O)OCCCCCC*)CCCCCCCCCCBr,tg,16.0,10.656951845432925,10.650201160857023,10.797294757928459,10.701482588072802
*C1=C(C(=O)N(C1=O)CCCCCCCC)c1ccc(cc1)c1cc2C(c3c(c2cc1)ccc(c3)c1ccc(cc1)*)(CCCCCC)CCCCCC,tg,122.0,127.63727059546885,129.62693204492598,120.99422979057063,126.08614414365515
*c1c2C(=O)N(C(=O)c2c(c2ccccc12)c1ccc(cc1)Oc1c(cc(cc1)c1ccc(cc1)c1cc(c(cc1)Oc1ccc(cc1)*)C(F)(F)F)C(F)(F)F)c1ccccc1,tg,317.0,271.1771550928928,273.2071366970108,267.77526058328874,270.7198507910641
*c1ccc(cc1)C=C1C(=O)C(=Cc2ccc(cc2)C(=O)c2cc(ccc2)C(=O)*)CC1,tg,190.0,165.29321559379397,183.5940359721225,183.54231912724714,177.4765235643879
*Oc1ccc(cc1)C(=O)c1ccc(cc1)OC(=O)c1ccc(cc1)C(c1ccc(cc1)C(=O)*)(C)C,tg,126.0,194.50078856194935,188.30932729070594,193.46709372318927,192.09240319194816
*OC(=O)OCC(CS(=O)(=O)CC(C*)(C)C)(C)C,tg,50.0,73.5259938174769,57.31158880086058,62.85455858231896,64.56404706688548
*Oc1ccc(cc1)/C(=C/c1ccc(cc1)OCCOCCOCC*)/C,tg,15.33,28.14624390023917,24.352498532193266,31.48944797529568,27.996063469242703
*C1COC2C1OCC2Oc1ccc(cc1)NC(=O)c1cc(ccc1)C(=O)Nc1ccc(cc1)O*,tg,108.33,190.60368760398674,194.0638928329044,212.60805508054023,199.09187850581046
*c1c(c2c(C(=O)N(C2=O)c2ccc(cc2)Oc2ccc(cc2)N2C(=O)c3c(C2=O)c(c(cc3)C(=O)*)OCc2c(cccc2)[N+](=O)[O-])cc1)OCc1c(cccc1)[N+](=O)[O-],tg,198.0,240.39563996169727,229.94834417421225,246.4179082759096,238.92063080393973
*c1cc2c(C(=O)N(C2=O)c2cc(ccc2)C(=O)Nc2ccc(cc2)Oc2ccc(cc2)NC(=O)c2cc(ccc2)N2C(=O)c3c(C2=O)cc(cc3)C(*)(C(F)(F)F)C(F)(F)F)cc1,tg,298.0,272.07661150832917,276.99808631453106,275.0608475489651,274.71184845727515
*Nc1c(cc(c(c1)[N+](=O)[O-])NC(=O)CCCCCCCCC(=O)*)C=Cc1ccc(cc1)N(C)C,tg,159.0,172.20433707546368,161.6735092352768,172.58286012862388,168.82023547978812
*Oc1c(cc(cc1)Oc1ccc(cc1)C(=O)c1ccc(cc1)*)c1cc(cc(c1)C(F)(F)F)C(F)(F)F,tg,146.0,171.92329285648356,173.98636352064418,191.45947341022358,179.12304326245044
*Oc1ccc(cc1)C(c1ccc(cc1)OC(=O)c1cc(ccc1)C(=O)*)(C)C,tg,166.08,163.2583696006841,162.51445570881572,163.38949461847469,163.05410664265818
*Nc1ccc(cc1)c1ccc(cc1)NC(=O)Cc1c(cc(c(c1)CC(=O)*)C)C,tg,230.0,212.43284668204868,222.1320572521131,206.83394637220815,213.79961676878997
*c1oc2c(n1)cc(cc2)NC(=O)CCCCC(=O)Nc1cc2c(oc(n2)CCCCCCCC*)cc1,tg,87.2,134.8167095346106,111.84976788123839,132.69406410141872,126.45351383908924
*Oc1ccc(cc1)NC(=O)c1ccc(cc1)Oc1ccc(cc1)C(c1cc(ccc1)C(c1ccc(cc1)Oc1ccc(cc1)C(=O)Nc1ccc(cc1)Oc1ccc(cc1)C(c1ccc(cc1)*)(C)C)(C)C)(C)C,tg,147.0,155.93075876678782,144.25768829266704,157.45481455563342,152.54775387169607
*N1C(=O)c2c(C1=O)cc(cc2)C(=O)Oc1cc2c(cc1)ccc(c2)OC(=O)CCCCCCCCCCC*,tg,98.0,84.50916174021367,80.84287500488463,76.50147230198253,80.61783634902694
*N1C(=O)c2c(C1=O)cc(cc2)Oc1cc2c(C(=O)N(C2=O)c2ccc(cc2)c2cc(c(cc2)Oc2cc3c(C(CC3(c3ccc(cc3)Oc3c(cc(cc3)c3ccc(cc3)*)C(F)(F)F)C)(C)C)cc2)C(F)(F)F)cc1,tg,249.0,233.94726818257732,244.7594676680409,231.84966536830638,236.85213373964152
*Oc1c(cc(cc1)OC(=O)c1c(cc(c(c1)OCCCc1ccccc1)C(=O)*)OCCCc1ccccc1)C,tg,91.0,93.90620142646311,78.53283528300668,94.27787151714675,88.90563607553885
*c1cc2c(C(=O)N(C2=O)c2c(ccc(c2)N2C(=O)c3c(C2=O)cc(cc3)C(=O)*)Cl)cc1,tg,305.0,333.90375658316486,329.82818985810445,326.5679253142768,330.0999572518487
*O[Si](*)(CCCOc1ccc(cc1)C(=O)Oc1ccc(cc1)c1ccc(cc1)OC(=O)c1cc(c(c(c1)OCC(CC)C)OCC(CC)C)OCC(CC)C)C,tg,57.67,72.2013698452619,60.585604379449364,67.32464797010904,66.70387406494011
*C1(OC(OC1*)(C(F)(F)F)C(F)(F)F)F,tg,256.0,128.16707336641153,111.0630118992916,132.76698187599087,123.99902238056465
*C1C(=O)N(C(=O)C1*)c1cc(c(c(c1)Br)O[Si](c1ccccc1)(c1ccccc1)c1ccccc1)Br,tg,179.0,201.83056727755945,182.42509593373552,212.7700054125444,199.00855620794644
*C(C*)C(=O)OCC(C(C(C(F)F)(F)F)(F)F)(F)F,tg,-35.0,-37.2779264039968,-56.73555568450624,-23.72641777176594,-39.24663328675633
*C(C*)C(=O)OCCOc1ccc(cc1)C(=O)Oc1ccc(cc1)OC(=O)c1ccc(cc1)OCCCC,tg,45.0,48.97043987847191,47.61379850364145,46.66209928331154,47.7487792218083
*C(C*)(C(=O)OCCC1CCN(CC1)CCCCCCOc1ccc(cc1)N=Nc1ccc(cc1)[N+](=O)[O-])C,tg,27.0,64.22433417014113,69.73619969192684,65.10557267066962,66.35536884424586
*NC(=O)C(=CC(=O)NCc1cc(ccc1)C*)C,tg,135.0,107.55462483284579,135.34769871030431,119.5695673415352,120.82396362822844
*OP(=O)(Oc1c(cc(cc1C)S(=O)(=O)c1cc(c(c(c1)C)*)C)C)Oc1ccc(cc1)C,tg,128.0,149.74062134738543,146.67866149956825,157.04672046607578,151.1553344376765
*Oc1ccc(cc1)C(c1ccc(cc1)OCC(C*)OC(=O)CC)(C)C,tg,60.0,64.26978467478499,64.35363364670486,65.07912093297836,64.56751308482274
*C(C*)C(=O)N(C)C,tg,113.45,92.51641267355616,88.34402229599218,92.03676400449353,90.9657329913473
*C(C*)(Cl)Cl,tg,-11.96,13.498919140282167,45.391747834008484,-9.923724998553178,16.32231399191249
*c1cc2c(C(=O)N(C2=O)c2ccc(cc2)Oc2c3c(ccc2)c(ccc3)Oc2ccc(cc2)N2C(=O)c3c(C2=O)cc(cc3)C(=O)Nc2cc(ccc2)NC(=O)*)cc1,tg,263.0,283.04957297798603,285.73153760768554,286.3207220400059,285.03394420855915
*C(C*)c1ccc(cc1)CCCCCCCCCC,tg,-65.0,-20.368929156743764,-19.42235934107572,-16.57877644274307,-18.790021646854182
*C(C*)c1cc(ccc1)O,tg,162.0,111.44633098359282,107.47861705770674,121.24869272558372,113.3912135889611
*Oc1ccc(cc1)S(=O)(=O)c1ccc(cc1)Oc1ccc(cc1)C(c1ccc(cc1)*)c1c(cccc1)C(=O)O,tg,223.0,208.9502414047834,220.77508460825862,219.38256583577214,216.36929728293808
*c1sc(cc1)CC*,tg,22.33,26.341254103367476,41.624065431560396,9.086637385160314,25.683985640029395
*C(C*)(C(=O)OCCCCCCOc1ccc(cc1)c1ccc(cc1)C#N)C,tg,58.6,48.18443361824408,51.03204362033043,57.131819379973805,52.11609887284944
*C1C(=O)N(C(=O)C1*)c1c(cccc1)C(=O)OC,tg,259.0,254.38113618951985,243.18193438316274,226.95734921768067,241.50680659678775
*N1C(=O)c2c(C1=O)cc(cc2)NC(=O)Nc1ccc(cc1)Oc1ccc(cc1)NC(=O)Nc1cc2c(C(=O)N(C2=O)c2ccc(cc2)c2nc(cc(c2)c2ccc(cc2)c2ccccc2)c2ccc(cc2)*)cc1,tg,241.0,257.26510811164104,253.4820858548428,262.62047980435443,257.78922459027945
*c1nc(nc(n1)C(C(C(C(C(C(*)(F)F)(F)F)(F)F)(F)F)(F)F)(F)F)C(C(C(F)(F)F)(F)F)(F)F,tg,-11.0,77.37862955229602,78.33914110392283,87.91180365696509,81.20985810439464
*OCCOCCOCCCNC(=O)CNC(=O)C(NC(=O)CCCCCCCCC(=O)NC(C(=O)NCC(=O)NCCC*)Cc1ccccc1)Cc1ccccc1,tg,36.0,58.78869907271911,55.74191127349499,62.898750628448475,59.143120324887526
*c1cc2c(C(=O)N(C2=O)c2ccc(cc2)c2ccc(cc2)NC(=O)c2cc(ccc2)C(=O)Nc2ccc(cc2)c2ccc(cc2)N2C(=O)c3c(C2=O)cc(cc3)C(=O)*)cc1,tg,238.0,262.9951337621507,274.4527910544565,269.0585365666589,268.83548712775536
*OC(COC(=O)*)COCC,tg,-5.0,-27.17624736429135,-19.814432535809487,-22.677517897423225,-23.222732599174687
*N1C(=O)c2c(C1=O)cc(cc2)Oc1cc2c(C(=O)N(C2=O)CCCCCCCCCCCC*)cc1,tg,70.0,83.40331244071356,83.6913135299527,75.41966299714574,80.83809632260399
*c1ccc2c3n(c4ccc(cc4n3)c3cc4n5c(nc4cc3)c3cccc4c(ccc(c5=O)c34)Oc3ccc(cc3)S(=O)(=O)c3ccc(cc3)O*)c(=O)c3cccc1c23,tg,415.0,389.54100405704,375.84936936235863,388.04178937307194,384.4773875974902
*C(C*)C(=O)OCCOc1ccc(cc1)C(=O)Oc1ccc(cc1)OC(=O)c1ccc(cc1)OCCCCC,tg,46.0,43.051106229908854,40.67480936838676,46.78229656304284,43.50273738711282
*SC1C(CCCC1)*,tg,-45.0,95.60023488098375,85.24962513954864,98.212387254968,93.02074909183347
*SSCCCCCC*,tg,-74.0,-69.08833561146686,-67.14367188106698,-69.97037448133436,-68.73412732462275
*c1cc2c(C(=O)N(C2=O)c2ccc(cc2)Oc2ccc(cc2)N2C(=O)c3c(C2=O)cc(cc3)C(=O)Oc2ccc(cc2)OC(=O)*)cc1,tg,267.5,231.69572692312735,235.6204791878323,244.67896968584662,237.3317252656021
*N1C(=O)c2c(C1=O)cc(cc2)S(=O)(=O)c1cc2c(C(=O)N(C2=O)c2ccc(cc2)Cc2ccc(cc2)*)cc1,tg,314.0,293.0664116911511,294.5785344668961,307.66366559187367,298.4362039166403
*OP(=O)(Oc1ccc(cc1)C(c1ccc(cc1)*)(C)C)Oc1ccccc1,tg,74.5,86.27495490789681,73.52523426939436,77.29547170671181,79.03188696133434
*c1cc2c(C(=O)N(C2=O)c2ccc(cc2)S(=O)(=O)c2ccc(cc2)N2C(=O)c3c(C2=O)cc(cc3)C(*)(C(F)(F)F)C(F)(F)F)cc1,tg,330.67,314.0310922109866,307.00481038072894,314.55837013735766,311.8647575763577
*NC1CCC(CC1)CC1CCC(CC1)NC(=O)CCCCC(=O)*,tg,173.33,136.97191185127286,131.65373289902783,136.876667678099,135.16743747613324
*OC(C*)COCOCC(C)([N+](=O)[O-])[N+](=O)[O-],tg,-17.5,-0.7462760086809458,13.563131050982292,10.6211628693262,7.812672637209182
*C(C*)c1c(ccc(c1)C(=O)OCCCCCC)c1ccc(cc1)OCCCCCCCC,tg,64.0,83.10467656934173,73.77472410441715,93.8621004020525,83.5805003586038
*C1C(=CC)CC(C1)C=C*,tg,118.43,108.04173434656217,91.35643564545549,84.90328164551093,94.76715054584285
*C(C*)(CC(=O)OC)C(=O)OC,tg,80.04,73.78628406072833,77.3615929671021,73.1348227872267,74.76089993835238
*C1=CC(=C(C#N)C#N)C=C(O1)C=Cc1sc(cc1)c1ccc(cc1)C(=Cc1cc2C(c3c(c2cc1)ccc(c3)C=C(c1ccc(cc1)c1sc(cc1)C=C*)C#N)(CC)CC)C#N,tg,144.0,254.43254733907685,210.34683989686326,242.28168795268968,235.68702506287661
*Oc1c(cc(cc1Cl)C1(CCCCC1)c1cc(c(c(c1)Cl)OC(=O)*)Cl)Cl,tg,163.0,239.23782045152439,228.34887785099139,203.30792383446496,223.6315407123269
*Oc1ccc(cc1)C(=O)OCCOCCOCCOC(=O)c1ccc(cc1)OC(=O)c1ccc(cc1)C(=O)*,tg,25.0,62.81802622879261,54.7946693253907,69.74608136532352,62.45292563983562
*C(C*)(C(=O)Oc1ccccc1)C,tg,111.1,120.31018925254713,107.225747249957,92.76004997268448,106.76532882506287
*C(C*)(C(=O)OC1CCOCC1)C,tg,153.5,108.85613558589533,116.69505885679457,103.73063575084858,109.76061006451283
*c1nc(ccc1)Oc1ccc(cc1)Oc1ccc(cc1)P(=O)(c1ccc(cc1)Oc1ccc(cc1)O*)c1ccccc1,tg,164.0,174.19746874926614,155.8810820038478,163.35863118658307,164.47906064656567
*Oc1ccc(cc1)C(=O)c1ccc(cc1)OCCCCCCOC(=O)OCCCCCOC(=O)OCCCCCC*,tg,-0.2,-1.5923188992292034,-4.134985219783374,-1.9772814916618755,-2.568195203558151
*c1ncc(cc1)c1sc(c(c1)CCCCCCCC)c1ccc(cc1)c1sc(cc1CCCCCCCC)*,tg,16.2,44.28842053075392,53.36704993702146,23.42083641762589,40.35876896180043
*c1ccc2c(nc([nH]2)c2ccc(cc2)C(=O)Nc2cc(ccc2)C(=O)Nc2cc(ccc2)NC(=O)*)c1,tg,292.0,293.0391708334596,299.2981650509691,284.6716944712269,292.33634345188517
*N1C(=O)c2c(C1=O)cc(cc2)c1ccc(cc1)c1ccc(cc1)c1ccc(cc1)c1ccc(cc1)c1cc2c(C(=O)N(C2=O)c2ccc(cc2)Cc2ccc(cc2)*)cc1,tg,244.0,272.62480475970057,270.05521182700795,266.76832795523524,269.81611484731457
*c1ccc(cc1)c1c(cc(c(c1c1ccccc1)c1ccccc1)c1cc(ccc1)c1c(c(c(c(c1)c1ccccc1)c1ccc(cc1)CCCC*)c1ccccc1)c1ccccc1)c1ccccc1,tg,180.0,203.83083513386896,223.6922724215206,200.80187703282616,209.44166152940525
*c1c2C(=O)N(C(=O)c2c(c2ccccc12)c1ccc(cc1)Oc1c(cc(cc1)c1cc(ccc1)c1cc(c(cc1)Oc1ccc(cc1)*)C(F)(F)F)C(F)(F)F)c1ccccc1,tg,271.0,306.4928392805466,299.3864948654759,302.39414270763876,302.75782561788714
*C(C*)OC(=O)C1(C(C(C(C(C1(F)F)(F)F)(F)F)(F)F)(F)F)F,tg,54.0,121.08038841525902,116.98980900135237,114.02764868491033,117.36594870050725
*C(C*)(C(=O)OCc1sccc1)C,tg,66.0,86.01327772415036,74.9216758148519,61.03474846633936,73.9899006684472
*N=P(*)(OCC=Cc1ccccc1)OCC=Cc1ccccc1,tg,1.0,-20.81198457730507,-20.51485412144683,-10.039358087994003,-17.12206559558197
*OC(=O)NCCCCCCNC(=O)OCCCCCOC(=O)c1c(cccc1)C(=O)O[Cd]OC(=O)c1c(cccc1)C(=O)OCCCCC*,tg,-6.8,6.991242036413327,1.2148118179478615,12.75517662091836,6.987076825093183
*Oc1ccc(cc1)C(=O)Nc1cc(ccc1)P(=O)(c1cc(ccc1)NC(=O)c1ccc(cc1)OCCCC*)c1ccccc1,tg,181.75,155.6145276203072,128.87847545756566,161.51547159122663,148.6694915563665
*Oc1c(cc(cc1)C(=O)c1cc(ccc1)C(=O)c1cc(c(cc1)*)CC)CC,tg,126.0,131.65578622453805,129.75955960022202,134.0205215393684,131.8119557880428
*c1cc2c(C(=O)N(C2=O)c2cc(ccc2)OCCOc2cc(ccc2)N2C(=O)c3c(C2=O)cc(cc3)C(=O)*)cc1,tg,191.0,200.90031472691228,190.62342449385812,210.83942267773156,200.78772063283398
*Oc1cc2c(cc1)ccc(c2)Oc1ccc(cc1)C(=Nc1ccc(cc1)N=C(c1ccc(cc1)*)c1ccccc1)c1ccccc1,tg,171.0,192.22472655671083,202.28080868120293,187.74192414384447,194.0824864605861
*Oc1c(cc(cc1)NC(=O)NC1CC(CC(C1)(CNC(=O)Nc1cc(c(cc1)*)c1ccc(cc1)Oc1ccccc1)C)(C)C)c1ccc(cc1)Oc1ccccc1,tg,281.0,217.69923831509053,235.27337133223864,196.53549582806835,216.5027018251325
*c1nc(ccc1)c1cc(c(cc1)Oc1ccc(cc1)C(c1ccc(cc1)Oc1c(cc(cc1)*)C(F)(F)F)(C)C)C(F)(F)F,tg,121.0,150.91721607089272,145.06129860046528,148.05476453276594,148.0110930680413
*Oc1ccc(cc1)c1ccc(cc1)OC(=O)c1cc(ccc1)C(=O)*,tg,185.5,206.5127957555719,193.69886528068125,179.78200753583084,193.33122285736133
*OC(*)CCCCCC,tg,-116.0,-66.70101355902301,-57.05578867137362,-67.89584095884122,-63.88421439641261
*c1cc2c(C(=O)N(C2=O)c2c(ccc(c2)C(=O)Nc2c3c(ccc2)c(ccc3)NC(=O)c2cc(c(cc2)C)N2C(=O)c3c(C2=O)cc(cc3)C(*)(C(F)(F)F)C(F)(F)F)C)cc1,tg,250.0,305.3275290028404,299.07295960308113,303.43485739573515,302.61178200055224
*C1COC2C1OCC2OC(=O)CNC(=O)CCCCCCCCC(=O)NCC(=O)O*,tg,66.0,57.344103518611696,55.9255194230589,52.7527856769803,55.340802872883636
*Nc1ccc(cc1)C(c1ccc(cc1)NC(=O)c1cc(ccc1)C(=O)*)(P1(=O)c2ccccc2c2ccccc2O1)P1(=O)c2ccccc2c2ccccc2O1,tg,230.0,243.54470108493283,244.88182195093526,262.6015097627023,250.34267759952346
*C(C*)(C(=O)OC1CC(CC(C1)C)(C)C)C,tg,125.0,137.78169101824244,122.89849622187167,128.67839354026012,129.78619359345808
*OC(=O)NCCCCCCNC(=O)OCCCCC*,tg,33.0,25.392414648044312,27.578379666950426,13.7813802506212,22.25072485520531
*c1c(cc(cc1)C=C*)OCc1cc(cc(c1)OCC(CCCC)CC)OCCC(CCCC(C)C)C,tg,227.0,46.26518333072647,63.42182639405243,58.07155541142882,55.91952171206924
*C(C*)c1c(cc(c(c1)C)C)C,tg,104.0,148.8408701115614,142.73267098332104,124.96730206061116,138.84694771849786
*OC(=O)Nc1c(cc(cc1)c1cc(c(cc1)NC(=O)OCCN(CC*)c1ccc(cc1)N=Nc1ccc(cc1)[N+](=O)[O-])C)C,tg,119.5,143.50765671254388,161.76867337692812,157.73379094780464,154.33670701242556
*OP(=O)(N=Nc1ccc(cc1)CCOC(=O)c1cc(cc(c1)C(C)(C)C)C(=O)OCCc1ccc(cc1)N=NP(=O)(OCCCCCC*)OC)OC,tg,47.0,48.94600692771118,22.199446111389634,54.93632662105794,42.027259886719584
*C(C(*)c1ccc(cc1)N(C)C)c1ccc(cc1)[N+](=O)[O-],tg,139.0,155.11679005560998,155.3421672898155,159.19906692911337,156.55267475817962
*OC(=O)CCCCCC(=O)OCC*,tg,-54.0,-57.267538428089225,-49.789642127690826,-56.466230538126055,-54.507803697968704
*c1oc(nn1)c1ccc(cc1)NC(=O)c1c(cc(cc1)*)Oc1ccccc1,tg,235.0,228.83538791852646,245.59107123665717,226.65949689373264,233.6953186829721
*c1nnc(nc1c1ccc(cc1)Oc1ccc(cc1)C(c1ccc(cc1)Oc1ccc(cc1)*)(c1ccccc1)C)c1ncccc1,tg,232.0,223.40366739831273,230.92641316132065,230.1188097575631,228.14963010573217
*c1cc2c(nc(cc2c2ccccc2)c2cc(ccc2)c2nc3c(c(c2)c2ccccc2)cc(cc3)c2ccc(cc2)OCCCCCCCCCCCOc2ccc(cc2)*)cc1,tg,133.5,135.9305254123173,160.4887266392617,125.84995912492559,140.75640372550154
*c1nc2c(c(c1)c1ccccc1)cc(cc2)Oc1cc2c(nc(cc2c2ccccc2)c2c(ccc(c2)*)OCCN(c2ccc(cc2)C(=C(C#N)C#N)C#N)CC)cc1,tg,200.0,247.1619503641313,218.63492947266883,270.48038072222903,245.4257535196764
*c1nc2c(c(c1)c1ccccc1)cc(cc2)Oc1cc2c(nc(cc2c2ccccc2)c2ccc(cc2)C2(c3ccccc3C(=O)c3ccccc23)c2ccc(cc2)*)cc1,tg,340.0,362.4726799735285,365.70536686150535,358.8063233085902,362.32812338120806
*C(C*)(C(=O)OC1CCCCCCCCCCC1)C,tg,56.0,61.16195320270908,67.43863561737807,61.890778554267314,63.497122458118156
*c1oc(nn1)c1ccc(cc1)Oc1ccc(cc1)NC(=O)CN1C(=O)c2c(C1=O)cc(cc2)C(c1cc2c(C(=O)N(C2=O)CC(=O)Nc2ccc(cc2)Oc2ccc(cc2)*)cc1)(C(F)(F)F)C(F)(F)F,tg,263.0,255.2456874856831,257.5372126820004,254.6191294343483,255.8006765340106
*C(=CCC*)C(C)C,tg,-47.0,-6.180910898402234,-25.31021182647501,-12.433607102661254,-14.6415766091795
*C1C(C(C(C1)C=C*)(F)F)(C(F)(F)F)C(F)(F)F,tg,172.5,131.8310886094177,101.98824172569317,132.13988233867656,121.9864042245958
*NC(=O)C(C(C(=O)NCCCCCCCC*)OC)OC,tg,89.0,85.43633640789521,84.78785215303454,84.23421499840482,84.81946785311152
*c1ccc2c(nc([nH]2)c2cc(cc(c2)N2C(=O)c3c(C2=O)cccc3)c2nc3c([nH]2)ccc(c3)C(=O)Nc2nc(ccc2)NC(=O)*)c1,tg,312.0,339.3600596189327,323.4643731935396,340.1421447551778,334.32219252255004
*C(C*)c1ccc(cc1)COCCC(C(C(C(F)(F)F)(F)F)(F)F)(F)F,tg,13.0,38.12857334778429,21.319651113177756,37.46371711551238,32.303980525491475
*Nc1ccc(cc1)Cc1ccc(cc1)NC(=O)NCCCCCCCCCCCCCCCCCCNC(=O)*,tg,48.0,54.375710196808704,58.78241286324605,62.746423528644144,58.63484886289964
*c1cc2c(C(=O)N(C2=O)c2ccc(cc2)N2C(=O)c3c(C2=O)cc(cc3)C(=O)*)cc1,tg,328.57,342.3124480932191,338.38511268977936,345.43147697428867,342.04301258576237
*O[Si](COC(=O)CCCCCCCCC(=O)Oc1ccc(cc1)S(=O)(=O)c1ccc(cc1)Oc1ccc(cc1)C=C1C(=O)C(=Cc2ccc(cc2)Oc2ccc(cc2)S(=O)(=O)c2ccc(cc2)OC(=O)CCCCCCCCC(=O)OC[Si](*)(C)C)CCCC1)(C)C,tg,81.0,76.40172506104139,81.71966914057012,87.56080664294285,81.89406694818479
*N1C(=O)C2C3C4C(C(C2C1=O)C=C3)C(=O)N(C4=O)c1ccc(cc1)Sc1cc2c(C(=O)N(C2=O)CCN(C)C)cc1Sc1ccc(cc1)*,tg,310.0,248.8145870049468,229.99788659741057,246.99707188630225,241.93651516288654
*N=P(*)(Oc1ccc(cc1)C)Oc1ccc(cc1)C,tg,0.3,-15.275586984142953,-1.9898642233158057,-17.15031134280557,-11.471920850088111
*Oc1ccc(cc1)OC(=O)c1ccc(cc1)[Si](c1ccc(cc1)C(=O)*)(C)C,tg,176.0,180.0657419312042,159.93532329301848,179.6262366058802,173.20910061003428
*Oc1ccc(cc1)Oc1ccc(cc1)OC(=O)c1ccc(cc1)C(c1ccc(cc1)C(=O)*)(C(F)(F)F)C(F)(F)F,tg,215.0,166.93100482623137,154.35544531500744,160.0413173616446,160.4425891676278
*OC(=O)NCCCCCCNC(=O)OCCN(CC*)c1ccccc1,tg,31.9,42.547815402456756,48.34151257243792,38.747397271292314,43.21224174872899
*OC(=O)c1c(cccc1)C(=O)OCCCCCCCCCC*,tg,-14.0,-15.430496647055145,-18.156926873878092,-9.305864310649481,-14.297762610527572
*c1cc2c(C(=O)N(C2=O)c2ccc(cc2)Oc2ccc(cc2)N2C(=O)c3c(C2=O)cc(cc3)C(=O)Nc2ccc(cc2)Oc2ccc(cc2)NC(=O)*)cc1,tg,282.0,266.094547016339,267.5754529697501,266.5479825904209,266.7393275255033
*c1cc2c(C(=O)N(C2=O)c2cc(c(c(c2)Br)Oc2c(cc(cc2Br)N2C(=O)c3c(C2=O)cc(cc3)C(*)(C(F)(F)F)C(F)(F)F)Br)Br)cc1,tg,303.0,302.0220561640227,298.52077022298886,291.7609491286585,297.4345918385566
*C(C*)(C(=O)OCC1OCCOCCOCCOC1)C,tg,35.0,48.731253497606176,51.52674205526252,60.087791454099595,53.448595668989434
*O[Si](O[Si](O[Si](O[Si](Oc1c2ccccc2c2ccccc2c1*)(C)C)(C)C)(C)C)(C)C,tg,-35.0,-27.887378491646803,-27.428326601235057,-38.7628952658629,-31.359533452914917
*Oc1ccc(cc1)C(=O)OC(=O)c1ccc(cc1)OCCOCC*,tg,41.0,45.63256655392024,48.91709086202863,56.44748974965512,50.33238238853466
*C(C*)c1ccc(cc1)C([Si](C)(C)C)[Si](C)(C)C,tg,156.0,101.93088088850942,87.79765511496376,93.56937888339014,94.43263829562112
*O[Si](O[Si](O[Si](O[Si](O[Si](Oc1c2ccccc2c2ccccc2c1*)(C)C)(C)C)(C)C)(C)C)(C)C,tg,-38.0,-25.171031218408825,-27.27522667411921,-14.034762221418955,-22.160340037982333
*c1nc2c(c(c1)c1ccccc1)cc(cc2)c1cc2c(nc(cc2c2ccccc2)c2ccc(cc2)Oc2ccc(cc2)*)cc1,tg,286.67,358.16656686502006,338.4105405055324,358.75418467039657,351.77709734698306
*C(C*)(C(=O)Oc1ccc(cc1)C(=O)Oc1ccc(cc1)Oc1ccccc1)C,tg,74.0,109.61258568349491,110.36630724438044,112.62144704491199,110.8667799909291
*N1C(=O)c2c(C1=O)cc(cc2)[Si](O[Si](c1cc2c(C(=O)N(C2=O)c2cc(ccc2)Cc2cc(ccc2)*)cc1)(C)C)(C)C,tg,217.0,196.70890889137902,210.45086689230044,196.21740813349223,201.12572797239056
*Oc1ccc(cc1)C(=O)Nc1c(cc(cc1)Br)c1ccc(cc1)NC(=O)c1ccc(cc1)*,tg,267.0,235.75835293760406,238.1319379800318,222.99564520536092,232.29531204099894
*N1C(=O)c2c(C1=O)cc(cc2)c1cc2c(C(=O)N(C2=O)c2ccc(cc2)Oc2c(cc(cc2C(C)(C)C)c2ccc(cc2)*)C(C)(C)C)cc1,tg,381.5,341.7773727714354,348.4285162793042,327.2555229698492,339.1538040068629
*c1cc2c(C(=O)N(C2=O)c2ccc(cc2)NC(=O)C(C(C(C(C(=O)Nc2ccc(cc2)N2C(=O)c3c(C2=O)cc(cc3)C(*)(C(F)(F)F)C(F)(F)F)(F)F)(F)F)(F)F)(F)F)cc1,tg,285.0,229.45769583355255,232.07447890631477,232.10690398407584,231.2130262413144
*Nc1ccc(cc1)NC(=O)c1ccc(cc1)NC(=O)c1ccc(cc1)[Si](c1ccc(cc1)C(=O)Nc1ccc(cc1)C(=O)*)(C)C,tg,338.0,304.04906825651665,300.26568802427875,292.545356345808,298.9533708755344
*Oc1ccc(cc1)N(c1ccc(cc1)/C=C(/C(=O)NC1C(CCCC1)NC(=O)/C(=C/c1ccc(cc1)N(c1ccc(cc1)*)CC)/C#N)\C#N)CC,tg,235.0,217.02937962622198,219.71022663120044,233.79345566995917,223.51102064246052
*c1nc2c(nc1)cc(cc2)Oc1cc2c(nc(cn2)c2ccc(cc2)c2ccc(cc2)*)cc1,tg,390.0,325.0163044183364,312.39215134437757,320.8019337958432,319.4034631861857
*N1C(=O)c2c(C1=O)c(ccc2)c1cc2c(C(=O)N(C2=O)c2cc(ccc2)OCCCCCOc2cc(ccc2)*)cc1,tg,168.0,170.33040277129123,170.0591511243486,175.57910507902852,171.98955299155614
*c1nc(ccc1)Oc1ccc(cc1)Oc1ccc(cc1)C(=O)c1ccc(cc1)Oc1ccc(cc1)O*,tg,124.0,133.48189403419326,134.95972822942008,135.0304891388082,134.49070380080718
*C1OC(C(C(C1N)O)O*)CO,tg,122.0,180.50352928330324,188.08608748845947,187.06551635496854,185.21837770891042
*Oc1ccc(cc1)S(=O)(=O)c1ccc(cc1)OCC(CN(S(=O)(=O)c1cc(ccc1)S(=O)(=O)N(CC(C*)O)C)C)O,tg,100.0,95.1188249405632,100.24276132505882,93.6158946968758,96.32582698749927
*c1cc2c(C(=O)N(C2=O)c2cc(ccc2)P(=O)(c2cc(ccc2)N2C(=O)c3c(C2=O)cc(cc3)C(=O)Nc2ccc(cc2)S(=O)(=O)c2ccc(cc2)NC(=O)*)c2ccccc2)cc1,tg,241.0,247.89933100353917,252.75297565737355,243.87017923037206,248.17416196376158
*O[Si](O[Si](O[Si](O[Si](O[Si](OC(CCC(*)C)C)(C)C)(C)C)(C)C)(C)C)(C)C,tg,-106.0,-97.25444983802201,-92.16361049775745,-89.2862010014055,-92.90142044572832
*Oc1ccc(cc1)C(=O)OCCCCOC(=O)c1ccc(cc1)*,tg,38.0,54.48569164355816,63.78920187809693,50.997788948474046,56.424227490043044
*c1[nH]nc(c1)c1ccc(cc1)Oc1ccc(cc1)C(=O)c1cc(ccc1)C(=O)c1ccc(cc1)Oc1ccc(cc1)*,tg,205.0,221.21529928430778,217.27782550223554,230.38250679822417,222.95854386158916
*C(C*)(C(=O)OCCCCCCOc1cc(ccc1)C(=O)Oc1ccc(cc1)C#N)C,tg,38.0,45.205164873782834,37.005139064212514,39.84649456771022,40.685599501901855
*c1cc2c(C(=O)N(C2=O)c2ccc(cc2)Oc2cc3c(cc2)ccc(c3)Oc2ccc(cc2)N2C(=O)c3c(C2=O)cc(cc3)C(=O)Nc2ccc(cc2)Oc2ccc(cc2)S(=O)(=O)c2ccc(cc2)Oc2ccc(cc2)NC(=O)*)cc1,tg,274.0,251.25705660343516,252.17704614754405,251.0254974466885,251.48653339922257
*C(C*)c1ccc(cc1)C(CC)(O)C,tg,186.0,138.4170603073048,123.57099288151863,128.52933781930392,130.1724636693758
*Oc1ccc(cc1)Sc1ccc(cc1)Oc1c(cc(cc1)c1ccc(cc1)c1cc(c(cc1)*)C(F)(F)F)C(F)(F)F,tg,164.5,179.83406007462773,184.43910164188492,172.83739816525434,179.0368532939223
*C(C*)c1c(cccc1)C(=O)OCC,tg,118.0,109.69570952426217,103.73771232836702,110.98519325975326,108.13953837079414
*Oc1c(c(cc(c1)Cl)Cl)*,tg,165.0,146.64338448097527,155.12222514192274,173.79639252432395,158.5206673824073
*Oc1ccc(cc1)OC(=O)/C=C/c1ccc(cc1)/C=C/C(=O)*,tg,210.0,172.8857921523164,170.28144690253,166.53108013435494,169.89943972973379
*Oc1ccc(cc1)CC(NC(=O)Cc1ccc(cc1)OC(=O)COCCOCC(=O)*)C(=O)OCCCCCC,tg,31.0,30.84821845078612,29.100087713899086,33.004376679062574,30.984227614582593
*c1cc2c(C(=O)N(C2=O)c2cc(ccc2)Oc2c(c(ccc2)Oc2cc(ccc2)N2C(=O)c3c(C2=O)cc(cc3)C(=O)Nc2cc(ccc2)Oc2c(c(ccc2)Oc2cc(ccc2)NC(=O)*)C#N)C#N)cc1,tg,214.0,203.75571681259163,200.64029877924253,195.24683218116098,199.88094925766504
*O[Si](*)(CCCOCCOCCOCCOCCOCCOCCOC)CCCOCCOCCOCCOCCOCCOCCOC,tg,-68.9,-85.24713807514081,-88.44893887834445,-102.89732358013781,-92.19780017787436
*C(C*)C(=O)OCC(CC)C,tg,-32.0,-48.14889579590339,-27.70492282326245,-43.834534264886074,-39.89611762801731
*O[Si](O[Si](O[Si](O[Si](OC(CCCCC(*)C)C)(C)C)(C)C)(C)C)(C)C,tg,-98.0,-100.2639809421356,-109.98132519413409,-99.01085332856192,-103.08538648827721
*c1cc2c(C(=O)N(C2=O)c2c(ccc(c2)N2C(=O)c3c(C2=O)cc(cc3)C(=O)Nc2ccc(cc2)Oc2ccc(cc2)C2(c3c(C(=O)N2)cccc3)c2ccc(cc2)Oc2ccc(cc2)NC(=O)*)C)cc1,tg,315.0,309.51412876561614,310.15120974979516,309.229312821789,309.63155044573347
*C(C*)c1ccc(cc1)S(=O)(=O)N(S(=O)(=O)C(F)(F)F)[Li],tg,152.0,114.69726652764514,130.57167342731293,101.16829383478614,115.47907792991474
*c1sc(cc1)C(=O)Oc1ccc(cc1)[Si](c1ccc(cc1)OC(=O)*)(C)C,tg,-68.0,-26.25366555094471,-15.902641363867218,112.4728568629434,23.43884998271049
*O[Si](*)(CCCOc1ccc(cc1)C(=O)Oc1ccc(cc1)OC)C,tg,8.7,6.1922669026774555,21.019274015910256,16.347982351738818,14.519841090108843
*NC(=O)CCCCCCC*,tg,38.45,45.428773928218874,39.65333272729542,42.36709307554502,42.48306657701977
*N1C(=O)c2c(C1=O)cc(cc2)C(=O)Oc1ccc(cc1)C(c1ccc(cc1)C(c1ccc(cc1)OC(=O)CCCCC*)(C)C)(C)C,tg,104.0,127.09867853057158,122.07420334556053,131.78364654258397,126.98550947290535
*N1C(=O)c2c(C1=O)cc(cc2)c1cc2c(C(=O)N(C2=O)c2ccc(cc2)Oc2c(cc(cc2)Oc2ccc(cc2)*)C)cc1,tg,265.0,268.91190821399454,276.68749992638675,279.1639060937744,274.92110474471855
*c1c(nc2c(n1)cc(cc2)Oc1ccc(cc1)NC(=O)CN1C(=O)c2c(C1=O)cc(cc2)C(c1cc2c(C(=O)N(C2=O)CC(=O)Nc2ccc(cc2)Oc2cc3c(nc(c(n3)c3ccc(cc3)Oc3ccc(cc3)*)c3ccccc3)cc2)cc1)(C(F)(F)F)C(F)(F)F)c1ccccc1,tg,260.0,280.8505322030864,258.0220556197593,281.1131910868292,273.32859296989164
*C(C*)OC(=O)c1ccc(cc1)Cl,tg,70.25,78.86305332507912,71.81626133554855,74.96111016625952,75.21347494229572
*N(CC(C*)O)c1cc(c(c(c1)C)N=Nc1ccc(cc1)Cl)C,tg,150.0,166.78122657806287,162.41438140637618,158.0065881879672,162.40073205746876
*NC(=O)CCCCC(=O)NCCCCCCC*,tg,51.0,53.90233014226651,52.859515082536845,56.76512660272779,54.508990609177054
*C(C*)(C(=O)OCCOCCOCC[N+](CCCCS(=O)(=O)O)(CC)CC)C,tg,27.0,9.278930612431534,6.377106792745849,-7.232447004714529,2.807863466820951
*NC(=O)CCCCCCCCC(=O)NCCCCCCCCCCC*,tg,40.0,52.97139996355287,55.17861091811746,51.487508247406105,53.21250637635881
*Oc1c2c(ccc1)c(ccc2)OC1(C(C(C1(F)F)(F)F)(*)F)F,tg,124.8,88.49519543678358,110.91752544411004,84.61972862850635,94.67748316979998
*c1ccc2c(nc([nH]2)c2ccc(cc2)c2nc3c([nH]2)ccc(c3)C(=O)Nc2cc(ccc2)NC(=O)*)c1,tg,294.0,310.32364261646586,313.42642527276655,322.82320105266837,315.5244229806336
*N(CC(C*)O)c1ccc(cc1)N=Nc1ccc(cc1)Cl,tg,160.0,119.77192249829245,106.34062486530402,105.3776224977817,110.49672328712607
*Oc1c(cc(cc1)C(c1cc(c(cc1)OC(=O)*)C(C)C)(C)C)C(C)C,tg,80.0,157.83403155629347,135.86817060892508,157.24607106620357,150.3160910771407
*C(C*)C(=O)OCCCCCCCCCCOC(=O)c1ccc(cc1)OC(=O)c1ccc(cc1)C#N,tg,15.0,15.879679008068686,13.767315549770075,16.045469925701244,15.230821494513336
*c1cc2c(C(=O)N(C2=O)c2cc(ccc2)C(c2cc(ccc2)N2C(=O)c3c(C2=O)cc(cc3)C(=O)*)O[Si](O[Si](O[Si](C)(C)C)(C)C)(C)C)cc1,tg,273.0,230.79798061393956,223.1437303172432,215.47058962072347,223.13743351730207
*Oc1ccc(cc1)C1(CC(CCC1)c1ccc(cc1)OCC(C*)O)CC,tg,140.0,113.20433312594095,116.60605263405854,110.69371626092823,113.50136734030923
*C(C*)C(=O)C,tg,83.33,76.701490340467,60.42674875918793,66.84596632967151,67.99140180977548
*Oc1ccc(cc1)NC(=O)CCCC(=O)Nc1ccc(cc1)OCC(COc1ccc(cc1)C(c1ccc(cc1)OCC(C*)O)(C)C)O,tg,105.0,124.60110837976595,124.31011470227885,115.31632016452754,121.40918108219078
*C(C*)Cc1c(cccc1)C,tg,80.0,64.69012019028686,61.83585130390831,61.91906677809951,62.81501275743156
*Oc1ccc(cc1)C(c1ccc(cc1)OC(=S)*)(C)C,tg,140.5,124.45890066662376,122.28391440943258,122.97398676658939,123.23893394754857
*NC(=O)c1ccc(cc1)C(c1ccc(cc1)C(=O)NCCCC*)(CC)C,tg,177.5,150.39405932713834,163.23174023291932,167.60973978289306,160.41184644765022
*C(C*)c1ccccc1,tg,92.74,90.45267267228209,93.98274025872948,98.9127088500594,94.44937392702366
*c1c2c(c(nn1)c1ccc(cc1)Oc1ccc(cc1)C1(c3ccccc3c3ccccc13)c1ccc(cc1)Oc1ccc(cc1)*)c(c(c(c2c1ccccc1)c1cc2c(cc1)cccc2)c1cc2c(cc1)cccc2)c1ccccc1,tg,327.33,312.34529019261026,316.8660614389638,314.21549560341475,314.4756157449963
*c1nc2c(nc1c1ccccc1)cc(cc2)c1cc2c(nc(c(n2)c2ccccc2)c2ccc(cc2)*)cc1,tg,354.5,358.9168387628844,356.79072418771756,354.5843447411984,356.76396923060014
*N1C(=O)c2c(C1=O)cc(cc2)c1cc2c(C(=O)N(C2=O)CCCCCOC(=O)OCCCCC*)cc1,tg,84.0,64.92348196419181,66.92677911593401,78.57415356982996,70.14147154998527
*c1nc(nc(n1)Oc1cc(ccc1)C(=O)Nc1ccc(cc1)S(=O)(=O)c1ccc(cc1)NC(=O)c1cc(ccc1)O*)Sc1ccccc1,tg,304.0,258.51042775926146,270.28086803701257,253.86354609589847,260.88494729739085
*NC(=O)C(=O)NCCCCCC*,tg,250.0,81.170554525866,77.6557830608266,72.75890343692339,77.19508034120533
*NC(=O)c1ccc(cc1)C(=O)NCC(CC(CC*)(C)C)C,tg,148.0,143.78291328019847,121.5844474078299,155.31683924750294,140.2280666451771
*Oc1ccc(cc1)C(c1ccc(cc1)C(c1ccc(cc1)Oc1ccc(cc1)C(=O)Nc1ccc(cc1)NC(=O)c1ccc(cc1)*)(C)C)(C)C,tg,163.0,196.25372084529005,204.792676761226,191.75801339554818,197.6014703340214
*N1C(=O)c2c(C1=O)cc(cc2)Oc1cc2c(cc1)ccc(c2)Oc1cc2c(C(=O)N(C2=O)c2ccc(cc2)C(c2ccc(cc2)*)(C(F)(F)F)C(F)(F)F)cc1,tg,256.0,268.05757190453545,260.44325708998207,267.20720550679545,265.23601150043766
*OC(=O)CCCCCCCCCCC(=O)OCCOCC*,tg,-71.0,-63.77407874100837,-59.04212506102368,-63.68087291008236,-62.165692237371466
*Oc1c(cc(cc1)C(C)(C)C)Oc1ccc(cc1)S(=O)(=O)c1ccc(cc1)*,tg,175.6,181.04060126467834,183.0758079280864,180.07779672163565,181.39806863813348
*c1cc2c(C(=O)N(C2=O)c2cc(ccc2)C#Cc2cc(ccc2)NC(=O)*)cc1,tg,323.5,267.91146087520906,274.1397774024994,282.01431155504207,274.68851661091685
*C(C(C*)C)(C)C,tg,37.0,51.95349093865659,33.45683706783957,63.87347958679668,49.761269197764285
*Oc1ccc(cc1)NC(=O)CCCCCC(=O)Nc1ccc(cc1)*,tg,180.0,161.23613510790338,173.18928689052913,123.1808924113119,152.53543813658146
*N1C(=O)c2c(C1=O)cc(cc2)Oc1cc2c(C(=O)N(C2=O)c2ccc(cc2)Oc2c(cc(c(c2)C(C)(C)C)Oc2ccc(cc2)*)C(C)(C)C)cc1,tg,242.0,242.1651699888599,248.31408561807382,244.79006119545838,245.08977226746404
*c1cc2c(C(=O)N(C2=O)c2cc(ccc2)P(=O)(c2cc(ccc2)N2C(=O)c3c(C2=O)cc(cc3)C(=O)*)c2ccc(cc2)Oc2ccc(cc2)C23CC4CC(CC(C2)C4)C3)cc1,tg,305.0,273.81345409988256,278.6574014212533,279.3595541937142,277.2768032382834
*Oc1ccc(cc1)CC(NC(=O)CCc1ccc(cc1)OC(=O)CCCCCCC(=O)*)C(=O)OCCOCCOCC,tg,6.0,10.988810096331523,10.018724727683775,15.957977079320374,12.321837301111891
*Oc1c2c(c(cc1)c1c3c(c(cc1)OCCCCCC*)cccc3)cccc2,tg,109.0,133.40746264235975,125.27166812113907,128.79693215388696,129.1586876391286
*c1cc2c(C(=O)N(C2=O)c2cc(ccc2)OCCOCCOc2cc(ccc2)N2C(=O)c3c(C2=O)cc(cc3)C(=O)*)cc1,tg,152.33,166.6828803169497,155.01492111198183,171.23061561965608,164.30947234952922
*Oc1cc(ccc1)NC(=O)c1ccc(cc1)C(=O)Nc1cc(ccc1)OCCOCC*,tg,140.0,147.4681468440678,141.48968600346126,159.4552329672822,149.4710219382704
*N1C(=O)c2c(C1=O)cc(cc2)S(=O)(=O)c1cc2c(C(=O)N(C2=O)c2cc(c(c(c2)Br)Oc2c(cc(cc2Br)*)Br)Br)cc1,tg,328.0,304.4826821970347,299.3495790731173,312.2825111066401,305.37159079226404
*NC(=O)CCCCCCCCC(=O)NCCCC1(c2ccccc2c2ccccc12)CCC*,tg,85.0,97.48753808372375,110.52454697808224,101.35565023373432,103.12257843184676
*N1C(=O)c2c(C1=O)cc(cc2)Oc1cc2c(C(=O)N(C2=O)CC2CC(CCC2)C*)cc1,tg,199.0,214.78026657761094,202.68344744913225,213.38633056464522,210.2833481971295
*C1C(=O)N(C(=O)C1CC*)CC,tg,109.2,111.04670781694233,109.34381667260143,107.26618994178148,109.21890481044174
*Oc1c(cc(cc1Cl)C(c1cc(c(c(c1)Cl)OC(=O)CCCCC(=O)*)Cl)(C)C)Cl,tg,100.0,96.72611802809453,85.24910674165744,72.83363682291441,84.93628719755547
*OC(=O)CCCCC(=O)OCCOCC*,tg,-54.67,-68.89571067435307,-60.55190982965155,-68.10461147936701,-65.8507439944572
*Oc1ccc(cc1)CC(NC(=O)CCc1ccc(cc1)OC(=O)COCC(=O)*)C(=O)OC(CC)C,tg,68.0,68.29785049188186,67.31120210848941,71.88027703643111,69.16310987893412
*c1[nH]c(nc1c1ccc(cc1)NC1C(=O)N(C(=O)C1)c1ccc(cc1)Cc1ccc(cc1)N1C(=O)C(CC1=O)Nc1ccc(cc1)*)c1ccc(cc1)C=Cc1ccc(cc1)[N+](=O)[O-],tg,250.0,246.97531899536398,248.36244191169004,240.6838786014612,245.3405465028384
*S(=O)(=O)c1ccc(cc1)NC(=O)CCCCC(=O)Nc1ccc(cc1)*,tg,194.0,180.61239362566005,180.1619565620503,154.9768025993163,171.91705092900887
*c1cc2c(C(=O)N(C2=O)c2cc(cc(c2)c2sc3c(n2)cccc3)N2C(=O)c3c(C2=O)cc(cc3)C(=O)Nc2nc(ccc2)NC(=O)*)cc1,tg,358.0,321.04463744856054,313.55263605582576,314.68430695066644,316.4271934850176
*OC(=O)Nc1c(ccc(c1)NC(=O)OCCN(CC*)c1ccc(cc1)N=Nc1cc(c(cc1)N=Nc1c(cc(c(c1)OC)N=Nc1ccc(cc1)[N+](=O)[O-])OC)C)C,tg,148.0,158.23741389041425,160.49392889593597,172.47649791297346,163.73594689977455
*Oc1ccc(cc1)C(c1ccc(cc1)OCCOC(=O)Nc1ccc(cc1)Cc1ccc(cc1)NC(=O)OCC*)(C)C,tg,127.0,106.39964196996316,102.23270900855289,114.03136729151386,107.55457275667663
*N1C(=O)c2c(C1=O)cc(cc2)Oc1cc2c(C(=O)N(C2=O)c2c(ccc(c2)C(c2cc(c(cc2)OCCN(c2ccc(cc2)C=CC2=CC(=C(C(=O)OCCc3ccccc3)C#N)CC(C2)(C)C)c2ccccc2)*)(C(F)(F)F)C(F)(F)F)OCCN(c2ccc(cc2)C=CC2=CC(=C(C(=O)OCCc3ccccc3)C#N)CC(C2)(C)C)C)cc1,tg,177.0,193.749847416859,184.9383402206049,179.03557414354214,185.90792059366868
*Oc1ccc(cc1)C(=O)Nc1ccc(cc1)C(c1ccc(cc1)NC(=O)c1ccc(cc1)OC(=O)c1ccc(cc1)C(=O)*)(C(F)(F)F)C(F)(F)F,tg,266.0,243.05388054626394,239.9925857587819,250.54972021314708,244.53206217273097
*Oc1ccc(cc1)OC(=O)c1ccc(cc1)OCC(COC(=O)CCCCCCCCC(=O)OCC(C*)O)O,tg,36.0,20.54799794983971,22.581266675848937,20.227196675144953,21.1188204336112
*C(C*)c1c(c(c(c(c1F)F)OC)F)F,tg,94.0,105.14703542401791,92.07130374707509,107.80598060326342,101.67477325811882
*Oc1ccc(cc1)CC(NC(=O)CCc1ccc(cc1)OC(=O)COCCOCC(=O)*)C(=O)OC(CC)C,tg,44.0,49.8397231828178,50.125692311545464,42.964410589178236,47.64327536118051
*c1cc2c(C(=O)N(C2=O)c2cc(c(cc2)Oc2ccc(cc2)C(=O)c2nc(ccc2)C(=O)c2ccc(cc2)Oc2c(cc(cc2)N2C(=O)c3c(C2=O)cc(cc3)C(*)(C(F)(F)F)C(F)(F)F)C(F)(F)F)C(F)(F)F)cc1,tg,206.4,237.23738817607497,235.72220708141765,242.26179927154266,238.4071315096784
*OP(=O)(N=Nc1ccc(cc1)Oc1ccc(cc1)N=NP(=O)(OCC*)OCC)OCC,tg,22.0,41.43306009509512,39.00109704519227,48.2338199356918,42.889325691993065
*N1C(=O)C2C3C4C(C(C2C1=O)C=C3)C(=O)N(C4=O)c1ccc(cc1)Sc1cc2c(C(=O)N(C2=O)CCc2ccccc2)cc1Sc1ccc(cc1)*,tg,258.0,290.3463789650974,292.62619202711824,297.39961108833194,293.4573940268492
*C(=C*)c1c(cccc1)[Si](C)(C)C,tg,190.0,132.05565619213428,125.37300890851768,115.22858183845793,124.21908231303662
*N1C(=O)c2c(C1=O)c(ccc2)Oc1ccc(cc1)c1ccc(cc1)Oc1c2c(C(=O)N(C2=O)c2cc(ccc2)*)ccc1,tg,275.0,261.8354213298357,263.08574906609846,271.33966200585706,265.42027746726376
*N1C(=O)c2c(C1=O)cc(cc2)OCCN(CCOc1cc2c(C(=O)N(C2=O)c2ccc(cc2)C(c2ccc(cc2)*)(C(F)(F)F)C(F)(F)F)cc1)c1ccc(cc1)C=Cc1ccc(cc1)[N+](=O)[O-],tg,180.7,196.1412008269863,206.70058866348683,194.0555147610705,198.9657680838479
*C(C*)CC(C)C,tg,45.5,67.39770548740682,39.614268698687525,32.51543726405668,46.50913715005034
*C1C2CC(C(C1*)C2)CCCCCCCCC(=O)OCC,tg,134.0,104.4162552230323,117.49955109439891,101.17657674486618,107.69746102076579
*Oc1c(cc(cc1C)C(c1cc(c(c(c1)C)OCC(C*)O)C)(C)C)C,tg,130.0,130.64178532166025,131.2572167126046,121.53334556470936,127.81078253299141
*N=P(*)(Oc1ccc(cc1)CC)Oc1ccc(cc1)CC,tg,-18.0,16.68832942431478,1.5692008560632473,17.79406101678151,12.017197099053178
*C1=C(C(=O)N(C1=O)CCCCCCCCCCCC)c1ccc(cc1)c1cc2C(c3c(c2cc1)ccc(c3)c1ccc(cc1)*)(CCCCCC)CCCCCC,tg,100.0,119.71164670558369,124.87789663563483,120.41377567936668,121.66777300686174
*C(C*)OC(=O)c1ccc(cc1)Br,tg,85.5,76.0538289859363,78.786249573444,69.43658963323571,74.75888939753867
*C=C*,tg,-25.5,29.146115653253226,37.724566517171,50.95640561715183,39.27569592919202
*Oc1c(cccc1)C(=O)OC(=O)c1c(cccc1)OC(=O)CCCCCC(=O)*,tg,40.0,43.060508434818885,33.72508832137483,46.73072146049984,41.17210607223118
*Oc1ccc(cc1)C(c1ccc(cc1)OC(=O)*)C(C)C,tg,149.0,142.49174910950208,148.19218441920515,149.7225591354948,146.8021642214007
*C(C*)(C(=O)OCc1ccccc1)C,tg,57.45,52.589931037349096,55.36243618074555,65.74814804980765,57.90017175596743
*Oc1ccc(cc1)OC(=O)c1ccc(cc1)C(=O)Oc1ccc(cc1)OCCCCCC*,tg,53.0,69.27528348825037,58.86036808109466,78.54942958731976,68.89502705222161
*Oc1cc(ccc1)Oc1ccc(cc1)C(=O)c1ccc(cc1)NC(=O)c1cc(ccc1)C(=O)Nc1ccc(cc1)C(=O)c1ccc(cc1)*,tg,214.0,180.59552453925173,178.58572687186404,181.8889138360459,180.3567217490539
*N1C(=O)C(=C(C1=O)Cl)Oc1ccc(cc1)C(c1ccc(cc1)OC1=C(C(=O)N(C1=O)c1ccc(cc1)Oc1ccc(cc1)*)Cl)(C)C,tg,175.0,179.98531904087992,187.47841679941027,184.09709224436222,183.85360936155078
*C1C(=O)N(C(=O)C1CC*)CCCCCCCCCCCC,tg,55.4,56.656229559126764,53.009046462192714,56.45107654377306,55.37211752169751
*Nc1ccc(cc1)C(c1ccc(cc1)NC(=O)c1cc(cc(c1)NC(=O)C12CC3CC(CC(C1)C3)C2)C(=O)*)(C(F)(F)F)C(F)(F)F,tg,365.0,296.85091900899766,311.9629070269551,300.5566311684209,303.12348573479125
*N1C(=O)c2c(C1=O)cc(cc2)Oc1cc2c(C(=O)N(C2=O)CCCCCCOC(=O)c2cc(cc(c2)OCCCCCCOc2ccc(cc2)N=Nc2ccc(cc2)C#N)C(=O)OCCCCCC*)cc1,tg,61.0,95.54561347916378,90.81801680223782,86.33904315923962,90.9008911468804
*c1cc2c(C(=O)N(C2=O)c2ccc(cc2)Oc2cc(ccc2)c2nc(cc(c2)c2ccccc2)c2cc(ccc2)Oc2ccc(cc2)N2C(=O)c3c(C2=O)cc(cc3)C(*)(C(F)(F)F)C(F)(F)F)cc1,tg,180.0,286.1004385158306,273.4736902295533,276.28818020398563,278.6207696497898
*c1cc2c(C(=O)N(C2=O)c2c(cc(cc2)Cc2cc(c(cc2)N2C(=O)c3c(C2=O)cc(cc3)C(=O)*)C)C)cc1,tg,364.67,328.0886209227681,315.66270696930064,305.32998212174397,316.3604366712709
*C1C(=O)NC(=O)C1C(C*)c1ccccc1,tg,257.67,173.33172072349586,192.5383571628297,185.72924265867962,183.8664401816684
*C1C(=O)N(C(=O)C1CC*)C,tg,141.2,118.21978956579974,141.01664006533824,129.71059507197558,129.6490082343712
*C(C*)c1c(ccc(c1)c1ccc(cc1)C(=O)OC(CCCCCC)C)c1ccc(cc1)C(=O)OC(CCCCCC)C,tg,102.0,87.51632962980958,98.0260821273524,103.07228233158185,96.20489802958127
*Oc1ccc(cc1)C(=C(Cl)Cl)c1ccc(cc1)OC(=O)*,tg,167.67,168.05562458472923,177.4051126329319,148.60373807273436,164.68815843013184
*N1C(=O)c2c(C1=O)cc(cc2)S(=O)(=O)c1cc2c(C(=O)N(C2=O)c2ccc(cc2)N(c2ccc(cc2)*)c2ccccc2)cc1,tg,306.0,323.9359350131291,323.83215095838875,322.72894413641217,323.49901003597665
*N1C(=O)c2c(C1=O)cc(cc2)S(=O)(=O)c1cc2c(C(=O)N(C2=O)c2ccc(cc2)Oc2ccc(cc2)*)cc1,tg,283.5,289.0756868399979,290.2320301567412,293.90571722293436,291.07114473989117
*C1COC2C1OCC2OC(=O)OCCOCCOCCOCCOC(=O)O*,tg,9.5,15.682462655228994,19.951689567277455,6.06629770222546,13.900149974910638
*C(C*)(C(=O)OC1CCCCC1)C,tg,89.76,103.41473739572541,102.98989063558076,109.85218637984872,105.41893813705163
*Nc1ccc(cc1)C(c1ccc(cc1)C(c1ccc(cc1)Nc1ccc(cc1)C(=O)c1ccc(cc1)C(=O)c1ccc(cc1)*)(C)C)(C)C,tg,157.0,194.55024850153282,214.40815144418752,199.83616746834835,202.9315224713562
*Oc1ccc(cc1)NC(=O)c1cc(cc(c1)C(C)(C)C)C(=O)Nc1ccc(cc1)Oc1ccc(cc1)C(c1ccc(cc1)*)(C(F)(F)F)C(F)(F)F,tg,254.25,228.7933725232692,224.94048799622004,230.41232402796302,228.04872818248407
*N=P(*)(Oc1ccc(cc1)c1ccccc1)Oc1ccc(cc1)c1ccccc1,tg,69.67,48.60711815177771,63.137754753585554,62.051441114012675,57.93210467312531
*N1C(=O)c2c(C1=O)cc(cc2)C(=O)c1cc2c(C(=O)N(C2=O)CCCCCCOC(=O)OCCCOC(=O)OCCCCCC*)cc1,tg,61.0,60.13566634480273,47.53328555537853,57.2566202907805,54.975190730320584
*OC(=O)C(C(=O)OCCOCC*)CCC,tg,-38.0,-33.39154683814866,-36.71448981167157,-33.71167911697376,-34.605905255597996
*C(C*)C(=O)NCP(=O)(O)O,tg,26.0,71.21732571462736,64.68540877771716,59.12392587080254,65.00888678771568
*C1C(=O)N(C(=O)C1*)CCCCCCCOc1ccc(cc1)c1ccc(cc1)C#N,tg,61.0,75.72536010305812,80.68579845085685,73.70904936821492,76.7067359740433
*OC(COC(=O)c1cc2c(cc1)cc(cc2)C(=O)*)COc1ccc(cc1)N=Nc1ccc(cc1)C#N,tg,138.0,127.09155396041494,135.002410202016,119.55053529803226,127.21483315348773
*Oc1c(cc(cc1C)C(c1cc(c(c(c1)C)OC(=O)CCCCCC(=O)*)C)(C)C)C,tg,84.0,77.93549379777386,84.78228821511902,81.67392776036402,81.4639032577523
*C1C2C(C(=O)N(C2=O)c2ccc(cc2)C)C(C1)C=C*,tg,222.0,221.51502493662767,226.02415615131594,227.46335310307015,225.00084473033792
*c1cc2c(C(=O)N(C2=O)c2c3c(ccc2)c(ccc3)Oc2ccc(cc2)N2C(=O)c3c(C2=O)cc(cc3)C(=O)Nc2ccc(cc2)Oc2ccc(cc2)NC(=O)*)cc1,tg,278.0,280.10813413959124,280.999752770071,271.2579288589085,277.4552719228569
*c1cc2c(C(=O)N(C2=O)c2ccc(cc2)C(=O)Nc2ccc(cc2)C(=O)OCCCCCCCOC(=O)*)cc1,tg,106.0,113.90339404954031,115.13619157034276,116.77004338945319,115.26987633644542
*c1cc2c(C(=O)N(C2=O)c2c(cc(cc2)C(=O)Nc2ccc(cc2)C(c2ccc(cc2)NC(=O)c2cc(c(cc2)N2C(=O)c3c(C2=O)cc(cc3)C(*)(C(F)(F)F)C(F)(F)F)C)(C(F)(F)F)C(F)(F)F)C)cc1,tg,344.0,292.905148708374,316.2614067801535,282.7972902540237,297.32128191418377
*C1C(=O)N(C(=O)C1C(C*)c1ccccc1)CCCCNC(=O)C(C(C(C(C(C(C(F)(F)F)(F)F)(F)F)(F)F)(F)F)(F)F)(F)F,tg,113.0,107.57345294111167,111.44117957049592,110.10231415477578,109.70564888879447
*C(C*)(C(=O)OCC(C)C)C#N,tg,51.0,101.44570278975388,107.96623709997473,105.3397969076637,104.91724559913077
*N1C(=O)c2c(C1=O)cc(cc2)C(=O)c1cc2c(C(=O)N(C2=O)CCCC(=O)Nc2cc(ccc2)Oc2ccc(cc2)NC(=O)CCC*)cc1,tg,188.0,187.86290406629752,180.8881144184057,178.1965631665094,182.3158605504042
*c1sc(cc1c1ccc(cc1)C(=C1C=C(C(=O)C(=C1)C(C)(C)C)C(C)(C)C)c1cc(c(c(c1)C(C)(C)C)O)C(C)(C)C)*,tg,-12.6,182.56576577457287,228.37347515553142,158.3908163150416,189.77668574838196
*C1OC(OC1COC(=O)OC*)OCC,tg,51.38,62.90191895564861,43.75904532908493,73.35290683163244,60.00462370545532
*Oc1ccc(cc1)N=Cc1ccc(cc1)Oc1ccc(cc1)C(c1ccc(cc1)Oc1ccc(cc1)C=Nc1ccc(cc1)Oc1ccc(cc1)c1ccc(cc1)*)(C(F)(F)F)C(F)(F)F,tg,128.0,166.24516801438216,165.05802708556357,160.80333772078365,164.0355109402431
*OCCOCCOCCCNC(=O)C(NC(=O)C(NC(=O)CCCCCCCCC(=O)NC(C(=O)NC(C(=O)NCCC*)C(C)C)Cc1ccccc1)Cc1ccccc1)C(C)C,tg,66.0,50.91572984882208,49.149126754156896,59.36074742085007,53.14186800794301
*c1ncc(cc1)C(=O)Nc1cc(ccc1)Oc1ccc(cc1)C(=O)c1ccc(cc1)Oc1cc(ccc1)NC(=O)*,tg,154.0,161.50017167091164,171.51618789029837,170.42664884891565,167.81433613670856
*c1sc(cc1CCCCCCCCCCCC)c1ccc(cc1)c1sc(c(c1)CCCCCCCCCCCC)c1ccc(cc1)*,tg,-19.2,31.110772700931033,29.931956692854328,14.663048175647885,25.235259189811085
*c1nc2c(c(c1)c1ccccc1)cc(cc2)Oc1cc2c(nc(cc2c2ccccc2)c2ccc(cc2)C(c2ccc(cc2)*)(C(F)(F)F)C(F)(F)F)cc1,tg,260.0,294.5180120120476,289.2433095397944,283.81765786453866,289.19299313879355
*C(C*)(C(=O)OCc1cc(c(cc1)OCCOCCOCCOCC)OCCOCCOCCOCC)C,tg,-92.0,11.760978793678348,6.474167072588301,17.415226368071075,11.883457411445908
*C(C*)(C(=O)OCCOCC[N+](CCCCS(=O)(=O)O)(CC)CC)C,tg,95.0,14.068364113256962,12.222894864763546,-10.734397652323368,5.185620441899046
*C1(c2c(C(=O)O1)cccc2)c1ccc(cc1)Oc1ccc(cc1)P(=O)(c1ccc(cc1)Oc1ccc(cc1)*)C,tg,263.0,251.00559411372845,255.78150963683777,227.81387940643887,244.86699438566836
*Oc1ccc(cc1)NC(=O)c1ccc(cc1)Oc1ccc(cc1)C(=O)Nc1ccc(cc1)*,tg,274.0,238.57004859471724,219.99863642664437,239.302048233082,232.6235777514812
*O[Si](O[Si](O[Si](O[Si](CC[Si](O[Si](O[Si](O[Si](CC[Si](*)(c1ccccc1)c1ccccc1)(C)C)(C)C)(C)C)(C)C)(c1ccccc1)c1ccccc1)(c1ccccc1)c1ccccc1)(c1ccccc1)c1ccccc1)(c1ccccc1)c1ccccc1,tg,-4.5,10.12231691260968,15.399996493846928,14.042284573748379,13.188199326734996
*NC(=O)CCCCCCCCCCCCCCCCCCC(=O)NCCCCCCCCC*,tg,42.0,45.350740444219475,46.283771459398054,48.562382045455,46.732297983024175
*N1C(=O)c2c(C1=O)cc(cc2)Oc1ccc(cc1)C(c1ccc(cc1)Oc1cc2c(C(=O)N(C2=O)c2cc(ccc2)*)cc1)(C)C,tg,221.3,230.70970194624363,231.0760264378468,235.11429705795445,232.3000084806816
*C(C*)c1ccc(cc1)S(=O)(=O)OCCC,tg,217.0,52.648484162918486,58.70457886426897,59.16680310693076,56.839955378039406
*C(C*)(C(=O)OCCCCCCC(C(C(C(F)(F)F)(F)F)(F)F)(F)F)C,tg,23.0,18.54780325329828,12.266606281223119,13.422782847063358,14.745730793861584
*C1OC(CO1)CCCCOC(=O)CCCCCCC*,tg,-44.0,4.9041387031338095,-3.153589102673294,19.131514113277543,6.960687904579353
*C1C(=O)N(C(=O)C1C(C*)c1ccccc1)CCCCCCCCCCCC,tg,70.0,83.66919456804783,103.4306369797425,80.92786248613653,89.34256467797563
*Nc1ccc(cc1)Cc1ccc(cc1)NC(=O)NCCCCCCCCCCCCNC(=O)*,tg,51.0,26.22549665515945,38.07565062871211,28.040516209212157,30.78055449769457
*N1C(=O)c2c(C1=O)cc(cc2)Oc1ccc(cc1)C(=O)c1ccc(cc1)Oc1cc2c(C(=O)N(C2=O)c2cc(ccc2)*)cc1,tg,239.0,226.78381975170433,227.63139334511294,223.53071484879703,225.98197598187144
*c1nc2c(c(c1)c1ccc(cc1)Oc1ccc(cc1)c1ccccc1)cc(cc2)c1cc2c(nc(cc2c2ccc(cc2)Oc2ccc(cc2)c2ccccc2)c2ccc(cc2)c2ccc(cc2)*)cc1,tg,318.0,304.75919996006223,310.8843635302821,306.0814878816134,307.2416837906526
*N1CCN(CC1)CC(COc1ccc(cc1)C(c1ccc(cc1)OCC(C*)O)(C)C)O,tg,100.0,85.80553178358372,78.98563242806563,82.95752970589176,82.5828979725137
*c1c(nc2c(c1c1ccccc1)cc(cc2)c1cc2c(nc(c(c2c2ccccc2)c2ccc(cc2)c2ccc(cc2)*)c2ccccc2)cc1)c1ccccc1,tg,372.0,325.53268466243884,344.78156358259014,320.5035319723956,330.2725934058082
*Oc1ccc(cc1)S(=O)(=O)c1ccc(cc1)Oc1ccc(cc1)C=Nc1ccc(cc1)Oc1ccc(cc1)N=Cc1ccc(cc1)*,tg,162.0,178.70255428013073,180.8441075094383,200.9167777339624,186.8211465078438
*c1cc2c(C(=O)N(C2=O)c2cc(ccc2)Oc2ccc(cc2)N2C(=O)c3c(C2=O)cc(cc3)c2c(c(c(c(c2c2ccccc2)c2ccccc2)c2ccc(cc2)Oc2ccc(cc2)c2c(c(c(c(c2c2ccccc2)c2ccccc2)*)c2ccccc2)c2ccccc2)c2ccccc2)c2ccccc2)cc1,tg,309.0,302.52366293822615,295.92302358712135,287.6068102980788,295.3511656078088
*N(C(=O)CCCCCCCCCCC*)C,tg,-30.5,2.6692808579257687,3.4457991369032186,2.797019992785093,2.9706999958713602
*OC(COC(=O)*)COCCCC,tg,-24.0,-41.949525436173204,-30.078222674812338,-29.77556105499487,-33.93443638866014
*c1c2C(=O)N(C(=O)c2c(c2ccccc12)c1ccc(cc1)Oc1ccc(cc1)S(=O)(=O)c1ccc(cc1)Oc1ccc(cc1)*)c1ccc(cc1)F,tg,300.0,286.54726472950756,290.8555415767121,282.14785430424564,286.5168868701551
*OC(=O)CCSCCC(=O)OCCOCCOCC*,tg,-44.0,-49.25379784459991,-51.624197041650945,-48.52540717561316,-49.80113402062134
*OCCCC*,tg,-75.43,-60.59529822607407,-81.97499461809548,-75.93864052601604,-72.8363111233952
*c1cc2c(C(=O)N(C2=O)c2ccc(cc2)C(=O)OCCCCCOC(=O)*)cc1,tg,90.0,97.49709003118367,104.87641701268365,101.06841553018855,101.14730752468529
*Nc1ccc(cc1)NC(=O)c1cc(cc(c1)NC(=O)c1ccccc1)C(=O)*,tg,321.0,282.59187370575734,285.2891046697219,280.9191245307614,282.93336763541356
*N1C(=O)c2c(C1=O)c(ccc2)Oc1ccc(cc1)S(=O)(=O)c1ccc(cc1)Oc1c2c(C(=O)N(C2=O)c2ccc(cc2)Oc2cc(ccc2)Oc2ccc(cc2)*)ccc1,tg,230.0,236.00452744634168,235.7258975900359,232.33962282948494,234.69001595528752
*Oc1ccc(cc1)C(c1ccc(cc1)OC(=O)c1cc2c(C(CC2(c2ccc(cc2)C(=O)*)C)(C)C)cc1)(C)C,tg,265.0,231.80848879283488,251.88718199828725,221.4704317745495,235.05536752189053
*N1C(=O)c2c(C1=O)cc(cc2)Oc1ccc(cc1)Oc1cc2c(C(=O)N(C2=O)c2c(cc(cc2)Cc2cc(c(cc2)*)OC)OC)cc1,tg,269.0,233.62364462632289,236.4095767400643,226.61613777571398,232.21645304736705
*Nc1cc(ccc1)NC(=O)c1ccc(cc1)C(=O)Nc1cc(ccc1)NC(=S)NC(=O)c1cc(ccc1)C(=O)NC(=S)*,tg,254.0,250.90931629842223,250.75601858772302,250.62056140358305,250.76196542990942
*C(=C(*)C)SCCCCCCCCCC,tg,60.0,70.89922070215785,85.51418946917752,70.02541768767875,75.47960928633805
*OC(=O)C(NC(=O)C=CC(=O)NC(C(=O)OCCCC*)Cc1ccccc1)Cc1ccccc1,tg,103.0,101.59929825975735,89.79652339128984,90.50264376834936,93.96615513979884
*c1cc2c(C(=O)N(C2=O)c2ccc(cc2)Oc2c(cc(cc2C)Cc2cc(c(c(c2)C)Oc2ccc(cc2)N2C(=O)c3c(C2=O)cc(cc3)C(*)(C(F)(F)F)C(F)(F)F)C)C)cc1,tg,286.33,280.2869458780444,291.73119654923585,295.04990229914387,289.02268157547473
*OC(=O)CCCCCCCCCCCCC(=O)OCC(C*)CCCCCCOc1ccc(cc1)N=Nc1ccc(cc1)C#N,tg,21.5,23.747262278111005,22.618071691280377,18.154331619995173,21.506555196462187
*C(C*)C(=O)Oc1ccc(cc1)N=Nc1ccc(cc1)OC,tg,133.6,98.64372281444223,105.4236293817556,97.13436881066738,100.40057366895508
*NC(=O)CCCCCCCCCCCCCCCCC(=O)NCCc1ccc(cc1)CC*,tg,75.0,79.35542153512868,79.9082098609718,75.30739715267815,78.19034284959288
*O[Si](O[Si](O[Si](O[Si](c1ccc(cc1)Oc1ccc(cc1)[Si](*)(C)C)(C)C)(C)C)(C)C)(C)C,tg,-52.0,-57.50650731059278,-44.77475179789238,-54.85106956598198,-52.377442891489046
*Oc1ccc(cc1)NC(=O)c1ccc(cc1)NC(=O)c1ccc(cc1)[Si](c1ccc(cc1)C(=O)Nc1ccc(cc1)C(=O)Nc1ccc(cc1)*)(C)C,tg,304.0,283.2512461358105,259.89377721857676,296.3482117182487,279.8310783575453
*c1c2ccc(=O)cc2oc2cc(ccc12)OC(=O)c1c(cccc1)*,tg,250.0,209.2557496137787,256.56021140585693,209.332687142999,225.0495493875449
*Oc1ccc(cc1)C(c1ccc(cc1)OCCCCCCCC*)(C(F)(F)F)C(F)(F)F,tg,27.8,43.44926397537731,44.121439634411075,39.776974955443684,42.449226188410684
*Nc1c(cc(cc1)c1cc(c(cc1)NC(=O)c1cc(ccc1)C(=O)*)O)O,tg,386.0,245.78298758061217,263.5458015230275,252.93377313385244,254.08752074583072
*Oc1c(cc(c(c1)OC(=O)c1ccc(cc1)OCC(CC)C)OC(=O)CCCC(=O)*)OC(=O)c1ccc(cc1)OCC(CC)C,tg,60.0,73.86633507731943,74.67029969204992,80.35584937426769,76.29749471454568
*N=C(NCCCCCCCCCC*)c1ccccc1,tg,10.0,37.660301978885954,45.27857665017919,29.28650997388632,37.40846286765049
*C(C*)C(=O)OC(C(Cl)(Cl)Cl)Cl,tg,70.5,51.897091604142595,57.524458232014084,41.538178357085684,50.31990939774746
*c1sc(nn1)c1ccc(cc1)C(=O)OCCCCCCCCCCOC(=O)c1ccc(cc1)*,tg,79.0,74.21926663265513,74.60323899192383,69.53313288715698,72.78521283724531
*c1cc2c(C(=O)N(C2=O)c2ccc(cc2)Oc2cc3c(cc2)ccc(c3)Oc2ccc(cc2)N2C(=O)c3c(C2=O)cc(cc3)C(*)(C(F)(F)F)C(F)(F)F)cc1,tg,302.3,257.5030473413843,257.04273192154335,255.81122631985636,256.7856685275947
*Oc1ccc(cc1)Sc1ccc(cc1)OC(=O)*,tg,110.0,142.43714666048226,139.410242339163,117.3313165573442,133.05956851899649
*OC(C*)COCC,tg,-61.0,-56.09195999252292,-59.510940664247926,-70.61344130904614,-62.07211398860566
*Oc1ccc(cc1)S(=O)(=O)c1c2c(ccc1)c(ccc2)S(=O)(=O)c1ccc(cc1)Oc1ccc(cc1)c1ccc(cc1)*,tg,248.0,254.31259823126987,263.50761422674555,265.27782118234063,261.0326778801187
*OCOCC*,tg,-64.5,-62.31543496207346,-58.680222069656025,-62.33731364543528,-61.11099022572159
*C(C*)C(=O)OCCCOc1ccc(cc1)c1ccc(cc1)C#N,tg,51.55,50.11010488667379,56.4336169250675,56.87618116511151,54.473300992284265
*C(C*)OC,tg,-24.96,2.993123186473915,9.113607156066763,1.2272451834143123,4.444658508651664
*C1OCOC(C1(F)F)C(*)(F)F,tg,125.0,112.02182097871801,121.1290210214154,121.39632276323596,118.18238825445646
*C(C*)C(=O)c1cc(c(cc1)Br)OC,tg,44.0,88.0891437139135,87.01280019882108,102.23072335083074,92.44422242118844
*[Si](C*)(CCC)CCC,tg,-41.0,-58.675550576088504,-45.76191530707004,-56.31787409096214,-53.585113324706896
*Oc1ccc(cc1)Nc1ccc(cc1)S(=O)(=O)c1ccc(cc1)Nc1ccc(cc1)Oc1ccc(cc1)C(c1ccc(cc1)*)(C)C,tg,145.0,205.17664907508703,205.96003331741227,225.3432163545112,212.15996624900353
*N1C(=O)c2c(C1=O)cc(cc2)Oc1cc2c(C(=O)N(C2=O)c2c(cc(cc2C)C(c2cc(c(c(c2)C)*)C)c2cc(cc(c2)C(F)(F)F)C(F)(F)F)C)cc1,tg,281.9,274.36030732907653,280.97729437931764,273.84783134760374,276.3951443519993
*Oc1c(cc(cc1)OC(=O)c1ccc(cc1)C(=O)*)c1cc(ccc1)C(F)(F)F,tg,158.13,160.86079776188174,157.05569738710224,171.47011681277303,163.128870653919
*c1cc2c(C(=O)N(C2=O)c2ccc(cc2)C(=O)c2ccc(cc2)C(=O)c2ccc(cc2)N2C(=O)c3c(C2=O)cc(cc3)C(=O)*)cc1,tg,286.0,292.78103651024725,292.4669246601004,284.0230638501154,289.7570083401544
*[N+](CCCCCCCCCC*)(C)C,tg,66.69,-57.07835024512838,-41.18383590012738,-61.6992914954762,-53.32049254691066
*Oc1ccc(cc1)C1(c2ccccc2c2ccccc12)c1ccc(cc1)OC(=O)c1cc(ccc1)C(=O)*,tg,269.5,275.78106752787954,276.10297751264017,287.17458984227375,279.68621162759786
*OC(=O)c1ccc(cc1)C(=O)OCC(C(C*)CCC)CCC,tg,19.67,21.146483233755163,19.193805967663252,16.759250214362318,19.033179805260243
*Oc1c2c(c(cc1)c1c3c(c(cc1)OCCC*)cccc3)cccc2,tg,173.5,151.3011976252869,133.0623744256129,119.11001981055688,134.49119728715223
*Oc1cc(ccc1)OC(=O)c1cc(cc(c1)OCCCCC)C(=O)*,tg,96.0,91.06288411830066,67.22360056781174,88.75967320670333,82.34871929760524
*C(C*)(C(=O)OCC(F)(F)F)F,tg,117.75,91.07738640548922,78.2198166760655,87.0115025609,85.43623521415157
*c1ccc(cc1)c1c(cc(c(c1c1ccccc1)c1ccccc1)c1ccc(cc1)c1c(c(c(c(c1)c1ccccc1)c1ccc(cc1)CCCCCCCCCCCCCC*)c1ccccc1)c1ccccc1)c1ccccc1,tg,185.0,191.73278360266946,193.91977751819007,188.43135021905093,191.36130377997017
*Oc1cc(c(cc1)CCc1ccc(cc1)OCCCCCCCC*)C,tg,-12.1,14.865364167246641,13.162685466226222,13.749417687789066,13.92582244042064
*C(C*)c1ccc(cc1)B(Oc1c2ncccc2c(cc1)B1OC(C(O1)(C)C)(C)C)c1ccc(cc1)C(C)(C)C,tg,275.0,236.65947409493626,251.3676369160669,231.5433925424603,239.85683451782117
*Oc1cc(ccc1)NC(=O)c1ccc(cc1)Oc1ccc(cc1)C(c1cc(ccc1)C(c1ccc(cc1)Oc1ccc(cc1)C(=O)Nc1ccc(cc1)*)(C)C)(C)C,tg,147.0,172.3650146464341,163.56426158097787,164.07011040794185,166.6664622117846
*c1nc(nc(n1)N(CCCCCCN(*)c1ccccc1)c1ccccc1)c1ccccc1,tg,74.0,93.75320678732069,94.48994979387514,113.80732408997576,100.6834935570572
*C1C(=O)N(C(=O)C1*)CCCCCCCCOc1ccc(cc1)c1ccc(cc1)C#N,tg,43.0,67.86071750956559,72.77645811880068,70.03229909261228,70.22315824032619
*OC(C*)COC,tg,-62.0,-49.66142475890191,-56.100893705534105,-50.806327648202064,-52.18954870421269
*O[Si](CCCC(=O)Oc1ccc(cc1)C=Nc1ccc(cc1)Oc1ccc(cc1)N=Cc1ccc(cc1)OC(=O)CCC[Si](*)(C)C)(C)C,tg,52.0,72.04778160447916,62.958798696797516,65.06698755341313,66.6911892848966
*N1C(=O)c2c(C1=O)cc(cc2)Oc1cc2c(C(=O)N(C2=O)c2cc(cc(c2)C(F)(F)F)Oc2c(cc(cc2C)c2cc(c(c(c2)C)Oc2cc(cc(c2)C(F)(F)F)*)C)C)cc1,tg,252.2,258.7975269685783,258.50234806864216,263.2776536665533,260.1925095679246
*OC(=O)OCC(C*)OCCOc1ccc(cc1)C=Cc1ccc(cc1)[N+](=O)[O-],tg,53.0,56.43331207312333,57.57279895059314,57.53818869562416,57.18143323978021
*c1oc(nn1)c1c2c(c(cc1)Oc1c3c(c(cc1)C=Cc1ccc(cc1)Oc1c4c(c(cc1)*)cccc4)cccc3)cccc2,tg,241.0,239.24908586172782,255.7832822099859,238.7314517870949,244.58793995293618
*N1C(=O)c2c(C1=O)cc(cc2)Oc1cc2c(C(=O)N(C2=O)c2cc(ccc2)OCCOc2ccc(cc2)*)cc1,tg,178.5,188.93427474038373,181.23690762208676,178.83827888187864,183.00315374811638
*Oc1ccc(cc1)NC(=O)c1cc(cc(c1)C(C)(C)C)C(=O)Nc1ccc(cc1)OCCCCCC*,tg,166.0,145.54207543384626,145.6039703852331,131.42882394673248,140.85828992193728
*N1C(=O)C(=C(C1=O)c1ccccc1)c1ccc(cc1)C1=C(C(=O)N(C1=O)c1ccc(cc1)C1(c2ccccc2c2ccccc12)c1ccc(cc1)*)c1ccccc1,tg,325.67,329.75513214069906,334.7877273363013,340.7021465298024,335.08166866893424
*Oc1ccc(cc1)C(c1ccc(cc1)Oc1ccc(cc1)C(=O)c1ccc(cc1)Oc1ccc(cc1)C(=O)c1ccc(cc1)*)(C)C,tg,162.0,156.79904953372906,147.99061648975638,155.2295333626032,153.33973312869622
*N(CC*)C(=O)CC12CC3CC(CC(C1)C3)C2,tg,139.0,122.25014599924448,111.75985982101577,139.92657543128436,124.6455270838482
*Oc1ccc(cc1)Oc1ccc(cc1)Oc1ccc(cc1)c1ccc(cc1)Oc1ccc(cc1)Oc1ccc(cc1)Oc1c(cc(cc1)C(=O)c1cc(c(cc1)*)S(=O)(=O)O[Na])S(=O)(=O)O[Na],tg,348.0,292.33337934158044,275.21320812222143,239.70179301777415,269.0827934938587
*Oc1c(cc(c(c1)OC(=O)c1ccc(cc1)OCCCC)OC(=O)C(CCC(=O)*)(C)C)OC(=O)c1ccc(cc1)OCCCC,tg,61.0,65.08518439554767,72.25713815631192,54.132859236066494,63.825060595975366
*N1C(=O)c2c(C1=O)cc(cc2)Oc1cc2c(C(=O)N(C2=O)c2cc(c(cc2)Oc2c(cc(cc2)*)Br)Br)cc1,tg,251.0,250.41025330272254,257.5574964249988,261.78774930362937,256.58516634378356
*S(=O)c1ccc(cc1)Sc1cc(ccc1)Sc1ccc(cc1)*,tg,121.0,102.4189851706204,96.42026032772847,109.01860637057112,102.61928395630666
*Nc1c2c(ccc1)c(ccc2)NC(=O)c1cc(cc(c1)NC(=O)C(CCSC)N1C(=O)c2c(C1=O)cccc2)C(=O)*,tg,198.0,229.34699077024422,210.6399677205729,229.15968017206055,223.04887955429254
*C(C*)(C(=O)OC1C(CCCC1)C(C)(C)C)C,tg,156.13,116.44823815463434,124.65240692826393,113.84932740547833,118.31665749612553
*Oc1cc(ccc1)Oc1cc(c(cc1)C(=O)O)C(=O)Nc1ccc(cc1)Oc1ccc(cc1)c1ccc(cc1)Oc1ccc(cc1)NC(=O)c1c(ccc(c1)*)C(=O)O,tg,100.0,213.36132410829921,199.82764570551828,212.93559913528836,208.70818964970195
*Oc1cc(c(c(c1)Cl)C(c1c(cc(cc1Cl)OC(=O)*)Cl)(C)C)Cl,tg,240.0,162.72760680322662,159.13796483241495,173.86397429693872,165.24318197752677
*N1C(=O)c2c(C1=O)c(ccc2)Oc1ccc(cc1)C(=O)Nc1ccc(cc1)Oc1ccc(cc1)*,tg,253.0,267.49789777752943,250.7197788966248,278.5272284896065,265.5816350545869
*c1nc(ccc1)Oc1ccc(cc1)O*,tg,100.0,123.13943657926743,106.4362832119117,109.77168888499392,113.11580289205767
*C1C(=O)N(C(=O)C1C(C*)(C)C)c1c(cccc1CC)CC,tg,210.0,156.9148446291548,163.48092468019323,158.76931596975203,159.72169509303333
*C1C2C(C(=O)N(C2=O)CCCCCCCCCC)C(C1)C=C*,tg,46.0,53.43817219805716,55.53062934809029,54.032307019640136,54.33370285526252
*N1C(=O)c2c(C1=O)cc(cc2)Oc1ccc(cc1)Oc1cc2c(C(=O)N(C2=O)c2ccc(cc2)C(=O)c2ccc(cc2)*)cc1,tg,268.0,250.2125190588438,248.291852251349,253.8881426490412,250.79750465307802
*OC1CCC(CC1)OC(=O)*,tg,138.0,88.54454835394398,81.46630763738838,79.71136629347029,83.24074076160089
*Oc1ccc(cc1)S(=O)(=O)c1ccc(cc1)OCC(C*)OC(=O)C,tg,130.0,122.91404074260896,125.67649979993978,118.89596524642795,122.49550192965891
*c1cc2c(C(=O)N(C2=O)c2c(cc(cc2)Cc2cc(c(cc2)N2C(=O)c3c(C2=O)cc(cc3)C(*)(C(F)(F)F)C(F)(F)F)C(C)(C)C)C(C)(C)C)cc1,tg,274.0,284.0084120920461,291.8956806232658,288.0626178970962,287.98890353746935
*O[Si](*)(CCCCCCCCOc1ccc(cc1)C(=O)Oc1c(cc(cc1)C#N)C)C,tg,1.0,25.76398003139734,10.673991349530667,11.493831095439326,15.977267492122444
*Oc1ccc(cc1)NC(=O)c1cc(cc(c1)S(=O)(=O)c1ccccc1)C(=O)Nc1ccc(cc1)*,tg,279.0,280.673528704949,264.33614038615326,278.6742879297717,274.561319006958
*c1nnc(nc1)c1nc(ccc1)c1nc(cnn1)c1ccc(cc1)Oc1ccc(cc1)*,tg,223.0,259.88443716033476,249.96831898790663,246.52521000207165,252.125988716771
*c1nc2cc3c(cc2nc1c1ccccc1)nc(c(n3)c1cc(ccc1)*)c1ccccc1,tg,365.0,364.3206961234114,358.0169296472249,366.8275535915137,363.0550597873833
*c1cc2c(C(=O)N(C2=O)c2c(ccc(c2)N2C(=O)c3c(C2=O)cc(cc3)C(=O)OCCN(CCOC(=O)*)c2ccc(cc2)N=Nc2ccc(cc2)C(=C(C#N)C#N)C#N)N=Nc2ccc(cc2)C(=C(C#N)C#N)C#N)cc1,tg,121.0,199.87389146223404,191.31402305509903,182.3427858016496,191.17690010632757
*C(C*)c1ccc(cc1)C(=O)CCCCCCC,tg,50.0,38.18186034667184,39.30044120172471,36.9945703348005,38.158957294399016
*OP(=O)(N=Nc1ccc(cc1)c1ccc(cc1)N=NP(=O)(OCC1CCC(CC1)C*)OC)OC,tg,58.0,52.20134137931461,58.47322952187102,76.47865384142455,62.384408247536726
*O[Si](C#Cc1ccc(cc1)C#C[Si](*)(C)C)(C)C,tg,126.0,86.07977104015269,86.13975409409372,98.58087473252145,90.26679995558929
*C(C*)(CCC)C,tg,27.0,21.987071991897267,14.496782759543663,15.464198840767502,17.316017864069476
*C(C*)(C(=O)OCCCCCCOc1ccc(cc1)OC(=O)c1cc(c(cc1)OC)Br)C,tg,51.0,44.19391685762933,50.137038541398184,33.04631325716754,42.45908955206502
*c1c2c(C(=O)N(C2=O)N2C(=O)c3c(C2=O)c(ccc3)Sc2ccc(cc2)Sc2ccc(cc2)S*)ccc1,tg,266.0,253.04108156502463,257.9821747601099,256.68857767324647,255.90394466612702
*Oc1c(cc(cc1OC)c1cc(c(c(c1)OC)OC(=O)CCCCCCCCC(=O)*)OC)OC,tg,94.0,88.5716699439659,101.66590541102445,90.65179217786986,93.62978917762007
*NC(=O)NCc1ccc(cc1)CNC(=O)NCCCCCC*,tg,72.0,104.264441081112,113.16731659755727,98.99479502426031,105.4755175676432
*N1C(=O)c2c(C1=O)cc(cc2)S(=O)(=O)c1cc2c(C(=O)N(C2=O)c2cc(c(cc2)c2c(cc(cc2)*)C(F)(F)F)C(F)(F)F)cc1,tg,320.0,309.8615931025729,311.1079482497786,328.4032072638969,316.4575828720828
*Oc1ccc(cc1)CC(NC(=O)CCc1ccc(cc1)OC(=O)CCCCCCCCC(=O)*)C(=O)OCCCCCCCCCCCC,tg,12.5,20.932243147210542,24.278921041840547,38.7779933712739,27.996385853441666
*OC(=O)c1ccc(cc1)C(=O)OCCCCOC(=O)CCCCC(=O)OCCCC*,tg,-20.0,1.282203629939043,-5.802277656472313,3.6292458899145497,-0.2969427122062401
*Oc1cc2c(cc1)cc(cc2)C(=O)NCC*,tg,182.0,135.5880619640958,150.4714228927493,126.12683967596539,137.39544151093682
*NC(=O)CCC*,tg,62.18,60.397029239600805,48.18225042151444,77.56130472630433,62.04686146247318
*C(C*)(C(=O)OCCCCCCCCCCOc1cc2c(cc1)cc(cc2)C(=O)Oc1ccccc1)C,tg,24.0,39.47763645579413,36.411333602295585,40.71945304029334,38.86947436612768
*C(=CCCC*)c1ccc(cc1)Cl,tg,16.0,37.303444666303065,40.431836619511174,52.76661809556077,43.500633127125006
*NC(=O)c1c(cc(cc1)C(=O)NCCCCCCCCCCCC*)Oc1ccccc1,tg,75.0,92.29721304841307,91.0914356402474,100.44278248499516,94.6104770578852
*c1cc2c(C(=O)N(C2=O)c2cc(c(cc2)Oc2c(cc(cc2)N2C(=O)c3c(C2=O)cc(cc3)C(=O)Nc2ccc(cc2)Oc2ccc(cc2)NC(=O)*)c2ccccc2)c2ccccc2)cc1,tg,345.0,300.6295706928283,313.07403905767757,296.65019427049754,303.45126800700115
*Oc1ccc(cc1)CC(NC(=O)CCc1ccc(cc1)OC(=O)CCCC(=O)*)C(=O)OCCCCCCCC,tg,32.5,33.4392855032934,34.72474051573079,34.60742986434459,34.25715196112293
*N1C(=S)N(C(=O)CC1=O)c1ccc(cc1)Oc1ccc(cc1)C1(c2ccccc2c2ccccc12)c1ccc(cc1)Oc1ccc(cc1)*,tg,175.0,222.08612485352603,229.9685774390158,240.66877838515433,230.9078268925654
*c1c(nc2c(n1)cc(cc2)c1cc2c(nc(c(n2)c2cc(ccc2)*)c2ccccc2)cc1)c1ccccc1,tg,320.0,351.94799281356353,355.17719974165163,355.8003356852387,354.3085094134846
*NC(=O)C(C(C(=O)NCCCC*)OC)OC,tg,100.0,110.50741630846159,98.48698991938136,98.77560217754528,102.59000280179608
*N1C(=O)c2c(C1=O)cc(cc2)C(c1cc2c(C(=O)N(C2=O)CC(=O)Nc2ccc(cc2)Oc2ccc(cc2)c2ccc(cc2)Oc2ccc(cc2)NC(=O)C*)cc1)(C(F)(F)F)C(F)(F)F,tg,245.0,245.6195674894761,243.83364809880425,245.3568439318317,244.93668650670404
*Oc1c(cc(cc1)OC(=O)c1c(cc(cc1)C(=O)*)Sc1ccccc1)c1ccccc1,tg,130.0,155.40276589308257,157.9580938117765,147.93539889085136,153.7654195319035
*Oc1ccc(cc1)NC(=O)c1ccc(cc1)Oc1ccc(cc1)C(c1ccc(cc1)C(c1ccc(cc1)Oc1ccc(cc1)C(=O)Nc1ccc(cc1)*)(C)C)(C)C,tg,174.0,171.53307011166012,173.9073063425173,168.3026289405011,171.24766846489285
*OC(=O)C(=O)OCCCCCC*,tg,66.5,6.092847055466044,-15.644093439077096,3.62249068887642,-1.9762518982448771
*Oc1ccc(cc1)Oc1ccc(cc1)NC(=O)c1ccc(cc1)Oc1c(cc(cc1)Oc1ccc(cc1)C(=O)Nc1ccc(cc1)*)C,tg,200.0,218.2647655421512,216.45883953844407,228.042118908999,220.92190799653142
*S(=O)(=O)C(C=CC*)C,tg,71.0,56.65121244617834,53.95675039041991,51.091508139672065,53.89982365875678
*Oc1ccc(cc1)C1(c2ccccc2c2ccccc12)c1ccc(cc1)OC(=O)CCCCCCCCC(=O)*,tg,151.0,119.52754730092441,145.40715462718995,122.0965721317735,129.01042468662928
*c1cc2c(C(=O)N(C2=O)c2ccc(cc2)Oc2ccc(cc2)C(=O)c2nc(ccc2)C(=O)c2ccc(cc2)Oc2ccc(cc2)N2C(=O)c3c(C2=O)cc(cc3)C(=O)*)cc1,tg,314.5,221.57940491367864,218.54320993747456,214.40595768798175,218.17619084637832
*Oc1ccc(cc1)C1(c2ccccc2c2ccccc12)c1ccc(cc1)Oc1ccc(cc1)C(=O)c1c(c(c(c(c1c1ccccc1)c1cc2c(cc1)cccc2)c1cc2c(cc1)cccc2)c1ccccc1)C(=O)c1ccc(cc1)*,tg,310.0,308.2556733330497,296.64831107910936,319.0506088200137,307.98486441072424
*Oc1ccc(cc1)S(=O)(=O)c1cc2c(cc1)ccc(c2)S(=O)(=O)c1ccc(cc1)*,tg,250.0,221.50119252134496,224.47653158124552,232.242712795174,226.0734789659215
*Oc1c2c(ccc1)ccc(c2)Oc1ccc(cc1)NC(=O)c1ccc(cc1)Oc1c(cccc1)Oc1ccc(cc1)C(=O)Nc1ccc(cc1)*,tg,180.0,190.7275676274524,204.28676627293638,188.8589520449695,194.62442864845275
*Oc1ccc(cc1)NC(=O)c1cc(cc(c1)NC(=O)CCN1C(=O)c2c(C1=O)cccc2)C(=O)Nc1ccc(cc1)*,tg,240.0,223.933458852647,238.58646841338913,232.1189244032231,231.54628388975308
*Oc1ccc(cc1)C(c1ccc(cc1)OC(=O)c1ccc(cc1)C(c1ccc(cc1)C(=O)*)(C)C)(C)C,tg,227.5,196.82873781999956,191.70386328332452,194.39005038086782,194.30755049473063
*OC(=O)/C=C/C(=O)OCCCC*,tg,93.0,18.53947577301903,28.3538059371636,42.78031204329684,29.891197917826492
*Oc1ccc(cc1)NC(=O)c1ccc(cc1)P(=O)(c1ccc(cc1)C(=O)Nc1ccc(cc1)*)c1ccccc1,tg,254.0,283.62927795318564,274.0127600331341,284.9253709485923,280.855802978304
*N(CCC*)C(=O)C,tg,30.0,52.15828155329758,33.55767568543034,48.76237728485427,44.82611150786073
*C(C*)c1ccc(cc1)COCCCCCC,tg,-20.0,7.266983536567196,-1.2096265531405095,13.491644394568393,6.516333792665026
*C(C*)(CC(=O)Oc1ccccc1)C(=O)Oc1ccccc1,tg,132.0,119.77876986325248,110.66511727616837,117.8659757568392,116.10328763208668
*N1C(=O)c2c(C1=O)cc(cc2)Oc1cc2c(C(=O)N(C2=O)c2ccc(cc2)Oc2ccc(cc2)C(c2ccc(cc2)Oc2ccc(cc2)*)(C(F)(F)F)C(F)(F)F)cc1,tg,246.0,239.06808003926201,238.98141142833873,238.58170658020944,238.87706601593675
*c1cc2c(C(=O)N(C2=O)c2c(cc(c(c2C)N2C(=O)c3c(C2=O)cc(cc3)C(*)(C(F)(F)F)C(F)(F)F)C)C)cc1,tg,366.25,371.29487731190744,364.38307719335484,371.2308000601917,368.96958485515137
*c1cc2c(C(=O)N(C2=O)c2ccc(cc2)Oc2c3c(ccc2)c(ccc3)Oc2ccc(cc2)N2C(=O)c3c(C2=O)cc(cc3)C(=O)Nc2ccc(cc2)c2sc(c(c2c2ccccc2)c2ccccc2)c2ccc(cc2)NC(=O)*)cc1,tg,340.0,308.4079035531479,292.71389094678347,287.02923937538367,296.050344625105
*c1cc2c(C(=O)N(C2=O)c2ccc(cc2)C(c2ccc(cc2)C(c2ccc(cc2)N2C(=O)c3c(C2=O)cc(cc3)C(=O)*)(C)C)(C)C)cc1,tg,323.4,297.3375856283577,287.22909800681646,298.99431589901536,294.52033317806314
*N1C(=O)c2c(C1=O)cc(cc2)Oc1cc2c(cc1)cc(cc2)Oc1cc2c(C(=O)N(C2=O)c2ccc(cc2)Oc2ccc(cc2)c2ccc(cc2)Oc2ccc(cc2)*)cc1,tg,230.0,220.80823988824997,224.56119531268087,217.64614322910955,221.00519281001348
*Oc1ccc(cc1)Oc1ccc(cc1)OCCCCCCOC(=O)OCCCCCOC(=O)OCCCCCC*,tg,-11.0,-13.928274396983014,-6.018673604310777,-10.771517013507793,-10.239488338267195
*N1C(=O)c2c(C1=O)cc(cc2)C(=O)Oc1ccc(cc1)OC(=O)c1cc2c(C(=O)N(C2=O)CCCOCCCCOCCC*)cc1,tg,56.0,77.55247632385415,67.222138157548,80.61403094811952,75.12954847650722
*c1cc2c(C(=O)N(C2=O)c2ccc(cc2)Oc2ccc(cc2)C2(c3c(C(=O)N2)cccc3)c2ccc(cc2)Oc2ccc(cc2)N2C(=O)c3c(C2=O)cc(cc3)C(=O)Nc2ccc(cc2)Oc2ccc(cc2)Oc2ccc(cc2)NC(=O)*)cc1,tg,300.0,300.1170016195426,306.99205749803264,303.979315313441,303.69612481033874
*N=P(*)(Oc1cc(ccc1)C(F)(F)F)Oc1cc(ccc1)C(F)(F)F,tg,-35.0,6.755313312364696,16.90018840422347,25.629006341004516,16.428169352530894
*N1C(=O)c2c(C1=O)cc(cc2)c1cc2c(C(=O)N(C2=O)c2ccc(cc2)Cc2ccc(cc2)*)cc1,tg,298.0,290.01135984034306,290.0184556917074,293.5989589353375,291.2095914891293
*C(C*)C(=O)OC,tg,10.78,34.006470812885475,35.8213336828353,53.49156419326728,41.10645622966269
*N(CC*)C(=O)CCCC,tg,13.0,21.039479520268387,16.023208531822632,13.32900484573815,16.797230965943054
*c1oc(nn1)c1c(cc(cc1)c1oc(nn1)CN1C(=O)c2c(C1=O)cc(cc2)C(c1cc2c(C(=O)N(C2=O)C*)cc1)(C(F)(F)F)C(F)(F)F)Oc1ccccc1,tg,208.0,224.59712939635997,220.9898473572032,231.12049863231164,225.56915846195827
*Oc1ccc(cc1)S(=O)(=O)c1ccc(cc1)Oc1ccc(cc1)C(=O)c1ccc(cc1)*,tg,201.67,189.7472959884985,186.28747144517166,194.38923178470597,190.14133307279204
*c1cc2C(c3c(c2cc1)ccc(c3)c1ccc(cc1)c1c(c(cc(c1)c1ccc(cc1)OCC(CCCC)CC)c1ccc(cc1)*)c1ccc(cc1)OCC(CCCC)CC)(CCCCCC)CCCCCC,tg,110.0,124.15280565400266,119.5381300993557,122.66390444931184,122.11828006755673
*C(C*)(C(=O)OCCO)C,tg,83.78,58.45063616432107,51.26303504000906,62.15204418236634,57.288571795565495
*C(C*)(c1ccc(cc1)C)C,tg,175.4,126.2991181424663,131.32705295293025,120.34639637011286,125.99085582183648
*c1ccc2n(c3c(c2c1)cc(cc3)C=Cc1ccc(cc1)c1n(c(nn1)c1ccc(cc1)C=C*)c1ccccc1)CCCCCCCC,tg,147.0,146.61626609121302,163.9081323487825,144.68308675774256,151.735828399246
*C(C*)(C(=O)OCCCCCCOc1ccc(cc1)C(=O)Oc1ccc(cc1)C#N)C,tg,43.0,48.285013419108346,37.552613565783005,38.554001431462545,41.463876138784634
*N1C(=O)c2c(C1=O)cc(cc2)Oc1ccc(cc1)Sc1ccc(cc1)Oc1cc2c(C(=O)N(C2=O)c2ccc(cc2)*)cc1,tg,230.67,247.01857793981443,244.4717769721882,246.52695072425809,246.00576854542024
*SCCC(=O)NCCCCCCNC(=O)CC*,tg,20.5,17.223307587316956,26.709694350773233,31.161677946516072,25.031559961535418
*Oc1c(cc(cc1)Oc1ccc(cc1)C(=O)c1ccc(cc1)C(=O)c1ccc(cc1)*)c1ccccc1,tg,166.0,157.13987364399475,168.42918968294686,151.8380995218491,159.1357209495969
*Oc1cc(ccc1)Oc1cc(ccc1)OC(=O)*,tg,71.0,85.45830813802775,73.87629451355421,96.78471086348755,85.37310450502316
*O[Si](O[Si](O[Si](*)(c1c(c(c(c(c1F)F)F)F)F)c1c(c(c(c(c1F)F)F)F)F)(C)C)(C)C,tg,-42.0,54.38939900339431,-9.894609154681604,37.78882348309358,27.427871110602098
*Nc1c(cccc1)CCc1c(cccc1)NC(=O)Nc1ccc(cc1)CCc1ccc(cc1)NC(=O)*,tg,235.0,175.43685738799132,170.048281913021,193.25972348508097,179.58162092869773
*N1C(=O)c2c(C1=O)cc(cc2)Oc1cc2c(C(=O)N(C2=O)c2cc(ccc2)OCCOCCOCCOc2ccc(cc2)*)cc1,tg,107.0,136.88720396936304,132.470489729072,143.01382478600127,137.45717282814542
*OC(=O)Nc1ccc(cc1)Cc1ccc(cc1)NC(=O)OCCN(CC*)CCCCCCOc1ccc(cc1)N=Nc1ccccc1,tg,44.0,77.37767608129208,72.2802774259665,81.91483728941216,77.19093026555691
*Nc1c2c(ccc1)c(ccc2)NC(=O)Nc1cc(cc(c1)C(=O)Nc1ccc2C(=O)c3c(C(=O)c2c1)cccc3)NC(=O)*,tg,178.0,211.00988031249616,215.25556735963332,256.985541614379,227.75032976216949
*OC(=O)c1ccc(cc1)N=Cc1c(cc(c(c1)OCCCCCC)C=Cc1c(cc(c(c1)OCCCCCC)C=Cc1c(cc(c(c1)OCCCCCC)C=Nc1ccc(cc1)C(=O)OCCCCOCCCCOCCCC*)OCCCCCC)OCCCCCC)OCCCCCC,tg,14.3,72.47630421156224,60.437606186202416,70.62320496577689,67.84570512118052
*N1C(=O)c2c(C1=O)c(ccc2)Oc1ccc(cc1)Oc1ccc(cc1)Oc1c2c(C(=O)N(C2=O)c2cc(ccc2)*)ccc1,tg,238.0,237.0774293051025,224.5005165307167,231.99989186359826,231.1926125664725
*c1cc2c(C(=O)N(C2=O)c2ccc(cc2)C(c2ccc(cc2)N2C(=O)c3c(C2=O)cc(cc3)C(=O)*)(c2ccccc2)C(F)(F)F)cc1,tg,311.0,320.094823847761,318.22230124901444,324.5529140067115,320.95667970116233
*Oc1ccc(cc1)S(=O)(=O)c1ccc(cc1)Oc1ccc(cc1)C1(CCCCCC1)c1ccc(cc1)*,tg,247.0,204.07152257261438,217.2012411069298,214.80498894457887,212.02591754137435
*S(=O)(=O)c1ccc(cc1)NC(=O)CCCCCCCC(=O)Nc1ccc(cc1)*,tg,178.0,123.8908536983619,131.92172105027453,124.48841187795378,126.76699554219674
*Oc1ccc(cc1)S(=O)c1ccc(cc1)Oc1ccc(cc1)C=NN=Cc1ccc(cc1)*,tg,151.0,168.90542414118943,181.23440237954708,178.82540790115738,176.32174480729796
*OC(=O)c1ccc(cc1)C(=O)OCC*,tg,77.74,75.99896554646094,76.42947016821503,82.85855234691392,78.42899602052996
*Oc1ccc(cc1)S(=O)(=O)c1ccc(cc1)Oc1ccc(cc1)C(c1ccc(cc1)*)(C)C,tg,183.86,186.80005945467894,194.18358143278928,186.70295521742506,189.22886536829776
*C(C*)OCCCCC,tg,-66.0,-66.1524875041269,-57.43792495595176,-66.58904088015706,-63.3931511134119
*OC(=O)NCCCCCCNC(=O)OCCCC*,tg,38.12,18.62771622193787,25.51501920766468,14.97358569051963,19.70544037337406
*C(C*)(C(=O)OCCCCCCN1CCN(CC1)c1ccc(cc1)N=Nc1ccc(cc1)C#N)C,tg,77.0,79.30329607353232,78.45911969766206,82.33190486181738,80.03144021100393
*C1(c2c(C(=O)O1)cccc2)c1c(cc(c(c1)C(C)C)Oc1ccc(cc1)S(=O)(=O)c1ccc(cc1)Oc1c(cc(c(c1)C)*)C(C)C)C,tg,230.0,242.6714959054823,247.29811905430267,244.4373071280127,244.8023073625992
*N1C(=O)c2c(C1=O)cc(cc2)Oc1cc2c(C(=O)N(C2=O)c2c(ccc(c2)C(c2cc(c(cc2)OCCN(c2ccc(cc2)C=CC2=CC(=C(C#N)C#N)CC(C2)(C)C)CC)*)(C(F)(F)F)C(F)(F)F)OCCN(c2ccc(cc2)C=CC2=CC(=C(C#N)C#N)CC(C2)(C)C)CC)cc1,tg,202.0,197.75353601347885,208.31949280769328,199.7418509713623,201.93829326417813
*c1sc2c(n1)ccc(c2)c1ccc2c(sc(n2)CCCCCCCC*)c1,tg,238.0,128.10157845181672,116.65769494967702,107.72212904511606,117.4938008155366
*c1nc2c(c(c1)c1ccc(cc1)Oc1ccc(cc1)c1cc(nc3c1cccc3)c1ccc(cc1)Oc1ccc(cc1)*)cccc2,tg,275.67,270.45925347503,274.5155593430118,273.58840693316404,272.8544065837353
*OS(=O)(=O)c1ccc(cc1)*,tg,119.0,130.66945176503776,157.27635243155035,140.95335935820793,142.96638785159868
*Oc1ccc(cc1)Oc1ccc(cc1)C(=O)c1c(c(c(c(c1c1ccc(cc1)F)c1ccc(cc1)F)c1ccc(cc1)F)c1ccc(cc1)F)C(=O)c1ccc(cc1)*,tg,266.0,262.19655281841926,254.818732508727,254.3840972642093,257.1331275304519
*Oc1c(cc(cc1)C(c1cc(c(cc1)OC(=O)c1ccc(cc1)C(=O)*)C(C)C)(C)C)C(C)C,tg,130.0,127.40382679378664,117.75663962563179,125.68396180722107,123.61480940887982
*N=P(*)(OCCc1ccccc1)OCCc1ccccc1,tg,-32.7,-29.19851205624991,-27.718013733850597,-5.182187164089193,-20.6995709847299
*OP(=O)(Oc1c(cc(cc1Br)C(c1cc(c(c(c1)Br)*)Br)(C(F)(F)F)C(F)(F)F)Br)Oc1ccc(cc1)Br,tg,152.0,145.93102273030786,147.21483230892954,146.10104297612347,146.41563267178697
*NC(=O)CCCCC(=O)NCCCP(=O)(CCC*)c1ccccc1,tg,55.0,51.998748215658495,46.96599778887503,57.998404095758374,52.32105003343063
*OC(=O)CCC(=O)OCCCC*,tg,-22.65,-7.881608466947553,-8.648991780411308,-19.475791615743212,-12.002130621034025
*c1cc2c(C(=O)N(C2=O)c2cc(cc(c2)OCCCC)N2C(=O)c3c(C2=O)cc(cc3)C(=O)*)cc1,tg,244.0,250.27374484675664,247.16523421093572,242.54232955032413,246.66043620267214
*Oc1ccc(cc1)Oc1ccc(cc1)C=NCCCCCCCCCCCCN=Cc1ccc(cc1)*,tg,118.0,83.52963657273153,88.06751565045307,84.37041524868688,85.32252249062383
*c1sc(c(c1c1ccccc1)c1ccccc1)c1ccc(cc1)CC(=O)Nc1ccc(cc1)c1ccc(cc1)NC(=O)Cc1ccc(cc1)*,tg,272.0,249.1905177603957,243.04746838316993,230.1535525112578,240.7971795516078
*NC(=O)c1cc(ccc1)C(=O)NCCCC*,tg,141.0,161.86085076577524,152.202450456359,155.85853399267,156.64061173826806
*Oc1ccc(cc1)Oc1ccc(cc1)C=NCCCCN=Cc1ccc(cc1)*,tg,105.0,102.89992429414804,103.69622589309148,114.79938174034102,107.13184397586018
*N1C(N2N(C1=O)C(N(C2=O)c1ccc(cc1)Oc1ccc(cc1)*)c1ccc(cc1)OC)c1ccc(cc1)OC,tg,163.0,202.32700986569512,221.00277074531022,208.42132964793294,210.5837034196461
*C(C*)(C(=O)OCCCCCCOc1ccc(cc1)C=Nc1ccc(cc1)C#N)C,tg,35.0,57.756362433971475,68.48176187477854,60.83563580557305,62.35792003810769
*c1cc2c(C(=O)N(C2=O)c2cc(ccc2)C(c2cc(ccc2)N2C(=O)c3c(C2=O)cc(cc3)C(*)(C(F)(F)F)C(F)(F)F)(c2ccccc2)C(F)(F)F)cc1,tg,305.0,271.35112496213077,280.1485372035204,275.0984031114043,275.5326884256852
*c1ccc2n(c3c(c2c1)cc(cc3)c1cc2C(c3c(c2cc1)ccc(c3)*)(CCCCCC)CCCCCC)c1ccccc1,tg,170.0,159.8621453795263,165.74899801102623,149.2633853185123,158.2915095696883
*CCCCOC(=O)NC1CCC(CC2CCC(NC(=O)O*)CC2)CC1,egc,6.1232,6.241209288492878,6.2726911729082175,6.19405805531339,6.235986172238163
*CCCCCc1nnc(*)o1,egc,6.1707,6.1974731897030475,6.015577717346873,6.254152902209371,6.15573460308643
*C(OC(F)(F)F)C(*)(F)F,egc,8.5308,7.776675607605127,7.792984325258073,7.768044447499121,7.7792347934541075
*C(F)(F)CC(F)(F)C(=O)*,egc,4.9534,6.837142127772624,6.124369895767097,6.8211599171799735,6.5942239802398985
*CCCCCCCCc1nc(-c2ccc(-c3csc(*)n3)cc2)cs1,egc,3.6182,3.9558339557613045,3.66095460939378,3.616727912387168,3.7445054925140844
*CNC(=O)CC(=O)N*,egc,6.3692,5.6138805025742595,5.657807078104823,5.768390239624023,5.680025940101035
*Oc1ccc(C(C)(C)c2ccc(OC(=O)SCCCSC(*)=O)cc2)cc1,egc,4.8294,4.505631375874809,4.5392882206350516,4.571277274761667,4.538732290423842
*c1ccc(Oc2ccc(S(=O)(=O)c3ccc(Oc4ccc(-c5c6c(c(*)c7ccccc57)C(=O)N(c5ccccc5)C6=O)cc4)cc3)cc2)cc1,egc,3.4421,2.9823544856178557,2.962136033257592,2.9707982454946107,2.9717629214566856
*Nc1ccc(Cc2ccc(NC(=O)c3cc(C(*)=O)cc(N4C(=O)C=CC4=O)c3)cc2)cc1,egc,2.1937,3.39249903018323,3.244328947343269,3.457628615380879,3.364818864302459
*OC(=O)C(CC(C)C)NC(=O)CCCCC(=O)NC(CC(C)C)C(=O)OC1COC2C(*)COC12,egc,5.6427,4.968861767785797,5.769614890390638,5.632887345031164,5.457121334402533
*Oc1ccc(CC(NC(=O)Cc2ccc(OC(=O)CC(C)CCC(*)=O)cc2)C(=O)OCCCCCC)cc1,egc,4.8662,5.144050460734078,5.1648851092881385,5.206572434159345,5.171836001393854
*CNC(=O)NCOC(=O)NCCCCCCNC(=O)O*,egc,6.3471,6.101289513902335,6.024739170620459,6.278747521075521,6.134925401866105
*C(C=C1)=CC=C1C(S2)=CC=C2C(S3)=CC=C3C(S4)=CC=C4*,egc,2.0066,2.5588954226777925,2.4768657679568857,2.625947742962366,2.553902977865681
*NC(C)C(*)=O,egc,6.0729,5.613535699998982,5.72933997197748,5.475210862858729,5.606028844945063
*OC(CC(*)=O)C1CO1,egc,6.757,6.06834510038965,5.94694403390978,5.943539423778681,5.9862761860260365
*Oc1ccc(C(C)=NCCN=C(C)c2ccc(*)cc2)cc1,egc,4.4026,3.637399180019891,3.611146538939837,3.729622225015781,3.659389314658503
*C(=O)C(O)c1ccc(*)s1,egc,4.0132,3.422561302802948,3.050661284108104,4.075930208626657,3.516384265179236
*CC(*)c1cccc(C)c1,egc,5.185,3.755654886317349,4.6829727254862705,4.161639589316777,4.200089067040132
*CC(*)C(=O)OCCCSCC,egc,4.5768,4.541874726584704,4.998089990359445,4.749911644639952,4.7632921205280345
*CCCCCCCCNC(=O)CC(=O)N*,egc,6.004,5.8937903476111,5.885364269584537,5.847928354635011,5.875694323943549
*CCOCCOCCOC(=O)c1cccc(C(=O)O*)c1,egc,4.9478,4.904481472804041,4.776453492847887,4.857517957918556,4.846150974523495
*C(=O)c1ccc2c(c1)C(=O)N(c1cc(C(=O)OC)cc(N3C(=O)c4ccc(*)cc4C3=O)c1)C2=O,egc,3.4437,3.178082254826481,2.962236218972472,3.053168041915319,3.0644955052380904
*CCCCCCCOc1ccc(C=CC=Cc2ccc(O*)c(C)c2)cc1C,egc,3.4306,3.078704110625942,3.3936666558064563,3.575809388347991,3.3493933849267967
*CCCCCCCCNC(=O)Cc1ccc(CC(=O)N*)cc1,egc,5.1086,4.998091658052546,5.073487323218484,5.375806780096521,5.149128587122518
*CC(*)SCC,egc,4.9086,4.431431995936609,5.02892609238926,4.399481100509471,4.619946396278446
*C=C(*)c1ccc(C#C)cc1,egc,0.2378,0.6965858996316101,0.690408799650437,0.702085649356774,0.6963601162129404
*C1(C)CC(*)(C)C(=O)N(C)C1=O,egc,5.3373,5.049019440684545,5.198206867656508,5.373365461815999,5.206863923385684
*NC(=S)C(C=C1)=CC=C1O*,egc,3.2939,3.0715411224410882,2.4419594650464607,3.464281862475448,2.992594149987666
*C(=O)c1ccc2c(c1)C(=O)N(c1ccc(-c3nc(-c4ccccc4)nc(-c4ccc(N5C(=O)c6ccc(*)cc6C5=O)cc4)n3)cc1)C2=O,egc,2.8991,2.550889437736296,2.466847890075523,2.5518361713084547,2.5231911663734246
*CC(=O)C(C=C1)=CC=C1C(C=C2)=CC=C2*,egc,3.9429,3.395488404545825,3.6920463983001772,2.810639630189884,3.299391477678629
*C=Cc1cccc(C=Cc2cc(*)ncn2)c1,egc,3.4013,2.6461939396682417,3.3661588530562296,2.8567362855152902,2.95636302607992
*c1cc(OCCCCCCC)c(*)s1,egc,1.6057,2.4223523323987726,2.394682925888592,2.365076004805785,2.3940370876977166
*c1cc(-n2c(=O)c3cc4c(=O)n(-c5ccc(-c6nnc(*)n6N)cc5)c(=O)c4cc3c2=O)c(-c2c(Cl)cccc2Cl)s1,egc,2.1911,1.815223195959305,2.0876120481117235,1.8796221430747442,1.9274857957152578
*CC(CO*)(CS(=O)(=O)CCCC)CS(=O)(=O)CCCC,egc,5.4465,5.414389067813391,5.170690169532463,6.002607694413328,5.529228977253061
*CCOC(=O)CCCCCC(=O)O*,egc,6.8822,6.690064744521587,6.641758124229538,6.685808636073705,6.67254383494161
*NC(=O)NC(S1)=CC=C1*,egc,3.228,3.6408432706755263,3.7539439046615466,3.28677342390056,3.5605201997458775
*c1nc(C)nc(N(CCCCCCN(*)c2ccccc2)c2ccccc2)n1,egc,3.751,3.5363905368137494,3.693718484878711,3.8860376225718807,3.70538221475478
*CCCCCCCCO*,egc,6.1709,6.230492825300318,6.2386500680244,6.30078221937239,6.256641704232369
*CCOC(=O)C1C2C=CC(C2)C1C(=O)O*,egc,5.7779,5.484840281882355,4.775998317639959,5.4117464211263675,5.224195006882894
*c1ccc2c(c1)SC1(CCC3(CC1)Nc1ccc(*)cc1S3)N2,egc,3.8947,3.2760333375424904,3.166808103417442,3.0381078100043513,3.160316416988094
*NC(CC(*)=O)C(=O)OCCCCCCCC,egc,5.5889,6.024451695985705,6.017533064004183,5.9712128519133,6.004399203967729
*Oc1ccc(Oc2ccc(C=NCCCCN=Cc3ccc(*)cc3)cc2)cc1,egc,4.1246,4.081682710567338,4.044343999100833,4.151227274303059,4.092417994657077
*CNC(S1)=CC=C1C(=S)*,egc,2.4271,3.1009863091382095,2.581432788926082,3.0368324737860766,2.9064171906167893
*O[Si](c1ccccc1)(c1ccccc1)c1cccc(*)c1,egc,4.6928,4.001269056117188,4.23607681957522,4.539680585673135,4.259008820455182
*C(S1)=CC=C1C(S2)=CC=C2C(S3)=CC=C3O*,egc,2.5408,2.7653531521427657,2.6424233772705823,2.6983527538815886,2.702043094431646
*CCCCCCCCCCCCCCCCCCCCOC(=O)CC(=O)O*,egc,6.2688,6.531708684817436,6.486478167837877,6.445589614557431,6.487925489070914
*CCCOC(=O)CCCCCCCCCCC(=O)O*,egc,6.5126,6.661356263887175,6.723751366008726,6.691324393319472,6.692144007738457
*Oc1cccc(NC(=O)c2ccc(*)cc2)c1,egc,4.3679,4.025951562858862,4.20698439993418,4.0967602051827825,4.109898722658609
*CC1CCC(COC(=O)CCCCCCCCCCC(=O)O*)CC1,egc,6.723,6.795428234270015,6.537673881286053,6.446768069372482,6.59329006164285
*OC(C)CCOC(=O)CCCCCCCCCCC(*)=O,egc,6.742,6.454530843549316,6.57330280817887,6.723033359348632,6.583622337025606
*CCCCCCCCOC(=O)CC=CCC(=O)O*,egc,6.197,5.888442572752258,6.053604529426493,5.829035080868962,5.923694061015905
*C=Cc1ccc2c(c1)Sc1cc(*)ccc1N2CCCCCCCC,egc,2.6367,3.0100102958297237,2.7699912918321767,3.1748580441255867,2.984953210595829
*CCCCCCCCCCOC(=O)CCCC(=O)O*,egc,6.7292,6.690263187124761,6.602355557732674,6.653513514161701,6.648710753006379
*CCCCCCCCCCCCCCCCCCNC(=O)NCCCCCCCCCCNC(=O)N*,egc,5.6443,5.621673666828835,5.75238508752059,5.629594703854178,5.667884486067867
*c1cc(CCOC(=O)C(C)Br)c(*)s1,egc,2.3659,2.7665903757634136,2.808013008732515,2.771411670591248,2.782005018362392
*CCCOC(=O)O*,egc,7.1953,7.345849683982284,7.101403239285163,7.0672699386971445,7.1715076206548645
*OC(C)(CC(*)=O)C(F)(F)F,egc,6.2535,6.410626455412337,6.729611138413072,6.787785083794513,6.642674225873307
*NNC(=O)c1cccc(C(=O)NNC(=S)c2cccc(C(*)=S)c2)c1,egc,3.2068,3.081108426676916,3.2461872411840753,3.0798173029282996,3.13570432359643
*c1ccc(-c2cc(C(=O)OCCCCCCCCCCCC)c(*)s2)s1,egc,2.5061,1.891515869930572,1.8685294296218815,2.005866959399719,1.9219707529840575
*NNC(=S)c1ccc(C(*)=S)cc1,egc,3.4154,1.814291661184231,1.9631094209321578,2.2716995156628084,2.016366865926399
*c1ccc(C(=O)c2ccc(-n3c(=O)c4cc5c(=O)n(*)c(=O)c5cc4c3=O)cc2)cc1,egc,2.9955,2.7220578552910486,2.6665488444465297,2.4780770779910952,2.622227925909558
*Oc1ccc(C=Nc2ccc(N=Cc3ccc(*)cc3)cc2)cc1,egc,2.8416,2.849354137808787,2.8854483827040998,3.1179122853327805,2.950904935281889
*CCCCCOCO*,egc,6.5668,6.222305160813371,6.3573007956608985,6.394208234824988,6.324604730433086
*CCNC(=O)CCCCCCCCCCCCCCCCC(=O)N*,egc,5.9348,5.920072432824457,5.8745046827228595,5.800781683530946,5.865119599692754
*OC(C)CCOC(=O)CC(*)=O,egc,6.8752,6.225609737208267,6.213021704766248,6.288785718710941,6.242472386895152
*CCOCCOCCOC(=O)CCC(=O)O*,egc,6.2323,6.382292283745766,6.3128403214125255,6.2870953656162785,6.327409323591524
*c1cc(CCCCCCOC(=O)COc2ccccc2)c(*)s1,egc,2.6531,2.775084237207123,2.888133436696509,2.9471428776115554,2.8701201838383956
*CC(*)(C)C(=O)OCCOCCO,egc,5.7449,6.211370843322898,6.274120349850717,6.028348670032176,6.171279954401931
*Cc1cccc(CNC(=O)C2=C(C(=O)N*)C3C=CC2C3)c1,egc,3.5629,3.55954580209757,3.926333453494788,3.9014249829851866,3.7957680795258484
*CCCCCCCCCCOC(=O)C(=O)O*,egc,5.4658,5.546105143168518,5.649505374393532,5.662699674101117,5.619436730554388
*c1ccc(-c2ccc(N3C(=O)c4ccc(-c5cccc6c5C(=O)N(*)C6=O)cc4C3=O)c(C)c2)cc1C,egc,2.9133,2.7868858815819877,2.8028880225733728,2.6864666558654755,2.758746853340279
*C(=O)c1ccc2c(c1)C(=O)N(c1cc(-c3nc4ccccc4s3)cc(N3C(=O)c4ccc(*)cc4C3=O)c1)C2=O,egc,2.5125,2.7660264212095296,2.767046000561898,2.60451018657315,2.712527536114859
*CC(*)(CF)C(=O)OC,egc,6.854,6.457559374155735,6.253688449414346,6.431302549595431,6.3808501243885045
*c1cc(CCCCBr)c(*)s1,egc,2.5458,2.474970881958291,2.5175902528409133,2.7359676699246407,2.576176268241282
*CCOC(=O)NCCSCCCCSCCNC(=O)O*,egc,5.1396,5.324123973470501,5.256023433893854,4.981177198304004,5.187108201889452
*c1ccc(*)c(O)c1,egc,5.0734,3.7886438415828465,3.835064509771416,3.9384190927381666,3.854042481364143
*C([2H])=C(*)[2H],egc,1.4005,2.665733397830548,2.374474018366638,1.9444331709716254,2.32821352905627
*CCCCCCCCCCOC(=O)CC(C)(C)CC(=O)O*,egc,6.7584,6.306962192130514,6.305449798896132,6.550251297061006,6.38755442936255
*C(=O)C(S1)=CC=C1C(C=C2)=CC=C2C(S3)=CC=C3*,egc,2.5282,2.600611499390555,2.6923798052082377,2.5655621477087767,2.6195178174358564
*CCCCOC(=O)c1cccc(C(=O)O*)c1,egc,5.1711,5.042078758248744,4.991390999288577,5.0944858520565734,5.042651869864632
*Oc1ccc(C2(c3ccc(OC(=O)CCCCCCCCC(*)=O)cc3)c3ccccc3Cc3ccccc32)cc1,egc,4.6067,4.321494796797257,4.020094865688677,4.246510854439361,4.196033505641765
*CC(*)C(=O)OCC(F)(F)C(F)(F)C(F)(F)C(F)(F)F,egc,6.3101,6.4905517633619185,6.430283250792345,6.427411529280127,6.44941551447813
*CC(CC(*)(C#N)C#N)c1ccc(CCl)cc1,egc,5.4178,5.00915203414192,4.770248690291811,5.109415733259166,4.962938819230966
*CCOC(=O)NCCCOCCCNC(=O)O*,egc,6.238,6.20115399919137,6.236386360732794,6.168713438938192,6.202084599620785
*c1ccc(Oc2ccc(C(=O)c3ccc(Oc4ccc(-c5cc(*)[nH]n5)cc4)cc3)cc2)cc1,egc,3.5958,2.957792180587086,3.017988439527923,2.849581220275392,2.9417872801301335
*CC(*)C(=O)O,egc,6.7889,6.4570567449252305,6.236345619128396,6.699932305588546,6.464444889880724
*Oc1c(C)cc(*)cc1C,egc,4.5265,4.707714673284676,4.412704252034772,4.684177048821335,4.601531991380261
*CCC(F)(F)C(*)(F)Cl,egc,7.738,6.461200896977182,6.632069260062198,6.7288956575571595,6.6073886048655135
*C1C(=O)OC(=O)C1C1C2CC(C(=O)OC3CCCCC3)C(C2)C1*,egc,6.0803,5.9501339852142845,5.612590805576198,5.74436807154945,5.769030954113311
*c1ccc(C(CCCCCCCC)c2ccc(-n3c(=O)c4cc5c(=O)n(*)c(=O)c5cc4c3=O)cc2)cc1,egc,2.4696,2.5522410626019,2.7666140184842796,2.364176750305224,2.5610106104638013
*Oc1cc(OC(=O)c2ccc(C=Nc3ccc(OCCCCCCOc4ccc(N=Cc5ccc(C(*)=O)cc5)cc4F)c(F)c3)cc2)c(Cl)cc1Cl,egc,2.9795,3.305166228584097,3.4688136842822272,3.1636798780301665,3.312553263632163
*c1ccc(Oc2cccc3c(Oc4ccc(-n5c(=O)c6cc7c(=O)n(*)c(=O)c7cc6c5=O)cc4)cccc23)cc1,egc,1.8659,2.1452972977754556,2.1813094677475346,2.1027023987310716,2.143103054751354
*Nc1c(Cl)cc(*)cc1Cl,egc,4.3983,3.718265700245085,3.943502091455534,3.658389769581059,3.77338585376056
*c1cc(CCCCCCCC)c(*)[nH]1,egc,2.9335,3.044070128457278,3.0383362129447264,2.93378375124304,3.0053966975483477
*NC(CC(*)=O)C(=O)OCCCCCC,egc,6.1077,5.8918948133074975,5.9359924192877624,5.768999045809495,5.865628759468251
*NC(C)(CCC)CC(*)=O,egc,6.1134,5.7165945646076635,5.803415093953998,5.844051366151918,5.788020341571193
*CC1CCC(COC(=O)CCCCCCCC(=O)O*)CC1,egc,6.8523,6.690279917429778,6.611842406581868,6.604611267609778,6.6355778638738085
*CCSCCO*,egc,5.5968,5.002002166394508,5.092182057162378,5.125393814523044,5.073192679359977
*CCC1CC(*)C2C3CC(C12)C(C)(C(=O)OC)C3,egc,6.4636,5.952758304560575,5.8403287755941085,5.818816510354742,5.870634530169809
*C1=C2OCCOC2=C(c2sc(-c3sc(*)c4c3OCCO4)c3c2OCCO3)S1(=O)=O,egc,2.0121,2.186678676695399,2.070405003104625,2.180394260071618,2.145825979957214
*C(=O)c1ccc(N=Nc2ccc(C(=O)N3C(=O)N(*)C(CC)(CC)C3=O)cc2)cc1,egc,3.6611,3.355602145003164,3.0025939954822647,2.9335597157574473,3.0972519520809585
*C=Cc1cc(OC)c(C=Cc2ccc(*)s2)cc1OC,egc,1.7107,2.742619686040253,2.4671552238299626,2.8357883405230964,2.681854416797771
*C(=O)N(*)CCCCCCCCC=C,egc,5.1782,5.266042389230343,5.548139786915317,5.378051836865882,5.397411337670515
*C(=O)NCCCCCCNC(=O)c1cc(O)cc(*)n1,egc,4.8984,3.99318780798161,4.381732199491127,3.8057015883779752,4.0602071986169035
*C*,egc,6.8972,5.7003883314239205,4.2120480396525855,6.055250528943889,5.3225623000067985
*CNCN*,egc,5.1634,5.571688819930433,5.343430812413984,5.345741257575172,5.4202869633065305
*Oc1ccc(CC(NC(=O)CCc2ccc(OC(=O)CCCCCCC(*)=O)cc2)C(=O)OCC(C)C)cc1,egc,5.1444,4.735039859866511,5.067563282758835,4.998945427051943,4.933849523225763
*CC(*)C(=O)N(O)c1ccc(C)cc1,egc,4.2873,4.041048107071907,4.170761375357363,4.144666517195605,4.118825333208292
*c1ccc(-c2ccc(-n3c(=O)c4cc5c(=O)n(*)c(=O)c5cc4c3=O)cc2OC(F)(F)F)c(OC(F)(F)F)c1,egc,2.7837,2.3789537181010276,2.5033909662562226,2.4400774734342074,2.4408073859304857
*CCCCCCCc1nnc(-c2ccc(-c3nnc(*)o3)cc2)o1,egc,3.843,4.368342537224979,4.445242005530386,4.264888276140663,4.35949093963201
*CCCC(CCNC(=O)c1ccc(C(=O)N*)cc1)C(C)C,egc,4.6978,5.081051960765943,4.61554130168495,4.434318172511746,4.710303811654213
*c1cc(C)c(-c2c(C)cc(N3C(=O)c4ccc(-c5ccc6c(c5)C(=O)N(*)C6=O)cc4C3=O)cc2C)c(C)c1,egc,3.1002,2.961420863282476,2.836696290494319,2.6996302818915905,2.8325824785561284
*C([2H])([2H])C(*)(C(=O)OC([2H])([2H])C([2H])([2H])[2H])C([2H])([2H])[2H],egc,6.3862,6.47314186580865,6.4688839443883195,6.211416957696792,6.384480922631254
*C=CC1CC(*)C(C#N)(CC)C1,egc,6.1381,5.282175121191794,5.94882113620286,6.128696581730543,5.7865642797084
*CCCCCCCCCCCCOC(=O)NCc1ccc(CNC(=O)O*)cc1,egc,5.664,5.161488889110628,5.476169301198919,5.350519538869211,5.3293925763929195
*CC(S1)=CC=C1OC(S2)=CC=C2*,egc,4.6308,4.37155863918103,4.170176362320851,4.584368240238226,4.3753677472467025
*CC(F)(F)C(F)(F)C(F)(F)C(F)(F)COC(=O)O*,egc,7.7624,6.753583062218353,7.0475377984391265,7.090156686445645,6.963759182367709
*Nc1ccc(*)cc1Cl,egc,4.3667,3.4429892958951225,3.380573090747097,3.458188925153967,3.427250437265396
*C=Cc1cc([Si](C)(C)C)c(*)cc1[Si](C)(C)C,egc,2.2084,3.0147501230161056,3.1907168720123633,3.1087206537344674,3.1047292162543116
*c1ccc(Cc2ccc(N3C(=O)N(*)C3=O)cc2)cc1,egc,4.1662,4.238704579014409,4.138509641039768,3.9683388896948157,4.1151843699163315
*CCCCCNC(=O)CCCCCCCCOCCCCCCCCC(=O)NCCCCCO*,egc,5.9278,5.566210278872889,5.759910827592469,5.731401108598673,5.685840738354678
*C#CC(CO)=C(*)n1c2ccccc2c2ccccc21,egc,1.5113,2.179299287318165,2.2950966304199523,1.9033044566762867,2.1259001248048013
*C(=O)Oc1ccc2ccc(OC(=O)c3ccc4c(c3)C(=O)N(c3ccc(Oc5ccc(N6C(=O)c7ccc(*)cc7C6=O)cc5)cc3)C4=O)cc2c1,egc,2.5688,2.636035977989836,2.6222236652232276,2.667464924417093,2.6419081892100524
*c1ccc(Cc2ccc(N3C(=O)C(=O)N(*)C3=O)cc2)cc1,egc,3.5238,3.903349199057315,3.723399777319038,3.7220420545098394,3.782930343628731
*C(=O)Nc1nc(C#N)c(*)n1C,egc,4.1864,3.9277399275429405,3.3979220561278765,3.4202492811195233,3.5819704215967803
*C=C(*)c1ccc([N+](=O)[O-])cc1,egc,0.7984,1.2524304748127426,1.4504594406500304,1.8513255371303754,1.5180718175310493
*NC(CCC(=O)OCCCCCCCC)C(*)=O,egc,5.9976,5.697331998578994,5.822197140182693,5.704381533303387,5.741303557355025
*CC(*)C(=O)NCCC(F)(F)C(F)(F)C(F)(F)C(F)(F)C(F)(F)C(F)(F)C(F)(F)C(F)(F)F,egc,5.7478,6.186794349107141,6.2304352389251045,6.0263999239264106,6.147876503986218
*Oc6ccc(Oc5ccc(OC(=O)c4ccc(C3(c1ccc(C(*)=O)cc1)OC(=O)c2ccccc23)cc4)cc5)cc6,egc,3.6172,3.730476061455793,3.777975195183334,3.9492902470151434,3.819247167884757
*CC(*)(F)C(=O)OCC(F)(F)C(F)(F)C(F)(F)F,egc,6.7366,6.57342263659618,6.493911833072333,6.5772920180996035,6.548208829256038
*Oc1ccc(Oc2ccc(OC(*)=O)cc2)cc1,egc,4.7541,4.755403861677778,4.721376026162387,4.560694322016749,4.679158069952305
*/C=C\C(C#N)C*,egc,5.3057,5.075685269965366,4.629708183836152,4.4827113759556285,4.729368276585714
*c1ccc2c(c1)c1cc(*)ccc1n2C(=O)NO,egc,3.8619,3.8592628601607,3.7049446038424736,3.4434657745905355,3.6692244128645695
*Oc1ccc(C(C)(C)c2ccc(OC(=O)c3ccc(C(*)=O)cc3)c(C(C)C)c2)cc1C(C)C,egc,3.2409,3.6320338032405575,3.994819058550217,3.9841167235610215,3.8703231951172654
*Oc1ccc(C(*)=O)cc1,egc,4.5225,4.389402228872182,4.389167631550258,4.302775833646408,4.360448564689616
*CCCCCCNC(=O)C(=O)N*,egc,5.1495,5.462813156432367,5.407046305540949,5.4509652971140286,5.440274919695781
*CNCO*,egc,5.5885,6.054222076484184,5.845145100107007,6.204640538831463,6.034669238474218
*c1cc(OCCOC)c(*)s1,egc,1.6015,1.8657031278748855,2.077595355787156,2.1154275808928693,2.019575354851637
*Oc1c(C)cc(N=Nc2ccc(C(*)=O)cc2)cc1C,egc,3.7116,3.351231786539348,3.162004685106161,3.0452420943889207,3.186159522011477
*Nc1cc(OCC)c(*)cc1OCC,egc,3.3635,3.8960741941261894,3.700776736639135,3.8555124418026114,3.8174544575226452
*c1cccc(-c2nnc(*)n2-c2ccccc2)c1,egc,3.947,3.556555642191957,3.2216616562928153,3.534368111261371,3.437528469915381
*CC(S1)=CC=C1C(C=C2)=CC=C2C(=S)*,egc,2.7134,2.9630874633765805,2.767705717712685,2.7701732352947808,2.833655472128015
*CC(*)OC(=O)C(F)(F)C(F)(F)C(F)(F)F,egc,6.4207,6.47999199076334,6.555145859457671,6.5219403439985095,6.51902606473984
*Oc1ccc(Oc2ccc(C(=O)c3ccc(*)cc3)cc2)cc1C(=O)O,egc,3.6534,3.637885683069173,3.647836095766114,3.753088506858558,3.679603428564615
*OC(CC)CC(*)=O,egc,6.4081,6.505147089693957,6.5823830253232405,6.546956493315833,6.544828869444344
*C1=CC=C(c2sc(-c3sc(*)c4c3OCCO4)c3c2OCCO3)S1(=O)=O,egc,1.7929,1.7663396853820217,1.796120454005303,1.8100595871456127,1.7908399088443125
*N=NNc1ccc(NN=Nc2ccc(*)cc2)cc1,egc,1.9731,3.1626157990814323,3.0815520290873017,3.3602281218839223,3.201465316684219
*CC(=O)NCCCCCCNC(=O)COC(=O)CCC(=O)O*,egc,5.663,5.786044754402559,5.774609621055159,5.723324517239468,5.761326297565728
*CC(CS(=O)(=O)CC)O*,egc,5.3436,5.682525750438564,5.5839249280935075,5.644748893571296,5.637066524034456
*c1cc(COCCCCCCCCOc2ccc(-c3ccc(OC)cc3)cc2)c(*)s1,egc,2.6611,2.673823219176857,2.63973960914991,2.7243810640803874,2.6793146308023847
*C(F)(F)C(F)(F)CO*,egc,8.1009,8.166549326397583,7.839941453829426,7.826905964192566,7.9444655814731915
*Nc1ccc(NC(=O)CCCCC(*)=O)cc1,egc,4.5219,4.413465032138993,4.402543492376085,4.321094489824825,4.379034338113301
*CCOCC(=O)O*,egc,5.8983,6.340999783071207,6.245954948698011,6.344267547403458,6.310407426390892
*C=Nc1cccc(N=Cc2ccc(Sc3ccc(*)o3)o2)c1,egc,2.8126,3.045797936526008,2.94848657367896,3.102566176309507,3.0322835621714916
*C(=O)c1ccc2c(c1)C(=O)N(c1ccc(-c3ccc(N4C(=O)c5ccc(*)cc5C4=O)cc3C)c(C)c1)C2=O,egc,2.8033,2.5917081596171414,2.69256859284535,2.717694391501037,2.6673237146545095
*c1ccc(-c2cc(CCCCCCCCCF)c(*)s2)s1,egc,1.9235,1.8963111070130962,2.0004479956989365,1.8869958352316998,1.927918312647911
*C=CC(C(=O)OC(C)C)C(*)C(=O)OC(C)C,egc,5.3094,5.351250905014891,5.331866035727325,5.50816558430977,5.39709417501733
*c1ccc(-c2ccc(N3C(=O)c4ccc(-c5ccc6c(c5)C(=O)N(*)C6=O)cc4C3=O)c(C)c2)cc1C,egc,2.83,2.967780355214387,2.9415962899656902,3.388899620020421,3.0994254217334998
*OC1CCC(OC(=O)CCC(*)=O)CC1,egc,6.4253,6.502301970478561,6.53678273999686,6.461155215842824,6.500079975439415
*C(=O)c1ccc2c(c1)C(=O)N(c1cc(OCCCCCCCC)cc(N3C(=O)c4ccc(*)cc4C3=O)c1)C2=O,egc,2.6342,2.7553851057546828,2.989621325540494,2.879388433640374,2.8747982883118506
*CCC=C(*)Cl,egc,5.461,4.864986723249974,4.827811370582162,4.74121558234101,4.811337892057715
*CCCCc1nc2cc3nc(*)[nH]c3cc2[nH]1,egc,4.4637,4.340303592292914,3.734741752990624,4.110192114603494,4.061745819962344
*CCCCCCCCCCCCNC(=O)c1cccc(C(=O)N*)c1,egc,4.8693,5.129818726335199,4.884234589289434,5.141259366953639,5.0517708941927575
*C(F)(F)C(=S)C(F)(F)O*,egc,2.9412,3.5685000463260113,3.8996180575766974,3.7421580629367166,3.736758722279809
*c1ccc(C(c2ccccc2)(c2ccc(N3C(=O)c4ccc(Oc5ccc6c(c5)C(=O)N(*)C6=O)cc4C3=O)cc2)C(F)(F)F)cc1,egc,3.2662,3.2849891421182216,3.369162446607429,3.079877058323508,3.2446762156830524
*CCC(Cl)C(*)C,egc,6.7613,6.688814759123694,6.632774394198879,7.1605083018015785,6.827365818374717
*OC(=O)C=CC(=O)OC1COC2C(*)COC12,egc,4.1943,5.327332243027064,5.165148095971738,5.258246704256478,5.250242347751761
*CC1CC(CNC(=O)c2cccc(C(=O)N*)c2)CC(C(C)(C)C)C1,egc,4.8842,4.84734108878062,4.703932958278229,4.581583222144198,4.710952423067683
*CCNC(=O)CCCCCCCCC(=O)N*,egc,5.9828,5.836103922714915,5.847944167289214,5.782534885018174,5.822194325007435
*CC(*)c1cccs1,egc,1.7879,4.3561099144982585,4.237083552055344,3.976879328855296,4.190024265136299
*c1nc(-c2ccccc2)nc(N(*)C)n1,egc,4.2966,4.146734985227046,4.225547348227331,4.2034778633363175,4.191920065596898
*CCCCOC(=O)Nc1ccc(C)c(NC(=O)O*)c1,egc,4.832,5.133810378086274,5.1161431424047334,5.048188141933665,5.0993805541415576
*CCCCCCCCNC(=O)NCCCCCCNC(=O)N*,egc,5.7995,5.7768547977877285,5.801812890764204,5.749161476227051,5.775943054926327
*CCCCCNC(=O)c1cccc(C(=O)N*)c1,egc,4.9725,4.944758415909387,4.985451958753065,5.002044517209573,4.977418297290675
*c1ccc(-c2ccc(-c3nc4ccc(-c5ccc6nc(*)c(-c7ccccc7)nc6c5)cc4nc3-c3ccccc3)cc2)cc1,egc,2.8449,3.229045706836848,3.0703073493236146,3.122347295271702,3.1405667838107214
*CC(*)C(=O)c1ccc(Br)c(OC)c1,egc,3.8338,3.960339337421137,4.1189422205996635,4.3453435526679245,4.1415417035629085
*CCOC(=O)NCCSCCSCCNC(=O)O*,egc,5.2808,5.305824627831277,5.24813813269694,5.201545247922468,5.251836002816895
*CC(*)c1ccc2c(c1)OCO2,egc,4.4057,3.886050701287682,3.8941513692897627,3.8131598728399165,3.8644539811391208
*Oc1ccc(NC(=O)c2ccc(Oc3ccc(C(=O)Nc4ccc(*)cc4)c(C(=O)O)c3)cc2C(=O)O)cc1,egc,3.3446,3.197883300250712,3.2610531474921123,3.246309768749388,3.2350820721640705
*CCC(C)(C)CC(C)CNC(=O)CCCCC(=O)N*,egc,5.8095,5.3541049970653605,5.734732817585117,5.290602223694278,5.459813346114919
*C(F)(F)NC(F)(F)C(S1)=CC=C1*,egc,4.586,4.466580536633628,4.397788706476564,4.676094442778487,4.513487895296226
*CC(*)n1ccnc1,egc,4.8897,4.362633467591482,4.60429181679709,3.8069620804344875,4.25796245494102
*CCCCCCCCNC(=O)CCCCCCCCCCCCC(=O)N*,egc,5.9612,5.933458498374626,5.873085569514013,5.945503032422893,5.917349033437177
*c1cccc(-c2nc3cc(-c4ccc5nc(*)c(-c6ccccc6)nc5c4)ccc3nc2-c2ccccc2)c1,egc,3.3649,3.0730459375378896,3.1014460007023303,2.810040904140031,2.994844280793417
*Oc1ccc(C(=O)c2ccc(OC(=O)OC3C(C)(C)C(OC(*)=O)C3(C)C)cc2)cc1,egc,4.4802,4.205063842622633,4.414403942830496,4.35648579575176,4.325317860401629
*c1cc(OCCOCCOC)c(-c2sc(*)c3c2OCCO3)s1,egc,2.2046,1.1054798381040494,1.645361346298949,1.5279274587514573,1.4262562143848185
*C(=O)Nc1ccc(Oc2ccc(NC(=O)c3ccc4c(c3)C(=O)N(c3ccc(S(=O)(=O)c5ccc(N6C(=O)c7ccc(*)cc7C6=O)cc5)cc3)C4=O)cc2)cc1,egc,2.7174,2.824985905031746,2.754662668942271,2.787751524516078,2.7891333661633655
*CC(*)C1CCCCC1C,egc,6.4889,6.325304102181003,6.2428272727482055,6.289835532950236,6.285988969293148
*CCCCCCCCCCCCCCCCCCCCOC(=O)CCCCSCCCCC(=O)O*,egc,5.0235,5.473359447435136,5.378246682288709,5.143834929052166,5.33181368625867
*c1ccc(Oc2ccccc2Oc2ccc(-n3c(=O)c4cc5c(=O)n(*)c(=O)c5cc4c3=O)cc2)cc1,egc,2.1614,2.2210748652605883,2.2393101251831666,2.173727531025666,2.2113708404898067
*CCN(*)C(=O)c1ccc(F)c(F)c1,egc,5.106,4.447381690685703,4.263241022955483,4.592919614995377,4.434514109545521
*CC(=O)Nc1ccc(Oc2cccc(NC(=O)CN3C(=O)c4ccc(C(=O)c5ccc6c(c5)C(=O)N(*)C6=O)cc4C3=O)c2)cc1,egc,2.0094,2.852976387727195,3.020894440200672,3.1169520398483987,2.9969409559254223
*c1cccc(*)c1N,egc,3.8845,4.307889724604358,3.9333059555974645,4.07778799833479,4.106327892845537
*CCCCCCn1cc2c(n1)C(=O)c1cn(*)nc1C2=O,egc,4.1587,3.5987532858254516,3.9469905527166786,3.5931063190613144,3.7129500525344814
*Cc1c(C)c(C)c(CNC(=O)CCCCCC(C)CC(=O)N*)c(C)c1C,egc,5.3395,4.073179607852844,4.766436914975032,4.283553245080546,4.374389922636141
*CCC(=O)OCCOC(=O)CCN1CCN(*)CC1,egc,5.0863,5.811323324405167,5.29635959091683,5.2777674852976055,5.461816800206535
*NC1CCC(CC2CCC(NC(=O)CCCCCCCCCCC(*)=O)CC2)CC1,egc,5.7012,5.877014204205135,5.492023317024309,5.8363204111361044,5.735119310788516
*C(C=C1)=CC=C1C(C=C2)=CC=C2C(C=C3)=CC=C3C(S4)=CC=C4*,egc,2.8936,2.8301036570269074,2.717498932490392,2.73657447770063,2.7613923557393094
*CCCCCCNC(=O)C(CCCCCCCCCCCCCCC)C(=O)N*,egc,5.9375,5.929806358426432,5.882993280086542,5.926730739339715,5.913176792617563
*OC(*)CCCCC,egc,6.039,6.115597392869671,6.19855628646339,6.15317212656418,6.155775268632413
*Oc1ccc(S(=O)(=O)c2ccc(Oc3ccc(C4(c5ccc(*)cc5)CCCCC4)cc3)cc2)cc1,egc,3.9696,4.184486912272357,4.053706150321825,3.8040252207246383,4.014072761106273
*C=CCCCC(Cl)CCC*,egc,5.737,5.992604320612778,5.812813884045133,5.839743895135818,5.881720699931243
*CC(O)COc1cccc(O*)c1,egc,5.2018,4.97307491338956,4.973008763490186,4.832177193143482,4.92608695667441
*CCOCCOCCOC(=O)NCCCCCCNC(=O)O*,egc,6.2098,5.862781545610584,6.060650107436286,5.865179110579961,5.9295369212089435
*CC(*)C(=O)OCC(C)C,egc,6.1261,6.403678947933759,6.227416372004105,6.315627741189794,6.315574353709219
*NC(Cc1c[nH]c2ccccc12)C(*)=O,egc,4.3631,3.9346517863200132,3.3819776393251395,3.9054097459002937,3.740679723848482
*c1cc(N=Nc2ccc(C#N)cc2)cc(*)c1O,egc,2.4223,2.781773995108801,2.510491036853815,2.803499290329351,2.6985881074306555
*CC(*)OC(=O)c1cccc(Br)c1,egc,4.2289,4.330736524282458,4.50171428428247,4.077627897546227,4.303359568703718
*CC(C=C1)=CC=C1C(S2)=CC=C2C(S3)=CC=C3*,egc,3.2138,3.146450620860806,3.220269004404784,2.895139873109434,3.0872864994583415
*Nc1ccc(NC(=O)c2ccc(NC(=O)c3cc(NC(=O)C45CC6CC(CC(C6)C4)C5)cc(C(*)=O)c3)cc2)cc1,egc,3.1839,3.4249305086561774,3.3645728425551904,3.371434022330418,3.3869791245139282
*CC(*)Cl,egc,7.0905,6.082101097845492,6.121892269302116,6.043634700434815,6.082542689194141
*Oc1ccc(C(*)=O)cc1Cl,egc,4.5769,4.3260050978983795,4.2282568105901,4.013168485739648,4.189143464742709
*CC(*)(C)C(=O)OCC(F)(F)C(F)F,egc,6.3988,6.412410438704847,6.505423017766441,6.618454649342159,6.512096035271149
*CCC(C=C1)=CC=C1O*,egc,4.9179,4.454508791022048,4.920967449502059,4.384263236175739,4.5865798255666155
*c1ccc2cc(*)n(C(C(=O)NO)n3ccc4ccccc43)c2c1,egc,3.8694,3.3926808765979906,3.4301496079339655,3.3289066854445126,3.383912389992156
*CCCCCCOC(=O)CCCCCNC(=O)O*,egc,6.4222,6.419474351692233,6.42657915771816,6.426196427067888,6.424083312159428
*Oc1cccc(OC(=O)c2cccc(C(*)=O)c2)c1,egc,4.1279,4.35392808629809,4.2824244740625375,4.578255677366548,4.404869412575725
*CC(*)OC(C)=O,egc,6.8523,5.964184919166028,6.134032080822904,5.909352242808947,6.002523080932626
*c1ccc2c(c1)c1cc(*)ccc1n2CC,egc,3.4703,3.7016638591111244,3.46958104506014,3.482770516003919,3.5513384733917275
*CC(=O)CC(C=C1)=CC=C1*,egc,4.4305,4.819890509110068,4.523809740391087,4.981032725644941,4.774910991715365
*c1ccc2c(c1)c1cc(*)ccc1n2C=C,egc,3.4876,3.149367938035628,2.8009387295754102,3.055258947756479,3.001855205122505
*CCOC(=O)NCCCC(CCNC(=O)O*)OC,egc,5.8395,6.2189593591741135,6.221469663255669,6.308301985520622,6.249577002650135
*CCNC(=O)C(OC)C(OC)C(=O)N*,egc,5.4257,5.700196724803374,5.799488232346127,5.77651258799378,5.758732515047761
*NC(=S)C(S1)=CC=C1O*,egc,3.2187,3.3462099642989727,3.4688280985742765,2.7873237853747086,3.200787282749319
*CCCCCCCCCCCCNC(=O)NCCCCCCNC(=O)N*,egc,5.7649,5.812746343295597,5.747628444989545,5.732945091179384,5.764439959821509
*c1ccc(Oc2ccc(Oc3ccc(-n4c(=O)c5cc6c(=O)n(*)c(=O)c6cc5c4=O)cc3)cc2C(C)(C)C)cc1,egc,1.9644,2.214093138487007,2.1731000102281235,1.9832309181181293,2.12347468894442
*OC1(C)CC(C)(C)C(C)(N2CCCC(*)C2)C1C,egc,4.6138,4.5530157978859584,5.1363706376728775,4.615123093228997,4.768169842929278
*CC(*)(C)C(=O)OCc1ccc2c(c1)c1ccccc1n2CC,egc,3.4735,3.263242257257295,3.5326469324639196,3.4882814079247217,3.4280568658819788
*CCCC1CCN(C(=O)SSCCCCSSC(=O)N2CCC(*)CC2)CC1,egc,5.001,3.9892182831552114,4.240388574286221,4.738535062281969,4.322713973241133
*OC(C=C1)=CC=C1C(=O)C(S2)=CC=C2C(=O)NOC(=O)*,egc,3.9191,3.5287556333956696,3.686504144046411,3.679814717877249,3.6316914984397766
*CC(*)C(=O)NCC,egc,5.2246,5.633104111039853,5.67983218479213,5.69780464998134,5.670246981937775
*c1ccc(-c2nc3cc(-c4ccc5oc(*)nc5c4)ccc3o2)cc1,egc,3.1145,3.0178429561074442,3.0785766463774147,2.973941983069877,3.0234538618515785
*c1ccc(-c2ccc(-c3nc4ccc(Oc5ccc6nc(*)c(-c7ccccc7)c(-c7ccccc7)c6c5)cc4c(-c4ccccc4)c3-c3ccccc3)cc2)cc1,egc,3.3136,3.311386092896951,3.280656513291941,3.5927690243465755,3.394937210178489
*CCCCCCCCCCC(=O)NCCCCCCNC(=O)CCCO*,egc,6.0291,5.897610891236243,5.90600662534995,5.8956118702132105,5.899743128933134
*CCCCCCCCCCC(=O)N(*)C,egc,5.7405,5.701839567862039,5.800267812060389,5.7952371961458375,5.765781525356089
*OP(=O)(Oc1ccccc1)Oc1ccc(-c2ccc(*)cc2)cc1,egc,4.631,4.1241539408328425,4.314005837799626,4.475648344125389,4.3046027075859525
*c1ccc2c(c1)C(=O)N(c1ccc(Oc3ccc(N4C(=O)c5ccc(C(F)(F)C(F)(F)C(F)(F)C(F)(F)C(F)(F)C(F)(F)C(F)(F)C(*)(F)F)cc5C4=O)cc3)cc1)C2=O,egc,2.6011,2.755090043651114,3.136372134933148,2.7865422462773854,2.892668141620549
*Oc1c(C)cc(-c2cc(C)c(OC(=O)CCCCCC(*)=O)c(C)c2)cc1C,egc,4.7241,4.132597280734719,4.21577086731709,4.078620060316833,4.142329402789547
*OC(CC)(CC)C(*)=O,egc,6.0873,6.165456822749094,6.2709887385299,6.019740365974041,6.152061975751011
*COCOc1ccc(C(=O)OC(=O)c2ccc(O*)cc2)cc1,egc,4.4493,4.534055610716352,4.405925499758621,4.478613611991209,4.472864907488727
*c1cc(-c2ccccc2)c(*)[nH]1,egc,2.9521,3.1831025217005524,3.2582979276267676,3.3752914724289025,3.2722306405854074
*c1ccc(-c2nc(-c3ccc(-c4nc(*)sc4C(=O)O)cc3)c(C(=O)O)s2)cc1,egc,3.4119,2.8362380586361513,2.7364881275103055,2.9389360244406775,2.837220736862378
*CC(C#N)(C#N)C(C#N)C(C#N)(C#N)*,egc,7.111,6.167223556080818,6.449961389984669,6.202171665665837,6.2731188705771075
*C(=O)OC1CCC(OC(=O)N2CC(C)N(*)CC2C)CC1,egc,5.8738,5.331779486358135,5.762777536693422,5.736731173888031,5.610429398979863
*CCC(C#N)CC(C)=C(*)C,egc,5.2759,5.269148733800333,4.933095502752953,4.9217626723512025,5.041335636301496
*C(=O)c1ccc2c(c1)C(=O)N(c1ccc(C(c3ccccc3)(c3ccc(N4C(=O)c5ccc(*)cc5C4=O)cc3)C(F)(F)F)cc1)C2=O,egc,2.9448,2.8732923119664138,2.8823964637137305,2.8099575854950567,2.855215453725067
*CC(*)C(=O)NCCC,egc,6.0177,5.5303333152388,5.218602052577043,5.510907281456427,5.419947549757423
*c1ccc(C(c2ccc(-c3nc4ccc(-c5ccc6nc(*)oc6c5)cc4o3)cc2)(C(F)(F)F)C(F)(F)F)cc1,egc,3.2022,3.318457075997402,3.3300589917691203,3.3790029607244643,3.3425063428303283
*c1ccc2nc(*)sc2c1,egc,2.966,3.896323003552291,3.2413421506387583,3.7120944426903417,3.616586532293797
*CC(C)(CO*)COCCCCCCCCCCOc1ccc(-c2ccc(C#N)cc2)cc1,egc,4.0117,4.340250326309274,4.475375669854096,3.878599266228671,4.231408420797346
*OC(=O)CCSCCC(*)=O,egc,4.6003,5.015283355677476,5.359343851007467,4.733546424401918,5.036057877028953
*OC(=O)CCS(=O)(=O)CCS(=O)(=O)CCC(*)=O,egc,6.2137,5.886180717975995,5.632396492101122,5.949396155549828,5.8226577885423145
*CC(=O)C(=S)C(=O)*,egc,1.9995,2.25396743808688,2.084201095658085,2.633761669571445,2.3239767344388036
*CC(=O)OCCCCCCOC(=O)Cn1c(=O)c2cc3c(=O)n(*)c(=O)c3cc2c1=O,egc,3.6832,3.3220422483169174,3.306548306298601,3.742345639625319,3.4569787314136122
*c1cc(CC(=O)OCCCCCCCC)c(*)[nH]1,egc,3.192,3.334856998962098,3.3485573032681106,3.56862645325097,3.417346918493726
*O[Si](C)(C)O[Si](C)(C)O[Si](C)(C)OC(C)CCC(*)C,egc,6.3039,5.146007463747993,5.076740852243859,5.1809695253939445,5.134572613795265
*OC(=O)OCCOCCOCCOCCOC(=O)OC1COC2C(*)COC12,egc,6.2534,5.9335673615990485,6.46803537008094,6.169864085838763,6.1904889391729165
*c1ccc(-n2ccc(-c3cccc(-c4ccn(*)n4)c3)n2)cc1,egc,3.7316,3.350293926696036,3.2550321672914766,2.965358905040791,3.1902283330094345
*OC(C)COC(=O)c1cccc(C(*)=O)c1,egc,5.0391,4.965421165193104,4.789925805438921,4.789981817594429,4.848442929408818
*CCCCCCCCCC(=O)O*,egc,6.6843,6.670598783044531,6.66481747366445,6.725341546942279,6.686919267883753
*CCN(CCOC(=O)C=Cc1ccc(C=CC(=O)O*)cc1)c1ccc(N=Nc2ccc([N+](=O)[O-])cc2)cc1,egc,2.3089,2.9725852779201887,2.7339309802217846,3.180139778077657,2.9622186787398768
*CC(*)CC(C)C,egc,6.7394,6.587094867653763,6.23705310323682,6.087739681497837,6.30396255079614
*OC1CC(C)CC(*)O1,egc,6.2631,6.478312085754029,6.537940307682411,6.392664626745076,6.469639006727172
*C(=O)Nc1ccc(NC(=O)c2ccc3c(c2)C(=O)N(c2ccc(S(=O)(=O)c4ccc(N5C(=O)c6ccc(*)cc6C5=O)cc4)cc2)C3=O)cc1,egc,2.7403,3.062168360331916,2.8636072894550084,3.074132655670724,2.999969435152549
*OC(=O)Oc1ccc(C(=O)Oc2ccc(OC(=O)OC3COC4C(*)COC34)cc2)cc1,egc,4.4189,4.168579289356606,4.593737899360965,4.122913751938282,4.295076980218617
*Oc1ccc2cc(C(*)=O)ccc2c1Br,egc,3.7175,4.000505625455151,4.061428272443564,3.8213238976411357,3.961085931846617
*c1sc(*)c2c1OCC(CCCCS(=O)(=O)O)O2,egc,2.1668,3.0900098099491804,3.177013353475504,2.7631384513490618,3.0100538715912486
*CC(*)(C#N)C(=O)OC,egc,6.7385,6.5537048492065395,6.506886761787922,6.225562160795401,6.428717923929955
*NC(C=C1)=CC=C1C(C=C2)=CC=C2C(S3)=CC=C3*,egc,2.8401,3.0451983210196683,3.1057840466619506,3.150617878091682,3.100533415257767
*CCCCOC(=O)SSSC(=O)O*,egc,3.9747,4.354991922873899,4.698368796681522,4.639836818070331,4.564399179208585
*CCOCCOCCOC(=O)CSC(=O)Nc1ccc(C)c(NC(=O)SCC(=O)O*)c1,egc,4.461,4.216848814001792,4.320847207807214,4.463754078673786,4.333816700160931
*Nc1cc(NC(=O)Nc2ccc(NC(*)=O)cc2)cc(C(=O)Nc2cccc3c2C(=O)c2ccccc2C3=O)c1,egc,2.5826,3.0451136540449397,2.923991864104651,3.233575981706341,3.067560499951977
C13C(C=*)OC(C=*)C1C(=O)N(C2=CC=CC(C(F)(F)F)=C2)C3=O,egc,5.0879,5.51420901666485,5.5196838387013,5.1720079429588255,5.401966932774992
*C(C=C1)=CC=C1C(S2)=CC=C2C(=S)C(S3)=CC=C3*,egc,2.0866,2.268441049853112,2.2740078224417046,2.3892244615227782,2.310557777939198
*C=CC1CC(*)C(C#N)(CCC)C1,egc,6.0806,6.50043220031403,5.934979763126275,6.315605654436067,6.250339205958791
*CC1CC(*)OC(CCC)O1,egc,6.3958,6.268047270812605,6.357281299782442,6.196419394543774,6.273915988379607
*C(=O)c1ccc2c(c1)C(=O)N(c1ccc(OCCOCCOc3ccc(N4C(=O)c5ccc(*)cc5C4=O)cc3)cc1)C2=O,egc,2.4449,2.5110246396330616,2.5152878417277997,2.5230594653037715,2.5164573155548777
*NC(=O)OC(=S)*,egc,3.8869,3.6926266338365115,3.5982057618161556,4.73298035392422,4.007937583192295
*CC(S1)=CC=C1CC(S2)=CC=C2*,egc,4.626,3.4639449832352165,3.8541316872042146,3.843716424356528,3.7205976982653195
*CCCCCCOCO*,egc,6.7419,6.151618146620002,6.302035245709082,6.490458724048013,6.3147040387923665
*CC(=O)NCCCCCCNC(=O)COC(=O)CCCCCCC(=O)O*,egc,5.9354,6.000091620004918,5.900081314499221,5.770105154870591,5.890092696458243
*CC(CCl)(CBr)COC(=O)CCCCC(=O)O*,egc,6.6998,6.116101372980955,6.353478157916374,6.032318689375731,6.167299406757686
*CCOC(=O)NC1CCC(NC(=O)O*)CC1,egc,6.3209,6.304574803765482,6.349538186295121,6.231819716448391,6.295310902169665
*CCC(=O)OCCCC=CCCCOC(=O)CCC1NC(=O)C(*)NC1=O,egc,5.8952,5.262503511417661,5.233643091766272,5.4082002867468875,5.301448963310274
*OC(=O)c1ccc(CCCc2ccc(C(*)=O)cc2)cc1,egc,4.5456,4.688329418591008,4.576229648001352,4.68724838520351,4.650602483931956
*CC(F)(F)C(F)(F)C(F)(F)COC(=O)NCCCCCCNC(=O)O*,egc,6.3766,6.453996829843175,6.394810300872469,6.16433669295232,6.337714607889321
*Oc1ccc(OC(=O)c2ccc(C(*)=O)cc2)cc1C(F)(F)F,egc,3.9148,4.043538027905552,4.13873330609761,3.8348627590272533,4.005711364343472
*NC(CCCNC(=O)c1ccc(Cl)cc1)C(*)=O,egc,3.4369,4.7776399757464025,4.450626608922157,4.805528187601726,4.677931590756763
*N=Nc1ccc(-c2ccc(*)c(C)c2)cc1C,egc,2.1369,3.5309858833494525,2.958933427150344,3.4879202773271056,3.3259465292756345
*Cc1ccc(COC(=O)CCCC(=O)O*)cc1,egc,5.4521,5.493718146646133,5.6355765144777825,5.528825905277325,5.55270685546708
*c1ccc(-n2c(=O)c3cc4c(=O)n(*)c(=O)c4cc3c2=O)c(C)c1,egc,2.9393,2.538879772699141,2.9155146182776024,2.7049376686420863,2.719777353206277
*c1cc(C)c(*)cn1,egc,5.1074,4.7783936539132075,4.265749895987852,4.892740601623089,4.64562805050805
*CCCCCCCCCCOC(=O)Nc1ccc(C)c(NC(=O)O*)c1,egc,5.0994,4.913126804975594,5.00615104250774,4.906694093995577,4.941990647159637
*CC(CSC(C)C)O*,egc,4.8245,5.21267424020371,5.0458753383041985,4.62107570659074,4.959875095032882
*c1ccc(-c2ccc(N3C(=O)c4ccc(Oc5ccc6c(c5)C(=O)N(*)C6=O)cc4C3=O)cc2)cc1,egc,3.0187,3.0520327225662465,2.799352021713581,2.8723316268578545,2.907905457045894
*NC(CC(N)=O)C(*)=O,egc,5.5305,5.501123375109933,5.52612073461883,5.792534343385541,5.606592817704768
*CCCCCCCCCCCCc1nc2cc3sc(*)nc3cc2s1,egc,4.2887,4.181500279437693,4.189714875766625,4.04926276528217,4.140159306828829
*c1cccc(-c2nc3cc(-c4ccc5oc(*)nc5c4)ccc3o2)c1,egc,3.5152,3.2418524629218957,3.0775722662552423,3.1244302272354334,3.147951652137524
*CCCCCCOC(=O)C(=O)O*,egc,5.9794,5.492070087134511,5.584445275581227,5.6123508237130215,5.562955395476254
*Oc1c(Cl)cc(*)cc1Cl,egc,4.3426,4.523458489029885,4.328743938770728,4.598901310775335,4.483701246191983
*C(=O)C(S1)=CC=C1C(=O)C(S2)=CC=C2*,egc,2.966,2.747908495381896,2.8880160016981127,2.3841808845799077,2.6733684605533057
*CCCCCC(=O)NCCCCCCNC(=O)CCCCO*,egc,5.8874,5.861975474412541,5.924928722593444,5.823555093519544,5.870153096841843
*C=CC1CC(*)C2C3CCC(C3)C12,egc,5.1047,5.878107836698112,5.531605673487481,5.693658501611823,5.701124003932473
*CCCCCNC(=O)N*,egc,5.6754,5.932847873104131,5.981193375885895,5.92220834231703,5.945416530435685
*CCCCCCCCCNC(=O)CCCCCCCCCC(=O)N*,egc,5.9794,5.79930480933027,5.857766264590448,5.801602807940875,5.819557960620531
*Oc1ccc(C2(c3ccc(Oc4nc(*)nc(OC)n4)cc3)CCCCC2)cc1,egc,4.6483,4.4876449038300645,4.565185684598618,4.303020554834719,4.4519503810878005
*CC(C)(C)COC(=O)C(=O)O*,egc,4.957,5.908886845984096,6.05325190461089,5.857659680833797,5.939932810476261
*c1ccc(Oc2cccc(Oc3ccc(-n4c(=O)c5cc6c(=O)n(*)c(=O)c6cc5c4=O)cc3)c2C#N)cc1,egc,2.6202,2.0135978590842414,2.15399031854588,2.06220149961452,2.076596559081547
*CCCCCOC(=O)NC(=O)C1CC1C(=O)NC(=O)O*,egc,6.0047,5.985135025764514,6.150240834963059,5.781891163347739,5.972422341358437
*Oc7ccc(C6(c3ccc(OC(=O)c2ccc(c1ccc(C(*)=O)cc1)cc2)cc3)c4ccccc4c5ccccc56)cc7,egc,3.4473,3.5037964322530764,3.3796200841426494,3.4356746152615933,3.4396970438857735
*c1ccc(Oc2ccc(-c3nc4cc(-c5ccc6nc(*)c(-c7ccccc7)nc6c5)ccc4nc3-c3ccccc3)cc2)cc1,egc,2.9993,3.164251159678399,3.1125996572530132,2.9096552858391287,3.062168700923514
*NC(CCC(=O)OCCCl)C(*)=O,egc,5.9169,5.6077833414291,5.68312118748993,5.745101474948991,5.678668667956007
*Nc1ccc(Nc2ccc(*)cc2)cc1C(=O)O,egc,2.6737,3.32517928808245,3.455530747380026,3.4149694843841902,3.3985598399488883
*COC(=O)OCC1OC(C)(C)OC1*,egc,6.6512,6.73467612858911,6.58578707336288,6.912850667589049,6.744437956513679
*CCCCCOC(=O)NCCSCCCCSCCNC(=O)O*,egc,5.2673,5.27961564571189,5.281210098317684,5.143225204751519,5.234683649593698
*Oc1ccc(OC(=O)c2ccc(C(*)=O)cc2)cc1C1CC2CCC1C2,egc,3.8597,3.5353886765107196,3.5999959595094086,3.523846131521377,3.553076922513835
*CC(*)OC(=O)C(F)(F)F,egc,6.7842,6.0468511496935,6.395693059682625,6.2912038172442735,6.244582675540133
*Nc1ccc(*)cc1CCCCCCCCCCCCCCC,egc,3.3286,3.8718940677530136,3.8806796754279325,3.8531065554768813,3.868560099552609
*CNC(C=C1)=CC=C1O*,egc,4.3424,4.011078362238841,4.324727086857101,3.718148674053606,4.017984707716516
*c1cc(COCCCCCCCCOc2ccc(-c3ccc(C#N)cc3)cc2)c(*)s1,egc,2.9654,2.529918035768501,2.380405725464751,2.5783342158393494,2.4962193256908676
*C(=O)NNC(=O)c1cccc(C(=O)NNC(=O)c2ccc(*)nc2)c1,egc,3.8367,3.7391303182052837,3.9782841682187318,3.562579327337561,3.7599979379205255
*CC(C)(C)C1C(=O)N(c2ccccc2C)C(=O)C1*,egc,4.8214,4.596712658307492,4.479879346509711,4.606534125560772,4.5610420434593255
*CCCOC(=O)N1CCC(*)CC1,egc,5.7499,5.932840472261042,5.464131998401925,5.52435261693297,5.640441695865312
*c1cccc(-c2nc3ccc(-c4ccc5nc(*)oc5c4)cc3o2)c1,egc,3.2965,3.1276626350818675,3.179251027918803,3.2293484556800527,3.1787540395602414
*CC#CCOC(=O)NCCCCCCNC(=O)O*,egc,6.3946,5.869094244966802,5.84169374556576,5.90527141196899,5.872019800833851
*CC(*)OC(=O)CC,egc,6.5454,6.343481842064967,6.3070482581191225,6.212218255788893,6.287582785324328
*c1ccc(*)c2nc(CC)c(CC)nc12,egc,3.3743,3.8743896413364984,3.7391483554187612,3.685870910391575,3.766469635715611
*NNC(=O)c1ccc([Si](c2ccccc2)(c2ccccc2)c2ccc(C(*)=O)cc2)cc1,egc,4.754,3.651370129405304,3.8849570074601734,4.068736678081827,3.8683546049824344
*CC(F)(F)C(F)(F)C(F)(F)C(F)(F)COC(=O)CCCC(=O)O*,egc,7.0209,6.756879478325193,6.6196054577119074,6.592894621291584,6.656459852442896
*C#CC=C*,egc,1.1342,2.4774812198146745,2.4910638363921063,2.8827425735267456,2.617095876577842
*CC(*)C(=O)OCF,egc,6.4866,6.525989355995251,6.328965242040047,6.072249312820992,6.30906797028543
*CCN[Si](C)(C)N*,egc,4.8016,5.4488789231378565,5.477722181591636,5.216954781808693,5.381185295512728
*Oc1ccc(C(=O)c2cccc(C(=O)c3ccc(*)cc3)c2)cc1,egc,3.9576,3.7787410335496996,3.91791411144675,3.725857800825205,3.807504315273885
*CCCCCCNC(=O)CCCCCCCCCCC(=O)N*,egc,5.7224,5.836351782197065,5.869726730507196,5.81332765481722,5.839802055840494
*Nc1ccc(*)c2ccccc12,egc,2.8917,3.6589731213181356,3.379879868352908,3.8393600131492285,3.6260710009400907
*CCCCNC(=O)CCCCCCCCCCCCCCC(=O)N*,egc,6.0415,5.933089963757689,5.8257613166081565,5.901635518439597,5.886828932935148
*c1ccc(-c2ccc(N3C(=O)c4ccc(Oc5ccc6c(c5)C(=O)N(*)C6=O)cc4C3=O)cc2C)c(C)c1,egc,3.2926,3.120385020684145,2.9618716106421017,2.9869536297406234,3.02307008702229
*OC1CCC(OC(=O)CCCCCCCCC(*)=O)CC1,egc,6.4612,6.556793976660325,6.568352030080087,6.551218538743514,6.558788181827976
c1(*)cc(c2cc1)N=C(N2(C(c2(c3))=O))c1c2c(c4(c3))c(cc1)CN(C4=N2)c(c2cc(c1)(*))c1,egc,2.3866,2.571005068684036,2.374134819985162,2.542189346050239,2.495776411573146
*Nc1ccc(*)cc1F,egc,3.5047,3.6792408630597193,3.5513648610980906,3.732014308170178,3.6542066774426627
*Oc1ccc2cc(Oc3ccc(C(=O)c4ccc(*)cc4)cc3)ccc2c1,egc,3.634,3.4502796712782122,3.5061469074020617,3.783011566849258,3.5798127151765105
*C=Cc1ccc(*)s1,egc,2.7814,2.3165452991496913,2.9790612113859725,2.8286246340766095,2.7080770482040912
*c1ccc(-c2ccc3nc4oc5cc6[nH]c7nc8cc(*)ccc8nc7nc-6[nH]c=5n-4ccc3c2)cc1,egc,1.9579,1.9863406247223159,2.1226668068077776,1.8355128752010048,1.981506768910366
*Nc1ccc(-c2ccc(*)cc2)c(C)c1,egc,3.3791,3.470528697386412,3.6568888778892656,3.507951371323983,3.545122982199887
*c1cc(CCCS(=O)(=O)O)c(*)s1,egc,3.3298,2.7264417509803454,2.64786936702149,2.688906840675822,2.687739319559219
*Nc1ccc(NC(=O)c2c(F)c(F)c(C(*)=O)c(F)c2F)cc1,egc,3.3309,3.339408841601213,3.4368843236877047,3.447354952884331,3.4078827060577495
*COC(C=C1)=CC=C1O*,egc,4.8731,4.333531929270172,4.695923261007492,4.302313999393932,4.443923063223864
*c1cccc(-c2nc3cc(-c4ccc5nc(*)c(-c6ccc7ccccc7c6)nc5c4)ccc3nc2-c2ccc3ccccc3c2)c1,egc,3.0367,3.066819808184431,3.1527083974483,2.6222654191710215,2.947264541601251
*CCCCCC[N+](C)(C)CCC[N+](*)(C)C,egc,0.2161,0.8760662619243758,0.5018010107531133,1.5838181675940843,0.9872284800905246
*c1ccc(Oc2ccc(-n3c(=O)c4cc5c(=O)n(*)c(=O)c5cc4c3=O)cc2-c2ccccc2)cc1,egc,2.1739,2.323631638452394,2.288296049483439,2.335828794576838,2.3159188275042233
*CCCC(C)CCC(=O)O*,egc,6.54,6.718779812257586,6.477168319700054,6.814526291963691,6.67015814130711
*Cc1ccc(COC(=O)CCCCCCCCC(=O)O*)cc1,egc,5.2222,5.460897960936835,5.5345177257641005,5.6799683609252485,5.558461349208728
*CCCCCCCOC(=O)NCCCCCCNC(=O)O*,egc,6.2664,6.331674800206999,6.238605760200155,6.396312076366998,6.322197545591384
*c1ccc(-c2nc3cc4nc(*)oc4cc3o2)c(O)c1,egc,2.5896,2.8326331450186095,3.016298036852527,3.3787515611185217,3.0758942476632196
*C(=O)C(C=C1)=CC=C1C(=O)C(=S)*,egc,2.994,2.7938695735911727,2.913635496704668,2.8502055819205845,2.852570217405475
*Oc1cc(Br)cc(Br)c1*,egc,4.3897,4.2656843663750275,3.8301294927590943,4.415685517536907,4.170499792223676
*CC(*)n1c(C)c(C)c2ccccc21,egc,2.733,4.114942773233135,3.895347634343017,3.24576772341974,3.7520193769986308
*CC(CBr)(CBr)CO*,egc,5.993,5.710621325760465,5.9313091394556405,5.6721098232988085,5.771346762838305
*CCCNC(=O)CCCCCCCC(=O)NCCCNC(=O)C(=O)N*,egc,4.7768,5.218119086952606,4.916893572240845,5.350020999693968,5.161677886295806
*c1cc(CCCC(F)(F)C(F)(F)C(F)(F)C(F)(F)F)c(*)s1,egc,2.4769,2.9502295765893876,3.23657261920907,2.6292432095278016,2.9386818017754197
*CCCCCCCCCNC(=O)CCCCCCCCC(=O)N*,egc,5.6744,5.918090743541879,5.901158062589475,5.89690309245987,5.905383966197075
*CCCCCCCCCOc1ccc(C=CC=Cc2ccc(O*)c(C)c2)cc1C,egc,3.4115,3.2206990195523852,3.3909587411598254,3.5883709204117693,3.40000956037466
*OC(CCl)COC(=O)C1=C(C(=O)OCC(CCl)OC(=O)c2ccc(C(*)=O)cc2)C2C=CC1C2,egc,3.8265,3.4746947812544824,3.5546476966192846,3.897876647170179,3.6424063750146485
*CCCCCCCCC(=O)N*,egc,6.101,5.979098272470585,5.929805986208687,5.952795283971295,5.953899847550189
*c1ccc(Oc2ccc(-n3c(=O)c4c(Oc5ccc(OC)cc5)c5c(=O)n(*)c(=O)c5c(Oc5ccc(OC)cc5)c4c3=O)cc2)cc1,egc,1.9559,2.0220636838946837,2.1583123924968084,2.0044755001578904,2.0616171921831277
*c1ccc(-c2ccc(-c3ccc(-c4nc5cc6sc(*)nc6cc5s4)cc3)c(-c3ccccc3)c2-c2ccccc2)cc1,egc,3.1992,2.978520984384988,2.868036746687303,2.8400040297760043,2.895520586949432
*CCCCCCCCCCC(Cl)C(*)Cl,egc,7.2165,6.793443697863482,6.77478594232895,6.7584823425166,6.775570660903011
*CC1CC1COC(=O)NC1CC1NC(=O)O*,egc,6.5515,6.17929346171763,6.219549433052475,6.175155681087544,6.191332858619217
*c1ccc(-c2ccc(-c3cc(-c4ccccc4)c4cc5c(-c6ccccc6)cc(*)nc5cc4n3)cc2)cc1,egc,2.8216,2.7902763599236233,2.959444171981479,2.895906171855209,2.8818755679201034
*C(C=C1)=CC=C1OC(S2)=CC=C2O*,egc,4.6798,4.03878665088831,4.148839705306899,4.070330476400978,4.085985610865396
*N=P(*)(Cl)Cl,egc,3.9556,3.5199908091402947,4.020691699443605,2.7846318633925775,3.4417714573254923
*CCCCCCCCOC(=O)c1cccc(C(=O)O*)c1,egc,5.1133,4.97751644236651,5.009787151182875,5.040106068041186,5.009136553863524
*OP(=O)(Oc1cccc2c(*)cccc12)OC1CCCCC1,egc,4.0777,4.398877043566518,3.885524054201944,3.968226794935266,4.084209297567909
*c1cc(OCCOCCOC)c(*)s1,egc,1.6389,1.8504730897655128,1.8826077411454152,1.8911852360231374,1.8747553556446883
*c1ccc(-c2cc(CCCCCCBr)c(*)s2)s1,egc,1.9133,1.9493240348827872,2.0480626855782216,1.99080735186939,1.9960646907767996
*CC1CCC(COC(=O)C(=O)O*)CC1,egc,5.4765,5.495145914669901,5.869034769924625,5.419316038477608,5.594498907690711
*CC(*)OC(=O)CCCCC,egc,6.3448,6.5291870024175624,6.292912560856574,6.254491731250242,6.358863764841459
*Oc1ccc(C(=O)OCCCCOC(=O)c2ccc(*)cc2)cc1,egc,4.5398,4.436934060904664,4.286399569973044,4.648797366075333,4.457376998984347
*OC(=O)CCCCCCCCC(*)=O,egc,5.9944,6.376185274406984,6.3803607845974915,6.4584314615599885,6.404992506854821
*CC(*)C(=O)OCC,egc,6.2551,6.257206335629383,6.373307545427074,6.474995317796584,6.368503066284347
*CCCOC(=O)COCC(=O)O*,egc,6.0368,6.40555838991659,6.27689617595997,6.280926600300112,6.321127055392224
*Cc1cccc(*)c1O,egc,4.4656,4.609677551033551,4.3548489563624,4.5383757615584015,4.500967422984785
*CCOCCOC(=O)NCCCCCCNC(=O)O*,egc,6.0376,6.149916374730615,6.15518936634122,6.202184268191931,6.169096669754588
*CCOCCOCCOCCOCCOc1ccc(C=C(C)c2ccc(O*)cc2)cc1,egc,3.9391,3.7719099326768672,3.504327317597054,3.630989828542885,3.635742359605602
*C(=O)NCCCCCCCCNC(=O)c1cncc(*)c1,egc,4.7551,4.710221426613585,4.7196102058449325,4.910187015258905,4.780006215905807
*CCCCCNC(=O)CCCCCC(=O)N*,egc,5.9272,5.963854718483669,5.9183385460846,5.928108032293231,5.936767098953833
*CC(*)C(=O)NC(C)CC,egc,5.3154,5.565483447811849,5.552298488050562,5.728185903367441,5.615322613076617
*CCOC(=O)Nc1c(C)c(C)c(NC(=O)O*)c(C)c1C,egc,5.3419,4.827096312304852,4.592754216197801,4.921892813881439,4.78058111412803
*CC(CC)(CC)COC(=O)CCC(=O)O*,egc,6.5001,6.044285866965929,6.56475150628509,6.241506935539579,6.283514769596866
*CCCCCC(*)CCCCCCCCCCCCCC,egc,6.895,6.5975962666833725,6.252438682411346,7.2406242470649085,6.696886398719876
*OC(=O)c1ccc(CCc2ccc(C(*)=O)cc2)cc1,egc,4.4852,4.343256103889207,4.434167663218568,4.239096362332802,4.338840043146859
*c1ccc2oc(*)nc2c1,egc,3.9774,3.779705485676662,3.7843804585082492,3.853333808933343,3.8058065843727515
*CC(=O)C(S1)=CC=C1C(S2)=CC=C2*,egc,2.8653,2.840454917368078,2.7263810108287907,2.603350998334812,2.723395642177227
*CC(C)(C)C1CC=C(*)CC1,egc,5.4516,5.375702199559583,4.82412116968658,5.539376418577203,5.246399929274456
*Oc1ccc(NC(=O)NC2CC(C)(C)CC(C)(CNC(=O)Nc3ccc(*)cc3)C2)cc1,egc,4.2227,4.465338190436519,4.44304029087665,4.462846741621215,4.457075074311461
*CC(*)c1ccc2ccccc2c1,egc,3.6351,3.3224756831383635,3.648489329606084,3.3329872540299195,3.4346507555914556
*CC(CCl)(CCl)C(=O)O*,egc,6.551,6.363077049501214,6.182556771149671,6.464465164815069,6.336699661821984
*C(=O)Nc1ccc(NC(=O)c2ccc3[nH]c(-c4cc(-c5nc6cc(*)ccc6[nH]5)cc(N5C(=O)c6ccccc6C5=O)c4)nc3c2)cc1,egc,2.3407,2.9331685299084898,2.9208322946066505,2.8163507882254355,2.890117204246858
*Sc1ccc(Nc2ccc(Nc3ccc(Nc4ccc(*)cc4)cc3)cc2)cc1,egc,3.2757,3.541288699052412,3.403746608656736,3.507580681678301,3.484205329795816
*C(=O)C(C=C1)=CC=C1C(C=C2)=CC=C2C(C=C3)=CC=C3*,egc,3.3319,3.47418757624636,3.4560581643302535,3.4880448397544286,3.472763526777014
*CC(=O)NCCCCCCNC(=O)COc1ccc(O*)cc1,egc,4.6023,4.91285569051841,4.885712608881104,4.697141565401537,4.831903288267017
*CC(*)N,egc,5.222,5.911364000270214,6.1692338185843,6.113186856948593,6.0645948919343695
*c1sc(*)c(OCCCC)c1OC,egc,3.2859,2.213687283969958,2.3708743924930022,2.072203859865502,2.218921845442821
*CC(*)c1cc(C)ccc1C,egc,4.9137,4.8920122435301066,4.670067498191338,4.766941152339567,4.776340298020337
*C=CC(C)C(*)C(=O)OCC(C)C,egc,5.4659,5.485692351817705,5.49545036368468,5.665032289536427,5.548725001679604
*c1ccc(-c2ccc(-c3ccc(-n4c(=O)c5cc6c(=O)n(*)c(=O)c6cc5c4=O)cc3)cc2)cc1,egc,2.1515,2.4160428286871163,2.3734223277060207,2.345604766822582,2.3783566410719064
*CCCCCC(=O)NCCOC(=O)CCCCC(=O)O*,egc,6.3289,6.32227485316488,6.284526592349651,6.287720240284112,6.298173895266214
*C(=O)C(C)NC(=O)CNC(=O)C1CCCN1*,egc,5.7716,5.56440601810336,5.325708632211328,5.513238547476493,5.467784399263727
*CCCCOC(=O)C1CCC(C(=O)O*)CC1,egc,6.3839,6.597228644687012,6.6836254236985475,6.832397738614632,6.704417269000063
*Oc1ccc(-c2ccc(N=Nc3ccc(C(*)=O)cc3)cc2)cc1,egc,3.5627,3.0393495474335626,3.094457205747182,2.97380546919944,3.035870740793395
*C=C(*)c1cccc([Si](C)(C)C)c1,egc,0.7366,2.874772560346471,2.60644285280698,2.863081270136195,2.7814322277632155
*Nc1ccc(NC(=O)c2cc(NC(=O)c3ccc(NC(=O)C(C)N4C(=O)c5ccccc5C4=O)cc3)cc(C(*)=O)c2)cc1C,egc,2.319,2.939921801826987,2.803909979039176,2.67851582468479,2.807449201850318
*Nc1cc(NC(=O)c2ccccc2C(*)=O)cc(-c2nnc(-c3ccccn3)o2)c1,egc,3.5021,3.1471885813556693,3.3646962477929274,3.0665034766709702,3.1927961019398556
*C(=O)C(C=C1)=CC=C1C(C=C2)=CC=C2C(S3)=CC=C3*,egc,2.8474,3.004859125995896,2.9485724305348406,3.1120294846299634,3.0218203470535663
*CC1(CO*)CC2C=CC1C2,egc,5.6096,5.278889424352933,5.259611948960322,5.396718209390393,5.311739860901216
*C(=O)OCCCCOC(=O)N1CCN(*)CC1,egc,5.8653,6.126445456556817,5.78585454521093,6.204862710364686,6.039054237377478
*CCCCCCCCCCOC(=O)CCCCCC(=O)O*,egc,6.771,6.710446951276898,6.671051344658824,6.714297099586987,6.6985984651742365
*c1ccc(S(=O)(=O)c2ccc(N3C(=O)c4ccc(Oc5ccc(Oc6ccc7c(c6)C(=O)N(*)C7=O)cc5)cc4C3=O)cc2)cc1,egc,3.2399,3.073524075193941,3.045857020487784,3.0472310859892544,3.0555373938903263
*Oc1c(Cl)cc(NC(=O)NCCCCCCNC(*)=O)cc1Cl,egc,4.9474,4.874805540691515,4.479667640467753,4.804222927281018,4.719565369480095
*OC1CCC(OC(=O)OCCCCCCOC(*)=O)CC1,egc,7.1086,6.745087667644565,6.6792873497909095,6.825594215310663,6.749989744248713
*CC(=O)OC(=O)c1ccc(O*)cc1Br,egc,4.4665,4.444467351388785,4.586809562162831,4.8576835382241645,4.62965348392526
*C(F)(F)C(F)(F)C(=O)C(C=C1)=CC=C1*,egc,4.443,4.269990982085863,4.369955632127479,4.573234906424548,4.404393840212631
*C(F)(F)C(F)(F)C(=O)C(S1)=CC=C1*,egc,3.8794,3.0936008140714866,3.2580367440720424,3.5926460395032835,3.3147611992156043
*C(=O)OCCCCCCCCCCCCOC(=O)c1ccc(N2C(=O)c3ccc(*)cc3C2=O)cc1,egc,3.2472,3.4962034634020362,3.473441325837854,3.4082333252917936,3.4592927048438944
*c1ccc(*)n1C(C)C(=O)OC,egc,2.9894,2.996250974876344,3.049081441502128,2.8440857039037986,2.9631393734274236
*OC(=O)CCSCCSCCC(*)=O,egc,4.6742,4.845519591564874,4.981305053022119,4.655852714359849,4.827559119648947
*OC(C)COC(=O)C1CCC(C(*)=O)CC1,egc,6.3027,6.553676792677645,6.506342817816004,6.380160102558602,6.4800599043507505
*CCCCCCCCCCCOC(=O)c1ccc2cc(C(=O)O*)ccc2c1,egc,3.7387,4.304389394183442,4.379801394576283,4.25339190571111,4.312527564823612
*NC(=O)C(C=C1)=CC=C1C(=S)*,egc,2.8785,2.6638150268925136,2.6621912629744586,2.840798280711794,2.7222681901929224
*CCCCCCCCCCCCCCCCCCCCOC(=O)C(=O)O*,egc,5.2426,5.788597402056045,5.689343316375639,5.7595229854221595,5.745821234617947
*Oc1ccc(C2(c3ccc(OC(=O)c4ccc(C(*)=O)cc4)cc3)CC3CC2C2CCCC32)cc1,egc,3.4323,3.630960242718768,3.773554160212041,3.8258813636250073,3.7434652555186054
*NC(C)C(C)(C)C(*)=O,egc,5.5547,5.458587887805566,5.6485777660001215,5.623985313607514,5.577050322471067
*NC(=O)C(=S)C(=O)*,egc,1.0075,2.343739758464042,2.2398970878710953,2.2039868694385225,2.26254123859122
*CCOC(=O)CCC(C)CC(=O)O*,egc,6.6742,6.745074677441449,6.70859388402744,6.658060244962083,6.703909602143658
*CC(CCl)(CCl)COC(=O)c1cccc(C(=O)O*)c1,egc,4.938,4.889419338120274,4.865916208465783,4.968733376868102,4.9080229744847195
*CCCCCCCC(=O)OCC1COC(*)O1,egc,6.6417,6.610265793496824,6.522218549209757,6.577823388410863,6.570102577039148
*c1ccc(Oc2ccc3ccc(Oc4ccc(-n5c(=O)c6cc7c(=O)n(*)c(=O)c7cc6c5=O)cc4)cc3c2)cc1,egc,2.1074,2.019203309990937,2.0503809764227503,1.961794190267448,2.0104594922270453
*C=CC1CC(*)C(C#N)(C[Si](C)(C)C)C1,egc,5.6706,5.288305116390936,5.726619247021754,5.058476870649702,5.35780041135413
*c1ccc(Cc2ccc(N3C(=O)c4ccc([Si](C)(C)c5ccc6c(c5)C(=O)N(*)C6=O)cc4C3=O)cc2)cc1,egc,2.9801,2.870416770405534,2.736867798040906,2.731162021469327,2.779482196638589
*C=Cc1csc(-c2cc(*)cs2)c1,egc,3.0335,2.9044957069921815,2.86429051020476,2.079777069878767,2.6161877623585696
*Oc1ccc(Nc2ccc(C(=O)c3ccc(C(=O)c4ccc(Nc5ccc(*)cc5)cc4)cc3)cc2)cc1,egc,2.99,3.4474864951213258,3.490082992031675,3.3442790713892427,3.4272828528474144
*Nc1ccc(-c2ccc(NC(=O)c3cc(C(*)=O)cc(S(=O)(=O)c4ccccc4)c3)cc2)cc1,egc,3.1781,3.114556653763685,3.1577898251048864,3.253186275013105,3.175177584627226
*OC1CCC(C2CCC(OC(=O)CCCCCCCCC(*)=O)CC2)CC1,egc,6.3469,6.407217398161676,6.37748783436809,6.488316154341952,6.424340462290573
*CCOC(=O)Nc1ccc(-c2ccc(NC(=O)O*)c(C)c2)cc1C,egc,4.3385,4.028314733736898,4.3389670146316295,4.152439426146911,4.1732403915051455
*CCCCCCNC(=O)C(CCCCCCCCCCCCCCCC)C(=O)N*,egc,6.0328,5.928550412882257,5.793694927801657,5.792316328669076,5.8381872231176635
*NNC(=O)c1ccc(C(=O)NNC(=O)CCCCC(*)=O)cc1,egc,4.3653,4.252820705363818,4.301111774705364,4.476563842042179,4.34349877403712
*C=CC(C*)(C(F)(F)F)C(F)(F)F,egc,6.1653,5.69872348460909,5.58451333153165,5.65171843600283,5.644985084047857
*C(F)(F)C(F)(F)C(S1)=CC=C1O*,egc,4.1725,4.816561003931426,4.610251040002811,4.895983639075084,4.7742652276697735
*NC(C=C1)=CC=C1C(C=C2)=CC=C2C(C=C3)=CC=C3*,egc,3.4269,3.2375809715247237,3.3815105027717864,3.4082483873021254,3.3424466205328787
*CCCCCn1c(=O)c2ccc3c4ccc5c(=O)n(*)c(=O)c6ccc(c7ccc(c1=O)c2c37)c4c56,egc,1.9902,3.2995116251361294,3.4866611838471107,3.202532153283827,3.329568320755689
*NNC(=O)CCC(=O)NNC(=O)CCCCC(*)=O,egc,5.7153,5.291679772280146,5.405779895205384,5.392342795315216,5.3632674876002495
*Oc1ccc(OC(=O)c2cc(OCCCCCCCCCCCC)c(C(*)=O)cc2OCCCCCCCCCCCC)cc1,egc,3.2519,3.6849946265453095,3.718629455512407,3.7675008540335506,3.7237083120304226
*CCCCCCCCCCCCNC(=O)C(=O)N*,egc,5.7269,5.046411435204515,5.289449979679157,5.27093009586919,5.202263836917621
*Nc1c(C)c(C)c(C(=O)c2ccc(NC(=O)c3ccc(C(*)=O)cc3)cc2)c(C)c1C,egc,3.4801,3.3002573803040436,3.4939169481558685,3.3232787582920293,3.372484362250647
*Oc1c(C)cc(C(C)(C)c2cc(C)c(OC(*)=O)c(C)c2)cc1C,egc,5.1025,5.001541502404719,4.9555858526887455,4.9913435087001154,4.982823621264527
*OC(CC(*)=O)C(C)C,egc,6.7353,6.3569233469336845,6.271463111856818,6.377142417335365,6.335176292041955
*OC(=O)CSCCSCC(*)=O,egc,4.3837,4.817417590979735,4.8924918434692755,5.10975114448452,4.93988685964451
*C(=O)c1ccc2c(c1)C(=O)N(c1ccc(Oc3cccc(N4C(=O)c5ccc(*)cc5C4=O)c3)cc1)C2=O,egc,2.4357,2.6444234764965806,2.643702867482967,2.7085560382973526,2.6655607940923
*CCCCCCCCCC#CC#CCCCCCCCCCOC(=O)CCCCCCCCC(=O)O*,egc,5.4028,5.795697266027428,6.3158394836708345,6.229499200757672,6.113678650151979
*NC(S1)=CC=C1C(S2)=CC=C2C(=S)*,egc,2.0192,2.1977150114214057,2.18987080055467,2.0126438122579065,2.1334098747446606
*c1ccc(-c2ccc(-c3cc(SCCCC)c(*)s3)cc2)cc1,egc,2.8499,2.9369748397620175,2.893981973919963,2.785622352746755,2.872193055476245
*C1C=CC(*)CC1,egc,5.6051,5.771637960591847,5.582136464356138,6.866767469272977,6.073513964740322
*c1ccc(Oc2cc(C(C)(C)C)ccc2Oc2ccc(-n3c(=O)c4cc5c(=O)n(*)c(=O)c5cc4c3=O)cc2)cc1,egc,2.2831,2.163197237237942,2.0749580318805374,2.174422157312264,2.137525808810248
*CCCCCCCCOC(=O)NCCCCCCCCCCNC(=O)O*,egc,6.1384,6.194289613625295,6.228860851934803,6.3139691991567535,6.245706554905617
*c1cc(-n2c(=O)c3cc4c(=O)n(*)c(=O)c4cc3c2=O)c(O)cc1O,egc,2.8367,2.654824964437413,2.7139694109677,2.5150214161106135,2.6279385971719087
*NC(=O)OC(S1)=CC=C1*,egc,3.8172,3.9366948503911825,4.00922563415978,4.337562895860887,4.094494460137283
*c1ccc(C(=O)c2ccc(-n3nc(-c4ccc(Oc5ccc(-c6nn(*)c(=O)c7ccccc67)cc5)cc4)c4ccccc4c3=O)cc2)cc1,egc,3.4719,3.2862717266623167,3.010347698880075,3.196943122482392,3.1645208493415944
*Nc1cccc(C#Cc2cccc(C(*)=O)c2)c1,egc,3.7438,3.051270009166387,3.0115579940131236,2.9519577365683265,3.0049285799159455
*Cc1ccc(COC(=O)CC(=O)O*)cc1,egc,5.5783,5.266033821152862,5.344156813002765,5.566439780381909,5.392210138179178
*C=Cc1ccc(*)c(C(=O)OC)c1C(=O)OC,egc,4.11,3.5495346905742156,3.6161685026696957,3.9526285016385025,3.7061105649608046
*CC(*)Cn1cc2ccccc2n1,egc,3.9074,3.8428614348947705,3.9124221158276673,3.4893768078036462,3.7482201195086944
*CC(=S)C(C=C1)=CC=C1C(=S)*,egc,1.5353,1.9384097863628569,2.14352226747225,2.0949530797686142,2.0589617112012406
*CC(*)C(=O)Oc1ccc(C#N)cc1,egc,4.6366,3.9282047477504007,4.170885502573228,3.7750056842299062,3.9580319781845117
*CCCCCCCCCCNC(=O)CCP(C)(=O)CCC(=O)N*,egc,5.8056,5.681786437540004,5.761794284708807,5.593136868095311,5.6789058634480405
*c1ccc(Oc2ccc(C(=O)c3ccc(Oc4ccc(-n5c(=O)c6cc7c(=O)n(*)c(=O)c7cc6c5=O)cc4)cc3)cc2)cc1,egc,2.395,2.2657326265658986,2.2302787713447203,2.1844039779323015,2.2268051252809737
*CNC(=O)CCCCCCCCC(=O)N*,egc,6.1742,5.969966974880777,5.944299317543854,5.9122613100892885,5.94217586750464
*NC(CC(*)=O)C(=O)OCC(C)C,egc,6.1208,6.008953833372739,6.077091524380983,5.932112444752988,6.00605260083557
*Nc1nc(*)nc(-c2ccccc2)n1,egc,4.2193,4.122439685698054,4.0369941053952365,4.384113603607231,4.181182464900174
*CC(*)c1nc(C)nc(C)n1,egc,5.2445,4.988796413198335,5.036556704341399,5.401828385755273,5.142393834431669
*CC(=O)C(S1)=CC=C1C(C=C2)=CC=C2*,egc,3.4067,3.413734984859522,3.252903612335641,3.126759438240942,3.264466011812035
*CC1CCC(CNC(=O)CCCCCCCC(=O)N*)CC1,egc,5.7062,5.900200806349036,5.9067686470679845,5.842517684991189,5.883162379469404
*C(=NCCCCCC)N(*)CCCCCC,egc,4.3588,4.821903182074959,4.412430512481179,4.996794268574195,4.743709321043444
*c1sc(*)c2ccccc12,egc,1.8359,2.6026943653302204,2.434384140775238,2.3709896774065196,2.469356061170659
*c1ccc(Oc2ccc3c(c2)C(=O)N(*)C3=O)cc1,egc,3.4303,3.6339641677112122,3.6762832781608097,3.98392252944557,3.764723325105864
*C=CC(C*)C(C)CC,egc,4.9643,5.685571472144573,5.558997970204157,5.514019157847168,5.5861962000653
*CC1CCC(COC(C)OC(=O)c2cccc(C(=O)OC(C)O*)c2)CC1,egc,4.9396,3.8182901579996957,4.6447644052308235,4.032819503053249,4.1652913554279225
*NC(C)C(=O)NC(CCC(=O)OCC)C(=O)NCC(*)=O,egc,5.3361,5.761855085612407,5.793884583421994,5.6796569605335945,5.745132209855998
*C=CCC(C)(CC*)C(=O)OC,egc,5.4945,5.843523864322885,5.76662229595612,5.843807890447906,5.817984683575637
*CC1CCC(COC(=O)O*)CC1,egc,6.8655,7.136105128286352,6.939489209007067,6.7826912392126815,6.952761858835366
*CCOCC(=O)NCCNC(=O)CO*,egc,5.9751,5.754799604152265,5.745880854059999,5.803613953770079,5.768098137327448
*c1ccc(Oc2ccc(-c3nc4cc5sc(*)nc5cc4s3)cc2)cc1,egc,3.2878,3.070238705733752,3.1041646866554156,3.0221510632605324,3.0655181518832335
*CCCCCCCCCCCCCNC(=O)CCCCCCCCCCCC(=O)N*,egc,5.8961,5.876469888128353,5.869033460275718,5.768004700271348,5.83783601622514
*NNC(=O)c1cccc(C(*)=O)c1,egc,5.0927,4.842358833567146,4.617210347723007,4.5748721067839195,4.6781470960246905
*Oc1ccc(NC(=O)c2cc(NC(=O)c3ccncc3)cc(C(=O)Nc3ccc(*)cc3)c2)cc1,egc,3.2858,3.327826258282698,3.2598105228611773,3.2668093796167508,3.2848153869202084
*CCCC(Cl)C(*)Cl,egc,6.8622,6.845150865087484,6.7917280183014865,6.823582196362565,6.820153693250512
*OC(*)C(Cl)Cl,egc,6.5565,6.234381365225774,6.22148466170117,6.478737084272049,6.311534370399664
*CC(*)C(=O)OC(OCC)C(F)(F)F,egc,6.3353,6.635075865107412,6.2683178361893415,6.25281092538872,6.38540154222849
*CCOCCOC(=O)C(=O)O*,egc,5.9165,5.582497956333915,5.6441468367637615,5.749232787908623,5.658625860335434
*CCOC(=O)c1ccc(C2(C)CC(C)(C)c3ccc(C(=O)O*)cc32)cc1,egc,4.3486,4.113753038569256,4.663951747049042,4.047320370265666,4.2750083852946545
*C(=O)c1cccc(C(=O)N(C)c2cccc(N(*)C)c2)c1,egc,4.4341,3.166926821041345,3.5353559447525815,3.748401986164121,3.4835615839860155
*Oc1ccc(C(=O)OCCCOC(=O)c2ccc(OC(=O)c3ccc(C(*)=O)cc3)cc2)cc1,egc,4.0079,4.002823642848155,3.9728894864992967,3.943391412587167,3.9730348473115398
*c1cc(CCCCCCCCCCCC)c(-c2sc(*)c3c2OCCO3)s1,egc,2.3785,1.4411344024453407,1.687267230199751,1.477463977636594,1.535288536760562
*Oc1ccc(Oc2ccc(C(=O)c3ccc(*)cc3)cc2)cc1CC#N,egc,4.0183,3.6342770947659475,4.0342510854679166,3.5599508979337773,3.742826359389214
*C(C=C1)=CC=C1C(=S)OC(=S)*,egc,2.8098,3.1785818176274576,3.192317775190053,2.759413076662564,3.0434375564933585
*CCCCCCNC(=O)N*,egc,5.7413,5.699233997976464,5.8479140177008,5.801449175175166,5.7828657302841435
*CC1CCC(CNC(=O)c2cccc(C(=O)N*)c2)CC1,egc,4.9032,4.785778016720662,4.976852230464433,4.852872628917377,4.8718342920341575
*OC(*)C=C,egc,6.1637,5.348395302706645,5.456781410928878,5.397795623550137,5.400990779061886
*CCCCCCNC(=O)CCCC(=O)O*,egc,5.9363,6.069178615662662,6.3156072475653815,6.085483879488154,6.156756580905399
*CCOC(=O)C1CCC(C(=O)O*)CC1,egc,6.5843,6.385238101137562,6.543764051859094,6.498352978475821,6.4757850438241595
*CCOCCOC(=O)c1ccc(NC=Nc2ccc(C(=O)O*)cc2)cc1,egc,4.1569,3.429776094461479,3.754362152613796,3.753125583499297,3.645754610191524
*CC(COc1ccc(Cl)cc1)O*,egc,4.8901,4.974797524582362,4.756240584851726,4.781633179428545,4.8375570962875445
*OC(c1ccco1)C(C)(C)C(*)=O,egc,5.4574,4.401564958562845,4.9496219920463185,5.057285248416117,4.80282406634176
*Oc1ccc(NC(=C(C#N)C#N)c2ccc3cc(C(Nc4ccc(*)cc4)=C(C#N)C#N)ccc3c2)cc1,egc,2.9429,2.678906870166129,2.569234727303741,2.6145606114889075,2.620900736319592
*Oc1ccc(-c2ccc(OC(=O)CCCCCCCCCCCC(*)=O)cc2)cc1,egc,4.4464,4.452610198791021,4.494120935347612,4.395846440529876,4.4475258582228365
*CC(*)c1ccc(S(=O)(=O)O)cc1,egc,3.2569,3.484255937118031,3.198686721329805,3.9713458950031693,3.551429517817002
*CCCCNC(=O)c1cccc(C(=O)N*)c1,egc,5.1173,4.930546304719102,4.866470265300044,4.93969219900912,4.912236256342755
*OC(*)CCC#N,egc,6.5576,6.874108668017049,6.564463008317597,6.6723563310449485,6.703642669126531
*c1ccc(Oc2ccc(Oc3ccc(N4C(=O)CC(=O)N(*)C4=S)cc3)cc2)cc1,egc,3.1515,3.7551838925351313,3.5974826244623843,3.61395336335968,3.6555399601190657
*Oc1cc(OC(=O)c2ccc(OCCCC)cc2)c(OC(=O)CCCC(*)=O)cc1OC(=O)c1ccc(OCCCC)cc1,egc,4.3317,3.8505688121166393,3.8088375388036098,3.908206192537314,3.855870847819188
*CC(*)CC,egc,6.517,6.486667061623339,6.584871134210934,6.650575610046401,6.574037935293558
*OC(C)COC(=O)CCCCCCCC(*)=O,egc,6.6084,6.669689625396194,6.619292023058709,6.763415145248232,6.684132264567712
*CC(*)C(=O)OCC(F)(F)C(F)(F)C(F)(F)F,egc,6.784,6.485617452933317,6.638809157216064,6.467088063594261,6.5305048912478805
*CC(*)c1ccc(C)cc1C,egc,4.8585,4.656116270698184,4.516483810579114,4.804014826571857,4.658871635949718
*Oc1ccc(C(=O)NNC(=O)c2cccc(C(=O)NNC(=O)c3ccc(OC(=O)c4cccc(C(*)=O)c4)cc3)c2)cc1,egc,3.7359,3.5990980539316086,3.816032165973004,3.1785340694966098,3.5312214298004077
*NC(=O)C=CC(=O)Nc1nc(*)nc(N)n1,egc,3.896,3.2610134689954045,3.4513228183193725,3.2945634435060454,3.335633243606941
*C(S1)=CC=C1OC(=S)O*,egc,3.5737,4.051134447614883,3.9392318294976136,3.751634036892279,3.914000104668258
*OC(=O)Cc1ccc(CC(*)=O)cc1,egc,5.2715,5.002191256317666,5.19925489559017,5.257075707889718,5.152840619932518
*CC(*)(C#N)C(=O)OCC(C)C,egc,6.6162,6.460615857689401,6.575083284420703,6.2589950350997885,6.431564725736631
*Oc1ccc(SSc2ccc(*)cc2)cc1,egc,3.8889,4.348035189965954,3.999809946987152,4.094807841951988,4.147550992968365
*NC(C(*)=O)C(C)CC,egc,5.462,5.904544499012578,5.744842099538509,5.93273403501793,5.86070687785634
*OC(C)CCOC(=O)CCCCSCCCCC(*)=O,egc,5.3678,5.359392511871543,5.4449685649180015,5.407801415407044,5.404054164065529
*CC(*)(C)C(=O)OCCCCn1c2ccccc2c2ccccc21,egc,3.7637,3.555592637243342,3.4729753603925433,3.6519766241312945,3.56018154058906
*c1ccc(-c2cc(OCCCCCCCCCC)c(*)cc2OCCCCCCCCCC)cc1,egc,3.5012,3.426519508444157,3.367320398439766,3.433531019452693,3.409123642112205
*OC1CC(c2ccccc2)CC(*)O1,egc,5.8678,4.9506455206105215,5.3931796835528,5.335379726898622,5.226401643687314
*CCCCCCCCC(=O)NCCCCCOCCCCCNC(=O)CCCCO*,egc,5.8271,5.795920184396906,5.87384362152074,5.817534775196966,5.829099527038205
*c1ccc(*)n1Cc1ccc[n+](C)c1,egc,0.2844,2.2781482386867253,2.262948747294516,2.408859221318479,2.316652069099907
*C(C=C1)=CC=C1C(S2)=CC=C2C(C=C3)=CC=C3C(=S)*,egc,2.3434,2.525299519207295,2.477988645486229,2.5487856750555924,2.5173579465830387
*CC(C)C1C(=O)N(CCC)C(=O)C1*,egc,5.8295,5.450025721280325,5.275314450801711,5.471513809686155,5.398951327256064
*Nc1ccc(NC(=O)CCCCCC(*)=O)cc1,egc,4.5224,4.572769786306506,4.483879725621058,4.612079001090538,4.556242837672701
*C(=O)Nc1cccc(NC(=O)c2ccc3[nH]c(-c4cccc(-c5nc6cc(*)ccc6[nH]5)c4)nc3c2)c1,egc,3.3364,3.3928340231145246,3.3109632916444123,3.366117433014266,3.3566382492577342
*NC(=O)C(S1)=CC=C1O*,egc,4.3505,3.8032146379117475,3.7902529014557107,3.720315952360751,3.771261163909403
*CCCCCCCCNC(=O)CCC=CCCC(=O)N*,egc,5.2366,5.64104751437223,5.637352999498617,5.666105889029477,5.648168800966775
*Cc1ccc(CSSSS*)cc1,egc,4.3206,3.9674123831086994,4.237308563088978,3.686368665732051,3.963696537309909
*CC(CCCC)(CCCC)C(=O)O*,egc,6.671,6.189846886354187,6.359712145494851,6.484051689943132,6.3445369072640565
*c1ccc(*)n1C(=O)OCC,egc,2.3493,2.8624098393551196,3.2664432088062196,3.026731809053862,3.0518616190717336
*c1ccc(*)c(C(=O)c2c(F)c(F)c(F)c(F)c2F)c1,egc,4.0903,3.873517149724963,3.586437852507997,3.902336394989992,3.787430465740984
*CCCCOC(=O)CC(=O)O*,egc,6.6946,6.578778826083129,6.492724803096803,6.436024496696215,6.50250937529205
*c1ccc(*)c(C(=O)c2ccccc2)c1,egc,3.9696,3.8960886013597165,3.5261193579638794,3.859264577917205,3.7604908457469333
*CCCCOc1ccc(C=C2CCC(=Cc3ccc(O*)cc3)C2=O)cc1,egc,2.9446,3.84511767673679,3.452649823664253,3.604435213197153,3.634067571199399
*OC(=O)OC1COC2C(*)COC12,egc,6.8979,6.603880648692234,6.422250822267197,6.435787186895668,6.487306219285034
*c1cccc(C(F)(F)C(F)(F)C(F)(F)c2cccc(N3C(=O)c4ccc(Oc5ccc6c(c5)C(=O)N(*)C6=O)cc4C3=O)c2)c1,egc,3.4025,3.2505267873641928,3.1670383626511356,3.2714448849247697,3.2296700116466988
*CC(c1ccccc1)C1C(=O)N(c2ccc(C(=O)Oc3ccc(C=O)cc3)cc2)C(=O)C1*,egc,4.2954,3.8664099857313676,3.5315398709345596,3.6035408659652797,3.6671635742104023
*CC(OC)C(C(=O)O)C(*)C(=O)O,egc,6.3287,5.994739153778348,5.981376655490098,5.774027363289641,5.916714390852696
*c1sc(*)c2c1OCC(CCCCCCCCCCCC)O2,egc,1.9291,3.141546183779024,3.0391080591450854,2.6887307927492996,2.9564616785578033
*c1ccc(Oc2ccc(-c3cnc4cc(Oc5ccc6nc(*)cnc6c5)ccc4n3)cc2)cc1,egc,3.1068,3.1421155615886596,3.1256931173405613,2.825628096718079,3.0311455918824333
*c1cc2sc(*)c(C)c2s1,egc,3.8179,1.8866026932355922,2.2328138890581433,1.9950005682345395,2.0381390501760914
*CCCCCOC(=O)c1cccc(C(=O)O*)c1,egc,5.0521,5.161204325816777,4.989776865564637,5.114193501135684,5.088391564172366
*NC1CCC(CC2CCC(NC(=O)CCCCC(*)=O)CC2)CC1,egc,5.6991,5.629270312904801,5.858579816981774,5.674720440372651,5.720856856753076
*C=CC1CC(*)C2C(=O)N(c3ccc(C)cc3)C(=O)C12,egc,5.2272,4.891176573084951,4.617226092571168,5.017438905210788,4.841947190288969
*c1ccc(N2C(=O)c3ccc(C(=O)c4ccc5c(c4)C(=O)N(c4ccc6[nH]c(*)nc6c4)C5=O)cc3C2=O)cc1,egc,2.4444,2.780555527120848,2.7015465664254172,2.6981743699540277,2.7267588211667646
*CC(*)OCCCCC,egc,5.9056,5.661214293262389,5.497774220948234,5.864678161640072,5.674555558616898
*NC(C=C1)=CC=C1C(S2)=CC=C2C(C=C3)=CC=C3*,egc,2.7767,3.094850288729971,3.1306172905245573,3.0693505263204766,3.098272701858335
*C(F)(F)NC(F)(F)C(=O)*,egc,4.8818,6.38724262181637,5.924253914026286,6.348363038510683,6.219953191451112
*Nc1cc(C(c2ccc(O)c(NC(=O)c3ccc4cc(C(*)=O)ccc4c3)c2)(C(F)(F)F)C(F)(F)F)ccc1O,egc,3.7695,3.3731962510057865,3.2579235672835827,3.3704254497400132,3.3338484226764606
*C(=O)OC1CCN(*)CC1,egc,5.5791,5.9445362520615985,6.058741037674061,5.842068439681025,5.948448576472228
*CC(F)(F)C(F)(F)C(F)(F)COC(=O)CSCSCC(=O)O*,egc,5.1865,5.499995184020789,5.348900115596743,5.663307958424573,5.504067752680702
*C(=O)OC(=O)O*,egc,5.0987,5.8056009633485814,6.242522698170038,5.273591751558385,5.773905137692335
*C=C(C)CC(C#N)CC*,egc,5.6857,5.387290213179289,5.372254889510398,5.6366115906267105,5.465385564438798
*CCCCOC(=O)OCC1CCC(COC(=O)O*)CC1,egc,7.0222,7.081789414655615,6.671264313506154,6.8759831285001605,6.87634561888731
*C(=O)OC(S1)=CC=C1C(=S)*,egc,2.7905,2.8335920788324525,2.982084773993364,2.7577186699194214,2.8577985075817463
*Nc1c([2H])c([2H])c(*)c([2H])c1[2H],egc,3.3666,3.5771716957882833,3.618179969638631,3.2784052531501247,3.491252306192346
*CC(CO*)(CS(=O)(=O)C(C)C)CS(=O)(=O)C(C)C,egc,5.5454,5.331330289470263,5.344275510737077,5.512872815591066,5.396159538599469
*CCCCCOC(=O)O*,egc,7.3186,7.149288414272732,7.018260421002837,7.089483169072197,7.085677334782588
*C(=O)c1ccc2c(c1)C(=O)N(c1ccc(OCCOCCOCCOc3ccc(N4C(=O)c5ccc(*)cc5C4=O)cc3)cc1)C2=O,egc,2.5902,2.358672595499985,2.3717894522197125,2.5335620470058324,2.42134136490851
*CC(*)CCCC1CCCCC1,egc,6.3703,6.663573520376544,6.450513112970492,6.988509879464046,6.700865504270361
*c1ccc(-c2ccc(*)nc2)cn1,egc,3.5855,3.5201267581064233,3.4950994370695945,3.9198802711623992,3.6450354887794725
*NC(CCC(*)=O)C(=O)OC,egc,5.6456,6.018897994914773,5.83276240964553,5.7428348453738165,5.86483174997804
*c1cc(COCCCCCCCCCCCCOc2ccc(-c3ccc(OC)cc3)cc2)c(*)s1,egc,2.5163,2.7290699465632273,2.661211999807486,2.7642934391709417,2.7181917951805517
*CC(F)(F)C(F)(F)C(F)(F)C(F)(F)COC(=O)CSCCSCC(=O)O*,egc,5.0898,5.832343416172945,5.484315722031055,5.581747147367156,5.632802095190385
*CCCCCCCC[N+](C)(C)CCCCCC[N+](*)(C)C,egc,0.1032,0.42688763108962036,0.258197113447341,1.6314932884687583,0.7721926776685732
*Nc1nc(*)nc(Cl)n1,egc,4.4996,4.607621958578128,4.430772056595289,4.350196649871825,4.462863555015081
*C(=O)c1ccc2c(c1)C(=O)N(c1cccc(Nc3ncnc(Nc4cccc(N5C(=O)c6ccc(*)cc6C5=O)c4)n3)c1)C2=O,egc,2.4957,2.5571939340871745,2.619820529407668,2.6453118094669743,2.607442090987272
*CCCCCCCCCCNC(C)=N*,egc,4.8855,5.281012979640129,5.285549532002219,5.373677922260592,5.3134134779676465
*OC(=O)OCC1OC(C)(C)OC1COC(=O)OC1COC2C(*)COC12,egc,6.6226,6.400087811484428,5.755052709198644,5.973995473055731,6.043045331246268
*C(=O)c1ccc2c(c1)C(=O)N(c1ccc(C3(c4ccc(N5C(=O)c6ccc(*)cc6C5=O)cc4)c4ccccc4-c4ccccc43)cc1)C2=O,egc,2.3311,2.555723613294436,2.479072862519446,2.5022811968694842,2.512359224227789
*Oc1ccc(C(C)(C)c2ccc(OC(*)=O)c(Cl)c2)cc1C,egc,5.1208,4.918282493791097,4.726581071438513,4.735147445062281,4.79333700343063
*CCc1cnc(*)cn1,egc,4.5671,4.44053067031282,4.286695522199263,4.589639974192068,4.438955388901384
*C(=O)c1ccc2c(c1)C(=O)N(c1ccc(-c3ccc(N4C(=O)c5ccc(*)cc5C4=O)c(OC)c3)cc1OC)C2=O,egc,2.4885,2.6488717247136253,2.6218086850710978,2.6520777094532337,2.640919373079319
*CC1(CO*)CCC(C)CC1,egc,5.8565,5.823177230044181,5.98467986286302,5.946470565471164,5.918109219459455
*C(C)=C(*)CCC,egc,5.0895,5.100251108421849,4.89219819887852,4.658889966818365,4.883779758039577
*CC(C)(C)CS(=O)(=O)CC(C)(C)COC(=O)O*,egc,6.8436,5.797503083374102,6.149014888518314,6.223992316250488,6.056836762714301
*CC(O*)C(F)(F)F,egc,6.7566,7.439900944627872,7.682237525910116,7.173095510025209,7.431744660187732
*CCOC(=O)CCCCCCC(=O)O*,egc,6.9025,6.828654906651002,6.6222984687839155,6.8303297620736565,6.760427712502858
*CC1CCC(COC(=O)CCCCC(=O)O*)CC1,egc,6.7775,6.810108922237388,6.612304146254647,6.51363401122437,6.645349026572134
*COC(=O)NCCNC*,egc,5.81,5.751905921075559,5.991603622922243,5.93123435243953,5.8915812988124445
*NNC(=O)C=CC(=O)Nc1ccc(NC(=O)C=CC(*)=O)cc1,egc,3.0373,3.2664851403191615,2.901799884830288,3.2119855619191084,3.1267568623561863
*O[Si](C)(Oc1ccc(*)cc1)c1ccccc1,egc,4.1409,5.047232573264282,4.602607874182783,5.097430553633034,4.915757000360033
*CC(*)OC(=O)C(C)(C)C,egc,6.1579,6.463438727490014,6.3414808328898795,6.366270005292572,6.390396521890821
*c1ccc(-c2ccc(-c3nc(-c4ccc(-c5csc(*)n5)cc4)cs3)cc2)cc1,egc,2.9481,3.320115801017258,3.238774998002372,3.1494236118026993,3.236104803607443
*CC(O)CN(*)c1ccc(N=Nc2ccc(Cl)cc2)cc1,egc,2.6263,2.5510145775928597,2.529387732378254,3.1494902548079544,2.7432975215930226
*Oc1c(-c2ccccc2)cc(*)cc1-c1cccc(C)c1,egc,3.8976,3.7381101823767064,4.086297582732809,3.984021222131717,3.9361429957470775
*C(=O)N(*)CC,egc,6.052,5.168455052504959,5.280172698639491,5.310302127648079,5.252976626264176
*OC1C(COC(C)=O)OC(*)C(OC(C)=O)C1OC(C)=O,egc,5.9636,6.259888839980365,6.192635634141063,6.052490809467743,6.168338427863058
*c1cc(N=Nc2ccc(C(=O)O)cc2)cc(*)c1O,egc,2.9911,2.909727559027667,2.941934018469969,3.02238824939656,2.9580166089647317
*CC(*)(C)C(=O)OCC(F)(F)C(F)(F)C(F)(F)C(F)F,egc,6.3477,6.357218660555355,6.260345401348355,6.589436734690165,6.402333598864625
*Oc1ccc(Oc2ccc(C(=O)c3ccc(*)cc3)cc2)cc1CBr,egc,3.6235,3.8067166545454723,3.6402096385779523,3.778740491713307,3.7418889282789105
*CCCCCCCCCCCCCCC(=O)O*,egc,6.9774,6.753716415963713,6.65180188303086,6.77050416864163,6.725340822545401
*CC(*)c1c(F)c(F)c(P(=O)(O)O)c(F)c1F,egc,4.4874,3.947659160498233,4.438818517600741,3.4349761422655516,3.940484606788175
*C(=O)C(C=C1)=CC=C1C(S2)=CC=C2O*,egc,3.7187,3.338428542999925,3.4387488147361336,3.7226304919899182,3.499935949908659
*CCCOC(=O)NCCSCCSCCNC(=O)O*,egc,5.2508,5.283688618884599,5.338763061111656,4.979567772375843,5.2006731507907
*CCNC(=O)c1ccc(O*)cc1,egc,5.0314,4.782912354402332,4.710234653804736,4.674087315319473,4.722411441175513
*C(=O)Nc1ccc(NC(=O)c2ccc3c(c2)C(=O)N(c2c(C)cc(C)c(N4C(=O)c5ccc(*)cc5C4=O)c2C)C3=O)cc1,egc,3.3589,2.8726399394587188,2.7776273420829676,2.8920788087216733,2.8474486967544532
*C(=O)c1ccc2c(c1)C(=Nc1ccc(Oc3cccc(N=C4OC(=O)c5ccc(*)cc54)c3)cc1)OC2=O,egc,2.5722,2.9761284006003943,3.0196326820624235,2.8542805589863436,2.9500138805497205
*c1ccc(C(=O)Oc2ccc3ccc(OC(=O)c4ccc(N5C(=O)CC(SCCOCCSC6CC(=O)N(*)C6=O)C5=O)cc4)cc3c2)cc1,egc,3.5935,3.43965073067967,3.152256260467238,3.597491519093071,3.396466170079993
*CC(C)(CC)COC(=O)CCCCCCCCC(=O)O*,egc,6.7916,6.3118849575042955,6.406145284914675,6.112554147392292,6.276861463270421
*c1ccc(Oc2ccc(-c3cnc4cc(-c5ccc6nc(*)cnc6c5)ccc4n3)cc2)cc1,egc,3.1085,3.155842069779719,3.177663437675425,2.7237712866695922,3.019092264708245
*CC(OC(=O)OCC)C(COC(=O)O*)OC(=O)OCC,egc,7.1757,6.968797136739871,6.592832015250583,6.817062600196393,6.792897250728949
*C=CCC*,egc,5.2133,5.178400305648685,5.101534660069787,4.716134224374559,4.9986897300310105
*C1CC2C3CC4C(C3*)C24C1,egc,5.9559,6.097539444889515,6.166696600212481,6.444552856953776,6.236262967351924
*c1ccc(C)c(N2C(=O)c3ccc(S(=O)(=O)c4ccc5c(c4)C(=O)N(*)C5=O)cc3C2=O)c1,egc,3.2404,3.117704088237999,3.111393693285237,2.887275771588621,3.0387911843706186
*Nc1c(Br)cc(*)cc1Br,egc,4.3604,3.2278087496506673,3.5023009363949527,3.440057852078098,3.390055846041239
*CC(CCCC)O*,egc,5.4348,5.592112828875996,5.964464021168393,5.677699383424687,5.744758744489691
*c1c(C)cc(-c2cc(C)c(N3C(=O)c4ccc(-c5ccc6c(c5)C(=O)N(*)C6=O)cc4C3=O)c(C)c2)cc1C,egc,2.8885,2.892427884527046,3.043794538672113,3.1774547147934236,3.0378923793308608
*Nc1nc(Nn2c(=O)c3cc4c(=O)n(*)c(=O)c4cc3c2=O)nc(N(CCC)CCC)n1,egc,2.5752,2.9131693678305135,2.8128915955171,3.130640650031184,2.952233871126266
*CCCCCCCCCCOC(=O)CCCCCCCCCCCCCCCCC(=O)O*,egc,6.6124,6.587841728686003,6.567501276264157,6.082383006985974,6.412575337312045
*c1ccc2c(c1)Cc1cc(N3C(=O)c4ccc(-c5ccc6c(c5)C(=O)N(*)C6=O)cc4C3=O)ccc1-2,egc,2.6588,2.6898671068775286,2.517417336880335,2.699104059809503,2.6354628345224556
*C(=O)C(C=C1)=CC=C1C(=S)O*,egc,3.2688,3.3305972822931866,3.3847016696711933,3.155921766684668,3.2904069062163495
*C(=O)c1ccc2c(c1)C(=O)N(c1cc(-c3nc4ccccc4o3)cc(N3C(=O)c4ccc(*)cc4C3=O)c1)C2=O,egc,2.6591,2.901486218050036,2.79465126321445,2.8549137633325183,2.850350414865668
*c1ccc(-c2ccc(-c3ccc(*)n3C)o2)s1,egc,1.929,2.4185839368245623,2.504184547906316,2.8359161951733616,2.5862282266347467
*C(=O)Oc1ccc(OC(=O)N2CC(C)N(*)CC2C)cc1,egc,5.5219,4.752847176304044,4.8303988926902,4.687634106778876,4.75696005859104
*CCCCNC(=O)CCCCCC(=O)N*,egc,5.7771,5.986658935710618,5.9091548489280825,5.9491354261687075,5.948316403602469
*Oc1ccc(OC(=O)c2ccc(C(*)=O)cc2)cc1C1CCCCCC1,egc,3.5076,3.6070388114908547,3.548969142956493,3.596664620078868,3.5842241915087385
*NC(CC(*)=O)C(=O)OCCCC,egc,6.151,5.9293611632612215,6.0322142162915595,5.989331725208828,5.983635701587203
*CC(*)C(=O)Oc1ccc(OC)cc1,egc,4.4447,4.471116034424899,4.711110218991008,4.934807501585087,4.705677918333665
*CCNC(=O)CCCCCCCCCCC(=O)N*,egc,5.5657,5.9702126285270305,5.895582087502169,5.827794051120543,5.897862922383247
*C(=O)OC(S1)=CC=C1O*,egc,4.2235,4.1028038226836445,4.3939382451661615,4.301104622726048,4.2659488968586174
*CCCCCCC(=O)N*,egc,6.0436,6.053084766828178,5.978120841687297,6.005477086171301,6.012227564895592
*C(OC)=C(OC)c1ccc(*)s1,egc,2.5351,2.6249200699665995,2.651139806111075,3.2413655705442834,2.839141815540653
*OC(=O)CCCCC(*)=O,egc,6.1659,6.040848565168598,6.194969759373678,5.946748198278545,6.060855507606941
*NC(CCCCNC(=O)NCCCCCNC(*)=O)C(=O)OC,egc,5.5834,5.567865964519726,5.589719473723551,5.689288268388576,5.615624568877284
*C(=O)Nc1cc(NC(=O)c2ccc(*)o2)c(N)cc1N,egc,2.8199,3.144798430491899,3.0093600476426574,3.471182817078737,3.208447098404431
*C(C)C(*)O,egc,6.0639,6.198437120455024,6.266167297442485,6.301599689827644,6.255401369241717
*NC(=O)C(C=C1)=CC=C1C(S2)=CC=C2*,egc,4.012,3.052956157932809,3.128007080851103,3.1104617143172937,3.0971416510337355
*CCCCCCCCCCNC(=O)CCCCCCCC(=O)N*,egc,5.9559,5.814859059224459,5.843415858561045,5.81162351921089,5.823299478998798
*c1cccc(*)c1,egc,4.1803,3.4746975358320302,3.7906598883011173,3.7957398108336684,3.6870324116556055
*CCCN(*)C(=O)c1ccccc1,egc,5.2083,5.0435260806857105,4.746031378690004,5.0221319104763795,4.937229789950698
*CC(=O)OC(=O)COc1ccc(C(C)(C)c2ccc(O*)cc2)cc1,egc,4.2779,4.814828797182658,4.677994517651944,4.7433773539379605,4.745400222924188
*CCCCCOC(=O)NC1CC1NC(=O)O*,egc,6.2104,6.269161694807089,6.38977380283946,6.418059040565263,6.358998179403938
*C(=O)C(C=C1)=CC=C1OC(=S)*,egc,3.5119,3.237609915243729,3.3887600604865926,2.9167147298470555,3.1810282351924593
*CCCCCCCCCCCCOc1ccc(C=NN=Cc2ccc(O*)cc2O)c(O)c1,egc,3.7924,3.65026197434587,3.6537388816843808,3.6960724654387076,3.6666911071563195
*C(C#N)=C(c1ccccc1)c1ccc(*)cc1,egc,4.0078,2.61390918820422,2.6646865609966577,2.601040670418358,2.6265454732064115
*CC(*)c1cc(OC)ccc1OC,egc,3.8323,4.461276492209341,4.0373545369651795,3.800114260697612,4.09958176329071
*CCCCNC(=O)CCCCCCCC(=O)N*,egc,5.9048,5.874254356507891,5.88298113275499,5.852370229505019,5.869868572922634
*Nc1ccc(*)cc1C,egc,3.5769,3.880570391855719,3.7355894625138135,3.984577838372819,3.866912564247451
*c1ccc(Oc2ccc(-n3c(=O)c4c(F)c5c(=O)n(*)c(=O)c5c(F)c4c3=O)cc2)cc1,egc,2.0451,2.5517121684025463,2.506259150424159,2.3969031372451055,2.484958152023937
*CC(CO*)C(C)(C)C,egc,5.7599,5.444053422795998,5.715403236228845,5.355944259342911,5.505133639455917
*c1ccc(C)c(N2CC(=O)N(*)CC2=O)c1,egc,5.1153,3.953274534470836,3.5300558221098077,4.092437254489217,3.8585892036899536
*C(F)(F)C(*)(F)OC(F)(F)C(F)(F)F,egc,8.7447,8.738468440764601,8.90756008925818,8.19085995286717,8.612296160963318
*CC(*)(C)C(=O)OCC(=O)N1CCCC1,egc,5.0881,5.59540158169531,5.522597944770305,5.717523858152706,5.611841128206106
*CCOC(=O)Nc1cccc(NC(=O)O*)c1,egc,5.098,4.9806716635084864,5.272636616005688,4.697761622601109,4.9836899673717605
*NC(C)(CC)C(*)=O,egc,5.7479,5.216057712447343,5.424287077415946,5.172605761986528,5.270983517283272
*CC(COCCCC)O*,egc,5.3487,5.815593461894508,5.7334444526548385,5.676864160318917,5.741967358289422
*CCCCCCCCn1c(=O)c2cc3c(=O)n(*)c(=O)c3c(Br)c2c1=O,egc,3.5401,3.3117809064627073,3.4724306439870056,3.9601882411279727,3.5814665971925623
*CCc1ccc(*)o1,egc,4.9056,3.768155584731682,4.0970772415586705,4.241982790673489,4.035738538987947
*Cc1ccc(CNC(=O)CCCCCCCCCCCCCCCCCCCCC(=O)N*)cc1,egc,5.5873,5.218051620346779,5.1550373912788245,5.275961610822754,5.216350207482786
*Oc1ccc(C(c2ccc(OC(=O)c3ccc(OCCCCCCCCCCOc4ccc(C(*)=O)cc4)cc3)cc2)(C(F)(F)F)C(F)(F)F)cc1,egc,4.4545,3.6149069969613956,4.075649198111402,3.748007726541353,3.8128546405380503
*Oc1ccc(NC(=O)c2cc(C(=O)Nc3ccc(*)cc3)cc(S(=O)(=O)c3ccccc3)c2)cc1,egc,3.3682,3.271746434874672,3.4324189586217386,3.400983800899255,3.368383064798555
*OC(COC(*)=O)COc1ccccc1,egc,5.4034,4.9938176050190854,5.486091450690553,5.084345362393701,5.188084806034446
*C=CC1=C(O)C(O)=C(*)C1,egc,1.3796,2.81521033701198,3.0585273728634705,3.0312118727847754,2.9683165275534087
*CCSSCCOCO*,egc,5.3189,5.471082311042749,5.549927075495738,5.083351527111957,5.368120304550149
*NC(S1)=CC=C1C(=O)C(S2)=CC=C2*,egc,2.2308,3.132674856810836,3.0476623111583003,3.0515084375058867,3.0772818684916743
*c1cc(-c2nc3ccccc3o2)cc(-n2c(=O)c3cc4c(=O)n(*)c(=O)c4cc3c2=O)c1,egc,2.4745,2.4837335880417273,2.5581129927893125,2.5690544539855886,2.5369670116055425
*CC(CCl)O*,egc,6.3441,6.496268880790008,6.147627044825491,6.473568596470937,6.372488174028812
*OC(=O)c1ccc(CCCCc2ccc(C(*)=O)cc2)cc1,egc,4.8401,4.406275581024101,4.439723460571818,4.415996646729167,4.4206652294416955
*CCCCCCCCCCCCOC(=O)NCCCCCCNC(=O)O*,egc,6.1958,6.313054196373549,6.225808670665169,6.252963523696139,6.263942130244953
*Oc1ccc(Oc2ccc(C(=O)c3cccc(-c4cccc(C(=O)c5ccc(*)cc5)c4)c3)cc2)cc1,egc,3.724,3.5478375798989252,3.5774799276235334,3.50228363218829,3.542533713236916
*c1cccc(-c2nc3ccc(-c4ccc5nc(*)sc5c4)cc3s2)c1,egc,3.3066,3.328137733513493,3.1917939290901587,3.1777329174403075,3.232554860014653
*C1=CC(C)C(C(=O)C(=O)C2CC3C(*)CC3(O)C2=O)C(=O)N1C,egc,2.7097,3.403150720540295,3.5658237937349377,4.235363204931114,3.734779239735449
*C(=O)OCC(C)(C)COC(=O)N1CC(C)N(*)CC1C,egc,5.8365,5.563411076324187,5.854384001543089,5.9195497466189675,5.779114941495415
*C=Nc1ccccc1N=Cc1ccc(Sc2ccc(*)o2)o1,egc,2.7375,2.764811054357148,2.6020376188003533,2.6094126825329362,2.658753785230146
*COC(=O)Nc1ccc(Cc2ccc(NC(=O)OCc3cocc3*)cc2)cc1,egc,4.6344,3.5218356649223868,3.2326007361934233,3.2710246389126616,3.341820346676157
*CCOC(=O)Nc1cccc2c(NC(=O)O*)cccc12,egc,3.9352,4.159407392580446,4.1187570689900825,4.0476314077679705,4.108598623112833
*CC#CC#CCOc1ccc(-c2ccc(O*)cc2)cc1,egc,4.0246,3.8044942489239317,3.886938649342297,4.025524639363448,3.9056525125432255
*c1ccc(-c2nc3ccc(S(=O)(=O)c4ccc5nc(*)c(-c6ccccc6)nc5c4)cc3nc2-c2ccccc2)cc1,egc,2.8529,3.2441816369406444,3.261956949671706,3.053674036446765,3.1866042076863716
*CCCCNC(=O)CCCCCCC(=O)N*,egc,6.0697,5.884949954562246,5.8425133053534735,5.847352918904498,5.8582720596067395
*CC(CBr)O*,egc,6.2128,5.548100220447512,5.75816570509973,6.035672332400445,5.7806460859825615
*CCCCCCCCCCNC(=O)CCCCCCCCCCCCCCCCC(=O)N*,egc,5.9174,5.836325774167577,5.889211004156355,5.870998451594318,5.865511743306083
*CC(OC(C)=O)C1C(=O)N(c2ccccc2)C(=O)C1(*)Cl,egc,5.0889,4.690950710677756,4.780773600306072,4.699907946918988,4.723877419300938
*c1ccc(Cc2cccc(-n3c(=O)c4cc5c(=O)n(*)c(=O)c5cc4c3=O)c2)cc1,egc,2.6251,2.6271841587805858,2.6758973721309394,2.7227971105577398,2.675292880489755
*Nc6ccc(c5ccc(NC(=O)c4ccc(C3(c1ccc(C(*)=O)cc1)OC(=O)c2ccccc23)cc4)cc5)cc6,egc,3.2864,3.4458618992146155,3.3991752027471414,3.3416856188608945,3.395574240274217
*CC(=O)Nc1ccc(NC(=O)CN2C(=O)c3ccc(C(=O)c4ccc5c(c4)C(=O)N(*)C5=O)cc3C2=O)cc1,egc,2.4122,3.019724388681684,3.1875478225830935,3.2873343657603913,3.16486885900839
*C(=O)c1ccc2nc(-c3ccc(-c4nc5ccc(*)cc5nc4-c4ccccc4)cc3)c(-c3ccccc3)nc2c1,egc,3.0508,3.1656047231491615,3.1343513180122837,2.872075298162434,3.0573437797746266
*CC(*)C(=O)OCCCSCCC#N,egc,5.408,5.2790670467166345,5.456100405843557,5.423691036633167,5.386286163064452
*C(OC(C)=O)=C(OC(C)=O)c1ccc(*)cc1,egc,3.7517,3.5740284191931657,3.6041111679970963,3.5116509084691745,3.563263498553146
*OC1CCC(OC(=O)OCCCCOC(*)=O)CC1,egc,7.0064,6.874073017287366,6.685473561740972,6.786605135795595,6.782050571607978
*CCCCOC(=O)C1C(=O)C2CCC1C(=O)C2C(=O)O*,egc,5.3882,5.326461457399905,5.391955093920152,6.184856597937846,5.6344243830859675
*CCCCCCCNC(=O)c1ccc(C(=O)N*)cc1,egc,4.6365,4.767120171775946,4.731059253505132,4.7340535372974815,4.744077654192853
*C(=O)Oc1ccc(OC(=O)c2ccc3c(c2)C(=O)N(c2ccc(Oc4ccc(N5C(=O)c6ccc(*)cc6C5=O)cc4)cc2)C3=O)c(C(C)(C)C)c1,egc,2.5796,2.7441661622315134,2.790511124884531,2.6586191753953563,2.731098820837134
*Oc1ccc(NC(=O)c2cc(C(=O)Nc3ccc(Oc4ccc(C5(c6ccc(*)cc6)CC6CCC5C6)cc4)cc3)cc(C(C)(C)C)c2)cc1,egc,3.5452,3.330640861395269,3.7199872495131787,3.445599693315237,3.4987426014078955
*CCCCCCCCCCOCCCCCCCCCCOCCCCCCO*,egc,6.1357,6.300724366649622,6.045440189750629,5.765859380380462,6.037341312260238
*CC(C)(C)COC(=O)Nc1ccc(Cc2ccc(NC(=O)O*)c(C)c2)cc1C,egc,4.5157,5.067354897617441,4.851333693808369,4.603193119767354,4.840627237064388
*CC(*)(C#N)C(=O)OCC,egc,6.5171,6.483639885674114,6.726371522223474,6.534041812542446,6.581351073480011
*CCOCCOCCOCCOCCOCCOC(=O)c1cccc(C(=O)O*)c1,egc,4.6176,4.943856149802244,4.912983029392265,4.978085259497963,4.944974812897491
*CC(*)C(=O)OCC(F)(F)C(F)(F)C(F)(F)C(F)(F)C(F)(F)C(F)(F)C(F)(F)F,egc,6.2833,6.383429791502706,6.339442901284018,6.401786206159967,6.374886299648897
*c1cn(*)c2ccccc12,egc,4.1935,3.1866102698771193,3.3254465594125207,3.232563609004416,3.2482068127646855
*CCN(CCOC(=O)c1cccc(C(=O)O*)c1)c1ccccc1,egc,3.0504,4.350015699669551,4.195047466215616,4.313420430592358,4.286161198825842
*ON(C(F)(F)C(*)(F)F)C(F)(F)C(F)(F)Br,egc,6.7014,6.635898231407531,6.233073635071936,6.560160191716242,6.476377352731903
*C(=O)c1ccc2c(c1)C(=O)N(c1cccc(Nc3nc(Nc4cccc(N5C(=O)c6ccc(*)cc6C5=O)c4)nc(N(C)C)n3)c1)C2=O,egc,2.5033,2.735661543422582,2.578982596017491,2.7096747308957503,2.674772956778608
*c1ccc2c(c1)nc1c3cc4c(=O)n5c6cc(*)ccc6nc5c4cc3c(=O)n21,egc,2.1718,2.379945828611723,2.3351609214768194,2.4787608682686684,2.397955872785737
*Nc1ccc(Cc2ccc(NC(=O)c3ccc(C(*)=O)cc3)cc2)cc1,egc,3.2294,3.6077467505521805,3.7084189348880634,3.51187499278802,3.6093468927427548
*C=CC1CC(*)C2C(=O)N(CCC)C(=O)C12,egc,5.2391,4.961762939949921,5.19214829362492,5.13013364740211,5.094681626992318
*NNC(=O)C(*)=O,egc,5.5325,4.651733454221342,4.600566236424898,4.744885670213901,4.665728453620047
*CCCCCCCCCCCCNC(=O)CCCCCCCCCCCCCCC(=O)N*,egc,5.8878,5.734346418513781,5.9042903229889045,5.899134546075824,5.84592376252617
*C=C(*)c1cccs1,egc,3.6662,1.2991018127318017,1.6798032439371184,1.4555065372134905,1.4781371979608036
*CCC(=O)C(=S)*,egc,3.2378,3.071225068867453,2.8902123236535484,2.6884611884254923,2.883299526982165
*CC(*)c1ccc(Cl)c(Cl)c1,egc,2.3069,2.8939965605153524,3.6145464223488686,3.1659054515628444,3.224816144809022
*CC(*)C(=O)NC,egc,5.4371,5.519991788423146,5.484799714986436,5.385674029898969,5.46348851110285
*Oc1c(Cl)cc(C2(c3cc(Cl)c(OC(*)=O)c(Cl)c3)CC3CCC2C3)cc1Cl,egc,4.8308,4.583448349710306,4.707087601277341,4.834112205023987,4.708216052003878
*Nc1cc(Br)c(*)cc1Br,egc,3.1464,4.0874260361735395,3.86114845699659,3.689536164617987,3.8793702192627055
*CCCC(=O)N*,egc,5.5236,5.85297824734675,5.951414631488108,5.617495971941767,5.807296283592208
*C(=O)Oc1ccc(OC(=O)c2ccc3c(c2)C(=O)N(c2ccc(Oc4ccc(N5C(=O)c6ccc(*)cc6C5=O)cc4)cc2)C3=O)c(C)c1,egc,2.6804,2.5501580370923294,2.6900986083749534,2.4813608798304467,2.573872508432576
*OC(=C)CC(*)=O,egc,5.0472,4.360456394323998,4.678497821093436,4.1839193531560674,4.407624522857834
*C(F)(F)C(S1)=CC=C1C(F)(F)O*,egc,4.9584,4.523227759249676,4.377784401193575,4.336561706012487,4.4125246221519125
*OC(C)COC(=O)Cc1ccc(CC(*)=O)cc1,egc,5.1464,5.112922196645512,5.470317265932499,5.386127119874231,5.323122194150748
*Oc1ccc(C(CC)(c2ccccc2)c2ccc(OC(=O)CCCCCCCCC(*)=O)cc2)cc1,egc,5.0249,4.62360107986129,4.893227535807268,4.736696365299751,4.751174993656103
*C(F)(F)C(F)(F)CC(C=C1)=CC=C1*,egc,5.1278,4.673349668731356,5.213973560222825,4.907947171156759,4.93175680003698
*Oc1cc(OC)c(*)cc1OC,egc,4.0822,4.359309620254632,4.180724324276276,4.596597366703486,4.378877103744798
*CCCCCCCCCCCCOC(=O)CC=CCC(=O)O*,egc,5.9809,5.877509331823306,5.971199539056714,5.920762626055099,5.92315716564504
*CCC(*)O,egc,6.3158,6.103029099451945,6.239764061380058,6.203432825059553,6.182075328630519
*c1cccc(-c2nc3cc(-c4ccc5[nH]c(*)nc5c4)ccc3[nH]2)c1,egc,3.5069,3.325713601656989,3.2945154206880862,3.2511350258166383,3.2904546827205707
*Nc1ccc(*)cc1OCCCCCCCCCCCC,egc,3.5203,3.52222604425146,3.6127273518343683,3.725220535158885,3.620057977081571
*C(=O)C(C=C1)=CC=C1OC(S2)=CC=C2*,egc,3.6478,3.526822572524343,3.336366848001277,3.7023855397631054,3.5218583200962414
*Oc1ccc(*)cc1,egc,4.035,4.797930039708826,4.603611464055482,4.633639283334768,4.678393595699691
*NNC(=O)c1ccc(C(*)=O)cc1,egc,4.8451,4.7441387240940065,4.473028499086551,4.653445031100782,4.62353741809378
*CC(*)OCCCl,egc,6.0339,6.134425615499852,5.976812597755595,5.985216845695302,6.032151686316916
*NC(CCCCNC(=O)NCCNC(*)=O)C(=O)OC,egc,5.4494,5.886898731780026,5.724159738186833,5.5966512738255165,5.735903247930793
*CS*,egc,5.3464,4.522703554933797,5.016522504625694,4.841126007108747,4.793450688889412
*CC(=O)NCCCCCCNC(=O)Cc1ccc(*)s1,egc,4.7548,4.055794788372746,3.9382104030646383,4.7493737938819836,4.2477929951064555
*CC(CO*)(CS(C)(=O)=O)CS(C)(=O)=O,egc,5.8874,5.63331222017713,5.712182339275073,5.993866850630035,5.779787136694079
*CCCCCCNC(=O)CC(=O)N*,egc,5.7541,5.796011530759593,5.823334459636793,5.765873453595294,5.795073147997226
*Oc1ccc(C(C)(c2ccc(Oc3ccc(C(=O)c4ccc(*)cc4)cc3)cc2)C(F)(F)F)cc1,egc,3.9149,4.0016297429651075,4.014053228613467,3.4905803402422313,3.8354211039402686
*OC(=O)OCCOCCOCCOC(=O)OC1COC2C(*)COC12,egc,6.4799,5.988399046352692,6.502193234179271,6.323219171078535,6.271270483870166
*c1c2ccccc2c(*)n1C,egc,2.8434,2.0219528717749613,2.3756203317746323,2.3971531295679385,2.2649087777058443
*c1sc(-c2cc(SCC(C)CC)c(*)s2)cc1SCC(C)CC,egc,1.6105,1.8510786244958544,1.8820667650247465,1.6897122508843834,1.8076192134683282
*CCN*,egc,5.0274,5.605990931210093,5.78633388573753,5.954828735671442,5.782384517539689
*c1ccc(-c2ccc(-c3cc(OCCCCCCCCCCCC)c(*)s3)s2)s1,egc,1.9946,1.8266301699364067,1.842721606690784,1.6895033250847866,1.7862850339039926
*CC(=S)NC(=S)*,egc,2.5403,2.8751422790004004,2.889540725630662,3.262139621247332,3.0089408752927986
*CCCCCCCC(=O)O*,egc,6.6609,6.610931343323472,6.632606189009224,6.61585677518846,6.619798102507052
*CC(O)COc1ccc(C(C)(C)c2ccc(O*)c(Cl)c2)cc1Cl,egc,4.6702,4.466321074547696,4.5670456170945,4.471056642058468,4.501474444566888
*CC(*)C(=O)NCCc1ccccn1,egc,4.133,4.957350312711124,5.221873161651593,5.162368814003284,5.1138640961220005
*C(=O)NNC(=O)c1cccc(C(=O)NNC(=O)c2cnc(*)cn2)c1,egc,3.3027,3.779154032344827,3.6087120102197536,3.8038176051066266,3.7305612158904022
*c1ccc2cc(-c3nc4cc5nc(*)[nH]c5cc4[nH]3)ccc2c1,egc,3.1978,3.2736638688534976,3.255705650736714,3.1825657107999765,3.2373117434633962
*OC(=O)CCc1ccc(CCC(*)=O)cc1,egc,5.0434,5.41770916771938,5.465596226892055,5.464593800179991,5.449299731597143
*CC(*)n1c2ccccc2c2ccccc21,egc,4.0449,3.2586976325080155,3.3175860937646178,3.0129230890855467,3.19640227178606
*C(C)=C(C)c1ccc(-c2ccc(*)s2)s1,egc,2.1828,2.0450683153967755,2.2814264993821944,2.1525046016878364,2.159666472155602
*N=Cc1ccc(C=Nc2sc(*)c(C#N)c2C#N)cc1,egc,1.5066,2.2447900275944965,2.0777885660976674,2.3225464428573157,2.215041678849827
*C(=O)Nc1ccc(NC(=O)c2ccc3c(c2)C(=O)N(c2ccc(Oc4cccc5c(N6C(=O)c7ccc(*)cc7C6=O)cccc45)cc2)C3=O)cc1,egc,2.8645,2.366088807094319,2.4784423334900385,2.4148564252722595,2.419795855285539
*c1ccc2nc3c4cccc5c6nc7ccc(*)cc7nc6c6cccc(c3nc2c1)c6c45,egc,2.69,2.9358518619543132,2.873959663102195,2.8881090038955235,2.8993068429840108
*c1cc2c(s1)-c1sc(*)cc1C2=C1c2ccsc2-c2sccc21,egc,1.3371,1.4727244930340093,1.3911260945824553,1.654184262331784,1.5060116166494162
*CC(COc1cccc(C)c1)O*,egc,5.1113,5.176880420655314,5.011998438992928,5.116015800478795,5.101631553375679
*CCN1C(=O)C(=CCCCC=C2SC(=S)N(*)C2=O)SC1=S,egc,3.4576,2.706039878217994,2.5557545066381198,2.625520980370644,2.6291051217422523
*OC1C(CO)OC(*)C(O)C1O,egc,5.8509,6.136469740384809,5.845886821576155,6.100619576852964,6.027658712937975
*c1ccc(Oc2cc3ccccc3cc2Oc2ccc(-n3c(=O)c4cc5c(=O)n(*)c(=O)c5cc4c3=O)cc2)cc1,egc,2.0632,2.166177902611476,2.0917232588750374,2.0420695144650214,2.0999902253171783
*OC(=O)CCCCCCCC(*)=O,egc,6.2617,6.244713640325763,6.320145803211825,6.054459563356665,6.206439668964752
*c1sc(*)c(OC)c1OC,egc,4.1637,2.019884684576805,2.342964250093882,1.9440117792734288,2.1022869046480386
*CC(*)O,egc,6.3648,6.008951794892635,6.025550431093667,6.360585204386276,6.131695810124192
*CCCCCC(*)CC,egc,6.7743,6.635633476253151,6.428148120558668,7.305556411870927,6.789779336227582
*CCCCCCCCCCOC(=O)CCC(=O)O*,egc,6.7167,6.665884636743604,6.588682445754171,6.665131243385407,6.63989944196106
*C1C=C(C)C(*)S1,egc,5.0392,4.140791334817534,3.780381077469197,3.843927255830706,3.9216998893724786
*C(=O)NC(=O)NCCCN*,egc,6.155,5.632457080964701,5.448730058471904,5.644201109333131,5.575129416256579
*CCCCCCCCCCCCCCCCCC(=O)N*,egc,6.0841,6.090668514920387,6.083392910921721,6.105742657245558,6.093268027695888
*CCOC(=S)NC(=S)C(C=C1)=CC=C1N*,egc,2.7606,3.8114100458626665,3.392736271540547,3.491389657485958,3.5651786582963907
*Nc1ccc(-c2ccc(NC(=O)c3ccc(C(*)=O)cc3)cc2)cc1,egc,3.3951,3.4019936804888005,3.4138890659122847,3.607019733910334,3.4743008267704734
*Oc1cccc(*)c1C#N,egc,4.3829,4.389656932287697,4.4015647396701,4.197724020155995,4.329648564037931
*c1cc(CCCCCCO[Si](C)(C)C)c(*)s1,egc,2.5263,2.4742982490343732,2.490777224050668,2.3783891683530554,2.4478215471460323
*CC(C)(C)O*,egc,5.2445,5.857427690523052,6.052868903597965,6.204269109264557,6.038188567795191
*c1ccc(*)n1CCC(=O)OC,egc,2.7978,2.7612035169256877,2.7920274821486673,2.7668325939857272,2.7733545310200274
*CCCCCCCCCC[n+]1ccc(-c2cc[n+](*)cc2)cc1,egc,2.5264,2.703089020887127,2.0415600696698992,4.19844168516683,2.9810302585746187
*Cc1ccc(COC(=O)O*)cc1,egc,5.5423,5.218311479506067,5.783925567278563,5.369376884614579,5.457204643799735
*c1cc(OCCCCCCCCCC)cc(-c2nc3cc4sc(*)nc4cc3s2)c1,egc,3.4894,3.251148512637159,3.075506129080941,3.448957177300776,3.2585372730062923
*CC(*)c1ccc(C=O)cc1,egc,1.6275,3.279339269779692,3.395631100735729,2.9274136561263226,3.200794675547248
*C=CC(=O)C=Cc1ccc(Sc2ccc(*)o2)o1,egc,2.5309,3.1753863647815663,3.2247546984953153,3.127622989335746,3.175921350870876
*CC=CCNC(=O)CCC=CCCC(=O)N*,egc,5.3865,5.134229847773218,5.199317707347744,5.29707430990008,5.210207288340347
*CNC(=S)C(C=C1)=CC=C1*,egc,3.4579,3.0290580516492964,2.8659021611656876,3.10467061133704,2.999876941384008
*C(=O)Nc1ccc(C2(c3ccc(N4C(=O)c5ccc(*)cc5C4=O)cc3)CCC(C(C)(C)C)CC2)cc1,egc,2.7711,2.739406432936744,2.828714882675623,2.881356461249588,2.816492592287318
*CNC(=O)N*,egc,5.4697,6.3317877085820315,5.835623984019576,6.2332054471344795,6.133539046578696
*OC(C)CCOC(=O)CCC(*)=O,egc,6.5372,6.4278146758667445,6.347195037748428,6.364311067825829,6.379773593813667
*C(C#N)C(C#N)(C#N)*,egc,6.5693,6.522756473357626,6.189985411764627,5.912162486660537,6.20830145726093
*OC(=O)OCCCCCCCCOC(=O)OC1COC2C(*)COC12,egc,6.6539,6.682774936537614,6.626515737556032,6.824986764104229,6.7114258127326245
*c1ccc(C2C(c3ccccn3)C(*)C2c2ccccn2)cc1,egc,4.1962,4.20765253684166,4.236180513565785,3.4155594829317675,3.953130844446404
*c1ccc(NC(=O)c2ccc(C(=O)Nc3ccc(-c4nc5ccc(-c6ccc7nc(*)[nH]c7c6)cc5[nH]4)cc3)cc2)cc1,egc,2.5692,3.042341958221122,3.0348627364853105,3.1211411904887427,3.0661152950650585
*c1cc(Br)c(Oc2c(Br)cc(N3C(=O)c4ccc(-c5ccc6c(c5)C(=O)N(*)C6=O)cc4C3=O)cc2Br)c(Br)c1,egc,2.9494,2.8214906501854293,2.776611127080726,2.9573146841149147,2.8518054871270233
*c1ccc(Oc2ccc(-c3nnc(*)o3)cc2)cc1,egc,3.7488,3.6555071959858947,3.6138814514532087,3.8453793471930204,3.7049226648773748
*CC(*)(C)C(=O)NCCC,egc,5.7916,5.72228080669585,5.8424773873104305,5.622927602842965,5.7292285989497485
*c1ccc(-c2ccc(-c3ccc4nc(Oc5cc(-c6ccccc6)c6cc(*)ccc6n5)cc(-c5ccccc5)c4c3)cc2)cc1,egc,3.3775,3.428263861270181,3.387624089221906,3.19807457521101,3.3379875085676987
*NC(=O)NC(C=C1)=CC=C1*,egc,4.3867,3.823590010715627,4.141981784224766,3.6124685339727645,3.859346776304386
*CC(*)=C,egc,5.3034,3.9465870033691766,4.512301081783322,3.7495569598052576,4.069481681652586
*CCCOCCOCCOC(=O)Nc1ccc(C)c(NC(=O)O*)c1,egc,5.0994,5.106919203728942,4.948366529326416,4.833405950829603,4.962897227961653
*C#Cc1cc(CCCCCC)c(*)s1,egc,1.5751,2.492772719913347,2.1896313797629574,2.3626210428293284,2.3483417141685443
*Oc1cccc(Oc2cccc(*)n2)c1,egc,4.536,4.345467390949206,4.682944229417516,4.163593321863965,4.397334980743563
*C(=O)Nc1ccc(NC(=O)c2ccc3c(c2)C(=O)N(c2cccc(N4C(=O)c5ccc(*)cc5C4=O)c2)C3=O)cc1,egc,2.9484,3.0261487934929048,2.976712506237457,2.809787312567724,2.937549537432695
*OC1CCCCC1OC(*)=O,egc,6.7044,6.132247102392618,5.884606220742157,6.1337349477323535,6.050196090289043
*CC(=S)NO*,egc,3.435,3.6187653825913753,3.6569070042266296,3.8384687035221994,3.7047136967800682
*C(=O)NC1CCCC(*)O1,egc,6.2047,5.737470753731143,5.979141696321757,5.87492248248961,5.863844977514169
*OC(=O)CCCCCCCCCCCCCCCCC(*)=O,egc,6.1592,6.461859531179804,6.466393374447243,6.324293706581345,6.417515537402797
*c1ccc(-c2ccc3nc(Oc4cc(-c5ccccc5)c5cc(*)ccc5n4)cc(-c4ccccc4)c3c2)cc1,egc,3.4645,3.3379326440966746,3.1866690791597354,3.248597332237552,3.257733018497987
*CCCCCCNC(=O)CCCCCCCCCCCCCCCCC(=O)N*,egc,5.8888,5.916029465590835,5.949048287153334,6.022122910579135,5.962400221107768
*CC(*)c1ccc(Cl)c(C)c1,egc,4.762,4.124690948720779,3.862933569764101,3.9020859196599367,3.963236812714939
*Oc1ccc(C(C)c2ccc(OC(*)=O)c(C)c2)cc1C,egc,5.159,4.733570136931342,4.652568694097101,4.636302460217512,4.674147097081985
*CCCCCCCCCCOC(=O)c1ccc2cc(C(=O)O*)ccc2c1,egc,3.7577,4.291407505389117,4.374055151672737,4.229373219210686,4.29827862542418
*C(=O)c1ccc(N(*)C)cc1,egc,4.3942,3.789269623459141,3.774318844894607,3.7337435629039972,3.765777343752582
*CC(C)(C)COC(=O)NC1CCC(CC2CCC(NC(=O)O*)CC2)CC1,egc,5.9159,6.40382969039633,6.256974040171226,5.538807874419744,6.066537201662434
*C(=O)NNC(=O)c1cccc(C(=O)NNC(=O)c2ccc(*)nc2)n1,egc,3.6092,3.4830314598800456,3.977447791190938,3.772988840177326,3.744489363749437
*CCCCCCNC(=O)CCCCC(=O)NCC(=O)N*,egc,5.8188,6.028894398481809,5.839438600524803,5.85467794397298,5.907670314326531
*C(=O)c1ccc2c(c1)C(=O)n1c-2nc2ccc(-c3ccc4c(c3)nc3n4C(=O)c4ccc(*)cc4-3)cc21,egc,2.4234,2.0778979657739676,2.2859924097971724,2.2231794930725335,2.195689956214558
*CC(=S)C(C=C1)=CC=C1O*,egc,2.734,3.4226879750954406,3.1282814941216284,3.30600567168776,3.28565838030161
*C(=O)NNC(=O)c1ccc(C(=O)NNC(=O)c2ccc(*)nc2)s1,egc,3.3177,2.976284966458863,3.148800282007474,3.0836783457664807,3.0695878647442725
*C(C=C1)=CC=C1C(C=C2)=CC=C2C(S3)=CC=C3C(=S)*,egc,2.3302,2.507864819714318,2.3322022196994765,2.5772511858684295,2.472439408427408
*CCCC(C)CC(=O)N*,egc,6.0894,5.984534717259512,6.039194099043463,5.940463655948301,5.988064157417092
*CCCCCOC(=O)NCCSCCCCCCSCCNC(=O)O*,egc,5.1243,5.419789288559118,5.218818824191755,5.291584044586452,5.310064052445775
*C(=O)NCCCCCCNC(=O)c1ccncc1*,egc,4.5298,4.607861143303419,4.700551268779168,4.769526758452115,4.692646390178234
*C1CC2CC1C(*)C2CCCC,egc,6.1498,6.599048417263263,6.350453560903464,6.541111625496808,6.496871201221178
*CCC(C)CO*,egc,6.1714,6.196849912448189,6.106887392995623,6.064083717601085,6.122607007681633
*CCCCCCCCc1nc2ccc(-c3ccc4nc(*)oc4c3)cc2o1,egc,4.2242,4.096052046723061,4.12802692704588,4.043608769444455,4.089229247737799
*NC(=O)C(C=C1)=CC=C1C(C=C2)=CC=C2*,egc,3.3965,4.149909888994219,3.8546511151516056,4.02786010295398,4.010807035699934
*CC(*)(Br)Br,egc,5.2567,6.359428337359523,5.896141889572421,5.6662014971156855,5.973923908015877
*CC(C)(C=O)C(F)(F)C(*)([2H])[2H],egc,5.5464,6.41587627802397,5.938905706992821,5.907040794352882,6.087274259789891
*NC(C)CCCCC(*)=O,egc,5.5854,5.799104757634146,5.767557710369422,5.825544737295913,5.797402401766494
*NC(C)CC(*)=O,egc,5.711,5.721155436731516,5.839035643741229,5.584256504574619,5.714815861682454
*Oc1ccc2c(c1)C(=O)N(Oc1ccc(C(N3C(=O)CC(*)C3=O)(C(F)(F)F)C(F)(F)F)cc1)C2=O,egc,3.5205,3.77654358168105,3.8099148404545193,3.3324816683704963,3.639646696835355
*Nc1ccc(C#Cc2ccc(C(*)=O)cc2)cc1,egc,2.946,3.1584198280088516,3.3330072616225532,2.9928710735701936,3.161432721067199
*Oc1ccc(Oc2ccc(C(=O)c3ccccc3-c3ccccc3C(=O)c3ccc(*)cc3)cc2)cc1,egc,3.3644,3.5523112082508495,3.488195126263783,3.653831048910098,3.5647791278082437
*C=NN=Cc1cc(CCCCCCCCCCCC)c(*)s1,egc,1.846,3.051259697898909,2.918414476759056,2.950754205970352,2.973476126876106
*CCCOc1ccc(C(=O)OC(=O)c2ccc(O*)cc2)cc1,egc,4.317,4.430896247776119,4.369076803776708,4.426369777355612,4.4087809429694795
*c1ccc(Cc2ccccc2-n2c(=O)c3cc4c(=O)n(*)c(=O)c4cc3c2=O)cc1,egc,2.9239,2.7302287583416893,2.6455856839499456,2.739944972671538,2.705253138321057
*c1cncc(-c2nc3ccc(-c4ccc5nc(*)sc5c4)cc3s2)c1,egc,3.1882,3.1536636725204654,3.1772643102972564,3.302322947310961,3.2110836433762273
*OC(CCCCC)CC(*)=O,egc,6.5462,6.513449754348336,6.4720682859229655,6.48610792957284,6.4905419899480465
*Nc1ccc(NC(=O)CCCCCCCCC(*)=O)cc1,egc,4.5375,4.524226945679709,4.488486895309247,4.782591655793546,4.598435165594167
*CC(S1)=CC=C1C(C=C2)=CC=C2O*,egc,4.0623,3.7587844451653676,3.7364368770618905,3.716182043352447,3.7371344551932353
*CC(S1)=CC=C1C(=O)C(S2)=CC=C2*,egc,3.4685,3.136300414290398,3.474797490854899,3.169290412466856,3.2601294392040505
*CCCCCNC(=O)CCCCCCCCC(=O)N*,egc,5.6828,5.778603212513196,5.871608610938496,5.796276633638202,5.8154961523632975
*COC1CC2CC(O*)C1C2,egc,5.9517,6.290182761577695,6.2558321134943515,5.940094246549961,6.1620363738740025
*c1ccc2[nH]c(*)nc2c1,egc,3.9385,3.5593711431731765,3.63438809889258,3.703546538711885,3.632435260259214
*Nc1ccc(*)cc1Br,egc,3.3506,4.264883015714304,3.875486435508118,4.08801780700652,4.076129086076314
*CCOC(=O)c1ccc2ccc(C(=O)O*)cc2c1,egc,3.9507,4.051911321546194,4.110038924515682,4.100864370854124,4.0876048723053335
*Nc1cc(*)ccc1C,egc,4.116,4.039413555031366,3.878106404825091,3.9177142507884475,3.9450780702149686
*CCCCCCCCCCCCNC(=O)CCP(C)(=O)CCC(=O)N*,egc,5.7027,5.653008273893776,5.675592094890022,5.668473740462037,5.665691369748612
*c1ccc(-n2c(=O)c3ccc4c5cc6c(*)ccc6n5c(=O)c-4cc3c2=O)cc1C,egc,0.896,2.193287420167444,2.242207450507844,2.17154947608047,2.2023481155852527
*CCCCCCCCCCOC(=O)CC(C)C(=O)O*,egc,6.5777,6.814734431544867,6.471097925896673,6.7093834708075795,6.665071942749706
*COC1CCC(*)OC1,egc,5.6324,5.9851514473289615,5.841118216555402,5.988489572295986,5.938253078726784
*c1cc(CCCCCCCCCCCCCCC)c(*)s1,egc,2.922,2.4525799959928576,2.442132247528288,2.395329089040758,2.4300137775206347
*CCCCCCCCCCCCCCOCO*,egc,6.6169,6.364382202135562,6.372641517534406,6.556309352899168,6.431111024189711
*Oc1ccc(CC(NC(=O)CCc2ccc(OC(=O)CCCCCCC(*)=O)cc2)C(=O)OCC)cc1,egc,5.0929,5.201574586225548,5.101420442458877,5.05045591029977,5.117816979661399
*C([2H])([2H])C(*)([2H])Cl,egc,6.2382,6.477146434913349,6.46446711713,6.5380449127937235,6.493219488279024
*C=CC1CC(*)C(C(=O)Oc2ccccc2)C1,egc,4.8107,5.090255482155758,4.899656385204325,5.637175985388949,5.209029284249677
*CCc1ccc(*)c(C#N)c1,egc,4.7476,4.688826742995919,3.8833407940270943,4.395004033453928,4.322390523492314
*NC(C=C1)=CC=C1OC(=S)*,egc,3.7435,3.6636230301754393,3.4200503394989084,3.3710812976041793,3.4849182224261757
*CC(O*)c1ccco1,egc,5.0251,4.718667760230507,4.672067823879526,5.552523955286895,4.9810865131323085
*Nc1ccc(*)cc1,egc,4.0074,3.4580425373060235,3.760499664796706,3.4175856294523497,3.545375943851693
*c1sc(*)c2sc(CCCCCCCCC)nc12,egc,3.6098,2.7620401210478556,2.5828538576600018,2.410550344158584,2.585148107622147
*OC(C)CCC(C)OC(=O)CCCCCCCCC(*)=O,egc,6.1872,6.589424212333456,6.596454956294474,6.685409451631753,6.623762873419895
*C(=O)NCCCCCCNC(=O)N1CCN(*)CC1,egc,5.4634,5.8374688363579095,5.467543845812707,5.195241307578708,5.500084663249775
*C(=O)Nc1cccc(NC(=O)c2ccc3c(c2)C(=O)N(c2cc(-c4nc5ccccc5o4)cc(N4C(=O)c5ccc(*)cc5C4=O)c2)C3=O)n1,egc,2.7946,2.920492903200934,3.0847795074509254,3.0242417977602245,3.0098380694706943
*CC(C)(C)COC(=O)CCCCC(=O)O*,egc,6.692,6.787174195206337,6.696380911931994,6.607617086013593,6.697057397717308
*c1ncc(-c2cnc(*)c(C)c2)cc1C,egc,3.4579,3.5225383322842143,3.6954908229275,2.9842809058601287,3.4007700203572813
*OC(C)COC(=O)C(*)=O,egc,5.4575,5.842295336397953,5.786259625602303,5.9558183877484945,5.861457783249583
*c1ccc(-c2nc3cc(-c4ccc5nc(*)c(-c6ccc7ccccc7c6)nc5c4)ccc3nc2-c2ccc3ccccc3c2)cc1,egc,2.9636,2.981460487815103,3.080722238922786,2.6374324986465867,2.8998717417948257
*Oc1ccc(OC(=O)c2ccc(C(*)=O)cc2)cc1CCC(C)CC,egc,3.5259,3.8274376831322114,4.147761873260676,3.917417680442659,3.964205745611849
*C1=C2OCCOC2=C(c2ccc(-c3ccc(*)s3)s2)S1(=O)=O,egc,1.9368,1.552108552515028,1.85086769737389,1.5011552963849784,1.6347105154246322
*OC1C(C)(C)C(OC(*)=O)C1(C)C,egc,6.5093,6.2798587194369615,6.319953744215165,6.192323213229358,6.264045225627162
*CCCCCCCCCCNC(=O)CCC=CCCC(=O)N*,egc,5.6731,5.563308283256478,5.514886202257551,5.542226577611279,5.540140354375102
*C(=O)Nc1ccc(Oc2ccc(NC(=O)c3ccc(N4C(=O)c5ccc(*)cc5C4=O)cc3)cc2)cc1,egc,2.4295,2.8699914135421065,2.7815366308871097,2.965397233695622,2.872308426041613
*CCCCCCCCNC(=O)CCC(=O)N*,egc,5.9696,5.846653345313947,5.968557966781772,5.940296365698937,5.918502559264886
*Nc1ccc(*)cc1C(C)CC,egc,3.553,3.794041227805213,3.3941304260670084,3.8014551627887503,3.6632089388869904
*Nc1ccc(-c2ccc(NC(=O)c3cccc(C(*)=O)c3)cc2)cc1,egc,3.4939,3.477759414673021,3.3456508453457943,3.418882882153582,3.4140977140574655
*CCON*,egc,5.6784,5.5917311299979655,5.917968262943272,6.0816226062900745,5.863773999743771
*c1ccc(-c2ccc(-c3nc(CCCCCCCCCCCC)c(-c4sc(*)nc4CCCCCCCCCCCC)s3)s2)s1,egc,2.2184,2.031392844349943,1.9835043538416404,2.086298205823145,2.033731801338243
*Oc1ccc(NC(=O)OCCOC(=O)Nc2ccc(*)cc2)cc1,egc,4.8662,4.615852748953244,4.334625429617135,4.389206514310041,4.446561564293473
*CCCCCCOC(=O)CCCCSCCCCC(=O)O*,egc,5.2687,5.344624989907918,5.352876315762091,5.453243035983379,5.383581447217796
*c1cc2c(s1)-c1sc(*)cc1C2=O,egc,1.4351,2.027911330023391,2.144273248633203,2.4026846991133834,2.1916230925899924
*CCCCCCCCCCC(=O)NCCCCCOCCCCCNC(=O)CCCO*,egc,5.4741,5.708658929513296,5.8383031439908635,5.800805752720081,5.782589275408081
*C(=O)C1CCCN1*,egc,5.5773,5.188120233709025,5.3756117698520995,5.483746610383582,5.349159537981568
*C(=O)Oc1ccc(-c2ccc(OC(=O)c3ccc4c(c3)C(=O)N(c3ccc(Oc5ccc(N6C(=O)c7ccc(*)cc7C6=O)cc5)cc3)C4=O)cc2)cc1,egc,2.6231,2.6058020313574994,2.4784877881506513,2.4757334992044164,2.5200077729041888
*Oc1ccc(Oc2ccc(C=NCCCCCCN=Cc3ccc(*)cc3)cc2)cc1,egc,4.2565,4.040184083536865,3.983527629036891,4.056313343590885,4.026675018721547
*c1ccc(Oc2ccc(N3C(=O)c4cccc(Oc5cccc(Oc6cccc7c6C(=O)N(*)C7=O)c5)c4C3=O)cc2)cc1,egc,2.949,2.915148359849497,2.898821962689146,2.718157037327258,2.8440424532886337
*C(=O)c1ccc2c(c1)C(=O)N(c1cc(-c3nc4ccccc4oc3=O)cc(N3C(=O)c4ccc(*)cc4C3=O)c1)C2=O,egc,2.8859,2.829837466185204,2.830306465930184,2.732686582495545,2.7976101715369777
*CCCCCCNC(=O)NCCNC(=O)N*,egc,6.0459,5.613634631307907,5.747530604854146,5.67922021896028,5.680128485040778
*Oc1ccc(N=Nc2ccc(C(*)=O)cc2)cc1C,egc,2.9443,3.4744053982789125,3.570506084216718,3.395352915776844,3.480088132757491
*CC(*)C(=O)OCC(F)(F)F,egc,6.7005,6.543075036907576,6.544582781405594,6.502781173594411,6.530146330635859
*Oc1ccc(CC(NC(=O)CCc2ccc(OC(=O)CCC(*)=O)cc2)C(=O)OCCCCCC)cc1,egc,5.1422,5.055610429769758,5.066734073030646,4.947975354897629,5.023439952566011
*C=Cc1csc(C=Cc2cccc(*)n2)c1CCCCCCCC,egc,3.2647,1.9201097557575084,1.9020447476591673,2.4801599211033167,2.1007714748399975
*CCOCCOCCOC(=O)CCCCCC(=O)O*,egc,6.1082,6.487539276931286,6.46569486475777,6.546593723051795,6.499942621580284
*COc1ccc(C(=C(Cl)Cl)c2ccc(O*)cc2)cc1,egc,4.1966,3.832242192046511,3.820227025575233,4.113204417851563,3.921891211824436
*CC(COc1c(Cl)cc(Cl)cc1Cl)O*,egc,4.5851,4.419976084081341,4.34036060642115,4.733822494284646,4.498053061595712
*Nc1cc(C)c(*)cc1C,egc,3.9275,3.9155965506619683,4.106111250066737,3.661681823079432,3.8944632079360457
*Oc1ccc(Cc2ccc(*)cc2)cc1,egc,4.9481,4.607115684009714,4.613768006676358,4.59520018116154,4.605361290615871
*c1ccc(-c2ccc(N3C(=O)c4ccc(S(=O)(=O)c5ccc6c(c5)C(=O)N(*)C6=O)cc4C3=O)cc2C(F)(F)F)c(C(F)(F)F)c1,egc,3.252,2.953646911653124,2.9357875894239944,2.8830524015683476,2.924162300881822
*CC1(*)CCCCC1,egc,6.3291,6.745503735661168,6.423713221083788,6.543081798383634,6.5707662517095295
*CCCCCCCCCCOC(=O)CCCCCCC(=O)O*,egc,6.7689,6.695281957109823,6.6650306960767,6.694632983712145,6.684981878966222
*Oc1ccc(C(=O)Nc2ccc(SCCC(*)=O)cc2)cc1,egc,3.9873,3.9025121790541526,3.685552238003384,3.743857995965888,3.777307471007808
*CCCCCCCCCc1nc2ccc(-c3ccc4nc(*)oc4c3)cc2o1,egc,4.1522,4.142279368721195,4.136699121781568,3.8347261828097197,4.0379015577708275
*CCCCCC(=O)O*,egc,6.6614,6.67841017930399,6.692831734510792,6.70159944053387,6.690947118116217
*CCc1c(Cl)c(Cl)c(*)c(Cl)c1Cl,egc,4.5904,3.9985626981048124,4.4178059187495995,3.8660703995652157,4.094146338806542
*CC(CCl)(CCl)COC(=O)CCCCCCCCC(=O)O*,egc,6.9205,6.683553042792814,6.381872268002982,6.314784452676853,6.46006992115755
*Oc1ccc(S(=O)(=O)NCCNS(=O)(=O)c2ccc(*)cc2)cc1,egc,4.6084,4.403219332045539,4.4831427035147815,4.861966415431907,4.582776150330743
*CC(*)c1cc[n+](CCCC)cc1,egc,0.5958,3.7096739457905814,2.327963921790058,3.3719272131671567,3.136521693582599
*NC(=S)C(C=C1)=CC=C1C(=S)*,egc,1.0444,2.528943974505549,2.521789597683939,2.60768380456699,2.5528057922521596
*CCCCCCCCCCC(=O)NCCCCCOCCCCCNC(=O)CCCCO*,egc,5.6858,5.57133082548994,5.830883121020655,5.6800210880178295,5.694078344842808
*C(=O)OC1CCC(OC(=O)N2CCN(*)CC2)CC1,egc,5.8355,5.61431858514909,5.830794253443249,5.765548814015777,5.736887217536039
*Nc1ccc(C=Cc2ccc(NC(=C(C#N)C#N)c3ccc(C(*)=C(C#N)C#N)cc3)cc2)cc1,egc,2.0414,2.3599860030010684,1.9856056556649122,2.0025135863043153,2.1160350816567655
*C1C2CC(C)C(C2)C1*,egc,6.0638,5.862852837013615,5.914456896741669,5.786809092540493,5.854706275431926
*C(=O)NC(=O)CNC(=O)ON*,egc,5.7289,5.516355262309577,5.395584460585348,5.303595638501445,5.40517845379879
*Oc1ccc(OC(=O)Oc2ccc(OC(*)=O)cc2)cc1Cl,egc,5.1691,4.433165965783029,4.416034996780023,4.3527126031597785,4.4006378552409435
*c1[nH]c(*)c2c1CCC2,egc,2.6564,3.2319394849904772,3.231013064538269,2.970486254829258,3.1444796014526677
*CCCP(CCCCCCCC)CCCNC(=O)C(=O)N*,egc,4.1641,5.273111062306375,5.039144432894001,5.507934198519199,5.273396564573191
*CC(C=C1)=CC=C1C(=S)C(S2)=CC=C2*,egc,2.7917,2.6129269896130887,2.625962501527431,2.5386249859871803,2.5925048257092334
*CCCCCCCCCCCCOC(=O)c1cccc(C(=O)O*)c1,egc,5.1678,4.819660480163071,5.003373306956359,4.894094282217311,4.9057093564455805
*NNC(=O)C1CCC(C(=O)NNC(=O)CCCCC(*)=O)CC1,egc,4.9352,5.656073226448969,5.692349182087498,5.650291944350387,5.666238117628953
*CCCCCCNC(=O)CCC=CCCC(=O)N*,egc,5.6458,5.661468857257238,5.63405219516781,5.683706577180865,5.659742543201971
*CC(C1=CC=CC=N1)CC(C2=CC=CC=N2)CC(C3=CC=CC=N3)*,egc,5.3668,3.947620945883371,4.351741662670865,3.739488188804116,4.012950265786118
*CC(OC=O)C(COC(=O)O*)OC=O,egc,7.0946,6.149616684417439,6.542472757608577,6.6310702756080255,6.441053239211347
*CCCCCCNC(=O)CCCCCC(=O)N*,egc,5.936,5.861118441751892,5.863285421712804,5.856364750876775,5.860256204780491
*c1ccc(-c2ccc(-c3sc(*)c4c3OCCO4)s2)s1,egc,1.3916,1.8134150075257305,1.9321696644475466,1.8580648877019987,1.8678831865584253
*c1ccc(C(c2ccccc2)(c2ccc(-c3nc4ccc(-c5ccc6nc(*)oc6c5)cc4o3)cc2)C(F)(F)F)cc1,egc,3.4178,3.0685888617466497,3.142485087814511,2.965029116153529,3.0587010219048967
*CCN(*)C(=O)c1c(F)cc(F)c(F)c1F,egc,4.9884,4.680003629956689,4.563494060644604,4.941505535716547,4.728334408772613
*C(F)(F)C(C=C1)=CC=C1C(F)(F)C(S2)=CC=C2*,egc,4.7168,3.687388133158837,4.113124218515331,3.536664667278382,3.779059006317517
*OS(=O)(=O)c1cc(S(=O)(=O)Oc2ccc(C3(c4ccc(*)cc4)CCCC3)cc2)ccc1C,egc,3.9679,3.8367589558752493,3.7623378020466665,3.797088419547155,3.7987283924896906
*CC(*)(C)C(=O)OCc1ccc(Cl)cc1Cl,egc,4.8651,4.65785550265049,4.239146376207412,4.801710124758744,4.566237334538882
*NC1CC1NC(=O)C1CC1C(*)=O,egc,5.9042,5.760900801580014,5.90648456153331,5.399927915354767,5.689104426156031
*c1ccc(-c2csc(-c3cc(*)cs3)c2)cc1,egc,3.4782,2.922809936147116,2.8510752773499077,2.683322000406196,2.819069071301073
*CCCCCCCCCCCCCCCC[N+](C)(C)CCCCCC[N+](*)(C)C,egc,0.1771,0.23893420619405603,0.3033548483869642,1.9187806236526024,0.8203565594112074
*C(C=C1)=CC=C1OC(C=C2)=CC=C2O*,egc,4.7875,4.714849036365941,4.463391395565179,4.500750914802416,4.559663782244512
*CC1CCCC(CNC(=O)c2cccc(C(=O)N*)c2)C1,egc,4.8123,5.038226103731446,4.994935694079378,4.964524827974217,4.99922887526168
*Oc1ccc(NC(=O)NCCCCCCNC(*)=O)cc1C,egc,4.8377,4.881581486530734,4.693986288721482,4.853480080725568,4.809682618659261
*c1nc2c(n1C)C(=O)N(*)C2=O,egc,4.0674,3.346933544921432,3.245975750012722,3.0086452687128973,3.2005181878823503
*CCCCCCCCNC(=O)CCCCCCCCCCCCCCCCCCC(=O)N*,egc,5.8607,5.931975681674563,5.911271559333735,5.92983651350725,5.924361251505182
*OC(F)(F)OC(F)(F)C(*)(F)F,egc,9.8151,9.009419643556058,8.845699990411791,8.510199988596046,8.788439874187965
*Cc1c(O)c(CNC(=O)N*)cc(C(CC)=NO)c1O,egc,4.9442,4.046608977345485,4.268015004686186,3.8871714791732783,4.067265153734983
*NC(CC(*)=O)C(C)C,egc,5.9638,5.837175611112774,5.56849239969756,5.860168545895025,5.7552788522351195
*CCSSCCO*,egc,5.6114,5.057614225166776,5.242382128322141,4.934422627296143,5.078139660261686
*CC(C[N-][N+]#N)O*,egc,5.5722,6.046450386336275,3.8454518401083715,6.006243660246065,5.299381962230237
*c1cc(CCS(=O)(=O)O)c(*)s1,egc,2.5623,3.0614054907527892,3.006845812515552,2.9974082717905985,3.0218865250196463
*CCCCOC(=O)Cc1ccc(CC(=O)O*)cc1,egc,5.4635,5.1886807030172655,5.449947967332673,5.566286972661527,5.401638547670488
*C=CC(C)C(*)C,egc,5.2899,5.026541125768171,5.188943615929057,4.933484232422271,5.0496563247065
*CCCCC(=O)O*,egc,6.623,6.707033665515609,6.679270147106146,6.782815259087309,6.723039690569688
*CC(O)COc1ccc(S(=O)(=O)c2ccc(O*)c(C)c2)cc1C,egc,4.1274,4.366327455624214,3.6744003357654713,4.246418832445357,4.095715541278348
*C(=O)c1ccc2nc(-c3ccccc3)c(-c3ccc(-c4nc5ccc(*)cc5nc4-c4ccccc4)cc3)nc2c1,egc,3.1886,3.092291113884891,3.0838130652538505,2.9030464343501112,3.0263835378296178
*Cc1ccc(CNC(=O)CCCCCCCCCCC(=O)N*)cc1,egc,5.2323,5.234780320962553,5.272813316923468,5.147967058007511,5.2185202319645105
*C=C(*)c1ccc(C(=O)Oc2c(F)c(F)c(F)c(F)c2F)cc1,egc,1.1102,1.4501226010844124,2.023363943453324,1.6431398299088544,1.7055421248155305
*Nc1ccc(-c2ccc(NC(=O)CCCCCCCCC(*)=O)c(O)c2)cc1O,egc,3.9935,3.5579575483911414,3.700783936733872,3.6617032090475194,3.640148231390844
*CCc1nnc(*)n1N,egc,5.722,4.929659745361392,5.271304428572877,5.102682656976537,5.101215610303602
*c1cc(CCN(CC)c2ccc(N=Nc3ccc(C=C(C#N)C#N)cc3)cc2)c(*)s1,egc,1.3795,2.3663591648920446,2.109635070370656,2.216122883981814,2.230705706414838
*OP(=O)(Oc1ccc(C(C)(C)c2ccc(*)cc2)cc1)c1ccccc1,egc,4.2511,4.531410535298596,4.820039256016845,4.668565285985494,4.6733383591003115
*CC(*)OC(=O)CC1CCCC1,egc,6.5327,6.558696377833613,6.503058796199292,6.268588353288392,6.443447842440432
*c1ccc(-c2ccc(-c3ccc(*)s3)s2)[nH]1,egc,2.182,2.403181917177826,2.509975848628665,2.2584074013752407,2.3905217223939106
*Nc1ccc(NC(=O)c2ccc(C(*)=O)cc2F)cc1F,egc,3.5151,3.3623180807987945,3.482714426939791,3.3542260703715656,3.39975285937005
*C(=O)CCCCC(=O)N1CCN(*)CC1,egc,5.6091,5.634541884979238,5.541533457972905,5.532790909182275,5.569622084044806
*CCCCCCOC(=O)CCCCCC(=O)O*,egc,6.502,6.809579397881233,6.653016898739941,6.775841436255801,6.746145910958991
*c1cc(C#N)c(*)s1,egc,1.691,2.1878471244168316,2.283933133680524,1.8945889832147078,2.1221230804373543
*c1cc(OCC(=O)C23CC4CC(CC(C4)C2)C3)c(*)cc1OC,egc,4.0135,4.323746650127785,4.09248592849486,4.24822248883817,4.221485022486938
*Oc1ccc(-c2ccc(Oc3ccc(C(C)(C)c4ccc(*)cc4)cc3)cc2)cc1,egc,4.2484,3.693878387934092,3.850331066291429,3.873939801486562,3.806049751904028
*CC(C)C=C(*)C,egc,5.1994,5.307688067317102,5.282647303690438,5.992273594033088,5.527536321680209
*C#CC#Cc1ccc(-c2ccc(*)s2)s1,egc,1.5899,1.6661057517364444,1.878084518759313,1.9396619661023842,1.827950745532714
*CC(*)C(=O)Oc1ccc(C(C)=NNC(N)=O)c(O)c1,egc,3.6909,3.9539030305653635,4.011641950429657,3.5954347380169476,3.8536599063373225
*C1=CSC(=C2SC=C(c3ccc(*)cc3)S2)S1,egc,2.2436,2.582186860036377,2.8518349707548367,2.559956177917997,2.664659336236403
*CCCCCCCCCCCCCCCCCCCCC(*)Cl,egc,7.136,6.526651538014748,6.508683020403476,6.725496306112008,6.586943621510078
*c1cc(N=Nc2ccc(OC)cc2)cc(*)c1O,egc,3.0241,2.9870697357579044,2.813741860776383,2.8528127318277914,2.8845414427873592
*c1ccc(-c2nc3cc(Oc4ccc5nc(*)c(-c6ccccc6)nc5c4)ccc3nc2-c2ccccc2)cc1,egc,3.1353,3.171239773864759,3.153930521557946,2.9048800072059815,3.076683434209562
*Nc1cc(*)ccc1CCCCCCCCCCCC,egc,4.025,3.542868563672834,3.4963868156681595,3.9363447504402584,3.6585333765937507
*C=C1CCCCC(=Cc2ccc(Sc3ccc(*)o3)o2)C1=O,egc,2.9583,2.6198904770265994,2.6843374064265264,2.733655744116007,2.6792945425230443
*c1ccc(OC(=O)c2cccc(C(=O)Oc3ccc(C4(*)OC(=O)c5ccccc54)cc3)c2)cc1,egc,3.9147,3.709810046497779,3.404434320166791,3.8074973134249137,3.640580560029828
*CCCCCCCCc1nnc(-c2cccc(-c3nnc(*)o3)c2)o1,egc,4.3273,3.939416684865368,4.27582004826207,3.894159788201296,4.036465507109578
*OC(F)(C(*)(F)F)C(F)(F)F,egc,8.6002,8.445869123807345,8.245995928113537,8.239206428783326,8.310357160234735
*CCC(C)CCC(=O)N*,egc,5.8159,6.021149532559404,5.999440356935928,5.9171829564803415,5.979257615325224
*c1ccc(Cc2ccc(-n3c(=O)c4cc5c(=O)n(*)c(=O)c5cc4c3=O)cc2)cc1,egc,2.6697,2.5187876602141044,2.63398956365272,2.671497115442141,2.608091446436322
*OC(C)CC(*)=O,egc,6.4371,6.284249116410672,6.484672994555717,6.268767405662803,6.345896505543064
*c1ccc2cc(-c3nc4cc5sc(*)nc5cc4s3)ccc2c1,egc,3.27,3.1109054106425593,3.178215442516952,3.3385155836434532,3.209212145600988
*c1cc(C(C(=O)OC)C(=O)OC)c(*)s1,egc,2.7717,2.6810580747354313,2.6186532750647644,2.856539416505128,2.7187502554351077
*OC1C(C)(C)C(*)C1(C)C,egc,5.3323,6.166663779791525,5.954213323472609,5.911989055293941,6.010955386186025
*CCCCCOC(=O)Nc1ccc(C)c(NC(=O)O*)c1,egc,5.0895,4.956418508217148,5.009155838049763,4.895520299626615,4.953698215297842
*C1=CC2=CC(*)=NC2=N1,egc,1.0627,3.2241439573908632,3.087402683140732,3.0457646227993185,3.1191037544436377
*CCCCCOC(=O)C(=O)O*,egc,5.5658,5.866186585898823,5.8502030177788225,5.6230299646123285,5.779806522763324
*c1nc(Cl)nc(N(c2ccccc2)c2nc(Nc3ccccc3)nc(N(*)c3ccccc3)n2)n1,egc,3.6448,3.4555833916523766,3.5673559564033983,3.0592455357636017,3.3607282946064587
*C(=O)Nc1ccc(Cc2ccc(NC(=O)c3ccc4c(c3)C(=O)N(c3ccc(S(=O)(=O)c5ccc(N6C(=O)c7ccc(*)cc7C6=O)cc5)cc3)C4=O)cc2)cc1,egc,2.5578,2.60097007755263,2.751262606820002,2.7330155737311856,2.6950827527012726
*Oc1ccc(CC(*)=O)cc1,egc,4.8618,4.481492785151179,4.948160076887088,4.267447415082474,4.56570009237358
*CC(*)C(=O)Oc1cccc(C)c1,egc,4.8262,4.769575327882066,4.8779913763059355,5.129346725538372,4.925637809908792
*C(=O)C(S1)=CC=C1C(S2)=CC=C2C(S3)=CC=C3*,egc,1.9407,1.9788431064683953,2.041745429090117,2.170542555240267,2.063710363599593
*CCCCCCCCCCCCNC(=O)CCCCC(=O)N*,egc,5.5516,5.928008879181374,5.898696711391846,5.9080977961080166,5.911601128893746
*C(=O)CCCCCCCCC(=O)N1CC(C)N(*)CC1C,egc,5.7455,5.875258073141085,5.635389254832688,5.740661007771389,5.750436111915054
*NC(S1)=CC=C1C(=S)C(C=C2)=CC=C2*,egc,2.3153,2.359979362653492,2.307699644617067,2.386153564179899,2.3512775238168193
*CCOCCOCCOC(=O)CCSCCC(=O)O*,egc,5.3579,5.471229325663598,5.462885773456284,5.33851946212684,5.424211520415574
*C(F)(F)C(F)(F)NC(C=C1)=CC=C1*,egc,4.4728,3.7602011939807616,4.5962262198107675,4.351131261391759,4.235852891727763
*CCCCCCCCCCNC(=O)CCCCC(=O)N*,egc,5.8086,5.985224876685284,5.891729828946154,5.89779111797157,5.924915274534335
*OC(CC(*)=O)C(C)(Cl)Cl,egc,6.4677,5.957358069449148,5.754935926307868,5.3641671975982055,5.692153731118407
*CC(=O)C(=S)C(S1)=CC=C1*,egc,2.5515,2.6167372493210572,2.5672541745384323,2.354084655798872,2.5126920265527874
*CCCCCCOC(=O)NCCCCNC(=O)O*,egc,6.3921,6.256890925155391,6.183902636638206,6.3209992528265575,6.253930938206718
*NC(CSSCc1ccccc1)C(*)=O,egc,4.9511,4.791242344597803,4.641686481201725,3.673839375580999,4.368922733793509
*c1ccc(-c2ccc(-c3cc(SCCCCCCCCCC)c(*)s3)cc2)cc1,egc,3.0684,2.547230631391985,2.5308512609025837,2.4044619165564156,2.4941812696169947
*CCCO*,egc,6.2459,5.961486669814888,6.161653124355938,6.108062546830057,6.077067447000293
*CC1CCC(CNC(=O)c2cc(C(=O)N*)cc(C(C)(C)C)c2)CC1,egc,4.8744,4.775060367499542,4.839134552477098,4.860121189281831,4.82477203641949
*CCCCCNC(=O)CCCCCCC(=O)N*,egc,5.9286,5.888126812967525,5.873013799760285,5.848032948617739,5.869724520448517
*CCCCNC(=O)CCCCCCCCCCC(=O)N*,egc,5.9492,5.7295135656593565,5.876715622668907,5.759508955231942,5.788579381186736
*CC(=O)C(*)C,egc,4.7758,5.1859180430885665,5.381907849792283,5.038637381616582,5.202154424832478
*N=C(O)N=C(*)N=C(N)N,egc,3.4308,3.519866430298977,3.7680269901502013,3.9610039156330674,3.749632445360749
*CC(=S)CC(=S)*,egc,2.5423,2.9989385796426333,3.0523231170166545,3.0351737669627883,3.0288118212073587
*Nc1ccc(Br)cc1-c1ccc(NC(=O)c2ccc(C(*)=O)cc2)cc1,egc,3.4431,3.22601144152406,3.2638412886324426,3.2440338561830355,3.2446288621131796
*C(=O)c1ccc(C(=O)N(C)N(*)C)cc1,egc,4.0457,4.936345410896214,4.279310133728574,4.641228412035274,4.618961318886687
*CCOC(=O)c1ccc(NC(=O)CCCCCCCC(=O)Nc2ccc(C(=O)O*)cc2)cc1,egc,4.188,4.273675108825721,4.26265593926437,4.405546187018624,4.313959078369572
*CC(CC)(CCl)CO*,egc,6.1616,5.924366560327915,6.1076398068685975,6.2667230720267755,6.099576479741096
*CCOCCOC(=O)C1CCC(C(=O)O*)CC1,egc,6.6414,6.123325417885866,6.2901651788304775,6.126876931178757,6.180122509298367
*C(=O)Nc1cccc(NC(=O)c2cccc(NC(=O)c3ccc(-c4nc5cc(*)ccc5[nH]4)cc3)c2)c1,egc,3.3084,3.0485588873429426,2.988821176047083,3.0353295136266882,3.024236525672238
*C=CCCCCCCCCCC*,egc,5.8787,6.0200195185837675,5.85462870203506,5.8429196519424496,5.9058559575204255
*CC(*)OCC(=O)OC,egc,5.3903,6.100692583009842,6.051172971316213,6.018811278823619,6.056892277716558
*Nc1ccc(-c2ccc(NC(=O)c3cc(C(=O)O)c(C(*)=O)cc3C(=O)O)cc2)cc1,egc,3.2555,3.164648647639097,3.0424153039656994,3.0123077271796586,3.0731238929281517
*CC(O*)C1CC(F)(F)C1(F)F,egc,6.5249,6.645219354898579,6.910088625635975,6.5992460012748975,6.71818466060315
*c1sc(-c2cc(OCCCCC)c(*)s2)cc1OCCCCC,egc,1.2005,1.9321574272976014,2.0643141384702295,2.1123933051352863,2.036288290301039
*CCCCCCCCCCNC(=O)NCCCCCCCCNC(=O)N*,egc,5.9409,5.577502134209284,5.664100134475641,5.7273076877676115,5.656303318817511
O(*)c1ccc(cc1)C(=O)Nc1ccc(cc1)S(=O)(=O)c1ccc(cc1)NC(=O)c1ccc(cc1)(*),egc,3.8301,3.3582525124865135,3.4017601327972735,3.244589421762139,3.3348673556819755
*NC(C)(C)CC(*)=O,egc,5.5484,5.817218984366714,5.752351597847663,5.947888585091271,5.839153055768549
*c1ccc(*)n1C(C(=O)NO)n1c2ccccc2c2ccccc21,egc,2.9081,3.1254503486992498,2.793381413397272,3.0170034389159053,2.978611733670809
*OC(=O)CCCCCC(*)=O,egc,5.9809,6.173154009954159,6.383488481944837,6.162284237615459,6.239642243171485
*CCCCCCCCCCCCCCCCCCCCCC(=O)N*,egc,5.9891,6.0770033790297315,6.05746441320167,6.028781682944987,6.054416491725463
*c1cc(C(c2ccc(O)c(-n3c(=O)c4cc5c(=O)n(*)c(=O)c5cc4c3=O)c2)(C(F)(F)F)C(F)(F)F)ccc1O,egc,2.3838,2.746872916570881,3.017510069927413,3.0540485673591222,2.9394771846191383
*CCCCCCCCCCNC(=O)CCCCCCCCCCCCCCC(=O)N*,egc,5.8964,5.931522512047785,5.930492164508251,5.937947940496842,5.933320872350959
*CC(COc1ccc(-c2ccc(C#N)cc2)cc1)O*,egc,4.4378,3.9615208677005134,3.905994649127727,3.979196426523172,3.9489039811171374
*CCCCCCCCCCNC(=O)NCCCCCCNC(=O)N*,egc,5.6863,5.651867307520014,5.728636434529651,5.649790184596937,5.6767646422155345
*Nc1cc(NC(=O)c2cccc(C(*)=O)c2)c(N)cc1N,egc,3.509,3.1038565443941457,3.1645466658744357,3.049020128435063,3.1058077795678813
*CC(*)c1ccc(CCCCCCCCCCCCCCCC)cc1,egc,5.0097,4.446977284015273,4.7214731364772815,3.7664644891965997,4.311638303229718
*CC(CS(=O)(=O)C(C)C)O*,egc,5.0712,5.349334388548846,5.457105638530286,5.354866029333477,5.387102018804203
*CC(=S)CO*,egc,3.0342,3.5741167090554065,3.77894752263934,3.723602493389118,3.6922222416946213
*NC(=S)C(=C1)SC(=C1)C(=S)*,egc,2.1587,2.312523115801417,2.5306018511209873,2.162115243094403,2.3350800700056027
*Oc1ccc2ccc(OC(=O)Oc3ccc(OC(*)=O)cc3)cc2c1,egc,4.3295,4.282131403613778,4.4143225348874084,4.38235372172818,4.359602553409789
*CC(*)C(=O)OCC(F)(F)C(F)(F)OC(F)(F)F,egc,6.5517,7.063734598262306,7.063564223849815,7.24469366619468,7.123997496102267
*CCN(*)C(=O)c1c(F)cccc1F,egc,4.4989,4.8310101461019785,4.725606575337056,5.052230912594802,4.869615878011278
*CCCCCCCCCCCCCCCCCCOCO*,egc,6.7236,6.272370226091338,6.357891785609827,6.433652232667857,6.354638081456341
*CC(C)(C)COC(=O)O*,egc,7.3547,6.672841354109678,6.731950842079527,6.926806942404257,6.777199712864487
*OC(COCCOC)COC(*)=O,egc,6.2142,6.064248413466282,6.0823610303717635,5.940634632878847,6.029081358905631
*OC(=O)CCCCCCCCCCC(*)=O,egc,6.499,6.2158448167370315,6.357673878591677,6.1959619766282925,6.256493557319001
*CC(OCC)C(C#N)(C#N)C(*)(C#N)C(=O)OC,egc,5.4657,5.745108766205695,6.331255669869737,5.629793569829907,5.902052668635114
*Oc1ccc(S(=O)(=O)c2ccc3cc(S(=O)(=O)c4ccc(Oc5c(C)cc(-c6cc(C)c(*)c(C)c6C)c(C)c5C)cc4)ccc3c2)cc1,egc,3.4715,3.3412850964509535,3.1685081397307724,3.1942251180745083,3.234672784752078
*c1ccc(N2C(=O)c3ccc(Oc4ccc5c(c4)C(=O)N(*)C5=O)cc3C2=O)cc1,egc,3.4906,3.2520326008464546,3.069661498737372,3.1868035919432174,3.1694992305090146
*CCC(C)C(C)CCNC(=O)c1cccc(C(=O)N*)c1,egc,4.994,5.000944098578377,4.860491266453545,4.905313084857364,4.922249483296429
*Cc1ccc(CN2CCN(*)C(C)C2)cc1,egc,4.6219,4.6821816758925285,4.460108302018938,3.729895148317063,4.29072837540951
*c1ccc2c(c1)c1cc(*)ccc1n2CC1CO1,egc,3.2508,3.5834228191604693,3.4796855386843184,3.3951178660889063,3.486075407977898
*c1ccc(Nc2cc(C)c(*)s2)cc1,egc,3.2402,2.866984261844306,2.853870802032947,2.820975678245352,2.8472769140408687
*CCCOC(=O)CCCCSCCCCC(=O)O*,egc,5.3966,5.327082524416669,5.342491301765172,5.228576779761543,5.299383535314461
*COCC(C)O*,egc,6.2765,6.019621326559403,6.208134615506688,6.200726854921569,6.142827598995886
*CC(*)OC(=O)c1ccc(OC)cc1,egc,4.435,4.580534411645646,4.485586567631445,4.512949514399562,4.526356831225551
*OC(=O)C(Cc1ccccc1)NC(=O)CCCCC(=O)NC(Cc1ccccc1)C(=O)OC1COC2C(*)COC12,egc,5.287,5.475140871877657,5.139193410960737,5.2769699702866,5.297101417708331
*NC(C=C1)=CC=C1NC(S2)=CC=C2*,egc,3.8931,3.224219938814301,3.2772211696041613,3.409410050448117,3.3036170529555267
*c1ccc(NC(=O)c2cccc(C(=O)Nc3ccc(-n4c(=O)c5cc6c(=O)n(*)c(=O)c6cc5c4=O)cc3)c2)cc1,egc,2.46,2.1982740236563405,2.1998673929847405,2.0849012221866277,2.1610142129425696
*CCCCCCNC(=O)C(CC)CC(CC)C(=O)N*,egc,5.6687,5.9019383371605825,5.884440254660441,5.759589901476109,5.848656164432377
*Oc1ccc(C2(c3ccc(OC(=O)c4ccc(C(*)=O)cc4)cc3)c3ccccc3-c3ccccc32)cc1,egc,3.1166,3.5017984394784047,3.425797453306484,3.490183838713814,3.472593243832901
*CC(*)(F)C(=O)OCC(F)(F)C(F)(F)F,egc,6.4706,6.6567205907080185,6.6723093572500565,6.216642301538663,6.51522408316558
*NC1CC(CCC(*)=O)C1(C)C,egc,5.7546,5.5015800073244545,5.757555513825074,5.650217868277802,5.63645112980911
*CC1(C)CC(N2C(=O)c3ccc(-c4ccc5c(c4)C(=O)N(*)C5=O)cc3C2=O)CC(C)(C)C1,egc,3.6926,3.354048166397016,3.3299345025991465,3.1184794562407583,3.2674873750789732
*CCOCO*,egc,6.6358,6.7148398807406595,6.128543199944538,6.4990457121558505,6.44747626428035
*CCCCCCCCCCCNC(=O)CCCCC(=O)N*,egc,6.1376,5.715902125990608,5.882800892365563,5.659199705082339,5.752634241146171
*OC(=O)CCCCCCCCCCCCC(*)=O,egc,6.2591,6.319792426805896,6.424683496164084,6.326990774458604,6.357155565809528
*C(=O)c1ccc2c(c1)C(=O)N(c1ccc(N3C(=O)c4ccc(*)cc4C3=O)nc1)C2=O,egc,3.0206,2.9156571623019727,2.775830928255876,2.8174053295529506,2.8362978067036
*NC(C)CNC(=O)C1CC1C(*)=O,egc,5.5051,5.966424079197546,5.958852628975079,5.9246251987087675,5.949967302293797
*c1cc(C(=O)CC)c(*)[nH]1,egc,3.012,3.1711173439795792,3.0992546527937606,2.68325537991866,2.9845424588973337
*OC(CC(*)=O)C1CCC=CO1,egc,4.8999,5.859711725183638,5.848314898495588,5.93197991747532,5.8800021803848495
*NNC(=O)CCCCCCCCCCCCCCCCC(*)=O,egc,5.9847,5.932713648868398,5.866891950461799,5.705452306565245,5.835019301965147
*C([2H])([2H])C(*)([2H])C([2H])=C([2H])[2H],egc,5.9833,4.054629519895085,4.686667374427345,3.8819572188023934,4.207751371041607
*C(=O)c1ccc2c(c1)C(=O)N(c1ccc(C(=O)c3cccc(C(=O)c4ccc(N5C(=O)c6ccc(*)cc6C5=O)cc4)c3)cc1)C2=O,egc,2.9294,2.8383067281337935,2.7054887782138946,2.558933818849146,2.7009097750656115
*CC(*)OCCCCCCCCCCCC,egc,5.4919,5.96973685345113,5.881978200479721,5.768771997096995,5.873495683675949
*CCCCCCCCC(*)Cl,egc,6.9974,6.405145984189405,6.502936102810092,6.618422322932202,6.508834803310566
*Oc1ccc(N=CNc2ccc(*)cc2)cc1,egc,3.7365,2.975722456881362,3.4474224409154033,3.005320990387051,3.1428219627279383
*OP(=O)(Oc1ccc(-c2ccc(*)cc2)cc1)c1ccccc1,egc,4.2408,4.223466101271232,4.1739118170298255,4.2167160007973425,4.2046979730328
*OC(=O)CS(=O)(=O)Cc1ccc(CS(=O)(=O)CC(*)=O)cc1,egc,4.9033,4.687963287402563,4.9887972774328,4.8398460308358935,4.838868865223752
*c1ccc(S(=O)(=O)c2ccc(-n3nc(*)c4ccccc4c3=O)cc2)cc1,egc,3.8603,3.4649723963622088,3.154534496251781,3.3398736870930157,3.319793526569002
*C(C=C1)=CC=C1C(S2)=CC=C2OC(S3)=CC=C3*,egc,3.0679,2.9127978407751196,3.0062539656099885,2.8395516866223773,2.9195344976691615
*CC=CCOC(=O)NCCCCCCNC(=O)O*,egc,5.7218,5.831621409026002,5.7051912240561355,5.906624329594982,5.814478987559039
*CCCCCCCCCCCCOC(=O)CCCCCCCCCCCCC(=O)O*,egc,6.4766,6.645335444461617,6.605091680961377,6.636814008279446,6.629080377900813
*c1ccc(-c2ccc(-c3ccc(*)s3)o2)o1,egc,1.6749,2.7047340369263164,2.729730129488653,2.9881268603872444,2.807530342267404
*C=CC(C*)CCC,egc,5.7221,5.346749633056745,5.47277528791932,4.950454952242456,5.256659957739507
*CNOC(C=C1)=CC=C1*,egc,4.831,4.7483628024183515,4.567375596568212,4.3518391477985965,4.55585918226172
*c1cc(CCCCCCCCCC2COC(=O)O2)c(*)s1,egc,2.5293,2.7772613296003037,3.0052750056469435,2.8310274773598216,2.8711879375356895
*C(=O)OC1CC(*)N(C(=O)OCc2ccccc2)C1,egc,5.588,4.728420580130828,4.5560711163976135,5.218648100400084,4.834379932309509
*C(=O)NNC(=O)c1cnc(*)cn1,egc,3.0611,3.8401526882641916,3.745150451666059,3.749529810716255,3.7782776502155015
*c1[nH]c(*)c(CC(=O)OC)c1CC(=O)OC,egc,3.2776,3.9565806498857845,3.4490236100886995,3.9462218169346177,3.7839420256363674
*Nc1ccccc1NC(=O)c1cccc(C(*)=O)c1,egc,3.6159,3.7447482395599114,3.6805607405006184,3.658145508687973,3.694484829582834
*NC(CC(*)=O)C(=O)OCC,egc,5.9557,5.861582896862755,5.966359732920598,6.028262145131005,5.952068258304785
*CCC[Si](C)(C)O[Si](C)(C)CCCn1c(=O)c2cc3c(=O)n(*)c(=O)c3cc2c1=O,egc,3.5354,2.791261282476333,3.226289608109203,2.8986927329957264,2.972081207860421
*CC(*)(C#N)C(=O)OCCCCCCC,egc,6.3455,6.438481959825925,6.444148372308219,6.27697387427213,6.386534735468758
*c1ccc2c(c1)c1cc(*)ccc1n2-c1ccccc1,egc,3.553,3.4944735563895373,3.1867405485085873,2.9830398611532982,3.2214179886838075
*Oc1ccc(-c2ccc(OC(=O)CCCCCCCCC(*)=O)cc2)cc1,egc,4.5699,4.368175319556002,4.533641198881798,4.5176126679516555,4.473143062129819
*CCOC(=O)c1ccc(C(=O)NCCCCCCCCCCCCNC(=O)c2ccc(C(=O)O*)cc2)cc1,egc,4.4904,4.13600558632699,4.489022508602806,4.303190472529187,4.309406189152995
*CCCOC(=O)CCCC(=O)O*,egc,6.7627,6.750981932193391,6.648923320398338,6.685007078525267,6.694970777038999
*CCCOC(=O)CCC(C)CC(=O)O*,egc,6.7963,6.735187371811975,6.677563055651148,6.702094476281411,6.704948301248177
*OC1CCCCCC1*,egc,5.6512,5.7064263236674435,5.631146059815997,5.705467267042034,5.6810132168418255
*CC(CC(C)(C)C)O*,egc,5.3855,6.022348401440367,5.988644560338891,5.996548332610907,6.0025137647967215
*CNCCCOCO*,egc,5.4895,5.699411975547049,6.018570307263978,6.006770898354111,5.9082510603883795
*CCCCCNC(=S)N*,egc,4.4944,3.853571497334796,4.116457859730555,4.360163571752114,4.110064309605821
*Nc6ccc(C5(c3ccc(NC(=O)Cc2ccc(Oc1ccc(C(*)=O)cc1)cc2)cc3)OC(=O)c4ccccc45)cc6,egc,4.1183,3.4027704014851166,3.564085958985659,3.5282296038167575,3.4983619880958443
*CC1CCC(COC(=O)C2CCC(C(=O)O*)CC2)CC1,egc,6.6637,6.250911210410417,6.577906643816852,6.251717329450927,6.360178394559399
*CC(=O)C(C=C1)=CC=C1C(=O)*,egc,4.4703,3.428932207976525,3.791587119295945,2.7150957654414882,3.3118716975713194
*c1sc(*)c([2H])c1[2H],egc,1.6361,2.636479589875101,2.459974662514332,2.721655124451545,2.6060364589469924
*Cc1ccc(COC(=O)CCC(=O)O*)cc1,egc,5.464,5.390089177062739,5.449546071563692,5.374384106365782,5.404673118330738
*CCCCCCCCCCCCCCOC(=O)CCCCC(=O)O*,egc,6.651,6.626321986924111,6.6267182682104195,6.688785995479489,6.647275416871341
*NC(C=C1)=CC=C1NO*,egc,3.151,4.226301008990794,4.388941104950715,4.087948807401767,4.234396973781092
*c1cc(CCOCCOC)c(*)[nH]1,egc,2.8631,2.8401848811227897,2.7683406553342778,3.0674476078923347,2.8919910481164677
*OC1CCC(OC(=O)CCCCC(*)=O)CC1,egc,6.706,6.508933865097613,6.526650079551113,6.543948736276182,6.526510893641635
*C=Cc1ccc(*)n1CCCCCC,egc,1.5103,2.4086386978612007,3.1875881114240947,2.2809765395794583,2.6257344496215844
*c1[nH]c(*)c2c1CCCCC2,egc,3.1158,3.1807821192257673,3.0820475532122265,3.3833689782830514,3.2153995502403485
*CC(C)(C)COC(=O)NC(=O)c1cccc(C(=O)NC(=O)O*)c1,egc,4.9585,5.14817744121965,5.172092098301871,5.248696026287413,5.189655188602978
*c1cccc2c(-n3c(=O)c4cc5c(=O)n(*)c(=O)c5cc4c3=O)cccc12,egc,2.5506,2.861851806289516,2.8135431140709475,2.858341860183168,2.8445789268478774
*c1ccc(C(c2ccccc2)c2ccc(N3C(=O)c4ccc(S(=O)(=O)c5ccc6c(c5)C(=O)N(*)C6=O)cc4C3=O)cc2)cc1,egc,2.8677,2.85788066056365,2.956120873113091,2.8011156264160992,2.871705720030947
*Nc1cc(*)ccc1N,egc,3.7339,3.7821505126606474,3.582286547682005,3.704208865155183,3.6895486418326118
*CCCOC(=O)CCCCCCCC(=O)O*,egc,6.6032,6.725123759744213,6.741959148399625,6.7717040570799565,6.746262321741265
*c1ccc(-c2nc3cc4nc(*)c(-c5ccccc5)nc4cc3nc2-c2ccccc2)cc1,egc,2.6364,3.1708024943794952,3.1256035766208625,3.2742137093007257,3.1902065934336945
*C=Cc1ccc(*)nc1,egc,1.9268,2.6226497316797532,2.6234026267433843,2.7442853209071885,2.6634458931101084
*OC(F)(F)C(*)(F)F,egc,9.8627,8.351046724789654,8.33698437139802,8.47345191643045,8.38716100420604
*Oc1ccc(OC(=O)c2cc(OCCCCCCOCCCCC)c(C(*)=O)cc2OCCCCCCOCCCCC)cc1,egc,3.6545,3.543187924530308,3.3215441182986885,3.520771541869641,3.4618345282328793
*OC1C(COC(C)=O)OC(*)C(OC(C)=O)C1O,egc,5.6034,6.377034525109092,6.365435184402212,6.369634040528208,6.370701250013171
*CCCCCCCCCCCCCCCCCCCCOC(=O)CCCCC(=O)O*,egc,6.8416,6.577020477678858,6.5525790669501855,6.465500031074348,6.531699858567798
*OCC(F)(F)C(F)(F)C(F)(F)COc1nc(F)nc(*)c1F,egc,5.4692,4.810490463919112,4.561116492745466,4.6467574146971655,4.672788123787249
*Oc1cccc(C(=O)OCC(F)(F)C(F)(F)C(F)(F)COC(=O)c2cccc(*)c2)c1,egc,4.5011,4.448264768372661,4.3322112014887475,4.456784935266749,4.4124203017093855
*N=C(N=C(NC(C)=O)NC(C)=O)N=C(*)OC(C)=O,egc,3.7327,4.440351064999342,4.565816594734767,4.51426138627649,4.506809682003532
*CCCCCCNC(=O)CCCCCCC(=O)N*,egc,5.7328,5.862969419184731,5.84222595323345,5.90458549724557,5.8699269565545835
*C(S1)=CC=C1C(S2)=CC=C2*,egc,1.5925,2.458419729397731,2.386087091311586,2.377047563853773,2.407184794854363
*CC1CC1CO*,egc,5.9176,6.319721505849705,6.224469772961125,6.157123155747774,6.233771478186202
*CCOCC(=O)NCCCCCCNC(=O)CO*,egc,5.4615,5.849609627979382,5.832781797382471,5.740052061510916,5.807481162290923
*c1ccc(-c2ccc(-c3cc(*)c4cccccc3-4)s2)s1,egc,2.0762,2.153348202130565,2.2416203325565762,2.338889745809087,2.244619426832076
*Oc1ccc(C(=O)CNNCC(=O)c2ccc(*)cc2)cc1,egc,4.1658,3.7059911399416743,4.003671391671151,3.427578844001381,3.712413791871402
*c1cc(CCCCCCCCCCCCCCCC)c(*)[nH]1,egc,3.0442,2.8869475887430576,2.9880973273810825,2.996506908081606,2.957183941401915
*NC(C)(C)C(C)(C)C(*)=O,egc,5.4856,5.399634158978715,5.7575430142386415,5.406671045052979,5.521282739423445
*CCOCCOC(=O)CCC(C)CC(=O)O*,egc,6.43,6.512682744723203,6.530960852340796,6.488435756424137,6.510693117829379
*c1ccc2c(c1)[Si](C)(C)c1cc(*)ccc1N2C,egc,3.6899,3.3991736795614096,3.4000858350937486,3.40325532467512,3.40083827977676
*CCCCCCCCCCC(=O)NCCCCCCNC(=O)CCCCO*,egc,5.9843,5.94679141809847,5.899960446983541,5.901522093334311,5.916091319472106
*CCOC(=O)Nc1ccc(NC(=O)O*)cc1,egc,4.8391,5.113853317745657,5.023811047964221,4.780761840674815,4.972808735461564
*c1ccc(N(*)CCCCCC)cc1,egc,3.7028,4.204095263215925,4.333396972279815,4.207759343212842,4.248417192902861
*CCCCCOC(=O)NNC(=O)CCCCCCCCC(=O)NNC(=O)O*,egc,5.6607,5.920257209968457,5.945457656906083,5.867403501424264,5.911039456099601
*CC(*)(F)C(=O)OCCC(F)(F)C(F)(F)C(F)(F)C(F)(F)C(F)(F)C(F)(F)C(F)(F)C(F)(F)F,egc,6.6046,6.469161213705128,6.324263672196433,6.413693863871096,6.402372916590886
*CCCCCCOC(=O)NCCSCCCCCSCCNC(=O)O*,egc,5.2279,5.137530232730763,5.1710184020492935,5.04309306396492,5.117213899581659
*NC(CCCNC(=O)c1ccc(F)cc1)C(*)=O,egc,4.7549,3.8938581511950385,4.147037869362628,4.044673713857247,4.028523244804972
*NC(=O)C(=S)C(S1)=CC=C1*,egc,1.8546,2.3897054512330773,2.4900473015420985,2.588857441890632,2.489536731555269
*ON(C(F)(F)F)C(F)(Cl)C(*)(F)F,egc,6.7405,6.343468484905647,6.3680268104017435,6.073505528186236,6.261666941164542
*C(=O)NNC(=O)c1cccc(*)n1,egc,4.6124,4.263139298656093,4.2723672399604515,4.2329629738994825,4.256156504172009
*CCC(C=C1)=CC=C1C(S2)=CC=C2*,egc,3.7098,3.560971715032537,3.317593009524035,3.545622794814839,3.4747291731238037
*CNCC(C=C1)=CC=C1*,egc,4.958,4.774903401414634,4.319280086537569,4.482346379426722,4.525509955792976
*CCCCCCCCCO*,egc,6.1351,6.1355381874235055,6.1938166774472245,6.173590123268232,6.167648329379655
*CCCCCCCc1nnc(CCCCc2nnc(*)o2)o1,egc,6.3226,5.592686927992344,5.4774713550459,5.564982715909609,5.5450469996492835
*CC(C=C1)=CC=C1C(S2)=CC=C2C(C=C3)=CC=C3*,egc,3.4745,3.266971508661397,3.4027323140949193,3.3411148357943223,3.336939552850213
*Oc1ccc(C(=O)NCCCCCCCCCCCCNC(=O)c2ccc(*)cc2)cc1,egc,4.4794,4.412509707014703,4.375570255117188,4.46966415583491,4.419248039322267
*Oc1ccc(C(=O)OC(=O)c2ccc(*)cc2)cc1,egc,4.2788,4.109782547296734,4.09728228952142,4.275000510667109,4.160688449161754
*c1cc(-c2ccccc2)c(*)s1,egc,2.7439,2.4734921136402876,2.4491924588162868,2.6707815643023545,2.531155378919643
*C(c1cccs1)=c1ccc(=c2ccc(=C(c3cccs3)c3ccc(-c4ccc(*)s4)s3)s2)s1,egc,1.0381,1.620399681981145,1.7618856753395544,1.6584941271702136,1.6802598281636378
*NC(S1)=CC=C1OC(S2)=CC=C2*,egc,4.3883,3.018662633108581,3.154464838081635,3.3529791104139353,3.1753688605347175
*CCC(*)=O,egc,5.3275,6.501866092108419,6.023393837255676,5.999394539579377,6.174884822981158
*CCCCCCCCOC(=O)CCCCCCC(=O)O*,egc,6.7527,6.8355681010518525,6.667294348645045,6.849379136092755,6.784080528596551
*CC(F)(F)C(F)(F)C(F)(F)COC(=O)CCCCC(=O)O*,egc,6.6433,6.863858258235507,6.696808408078354,6.755427634072901,6.772031433462254
*C#Cc1sc(-c2sc(*)c3c2OCCO3)c2c1OCCO2,egc,1.7209,2.094255817337913,2.1960123314137467,1.8756580497281083,2.0553087328265893
*OC1CCCCCCC1*,egc,5.2834,5.933170115180233,5.985014497938102,5.743247124223482,5.887143912447272
*Oc1ccc(NC(=C(C#N)C#N)c2ccc(C(Nc3ccc(*)cc3)=C(C#N)C#N)cc2)cc1,egc,2.4883,2.857017538059635,2.8096610844345684,2.727171562178506,2.79795006155757
*C=C1CCC(=Cc2ccc(*)cc2)C1=O,egc,2.5147,3.167266461679837,3.368083672942025,3.1763500485680503,3.2372333943966374
*CC(C=C1)=CC=C1NC(=S)*,egc,3.793,3.617241588007482,3.4377902722318168,3.926832973659393,3.660621611299564
*c1cc(C=O)cc(*)c1O,egc,4.1592,3.618986269151509,3.5740708261850607,3.5920984213132177,3.5950518388832626
*CCCCCCCCNC(=O)CCCCCCCCC(=O)N*,egc,5.7713,5.7997904491768075,5.884560404279217,5.918920683358815,5.867757178938279
*Nc1cc(F)c(*)cc1F,egc,3.4723,3.480946353745089,3.838690675582201,3.658133602334569,3.6592568772206193
*CCCNC(=O)NCCCCCCNC(=O)O*,egc,5.4226,6.000255738349781,6.122389939020512,6.092649966347786,6.071765214572693
*c1sc(*)c2c1OCC(CCCCCC)O2,egc,3.3322,1.8424912378642757,1.8786560852775949,2.0990673159610838,1.9400715463676514
*CCCCCCCCCNC(=O)CCC=CCCC(=O)N*,egc,5.6551,5.522652879403167,5.536588052873726,5.4695588078033515,5.5095999133600815
*CC1CCCC(CNC(=O)CCCCCCCCCCC(=O)N*)C1,egc,5.83,5.8233649058664945,5.818057378631165,5.8185043614921765,5.819975548663279
*NC(C=C)CC(*)=O,egc,5.5439,5.0105016678454355,5.05640697786964,5.219039507757598,5.095316051157558
C23C(C(=O)N(C1=CC=CC=C1C(F)(F)F)C2=O)C(C=*)OC3C=*,egc,5.2302,4.687136343168898,4.75995859675101,4.4515325272194035,4.63287582237977
*CC(C(=O)Oc1ccccc1)C(C(=O)O)C(*)(C)C,egc,5.2905,5.318489896965293,5.214882637091145,5.311441120656482,5.2816045515709735
*C#CC(=C(*)c1ccccc1)c1ccccc1,egc,0.8829,2.136111499332428,2.3974048292275834,1.8076511151927872,2.113722481250933
*Nc1cc(NC(=O)c2ccc(C(*)=O)cc2)ccc1Cl,egc,3.7621,3.3715340589311857,3.5343054106749023,3.5515558550530235,3.4857984415530368
*C=Cc1cc(Cl)c(*)cc1Cl,egc,3.2579,2.3406569091987772,3.1028177146986615,2.298240451635595,2.5805716918443444
*C(=O)NCCNC(=O)c1ccc(N2C(=O)c3ccc(*)cc3C2=O)cc1,egc,3.6854,3.238686247361919,3.3630668098546335,3.1847776116426765,3.262176889619743
*CC(*)OC(=O)C(F)(F)C(F)(F)C(F)(F)C(F)(F)F,egc,6.4713,6.528709277085786,6.557718504685377,6.599750633341255,6.562059471704139
*c1cccc(N2C(=O)c3ccc(Oc4ccc(Oc5ccc(Oc6ccc7c(c6)C(=O)N(*)C7=O)cc5)cc4)cc3C2=O)c1,egc,3.2083,2.8536807696758104,2.9325732388825942,3.0356452740820723,2.940633094213492
*NC(CCCCN)C(*)=O,egc,5.1712,5.55871336773657,5.508293661833506,5.93802689285914,5.668344640809739
*c1ccc(S(=O)(=O)c2ccc(-n3c(=O)c4cc5c(=O)n(*)c(=O)c5cc4c3=O)cc2)cc1,egc,2.8028,2.8726227907301203,2.8246652533638117,2.8577785241012448,2.8516888560650586
*CC(O)COc1ccc(C(C)(C)c2ccc(OCC(O)COc3cccc(O*)c3)cc2)cc1,egc,4.725,4.395640842778474,4.613888638199606,4.494985471228381,4.501504984068821
*CC(*)c1ccc(C)c(C)c1,egc,4.4861,4.654328166311383,4.671908170513333,4.870971157135377,4.732402497986698
*CCCC(*)(C)Cl,egc,6.5311,6.304119688887528,6.243305953841411,6.462476800735455,6.3366341478214645
*CCC1CCC(*)C1,egc,7.1099,6.7156547289199064,6.797855841057701,6.799171018948003,6.770893862975203
*CC(C)(C)COC(=O)NCCOCCOCCNC(=O)O*,egc,5.7915,5.630798475024633,5.8894206143571335,5.154855846458933,5.5583583119468996
*NNC(=O)CCCCC(*)=O,egc,5.6711,5.756577380114572,5.8038870965869425,5.688840764170342,5.7497684136239515
*Oc1ccc(Cc2ccc(OC(=O)c3cccc(C(*)=O)c3)cc2)cc1,egc,3.7336,3.8661877303622436,4.083068144388436,3.9734387633510893,3.974231546033923
*NC(=O)C(S1)=CC=C1C(C=C2)=CC=C2*,egc,2.9223,3.459688603096237,3.2884178686669845,3.5115384943578425,3.419881655373688
*c1ccc(-c2nc3ccc(-c4ccc5nc(*)oc5c4)cc3o2)cc1,egc,2.6967,3.186506990146475,3.1735944514097247,3.0761758029136645,3.145425748156621
*CC(O)CN(*)c1ccc(N=Nc2ccc(C#N)cc2)cc1,egc,2.0164,2.8472144473229606,2.8673086696113455,3.0376044775428896,2.9173758648257313
*Oc1ccc(N=Cc2ccc(N(c3ccccc3)c3ccc(C=Nc4ccc(*)cc4)cc3)cc2)cc1,egc,2.7442,2.7522123660063302,2.8773572971180017,2.6036276783137473,2.7443991138126935
*C=CC1CC(*)C2CCCC12,egc,5.6651,5.359234829663264,5.431588824437099,5.236421196341505,5.3424149501472895
*CCCCCCN(CC)C(=O)CCCCCCCCCCC(=O)N(*)CC,egc,5.6468,5.435060186748232,5.445698799962895,4.949424659816637,5.276727882175922
*CC(C)CO*,egc,5.976,6.023683715788378,5.853912940816057,5.678024809215459,5.851873821939964
*CCCCCCCCCNC(=O)c1cccc(C(=O)N*)c1,egc,4.9596,4.926823972840455,4.98247841682375,4.974288049733341,4.961196813132515
*CCOCCOC(=O)CCCCCC(=O)O*,egc,6.5004,6.279229316575275,6.403303057147463,6.220164279538306,6.300898884420349
*CCCCCCCCCCCCCCCCOC(=O)NCCCCCCCCCCNC(=O)O*,egc,6.3322,6.105921894921239,6.1469114239136164,6.096896886139336,6.116576734991398
*CCCCCC(=O)NCCCCCCNC(=O)CCCCCO*,egc,5.7609,5.942073814610844,5.991763395902234,6.010226132859375,5.981354447790818
*c1ccc(N(c2ccc(CCCC)cc2)c2ccc(-c3ccc(*)s3)cc2)cc1,egc,2.8955,2.7861554305106893,2.7534084922939783,2.72779255420797,2.7557854923375458
*CCCCCOC(=O)NCCCCCCNC(=O)O*,egc,6.4123,6.332590662452271,6.23261091125012,6.338512916046807,6.3012381632497325
*c1cc(N2C(=O)c3ccc(-c4ccc5c(c4)C(=O)N(*)C5=O)cc3C2=O)c(O)cc1O,egc,3.1117,3.0767409283338796,2.9165948905600056,3.1958391956010304,3.063058338164972
*CC#CCOC(=O)CCCCCCCCCCC(=O)O*,egc,6.5433,6.23265806395031,5.969744197297558,6.102202431787062,6.10153489767831
*c1ccc(-c2ccc(-c3ccc(-c4cc(-c5ccccc5)c5cc(Oc6ccc7nc(*)cc(-c8ccccc8)c7c6)ccc5n4)cc3)cc2)cc1,egc,3.1875,3.1408530053428905,3.070858814486765,2.946768911849637,3.0528269105597645
*CCCP(CCCNC(=O)CCCCCCCCC(=O)N*)c1ccccc1,egc,4.6632,4.91019731000091,5.038172432438921,4.901215960862075,4.949861901100635
*CCC(S1)=CC=C1O*,egc,4.8828,4.613006650029301,4.470667233694584,4.53670228743772,4.540125390387202
*Oc1c(C)c(C)c(Oc2ccc(NC(=O)c3ccc(C(=O)Nc4ccc(*)cc4)cc3)cc2)c(C)c1C,egc,3.2842,3.563207671893029,3.457730164950096,3.7044534326497303,3.575130423164285
*CCCCCNC(=O)CC(=O)N*,egc,5.7523,5.740710758300616,5.860552812500067,5.684464914460574,5.761909495087085
*c1ccc2c(c1)Cc1cc(*)ccc1-2,egc,3.7772,3.661165542728571,3.275348721975411,3.822793883051368,3.5864360492517835
*CC(=O)NC(=S)*,egc,2.887,3.453389148696875,3.6262898123574323,3.976988447399255,3.6855558028178543
*c1ccc(-c2cnc3cc(S(=O)(=O)c4ccc5nc(*)cnc5c4)ccc3n2)cc1,egc,3.1704,3.105825822894149,3.1323798209494766,3.0227118162091697,3.086972486684265
*Nc1c(OC)cc(*)cc1OC,egc,3.4275,4.1165519366099135,4.042866811279419,3.933994340748146,4.031137696212493
*Oc1ccc(CC(C#N)(C#N)Cc2ccc(*)cc2)cc1,egc,4.9531,4.878087744855111,4.815315738443132,5.01409041898372,4.902497967427322
*CCCCCCCCC(=O)NCCCCCCNC(=O)CCCO*,egc,5.9837,5.898835809088579,5.883588025700282,5.842604103117516,5.875009312635459
*CCCCCCC(=O)NCCCCCOCCCCCNC(=O)CCCO*,egc,5.944,5.776165751465561,5.806271144835213,5.824240749411843,5.802225881904206
*N=C1C=CC(*)C=C1Cl,egc,4.0784,2.6326117427373763,2.6183409711428123,2.495578245919288,2.582176986599826
*CCCCCCCNC(=S)N*,egc,4.3034,3.8862885978411597,4.095473829753982,4.287103278629946,4.089621902075029
*Oc1ccc(OC(=O)c2ccc(C(*)=O)cc2)cc1C1CCCCCCC1,egc,3.5292,3.593345709880972,3.5748903230457016,3.43900915436373,3.5357483957634677
*NC(CCCCNC(*)=O)C(=O)OC,egc,6.2157,5.6371627168562775,5.785843803833636,5.622244981052575,5.681750500580829
*CNC(=S)C(S1)=CC=C1*,egc,3.5084,2.592831390473844,2.481103950171807,2.479818296488043,2.5179178790445644
*CCCCCOC(=O)NCCSCCCCCSCCNC(=O)O*,egc,5.3077,5.194593687799286,5.188080459029326,5.117834034149147,5.16683606032592
*N=Nc1ccc(NC(=O)CCC(=O)Nc2ccc(*)cc2)cc1,egc,2.9351,3.250103580567586,2.914301896588662,3.380982069822795,3.1817958489930143
*CC1CC1COC(=O)NCCCCCCNC(=O)O*,egc,6.2321,6.443023038192734,6.398536702592437,6.373038969043567,6.404866236609579
*c1ccc2cc(*)n(C(C(=O)OCC)n3ccc4ccccc43)c2c1,egc,4.2748,3.629818785237632,3.3439842613158266,3.092729317375212,3.3555107879762236
*CNC(=O)CCCC(=O)N*,egc,6.1798,5.913251845956061,5.87985754821614,5.939768913836038,5.910959436002746
*Oc1ccc(C(=O)Nc2ccc(S(=O)(=O)c3ccc(NC(=O)c4ccc(Oc5nc(*)nc(Sc6ccccc6)n5)cc4)cc3)cc2)cc1,egc,3.8673,3.361162392110905,3.4167752931596302,3.2593593315875093,3.345765672286015
*CCCCCCCCc1nc2cc3sc(*)nc3cc2s1,egc,4.3173,4.215858065903071,4.2739935564584774,4.377763467803038,4.2892050300548625
*OC(C)CCC(C)OC(=O)CCCCC(*)=O,egc,6.4506,6.475466239885205,6.370721539991478,6.501013023484713,6.449066934453799
*CC1CCC(COC(=O)CCCCCCCCC(=O)O*)CC1,egc,6.7673,6.5646181522254805,6.568627727871625,6.435496732915784,6.5229142043376305
*CCCCCCOC(=O)CCC=CCCC(=O)O*,egc,5.9212,6.090176957261821,6.0798140321954035,6.249801878263919,6.139930955907048
*Oc1ccc2ccccc2c1N=Nc1ccc(C(*)=O)cc1,egc,2.8394,3.2037734435095735,3.0247096871917316,3.241770841485352,3.1567513240622187
*CCCN(*)C,egc,4.8968,5.146196556770828,4.975518603263192,4.890881247997981,5.004198802677334
*C#CC#Cc1ccc(*)s1,egc,1.5604,2.13259374916262,2.0522436261220727,2.7031462238546893,2.2959945330464606
*CC(*)c1ccc(Cl)c([N+](=O)[O-])c1,egc,1.4833,2.358817092699043,2.33160602185184,2.9097998756867844,2.533407663412556
*CCCCCCCCCCCCNC(=O)CC(=O)N*,egc,5.7842,5.818930751083548,5.87625917403158,5.792982126566277,5.829390683893802
*C=C(*)CNS(=O)(=O)Cc1ccccc1,egc,3.9211,2.600740211188148,3.233971192334324,3.167364555653882,3.000691986392118
*CCCCCCCCCCOC(=O)CCCCCCCCC(=O)O*,egc,6.7107,6.674707514023812,6.615883450088028,6.560638294769176,6.617076419627005
*c1cccc(Cc2cccc(-n3c(=O)c4cc5c(=O)n(*)c(=O)c5cc4c3=O)c2)c1,egc,2.645,2.6559431980734103,2.733982911105549,2.6295008841976304,2.6731423311255296
*Oc1cc(Cl)cc(Cl)c1*,egc,4.3654,4.3086291509645385,4.20089191200309,4.16425271946523,4.224591260810953
*c1ccc2c(c1)Cc1cc(-n3c(=O)c4cc5c(=O)n(*)c(=O)c5cc4c3=O)ccc1-2,egc,2.1333,2.4006114423994673,2.4627385783869804,2.272629970635295,2.378659997140581
*Oc1ccc(Oc2cccc(*)n2)c(C)c1,egc,4.4881,4.383045240219942,4.190649478757838,4.303237825976193,4.2923108483179915
*N=c1c(=Nc2ccc(*)cc2)c2cccc3cccc1c32,egc,2.1929,2.7644570849648313,2.525219539374975,2.7356658904623883,2.675114171600731
*C=CC1CC(*)C2CC=CC12,egc,5.3836,5.364391225062449,4.782638075560373,5.110103092885957,5.08571079783626
*NC(=O)C(S1)=CC=C1C(=O)*,egc,3.683,3.315487137167989,3.2897865189883393,3.276219284577226,3.2938309802445183
*CCC(F)(F)C(*)(F)F,egc,8.6882,7.339593358584773,7.375328767707477,6.973568560089852,7.229496895460701
*OC1OC(*)C2CCCCC12,egc,6.0383,6.048992484278259,6.073714944860793,6.093291093349192,6.071999507496081
*c1ccc2nc(*)oc2c1,egc,3.8571,3.876714870857274,3.6518992833316797,3.8435564901009527,3.790723548096636
*CC(C)(CCC)C(=O)O*,egc,6.7802,6.512158094150171,6.517038449083948,6.294710321734052,6.441302288322723
*Nc1cnc(*)c(O)c1,egc,3.3471,3.814326301167324,3.8828336426105143,3.6337344107047387,3.7769647848275256
*C(=O)c1ccc2c(c1)C(=O)N(c1ccc(Oc3ccc(-c4ccc(Oc5ccc(N6C(=O)c7ccc(*)cc7C6=O)cc5)cc4)cc3)cc1)C2=O,egc,2.0335,2.5739941691473187,2.5891389116683348,2.648290790160454,2.6038079569920356
*CC(*)(C)C(=O)Oc1ccc(C(=O)C=Cc2ccc(Cl)cc2)cc1,egc,2.9358,3.237949969659935,3.483664965429526,2.9372047688794756,3.2196065679896453
*c1ccc(-c2cc(CCCCCCCCCCCC)c(*)s2)s1,egc,1.5458,2.353705912146745,2.22967428464323,2.193387613755837,2.2589226035152703
*CC(*)c1ccc(F)cc1,egc,2.0489,3.4381606853685653,2.87010223479603,3.478495296114284,3.2622527387596265
*c1ccc(-c2cnc3ccc(S(=O)(=O)c4ccc5ncc(*)nc5c4)cc3n2)cc1,egc,3.2952,3.1272174283234815,3.0965627472651223,3.4315297165149876,3.218436630701197
*c1ccc(C(=O)Nc2ccc(Oc3ccc(NC(=O)c4ccc(Oc5ccc(-c6nn(*)c(=O)c7ccccc67)c6ccccc56)cc4)cc3)cc2)cc1,egc,3.2201,3.111603215965723,2.9478369916122724,3.0979522015146,3.0524641363641987
*c1ccc(N2C(=O)c3ccc(-c4cccc5c4C(=O)N(c4ccc6[nH]c(*)nc6c4)C5=O)cc3C2=O)cc1,egc,2.9114,2.5683120861728677,2.557544870367475,2.1510083650529013,2.4256217738644144
*C(*)F,egc,6.7608,6.135506168243753,5.717596184393933,5.827680261300665,5.893594204646117
*CC(CO)(CO)CO*,egc,5.7959,5.894668154043804,5.821123914575257,6.242424419965613,5.986072162861558
*C(C)C(*)C(=O)OC,egc,6.2685,6.443821660267322,5.906776628724632,6.441750620352625,6.26411630311486
*C(F)(F)NC(F)(F)O*,egc,8.2061,6.968991658978699,6.936014011162669,7.0173015810154205,6.974102417052262
*c1ccc(*)c(N(C)C)c1,egc,4.5555,3.773179791335585,3.5856700214985846,3.3753590900130415,3.5780696342824037
*C=C(*)CO,egc,4.3592,4.760143051986283,4.3097376876643665,4.733907586694003,4.601262775448217
*c1cc(CCCCCCCCCC2COC(c3ccccc3)O2)c(*)s1,egc,3.048,2.747925361018764,2.6627413214929376,2.591033728478812,2.6672334703301708
*c1ccc(C(C#N)(C#N)C(*)(C#N)C#N)cc1,egc,4.6823,4.604975245303351,4.865032927873472,5.217076861912965,4.895695011696596
*CC(CS(=O)(=O)CCC)O*,egc,6.0251,5.639865499556394,5.3259197669792995,5.437407586577818,5.4677309510378365
*CCCOC(=O)NCCCCCCNC(=O)O*,egc,6.2372,6.099681698609397,6.193595103795266,6.142725980508499,6.145334260971054
*c1cc(CCCCCCCCCCCC)c(*)s1,egc,2.7478,2.610437605753322,2.43825069224334,2.380293220043963,2.4763271726802087
*NC(=O)C(C=C1)=CC=C1O*,egc,4.6617,4.6129692097211805,4.729361974593519,4.56011257214723,4.634147918820642
*C=Cc1ccc(*)c2ccc(CCCCCCCCCCC)cc12,egc,2.3432,2.7806906232605373,2.9389167033855372,2.4821539332807694,2.7339204199756146
*CCOC(=O)NCCCCCCNC(=O)O*,egc,6.1814,6.2389122067676706,6.299166332150936,6.2283845974595335,6.255487712126047
*c1ccc(-c2ccc(-c3ccc(*)n3C)n2C)cn1,egc,2.931,2.4890260748453326,2.9021763358853874,2.9500564976438293,2.7804196361248494
*c1ccc(Oc2ccc(N3C(=O)N(*)C3=O)cc2)cc1,egc,4.3691,3.968335545340081,3.829880654597385,3.7380402046880565,3.845418801541841
*C(C=C1)=CC=C1C(S2)=CC=C2C(C=C3)=CC=C3C(S4)=CC=C4*,egc,2.8274,2.8367935708198253,2.7490662995975335,2.81647428065649,2.8007780503579496
*c1ccc(Oc2ccc(-n3c(=O)c4c(Oc5ccc(OCCCC)cc5)c5c(=O)n(*)c(=O)c5c(Oc5ccc(OCCCC)cc5)c4c3=O)cc2)cc1,egc,1.9028,2.07645984958887,2.109677757363663,2.0217804358776372,2.0693060142767234
*NC(c1ccccc1)C(C)(C)C(*)=O,egc,5.5513,4.862149241753126,5.126515522889036,4.985777976100322,4.991480913580827
*OC(CCc1ccccc1)CC(*)=O,egc,5.4818,5.477213686639399,5.605224391220034,5.4528288788868915,5.511755652248774
*CNON*,egc,5.3302,5.653343893045272,5.659353577656551,5.832854222213572,5.7151838976384655
*CC(C)(COC(=O)NCCCCCCNC(=O)O*)C(=O)O,egc,6.2179,6.4009954144469585,6.300113570818002,6.426941989182542,6.376016991482501
*OP(=O)(Oc1ccccc1)Oc1ccc(*)cc1,egc,5.1351,4.878583274926865,4.936730201749107,4.886823731364428,4.900712402680133
*CCCCCCNC(=O)C(O)C(O)C(=O)N*,egc,5.8031,5.366755648927706,5.788286861371407,5.69545366417976,5.616832058159624
*c1ccc(N2C(=O)c3ccc(-c4ccc5c(c4)C(=O)N(*)C5=O)cc3C2=O)nc1,egc,3.2895,3.1547413160310773,3.0364210788032087,3.082800368627383,3.09132092115389
*OP(=O)(Oc1ccc(*)cc1)OC1CCCCC1,egc,5.2577,5.093555149739211,5.0761903140017095,5.065236734541575,5.078327399427498
*NC(CCC(=O)OCCCC)C(*)=O,egc,5.5734,6.05981724375461,5.986045301614959,5.844504825770739,5.963455790380102
*Oc1cccc2c(OC3(F)C(*)(F)C(F)(F)C3(F)F)cccc12,egc,3.9081,4.018825031196495,4.28697445914489,4.017847018522321,4.107882169621235
*NC(CC(C)C)C(*)=O,egc,6.106,5.859727025375792,5.821052978446003,5.963380604828486,5.881386869550094
*CCCC(=O)O*,egc,6.7691,6.416029138763565,6.64000182628526,6.526619481246465,6.527550148765097
*C=C*,egc,1.3994,2.5249288261356706,2.8021474248991454,2.311585788704786,2.546220679913201
*OC(=O)OCCOCCOC(=O)OC1COC2C(*)COC12,egc,6.7329,6.760392402355002,6.543411332471242,6.311168250684012,6.538323995170085
*Cc1c(O)c(C(C)=O)cc(CNC(=S)N*)c1OC,egc,3.7679,3.6227188827252053,3.724841115447195,3.5208755971577785,3.62281186511006
*OC(C)CCOC(=O)CCCCCC(*)=O,egc,6.5798,6.663022314300075,6.613573108018693,6.666909169106171,6.647834863808313
*CCCCOC(=O)SNCCCCCCNSC(=O)O*,egc,5.4377,4.923301148969394,5.142515596395247,4.966443988570903,5.010753577978515
*c1ccc(*)c(C)n1,egc,5.1183,5.01124912580061,4.674435009791944,4.797919344854059,4.827867826815538
*C(=O)c1ccc2c(c1)C(=O)N(c1ccc(N(c3ccc(C#N)cc3)c3ccc(N4C(=O)c5ccc(*)cc5C4=O)cc3)cc1)C2=O,egc,1.8778,2.211714744433652,2.2292135948569234,2.1996160075603823,2.2135147822836525
*CC(C)(CCC)C(=O)N*,egc,5.8261,5.93277310638894,6.020176343060151,5.891137538970843,5.948028996139978
*Nc1ccc(NC(=O)c2ccc(NC(=O)c3ccc([Si](C)(C)c4ccc(C(=O)Nc5ccc(C(*)=O)cc5)cc4)cc3)cc2)cc1,egc,3.1752,3.163020413336497,3.108779415587573,3.2048781643264896,3.1588926644168533
*OC(F)(F)C(F)(F)C(*)(F)F,egc,9.4523,8.762826195799923,8.658403837174689,8.608920343202817,8.676716792059144
*CCC(=O)C(S1)=CC=C1*,egc,3.959,3.408730726716286,3.2637902334839977,3.372051141499119,3.3481907005664677
*c1ccc2c(c1)C(=O)N(c1ccc(C(C)(C)C(*)(C(F)(F)F)C(F)(F)F)cc1)C2=O,egc,3.3094,3.6394426440956655,3.4741271904470863,3.481095268030608,3.5315550341911197
*CCCCCNC(=O)C(OC)C(OC)C(=O)N*,egc,5.6994,5.842305235957524,5.595666040337955,5.674567980330038,5.704179752208506
*CCCC1CCN(SC(=O)OCCCCCCOC(=O)SN2CCC(*)CC2)CC1,egc,4.484,5.495545446679511,5.072353879037575,5.4072777668233964,5.325059030846828
*C(=O)NNC(=O)C(=O)NNC(=O)c1cncc(*)n1,egc,4.3374,3.9691090712085666,3.613122719121709,3.926954684378613,3.8363954915696294
*C(=O)Oc1ccc(OC(=O)c2ccc3c(c2)C(=O)N(c2ccc(Sc4ccc(N5C(=O)c6ccc(*)cc6C5=O)cc4)cc2)C3=O)cc1,egc,2.9567,2.622929947620763,2.7758442439223057,2.3577655631646204,2.5855132515692296
*C(=O)c1ccc2c(c1)C(=O)N(c1ccc(Oc3cc4ccccc4cc3Oc3ccc(N4C(=O)c5ccc(*)cc5C4=O)cc3)cc1)C2=O,egc,2.3398,2.364514221417401,2.3738556687880497,2.243721528060557,2.327363806088669
*SC1CCCC(*)C1,egc,4.9242,5.152161312653837,5.262810068941557,4.775767545205375,5.063579642266923
*CCCCCCCCCCCCCCCCOC(=O)CCCCC(=O)O*,egc,6.7152,6.528646930647553,6.611689998617188,6.73567571173448,6.625337546999741
*Nc1cc(NC(=O)c2ccc(C(*)=O)cc2)c(N)cc1N,egc,2.9313,3.4012976553887175,3.3907826927913023,3.2893185800884566,3.3604663094228258
*c9ccc(C8(c5ccc(n4c(=O)c3ccc(C(=O)c2ccc1c(=O)n(*)c(=O)c1c2)cc3c4=O)cc5)c6ccccc6c7ccccc78)cc9,egc,2.4589,2.579529103857194,2.671020743733098,2.5037064239463005,2.5847520905121977
*CCCCCCCCCCCCCCCCCCNC(=O)CCCCCCCCCCC(=O)N*,egc,5.6172,5.960350494038699,5.952056936773998,5.908114276429982,5.940173902414226
*Oc1ccc(C(C)=Cc2ccc(OC(=O)OCCCCCCOC(*)=O)cc2)cc1,egc,4.2293,4.132634288877664,3.8966284194008525,4.207673976832655,4.078978895037057
*CCC(=O)OC(=O)CCc1ccc(*)s1,egc,4.6241,4.3642842147489205,4.140034059243124,4.310147536707517,4.271488603566521
*C(=O)C(S1)=CC=C1NC(=S)OC(S2)=CC=C2NC(S3)=CC=C3*,egc,2.5473,2.3197985730244324,2.5427791772229753,2.6948365678412354,2.5191381060295477
*c1sc(*)c(OCCOCCCC)c1C,egc,1.6261,2.4128730404099032,2.287373512609434,2.1750431726176496,2.2917632418789955
*CCCCCCOC(=O)C1C(=O)C2CCC1C(=O)C2C(=O)O*,egc,5.2747,5.649699039676382,5.831071138282861,5.796090570900369,5.758953582953204
*c1ccc(-c2nc3cc4nc(*)oc4cc3o2)cc1,egc,2.6504,2.9802976325048864,3.016498279272748,3.073320615829665,3.0233721758690995
*Oc1ccc(C(C)(C)c2ccc(OC(*)=O)c(Cl)c2)cc1Cl,egc,4.9898,4.649765215753226,4.697578380646809,4.713739081762168,4.687027559387402
*CCOC(=O)c1ccc(C(=O)O*)c2c1CC2,egc,4.3335,4.6402340759968315,4.589920585926587,4.8101301764604205,4.680094946127946
*c1ccc(Sc2ccc(-c3nc4ccc(-c5ccc6nc(*)c(-c7ccccc7)nc6c5)cc4nc3-c3ccccc3)cc2)cc1,egc,3.3214,2.9758542851245604,3.0556175959132577,2.8662676743586317,2.96591318513215
*NC(C=C1)=CC=C1C(S2)=CC=C2C(=S)*,egc,2.4476,2.411042746871052,2.403137490886031,2.3170612893043274,2.37708050902047
*Oc1cccc(OC(=O)Oc2ccc(OC(*)=O)cc2)c1,egc,5.4757,4.75025136998605,4.939887084089376,4.830487491661075,4.840208648578834
*CCCCCCn1c(=O)c2cc3c(=O)n(*)c(=O)c3cc2c1=O,egc,3.8389,3.5255968700137026,3.606352089631748,4.038355604203942,3.723434854616464
*CCOCCOCCOCCOC(=O)NCCCCCCNC(=O)O*,egc,6.0228,5.859604543735628,6.0674296044651435,5.96128969249925,5.9627746135666735
*CCCCCCCCCNC(=O)NCCCCCCCNC(=O)N*,egc,5.422,5.794942541586565,5.7854292930805515,5.7553402097130375,5.77857068146005
*CCC([2H])C(*)([2H])C,egc,6.8414,6.825798889762267,6.516201788975957,6.1850447992815285,6.509015159339917
*CC(*)C(F)(F)F,egc,8.2263,6.992257708774316,6.600476249387617,6.76275088983207,6.785161615998001
*CCCCCCCOC(=O)CCCCCCCCC(=O)O*,egc,6.8159,6.749671989365647,6.63686138251709,6.71342030422277,6.699984558701836
*c1cc2c(s1)-c1sc(-c3cc4c(s3)-c3sc(*)cc3C4(CC(CC)CCCC)CC(CC)CCCC)cc1C2=O,egc,1.5473,1.8123892100079644,2.022362798047073,1.793752040086921,1.8761680160473195
*Nc1ccc(NC(=O)C=CC(*)=O)cc1,egc,2.7273,3.5497127785803118,3.514870968141292,3.396951205855563,3.4871783175257227
*c1ccc(Sc2ccc(-n3c(=O)c4cc5c(=O)n(*)c(=O)c5cc4c3=O)cc2)cc1,egc,2.5188,2.5713620429170905,2.4014507001205616,2.4751190374242045,2.482643926820619
*Oc1ccc(C(C)(C)c2ccc(OC(*)=O)c(Cl)c2)cc1,egc,5.0408,4.908572782887016,4.716179412483722,4.759503702575415,4.7947519659820514
*CCCCCCCC(=O)N(*)C,egc,5.5443,5.767814823743361,5.818334479394689,5.6328252392329015,5.739658180790317
*c1ccc(-c2ccc3nc(*)cc(-c4ccccc4)c3c2)cc1,egc,2.9209,3.18581216944405,3.442759849228749,2.885136116610608,3.171236045094469
*OC(C)C#CC#CC(C)OC(=O)c1ccc(C(*)=O)cc1,egc,4.3105,4.4445652408427145,4.397537045189338,4.8825849556266485,4.574895747219567
*c1ccc(C#Cc2cc(OCCCCCCCC)c(C#Cc3ccc(-c4nnc(*)o4)cc3)cc2OCCCCCCCC)cc1,egc,2.6231,2.3874729839489723,3.1417194885405513,3.0306656762458637,2.8532860495784624
*OC(C)CCCC(C)C(*)=O,egc,6.6886,6.311105409510923,6.290273221678896,6.498583941411843,6.36665419086722
*Nc1cccc(NC(=O)c2cc(NC(=O)c3ccncc3)cc(C(*)=O)c2)c1,egc,3.2998,3.440960629734026,3.479373100611184,3.528619856688885,3.4829845290113646
*N=P(*)(OCCC(=O)C=C)OCCC(=O)C=C,egc,3.9384,4.874353227857651,5.113540376651242,5.039072924020622,5.008988842843173
*Oc1ccc(C(C)(CC)c2ccc(OC(*)=O)cc2)cc1,egc,5.0105,5.027563926626189,5.023972535943587,4.955031659677077,5.002189374082284
*CC#CCOC(=O)CCCCCCCCC(=O)O*,egc,6.1042,6.445722915569735,6.535739209186833,6.680518293013677,6.553993472590082
*CC(*)(C)C(=O)OCc1cccs1,egc,4.9884,4.282113062535606,4.186315777521722,4.563266015147376,4.343898285068235
*NC(CSC(=O)OCc1ccccc1)C(*)=O,egc,5.0387,4.661721839971531,4.7794094439549095,4.930397717071964,4.790509666999468
*CC(*)(C)C(=O)Oc1ccccc1,egc,5.2323,5.151037984969538,5.151496529531356,5.337552961211398,5.213362491904097
*C(Br)=C(c1ccccc1)c1ccc(*)cc1,egc,3.469,2.866408773847492,2.937126665767193,2.7570613647522353,2.8535322681223065
*Oc1ccc(C(C)=Nc2ccc(N=C(C)c3ccc(*)cc3)cc2)cc1,egc,2.9143,3.238009268980731,3.220226825711286,3.047777399400922,3.168671164697647
*CCCCOC(=O)NNC(=O)CCCCCCCCC(=O)NNC(=O)O*,egc,6.1019,5.78488202422887,5.800972050859124,5.822926971873087,5.802927015653694
*CCN(*)C(=O)c1c(F)cc(F)cc1F,egc,4.6328,4.736803481111236,4.701665665420693,4.795066474048067,4.744511873526665
*CCN(CCOC(=O)Nc1ccc(Cc2ccc(NC(=O)O*)cc2)cc1)c1ccccc1,egc,4.1239,4.091358041754085,3.908669761941101,4.1491786248510145,4.049735476182067
*C(C=C1)=CC=C1C(=S)C(C=C2)=CC=C2C(=S)*,egc,2.6743,2.446220694026161,2.329252620258567,2.3913685623095473,2.388947292198092
*CCCCOC(=O)NCCCCCCNC(=O)O*,egc,6.3532,6.269326657574544,6.271475229549514,6.22218862398005,6.254330170368036
*CCCCCCCCCCNC(=O)CCCCCCC(=O)N*,egc,5.9989,5.8401531035193495,5.826178548521273,5.836859654774404,5.834397102271676
*C(=O)C(C=C1)=CC=C1C(=S)C(S2)=CC=C2*,egc,2.3711,2.4932830853951784,2.4078263682520697,2.6314817605017313,2.5108637380496597
*CCCC(=O)NCCCCCCNC(=O)CCCO*,egc,5.652,5.8253141852526245,5.965873868418136,5.833118871440372,5.8747689750370435
*NNC(=O)C(=O)NNC(=O)CCCCCCCC(*)=O,egc,4.4307,5.055132854133226,5.015958883576376,4.773348001719036,4.948146579809546
*NC(S1)=CC=C1C(=S)C(S2)=CC=C2*,egc,1.6616,2.441198148225113,2.4305866616353655,2.638568631394396,2.503451147084958
*c1ccc(-c2sc(-c3cc(SCCCCCCCC)c(*)s3)cc2SCCCCCCCC)cc1,egc,2.4336,2.3122175761227726,2.2885288930426015,2.4992977771408027,2.366681415435392
*C=CC(C)(C)C(*)(C)C,egc,5.1816,4.8649176771010065,5.152889885877214,4.897840786926777,4.971882783301665
*c1ccc(*)n1C(C(=O)NO)n1ccc2ccccc21,egc,2.4131,3.256116016848461,2.9140341954074445,3.131120626822469,3.1004236130261247
*Oc8ccc(C7(c5ccc(OC(=O)c4ccc(C3(c1ccc(C(*)=O)cc1)OC(=O)c2ccccc23)cc4)cc5)OC(=O)c6ccccc67)cc8,egc,4.0362,3.4922583331353456,3.8149161295108387,3.8370675437427484,3.7147473354629774
*CC(*)C(=O)OCCCOc1ccc(-c2ccc(C#N)cc2)cc1,egc,3.6528,4.075409297447417,4.058543003959392,3.697342271776619,3.943764857727809
*CCCCCNC(=O)CCCCCCCCCCCCC(=O)N*,egc,5.8927,5.953255933515989,5.901354546773949,5.922378658110411,5.92566304613345
*CCOCCOC(=O)CC(=O)O*,egc,6.2374,6.403821532391454,6.271939591079617,6.214844473982512,6.2968685324845275
*Oc1ccc(C2(c3ccc(OC(*)=O)cc3)CC(C)CC(C)(C)C2)cc1,egc,4.7559,4.8101153694960646,4.864066119395158,4.808836354210249,4.827672614367157
*C=Cc1ccc(-c2ccc(C=Cc3cc(*)ncn3)cc2)cc1,egc,2.7379,2.643961837983433,2.609574927580624,2.4618985603311656,2.5718117752984075
*c1ccc(*)n1CCC(=O)OCC,egc,2.8986,2.865606542343898,2.787344587594179,2.897507188066197,2.8501527726680913
*C=Cc1cc(CCCCCC)c(*)s1,egc,3.5808,1.9751031592296315,1.7929784309940506,2.0525496496862163,1.9402104133032996
*c1cccc(-c2ccc(-c3ccc(*)s3)s2)c1,egc,2.9634,2.7858273256948505,2.6649447265516533,2.9614973723766846,2.8040898082077295
*CCCCCCCNC(=O)C(OC)C(OC)C(=O)N*,egc,5.7148,5.703132266683764,5.624453214876548,5.672375195200292,5.666653558920202
*c1nc2cc(S(=O)(=O)c3ccc4oc(C5CCC(*)CC5)nc4c3)ccc2o1,egc,4.8558,3.668605025836773,3.664308319422648,3.9212558368217536,3.7513897273603916
*OC(COC(F)(C(F)(F)F)C(F)(F)F)C(*)COC(F)(C(F)(F)F)C(F)(F)F,egc,6.5255,7.713382132609261,7.112790951872535,7.527635384895109,7.451269489792302
*Oc1ccc(C(C)(C)c2ccc(OC(=O)OCC3CCC(COC(*)=O)CC3)cc2)cc1,egc,5.2076,4.941762256200187,4.991487580942787,5.287300869088446,5.07351690207714
*Nc1ccc(-c2ccc(Nc3ccc4c(c3)c3cc(*)ccc3n4CC(CC)CCCC)cc2)cc1,egc,3.3558,2.6026691318175854,2.871589610869836,2.991710625688601,2.8219897894586743
*c1cccc(-c2cc(*)cc3c2NC(C)(C)OC3(C)C)c1,egc,3.618,3.9182813040131506,3.945414756435477,3.8152158472974094,3.8929706359153458
*c1ccc(*)nn1,egc,3.3251,3.7573247427937218,3.943103243482643,3.79046218596981,3.8302967240820585
*c1ccc(N2C(=O)c3ccc(P(=O)(c4ccccc4)c4ccc5c(c4)C(=O)N(*)C5=O)cc3C2=O)cc1,egc,3.066,2.8331647996334306,3.1101020235743673,2.924849537593799,2.9560387869338656
*CC(O)COc1ccc(C(C)(C)c2ccc(OCC(O)COc3ccc(S(=O)(=O)c4ccc(O*)cc4)cc3)cc2)cc1,egc,4.067,4.0847047472709646,4.326192071407626,4.570038168174466,4.326978328951019
*CC(C=C1)=CC=C1C(C=C2)=CC=C2C(C=C3)=CC=C3*,egc,3.7798,3.9741455483887473,4.00512240669986,4.10735095044173,4.028872968510112
*C1=CC2=NC(*)=CC2=N1,egc,1.3051,3.1131281807713047,3.206215905317067,3.0833269683566833,3.134223684815018
*c1cc(C(=O)OCCCCCC)c(*)s1,egc,2.8903,2.5934234122004693,2.5061662257815827,2.4002485821099344,2.4999460733639953
*C#CC#CCCCCCCCC*,egc,5.4216,5.840719262303812,4.786575444416642,5.7251209749329,5.450805227217785
*CCCCCCCCCCNC(=O)CCC(=O)N*,egc,5.9532,5.66310976255954,5.917171242278477,5.884017334908601,5.82143277991554
*CCC(S1)=CC=C1C(S2)=CC=C2*,egc,3.23,2.5884792503457548,3.0312593109261425,3.089007883004465,2.9029154814254543
*CCCCNC(=O)CCCCCCCC(=O)NCCCCNC(=O)C(=O)N*,egc,5.3591,5.106544819355165,5.067184756235203,5.063254648293857,5.078994741294742
*CCCCOC(=O)CCCCS(=O)(=O)CCCCC(=O)O*,egc,6.544,6.617350639178233,6.582197351421485,6.454403341945333,6.551317110848351
*CCCCOC(=O)c1ccc(NC=Nc2ccc(C(=O)O*)cc2)cc1,egc,3.6652,3.461843906693661,3.975106991217406,3.986969173772006,3.8079733572276915
*CCCCCCCCCCCCO*,egc,6.2452,6.18133250154381,6.158975267025107,6.218052897215046,6.186120221927987
*c1sc(*)c(OCCCCCC)c1C,egc,3.4475,2.3127449183441215,2.3169686471127817,2.2187523475614896,2.282821971006131
*Oc1ccc(OC(=O)c2ccc(OCCCCCCCCCCOc3ccc(C(*)=O)cc3)cc2)cc1S(=O)(=O)c1ccccc1,egc,4.4922,3.66735822521823,3.6968484656317044,3.8454079005422135,3.736538197130716
*C(F)(F)C(F)(F)C(C=C1)=CC=C1C(C=C2)=CC=C2*,egc,4.4103,4.058867816868261,3.831877566260979,4.247812062600212,4.046185815243151
*c1ccc(C(c2ccc(-n3c(=O)c4cc5c(=O)n(*)c(=O)c5cc4c3=O)cc2)(C(F)(F)F)C(F)(F)F)cc1,egc,2.7195,2.6168608063076593,2.703826197639137,2.547276505923532,2.6226545032901094
*CC(F)(F)C(F)(F)C(F)(F)COC(=O)c1cccc(-c2cccc(C(=O)O*)c2)c1,egc,4.3076,3.8943923907764466,4.564362150246539,4.235797683501467,4.231517408174818
*C(=O)Nc1ccc(NC(=O)c2ccc(NC(=O)c3ccc(-c4nc5cc(*)ccc5[nH]4)cc3)cc2)cc1,egc,2.7114,3.0186144838156626,2.9899445733176813,2.977081151690282,2.9952134029412085
*C=CC(C)=C(C)C=Cc1ccc(-c2ccc(*)s2)s1,egc,1.5733,2.279383762604959,2.375189838375462,2.3216028687043027,2.3253921565615747
*Sc1ccc(*)cc1,egc,3.6211,3.6138829082395696,3.650235500472775,3.067708895270525,3.4439424346609564
*C1C=CC(*)C1,egc,5.7164,5.224585987992772,5.126812133666819,4.689126259478556,5.013508127046049
*c1ccc(C(=O)Nc2cccc(-n3c(=O)c4cc5c(=O)n(*)c(=O)c5cc4c3=O)c2)cc1,egc,2.445,2.9923561138314665,2.784948405041013,2.75892305962314,2.845409192831873
*NC(C=C1)=CC=C1C(C=C2)=CC=C2O*,egc,4.0962,3.598267369878124,3.7322167138005873,3.632635046194929,3.6543730432912134
*CCOCCOC(=O)NC(=CC=C1(C))C=C1NC(=O)O*,egc,5.0931,5.033184891034847,4.9964530686967565,5.06611710406807,5.031918354599891
*C=CC(C)CCCCCCCCC*,egc,5.8829,5.73300865416527,5.6366636432968695,5.814715863261014,5.7281293869077174
*Cc1ccc(CNC(=O)CCCCCCCCCCCCCCCC(=O)N*)cc1,egc,5.288,5.45850957666095,5.418050087065015,5.538062474148546,5.4715407126248365
*Oc1ccc(Oc2ccc(C(=O)c3ccc(*)cc3)cc2)cc1C=O,egc,3.6677,3.42898082487813,3.604995818767838,3.4447169118260943,3.492897851824021
*CNC(=S)O*,egc,4.6235,3.94207956925656,4.185344417116286,3.959470410658949,4.028964799010598
*Nc1ccc(C(C)(C)c2ccc(NC(=O)c3cc(C(*)=O)cc(S(=O)(=O)c4ccccc4)c3)cc2)cc1,egc,3.3259,3.1826254036786983,2.907338929178266,3.3079521188896557,3.1326388172488735
*NCc1cc(C(=O)O)cc(CNc2nc(-c3csc(*)n3)cs2)c1N,egc,3.7145,2.7222706991417867,3.094214714518701,2.44816550007927,2.7548836379132524
*CC(C)CCCCC(=O)N*,egc,6.0272,6.0251525489749245,5.981114056014649,6.152174555448847,6.0528137201461405
*CC(*)OC(=O)OCC(F)(F)F,egc,7.5359,6.830708500976052,6.689237808207701,6.878056573140466,6.799334294108074
*CC1CCC(CNC(=O)CCCCCC(=O)N*)CC1,egc,5.787,5.867875471809994,5.89965924385127,5.746652642783357,5.8380624528148735
*OC1(O)CCCC(*)C1,egc,6.0531,6.233995500792449,5.950009733456876,6.213219921289576,6.132408385179634
*C(S1)=CC=C1C(S2)=CC=C2OC(=S)*,egc,2.4847,2.296573787391399,2.446234715837185,2.6731743044460625,2.4719942692248824
*CCCCNC(=O)CCC=CCCC(=O)N*,egc,5.5356,5.5095916291984555,5.550350186717821,5.420526636432082,5.493489484116119
*C=C1CCCC(=Cc2ccc(*)cc2)C1=O,egc,3.6567,2.58836745760906,2.6747141229002644,2.429888355229736,2.5643233119130198
*CC(S1)=CC=C1CC(=S)*,egc,3.2956,3.459282006277285,3.131487728008645,3.302924178422137,3.2978979709026888
*C(F)(F)C1(F)C(F)(F)C(*)(F)C1(F)F,egc,7.1313,7.747335166394049,7.317229733547478,7.675012326808284,7.579859075583269
*Oc1cccc2c(OC(=O)Oc3ccc(OC(*)=O)cc3Cl)cccc12,egc,4.0203,4.069085786884417,4.4455498337699915,4.028430329129269,4.181021983261226
*c1ccc(C(=O)c2cccc(-n3c(=O)c4cc5c(=O)n(*)c(=O)c5cc4c3=O)c2)cc1,egc,3.1782,2.847271047476868,2.625236893231993,2.708629286283194,2.727045742330685
*OC(c1ccccc1)C(C)(C)C(*)=O,egc,5.5004,5.73453504636675,6.0723320274518535,5.644552455617101,5.817139843145235
*CCOC(=O)Nc1cc(NC(=O)O*)ccc1C,egc,5.1142,5.0133815481250545,4.895645706317311,5.0476938418259305,4.985573698756099
*CCCCCOC(=O)CCCCS(=O)(=O)CCCCC(=O)O*,egc,6.9262,6.576140210572217,6.540656653958471,6.455997906893172,6.524264923807952
*CCCCCCC(=O)NCCCCCCNC(=O)CCCCCCO*,egc,5.7692,5.909863952592015,5.944209918269481,6.042046094710373,5.965373321857289
*CC(*)c1ccncc1,egc,2.5368,2.9529966434177286,2.7257928565174043,2.9216711197614593,2.866820206565531
*CCCCCOC(=O)CCCCCNC(=O)O*,egc,6.3976,6.292921911256051,6.3728719794484645,6.356450075075457,6.340747988593324
*CC(S1)=CC=C1NC(S2)=CC=C2*,egc,4.1254,4.1714808187953425,4.144587984623386,3.5838346123227818,3.966634471913837
*Nc1c(F)c(F)c(-c2ccc3cc(-c4ccc5c(c4)C(=O)N(c4cccc(*)c4)C5=O)ccc3c2)c(F)c1F,egc,2.918,2.8934905454133557,2.915577795654193,3.0551310929151008,2.9547331446608833
*CCCCCC(=O)NCc1ccc(CNC(=O)CCCCO*)cc1,egc,5.142,5.338218202262946,5.2469690925414625,5.320712893072003,5.301966729292137
*c1ccc(C(=O)Nc2ccc(NC(=O)c3ccc(-n4c(=O)c5sc6c(=O)n(*)c(=O)c6sc5c4=O)cc3)cc2)cc1,egc,1.4889,2.0855451990614107,2.26404493185224,2.460885119649483,2.2701584168543776
*C=CC(=O)C(C)=Cc1ccc(Sc2ccc(*)o2)o1,egc,2.9229,2.513785489891897,2.2011771506366493,2.2572365758614295,2.3240664054633253
*c1ccc(-c2ccc(-c3ccc(-c4ccc(*)n4CCCCCCCCCCCC)s3)s2)s1,egc,2.1465,1.970406873727352,2.0892498609276573,2.2030992595929746,2.0875853314159944
*C(=O)Nc1ccc(Oc2ccc(N3C(=O)c4ccc(*)cc4C3=O)cc2)cc1,egc,2.7025,2.9769973783041093,3.0273490059065207,3.0732696853910313,3.0258720232005536
*Oc1ccc(OC(=O)c2ccc(OC(=O)CCCCCCCCC(*)=O)cc2)cc1,egc,4.2519,4.340248855023946,4.4721923946810485,4.551580711835995,4.454673987180329
*C=CC1CC(*)C(C#N)C1,egc,5.8346,6.0884984615895545,5.470962202810959,6.200541764533067,5.920000809644527
*C=Cc1ccc(*)n1CCCCCCCCCCCC,egc,1.2671,2.7259605246607723,3.236902205908064,2.3857397993421574,2.7828675099703317
*CC(CF)O*,egc,6.1097,6.673985511060426,6.324675201103585,6.454311512995597,6.484324075053202
*CC(CO*)(COC=O)COC=O,egc,6.4753,6.145614605455937,6.047164596816519,6.029344829527423,6.074041343933293
*c1ccc(-c2csc(-c3nc(*)cs3)n2)cc1,egc,3.3372,3.576890289395855,3.4008858423995543,3.486409333001911,3.4880618215991066
*Oc1ccc(SSCCCCSSc2ccc(*)cc2)cc1,egc,4.3465,4.124740061044626,3.8705757429573473,3.8581015970578645,3.951139133686613
*OC(=O)c1cccc(C(*)=O)c1,egc,4.6197,4.618458537806683,4.672882760150564,4.3197986079674235,4.537046635308223
*OC(*)C,egc,6.9003,6.063971830693127,6.22161504294729,5.954844491447904,6.080143788362773
*CCCCCCCCCNC(=O)CCCCC(=O)N*,egc,5.6864,5.6749224139237,5.892136491186503,5.820978033911027,5.796012313007076
*CCCCCCCCCCCCCCCCOC(=O)CCCCCCCCC(=O)O*,egc,6.641,6.633061307884922,6.541421440581835,6.529646244890502,6.568042997785753
*c1cc(CC(=O)OCCCCCCOc2ccc(N=Nc3ccc(C#N)cc3)cc2)c(*)s1,egc,2.6018,2.5278439761042972,2.478314936976235,2.3821636936312194,2.4627742022372505
*CC(*)(C)C(=O)OC(CC)OCC,egc,6.3891,6.3579903360572985,6.118755016916697,6.470120216300565,6.315621856424854
*c1ccc(-c2ccc(N(c3ccccc3)c3ccc4ccc(N(*)c5ccccc5)cc4c3)cc2)cc1,egc,3.0933,3.0316516303946277,2.967213733274971,2.990683880488542,2.9965164147193804
*NC(=S)NC(=S)*,egc,2.8537,2.9667545469290575,2.9348105229846375,3.1277995349299674,3.0097882016145543
*c1ccc(N(c2ccc(C#N)cc2)c2ccc(-n3c(=O)c4cc5c(=O)n(*)c(=O)c5cc4c3=O)cc2)cc1,egc,1.6108,2.0246972655462776,2.056596869514405,2.121343867210372,2.067546000757018
*C(=O)Nc1cccc(NC(=O)c2ccc3c(c2)C(=O)N(c2cccc(N4C(=O)c5ccc(*)cc5C4=O)c2)C3=O)n1,egc,3.2959,3.068245890122633,3.079589939206174,2.9621361112646394,3.036657313531149
*Oc1ccc(C(=C(Cl)Cl)c2ccc(OC(*)=O)cc2)cc1,egc,4.2371,3.996388601284598,3.9275461155025155,3.7862155646790083,3.903383427155374
*Oc1ccc(Oc2ccc(C(=O)c3ccc(*)cc3)cc2)cc1C(Br)Br,egc,3.947,3.29794838537625,3.577251577522174,3.7036339262608355,3.5262779630530865
*NC(CC(=O)OCc1ccc(Cl)cc1)C(*)=O,egc,5.1636,4.871329387292036,4.683023124394539,5.333925302481901,4.9627592713894915
*C(F)(F)C(F)(F)C(=S)O*,egc,3.598,3.434479945969053,3.9937013133867403,3.72131208366634,3.716497781007378
*C1C2CCC(C2)C1*,egc,6.1739,6.223603281800956,6.341323283495005,6.1827130477911965,6.249213204362387
*CC(*)c1cc(Br)ccc1OC(C)C,egc,4.6199,4.262643037954973,4.295950541160804,4.085181278814642,4.214591619310139
*CCCOC(=O)CCCCCCCCCC(=O)O*,egc,6.7744,6.656902001740293,6.655801058105255,6.6160507496636685,6.642917936503072
*C(=O)Nc1ccc(NC(=O)c2ccc(N3C(=O)c4ccc(*)cc4C3=O)cc2)cc1,egc,2.9178,2.816476671285061,2.8148033815356173,2.7466366914493343,2.7926389147566706
*CC(*)n1c2ccc(I)cc2c2cc(I)ccc21,egc,2.9408,3.0933185063456157,3.4165784619008224,2.618298291110061,3.042731753118833
*c1ccc(*)n1C,egc,2.6193,2.313250929752913,2.442111107576516,2.065663575032458,2.2736752041206287
*OC1(F)CC(C(*)C)C1C(F)(F)C1(F)CC1,egc,7.2672,6.618539740576511,6.630314637193943,6.624388832400438,6.624414403390297
*NC(S1)=CC=C1C(=O)C(=S)*,egc,2.1167,2.6126824586447523,2.509733251262091,2.4697161454650787,2.530710618457307
*c1cc2c(s1)-c1sc(-c3sc(-c4sc(*)c5c4OCCO5)c4c3OCCO4)cc1C2=C(C#N)C#N,egc,0.9952,1.346574630591994,1.4442209842128875,1.3225220441058179,1.3711058863035663
*c1ccc(-c2sc(-c3cc(CCCC)c(*)s3)cc2CCCC)cc1,egc,2.5595,2.360108997704261,2.2316373199291344,2.1964899014413617,2.2627454063582526
*CCOC(=O)C(=O)O*,egc,6.5784,5.335646516572548,5.3106438700417575,5.145745830550869,5.264012072388391
*CC(=O)OC(=O)COc1cccc(O*)c1,egc,4.3174,4.9170756756263705,4.684535711286699,4.90762397858028,4.8364117884977835
*CC(F)(F)C(F)(F)C(F)(F)COC(=O)CC(CC(=O)O*)C(F)(F)C(F)(F)C(F)(F)F,egc,6.6602,7.02994492357478,6.760247898557069,6.706073849343658,6.8320888904918355
*C(=O)Nc1ccc(C(=O)Nc2ccc(NC(=O)c3ccc4[nH]c(-c5ccc(-c6nc7cc(*)ccc7[nH]6)cc5)nc4c3)cc2)cc1,egc,2.6204,2.780277783620448,2.767326842683744,2.985442369371873,2.8443489985586883
*c1nc(-c2ccccc2)nc(N(*)c2ccccc2)n1,egc,3.8771,3.8266863828088917,3.7772048930431454,3.9151517367556297,3.8396810042025558
*NC(=O)OC(=O)*,egc,5.6538,4.986403099333389,5.106819400100324,4.688170086874623,4.9271308621027785
*CCCCCCNC(=O)C(CCCCC)C(=O)N*,egc,5.7089,5.8317224182135226,5.888380893053394,5.734520097706357,5.818207802991091
*C(F)(F)C1(F)C(F)(F)C(*)(F)C(F)(F)C(F)(F)C(F)(F)C1(F)F,egc,7.4251,7.26480797815439,6.8711047200414646,7.298639732400675,7.144850810198843
*CCC(C)O*,egc,6.0172,6.0386772188116264,6.141125633869772,5.825221013633505,6.001674622104968
*CCOC(=O)CCCCS(=O)(=O)CCCCC(=O)O*,egc,6.7001,6.512224574299359,6.502343212096614,6.529343378064035,6.514637054820002
*CC(=O)O*,egc,7.0895,6.245729196929688,6.120659399970697,5.958492904782825,6.108293833894404
*CCCCCCNC(=O)C(O)C(O)C(O)C(O)C(=O)N*,egc,5.9698,5.788705466533683,5.795896819208407,5.796667032784916,5.793756439509003
*CCOCCOC(=O)CCCCS(=O)(=O)CCCCC(=O)O*,egc,6.5167,6.607720910800007,6.462785637633824,6.594423356883331,6.55497663510572
*CCCCOC(=O)NCCSCCSCCNC(=O)O*,egc,5.7445,5.352861292736013,5.400737305084438,5.009401318470646,5.254333305430365
*c1cc(-c2sc(-c3cc(CCCC)c(*)s3)cc2CCCC)c2cccccc1-2,egc,1.9772,2.1805817781221672,2.145386268615761,1.9250348728803335,2.083667639872754
*OC1CCC(OC(=O)CCCCCCC(*)=O)CC1,egc,6.6443,6.563990924063285,6.530377558111648,6.560058737231496,6.551475739802143
*CCCCCCCCCOC(=O)Nc1ccc(C)c(NC(=O)O*)c1,egc,4.9708,5.170309167249698,5.0550489138974966,5.061116633356674,5.09549157150129
*CC(CO*)(COc1ccccc1)COc1ccccc1,egc,4.7985,5.152103840895752,5.000017435493415,5.498931706280588,5.217017660889918
*C(=O)c1cccc(C(=O)c2ccc3c(c2)C(=O)N(c2ccc(Oc4ccc(N5C(=O)c6ccc(*)cc6C5=O)cc4)cc2)C3=O)c1,egc,2.5831,2.5440605024573424,2.5546595028266257,2.4949536628025863,2.5312245560288513
*CC#CCOC(=O)CCC(=O)O*,egc,5.9483,5.926394592390783,5.682812304592516,5.861554327178505,5.823587074720602
*CCCCCC(=O)S*,egc,5.3869,4.977478792313456,4.936545968633152,4.772578867540412,4.895534542829007
*c1ccc(C(c2ccccc2)c2ccc(N3C(=O)c4ccc(-c5ccc6c(c5)C(=O)N(*)C6=O)cc4C3=O)cc2)cc1,egc,2.907,2.7947085132463245,2.792587968734509,2.837209895963402,2.808168792648079
*C(F)(F)C(C=C1)=CC=C1C(F)(F)O*,egc,4.9933,4.902815773372955,5.3975011067421095,4.691981411686341,4.997432763933802
*CCCCCCCNC(=O)c1cccc(C(=O)N*)c1,egc,4.8667,5.027676206969625,4.938373684201463,5.026506672643459,4.9975188546048495
*NC(C)C(=O)NCC(*)=O,egc,5.7945,5.578946277981305,5.604807932174211,5.796589852420756,5.660114687525424
*Oc1ccc(C(c2ccccc2)(c2ccccc2)c2ccc(OC(=O)CCCCCCCCC(*)=O)cc2)cc1,egc,4.7541,4.478599011628866,4.92541934422194,4.290070366695922,4.564696240848909
*CCCCCCCCCCCCCOC(=O)c1ccc(C(=O)NCCCCCCNC(=O)c2ccc(C(=O)O*)cc2)cc1,egc,4.6196,4.168456326649185,4.50142893127324,4.26293937417357,4.310941544031998
*C(=O)c1cccc(C(=O)N2COCN2*)c1,egc,4.5807,4.741053797302751,4.309516212095109,4.565241481816651,4.538603830404837
*CNC(C=C1)=CC=C1C(=O)*,egc,3.6383,4.44216402150405,4.139307888881941,4.219867416144615,4.267113108843535
*C=CC1C=CC(*)C(C(=O)OC(C)(C)C)=C1C(=O)OC(C)(C)C,egc,4.1406,4.360682215519476,3.968381824966298,3.528689131876772,3.9525843907875156
*C=C(*)c1cccc2ccccc12,egc,0.8664,2.0881900096164587,2.355093433962889,1.959193988562825,2.134159144047391
*CC(C)(C)CO*,egc,5.8123,5.804675558546364,5.954638095250307,5.560401585253669,5.77323841301678
*CCCCOC(=O)NCCCCNC(=O)O*,egc,6.3043,6.299158553106392,6.147160378849971,6.313245579389403,6.253188170448588
*OC(=O)CCSc1ccc(SCCC(*)=O)cc1,egc,4.6942,4.536562908637298,4.309589072741108,4.3947087078954965,4.413620229757967
*c1ccc(*)n1C(C(=O)OCC)n1cccc1,egc,2.8248,2.939514266443618,3.488548461146799,3.216212830261669,3.214758519284029
*CCCCOC(=O)CCCCC(=O)O*,egc,6.8238,6.757130140257698,6.7233148086095955,6.74292588596857,6.741123611611955
*OC(=O)OCCCCOC(=O)OC1COC2C(*)COC12,egc,6.6085,6.840791726828851,6.832001085058342,6.796505358061945,6.823099389983046
*OC(=O)c1ccc(C(=O)Oc2ccc3c(c2)Oc2cc(*)ccc2C32c3ccccc3-c3ccccc32)cc1,egc,3.1167,3.7619974787692203,3.4665790132726073,3.820420541218381,3.682999011086736
*CCCCCCCNC(=O)CCCCCCCCCCCCCCCCCCC(=O)N*,egc,5.9137,5.910205898771472,5.87312825193008,5.929852494890957,5.904395548530836
*c1cc(CCCC)c(*)s1,egc,2.5394,2.562372044156474,2.53101935908916,2.587752131957516,2.56038117840105
*c1ccc(C(C#N)(C(=O)O)C(*)(C#N)C(=O)O)cc1,egc,5.2415,4.678266894000524,4.4618030853782225,4.432111666877528,4.524060548752092
*CC(*)(Cl)C(=O)OCC,egc,6.3834,6.3399615693740845,6.302818114963449,6.171412103886605,6.27139726274138
*CCCCCCCCOC(=O)NCCCCCCNC(=O)O*,egc,6.1519,6.335079955159766,6.275074236279452,6.346572019669048,6.318908737036089
*C(=O)NNC(=O)c1ccc(*)nc1,egc,3.5892,3.804196251535894,4.0608813726713535,3.793195088804819,3.886090904337355
*CCCCCCCc1nnc(*)n1N,egc,5.5167,5.393722696159323,5.523009432788707,5.489094199166369,5.468608776038134
*ON(C(F)(F)F)C(F)(Br)C(*)(F)F,egc,6.3719,6.722809236106308,6.583671469914291,6.987533480029513,6.764671395350038
*CC(F)(F)C(F)(F)C(F)(F)C(F)(F)COC(=O)C(F)(F)C(F)(F)C(F)(F)C(F)(F)C(=O)O*,egc,6.3052,6.5963572847735605,6.617771004433187,6.767439294165252,6.660522527790666
*C(F)(F)C1(F)C(F)(F)C(*)(F)C(F)(F)C(F)(Cl)C1(F)F,egc,7.2365,7.009335335980182,6.4349714665818265,6.903755862312774,6.782687554958261
*CC(*)c1ccc(C(=O)CCN2CCCCC2)cc1,egc,2.7084,3.3166269200165432,3.3899568712831223,3.184776271344381,3.297120020881349
*CCOC(=O)c1ccc(O*)c(Cl)c1,egc,4.81,4.5982441172186865,4.508436744300033,4.504373123583506,4.537017995034074
*C(F)(F)C(=O)C(F)(F)O*,egc,5.2431,6.267968692807823,6.555498644297178,6.745427959498103,6.522965098867701
*CCCCCCCCCCCCC(=O)O*,egc,6.7386,6.803564738187097,6.68688213171541,6.796239599854713,6.762228823252407
*CC(CCCCCC)O*,egc,5.8686,5.279704168924174,5.826569989426693,5.368970533706478,5.491748230685782
*c1cc(-c2ccc(CCCCCCCC)cc2)c(*)s1,egc,2.6682,2.3401667932448293,2.4392435673604105,2.214482401240352,2.3312975872818638
*C(=O)C(C=C1)=CC=C1C(S2)=CC=C2C(=S)*,egc,2.3592,2.454273611714208,2.428376939452593,2.527465044148194,2.470038531771665
*CCCCCCCCNC(=O)CCCCCCCCCCCCCCC(=O)N*,egc,5.8468,5.875920190604358,5.8787755977357214,5.936527356378729,5.897074381572936
*Nc1ccc(-c2ccc(NC(=C(C#N)C#N)c3ccc(-c4ccc(C(*)=C(C#N)C#N)cc4)cc3)cc2)cc1,egc,2.7741,2.534821303856489,2.1803879266518527,2.154375776699542,2.2898616690692943
*Oc1ccc(NC(=O)c2cccc(C(=O)Nc3ccc(*)cc3)c2)cc1,egc,3.4563,3.5112850739136108,3.753385329994904,3.456459257805836,3.573709887238117
*NC(=S)Sc1cc(N)nc(*)n1,egc,3.0317,3.264363740069033,3.1523094163314926,2.936220103757845,3.117631086719457
*CC(CS(C)(=O)=O)O*,egc,5.2613,5.546103967948342,5.510105645187357,5.725317283845448,5.593842298993716
*CCOC(=O)CCCCSCCCCC(=O)O*,egc,5.1928,5.316172561082207,5.4554979573032325,5.371598286048638,5.381089601478027
*C#CC#Cc1cc2sc(*)cc2s1,egc,1.7355,1.5218578472431314,1.4060500865848498,1.8570058999640762,1.5949712779306857
*NC(Cc1ccccc1)C(*)=O,egc,5.5152,4.927114191880049,5.088133345088304,4.29971338914722,4.771653642038524
*CCCCC(C)CC(=O)N*,egc,6.0469,6.03426995145597,6.043676533039204,6.045789172014773,6.04124521883665
*CC(F)(F)C(F)(F)C(F)(F)C(F)(F)COC(=O)NCC(F)(F)C(F)(F)C(F)(F)C(F)(F)CNC(=O)O*,egc,6.8832,6.768814139112445,6.784989935335992,6.6289584286727266,6.727587501040387
*C(=O)c1ccc2c(c1)C(=O)N(c1cc(C(=O)O)cc(N3C(=O)c4ccc(*)cc4C3=O)c1)C2=O,egc,3.4931,3.1931537661231055,3.2431150151174304,2.6271534496757396,3.0211407436387585
*CCC(Cl)C(*)Cl,egc,6.5471,6.615439849361792,6.756586043589974,6.736341473028906,6.702789121993557
*OC(C)COC(=O)COCC(*)=O,egc,6.2412,6.1824169404053455,6.223673571216176,6.218403077810452,6.208164529810657
*Oc1ccc(S(=O)(=O)c2ccc(-c3ccc(-c4ccc(S(=O)(=O)c5ccc(*)cc5)cc4)cc3)cc2)cc1,egc,3.6921,3.66726849382201,3.4843856084632923,3.7274493311232635,3.626367811136189
*CC(OC1CCCCC1)C1C(=O)OC(=O)C1*,egc,5.6267,5.973718867624761,5.98277638221173,6.146291801528973,6.034262350455155
*c1ccc(-c2cc(-c3ccc(CCCCCCCC)cc3)c(*)s2)s1,egc,1.5651,2.5109087399681687,2.450201354429518,2.5107362817651517,2.490615458720946
*C(=O)Nc1ccc(S(=O)(=O)c2ccc(NC(=O)c3ccc4[nH]c(-c5cccc(-c6nc7cc(*)ccc7[nH]6)c5)nc4c3)cc2)cc1,egc,3.6016,3.1003702469822865,3.126863691980041,3.310562773799224,3.179265570920517
*OP(=O)(Oc1ccc(-c2ccc(*)cc2)cc1)OC1CCCCC1,egc,4.479,4.5021102518646545,4.586213360647067,4.427911752505147,4.505411788338956
*c1cccc(-c2nnc(*)o2)c1,egc,4.1016,4.214865073616983,3.8308021483758377,4.0416102297663805,4.029092483919734
*CC(C=C)O*,egc,4.8923,5.840704015381623,5.730101592878971,5.259261719268654,5.61002244250975
*C=C(*)c1cccc[n+]1CC#C,egc,0.3201,1.4560755148271005,1.2739131350180708,1.3265931216684517,1.3521939238378742
*CC(COCCCCCC)O*,egc,5.6762,5.73001703593198,5.60864144282006,5.710828716400456,5.683162398384166
*c1ccc(Oc2ccc(N3C(=O)c4ccc(S(=O)(=O)c5ccc6c(c5)C(=O)N(*)C6=O)cc4C3=O)cc2Br)c(Br)c1,egc,2.7192,2.9598212454769977,2.967134041774533,2.956491751030377,2.961149012760636
*C=Cc1ccc(*)c(F)c1,egc,2.259,2.2873408754927227,2.7081796754451632,2.3401692176301063,2.4452299228559977
*C=Cc1ccc(*)c2c1C(=O)OC2=O,egc,3.9313,3.592848947903783,3.059085049929226,3.0218318767371835,3.2245886248567306
*CCOC(=O)NCCNC(=O)O*,egc,6.1962,6.159144347454965,5.979832376176731,6.1616362663718585,6.100204330001184
*c1ccc(Oc2ccc(Oc3ccc(-n4c(=O)c5cc6c(=O)n(*)c(=O)c6cc5c4=O)cc3)cc2)cc1,egc,2.0871,2.136091945521479,2.105444712068094,2.0628597133430926,2.101465456977555
*CCC1CC(*)C2CCCC12,egc,6.7838,6.365209523104288,6.54592584365771,6.230651323947995,6.380595563569997
*C(=O)COCC(=O)N1CCN(*)CC1,egc,5.5847,5.5830910455066105,5.100834461062729,5.5720692072554625,5.418664904608267
*C(=O)Nc1ccc(Oc2ccc(NC(=O)c3cccc(*)n3)cc2)cc1,egc,3.4406,3.5874366019932555,3.5056952526425005,3.723669948710951,3.605600601115569
*NC(C=C1)=CC=C1C(S2)=CC=C2C(S3)=CC=C3*,egc,3.3427,2.7005853681377623,2.5971836802635337,2.621740125566263,2.6398363913225196
*C(=O)c1ccc2c(c1)C(=O)N(c1cccc(N3C(=O)c4ccc(*)cc4C3=O)c1C)C2=O,egc,3.3303,3.188979577167131,3.1462030065931073,2.980851900159423,3.1053448279732208
*c1ccc(N2C(=O)c3ccc(-c4ccc5c(c4)C(=O)N(c4ccc6[nH]c(*)nc6c4)C5=O)cc3C2=O)cc1,egc,2.4895,2.6244890638438907,2.6869197445784914,2.6623107446854704,2.6579065177026173
*CCCCCCCCCCNCCCCCCN*,egc,5.4327,5.4212115601046245,5.394959094306946,5.498771524642722,5.438314059684764
*OC(CC)C(*)=O,egc,6.3762,6.105540990152873,6.343102579845216,6.150494458052488,6.199712676016859
C(=O)(*)C1=CC=C(C=C1)S(=O)(=O)C1=CC=C(C=C1)C(=O)OC1=CC=C(C=C1)C(C1=CC=CC=C1)(C1=CC=CC=C1)C1=CC=C(C=C1)O(*),egc,3.2146,3.8124933820324225,3.907445640985087,3.9452028708047546,3.8883806312740883
*C(=O)c1ccc(C(=O)N(C)c2ccc(Cl)c(N(*)C)c2)cc1,egc,3.3332,3.8155608958544955,3.786167022921751,3.3396820747610056,3.6471366645124177
*CCNC(=O)c1cccc(O*)c1,egc,4.5918,5.064944342540978,5.049975542601044,4.988598402156404,5.034506095766142
*CCCCCCCCCCOC(=O)CC=CCC(=O)O*,egc,6.0213,6.095776744108227,6.0936488848213815,6.078351917330563,6.089259182086724
*c1cc(-c2cc(CCCCCCCC)ccc2CCCCCCCC)c(*)s1,egc,1.6967,2.685295777805361,2.347713473292038,2.425806854898873,2.4862720353320906
*Oc1ccc(Sc2ccc(OC(*)=O)cc2)cc1,egc,4.473,4.706774951736334,4.41270131123887,4.66730972598876,4.595595329654655
*C(=O)C1CC1C(=O)N1CCN(*)CC1,egc,5.7206,5.297110998374314,5.480528240780742,5.518294252323466,5.4319778304928406
*CC(*)OC(=O)C(F)(F)C(F)(F)F,egc,6.6309,6.668764895810907,6.456457535548273,6.732720518358752,6.619314316572644
*c1ccc(-n2c(=O)c3cc4c(=O)n(*)c(=O)c4cc3c2=O)cc1,egc,2.8625,2.770362419239227,2.6531191192881867,2.664889924890515,2.6961238211393095
*CC1(CO*)CC=CCC1,egc,5.5732,5.762098424023904,5.487740568913023,5.682269608333354,5.644036200423426
*C=CC(CN)C(*)C(=O)O,egc,5.3681,5.071248399101479,4.953366177903052,5.344906883230167,5.123173820078232
*CCCCCCNC(=O)NCCCCNC(=O)N*,egc,5.3951,5.851513835987877,5.842553338066242,5.832242586527541,5.84210325352722
*CCCCCCCCCCCCCCCCCCCCOC(=O)C1CCC(C(=O)O*)CC1,egc,6.484,6.239036175235758,6.5303700339316055,6.525230950107651,6.431545719758339
*Oc1ccc(S(=O)c2ccc(OC(*)=O)cc2)cc1,egc,4.6592,4.432846185300881,4.654431212552037,4.70186317178629,4.596380189879736
*CC(*)C(=O)CC,egc,5.6211,5.570249069413054,5.720309124938864,5.591482232415473,5.627346808922463
*OC(=O)CCSCc1ccc(CSCCC(*)=O)cc1,egc,4.567,4.8080558208394315,4.477893211834877,4.76010859366753,4.682019208780613
*Oc1ccc(CCNC(=O)c2cccc(C(*)=O)c2)cc1,egc,4.1401,4.446965219780745,4.636823704319414,4.392314138443912,4.4920343541813565
*CCCCOC(=O)SSC(=O)O*,egc,4.2442,4.409138395655947,4.713264121123842,4.772004534035661,4.631469016938484
*C(F)(F)CC(F)(F)C(=S)*,egc,2.8419,2.986728943436916,2.8883418687677045,3.551276846328291,3.142115886177637
*NNC(=O)CCCCCCCCCCCC(*)=O,egc,5.7041,5.937389224611034,5.822688283419922,5.720606784183915,5.826894764071624
*C(=O)c1ccc2c(c1)C(=O)N(c1ccc3c(c1)Cc1cc(N4C(=O)c5ccc(*)cc5C4=O)ccc1-3)C2=O,egc,2.2777,2.556565545733286,2.5061785727802266,2.449227231026878,2.5039904498467966
*C(=O)Nc1cc(NC(=O)c2ccc3[nH]c(-c4cccc(-c5nc6cc(*)ccc6[nH]5)c4)nc3c2)cc(-c2nc3ccccc3[nH]2)c1,egc,3.2918,3.0421299107486606,3.2393516706247913,3.1270386095291176,3.136173396967523
*c1cc(-c2ccc(OCCCCCC)cc2)c(*)s1,egc,2.6448,2.5404538410182314,2.6084414326257037,2.788113551783258,2.6456696084757314
*c1ccc(C(c2ccccc2)(c2ccc(-n3c(=O)c4cc5c(=O)n(*)c(=O)c5cc4c3=O)cc2)C(F)(F)F)cc1,egc,2.7963,2.6018575340877232,2.7136481099375023,2.569311226970123,2.628272290331783
*C=CCCCCCC*,egc,5.8437,5.748168404557258,5.702797989155284,5.586704305661816,5.679223566458119
*CC(*)(C)C(=O)OCCC1CCCCC1,egc,6.5132,6.331173122321979,6.291913346582362,6.515377008594745,6.379487825833029
*C=NCCCCCCN=Cc1ccc(Sc2ccc(*)o2)o1,egc,3.6661,3.345918668639058,3.240849976558394,4.040203074305236,3.542323906500896
*CCCC(*)C,egc,7.1052,6.686927068356776,6.716586673595338,6.876910997800896,6.760141579917669
*c1cccc(-n2nc(-c3ccccc3)c3cc(Oc4ccc5c(-c6ccccc6)nn(*)c(=O)c5c4)ccc3c2=O)c1C#N,egc,3.4916,3.0372458977648202,2.8846488955803964,2.8193338769133263,2.9137428900861813
*CC(C)(C)COC(=O)CCC(=O)O*,egc,6.4486,6.564954448539649,6.5707376710566185,6.641647546654138,6.592446555416802
*Oc1ccc(C(C)(C)c2ccc(OC(*)=O)cc2)cc1,egc,5.2059,4.988600135878126,5.0512702144700405,4.96778652185611,5.002552290734759
*c1cc(*)c(O)c(C=O)c1,egc,3.2778,4.212657098826583,4.095139137303306,3.990680105075929,4.0994921137352724
*C(=O)c1ccc2c(c1)C(=O)N(c1cccc(C#Cc3cccc(N4C(=O)c5ccc(*)cc5C4=O)c3)c1)C2=O,egc,2.4849,2.395185001565221,2.426549351433691,2.385880476616509,2.4025382765384737
*CCCCCCCCCCOCCCCCCCCCCOCCCCCO*,egc,5.9245,6.342074670694783,6.13994755071571,5.760754338348414,6.080925519919635
C13C(C=*)OC(C=*)C1C(=O)N(C2=CC=C(C(F)(F)F)C=C2)C3=O,egc,5.369,4.845527453207329,5.0351625153138215,5.119874946535779,5.000188305018976
*C(=O)c1ccc2c(c1O)C(=O)N(c1ccc(Oc3ccc(N4C(=O)c5ccc(*)c(O)c5C4=O)cc3)cc1)C2=O,egc,2.4208,2.5578302209423405,2.57184281176308,2.5612283025532165,2.5636337784195455
*OC(CCCCCC)CC(*)=O,egc,6.7534,6.483283801849268,6.438182958488644,6.480503008977047,6.46732325643832
*CC(CCl)(CCl)COC(=O)c1ccc(C(=O)O*)cc1,egc,4.7184,4.838942573883327,4.709672075988727,4.925934859090556,4.82484983632087
*OC(=O)c1ccc(C(*)=O)cc1,egc,4.5736,4.494961463091833,4.444459106682862,4.136740204335251,4.358720258036649
*C(=O)Nc1ccc(Cc2ccc(N3C(=O)c4ccc(*)cc4C3=O)cc2)cc1,egc,3.1109,2.8991865389047833,3.1169532561532733,2.809893290581839,2.942011028546632
*CCCCCCCCCCCCNC(=O)CCCCCCCCCCCCC(=O)N*,egc,6.028,5.857183816791512,5.881807696715137,5.869369035920403,5.8694535164756845
*CC(*)c1ccc(C(=O)CCN2CCOCC2)cc1,egc,3.2629,3.0001092879643236,2.547896005551272,3.0232351632480485,2.857080152254548
*Oc1cccc(OC(=O)c2ccc(Oc3ccc(C(*)=O)cc3)cc2)c1,egc,4.2359,3.788823778397628,3.862050544168333,3.9669489837830496,3.872607768783004
*OC1(F)C(C)C(C)(C2(Cl)CNCNC2*)CC1(C)C,egc,5.4515,6.532119928256803,5.2189268438632705,6.163084602391171,5.971377124837081
*CC1CC(*)CN(c2nc(N)nc(N)n2)C1,egc,5.1254,5.026851495157855,4.727552105791346,4.367925117713138,4.70744290622078
*Nc1ccc(C(C)(C)c2ccc(NC(=O)c3cc(C(*)=O)cc(N4C(=O)C5CC=CCC5C4=O)c3)cc2)cc1,egc,3.5748,3.2023405182191196,3.2081110080222945,3.359276319395334,3.2565759485455827
*CC(*)C(=O)OCC=C,egc,6.066,5.522459250827129,5.578629501594367,5.6053446931192035,5.568811148513567
*NOC(=O)O*,egc,6.2663,5.864457571227975,6.08832526568189,5.167300485376333,5.7066944407620666
*CONO*,egc,6.4799,5.9531096681803,5.947767050245876,5.920338018781657,5.94040491240261
*CCCCCC(=O)NCCCCCOCCCCCNC(=O)CCCCO*,egc,5.905,5.857845123159265,5.826606243919739,5.910815489147603,5.865088952075535
*ON(C(F)(F)F)C(F)(F)C(F)=C(F)C(*)(F)F,egc,4.6645,4.660362227989544,5.1720216576691485,5.115743880859224,4.982709255505973
*CCCCCCCCCOc1ccc(C=CC=Cc2ccc(O*)cc2)cc1,egc,3.5795,3.938412770217295,4.058368163867171,4.099280995424817,4.032020643169761
*C(*)(F)Cl,egc,3.6564,6.5150799040857885,6.807011140325834,6.9011802849424315,6.741090443118018
*Oc1cc(C)c(*)c(C)c1Br,egc,4.5779,4.485475566784975,4.308945702105843,4.66504601975783,4.486489096216217
*c1ccc(-c2nnc(-c3cccc(-c4nnc(*)o4)c3)o2)cc1,egc,3.4013,3.5809770470129703,3.503563981966609,3.403405355169191,3.49598212804959
*C(=O)C1CC(OC(C)=O)CN1*,egc,4.1614,5.906280132834794,6.122276758525223,5.8413344494839015,5.9566304469479725
*Oc1ccc(C(CC)(c2ccccc2)c2ccc(OC(*)=S)cc2)cc1,egc,4.1012,4.223268473318511,3.919755367085748,4.435021723272972,4.192681854559076
*C(C=C1)=CC=C1C(C=C2)=CC=C2C(=S)O*,egc,3.2538,3.3970754202426003,3.337070860410808,3.171506558053761,3.3018842795690566
*C=CC(C*)CC,egc,5.4701,5.522457535971276,5.497636450696224,5.681710315329422,5.567268100665641
*CC(S1)=CC=C1C(C=C2)=CC=C2C(S3)=CC=C3*,egc,3.3769,3.358012261402422,3.2761246342881827,3.395299618468009,3.3431455047195375
*c1ccc(-c2cc(CCCCCCOC(=O)COc3ccccc3)c(*)s2)s1,egc,1.9751,2.43841133410527,2.4505003765363176,2.179396830963091,2.3561028472015595
*CC(O*)c1ccccc1,egc,5.2866,4.299217396702592,4.4617373157947275,4.208959349042049,4.32330468717979
*CCCCCCOC(=O)NNC(=O)CCCCCCCCC(=O)NNC(=O)O*,egc,5.8625,5.711446389991727,5.937762793558853,5.613963113238267,5.754390765596281
*OC(=O)OCC(OC)C(COC(=O)OC1COC2C(*)COC12)OC,egc,6.3606,6.136199979463514,6.545016048502381,6.3048097052982515,6.328675244421382
*Oc1ccc(NC(=O)c2cc(NC(=O)C34CC5CC(CC(C5)C3)C4)cc(C(=O)Nc3ccc(*)cc3)c2)cc1,egc,3.5033,3.4054908536453903,3.5118599452594483,3.675927506869141,3.5310927685913263
*NC(=S)NC(C=C1)=CC=C1CC(C=C2)=CC=C2*,egc,3.7839,3.4886669888522666,3.3873535327624738,3.576968019491064,3.4843295137019346
*CCCOC(=O)Cc1ccc(CC(=O)O*)cc1,egc,5.2766,5.160026784061566,5.4035894752549325,5.434099805691569,5.332572021669356
*c1nc2cc3nc(-c4ccc(*)o4)[nH]c3cc2[nH]1,egc,2.2261,2.954200065842107,2.9361420117343657,2.960072949560907,2.9501383423791268
*NC(CC(=O)OCc1ccccc1)C(*)=O,egc,5.316,5.472159228840346,5.4550317047861,5.560703733991364,5.495964889205936
*c1ccc(-c2nc3cc(-c4ccc5nc(-c6ccccc6)c(*)nc5c4)ccc3nc2-c2ccccc2)cc1,egc,3.3015,2.9417686824030196,2.9722354915364955,2.8366803301579893,2.916894834699168
*CCCS(=O)(=O)CCCS(=O)(=O)CCCOC(=O)c1ccccc1C(=O)O*,egc,5.0984,4.3929719597200645,4.524748009257444,4.505385203615377,4.474368390864295
*OC(F)(F)C(F)(F)C(F)(F)C(*)(F)F,egc,9.0549,8.595433385383515,8.644552047479122,8.140270605721565,8.460085346194735
*OC(=O)C1CCC(C(=O)OC2COC3C(*)COC23)CC1,egc,6.4746,6.121102626536433,6.293101813011143,6.236478226312684,6.21689422195342
*C(=O)c1ccc2c(c1)C(=O)N(c1cccc(Cc3ccc(C(=O)c4ccc(N5C(=O)c6ccc(*)cc6C5=O)cc4)cc3)c1)C2=O,egc,2.9158,2.649949640826241,2.7164287000710057,2.7548841686654466,2.7070875031875645
*C=CC1CC(*)C(C(=O)Oc2ccccc2)C1C(=O)Oc1ccccc1,egc,5.2819,4.668817960379978,4.598272205122721,4.922754640963402,4.729948268822034
*c1cc(CC)c(*)s1,egc,2.3523,2.66009683552472,2.697851856949495,2.5493063921931327,2.635751694889116
*NNC(=O)C(=O)NNC(=O)CCCCC(*)=O,egc,4.5812,5.011862507262817,5.009561003747582,4.662889310791612,4.894770940600671
*Cc1ccc(C(=O)N*)cc1,egc,5.0419,4.374466110978133,4.717187091982978,4.672780827049389,4.588144676670168
*c1cc(-c2nc3ccccc3s2)cc(-n2c(=O)c3cc4c(=O)n(*)c(=O)c4cc3c2=O)c1,egc,2.4436,2.3415578512319812,2.4978332966103065,2.2839015153006215,2.3744308877143028
*CCCOC(=O)CCCCCCC(=O)O*,egc,6.9244,6.664851516965403,6.612046882857429,6.783303914647614,6.686734104823482
*Oc1c(C(C)C)cc(C(*)=O)cc1C(C)C,egc,4.7789,4.510094443457649,3.768715450769815,4.636751019089929,4.3051869711057975
*C(C=C1)=CC=C1OC(=S)O*,egc,4.7568,4.172224185515006,3.9415911236415653,4.385727311469166,4.166514206875246
*Nc5ccc(NC(=O)c4ccc(C3(c1ccc(C(*)=O)cc1)OC(=O)c2ccccc23)cc4)cc5,egc,3.4199,3.4337452924989393,3.436132323925883,3.6091598667726443,3.493012494399156
*CCCCCCCCCCNC(=O)CCCCCCCCC(=O)N*,egc,5.9125,5.9478503085073315,5.853154783285744,5.929451167214598,5.910152086335891
*C(=O)C(C=C1)=CC=C1C(C=C2)=CC=C2C(=S)*,egc,2.4596,2.9104797140447625,2.933668899176723,2.6905225301471702,2.844890381122885
*CCCCCCCCn1c(=O)c2ccc3c4ccc5c(=O)n(*)c(=O)c6ccc(c7ccc(c1=O)c2c37)c4c56,egc,2.0224,3.3674643368385384,3.4777110733357812,3.159160534872742,3.3347786483490207
*CCCP(CCCNC(=O)C(=O)N*)c1ccccc1,egc,4.5841,4.324187323965201,4.402701770426778,5.143217018729142,4.623368704373707
*CCCCCCOC(=O)CCCCCCCCC(=O)O*,egc,6.8548,6.802140519897236,6.748413305979428,6.778337595354604,6.776297140410423
*c1cc(SCCCCCC)c(*)s1,egc,1.6201,2.0081649565536788,2.009840287292118,1.8522891902836116,1.9567648113764697
*CC(*)OC(=O)c1ccc(OC(C)=O)cc1,egc,4.6237,4.649382690706113,4.6377542802854315,4.455557529174989,4.580898166722178
*c1ccc(C(=O)Nc2ccc(-n3c(=O)c4cc5c(=O)n(*)c(=O)c5cc4c3=O)cc2C(=O)OCC)cc1,egc,2.463,2.4011340485447774,2.510699888017634,2.5378009961218146,2.4832116442280756
*CC(=O)NCCCCCCNC(=O)COC(=O)CCCCC(=O)O*,egc,6.0986,5.774704938346746,5.848267768826354,5.7528267724854025,5.791933159886168
*C([2H])([2H])C(*)(F)F,egc,7.1497,7.3355670198056275,7.316942691682833,7.237749898257859,7.296753203248773
*CCCCCCOC(=O)CCCC(=O)O*,egc,6.6665,6.785162610296767,6.6793893943321505,6.822165920390873,6.76223930833993
*Oc1ccc(OC(=O)c2ccc(C(*)=O)cc2)cc1Cl,egc,3.9402,3.9839172300360857,3.996821492515545,4.068717479590845,4.016485400714159
*C(F)C(*)(F)OC(F)(F)F,egc,8.1265,8.036915199789032,8.034821592777968,8.187522006828855,8.086419599798619
*CC(*)(F)C(=O)OCC(F)(F)C(F)(F)C(F)(F)C(F)(F)C(F)(F)C(F)F,egc,6.4283,6.447745465857719,6.414301522842901,6.653939560002177,6.5053288495676
*c1ccc(Oc2cccc(-n3c(=O)c4cc5c(=O)n(*)c(=O)c5cc4c3=O)c2)cc1,egc,2.5637,2.5762886168977186,2.5190174723953076,2.5534450489804996,2.549583712757842
*CC1CC(*)CC(O)C1,egc,6.4795,6.282499874937631,6.053702799297941,6.293403848775382,6.209868841003652
*C1CC(C)(C)OC1*,egc,5.8529,5.584544877737777,5.783093472353853,6.155327782288762,5.840988710793464
*CCCC(*)C#N,egc,7.8211,6.885209048652841,6.395026682486362,6.954393069975845,6.74487626703835
*C(=O)SSCCCCSSC(=O)N1CCN(*)CC1,egc,4.2166,4.307567358126901,4.565787056683318,4.546874929337541,4.473409781382586
*c1cncc(-c2nnc(-c3nnc(*)o3)o2)n1,egc,3.6277,3.5048641495871795,3.463794723362413,3.4764422647045765,3.4817003792180565
*c1ccc(-c2ccc(-c3cc(-c4ccccc4)c4cc(-c5ccc6nc(*)cc(-c7ccccc7)c6c5)ccc4n3)cc2)cc1,egc,3.1298,2.9847104574824193,2.9991720982089625,2.869346205262144,2.951076253651175
*CCCC1(C)CCN(C(=O)CCC(=O)N2CCC(*)(C)CC2)CC1,egc,5.3334,5.045238171975823,5.178987477589023,5.238923090149949,5.1543829132382655
*CC(*)(C)C#N,egc,7.6319,7.006552041825072,6.305341888253231,6.5090315524961415,6.606975160858148
*CCC(=O)OC(=O)CCc1ccc(*)o1,egc,4.5192,4.706234591909372,4.527271819942059,4.720968982543899,4.651491798131777
*CC(=O)NC(=O)*,egc,4.269,5.647276942415577,5.705256305248267,5.879695348458587,5.744076198707478
*Nc1ccc(NC(=S)NC(=O)c2cccc(C(=O)NC(*)=S)c2)cc1,egc,3.3129,3.259427777019064,2.794724596677941,3.1815879012178234,3.078580091638276
*CCCCCOC(=O)CCC(C)CC(=O)O*,egc,6.7005,6.709382806160303,6.700430043893937,6.690191863225097,6.700001571093114
*CC1CCC(CNC(=O)CCCCCCC(=O)N*)CC1,egc,5.8707,5.836836493673928,5.790994968884114,5.725054243740254,5.784295235432765
*CCCOC(=O)CCCCC(=O)O*,egc,6.7235,6.79042167239077,6.703662823653302,6.7730385248684195,6.755707673637496
*c1ccc(-c2nc3ccc(Oc4ccc5nc(*)c(-c6ccccc6)nc5c4)cc3nc2-c2ccccc2)cc1,egc,3.199,3.0444142898531013,3.0681084076166454,2.9675825991385176,3.0267017655360875
*CCOCCOCCOCCOCCOc1ccc(C(=O)Nc2cc(NC(=O)c3ccc(O*)cc3)cc(-c3nc4ccccc4[nH]3)c2)cc1,egc,3.9357,3.1227335768167026,3.5179038460368828,3.5559742312444786,3.3988705513660213
*CC(*)C(=O)n1sc2ccccc2c1=O,egc,1.2252,3.316136391037792,3.2710205979070306,3.2049036725522098,3.264020220499011
*C(=O)NNC(=O)c1cccc(C(=O)NNC(=O)c2cccc(*)n2)c1,egc,4.479,3.827443207109999,3.9211673236586737,3.74823874399838,3.8322830915890176
*CC(*)c1cc(Br)ccc1OCC,egc,4.458,4.6572364567634486,4.650205039446762,4.5467425357463815,4.618061343985531
*Oc6ccc(C5(c3ccc(OC(=O)c2ccc(Oc1ccc(C(*)=O)cc1)cc2)cc3)OC(=O)c4ccccc45)cc6,egc,4.0357,3.5435916509068623,3.9413698989662347,3.9313135776497488,3.805425042507615
*C(F)(F)C(F)(F)CC(=S)*,egc,3.089,3.2870156151581464,3.2657987873067404,3.2019137038276524,3.2515760354308463
*Oc1ccc(S(=O)(=O)c2ccc(Oc3ccc(NC(=O)c4cc(NC(=O)c5ccncc5)cc(C(=O)Nc5ccc(*)cc5)c4)cc3)cc2)cc1,egc,3.3418,3.264906478106791,3.1784938425599547,3.1226040063460463,3.1886681090042637
*C(=O)Nc1cccc(C(=O)Nc2cccc(NC(=O)c3ccc4[nH]c(-c5cccc(-c6nc7cc(*)ccc7[nH]6)c5)nc4c3)c2)c1,egc,3.186,3.1225715671431455,3.121692999268276,3.151237490442599,3.13183401895134
*COCOCCCO*,egc,6.5721,6.363995238233147,6.155358750572494,5.9041417807393755,6.141165256515006
*CC1CCC(CNC(=O)CCCCCCCCC(=O)N*)CC1,egc,5.7331,5.695052464984752,5.801026796339977,5.733414438035768,5.7431645664534985
*CCCC(C)(C)CNC(=O)CCCCC(=O)N*,egc,5.8218,5.957331255119246,5.8453306459917025,5.765950853958901,5.85620425168995
*c1ccc(-c2ccc(*)c(Cl)c2)cc1Cl,egc,3.6381,3.616767841969432,3.587832494450156,3.6248432974085922,3.6098145446093937
*CCCOC(=O)CC(=O)O*,egc,6.6256,6.50951480278219,6.378943665908394,6.491064433380639,6.459840967357074
*C=CC1CC(*)C(C#N)([Si](C)(C)O[Si](C)(C)C)C1,egc,5.5917,5.069199175102673,5.343425224805853,5.280656726492652,5.231093708800393
*OC1CCC(OC(=O)NCCNC(*)=O)CC1,egc,6.0582,6.23701649445751,6.205501489194671,6.116803850974509,6.18644061154223
*c1ccc(-c2ccc3[nH]c(-c4nc5cc(*)ccc5[nH]4)nc3c2)cc1,egc,3.3322,3.210906914383349,3.178647969021923,3.276779060310618,3.2221113145719635
*Oc1ccc(C2(c3ccc(OC(=O)c4ccc(C(*)=O)cc4)cc3)CCC(C(C)(C)C)CC2)cc1,egc,3.1462,3.6052441674297286,3.738380923095086,3.4506850338773667,3.598103374800727
*c1ccc(Oc2ccc(S(=O)(=O)c3ccc(Oc4ccc(-c5c6c(c(*)c7ccccc57)C(=O)N(C)C6=O)cc4)cc3)cc2)cc1,egc,3.443,2.931471505640255,2.925873948995043,2.944609613742834,2.933985022792711
*CC(*)n1nnc2ccccc21,egc,4.0479,3.227281709798369,3.67046928641153,3.595265491050595,3.4976721624201645
*OC(C)C(=O)NC(C)C(*)=O,egc,5.6199,5.812277550439168,6.218525295083796,5.927842283726518,5.986215043083161
*Oc1cccc2c(OC(=O)Oc3ccc(OC(*)=O)cc3)cccc12,egc,4.0608,4.080860137953316,4.377814965958234,4.1536029556488305,4.204092686520126
*C1CCC(*)C1,egc,6.6766,6.707656350260286,6.575840631531003,6.965511578016058,6.749669519935782
*C=C(*)c1ccc(N)cc1,egc,0.2588,1.6686169231568462,1.9580040208706087,2.028582421197817,1.8850677884084241
*CCCCCCCCCCCCOC(=O)CCCCCNC(=O)CCCCC(=O)NCCCCCC(=O)O*,egc,5.3312,5.801859278777769,5.892452982493246,5.75785224053094,5.817388167267318
*C(F)(F)C(=O)C(F)(F)C(=O)*,egc,4.4683,5.017394415607168,5.351968434040408,5.401527843085536,5.25696356424437
*CCOC(=O)CCCCC(=O)O*,egc,6.7259,6.79469051690011,6.647111437255375,6.854361080482682,6.765387678212722
*CCCCCCCCCn1c(=O)c2cc3c(=O)n(*)c(=O)c3c(Br)c2c1=O,egc,3.5814,3.3095852020077507,3.4316113292859614,3.9725765465687073,3.571257692620806
*CCCOCCCOC(=O)CCCCCCCCC(=O)O*,egc,6.4909,6.63824307981044,6.543888562987087,6.622477123736102,6.60153625551121
*OC(=O)C(Cc1ccccc1)NC(=O)CCCCCCCCCCC(=O)NC(Cc1ccccc1)C(=O)OC1COC2C(*)COC12,egc,5.5385,5.284580804296162,5.13461275787978,5.372547792736342,5.263913784970761
*OC(=O)OCCCCCCOC(=O)OC1COC2C(*)COC12,egc,6.6217,6.883433557971317,6.7937049254150335,6.77414546274435,6.817094648710234
*CCC(S1)=CC=C1C(=S)*,egc,2.6244,3.0604914466573785,2.9705743911799094,3.1443895199605683,3.0584851192659515
*C(Cl)=C(c1ccccc1)c1ccc(*)cc1,egc,2.8757,3.6174845601983048,3.623005608871921,3.3790225620665297,3.539837577045585
*c1ccc(C2(c3ccc(N4C(=O)c5ccc(-c6ccc7c(c6)C(=O)N(*)C7=O)cc5C4=O)cc3)c3ccccc3-c3ccccc32)cc1,egc,2.7114,2.7267993977457445,2.646722897042877,2.68410942797312,2.6858772409205804
*OC(C)CCOC(=O)CCCCS(=O)(=O)CCCCC(*)=O,egc,6.6674,6.4403164010742175,6.297548063343922,6.509137612677528,6.41566735903189
*c1ccc(*)[nH]1,egc,2.4594,2.7356738244318017,3.098410659229557,2.886889439631543,2.906991307764301
*CC(CC)(CC)CO*,egc,5.586,5.582628037218187,5.847947782965181,5.575022503807343,5.6685327746635705
*C(C=C1)=CC=C1OC(=O)CC(=O)CCO*,egc,4.7926,5.020591415116479,4.934273018368299,5.143347659734075,5.032737364406285
*ON(C(F)(F)F)C(F)(C(*)(F)F)C(F)(F)F,egc,6.8426,7.068376274198799,7.013779071137449,6.884685650341473,6.98894699855924
*Oc1ccc(C(C)(C)c2ccc(Oc3nc(*)nc(Cl)n3)cc2)cc1,egc,4.3967,4.520285988929675,4.749363890536866,4.539145999505209,4.60293195965725
*C(=O)OCC(C)(C)COC(=O)N1CCN(*)C(C)C1,egc,5.8979,5.445775406355192,5.87018537818358,5.777908803521346,5.697956529353373
*c1ccc(Oc2ccc(-c3cnc4ccc(-c5ccc6ncc(*)nc6c5)cc4n3)cc2)cc1,egc,3.2298,3.1799323376317226,3.103561259899681,3.0274900478853524,3.103661215138919
*CCCCOC(=O)NCCNC(=O)O*,egc,6.2788,6.249185065877618,6.309108407103401,6.3173702464667,6.291887906482573
*CCCCCCNC(=O)CCP(=O)(CCC(=O)N*)c1ccccc1,egc,4.8862,4.9395078277351345,5.028557168525464,5.270233601713585,5.079432865991394
*c1ccc(Oc2ccc(-c3nc4cc(-c5ccc6nc(-c7ccccc7)c(*)nc6c5)ccc4nc3-c3ccccc3)cc2)cc1,egc,3.1231,3.1929904036075087,3.1806506242856125,3.192556834256511,3.1887326207165443
*C(=O)C(S1)=CC=C1C(C=C2)=CC=C2O*,egc,2.8763,3.44196473315639,3.338256399244101,3.423154878714736,3.4011253370384087
*Cc1ccc(OCOc2ccc(*)c3cccnc23)c2ncccc12,egc,3.5315,3.203580888842274,3.364160606835201,3.68826608872808,3.418669194801852
*CC(CO*)(CS(=O)(=O)CCCCC)CS(=O)(=O)CCCCC,egc,5.21,5.889806176371045,5.499483156252838,6.387373316692744,5.925554216438876
*CCCCCCCCCCCCNC(=O)C(OC)C(OC)C(=O)N*,egc,5.7132,5.338220185035433,5.61230136245093,5.628327297340458,5.5262829482756075
*CCCN(*)C(C)=O,egc,5.7364,5.517907394699113,5.743686560687159,5.58420802577606,5.61526732705411
*CC(=O)C(S1)=CC=C1C(=S)*,egc,2.6865,2.8966621460887523,2.6028223487942053,2.83798420594857,2.779156233610509
*Cc1ccc(CNC(C)=N*)cc1,egc,4.9237,4.188861570942096,4.51632029944329,4.575608999177714,4.426930289854367
*c1ccc(C(C#N)(C(=O)OC)C(*)(C#N)C(=O)OC)cc1,egc,5.3905,4.699340597854303,4.564523431288988,4.793101692389204,4.685655240510832
*C=CC(=C(C)C)C(*)=C(C)C,egc,3.4443,3.5386716842613923,3.348814931462107,2.591856653438693,3.159781089720731
*c1ccc(N(*)c2ccc(S(=O)(=O)O)cc2)cc1,egc,3.3685,3.7601974871691395,3.8945804123823216,4.082730591321198,3.9125028302908866
*NOC(=S)O*,egc,4.8496,4.246773744551776,4.092525351219681,3.815189254731081,4.051496116834179
*c1ccc(N(c2ccc(C#N)cc2)c2ccc(N3C(=O)c4ccc(Oc5ccc6c(c5)C(=O)N(*)C6=O)cc4C3=O)cc2)cc1,egc,2.2981,2.4391079595499634,2.446201716170285,2.6840879567983875,2.523132544172879
*NC(C=C1)=CC=C1OC(C=C2)=CC=C2*,egc,3.6519,4.198165110722535,4.172643819373248,3.8869850349615955,4.085931321685793
*CCN(*)Cc1ccccc1,egc,3.8139,4.902678443333926,4.98464660323108,3.8774197898474667,4.588248278804158
*CCCCCC(=O)NCCCCCCNC(=O)CCCCCOC(=O)CCCCC(=O)O*,egc,5.9182,6.13934212052979,6.063694124508297,6.206904657511854,6.136646967516647
*Cc1cccc(CN(*)c2ccccc2)c1O,egc,4.1958,4.019099495330622,4.2154053105083005,3.9667422045442695,4.067082336794397
*C(=O)NCCCCCCNC(=O)c1cnn(*)c1,egc,5.1584,3.5046205474640506,4.048335471154324,3.9332857800621586,3.8287472662268445
*CC(*)C(=O)OCCCCSC,egc,4.571,4.882874874621202,4.924612634373782,5.131674442551582,4.979720650515522
*CC(O)C(O)CN(*)c1ccc(N(C)C)cc1,egc,3.7705,3.8874872873920734,4.160122433003025,3.984677650819814,4.010762457071637
*NC(CC(*)=O)C(=O)OCCOC,egc,5.9247,5.920004539875408,5.901780424664895,5.935326705667366,5.919037223402557
*CCCC(C)CCC(=O)N*,egc,5.9091,6.070709835888665,5.9562246457165235,6.208031127606147,6.078321869737112
*C(C)C(*)OC,egc,5.326,5.936522171073692,6.091476835341116,5.839798296778424,5.955932434397745
*CCCCCC(=O)NCCCCCOCCCCCNC(=O)CCCO*,egc,5.841,5.8529124832952455,5.910130755827028,5.9012831792303215,5.888108806117532
*CO*,egc,6.6048,5.859234274598082,5.90292029535509,5.909561022642096,5.8905718641984235
*CC(C#N)(C#N)C(C#N)C(C#N)(C#N)C(C#N)C(C#N)(C#N)C(C#N)C(C#N)(C#N)*,egc,6.4897,5.918691910955544,6.262558903281061,6.252049185487352,6.144433333241319
*c1ccc(OCC2CCC(COc3ccc(-n4c(=O)c5cc6c(=O)n(*)c(=O)c6cc5c4=O)cc3)CC2)cc1,egc,2.2219,2.7468558395560763,2.5948684289832142,2.33422490575182,2.5586497247637037
*CCOC(=O)NCCOCCOCCNC(=O)O*,egc,6.1403,5.892384729890417,6.0273182832912875,6.02953034357025,5.983077785583984
*CCOCCOC(=O)CCCCCCCC(=O)O*,egc,6.5091,6.361487441833202,6.456141000908848,6.298835053648143,6.372154498796731
*CONC(=O)*,egc,6.1048,5.442365337555694,5.71861658987669,5.9629252355691795,5.707969054333855
*CC(*)C(=O)OC(CC)CC,egc,6.4889,6.273432399125028,6.225007010607955,6.116359474736277,6.204932961489753
*CCCCCCOC(=O)NCCCNC(=O)O*,egc,6.0865,6.23514341824847,6.2118680068234005,6.210003290535511,6.2190049052024605
*Oc1ccc2nc3oc4cc5oc6c7c(cn6ccc5on4cnc3c12)nc1c(*)ccccc17,egc,1.4158,2.280802496513659,2.64013067786479,1.963592873332798,2.294842015903749
*CC(O)CO*,egc,6.5192,6.157424885550548,6.232548775943966,6.288277307639318,6.226083656377945
*Oc1cccc(Oc2ccc(S(=O)(=O)c3ccc(*)cc3)cc2)c1,egc,4.2737,4.368862114902852,4.293003375608609,4.368217276369556,4.343360922293672
*Nc1ccc(NC(=O)c2cc(NC(=O)c3ccccc3)cc(C(*)=O)c2)cc1,egc,3.3958,3.2627657754808577,3.200086260811471,3.155920272901407,3.206257436397912
*Nc1ccc(C(C)(C)c2ccc(NC(=O)c3cc(C(*)=O)cc(N4C(=O)C5C6CCC(C6)C5C4=O)c3)cc2)cc1,egc,4.0843,3.185961529996678,3.272378947752812,2.810117467018965,3.0894859815894846
*CCCCCCOC(=O)OCCCCCCCCCCCCOC(=O)OCCCCCCn1c(=O)c2cc3c(=O)n(*)c(=O)c3cc2c1=O,egc,3.821,3.310353897219983,3.3617048201479576,3.0847646157750788,3.2522744443810065
*C(=O)Nc1ccc(C(=O)Nc2ccc(NC(=O)c3ccc4[nH]c(-c5cccc(-c6nc7cc(*)ccc7[nH]6)c5)nc4c3)cc2)cc1,egc,2.9934,2.9190163657677117,3.0028116614454574,2.982751817169096,2.968193281460755
*CCCCOC(=O)O*,egc,7.3079,7.192192989818657,7.125680241988682,7.222644299334788,7.18017251038071
*CC(F)(F)C(F)(F)C(F)(F)COC(=O)NCC(F)(F)C(F)(F)C(F)(F)C(F)(F)CNC(=O)O*,egc,6.897,6.7193884899294485,6.690367246927894,6.657186134278868,6.6889806237120695
*CC1(CO*)CC2CCC1CC2,egc,5.9128,5.966244128820327,6.019285981883896,5.894059916163025,5.959863342289083
*CCCCCCNC(=O)NCCCCCNC(=O)N*,egc,5.9068,5.504675218252483,5.630627535503355,5.617098174970971,5.584133642908935
*CC(C=C1)=CC=C1NC(C=C2)=CC=C2*,egc,4.3854,4.208169363292446,4.4376623915949205,4.410422960175528,4.352084905020965
*CC(*)(C)C(=O)OCCc1ccccc1,egc,5.7104,5.220462355097928,5.306101759397951,5.073348521596125,5.199970878697335
*NNC(=O)c1ccc(NC(=O)c2ccc(C(*)=O)cc2)c(O)c1,egc,3.6452,3.5423738079185587,3.702867049300617,3.65604504006067,3.6337619657599483
*c1cc(C)c(*)s1,egc,1.9299,2.997379514009772,2.772833574044537,2.5759650305105732,2.782059372854961
*Oc1ccc(N=Nc2ccc(*)cc2)cc1,egc,3.1576,3.169625310156873,3.3684593823176767,3.3698985625134834,3.302661084996011
*C(=O)c1ccc2c(c1)C(=O)N(c1cccc(-c3nc(-c4ccccc4)nc(-c4cccc(N5C(=O)c6ccc(*)cc6C5=O)c4)n3)c1)C2=O,egc,2.9625,2.516067743969029,2.487000722281299,2.529639199316215,2.5109025551888475
*C(=O)Nc1ccc(N2C(=O)c3ccc(*)cc3C2=O)cc1,egc,3.1573,3.1565728476194055,3.0860967726499346,2.8188574092172396,3.02050900982886
*c1ccc(Oc2ccc(-c3csc(-c4nc(*)cs4)n3)cc2)cc1,egc,3.5312,2.9952956568976847,3.189055906474793,2.5879312351191563,2.9240942661638782
*OC(=O)CCC(=O)OC1COC2C(*)COC12,egc,6.1275,6.270162847695927,6.413830263096734,6.070794878936534,6.251595996576398
*C(=O)OC1CC2CC(OC(=O)N3CCN(*)CC3)CC(C1)O2,egc,5.7033,5.837675730296282,5.741588014381978,5.815272232137512,5.798178658938592
*CCCCCCNC(=O)CCCCCCCCCCCCCCCCCCCCC(=O)N*,egc,5.992,5.887761570927895,5.865544625449926,5.813815478163282,5.855707224847034
*c1ccc(-c2sc(-c3cc(SCCCC)c(*)s3)cc2SCCCC)cc1,egc,2.4731,2.4687275259003667,2.4790108895338268,2.4268548575961386,2.458197757676777
*OC(CC(C)C)C(*)=O,egc,6.5186,6.092337160534291,6.3411011904690575,6.371695311483957,6.268377887495769
*CC(Cl)C(Cl)C(*)Cl,egc,7.1649,6.434866636673782,6.55502453558648,6.606201684419287,6.532030952226516
*c1cc(CCCc2ccccc2)c(*)s1,egc,2.4481,2.936154417265556,2.8425955542080437,2.543337452563203,2.7740291413456006
*c1ccc(C(=O)c2ccc(C(=O)c3ccc(Oc4ccc(-c5nn(*)c(=O)c6ccccc56)c(F)c4)cc3)cc2)cc1,egc,3.3441,3.490849289951629,3.2215088700759793,3.4363853073029267,3.382914489110178
*CCOCCOC(=O)COCC(=O)O*,egc,5.9381,6.316038028087842,6.303640800808294,6.140883240462368,6.253520689786168
*CC(*)(C)C(=O)OCCCCCC,egc,6.4509,6.339869564925622,6.098800947703543,6.272277867908742,6.236982793512635
*CCCCCCCCCCCCCCCCOC(=O)CC=CCC(=O)O*,egc,5.8517,5.978030199457213,6.050763234682972,6.100637300963659,6.043143578367947
*c1cccc(-c2ccc(-c3ccc(*)s3)s2)n1,egc,2.8359,2.5178118668041964,2.490838352027752,2.366690171296259,2.4584467967094024
*CC(O)CN(*)c1cc(C)cc(C)c1,egc,4.5575,4.557350397048842,4.464647604415175,4.642940147003081,4.554979382822366
*c1cc(-c2ccc(OCCCC)cc2)c(*)s1,egc,2.6658,2.5741690844230773,2.5840889764911963,2.7237567791356008,2.627338280016625
*CC(C=C1)=CC=C1CC(C=C2)=CC=C2*,egc,5.1689,4.839145277586391,4.747957270724785,4.7589759780020895,4.782026175437755
*Oc1ccc(CC(NC(=O)CCc2ccc(OC(=O)CCCCCCC(*)=O)cc2)C(=O)OCCCCCCCCCCCC)cc1,egc,5.1624,5.044701750824874,5.05930507224425,5.085017871456586,5.06300823150857
*CCCCCNC(=O)C(CCCCCCCCCCCC)C(=O)N*,egc,5.7457,5.798192929991268,5.821900335941105,5.616668798612,5.745587354848124
*C(c1ccc(N(C)C)cc1)C(*)c1ccc([N+](=O)[O-])cc1,egc,2.3431,2.11994403196693,2.0124104163776306,2.5096897460404874,2.214014731461683
*c1ccc(*)c(OC)c1N,egc,4.71,3.747992892044707,3.749330558939884,4.14871176029077,3.882011737091787
*CCCCCCCNC(=O)C=CCCC=CC(=O)N*,egc,5.3907,4.9948436359560295,4.910936118379632,5.149408983073227,5.018396245802962
*CCCCCCCCC(=O)O*,egc,6.4657,6.669652745618051,6.53936586965516,6.65953209914564,6.622850238139617
*c1nnc(C2CC3(CC(*)C3)C2)o1,egc,6.0399,5.692092875860186,5.6642332791705785,5.945553291652437,5.7672931488944
*CCCCCCCCc1nnc(*)n1N,egc,5.4011,5.590706827718552,5.6719115665235815,5.820145625781296,5.694254673341143
*C=CC1CC(*)C2C(=O)N(CCCCCCCCC)C(=O)C12,egc,5.4434,4.829811269682513,4.653415449223882,5.300238353343651,4.927821690750015
*CCCCCCCCCCCCc1nnc(*)o1,egc,6.356,6.091499765677327,5.772073842766276,6.031929615179553,5.965167741207718
*CCOCCOCCOC(=O)c1ccccc1C(=O)O*,egc,4.8493,4.6395147398785985,4.715373155474586,5.100228098897094,4.818371998083426
*OC(C)CCCCC(*)=O,egc,6.5026,6.458664533417214,6.490627335779348,6.444222763600515,6.464504877599026
*c1cc(C=Nc2cccc(C)c2)cc(*)c1O,egc,3.5437,3.6416661055863697,3.3239304330076194,3.4113897844929637,3.4589954410289843
*CC(*)c1ccc(CCCCCC)cc1,egc,4.9872,4.161702089175318,4.22967256502258,4.101962518759378,4.1644457243190915
*Nc1cc(NC(=O)c2ccc(C(*)=O)cc2)cc(C(=O)OCCOc2ccc(C=CC(=O)c3ccccc3)cc2)c1,egc,3.1709,2.991606867848201,2.819433785171213,3.3325282700749814,3.0478563076981318
*CCCCc1nnc(*)n1N,egc,5.3914,5.190127974918,5.495747993060207,5.617059846108725,5.434311938028977
*CCCCCCCCCCC(=O)O*,egc,6.8465,6.668413200588684,6.663586863909215,6.682206011453108,6.671402025317001
*c1ccc(Oc2ccc(-c3cc(-c4ccccc4)c4cc5c(-c6ccccc6)cc(*)nc5cc4n3)cc2)cc1,egc,2.8308,2.9633795199196715,3.013243200737706,2.7986485924420275,2.925090437699802
*C=C(*)C#N,egc,0.838,2.3740578241229255,2.939917263700413,2.659006402216911,2.657660496680083
*CC(S1)=CC=C1C(=S)C(S2)=CC=C2*,egc,2.5715,2.565079399109826,2.6180058277595126,2.4558334733473646,2.5463062334055677
*CCCCCCCCCNC(=O)CCCCCC(=O)N*,egc,5.9578,5.935147722736087,5.867219405556223,5.873742066737204,5.892036398343172
*CCCCCOC(=O)NCCSCCSCCNC(=O)O*,egc,5.3739,5.512334679271607,5.493615852260907,5.337161352482597,5.44770396133837
*C=CC1CC(*)C2C(=O)N(CCCCCC)C(=O)C12,egc,4.6556,5.292164589918475,5.250029362882346,5.443362075829192,5.328518676210004
*CCCCOC(=O)CCCCCNC(=O)O*,egc,6.3358,6.330841129302518,6.410006801466251,6.3436209041454275,6.361489611638066
*CC(CCl)(CI)COC(=O)CCCCC(=O)O*,egc,5.5293,6.407115537559662,6.390172692201038,6.489661695984839,6.428983308581846
*CCCCCCOCCCCCCOCCCCCO*,egc,5.9688,6.407546143759577,6.134636534284789,6.096672730333635,6.2129518027926665
*c1cccc(C(c2ccccc2)(c2cccc(N3C(=O)c4ccc(Oc5ccc6c(c5)C(=O)N(*)C6=O)cc4C3=O)c2)C(F)(F)F)c1,egc,3.4747,3.4295410133609434,3.409146583019773,3.216126125397492,3.3516045739260694
*c1ccc(-c2nnc(*)o2)c(OCCCCC)c1,egc,3.0444,3.5449492927140045,3.710558876591035,3.820572259436128,3.692026809580389
*OC(=O)c1ccc(Cc2ccc(C(*)=O)cc2)cc1,egc,4.3273,4.402544425725084,4.312060513497864,4.1538205926683895,4.2894751772971125
*CC(C)(C)COC(=O)CCCCCCCC(=O)O*,egc,6.5848,6.696266885531827,6.658455724261629,6.502839877563497,6.61918749578565
*CCCCCCCCCCCCCCCCOC(=O)CCC=CCCC(=O)O*,egc,6.0336,5.971617688573265,5.995705358365247,6.064206379688097,6.010509808875536
*CC(=O)CC(=O)*,egc,4.1544,5.4901844207393244,5.415093235974416,5.566276307826145,5.490517988179962
*CCCCCCCCC(=O)NCCCCCOCCCCCNC(=O)CCCO*,egc,5.9383,5.913612669332992,5.856806034894303,5.830873512183233,5.867097405470176
*C(=O)OC1=NCCN1*,egc,5.1364,5.285040081457276,4.8178660616492275,5.185168724698261,5.096024955934921
*Cc1ccc(COC(=O)CCCCCC(=O)O*)cc1,egc,5.6303,5.334421650283221,5.417476231216946,5.337610853740138,5.363169578413435
*CCCP(CCCCCCCC)CCCNC(=O)CCCCC(=O)N*,egc,4.7376,5.661245120912599,5.515379287415522,5.527245381610266,5.5679565966461295
*NC(C#N)=C(C#N)NC(=O)c1ccc(C(*)=O)cc1,egc,3.4817,3.04289605802751,3.1325394653965364,2.888084072047381,3.021173198490476
*NC(CCC(*)=O)C(=O)O,egc,5.9301,5.677763351930102,5.981470140502709,5.717223749609742,5.792152414014185
*CC1CCC(COC(=O)c2ccc(NC(=O)O*)cc2)CC1,egc,4.5441,4.795043889663191,4.934918460180159,4.6654452909837305,4.798469213609027
*CCC(C)C(*)(C)C(=O)OC,egc,6.5856,5.602181139577427,6.105093002581991,6.137612364262206,5.9482955021405415
*CC(*)(CO)C(=O)OCC,egc,5.8505,6.324677079663759,6.346509318869186,6.251626788631463,6.307604395721469
*C(=O)CCCCCCCCC(=O)N1CCN(*)CC1,egc,5.5924,5.698879842404202,5.536649235356936,5.641019222859711,5.6255161002069505
*Oc1cccc(OC2(F)C(*)(F)C(F)(F)C2(F)F)c1,egc,5.2546,5.03162365687448,5.21756578583519,5.12343546644553,5.124208303051733
*CC(C1=CC=CC=C1)CC(C2=CC=CC=C2)CC(C3=CC=CC=C3)CC(C4=CC=CC=C4)*,egc,5.2025,3.6468748172557577,3.96824508581818,2.7090282763222744,3.4413827264654038
*c1ccc2c(c1)c1cc(*)ccc1n2C(=O)OCC,egc,3.932,3.447967659969936,3.5767671006868684,3.967181518643671,3.6639720931001585
*CCCCCCCCCCCCCCCCCCCCOC(=O)CCCCCCCCC(=O)O*,egc,6.784,6.4084445756618775,6.394153109079298,6.251696621454041,6.351431435398406
*CC(*)C(=O)N(O)c1cccc(C)c1,egc,4.1845,4.426069222108353,4.652904200650807,4.8303231016068136,4.636432174788657
*CC(*)c1cc(O)ccc1O,egc,2.0107,3.8262457374391174,3.9245137760148574,3.7140254268016433,3.8215949800852065
*CNC(=O)NCOCO*,egc,6.2147,5.876444658366887,6.204214811630952,6.141720607298058,6.074126692431965
*Oc1ccc(C(C)(CCC#N)c2ccc(OC(*)=O)c(C)c2)cc1C,egc,4.6661,4.916371703952061,4.548715126326768,4.971789451267137,4.812292093848655
*c1cc(CCCCCCBr)c(*)s1,egc,2.553,2.4614081863375588,2.413747514945461,2.4443976364438793,2.439851112575633
*CNC(=S)C(=O)*,egc,2.602,3.069701115358428,2.839207677757132,3.2396168712121827,3.049508554775914
*c1ccc(-c2ccc(*)c(CCCCCC)n2)nc1CCCCCC,egc,3.9211,3.4836583733433235,3.6184570156950846,3.577212017282999,3.559775802107136
*CC(C)(C)COC(=O)CC(=O)O*,egc,6.7138,6.396455741192146,6.32235104983646,6.434714442602917,6.384507077877174
*CC(S1)=CC=C1C(=O)O*,egc,4.5212,3.8957558983709153,4.256295689267374,4.32687285797403,4.159641481870772
*c1cnc(*)c(C)c1,egc,5.1042,4.8003111766460815,4.5529149680149335,4.732519563984801,4.695248569548606
*CC#CC#CCOc1ccc(C(C)(C)c2ccc(O*)cc2)cc1,egc,4.3962,4.30715455104781,4.324573134231263,4.648998742908701,4.4269088093959255
*CC(C)(C)COC(=O)NCCCC(CCNC(=O)O*)OC,egc,6.1723,5.900167440119668,5.854065829520583,5.966048942379434,5.906760737339895
*c1ccc2c(c1)C(CC(CC)CCCC)(CC(CC)CCCC)c1cc(*)ccc1-2,egc,3.8505,2.978544785134617,3.2123701288365423,3.0668831221006574,3.0859326786906056
*Oc1c(OC)cc(*)cc1OC,egc,4.2534,4.388560495554642,4.138899804413596,4.82802385265953,4.451828050875922
*CCOC(=O)c1ccc(C(=O)O*)cc1,egc,4.6867,4.74461226864507,4.765292031786076,4.74152357812332,4.750475959518155
*CCOC(=O)c1ccc(O*)cc1C,egc,4.5424,4.8062198602622015,4.854793767108028,5.125343033744413,4.928785553704881
*CCCCCCCCCCCCCCCC(=O)O*,egc,6.7798,6.710627537471413,6.67437639743046,6.732203875022698,6.705735936641524
*CCCCCCOc1ccc(C(=O)N(C(=O)c2ccc(O*)cc2)c2ccccc2)cc1,egc,3.9898,3.773789897064285,4.016955713769984,3.5923890887467915,3.7943782331936866
*C(=O)N1CC(=O)N(C(=O)c2ccc(N3C(=O)c4ccc(*)cc4C3=O)cc2)C1=O,egc,3.533,3.44493083509062,3.3896824421558245,3.39965029233101,3.4114211898591513
*c1cc(SCCCCCCCCCCCC)c(*)s1,egc,1.5021,2.165306448500926,2.21491015561269,2.3224179646951533,2.2342115229362562
*OC(F)(F)COC(=O)c1cccc(C(=O)OCC(*)(F)F)c1,egc,4.7299,4.978111804066872,5.018462632858132,5.016970519847618,5.004514985590874
*CC(O)COc1ccc(O*)cc1,egc,4.7923,4.963886809687842,4.892668578185605,4.95253291230722,4.936362766726888
*C=Cc1cc(OCCCCCC)c(*)cc1OC,egc,2.3505,3.373662469703545,3.3760250245504344,3.3339703797180027,3.3612192913239944
*CCCCCCCCCCOC(=O)CCCCS(=O)(=O)CCCCC(=O)O*,egc,6.4132,6.566025834047112,6.6196865988813185,6.566157013171304,6.583956482033244
*OC(C)CCOC(=O)CCCCCCCC(*)=O,egc,6.6793,6.794657460381764,6.730711995370134,6.680031704767391,6.735133720173096
*C(=O)Nc1ccc(S(=O)(=O)c2ccc(NC(=O)c3ccc4c(c3)C(=O)N(c3ccc(S(=O)(=O)c5ccc(N6C(=O)c7ccc(*)cc7C6=O)cc5)cc3)C4=O)cc2)cc1,egc,3.3421,2.792430969965077,2.7116600759742893,2.848772590906722,2.784287878948696
*COC(=O)OCC1OC(OCC)OC1*,egc,6.8573,6.826513763680283,6.372042805728532,6.730761409901168,6.643105993103329
*C(=O)c1ccc2c(c1)C(=O)N(c1ccc(-c3ccc(N4C(=O)c5ccc(*)cc5C4=O)cc3)cc1)C2=O,egc,2.5354,2.594638180223408,2.5927793750601373,2.5963884226134497,2.5946019926323314
*C(=O)Nc1ccc(C2(c3ccc(N4C(=O)c5ccc(*)cc5C4=O)cc3)CCC(CC)CC2)cc1,egc,2.9185,3.1396607064044098,3.0318190491777424,3.2027592806950786,3.1247463454257436
*OC(*)CC,egc,6.1349,6.7109321540044915,6.611974653431272,6.432435447798392,6.585114085078051
*C(S1)=CC=C1C(S2)=CC=C2C(S3)=CC=C3C(=S)*,egc,1.4924,1.9560780516892007,1.9899422635678146,1.937956296183385,1.9613255371468001
*C(=O)NCCCCCCNC(=O)c1ccc(*)nc1,egc,4.574,4.572678882796868,4.628176152538175,4.56143558209255,4.587430205809198
*CCOC(=O)CSC(=O)Nc1ccc(Cc2ccc(NC(=O)SCC(=O)O*)cc2)cc1,egc,4.3268,4.425249917904695,4.409524519881454,4.205618198502651,4.3467975454296
*Oc1ccc(Nc2ccc(N=Nc3ccc(Nc4ccc(*)cc4)cc3)cc2)cc1,egc,2.8393,2.8743725294168097,3.058588230239004,3.1413662347507896,3.024775664802201
*CC(*)C(=O)OCCCCCCCCCCCCCC,egc,6.5079,6.217316247107023,6.014777899247452,6.000261700364284,6.077451948906254
*CCOc1ccc(C(=O)OC(=O)c2ccc(O*)cc2)cc1,egc,4.4185,4.282355783446357,4.440102107004075,4.418629335695943,4.380362408715459
*CCCCOC(=O)CCCCCCCCC(=O)O*,egc,6.818,6.7193100341922625,6.670909690397652,6.709265257820649,6.699828327470189
*CC(*)C,egc,6.5196,6.547059364615528,6.582670836492239,6.76114299568519,6.630291065597652
*CCCCCCOC(=O)NCCCCCCNC(=O)O*,egc,6.343,6.362612236210228,6.268498886105504,6.3803685439984665,6.337159888771399
*N=Nc1cc(*)ccc1C,egc,3.0039,3.2150202454865826,2.9643817417077107,3.139246026075598,3.106216004423297
*OC(C)COC(=O)CCCCCCC(*)=O,egc,6.5111,6.644429118107864,6.654404712048076,6.709727228071604,6.669520352742514
*CCCCCCCNC(=O)CCCCCCCCCC(=O)N*,egc,5.7365,5.798898430251245,5.826165841032654,5.802480854667225,5.8091817086503745
*OC3=CC=CC(C(C2=CC=CC(OC1=CC=CC(*)=C1)=C2)=O)=C3,egc,3.6547,4.144044464534313,4.100274600174697,3.994972422899068,4.079763829202693
*CC(OC(C)=O)C1C(=O)N(c2ccc(C)cc2)C(=O)C1(*)Cl,egc,4.7107,4.820295717922292,4.769634646644913,4.93966449366897,4.843198286078725
*Cc1ccc(CNC(=O)c2cccc(C(=O)N*)c2)cc1,egc,4.6753,4.334093613969595,4.6166746470600755,4.09181317743707,4.3475271461555804
*c1ccc(*)c(CCCCCC)n1,egc,4.7957,4.520265822261691,4.511831354657787,4.687745995639257,4.573281057519579
*CCCCCCNC(=O)CCCCC(=O)NCCCCCCNC(=O)C(=O)N*,egc,5.2635,4.97424052266653,5.033015231579966,5.132477524606232,5.046577759617576
*C=Cc1cc(OCC)c(*)cc1OCC,egc,4.2145,2.7541216968005444,2.6653345685595453,2.181950965499772,2.533802410286621
*CC1CC(*)OC(C)O1,egc,6.0468,6.434745721401653,6.203286451675431,6.350284416892094,6.329438863323059
*CC(S1)=CC=C1C(=O)C(=S)*,egc,3.0928,2.664687799383603,2.717246472883068,2.677504607783776,2.6864796266834823
*CC(*)CO,egc,6.2929,6.277151527952819,6.158683645646223,6.162485192589942,6.199440122062995
*C(=O)Nc1cccc(C=CC(=O)C=Cc2cccc(NC(=O)c3ccc(N4C(=O)c5ccc(*)cc5C4=O)cc3)c2)c1,egc,3.0227,2.41680077783661,2.5910872308062363,2.648705488559663,2.5521978324008363
*CC(*)C(=O)OCCCOC,egc,5.8538,6.2666718313834195,6.032630491519551,6.126917984096365,6.142073435666446
*C(=O)N(*)C(C)C(C)=O,egc,4.4468,5.199513648505227,5.54911463862461,5.200471027994974,5.316366438374937
*c1ccc(-c2ccc(-c3cc(CCCCCCCC)c(*)s3)s2)s1,egc,2.4777,1.7803081803754321,1.7011291451809096,1.6748513471319495,1.718762890896097
*CCCP(CCCNC(=O)CCCCC(=O)N*)CC(C)C,egc,5.1348,5.056479731719451,5.103664059392352,5.207022360293562,5.122388717135122
*c1ccc2c(*)c(-c3ccccc3)[nH]c2c1,egc,3.6113,3.361195284283777,2.8882570994051644,3.3604333790294993,3.2032952542394804
*Oc1ccc(Oc2ccc(C(=O)c3ccc(*)cc3)cc2)cc1C,egc,3.5517,4.052830880179385,3.983942673965075,3.7846761942699314,3.940483249471464
*NC(=O)C(=S)O*,egc,3.3593,3.0005640151388606,2.8761318202088266,2.653096624074513,2.8432641531407334
*C=CC1CC(*)C(C(=O)OC(C)(C)C)C1C(=O)OC(C)(C)C,egc,5.6132,5.503526115015706,5.6520314295791225,6.771906905038993,5.9758214832112735
*Nc1ccc(*)cc1S(=O)(=O)O,egc,2.9815,3.5477298420407344,3.9558511629417583,3.595395240769944,3.6996587485841457
*c1cc(N=Nc2ccc(S(=O)(=O)O)cc2)cc(*)c1O,egc,3.0327,3.083692366559312,2.95588232011544,3.294688297170122,3.111420994614958
*NC(=O)OC(C=C1)=CC=C1*,egc,4.5955,4.730043529134884,4.597995764914203,5.005407806291642,4.777815700113577
*CC(OC(C)=O)C(COC(=O)O*)OC(C)=O,egc,6.5585,6.653178814233559,6.768482193206505,6.820017315733479,6.747226107724515
*Oc1ccc(Oc2ccc(C(=O)c3ccc(*)cc3)cc2)cc1,egc,3.9034,3.7796419758610873,4.017569119486358,3.8756732730476795,3.890961456131708
*CCCCCCNC(=O)c1ccc(C(=O)N*)c(Oc2ccc(Cl)cc2)c1,egc,4.0457,3.8034054252050224,4.095869239893527,3.7321738530881556,3.877149506062235
*CC(*)c1nc(N)nc(N)n1,egc,5.2767,4.774211498316598,5.100605426885234,5.169894456201112,5.014903793800981
*OC1CCC(C2CCC(OC(=O)CCCCCCCCCCC(*)=O)CC2)CC1,egc,6.4832,6.46062235768365,6.302543940449498,6.4381006814931805,6.400422326542109
*c1ccc(C(C)(C)c2ccc(-n3c(=O)c4cc5c(=O)n(*)c(=O)c5cc4c3=O)cc2)cc1,egc,2.5724,2.623951966241875,2.601013703104763,2.589446010093174,2.6048038931466038
*CCCCOC(=O)COCC(=O)O*,egc,6.6832,6.166025929352875,6.167970928260325,6.1294139949674875,6.154470284193562
*NNC(=O)c1ccc(C(*)=O)cc1OCCCCCCCC,egc,4.1277,4.017510956623437,4.077320852607223,4.031910431424935,4.042247413551865
*CCC(=O)Oc1ccc(OC(=O)CCN2CCN(*)C(C)C2)cc1,egc,4.6472,5.001729697372735,4.705600926228203,4.910234551561965,4.872521725054301
*C(=O)CCN(C)CCN(C)CCC(=O)N1CCN(*)CC1,egc,4.9845,4.414939834346207,4.921795223928234,4.100707727994207,4.479147595422883
*OC(COC(*)=O)COC(C)(C)C,egc,6.0333,6.2292019505318725,6.232627264982138,6.26744575165233,6.243091655722114
*c1ccc2c(c1)c1cc(*)ccc1n2CC(=O)NO,egc,3.6467,3.123720470953211,3.4103038560221646,3.549754955019557,3.3612597606649772
*C#CC#Cc1ccc(*)cc1,egc,2.0489,2.5148717079121785,2.53533294779495,3.178897495640133,2.743034050449087
*c1ccc(*)n1CCC(=O)NO,egc,2.8742,2.888346880505008,3.1290773079890806,2.914171980267413,2.9771987229205004
*CCCCCCNC(=O)CCCCCCCCC(=O)N*,egc,6.0268,5.8509998450988965,5.870709155571706,5.819672758971701,5.847127253214102
*CCCCCCCCCCCCCCCCCCCCOC(=O)COCC(=O)O*,egc,6.3895,6.1474302130743474,6.237915942218507,6.265499669267307,6.21694860818672
*Oc1ccc(Cc2ccc(OC(=O)OCC3CCC(COC(*)=O)CC3)cc2)cc1,egc,5.1271,4.969357716371552,5.351235017201052,5.151098024214511,5.157230252595705
*C(F)(F)C(F)(F)C(=O)C(=S)*,egc,2.0268,3.0240748785062546,3.061847821097122,2.743157691164435,2.9430267969226036
*CC(OO*)c1ccc(Br)cc1,egc,5.1335,4.1877315227751595,4.779277659238391,4.65808841495017,4.541699198987907
*Oc1ccc(Oc2ccc(NC(=C(C#N)C#N)c3cccc(C(Nc4ccc(*)cc4)=C(C#N)C#N)c3)cc2)cc1,egc,2.6924,2.861741507471805,2.888269745007701,2.759730879136909,2.836580710538805
*OC(=O)Oc1cccc(OC(=O)OC2CC3CC(*)CC(C2)O3)c1,egc,5.8268,5.59693117973983,5.731898455476537,5.4810911371045945,5.603306924106987
*CC(F)(F)C1(F)CC(CC(O)(C(F)(F)F)C(F)(F)F)CC1*,egc,7.7065,6.981684914208201,7.038229636800908,7.163621023709377,7.061178524906161
*c1cc(C(=O)OCC(F)(F)C(F)(F)C(F)(F)F)c(*)s1,egc,2.8607,2.6448575831870236,2.8786632164858688,2.4653246251152607,2.6629484749293844
*CCOCCOC(=O)CCSCCC(=O)O*,egc,5.4283,5.392499794189247,5.347467552754091,5.33940290845676,5.359790085133366
*CCCC(C)(C)CNC(=O)CCCCCCCCC(=O)N*,egc,5.8198,5.882551474075361,5.8331436646846475,5.777508911453784,5.83106801673793
*C(F)(F)C(F)(F)C(C=C1)=CC=C1O*,egc,4.5008,4.816552407676026,5.210464736305376,4.565062900857861,4.864026681613088
*CC(CC)(CO)CO*,egc,5.2286,6.228250658174915,6.164704911487139,6.479409599954947,6.290788389872333
*NC(C)C(=O)NCCCCCCCCCCC(*)=O,egc,5.8221,5.817558161729681,5.7046814825846885,5.745084563856153,5.75577473605684
*c8ccc(C7(c5ccc(n4c(=O)c3ccc(Oc2ccc1c(=O)n(*)c(=O)c1c2)cc3c4=O)cc5)OC(=O)c6ccccc67)cc8,egc,3.3847,2.990810059087934,3.2517029249097593,2.843133019722817,3.0285486679068367
*c1cccc(Oc2ccc(S(=O)(=O)c3ccc(Oc4cccc(N5C(=O)c6ccc(-c7ccc8c(c7)C(=O)N(*)C8=O)cc6C5=O)c4)cc3)cc2)c1,egc,2.9006,3.1337048267923224,3.0929223431795223,3.272172872286026,3.166266680752624
*CC(CCC)C(CCC)COC(=O)c1ccc(C(=O)O*)cc1,egc,4.734,5.064571053309615,4.746126340801907,4.959502986064989,4.923400126725504
*C=C(*)C(C)=O,egc,3.9542,1.9308968059511549,2.3358270448903524,2.280859240148947,2.182527696996818
*CCOCCOC(=O)CCCCCCCCCCCCCCCCC(=O)O*,egc,6.2057,6.448783972149878,6.383718017067112,6.4041922644594,6.41223141789213
*Oc1cc(Oc2ccc(C(C)(C)c3ccc(*)cc3)cc2)cc(C(=O)Oc2ccc(N=Nc3ccc(C#N)cc3)cc2)c1,egc,3.1481,3.0116944143815028,3.0465507600556037,2.792731176720543,2.9503254503858827
*C(=O)C(=S)C(=O)O*,egc,2.3358,2.1590526930526095,2.048190787084912,2.017477450434945,2.0749069768574886
*c1cc2sc(*)cc2s1,egc,1.8963,2.511078607226725,2.3760229492112903,2.5491945835201952,2.4787653799860703
*c1ccc(Oc2ccc(-c3cnc4ccc(-c5ccc6nc(*)cnc6c5)cc4n3)cc2)cc1,egc,3.1515,3.1536645023515293,3.12909075023652,2.760405159194542,3.014386803927531
*C(=O)Oc1ccc(OC(=O)c2ccc3c(c2)C(=O)N(c2ccc(Oc4ccc(N5C(=O)c6ccc(*)cc6C5=O)cc4)cc2)C3=O)c(-c2ccccc2)c1,egc,2.5898,2.7456394684063925,2.5800812114575216,2.7561601380499408,2.693960272637952
*Nc1cccc2c(NC(=O)c3cccc(C(*)=O)c3)cccc12,egc,3.1462,3.3510655317126252,3.3801741815797826,3.3568968240368187,3.3627121791097423
*CC(*)C(=O)Nc1ccc2c(c1)C(=O)c1ccccc1C2=O,egc,3.0723,3.3202833351269843,3.537326973235728,3.2888581103506445,3.3821561395711193
*CCOCCC(=O)O*,egc,6.821,6.336145081657136,6.401586553081295,6.509743773244589,6.415825135994339
*CCN1C(=O)C(=CC=C2SC(=S)N(*)C2=O)SC1=S,egc,2.2801,3.196199085388246,3.249388659356822,2.8658735037808696,3.1038204161753122
*CC(*)(F)F,egc,7.1498,6.760305101010669,6.656817049137533,6.899150137101239,6.77209076241648
*CCC(=O)NCC(=O)N*,egc,6.1234,6.045078290795202,5.8649677857663285,5.991872272375652,5.967306116312394
*CCCCCCCCCOC(=O)c1ccc(NC(=O)CCCCCCCCC(=O)Nc2ccc(C(=O)O*)cc2)cc1,egc,4.1632,4.307115178443584,4.225424785853169,4.315827806944975,4.282789257080576
*CC(*)OC(=O)C(Cl)(Cl)Cl,egc,5.7645,6.119695331316899,5.818409404108601,5.661601233757696,5.866568656394399
*OC(C)COC(=O)CCCCCCCCC(*)=O,egc,6.952,6.534226314254223,6.519451634306952,6.497707865011892,6.5171286045243555
*CCCCCCCCCCNC(=O)C(C)=C(C)C(=O)N*,egc,4.9889,4.687694528734861,4.714184452383853,4.545139538449826,4.649006173189513
*CC(C)(C)COC(=O)Nc1ccc(C)c(NC(=O)O*)c1,egc,5.1704,4.966561436520823,4.8365339159836855,5.063705958876018,4.955600437126843
*CCCC(=O)*,egc,5.3982,5.68014405334255,5.865924201146948,5.540176182308122,5.695414812265874
*C=Cc1sc(*)c2c1OC(CCCCCC)CO2,egc,1.0146,2.182667028990958,2.746153749373372,2.826890132597393,2.585236970320574
*CCC(=O)N(*)C,egc,5.368,5.511461264061495,5.5596609119811395,5.412251773581805,5.494457983208147
*CC(C)(C)COC(=O)CCCCCCC(=O)O*,egc,6.7281,6.6714629301898665,6.5118552414281625,6.576097762878758,6.586471978165595
*NC(S1)=CC=C1C(S2)=CC=C2C(S3)=CC=C3*,egc,2.2573,2.153110255693656,1.991199131470234,2.2092755358558427,2.1178616410065776
*c1ccc(-c2cnc3cc(-c4ccc5nc(*)cnc5c4)ccc3n2)cc1,egc,3.2178,2.795177825280881,3.0569358375915394,2.7383862936498566,2.863499985507426
*CC(O)COC(=O)CCCCC(=O)OCC(O)COc1ccc(O*)cc1,egc,5.0285,4.960388834625788,5.00896402067205,5.1534541557394125,5.040935670345751
*C(=O)OC(C=C1)=CC=C1C(=S)*,egc,2.9816,3.315833304861607,3.222228452453021,3.4574450002666164,3.3318355858604147
*C(=O)c1ccc2c(c1)C(=O)N(c1cccc(C(=O)N(C)c3ccc(N4C(=O)c5ccc(*)cc5C4=O)cc3)c1)C2=O,egc,2.3447,2.4768929045524546,2.6830173430140225,2.663987142977869,2.6079657968481156
*CC(CC(*)(C#N)C(=O)OC)c1ccccc1,egc,5.5884,5.366067389513229,5.709430442117871,5.231004180588923,5.435500670740008
*c1ccc(Cc2ccc(N3C(=O)c4ccc(S(=O)(=O)c5ccc6c(c5)C(=O)N(*)C6=O)cc4C3=O)cc2)cc1,egc,2.775,2.8942309633609686,2.9152974087783154,2.866058923421332,2.891862431853539
*CCCCCCSSCCCCSS*,egc,5.0908,4.728522561541209,4.925971505781984,4.8215164429098,4.825336836744331
*C(=O)NCCCCCCCCCCNC(=O)c1ccc(*)nc1,egc,4.5311,4.625319914961599,4.397455047977475,4.563732702316941,4.528835888418672
*CCCS(=O)(=O)CCCCS(=O)(=O)CCCOC(=O)O*,egc,6.4999,6.692240022372306,6.386679315708818,6.3703346866214385,6.483084674900854
*c1ccc(Oc2ccc(-c3cnc4cc5ncc(*)nc5cc4n3)cc2)cc1,egc,2.782,3.2453227109770393,3.236260466928008,3.266336182515601,3.2493064534735496
*C=CC1CC(*)C2C(=O)N(c3cccc(C)c3)C(=O)C12,egc,4.9512,5.133860750979323,4.996944145413452,5.053286432384755,5.061363776259177
*CCCCCCOC(=O)OCCCCCCCCOC(=O)OCCCCCCOc1ccc(Oc2ccc(O*)cc2)cc1,egc,4.4708,5.100057552025681,4.860588250269703,5.240696548687778,5.067114116994387
*CC(=O)C(=S)O*,egc,3.8359,3.353183886487347,3.38074733263946,2.759080338488708,3.1643371858718385
*C(=O)C(C=C1)=CC=C1C(=S)C(C=C2)=CC=C2*,egc,2.9419,2.986780979360512,2.9576584775343355,3.1487674137983386,3.0310689568977285
*c1cc(CCCCCCCCCC)c(*)[nH]1,egc,2.8756,2.9422165148382224,3.1404907736812047,2.9533653460939417,3.0120242115377898
*c1ccc(-c2nc3cc4sc(*)nc4cc3s2)cc1,egc,3.1122,3.1412285439106475,3.242647432394373,3.2573574498533966,3.213744475386139
*c1ccc(C(C=CC)c2ccc(-n3c(=O)c4cc5c(=O)n(*)c(=O)c5cc4c3=O)cc2)cc1,egc,2.5577,2.3760722621390666,2.5367669721924155,2.2164815040583234,2.376440246129935
*Nc1ccc(NC(=O)CCC(*)=O)cc1,egc,4.4554,4.130674652844308,4.215940842454602,4.149850693803275,4.165488729700728
*Oc1ccc(CC(NC(=O)Cc2ccc(OC(=O)CC(C)CCC(*)=O)cc2)C(=O)OCCCCCCCC)cc1,egc,5.2951,4.7405849225661285,4.875603072691677,4.947171172365841,4.854453055874548
*c1ccc([Si](c2ccccc2)(c2ccccc2)c2ccc(-c3nnc(*)o3)cc2)cc1,egc,4.0946,3.290581609553465,3.5025647262124515,3.4922889955895826,3.4284784437851665
*c1ccc(*)c2nc(CCCCCCC)c(CCCCCCC)nc12,egc,3.0414,3.629868874686218,3.426141512994737,3.552506683481746,3.536172357054234
*Oc1ccc(C2(c3ccc(OC(*)=O)c(Cl)c3)CCCCC2)cc1Cl,egc,4.9504,4.704648739552738,4.808664528333439,4.657203070068197,4.723505445984791
*c1ccc(Oc2ccc(C(=O)c3cccc(C(=O)c4ccc(Oc5ccc(-n6c(=O)c7cc8c(=O)n(*)c(=O)c8cc7c6=O)cc5)cc4)c3)cc2)cc1,egc,2.3756,2.2033208829787823,2.3199708650170496,2.237661954469476,2.2536512341551025
*CC(*)c1c(F)c(F)c(OC)c(F)c1F,egc,4.6291,4.999994593344834,5.0893938250128725,4.890085237837107,4.993157885398271
*C(=O)c1ccc(C(=O)N2CCN(*)CC2)cc1,egc,4.6128,4.097963927461855,4.013536759337566,4.1813366343402985,4.097612440379906
*CC(*)C(=O)C(C)(C)C,egc,5.3334,5.579098382762186,5.600137536261176,5.524282742720808,5.567839553914723
*CCCCCc1nnc(*)n1N,egc,5.7571,5.539300421493218,5.604482769756071,5.570683807896083,5.5714889997151245
*CCCCCCC(Cl)C(*)Cl,egc,6.8762,7.122123548223004,6.949109293554177,6.837893282670842,6.969708708149341
*NC(=S)NC(C=C1)=CC=C1NC(=S)NC(C=C2)=CC=C2CC(C=C3)=CC=C3*,egc,3.7248,3.141631663561169,3.165233936834985,3.089447593537966,3.13210439797804
*CC(F)(F)C(F)(F)C(F)(F)COC(=O)CCCC(=O)O*,egc,6.894,6.903804756576411,6.617835974556611,6.714454692440143,6.745365141191055
*Oc1ccc(OC(=O)C=Cc2ccc(C=CC(*)=O)cc2)cc1,egc,3.0386,3.856792088913784,3.4541291017921028,3.8628257710767926,3.7245823205942266
*C(F)(F)C(S1)=CC=C1C(F)(F)C(=S)*,egc,2.8122,3.6249231509738338,3.30392438728174,3.726260353845559,3.5517026307003774
*CCOCCOC(=O)C=CC(=O)O*,egc,4.6987,4.829341693122373,5.013863936924455,5.179465097517599,5.007556909188143
*c1ccc2c(c1)c1cc(*)ccc1n2CC(=O)OCC,egc,3.5868,3.7560351291808427,3.7263129671583872,3.9348105042235484,3.8057195335209264
*CC(O)COc1ccc(S(=O)(=O)c2ccc(OCC(O)COc3cccc(O*)c3)cc2)cc1,egc,4.3099,4.422027629254345,4.2751504886558935,4.253711332594607,4.316963150168282
*c1ccc(-c2ccc(*)c(C)c2)cc1C,egc,3.8863,3.252536942173698,3.6514626139874107,3.8550026071557535,3.586334054438954
*Cc1ccc(COC(=O)CCCCCCCCCCCCCCCCCCC(=O)O*)cc1,egc,5.5452,5.481565137059423,5.598810687843528,5.778383898229374,5.6195865743774425
*c1ccc(C(=O)Nc2ccc(Oc3ccc(NC(=O)c4ccc(-n5c(=O)c6cc7c(=O)n(*)c(=O)c7cc6c5=O)cc4)cc3)cc2)cc1,egc,1.639,2.344052583866793,2.326422361461349,2.3993112971946235,2.356595414174255
*Nc1ccc(*)nc1,egc,3.2295,3.3138757062162916,3.709333749962189,3.1340836222845567,3.385764359487679
*=CC2OC(C=*)C3C(=O)N(c1cc(C(F)(F)F)cc(C(F)(F)F)c1)C(=O)C23,egc,5.0857,5.331280648928307,5.401867268556359,4.727811826440646,5.153653247975104
*CC(*)c1cc(Cl)ccc1Cl,egc,2.6378,2.847319329913906,3.244501179841717,2.9905613958616453,3.027460635205756
*CC(*)c1cc(Br)ccc1OCCCC,egc,4.5078,4.2421329919462085,4.0945427468791635,3.9990248913041175,4.111900210043163
*c1cc(CCOc2ccc(N=Nc3ccc(C#N)cc3)cc2)c(*)s1,egc,2.0292,2.2856354570851347,2.2174980234381443,2.2285891248717276,2.243907535131669
*CC(*)(F)C(C)=O,egc,4.643,5.559734054587578,6.104049152546036,5.7294685468248225,5.797750584652813
*Oc1ccc(C(=O)OCCOC(=O)c2ccc(*)cc2)cc1,egc,3.8209,4.335725780514194,4.171970093832374,4.59312288419232,4.366939586179629
*CCCCCCCCCCCCNC(=O)NCCCCCCCCCCNC(=O)N*,egc,5.6621,5.810548234566657,5.776408427574011,5.928710287826554,5.8385556499890745
*COC(=O)NCc1ccc(CNC(=O)OCc2ccc(*)o2)o1,egc,5.0674,4.253090721439997,4.5238551658678645,4.142441325879111,4.306462404395657
*Oc1cccc(NC(=O)c2ccc([Si](c3ccccc3)(c3ccccc3)c3ccc(C(*)=O)cc3)cc2)c1,egc,3.9647,3.3156792261465506,3.6573249014655174,3.3969910953368667,3.456665074316312
*CCOC(=O)c1ccc(Cc2ccc(C(=O)O*)cc2)cc1,egc,4.6415,4.358811603070858,4.57682621055629,4.400612494782613,4.445416769469921
*C(=O)c1ccc2c(c1)C(=O)N(c1cccc(C(=O)Nc3ccc(N4C(=O)c5ccc(*)cc5C4=O)cc3)c1)C2=O,egc,2.497,2.6703244599524116,2.679019591087785,2.6290719842904333,2.659472011776877
*OC(C)CCOC(=O)C(*)=O,egc,5.5088,5.966006508658719,5.821276758828875,5.995237860541349,5.927507042676314
*C=CC1CC(*)C(C(=O)OC)C1C(=O)OC,egc,5.0643,5.409010633959663,5.651247148258515,5.45980241021659,5.50668673081159
*CC(CCl)(CCl)COC(=O)C(=O)O*,egc,5.906,5.394784274765443,5.5907971369299165,5.052858328461297,5.34614658005222
*OS(=O)(=O)c1ccc(*)cc1,egc,4.9308,4.127753603971407,4.092047362741608,4.096186944438872,4.105329303717297
*CC(C)(CC)CO*,egc,5.6322,5.766924684327748,5.815547734743726,5.714823680185899,5.765765366419124
*C(=O)c1ccc2c(c1)C(=O)N(c1ccc(Oc3ccc(S(=O)(=O)c4ccc(Oc5ccc(N6C(=O)c7ccc(*)cc7C6=O)cc5)cc4)cc3)cc1)C2=O,egc,2.6168,2.696653039164718,2.6491844737042056,2.839866060384143,2.728567857751022
*c1ccc(S(=O)(=O)c2ccc(-n3nc(-c4ccc(Oc5ccc(-c6nn(*)c(=O)c7ccccc67)cc5)cc4)c4ccccc4c3=O)cc2)cc1,egc,3.5201,3.5544166871531413,3.5702565212078663,3.5476450386312295,3.557439415664079
*Oc1ccc(P(C)(=O)c2ccc(*)cc2)cc1,egc,4.6884,4.682821671772442,4.608525506659842,4.984112760001978,4.758486646144754
*CCCCCCCCNC(=O)CCCCCCC(=O)N*,egc,5.7761,5.916288006575112,5.813999298754979,5.873838523137414,5.868041942822502
*CC1CCC(*)C1,egc,6.9613,6.811843342367595,6.609466665965893,6.489152568096647,6.636820858810045
*C(F)(F)CC(F)(F)C(S1)=CC=C1*,egc,5.0751,4.23474192859042,4.033136158571061,4.237358518098848,4.168412201753443
*c1ccc(*)c(C(=O)c2ccc(F)cc2)c1,egc,4.2742,3.9011158108912873,3.615913876775395,3.7486065017064623,3.755212063124381
*CCCCCCCCCCOC(=O)CCCCSCCCCC(=O)O*,egc,5.1162,5.310510742750985,5.348799265442497,5.315319009586889,5.324876339260125
*c1cc(C(=O)Oc2cccc3cccnc23)c(*)s1,egc,2.8057,2.551466720026899,2.4164824349373673,2.4359433066698837,2.46796415387805
*CC(*)(C)C(=O)OCCOC(=O)CCn1ccnc1,egc,4.5949,4.962728803826401,5.103228960948154,4.779694799477849,4.948550854750802
*Oc1ccc(P(=O)(c2ccccc2)c2ccc(*)cc2)cc1,egc,4.8858,4.27065479302894,4.4016704406082265,4.316610954102514,4.329645395913228
*c1ccc(-c2nc3cc(-c4ccc5nc(*)c(-c6ccccc6)nc5c4)ccc3nc2-c2ccccc2)cc1,egc,2.983,3.1483123693691972,3.172447813670579,3.1058184433897513,3.142192875476509
*Cc1ccc(-c2ccc(CSC(=O)CCC(=O)S*)cc2)cc1,egc,4.7843,3.925763710343929,3.9396225763838943,3.630551855775126,3.831979380834316
*C1OC(C(F)(F)F)(C(F)(F)F)OC1(*)F,egc,8.2782,6.991153513516167,7.3353470462830925,7.5056366284965845,7.277379062765282
*CCCCCCCCCCN(C)C(=O)CCCCCCCCC(=O)N(*)C,egc,5.5704,5.100086078195646,5.366314371555459,4.769788400902986,5.078729616884697
*OC(=O)Oc1ccc(OC(=O)OC2CC3CC(*)CC(C2)O3)cc1,egc,5.6192,5.594364822303853,5.534177762332355,5.635317866906449,5.587953483847552
*C=C(*)c1cc(C(F)(F)F)oc1C(F)(F)F,egc,1.9958,1.8032163071037939,2.4028864882319905,1.75994523301897,1.9886826761182512
*C(=O)Nc1cccc(NC(=O)c2ccc3[nH]c(-c4cccc(-c5nc6cc(*)ccc6[nH]5)c4)nc3c2)n1,egc,3.4965,3.2857465180907712,3.250571786469368,3.3459591596205533,3.294092488060231
*Nc1ccc(NC(=O)c2cc(SCCCCCCCC)c(C(*)=O)cc2SCCCCCCCC)cc1,egc,2.9501,3.258992914665821,3.0973546867002675,3.2535834876655767,3.203310363010555
*C1=C(CCCCCC)C(CCCCCC)=C(c2sc(-c3sc(*)c4c3OCCO4)c3c2OCCO3)S1(=O)=O,egc,1.3792,2.1243512474519384,2.064911153796499,2.344523997627806,2.1779287996254144
*Oc1ccc(C(C)=NN=C(C)c2ccc(OC(=O)CCCCCCCCC(*)=O)cc2)cc1,egc,3.996,4.042764463226407,3.90297204691486,4.403322736667897,4.116353082269721
*NNC(=O)CCCCC(=O)NNC(=O)CCCCCCCCC(*)=O,egc,5.6341,5.443314217836805,5.557099458286204,5.547920711271389,5.516111462464799
*CCCCCCCc1nc2ccc(-c3ccc4nc(*)oc4c3)cc2o1,egc,4.0726,4.124272421440188,4.138700195636844,4.0391515756791225,4.100708064252052
*CC(=O)OC(=S)*,egc,3.6315,3.6876163993138706,4.103586088695948,4.0993854741652385,3.9635293207250193
*CCCCCCCCCCCNC(=O)c1ccc(C(=O)N*)cc1,egc,4.9311,4.638439777205178,4.751782006542128,4.665986651238793,4.685402811662033
*C(F)(F)C(*)(F)OC(F)(F)F,egc,8.2947,8.72339401514335,8.768615674253068,7.916476349177648,8.469495346191357
*c1ccc(Cc2ccc(N(*)Cc3ccccc3)cc2)cc1,egc,4.2622,3.806991703403406,3.9129671239133117,3.757021775198483,3.8256602008384006
*Nc1ccc(CC(C)(C)NC(=O)CCCCCCCCC(*)=O)cc1,egc,4.455,4.976674998577455,4.797376731275532,5.05814649344514,4.944066074432709
*CCOC(=O)NCCCCCCCCCNC(=O)O*,egc,6.3118,6.172927474158092,6.170971773291667,6.108080755575998,6.1506600010085855
*Cc1cc(C23CC4CC(CC(C4)C2)C3)cc(CN(*)C)c1O,egc,4.5466,4.387937403358075,3.7919659404062496,4.670400739273423,4.2834346943459165
*Nc1ccc2c(c1)Cc1cc(NC(=O)c3cc(C(=O)O)c(C(*)=O)cc3C(=O)O)ccc1-2,egc,2.6346,3.019678448699293,3.1170666034962675,3.293549977808566,3.1434316766680426
*CCCCCCCCCCCCCC(=O)O*,egc,6.7839,6.822211836159102,6.717210935516901,6.81148909613667,6.783637289270891
*Oc1cc(C)cc(OC(=O)c2cccc(C(*)=O)c2)c1,egc,4.2911,4.198462711353934,4.466538927942014,4.45253287183744,4.37251150371113
*c1ccc(S(=O)(=O)c2ccc(-n3nc(-c4ccccc4)c4ccc(Oc5ccc6c(-c7ccccc7)nn(*)c(=O)c6c5)cc4c3=O)cc2)cc1,egc,3.4595,3.56911466846193,3.4458984102225227,3.318720087314263,3.444577721999572
*CCOCCOCCOCCOCCOCCOC(=O)NCCCCCCNC(=O)O*,egc,5.6975,6.02310900045706,6.108889191395522,6.325241209733344,6.152413133861974
*CCC(O*)(C(F)(F)F)C(F)(F)F,egc,7.6175,6.997304034435318,7.454594879566395,7.145118423716079,7.199005779239265
*Oc1ccc(CC(NC(=O)CCc2ccc(OC(=O)COCCOCC(*)=O)cc2)C(=O)OC)cc1,egc,5.2022,5.034468141812955,4.565258689420126,4.785571565843843,4.795099465692307
*C(C=C1)=CC=C1OC(=S)C(S2)=CC=C2*,egc,2.8495,2.6750906081091927,2.6448633185328863,2.495665762760733,2.6052065631342707
*CC(*)c1ccccc1C(=O)OC,egc,5.0713,4.105009128833521,4.39072868454168,4.518423449075353,4.3380537541501845
*NC(C)C(=O)NC(C)C(=O)NCC(*)=O,egc,5.7884,5.710200885722324,5.582129500219258,5.7593268697853635,5.683885751908981
*Nc1cc(NC(=O)NCCCCCCNC(*)=O)ccc1C,egc,4.7413,4.5200226429593116,4.184570153373279,4.200555281623211,4.301716025985267
*CCC(=O)N(CCN(C(=O)CCN1CCN(*)CC1)C(C)C)C(C)C,egc,4.3463,4.59556618792825,4.970592038168975,4.770609695578759,4.778922640558662
*CC(F)(F)C(F)(F)C(F)(F)COC(=O)C(F)(F)C(F)(F)C(F)(F)C(F)(F)C(=O)O*,egc,6.5652,6.332053262368005,6.256679297112313,6.450201346103544,6.346311301861287
*NC(C)C(=O)NC(C)C(=O)NC(C(=O)NC(C(*)=O)C(C)C)C(C)C,egc,5.7985,5.712817051297406,5.417845297839186,5.622940861187265,5.584534403441286
*Nc1ccc(*)cc1O,egc,3.4121,3.5309081180144677,3.553037312123969,3.612991953112509,3.565645794416982
*C(*)(F)F,egc,7.2027,6.448043517202313,6.677818040347341,6.747543750775616,6.624468436108423
