smiles,target_type,target,oof_chemprop,has_oof
*Oc1ccc(cc1)C1(c2cc(ccc2c2ccc(cc12)[N+](=O)[O-])OC)c1ccc(cc1)OC(=O)*,tg,294.0,,False
*CCCCOC(=O)NC1CCC(CC2CCC(NC(=O)O*)CC2)CC1,egc,6.1232,5.937187571828022,True
*N1C(=O)c2c(C1=O)cc(cc2)Oc1cc2c(cc1Oc1cc3c(C(=O)N(C3=O)c3ccc(cc3)Oc3ccc(cc3)c3ccc(cc3)Oc3ccc(cc3)*)cc1)cccc2,tg,222.5,232.99171447753906,True
*N1C(=O)c2c(C1=O)cc(cc2)S(=O)(=O)c1cc2c(C(=O)N(C2=O)CCCCCCOC(=O)CCCCCCCCC(=O)OCCCCCC*)cc1,tg,72.0,43.66865158081055,True
*N1C(=O)c2c(C1=O)cc(cc2)C(c1cc2c(C(=O)N(C2=O)CC(=O)Nc2ccc(cc2)Oc2ccc(cc2)C(c2ccc(cc2)Oc2ccc(cc2)NC(=O)C*)(C)C)cc1)(C(F)(F)F)C(F)(F)F,tg,224.0,,False
*OCC(C*)C(C)(C)C,tg,-4.0,,False
*NCC*,tg,-8.55,,False
*OC(=O)c1ccc(cc1)CCCCCCc1ccc(cc1)C(=O)*,tg,20.0,,False
*c1cc2c(C(=O)N(C2=O)c2ccc(cc2)C(c2ccc(cc2)N2C(=O)c3c(C2=O)cc(cc3)C(*)(C(F)(F)F)C(F)(F)F)(C)C)cc1,tg,297.0,,False
*OC(=O)Nc1c(ccc(c1)NC(=O)OCCN(CC*)c1cc(c(cc1)N=Nc1c(cc(cc1)[N+](=O)[O-])C)C)C,tg,135.0,,False
*CCCCCc1nnc(*)o1,egc,6.1707,,False
*C(OC(F)(F)F)C(*)(F)F,egc,8.5308,,False
*N1C(=O)c2c(C1=O)cc(cc2)Oc1cc2c(cc1)cc(cc2)Oc1cc2c(C(=O)N(C2=O)c2cc(ccc2)*)cc1,tg,230.0,,False
*OC(=O)c1c(cc(cc1)C(=O)OCCN(CC*)c1ccc(cc1)N=Nc1[nH]c(c(n1)C#N)C#N)OCCC,tg,152.0,,False
*C(F)(F)CC(F)(F)C(=O)*,egc,4.9534,,False
*C(C*)(C(=O)OCCCCc1ccc(cc1)N=Nc1ccc(cc1)OC(F)(F)F)C,tg,203.5,,False
*c1cc2c(C(=O)N(C2=O)c2ccc(cc2)Cc2ccc(cc2)N2C(=O)c3c(C2=O)cc(cc3)C(=O)c2ccc(cc2)Oc2ccc(cc2)c2ccc(cc2)Oc2ccc(cc2)C(=O)*)cc1,tg,241.0,,False
*CCCCCCCCc1nc(-c2ccc(-c3csc(*)n3)cc2)cs1,egc,3.6182,4.2449497599523625,True
*CNC(=O)CC(=O)N*,egc,6.3692,5.730832413288748,True
*N=P(*)(OC)OC,tg,-75.33,,False
*Oc1ccc(cc1)C=CC(=O)c1ccc(cc1)Oc1ccc(cc1)C(c1ccc(cc1)*)(c1ccccc1)C,tg,167.0,,False
*Oc1ccc(C(C)(C)c2ccc(OC(=O)SCCCSC(*)=O)cc2)cc1,egc,4.8294,4.328008703193701,True
*N1C(=O)c2c(C1=O)cc(cc2)Oc1ccc(cc1)C1(CCC(CC1)C(C)(C)C)c1ccc(cc1)Oc1cc2c(C(=O)N(C2=O)Oc2c(cc(cc2C)C(c2cc(c(c(c2)C)O*)C)(C)C)C)cc1,tg,248.0,,False
*N1C(=O)c2c(C1=O)cc(cc2)c1ccc(cc1)c1cc2c(C(=O)N(C2=O)CCCCCCOC(=O)OCCCCCC*)cc1,tg,74.0,80.11994171142578,True
*c1ccc(Oc2ccc(S(=O)(=O)c3ccc(Oc4ccc(-c5c6c(c(*)c7ccccc57)C(=O)N(c5ccccc5)C6=O)cc4)cc3)cc2)cc1,egc,3.4421,2.7415669693230185,True
*C1C(=O)N(C(=O)C1*)c1c(cccc1)C,tg,335.0,280.1643371582031,True
*Nc1ccc(Cc2ccc(NC(=O)c3cc(C(*)=O)cc(N4C(=O)C=CC4=O)c3)cc2)cc1,egc,2.1937,2.721560470475102,True
*OC(=O)C(CC(C)C)NC(=O)CCCCC(=O)NC(CC(C)C)C(=O)OC1COC2C(*)COC12,egc,5.6427,,False
*Oc1c(cccc1)Oc1ccc(cc1)S(=O)(=O)c1ccc(cc1)*,tg,171.0,,False
*C(C*)c1ccc(cc1)B(c1ccc(cc1)C(C)(C)C)Oc1c2ncccc2c(cc1)Cl,tg,238.0,257.1434631347656,True
*O[Si](CCCCCCOC(=O)C(Oc1c(cc(cc1)OC(=O)c1ccc(cc1)c1ccc(cc1)OCCCCCCCCCC[Si](*)(C)C)[N+](=O)[O-])C)(C)C,tg,20.0,27.088966369628906,True
*c1ncnc(n1)N(CCCCN(*)c1ccccc1)c1ccccc1,tg,91.0,73.86759185791016,True
*Oc1ccc(CC(NC(=O)Cc2ccc(OC(=O)CC(C)CCC(*)=O)cc2)C(=O)OCCCCCC)cc1,egc,4.8662,5.19752910705137,True
*CNC(=O)NCOC(=O)NCCCCCCNC(=O)O*,egc,6.3471,6.0927757227400985,True
*C(C(*)(C(=O)OC(C([2H])([2H])[2H])([2H])[2H])C([2H])([2H])[2H])([2H])[2H],tg,94.0,,False
*C(C=C1)=CC=C1C(S2)=CC=C2C(S3)=CC=C3C(S4)=CC=C4*,egc,2.0066,2.4544005437247107,True
*N1C(=O)c2c(C1=O)cc(cc2)C(=O)c1cc2c(C(=O)N(C2=O)CCCCCC(=O)Nc2ccc(cc2)Oc2ccc(cc2)NC(=O)CCCCC*)cc1,tg,195.0,188.03277587890625,True
*c1sc(cc1)c1sc(c(c1)CCCCCCCC)c1sc(cc1)c1sc(cc1)c1sc(cc1CCCCCCCC)c1sc(cc1)[Si]([Si]([Si]([Si](*)(C)C)(C)C)(C)C)(C)C,tg,6.0,,False
*NNC(=O)c1cc(cc(c1)NC(=O)c1cc2c(C(=O)N(C2=O)c2ncc(cc2)C)cc1)C(=O)NNC(=O)c1ccc(cc1)C(=O)*,tg,145.6,,False
*OC(COCC*)CCl,tg,-40.0,,False
*OC(COC(=O)c1cc(cc(c1)C(C)(C)C)C(=O)*)COc1ccc(cc1)N=Nc1ccc(cc1)C#N,tg,137.0,,False
*N1C(=O)c2c(C1=O)cc(cc2)C(c1cc2c(C(=O)N(C2=O)C(=S)Nc2ccc(cc2)Oc2ccc(cc2)NC(=S)*)cc1)(C(F)(F)F)C(F)(F)F,tg,260.0,,False
*NC(C)C(*)=O,egc,6.0729,5.596960141070096,True
*OC(CC(*)=O)C1CO1,egc,6.757,6.106837191093107,True
*S(=O)(=O)c1ccc(cc1)Sc1ccc(cc1)*,tg,215.0,,False
*C(C*)(C(=O)OCC(Oc1ccc(cc1)c1ccc(cc1)c1ccc(cc1)C#N)C)C,tg,140.0,,False
*NC(=O)CCCCC(=O)NCCCC1(c2ccccc2c2ccccc12)CCC*,tg,120.0,,False
*C(C*)C(=O)OCCCCCn1c2ccccc2c2ccccc12,tg,53.0,58.335601806640625,True
*C(C(C(C*)OCC)(C(=O)OC)C)(C(=O)OC)C,tg,131.0,,False
*Oc1ccc(C(C)=NCCN=C(C)c2ccc(*)cc2)cc1,egc,4.4026,3.782993928057855,True
*C(=O)C(O)c1ccc(*)s1,egc,4.0132,,False
*O[Si](C#C[Si](C#C[Si](C#C[Si](C#C[Si](*)(C)C)(C)C)(C)C)(C)C)(C)C,tg,-23.0,-15.96137523651123,True
*C(C*)C(=O)OCCCOc1ccc(cc1)C(=O)OCCCC(C(C(C(C(C(F)(F)F)(F)F)(F)F)(F)F)(F)F)(F)F,tg,17.0,,False
*N(CC(CCCCC(C*)O)O)c1ccc(cc1)N(C)C,tg,72.0,59.33836364746094,True
*c1nc(nc(n1)c1ccc(cc1)Oc1cc2c(cc1)ccc(c2)Oc1ccc(cc1)*)c1ccccc1,tg,255.0,,False
*c1c2c(c(nn1)c1ccc(cc1)Oc1ccc(cc1)C(c1ccc(cc1)Oc1ccc(cc1)*)(C(F)(F)F)C(F)(F)F)c(c(c(c2c1ccccc1)c1cc2c(cc1)cccc2)c1cc2c(cc1)cccc2)c1ccccc1,tg,286.0,,False
*CC(*)c1cccc(C)c1,egc,5.185,,False
*c1cc2c(C(=O)N(C2=O)c2cc(c(cc2)Oc2ccc(cc2)C(=O)c2cc(ccc2)N2C(=O)c3c(C2=O)cc(cc3)C(*)(C(F)(F)F)C(F)(F)F)C(F)(F)F)cc1,tg,222.0,260.40362548828125,True
*C(C*)OC(=O)c1c(cccc1)OC,tg,65.0,,False
*C1CC2CC(CC(C1)O2)OC(=O)O*,tg,207.0,169.67750549316406,True
*CC(*)C(=O)OCCCSCC,egc,4.5768,4.894235127857873,True
*CCCCCCCCNC(=O)CC(=O)N*,egc,6.004,,False
*CCOCCOCCOC(=O)c1cccc(C(=O)O*)c1,egc,4.9478,4.709133254437642,True
*C(=O)c1ccc2c(c1)C(=O)N(c1cc(C(=O)OC)cc(N3C(=O)c4ccc(*)cc4C3=O)c1)C2=O,egc,3.4437,2.940636199225966,True
*Oc1c(cc(cc1)c1ccc(cc1)NC(=O)c1cc(cc(c1)C(C)(C)C)C(=O)Nc1ccc(cc1)c1cc(c(cc1)Oc1ccc(cc1)C(c1ccc(cc1)*)(C)C)C(F)(F)F)C(F)(F)F,tg,248.5,,False
*OC(=O)NCCCCCCNC(=O)OCCC*,tg,55.0,,False
*N1C(=O)c2c(C1=O)c(ccc2)Oc1ccc(cc1)Oc1ccc(cc1)Oc1c2c(C(=O)N(C2=O)c2ccc(cc2)Oc2ccc(cc2)*)ccc1,tg,239.0,237.45574951171875,True
*NC(=O)c1c(cc(cc1)C(=O)NCCCC*)Oc1ccccc1,tg,125.0,,False
*C(=C*)C(CCCCC)[Si](C)(C)C,tg,170.0,,False
*N1C(=O)c2c(C1=O)cc(cc2)Oc1ccc(cc1)c1ccc(cc1)Oc1cc2c(C(=O)N(C2=O)c2ccc(cc2)Oc2ccc(cc2)Sc2ccc(cc2)Oc2ccc(cc2)*)cc1,tg,212.0,217.0087127685547,True
*CCCCCCCOc1ccc(C=CC=Cc2ccc(O*)c(C)c2)cc1C,egc,3.4306,,False
*OC(COC(=O)c1ccc(cc1)C(=O)*)COc1ccc(cc1)N=Nc1ccc(cc1)C#N,tg,122.0,124.92891693115234,True
*C(C*)(CC(=O)OCCCCCC)C(=O)OCCCCCC,tg,-17.75,,False
*CCCCCCCCNC(=O)Cc1ccc(CC(=O)N*)cc1,egc,5.1086,,False
*CC(*)SCC,egc,4.9086,4.928164892969065,True
*C(C*)(C(=O)OCCC(CC(C)(C)C)C)C,tg,1.0,,False
*C=C(*)c1ccc(C#C)cc1,egc,0.2378,0.6298755541094804,True
*Oc1ccc(cc1)C(c1ccc(cc1)OC(=O)OCCCCCOC(=O)*)(C)C,tg,49.5,,False
*Oc1ccc(cc1)Oc1ccc(cc1)C=Nc1ccc(cc1)N=Cc1ccc(cc1)*,tg,117.0,166.1720733642578,True
*NC(=O)c1cc(ccc1)C(=O)NCCC(C(CC*)C)C,tg,125.0,,False
*NC(=O)c1cc(cc(c1)C(C)(C)C)C(=O)NCCC(C(CC*)C)C,tg,173.0,159.0405731201172,True
*Oc1ccc(cc1)C(c1ccc(cc1)OCC(CN(CC(C*)O)c1ccc(cc1)C#N)O)(C)C,tg,100.0,103.41251373291016,True
*C1C(=O)N(C(=O)C1CC*)c1ccc(cc1)N(C)C,tg,195.0,190.7235870361328,True
*C1(C)CC(*)(C)C(=O)N(C)C1=O,egc,5.3373,,False
*N1C(=O)c2c(C1=O)cc(cc2)c1cc2c(C(=O)N(C2=O)c2cc(ccc2)C(=O)Nc2ccc(cc2)Oc2ccc(cc2)S(=O)(=O)c2ccc(cc2)Oc2ccc(cc2)NC(=O)c2cc(ccc2)*)cc1,tg,258.0,256.36834716796875,True
*c1nc2c(nc1c1ccc(cc1)C(=O)NCCCCCCCCCCCCNC(=O)c1ccc(cc1)*)cccc2,tg,154.0,,False
*C(C*)(CC(=O)OCCC)C(=O)OCCC,tg,44.38,,False
*C(C*)c1c(cccc1)C,tg,124.17,123.25821685791016,True
*OC(=O)c1cc(cc(c1)OCc1cc(cc(c1)OCc1ccccc1)OCc1ccccc1)C(=O)OCCN(CC*)c1ccc(cc1)C=Cc1sc(cc1)C=CC1=C(C(=C(C#N)C#N)OC1(c1ccccc1)C(F)(F)F)C#N,tg,130.0,,False
*NC(=S)C(C=C1)=CC=C1O*,egc,3.2939,,False
*C(C*)C(=O)Oc1c(cccc1)C(=O)OCC,tg,30.0,,False
*C(=O)c1ccc2c(c1)C(=O)N(c1ccc(-c3nc(-c4ccccc4)nc(-c4ccc(N5C(=O)c6ccc(*)cc6C5=O)cc4)n3)cc1)C2=O,egc,2.8991,,False
*c1cc2c(C(=O)N(C2=O)c2ccc(cc2)Oc2ccc(cc2)C(=O)c2cc(ccc2)N2C(=O)c3c(C2=O)cc(cc3)C(=O)*)cc1,tg,251.0,,False
*CC(=O)C(C=C1)=CC=C1C(C=C2)=CC=C2*,egc,3.9429,,False
*N1C(=O)c2c(C1=O)cc(cc2)Oc1ccc(cc1)C(c1ccc(cc1)Oc1cc2c(C(=O)N(C2=O)c2ccc(cc2)S(=O)(=O)c2ccc(cc2)*)cc1)(C)C,tg,240.0,244.2919921875,True
*Oc1ccc(cc1)NCC(=O)c1ccc(cc1)Sc1ccc(cc1)C(=O)CNc1ccc(cc1)*,tg,208.0,,False
*C=Cc1cccc(C=Cc2cc(*)ncn2)c1,egc,3.4013,,False
*N(CC(CN(CC(C*)O)c1ccc(cc1)N=Nc1ccc(cc1)[N+](=O)[O-])O)c1ccccc1,tg,70.0,109.90155029296875,True
*c1cc(OCCCCCCC)c(*)s1,egc,1.6057,,False
*c1cc(-n2c(=O)c3cc4c(=O)n(-c5ccc(-c6nnc(*)n6N)cc5)c(=O)c4cc3c2=O)c(-c2c(Cl)cccc2Cl)s1,egc,2.1911,1.609753298821985,True
*N=P(*)(OCc1ccc(cc1)c1ccccc1)OCc1ccc(cc1)c1ccccc1,tg,52.0,52.134273529052734,True
*CC(CO*)(CS(=O)(=O)CCCC)CS(=O)(=O)CCCC,egc,5.4465,5.593266579306771,True
*C1C2C(C(C(C1*)C2)C(=O)OCc1ccccc1)C(=O)OCc1ccccc1,tg,277.0,194.8043670654297,True
*c1cc2C3(CC(CC(C3)(C)C)(C)C)c3c(c2cc1)ccc(c3)c1cc2C(c3c(c2cc1)ccc(c3)*)(CCCCCCCC)CCCCCCCC,tg,132.0,129.7859649658203,True
*Nc1cc(ccc1)CCc1ccc(cc1)NC(=O)c1cc(ccc1)C(=O)*,tg,203.0,237.74632263183594,True
*CCOC(=O)CCCCCC(=O)O*,egc,6.8822,,False
*Oc1ccc(cc1)C=Nc1ccc(cc1)N=Cc1ccc(cc1)Oc1ccc(cc1)C(c1ccc(cc1)*)(c1ccccc1)c1ccccc1,tg,230.0,,False
*N1C(=O)c2c(C1=O)cc(cc2)C(=O)Nc1ccc(cc1)S(=O)(=O)c1ccc(cc1)NC(=O)C*,tg,232.0,272.5462646484375,True
*NC(=O)NC(S1)=CC=C1*,egc,3.228,,False
*S(=O)(=O)c1cc(ccc1)NC(=O)CCCCCCCCC(=O)Nc1cc(ccc1)*,tg,112.0,,False
*c1nc(C)nc(N(CCCCCCN(*)c2ccccc2)c2ccccc2)n1,egc,3.751,4.233668078838568,True
*Sc1ccc(cc1)Cc1ccc(cc1)SC(=O)*,tg,117.0,106.0600814819336,True
*C(=CCCC*)c1ccc(cc1)OC,tg,11.0,,False
*Oc1ccc(cc1)C(=Cc1ccc(cc1)c1ccc(cc1)C=C(c1ccc(cc1)OC(=O)c1cc(ccc1)C(=O)*)c1ccccc1)c1ccccc1,tg,224.0,,False
*Nc1c(cc(cc1)*)OC,tg,90.0,,False
*Oc1ccc(cc1)NC(=O)c1cc(cc(c1)NC(=O)c1ccc(cc1)OC(=O)C)C(=O)Nc1ccc(cc1)Oc1ccc(cc1)c1ccc(cc1)*,tg,252.0,259.9231872558594,True
*NC(=O)CCCCCCCCCCC(=O)NCCCCCCCC*,tg,50.0,,False
*Oc1c(cc(cc1)S(=O)(=O)c1cc(c(cc1)Oc1c(cc(cc1C)C(c1cc(c(c(c1)C)*)C)(C(F)(F)F)C(F)(F)F)C)Br)Br,tg,230.8,237.2430419921875,True
*CCCCCCCCO*,egc,6.1709,,False
*Oc1ccc(cc1)C(=O)Nc1cc(cc(c1)c1nc2c([nH]1)cccc2)NC(=O)c1ccc(cc1)*,tg,335.0,,False
*CCOC(=O)C1C2C=CC(C2)C1C(=O)O*,egc,5.7779,,False
*C(C*)(C(=O)OC(C(C)(C)C)C)C,tg,108.0,,False
*c1ccc2c(c1)SC1(CCC3(CC1)Nc1ccc(*)cc1S3)N2,egc,3.8947,,False
*NC(CC(*)=O)C(=O)OCCCCCCCC,egc,5.5889,5.961563274304639,True
*Oc1ccc(Oc2ccc(C=NCCCCN=Cc3ccc(*)cc3)cc2)cc1,egc,4.1246,4.1345167612038605,True
*Oc1ccc(cc1)C(=O)c1ccc(cc1)Oc1ccc(cc1)C(=O)c1c(c(c(c(c1c1ccccc1)c1cc2c(cc1)cccc2)c1cc2c(cc1)cccc2)c1ccccc1)C(=O)c1ccc(cc1)*,tg,290.0,,False
*C1(c2c(NC1=O)c(cc(c2)Cl)Cl)c1ccc(cc1)OC(=O)c1cc(ccc1)C(=O)Oc1ccc(cc1)*,tg,270.0,273.1972961425781,True
*N1C(=O)c2c(C1=O)cc(cc2)[Si](c1ccc(cc1)[Si](c1cc2c(C(=O)N(C2=O)c2ccc(cc2)Cc2ccc(cc2)*)cc1)(C)C)(C)C,tg,295.0,,False
*Oc1ccc(cc1)C1(c2ccccc2c2ccccc12)c1ccc(cc1)Oc1c(cc(cc1)C(=O)c1ccc(cc1)C(=O)c1cc(c(cc1)*)C(F)(F)F)C(F)(F)F,tg,229.0,229.26515197753906,True
*C(C*)OC(=O)c1cc(ccc1)C,tg,49.0,,False
*CNC(S1)=CC=C1C(=S)*,egc,2.4271,,False
*C1C(=O)OC(=O)C1C(C*)OC1CCCCC1,tg,201.0,,False
*C(C*)c1ccc(cc1)c1cc2C(c3c(c2cc1)ccc(c3)c1cc2C(c3c(c2cc1)cccc3)(CCCCCC)CCCCCC)(CCCCCC)CCCCCC,tg,78.33,86.90426635742188,True
*Oc1ccc(cc1)C(c1ccc(cc1)OC(=O)c1ccc(cc1)C(=O)c1ccc(cc1)C(=O)*)(C)C,tg,194.0,,False
*c1nc2c(nc1c1ccccc1)cc(cc2)c1cc2c(nc(c(n2)c2ccccc2)c2ccc(cc2)Oc2ccc(cc2)*)cc1,tg,335.33,321.5154724121094,True
*C=CCC(C*)c1ccccc1,tg,14.0,-1.6562246084213257,True
*Oc1ccc(cc1)c1cc(c(c(c1)c1ccc(cc1)c1ccccc1)c1ccc(cc1)NC(=O)c1ccc(cc1)C(=O)Nc1ccc(cc1)c1c(cc(cc1c1ccc(cc1)c1ccccc1)c1ccc(cc1)OCCCCCC*)c1ccc(cc1)c1ccccc1)c1ccc(cc1)c1ccccc1,tg,121.5,196.1374969482422,True
*O[Si](c1ccccc1)(c1ccccc1)c1cccc(*)c1,egc,4.6928,4.524747668664987,True
*C(S1)=CC=C1C(S2)=CC=C2C(S3)=CC=C3O*,egc,2.5408,,False
*c1nc2cc3c(cc2nc1)ncc(n3)c1ccc(cc1)Oc1ccc(cc1)*,tg,353.0,357.9130554199219,True
*CCCCCCCCCCCCCCCCCCCCOC(=O)CC(=O)O*,egc,6.2688,6.417878775372481,True
*[Si](c1c(cccc1)C*)(c1ccccc1)c1ccccc1,tg,122.0,126.25140380859375,True
*CCCOC(=O)CCCCCCCCCCC(=O)O*,egc,6.5126,,False
*Oc1cccc(NC(=O)c2ccc(*)cc2)c1,egc,4.3679,,False
*CC1CCC(COC(=O)CCCCCCCCCCC(=O)O*)CC1,egc,6.723,6.596200670553898,True
*c1ccc(cc1)C=C*,tg,230.0,,False
*Oc1ccc(cc1)CC(NC(=O)Cc1ccc(cc1)OC(=O)CC(CCC(=O)*)C)C(=O)OCC,tg,63.0,,False
*Oc1ccc(cc1)N1ON1c1ccc(cc1)OCCCCCCOC(=O)C(C(=O)OCCCCCC*)CCCCCCCCCCP(=O)(O)O,tg,12.5,,False
*NC(=O)C(=CC(=O)NCCCCCC*)C,tg,94.0,106.89054107666016,True
*N1C(=O)c2c(C1=O)cc(cc2)Oc1ccc(cc1)Oc1ccc(cc1)Oc1cc2c(C(=O)N(C2=O)c2cc(ccc2)*)cc1,tg,227.0,232.68115234375,True
*OC(C)CCOC(=O)CCCCCCCCCCC(*)=O,egc,6.742,6.483339129300476,True
*Oc1ccc(cc1)Oc1ccc(cc1)C(=O)c1ccc(cc1)P(=O)(c1ccc(cc1)C(=O)c1ccc(cc1)*)c1ccccc1,tg,207.0,,False
*C(C*)C(=O)OCCCOc1ccc(cc1)N=Nc1ccc(cc1)[N+](=O)[O-],tg,45.6,80.44548034667969,True
*Oc1ccc(cc1)C1(CCCCC1)c1ccc(cc1)OC(=O)c1ccc(cc1)C(=O)*,tg,275.0,,False
*[n+]1ccc(cc1)c1cc[n+](cc1)Cc1ccc(cc1)C*,tg,95.0,,False
*SC(=O)CCCCC*,tg,19.0,,False
*N1C(=O)c2c(C1=O)cc(cc2)Oc1cc(ccc1)Oc1cc2c(C(=O)N(C2=O)c2ccc(cc2)Oc2ccc(cc2)S(=O)(=O)c2ccc(cc2)Oc2ccc(cc2)*)cc1,tg,201.0,,False
*C(C*)c1c(ccc(c1)C(C)(C)C)C,tg,87.0,,False
*C(CC(C*)c1ccc(cc1)CCl)(C#N)C#N,tg,150.0,,False
*N1C(=O)C2C(C1=O)C(=CC(C2)C1C(=O)N(C(=O)C1)c1ccc(cc1)Oc1ccc(cc1)*)C,tg,278.0,289.814697265625,True
*NC(=O)C(C(C(=O)NCCCCCCC*)OC)OC,tg,87.0,,False
*OC(=O)Nc1c(ccc(c1)NC(=O)OCCN(CC*)c1ccc(cc1)N=Nc1ccc(cc1)c1nc2c(n1CC)cc(cc2)[N+](=O)[O-])C,tg,158.0,,False
*CCCCCCCCOC(=O)CC=CCC(=O)O*,egc,6.197,,False
*OC(=O)c1cc(ccc1)C(=O)OCCN(CC*)c1ccccc1,tg,60.0,,False
*C=Cc1ccc2c(c1)Sc1cc(*)ccc1N2CCCCCCCC,egc,2.6367,,False
*CCCCCCCCCCOC(=O)CCCC(=O)O*,egc,6.7292,6.595161184420901,True
*CCCCCCCCCCCCCCCCCCNC(=O)NCCCCCCCCCCNC(=O)N*,egc,5.6443,,False
*c1nc2c(nc1)cc(cc2)c1cc2c(nc(cn2)c2ccc(cc2)*)cc1,tg,350.0,,False
*Sc1ccc(cc1)C(=O)CNCCCCCCCCNCC(=O)c1ccc(cc1)*,tg,231.0,82.78569793701172,True
*c1oc(nn1)c1ccc(cc1)Oc1c2c(ccc1)c(ccc2)NC(=O)c1ccc(cc1)C(c1ccc(cc1)C(=O)Nc1c2c(ccc1)c(ccc2)Oc1ccc(cc1)*)(C(F)(F)F)C(F)(F)F,tg,279.0,255.0824432373047,True
*OP(=O)(OC(COc1ccc(cc1)S(=O)(=O)c1ccc(cc1)OCC(*)CCl)CCl)Oc1ccccc1,tg,48.0,71.34933471679688,True
*c1ncnc(n1)N(CCCCCCN(*)c1ccccc1)c1ccccc1,tg,72.0,,False
*C(C*)OC(=O)c1c2c(n(n1)C(=O)C)cccc2,tg,150.0,,False
*Oc1ccc(cc1)NC(=O)c1ccc(cc1)S(=O)(=O)c1ccc(cc1)C(=O)Nc1ccc(cc1)Oc1ccc(cc1)C(c1ccc(cc1)*)(C(F)(F)F)C(F)(F)F,tg,250.0,,False
*c1cc(CCOC(=O)C(C)Br)c(*)s1,egc,2.3659,2.679698484687396,True
*CCCOC(=O)O*,egc,7.1953,7.12425956236244,True
*Oc1ccc(cc1)Oc1c(cc(cc1)C(=O)c1cc(c(cc1)*)S(=O)(=O)O)S(=O)(=O)O,tg,220.0,,False
*OC(C)(CC(*)=O)C(F)(F)F,egc,6.2535,,False
*NNC(=O)c1cccc(C(=O)NNC(=S)c2cccc(C(*)=S)c2)c1,egc,3.2068,3.602451222331821,True
*c1ccc(-c2cc(C(=O)OCCCCCCCCCCCC)c(*)s2)s1,egc,2.5061,2.0283612055017914,True
*NNC(=S)c1ccc(C(*)=S)cc1,egc,3.4154,,False
*c1cc2c(cc1OC(=O)COc1ccc3c(c1)oc(=O)cc3)oc(=O)c(c2)C(=O)Nc1ccc(cc1)Oc1ccc(cc1)NC(=O)c1c(=O)oc2c(cc(c(c2)OC(=O)COc2ccc3c(c2)oc(=O)cc3)C*)c1,tg,226.0,,False
*c1ccc(C(=O)c2ccc(-n3c(=O)c4cc5c(=O)n(*)c(=O)c5cc4c3=O)cc2)cc1,egc,2.9955,,False
*Oc1ccc(C=Nc2ccc(N=Cc3ccc(*)cc3)cc2)cc1,egc,2.8416,,False
*c1cc2C(c3c(c2cc1)ccc(c3)c1c(cc(c(c1)CCCCCC)*)CCCCCC)(CCCCCC)CCCCCC,tg,78.8,,False
*CCCCCOCO*,egc,6.5668,6.346886681930511,True
*C(C*)C(=O)OCCO,tg,0.1,,False
*C(=CCC*)CCCCCCCCCC,tg,-53.0,,False
*N1C(=O)c2c(C1=O)cc(cc2)Oc1ccc(cc1)Oc1ccc(cc1)Oc1cc2c(C(=O)N(C2=O)c2ccc(cc2)Oc2cc(ccc2)Oc2ccc(cc2)*)cc1,tg,184.0,,False
*N1CCN(CC1)C(=O)OCC(COC(=O)*)(C)C,tg,70.0,42.657615661621094,True
*CCNC(=O)CCCCCCCCCCCCCCCCC(=O)N*,egc,5.9348,5.843908025514486,True
*N1C(=O)c2c(C1=O)cc(cc2)Oc1ccc(cc1)Oc1cc2c(C(=O)N(C2=O)c2ccc(cc2)Oc2ccc(cc2)c2ccc(cc2)Oc2ccc(cc2)*)cc1,tg,230.0,,False
*C(C*)(C(=O)OCCCC)C,tg,28.5,,False
*Oc1cc(ccc1)C(=O)c1ccc(cc1)*,tg,132.67,,False
*OC(C)CCOC(=O)CC(*)=O,egc,6.8752,,False
*C(C*)OC(=O)c1ccncc1,tg,98.5,,False
*CCOCCOCCOC(=O)CCC(=O)O*,egc,6.2323,,False
*OC(=O)CCC(=O)OCCOCC*,tg,-41.51,-40.52524948120117,True
*C(C*)c1c(c(c(c(c1F)F)OCC(C(C(C(C(C(C(F)(F)F)(F)F)(F)F)(F)F)(F)F)(F)F)(F)F)F)F,tg,21.0,44.93581008911133,True
*c1cc2c(C(=O)N(C2=O)c2ccc(cc2)Oc2c3c(ccc2)c(ccc3)Oc2ccc(cc2)N2C(=O)c3c(C2=O)cc(cc3)C(=O)Nc2ccc(cc2)Oc2ccc(cc2)S(=O)(=O)c2ccc(cc2)Oc2ccc(cc2)NC(=O)*)cc1,tg,260.0,269.84576416015625,True
*N(c1ccc(cc1)C(c1ccc(cc1)*)c1ccccc1)c1ccc(cc1)C,tg,199.0,,False
*c1cc(CCCCCCOC(=O)COc2ccccc2)c(*)s1,egc,2.6531,,False
*c1oc2c(n1)ccc(c2)c1ccc2c(oc(n2)c2ccc(cc2)C(c2ccc(cc2)*)(c2ccccc2)C(F)(F)F)c1,tg,350.0,,False
*OP(=O)(N=Nc1ccc(cc1)Oc1ccc(cc1)N=NP(=O)(OCc1ccc(cc1)C*)OC)OC,tg,50.0,,False
*C(C*)OC(=O)OC([2H])([2H])[2H],tg,55.0,36.692745208740234,True
*CC(*)(C)C(=O)OCCOCCO,egc,5.7449,5.666723186276661,True
*c1ccc2c(nc([nH]2)c2cc(ccc2)c2nc3c([nH]2)ccc(c3)C(=O)Nc2nc(ccc2)NC(=O)*)c1,tg,302.0,321.2585754394531,True
*N1C(=O)c2c(C1=O)cc(cc2)Oc1ccc(cc1)C1(CCC(CC1)C(C)(C)C)c1ccc(cc1)Oc1cc2c(C(=O)N(C2=O)c2ccc(cc2)Oc2c(cc(cc2)Oc2ccc(cc2)*)C(C)(C)C)cc1,tg,233.0,,False
*c1cc2c(C(=O)N(C2=O)c2cc(cc(c2)C(=O)O)N2C(=O)c3c(C2=O)cc(cc3)C(*)(C(F)(F)F)C(F)(F)F)cc1,tg,361.5,295.84881591796875,True
*Cc1cccc(CNC(=O)C2=C(C(=O)N*)C3C=CC2C3)c1,egc,3.5629,4.681924664710285,True
*CCCCCCCCCCOC(=O)C(=O)O*,egc,5.4658,,False
*Oc1ccc(cc1)Cc1ccc(cc1)OCC(C*)O,tg,80.0,,False
*C(C*)c1c(ccc(c1)C(=O)Oc1ccc(cc1)OCCCCCC)C(=O)Oc1ccc(cc1)OCCCCCC,tg,100.0,,False
*Oc1ccc(cc1)S(=O)(=O)c1ccc(cc1)Oc1ccc(cc1)C=C1C(=O)C(=Cc2ccc(cc2)*)CCCC1,tg,186.0,191.03314208984375,True
*c1cc2c(C(=O)N(C2=O)c2cc(ccc2)Oc2c(c(ccc2)Oc2cc(ccc2)N2C(=O)c3c(C2=O)cc(cc3)C(=O)Nc2cc(ccc2)Oc2c(c(ccc2)Oc2cc(ccc2)Oc2c(c(ccc2)Oc2cc(ccc2)NC(=O)*)C#N)C#N)C#N)cc1,tg,193.0,189.7544708251953,True
*c1ccc(-c2ccc(N3C(=O)c4ccc(-c5cccc6c5C(=O)N(*)C6=O)cc4C3=O)c(C)c2)cc1C,egc,2.9133,,False
*NC(C(=O)*)CCC(=O)OCCC,tg,-10.0,-34.56922912597656,True
*C(=O)c1ccc2c(c1)C(=O)N(c1cc(-c3nc4ccccc4s3)cc(N3C(=O)c4ccc(*)cc4C3=O)c1)C2=O,egc,2.5125,,False
*O[Si](O[Si](O[Si](O[Si](c1cc(ccc1)[Si](*)(C)C)(C)C)(C)C)(C)C)(C)C,tg,-75.0,,False
*C(C*)(C(=O)OCCCCCCc1ccc(cc1)C(=Cc1ccc(cc1)OC)C)C,tg,31.0,,False
*CC(*)(CF)C(=O)OC,egc,6.854,,False
*c1cc(CCCCBr)c(*)s1,egc,2.5458,2.374640114164451,True
*C1(OC(OC1(*)F)(C(Cl)(F)F)C(F)(F)F)F,tg,330.0,193.3204803466797,True
*OC(=O)CCCCC(=O)OCCCCCCCCCCCCCCCC*,tg,-15.0,-54.73667907714844,True
*C1COC2C1OCC2OC(=O)C(NC(=O)CCCCCCCCCCC(=O)NC(C(=O)O*)C)C,tg,28.0,52.92878341674805,True
*c1cc2c(C(=O)N(C2=O)c2c(cc(cc2)N2C(=O)c3c(C2=O)cc(cc3)C(=O)*)S(=O)(=O)O[Na])cc1,tg,214.0,,False
*CCOC(=O)NCCSCCCCSCCNC(=O)O*,egc,5.1396,,False
*C(C*)OC(=O)c1cc(ccc1)Br,tg,57.5,63.27012634277344,True
*c1ccc(*)c(O)c1,egc,5.0734,,False
*S(=O)(=O)NCCCCNS(=O)(=O)c1cc(ccc1)*,tg,82.0,,False
*OP(=O)(OCCCCOc1c(cc(cc1)C=C1C(=O)C(=Cc2cc(c(cc2)OCCCC*)OC)CC1)OC)OCC,tg,79.0,,False
*Oc1ccc(cc1)C(c1ccc(cc1)OC(=O)c1c(cccc1)c1c(cccc1)C(=O)*)(C(F)(F)F)C(F)(F)F,tg,162.0,,False
*Nc1ccc(cc1)C(c1ccc(cc1)NC(=O)c1cc(ccc1)C(=O)*)(C)C,tg,278.33,273.6091613769531,True
*OC(=O)NC1CC(CC(C1)(CNC(=O)OCC*)C)(C)C,tg,84.0,,False
*N1C(=O)c2c(C1=O)cc(cc2)C(=O)Oc1ccc(cc1)C1(c2c(C(=O)O1)cccc2)c1ccc(cc1)OC(=O)CCCCCCCCCCC*,tg,114.0,149.02647399902344,True
*C([2H])=C(*)[2H],egc,1.4005,,False
*c1cc2c(C(=O)N(C2=O)c2ccc(cc2)Oc2ccc(cc2)N2C(=O)c3c(C2=O)cc(cc3)C(CCCCC(*)(C)C)(C)C)cc1,tg,168.25,,False
*OC(=O)c1ccc(cc1)C(=O)OCCN(CC*)c1ccc(cc1)C=C(C#N)C#N,tg,127.0,,False
*C1(c2c(C(=O)O1)cccc2)c1ccc(cc1)OC(=O)Oc1ccc(cc1)*,tg,252.5,,False
*c1cc2c(C(=O)N(C2=O)c2c(cc(cc2C)c2cc(c(c(c2)C)N2C(=O)c3c(C2=O)cc(cc3)C(=O)Nc2c(ccc(c2)NC(=O)*)N=Nc2ccc(cc2)[N+](=O)[O-])C)C)cc1,tg,278.0,,False
*Oc1ccc(cc1)C(CC(c1ccc(cc1)OCC(C*)O)C)(C)C,tg,75.0,70.74158477783203,True
*O[Si](O[Si](O[Si](O[Si](O[Si](O[Si](Oc1c2ccccc2c2ccccc2c1*)(C)C)(C)C)(C)C)(C)C)(C)C)(C)C,tg,-68.0,-56.054443359375,True
*CCCCCCCCCCOC(=O)CC(C)(C)CC(=O)O*,egc,6.7584,6.401934680138561,True
*c1cc2c(C(=O)N(C2=O)c2cc(ccc2)P(=O)(c2cc(ccc2)N2C(=O)c3c(C2=O)cc(cc3)C(=O)Nc2ccc(cc2)NC(=O)*)c2ccccc2)cc1,tg,204.0,243.0796661376953,True
*N1C(=O)c2c(C1=O)cc(cc2)Oc1ccc(cc1)C1(CCCCCCCCCCC1)c1ccc(cc1)Oc1cc2c(C(=O)N(C2=O)c2ccc(cc2)Oc2ccc(cc2)C2(C3CCC(C2)C3)c2ccc(cc2)Oc2ccc(cc2)*)cc1,tg,259.0,,False
*N(CC*)C(=O)C,tg,77.0,67.6144790649414,True
*SCC*,tg,-5.5,,False
*Oc1ccc(cc1)S(=O)(=O)c1ccc(cc1)c1ccc(cc1)c1ccc(cc1)S(=O)(=O)c1ccc(cc1)*,tg,311.0,,False
*C(=O)C(S1)=CC=C1C(C=C2)=CC=C2C(S3)=CC=C3*,egc,2.5282,,False
*CCCCOC(=O)c1cccc(C(=O)O*)c1,egc,5.1711,4.7955400287710965,True
*Oc1ccc(C2(c3ccc(OC(=O)CCCCCCCCC(*)=O)cc3)c3ccccc3Cc3ccccc32)cc1,egc,4.6067,4.2950579076940105,True
*Oc1ccc(cc1)CC(NC(=O)CCc1ccc(cc1)OC(=O)COCCOCC(=O)*)C(=O)OCC(C)C,tg,50.0,45.85328674316406,True
*OC(=O)CCCCCCCCC(=O)OCC#CC(=Cc1ccc(cc1)C#Cc1ccccc1)C#CC*,tg,60.0,48.782989501953125,True
*Oc1cc2c(cc1OCCNC(=O)c1ccc(cc1)C(=O)NCC*)cccc2,tg,136.0,,False
*C(C*)CCCCCCCCCCCC,tg,10.0,-56.28388595581055,True
*CC(*)C(=O)OCC(F)(F)C(F)(F)C(F)(F)C(F)(F)F,egc,6.3101,,False
*N1C(=O)c2c(C1=O)cc(cc2)c1cc2c(C(=O)N(C2=O)c2ccc(cc2)Sc2ccc(cc2)Sc2ccc(cc2)Sc2ccc(cc2)*)cc1,tg,227.1,,False
*Oc1c(cc(cc1Cl)C(c1cc(c(c(c1)Cl)OC(=O)*)Cl)C1C2CCC(C1)C2)Cl,tg,270.0,226.4854736328125,True
*C1C(=O)N(C(=O)C1C(C*)(C)C)c1c(cccc1)C,tg,207.0,,False
*N=Nc1ccc(cc1)Nc1ccc(cc1)C(=O)c1ccc(cc1)C(=O)c1ccc(cc1)Nc1ccc(cc1)*,tg,203.0,,False
*OC(=O)C(C(=O)OCCOCC*)CCCCCCCCC,tg,-59.0,-41.1495361328125,True
*C(C*)OCC(C)C,tg,-21.51,,False
*CC(CC(*)(C#N)C#N)c1ccc(CCl)cc1,egc,5.4178,,False
*C(C*)C(=O)OCCCCCCOc1ccc(cc1)C(=O)Oc1ccc(cc1)OC,tg,24.75,,False
*Oc1c(cccc1)C(=O)OC(=O)c1c(cccc1)OC(=O)CCCCC(=O)*,tg,60.0,,False
*O[Si](CCC(C(C(C(C(C(C(C(C(C(CC[Si](*)(CCC(F)(F)F)C)(F)F)(F)F)(F)F)(F)F)(F)F)(F)F)(F)F)(F)F)(F)F)(F)F)(CCC(F)(F)F)C,tg,-11.0,,False
*CCOC(=O)NCCCOCCCNC(=O)O*,egc,6.238,,False
*c1ccc(Oc2ccc(C(=O)c3ccc(Oc4ccc(-c5cc(*)[nH]n5)cc4)cc3)cc2)cc1,egc,3.5958,3.474970995710292,True
*CC(*)C(=O)O,egc,6.7889,,False
*Oc1c(C)cc(*)cc1C,egc,4.5265,4.885921648846744,True
*O[Si](O[Si](O[Si](c1ccc(cc1)Oc1ccc(cc1)[Si](*)(C)C)(C)C)(C)C)(C)C,tg,-37.0,-34.596683502197266,True
*Oc1ccc(cc1)C(c1ccc(cc1)OCC(COC(=O)CCCCCCC(=O)OCC(C*)O)O)(C)C,tg,35.0,,False
*CCC(F)(F)C(*)(F)Cl,egc,7.738,8.064528501004544,True
*c1sc(cc1CCCCCCOC(=O)Cc1ccccc1)*,tg,45.0,,False
*C(=C(*)C)CCCCCCC,tg,160.0,,False
*C1C(=O)N(C(=O)C1*)c1cc(c(c(c1)Br)O[Si](CC)(CC)CC)Br,tg,160.0,154.45558166503906,True
*c1ccc(cc1)c1c(cc(c(c1)OCCCCCC)c1ccc(cc1)C=C1C(=O)C(=C*)CCC1)OCCCCCC,tg,85.0,108.78874969482422,True
*Oc1ccc(cc1)C(c1ccc(cc1)OCC(C*)OC(=O)c1ccccc1)(c1ccccc1)C,tg,126.0,113.22684478759766,True
*C1C(=O)OC(=O)C1C1C2CC(C(=O)OC3CCCCC3)C(C2)C1*,egc,6.0803,,False
*S(=O)(=O)c1ccc(cc1)C#Cc1ccc(cc1)N(CC(CCC*)O)CCCC,tg,48.0,103.86929321289062,True
*N(CC*)C(=O)CC,tg,59.08,34.578617095947266,True
*c1sc(cc1)c1sc(cc1)[Si](*)(C)C,tg,45.0,,False
*c1ccc(C(CCCCCCCC)c2ccc(-n3c(=O)c4cc5c(=O)n(*)c(=O)c5cc4c3=O)cc2)cc1,egc,2.4696,2.6444488322390254,True
*Oc1cc(OC(=O)c2ccc(C=Nc3ccc(OCCCCCCOc4ccc(N=Cc5ccc(C(*)=O)cc5)cc4F)c(F)c3)cc2)c(Cl)cc1Cl,egc,2.9795,,False
*C(C*)(C(=O)OCCCCCCCCCCCOc1cc2c(cc1)cc(cc2)C(=O)Oc1ccccc1)C,tg,10.0,,False
*Oc1ccc(cc1)NC(=O)c1ccc(cc1)*,tg,225.0,,False
*c1ccc(Oc2cccc3c(Oc4ccc(-n5c(=O)c6cc7c(=O)n(*)c(=O)c7cc6c5=O)cc4)cccc23)cc1,egc,1.8659,,False
*Nc1c(Cl)cc(*)cc1Cl,egc,4.3983,4.050871075125288,True
*N1C(=O)c2c(C1=O)cc(cc2)Oc1ccc(cc1)Oc1ccc(cc1)Oc1cc2c(C(=O)N(C2=O)c2ccc(cc2)Oc2ccc(cc2)*)cc1,tg,215.0,231.3051300048828,True
*c1nc2c([nH]1)cc(cc2)c1cc2c(nc([nH]2)c2cc(ccc2)*)cc1,tg,395.88,,False
*OC(=O)NCCCCCCNC(=O)OCCCCCCCCC*,tg,58.0,10.997204780578613,True
*c1cc(CCCCCCCC)c(*)[nH]1,egc,2.9335,,False
*C(C(CCCCCC*)Cl)Cl,tg,-18.0,,False
*C1C2CC(=CC)C(C1*)C2,tg,61.4,243.9276580810547,True
*NC(CC(*)=O)C(=O)OCCCCCC,egc,6.1077,,False
*NC(C)(CCC)CC(*)=O,egc,6.1134,,False
*C(C*)(C(=O)OCCCCCCOc1ccc(cc1)N=Nc1ccncc1)C,tg,40.0,,False
*C(=C(*)c1ccccc1)c1ccc(cc1)CCCC,tg,200.0,,False
*CC1CCC(COC(=O)CCCCCCCC(=O)O*)CC1,egc,6.8523,,False
*c1cc2c(C(=O)N(C2=O)c2cc(c(cc2)C(=O)Nc2ccc(cc2)C(c2ccc(cc2)NC(=O)*)(C(F)(F)F)C(F)(F)F)C)cc1,tg,320.0,,False
*CCSCCO*,egc,5.5968,5.19761998049174,True
*C(=C(*)c1ccccc1)CCCCCC,tg,200.0,129.2146759033203,True
*C(C*)(CCCCCCCC)C(=O)OC,tg,20.0,,False
*c1cc2c(C(=O)N(C2=O)C2C(=O)N(C(=O)C2)c2ccc(cc2)Oc2ccc(cc2)NC(=O)*)cc1,tg,223.0,184.68919372558594,True
*Oc1ccc(cc1)S(=O)(=O)c1ccc(cc1)Oc1c(cc(cc1C)C(c1cc(c(c(c1)C)*)C)(C(F)(F)F)C(F)(F)F)C,tg,241.88,232.75343322753906,True
*C(C*)C(=O)OCCCCCCCCCCCCOC(=O)c1ccc(cc1)OC(=O)c1ccc(cc1)C#N,tg,15.0,,False
*c1cc2c(C(=O)N(C2=O)c2ccc(cc2)Oc2ccc(cc2)N2C(=O)c3c(C2=O)cc(cc3)C(=O)Nc2ccc(cc2)Oc2ccc(cc2)Oc2ccc(cc2)NC(=O)*)cc1,tg,260.0,268.2560729980469,True
*OC(=O)CCC(=O)OCC*,tg,-11.33,-23.491653442382812,True
*CCC1CC(*)C2C3CC(C12)C(C)(C(=O)OC)C3,egc,6.4636,5.965537058005198,True
*C1=C2OCCOC2=C(c2sc(-c3sc(*)c4c3OCCO4)c3c2OCCO3)S1(=O)=O,egc,2.0121,1.5940622315958954,True
*C(C*)(C(=O)OCC)CC,tg,27.0,,False
*C(=O)c1ccc(N=Nc2ccc(C(=O)N3C(=O)N(*)C(CC)(CC)C3=O)cc2)cc1,egc,3.6611,3.1733623254141268,True
*OC(=O)CCOCC*,tg,-35.55,-45.241058349609375,True
*C=Cc1cc(OC)c(C=Cc2ccc(*)s2)cc1OC,egc,1.7107,2.2752059217487917,True
*C(C*)c1ccc(cc1)C(CCN(C)C)O,tg,43.0,,False
*C(C*)C(=O)OCCCCOc1ccc(cc1)N=Nc1ccc(cc1)[N+](=O)[O-],tg,36.7,,False
*C(=O)N(*)CCCCCCCCC=C,egc,5.1782,,False
*c1cc2c(C(=O)N(C2=O)c2ccc(cc2)C2(CC(CC(C2)C)(C)C)c2ccc(cc2)NC(=O)*)cc1,tg,328.0,334.69049072265625,True
*C(=O)NCCCCCCNC(=O)c1cc(O)cc(*)n1,egc,4.8984,4.7367094334720665,True
*C(C*)C(=O)Nc1ccc(cc1)C(=O)C=Cc1ccc(cc1)Br,tg,64.0,78.28602600097656,True
*N=P(*)(OCCCc1ccccc1)OCCCc1ccccc1,tg,-47.0,-40.135189056396484,True
*Oc1ccc(cc1)SC(=O)Sc1ccc(cc1)*,tg,117.0,,False
*C(C*)c1cc2c(OCO2)cc1,tg,138.0,,False
*C*,egc,6.8972,,False
*CNCN*,egc,5.1634,,False
*c1nc2cc3c(cc2nc1c1ccccc1)nc(c(n3)c1ccccc1)c1cc(ccc1)*,tg,365.0,,False
*c1cc2c(C(=O)N(C2=O)c2ccc(cc2)Cc2ccc(cc2)N2C(=O)c3c(C2=O)cc(cc3)C(=O)c2ccc(cc2)c2ccc(cc2)C(c2ccc(cc2)c2ccc(cc2)C(=O)*)(C)C)cc1,tg,216.0,,False
*Oc1ccc(CC(NC(=O)CCc2ccc(OC(=O)CCCCCCC(*)=O)cc2)C(=O)OCC(C)C)cc1,egc,5.1444,,False
*OC(=O)NNC(=O)CCCCCCCCC(=O)NNC(=O)OCCCCCCCC*,tg,38.0,,False
*C1OC(C(C(C1OC(=O)Nc1ccccc1)OC(=O)Nc1ccccc1)O*)COC(=O)Nc1ccccc1,tg,217.0,,False
*CC(*)C(=O)N(O)c1ccc(C)cc1,egc,4.2873,,False
*C(C*)(C(=O)OCCCCCCOc1ccc(cc1)C(=O)Oc1c2c(c(cc1)N=Nc1ccc(cc1)I)cccc2)C,tg,40.0,61.66657638549805,True
*Oc1ccc(cc1)C(c1ccc(cc1)Oc1ccc(cc1)C(=O)Nc1cc(ccc1)NC(=O)c1ccc(cc1)*)(C)C,tg,214.0,194.7052459716797,True
*c1ccc(-c2ccc(-n3c(=O)c4cc5c(=O)n(*)c(=O)c5cc4c3=O)cc2OC(F)(F)F)c(OC(F)(F)F)c1,egc,2.7837,,False
*CCCCCCCc1nnc(-c2ccc(-c3nnc(*)o3)cc2)o1,egc,3.843,4.194672351293248,True
*C=CC(C(*)C(=O)OC12CC3CC(CC(C1)C3)C2)C,tg,115.0,165.69398498535156,True
*C(CCCCC*)CCCCCCCCCC,tg,-65.0,-80.33830261230469,True
*C1=CC(=C(C#N)C#N)C=C(O1)C=Cc1sc(c(c1CCCCCC)CCCCCC)c1sc(cc1)c1sc(cc1)c1sc(cc1)c1sc(c(c1CCCCCC)CCCCCC)C=C*,tg,134.0,,False
*OC(=O)CCCCC(=O)OCCN(CC*)c1ccc(cc1)C=NN(c1ccccc1)c1ccccc1,tg,54.0,,False
*C(C*)(C(=O)OCc1ccc2n(c3c(c2c1)cccc3)CCCCCCCCCCCCCC)C,tg,26.0,,False
*C(C*)(C(=O)Oc1ccc(cc1)C(C)(C)C)C,tg,88.57,114.3416748046875,True
*NC(=O)CCCCCCCC(=O)NCCCCCC*,tg,37.61,,False
*N1C(=O)c2c(C1=O)cc(cc2)Oc1ccc(cc1)Oc1cc2c(C(=O)N(C2=O)c2ccc(cc2)Oc2ccc(cc2)Sc2ccc(cc2)Oc2ccc(cc2)*)cc1,tg,201.0,,False
*CCCC(CCNC(=O)c1ccc(C(=O)N*)cc1)C(C)C,egc,4.6978,,False
*c1cc(C)c(-c2c(C)cc(N3C(=O)c4ccc(-c5ccc6c(c5)C(=O)N(*)C6=O)cc4C3=O)cc2C)c(C)c1,egc,3.1002,,False
*C(C*)(C(=O)OCCCCCCCCCCCOc1ccc(cc1)N=Nc1ccc(cc1)OC(=O)c1cc2c(OCCOCCOCCOCCO2)cc1)C,tg,59.0,72.7799301147461,True
*c1cc2c(C(=O)N(C2=O)c2ccc(cc2)Oc2ccc(cc2)N2C(=O)c3c(C2=O)cc(cc3)C(C(C(*)(F)F)(F)F)(F)F)cc1,tg,216.5,,False
*c1cc2c(C(=O)N(C2=O)c2ccc(cc2)NC(=O)Nc2ccc(cc2)N2C(=O)c3c(C2=O)cc(cc3)C(=O)Nc2ccc(cc2)c2nc(cc(c2)c2ccccc2)c2ccc(cc2)NC(=O)*)cc1,tg,215.0,,False
*NC(=O)c1c(cc(cc1)C(=O)NCCCCCCCCCC*)Sc1ccccc1,tg,100.0,,False
*C(C*)c1c(c(c(c(c1[2H])[2H])[2H])[2H])[2H],tg,100.0,114.79830169677734,True
*C([2H])([2H])C(*)(C(=O)OC([2H])([2H])C([2H])([2H])[2H])C([2H])([2H])[2H],egc,6.3862,6.431145983824131,True
*C=CC1CC(*)C(C#N)(CC)C1,egc,6.1381,,False
*OC(=O)OCC(C(C*)OC(=O)C)OC(=O)C,tg,51.38,,False
*N1C(=O)c2c(C1=O)cc(cc2)C(=O)Nc1cc(ccc1)S(=O)(=O)c1ccc(cc1)NC(=O)c1cc2c(C(=O)N(C2=O)CCCCCC*)cc1,tg,190.0,185.1005401611328,True
*Oc1ccc(cc1)CC(NC(=O)CCc1ccc(cc1)OC(=O)CCC(=O)*)C(=O)OCCCCCCCC,tg,46.75,,False
*CCCCCCCCCCCCOC(=O)NCc1ccc(CNC(=O)O*)cc1,egc,5.664,5.439977113251998,True
*C(C*)c1c(ccc(c1)C(=O)Oc1ccc(cc1)OCCCCCCCCCC)C(=O)Oc1ccc(cc1)OCCCCCCCCCC,tg,109.0,105.276123046875,True
*c1cc2c(C(=O)N(C2=O)c2ccc(cc2)Oc2ccc(cc2)N2C(=O)c3c(C2=O)cc(cc3)C(=O)Nc2ccc(cc2)Oc2ccc(cc2)C2(c3c(C(=O)N2)cccc3)c2ccc(cc2)Oc2ccc(cc2)NC(=O)*)cc1,tg,320.0,310.9665832519531,True
*N1C(=O)c2c(C1=O)cc(cc2)Oc1cc2c(C(=O)N(C2=O)c2ccc(cc2)Oc2ccc(cc2)C(=O)c2nc(ccc2)C(=O)c2ccc(cc2)Oc2ccc(cc2)*)cc1,tg,208.6,,False
*C(C*)C1CCC(CC1)C,tg,132.0,131.26976013183594,True
*N1C(=O)c2c(C1=O)cc(cc2)S(=O)(=O)c1cc2c(C(=O)N(C2=O)c2ccc(cc2)N(c2ccc(cc2)*)c2ccc(cc2)N(C)C)cc1,tg,331.0,,False
*CC(S1)=CC=C1OC(S2)=CC=C2*,egc,4.6308,,False
*CC(F)(F)C(F)(F)C(F)(F)C(F)(F)COC(=O)O*,egc,7.7624,,False
*c1oc(cc1)C(=O)OCCOC(=O)*,tg,85.56,,False
*Nc1ccc(*)cc1Cl,egc,4.3667,,False
*C(C(*)(F)F)(OC(F)(F)F)OC(F)(F)F,tg,-60.0,,False
*c1sc(nn1)c1cc(ccc1)OC(=O)CCCCCCCCC(=O)Oc1ccc(cc1)C=C*,tg,37.0,,False
*OC(=O)NCC(C(C(C(CNC(=O)OCC(C(C*)(F)F)(F)F)(F)F)(F)F)(F)F)(F)F,tg,38.0,15.841143608093262,True
*Oc1ccc(cc1)C(c1ccc(cc1)OCOc1ccc(cc1)C(c1ccc(cc1)OCCCCCCCCCCCC*)(C)C)(C)C,tg,37.0,,False
*C(C*)C(=O)OC1CCCCCCCCCCC1,tg,37.0,,False
*C=Cc1cc([Si](C)(C)C)c(*)cc1[Si](C)(C)C,egc,2.2084,,False
*C(C(C(C*)OC(=O)C)CCC(O)(C)C=C)(C)C,tg,85.0,,False
*c1ccc(Cc2ccc(N3C(=O)N(*)C3=O)cc2)cc1,egc,4.1662,,False
*CCCCCNC(=O)CCCCCCCCOCCCCCCCCC(=O)NCCCCCO*,egc,5.9278,,False
*C#CC(CO)=C(*)n1c2ccccc2c2ccccc21,egc,1.5113,2.4355228463844147,True
*c1sc(nn1)c1ccc(cc1)C(=O)OCCCCCCOC(=O)c1ccc(cc1)*,tg,125.0,,False
*c1ccc2n(c3c(c2c1)cc(cc3)c1cc2C(c3c(c2cc1)ccc(c3)*)(CCCCCC)CCCCCC)c1ccc(cc1)C,tg,155.0,,False
*Oc1ccc(cc1)C(=Cc1ccc(cc1)c1ccc(cc1)C=C(c1ccc(cc1)OC(=O)*)c1ccccc1)c1ccccc1,tg,203.0,191.5673370361328,True
*C(=O)Oc1ccc2ccc(OC(=O)c3ccc4c(c3)C(=O)N(c3ccc(Oc5ccc(N6C(=O)c7ccc(*)cc7C6=O)cc5)cc3)C4=O)cc2c1,egc,2.5688,2.5276979124870764,True
*Oc1ccc(cc1)C1(CCC(CC1)C(C)(C)C)c1ccc(cc1)Oc1ccc(cc1)C(=O)Oc1ccc(cc1)C1(CCC(CC1)c1ccccc1)c1ccc(cc1)OC(=O)c1ccc(cc1)*,tg,172.0,,False
*Oc1ccc(cc1)C(=O)OC(=O)c1ccc(cc1)OC*,tg,84.0,109.7166519165039,True
*OC(=O)CCCCC(=O)OCC(C*)CCCCCCOc1ccc(cc1)N=Nc1ccc(cc1)Cl,tg,9.0,35.72441482543945,True
*C(C*)(C(=O)OCCF)C,tg,90.0,,False
*Oc1ccc(cc1)Oc1ccc(cc1)C(=Nc1ccc(cc1)Oc1ccc(cc1)N=C(c1ccc(cc1)*)c1ccccc1)c1ccccc1,tg,162.0,,False
*c1ccc(Cc2ccc(N3C(=O)C(=O)N(*)C3=O)cc2)cc1,egc,3.5238,,False
*N=P(*)(OCCOC)OCCOC,tg,-75.0,,False
*Oc1ccc(cc1)Oc1ccc(cc1)Oc1cc(ccc1)C(=O)Oc1ccc(cc1)OC(=O)c1cc(ccc1)*,tg,101.0,,False
*C(=O)Nc1nc(C#N)c(*)n1C,egc,4.1864,,False
*C=C(*)c1ccc([N+](=O)[O-])cc1,egc,0.7984,,False
*C(C*)C(C)C,tg,10.97,104.0270004272461,True
*OP(=O)(Oc1c(cc(cc1C)S(=O)(=O)c1cc(c(c(c1)C)*)C)C)Oc1ccc(cc1)OC,tg,147.0,,False
*C(C*)(C(=O)OCCOCCOCCOCCOCCOCCOCCOCCOC)C,tg,-58.0,,False
*OC(=O)C1CCC(CC1)C(=O)OCC1CCC(CC1)C*,tg,67.68,43.09981155395508,True
*c1cc2c(oc(n2)c2ncc(cc2)c2oc3c(n2)cc(cc3)C(*)(C(F)(F)F)C(F)(F)F)cc1,tg,352.0,,False
*C1COC2C1OCC2Oc1ccc(cc1)NC(=O)c1ccc(cc1)OC1COC2C1OCC2Oc1ccc(cc1)C(=O)Nc1ccc(cc1)O*,tg,165.0,,False
*OC(=O)c1ccc(cc1)CCCCc1ccc(cc1)C(=O)*,tg,46.0,77.28893280029297,True
*[SiH](C#Cc1cc(ccc1)C#C*)C,tg,72.0,,False
*C(C*)c1c(cccc1)COCCC(C)C,tg,78.0,64.6623306274414,True
*NC(CCC(=O)OCCCCCCCC)C(*)=O,egc,5.9976,,False
*c1ccc2c(nc([nH]2)c2ccc(cc2)C(=O)Nc2cc(ccc2)NC(=O)*)c1,tg,325.0,291.8712463378906,True
*c1cc2c(C(=O)N(C2=O)c2ccc(cc2)c2sc(c(c2c2ccccc2)c2ccccc2)c2ccc(cc2)N2C(=O)c3c(C2=O)cc(cc3)C(=O)Nc2cc(ccc2)NC(=O)*)cc1,tg,334.0,327.36383056640625,True
*c1nc2c(nc1c1ccccc1)cc(cc2)Oc1cc2c(nc(c(n2)c2ccccc2)c2ccc(cc2)Oc2ccc(cc2)*)cc1,tg,340.0,,False
*N1CCN(CC1)C(=O)OCCOC(=O)*,tg,60.0,,False
*c1cc2c(C(=O)N(C2=O)c2c3c(ccc2)c(ccc3)Oc2ccc(cc2)N2C(=O)c3c(C2=O)cc(cc3)C(=O)Nc2nc(ccc2)NC(=O)*)cc1,tg,293.0,,False
*OC(=O)CSCc1ccc(cc1)Cc1ccc(cc1)CSCC(=O)OCCSCc1ccc(cc1)Cc1ccc(cc1)CSCC*,tg,-1.25,,False
*CC(*)C(=O)NCCC(F)(F)C(F)(F)C(F)(F)C(F)(F)C(F)(F)C(F)(F)C(F)(F)C(F)(F)F,egc,5.7478,,False
*N1C(=O)c2c(C1=O)c(ccc2)c1cc2c(C(=O)N(C2=O)c2cc(ccc2)OCCCCCCCCCCOc2cc(ccc2)*)cc1,tg,127.0,148.29615783691406,True
*C(C*)(CC(=O)OCCOCCOCCOCCOCCOCCOCCOC)C(=O)OCCOCCOCCOCCOCCOCCOCCOC,tg,-71.0,,False
*Oc6ccc(Oc5ccc(OC(=O)c4ccc(C3(c1ccc(C(*)=O)cc1)OC(=O)c2ccccc23)cc4)cc5)cc6,egc,3.6172,3.7638180657028117,True
*CC(*)(F)C(=O)OCC(F)(F)C(F)(F)C(F)(F)F,egc,6.7366,6.4346672319629565,True
*C1C2C(C(C1)CC*)C1C(CC2C1)C,tg,150.0,184.7315673828125,True
*Oc1ccc(Oc2ccc(OC(*)=O)cc2)cc1,egc,4.7541,,False
*OP(=O)(Oc1ccc(cc1)*)Oc1ccccc1,tg,97.0,,False
*/C=C\C(C#N)C*,egc,5.3057,,False
*c1ccc2c(c1)c1cc(*)ccc1n2C(=O)NO,egc,3.8619,,False
*O[Si](CCC(C(CC[Si](*)(CCC(F)(F)F)C)(F)F)(F)F)(CCC(F)(F)F)C,tg,-27.0,,False
*Oc1ccc(C(C)(C)c2ccc(OC(=O)c3ccc(C(*)=O)cc3)c(C(C)C)c2)cc1C(C)C,egc,3.2409,,False
*c1cc2c(C(=O)N(C2=O)c2ccc(cc2)S(=O)(=O)c2ccc(cc2)S(=O)(=O)c2ccc(cc2)S(=O)(=O)c2ccc(cc2)N2C(=O)c3c(C2=O)cc(cc3)C(*)(C(F)(F)F)C(F)(F)F)cc1,tg,327.0,299.4093933105469,True
*N1C(=O)c2c(C1=O)cc(cc2)Oc1cc2c(C(=O)N(C2=O)c2ccc(cc2)c2ccc(cc2)NC(=O)c2cc(ccc2)C(=O)Nc2ccc(cc2)c2ccc(cc2)*)cc1,tg,233.0,,False
*c1cc2c(C(=O)N(C2=O)c2c(ccc(c2)N2C(=O)c3c(C2=O)cc(cc3)C(*)(C(F)(F)F)C(F)(F)F)OCCCCCCOc2ccc(cc2)N=Nc2ccc(cc2)OCC)cc1,tg,198.0,179.52000427246094,True
*Oc1ccc(cc1)N(c1ccc(cc1)c1ccc(cc1)N(c1ccc(cc1)OCCCCCC*)c1ccccc1)c1ccccc1,tg,128.0,143.06683349609375,True
*Oc1ccc(C(*)=O)cc1,egc,4.5225,4.3980017465870995,True
*Oc1ccc(cc1)CC(NC(=O)CCc1ccc(cc1)OC(=O)CCC(=O)*)C(=O)OC(C)C,tg,82.0,72.71868896484375,True
*N1C(=O)c2c(C1=O)cc(cc2)Oc1cc2c(C(=O)N(C2=O)CCCCCC*)cc1,tg,164.0,122.50777435302734,True
*C1COC2C1OCC2OC(=O)C(NC(=O)CCCCCCCCCCC(=O)NC(C(=O)O*)Cc1ccccc1)Cc1ccccc1,tg,76.0,,False
*CCCCCCNC(=O)C(=O)N*,egc,5.1495,5.054802882043956,True
*c1n(c(nn1)c1ccc(cc1)Oc1ccc(cc1)C(c1ccc(cc1)Oc1ccc(cc1)*)(C)C)c1ccc(cc1)S(=O)(=O)c1ccccc1,tg,198.0,,False
*N1C(=O)c2c(C1=O)c(ccc2)Oc1c2c(C(=O)N(C2=O)c2ccc(cc2)Oc2ccc(cc2)Oc2ccc(cc2)*)ccc1,tg,258.0,,False
*Oc1ccc(cc1)OC(=O)c1c(cc(c(c1)OCCCCOCC1N(CCC1)c1ccc(cc1)[N+](=O)[O-])C(=O)*)OCCCCOCC1N(CCC1)c1ccc(cc1)[N+](=O)[O-],tg,68.0,65.3503189086914,True
*Oc1c(cc(cc1c1ccccc1)Cc1cc(c(c(c1)c1ccccc1)OC(=O)CCCCCC(=O)*)c1ccccc1)c1ccccc1,tg,111.0,99.8119888305664,True
*CNCO*,egc,5.5885,5.743351505758666,True
*NC(=O)CCCCCNC(=O)CCCCCCCCCC*,tg,25.5,,False
*c1cc(OCCOC)c(*)s1,egc,1.6015,,False
*Oc1ccc(cc1)c1cc(c(c(c1)c1ccccc1)c1ccc(cc1)NC(=O)c1ccc(cc1)C(=O)Nc1ccc(cc1)c1c(cc(cc1c1ccccc1)c1ccc(cc1)OCCCCCC*)c1ccccc1)c1ccccc1,tg,127.0,,False
*C(C*)(C(=O)Oc1c(cc(cc1)C)C)C,tg,109.0,,False
*C(C*)(C(=O)OCCCCCCCCCCOc1ccc(cc1)N=Nc1ccc(cc1)F)C,tg,49.0,,False
*c1cc2c(C(=O)N(C2=O)c2ccc(cc2)c2nc(cc(c2)c2ccc(cc2)OCCCC#N)c2ccc(cc2)N2C(=O)c3c(C2=O)cc(cc3)C(=O)*)cc1,tg,342.0,,False
*c1ccc(cc1)c1c(cc(c(c1c1ccccc1)c1ccccc1)c1cc(ccc1)c1c(c(c(c(c1)c1ccccc1)c1ccc(cc1)CCCCCCCCCC*)c1ccccc1)c1ccccc1)c1ccccc1,tg,180.0,,False
*N(c1ccc(cc1)C=Cc1c(cc(c(c1)OCCCCCCCC)C=Cc1ccc(cc1)*)OCCCCCCCC)c1ccccc1,tg,74.0,,False
*N1C(=O)c2c(C1=O)cc(cc2)Oc1ccc(cc1)Oc1ccc(cc1)P(=O)(c1ccc(cc1)Oc1ccc(cc1)Oc1cc2c(C(=O)N(C2=O)c2ccc(cc2)*)cc1)c1ccccc1,tg,220.0,236.2337646484375,True
*N1C(=O)c2c(C1=O)cc(cc2)Oc1ccc(cc1)C1(CCC(CC1)C(C)(C)C)c1ccc(cc1)Oc1cc2c(C(=O)N(C2=O)c2ccc(cc2)Oc2cc(c(cc2)c2c(cc(cc2)Oc2ccc(cc2)*)C)C)cc1,tg,236.0,245.01795959472656,True
*c1cc2c(C(=O)N(C2=O)c2ccc(cc2)Oc2ccc(cc2)N2C(=O)c3c(C2=O)cc(cc3)C(=O)c2cc(cc(c2)C(C)(C)C)C(=O)*)cc1,tg,252.5,268.55029296875,True
*N1C(=O)c2c(C1=O)cc(cc2)Oc1ccc(cc1)C1(CCC(CC1)c1ccccc1)c1ccc(cc1)Oc1cc2c(C(=O)N(C2=O)c2ccc(cc2)Oc2c(cc(cc2C)C(c2cc(c(c(c2)C)Oc2ccc(cc2)*)C)(C)C)C)cc1,tg,232.0,,False
*Oc1c(C)cc(N=Nc2ccc(C(*)=O)cc2)cc1C,egc,3.7116,,False
*[Si](C/C=C\C*)(CCCOc1cc2c(cc1)cccc2)C,tg,-1.0,,False
*OC(=O)OCCCCCCCCCC*,tg,-39.67,-29.331594467163086,True
*c1c(nc2c(n1)cc(cc2)Oc1ccc(cc1)NC(=O)c1cc(cc(c1)N1C(=O)c2c(C1=O)cccc2)C(=O)Nc1ccc(cc1)Oc1cc2c(nc(c(n2)c2ccc(cc2)Oc2ccc(cc2)*)c2ccccc2)cc1)c1ccccc1,tg,260.0,,False
*Nc1cc(OCC)c(*)cc1OCC,egc,3.3635,,False
*C(C*)c1ccc(cc1)C(=O)N1CCCCC1,tg,114.0,,False
*c1cc2C(c3c(c2cc1)ccc(c3)C=Cc1ccc(cc1)C=C*)(CCCCCCOc1ccc2c(c1)oc(=O)cc2)CCCCCCOc1ccc2c(c1)oc(=O)cc2,tg,104.0,,False
*C1CCN(CC1)c1sc(cc1)C=CC1=CC(=C(C#N)C#N)C=C(O1)C=Cc1sc(cc1)N1CCC(CC1)OC(=O)Nc1c(ccc(c1)NC(=O)O*)C,tg,212.0,213.05908203125,True
*Oc1c(cc(cc1)c1ccc(cc1)C(c1ccc(cc1)c1cc(c(cc1)OC(=O)*)F)(C)C)F,tg,234.0,209.72825622558594,True
*c1cccc(-c2nnc(*)n2-c2ccccc2)c1,egc,3.947,,False
*CC(S1)=CC=C1C(C=C2)=CC=C2C(=S)*,egc,2.7134,,False
*CC(*)OC(=O)C(F)(F)C(F)(F)C(F)(F)F,egc,6.4207,,False
*c1cc2c(C(=O)N(C2=O)c2c(cc(cc2C)C(c2cc(c(c(c2)C)N2C(=O)c3c(C2=O)cc(cc3)C(=O)*)C)c2c3c(ccc2)cccc3)C)cc1,tg,303.0,,False
*Oc1ccc(Oc2ccc(C(=O)c3ccc(*)cc3)cc2)cc1C(=O)O,egc,3.6534,,False
*O[Si](O[Si](OC(CCC(*)C)C)(C)C)(C)C,tg,-83.0,-91.9401626586914,True
*C(C*)c1ccc(cc1)CCCCCCCC,tg,-45.0,,False
*NC(=O)CCCCC(=O)NCC*,tg,71.0,,False
*N=P(*)(OCCOCCOCC)OCCOCCOCC,tg,-78.0,-88.9031982421875,True
*O[Si](c1cc2c(cc1)ccc(c2)[Si](*)(C)C)(C)C,tg,26.0,36.213623046875,True
*Oc1c(cc(cc1C)C(c1cc(c(c(c1)Cl)OC(=O)*)C)(C)C)Cl,tg,154.0,,False
*C(C*)(C(=O)OCCC[Si]12O[Si]3(O[Si]4(O[Si]5(O[Si](O[Si](O[Si](O[Si](O1)(O4)CC(C)C)(O5)CC(C)C)(O2)CC(C)C)(O3)CC(C)C)CC(C)C)CC(C)C)CC(C)C)C,tg,85.0,,False
*C(C*)(C(=O)OCC(C(F)(F)F)(F)F)F,tg,99.0,,False
*N1C(=O)c2c(C1=O)cc(cc2)Oc1cc2c(C(=O)N(C2=O)c2cc(c(cc2)c2c(cc(cc2)*)C(F)(F)F)C(F)(F)F)cc1,tg,275.0,,False
*N1C(=O)C2CCC3C(C2C1=O)C(=O)N(C3=O)c1ccc(cc1)Oc1ccc(cc1)C(c1ccc(cc1)Oc1ccc(cc1)*)(C)C,tg,263.5,263.5919189453125,True
*C(C*)(C(=O)OCCCCCCCCCCOc1ccc(cc1)OC(=O)c1ccc(cc1)c1ccc(cc1)OC)C,tg,57.0,,False
*OC(CC)CC(*)=O,egc,6.4081,6.3927794840174474,True
*C1=CC=C(c2sc(-c3sc(*)c4c3OCCO4)c3c2OCCO3)S1(=O)=O,egc,1.7929,,False
*N=NNc1ccc(NN=Nc2ccc(*)cc2)cc1,egc,1.9731,2.8334452713131646,True
*c1ccc2c3n(c4ccc(cc4n3)Oc3cc4n5c(nc4cc3)c3cccc4c(ccc(c5=O)c34)Oc3ccc(cc3)C(c3ccc(cc3)O*)(C)C)c(=O)c3cccc1c23,tg,334.0,349.67431640625,True
*CC(=O)NCCCCCCNC(=O)COC(=O)CCC(=O)O*,egc,5.663,,False
*CC(CS(=O)(=O)CC)O*,egc,5.3436,,False
*N1C(=O)c2c(C1=O)cc(cc2)Oc1cc2c(cc1Oc1cc3c(C(=O)N(C3=O)c3ccc(cc3)Oc3cc4c(cc3Oc3ccc(cc3)*)cccc4)cc1)cccc2,tg,222.0,,False
*O[Si](CCC(C(C(C(C(C(CC[Si](*)(CCC(F)(F)F)C)(F)F)(F)F)(F)F)(F)F)(F)F)(F)F)(CCC(F)(F)F)C,tg,-24.0,,False
*Oc1c(cc(cc1)C=C1C(=O)C(=Cc2cc(c(cc2)OCC(=O)c2ccc(cc2)Oc2ccc(cc2)C(=O)C*)OC)CCC1)OC,tg,211.75,,False
*Oc1ccc(cc1)c1ccc(cc1)OC(=O)c1c(cc(c(c1)OCCCc1ccccc1)C(=O)*)OCCCc1ccccc1,tg,72.0,,False
*c1cc(COCCCCCCCCOc2ccc(-c3ccc(OC)cc3)cc2)c(*)s1,egc,2.6611,,False
*OOC(C*)c1ccc(cc1)C(C)(C)C,tg,19.9,,False
*Oc1ccc(cc1)S(=O)(=O)c1ccc(cc1)Oc1ccc(cc1)N=Cc1ccc(cc1)*,tg,110.0,,False
*N=P(*)(OCCOCCOCCOC)OCCOCCOCCOC,tg,-66.0,,False
*N1C(=S)N(C(=O)CC1=O)c1ccc(cc1)Oc1ccc(cc1)c1ccc(cc1)Oc1ccc(cc1)*,tg,158.5,,False
*N(c1ccc(cc1)c1ccc(cc1)*)c1ccc(cc1)CCCC,tg,180.0,112.6583480834961,True
*C(F)(F)C(F)(F)CO*,egc,8.1009,,False
*N1C(=O)c2c(C1=O)cc(cc2)NC(=O)Nc1nc(ccc1)NC(=O)Nc1cc2c(C(=O)N(C2=O)c2ccc(cc2)Oc2c(c3c(cc2)cccc3)c2c3c(ccc2Oc2ccc(cc2)*)cccc3)cc1,tg,283.0,292.4552307128906,True
*OC(C*)COCCCC,tg,-79.0,,False
*N1C(=O)c2c(C1=O)c(ccc2)Oc1ccc(cc1)Oc1c2c(C(=O)N(C2=O)c2cc(ccc2)*)ccc1,tg,259.0,,False
*Nc1ccc(NC(=O)CCCCC(*)=O)cc1,egc,4.5219,,False
*C(C*)(C(=O)OCCCCCCOc1ccc(cc1)C(=O)Oc1ccc2c(c1)oc(=O)cc2)C,tg,102.0,46.37592697143555,True
*CCOCC(=O)O*,egc,5.8983,6.424168671802971,True
*c1cc2c(C(=O)N(C2=O)C2C(=O)N(C(=O)C2)c2ccc(cc2)Cc2ccc(cc2)NC(=O)*)cc1,tg,123.0,,False
*Oc1ccc(cc1)NC(=O)c1ccc(cc1)S(=O)(=O)c1ccc(cc1)C(=O)Nc1ccc(cc1)Oc1ccc(cc1)C1(C2CCC(C1)C2)c1ccc(cc1)*,tg,287.0,,False
*C=Nc1cccc(N=Cc2ccc(Sc3ccc(*)o3)o2)c1,egc,2.8126,2.6979636096443,True
*OC(=O)OCC(C*)OCCCCOc1ccc(cc1)C=Cc1ccc(cc1)[N+](=O)[O-],tg,42.0,43.1363525390625,True
*N1C(=O)c2c(C1=O)cc(cc2)C(=O)Nc1ccc(cc1)S(=O)(=O)c1ccc(cc1)NC(=O)c1cc2c(C(=O)N(C2=O)CCCCCC*)cc1,tg,198.0,,False
*C(=O)c1ccc2c(c1)C(=O)N(c1ccc(-c3ccc(N4C(=O)c5ccc(*)cc5C4=O)cc3C)c(C)c1)C2=O,egc,2.8033,2.509376712764662,True
*Oc1ccc(cc1)N=C(c1ccc(cc1)Oc1ccc(cc1)c1ccc(cc1)Oc1ccc(cc1)C(=Nc1ccc(cc1)*)c1ccccc1)c1ccccc1,tg,174.0,,False
*Oc1ccc(cc1)C1(c2ccccc2c2ccccc12)c1ccc(cc1)OC(=O)OC1C(C(C1(C)C)OC(=O)*)(C)C,tg,214.0,,False
*c1cc2c(C(=O)N(C2=O)c2cc(ccc2)C(C(C(c2cc(ccc2)N2C(=O)c3c(C2=O)cc(cc3)C(C(C(*)(F)F)(F)F)(F)F)(F)F)(F)F)(F)F)cc1,tg,151.0,,False
*C1C(CC(C1)C=C*)C1CC=CCC1,tg,105.0,81.42211151123047,True
*c1ccc(-c2cc(CCCCCCCCCF)c(*)s2)s1,egc,1.9235,,False
*Oc1ccc(cc1)S(=O)(=O)c1ccc(cc1)Oc1ccc(cc1)NC(=O)c1cc(cc(c1)NC(=O)c1ccc(cc1)OC(=O)C)C(=O)Nc1ccc(cc1)*,tg,263.0,,False
*S(=O)(=O)c1cc(c(cc1)Sc1ccc(cc1)Sc1ccc(cc1)Sc1c(cc(cc1)*)S(=O)(=O)O)S(=O)(=O)O,tg,202.0,,False
*C=CC(C(=O)OC(C)C)C(*)C(=O)OC(C)C,egc,5.3094,,False
*C(C*)c1ccc(cc1)B(Oc1c2ncccc2c(cc1)c1ccc(cc1)N(C)C)c1ccc(cc1)C(C)(C)C,tg,230.0,,False
*c1cc2c(C(=O)N(C2=O)c2cc(ccc2)C(c2cc(ccc2)N2C(=O)c3c(C2=O)cc(cc3)C(=O)*)(c2ccccc2)C(F)(F)F)cc1,tg,311.0,,False
*Oc1ccc(cc1)Oc1ccc(cc1)Oc1ccc(cc1)Oc1ccc(cc1)OC(=O)c1cc(ccc1)C(=O)*,tg,134.0,,False
*c1ccc(-c2ccc(N3C(=O)c4ccc(-c5ccc6c(c5)C(=O)N(*)C6=O)cc4C3=O)c(C)c2)cc1C,egc,2.83,,False
*OC1CCC(OC(=O)CCC(*)=O)CC1,egc,6.4253,,False
*Nc1ccc(cc1)*,tg,91.75,159.15602111816406,True
*C(=O)c1ccc2c(c1)C(=O)N(c1cc(OCCCCCCCC)cc(N3C(=O)c4ccc(*)cc4C3=O)c1)C2=O,egc,2.6342,2.7708000624941436,True
*Oc1c(cc(cc1C)c1cc(c(c(c1)CBr)Oc1ccc(cc1)C(=O)c1ccc(cc1)*)CBr)CBr,tg,163.67,237.7596893310547,True
*N1C(=O)c2c(C1=O)cc(cc2)Oc1ccc(cc1)c1ccc(cc1)Oc1cc2c(C(=O)N(C2=O)c2ccc(cc2)Oc2cc(ccc2)Oc2ccc(cc2)*)cc1,tg,205.0,,False
*C(C*)c1ccc(cc1)C(=O)c1ccccc1,tg,98.0,115.0849380493164,True
*Oc1ccc(cc1)CC(NC(=O)CCc1ccc(cc1)OC(=O)CCC(=O)*)C(=O)OCc1ccccc1,tg,78.0,,False
*NC(=O)c1c(cc(cc1)C(=O)NCCCCCCCCCCCC*)Sc1ccccc1,tg,92.0,94.8802719116211,True
*OCC(C*)(COC(=O)C(=C)C)CC,tg,72.5,,False
*Oc1c(cc(cc1)OC(=O)c1ccc(cc1)C(=O)*)C1CCCCC1,tg,206.0,,False
*Oc1ccc(cc1)OC(=O)c1c(cc(cc1)c1ccc(cc1)C(=O)*)c1ccccc1,tg,140.0,180.9075927734375,True
*c1cc2c(C(=O)N(C2=O)C2CC(CC(C2)(CN2C(=O)c3c(C2=O)cc(cc3)C(=O)*)C)(C)C)cc1,tg,275.0,,False
*Oc1ccc(cc1)S(=O)(=O)c1ccc(cc1)c1ccc(cc1)S(=O)(=O)c1ccc(cc1)*,tg,278.75,284.7749938964844,True
*CCC=C(*)Cl,egc,5.461,,False
*c1cc2c(C(=O)N(C2=O)c2ccc(cc2)c2nc(cc(c2)c2ccc(cc2)OCCCC#N)c2ccc(cc2)N2C(=O)c3c(C2=O)cc(cc3)C(*)(C(F)(F)F)C(F)(F)F)cc1,tg,339.0,307.3192443847656,True
*CCCCc1nc2cc3nc(*)[nH]c3cc2[nH]1,egc,4.4637,,False
*CCCCCCCCCCCCNC(=O)c1cccc(C(=O)N*)c1,egc,4.8693,,False
*NNC(=O)c1cc(cc(c1)NC(=O)c1cc2c(C(=O)N(C2=O)c2ncccc2C)cc1)C(=O)NNC(=O)CC(=O)*,tg,156.3,,False
*N1C(=O)c2c(C1=O)cc(cc2)Sc1ccc(cc1)Sc1ccc(cc1)Sc1cc2c(C(=O)N(C2=O)c2ccc(cc2)Sc2sc(cc2)Sc2sc(cc2)Sc2sc(cc2)Sc2ccc(cc2)*)cc1,tg,177.0,167.22434997558594,True
*OC(COC(=O)c1c(cccc1)C(=O)*)COc1ccc(cc1)N=Nc1ccc(cc1)C#N,tg,105.0,,False
*C(F)(F)C(=S)C(F)(F)O*,egc,2.9412,,False
*c1ccc(C(c2ccccc2)(c2ccc(N3C(=O)c4ccc(Oc5ccc6c(c5)C(=O)N(*)C6=O)cc4C3=O)cc2)C(F)(F)F)cc1,egc,3.2662,3.1342213617935983,True
*Oc1ccc(cc1)C1(c2ccccc2c2ccccc12)c1ccc(cc1)OC1(C(C(C1(F)F)(F)F)(*)F)F,tg,228.0,,False
*CCC(Cl)C(*)C,egc,6.7613,,False
*C1C(CC(C1)C=C*)[Si](C)(C)C,tg,109.0,131.9393768310547,True
*c1nc2c(nc1c1ccccc1)cc(cc2)Oc1cc2c(nc(c(n2)c2ccc(cc2)*)c2ccccc2)cc1,tg,326.0,329.7097473144531,True
*OC(=O)C=CC(=O)OC1COC2C(*)COC12,egc,4.1943,,False
*Nc1cc(ccc1)NC(=O)Cc1c(cc(c(c1)CC(=O)*)C)C,tg,222.0,143.61366271972656,True
*c1sc(cc1)*,tg,89.35,,False
*C(C*)c1ccc(cc1)CCC,tg,46.75,39.28371810913086,True
*C(C*)(C(=O)Nc1cc(ccc1)c1oc(nn1)c1ccccc1)C,tg,65.0,,False
*C(C*)C(=O)Oc1ccc(cc1)c1ccccc1,tg,105.0,,False
*CC1CC(CNC(=O)c2cccc(C(=O)N*)c2)CC(C(C)(C)C)C1,egc,4.8842,4.801323524036463,True
*NC(C(=O)*)CCC(=O)OCCCCCCCC,tg,-59.5,-34.79217529296875,True
*c1cc2C(c3c(c2cc1)ccc(c3)c1c(cc(c(c1)OCCCCCCCC)*)OCCCCCCCC)(CCCCCC)CCCCCC,tg,58.0,66.12557220458984,True
*C(C*)C(=O)NCCC[N+](C)(C)C,tg,78.0,,False
*CCNC(=O)CCCCCCCCC(=O)N*,egc,5.9828,5.862456341673142,True
*C(C*)c1ccc(cc1)[Si](O[Si](C)(C)C)(O[Si](C)(C)C)C,tg,54.0,32.20198440551758,True
*N1C(=O)c2c(C1=O)cc(cc2)C(=O)c1cc2c(C(=O)N(C2=O)CCCC(=O)Nc2ccc(cc2)Cc2ccc(cc2)NC(=O)CCC*)cc1,tg,195.0,,False
*C(C*)c1c2c(ccc1)cccc2,tg,159.0,161.01515197753906,True
*CC(*)c1cccs1,egc,1.7879,,False
*N1C(=O)c2c(C1=O)cc(cc2)P(=O)(c1cc2c(C(=O)N(C2=O)c2ccc(cc2)*)cc1)c1ccccc1,tg,366.0,,False
*Oc1c(cc(cc1C)C(c1cc(c(c(c1)C)OCC(COc1ccc(cc1)C(c1ccc(cc1)OCC(C*)O)(C)C)O)C)(C)C)C,tg,100.0,,False
*C(C*)(C(=O)OCCCCCCCCOc1ccc(cc1)N=Nc1ccc(cc1)C#N)C,tg,35.0,,False
*C(C*)(C(=O)OCCCCCC(=O)Oc1ccc(cc1)OC(=O)c1ccc(cc1)OCCC)C,tg,45.0,,False
*N(CC*)C(=O)CSC,tg,39.0,48.8957633972168,True
*Oc1c(cc(cc1c1ccccc1)*)c1c(cccc1)c1ccccc1,tg,211.0,213.9737091064453,True
*Oc1ccc(cc1)C1(C2CC3CC(CC1C3)C2)c1ccc(cc1)OC(=O)c1ccc(cc1)Oc1ccc(cc1)C1(CCC(CC1)C(C)(C)C)c1ccc(cc1)Oc1ccc(cc1)C(=O)*,tg,197.0,,False
*c1nc(-c2ccccc2)nc(N(*)C)n1,egc,4.2966,4.327937567077778,True
*Nc1ccc(cc1)C1(c2ccccc2c2ccccc12)c1ccc(cc1)NC(=O)c1c(cc(cc1)c1cc(c(cc1)C(=O)*)C)C,tg,293.0,,False
*N1C(=O)c2c(C1=O)cc(cc2)c1cc2c(C(=O)N(C2=O)c2ccc(cc2)Oc2c(cccc2)Oc2ccc(cc2)*)cc1,tg,241.0,256.3526306152344,True
*OC(CCOC(=O)c1ccc(cc1)c1ccc(cc1)C(=O)*)C,tg,86.83,130.3530731201172,True
*c1cc2c(C(=O)N(C2=O)c2ccc(cc2)Oc2ccc(cc2)C(=O)c2ccc(cc2)Oc2ccc(cc2)C(=O)c2ccc(cc2)Oc2ccc(cc2)N2C(=O)c3c(C2=O)cc(cc3)C(=O)*)cc1,tg,215.0,233.4613800048828,True
*Oc1c(cc(cc1)Oc1ccc(cc1)C(=O)Nc1ccc(cc1)Cc1ccc(cc1)NC(=O)c1ccc(cc1)*)c1ccccc1,tg,218.0,,False
*C(C*)OC(=O)c1ccc(cc1)[Si](C)(C)C,tg,125.25,,False
*Oc1ccc(cc1)CC(NC(=O)CCc1ccc(cc1)OC(=O)CCCC(=O)*)C(=O)OCc1ccccc1,tg,66.0,,False
*CCCCOC(=O)Nc1ccc(C)c(NC(=O)O*)c1,egc,4.832,5.12881995857023,True
*N(c1ccc(cc1)/C=C/c1ccc(cc1)/C=C(/C(=O)NC1C(CCCC1)NC(=O)/C(=C/c1ccc(cc1)/C=C/c1ccc(cc1)N(Cc1c(cccc1)C*)CC)/C#N)\C#N)CC,tg,201.0,,False
*CCCCCCCCNC(=O)NCCCCCCNC(=O)N*,egc,5.7995,,False
*NC(=O)CCP(=O)(CCC(=O)NCCCCCC*)C,tg,57.5,,False
*N1C(=O)c2c(C1=O)cc(cc2)C(=O)Oc1ccc(cc1)C(c1ccc(cc1)OC(=O)CCCCCCCCCCC*)(C)C,tg,93.0,,False
*OC(=O)c1cc(cc(c1)OCCCCCCOc1ccc(cc1)c1ccc(cc1)OC)C(=O)OCCOCCOCCOCCOCCOCC*,tg,5.0,,False
*CCCCCNC(=O)c1cccc(C(=O)N*)c1,egc,4.9725,,False
*c1ccc(-c2ccc(-c3nc4ccc(-c5ccc6nc(*)c(-c7ccccc7)nc6c5)cc4nc3-c3ccccc3)cc2)cc1,egc,2.8449,,False
*C1C(C2CC(C1C2)*)CCCC,tg,235.0,,False
*CC(*)C(=O)c1ccc(Br)c(OC)c1,egc,3.8338,3.604968590745641,True
*C(*)C(=O)OC,tg,80.25,71.85997772216797,True
*Oc1c(cc(cc1c1ccccc1)*)c1c(c(ccc1)c1ccccc1)c1ccccc1,tg,212.0,235.4639129638672,True
*C(C*)(C(=O)Oc1c(c(ccc1)C)C)C,tg,120.0,,False
*Oc1ccc(cc1)CC(NC(=O)CCc1ccc(cc1)OC(=O)CCCCCCCCC(=O)*)C(=O)OCC,tg,44.0,,False
*CCOC(=O)NCCSCCSCCNC(=O)O*,egc,5.2808,5.239208572515685,True
*CC(*)c1ccc2c(c1)OCO2,egc,4.4057,,False
*Oc1ccc(cc1)C(c1ccc(cc1)OC(=S)*)(CC)C,tg,102.0,132.0634307861328,True
*C(C*)(C(=O)NC(=O)OC(COc1c(cc(cc1Br)S(=O)(=O)c1cc(c(c(c1)Br)OCC(O)C)Br)Br)C)C,tg,45.0,,False
*Oc1ccc(NC(=O)c2ccc(Oc3ccc(C(=O)Nc4ccc(*)cc4)c(C(=O)O)c3)cc2C(=O)O)cc1,egc,3.3446,,False
*Nc1ccc(cc1)C(c1ccc(cc1)NC(=O)c1cc(cc(c1)NC(=O)CCCCCN1C(=O)c2c(C1=O)cccc2)C(=O)*)(C(F)(F)F)C(F)(F)F,tg,225.0,,False
*N1C(=O)c2c(C1=O)cc(cc2)Oc1c2c(ccc1)c(ccc2)Oc1cc2c(C(=O)N(C2=O)c2ccc(cc2)C(c2ccc(cc2)*)(C(F)(F)F)C(F)(F)F)cc1,tg,276.0,,False
*OC(=O)Nc1c(c(ccc1)NC(=O)OCCN(CC*)c1ccc(cc1)N=Nc1ccc(cc1)[N+](=O)[O-])C,tg,147.0,,False
*N1C(=O)c2c(C1=O)cc(cc2)C(c1cc2c(C(=O)N(C2=O)CCN(CC*)c2ccc(cc2)N=Nc2ccc(cc2)[N+](=O)[O-])cc1)(C(F)(F)F)C(F)(F)F,tg,210.0,,False
*c1[nH]nc(c1)c1ccc(cc1)Oc1ccc(cc1)C(=O)c1ccc(cc1)Oc1ccc(cc1)*,tg,225.0,237.4815673828125,True
*Oc1ccc(cc1)C(c1ccc(cc1)OC(=O)c1ccc(cc1)C(=O)*)(CC)c1ccccc1,tg,243.0,204.3041229248047,True
*N1C(=O)c2c(C1=O)cc(cc2)c1cc2c(C(=O)N(C2=O)C2CCC(CC2)CC2CCC(CC2)*)cc1,tg,242.0,,False
*CCC(C)(C)CC(C)CNC(=O)CCCCC(=O)N*,egc,5.8095,5.691458207205185,True
*C(CCC*)(CC)C,tg,-23.0,,False
*C(F)(F)NC(F)(F)C(S1)=CC=C1*,egc,4.586,,False
*CC(*)n1ccnc1,egc,4.8897,,False
*N1C(=O)c2c(C1=O)cc(cc2)[Si](c1cc2c(C(=O)N(C2=O)c2cc(ccc2)Cc2cc(ccc2)*)cc1)(C)C,tg,238.0,263.8680419921875,True
*OC(=O)C1CCC(CC1)C(=O)OCCCC*,tg,-10.5,,False
*C(C*)(C(=O)OCc1cc(ccc1)Cl)C,tg,18.25,,False
*CCCCCCCCNC(=O)CCCCCCCCCCCCC(=O)N*,egc,5.9612,,False
*C(C*)(C(=O)OC1COC(OC1)CP(=O)(OCC)OCC)C,tg,-36.0,-7.9418487548828125,True
*N1C(=O)c2c(C1=O)cc(cc2)C(=O)Oc1c(cc(cc1)OC(=O)CCCC*)C,tg,75.76,108.60311889648438,True
*c1cccc(-c2nc3cc(-c4ccc5nc(*)c(-c6ccccc6)nc5c4)ccc3nc2-c2ccccc2)c1,egc,3.3649,,False
*NC(=O)CCCCCCCCCCC*,tg,42.59,,False
*C(C*)(C(=O)NC(=O)Oc1ccc(cc1)S(=O)(=O)c1ccc(cc1)O)C,tg,182.0,,False
*C(C*)(CC(=O)Oc1ccc(cc1)OCCC)C(=O)Oc1ccc(cc1)OCCC,tg,94.5,90.766845703125,True
*Oc1ccc(C(=O)c2ccc(OC(=O)OC3C(C)(C)C(OC(*)=O)C3(C)C)cc2)cc1,egc,4.4802,,False
*Oc1ccc(cc1)C(=O)c1ccc(cc1)Oc1ccc(cc1)C(=O)c1ccc(cc1)Oc1cc(ccc1)Cc1cc(ccc1)*,tg,123.0,141.6936492919922,True
*OC(=O)c1ccc(cc1)c1ccc(cc1)C(=O)OCC*,tg,60.0,,False
*c1cc(OCCOCCOC)c(-c2sc(*)c3c2OCCO3)s1,egc,2.2046,1.5411378223767325,True
*C(=O)Nc1ccc(Oc2ccc(NC(=O)c3ccc4c(c3)C(=O)N(c3ccc(S(=O)(=O)c5ccc(N6C(=O)c7ccc(*)cc7C6=O)cc5)cc3)C4=O)cc2)cc1,egc,2.7174,2.565399100186714,True
*c1cc2c(C(=O)N(C2=O)c2ccc(cc2)C2(CCC(CC2)CC)c2ccc(cc2)NC(=O)*)cc1,tg,312.0,,False
*c1sc(cc1SCCCCCCCC)c1ccc(cc1)c1sc(c(c1)SCCCCCCCC)c1ccc(cc1)*,tg,-38.8,,False
*[Si](CCCCC*)(c1ccccc1)C,tg,-12.65,,False
*CC(*)C1CCCCC1C,egc,6.4889,,False
*Oc1ccc(cc1)S(=O)(=O)c1ccc(cc1)Oc1ccc(cc1)C(=O)c1ccc(cc1)c1ccc(cc1)C(=O)c1ccc(cc1)*,tg,207.0,217.5274658203125,True
*CCCCCCCCCCCCCCCCCCCCOC(=O)CCCCSCCCCC(=O)O*,egc,5.0235,5.727397508518263,True
*OC1C(CCCC1)*,tg,68.0,122.8237533569336,True
*N1C(=O)C2C(C1=O)CC(c1ccccc21)C1C(=O)N(C(=O)C1)c1cc(cc(c1)C(=O)O)*,tg,249.43,,False
*N1C(=O)c2c(C1=O)cc(cc2)P(=O)(c1cc2c(C(=O)N(C2=O)c2ccc(cc2)Oc2ccc(cc2)*)cc1)c1ccccc1,tg,318.0,302.8550109863281,True
*c1ccc(Oc2ccccc2Oc2ccc(-n3c(=O)c4cc5c(=O)n(*)c(=O)c5cc4c3=O)cc2)cc1,egc,2.1614,2.1848063153803277,True
*Oc1ccc(cc1)S(=O)(=O)c1ccc(cc1)Oc1ccc(cc1)NC(=O)c1c(cc(cc1)c1cc(c(cc1)C(=O)Nc1ccc(cc1)*)C)C,tg,251.0,,False
*OC(=O)CCCCCNC(=O)CCCCC(=O)NCCCCCC(=O)OCCCC*,tg,-15.0,-2.6519775390625,True
*N1C(=O)c2c(C1=O)cc(cc2)Oc1cc2c(C(=O)N(C2=O)c2cc(ccc2)*)cc1,tg,280.0,,False
*CCN(*)C(=O)c1ccc(F)c(F)c1,egc,5.106,,False
*c1c(cc(c(c1)C)CC*)C,tg,95.0,,False
*CC(=O)Nc1ccc(Oc2cccc(NC(=O)CN3C(=O)c4ccc(C(=O)c5ccc6c(c5)C(=O)N(*)C6=O)cc4C3=O)c2)cc1,egc,2.0094,,False
*c1cccc(*)c1N,egc,3.8845,,False
*S(=O)(=O)C(C*)CC,tg,32.73,,False
*CCCCCCn1cc2c(n1)C(=O)c1cn(*)nc1C2=O,egc,4.1587,3.964699333089719,True
*Cc1c(C)c(C)c(CNC(=O)CCCCCC(C)CC(=O)N*)c(C)c1C,egc,5.3395,4.946870099494285,True
*OC(=O)CCCCC(=O)OCC(C*)CCCCCCOc1ccc(cc1)N=Nc1ccc(cc1)Br,tg,24.0,,False
*Oc1ccc(cc1)C(=O)NNC(=O)c1ccc(cc1)*,tg,256.2,220.39111328125,True
*C(C*)(C(=O)OCCCCCCCCCCOc1ccc(cc1)OC(=O)c1ccc(cc1)OC)C,tg,21.0,33.913185119628906,True
*c1sc(nn1)c1cc(ccc1)OCCCCCCCCCCCOC(=O)c1cc(ccc1)C(=O)OCCCCCCCCCCCOc1ccc(cc1)*,tg,53.5,60.99961471557617,True
*CCC(=O)OCCOC(=O)CCN1CCN(*)CC1,egc,5.0863,5.270879640682156,True
*Nc1ccc(cc1)C(=O)c1ccc(cc1)NC(=O)c1cc(cc(c1)C(C)(C)C)C(=O)*,tg,271.0,,False
*NC1CCC(CC2CCC(NC(=O)CCCCCCCCCCC(*)=O)CC2)CC1,egc,5.7012,5.646202976134829,True
*C(C=C1)=CC=C1C(C=C2)=CC=C2C(C=C3)=CC=C3C(S4)=CC=C4*,egc,2.8936,,False
*Oc1ccc(cc1)NC(=O)CCCCC(=O)Nc1ccc(cc1)*,tg,230.0,,False
*C(C*)C(=O)OCCCCCC(=O)Oc1ccc(cc1)c1ccc(cc1)C#N,tg,38.0,,False
*CCCCCCNC(=O)C(CCCCCCCCCCCCCCC)C(=O)N*,egc,5.9375,,False
*[SiH2]C#Cc1cc(ccc1)C#C*,tg,72.0,,False
*OC(*)CCCCC,egc,6.039,,False
*Oc1ccc(S(=O)(=O)c2ccc(Oc3ccc(C4(c5ccc(*)cc5)CCCCC4)cc3)cc2)cc1,egc,3.9696,,False
*Oc1ccc(cc1)NC(=O)/C=C/c1ccc(cc1)/C=C/C(=O)Nc1ccc(cc1)*,tg,205.0,,False
*C=CCCCC(Cl)CCC*,egc,5.737,5.7955654248692765,True
*Oc1ccc(cc1)C(c1ccc(cc1)OC(=O)/C=C\C(=O)OCC(C*)O)(C)C,tg,32.0,106.9254150390625,True
*CC(O)COc1cccc(O*)c1,egc,5.2018,,False
*CCOCCOCCOC(=O)NCCCCCCNC(=O)O*,egc,6.2098,5.956013570220544,True
*c1cc2c(C(=O)N(C2=O)c2ccc(cc2)Oc2ccc(cc2)N2C(=O)c3c(C2=O)cc(cc3)C(*)O[Si](O[Si](O[Si](C)(C)C)(C)C)(C)C)cc1,tg,167.0,223.9281005859375,True
*Oc1ccc(cc1)C(=O)OC(COC(COC(COC(=O)c1ccc(cc1)OC(=O)c1ccc(cc1)C(=O)*)C)C)C,tg,36.0,,False
*C(C*)C(=O)OC(OCC)C(F)(F)F,tg,5.0,-17.5089054107666,True
*Oc1ccc(cc1)c1ccc(cc1)Oc1ccc(cc1)C(c1ccc(cc1)*)(C)C,tg,154.0,187.3399658203125,True
*CC(*)C(=O)OCC(C)C,egc,6.1261,,False
*SC(*)(F)F,tg,-118.0,-73.02067565917969,True
*Oc1ccc(cc1)CC(NC(=O)CCc1ccc(cc1)OC(=O)COCCOCC(=O)*)C(=O)OCCCCCCCCCCCC,tg,17.0,28.877670288085938,True
*c1[nH]nc(c1)c1ccc(cc1)Oc1ccc(cc1)P(=O)(c1ccc(cc1)Oc1ccc(cc1)*)c1ccccc1,tg,296.0,256.3725891113281,True
*C(C*)CCCCCCCCCCCCCCCCCC,tg,-88.0,-55.928592681884766,True
*Nc1ccc(cc1)NC(=O)c1c(ccc(c1)c1cc(c(cc1)C(=O)OCC)C(=O)*)C(=O)OCC,tg,231.7,,False
*NC(Cc1c[nH]c2ccccc12)C(*)=O,egc,4.3631,4.548306528082812,True
*Oc1ccc(cc1)OCC(COC(=O)CCCCC(=O)OCC(C*)O)O,tg,19.0,,False
*c1cc(N=Nc2ccc(C#N)cc2)cc(*)c1O,egc,2.4223,,False
*N1C(=O)C2C(C1=O)CC(CC2)C1CC2C(C(=O)N(C2=O)c2ccc(cc2)Oc2cc(ccc2)Oc2ccc(cc2)*)CC1,tg,215.0,,False
*CC(*)OC(=O)c1cccc(Br)c1,egc,4.2289,,False
*CC(C=C1)=CC=C1C(S2)=CC=C2C(S3)=CC=C3*,egc,3.2138,,False
*N1C(=O)c2c(C1=O)cc(cc2)Oc1cc2c(C(=O)N(C2=O)c2ccc(cc2)Sc2cc3c(C(=O)N(C3=O)c3ccc(cc3)CC)cc2Sc2ccc(cc2)*)cc1,tg,271.0,279.8427429199219,True
*Nc1ccc(NC(=O)c2ccc(NC(=O)c3cc(NC(=O)C45CC6CC(CC(C6)C4)C5)cc(C(*)=O)c3)cc2)cc1,egc,3.1839,,False
*Oc1cc(c(cc1)S(=O)(=O)c1c(cc(cc1)Oc1ccc(cc1)C(c1ccc(cc1)*)(C)C)N)N,tg,210.5,183.5933837890625,True
*Oc1c(cc(c(c1)OC(=O)c1ccc(cc1)OCCCC)OC(=O)CCCC(=O)*)OC(=O)c1ccc(cc1)OCCCC,tg,59.0,51.34906005859375,True
*CC(*)Cl,egc,7.0905,,False
*OC(=O)NNC(=O)CCCCCCCCC(=O)NNC(=O)OCCCC*,tg,56.0,,False
*Oc1ccc(C(*)=O)cc1Cl,egc,4.5769,4.349605472606364,True
*CC(*)(C)C(=O)OCC(F)(F)C(F)F,egc,6.3988,,False
*N1C(=O)c2c(C1=O)cc(cc2)c1cc2c(C(=O)N(C2=O)c2ccc(cc2)Oc2c(cc(cc2)Oc2ccc(cc2)*)C(C)(C)C)cc1,tg,274.0,286.93560791015625,True
*c1cc2c(C(=O)N(C2=O)c2cc(cc(c2)c2oc(nn2)c2ncccc2)N2C(=O)c3c(C2=O)cc(cc3)C(=O)Nc2cc(ccc2)S(=O)(=O)c2cc(ccc2)NC(=O)*)cc1,tg,173.0,,False
*CCC(C=C1)=CC=C1O*,egc,4.9179,,False
*N1C(=O)c2c(C1=O)cc(cc2)C(=O)Oc1c(cc(cc1)OC(=O)c1cc2c(C(=O)N(C2=O)CCCOCCCCOCCC*)cc1)c1ccccc1,tg,71.0,67.73548889160156,True
*c1ccc2cc(*)n(C(C(=O)NO)n3ccc4ccccc43)c2c1,egc,3.8694,,False
*c1cc2c(C(=O)N(C2=O)c2ccc(cc2)C(=O)Nc2ccc(cc2)Oc2ccc(cc2)Oc2ccc(cc2)NC(=O)c2ccc(cc2)N2C(=O)c3c(C2=O)cc(cc3)C(*)(C(F)(F)F)C(F)(F)F)cc1,tg,303.0,283.7334289550781,True
*CCCCCCOC(=O)CCCCCNC(=O)O*,egc,6.4222,,False
*C(C*)(C(=O)OCC)CF,tg,43.0,,False
*Oc1ccc(cc1)C(=C(Cl)Cl)c1ccc(cc1)OC*,tg,108.0,159.36351013183594,True
*Oc1ccc(cc1)NC(=C(C#N)C#N)c1ccc(cc1)c1ccc(cc1)C(=C(C#N)C#N)Nc1ccc(cc1)*,tg,220.0,,False
*NC(=O)C(C(C(=O)NCCCCCC*)OC)OC,tg,106.0,87.51819610595703,True
*Oc1cccc(OC(=O)c2cccc(C(*)=O)c2)c1,egc,4.1279,,False
*CC(*)OC(C)=O,egc,6.8523,,False
*c1ccc2c(c1)c1cc(*)ccc1n2CC,egc,3.4703,,False
*c1c(nc2c(n1)cc(cc2)S(=O)(=O)c1cc2c(nc(c(n2)c2ccc(cc2)N2C(=O)c3c(C2=O)cc(cc3)C(=O)c2cc3c(C(=O)N(C3=O)c3ccc(cc3)*)cc2)c2ccccc2)cc1)c1ccccc1,tg,240.0,309.4858703613281,True
*c1cc2c(C(=O)N(C2=O)c2c(c(cc(c2)C(F)(F)F)N2C(=O)c3c(C2=O)cc(cc3)C(=O)Nc2cc(c(cc2)Oc2c(cc(cc2)NC(=O)*)c2ccccc2)c2ccccc2)Oc2ccc(cc2)C(F)(F)F)cc1,tg,312.0,,False
*N1C(=O)c2c(C1=O)cc(cc2)C(=O)c1cc2c(C(=O)N(C2=O)CC2CC(CCC2)C*)cc1,tg,213.0,,False
*CC(=O)CC(C=C1)=CC=C1*,egc,4.4305,4.614533401574412,True
*N1C(=O)c2c(C1=O)cc(cc2)c1cc2c(C(=O)N(C2=O)c2cc(ccc2)*)cc1,tg,327.88,,False
*c1ccc2c(c1)c1cc(*)ccc1n2C=C,egc,3.4876,3.3033687682171693,True
*NC(=O)c1ccc(cc1)CC(=O)NCCCCC*,tg,103.0,,False
*C1C2C(C(=O)N(C2=O)CCCC)C(C1)C=C*,tg,131.0,,False
*CCOC(=O)NCCCC(CCNC(=O)O*)OC,egc,5.8395,6.0147375885572725,True
*c1cc2c(oc(n2)c2c(cc(c(c2)OCCCCCCCCCC)c2oc3c(n2)cc(cc3)C(*)(C(F)(F)F)C(F)(F)F)OCCCCCCCCCC)cc1,tg,94.0,123.03118896484375,True
*CCNC(=O)C(OC)C(OC)C(=O)N*,egc,5.4257,,False
*N1C(=O)c2c(C1=O)cc(cc2)C(=O)Oc1cc2c(cc1)cc(cc2)OC(=O)c1cc2c(C(=O)N(C2=O)CCCOCCCCOCCC*)cc1,tg,68.0,74.85384368896484,True
*NC(=S)C(S1)=CC=C1O*,egc,3.2187,,False
*CCCCCCCCCCCCNC(=O)NCCCCCCNC(=O)N*,egc,5.7649,,False
*c1ccc(Oc2ccc(Oc3ccc(-n4c(=O)c5cc6c(=O)n(*)c(=O)c6cc5c4=O)cc3)cc2C(C)(C)C)cc1,egc,1.9644,2.1270173205778966,True
*OC1(C)CC(C)(C)C(C)(N2CCCC(*)C2)C1C,egc,4.6138,,False
*CC(*)(C)C(=O)OCc1ccc2c(c1)c1ccccc1n2CC,egc,3.4735,,False
*N1C(=O)c2c(C1=O)cc(cc2)c1cc2c(C(=O)N(C2=O)c2c(ccc(c2)*)C)cc1,tg,341.33,365.1984558105469,True
*c1oc(nc1)c1cc(c(cc1)Oc1ccc(cc1)C(c1ccc(cc1)Oc1c(cc(cc1)*)C(F)(F)F)(C(F)(F)F)C(F)(F)F)C(F)(F)F,tg,205.0,,False
*CCCC1CCN(C(=O)SSCCCCSSC(=O)N2CCC(*)CC2)CC1,egc,5.001,3.8272913207689387,True
*OC(C=C1)=CC=C1C(=O)C(S2)=CC=C2C(=O)NOC(=O)*,egc,3.9191,,False
*Oc1ccc(cc1)C(c1ccc(cc1)OC(=S)*)C(CC)CC,tg,148.0,,False
*C(C*)OC(=O)c1c(cccc1)Cl,tg,55.75,81.12162017822266,True
*C(C*)(C(=O)Oc1ccc(cc1)C(=O)Oc1ccc(cc1)OC)C,tg,77.0,108.71247100830078,True
*C(C*)(CC(=O)OCCC1CCCCC1)C(=O)OCCC1CCCCC1,tg,48.0,,False
*OC(=O)NNC(=O)CCCCCCCCC(=O)NNC(=O)OCCCCC*,tg,20.0,,False
*N1C(=O)c2c(C1=O)cc(cc2)C(=O)c1cc2c(C(=O)N(C2=O)CC2C3C(CC2)C2C(CC3C2)C*)cc1,tg,217.0,208.59410095214844,True
*C(C*)(C(=O)OCCCCCCCCCCOc1ccc(cc1)N=Nc1ccc(cc1)[N+](=O)[O-])C,tg,55.0,51.57167053222656,True
*OC(C*)CSCCCCC,tg,-68.0,,False
*c1cc2c(C(=O)N(C2=O)c2ccc(cc2)Cc2ccc(cc2)N2C(=O)c3c(C2=O)cc(cc3)C(CCCCC(*)(C)C)(C)C)cc1,tg,169.9,,False
*c1cc2c(C(=O)N(C2=O)c2cc(ccc2)Oc2ccc(cc2)N2C(=O)c3c(C2=O)cc(cc3)C(=O)Nc2cc(ccc2)Oc2ccc(cc2)NC(=O)*)cc1,tg,211.0,,False
*CC(*)C(=O)NCC,egc,5.2246,5.2428764443104905,True
*c1ccc(-c2nc3cc(-c4ccc5oc(*)nc5c4)ccc3o2)cc1,egc,3.1145,3.107627011752564,True
*Oc1ccc(cc1)C(=O)c1ccc(cc1)OCC(C*)O,tg,130.0,113.6192398071289,True
*OC(C*)CO,tg,-27.0,,False
*c1ccc(-c2ccc(-c3nc4ccc(Oc5ccc6nc(*)c(-c7ccccc7)c(-c7ccccc7)c6c5)cc4c(-c4ccccc4)c3-c3ccccc3)cc2)cc1,egc,3.3136,,False
*Oc1ccc(cc1)C(c1ccc(cc1)OC(=S)*)(CC(C)C)C,tg,128.0,,False
*Oc1ccc(cc1)C(c1ccc(cc1)OCC(CN(S(=O)(=O)c1ccc(cc1)c1ccc(cc1)S(=O)(=O)N(CC(C*)O)C)C)O)(C)C,tg,101.0,,False
*Oc1ccc(cc1)Cc1ccc(cc1)OC(=O)CCCCC(=O)*,tg,60.5,,False
*C(C*)c1ccc(cc1)C(C(C(C(C(C(C(F)(F)F)(F)F)(F)F)(F)F)(F)F)(F)F)(F)F,tg,42.0,,False
*c1cc2c(C(=O)N(C2=O)c2c(ccc(c2)N2C(=O)c3c(C2=O)cc(cc3)C(=O)Oc2ccc(cc2)C(c2ccc(cc2)OC(=O)*)(C)C)O)cc1,tg,225.0,,False
*c1cc2c(C(=O)N(C2=O)c2ccc(cc2)NC(=O)c2cc(ccc2)C(=O)Nc2ccc(cc2)N2C(=O)c3c(C2=O)cc(cc3)C(=O)*)cc1,tg,247.0,,False
*Oc1c(cc(cc1)C(c1cc(c(cc1)OC(=O)*)Cl)(C)C)C,tg,138.0,148.54112243652344,True
*Oc1ccc(cc1)C1(c2ccccc2c2ccccc12)c1ccc(cc1)OC(=O)c1ccc(cc1)C(=O)*,tg,285.0,338.1395568847656,True
*Oc1ccc(cc1)C(c1ccc(cc1)OCC(COC(=O)CCCCC(=O)OCC(C*)O)O)(C)C,tg,37.33,,False
*c1sc(cc1)c1sc(cc1)c1sc(cc1)[Si](*)(C)C,tg,45.0,,False
*OC(=O)CCCCC(=O)OCC(C*)CCCCCCOc1ccc(cc1)N=Nc1ccc(cc1)C,tg,29.0,,False
*Oc1c(cc(cc1)OC(=O)c1cc(ccc1)Sc1ccc(cc1)OC(=O)c1ccc(cc1)C(=O)Oc1ccc(cc1)Sc1cc(ccc1)C(=O)*)C,tg,106.5,,False
*NNC(=O)c1cc(cc(c1)NC(=O)c1cc2c(C(=O)N(C2=O)c2ncc(cc2)C)cc1)C(=O)NNC(=O)C(=O)*,tg,146.4,,False
*Oc1ccc(cc1)C(=O)OC(=O)c1ccc(cc1)OCOC*,tg,57.0,,False
*Oc1c(cc(cc1C)*)C(CCCCCCCC)C,tg,20.0,,False
*CCCCCCCCCCC(=O)NCCCCCCNC(=O)CCCO*,egc,6.0291,,False
*N1C(=O)c2c(C1=O)cc(cc2)Oc1cc2c(C(=O)N(C2=O)c2cc(ccc2)C(c2cc(ccc2)*)O[Si](O[Si](O[Si](C)(C)C)(C)C)(C)C)cc1,tg,219.0,,False
*c1nc(c(nc1c1ccc(cc1)NC1C(=O)N(C(=O)C1)c1ccc(cc1)c1sc(c(c1c1ccccc1)c1ccccc1)c1ccc(cc1)N1C(=O)C(CC1=O)Nc1ccc(cc1)*)C#N)C#N,tg,231.0,,False
*c1cc2c(C(=O)N(C2=O)c2ccc(cc2)Oc2ccc(cc2)N2C(=O)c3c(C2=O)cc(cc3)C(=O)c2ccc(cc2)Oc2ccc(cc2)c2ccc(cc2)Oc2ccc(cc2)C(=O)*)cc1,tg,233.0,250.1403045654297,True
*c1cc2c(C(=O)N(C2=O)c2ccc(cc2)Oc2ccc(cc2)C2(c3c(C(=O)N2)cccc3)c2ccc(cc2)Oc2ccc(cc2)N2C(=O)c3c(C2=O)cc(cc3)C(=O)Nc2ccc(cc2)Oc2cc(ccc2)Oc2ccc(cc2)NC(=O)*)cc1,tg,288.0,,False
*C(C*)c1cc(c(cc1)Cl)Cl,tg,128.0,,False
*N1C(=O)N(C(=O)C1=O)c1c(ccc(c1)N1C(=O)N(C(=O)C1=O)c1ccc(cc1)CCc1c(cccc1)*)C,tg,255.0,,False
*C(C(CC*)(F)F)(F)F,tg,-108.0,-44.99174118041992,True
*c1sc(cc1CCCC)*,tg,53.58,,False
*CCCCCCCCCCC(=O)N(*)C,egc,5.7405,5.715034511725981,True
*OP(=O)(Oc1ccccc1)Oc1ccc(-c2ccc(*)cc2)cc1,egc,4.631,,False
*c1n(nc(c1)c1ccc(cc1)Oc1ccc(cc1)C(=O)c1ccc(cc1)C(=O)c1ccc(cc1)Oc1ccc(cc1)*)c1ccccc1,tg,205.0,220.0927276611328,True
*c1cc2c(C(=O)N(C2=O)c2ccc(cc2)OCCOc2ccc(cc2)N2C(=O)c3c(C2=O)cc(cc3)C(*)(C(F)(F)F)C(F)(F)F)cc1,tg,254.0,,False
*c1oc(cc1)C(c1oc(cc1)CNC(=O)OCc1oc(cc1)COC(=O)NC*)(C)C,tg,44.8,,False
*c1ccc2c(c1)C(=O)N(c1ccc(Oc3ccc(N4C(=O)c5ccc(C(F)(F)C(F)(F)C(F)(F)C(F)(F)C(F)(F)C(F)(F)C(F)(F)C(*)(F)F)cc5C4=O)cc3)cc1)C2=O,egc,2.6011,,False
*N1C(=O)c2c(C1=O)cc(cc2)c1cc2c(C(=O)N(C2=O)CCCCCCOC(=O)CCCCCCCCCCN2C(=O)c3c(C2=O)cc(cc3)c2ccc(cc2)c2cc3c(C(=O)N(C3=O)CCCCCCCCCCC(=O)OCCCCCC*)cc2)cc1,tg,45.0,57.28635787963867,True
*Nc1ccc(cc1)NC(=O)c1cc(cc(c1)S(=O)(=O)c1ccccc1)C(=O)*,tg,308.0,,False
*O[Si](O[Si](c1ccc(cc1)[Si](*)(C)C)(C)C)(C=C)C=C,tg,-71.0,-17.348520278930664,True
*C(C*)(C(=O)Nc1ccc(cc1)C(=O)C=Cc1ccc(cc1)OC)C,tg,35.0,,False
*C(C(*)(F)F)(C(F)(F)F)F,tg,158.5,,False
*Nc1ccc(cc1)NC(=O)Cc1c(cc(c(c1)C)CC(=O)*)C,tg,175.0,,False
*Oc1ccc(cc1)CC(NC(=O)Cc1ccc(cc1)OC(=O)CCC(=O)*)C(=O)OCCCCCCCC,tg,51.0,50.27390670776367,True
*c1cc2c(C(=O)N(C2=O)c2ccc(cc2)Oc2cc(ccc2)Oc2ccc(cc2)N2C(=O)c3c(C2=O)cc(cc3)C(*)(C(F)(F)F)C(F)(F)F)cc1,tg,247.67,,False
*c1cc2c(C(=O)N(C2=O)c2ccc(cc2)N(c2ccc(cc2)N2C(=O)c3c(C2=O)cc(cc3)C(=O)*)c2ccccc2)cc1,tg,270.0,,False
*N1C(=O)c2c(C1=O)cc(cc2)C(=O)Oc1cc2c(cc1)cc(cc2)OC(=O)c1cc2c(C(=O)N(C2=O)CC(CCC*)C)cc1,tg,130.0,,False
*OCc1ccc(cc1)C*,tg,217.0,47.63314437866211,True
*c1cc2c(C(=O)N(C2=O)c2cc(ccc2)Cc2ccc(cc2)Cc2ccc(cc2)N2C(=O)c3c(C2=O)cc(cc3)C(=O)*)cc1,tg,317.0,,False
*OC(=O)CC(CC*)C,tg,-71.5,,False
*C(C*)C(=O)OCCCCCC,tg,-57.0,,False
*OC(=O)Nc1ccc(cc1)Cc1ccc(cc1)NC(=O)OCCCCCCC*,tg,84.0,70.9026870727539,True
*C(C*)c1c(cccc1)COCCCCCCCC,tg,13.0,,False
*OC(COC(=O)*)C,tg,31.72,18.165985107421875,True
*N1C(=O)c2c(C1=O)c(ccc2)Oc1c(c(cc(c1)C(C)(C)C)C(C)(C)C)Oc1c2c(C(=O)N(C2=O)c2ccc(cc2)Oc2ccc(cc2)c2ccc(cc2)Oc2ccc(cc2)*)ccc1,tg,237.0,,False
*Oc1c(C)cc(-c2cc(C)c(OC(=O)CCCCCC(*)=O)c(C)c2)cc1C,egc,4.7241,4.528050223402555,True
*c1nc2c(c(c1)c1ccccc1)cc(cc2)C1(c2ccccc2C(=O)c2ccccc12)c1cc2c(nc(cc2c2ccccc2)c2ccc(cc2)c2ccc(cc2)*)cc1,tg,350.0,390.0455017089844,True
*OC(=O)Nc1c(ccc(c1)NC(=O)OCCN(CC*)c1ccc(cc1)N=Nc1ccc(cc1)[N+](=O)[O-])C,tg,144.0,144.4651641845703,True
*NC(=O)CCCCC*,tg,48.52,,False
*OCC(C*)(CSC)CSC,tg,-6.0,-32.60176467895508,True
*OC(CC)(CC)C(*)=O,egc,6.0873,,False
*N1C(=O)c2c(C1=O)c(ccc2)Oc1ccc(cc1)Oc1c2c(C(=O)N(C2=O)c2ccc(cc2)Oc2cc(ccc2)Oc2ccc(cc2)*)ccc1,tg,214.0,220.6015625,True
*Oc1cc(ccc1)NC(=O)c1ccc(cc1)[Si](c1ccc(cc1)C(=O)*)(C)C,tg,220.0,,False
*COCOc1ccc(C(=O)OC(=O)c2ccc(O*)cc2)cc1,egc,4.4493,4.375009977741473,True
*Oc1cc(ccc1)NC(=O)c1cc(cc(c1)C(C(C(C(F)(F)F)(F)F)(F)F)(F)F)C(=O)Nc1ccc(cc1)*,tg,230.0,242.4027862548828,True
*c1cc2c(C(=O)N(C2=O)c2ccc(cc2)C(=O)c2ccc(cc2)Cc2cc(ccc2)N2C(=O)c3c(C2=O)cc(cc3)C(=O)*)cc1,tg,254.0,,False
*C(C*)c1ccc(cc1)COc1ccc(cc1)c1ccc(cc1)C#N,tg,124.0,135.62403869628906,True
*c1cc(-c2ccccc2)c(*)[nH]1,egc,2.9521,3.233715381933962,True
*C(C*)C(=O)NC(CC(=O)C)(C)C,tg,86.0,,False
*c1ccc(-c2nc(-c3ccc(-c4nc(*)sc4C(=O)O)cc3)c(C(=O)O)s2)cc1,egc,3.4119,3.1301899458079734,True
*C1OC(C(C(C1O)O)O*)CO,tg,144.0,,False
*CC(C#N)(C#N)C(C#N)C(C#N)(C#N)*,egc,7.111,6.431078658644982,True
*C(C*)C(=O)Oc1ccc(cc1)C(=O)c1ccc(cc1)Cl,tg,78.0,90.6356201171875,True
*N1C(=O)c2c(C1=O)c(ccc2)c1cc2c(C(=O)N(C2=O)c2ccc(cc2)OCCCCCOc2ccc(cc2)*)cc1,tg,208.0,,False
*c1cncc(c1)C(=O)NNC(=O)c1ccc(cc1)[Si](c1ccc(cc1)C(=O)NNC(=O)*)(c1ccccc1)c1ccccc1,tg,234.0,,False
*c1cc2c(C(=O)N(C2=O)c2ccc(cc2)C(=O)OCCCCCCCCOC(=O)*)cc1,tg,65.0,,False
*OC(=O)c1cc2c(cc1)cc(cc2)C(=O)OCCCCCCCCCCC*,tg,39.0,35.58279037475586,True
*C1CC2CC(CC(C1)O2)OC(=O)Oc1ccc(cc1)C(c1ccc(cc1)OC(=O)O*)(C)C,tg,194.0,,False
*C1C(CC(C1)C=C*)(CCC)C#N,tg,108.0,,False
*C(=O)OC1CCC(OC(=O)N2CC(C)N(*)CC2C)CC1,egc,5.8738,5.951509040075516,True
*N1C(=O)c2c(C1=O)c(ccc2)c1cc2c(C(=O)N(C2=O)c2cc(ccc2)C(=O)Nc2ccc(cc2)Oc2ccc(cc2)c2ccc(cc2)Oc2ccc(cc2)NC(=O)c2cc(ccc2)*)cc1,tg,275.0,,False
*N(CCCNC(=O)CCCCC(=O)NCCC*)C,tg,5.0,,False
*C(CCCCC*)CC,tg,-73.0,,False
*Oc1ccc(cc1)S(=O)(=O)c1ccc(cc1)Oc1ccc(cc1)c1ccc(cc1)c1ccc(cc1)*,tg,251.0,,False
*CCC(C#N)CC(C)=C(*)C,egc,5.2759,,False
*N1C(=O)c2c(C1=O)cc(cc2)Oc1cc2c(C(=O)N(C2=O)c2ccc(cc2)Sc2cc3c(C(=O)N(C3=O)CCc3ccccc3)cc2Sc2ccc(cc2)*)cc1,tg,218.0,,False
*Oc1ccc(cc1)NC(=O)c1ccc(cc1)[Si](c1ccc(cc1)C(=O)*)(c1ccccc1)c1ccccc1,tg,235.0,182.8800506591797,True
*Oc1ccc(cc1)OC(=O)Oc1ccc(cc1)C(=O)*,tg,74.0,,False
*OC(=O)c1ccc(cc1)C(=O)OCC1CC(CCC1)C*,tg,75.0,78.85750579833984,True
*C(=O)c1ccc2c(c1)C(=O)N(c1ccc(C(c3ccccc3)(c3ccc(N4C(=O)c5ccc(*)cc5C4=O)cc3)C(F)(F)F)cc1)C2=O,egc,2.9448,2.818136851676637,True
*CC(*)C(=O)NCCC,egc,6.0177,5.327570427060343,True
*c1ccc(C(c2ccc(-c3nc4ccc(-c5ccc6nc(*)oc6c5)cc4o3)cc2)(C(F)(F)F)C(F)(F)F)cc1,egc,3.2022,3.4638308095089316,True
*Oc1ccc(cc1)Oc1ccc(cc1)NC(=O)c1cc(cc(c1)NC(=O)c1ccc(cc1)OC(=O)C)C(=O)Nc1ccc(cc1)*,tg,251.0,254.12359619140625,True
*N1C(=O)c2c(C1=O)cc(cc2)C(c1cc2c(C(=O)N(C2=O)CCN(CC*)c2ccc(cc2)C=Cc2ccc(cc2)[N+](=O)[O-])cc1)(C(F)(F)F)C(F)(F)F,tg,219.0,,False
*Nc1c(ccc(c1)NC(=O)C(=O)*)C,tg,-54.65,233.59873962402344,True
*C(C*)c1ccc(cc1)COCCC(C(C(C(C(C(C(C(F)(F)F)(F)F)(F)F)(F)F)(F)F)(F)F)(F)F)(F)F,tg,53.33,,False
*c1ccc2nc(*)sc2c1,egc,2.966,,False
*Oc1ccc(cc1)C(c1ccc(cc1)OCC(CN(CC(C*)O)CCO)O)(C)C,tg,79.0,73.6541519165039,True
*OC(=O)c1ccc(cc1)c1ccc(cc1)C(=O)OCCCCCC*,tg,52.0,56.1179084777832,True
*NC(=O)c1cc(ccc1)C(=O)NCCCC1(c2ccccc2c2ccccc12)CCC*,tg,175.0,142.18309020996094,True
*Oc1ccc(cc1)N=C(c1ccc(cc1)Oc1ccc(cc1)C(c1ccc(cc1)Oc1ccc(cc1)C(=Nc1ccc(cc1)*)c1ccccc1)(c1ccccc1)c1ccccc1)c1ccccc1,tg,177.0,,False
*CC(C)(CO*)COCCCCCCCCCCOc1ccc(-c2ccc(C#N)cc2)cc1,egc,4.0117,,False
*OC(=O)CCSCCC(*)=O,egc,4.6003,5.304004667297028,True
*c1oc(nn1)c1ccc(cc1)Oc1ccc(cc1)c1c(cc(c(c1)OCCCCCC)c1ccc(cc1)Oc1ccc(cc1)*)OCCCCCC,tg,103.0,,False
*c1cc2c(C(=O)N(C2=O)c2ccc(cc2)Oc2ccc(cc2)N2C(=O)c3c(C2=O)cc(cc3)C(=O)Oc2c(cc(cc2)OC(=O)*)C(C)(C)C)cc1,tg,189.0,,False
*N1C(=O)C(CC1=O)(SCCOCCSC1(C(=O)N(C(=O)C1)CCCCCCN1C(=O)C(C(C1=O)C)SCCOCCSC1C(=O)N(C(=O)C1C)CCCCCC*)C)C,tg,78.0,,False
*C(C*)c1ccc(cc1)CCCCCCCCCCCC,tg,-52.0,-17.811172485351562,True
*N1CCN(CC1)C(=O)c1cc(ccc1)C(=O)*,tg,214.5,238.6357879638672,True
*OC(=O)CCS(=O)(=O)CCS(=O)(=O)CCC(*)=O,egc,6.2137,,False
*CC(=O)C(=S)C(=O)*,egc,1.9995,,False
*c1cc2c(oc(n2)c2ccc(cc2)Oc2ccc(cc2)C(c2ccc(cc2)Oc2ccc(cc2)c2oc3c(n2)cc(cc3)C(*)(C(F)(F)F)C(F)(F)F)(C(F)(F)F)C(F)(F)F)cc1,tg,230.67,,False
*CC(=O)OCCCCCCOC(=O)Cn1c(=O)c2cc3c(=O)n(*)c(=O)c3cc2c1=O,egc,3.6832,3.400582936124064,True
*Oc1ccc(cc1)NC(=O)c1cc(cc(c1)NC(=O)c1ccc(cc1)OC(=O)C)C(=O)Nc1ccc(cc1)Oc1ccc(cc1)C(c1ccc(cc1)*)(C)C,tg,243.0,,False
*c1cc(CC(=O)OCCCCCCCC)c(*)[nH]1,egc,3.192,,False
*c1cc2c(C(=O)N(C2=O)c2ccc(cc2)C(=O)c2ccc(cc2)Cc2ccc(cc2)C(=O)c2ccc(cc2)N2C(=O)c3c(C2=O)cc(cc3)C(=O)*)cc1,tg,285.5,,False
*O[Si](C)(C)O[Si](C)(C)O[Si](C)(C)OC(C)CCC(*)C,egc,6.3039,,False
*c1c(nc2c(n1)cc(cc2)Oc1ccc(cc1)NC(=O)c1cc(cc(c1)N1C(=O)c2c(C1=O)c(c(c(c2Cl)Cl)Cl)Cl)C(=O)Nc1ccc(cc1)Oc1cc2c(nc(c(n2)c2ccc(cc2)Oc2ccc(cc2)*)c2ccccc2)cc1)c1ccccc1,tg,295.0,294.5461730957031,True
*OC(=O)OCCOCCOCCOCCOC(=O)OC1COC2C(*)COC12,egc,6.2534,,False
*OC(=O)Nc1c(ccc(c1)NC(=O)OCCN(CC*)c1ccc(cc1)N=Nc1c(cc(cc1)[N+](=O)[O-])C)C,tg,137.0,,False
*N1C(=O)c2c(C1=O)cc(cc2)c1cc2c(C(=O)N(C2=O)c2ccc(cc2)c2ccc(cc2)NC(=O)c2cc(ccc2)C(=O)Nc2ccc(cc2)c2ccc(cc2)*)cc1,tg,230.0,,False
*Nc1ccc(cc1)c1ccc(cc1)NC(=O)c1ccc(cc1)NC(=O)c1ccc(cc1)[Si](c1ccc(cc1)C(=O)Nc1ccc(cc1)C(=O)*)(C)C,tg,320.0,,False
*Nc1c(cc(cc1)NC(=O)c1ccc(cc1)NC(=O)CCCCCCCCCCCCC(=O)Nc1ccc(cc1)C(=O)*)C(=O)OCCCCCCCCCCCCCCCCCC,tg,191.0,235.0561065673828,True
*N1C(=O)c2c(C1=O)cc(cc2)c1cc2c(C(=O)N(C2=O)c2ccc(cc2)C2(c3ccccc3c3ccccc23)c2ccc(cc2)*)cc1,tg,388.0,,False
*c1ccc(-n2ccc(-c3cccc(-c4ccn(*)n4)c3)n2)cc1,egc,3.7316,3.5491732222202406,True
*OC(C)COC(=O)c1cccc(C(*)=O)c1,egc,5.0391,,False
*N1C(=O)c2c(C1=O)cc(cc2)c1cc2c(C(=O)N(C2=O)c2cc(ccc2)Oc2c(ccc(c2)Oc2cc(ccc2)*)P(=O)(c2ccccc2)c2ccccc2)cc1,tg,234.0,,False
*C(C*)c1cc(c(cc1)C)C,tg,106.0,,False
*C(C*)(CC(=O)OCC1CCCCC1)C(=O)OCC1CCCCC1,tg,83.0,,False
*O[Si](c1c2ccc3ccc(c4ccc(cc1)c2c34)[Si](*)(C)C)(C)C,tg,65.0,220.2236328125,True
*CCCCCCCCCC(=O)O*,egc,6.6843,,False
*CCN(CCOC(=O)C=Cc1ccc(C=CC(=O)O*)cc1)c1ccc(N=Nc2ccc([N+](=O)[O-])cc2)cc1,egc,2.3089,,False
*OC(=O)CCCCCCCCC(=O)OCC#CC(=Cc1ccc(cc1)C#Cc1ccc(cc1)C=C(C#Cc1ccccc1)C#Cc1ccccc1)C#CC*,tg,60.0,78.551025390625,True
*O[Si](*)(CCCOc1ccc(cc1)C(=O)Oc1ccc(cc1)c1ccc(cc1)OC(=O)c1cc(c(c(c1)OCCCCC)OCCCCC)OCCCCC)C,tg,48.67,57.92124938964844,True
*CC(*)CC(C)C,egc,6.7394,6.165073885993579,True
*C1C(=O)N(C(=O)C1C(C*)OC)c1ccc(cc1)N(C)C,tg,221.0,,False
*Oc1ccc(cc1)NC(=O)NC1CC(CC(C1)(CNC(=O)Nc1ccc(cc1)*)C)(C)C,tg,274.0,201.00367736816406,True
*[Si](CCC*)(O[Si](CCCOc1ccc(cc1)C#N)(C)C)C,tg,-45.5,-24.12325096130371,True
*OC1CC(C)CC(*)O1,egc,6.2631,,False
*N(c1ccc(cc1)C(=O)c1ccc(cc1)N(CCCCCCCC*)C)C,tg,50.0,43.06173324584961,True
*C(CC(C*)c1ccc(cc1)Cl)(C#N)C#N,tg,150.0,,False
*c1n(c(nn1)c1ccc(cc1)Oc1ccc(cc1)C(c1ccc(cc1)Oc1ccc(cc1)*)(C(F)(F)F)C(F)(F)F)c1ccc(cc1)S(=O)(=O)C,tg,226.0,220.32470703125,True
*Oc1c(cc(c(c1)OC(=O)c1ccc(cc1)OCCCCC)OC(=O)CCCC(=O)*)OC(=O)c1ccc(cc1)OCCCCC,tg,44.0,,False
*c1cc2c(C(=O)N(C2=O)c2cc(cc(c2)C(F)(F)F)Oc2c(cc(cc2C)c2cc(c(c(c2)C)Oc2cc(cc(c2)C(F)(F)F)N2C(=O)c3c(C2=O)cc(cc3)C(=O)*)C)C)cc1,tg,265.4,279.4492492675781,True
*OP(=O)(OCCOc1ccc(cc1)S(=O)(=O)c1ccc(cc1)OCC*)Oc1ccc(cc1)OC,tg,52.0,,False
*C(=O)Nc1ccc(NC(=O)c2ccc3c(c2)C(=O)N(c2ccc(S(=O)(=O)c4ccc(N5C(=O)c6ccc(*)cc6C5=O)cc4)cc2)C3=O)cc1,egc,2.7403,,False
*OC(=O)Oc1ccc(C(=O)Oc2ccc(OC(=O)OC3COC4C(*)COC34)cc2)cc1,egc,4.4189,5.079356539573024,True
*OP(=O)(Oc1ccc(cc1)c1ccc(cc1)*)Oc1ccccc1,tg,112.0,100.33385467529297,True
*Oc1ccc2cc(C(*)=O)ccc2c1Br,egc,3.7175,,False
*Oc1ccc(cc1)OCc1ccc(cc1)COc1ccc(cc1)OCCCCCCCCCCCC*,tg,24.0,,False
*c1sc(*)c2c1OCC(CCCCS(=O)(=O)O)O2,egc,2.1668,,False
*C(C*)[Si](C)(C)C,tg,147.0,,False
*C1C(=O)N(C(=O)C1*)CCCCCCOc1ccc(cc1)c1ccc(cc1)C#N,tg,76.0,,False
*c1nc2c(nc1)ccc(c2)c1ccc2c(nc(cn2)c2ccc(cc2)Oc2ccc(cc2)Oc2ccc(cc2)Oc2ccc(cc2)*)c1,tg,216.0,,False
*Nc1cc(ccc1)NC(=O)CCCCC(=O)Nc1cc(ccc1)NC(=S)NC(=O)c1ccc(cc1)C(=O)NC(=S)*,tg,241.0,,False
*Oc1ccc(cc1)C1(CC2C(CC1)CCCC2)c1ccc(cc1)Oc1ccc(cc1)C(=O)c1cc(ccc1)C(=O)c1ccc(cc1)*,tg,194.0,,False
*C(C*)(C(=O)OCc1c(ccc(c1)F)F)C,tg,50.0,50.13176345825195,True
*CC(*)(C#N)C(=O)OC,egc,6.7385,,False
*NC(C=C1)=CC=C1C(C=C2)=CC=C2C(S3)=CC=C3*,egc,2.8401,3.1900939853701575,True
*CCCCOC(=O)SSSC(=O)O*,egc,3.9747,5.166010918254518,True
*C(C*)C(=O)OC([2H])([2H])[2H],tg,25.75,39.565067291259766,True
*C(C*)OCCCCCC,tg,-75.5,,False
*CCOCCOCCOC(=O)CSC(=O)Nc1ccc(C)c(NC(=O)SCC(=O)O*)c1,egc,4.461,,False
*Oc1ccc(cc1)C=Cc1c(cc(c(c1)OCCCCCCCC)C=Cc1ccc(cc1)OCCCCCCCC*)OCCCCCCCC,tg,130.0,,False
*N1C(=O)c2c(C1=O)cc(cc2)S(=O)(=O)c1cc2c(C(=O)N(C2=O)c2cc(ccc2)c2cc(cc(c2)C(=O)Nc2ccc(cc2)OC(=O)c2cc(c(c(c2)OCCCCCCCCCCCC)OCCCCCCCCCCCC)OCCCCCCCCCCCC)c2cc(ccc2)*)cc1,tg,268.0,187.8660125732422,True
*Nc1cc(NC(=O)Nc2ccc(NC(*)=O)cc2)cc(C(=O)Nc2cccc3c2C(=O)c2ccccc2C3=O)c1,egc,2.5826,,False
*OC(=O)C1CCC(CC1)C(=O)OCCOCC*,tg,-10.15,-13.467503547668457,True
*C(C*)(C(=O)Oc1cc(c(cc1)[N+](=O)[O-])C)C,tg,101.0,,False
*O[Si](O[Si](O[Si](OC(CCC(*)C)C)(C)C)(C)C)(C)C,tg,-90.0,-99.97686767578125,True
C13C(C=*)OC(C=*)C1C(=O)N(C2=CC=CC(C(F)(F)F)=C2)C3=O,egc,5.0879,,False
*c1oc(cc1)COC(=O)NCCCCCCNC(=O)OC*,tg,33.0,25.843704223632812,True
*Oc1c(cc(cc1)OCCCCCC(=O)NNC(=O)c1ccc(cc1)C(=O)NNC(=O)CCCCC*)C,tg,110.5,,False
*C(C=C1)=CC=C1C(S2)=CC=C2C(=S)C(S3)=CC=C3*,egc,2.0866,2.1029771081008146,True
*c1cc2C(c3c(c2cc1)ccc(c3)C(=Cc1cc(cc(c1)N(c1ccccc1)c1ccccc1)C=C(*)C#N)C#N)(CCCCCCCC)CCCCCCCC,tg,136.0,151.46205139160156,True
*C=CC1CC(*)C(C#N)(CCC)C1,egc,6.0806,,False
*N1CCN(CC1)C(=O)CCC1(c2ccccc2c2ccccc12)CCC(=O)*,tg,145.0,,False
*Nc1ccc(cc1)NC(=O)CCCC(=O)*,tg,135.0,,False
*c1cc2C(c3c(c2cc1)ccc(c3)c1c(cc(c(c1)CCCCCCCC)*)CCCCCCCC)(CCCCCC)CCCCCC,tg,74.5,,False
*NC(=O)CC(=O)NCCCCCC*,tg,50.0,61.32685470581055,True
*c1cc2c(C(=O)N(C2=O)c2c(cccc2)Oc2ccc(cc2)N2C(=O)c3c(C2=O)cc(cc3)C(=O)*)cc1,tg,286.0,288.6068420410156,True
*c1cc2c(C(=O)N(C2=O)c2ccc(cc2)c2sc(c(c2c2ccccc2)c2ccccc2)c2ccc(cc2)N2C(=O)c3c(C2=O)cc(cc3)C(=O)Nc2ccc(cc2)NC(=O)*)cc1,tg,333.0,,False
*N1C(=O)c2c(C1=O)cc(cc2)c1cc2c(C(=O)N(C2=O)c2ccc(cc2)C(c2ccc(cc2)*)c2ccccc2)cc1,tg,315.0,324.7132568359375,True
*c1c(nc2c(c1c1ccccc1)cc(cc2)c1cc2c(nc(c(c2c2ccccc2)c2ccc(cc2)Oc2ccc(cc2)*)c2ccccc2)cc1)c1ccccc1,tg,307.5,,False
*CC1CC(*)OC(CCC)O1,egc,6.3958,6.062326282059393,True
*C1OC(=O)C(C1)CCC1C(=O)OC(C1)CCCCCC*,tg,37.9,,False
*C(=O)c1ccc2c(c1)C(=O)N(c1ccc(OCCOCCOc3ccc(N4C(=O)c5ccc(*)cc5C4=O)cc3)cc1)C2=O,egc,2.4449,,False
*Oc1ccc(cc1)C(c1ccc(cc1)OC(=O)SCCCCCCSC(=O)*)(C)C,tg,58.0,,False
*c1nc2c(cc1)cccc2OC(=O)c1ccc(cc1)C(=O)Oc1c(c2c(cc1)cccc2)C=C*,tg,175.0,176.4888153076172,True
*Oc1ccc(cc1)C1(c2ccccc2c2ccccc12)c1ccc(cc1)OCCOC(=O)C1CCC(CC1)C(=O)OCC*,tg,148.0,,False
*Oc1ccc(cc1)C(c1ccc(cc1)OC(=O)OC1C(C(C1(C)C)OC(=O)*)(C)C)(C(F)(F)F)C(F)(F)F,tg,142.0,,False
*C(C*)c1c(cccc1)C(=O)Nc1ccccc1,tg,191.0,,False
*C(=C*)C([Si](CCCCCC)(C)C)CCC,tg,40.0,88.7611312866211,True
*N1C(=O)c2c(C1=O)cc(cc2)Oc1c(cccc1)Oc1cc2c(C(=O)N(C2=O)c2ccc(cc2)Oc2ccc(cc2)c2ccc(cc2)Oc2ccc(cc2)*)cc1,tg,204.0,225.179443359375,True
*OC(=O)c1cc2c(cc1)cc(cc2)C(=O)OCC*,tg,121.43,,False
*OC(=O)C*,tg,55.86,33.40994644165039,True
*C1(c2c(C(=O)N1)cccc2)c1ccc(cc1)Oc1ccc(cc1)NC(=O)c1cc2c(C(=O)N(C2=O)c2ccc(cc2)Sc2ccc(cc2)N2C(=O)c3c(C2=O)cc(cc3)C(=O)Nc2ccc(cc2)Oc2ccc(cc2)*)cc1,tg,298.0,292.5708923339844,True
*Oc1ccc(cc1)P(=O)(c1ccc(cc1)Oc1ccc(cc1)C(c1ccc(cc1)*)(C(F)(F)F)C(F)(F)F)c1ccccc1,tg,210.5,,False
*OCC(C*)(CC)C,tg,-47.0,-49.91366958618164,True
*NC(=O)OC(=S)*,egc,3.8869,3.3904532318880216,True
*CC(S1)=CC=C1CC(S2)=CC=C2*,egc,4.626,,False
*N1C(=O)c2c(C1=O)cc(cc2)Oc1cc2c(C(=O)N(C2=O)c2c(cccc2)Oc2ccc(cc2)*)cc1,tg,264.0,,False
*CCCCCCOCO*,egc,6.7419,,False
*CC(=O)NCCCCCCNC(=O)COC(=O)CCCCCCC(=O)O*,egc,5.9354,5.855021674599141,True
*CC(CCl)(CBr)COC(=O)CCCCC(=O)O*,egc,6.6998,6.497778032005751,True
*CCOC(=O)NC1CCC(NC(=O)O*)CC1,egc,6.3209,6.022846097643227,True
*CCC(=O)OCCCC=CCCCOC(=O)CCC1NC(=O)C(*)NC1=O,egc,5.8952,5.572497649167444,True
*OC(=O)c1ccc(CCCc2ccc(C(*)=O)cc2)cc1,egc,4.5456,,False
*N1C(=O)c2c(C1=O)cc(cc2)Oc1ccc(cc1)C(c1ccc(cc1)Oc1cc2c(C(=O)N(C2=O)c2ccc(cc2)Oc2ccc(cc2)c2ccc(cc2)Oc2ccc(cc2)*)cc1)(C)C,tg,220.0,,False
*CC(F)(F)C(F)(F)C(F)(F)COC(=O)NCCCCCCNC(=O)O*,egc,6.3766,,False
*Oc1ccc(OC(=O)c2ccc(C(*)=O)cc2)cc1C(F)(F)F,egc,3.9148,,False
*Oc1ccc(cc1)OC(=O)c1ccc(cc1)OC(=O)c1ccc(cc1)C(=O)Oc1ccc(cc1)C(=O)*,tg,283.0,,False
*C(C*)c1ccc(cc1)COc1ccc(cc1)c1c2c(nsn2)c(cc1)c1ccc(cc1)C,tg,117.0,213.4199676513672,True
*c1nc2c([nH]1)cc(cc2)c1cc2c(nc([nH]2)c2ccc(cc2)C(c2ccc(cc2)*)(C(F)(F)F)C(F)(F)F)cc1,tg,269.0,,False
*N1C(=O)c2c(C1=O)c(ccc2)c1cc2c(C(=O)N(C2=O)c2ccc(cc2)OCCCOc2ccc(cc2)*)cc1,tg,237.5,,False
*c1ccc(cc1)C(C(*)Cl)(Cl)Cl,tg,160.0,,False
*NC(CCCNC(=O)c1ccc(Cl)cc1)C(*)=O,egc,3.4369,,False
*C1C2C3C(C=CC3)C(C1*)C2,tg,103.55,,False
*OC1C(C(C1(C)C)OC(=O)*)(C)C,tg,160.0,,False
*N=Nc1ccc(-c2ccc(*)c(C)c2)cc1C,egc,2.1369,,False
*c1c(cc(c(c1)OC)C=C*)OCCCCCCCCCCCC,tg,36.0,89.45722198486328,True
*Cc1ccc(COC(=O)CCCC(=O)O*)cc1,egc,5.4521,,False
*c1cc2c(C(=O)N(C2=O)c2ccc(cc2)Oc2ccc(cc2)C2(C3C4C(CCC4)C(C2)C3)c2ccc(cc2)Oc2ccc(cc2)N2C(=O)c3c(C2=O)cc(cc3)C(=O)Nc2ccc(cc2)Oc2c(cc(cc2)Oc2ccc(cc2)NC(=O)*)C(C)(C)C)cc1,tg,275.0,,False
*[Si](CCC*)(c1ccccc1)C,tg,-1.5,,False
*Oc1c(cccc1)S(=O)(=O)c1ccc(cc1)*,tg,221.0,,False
*OP(=O)(OCCOc1ccc(cc1)S(=O)(=O)c1ccc(cc1)OCC*)Oc1ccc(cc1)C,tg,46.0,,False
*Oc1c(cc(c(c1)C(c1ccccc1)(C)C)OC(=O)c1cc(ccc1)C(=O)*)C(c1ccccc1)(C)C,tg,180.0,,False
*OC(=O)c1ccc(cc1)C(=O)OCCCCCCCCC*,tg,22.0,,False
*c1ccc(-n2c(=O)c3cc4c(=O)n(*)c(=O)c4cc3c2=O)c(C)c1,egc,2.9393,,False
*c1cc(C)c(*)cn1,egc,5.1074,4.675045721329613,True
*CCCCCCCCCCOC(=O)Nc1ccc(C)c(NC(=O)O*)c1,egc,5.0994,5.090271849890101,True
*OC(=O)OCCCCC*,tg,-40.0,,False
*OP(=O)(OCCOc1ccc(cc1)S(=O)(=O)c1ccc(cc1)OCC*)Oc1ccc(cc1)[N+](=O)[O-],tg,56.0,,False
*CC(CSC(C)C)O*,egc,4.8245,,False
*C1(c2c(Oc3c1cccc3)cccc2)c1ccc(cc1)OC(=O)c1ccc(cc1)C(=O)Oc1ccc(cc1)*,tg,252.0,291.3791198730469,True
*N(CC*)C(=O)CCCCCCCCCCC,tg,10.0,10.113001823425293,True
*c1ccc(-c2ccc(N3C(=O)c4ccc(Oc5ccc6c(c5)C(=O)N(*)C6=O)cc4C3=O)cc2)cc1,egc,3.0187,2.89187068296433,True
*Oc1ccc(cc1)CC(NC(=O)Cc1ccc(cc1)OC(=O)CCCCCCCCC(=O)*)C(=O)OCC,tg,43.0,45.8776969909668,True
*C1(CC(c2c1cc(cc2)*)(C)C)C,tg,212.75,254.75538635253906,True
*Oc1cc(c(cc1)CCc1ccc(cc1)OCCCCCCCCCCCC*)C,tg,-0.9,-2.3330535888671875,True
*C(=C(*)C)CCC,tg,200.0,,False
*NC(CC(N)=O)C(*)=O,egc,5.5305,5.325666847191116,True
*Oc1c(cc(cc1)OC(=O)c1c(cc(c(c1)OCCCCCCCCCCCC)C(=O)*)OCCCCCCCCCCCC)c1ccccc1,tg,96.0,,False
*O[Si](*)(CCCCCCCCCCCn1c2ccccc2c2ccccc12)C,tg,-45.0,9.28698444366455,True
*CCCCCCCCCCCCc1nc2cc3sc(*)nc3cc2s1,egc,4.2887,,False
*N=P(*)(Cl)Cl,tg,-63.5,,False
*OC(COC(COC(=O)c1ccc(cc1)C(=O)*)C)C,tg,37.0,,False
*c1cccc(-c2nc3cc(-c4ccc5oc(*)nc5c4)ccc3o2)c1,egc,3.5152,3.1513721023491974,True
*c1cc2c(C(=O)N(C2=O)c2cc(ccc2)C(=O)c2ccc(cc2)Cc2ccc(cc2)C(=O)c2cc(ccc2)N2C(=O)c3c(C2=O)cc(cc3)C(=O)*)cc1,tg,260.5,,False
*CCCCCCOC(=O)C(=O)O*,egc,5.9794,,False
*SC(C(=O)*)C,tg,12.0,,False
*N1C(=O)c2c(C1=O)cc(cc2)c1cc2c(C(=O)N(C2=O)c2cc(ccc2)OCCCCOc2cc(ccc2)*)cc1,tg,175.0,162.07704162597656,True
*C(C*)(C(=O)OCC1N(CC(C1)NC(=O)OC(C)(C)C)C(=O)OC(C)(C)C)C,tg,127.0,,False
*Oc1cc(ccc1)OCC(COc1ccc(cc1)S(=O)(=O)c1ccc(cc1)OCC(C*)O)O,tg,105.0,,False
*Oc1c(cc(cc1)OC(=O)c1ccc(cc1)OCCCCCCCCCCCCOc1ccc(cc1)C(=O)*)C=Cc1ccncc1,tg,91.35,,False
*Oc1ccc(cc1)C(c1ccc(cc1)OCC(C*)O)(c1ccccc1)C,tg,115.0,130.30064392089844,True
*Oc1c(Cl)cc(*)cc1Cl,egc,4.3426,,False
*C(=O)C(S1)=CC=C1C(=O)C(S2)=CC=C2*,egc,2.966,2.3948113640729223,True
*SCCCCCCC(=O)NCc1ccc(cc1)CNC(=O)CCCCCC*,tg,65.0,58.73752975463867,True
*C(C*)(C(=O)OC)C#N,tg,130.0,,False
*CCCCCC(=O)NCCCCCCNC(=O)CCCCO*,egc,5.8874,,False
*C=CC1CC(*)C2C3CCC(C3)C12,egc,5.1047,5.816895405354751,True
*N1C(=O)c2c(C1=O)cc(cc2)C(c1cc2c(C(=O)N(C2=O)CCCCCCCCCC*)cc1)(C(F)(F)F)C(F)(F)F,tg,119.0,132.13632202148438,True
*C(C*)(C(=O)Oc1ccc(cc1)C(=O)OC)C,tg,106.0,,False
*CCCCCNC(=O)N*,egc,5.6754,,False
*Oc1cc(ccc1)Oc1ccc(cc1)NC(=O)c1c(cc(cc1)c1cc(c(cc1)C(=O)Nc1ccc(cc1)*)C)C,tg,213.0,203.4436798095703,True
*CCCCCCCCCNC(=O)CCCCCCCCCC(=O)N*,egc,5.9794,5.887997223524426,True
*c1cc2c(C(=O)N(C2=O)c2cc(ccc2)N2C(=O)c3c(C2=O)cc(cc3)C(=O)Nc2ccc(cc2)S(=O)(=O)c2ccc(cc2)NC(=O)*)cc1,tg,342.0,272.2542419433594,True
*Nc1ccc(cc1)C(c1ccc(cc1)NC(=O)c1cc2c(cc1)cc(cc2)C(=O)*)(P1(=O)c2ccccc2c2ccccc2O1)P1(=O)c2ccccc2c2ccccc2O1,tg,241.0,,False
*Oc1c(cc(cc1C)C(c1cc(c(c(c1)C)OC(=O)c1cc(ccc1)C(=O)*)C)(C)C)C,tg,187.0,213.82664489746094,True
*c1nc2c(nc1)ccc(c2)c1ccc2c(nc(cn2)c2ccc(cc2)*)c1,tg,376.0,,False
*OC(=O)c1cc2c(cc1)cc(cc2)C(=O)OCCC*,tg,84.0,,False
*Oc1ccc(C2(c3ccc(Oc4nc(*)nc(OC)n4)cc3)CCCCC2)cc1,egc,4.6483,4.215632277235949,True
*C1(CCN(CC1)C(=O)C(CC(=O)N1CCC(CC1)(CCC*)C)C)C,tg,72.0,,False
*C(C*)c1c(cccc1)C(=O)N(C)C,tg,190.0,147.3029022216797,True
*Nc1c2c(ccc1)c(ccc2)NC(=O)c1ccc(cc1)C(=O)*,tg,305.0,,False
*C=CC(C*)COCC(=O)OCCCCCCCCOc1ccc(cc1)C=Cc1ccc(cc1)[N+](=O)[O-],tg,19.6,26.42896270751953,True
*Oc1c(cc(cc1c1ccccc1)*)c1cc(ccc1)C,tg,219.0,,False
*N1C(=O)c2c(C1=O)c(ccc2)Oc1c(cc(cc1C)Cc1cc(c(c(c1)C)Oc1c2c(C(=O)N(C2=O)c2c(cc(cc2C)c2cc(c(c(c2)C)*)C)C)ccc1)C)C,tg,276.0,,False
*c1cc2c(oc(n2)C2CCC(CC2)c2oc3c(n2)cc(cc3)C(*)(C(F)(F)F)C(F)(F)F)cc1,tg,271.0,259.6046447753906,True
*N1C(=O)N(C(=O)C1=O)c1c(cccc1)CCc1ccc(cc1)N1C(=O)N(C(=O)C1=O)c1ccc(cc1)CCc1ccc(cc1)*,tg,220.0,,False
*CC(C)(C)COC(=O)C(=O)O*,egc,4.957,5.926050522460647,True
*C(C*)OC(=O)C(C(C(F)(F)F)(F)F)(F)F,tg,27.0,30.722488403320312,True
*C(C*)C(=O)OCC(C(F)C(F)(F)F)(F)F,tg,-22.0,,False
*c1cc2c(C(=O)N(C2=O)c2ccc(cc2)Oc2c3c(ccc2)c(ccc3)Oc2ccc(cc2)N2C(=O)c3c(C2=O)cc(cc3)C(=O)Nc2ccc(cc2)Sc2ccc(cc2)NC(=O)*)cc1,tg,265.0,,False
*C(C*)c1c(ccc(c1)C(=O)Oc1ccc(cc1)OCCCCCCCC)C(=O)Oc1ccc(cc1)OCCCCCCCC,tg,105.0,,False
*c1ccc(Oc2cccc(Oc3ccc(-n4c(=O)c5cc6c(=O)n(*)c(=O)c6cc5c4=O)cc3)c2C#N)cc1,egc,2.6202,,False
*O[Si](O[Si](Oc1ccc(cc1)c1ccc(cc1)*)(C)C)(C)C,tg,-4.0,,False
*c1cc2C(c3c(c2cc1)ccc(c3)*)(CC(CCCC)CC)CC(CCCC)CC,tg,27.64,,False
*CCCCCOC(=O)NC(=O)C1CC1C(=O)NC(=O)O*,egc,6.0047,5.905537148126613,True
*c1cc2c(C(=O)N(C2=O)c2cc(c(cc2)Oc2ccc(cc2)C(=O)c2nc(ccc2)C(=O)c2ccc(cc2)Oc2c(cc(cc2)N2C(=O)c3c(C2=O)cc(cc3)C(=O)*)C(F)(F)F)C(F)(F)F)cc1,tg,225.2,,False
*c1cc2C(c3c(c2cc1)ccc(c3)c1cc2C(c3c(c2cc1)ccc(c3)*)(CC1=NC(CO1)Cc1ccccc1)CC1=NC(CO1)Cc1ccccc1)(CCCCCC)CCCCCC,tg,114.0,,False
*C=CC(*)(C)C,tg,-10.0,24.29925537109375,True
*O[Si](CCC(CC[Si](*)(CCC(F)(F)F)C)(F)F)(CCC(F)(F)F)C,tg,-38.0,-55.59483337402344,True
*N1C(=O)c2c(C1=O)cc(cc2)Oc1cc2c(C(=O)N(C2=O)c2cc(c(cc2)Oc2ccc(cc2)C(=O)c2nc(ccc2)C(=O)c2ccc(cc2)Oc2c(cc(cc2)*)C(F)(F)F)C(F)(F)F)cc1,tg,212.2,,False
*N1C(=O)c2c(C1=O)cc(cc2)C(=O)c1cc2c(C(=O)N(C2=O)CCCCCCCC*)cc1,tg,113.0,108.4561996459961,True
*NC(=O)C(=CC(=O)NCCCCCCCCCC*)C,tg,74.0,94.44371795654297,True
*c1cc2c(C(=O)N(C2=O)c2cc(ccc2)C(c2cc(ccc2)N2C(=O)c3c(C2=O)cc(cc3)C(*)(C(F)(F)F)C(F)(F)F)O)cc1,tg,236.5,,False
*Oc7ccc(C6(c3ccc(OC(=O)c2ccc(c1ccc(C(*)=O)cc1)cc2)cc3)c4ccccc4c5ccccc56)cc7,egc,3.4473,3.1462329658417487,True
*C(C*)CC1CCCC1,tg,60.0,62.11970138549805,True
*Oc1ccc(cc1)Oc1ccc(cc1)Oc1c(cc(cc1)S(=O)(=O)c1cc(c(cc1)Oc1ccc(cc1)Oc1ccc(cc1)Oc1ccc(cc1)c1ccc(cc1)*)S(=O)(=O)O[Na])S(=O)(=O)O[Na],tg,302.0,312.5823669433594,True
*OC(=O)NCc1ccc(cc1)CNC(=O)OCCCCCCCCCCCC*,tg,45.0,,False
*O[Si](O[Si](O[Si](O[Si](CC[Si](O[Si](O[Si](O[Si](O[Si](CC[Si](*)(c1ccccc1)c1ccccc1)(C)C)(C)C)(C)C)(C)C)(C)C)(c1ccccc1)c1ccccc1)(c1ccccc1)c1ccccc1)(c1ccccc1)c1ccccc1)(c1ccccc1)c1ccccc1,tg,-22.0,,False
*C(C(=O)C*)c1ccccc1,tg,103.33,,False
*C1C(C2C(C1)C(C(C2)CC*)OC(=O)CCCCCCCCCCOc1ccc(cc1)c1ccc(cc1)C#N)OC(=O)CCCCCCCCCCOc1ccc(cc1)c1ccc(cc1)C#N,tg,23.5,42.841522216796875,True
*c1sc(cc1CCCCCCCCCC)c1sc(c(c1)CCCCCCCCCC)c1c2c(ccccc2)c(c1)*,tg,22.5,,False
*C(C*)(C(=O)Oc1ccc(cc1)C(=O)C=Cc1ccc(cc1)Cl)C,tg,127.0,94.1884765625,True
*OCCOCCOCCCNC(=O)CCCCCCCCC(=O)NCCC*,tg,40.0,,False
*C(C*)c1ccc(cc1)COCCCC,tg,10.0,,False
*C(C*)c1ccc(cc1)C(O)C(F)(F)F,tg,110.0,,False
*c1nc(ccc1)Oc1ccc(cc1)c1ccc(cc1)O*,tg,119.0,181.70884704589844,True
*c1sc(cc1)c1sc(c(c1)CCCCCCCC)c1sc(cc1)c1sc(cc1)c1sc(cc1CCCCCCCC)c1sc(cc1)[Si](*)(C)C,tg,31.0,,False
*c1ccc2c(nc([nH]2)c2cc(ccc2)c2nc3c([nH]2)ccc(c3)C(=O)Nc2ccc(cc2)NC(=O)c2ccc(cc2)NC(=O)*)c1,tg,322.0,,False
*Nc1ccc(cc1)NC(=O)c1c(cc(cc1)C(c1cc(c(cc1)C(=O)*)C(=O)OCC)(C(F)(F)F)C(F)(F)F)C(=O)OCC,tg,270.0,,False
*N1C(=O)N(C(=O)C1=O)c1ccc(cc1)Cc1ccc(cc1)N1C(=O)N(C(=O)C1=O)c1c(cccc1)CCc1ccc(cc1)*,tg,198.0,,False
*Oc1c(cc(cc1Cl)C1(C2C3C(CCC3)C(C1)C2)c1cc(c(c(c1)Cl)OC(=O)*)Cl)Cl,tg,281.0,,False
*c1ccc(Oc2ccc(-c3nc4cc(-c5ccc6nc(*)c(-c7ccccc7)nc6c5)ccc4nc3-c3ccccc3)cc2)cc1,egc,2.9993,3.1521966578361744,True
*NC(CCC(=O)OCCCl)C(*)=O,egc,5.9169,,False
*c1cc2c(C(=O)N(C2=O)c2ccc(cc2)c2sc(c(c2c2ccccc2)c2ccccc2)c2ccc(cc2)N2C(=O)c3c(C2=O)cc(cc3)C(=O)Nc2cc(ccc2)C(=O)c2cc(ccc2)NC(=O)*)cc1,tg,308.0,,False
*Nc1ccc(Nc2ccc(*)cc2)cc1C(=O)O,egc,2.6737,3.4551761323896786,True
*N1C(=O)c2c(C1=O)cc(cc2)Oc1cc2c(C(=O)N(C2=O)c2cc(c(cc2)Oc2ccc(cc2)Oc2ccc(cc2)*)C(F)(F)F)cc1,tg,232.3,237.5782012939453,True
*COC(=O)OCC1OC(C)(C)OC1*,egc,6.6512,,False
*C1C(=O)N(C(=O)C1*)C(C)(C)C,tg,195.0,,False
*NC(=O)CCCCCCCCCCC(=O)NCC1CCC(CC1)C*,tg,85.0,,False
*CCCCCOC(=O)NCCSCCCCSCCNC(=O)O*,egc,5.2673,,False
*c1cc2c(C(=O)N(C2=O)c2ccc(cc2)Oc2cc3c(cc2)ccc(c3)Oc2ccc(cc2)N2C(=O)c3c(C2=O)cc(cc3)C(=O)Nc2ccc(cc2)c2sc(c(c2c2ccccc2)c2ccccc2)c2ccc(cc2)NC(=O)*)cc1,tg,311.0,300.8689880371094,True
*c1cc2c(C(=O)N(C2=O)c2c(cc(cc2C)C(c2cc(c(c(c2)C)N2C(=O)c3c(C2=O)cc(cc3)C(*)(C(F)(F)F)C(F)(F)F)C)c2cc(ccc2)C(F)(F)F)C)cc1,tg,286.1,,False
*Oc1ccc(OC(=O)c2ccc(C(*)=O)cc2)cc1C1CC2CCC1C2,egc,3.8597,3.5470842058271694,True
*CC(*)OC(=O)C(F)(F)F,egc,6.7842,6.224738563181035,True
*S(=O)(=O)c1c(cc(cc1C)C(c1cc(c(c(c1)C)*)C)(C)C)C,tg,229.0,,False
*Nc1ccc(*)cc1CCCCCCCCCCCCCCC,egc,3.3286,,False
*c1ccc2n(c3c(c2c1)cc(cc3)c1cc2C(c3c(c2cc1)ccc(c3)*)(CCCCCC)CCCCCC)c1ccc(cc1)OC,tg,174.0,162.29779052734375,True
*CNC(C=C1)=CC=C1O*,egc,4.3424,4.515792030744174,True
*C1C2C(C(=O)N(C2=O)CCCCCCC)C(C1)C=C*,tg,59.0,,False
*OC(=O)c1ccc(cc1)c1ccc(cc1)c1ccc(cc1)C(=O)OCCCC*,tg,180.0,,False
*c1cc(COCCCCCCCCOc2ccc(-c3ccc(C#N)cc3)cc2)c(*)s1,egc,2.9654,2.598998107560341,True
*C(C*)(C(=O)OCCC(C(C(C(C(C(C(C(C(C(F)(F)F)(F)F)(F)F)(F)F)(F)F)(F)F)(F)F)(F)F)(F)F)(F)F)F,tg,53.0,,False
*OC(=O)C(C(C(=O)OCCCCCCCCC*)O)O,tg,-11.0,,False
*C(C*)(C(=O)OCCC1CCCCC1)C,tg,76.33,45.303585052490234,True
*c1nc(ccc1)NC(=O)Nc1ccc(cc1)Cc1ccc(cc1)NC(=O)N*,tg,216.67,,False
*N1C(=O)C2C(C1=O)C(Cc1ccccc21)C1C(=O)N(C(=O)C1)c1cc(cc(c1)C(=O)OCCCC)*,tg,249.43,,False
*N(CC*)C(=O)c1cc(c(cc1)F)F,tg,101.0,,False
*c1cc2c(C(=O)N(C2=O)c2ccc3Cc4c(c3c2)cc(cc4)N2C(=O)c3c(C2=O)cc(cc3)C(*)(C(F)(F)F)C(F)(F)F)cc1,tg,394.0,334.4640808105469,True
*C(C*)C1CCCCC1,tg,117.68,109.50211334228516,True
*C(=O)NNC(=O)c1cccc(C(=O)NNC(=O)c2ccc(*)nc2)c1,egc,3.8367,3.768675443706329,True
*OCCCCC(=O)NCc1ccc(cc1)CNC(=O)CCCC*,tg,70.0,,False
*Oc1c2c(c(cc1)c1c3c(c(cc1)Oc1c(c4c(cc1)cccc4)c1c4c(ccc1*)cccc4)cccc3)cccc2,tg,301.0,286.97021484375,True
*OC(C*)c1ccccc1,tg,32.38,37.79507827758789,True
*OCC(C*)(COCCC#N)C,tg,-52.0,,False
*C(C*)c1ccc(cc1)C(=O)OCCCC,tg,76.0,,False
*OC(COC(=O)*)COC(C)(C)C,tg,11.0,,False
*C(C*)c1ccc(cc1)[Si](O)(C)C,tg,147.0,134.12403869628906,True
*CC(C)(C)C1C(=O)N(c2ccccc2C)C(=O)C1*,egc,4.8214,5.224707771348771,True
*CCCOC(=O)N1CCC(*)CC1,egc,5.7499,,False
*Oc1ccc(cc1)C(c1ccc(cc1)Oc1ccc(cc1)C(=O)C(=O)c1ccc(cc1)*)(c1ccccc1)C,tg,177.0,,False
*c1cccc(-c2nc3ccc(-c4ccc5nc(*)oc5c4)cc3o2)c1,egc,3.2965,3.063163765115542,True
*c1nc2c([nH]1)ccc(c2)NC(=O)c1ccc(cc1)OCCOc1ccc(cc1)C(=O)Nc1cc(ccc1)*,tg,250.0,,False
*C(C*)(c1ccc(cc1)C(O)C(F)(F)F)C,tg,199.0,,False
*CC#CCOC(=O)NCCCCCCNC(=O)O*,egc,6.3946,,False
*CC(*)OC(=O)CC,egc,6.5454,6.489614890815601,True
*c1nc2c(c(c1)c1ccccc1)cc(cc2)Oc1cc2c(nc(cc2c2ccccc2)c2c(ccc(c2)*)OCCN(c2ccc(cc2)c2sc(cc2)C(=C(C#N)C#N)c2sc(cc2)c2ccc(cc2)N(CC)CC)CC)cc1,tg,205.0,,False
*N1C(=O)c2c(C1=O)c(ccc2)c1cc2c(C(=O)N(C2=O)c2cc(ccc2)C(=O)Nc2ccc(cc2)Oc2ccc(cc2)C(c2ccc(cc2)Oc2ccc(cc2)NC(=O)c2cc(ccc2)*)(C)C)cc1,tg,261.0,249.60536193847656,True
*OP(=O)(Oc1ccc(cc1)C(c1ccc(cc1)*)(C)C)Oc1c(cc(cc1Cl)Cl)Cl,tg,94.0,,False
*Oc1c(cc(cc1)Oc1ccc(cc1)C(=O)Nc1ccc(cc1)Oc1ccc(cc1)S(=O)(=O)c1ccc(cc1)Oc1ccc(cc1)NC(=O)c1ccc(cc1)*)c1ccccc1,tg,231.0,,False
*c1ccc(*)c2nc(CC)c(CC)nc12,egc,3.3743,,False
*Nc1ccc(cc1)C(=O)Nc1ccc(cc1)Cc1ccc(cc1)NC(=O)c1ccc(cc1)NC(=O)c1ccc(cc1)[Si](c1ccc(cc1)C(=O)*)(C)C,tg,300.0,298.8677978515625,True
*NNC(=O)c1ccc([Si](c2ccccc2)(c2ccccc2)c2ccc(C(*)=O)cc2)cc1,egc,4.754,4.184350380283008,True
*c1cc2Sc3c(Sc2cc1)cc(cc3)C(=Cc1c(cc(c(c1)OCCCCCCCC)C=C(*)c1ccccc1)OCCCCCCCC)c1ccccc1,tg,93.0,135.20457458496094,True
*C1(C(=O)OC(=O)C1(C(C*)OCCCC)C)C,tg,197.0,156.36981201171875,True
*Oc1ccc(cc1)Oc1ccc(cc1)C=Nc1ccc(cc1)Oc1ccc(cc1)N=Cc1ccc(cc1)*,tg,120.0,165.8616485595703,True
*Oc1ccc(cc1)C(c1ccc(cc1)Oc1ccc(cc1)C(=O)C(=O)c1ccc(cc1)*)(C(F)(F)F)C(F)(F)F,tg,157.0,178.0773468017578,True
*Nc1ccc(cc1)Cc1ccc(cc1)NC(=O)c1cc(cc(c1)N1C(=O)C=CC1=O)C(=O)*,tg,287.0,,False
*Oc1ccc(cc1)C=Cc1ccc(cc1)OCCCCCC*,tg,76.0,,False
*N1C(=O)c2c(C1=O)cc(cc2)c1cc2c(C(=O)N(C2=O)c2cc(ccc2)C(=O)Nc2ccc(cc2)Oc2ccc(cc2)Oc2ccc(cc2)Oc2ccc(cc2)NC(=O)c2cc(ccc2)*)cc1,tg,244.0,246.9944610595703,True
*CC(F)(F)C(F)(F)C(F)(F)C(F)(F)COC(=O)CCCC(=O)O*,egc,7.0209,,False
*C#CC=C*,egc,1.1342,,False
*C(C*)c1ccc(cc1)CCl,tg,106.0,106.3360824584961,True
*N1C(=O)c2c(C1=O)cc(cc2)Oc1cc2c(C(=O)N(C2=O)CCCCCCC*)cc1,tg,110.0,,False
*Oc1ccc(cc1)NC(=O)c1cc2c(cc1)cc(cc2)C(=O)Nc1ccc(cc1)Oc1ccc(cc1)C1(C2CCC(C1)C2)c1ccc(cc1)*,tg,276.0,,False
*C(C*)c1c(cccc1)C(=O)OCCC(C)C,tg,68.0,,False
*c1ccc(cc1)C(=Cc1c(cc(c(c1)OC)C=C(*)c1ccc(cc1)OC)OC)c1ccc(cc1)OC,tg,170.0,,False
*CC(*)C(=O)OCF,egc,6.4866,6.404178028392352,True
*Oc1c(c(c(c(c1C)C)NC(=O)c1ccc(cc1)C(=O)Nc1ccc(cc1)*)C)C,tg,333.0,,False
*c1nc2c(n1C)ccc(c2)c1ccc2c(nc([nH]2)c2cc(ccc2)*)c1,tg,346.66,370.9192199707031,True
*c1cc2c(C(=O)N(C2=O)c2ccc(cc2)OCCN(CCOc2ccc(cc2)N2C(=O)c3c(C2=O)cc(cc3)C(*)(C(F)(F)F)C(F)(F)F)c2ccc(cc2)C(=C(C#N)C#N)C#N)cc1,tg,218.0,,False
*N1C(=O)c2c(C1=O)cc(cc2)Oc1ccc(cc1)C(c1ccc(cc1)Oc1cc2c(C(=O)N(C2=O)c2ccc(cc2)Sc2ccc(cc2)Oc2ccc(cc2)Sc2ccc(cc2)*)cc1)(C)C,tg,180.0,,False
*C(C*)(C(=O)OCCCl)C,tg,62.0,,False
*CCN[Si](C)(C)N*,egc,4.8016,5.099494886025417,True
*C(C*)c1c(cccc1)Br,tg,148.5,,False
*Oc1ccc(cc1)S(=O)(=O)c1ccc(cc1)Oc1ccc(cc1)c1ccc(cc1)Oc1ccc(cc1)C(=O)c1ccc(cc1)*,tg,206.0,210.7928009033203,True
*Oc1c(cc(cc1C)*)C(CCC)C,tg,100.0,119.36466217041016,True
*Oc1ccc(cc1)OC(=O)c1c(cc(cc1)C(=O)*)Oc1ccc(cc1)Cl,tg,107.0,,False
*C(C*)C(=O)OCCCCSC,tg,-70.0,-55.1767463684082,True
*Oc1ccc(C(=O)c2cccc(C(=O)c3ccc(*)cc3)c2)cc1,egc,3.9576,,False
*Oc1ccc(cc1)CC(NC(=O)CCc1ccc(cc1)OC(=O)CCC(=O)*)C(=O)OC,tg,91.5,,False
*CCCCCCNC(=O)CCCCCCCCCCC(=O)N*,egc,5.7224,,False
*OCCC(=O)NCc1c(c(c(c(c1C)C)CNC(=O)CC*)C)C,tg,191.0,,False
*c1n(c(nn1)c1ccc(cc1)Oc1ccc(cc1)C(c1ccc(cc1)Oc1ccc(cc1)*)(C(F)(F)F)C(F)(F)F)c1ccc(cc1)C,tg,213.0,197.4014892578125,True
*Nc1ccc(*)c2ccccc12,egc,2.8917,,False
*N1C(=O)c2c(C1=O)cc(cc2)c1cc2c(C(=O)N(C2=O)c2ccc(cc2)Oc2ccc(cc2)C(c2ccc(cc2)Oc2ccc(cc2)*)(C)C)cc1,tg,230.0,,False
*CCCCNC(=O)CCCCCCCCCCCCCCC(=O)N*,egc,6.0415,,False
*Oc1ccc(cc1)C(=Nc1ccc(cc1)N=C(c1ccc(cc1)Oc1ccc(cc1)C(c1ccc(cc1)*)(c1ccccc1)c1ccccc1)c1ccccc1)c1ccccc1,tg,198.0,,False
*c1ccc(-c2ccc(N3C(=O)c4ccc(Oc5ccc6c(c5)C(=O)N(*)C6=O)cc4C3=O)cc2C)c(C)c1,egc,3.2926,2.8786484316929757,True
*Oc1c2c(ccc1)c(ccc2)OCCNC(=O)c1cc(ccc1)C(=O)NCC*,tg,171.0,135.2201385498047,True
*OC1CCC(OC(=O)CCCCCCCCC(*)=O)CC1,egc,6.4612,,False
*Oc1c(cc(cc1)Oc1ccc(cc1)C(=O)c1ccc(cc1)*)C,tg,149.29,,False
c1(*)cc(c2cc1)N=C(N2(C(c2(c3))=O))c1c2c(c4(c3))c(cc1)CN(C4=N2)c(c2cc(c1)(*))c1,egc,2.3866,2.1645052737224235,True
*Oc1ccc(cc1)CC(NC(=O)Cc1ccc(cc1)OC(=O)CCCC(=O)*)C(=O)OCC,tg,65.0,,False
*Nc1ccc(*)cc1F,egc,3.5047,3.7750340415118666,True
*c1cc2c(C(=O)N(C2=O)c2ccc(cc2)Oc2ccc(cc2)N2C(=O)c3c(C2=O)cc(cc3)C(*)(C(F)(F)F)C(F)(F)F)cc1,tg,304.1,,False
*Oc1ccc2cc(Oc3ccc(C(=O)c4ccc(*)cc4)cc3)ccc2c1,egc,3.634,3.8683379009979975,True
*C=Cc1ccc(*)s1,egc,2.7814,,False
*c1ccc(-c2ccc3nc4oc5cc6[nH]c7nc8cc(*)ccc8nc7nc-6[nH]c=5n-4ccc3c2)cc1,egc,1.9579,,False
*C(C*)C(=O)OCCCSCCC#N,tg,-58.0,-55.95815658569336,True
*Nc1ccc(-c2ccc(*)cc2)c(C)c1,egc,3.3791,,False
*C(C(CC*)c1ccccc1)c1ccccc1,tg,101.65,87.4719467163086,True
*c1cc2c(C(=O)N(C2=O)c2c(ccc(c2)N2C(=O)c3c(C2=O)cc(cc3)C(=O)OCCN(CCOC(=O)*)c2ccccc2)N=Nc2ccccc2)cc1,tg,156.0,,False
*N1C(=O)c2c(C1=O)cc(cc2)Sc1cc2c(C(=O)N(C2=O)c2ccc(cc2)Oc2ccc(cc2)*)cc1,tg,258.0,,False
*c1cc(CCCS(=O)(=O)O)c(*)s1,egc,3.3298,2.752195309201029,True
*Oc1cc(c(cc1)S(=O)(=O)c1c(cc(cc1)Oc1ccc(cc1)C(c1ccc(cc1)*)(C(F)(F)F)C(F)(F)F)C(O)(C(F)(F)F)C(F)(F)F)C(O)(C(F)(F)F)C(F)(F)F,tg,148.0,173.7605743408203,True
*Nc1ccc(NC(=O)c2c(F)c(F)c(C(*)=O)c(F)c2F)cc1,egc,3.3309,,False
*c1cc2C(c3c(c2cc1)ccc(c3)*)(CCCCCC)CCCCCC,tg,104.0,,False
*c1oc2c(n1)ccc(c2)c1ccc2c(oc(n2)CCCCCCCCCCC*)c1,tg,62.0,,False
*COC(C=C1)=CC=C1O*,egc,4.8731,4.873793398407654,True
*C(=CCC*)C(C)(C)C,tg,20.0,25.908906936645508,True
*C(C*)(C(=O)Oc1ccc(cc1)C(=O)Oc1ccc(cc1)C)C,tg,98.0,98.58655548095703,True
*c1cccc(-c2nc3cc(-c4ccc5nc(*)c(-c6ccc7ccccc7c6)nc5c4)ccc3nc2-c2ccc3ccccc3c2)c1,egc,3.0367,2.989403495369347,True
*c1cc2c(C(=O)N(C2=O)c2cc(ccc2)C(c2cc(ccc2)N2C(=O)c3c(C2=O)cc(cc3)C(*)(C(F)(F)F)C(F)(F)F)O[Si](O[Si](O[Si](C)(C)C)(C)C)(C)C)cc1,tg,236.5,,False
*NC(=O)CCCCCCCCCCCCC(=O)NCCc1ccc(cc1)CC*,tg,93.0,81.35393524169922,True
*c1cc2c(C(=O)N(C2=O)c2ccc(cc2)Oc2ccc(cc2)C(=O)c2ccc(cc2)C(=O)c2ccc(cc2)Oc2ccc(cc2)N2C(=O)c3c(C2=O)cc(cc3)C(=O)*)cc1,tg,233.0,,False
*CCCCCC[N+](C)(C)CCC[N+](*)(C)C,egc,0.2161,,False
*OC(=O)CCC(=O)OCCSCC*,tg,-34.0,,False
*c1ccc(Oc2ccc(-n3c(=O)c4cc5c(=O)n(*)c(=O)c5cc4c3=O)cc2-c2ccccc2)cc1,egc,2.1739,2.1268495787961825,True
*C(C*)(C(=O)OCC(CCCC)CC)C,tg,-10.0,,False
*c1ccc2n(c3c(c2c1)cc(cc3)C=Cc1nc(c(c(c1C#N)C=Cc1ccc(cc1)N(c1ccccc1)c1ccccc1)C#N)C=C*)CCCCCC,tg,134.0,,False
*CCCC(C)CCC(=O)O*,egc,6.54,,False
*Cc1ccc(COC(=O)CCCCCCCCC(=O)O*)cc1,egc,5.2222,,False
*Oc1ccc(cc1)Oc1ccc(cc1)S(=O)(=O)c1ccc(cc1)*,tg,206.67,,False
*N1C(=O)c2c(C1=O)cc(cc2)c1cc2c(C(=O)N(C2=O)c2cc(ccc2)C(=O)Nc2ccc(cc2)Oc2ccc(cc2)Oc2ccc(cc2)NC(=O)c2cc(ccc2)*)cc1,tg,244.0,258.6764221191406,True
*CCCCCCCOC(=O)NCCCCCCNC(=O)O*,egc,6.2664,,False
*N=P(*)(Oc1c(cc(cc1)Cl)Cl)Oc1c(cc(cc1)Cl)Cl,tg,2.0,,False
*Oc1ccc(cc1)C1(CCCC1)c1ccc(cc1)OC(=O)*,tg,162.86,,False
*c1nc(nc(n1)N(CCCCCCCCCCN(*)c1ccccc1)c1ccccc1)C,tg,48.0,,False
*OCC(C*)C,tg,-55.0,-80.0853271484375,True
*C(C*)C(=O)OCC(C(C(F)(F)F)(F)F)(F)F,tg,-30.0,-16.83403968811035,True
*OC(CCC(OC(=O)CCCCCCCCC(=O)*)C)C,tg,-66.0,-38.49715805053711,True
*Oc1ccc(cc1)S(=O)(=O)c1ccc(cc1)Oc1ccc(cc1)C(c1ccc(cc1)*)(c1ccccc1)c1ccccc1,tg,230.0,241.5792694091797,True
*Nc1ccc(cc1)Cc1ccc(cc1)NC(=O)NCCCCCCCCCCNC(=O)*,tg,46.0,67.01465606689453,True
*Oc1ccc(cc1)CC(NC(=O)CCc1ccc(cc1)OC(=O)CCCCC(=O)*)C(=O)OCC(C)C,tg,56.0,51.776123046875,True
*Oc1ccc(cc1)N=CNc1ccc(cc1)OCCOCC*,tg,62.0,69.02946472167969,True
*C(C*)(CC(=O)Oc1ccc(cc1)OCCCCC)C(=O)Oc1ccc(cc1)OCCCCC,tg,73.5,,False
*c1ccc(-c2nc3cc4nc(*)oc4cc3o2)c(O)c1,egc,2.5896,,False
*N1C(=O)c2c(C1=O)cc(cc2)C(=O)Oc1ccc(cc1)C(c1ccc(cc1)C(c1ccc(cc1)OC(=O)CCCCCCCCCCC*)(C)C)(C)C,tg,97.0,,False
*C(=O)C(C=C1)=CC=C1C(=O)C(=S)*,egc,2.994,,False
*C(C*)c1ccc(cc1)C(CCC)(O)C,tg,130.0,103.7657241821289,True
*N1C(=O)c2c(C1=O)cc(cc2)c1ccc(cc1)c1cc2c(C(=O)N(C2=O)CCCCCC*)cc1,tg,141.0,146.93162536621094,True
*OC(=O)c1cc(ccc1)C(=O)OCC1CCC(CC1)C*,tg,70.0,57.34814453125,True
*N=P(*)(OCC)OCC,tg,-87.33,,False
*C(C*)C(=O)Oc1c(cccc1)C(C)(C)C,tg,72.0,88.1869888305664,True
*Oc1ccc(cc1)OC(=O)c1c(cc(cc1)C(=O)*)Oc1cc2c(cc1)cccc2,tg,102.0,,False
*C1C2C(C(=O)N(C2=O)c2ccc(cc2)Br)C(C1)C=C*,tg,227.8,,False
*Oc1ccc(cc1)NC(=O)c1cc(cc(c1)NC(=O)CCCCCN1C(=O)c2c(C1=O)cccc2)C(=O)Nc1ccc(cc1)*,tg,200.0,,False
*C(C*)C(=O)Oc1ccc(cc1)C(=O)Oc1ccc(cc1)OC(=O)c1ccc(cc1)OCCCC,tg,47.0,,False
*Oc1cc(Br)cc(Br)c1*,egc,4.3897,3.97745857063575,True
*N1C(CN(C(C1)C)C(=O)c1ccc(cc1)C(=O)*)C,tg,350.0,,False
*N1C(=O)c2c(C1=O)cc(c(c2)c1ccc(cc1)C(C)(C)C)c1cc2c(C(=O)N(C2=O)c2ccc(cc2)Oc2ccc(cc2)*)cc1c1ccc(cc1)C(C)(C)C,tg,370.0,,False
*CC(*)n1c(C)c(C)c2ccccc21,egc,2.733,4.448800374444577,True
*c1cc2c(C(=O)N(C2=O)c2ccc(cc2)C(=O)Nc2ccc(cc2)C(=O)OCCCCCCOC(=O)*)cc1,tg,107.0,,False
*c1nc2c(nc1)cc(cc2)Oc1cc2c(nc(cn2)c2ccc(cc2)Oc2ccc(cc2)*)cc1,tg,382.0,266.7581787109375,True
*C(C*)(C(=O)OCc1c(ccc(c1)Cl)Cl)C,tg,27.8,26.69560432434082,True
*c1cc2c(C(=O)N(C2=O)c2c(cc(cc2C)C2(c3ccccc3c3ccccc23)c2cc(c(c(c2)C)N2C(=O)c3c(C2=O)cc(cc3)C(*)(C(F)(F)F)C(F)(F)F)C)C)cc1,tg,361.0,346.5606994628906,True
*CC(CBr)(CBr)CO*,egc,5.993,5.700089924257547,True
*C1(c2c(C(=O)O1)cccc2)c1cc(c(cc1)OC(=O)c1cc(ccc1)C(=O)Oc1c(cc(cc1)*)C)C,tg,273.0,,False
*CCCNC(=O)CCCCCCCC(=O)NCCCNC(=O)C(=O)N*,egc,4.7768,5.4230431139742095,True
*c1c2C(=O)N(C(=O)c2c(c2ccccc12)c1ccc(cc1)Oc1ccc(cc1)C(=O)c1ccc(cc1)Oc1ccc(cc1)*)c1c(cccc1)C(F)(F)F,tg,260.0,278.3606262207031,True
*C(C*)(C(=O)OCCN(c1ccc(cc1)N=Nc1ccc(cc1)C#N)CC)C,tg,116.25,,False
*Oc1cc(ccc1)NC(=O)c1ccc(cc1)Oc1ccc(cc1)C(c1ccc(cc1)C(c1ccc(cc1)Oc1ccc(cc1)C(=O)Nc1ccc(cc1)*)(C)C)(C)C,tg,168.0,,False
*c1cc(CCCC(F)(F)C(F)(F)C(F)(F)C(F)(F)F)c(*)s1,egc,2.4769,,False
*O[Si](c1c(c(c(c(c1F)F)F)[Si](*)(C)C)F)(C)C,tg,-28.5,,False
*CCCCCCCCCNC(=O)CCCCCCCCC(=O)N*,egc,5.6744,,False
*CCCCCCCCCOc1ccc(C=CC=Cc2ccc(O*)c(C)c2)cc1C,egc,3.4115,,False
*OC(C*)C,tg,-58.58,-10.665446281433105,True
*C(C*)(C(=O)OCCBr)C,tg,52.0,,False
*Oc1ccc(cc1)Oc1ccc(cc1)C=NCCN=Cc1ccc(cc1)*,tg,101.0,132.85523986816406,True
*C(C*)CC(C)(C)C,tg,190.0,,False
*c1nc2c(c(c1)c1ccccc1)cc(cc2)c1cc2c(nc(cc2c2ccccc2)c2ccc(cc2)C2(c3ccccc3c3ccccc23)c2ccc(cc2)*)cc1,tg,420.0,382.8224182128906,True
*c1cc2C(c3c(c2cc1)ccc(c3)c1c(c(c(c(c1F)F)*)F)F)(CCCCCCCC)CCCCCCCC,tg,29.0,74.43669891357422,True
*N1C(=O)c2c(C1=O)cc(cc2)Oc1ccc(cc1)Oc1cc2c(C(=O)N(C2=O)c2ccc(cc2)C(c2ccc(cc2)*)(C)C)cc1,tg,264.0,237.46368408203125,True
*OC(CCl)COC(=O)C1=C(C(=O)OCC(CCl)OC(=O)c2ccc(C(*)=O)cc2)C2C=CC1C2,egc,3.8265,,False
*CCCCCCCCC(=O)N*,egc,6.101,,False
*O[Si](O[Si](c1ccc(cc1)[Si](*)(C)C)(C)C)(C)C,tg,-62.5,-70.86823272705078,True
*C(C(C(C*)OCCCC)C(=O)OC)C(=O)OC,tg,32.5,23.338708877563477,True
*Oc1ccc(cc1)C1(c2ccccc2c2ccccc12)c1ccc(cc1)Oc1ccc(cc1)C(=O)C(=O)c1ccc(cc1)*,tg,242.0,270.3760070800781,True
*c1ccc(Oc2ccc(-n3c(=O)c4c(Oc5ccc(OC)cc5)c5c(=O)n(*)c(=O)c5c(Oc5ccc(OC)cc5)c4c3=O)cc2)cc1,egc,1.9559,,False
*N1C(=O)c2c(C1=O)cc(cc2)NC(=O)OCCOc1ccc(cc1)C(c1ccc(cc1)OCCOC(=O)Nc1cc2c(C(=O)N(C2=O)c2cc(ccc2)P(=O)(c2cc(ccc2)*)c2ccccc2)cc1)(C(F)(F)F)C(F)(F)F,tg,214.0,214.3131866455078,True
*c1ccc(-c2ccc(-c3ccc(-c4nc5cc6sc(*)nc6cc5s4)cc3)c(-c3ccccc3)c2-c2ccccc2)cc1,egc,3.1992,2.880626033751376,True
*N1C(=O)c2c(C1=O)c(ccc2)c1cc2c(C(=O)N(C2=O)c2cc(ccc2)C(=O)Nc2ccc(cc2)Oc2ccc(cc2)S(=O)(=O)c2ccc(cc2)Oc2ccc(cc2)NC(=O)c2cc(ccc2)*)cc1,tg,263.0,,False
*CCCCCCCCCCC(Cl)C(*)Cl,egc,7.2165,6.834279191047237,True
*CC1CC1COC(=O)NC1CC1NC(=O)O*,egc,6.5515,,False
*Oc1ccc(cc1)CC(NC(=O)CCc1ccc(cc1)OC(=O)COCC(=O)*)C(=O)OC(C)C,tg,80.0,,False
*C1C(=O)N(C(=O)C1CC*)CCCCCCCCCCCCCCCCCC,tg,67.1,14.803296089172363,True
*c1ccc(-c2ccc(-c3cc(-c4ccccc4)c4cc5c(-c6ccccc6)cc(*)nc5cc4n3)cc2)cc1,egc,2.8216,,False
*Oc1ccc(cc1)NC(=C(C#N)C#N)c1cc(ccc1)C(=C(C#N)C#N)Nc1ccc(cc1)Oc1ccc(cc1)NC(=O)c1ccc(cc1)C(=O)Nc1ccc(cc1)*,tg,274.0,,False
*C1C2C(C(=O)N(C2=O)c2cc(ccc2)I)C(C1)C=C*,tg,199.0,210.9718017578125,True
*C(C=C1)=CC=C1OC(S2)=CC=C2O*,egc,4.6798,4.22971029490153,True
*NC(=O)CCCCC(=O)NCc1cc(cc(c1)C(C)(C)C)C*,tg,109.0,,False
*N=P(*)(Cl)Cl,egc,3.9556,,False
*c1nc2c(nc1c1ccc(cc1)C(=O)NCCCCCCCCNC(=O)c1ccc(cc1)*)cccc2,tg,185.0,192.21290588378906,True
*Oc1cc(ccc1)*,tg,46.5,101.88639068603516,True
*Oc1ccc(cc1)C(c1ccc(cc1)OC(=O)C1CCC(CC1)C(=O)*)(C)C,tg,150.0,,False
*CCCCCCCCOC(=O)c1cccc(C(=O)O*)c1,egc,5.1133,,False
*Oc1ccc(cc1)N=Cc1ccc(cc1)Oc1ccc(cc1)C(c1ccc(cc1)Oc1ccc(cc1)C=Nc1ccc(cc1)*)(c1ccccc1)c1ccccc1,tg,211.0,,False
*OC(=O)NCCCCCCNC(=O)OCC(C(C(C*)(F)F)(F)F)(F)F,tg,16.0,,False
*N1C(=O)c2c(C1=O)c(ccc2)Oc1c2c(C(=O)N(C2=O)c2ccc(cc2)Oc2ccc(cc2)*)ccc1,tg,292.5,284.2301025390625,True
*ON(C(C(*)(F)F)(C(F)(F)F)F)C(F)(F)F,tg,-9.0,,False
*Oc1c(cc(cc1Br)C(c1cc(c(c(c1)Br)OC(=O)c1cc(ccc1)C(=O)*)Br)(C)C)Br,tg,115.0,217.6189422607422,True
*c1cc2c(C(=O)N(C2=O)c2c(cc(cc2C)Cc2cc(c(c(c2)C)N2C(=O)c3c(C2=O)cc(cc3)C(=O)OCCN(CCOC(=O)*)c2ccc(cc2)N=Nc2c(cc(cc2)[N+](=O)[O-])C#N)C)C)cc1,tg,216.0,194.8610382080078,True
*c1nc(ccc1)Oc1ccc(cc1)Oc1ccc(cc1)C(=Nc1ccccc1)c1ccc(cc1)Oc1ccc(cc1)O*,tg,135.0,,False
*c1cc2c(C(=O)N(C2=O)c2c(ccc(c2)N2C(=O)c3c(C2=O)cc(cc3)C(=O)Nc2c(cc(cc2C)Cc2cc(c(c(c2)C)NC(=O)*)C)C)N=Nc2ccc(cc2)OC(F)(F)F)cc1,tg,278.0,288.8556823730469,True
*OP(=O)(Oc1cccc2c(*)cccc12)OC1CCCCC1,egc,4.0777,4.6637456028727655,True
*c1cc(OCCOCCOC)c(*)s1,egc,1.6389,,False
*N(c1ccc(cc1)c1ccc(cc1)N(c1ccc(cc1)Cc1ccc(cc1)*)c1ccc(cc1)C)c1ccc(cc1)C,tg,183.0,186.0699462890625,True
*C(C*)c1ccc(cc1)OC,tg,101.33,,False
*[Si](c1c(cccc1)C*)(c1ccccc1)C,tg,93.8,,False
*c1ccc(-c2cc(CCCCCCBr)c(*)s2)s1,egc,1.9133,,False
*Oc1ccc(cc1)OC(=O)c1c(cc(cc1)C(=O)*)Sc1ccc(cc1)C,tg,134.0,,False
*c1sc(cc1)C(=O)Oc1ccc(cc1)[Si](c1ccc(cc1)OC(=O)*)(CC)CC,tg,-62.0,-38.810848236083984,True
*CC1CCC(COC(=O)C(=O)O*)CC1,egc,5.4765,,False
*CC(*)OC(=O)CCCCC,egc,6.3448,6.442701279185609,True
*OCC(C*)(C)C,tg,-50.0,,False
*Oc1cc(ccc1)NC(=O)c1cc(ccc1)C(=O)Nc1ccc(cc1)Oc1ccc(cc1)C(=O)c1ccc(cc1)*,tg,114.0,,False
*Oc1ccc(C(=O)OCCCCOC(=O)c2ccc(*)cc2)cc1,egc,4.5398,,False
*OC(=O)CCCCCCCCC(*)=O,egc,5.9944,6.420289714526361,True
*CC(*)C(=O)OCC,egc,6.2551,6.291291033691846,True
*NC(=O)NCCCCCCCCC*,tg,125.0,,False
*c1cc2c(C(=O)N(C2=O)c2c3c(ccc2)c(ccc3)Oc2ccc(cc2)N2C(=O)c3c(C2=O)cc(cc3)C(=O)Nc2c(cc(cc2)c2cc(c(cc2)NC(=O)*)OC)OC)cc1,tg,304.0,,False
*Oc1c(cc(cc1)OCCCCC(=O)NNC(=O)c1ccc(cc1)C(=O)NNC(=O)CCCC*)C,tg,139.5,112.77709197998047,True
*CCCOC(=O)COCC(=O)O*,egc,6.0368,,False
*c1cc2c(C(=O)N(C2=O)c2cc(ccc2)Oc2ccc(cc2)N2C(=O)c3c(C2=O)cc(cc3)C(*)(C(F)(F)F)C(F)(F)F)cc1,tg,261.3,,False
*Cc1cccc(*)c1O,egc,4.4656,,False
*CCOCCOC(=O)NCCCCCCNC(=O)O*,egc,6.0376,,False
*CCOCCOCCOCCOCCOc1ccc(C=C(C)c2ccc(O*)cc2)cc1,egc,3.9391,,False
*C(=O)NCCCCCCCCNC(=O)c1cncc(*)c1,egc,4.7551,,False
*ON(C(C(=C(C(*)(F)F)F)F)(F)F)C(F)(F)F,tg,-7.0,,False
*C(C*)(C(=O)OCCCCCCn1c2ccc(cc2c2ccccc12)N=Nc1c(cc(cc1)[N+](=O)[O-])[N+](=O)[O-])C,tg,125.0,,False
*Oc1ccc(cc1)OC(=O)CCCCCCCCC(=O)*,tg,52.8,,False
*c1oc2c(n1)ccc(c2)c1ccc2c(oc(n2)CCCCCCCCC*)c1,tg,64.0,,False
*OC(=O)c1ccc(cc1)C(=O)OCC1CCC(CC1)C*,tg,83.89,71.44579315185547,True
*Nc1c(cc(cc1c1ccccc1)c1ccc(cc1)c1cc(c(c(c1)c1ccccc1)NC(=O)c1ccc(cc1)C(=O)*)c1ccccc1)c1ccccc1,tg,135.0,,False
*Oc1ccc(cc1)N=CCCCC=Nc1ccc(cc1)OC(=O)Nc1ccc(cc1)Cc1ccc(cc1)NC(=O)*,tg,76.0,89.83650970458984,True
*c1cc2c(nc(cc2c2ccccc2)Oc2nc3c(c(c2)c2ccccc2)cc(cc3)c2ccc(cc2)Oc2ccc(cc2)*)cc1,tg,268.5,288.750732421875,True
*CCCCCNC(=O)CCCCCC(=O)N*,egc,5.9272,,False
*CC(*)C(=O)NC(C)CC,egc,5.3154,5.495253609753074,True
*CCOC(=O)Nc1c(C)c(C)c(NC(=O)O*)c(C)c1C,egc,5.3419,,False
*N1C(=O)c2c(C1=O)cc(cc2)S(=O)(=O)c1cc2c(C(=O)N(C2=O)c2ccc(cc2)Oc2ccc(cc2)C(=O)c2ccc(cc2)Oc2ccc(cc2)*)cc1,tg,275.5,256.007080078125,True
*NC(=O)C(C*)C,tg,96.0,92.4487075805664,True
*C(C*)C(=O)Nc1ccc(cc1)C(=O)C=Cc1cc(ccc1)Br,tg,55.0,,False
*c1ccc(cc1)C(C(*)(C(=O)OCC)C#N)(C(=O)OCC)C#N,tg,108.0,129.11720275878906,True
*c1c(nc2c(n1)cc(cc2)c1cc2c(nc(c(n2)c2ccc(cc2)N2C(=O)c3c(C2=O)cc(cc3)C(=O)c2cc3c(C(=O)N(C3=O)c3ccc(cc3)*)cc2)c2ccccc2)cc1)c1ccccc1,tg,260.0,322.5823059082031,True
*CC(CC)(CC)COC(=O)CCC(=O)O*,egc,6.5001,,False
*CCCCCC(*)CCCCCCCCCCCCCC,egc,6.895,,False
*OP(=O)(Oc1c(cc(cc1Br)C(c1cc(c(c(c1)Br)*)Br)(C(F)(F)F)C(F)(F)F)Br)Oc1ccc(cc1)C,tg,146.0,,False
*C1(c2c(CO1)cccc2)c1ccc(cc1)OC(=O)c1ccc(cc1)C(=O)Oc1ccc(cc1)*,tg,312.0,264.8886413574219,True
*OC(=O)NCCCCCCNC(=O)OCCCCCOC(=O)c1c(cccc1)C(=O)O[Pb]OC(=O)c1c(cccc1)C(=O)OCCCCC*,tg,-19.2,,False
*OC(=O)c1ccc(CCc2ccc(C(*)=O)cc2)cc1,egc,4.4852,4.377946701347976,True
*c1cc2c(C(=O)N(C2=O)c2ccc(cc2)Oc2cc3c(cc2)ccc(c3)Oc2ccc(cc2)N2C(=O)c3c(C2=O)cc(cc3)C(=O)Nc2ccc(cc2)Oc2ccc(cc2)C(c2ccc(cc2)Oc2ccc(cc2)NC(=O)*)(C(F)(F)F)C(F)(F)F)cc1,tg,250.0,,False
*c1ccc2oc(*)nc2c1,egc,3.9774,,False
*N1C(=O)c2c(C1=O)cc(cc2)c1cc2c(C(=O)N(C2=O)c2ccc(cc2)Oc2c(cc(cc2C)Cc2cc(c(c(c2)C)Oc2ccc(cc2)*)C)C)cc1,tg,294.33,,False
*CC(=O)C(S1)=CC=C1C(S2)=CC=C2*,egc,2.8653,,False
*CC(C)(C)C1CC=C(*)CC1,egc,5.4516,,False
*c1oc2c(n1)cc(cc2)c1cc2c(oc(n2)CN2C(=O)c3c(C2=O)cc(cc3)C(c2cc3c(C(=O)N(C3=O)C*)cc2)(C(F)(F)F)C(F)(F)F)cc1,tg,231.0,,False
*Oc1c(cc(cc1)C1(C2CCC(C1)C2)c1cc(c(cc1)OC(=O)*)Cl)Cl,tg,200.0,,False
*Oc1ccc(NC(=O)NC2CC(C)(C)CC(C)(CNC(=O)Nc3ccc(*)cc3)C2)cc1,egc,4.2227,,False
*Oc1c2c(ccc1)c(ccc2)OC(=O)c1ccc(cc1)Oc1ccc(cc1)C(=O)*,tg,171.0,174.22349548339844,True
*CC(*)c1ccc2ccccc2c1,egc,3.6351,,False
*c1cc2c(C(=O)N(C2=O)c2c(cc(cc2C)Cc2cc(c(c(c2)C)N2C(=O)c3c(C2=O)cc(cc3)C(*)(C(F)(F)F)C(F)(F)F)C)C)cc1,tg,307.5,,False
*S(=O)(=O)C(C(=CC*)C)C,tg,73.0,,False
*NC(=O)CCP(=O)(CCC(=O)NCCCCCC*)c1ccccc1,tg,29.0,65.57390594482422,True
*c1cc2c(C(=O)N(C2=O)c2ccc(cc2)Sc2ccc(cc2)N2C(=O)c3c(C2=O)cc(cc3)C(=O)*)cc1,tg,276.0,309.4641418457031,True
*CC(CCl)(CCl)C(=O)O*,egc,6.551,,False
*c1ccc(cc1)C(C(*)(C(=O)OC)C#N)(C(=O)OC)C#N,tg,108.0,,False
*c1oc(nc1)c1cc(c(cc1)Oc1ccc(cc1)S(=O)(=O)c1ccc(cc1)Oc1c(cc(cc1)*)C(F)(F)F)C(F)(F)F,tg,210.0,,False
*C(=O)Nc1ccc(NC(=O)c2ccc3[nH]c(-c4cc(-c5nc6cc(*)ccc6[nH]5)cc(N5C(=O)c6ccccc6C5=O)c4)nc3c2)cc1,egc,2.3407,,False
*N1C(=O)c2c(C1=O)cc(cc2)C(=O)Oc1ccc(cc1)OC(=O)CCCCC*,tg,89.0,101.6622314453125,True
*c1cc2c(C(=O)N(C2=O)c2ccc(cc2)Oc2c(cc(cc2C)C(c2cc(c(c(c2)C)Oc2ccc(cc2)N2C(=O)c3c(C2=O)cc(cc3)C(*)(C(F)(F)F)C(F)(F)F)C)c2c3c(ccc2)cccc3)C)cc1,tg,282.0,,False
*Sc1ccc(Nc2ccc(Nc3ccc(Nc4ccc(*)cc4)cc3)cc2)cc1,egc,3.2757,,False
*N1C(=O)c2c(C1=O)c(ccc2)c1cc2c(C(=O)N(C2=O)c2cc(ccc2)OCCCCOc2cc(ccc2)*)cc1,tg,178.0,176.4392852783203,True
*Oc1c(cc(cc1OC)C=Cc1c(cc(c(c1)C(C)C)C=Cc1cc(c(c(c1)OC)OCCCCCCCC*)OC)C(C)C)OC,tg,85.0,,False
*C1C2C(C(=O)N(C2=O)CCCCCCCCC)C(C1)C=C*,tg,52.0,59.98417282104492,True
*C(=O)C(C=C1)=CC=C1C(C=C2)=CC=C2C(C=C3)=CC=C3*,egc,3.3319,,False
*C1C2C(C(=O)N(C2=O)CCCCCCCC)C(C1)C=C*,tg,56.5,64.40826416015625,True
*Oc1cc(ccc1)C(=O)OC(=O)c1cc(ccc1)OCCC*,tg,53.0,53.0880012512207,True
*C(C*)(C(=O)OCCCCCCCCCCCOc1ccc(cc1)C(=O)Oc1ccc(cc1)C#N)C,tg,10.0,,False
*Oc1ccc(cc1)C(c1ccc(cc1)Oc1ccc(cc1)C(=O)c1ccc(cc1)C(c1ccc(cc1)C(=O)c1ccc(cc1)*)(C(F)(F)F)C(F)(F)F)(C(F)(F)F)C(F)(F)F,tg,185.0,182.3251190185547,True
*C(C*)(C(=O)OCC(=O)Nc1noc(c1)C)C,tg,128.0,122.17621612548828,True
*C1C(C(C(C1)(O)C(F)(F)F)(F)F)(C(C*)(F)F)F,tg,152.0,120.44901275634766,True
*OC(COC(=O)c1c(cccc1)C(=O)*)C,tg,95.0,61.60511779785156,True
*C1C(=O)N(C(=O)C1*)CCCCCOc1ccc(cc1)c1ccc(cc1)C#N,tg,75.0,,False
*CC(=O)NCCCCCCNC(=O)COc1ccc(O*)cc1,egc,4.6023,5.00791822491911,True
*OC(=O)Nc1c(ccc(c1)NC(=O)OCCN(CC*)c1ccc(cc1)c1oc2c(n1)ccc(c2)[N+](=O)[O-])C,tg,156.0,,False
*CC(*)N,egc,5.222,6.3919828426002825,True
*C(=C(*)C)CCCCC,tg,180.0,,False
*C(C*)C(C(F)(F)F)(F)F,tg,41.0,,False
*c1sc(*)c(OCCCC)c1OC,egc,3.2859,2.331045738132512,True
*CC(*)c1cc(C)ccc1C,egc,4.9137,,False
*c1cc2c(C(=O)N(C2=O)c2cc(c(cc2)Oc2c(cc(cc2)N2C(=O)c3c(C2=O)cc(cc3)C(=O)*)Br)Br)cc1,tg,296.0,296.6131286621094,True
*OC(C*)COC(=O)c1ccc(cc1)N1C(=O)C2C(C1=O)C1C=CC2C1,tg,62.5,139.406005859375,True
*Oc1ccc(cc1)S(=O)(=O)c1ccc(cc1)Oc1c(cc(cc1C)c1cc(c(c(c1)C)*)C)C,tg,268.07,292.2355041503906,True
*C=CC(C)C(*)C(=O)OCC(C)C,egc,5.4659,,False
*N(CC(C*)O)c1ccccc1,tg,65.75,84.28321075439453,True
*N(CC*)C(=O)c1c(cccc1)F,tg,109.0,,False
*c1nc(ccc1)Oc1ccc(cc1)Oc1ccc(cc1)S(=O)c1ccc(cc1)Oc1ccc(cc1)O*,tg,138.0,127.60897064208984,True
*C(C*)(C(=O)OCCN(c1cc(c(cc1)N=Nc1ccc(cc1)OC)C)CC)C,tg,95.0,106.87774658203125,True
*Nc1c(cccc1)c1ccc(cc1)NC(=O)c1cc(ccc1)C(=O)*,tg,248.0,279.72149658203125,True
*C(C*)(C(=O)OCc1c(cccc1Cl)Cl)C,tg,58.9,,False
*c1ccc(-c2ccc(-c3ccc(-n4c(=O)c5cc6c(=O)n(*)c(=O)c6cc5c4=O)cc3)cc2)cc1,egc,2.1515,2.339225925517445,True
*CCCCCC(=O)NCCOC(=O)CCCCC(=O)O*,egc,6.3289,6.271613973284363,True
*C(C*)(C(=O)OCCC)F,tg,62.0,68.81108093261719,True
*c1nc2c(c(c1c1ccccc1)c1ccc(cc1)Oc1ccc(cc1)c1c(c(nc3c1cccc3)c1ccc(cc1)c1ccc(cc1)*)c1ccccc1)cccc2,tg,345.0,327.9792785644531,True
*N1C(=O)c2c(C1=O)cc(cc2)NC(=O)OCCOc1ccc(cc1)C(c1ccc(cc1)OCCOC(=O)Nc1cc2c(C(=O)N(C2=O)c2cc(ccc2)P(=O)(c2cc(ccc2)*)C)cc1)(C(F)(F)F)C(F)(F)F,tg,204.0,222.2278289794922,True
*C(=O)C(C)NC(=O)CNC(=O)C1CCCN1*,egc,5.7716,,False
*OP(=O)(Oc1ccc(cc1)S(=O)(=O)c1ccc(cc1)*)Oc1ccc(cc1)C,tg,66.0,,False
*Oc1ccc(cc1)C(=O)OCCN(CCOC(=O)c1ccc(cc1)OCC#CC#CC*)c1ccc(cc1)N=Nc1ccc(cc1)N=Nc1cc(c(c(c1)C)C#N)C,tg,120.0,112.1910171508789,True
*C(C*)(C(=O)OCCC(C(C(C(C(C(C(C(F)(F)F)(F)F)(F)F)(F)F)(F)F)(F)F)(F)F)(F)F)C,tg,31.25,33.39909744262695,True
*C1C(CC(C1)C(O)(C(F)(F)F)C(F)(F)F)(C(C*)(F)F)F,tg,118.0,,False
*c1nc(ccc1)N1C(=O)N(C(=O)C1=O)c1ccc(cc1)Cc1ccc(cc1)N1C(=O)N(C(=O)C1=O)*,tg,216.67,233.05311584472656,True
*CCCCOC(=O)C1CCC(C(=O)O*)CC1,egc,6.3839,6.503253691029979,True
*Oc1ccc(-c2ccc(N=Nc3ccc(C(*)=O)cc3)cc2)cc1,egc,3.5627,,False
*C=C(*)c1cccc([Si](C)(C)C)c1,egc,0.7366,,False
*Nc1ccc(NC(=O)c2cc(NC(=O)c3ccc(NC(=O)C(C)N4C(=O)c5ccccc5C4=O)cc3)cc(C(*)=O)c2)cc1C,egc,2.319,,False
*c1cc2c(C(=O)N(C2=O)c2ccc(cc2)Oc2ccc(cc2)N2C(=O)c3c(C2=O)cc(cc3)C(=O)Nc2ccc(cc2)S(=O)(=O)c2ccc(cc2)NC(=O)*)cc1,tg,275.0,,False
*N1C(=O)c2c(C1=O)cc(cc2)S(=O)(=O)c1cc2c(C(=O)N(C2=O)c2cc(c(cc2)Oc2c(cc(cc2C(C)(C)C)c2ccc(cc2)*)C(C)(C)C)C(F)(F)F)cc1,tg,365.5,,False
*ON(C(C(*)(F)F)(F)F)C(F)(F)F,tg,-40.62,,False
*C(C*)(C(=O)OC12CC3(CC(CC(C1)C3)(C2)C)C)CC(=O)OC,tg,144.0,,False
*OP(=O)(N=Nc1ccc(cc1)c1ccc(cc1)N=NP(=O)(OCC*)OCC)OCC,tg,43.0,27.92799186706543,True
*Nc1c(cc(c(c1)[N+](=O)[O-])NC(=O)CCCCCCC(=O)*)C=Cc1ccc(cc1)N(C)C,tg,177.6,171.8409423828125,True
*N1C(=O)c2c(C1=O)cc(cc2)Oc1ccc(cc1)Sc1ccc(cc1)Oc1cc2c(C(=O)N(C2=O)c2ccc(cc2)Oc2ccc(cc2)C(=O)c2cc(ccc2)C(=O)c2ccc(cc2)Oc2ccc(cc2)*)cc1,tg,192.0,,False
*Nc1cc(NC(=O)c2ccccc2C(*)=O)cc(-c2nnc(-c3ccccn3)o2)c1,egc,3.5021,,False
*c1nc2c(nc1)cc(cc2)c1ccc2c(nc(cn2)c2ccc(cc2)*)c1,tg,376.0,,False
*C(=O)C(C=C1)=CC=C1C(C=C2)=CC=C2C(S3)=CC=C3*,egc,2.8474,,False
*CC1(CO*)CC2C=CC1C2,egc,5.6096,,False
*C(=O)OCCCCOC(=O)N1CCN(*)CC1,egc,5.8653,,False
*CCCCCCCCCCOC(=O)CCCCCC(=O)O*,egc,6.771,6.648885608484209,True
*c1ccc(S(=O)(=O)c2ccc(N3C(=O)c4ccc(Oc5ccc(Oc6ccc7c(c6)C(=O)N(*)C7=O)cc5)cc4C3=O)cc2)cc1,egc,3.2399,,False
*Nc1ccc(cc1)c1ccc(cc1)NC(=O)c1cc(cc(c1)NC(=O)c1ccc(cc1)NC(=O)C(N1C(=O)c2c(C1=O)cccc2)C)C(=O)*,tg,202.0,,False
*c1c(cc(cc1)*)C(=O)c1ccc(cc1)F,tg,194.0,,False
*c1ccc(cc1)C(=Cc1c(cc(c(c1)OC)C=C(*)c1ccc(cc1)F)OC)c1ccc(cc1)F,tg,193.0,,False
*C(C*)C(=O)OC1C2(CCC(C1)C2(C)C)C,tg,98.6,,False
*c1cc2c(C(=O)N(C2=O)c2ccc(cc2)Oc2ccc(cc2)N2C(=O)c3c(C2=O)cc(cc3)C(=O)c2ccc(cc2)Oc2ccc(cc2)Oc2ccc(cc2)C(=O)*)cc1,tg,220.0,,False
*Oc1c(Cl)cc(NC(=O)NCCCCCCNC(*)=O)cc1Cl,egc,4.9474,,False
*NC(=O)CCCCCC*,tg,51.14,54.71438980102539,True
*OC1CCC(OC(=O)OCCCCCCOC(*)=O)CC1,egc,7.1086,,False
*CC(=O)OC(=O)c1ccc(O*)cc1Br,egc,4.4665,4.479625783112078,True
*c1cc2c(C(=O)N(C2=O)c2cc(c(cc2)Oc2c(cc(cc2)N2C(=O)c3c(C2=O)cc(cc3)C(=O)Nc2ccc(cc2)c2ccc(cc2)NC(=O)*)c2ccccc2)c2ccccc2)cc1,tg,358.0,304.7464904785156,True
*c1sc(cc1)Oc1ccc(cc1)C(c1ccc(cc1)Oc1ccc(cc1)S(=O)(=O)*)(C)C,tg,160.93,160.5630340576172,True
*C(F)(F)C(F)(F)C(=O)C(C=C1)=CC=C1*,egc,4.443,,False
*NC(=O)CCCCC(=O)NCCCC*,tg,59.62,,False
*c1cc2c(C(=O)N(C2=O)c2ccc(cc2)c2cc(c(cc2)Oc2cc3c(C(CC3(c3ccc(cc3)Oc3c(cc(cc3)c3ccc(cc3)N3C(=O)c4c(C3=O)cc(cc4)C(=O)*)C(F)(F)F)C)(C)C)cc2)C(F)(F)F)cc1,tg,252.0,,False
*OC(=O)CCCCC(=O)OCC(C(C(C*)(F)F)(F)F)(F)F,tg,-60.5,,False
*C(F)(F)C(F)(F)C(=O)C(S1)=CC=C1*,egc,3.8794,3.2419019210881785,True
*C(=O)OCCCCCCCCCCCCOC(=O)c1ccc(N2C(=O)c3ccc(*)cc3C2=O)cc1,egc,3.2472,,False
*c1c(nc2c(n1)cc(cc2)Oc1ccc(cc1)NC(=O)c1cc2c(C(=O)N(C2=O)c2ccc(cc2)C(c2ccc(cc2)N2C(=O)c3c(C2=O)cc(cc3)C(=O)Nc2ccc(cc2)Oc2cc3c(nc(c(n3)c3ccc(cc3)Oc3ccc(cc3)*)c3ccc(cc3)[N+](=O)[O-])cc2)(C(F)(F)F)C(F)(F)F)cc1)c1ccc(cc1)[N+](=O)[O-],tg,303.0,281.79107666015625,True
*C(C*)(C(=O)Oc1ccc(cc1)N=Nc1ccc(cc1)[N+](=O)[O-])C,tg,145.0,,False
*c1ccc(*)n1C(C)C(=O)OC,egc,2.9894,,False
*OC(=O)CCSCCSCCC(*)=O,egc,4.6742,,False
*C=CC(C(*)C(=O)OCCN(c1ccc(cc1)N(C)C)C)C,tg,16.0,28.7502498626709,True
*C(C*)c1c(ccc(c1)Br)OC(C)C,tg,35.0,,False
*c1ccc2N(c3c(Sc2c1)cc(cc3)c1sc(c(c1CCCCCC)CCCCCC)C=CC1=CC(=C(C#N)C#N)C=C(O1)C=Cc1sc(c(c1CCCCCC)CCCCCC)*)CCCCCC,tg,130.0,,False
*OC(C)COC(=O)C1CCC(C(*)=O)CC1,egc,6.3027,,False
*CCCCCCCCCCCOC(=O)c1ccc2cc(C(=O)O*)ccc2c1,egc,3.7387,,False
*N1C(=O)c2c(C1=O)cc(cc2)C(=O)c1cc2c(C(=O)N(C2=O)CCC(=O)Nc2ccc(cc2)Cc2ccc(cc2)NC(=O)CC*)cc1,tg,221.0,188.6793975830078,True
*NC(=O)C(C=C1)=CC=C1C(=S)*,egc,2.8785,2.433962829515391,True
*CCCCCCCCCCCCCCCCCCCCOC(=O)C(=O)O*,egc,5.2426,,False
*c1[nH]c(nc1c1ccc(cc1)Oc1ccc(cc1)C(=O)c1ccc(cc1)Oc1ccc(cc1)*)c1ccccc1,tg,259.0,,False
*c1nc2c(nc1)ccc(c2)c1ccc2c(nc(cn2)c2ccc(cc2)c2ccc(cc2)c2ccc(cc2)*)c1,tg,305.0,366.7773132324219,True
*Oc1ccc(C2(c3ccc(OC(=O)c4ccc(C(*)=O)cc4)cc3)CC3CC2C2CCCC32)cc1,egc,3.4323,,False
*N1C(=O)c2c(C1=O)cc(cc2)C(=O)c1cc2c(C(=O)N(C2=O)CCCCCCCCCCC(=O)Nc2ccc(cc2)Cc2ccc(cc2)NC(=O)CCCCCCCCCC*)cc1,tg,136.0,,False
*NC(C)C(C)(C)C(*)=O,egc,5.5547,,False
*NC(=O)C(=S)C(=O)*,egc,1.0075,2.1528144235806255,True
*O[Si](*)(CCCCCn1c2ccccc2c2ccccc12)C,tg,7.0,,False
*CCOC(=O)CCC(C)CC(=O)O*,egc,6.6742,,False
*C(C*)C(=O)OCC(F)(F)F,tg,0.97,,False
*c1sc(cc1)c1sc(cc1)c1sc(cc1)c1sc(cc1)[Si]([Si](*)(CCCC)CCCC)(CCCC)CCCC,tg,-1.0,,False
*c1ccc2c3n(c4ccc(cc4n3)c3cc4n5c(nc4cc3)c3cccc4c(ccc(c5=O)c34)Oc3ccc(cc3)C(c3ccc(cc3)O*)(c3ccccc3)c3ccccc3)c(=O)c3cccc1c23,tg,357.0,,False
*CC(CCl)(CCl)COC(=O)c1cccc(C(=O)O*)c1,egc,4.938,,False
*CCCCCCCC(=O)OCC1COC(*)O1,egc,6.6417,6.493892775762234,True
*c1ccc(Oc2ccc3ccc(Oc4ccc(-n5c(=O)c6cc7c(=O)n(*)c(=O)c7cc6c5=O)cc4)cc3c2)cc1,egc,2.1074,2.12649474139131,True
*C=CC1CC(*)C(C#N)(C[Si](C)(C)C)C1,egc,5.6706,5.603451288678709,True
*Oc1ccc(cc1)c1ccc(cc1)OC1(C(C(C1(F)F)(F)F)(*)F)F,tg,157.93,121.7863540649414,True
*c1nc(sc1)N=Cc1ccc(cc1)OCCCCCCCCOc1ccc(cc1)C=Nc1nc(cs1)c1ccc(cc1)Oc1ccc(cc1)*,tg,150.0,113.80718994140625,True
*N1C(=O)N(C(=O)C1=O)c1ccc(cc1)Oc1ccc(cc1)N1C(=O)N(C(=O)C1=O)c1c(cccc1)CCc1ccc(cc1)*,tg,208.0,221.3573455810547,True
*OC(COC(=O)c1cc(ccc1)C(C(C(c1cc(ccc1)C(=O)OCC(*)(F)F)(F)F)(F)F)(F)F)(F)F,tg,30.0,15.495165824890137,True
*C(C*)c1ccc(cc1)Br,tg,132.66,,False
*NC(=O)c1cc(ccc1)C(=O)NCC(CCC*)(C)C,tg,153.0,,False
*OP(=O)(N=Nc1ccc(cc1)Oc1ccc(cc1)N=NP(=O)(OCC1CCC(CC1)C*)OC)OC,tg,50.0,37.00177764892578,True
*c1cc2c(C(=O)N(C2=O)c2cc(c(cc2)Oc2c(cc(cc2)N2C(=O)c3c(C2=O)cc(cc3)C(=O)Nc2cc(c(cc2)Oc2c(cc(cc2)NC(=O)*)c2ccccc2)c2ccccc2)c2ccccc2)c2ccccc2)cc1,tg,369.0,,False
*Oc1ccc(cc1)C(c1ccc(cc1)OCC(COc1c(cc(cc1Cl)C(c1cc(c(c(c1)Cl)OCC(C*)O)Cl)(C)C)Cl)O)(C)C,tg,100.0,118.17987060546875,True
*c1cc2C(c3c(c2cc1)ccc(c3)c1ccc(cc1)c1c(c(cc(c1)c1ccc(cc1)OCCCCCC)c1ccc(cc1)*)c1ccc(cc1)OCCCCCC)(CCCCCC)CCCCCC,tg,98.5,101.86615753173828,True
*c1ccc(Cc2ccc(N3C(=O)c4ccc([Si](C)(C)c5ccc6c(c5)C(=O)N(*)C6=O)cc4C3=O)cc2)cc1,egc,2.9801,,False
*Oc1c(c2c(cc1)cccc2)Sc1c2c(ccc1OCC(=O)Nc1ccc(cc1)Oc1ccc(cc1)NC(=O)C*)cccc2,tg,245.0,,False
*C=Cc1csc(-c2cc(*)cs2)c1,egc,3.0335,2.6094542388557547,True
*Oc1ccc(Nc2ccc(C(=O)c3ccc(C(=O)c4ccc(Nc5ccc(*)cc5)cc4)cc3)cc2)cc1,egc,2.99,2.9783726176873464,True
*C(C*)(C(=O)OCCCCc1ccccc1)C,tg,9.0,,False
*Nc1ccc(-c2ccc(NC(=O)c3cc(C(*)=O)cc(S(=O)(=O)c4ccccc4)c3)cc2)cc1,egc,3.1781,,False
*C(C*)OCCOCCOCCOC,tg,-71.3,,False
*C(C(CCCCCCCC*)c1ccc(cc1)O)c1c(cc(cc1)O)C,tg,-12.0,2.6500041484832764,True
*OC(=O)OCC1(CC=CCC1)C*,tg,30.0,47.68696975708008,True
*Oc1cc(ccc1)Oc1ccc(cc1)NC(=O)c1ccc(cc1)Oc1cc(ccc1)Oc1ccc(cc1)C(=O)Nc1ccc(cc1)*,tg,176.5,,False
*OC1CCC(C2CCC(OC(=O)CCCCCCCCC(*)=O)CC2)CC1,egc,6.3469,6.405336151561565,True
*Oc1ccc(cc1)CC(NC(=O)CCc1ccc(cc1)OC(=O)CCCCCCC(=O)*)C(=O)OC,tg,55.5,,False
*Nc1ccc(cc1)C1(c2ccccc2c2ccccc12)c1ccc(cc1)NC(=O)c1cc(ccc1)C(=O)*,tg,277.0,,False
*c1cc2c(C(=O)N(C2=O)c2ccc(cc2)Oc2ccc(cc2)N2C(=O)c3c(C2=O)cc(cc3)C(=O)Nc2ccc(cc2)Oc2c(cccc2)c2c(cccc2)Oc2ccc(cc2)NC(=O)*)cc1,tg,244.0,,False
*C(C*)C(=O)Oc1ccc(cc1)C#N,tg,92.0,109.64940643310547,True
*N1C(=O)c2c(C1=O)cc(cc2)Oc1cc2c(C(=O)N(C2=O)CC2C3C(CC2)C2C(CC3C2)C*)cc1,tg,201.0,,False
*CCOC(=O)Nc1ccc(-c2ccc(NC(=O)O*)c(C)c2)cc1C,egc,4.3385,4.05261569120886,True
*C1COC2C1OCC2OC(=O)CCCCCCCCC(=O)O*,tg,109.0,,False
*Oc1c(cc(cc1C)S(=O)(=O)c1cc(c(c(c1)C)OCC(COc1c(cc(cc1C)C(c1cc(c(c(c1)C)OCC(C*)O)C)(C)C)C)O)C)C,tg,145.0,145.22544860839844,True
*OC(=O)NC(=O)c1ccc(cc1)C(=O)NC(=O)OCC(C*)(C)C,tg,102.0,,False
*OC(*)C,tg,-21.07,-5.420033931732178,True
*Oc1ccc(cc1)C(=O)OCC*,tg,77.67,68.52393341064453,True
*CCCCCCNC(=O)C(CCCCCCCCCCCCCCCC)C(=O)N*,egc,6.0328,5.839204592754152,True
*c1cc2c(nc([nH]2)S(=O)(=O)c2nc3c([nH]2)ccc(c3)c2cc(ccc2)*)cc1,tg,286.5,,False
*c1cc2c(C(=O)N(C2=O)c2ccc(cc2)c2nc(cc(c2)c2ccc(cc2)OC)c2ccc(cc2)N2C(=O)c3c(C2=O)cc(cc3)C(=O)*)cc1,tg,331.0,337.7634582519531,True
*Oc1ccc(cc1)Oc1ccc(cc1)C(=O)c1cc(ccc1)c1cc(ccc1)C(=O)c1ccc(cc1)*,tg,154.0,161.51998901367188,True
*c1c(cc(cc1)CC*)CC,tg,25.0,,False
*N1C(=O)c2c(C1=O)cc(cc2)Oc1cc2c(C(=O)N(C2=O)c2c(ccc(c2)C(c2cc(c(cc2)OCCN(c2ccc(cc2)C=CC2=CC(=C(S(=O)(=O)C)C#N)CC(C2)(C)C)c2ccccc2)*)(C(F)(F)F)C(F)(F)F)OCCN(c2ccc(cc2)C=CC2=CC(=C(S(=O)(=O)C)C#N)CC(C2)(C)C)c2ccccc2)cc1,tg,234.0,226.30494689941406,True
*OCC(C*)O,tg,17.0,14.143794059753418,True
*NNC(=O)c1ccc(C(=O)NNC(=O)CCCCC(*)=O)cc1,egc,4.3653,,False
*OC(=O)OCCOCC*,tg,-40.0,,False
*C=CC(C*)(C(F)(F)F)C(F)(F)F,egc,6.1653,,False
*Oc1ccc(cc1)C(c1ccc(cc1)OC(=O)*)(CC)c1ccccc1,tg,147.0,,False
*c1cc2c(C(=O)N(C2=O)c2ccc(cc2)Oc2ccc(cc2)C2(C3C4C(CCC4)C(C2)C3)c2ccc(cc2)Oc2ccc(cc2)N2C(=O)c3c(C2=O)cc(cc3)C(=O)Nc2ccc(cc2)Oc2ccc(cc2)Oc2ccc(cc2)NC(=O)*)cc1,tg,257.0,,False
*C(F)(F)C(F)(F)C(S1)=CC=C1O*,egc,4.1725,,False
*Oc1cc(ccc1)Oc1ccc(cc1)Oc1c(cc(cc1)S(=O)(=O)c1cc(c(cc1)Oc1ccc(cc1)Oc1cc(ccc1)Oc1ccc(cc1)c1ccc(cc1)*)S(=O)(=O)O[Na])S(=O)(=O)O[Na],tg,283.0,,False
*C(C*)(C(=O)OCCCCCCOc1ccc(cc1)N=Nc1ccc(cc1)OCCCC)C,tg,79.0,,False
*OC(=O)NC(=O)c1cc(ccc1)C(=O)NC(=O)OCC(C*)CCCC,tg,64.0,,False
*c1c2c(c(nn1)c1ccc(cc1)Oc1ccc(cc1)C(c1ccc(cc1)Oc1ccc(cc1)*)(C)C)c(c(c(c2c1ccc(cc1)F)c1ccc(cc1)F)c1ccc(cc1)F)c1ccc(cc1)F,tg,276.67,,False
*NC(C=C1)=CC=C1C(C=C2)=CC=C2C(C=C3)=CC=C3*,egc,3.4269,3.2570927060483865,True
*C=CC(C(*)C(=O)OC)C,tg,53.0,10.232882499694824,True
*Nc1ccc(cc1)CC(NC(=O)CCC(=O)*)(C)C,tg,158.0,,False
*OC(=O)c1cc2c(cc1)cc(cc2)C(=O)OCCCCCCC*,tg,44.25,,False
*NC(=O)C(CC(C(=O)NCCCCCC*)CC)CC,tg,94.0,63.550689697265625,True
*Oc1ccc(cc1)C(=O)c1ccc(cc1)OCCCCCCOC(=O)OCCCCCCCCCOC(=O)OCCCCCC*,tg,-6.0,,False
*CCCCCn1c(=O)c2ccc3c4ccc5c(=O)n(*)c(=O)c6ccc(c7ccc(c1=O)c2c37)c4c56,egc,1.9902,,False
*C(C*)(c1cc2c(cc1)cccc2)C,tg,208.0,,False
*NNC(=O)CCC(=O)NNC(=O)CCCCC(*)=O,egc,5.7153,5.1585928916734645,True
*Oc1ccc(cc1)NC(=O)c1c(cc(cc1)c1cc(c(cc1)C(=O)Nc1ccc(cc1)Oc1ccc(cc1)C(c1ccc(cc1)*)(C)C)C)C,tg,230.0,214.71214294433594,True
*Oc1ccc(cc1)N=CCCCC=Nc1ccc(cc1)OC(=O)NCCCCCCNC(=O)*,tg,72.0,46.18387985229492,True
*C(C*)(C(=O)OCCOCCOCCOCCOc1ccc(cc1)N=Nc1ccc(cc1)C#N)C,tg,20.0,,False
*S(=O)(=O)C1C(CCCC1)*,tg,77.0,,False
*Oc1ccc(OC(=O)c2cc(OCCCCCCCCCCCC)c(C(*)=O)cc2OCCCCCCCCCCCC)cc1,egc,3.2519,,False
*C(C*)c1nc(ccc1)C,tg,92.0,93.35989379882812,True
*CCCCCCCCCCCCNC(=O)C(=O)N*,egc,5.7269,,False
*OC(=O)c1cc(ccc1)C(=O)OCCOCC*,tg,16.0,,False
*Nc1c(C)c(C)c(C(=O)c2ccc(NC(=O)c3ccc(C(*)=O)cc3)cc2)c(C)c1C,egc,3.4801,,False
*Oc1ccc(cc1)C(c1ccc(cc1)Oc1c(c(c(c(c1F)F)C(=O)c1c(c(c(c(c1F)F)*)F)F)F)F)(c1ccccc1)C,tg,175.0,151.0289306640625,True
*C(C*)c1c(cccc1)COCCCCC,tg,47.0,,False
*Oc1ccc(cc1)CC(NC(=O)CCc1ccc(cc1)OC(=O)CCCCCCCCC(=O)*)C(=O)OCCOCCOCC,tg,2.0,,False
*Oc1c(C)cc(C(C)(C)c2cc(C)c(OC(*)=O)c(C)c2)cc1C,egc,5.1025,5.019972482708354,True
*Nc1c(ccc(c1)NC(=O)c1cc(cc(c1)NC(=O)C(C(CC)C)N1C(=O)c2c(C1=O)cccc2)C(=O)*)C,tg,166.0,,False
*OC(CC(*)=O)C(C)C,egc,6.7353,6.44605934939602,True
*Oc1c(cc(cc1Cl)*)Cl,tg,179.18,192.51686096191406,True
*C(C*)OC(=O)C1(CCCCC1)C,tg,86.0,,False
*OC(=O)CSCCSCC(*)=O,egc,4.3837,,False
*C(=O)c1ccc2c(c1)C(=O)N(c1ccc(Oc3cccc(N4C(=O)c5ccc(*)cc5C4=O)c3)cc1)C2=O,egc,2.4357,,False
*C(C*)(C(=O)OC(C(F)(F)F)C(F)(F)F)C,tg,73.0,,False
*CCCCCCCCCC#CC#CCCCCCCCCCOC(=O)CCCCCCCCC(=O)O*,egc,5.4028,,False
*C1C2C(C(=O)N(C2=O)c2ccc(cc2)Cl)C(C1)C=C*,tg,226.3,,False
*NC(S1)=CC=C1C(S2)=CC=C2C(=S)*,egc,2.0192,,False
*c1c(cc(c(c1)OC)C=C*)OCCCC,tg,65.0,92.9671859741211,True
*OC(=O)c1ccc(cc1)C(C(C(c1ccc(cc1)C(=O)*)(F)F)(F)F)(F)F,tg,98.0,,False
*OC(=O)NCCCCCCNC(=O)OCC(C(C*)(F)F)(F)F,tg,9.0,11.462516784667969,True
*C(C*)CO,tg,36.0,,False
*c1[nH]c(nc1c1ccc(cc1)Oc1ccc(cc1)C(=O)c1ccc(cc1)Oc1ccc(cc1)C(=O)c1ccc(cc1)Oc1ccc(cc1)*)c1ccccc1,tg,239.0,,False
*Oc1c(c(c(c(c1F)F)c1c(c(c(c(c1F)F)Oc1ccc(cc1)C(c1ccc(cc1)*)(C(F)(F)F)C(F)(F)F)F)F)F)F,tg,148.69,,False
*NC(=O)c1c(cc(cc1)C(=O)NCCCCCC*)Sc1ccccc1,tg,121.0,,False
*N1C(CN(C(C1)C)C(=O)Nc1ccc(cc1)c1ccc(cc1)NC(=O)*)C,tg,250.0,,False
*N1C(=O)c2c(C1=O)cc(cc2)Oc1ccc(cc1)C(c1ccc(cc1)Oc1cc2c(C(=O)N(C2=O)c2cc(ccc2)P(=O)(c2cc(ccc2)*)C)cc1)(C)C,tg,228.0,216.22825622558594,True
*Oc1ccc(cc1)OC(=O)c1c(cc(cc1)C(=O)*)Oc1ccc(cc1)c1ccccc1,tg,112.5,,False
*Oc1c2c(ccc1)ccc(c2)Oc1ccc(cc1)NC(=O)c1ccc(cc1)C(c1ccc(cc1)C(=O)Nc1ccc(cc1)*)(C(F)(F)F)C(F)(F)F,tg,252.0,,False
*NC(=O)CCCCCC(=O)NCCCCCCC*,tg,55.0,,False
*N1C(=O)c2c(C1=O)cc(cc2)Oc1ccc(cc1)Oc1ccc(cc1)Oc1cc2c(C(=O)N(C2=O)c2ccc(cc2)Oc2ccc(cc2)Oc2ccc(cc2)*)cc1,tg,198.5,222.1815643310547,True
*c1ccc(-c2ccc(-c3cc(SCCCC)c(*)s3)cc2)cc1,egc,2.8499,2.972084176288309,True
*C1=CC(=C(C#N)C#N)C=C(O1)C=Cc1sc(c(c1CCCCCC)CCCCCC)c1sc(cc1)c1sc(cc1)c1sc(c(c1CCCCCC)CCCCCC)C=C*,tg,112.0,124.10625457763672,True
*OC(C#CC#CC(OC(=O)c1ccc(cc1)C(=O)*)C)C,tg,133.0,,False
*Oc1ccc(cc1)OC(=O)Oc1ccc(cc1)C(c1ccc(cc1)OC(=O)*)(C)C,tg,97.0,,False
*c1cc2c(C(=O)N(C2=O)c2cc(ccc2)S(=O)(=O)c2cc(ccc2)N2C(=O)c3c(C2=O)cc(cc3)C(*)(C(F)(F)F)C(F)(F)F)cc1,tg,262.38,284.9168701171875,True
*C1C=CC(*)CC1,egc,5.6051,,False
*OC(=O)CC*,tg,-24.18,,False
*c1ccc(Oc2cc(C(C)(C)C)ccc2Oc2ccc(-n3c(=O)c4cc5c(=O)n(*)c(=O)c5cc4c3=O)cc2)cc1,egc,2.2831,,False
*C(C*)OC(=O)C(C(F)(F)F)(F)F,tg,42.0,26.472238540649414,True
*C1CC2CC(CC(C1)O2)OC(=O)Nc1ccc(cc1)Cc1ccc(cc1)NC(=O)O*,tg,200.0,,False
*NC(=O)CCCCCC(=O)NCC(CCC*)(C)C,tg,70.5,,False
*OC(=O)NCC(C(C(C(CNC(=O)OCC(C(C(C(C*)(F)F)(F)F)(F)F)(F)F)(F)F)(F)F)(F)F)(F)F,tg,20.0,,False
*c1nc2c(c(c1)c1ccccc1)cc(cc2)*,tg,415.0,372.8841247558594,True
*N1C(=O)c2c(C1=O)cc(cc2)Oc1cc2c(cc1Oc1cc3c(C(=O)N(C3=O)c3c(cc(cc3C)c3cc(c(c(c3)C)*)C)C)cc1)cccc2,tg,308.0,,False
*N1C(=O)c2c(C1=O)cc(cc2)Oc1cc(ccc1)Oc1cc2c(C(=O)N(C2=O)c2ccc(cc2)Oc2cc(ccc2)Oc2ccc(cc2)*)cc1,tg,188.0,,False
*CCCCCCCCOC(=O)NCCCCCCCCCCNC(=O)O*,egc,6.1384,,False
*Oc1ccc(cc1)NC(=O)c1cc(ccc1)C(=O)Nc1ccc(cc1)Oc1ccc(cc1)C(c1ccc(cc1)*)(C(F)(F)F)C(F)(F)F,tg,226.25,216.59814453125,True
*c1cc(-n2c(=O)c3cc4c(=O)n(*)c(=O)c4cc3c2=O)c(O)cc1O,egc,2.8367,,False
*NC(=O)OC(S1)=CC=C1*,egc,3.8172,,False
*c1ccc(C(=O)c2ccc(-n3nc(-c4ccc(Oc5ccc(-c6nn(*)c(=O)c7ccccc67)cc5)cc4)c4ccccc4c3=O)cc2)cc1,egc,3.4719,3.303029174601924,True
*N1C(=O)c2c(C1=O)cc(cc2)C(c1cc2c(C(=O)N(C2=O)CC*)cc1)(C(F)(F)F)C(F)(F)F,tg,180.0,,False
*N1C(=O)c2c(C1=O)cc(cc2)c1cc2c(C(=O)N(C2=O)c2cc(c(c(c2)C(=O)OCCCCCC)c2c(cc(cc2Br)*)C(=O)OCCCCCC)Br)cc1,tg,154.0,,False
*C(C*)(C(=O)OCCCCCOc1ccc(cc1)OC(=O)c1ccc(cc1)OC)C,tg,38.0,,False
*Oc1ccc(cc1)Oc1ccc(cc1)NC(=O)c1ccc(cc1)Oc1c(cc(cc1)Oc1ccc(cc1)C(=O)Nc1ccc(cc1)*)c1ccccc1,tg,209.0,,False
*Nc1cccc(C#Cc2cccc(C(*)=O)c2)c1,egc,3.7438,,False
*Cc1ccc(COC(=O)CC(=O)O*)cc1,egc,5.5783,,False
*C(C(C(C*)C#N)CCC(O)(C)C=C)(C)C,tg,50.0,82.61236572265625,True
*C=Cc1ccc(*)c(C(=O)OC)c1C(=O)OC,egc,4.11,,False
*CC(*)Cn1cc2ccccc2n1,egc,3.9074,3.839827233364619,True
*CC(=S)C(C=C1)=CC=C1C(=S)*,egc,1.5353,,False
*CC(*)C(=O)Oc1ccc(C#N)cc1,egc,4.6366,,False
*CCCCCCCCCCNC(=O)CCP(C)(=O)CCC(=O)N*,egc,5.8056,,False
*c1ccc(Oc2ccc(C(=O)c3ccc(Oc4ccc(-n5c(=O)c6cc7c(=O)n(*)c(=O)c7cc6c5=O)cc4)cc3)cc2)cc1,egc,2.395,,False
*CNC(=O)CCCCCCCCC(=O)N*,egc,6.1742,,False
*OC(=O)CCCCCCCCCCCCCCCCCCCCCCCCCCCCCCCCCCC(=O)OCCCC*,tg,-55.0,,False
*N(c1ccc(cc1)C=C(c1c(cc(c(c1)OCCCCCCCC)C(=Cc1ccc(cc1)*)C#N)OCCCCCCCC)C#N)c1ccccc1,tg,78.0,124.44762420654297,True
*c1ccc2N(c3c(Sc2c1)cc(cc3)c1sc(cc1)c1sc(cc1)c1ccc2N(c3c(Sc2c1)cc(cc3)C=C*)c1ccc(cc1)OCCCCCCCCCCCC)c1ccc(cc1)OCCCCCCCCCCCC,tg,115.8,138.74078369140625,True
*N1C(=O)c2c(C1=O)cc(cc2)Oc1ccc(cc1)Sc1ccc(cc1)Oc1cc2c(C(=O)N(C2=O)c2ccc(cc2)Oc2cc(ccc2)Oc2ccc(cc2)*)cc1,tg,178.0,195.983642578125,True
*c1cc2c(C(=O)N(C2=O)c2cc(ccc2)S(=O)(=O)c2cc(ccc2)N2C(=O)c3c(C2=O)cc(cc3)C(=O)*)cc1,tg,263.33,,False
*NC(CC(*)=O)C(=O)OCC(C)C,egc,6.1208,6.019790187516792,True
*C(C*)c1c(ccc(c1)C(=O)Oc1ccc(cc1)OC)C(=O)Oc1ccc(cc1)OC,tg,109.67,,False
*N1C(=O)c2c(C1=O)cc(cc2)Oc1cc(ccc1)C(=O)Nc1ccc(cc1)Oc1ccc(cc1)Oc1ccc(cc1)*,tg,213.0,,False
*Oc1cc(ccc1)NC(=O)c1cc(ccc1)OCC(COc1ccc(cc1)C(c1ccc(cc1)OCC(C*)O)(C)C)O,tg,117.0,99.4517593383789,True
*OC(=O)c1cc(ccc1)C(=O)OCCCCCC*,tg,5.5,10.42088794708252,True
*Nc1cc(ccc1)NC(=O)c1ccc(cc1)NC(=O)c1ccc(cc1)[Si](c1ccc(cc1)C(=O)Nc1ccc(cc1)C(=O)*)(C)C,tg,303.0,,False
*Nc1nc(*)nc(-c2ccccc2)n1,egc,4.2193,,False
*Oc1ccc(cc1)S(=O)(=O)c1ccc(cc1)Oc1ccc(cc1)NC(=O)c1ccc(cc1)Oc1ccc(cc1)C(c1cc(ccc1)C(c1ccc(cc1)Oc1ccc(cc1)C(=O)Nc1ccc(cc1)*)(C)C)(C)C,tg,167.0,185.4035186767578,True
*C(C*)(C(=O)OCCCCCC(=O)Oc1ccc(cc1)OC(=O)c1ccc(cc1)OCCCC)C,tg,40.0,,False
*C1(c2c(C(=O)O1)cccc2)c1cc(c(c(c1)Br)OC(=O)c1ccc(cc1)C(=O)Oc1c(cc(cc1Br)*)Br)Br,tg,319.0,,False
*Oc1ccc(cc1)C(c1ccc(cc1)OCC(=O)OC(=O)C*)(C)C,tg,105.0,106.26288604736328,True
*N1C(=O)c2c(C1=O)cc(cc2)S(=O)(=O)c1cc2c(C(=O)N(C2=O)CCCCCCOC(=O)CCCCCCC(=O)OCCCCCC*)cc1,tg,46.0,62.6424446105957,True
*c1c(c(cc(c1)C(c1ccc(cc1)O)(C)C)*)O,tg,135.0,,False
*Oc1ccc(cc1)NC(=O)c1cc(cc(c1)C(C)(C)C)C(=O)Nc1ccc(cc1)Oc1ccc(cc1)C(c1ccc(cc1)*)(C)C,tg,215.33,210.57493591308594,True
*C(C*)c1cc(c(cc1)OC(=O)C)OC,tg,115.0,,False
*CC(*)c1nc(C)nc(C)n1,egc,5.2445,,False
*CC(=O)C(S1)=CC=C1C(C=C2)=CC=C2*,egc,3.4067,3.396760333589769,True
*CC1CCC(CNC(=O)CCCCCCCC(=O)N*)CC1,egc,5.7062,,False
*C(C*)OC(=O)C(F)(F)F,tg,52.4,46.17209243774414,True
*C(=NCCCCCC)N(*)CCCCCC,egc,4.3588,,False
*Oc1ccc(cc1)CC1(c2ccccc2c2ccccc12)Cc1ccc(cc1)*,tg,138.0,193.7164764404297,True
*c1oc(nn1)c1nc(ccc1)c1oc(nn1)c1ccc(cc1)[Si](c1ccc(cc1)*)(c1ccccc1)c1ccccc1,tg,265.0,,False
*c1sc(*)c2ccccc12,egc,1.8359,2.2215197183871864,True
*c1ccc(Oc2ccc3c(c2)C(=O)N(*)C3=O)cc1,egc,3.4303,,False
*N1C(=O)c2c(C1=O)cc(cc2)Oc1ccc(cc1)C(c1ccc(cc1)Oc1cc2c(C(=O)N(C2=O)c2ccc(cc2)Oc2ccc(cc2)c2ccc(cc2)Oc2ccc(cc2)*)cc1)(C(F)(F)F)C(F)(F)F,tg,217.0,227.069580078125,True
*C=CC(C*)C(C)CC,egc,4.9643,5.6069520752204705,True
*OC(=O)c1cc(ccc1)C(=O)OCCCCCCCCCC*,tg,-22.5,,False
*c1nc2c([nH]1)ccc(c2)c1ccc2c(nc([nH]2)CCCCCNc2nc(nc(n2)NCCCCC*)N(CC)CC)c1,tg,190.0,122.1385498046875,True
*OC(=O)c1ccc(cc1)C(=O)OCCOC(=O)CCCCCCCCCCC(=O)OCC*,tg,-8.0,,False
*OC(C*)CCl,tg,-21.5,-33.068389892578125,True
*N1C(=O)c2c(C1=O)cc(cc2)[Si](c1cc2c(C(=O)N(C2=O)c2ccc(cc2)Oc2ccc(cc2)S(=O)(=O)c2ccc(cc2)Oc2ccc(cc2)*)cc1)(C)C,tg,238.0,,False
*N(c1ccc(cc1)C(c1ccc(cc1)*)c1ccc(cc1)OCCCC)c1ccc(cc1)C,tg,170.0,167.0404052734375,True
*c1cc2c(oc(n2)c2ccc(cc2)Oc2ccc(cc2)c2oc3c(n2)cc(cc3)C(*)(C(F)(F)F)C(F)(F)F)cc1,tg,294.92,305.1256103515625,True
*Oc1ccc(cc1)C(=O)N(C(=O)c1ccc(cc1)OCCCCCC*)c1ccccc1,tg,100.0,82.17815399169922,True
*C(C*)C(=O)Oc1c(c(c(c(c1Cl)Cl)Cl)Cl)Cl,tg,145.0,,False
*CC1CCC(COC(C)OC(=O)c2cccc(C(=O)OC(C)O*)c2)CC1,egc,4.9396,5.248788260093755,True
*NC(C)C(=O)NC(CCC(=O)OCC)C(=O)NCC(*)=O,egc,5.3361,,False
*C=CCC(C)(CC*)C(=O)OC,egc,5.4945,,False
*c1cc2c(C(=O)N(C2=O)c2cc(ccc2)Oc2cc(ccc2)N2C(=O)c3c(C2=O)cc(cc3)C(*)(C(F)(F)F)C(F)(F)F)cc1,tg,244.0,,False
*CC1CCC(COC(=O)O*)CC1,egc,6.8655,,False
*CCOCC(=O)NCCNC(=O)CO*,egc,5.9751,,False
*c1c(nc2c(n1)cc(cc2)Oc1ccc(cc1)NC(=O)c1cc(cc(c1)N1C(=O)c2c(C1=O)cccc2)C(=O)Nc1ccc(cc1)Oc1cc2c(nc(c(n2)c2ccc(cc2)Oc2ccc(cc2)*)c2ccc(cc2)[N+](=O)[O-])cc1)c1ccc(cc1)[N+](=O)[O-],tg,305.0,,False
*N1C(=O)c2c(C1=O)cc(cc2)c1cc2c(C(=O)N(C2=O)c2c(cc(c(c2C)*)C)C)cc1,tg,385.0,423.05322265625,True
*c1ccc(Oc2ccc(-c3nc4cc5sc(*)nc5cc4s3)cc2)cc1,egc,3.2878,,False
*Oc1c(cc(cc1)C=C1C(=O)C(=Cc2cc(c(cc2)OCCCCCCCCCC*)OC)CCC1)OC,tg,60.0,,False
*c1nc2c(nc1c1cc3c(cc1)cccc3)cc(cc2)c1cc2c(nc(c(n2)c2ccc(cc2)*)c2cc3c(cc2)cccc3)cc1,tg,333.0,,False
*CCCCCCCCCCCCCNC(=O)CCCCCCCCCCCC(=O)N*,egc,5.8961,5.939466268185368,True
*NNC(=O)c1cccc(C(*)=O)c1,egc,5.0927,5.0033255603716915,True
*Oc1ccc(NC(=O)c2cc(NC(=O)c3ccncc3)cc(C(=O)Nc3ccc(*)cc3)c2)cc1,egc,3.2858,,False
*C(C(CCCCCCCCCC*)c1ccc(cc1)O)c1c(cc(cc1)O)C,tg,-4.0,,False
*OC(C*)C(C)(C)C,tg,16.8,14.205619812011719,True
*N1C(=O)c2c(C1=O)cc(cc2)c1cc2c(C(=O)N(C2=O)CCCCCOC(=O)CCCCCCCCCCN2C(=O)c3c(C2=O)cc(cc3)c2ccc(cc2)c2cc3c(C(=O)N(C3=O)CCCCCCCCCCC(=O)OCCCCC*)cc2)cc1,tg,41.0,59.55527114868164,True
*CCCC(Cl)C(*)Cl,egc,6.8622,,False
*C(C*)C(=O)OCCCCn1c2ccccc2c2ccccc12,tg,68.0,,False
*Oc1ccc(cc1)S(=O)(=O)c1ccc(cc1)OCC(COc1c(cc(cc1C)C(c1cc(c(c(c1)C)OCC(C*)O)C)(C)C)C)O,tg,145.0,,False
*Oc1ccc(cc1)S(=O)(=O)c1cc2c(cc1)cc(cc2)S(=O)(=O)c1ccc(cc1)Oc1ccc(cc1)c1ccc(cc1)*,tg,255.0,269.9936218261719,True
*OC(=O)c1ccc(cc1)c1ccc(cc1)C(=O)OCCCCCCC*,tg,41.71,,False
*C1(C(C(C1(F)F)(C(*)(F)F)F)(F)F)F,tg,122.0,,False
*OC(*)C(Cl)Cl,egc,6.5565,6.236506002262277,True
*N1C(=O)c2c(C1=O)cc(cc2)C(=O)Oc1ccc(cc1)C(c1ccc(cc1)OC(=O)c1cc2c(C(=O)N(C2=O)CCCOCCCCOCCC*)cc1)(C)C,tg,60.0,,False
*CC(*)C(=O)OC(OCC)C(F)(F)F,egc,6.3353,6.203254673324734,True
*CCOCCOC(=O)C(=O)O*,egc,5.9165,,False
*CCOC(=O)c1ccc(C2(C)CC(C)(C)c3ccc(C(=O)O*)cc32)cc1,egc,4.3486,3.9020693185667623,True
*Oc1c(ccc(c1)Oc1cc(ccc1)NC(=O)c1c(ccc(c1)Oc1cc(c(cc1)C(=O)O)C(=O)Nc1cc(ccc1)*)C(=O)O)C#N,tg,195.8,171.68666076660156,True
*Oc1ccc(cc1)S(=O)(=O)c1ccc(cc1)Oc1ccc(cc1)C=C1C(=O)C(=Cc2ccc(cc2)Oc2ccc(cc2)S(=O)(=O)c2ccc(cc2)Oc2ccc(cc2)C(c2ccc(cc2)*)(C)C)CCC1,tg,194.0,187.87242126464844,True
*N(CC*)C,tg,-31.0,-23.47513771057129,True
*OC(=O)NC(=O)c1cc(ccc1)C(=O)NC(=O)OCC(C*)CCCCCCCCCCCC,tg,112.0,60.13613510131836,True
*N1C(=O)c2c(C1=O)cc(cc2)Oc1cc2c(C(=O)N(C2=O)c2ccc(cc2)Cc2ccc(cc2)*)cc1,tg,265.33,,False
*OC(=O)C1C2C=CC(C1C(=O)OCC*)C2,tg,0.0,85.07415008544922,True
*OC(=O)NC(c1cc(ccc1)C(NC(=O)OCCN(CC*)c1ccc(cc1)N=Nc1ccc(cc1)[N+](=O)[O-])(C)C)(C)C,tg,103.0,,False
*OC(=O)CCCCCCCCC(=O)OCC(=O)NCCCCCCNC(=O)C*,tg,2.0,,False
*C(=O)c1cccc(C(=O)N(C)c2cccc(N(*)C)c2)c1,egc,4.4341,3.8792985445304935,True
*Oc1ccc(cc1)OCC(CN(S(=O)(=O)c1cc(ccc1)S(=O)(=O)N(CC(C*)O)C)C)O,tg,66.0,73.80608367919922,True
*OC(=O)NCCC*,tg,22.0,,False
*Oc1ccc(cc1)N=Nc1cc(c(cc1)Cc1c(cc(cc1)N=Nc1ccc(cc1)OC(=O)c1ccc(cc1)C(=O)*)[N+](=O)[O-])[N+](=O)[O-],tg,198.0,,False
*Oc1ccc(cc1)C(c1ccc(cc1)OC(=O)OC1C(C(C1(C)C)OC(=O)*)(C)C)(C)C,tg,130.0,,False
*OC(=O)Nc1c(ccc(c1)NC(=O)OCCN(CC*)c1ccc(cc1)N=Nc1ccc(cc1)c1oc2c(n1)cccc2)C,tg,152.0,146.42547607421875,True
*OC(=O)Nc1ccc(cc1)Cc1ccc(cc1)NC(=O)OCCCC*,tg,69.2,,False
*N1C(=O)c2c(C1=O)cc(cc2)NC(=O)Nc1ccc(cc1)c1nc(cc(c1)c1ccc(cc1)c1ccccc1)c1ccc(cc1)NC(=O)Nc1cc2c(C(=O)N(C2=O)c2ccc(cc2)Oc2c(c3c(cc2)cccc3)c2c3c(ccc2Oc2ccc(cc2)*)cccc3)cc1,tg,302.0,,False
*C1C(=O)OC(=O)C1C(C*)OCC,tg,146.0,,False
*Oc1ccc(C(=O)OCCCOC(=O)c2ccc(OC(=O)c3ccc(C(*)=O)cc3)cc2)cc1,egc,4.0079,,False
*Oc1ccc(cc1)C(c1ccc(cc1)OC(=O)OC1C(C(C1(C)C)OC(=O)*)(C)C)(c1ccccc1)C,tg,149.0,,False
*Nc1c(cccc1)CCc1ccc(cc1)NC(=O)*,tg,197.0,,False
*c1cc(CCCCCCCCCCCC)c(-c2sc(*)c3c2OCCO3)s1,egc,2.3785,,False
*Oc1ccc(Oc2ccc(C(=O)c3ccc(*)cc3)cc2)cc1CC#N,egc,4.0183,3.792527658787346,True
*C(C=C1)=CC=C1C(=S)OC(=S)*,egc,2.8098,3.0131455578446147,True
*N=P(*)(OCCCCC)OCCC,tg,-100.0,,False
*CCCCCCNC(=O)N*,egc,5.7413,5.646134047337522,True
*N1C(=O)c2c(C1=O)cc(cc2)Oc1c(cc(cc1C)Cc1cc(c(c(c1)C)Oc1cc2c(C(=O)N(C2=O)c2cc(ccc2)*)cc1)C)C,tg,245.0,,False
*CC1CCC(CNC(=O)c2cccc(C(=O)N*)c2)CC1,egc,4.9032,,False
*c1cc2c(C(=O)N(C2=O)c2cc(ccc2)Cc2ccc(cc2)N2C(=O)c3c(C2=O)cc(cc3)C(=O)*)cc1,tg,265.6,,False
*C(C*)CCCCCC,tg,-56.48,,False
*N1C(=O)c2c(C1=O)cc(c(c2)c1ccc(cc1)[Si](C)(C)C)c1cc2c(C(=O)N(C2=O)c2ccc(cc2)Oc2ccc(cc2)*)cc1c1ccc(cc1)[Si](C)(C)C,tg,348.0,,False
*c1cc2c(C(=O)N(C2=O)c2c3c(ccc2)c(ccc3)N2C(=O)c3c(C2=O)cc(cc3)C(=O)Nc2c(c(cc(c2)C(c2cc(c(c(c2)NC(=O)*)C)C)(C(F)(F)F)C(F)(F)F)C)C)cc1,tg,250.0,,False
*OC(*)C=C,egc,6.1637,,False
*N1CC(CCCC1)NC(=O)CCCCCCCCC(=O)*,tg,-46.5,87.37384033203125,True
*c1cc2c(C(=O)N(C2=O)c2c(ccc(c2)N2C(=O)c3c(C2=O)cc(cc3)C(=O)OCCN(CCOC(=O)*)c2ccc(cc2)C(=C(C#N)C#N)C#N)N=Nc2ccc(cc2)C(=C(C#N)C#N)C#N)cc1,tg,187.0,164.4667205810547,True
*CCCCCCNC(=O)CCCC(=O)O*,egc,5.9363,,False
*C(C*)(C(=O)OCCCCCn1c2ccccc2c2ccccc12)C,tg,91.0,77.04071807861328,True
*Oc1ccc(cc1)C(=Nc1ccc(cc1)N=C(c1ccc(cc1)Oc1ccc(cc1)C(c1ccc(cc1)*)(c1ccccc1)c1ccccc1)C)C,tg,178.0,202.9208221435547,True
*CCOC(=O)C1CCC(C(=O)O*)CC1,egc,6.5843,,False
*CCOCCOC(=O)c1ccc(NC=Nc2ccc(C(=O)O*)cc2)cc1,egc,4.1569,,False
*Oc1ccc(cc1)OC(=O)c1c(ccc(c1)N=Nc1ccc(cc1)OCC)c1c(cc(cc1)N=Nc1ccc(cc1)OCC)C(=O)*,tg,170.0,164.3945770263672,True
*c1oc(nn1)c1ccc(cc1)C(=O)OCCCCCCOc1ccc(cc1)C=C1C(=O)C(=Cc2ccc(cc2)OCCCCCCOC(=O)c2ccc(cc2)*)CCC1,tg,71.0,84.7818374633789,True
*OC(=O)Nc1ccc(cc1)Cc1ccc(cc1)NC(=O)OCC*,tg,107.23,,False
*Oc1ccc(cc1)S(=O)(=O)c1ccc(cc1)Oc1ccc(cc1)C=Cc1ccc(cc1)*,tg,214.0,,False
*C(C*)OC(=O)c1cc(ccc1)OC,tg,44.0,,False
*CC(COc1ccc(Cl)cc1)O*,egc,4.8901,4.676698019185143,True
*Nc1ccc(cc1)Cc1ccc(cc1)NC(=O)c1cc(cc(c1)S(=O)(=O)c1ccccc1)C(=O)*,tg,270.0,302.2316589355469,True
*c1[nH]c(nc1c1ccc(cc1)NC(=O)Nc1ccc(cc1)NC(=O)Nc1ccc(cc1)*)c1ccc(cc1)c1[nH]c(c(n1)c1ccc(cc1)[N+](=O)[O-])c1ccc(cc1)[N+](=O)[O-],tg,272.0,277.5980529785156,True
*Oc1ccc(cc1)S(=O)(=O)c1ccc(cc1)Oc1ccc(cc1)C1CC(CCC1)C(c1ccc(cc1)*)C,tg,230.0,,False
*Oc1ccc(cc1)CC(NC(=O)CCc1ccc(cc1)OC(=O)CCCC(=O)*)C(=O)OCCCCCCCCCCCC,tg,27.5,,False
*Oc1c(cc(cc1)C1(C2CCC(C1)C2)c1cc(c(cc1)OC(=O)*)C)C,tg,161.0,209.18663024902344,True
*OC(c1ccco1)C(C)(C)C(*)=O,egc,5.4574,,False
*Oc1ccc(NC(=C(C#N)C#N)c2ccc3cc(C(Nc4ccc(*)cc4)=C(C#N)C#N)ccc3c2)cc1,egc,2.9429,,False
*Oc1ccc(-c2ccc(OC(=O)CCCCCCCCCCCC(*)=O)cc2)cc1,egc,4.4464,4.558846830809097,True
*Oc1c(cc(c(c1)C(C)(C)C)Oc1ccc(cc1)C(=O)Nc1c(cc(cc1C)Cc1cc(c(c(c1)C(C)C)NC(=O)c1ccc(cc1)*)C)C(C)C)C(C)(C)C,tg,260.0,,False
*Oc1ccc(cc1)C(c1ccc(cc1)OC(=S)*)C,tg,101.67,,False
*N1C(=O)c2c(C1=O)cc(cc2)Oc1ccc(cc1)C(c1ccc(cc1)Oc1cc2c(C(=O)N(C2=O)c2ccc(cc2)N(c2ccc(cc2)*)c2ccc(cc2)C#N)cc1)(C)C,tg,230.0,,False
*CC(*)c1ccc(S(=O)(=O)O)cc1,egc,3.2569,4.1446953566931635,True
*c1sc(nn1)SCC(=O)NN=Cc1cc(c(cc1)OCCCCCCCCCCOc1c(cc(cc1)C=NNC(=O)CS*)OC)OC,tg,156.0,82.71468353271484,True
*N1C(=O)c2c(C1=O)cc(cc2)Oc1cc2c(C(=O)N(C2=O)c2c(ccc(c2)C(c2cc(c(cc2)OCCN(c2ccc(cc2)C=CC2=CC(=C(C#N)C#N)CC(C2)(C)C)c2ccccc2)*)(C(F)(F)F)C(F)(F)F)OCCN(c2ccc(cc2)C=CC2=CC(=C(C#N)C#N)CC(C2)(C)C)c2ccccc2)cc1,tg,220.0,199.60728454589844,True
*CCCCNC(=O)c1cccc(C(=O)N*)c1,egc,5.1173,,False
*OC(*)CCC#N,egc,6.5576,6.927929412249617,True
*O[Si](O[Si](c1ccc(cc1)[Si](*)(C)C)(C)C)(c1ccccc1)c1ccccc1,tg,0.0,,False
*N=P(*)(OCCCCCCCC)OCCCCCCCC,tg,-84.0,-73.62421417236328,True
*N1C(=O)N(C(=O)C1=O)c1ccc(cc1)Cc1ccc(cc1)N1C(=O)N(C(=O)C1=O)CCCCCC*,tg,158.0,,False
*OC(=O)CCCCCCCCCCC(=O)OCC#CC*,tg,-27.0,-31.500707626342773,True
*c1ccc(Oc2ccc(Oc3ccc(N4C(=O)CC(=O)N(*)C4=S)cc3)cc2)cc1,egc,3.1515,3.5509783670125437,True
*Oc1cc(OC(=O)c2ccc(OCCCC)cc2)c(OC(=O)CCCC(*)=O)cc1OC(=O)c1ccc(OCCCC)cc1,egc,4.3317,3.961427545943797,True
*Nc1ccc(cc1)Cc1ccc(cc1)NC(=O)CCCCCCCCC(=O)*,tg,160.0,,False
*CC(*)CC,egc,6.517,6.676344032459082,True
*OC(C)COC(=O)CCCCCCCC(*)=O,egc,6.6084,6.490054176879463,True
*Nc1cc(ccc1)NC(=O)CCCCC(=O)Nc1ccc(cc1)C(=O)NC(=S)*,tg,267.0,,False
*c1cc2c(C(=O)N(C2=O)c2c(c(cc(c2)C(F)(F)F)N2C(=O)c3c(C2=O)cc(cc3)C(=O)Nc2ccc(cc2)Oc2ccc(cc2)NC(=O)*)Oc2ccc(cc2)C(F)(F)F)cc1,tg,295.0,280.1624755859375,True
*C(C*)(C(=O)OC1C2(CCC(C1)C2(C)C)C)C,tg,149.83,162.68759155273438,True
*Oc1ccc(cc1)C1(CC(CCC1)c1ccc(cc1)OCC(C*)OC(=O)C)CC,tg,107.0,97.80147552490234,True
*CC(*)C(=O)OCC(F)(F)C(F)(F)C(F)(F)F,egc,6.784,,False
*Oc1ccc(cc1)C(c1ccc(cc1)Oc1ccc(cc1)C(=O)c1cc(cc(c1)C(C)(C)C)C(=O)c1ccc(cc1)*)(C(F)(F)F)C(F)(F)F,tg,181.0,,False
*OC(C*)CS(=O)(=O)CCCCC,tg,38.5,29.00465202331543,True
*C(C*)(C(=O)Oc1c(cc(cc1OC)C=Cc1ccccc1)OC)C,tg,140.0,,False
*CC(*)c1ccc(C)cc1C,egc,4.8585,,False
*Nc1ccc(cc1)C(c1ccc(cc1)NC(=O)c1cc(cc(c1)N1C(=O)C=CC1=O)C(=O)*)(C)C,tg,303.0,281.3417663574219,True
*C1C(C(C(C1)C*)OC(=O)CCCCCCCCCCOc1ccc(cc1)c1ccc(cc1)C#N)OC(=O)CCCCCCCCCCOc1ccc(cc1)c1ccc(cc1)C#N,tg,14.5,37.949058532714844,True
*Oc1ccc(C(=O)NNC(=O)c2cccc(C(=O)NNC(=O)c3ccc(OC(=O)c4cccc(C(*)=O)c4)cc3)c2)cc1,egc,3.7359,,False
*N1C(=O)c2c(C1=O)cc(cc2)Oc1ccc(cc1)C1(CCC(CC1)c1ccccc1)c1ccc(cc1)Oc1cc2c(C(=O)N(C2=O)c2ccc(cc2)Oc2cc(c(cc2)c2c(cc(cc2)Oc2ccc(cc2)*)C)C)cc1,tg,226.0,234.7295379638672,True
*O[Si](Oc1ccc(cc1)C1(c2ccccc2c2ccccc12)c1ccc(cc1)*)(c1ccccc1)c1ccccc1,tg,166.0,,False
*NC(=O)C=CC(=O)Nc1nc(*)nc(N)n1,egc,3.896,,False
*C(C*)(C(=O)OCCCOc1ccc(cc1)C(=O)Oc1ccc2c(c1)oc(=O)cc2)C,tg,68.0,,False
*C(C*)(C(=O)Oc1cc2c(CCC2)cc1)C,tg,104.25,131.06631469726562,True
*c1c2n(c3c(c2cc(c1)C(C)(C)C)cc(cc3C#CC#C*)C(C)(C)C)CCCCCCCCCCCCCCCC,tg,67.0,81.13438415527344,True
*NC(=O)CCCCC(=O)NCCCCCCCCC*,tg,60.33,,False
*N1C(=O)c2c(C1=O)cc(cc2)Oc1ccc(cc1)Oc1cc2c(C(=O)N(C2=O)c2ccc(cc2)Oc2ccc(cc2)S(=O)(=O)c2ccc(cc2)Oc2ccc(cc2)*)cc1,tg,201.0,,False
*C(C*)(C(=O)OCCCCCCCCCCCC[n+]1ccc(cc1)N(C)C)C,tg,55.5,,False
*Oc1ccc(cc1)Oc1ccc(cc1)C(=O)c1cc(ccc1)NC(=O)CCCCCCCCC(=O)Nc1cc(ccc1)C(=O)c1ccc(cc1)*,tg,144.0,,False
*C(S1)=CC=C1OC(=S)O*,egc,3.5737,,False
*OC(=O)Cc1ccc(CC(*)=O)cc1,egc,5.2715,5.082177062739572,True
*Nc1cc(cc(c1)C(=O)OCCOC(=O)C=Cc1ccc(cc1)N(C)C)NC(=O)c1cc(ccc1)C(=O)*,tg,186.0,,False
*N1C(=O)c2c(C1=O)c(ccc2)Oc1ccc(cc1)C(=O)c1ccc(cc1)ON1C(=O)c2c(C1=O)c(ccc2)c1ccc(cc1)Oc1ccc(cc1)*,tg,252.0,,False
*Oc1cc(ccc1)OC(=O)c1ccc(cc1)Oc1ccc(cc1)C(=O)*,tg,159.0,,False
*CC(*)(C#N)C(=O)OCC(C)C,egc,6.6162,,False
*Oc1ccc(cc1)C(c1ccc(cc1)OC1(C(C(C1(F)F)(F)F)(*)F)F)(C)C,tg,98.0,101.9647216796875,True
*Oc1ccc(SSc2ccc(*)cc2)cc1,egc,3.8889,3.9704091186193784,True
*C(C*)(C(=O)Oc1c(cccc1C(C)C)C(C)C)C,tg,198.0,83.04241943359375,True
*NC(C(*)=O)C(C)CC,egc,5.462,,False
*OC(C)CCOC(=O)CCCCSCCCCC(*)=O,egc,5.3678,,False
*Nc1cc(cc(c1)C(=O)OC)NC(=O)c1cc(cc(c1)OCCN(c1ccc(cc1)[N+](=O)[O-])C)C(=O)*,tg,177.0,,False
*c1cc2c(C(=O)N(C2=O)c2ccc(cc2)Oc2ccc(cc2)NC(=O)c2cc(ccc2)C(=O)Nc2ccc(cc2)Oc2ccc(cc2)N2C(=O)c3c(C2=O)cc(cc3)C(=O)*)cc1,tg,232.0,268.1726989746094,True
*OC(CCCCC(=O)*)C,tg,-40.0,,False
*NC1CCC(CC1)CC1CCC(CC1)NC(=O)CCCCCCCCC(=O)*,tg,139.33,129.68289184570312,True
*C(C*)C(=O)OCCCCOC(=O)c1ccc(cc1)OC(=O)c1ccc(cc1)C#N,tg,40.0,,False
*CC(*)(C)C(=O)OCCCCn1c2ccccc2c2ccccc21,egc,3.7637,,False
*c1ccc(-c2cc(OCCCCCCCCCC)c(*)cc2OCCCCCCCCCC)cc1,egc,3.5012,,False
*c1sc(cc1)c1ccc(cc1)C=Nc1cc(ccc1)N=Cc1ccc(cc1)*,tg,150.0,154.93075561523438,True
*OC1CC(c2ccccc2)CC(*)O1,egc,5.8678,,False
*N1C(=O)c2c(C1=O)cc(cc2)Oc1cc2c(C(=O)N(C2=O)c2cc(c(c(c2)Br)Oc2c(cc(cc2Br)*)Br)Br)cc1,tg,283.0,294.3836669921875,True
*c1cc2c(C(=O)N(C2=O)c2ccc(cc2)Oc2ccc(cc2)C(c2ccc(cc2)Oc2ccc(cc2)N2C(=O)c3c(C2=O)cc(cc3)C(*)(C(F)(F)F)C(F)(F)F)(C(F)(F)F)C(F)(F)F)cc1,tg,259.43,257.9451599121094,True
*c1cc2c(C(=O)N(C2=O)c2c(cc(cc2C(C)C)Cc2cc(c(c(c2)C(C)C)N2C(=O)c3c(C2=O)cc(cc3)C(=O)*)C(C)C)C(C)C)cc1,tg,263.0,259.3448181152344,True
*N1C(=O)c2c(C1=O)cc(cc2)NC(=O)OCCOc1ccc(cc1)C(c1ccc(cc1)OCCOC(=O)Nc1cc2c(C(=O)N(C2=O)c2cc(ccc2)P(=O)(c2cc(ccc2)*)C)cc1)(C)C,tg,211.0,187.96685791015625,True
*NC(=O)CC(CCC(=O)NCCCCCC*)C,tg,17.0,,False
*c1cc2c(C(=O)N(C2=O)c2c(ccc(c2)C(=O)Nc2c(cc(cc2C)c2cc(c(c(c2)C)NC(=O)c2cc(c(cc2)C)N2C(=O)c3c(C2=O)cc(cc3)C(*)(C(F)(F)F)C(F)(F)F)C)C)C)cc1,tg,250.0,,False
*CCCCCCCCC(=O)NCCCCCOCCCCCNC(=O)CCCCO*,egc,5.8271,5.7432502188814345,True
*NC(=O)c1c(cc(cc1)C(=O)NCCCCCCCC*)Sc1ccccc1,tg,110.0,107.7914810180664,True
*N1C(=O)C2C3C4C(C(C2C1=O)C=C3)C(=O)N(C4=O)CCCCCCCCCC*,tg,219.0,,False
*c1ccc(*)n1Cc1ccc[n+](C)c1,egc,0.2844,,False
*N1C(=O)c2c(C1=O)cc(cc2)Oc1cc2c(C(=O)N(C2=O)CCCCCCCCCCC*)cc1,tg,74.0,100.8244857788086,True
*C(C=C1)=CC=C1C(S2)=CC=C2C(C=C3)=CC=C3C(=S)*,egc,2.3434,,False
*C(C*)[Si](Cc1ccccc1)(C)C,tg,-24.0,,False
*[Si](c1c(cccc1)C*)(C)C,tg,48.0,,False
*CC(C)C1C(=O)N(CCC)C(=O)C1*,egc,5.8295,,False
*Nc1ccc(NC(=O)CCCCCC(*)=O)cc1,egc,4.5224,,False
*S(=O)(=O)c1ccc(cc1)Nc1ccc(cc1)Nc1ccc(cc1)*,tg,145.0,190.334228515625,True
*O[Si](Oc1c(cc(cc1)C1(c2ccccc2c2ccccc12)c1cc(c(cc1)*)C)C)(c1ccccc1)c1ccccc1,tg,171.0,169.3307342529297,True
*C(=O)Nc1cccc(NC(=O)c2ccc3[nH]c(-c4cccc(-c5nc6cc(*)ccc6[nH]5)c4)nc3c2)c1,egc,3.3364,3.1845332693427313,True
*C(=C(*)C)[Si](C)(C)C,tg,198.3,,False
*C(C*)(C(=O)Oc1c(cccc1C)C)C,tg,169.0,,False
*c1cc2c(C(=O)N(C2=O)c2cc(ccc2)C(C(C(c2cc(ccc2)N2C(=O)c3c(C2=O)cc(cc3)C(C(C(C(C(C(C(*)(F)F)(F)F)(F)F)(F)F)(F)F)(F)F)(F)F)(F)F)(F)F)(F)F)cc1,tg,133.5,111.84613037109375,True
*Sc1ccc(cc1)Nc1ccc(cc1)*,tg,145.0,109.4700927734375,True
*NC(=O)C(S1)=CC=C1O*,egc,4.3505,4.117078231039458,True
*CCCCCCCCNC(=O)CCC=CCCC(=O)N*,egc,5.2366,5.60142300455898,True
*C(*)F,tg,83.33,27.574562072753906,True
*Oc1cc(ccc1)Oc1ccc(cc1)C(=O)c1ccc(cc1)NC(=O)c1ccc(cc1)C(=O)Nc1ccc(cc1)C(=O)c1ccc(cc1)*,tg,190.0,,False
*Cc1ccc(CSSSS*)cc1,egc,4.3206,4.642891595584937,True
*NC(=O)CCCCCCCCC(=O)NCCCCCCCCCC*,tg,57.78,,False
*c1oc(nn1)c1cncc(c1)c1oc(nn1)c1ccc(cc1)[Si](c1ccc(cc1)*)(c1ccccc1)c1ccccc1,tg,272.0,,False
*CC(CCCC)(CCCC)C(=O)O*,egc,6.671,,False
*c1ccc(*)n1C(=O)OCC,egc,2.3493,,False
*c1sc2cc3c(cc2n1)sc(n3)c1ccc(cc1)Oc1ccc(cc1)Oc1ccc(cc1)P(=O)(c1ccc(cc1)Oc1ccc(cc1)Oc1ccc(cc1)*)c1ccccc1,tg,255.0,262.5040283203125,True
*OC(=O)CCCCCCCCCCC(=O)OCC(=O)NCCCCCCNC(=O)C*,tg,0.9,,False
*Oc1c(cc(cc1)C(=O)c1cc(ccc1)C(=O)c1cc(c(cc1)*)C(C)C)C,tg,147.0,,False
*c1cc2c(C(=O)N(C2=O)c2ccc(cc2)C(=O)OCCCCOC(=O)*)cc1,tg,100.5,104.81449127197266,True
*Oc1ccc(cc1)C(c1ccc(cc1)OC(*)(Oc1ccccc1)Oc1ccccc1)(C)C,tg,92.0,,False
*[Si]1(O[Si](O[Si](O1)(C)C)(C)C)O[Si](CC*)(C)C,tg,-66.0,,False
*C(C*)(C(=O)OC1C2C3C(C(C1)C2)C1CCC3C1)C,tg,199.0,,False
*c1ccc(*)c(C(=O)c2c(F)c(F)c(F)c(F)c2F)c1,egc,4.0903,,False
*Oc1ccc(cc1)NC(=O)c1ccc(cc1)Oc1ccc(cc1)C(c1ccc(cc1)C(c1ccc(cc1)Oc1ccc(cc1)C(=O)Nc1ccc(cc1)Oc1ccc(cc1)C(c1ccc(cc1)*)(C(F)(F)F)C(F)(F)F)(C)C)(C)C,tg,169.0,,False
*CCCCOC(=O)CC(=O)O*,egc,6.6946,6.461313947980136,True
*OCC(C*)(CSCCCCC)CSCCCCC,tg,-33.0,,False
*c1ccc(*)c(C(=O)c2ccccc2)c1,egc,3.9696,3.885071419743581,True
*CCCCOc1ccc(C=C2CCC(=Cc3ccc(O*)cc3)C2=O)cc1,egc,2.9446,3.3665788504023,True
*OC(C(=O)NC(C(=O)*)C)C,tg,57.65,,False
*OC(=O)OC1COC2C(*)COC12,egc,6.8979,,False
*C1C(CC(C1)C=C*)([Si](O[Si](C)(C)C)(C)C)C#N,tg,88.0,,False
*N1CCN(CC1)C(=O)OC1CC2CC(CC(C1)O2)OC(=O)*,tg,113.0,,False
*c1nc2c(c(c1)c1ccccc1)cc(cc2)Oc1cc2c(nc(cc2c2ccccc2)c2ccc(cc2)c2ccc(cc2)c2ccc(cc2)*)cc1,tg,282.5,325.2608337402344,True
*c1cccc(C(F)(F)C(F)(F)C(F)(F)c2cccc(N3C(=O)c4ccc(Oc5ccc6c(c5)C(=O)N(*)C6=O)cc4C3=O)c2)c1,egc,3.4025,3.2870565599716755,True
*C(C*)SCC,tg,-7.0,-38.05592346191406,True
*C(=C*)C(CCC)[Si](c1ccccc1)(C)C,tg,110.0,,False
*C(C*)(C(=O)OCCN(c1ccc(cc1)N=Nc1ccc(cc1)[N+](=O)[O-])C)C,tg,110.0,126.13387298583984,True
*C(C*)C,tg,-2.73,14.417834281921387,True
*NC(C(=O)*)CCC(=O)OCc1ccc(cc1)F,tg,46.9,12.384058952331543,True
*c1cc2c(C(=O)N(C2=O)c2ccc(cc2)Oc2ccc(cc2)N2C(=O)c3c(C2=O)cc(cc3)C(=O)N2C(=S)N(C(C(=C2C)C(=O)OCC)c2c(cc(cc2)OC)OC)C(=O)*)cc1,tg,165.0,,False
*CC(c1ccccc1)C1C(=O)N(c2ccc(C(=O)Oc3ccc(C=O)cc3)cc2)C(=O)C1*,egc,4.2954,,False
*c1ccc(cc1)CC*,tg,66.64,,False
*C(C*)c1ccc(cc1)C(=O)OCCN(CC)CC,tg,74.0,,False
*CC(OC)C(C(=O)O)C(*)C(=O)O,egc,6.3287,6.033037045449684,True
*c1cc2c(C(=O)N(C2=O)c2ccc(cc2)Oc2ccc(cc2)N2C(=O)c3c(C2=O)cc(cc3)C(=O)Oc2ccc(cc2)c2ccc(cc2)OC(=O)*)cc1,tg,232.0,259.7528381347656,True
*c1sc(*)c2c1OCC(CCCCCCCCCCCC)O2,egc,1.9291,1.5535384696314816,True
*C(C*)C1C(CCCC1)C,tg,186.0,142.7128448486328,True
*Oc1ccc(cc1)C(c1ccc(cc1)OCC(C*)OC(=O)CCl)(C)C,tg,65.0,70.05089569091797,True
*OC(C*)COC(=O)CCCCCCCCCCN1C(=O)C2C(C1=O)C1C=CC2C1,tg,-31.0,,False
*C1COC2C1OCC2OC(=O)OCC(C(COC(=O)O*)O)O,tg,78.5,80.3089370727539,True
*c1ccc(Oc2ccc(-c3cnc4cc(Oc5ccc6nc(*)cnc6c5)ccc4n3)cc2)cc1,egc,3.1068,3.2378150102563845,True
*N1C(=O)C(CC1=O)(SCCOCCSC1(C(=O)N(C(=O)C1)c1ccc(cc1)Oc1ccc(cc1)N1C(=O)C(C(C1=O)C)SCCOCCSC1C(=O)N(C(=O)C1C)c1ccc(cc1)Oc1ccc(cc1)*)C)C,tg,145.0,,False
*Oc1ccc(cc1)CC(NC(=O)CCc1ccc(cc1)OC(=O)CCC(=O)*)C(=O)OCCCCCCCCCCCC,tg,40.0,,False
*c1ncc(cc1)C(=O)Nc1ccc(cc1)Oc1ccc(cc1)C(=O)c1ccc(cc1)Oc1ccc(cc1)NC(=O)*,tg,170.0,,False
*c1cc2sc(*)c(C)c2s1,egc,3.8179,1.7557559113382928,True
*C1=CC(=C(C#N)C#N)C=C(O1)C=Cc1ccc(cc1)N=Nc1ccc(cc1)N(CCOC(=O)Nc1c(ccc(c1)NC(=O)OCCN(c1ccc(cc1)N=Nc1ccc(cc1)C=C*)C)C)C,tg,196.0,149.36659240722656,True
*Oc1cc2c(cc1)ccc(c2)Oc1ccc(cc1)C(=O)Nc1ccc(cc1)Oc1ccc(cc1)C(c1ccc(cc1)Oc1ccc(cc1)NC(=O)c1ccc(cc1)*)(C)C,tg,143.0,184.385498046875,True
*c1cc2c(C(=O)N(C2=O)c2ccc(cc2)OCCCCCCCCCCOc2ccc(cc2)N2C(=O)c3c(C2=O)cc(cc3)C(*)(C(F)(F)F)C(F)(F)F)cc1,tg,143.0,168.73731994628906,True
*NC(=O)c1ccc(cc1)CC(=O)NCCC*,tg,109.0,144.10362243652344,True
*N1C(=O)c2c(C1=O)cc(cc2)Oc1c(cccc1)Oc1cc2c(C(=O)N(C2=O)c2cc(c(cc2)Oc2ccc(cc2)C2(c3ccccc3c3ccccc23)c2ccc(cc2)Oc2c(cc(cc2)*)C(F)(F)F)C(F)(F)F)cc1,tg,241.0,239.2722625732422,True
*Oc1ccc(cc1)C1(c2ccccc2C(=O)c2ccccc12)c1ccc(cc1)OC(=O)c1ccc(cc1)C(=O)*,tg,400.0,,False
*c1cc2c(C(=O)N(C2=O)c2c(cc(c(c2C)N2C(=O)c3c(C2=O)cc(cc3)C(=O)Nc2cc(c(cc2)c2c(cc(cc2)NC(=O)*)C(F)(F)F)C(F)(F)F)C)C)cc1,tg,267.0,324.3443298339844,True
*Oc1ccc(cc1)C(c1ccc(cc1)OC(=O)c1ccc(cc1)C(=O)*)(CC)CC,tg,165.0,,False
*CCCCCOC(=O)c1cccc(C(=O)O*)c1,egc,5.0521,,False
*O[Si](CCCC(=O)Oc1ccc(cc1)C=Nc1ccc(cc1)N=Cc1ccc(cc1)OC(=O)CCC[Si](*)(C)C)(C)C,tg,60.0,,False
*c1ccc(cc1)C(C(*)(F)F)(F)F,tg,76.95,86.4258041381836,True
*S(=O)(=NP(=NP(=N*)(NCCCC)NCCCC)(NCCCC)NCCCC)NCCCC,tg,-17.0,,False
*S(=O)(=O)c1ccc(cc1)C(=O)c1ccc(cc1)C(=O)c1ccc(cc1)*,tg,213.5,,False
*C(C*)OC(=O)c1cc(ccc1)[Si](C)(C)C,tg,80.0,106.3981704711914,True
*NC1CCC(CC2CCC(NC(=O)CCCCC(*)=O)CC2)CC1,egc,5.6991,,False
*c1cnc(s1)N1C(=O)c2c(C1=O)cc(cc2)Oc1cc2c(C(=O)N(C2=O)c2ccc(cc2)Oc2ccc(cc2)*)cc1,tg,300.0,,False
*C(C*)c1c(ccc(c1)C(=O)OCCCCCCCCCCCC)c1ccc(cc1)OCCCCCCCC,tg,42.0,59.90224838256836,True
*N(c1ccc(cc1)C(=O)*)CCCCCCCC,tg,30.0,44.44993209838867,True
*Oc1ccc(cc1)NC(=O)c1cc(ccc1)C(=O)Nc1ccc(cc1)*,tg,205.39,,False
*C=CC1CC(*)C2C(=O)N(c3ccc(C)cc3)C(=O)C12,egc,5.2272,4.931223539445886,True
*c1ccc(N2C(=O)c3ccc(C(=O)c4ccc5c(c4)C(=O)N(c4ccc6[nH]c(*)nc6c4)C5=O)cc3C2=O)cc1,egc,2.4444,,False
*Oc1ccc(cc1)Oc1ccc(cc1)C(=O)c1ccc(cc1)NC(=O)c1ccc(cc1)C(=O)Nc1ccc(cc1)C(=O)c1ccc(cc1)*,tg,224.0,202.39857482910156,True
*c1cc2c(C(=O)N(C2=O)N2C(=O)c3c(C2=O)cc(cc3)Oc2ccc(cc2)C(c2ccc(cc2)O*)(C)C)cc1,tg,216.7,,False
*c1c(nc2c(n1)cc(cc2)S(=O)(=O)c1cc2c(nc(c(n2)c2ccc(cc2)*)c2ccccc2)cc1)c1ccccc1,tg,291.8,,False
*c1cc2c(C(=O)N(C2=O)c2ccc(cc2)S(=O)(=O)c2ccc(cc2)N2C(=O)c3c(C2=O)cc(cc3)C(=O)Nc2ccc(cc2)Oc2ccc(cc2)NC(=O)*)cc1,tg,281.0,281.5333251953125,True
*C(C*)c1ccc(cc1)B(c1ccc(cc1)C(C)(C)C)Oc1c2ncccc2ccc1,tg,240.0,237.9212646484375,True
*NC(C(=O)*)CCC(=O)OCc1ccccc1,tg,9.38,,False
*N1C(CN(C(C1)C)C(=O)OCC(CS(=O)(=O)CC(COC(=O)*)(C)C)(C)C)C,tg,85.0,,False
*C(C*)(C(=O)OC1(CN(CCC1)c1ccc(cc1)N=Nc1ccc(cc1)C=C(S(=O)(=O)C)C#N)C)C,tg,196.0,,False
*CC(*)OCCCCC,egc,5.9056,5.635889044427496,True
*O[Si](*)(CCCOc1ccc(cc1)C(=O)Oc1ccc(cc1)c1ccc(cc1)OC(=O)c1cc(c(c(c1)OCCCCCCCCCCCC)OCCCCCCCCCCCC)OCCCCCCCCCCCC)C,tg,40.33,,False
*OC(OC(=O)c1c2c(c(cc1)C(=O)OC(OCC1CCC(CC1)C*)C)cccc2)C,tg,60.0,,False
*N1C(=O)c2c(C1=O)cc(cc2)Oc1ccc(cc1)C1(CCC(CC1)C(C)(C)C)c1ccc(cc1)Oc1cc2c(C(=O)N(C2=O)c2ccc(cc2)Oc2ccc(cc2)C2(C3CC4CC(CC2C4)C3)c2ccc(cc2)Oc2ccc(cc2)*)cc1,tg,266.0,249.9074249267578,True
*C(C*)(C(=O)OC(C(F)(F)F)C(F)(F)F)F,tg,102.0,87.66943359375,True
*NNC(=O)c1cc(cc(c1)NC(=O)c1cc2c(C(=O)N(C2=O)c2ncccc2C)cc1)C(=O)NNC(=O)c1ccc(cc1)C(=O)*,tg,130.3,164.43218994140625,True
*C(C*)Cc1ccccc1,tg,63.33,,False
*NC(C=C1)=CC=C1C(S2)=CC=C2C(C=C3)=CC=C3*,egc,2.7767,,False
*C(F)(F)NC(F)(F)C(=O)*,egc,4.8818,,False
*Nc1cc(C(c2ccc(O)c(NC(=O)c3ccc4cc(C(*)=O)ccc4c3)c2)(C(F)(F)F)C(F)(F)F)ccc1O,egc,3.7695,,False
*S(=O)(=O)C(C=C(C*)C)C,tg,83.0,,False
*Oc1ccc(cc1)C(=O)Nc1cc(cc(c1)c1nc2c([nH]1)cccc2)NC(=O)c1ccc(cc1)OCCOCCOCC*,tg,165.0,,False
*Nc1ccc(cc1)Cc1ccc(cc1)NC(=O)c1cc(cc(c1)N1C(=O)C2C(C1=O)C1C=CC2C1)C(=O)*,tg,303.0,,False
*C(C*)OC(=O)c1cnccc1,tg,86.5,,False
*N1C(=O)c2c(C1=O)cc(cc2)c1cc2c(C(=O)N(C2=O)c2ccc(cc2)Oc2ccc(cc2)C(=O)c2cc(ccc2)C(=O)c2ccc(cc2)Oc2ccc(cc2)*)cc1,tg,222.0,,False
*C(=O)OC1CCN(*)CC1,egc,5.5791,,False
*CC(F)(F)C(F)(F)C(F)(F)COC(=O)CSCSCC(=O)O*,egc,5.1865,5.263239881477713,True
*[SiH](C#Cc1c(cccc1)C#C*)c1ccccc1,tg,71.0,,False
*C(=O)OC(=O)O*,egc,5.0987,7.157286066931876,True
*C(C(*)C(=O)OC(C)(C)C)C(=O)OC,tg,84.0,,False
*c1cc2c(C(=O)N(C2=O)c2cc(ccc2)Oc2ccc(cc2)N2C(=O)c3c(C2=O)cc(cc3)C(=O)Nc2ccc(cc2)Oc2ccc(cc2)C(c2ccc(cc2)Oc2ccc(cc2)NC(=O)*)(C)C)cc1,tg,207.0,237.2471160888672,True
*c1cc2c(C(=O)N(C2=O)c2ccc(cc2)NC(=O)Nc2ccc(cc2)N2C(=O)c3c(C2=O)cc(cc3)C(=O)Nc2ccc(cc2)NC(=O)*)cc1,tg,216.0,262.0518798828125,True
*N(c1ccc(cc1)c1ccc(cc1)*)c1ccc(cc1)C,tg,85.0,,False
*OC(C*)COCCCCCC,tg,-85.5,,False
*C(C*)(C(=O)OCCCCCCOc1ccc(cc1)C(=O)Oc1c2c(c(cc1)N=Nc1ccc(cc1)Cl)cccc2)C,tg,50.0,58.6159782409668,True
*C(C*)c1ccc(cc1)B(Oc1c2ncccc2c(cc1)c1c(c(c(c(c1F)F)F)F)F)c1ccc(cc1)C(C)(C)C,tg,245.0,,False
*Nc1cc(cc(c1)C(=O)Nc1c2C(=O)c3c(C(=O)c2ccc1)cccc3)NC(=O)Nc1ccc(cc1)Cc1ccc(cc1)NC(=O)*,tg,178.0,185.9551239013672,True
*C=C(C)CC(C#N)CC*,egc,5.6857,5.413049500739646,True
*NC(=O)CCCCC(=O)NCCCCCCCC*,tg,50.0,54.41474914550781,True
*CCCCOC(=O)OCC1CCC(COC(=O)O*)CC1,egc,7.0222,,False
*C(=O)OC(S1)=CC=C1C(=S)*,egc,2.7905,,False
*C(C*)(C(=O)O[Si](C)(C)C)C,tg,97.5,,False
*C1(c2c(NC1=O)cccc2)c1ccc(cc1)OC(=O)c1cc(ccc1)C(=O)Oc1ccc(cc1)*,tg,256.0,277.7417297363281,True
*Nc1c([2H])c([2H])c(*)c([2H])c1[2H],egc,3.3666,3.1622797523204573,True
*C(C*)CCCCCCCCCCCCCC,tg,-24.0,-56.14455795288086,True
*C(C*)(C(=O)OCCCCCCOc1ccc(cc1)C(=O)Oc1c2c(c(cc1)N=Nc1ccc(cc1)C)cccc2)C,tg,40.0,55.95709228515625,True
*OC(=O)c1ccc(cc1)c1ccc(cc1)c1ccc(cc1)C(=O)OCC(C*)(C)C,tg,100.0,135.9611053466797,True
*CC(CO*)(CS(=O)(=O)C(C)C)CS(=O)(=O)C(C)C,egc,5.5454,,False
*C1COC2C1OCC2OC(=O)C(NC(=O)CCCCCCCCC(=O)NC(C(=O)O*)CC(C)C)CC(C)C,tg,89.0,57.40456008911133,True
*CCCCCOC(=O)O*,egc,7.3186,,False
*C(=C(*)Cl)CCCCCC,tg,150.0,,False
*C(C*)C(=O)OCC(C(OC(C(C(C(F)(F)F)(F)F)(F)F)(F)F)(F)F)(F)F,tg,-68.0,,False
*C(=O)c1ccc2c(c1)C(=O)N(c1ccc(OCCOCCOCCOc3ccc(N4C(=O)c5ccc(*)cc5C4=O)cc3)cc1)C2=O,egc,2.5902,,False
*CC(*)CCCC1CCCCC1,egc,6.3703,,False
*c1cc2c(C(=O)N(C2=O)c2ccc(cc2)Oc2c(cccc2)c2c(cccc2)Oc2ccc(cc2)N2C(=O)c3c(C2=O)cc(cc3)C(=O)Nc2ccc(cc2)Oc2ccc(cc2)c2ccc(cc2)Oc2ccc(cc2)NC(=O)*)cc1,tg,254.0,,False
*Oc1cc(cc(c1)C(=O)OCCN(c1ccc(cc1)N=Nc1ccc(cc1)[N+](=O)[O-])CC)OC(=O)c1ccc(cc1)C(=O)*,tg,130.0,160.0648651123047,True
*c1ccc(-c2ccc(*)nc2)cn1,egc,3.5855,3.1669941683895315,True
*NC(CCC(*)=O)C(=O)OC,egc,5.6456,,False
*N=P(*)(OCCCC)OCCCC,tg,-105.0,-98.02325439453125,True
*c1cc(COCCCCCCCCCCCCOc2ccc(-c3ccc(OC)cc3)cc2)c(*)s1,egc,2.5163,2.8313464694394233,True
*Oc1ccc(cc1)OC(=O)c1c(cc(cc1)C(=O)*)Sc1ccc(cc1)Cl,tg,140.0,,False
*Oc1ccc(cc1)S(=O)(=O)c1ccc(cc1)Oc1ccc(cc1)C=NN=Cc1ccc(cc1)*,tg,151.0,187.95814514160156,True
*Nc1ccc(cc1)NC(=O)c1ccc(cc1)NC(=O)c1ccc(cc1)P(=O)(c1ccc(cc1)C(=O)*)c1ccccc1,tg,243.0,,False
*OC(=O)c1cc(cc(c1)C(C(C(C(C(C(C(F)(F)F)(F)F)(F)F)(F)F)(F)F)(F)F)(F)F)C(=O)OCC(C(C(C*)(F)F)(F)F)(F)F,tg,27.0,,False
*C(C*)C(=O)OCCCCCOC(=O)c1ccc(cc1)OC(=O)c1ccc(cc1)C#N,tg,30.0,29.104001998901367,True
*CC(F)(F)C(F)(F)C(F)(F)C(F)(F)COC(=O)CSCCSCC(=O)O*,egc,5.0898,4.953305629910496,True
*CCCCCCCC[N+](C)(C)CCCCCC[N+](*)(C)C,egc,0.1032,,False
*Nc1nc(*)nc(Cl)n1,egc,4.4996,,False
*N1C(=S)N(C(=O)CC1=O)c1ccc(cc1)Oc1cc(ccc1)Oc1ccc(cc1)*,tg,128.0,137.07469177246094,True
*N(CC*)C(=O)c1c(cc(c(c1)F)F)F,tg,105.0,106.2520751953125,True
*Oc1cc(c(cc1)S(=O)(=O)c1c(cc(cc1)Oc1c(cc(cc1C)C(c1cc(c(c(c1)C)*)C)(C)C)C)C(O)(C(F)(F)F)C(F)(F)F)C(O)(C(F)(F)F)C(F)(F)F,tg,187.0,,False
*c1nc2c(c(c1c1ccccc1)c1ccccc1)cc(cc2)c1cc2c(nc(c(c2c2ccccc2)c2ccccc2)c2ccc(cc2)c2ccc(cc2)*)cc1,tg,381.67,352.6138000488281,True
*Oc1c(cc(c(c1)C(C)(C)C)Oc1ccc(cc1)C(=O)Nc1c(cc(cc1)C(c1cc(c(cc1)NC(=O)c1ccc(cc1)*)C)(C)C)C)C(C)(C)C,tg,275.0,,False
*C(C*)C(=O)Nc1c(cccc1)Cl,tg,63.0,134.1636505126953,True
*[Si](C*)(CCCCCC)C,tg,-77.6,-86.7100830078125,True
*C(=O)c1ccc2c(c1)C(=O)N(c1cccc(Nc3ncnc(Nc4cccc(N5C(=O)c6ccc(*)cc6C5=O)c4)n3)c1)C2=O,egc,2.4957,2.844111425719687,True
*CCCCCCCCCCNC(C)=N*,egc,4.8855,,False
*OC(=O)OCC1OC(C)(C)OC1COC(=O)OC1COC2C(*)COC12,egc,6.6226,6.54757385325245,True
*C(=O)c1ccc2c(c1)C(=O)N(c1ccc(C3(c4ccc(N5C(=O)c6ccc(*)cc6C5=O)cc4)c4ccccc4-c4ccccc43)cc1)C2=O,egc,2.3311,,False
*OC(=O)Nc1ccc(cc1)Cc1ccc(cc1)NC(=O)OCC1CCC(CC1)C*,tg,134.0,,False
*OP(=O)(N=Nc1ccc(cc1)c1ccc(cc1)N=NP(=O)(OCc1ccc(cc1)C*)OC)OC,tg,48.0,,False
*C(C*)OC(=O)CCl,tg,18.99,43.90926742553711,True
*S(=O)(=O)c1cc(ccc1)NC(=O)CCCCCCC(=O)Nc1cc(ccc1)*,tg,125.0,,False
*N1C(=O)c2c(C1=O)cc(cc2)c1cc2c(C(=O)N(C2=O)c2ccc(cc2)Oc2c(cc(cc2)C(C)(C)C)Oc2ccc(cc2)*)cc1,tg,257.0,276.74169921875,True
*c1cc2c(C(=O)N(C2=O)c2cc3c(C(CC3(c3ccc(cc3)N3C(=O)c4c(C3=O)cc(cc4)C(=O)*)C)(C)C)cc2)cc1,tg,318.77,,False
*N1C(=O)C2C3C4C(C(C2C1=O)C=C3)C(=O)N(C4=O)c1ccc(cc1)Sc1cc2c(C(=O)N(C2=O)c2ccc(cc2)CC)cc1Sc1ccc(cc1)*,tg,320.0,,False
*Oc1ccc(C(C)(C)c2ccc(OC(*)=O)c(Cl)c2)cc1C,egc,5.1208,,False
*Oc1ccc(cc1)C(c1ccc(cc1)Oc1c(c(c(c(c1F)F)COC(c1cc(ccc1)C(OCc1c(c(c(c(c1F)F)*)F)F)(C(F)(F)F)C(F)(F)F)(C(F)(F)F)C(F)(F)F)F)F)(C(F)(F)F)C(F)(F)F,tg,113.0,,False
*N1C(=O)N(C(=O)C1=O)CCCCCC*,tg,55.0,,False
*CCc1cnc(*)cn1,egc,4.5671,4.6584061676430215,True
*C(=O)c1ccc2c(c1)C(=O)N(c1ccc(-c3ccc(N4C(=O)c5ccc(*)cc5C4=O)c(OC)c3)cc1OC)C2=O,egc,2.4885,2.7904078887825263,True
*c1ccc2c(nc([nH]2)c2cc(cc(c2)N2C(=O)c3c(C2=O)cccc3)c2nc3c([nH]2)ccc(c3)C(=O)Nc2ccc(cc2)NC(=O)*)c1,tg,295.0,,False
*CC1(CO*)CCC(C)CC1,egc,5.8565,,False
*Oc1ccc(cc1)C(=O)Nc1c(cc(c(c1)SCCC#N)NC(=O)c1ccc(cc1)*)SCCC#N,tg,158.0,248.9021453857422,True
*Oc1c(cc(cc1)OC(=O)c1c(cc(c(c1)OCCCCCCCCCCCC)C(=O)*)OCCCCCCCCCCCC)C,tg,112.0,,False
*c1nc2c(c(c1)c1ccccc1)cc(cc2)c1cc2c(nc(cc2c2ccccc2)c2ccc(cc2)c2ccc(cc2)*)cc1,tg,372.0,380.77734375,True
*C(C)=C(*)CCC,egc,5.0895,,False
*CC(C)(C)CS(=O)(=O)CC(C)(C)COC(=O)O*,egc,6.8436,,False
*C(C*)C(=O)NC(C)(C)C,tg,135.0,,False
*c1cc2c(C(=O)N(C2=O)c2ccc(cc2)Oc2ccc(cc2)N2C(=O)c3c(C2=O)cc(cc3)C(=O)Nc2ccc(cc2)Oc2ccc(cc2)c2ccc(cc2)Oc2ccc(cc2)NC(=O)*)cc1,tg,286.0,276.9596252441406,True
*Oc1ccc(cc1)C(c1ccc(cc1)OC(=O)OC1C(C(C1(C)C)OC(=O)*)(C)C)(CC)C,tg,124.0,,False
*CC(O*)C(F)(F)F,egc,6.7566,7.244760388934624,True
*Oc1c(c(ccc1)Oc1ccc(cc1)c1ccc(cc1)*)C#N,tg,210.0,,False
*CCOC(=O)CCCCCCC(=O)O*,egc,6.9025,6.693090144900055,True
*CC1CCC(COC(=O)CCCCC(=O)O*)CC1,egc,6.7775,6.570795827641887,True
*COC(=O)NCCNC*,egc,5.81,,False
*O[Zn]OC(=O)c1c(cccc1)C(=O)OCCCCCOC(=O)Nc1c(ccc(c1)NC(=O)OCCCCCOC(=O)c1c(cccc1)C(=O)*)C,tg,4.2,11.234962463378906,True
*c1oc(cc1)COC(=O)NCc1oc(cc1)CNC(=O)OC*,tg,75.0,34.686851501464844,True
*C(C*)c1cc(ccc1)NC(=O)C,tg,163.0,189.81935119628906,True
*NNC(=O)C=CC(=O)Nc1ccc(NC(=O)C=CC(*)=O)cc1,egc,3.0373,,False
*c1cc2c(C(=O)N(C2=O)c2c(cc(cc2)c2cc(c(cc2)N2C(=O)c3c(C2=O)cc(cc3)C(*)(C(F)(F)F)C(F)(F)F)OC(=O)C=Cc2ccccc2)OC(=O)C=Cc2ccccc2)cc1,tg,181.0,,False
*O[Si](C)(Oc1ccc(*)cc1)c1ccccc1,egc,4.1409,,False
*N1C(=O)c2c(C1=O)cc(cc2)c1cc2c(C(=O)N(C2=O)c2ccc(cc2)N2C(=O)c3c(C2=O)cc(cc3)C(c2cc3c(C(=O)N(C3=O)c3ccc(cc3)*)cc2)(C(F)(F)F)C(F)(F)F)cc1,tg,342.0,,False
*C(C*)c1c(ccc(c1)Br)OCCCC,tg,47.0,47.153778076171875,True
*OCC(C*)(CC)CC,tg,-30.0,-36.85618209838867,True
*c1cc2c(C(=O)N(C2=O)c2c(c(c(c(c2C)C)N2C(=O)c3c(C2=O)cc(cc3)C(*)(C(F)(F)F)C(F)(F)F)C)C)cc1,tg,418.75,373.7962341308594,True
*N1C(=O)C(CC1=O)SCCOCCSC1C(=O)N(C(=O)C1)c1ccc(cc1)C(=O)Oc1cc2c(cc1)ccc(c2)OC(=O)c1ccc(cc1)*,tg,160.0,,False
*C(C*)(C(=O)OCCCCCCN(c1ccc(cc1)N(C)C)C)C,tg,8.5,,False
*C(C(C(C*)c1ncccc1)c1ccccc1)c1ncccc1,tg,150.0,,False
*Oc1ccc(cc1)CC(NC(=O)CCc1ccc(cc1)OC(=O)CCCC(=O)*)C(=O)OCCCCCC,tg,43.0,,False
*c1cc2c(C(=O)N(C2=O)c2ccc(cc2)Oc2ccc(cc2)N2C(=O)c3c(C2=O)cc(cc3)C(=O)Nc2ccc(cc2)Oc2ccc(cc2)c2ccc(cc2)Oc2ccc(cc2)NC(=O)*)cc1,tg,262.0,276.9596252441406,True
*CC(*)OC(=O)C(C)(C)C,egc,6.1579,,False
*Oc1c(cc(cc1Cl)C(c1cc(c(c(c1)Cl)OCC(C*)O)Cl)(C)C)Cl,tg,145.0,137.6586456298828,True
*c1ccc(-c2ccc(-c3nc(-c4ccc(-c5csc(*)n5)cc4)cs3)cc2)cc1,egc,2.9481,,False
*CC(O)CN(*)c1ccc(N=Nc2ccc(Cl)cc2)cc1,egc,2.6263,2.259377406903806,True
*Oc1c(-c2ccccc2)cc(*)cc1-c1cccc(C)c1,egc,3.8976,,False
*c1cc2c(C(=O)N(C2=O)c2cc(c(cc2)Oc2c(cccc2)Oc2c(cc(cc2)N2C(=O)c3c(C2=O)cc(cc3)C(=O)*)C(F)(F)F)C(F)(F)F)cc1,tg,236.0,,False
*Oc1cc(cc(c1)C(=O)Oc1ccc(cc1)N=Nc1ccc(cc1)C#N)Oc1ccc(cc1)C(c1ccc(cc1)*)(C)C,tg,163.0,,False
*C(=O)N(*)CC,egc,6.052,5.806637085176626,True
*N(CCC*)C,tg,-88.0,-42.34463119506836,True
*OC1C(COC(C)=O)OC(*)C(OC(C)=O)C1OC(C)=O,egc,5.9636,5.878669950047258,True
*c1cc(N=Nc2ccc(C(=O)O)cc2)cc(*)c1O,egc,2.9911,,False
*CC(*)(C)C(=O)OCC(F)(F)C(F)(F)C(F)(F)C(F)F,egc,6.3477,,False
*Nc1ccc(cc1)Cc1ccc(cc1)NC(=O)NCCCCCCCCCNC(=O)*,tg,-50.0,68.4780044555664,True
*N1C(=O)c2c(C1=O)cc(cc2)Oc1c(cccc1)Oc1cc2c(C(=O)N(C2=O)c2cc(c(cc2)Oc2ccc(cc2)C(c2ccc(cc2)Oc2c(cc(cc2)*)C(F)(F)F)(C(F)(F)F)C(F)(F)F)C(F)(F)F)cc1,tg,191.0,,False
*c1cc2c(C(=O)N(C2=O)c2cc(ccc2)P(=O)(c2cc(ccc2)N2C(=O)c3c(C2=O)cc(cc3)C(=O)Nc2nc(ccc2)NC(=O)*)c2ccccc2)cc1,tg,156.0,,False
*Oc1ccc(Oc2ccc(C(=O)c3ccc(*)cc3)cc2)cc1CBr,egc,3.6235,,False
*O[Si](*)(CCCOCCOCCOCCOCCOC)CCCOCCOCCOCCOCCOC,tg,-69.8,-91.9295654296875,True
*CCCCCCCCCCCCCCC(=O)O*,egc,6.9774,,False
*CC(*)c1c(F)c(F)c(P(=O)(O)O)c(F)c1F,egc,4.4874,,False
*c1nc2cc3c(cc2c(c1)c1ccccc1)nc(cc3c1ccccc1)c1ccc(cc1)Oc1ccc(cc1)*,tg,365.0,341.3641662597656,True
*C1C(=O)N(C(=O)C1CC*)CCCCNC(=O)C(C(C(C(C(C(C(F)(F)F)(F)F)(F)F)(F)F)(F)F)(F)F)(F)F,tg,100.0,,False
*C(=O)C(C=C1)=CC=C1C(S2)=CC=C2O*,egc,3.7187,3.3213407253931604,True
*CCCOC(=O)NCCSCCSCCNC(=O)O*,egc,5.2508,5.285869401221064,True
*C1(C(=O)OC(=O)C1(C(C*)OCC)C)C,tg,244.0,170.69818115234375,True
*N1C(=O)C(=C(C1=O)Cl)Oc1ccc(cc1)C(c1ccc(cc1)OC1=C(C(=O)N(C1=O)c1ccc(cc1)Cc1ccc(cc1)*)Cl)(C)C,tg,172.0,,False
*C(C*)C(=O)Oc1cc(ccc1)C,tg,24.5,50.24262619018555,True
*c1cc2c(cc1)oc(=O)c(c2)C(=O)Nc1ccc(cc1)C(c1ccc(cc1)NC(=O)c1c(=O)oc2c(cc(cc2)C*)c1)(C(F)(F)F)C(F)(F)F,tg,329.0,,False
*CCNC(=O)c1ccc(O*)cc1,egc,5.0314,4.474557816708398,True
*C(=O)Nc1ccc(NC(=O)c2ccc3c(c2)C(=O)N(c2c(C)cc(C)c(N4C(=O)c5ccc(*)cc5C4=O)c2C)C3=O)cc1,egc,3.3589,,False
*C(=O)c1ccc2c(c1)C(=Nc1ccc(Oc3cccc(N=C4OC(=O)c5ccc(*)cc54)c3)cc1)OC2=O,egc,2.5722,,False
*N1C(=O)c2c(C1=O)c(ccc2)Oc1cc(ccc1)Oc1c2c(C(=O)N(C2=O)c2ccc(cc2)Oc2ccc(cc2)*)ccc1,tg,226.0,,False
*SSSSCC*,tg,-24.0,,False
*N1C(=O)c2c(C1=O)cc(c(c2)c1ccc(cc1)[Si](C)(C)C)c1cc2c(C(=O)N(C2=O)c2ccc(cc2)Cc2ccc(cc2)*)cc1c1ccc(cc1)[Si](C)(C)C,tg,348.0,,False
*C1OCC(OC1)CNC(=O)CCCCCCCCC(=O)NC*,tg,73.0,,False
*N(CC*)C(=O)c1c(c(cc(c1)F)F)F,tg,110.0,,False
*c1ccc(C(=O)Oc2ccc3ccc(OC(=O)c4ccc(N5C(=O)CC(SCCOCCSC6CC(=O)N(*)C6=O)C5=O)cc4)cc3c2)cc1,egc,3.5935,3.292360009477744,True
*c1cc2c(C(=O)N(C2=O)c2cc(ccc2)C(C(C(C(C(c2cc(ccc2)N2C(=O)c3c(C2=O)cc(cc3)C(C(C(*)(F)F)(F)F)(F)F)(F)F)(F)F)(F)F)(F)F)(F)F)cc1,tg,104.5,,False
*S(=O)c1ccc(cc1)Sc1ccc(cc1)Sc1ccc(cc1)Sc1ccc(cc1)*,tg,133.0,,False
*Oc1cc(ccc1)OC1(C(C(C1(F)F)(F)F)(*)F)F,tg,32.0,,False
*CC(C)(CC)COC(=O)CCCCCCCCC(=O)O*,egc,6.7916,6.515899442686975,True
*c1cc2c(C(=O)N(C2=O)c2c(c(ccc2)N2C(=O)c3c(C2=O)cc(cc3)C(*)(C(F)(F)F)C(F)(F)F)C)cc1,tg,353.5,321.499267578125,True
*Oc1ccc(cc1)C(c1ccc(cc1)Oc1ccc(cc1)C(=O)c1ccc(cc1)*)(C(F)(F)F)C(F)(F)F,tg,170.5,163.4326171875,True
*c1ccc(Oc2ccc(-c3cnc4cc(-c5ccc6nc(*)cnc6c5)ccc4n3)cc2)cc1,egc,3.1085,3.2168331615033656,True
*C1=CC(=C(C#N)C#N)C=C(O1)C=Cc1sc(c(c1CCCCCC)CCCCCC)c1sc(cc1)c1sc(c(c1CCCCCC)CCCCCC)C=C*,tg,114.0,,False
*OC(C*)COC(C)(C)C,tg,-24.0,,False
*CC(OC(=O)OCC)C(COC(=O)O*)OC(=O)OCC,egc,7.1757,,False
*c1cc2c(cc1OC(=O)COc1ccc3c(c1)oc(=O)cc3)oc(=O)c(c2)C(=O)Nc1cc(ccc1)NC(=O)c1c(=O)oc2c(cc(c(c2)OC(=O)COc2ccc3c(c2)oc(=O)cc3)C*)c1,tg,240.0,,False
*c1c(cc(cc1)C=C*)c1c(cc(c(c1)OCCC(C)C)OCCC(C)C)c1ccccc1,tg,164.0,198.0464630126953,True
*N1C(=O)c2c(C1=O)cc(cc2)Oc1ccc(cc1)Oc1cc2c(C(=O)N(C2=O)c2c(cc(cc2)c2cc(c(cc2)*)OC)OC)cc1,tg,274.0,,False
*N(CC(C*)O)c1cc(cc(c1)C)C,tg,80.0,,False
*C(C*)C(=O)OC12CC3(CC(CC(C1)C3)(C2)C)C,tg,103.43,,False
*N1C(=O)c2c(C1=O)cc(cc2)Oc1c2c(ccc1)c(ccc2)Oc1cc2c(C(=O)N(C2=O)c2ccc(cc2)C(c2ccc(cc2)*)(C)C)cc1,tg,265.0,,False
*C=CCC*,egc,5.2133,,False
*OC(=O)COCC*,tg,-13.81,-23.734756469726562,True
*[Si](CCC*)(c1ccc(cc1)N(C)C)C,tg,6.5,-3.0694987773895264,True
*C1CC2C3CC4C(C3*)C24C1,egc,5.9559,6.372447099065646,True
*c1ccc(C)c(N2C(=O)c3ccc(S(=O)(=O)c4ccc5c(c4)C(=O)N(*)C5=O)cc3C2=O)c1,egc,3.2404,,False
*c1cc2c(C(=O)N(C2=O)c2ccc(cc2)Oc2cc3c(cc2)ccc(c3)Oc2ccc(cc2)N2C(=O)c3c(C2=O)cc(cc3)C(=O)Nc2cc(ccc2)NC(=O)*)cc1,tg,286.0,279.0800476074219,True
*Nc1c(Br)cc(*)cc1Br,egc,4.3604,3.3863110420061573,True
*CC(CCCC)O*,egc,5.4348,,False
*Oc1ccc(cc1)Sc1ccc(cc1)Sc1ccc(cc1)Sc1ccc(cc1)*,tg,84.0,,False
*N1C(=O)c2c(C1=O)cc(cc2)C(=O)Oc1c(cc(cc1)OC(=O)CCCCCC*)C,tg,57.21,95.1348648071289,True
*c1c(C)cc(-c2cc(C)c(N3C(=O)c4ccc(-c5ccc6c(c5)C(=O)N(*)C6=O)cc4C3=O)c(C)c2)cc1C,egc,2.8885,2.95329680794849,True
*Nc1nc(Nn2c(=O)c3cc4c(=O)n(*)c(=O)c4cc3c2=O)nc(N(CCC)CCC)n1,egc,2.5752,3.022884749629644,True
*CCCCCCCCCCOC(=O)CCCCCCCCCCCCCCCCC(=O)O*,egc,6.6124,6.51820601054263,True
*c1oc(nn1)c1ccc(cc1)Oc1cc(ccc1)NC(=O)c1cc(cc(c1)NC(=O)c1ccc(cc1)OC(=O)C)C(=O)Nc1cc(ccc1)Oc1ccc(cc1)*,tg,270.0,,False
*C1C2C(C(C(C1*)C2)C(=O)OCC1C2CCC(C1)C2)C(=O)OCC1C2CCC(C1)C2,tg,320.0,,False
*OC(=O)c1ccc(cc1)C(=O)OCC(C(C*)CC)CC,tg,26.0,,False
*C(C*)(C(=O)OCc1cscc1)C,tg,83.5,60.72380065917969,True
*C(C*)C(=O)OCCC(C(C(C(C(C(C(C(F)(F)F)(F)F)(F)F)(F)F)(F)F)(F)F)(F)F)(F)F,tg,52.0,,False
*Oc1ccc(cc1)CC(NC(=O)CCc1ccc(cc1)OC(=O)COCC(=O)*)C(=O)OCCCC,tg,64.0,,False
*c1ccc2c(c1)Cc1cc(N3C(=O)c4ccc(-c5ccc6c(c5)C(=O)N(*)C6=O)cc4C3=O)ccc1-2,egc,2.6588,2.596170597630719,True
*O[Si](c1ccc(cc1)[Si](*)(C)C)(C)C,tg,-29.33,,False
*NC1CCC(CC1)CC1CCC(CC1)NC(=O)CCCCCCCCCCC(=O)*,tg,139.67,121.73049926757812,True
*Oc1ccc(cc1)Oc1ccc(cc1)Oc1cc(ccc1)C(=O)Oc1ccc(cc1)c1ccc(cc1)OC(=O)c1cc(ccc1)*,tg,119.0,137.67601013183594,True
*OC(=O)C(C*)C,tg,-26.33,-13.402424812316895,True
*C(=O)C(C=C1)=CC=C1C(=S)O*,egc,3.2688,3.316902465210373,True
*OC(=O)c1c(cc(cc1)C(=O)OCCN(CC*)c1ccc(cc1)N=Nc1[nH]c(c(n1)C#N)C#N)OCCCCC,tg,131.0,,False
*Oc1ccc(cc1)[Si](c1ccc(cc1)OC(=O)c1cc2Cc3c(c2cc1)ccc(c3)C(=O)*)(c1ccccc1)c1ccccc1,tg,72.1,,False
*C(C*)c1ccc(cc1)O,tg,161.43,,False
*C1C(=O)OC(=O)C1C1C2CC(C(C1*)C2)C(=O)OC1CCCCC1,tg,195.0,251.3844757080078,True
*C(=O)c1ccc2c(c1)C(=O)N(c1cc(-c3nc4ccccc4o3)cc(N3C(=O)c4ccc(*)cc4C3=O)c1)C2=O,egc,2.6591,,False
*Oc1ccc(cc1)S(=O)(=O)c1ccc(cc1)Oc1ccc(cc1)C1(CCCCCC1)c1ccc(cc1)Oc1ccc(cc1)S(=O)(=O)c1ccc(cc1)Oc1ccc(cc1)C=C1C(=O)C(=Cc2ccc(cc2)*)CCCC1,tg,196.0,,False
*C(C*)C(=O)NC(C)C,tg,132.69,97.63309478759766,True
*Oc1c(cc(cc1c1ccccc1)Cc1cc(c(c(c1)c1ccccc1)OC(=O)CCCCCCCCC(=O)*)c1ccccc1)c1ccccc1,tg,92.0,,False
*c1ccc(-c2ccc(-c3ccc(*)n3C)o2)s1,egc,1.929,,False
*C(=O)Oc1ccc(OC(=O)N2CC(C)N(*)CC2C)cc1,egc,5.5219,,False
*CCCCNC(=O)CCCCCC(=O)N*,egc,5.7771,5.904715639226357,True
*c1c(cc(c(c1)OC)C=C*)OCC1C2C3C(CCC3)C(C1)C2,tg,174.0,,False
*c1cc2c(C(=O)N(C2=O)c2cc(c(cc2)Oc2ccc(cc2)C(c2ccc(cc2)Oc2c(cc(cc2)N2C(=O)c3c(C2=O)cc(cc3)C(=O)*)C(F)(F)F)(C(F)(F)F)C(F)(F)F)C(F)(F)F)cc1,tg,220.0,,False
*Oc1ccc(cc1)C(c1ccc(cc1)OC(=O)*)(CCC#N)C,tg,150.0,139.05038452148438,True
*C(C*)(C(=O)OCCn1c2ccccc2c2ccccc12)C,tg,145.33,124.6078872680664,True
*Oc1ccc(OC(=O)c2ccc(C(*)=O)cc2)cc1C1CCCCCC1,egc,3.5076,,False
*NC(CC(*)=O)C(=O)OCCCC,egc,6.151,6.028344391332235,True
*CC(*)C(=O)Oc1ccc(OC)cc1,egc,4.4447,4.600138413460695,True
*Oc1ccc(cc1)C(c1ccc(cc1)OC(=O)NC(=O)c1cc(cc(c1)C(C)(C)C)C(=O)NC(=O)*)(C)C,tg,123.5,,False
*OC(COC(=O)c1cc(cc(c1)OCCCCC)C(=O)OCC(*)(F)F)(F)F,tg,14.0,,False
*CCNC(=O)CCCCCCCCCCC(=O)N*,egc,5.5657,,False
*Oc1ccc(cc1)C(c1ccc(cc1)Oc1ccc(cc1)C(=O)c1c2c(ccc1C)c(c(cc2)C)C(=O)c1ccc(cc1)*)(C)C,tg,222.0,222.45021057128906,True
*N1C(=O)c2c(C1=O)cc(cc2)C(=O)c1cc2c(C(=O)N(C2=O)CC(=O)Nc2ccc(cc2)NC(=O)C*)cc1,tg,250.0,217.37982177734375,True
*C(=O)OC(S1)=CC=C1O*,egc,4.2235,,False
*Oc1ccc(cc1)NC(=O)c1ccc(cc1)Oc1ccc(cc1)C(c1ccc(cc1)C(c1ccc(cc1)Oc1ccc(cc1)C(=O)Nc1ccc(cc1)Oc1ccc(cc1)C(c1ccc(cc1)*)(C)C)(C)C)(C)C,tg,163.0,170.0982666015625,True
*CCCCCCC(=O)N*,egc,6.0436,,False
*N1C(=O)c2c(C1=O)cc(cc2)Oc1cc2c(C(=O)N(C2=O)c2c(cc(cc2)c2cc(c(cc2)*)OCCCCCCOc2ccc(cc2)/C=C/c2ccc(cc2)F)OCCCCCCOc2ccc(cc2)/C=C/c2ccc(cc2)F)cc1,tg,124.0,,False
*NNC(=O)C=CC(=O)Nc1cc(ccc1)C=C1C(=O)C(=Cc2cc(ccc2)NC(=O)C=CC(=O)*)CC1,tg,104.6,224.2788543701172,True
*C(OC)=C(OC)c1ccc(*)s1,egc,2.5351,3.6185824482842004,True
*N1C(=O)c2c(C1=O)cc(cc2)Oc1c2c(ccc1)c(ccc2)Oc1cc2c(C(=O)N(C2=O)c2c(cc(cc2C)Cc2cc(c(c(c2)C)*)C)C)cc1,tg,281.0,,False
*OC(=O)CCCCC(*)=O,egc,6.1659,,False
*O[Si](COC(=O)CCCCCCCCC(=O)Oc1ccc(cc1)S(=O)(=O)c1ccc(cc1)Oc1ccc(cc1)C=C1C(=O)C(=Cc2ccc(cc2)Oc2ccc(cc2)S(=O)(=O)c2ccc(cc2)OC(=O)CCCCCCCCC(=O)OC[Si](*)(C)C)CC1)(C)C,tg,73.0,,False
*NC(CCCCNC(=O)NCCCCCNC(*)=O)C(=O)OC,egc,5.5834,,False
*N(CCC*)C(=O)c1ccccc1,tg,72.0,,False
*C(=O)Nc1cc(NC(=O)c2ccc(*)o2)c(N)cc1N,egc,2.8199,,False
*C(C)C(*)O,egc,6.0639,,False
*Oc1ccc(cc1)C(c1ccc(cc1)OC(=O)CCCCCCCCC(=O)*)(C)C,tg,14.25,47.48660659790039,True
*Nc1c2C(=O)c3c(C(=O)c2ccc1)c(ccc3)N[Se]*,tg,52.0,139.0092315673828,True
*N1C(=O)c2c(C1=O)cc(cc2)Oc1c(cccc1)Oc1cc2c(C(=O)N(C2=O)c2ccc(cc2)Oc2cc3c(cc2Oc2ccc(cc2)*)cccc3)cc1,tg,216.0,,False
*S(=O)(=O)NCCCCCCNC(=O)C(*)(F)F,tg,51.0,,False
*c1cc2c(C(=O)N(C2=O)c2cc(ccc2)C(=O)c2ccc(cc2)C(=O)c2cc(ccc2)N2C(=O)c3c(C2=O)cc(cc3)C(=O)*)cc1,tg,240.0,253.2498321533203,True
*NC(=O)C(C=C1)=CC=C1C(S2)=CC=C2*,egc,4.012,,False
*OC(=O)C(C(=O)OCCOCC*)CCCCC,tg,-47.0,,False
*NC(=O)CCCCCCCCCCCCCCC(=O)NCCCCCCCC*,tg,52.0,,False
*C(C*)(C(=O)OCCS(=O)(=O)c1ccc(cc1)N=Nc1ccc(cc1)N(CC)CC)C,tg,142.0,,False
*CCCCCCCCCCNC(=O)CCCCCCCC(=O)N*,egc,5.9559,,False
*c1cccc(*)c1,egc,4.1803,,False
*CCCN(*)C(=O)c1ccccc1,egc,5.2083,,False
*CC(=O)OC(=O)COc1ccc(C(C)(C)c2ccc(O*)cc2)cc1,egc,4.2779,,False
*c1ccc(cc1)*,tg,291.5,,False
*S(=O)(=O)c1ccc(cc1)Nc1ccc(cc1)C(c1ccc(cc1)Nc1ccc(cc1)*)(C(F)(F)F)C(F)(F)F,tg,145.0,,False
*CCCCCOC(=O)NC1CC1NC(=O)O*,egc,6.2104,,False
*C(=O)C(C=C1)=CC=C1OC(=S)*,egc,3.5119,,False
*N1C(=O)c2c(C1=O)cc(cc2)Oc1c(cc(cc1C)Cc1cc(c(c(c1)C)Oc1cc2c(C(=O)N(C2=O)c2c(cc(cc2C)c2cc(c(c(c2)C)*)C)C)cc1)C)C,tg,420.0,,False
*CCCCCCCCCCCCOc1ccc(C=NN=Cc2ccc(O*)cc2O)c(O)c1,egc,3.7924,3.076217548606111,True
*Oc1c(cc(cc1OC)/C=C/c1ccc(cc1)/C=C/c1cc(c(c(c1)OC)OCCCCCCCCCCCC*)OC)OC,tg,61.1,,False
*Oc1ccc(cc1)S(=O)(=O)c1c2c(ccc1)c(ccc2)S(=O)(=O)c1ccc(cc1)Oc1c(cc(cc1C)c1cc(c(c(c1)C)*)C)C,tg,262.0,291.6835021972656,True
*c1cc2c(C(=O)N(C2=O)c2cc(ccc2)C(=O)c2ccc(cc2)Cc2cc(ccc2)N2C(=O)c3c(C2=O)cc(cc3)C(=O)*)cc1,tg,265.5,,False
*c1cc2c(C(=O)N(C2=O)c2cc(c(cc2)c2c(cc(cc2)N2C(=O)c3c(C2=O)cc(cc3)C(=O)Oc2cc(c(cc2)c2c(cc(cc2)OC(=O)*)C)C)C)C)cc1,tg,177.0,236.1756591796875,True
*c1cc2c(oc(n2)c2ccc(cc2)C(c2ccc(cc2)c2oc3c(n2)cc(cc3)C(*)(c2ccccc2)C(F)(F)F)(c2ccccc2)C(F)(F)F)cc1,tg,330.0,,False
*C(C#N)=C(c1ccccc1)c1ccc(*)cc1,egc,4.0078,,False
*CC(*)c1cc(OC)ccc1OC,egc,3.8323,,False
*OC(=O)NNC(=O)CCCCCCCCC(=O)NNC(=O)OCC*,tg,63.0,45.774478912353516,True
*CCCCNC(=O)CCCCCCCC(=O)N*,egc,5.9048,,False
*c1cc2c(C(=O)N(C2=O)c2ccc(cc2)Oc2ccc(cc2)N2C(=O)c3c(C2=O)cc(cc3)C(=O)NCCN(CCNC(=O)*)c2ccc(cc2)C=Cc2ccc(cc2)[N+](=O)[O-])cc1,tg,224.0,216.6430206298828,True
*Oc1c(cc(cc1)C(c1cc(c(cc1)OC(=O)*)C)(CCC#N)C)C,tg,117.0,,False
*Nc1ccc(*)cc1C,egc,3.5769,,False
*C1C(=O)N(C(=O)C1*)c1c(cccc1)C(=O)OCCCC,tg,181.0,197.19671630859375,True
*OC(=O)c1ccc(cc1)C(=O)OCC#CC#CC*,tg,143.0,,False
*C(C*)(C(=O)OCCCCOc1cc2c(cc1)cc(cc2)C(=O)Oc1ccccc1)C,tg,88.0,,False
*N1C(=O)C2C3C4C(C(C2C1=O)C=C3)C(=O)N(C4=O)CCC*,tg,210.0,,False
*[Si](CCC*)(c1cc(ccc1)C)C,tg,-25.0,-14.00275707244873,True
*c1ccc(Oc2ccc(-n3c(=O)c4c(F)c5c(=O)n(*)c(=O)c5c(F)c4c3=O)cc2)cc1,egc,2.0451,2.0635406681698614,True
*OC(=O)c1cc(ccc1)C(=O)OCC(C(C(C*)(F)F)(F)F)(F)F,tg,23.5,10.399998664855957,True
*C=CCCCCCCC(CCCCCC*)Cl,tg,-57.0,,False
*O[Si](O[Si](C#Cc1ccc(cc1)C#C[Si](*)(C)C)(C)C)(C)C,tg,104.0,,False
*NC(=O)CCCCC(=O)NCC1CCC(CC1)C*,tg,113.0,109.7177963256836,True
*Nc1ccc(cc1)c1ccc(cc1)NC(=O)c1ccc(cc1)C(=O)*,tg,340.0,,False
*Oc1ccc(cc1)Oc1ccc(cc1)C=NCCCCCCCCCCN=Cc1ccc(cc1)*,tg,108.0,94.71505737304688,True
*C1OC(C(C(C1O)O)O*)COCO,tg,208.0,129.2278289794922,True
*N1C(=O)c2c(C1=O)cc(cc2)c1cc2c(C(=O)N(C2=O)c2cc(ccc2)Oc2cc(ccc2)Oc2cc(ccc2)*)cc1,tg,208.0,200.8248748779297,True
*CC(CO*)C(C)(C)C,egc,5.7599,5.737038455001099,True
*Oc1ccc(cc1)OC(=O)c1c(cc(cc1)C(=O)*)Sc1ccccc1,tg,181.0,,False
*C(C(C(C*)OC)C(=O)O)C(=O)O,tg,134.67,,False
*c1c([nH]c(n1)c1cc(ccc1)c1[nH]c(c(n1)c1ccc(cc1)Oc1ccc(cc1)C(=O)c1ccc(cc1)C(=O)c1ccc(cc1)Oc1ccc(cc1)*)c1ccccc1)c1ccccc1,tg,270.0,268.2701110839844,True
*N1C(=O)C2CCC3C(C2C1=O)C(=O)N(C3=O)c1ccc(cc1)Cc1ccc(cc1)*,tg,341.0,324.2757873535156,True
*c1ccc(C)c(N2CC(=O)N(*)CC2=O)c1,egc,5.1153,4.490459064788698,True
*C(F)(F)C(*)(F)OC(F)(F)C(F)(F)F,egc,8.7447,,False
*Oc1ccc(cc1)c1ccc(cc1)Oc1c(cc(cc1)C(=O)c1cc(c(cc1)*)S(=O)(=O)O)S(=O)(=O)O,tg,225.0,,False
*Oc1ccc(cc1)C1(c2c(CC1)cccc2)c1ccc(cc1)OC(=O)c1ccc(cc1)C(=O)*,tg,312.0,,False
*CC(*)(C)C(=O)OCC(=O)N1CCCC1,egc,5.0881,5.562683776083352,True
*c1cc2c(C(=O)N(C2=O)c2c(cc(c(c2C)N2C(=O)c3c(C2=O)cc(c(c3)Cl)C(=O)*)C)C)cc1Cl,tg,371.0,400.5963439941406,True
*C(C*)(C(=O)OCCCCCOc1ccc(cc1)c1ccc(cc1)C#N)C,tg,60.0,,False
*C(C*)OC(=O)C,tg,34.27,,False
*N1C(=O)c2c(C1=O)c(ccc2)c1cc2c(C(=O)N(C2=O)c2cc(ccc2)OCCCCCCCCOc2cc(ccc2)*)cc1,tg,142.0,,False
*CCOC(=O)Nc1cccc(NC(=O)O*)c1,egc,5.098,,False
*C(=C(*)C)c1ccccc1,tg,200.0,207.9897918701172,True
*C(C*)c1c(c(c(c(c1F)F)OCC(C(F)(F)F)(F)F)F)F,tg,53.0,54.100128173828125,True
*c1cc2C3(CCC(CC3)C(C)(C)C)c3c(c2cc1)ccc(c3)c1cc2C(c3c(c2cc1)ccc(c3)*)(CCCCCCCC)CCCCCCCC,tg,166.0,,False
*Oc1cc(ccc1)NC(=O)c1ccc(cc1)C(=O)Nc1ccc(cc1)*,tg,280.0,224.23817443847656,True
*OC(C(=O)N(S(=O)(=O)C(C(*)(F)F)(F)F)[Li])(C(F)(F)F)F,tg,67.0,66.1983642578125,True
*C(C*)(C(=O)OC(C(C(C(C(C(C(C(F)(F)F)(F)F)(F)F)(F)F)(F)F)(F)F)(F)F)(F)F)C,tg,49.0,,False
*NC(C)(CC)C(*)=O,egc,5.7479,,False
*CC(COCCCC)O*,egc,5.3487,5.619764721498782,True
*CCCCCCCCn1c(=O)c2cc3c(=O)n(*)c(=O)c3c(Br)c2c1=O,egc,3.5401,3.538821052738219,True
*CCc1ccc(*)o1,egc,4.9056,4.838181938400349,True
*Cc1ccc(CNC(=O)CCCCCCCCCCCCCCCCCCCCC(=O)N*)cc1,egc,5.5873,5.406091785640119,True
*C(C*)(CC(=O)OCC)C(=O)O,tg,135.0,,False
*N1C(=O)c2c(C1=O)cc(cc2)C(=O)c1cc2c(C(=O)N(C2=O)CCC[Si](O[Si](CCC*)(C)C)(C)C)cc1,tg,68.0,,False
*c1cc2c(C(=O)N(C2=O)c2ccc(cc2)OC(COc2ccc(cc2)N2C(=O)c3c(C2=O)cc(cc3)C(*)(C(F)(F)F)C(F)(F)F)CCC)cc1,tg,204.0,,False
*C(C*)C(=O)OCCCCCCCCCCCn1c2ccccc2c2ccccc12,tg,15.0,,False
*N1C(=O)C2CC3C(C2C1=O)CC(=O)N(C3=O)c1ccc(cc1)Oc1ccc(cc1)*,tg,350.0,,False
*Oc1ccc(C(c2ccc(OC(=O)c3ccc(OCCCCCCCCCCOc4ccc(C(*)=O)cc4)cc3)cc2)(C(F)(F)F)C(F)(F)F)cc1,egc,4.4545,3.9810300942859067,True
*Oc1ccc(NC(=O)c2cc(C(=O)Nc3ccc(*)cc3)cc(S(=O)(=O)c3ccccc3)c2)cc1,egc,3.3682,3.5213220521824855,True
*c1sc(c(c1c1ccccc1)c1ccccc1)c1ccc(cc1)CC(=O)Nc1ccc(cc1)NC(=O)Cc1ccc(cc1)*,tg,251.0,260.31329345703125,True
*c1ccc2c3n(c4ccc(cc4n3)Oc3cc4n5c(nc4cc3)c3cccc4c(ccc(c5=O)c34)Oc3ccc(cc3)Sc3ccc(cc3)O*)c(=O)c3cccc1c23,tg,346.0,357.1623840332031,True
*OC(COC(*)=O)COc1ccccc1,egc,5.4034,,False
*C(C*)(C(=O)OCC(C(F)(F)F)(F)F)C,tg,77.0,60.577392578125,True
*N1C(=O)N(C(=O)C1=O)c1ccc(cc1)Oc1ccc(cc1)N1C(=O)N(C(=O)C1=O)CCCCCC*,tg,172.0,184.52447509765625,True
*C=CC1=C(O)C(O)=C(*)C1,egc,1.3796,2.3532645163457944,True
*Oc1ccc(cc1)CC(NC(=O)CCc1ccc(cc1)OC(=O)CCCC(=O)*)C(=O)OCC(C)C,tg,62.0,,False
*C1(NCC(NC1)(C(=O)OCC(CSCC(COC(=O)*)(C)C)(C)C)C)C,tg,40.0,,False
*Nc1c(cc(cc1)c1cc(c(cc1)NC(=O)c1cc(ccc1)C(=O)*)OC)OC,tg,218.2,,False
*N1C(=O)c2c(C1=O)c(ccc2)Oc1ccc(cc1)Oc1c2c(C(=O)N(C2=O)c2ccc(cc2)Oc2ccc(cc2)*)ccc1,tg,263.0,257.7103271484375,True
*CCSSCCOCO*,egc,5.3189,5.515355140368653,True
*NC(S1)=CC=C1C(=O)C(S2)=CC=C2*,egc,2.2308,,False
*OCCCCOc1ncnc(n1)*,tg,-11.0,-4.650232791900635,True
*c1cc2c(C(=O)N(C2=O)c2ccc(cc2)S(=O)(=O)c2ccc(cc2)N2C(=O)c3c(C2=O)cc(cc3)C(=O)Oc2c(cc(cc2)OC(=O)*)C(C)(C)C)cc1,tg,179.0,,False
*C1C(CC(C1)C=C*)C(=O)Oc1ccccc1,tg,72.6,,False
*c1cc(-c2nc3ccccc3o2)cc(-n2c(=O)c3cc4c(=O)n(*)c(=O)c4cc3c2=O)c1,egc,2.4745,,False
*C1(C(=O)N(C(=O)C(C1)(*)C)C)C,tg,170.0,204.78167724609375,True
*CC(CCl)O*,egc,6.3441,,False
*OC(=O)c1ccc(CCCCc2ccc(C(*)=O)cc2)cc1,egc,4.8401,4.424336981754648,True
*NC(=O)c1ccc(cc1)C(=O)NCCC*,tg,180.0,157.4608612060547,True
*c1nc(ccc1)c1cc(c(cc1)Oc1ccc(cc1)C1(c2ccccc2c2ccccc12)c1ccc(cc1)Oc1c(cc(cc1)*)C(F)(F)F)C(F)(F)F,tg,182.5,226.2646484375,True
*CCCCCCCCCCCCOC(=O)NCCCCCCNC(=O)O*,egc,6.1958,6.118004440214561,True
*NC(=O)CCCCCCCCC(=O)NCc1ccc(cc1)C*,tg,115.0,,False
*Oc1ccc(Oc2ccc(C(=O)c3cccc(-c4cccc(C(=O)c5ccc(*)cc5)c4)c3)cc2)cc1,egc,3.724,,False
*C1CC(CC1)C=C*,tg,39.97,,False
*c1cccc(-c2nc3ccc(-c4ccc5nc(*)sc5c4)cc3s2)c1,egc,3.3066,,False
*C1=CC(C)C(C(=O)C(=O)C2CC3C(*)CC3(O)C2=O)C(=O)N1C,egc,2.7097,4.5591165424878435,True
*N1C(=O)C(=C(C1=O)c1ccccc1)c1ccc(cc1)C1=C(C(=O)N(C1=O)c1ccc(cc1)Oc1ccc(cc1)*)c1ccccc1,tg,275.0,,False
*N(CC(C*)O)c1cc(c(c(c1)C)N=Nc1c(cc(cc1)[N+](=O)[O-])C)C,tg,149.0,,False
*Nc1c(cc(cc1)NC(=O)c1ccc(cc1)NC(=O)CCCCCCCCC(=O)Nc1ccc(cc1)C(=O)*)C(=O)OCCCCCCCCCCCC,tg,228.5,231.2407989501953,True
*C(=O)OCC(C)(C)COC(=O)N1CC(C)N(*)CC1C,egc,5.8365,5.8326323845446035,True
*Oc1c(cc(cc1OC)*)OC,tg,171.45,181.20159912109375,True
*c1oc(nn1)c1ccc(cc1)C(=O)OCCCCCCCCOc1ccc(cc1)C=C1C(=O)C(=Cc2ccc(cc2)OCCCCCCCCOC(=O)c2ccc(cc2)*)CCC1,tg,59.0,80.65530395507812,True
*OC(C*)COc1ccc(cc1)c1ccc(cc1)C#N,tg,94.15,,False
*C(C*)(C(=O)OCCCC1CCCCC1)C,tg,41.33,,False
*C(C*)(C(=O)OCC(=O)N1CCOCC1)C,tg,128.0,117.60770416259766,True
*c1ccc2N(c3c(Sc2c1)cc(cc3)C=Cc1ccc(cc1)C=C*)c1ccc(cc1)OCCCCCCCCCCCC,tg,167.0,,False
*OP(=O)(Oc1c(cc(cc1C)S(=O)(=O)c1cc(c(c(c1)C)*)C)C)Oc1ccc(cc1)Br,tg,162.0,,False
*C(C*)c1ccc(cc1)C(=O)N(CC)CC,tg,102.0,85.99300384521484,True
*C(C*)(C(=O)OCCC(C(C(C(F)(F)F)(F)F)(F)F)(F)F)C,tg,23.0,,False
*S(=O)(=O)c1cc(ccc1)NC(=O)c1c(cc(cc1)c1cc(c(cc1)C(=O)Nc1cc(ccc1)*)C)C,tg,260.0,229.7630615234375,True
*C=Nc1ccccc1N=Cc1ccc(Sc2ccc(*)o2)o1,egc,2.7375,2.424561255493158,True
*C(C*)(C(=O)OCCC(C(C(C(C(C(F)(F)F)(F)F)(F)F)(F)F)(F)F)(F)F)F,tg,53.0,,False
*OC(=O)CCCCC(=O)OCC(CC(CC*)(C)C)C,tg,-70.0,,False
*N(c1ccc(cc1)C(=O)*)C,tg,197.0,205.5862274169922,True
*OP(=O)(N=Nc1ccc(cc1)C(=O)c1ccc(cc1)N=NP(=O)(OCc1ccc(cc1)C*)OC)OC,tg,48.0,,False
*COC(=O)Nc1ccc(Cc2ccc(NC(=O)OCc3cocc3*)cc2)cc1,egc,4.6344,,False
*OC(=O)CCC(=O)OCC(=O)NCCCCCCNC(=O)C*,tg,30.0,17.09715461730957,True
*NC(=O)c1ccc(cc1)C(=O)NCCCC(CCC*)(C)C,tg,152.0,,False
*Oc1ccc(cc1)Oc1ccc(cc1)OCCCCCCOC(=O)OCCCCCCOC(=O)OCCCCCC*,tg,-13.0,-5.926564693450928,True
*C(C*)CCCCC,tg,-45.5,,False
*C(C*)(CC(=O)OCCOC)C(=O)OCCOC,tg,29.0,,False
*Oc1c(cc(cc1)C1(c2ccccc2c2ccccc12)c1cc(c(cc1)Oc1ccc(cc1)C(=O)c1cc(ccc1)C(=O)c1ccc(cc1)*)C)C,tg,217.0,253.5070037841797,True
*OC(=O)Nc1ccc(cc1)Cc1ccc(cc1)NC(=O)OCCCCCCCCCCCC*,tg,43.0,,False
*CCOC(=O)Nc1cccc2c(NC(=O)O*)cccc12,egc,3.9352,4.5905673738919095,True
*c1cc2c(C(=O)N(C2=O)c2cc(cc(c2)C(C)(C)C)N2C(=O)c3c(C2=O)cc(c(c3)Cl)C(=O)*)cc1Cl,tg,290.0,327.1447448730469,True
*OC(=O)c1cc(ccc1)C(=O)OCCCS(=O)(=O)CCCS(=O)(=O)CCC*,tg,67.0,,False
*N=P(*)(C)C,tg,-46.0,,False
*CC#CC#CCOc1ccc(-c2ccc(O*)cc2)cc1,egc,4.0246,,False
*c1ccc(-c2nc3ccc(S(=O)(=O)c4ccc5nc(*)c(-c6ccccc6)nc5c4)cc3nc2-c2ccccc2)cc1,egc,2.8529,,False
*CCCCNC(=O)CCCCCCC(=O)N*,egc,6.0697,,False
*Oc1ccc(cc1)N1ON1c1ccc(cc1)OCCCCCCOC(=O)C(C(=O)OCCCCCC*)CCCCCCP(=O)(O)O,tg,15.0,,False
*CC(CBr)O*,egc,6.2128,,False
*CCCCCCCCCCNC(=O)CCCCCCCCCCCCCCCCC(=O)N*,egc,5.9174,5.9533124913443505,True
*CC(OC(C)=O)C1C(=O)N(c2ccccc2)C(=O)C1(*)Cl,egc,5.0889,,False
*Nc1cc(ccc1)NC(=O)c1cc(ccc1)C(=O)Nc1cc(ccc1)NC(=S)NC(=O)c1cc(ccc1)C(=O)NC(=S)*,tg,244.0,,False
*N1C(=O)c2c(C1=O)cc(cc2)c1c2c(C(=O)N(C2=O)c2cc(ccc2)OCCCc2cc(ccc2)*)ccc1,tg,178.0,,False
*Oc1ccc(cc1)N=CC=Nc1ccc(cc1)OC(=O)Nc1ccc(cc1)Cc1ccc(cc1)NC(=O)*,tg,133.0,,False
*c1ncc(s1)N*,tg,62.0,,False
*Oc1ccc(cc1)S(=O)(=O)c1ccc(cc1)OCC(C*)O,tg,161.25,151.25730895996094,True
*c1ccc(Cc2cccc(-n3c(=O)c4cc5c(=O)n(*)c(=O)c5cc4c3=O)c2)cc1,egc,2.6251,,False
*Nc6ccc(c5ccc(NC(=O)c4ccc(C3(c1ccc(C(*)=O)cc1)OC(=O)c2ccccc23)cc4)cc5)cc6,egc,3.2864,,False
*C(C*)c1c(cc(cc1)C)C,tg,98.83,,False
*CC(=O)Nc1ccc(NC(=O)CN2C(=O)c3ccc(C(=O)c4ccc5c(c4)C(=O)N(*)C5=O)cc3C2=O)cc1,egc,2.4122,,False
*C(=O)c1ccc2nc(-c3ccc(-c4nc5ccc(*)cc5nc4-c4ccccc4)cc3)c(-c3ccccc3)nc2c1,egc,3.0508,3.0527757728250347,True
*C1(c2c(C(=O)O1)cccc2)c1ccc(cc1)Oc1ccc(cc1)Oc1c2c(c(cc1)c1c3c(c(cc1)Oc1ccc(cc1)Oc1ccc(cc1)*)cccc3)cccc2,tg,198.0,,False
*CC(*)C(=O)OCCCSCCC#N,egc,5.408,4.556802881504517,True
*Oc1cc(ccc1)NC(=O)CCCCCCCCC(=O)Nc1ccc(cc1)*,tg,125.0,130.6327667236328,True
*C(C*)C(=O)Nc1cc(ccc1)Cl,tg,70.0,,False
*C(C*)(C(=O)OCc1ccc(cc1)Cl)C,tg,43.6,,False
*N1C(=O)c2c(C1=O)c(ccc2)Oc1c(cc(cc1C)Cc1cc(c(c(c1)C)Oc1c2c(C(=O)N(C2=O)c2c(cc(cc2C)Cc2cc(c(c(c2)C)*)C)C)ccc1)C)C,tg,243.0,,False
*c1[nH]c(nc1c1ccc(cc1)NC1C(=O)N(C(=O)C1)c1ccc(cc1)Cc1ccc(cc1)N1C(=O)C(CC1=O)Nc1ccc(cc1)*)c1ccc(cc1)N=Nc1ccc(cc1)[N+](=O)[O-],tg,258.0,172.55908203125,True
*C(OC(C)=O)=C(OC(C)=O)c1ccc(*)cc1,egc,3.7517,3.98136500031747,True
*OC1CCC(OC(=O)OCCCCOC(*)=O)CC1,egc,7.0064,,False
*C(=CCCC*)c1ccccc1,tg,0.0,8.531356811523438,True
*OC(C*)CC,tg,-72.01,,False
*OCOCCCC*,tg,-83.2,-73.38690948486328,True
*C1(CCCCC1)C*,tg,100.0,117.18119049072266,True
*CCCCOC(=O)C1C(=O)C2CCC1C(=O)C2C(=O)O*,egc,5.3882,,False
*Oc1c(cc(cc1C)C1(CC2C(CC1)CCCC2)c1cc(c(c(c1)C)OC(=O)c1cc(ccc1)C(=O)*)C)C,tg,261.0,,False
*CCCCCCCNC(=O)c1ccc(C(=O)N*)cc1,egc,4.6365,,False
*Oc1cc(ccc1)C(=O)NCC*,tg,106.0,,False
*C(=O)Oc1ccc(OC(=O)c2ccc3c(c2)C(=O)N(c2ccc(Oc4ccc(N5C(=O)c6ccc(*)cc6C5=O)cc4)cc2)C3=O)c(C(C)(C)C)c1,egc,2.5796,,False
*c1cc2c(C(=O)N(C2=O)c2cc(ccc2)N2C(=O)c3c(C2=O)cc(cc3)C(=O)Nc2ccc(cc2)Oc2ccc(cc2)c2ccc(cc2)Oc2ccc(cc2)NC(=O)*)cc1,tg,292.0,,False
*Oc1ccc(NC(=O)c2cc(C(=O)Nc3ccc(Oc4ccc(C5(c6ccc(*)cc6)CC6CCC5C6)cc4)cc3)cc(C(C)(C)C)c2)cc1,egc,3.5452,3.3105388011609227,True
*CCCCCCCCCCOCCCCCCCCCCOCCCCCCO*,egc,6.1357,,False
*NC(=O)c1ccc(cc1)C(=O)NCc1c(cc(c(c1)C)C*)C,tg,225.0,,False
*CC(C)(C)COC(=O)Nc1ccc(Cc2ccc(NC(=O)O*)c(C)c2)cc1C,egc,4.5157,4.815394680532029,True
*CC(*)(C#N)C(=O)OCC,egc,6.5171,6.636119876252177,True
*C(C*)c1ccc(cc1)I,tg,155.0,116.1122055053711,True
*Oc1ccc(cc1)C(c1ccc(cc1)OC(=O)OC1C(C(C1(C)C)OC(=O)*)(C)C)(c1ccccc1)c1ccccc1,tg,161.0,188.9441680908203,True
*c1cc2c(C(=O)N(C2=O)C2CCC(CC2)N2C(=O)c3c(C2=O)cc(cc3)C(=O)Oc2ccc(cc2)OC(=O)*)cc1,tg,360.0,,False
*CCOCCOCCOCCOCCOCCOC(=O)c1cccc(C(=O)O*)c1,egc,4.6176,,False
*C(C*)C(=O)OCCCCCCOc1ccc(cc1)N=Nc1ccc(cc1)[N+](=O)[O-],tg,35.8,50.57745361328125,True
*Oc1ccc(cc1)OC(=O)c1c(cc(c(c1)OCCCCCCCCCOCC1N(CCC1)c1ccc(cc1)[N+](=O)[O-])C(=O)*)OCCCCCCCCCOCC1N(CCC1)c1ccc(cc1)[N+](=O)[O-],tg,34.0,,False
*O[Si](c1cc2c(cc1)cc(cc2)[Si](*)(C)C)(C)C,tg,29.0,,False
*c1c(nnc(n1)c1nc(ccc1)c1nc(c(nn1)c1ccccc1)c1ccc(cc1)Cc1ccc(cc1)*)c1ccccc1,tg,205.0,,False
*Oc1ccc(cc1)C(c1ccc(cc1)OC(=S)*)CCC,tg,129.0,,False
*c1nc2c(c(c1c1ccccc1)c1ccccc1)cc(cc2)Oc1cc2c(nc(c(c2c2ccccc2)c2ccccc2)c2ccc(cc2)Oc2ccc(cc2)*)cc1,tg,305.0,,False
*OC(=O)c1ccc(cc1)C(=O)OCCC*,tg,53.44,,False
*CC(*)C(=O)OCC(F)(F)C(F)(F)C(F)(F)C(F)(F)C(F)(F)C(F)(F)C(F)(F)F,egc,6.2833,,False
*c1cn(*)c2ccccc12,egc,4.1935,,False
*NC(=O)CCCCCCCCCCCCCCCCCCC(=O)NCCCCC*,tg,52.0,,False
*CCN(CCOC(=O)c1cccc(C(=O)O*)c1)c1ccccc1,egc,3.0504,,False
*c1cc2c(C(=O)N(C2=O)c2ccc(cc2)N2C(=O)c3c(C2=O)cc(cc3)C(*)(C(F)(F)F)C(F)(F)F)cc1,tg,348.86,341.5686950683594,True
*c1cc2c(C(=O)N(C2=O)C2C(=O)N(C(=O)C2)c2ccc(cc2)S(=O)(=O)c2ccc(cc2)NC(=O)*)cc1,tg,145.0,,False
*C(C*)OC(=O)c1ccc(cc1)CC,tg,54.72,,False
*ON(C(F)(F)C(*)(F)F)C(F)(F)C(F)(F)Br,egc,6.7014,,False
*C(=O)c1ccc2c(c1)C(=O)N(c1cccc(Nc3nc(Nc4cccc(N5C(=O)c6ccc(*)cc6C5=O)c4)nc(N(C)C)n3)c1)C2=O,egc,2.5033,2.832408518723012,True
*C(C*)C(=O)OCC(O)C,tg,-7.0,,False
*Oc1ccc(cc1)C(c1ccc(cc1)OC(=S)*)(c1ccccc1)C,tg,181.0,,False
*c1ccc2c(c1)nc1c3cc4c(=O)n5c6cc(*)ccc6nc5c4cc3c(=O)n21,egc,2.1718,,False
*C(C*)(C(=O)Oc1c(c(c(c(c1Cl)Cl)Cl)Cl)Cl)C,tg,110.0,,False
*C(C*)C1CCC(CC1)C(C)(C)C,tg,131.0,166.57708740234375,True
*OC(C*)CBr,tg,-14.0,,False
*Nc1ccc(Cc2ccc(NC(=O)c3ccc(C(*)=O)cc3)cc2)cc1,egc,3.2294,,False
*c1n(c(nn1)c1ccc(cc1)Oc1ccc(cc1)C(c1ccc(cc1)Oc1ccc(cc1)*)(C(F)(F)F)C(F)(F)F)c1ccc(cc1)S(=O)(=O)c1ccccc1,tg,211.0,,False
*Oc1ccc(cc1)CC(NC(=O)CCc1ccc(cc1)OC(=O)COCC(=O)*)C(=O)OCC,tg,79.0,66.40887451171875,True
*OC(OC(=O)c1cc(ccc1)C(=O)OC(OCC1CCC(CC1)C*)C)C,tg,30.0,,False
*C(=CCC*)CCCCCCC,tg,-83.0,,False
*C(C*)OC(=O)c1ccccc1,tg,70.29,72.81430053710938,True
*C1C(CC(C1)C=C*)[Si](C[Si](C)(C)C)(C)C,tg,24.0,,False
*Oc1c(cc(cc1C)c1cc(c(c(c1)C)Oc1ccc(cc1)C(=O)c1cc2c(cc1)cc(cc2)C(=O)c1ccc(cc1)*)C)C,tg,270.0,,False
*c1oc2c(n1)ccc(c2)c1ccc2c(oc(n2)c2ccc(cc2)C(c2ccc(cc2)*)(C(F)(F)F)C(F)(F)F)c1,tg,345.0,,False
*C=CC1CC(*)C2C(=O)N(CCC)C(=O)C12,egc,5.2391,,False
*NNC(=O)C(*)=O,egc,5.5325,,False
*CCCCCCCCCCCCNC(=O)CCCCCCCCCCCCCCC(=O)N*,egc,5.8878,5.971462511426003,True
*C=C(*)c1cccs1,egc,3.6662,0.3908116663497555,True
*Oc1ccc(cc1)C(=O)CNc1ccc(cc1)S(=O)(=O)c1ccc(cc1)NCC(=O)c1ccc(cc1)*,tg,247.0,,False
*CCC(=O)C(=S)*,egc,3.2378,2.793380431392667,True
*Oc1ccc(cc1)C1(c2ccccc2c2ccccc12)c1ccc(cc1)Oc1ccc(cc1)C=NN=Cc1ccc(cc1)*,tg,227.0,,False
*CC(*)c1ccc(Cl)c(Cl)c1,egc,2.3069,2.812205301274392,True
*C(C*)(C(=O)Oc1ccc(cc1)C(=O)C=Cc1cc(c(cc1)OC)OC)C,tg,137.0,,False
*CC(*)C(=O)NC,egc,5.4371,5.524978449794439,True
*Oc1cc2c(C(CC2(c2ccc(cc2)OC(=O)*)C)(C)C)cc1,tg,201.7,201.00254821777344,True
*Oc1c(Cl)cc(C2(c3cc(Cl)c(OC(*)=O)c(Cl)c3)CC3CCC2C3)cc1Cl,egc,4.8308,,False
*Oc1c(cc(cc1C)S(=O)(=O)c1cc(c(c(c1)C)OCC(C*)O)C)C,tg,152.5,178.9780731201172,True
*Nc1cc(Br)c(*)cc1Br,egc,3.1464,3.903469089799875,True
*CCCC(=O)N*,egc,5.5236,6.18409009972557,True
*C(C*)C(=O)c1ccc(cc1)CCC,tg,44.0,39.58250045776367,True
*C(C*)(C(=O)OCCCCCCCCCCCCCCCC[n+]1ccc(cc1)N(C)C)C,tg,60.0,,False
*Oc1cc(ccc1)Oc1ccc(cc1)S(=O)(=O)c1ccc(cc1)Oc1ccc(cc1)C(=O)c1ccc(cc1)*,tg,167.0,,False
*Oc1ccc(cc1)OC(=O)c1cc(ccc1)Oc1cc(ccc1)C(=O)*,tg,119.0,,False
*C(=O)Oc1ccc(OC(=O)c2ccc3c(c2)C(=O)N(c2ccc(Oc4ccc(N5C(=O)c6ccc(*)cc6C5=O)cc4)cc2)C3=O)c(C)c1,egc,2.6804,,False
*Oc1ccc(cc1)C(c1ccc(cc1)OC(=O)Nc1cc(ccc1)P(=O)(c1cc(ccc1)NC(=O)*)c1ccccc1)(C)C,tg,62.0,,False
*c1c2c(c(nn1)c1ccc(cc1)Oc1ccc(cc1)C1(c3ccccc3c3ccccc13)c1ccc(cc1)Oc1ccc(cc1)*)c(c(c(c2c1ccc(cc1)F)c1ccc(cc1)F)c1ccc(cc1)F)c1ccc(cc1)F,tg,311.33,,False
*OC(=C)CC(*)=O,egc,5.0472,,False
*C(F)(F)C(S1)=CC=C1C(F)(F)O*,egc,4.9584,,False
*Oc1c(cc(cc1)OC(=O)c1ccc(cc1)C(=O)*)C(F)(F)F,tg,158.13,,False
*N1C(=O)c2c(C1=O)cc(cc2)Oc1ccc(cc1)C1(c2ccccc2c2ccccc12)c1ccc(cc1)Oc1cc2c(C(=O)N(C2=O)c2ccc(cc2)N(c2ccc(cc2)*)c2ccc(cc2)C#N)cc1,tg,279.0,,False
*c1cc2c(nc(c(n2)c2ccc(cc2)c2c(nc3c(n2)cc(cc3)C(=O)*)c2ccccc2)c2ccccc2)cc1,tg,323.79,,False
*c1oc(nn1)c1ccc(cc1)c1oc(nn1)CN1C(=O)c2c(C1=O)cc(cc2)C(c1cc2c(C(=O)N(C2=O)C*)cc1)(C(F)(F)F)C(F)(F)F,tg,214.0,,False
*OC(C)COC(=O)Cc1ccc(CC(*)=O)cc1,egc,5.1464,,False
*Oc1ccc(C(CC)(c2ccccc2)c2ccc(OC(=O)CCCCCCCCC(*)=O)cc2)cc1,egc,5.0249,,False
*Nc1ccc(cc1)C(=O)c1ccc(cc1)NC(=O)c1cc(ccc1)C(=O)*,tg,253.2,,False
*C(F)(F)C(F)(F)CC(C=C1)=CC=C1*,egc,5.1278,,False
*N1C(=O)N(C(=O)C1=O)c1c(ccc(c1)N1C(=O)N(C(=O)C1=O)CCCCCC*)C,tg,181.5,172.09291076660156,True
*OP(=O)(Oc1ccc(cc1)C(c1ccc(cc1)*)(C)C)Oc1ccc(cc1)Cl,tg,71.0,85.17999267578125,True
*Oc1cc(OC)c(*)cc1OC,egc,4.0822,4.157229187099339,True
*Nc1c(ccc(c1)NC(=O)Nc1ccc(cc1)CCc1c(cccc1)NC(=O)*)C,tg,227.0,188.145263671875,True
*CCCCCCCCCCCCOC(=O)CC=CCC(=O)O*,egc,5.9809,,False
*c1cc2c(C(=O)N(C2=O)c2cc(ccc2)P(=O)(c2cc(ccc2)N2C(=O)c3c(C2=O)cc(cc3)C(=O)*)c2cc(cc(c2)C(F)(F)F)C(F)(F)F)cc1,tg,243.0,244.56781005859375,True
*N1C(=O)c2c(C1=O)cc(cc2)C(=O)Oc1ccc(cc1)OC(=O)CCC*,tg,132.0,,False
*Oc1ccc(cc1)C(=O)OC(=O)c1ccc(cc1)OCCCCC*,tg,53.0,47.66617202758789,True
*OC(=O)c1cc(ccc1)c1cc(ccc1)C(=O)OCC(C(C(C*)(F)F)(F)F)(F)F,tg,45.0,,False
*Oc1c(cc(cc1)OC(=O)c1ccc(cc1)OCCCCCCOc1ccc(cc1)C(=O)*)N=Nc1ccc(cc1)C#N,tg,98.0,,False
*Oc1c(cc(cc1)Oc1ccc(cc1)C(=O)c1ccc(cc1)c1ccc(cc1)C(=O)c1ccc(cc1)*)c1ccccc1,tg,186.0,,False
*CCC(*)O,egc,6.3158,,False
*C(C*)c1ccc(cc1)CCCCCCCCCCCCCCCC,tg,4.5,,False
*N1C(=O)c2c(C1=O)cc(cc2)c1cc2c(C(=O)N(C2=O)c2ccc(cc2)C(=O)Nc2cc(ccc2)S(=O)(=O)c2cc(ccc2)NC(=O)c2ccc(cc2)*)cc1,tg,256.0,,False
*Oc1cc(ccc1)NC(=O)c1ccc(cc1)C(=O)Nc1cc(ccc1)OCCCCC*,tg,135.0,,False
*SC(C*)CC,tg,-50.0,-63.644893646240234,True
*NC(=O)CCCCCCCCCCCCCCCCC(=O)NCCCCCC*,tg,47.0,54.9895133972168,True
*O[Si](OC(CCC*)C)(C)C,tg,-81.0,,False
*c1cccc(-c2nc3cc(-c4ccc5[nH]c(*)nc5c4)ccc3[nH]2)c1,egc,3.5069,3.248471664715043,True
*Nc1ccc(*)cc1OCCCCCCCCCCCC,egc,3.5203,,False
*C(=O)C(C=C1)=CC=C1OC(S2)=CC=C2*,egc,3.6478,,False
*Oc1ccc(*)cc1,egc,4.035,,False
*Oc1cc(c(cc1)C(=O)c1ccccc1)c1c(ccc(c1)Oc1ccc(cc1)C(c1ccc(cc1)*)(C)C)C(=O)c1ccccc1,tg,156.0,,False
*Oc1ccc(cc1)CC(NC(=O)CCc1ccc(cc1)OC(=O)CCC(=O)*)C(=O)OCCCCCC,tg,51.2,,False
*c1cc2c(C(=O)N(C2=O)c2cc(ccc2)N2C(=O)c3c(C2=O)cc(cc3)C(=O)OCCN(CCOC(=O)*)c2ccc(cc2)N=Nc2ccc(cc2)[N+](=O)[O-])cc1,tg,210.0,,False
*NNC(=O)c1ccc(C(*)=O)cc1,egc,4.8451,,False
*OCC(C*)(COCC(F)(F)F)C,tg,-41.0,,False
*N1C(=O)c2c(C1=O)cc(cc2)Oc1cc2c(C(=O)N(C2=O)c2c(cc(c(c2)*)O)O)cc1,tg,263.0,289.0337829589844,True
*c1cc2c(C(=O)N(C2=O)c2cc3Cc4c(c3cc2)ccc(c4)N2C(=O)c3c(C2=O)cc(cc3)C(=O)*)cc1,tg,341.5,,False
*OC(=O)c1cc2c(cc1)cc(cc2)C(=O)OCCCC*,tg,65.5,,False
*OCC(C*)(CS(=O)(=O)CCCCC)CS(=O)(=O)CCCCC,tg,56.0,,False
*C(C*)(C(=O)Oc1c(ccc(c1)C)C)C,tg,111.0,112.54303741455078,True
*c1cc2c(C(=O)N(C2=O)c2cc(ccc2)P(=O)(c2cc(ccc2)N2C(=O)c3c(C2=O)cc(cc3)C(=O)Nc2ccc3Cc4c(c3c2)cc(cc4)NC(=O)*)c2ccccc2)cc1,tg,248.0,,False
*c1cc2c(C(=O)N(C2=O)c2c3c(ccc2)c(ccc3)Oc2ccc(cc2)N2C(=O)c3c(C2=O)cc(cc3)C(=O)Nc2c3c(ccc2)c(ccc3)Oc2ccc(cc2)NC(=O)*)cc1,tg,276.0,294.2744445800781,True
*N(CC*)C(=O)C(CCCC)CC,tg,33.0,1.430938720703125,True
*Nc1ccc(cc1)Cc1ccc(cc1)NC(=O)c1cc(cc(c1)N1C(=O)C2C(C1=O)CC=CC2)C(=O)*,tg,286.0,,False
*CC(*)OCCCl,egc,6.0339,5.778934316193793,True
*c1nc2c([nH]1)ccc(c2)N1C(=O)c2c(C1=O)cc(cc2)C(=O)c1cc2c(C(=O)N(C2=O)c2ccc(cc2)*)cc1,tg,412.0,,False
*c1c(nnc(n1)c1nc(ccc1)c1nc(c(nn1)c1ccccc1)c1ccc(cc1)*)c1ccccc1,tg,260.0,,False
*NC(CCCCNC(=O)NCCNC(*)=O)C(=O)OC,egc,5.4494,,False
*Oc1ccc(cc1)C(c1ccc(cc1)Oc1ccc(cc1)C(=O)c1c(c(c(c(c1c1ccccc1)c1cc2c(cc1)cccc2)c1cc2c(cc1)cccc2)c1ccccc1)C(=O)c1ccc(cc1)*)(C)C,tg,264.0,,False
*Oc1ccc(cc1)Oc1ccc(cc1)C(=O)c1c2c(c(cc1)C(=O)c1ccc(cc1)*)cccc2,tg,200.02,186.5000457763672,True
*C1(c2c(C(=O)O1)cccc2)c1ccc(cc1)Oc1ccc(cc1)C(=O)c1ccc(cc1)Oc1ccc(cc1)*,tg,218.29,238.95884704589844,True
*C#CC(=C(*)COS(=O)(=O)c1ccc(cc1)C)COS(=O)(=O)c1ccc(cc1)C,tg,-73.0,168.5462188720703,True
*CS*,egc,5.3464,,False
*N1C(=O)c2c(C1=O)cc(cc2)c1cc2c(C(=O)N(C2=O)c2ccc(cc2)Oc2ccc(cc2)C(=O)c2ccc(cc2)Oc2ccc(cc2)*)cc1,tg,253.0,252.3985137939453,True
*CC(=O)NCCCCCCNC(=O)Cc1ccc(*)s1,egc,4.7548,4.727897716433512,True
*C(C*)(C(=O)OCc1ccc(cc1)C=CC(=O)Oc1cc2c(cc1)oc(=O)cc2)C,tg,140.0,102.91930389404297,True
*S(=O)(=NP(=NP(=N*)(NCCCCCC)NCCCCCC)(NCCCCCC)NCCCCCC)NCCCCCC,tg,-17.0,,False
*N1C(=O)c2c(C1=O)cc(cc2)c1cc2c(C(=O)N(C2=O)c2cc(ccc2)Oc2ccc(cc2)*)cc1,tg,255.5,279.6612243652344,True
*N1C(=O)c2c(C1=O)cc(cc2)Oc1ccc(cc1)C1(CCCCCCCCCCC1)c1ccc(cc1)Oc1cc2c(C(=O)N(C2=O)c2ccc(cc2)Oc2ccc(cc2)C2(C3CC4CC(CC2C4)C3)c2ccc(cc2)Oc2ccc(cc2)*)cc1,tg,262.0,248.229248046875,True
*CC(CO*)(CS(C)(=O)=O)CS(C)(=O)=O,egc,5.8874,,False
*C(C*)c1cc(c(c(c1)OC)O)OC,tg,147.0,,False
*OC(CC(=O)*)CCOc1ccccc1,tg,20.0,,False
*c1cc2c(C(=O)N(C2=O)c2ccc(cc2)N2C(=O)c3c(C2=O)cc(cc3)C(=O)c2ccc(cc2)Oc2ccc(cc2)Oc2ccc(cc2)C(=O)*)cc1,tg,236.0,256.27001953125,True
*OC(=O)CCCCC(=O)OCCCCCCCCCC*,tg,-68.0,-59.076297760009766,True
*CCCCCCNC(=O)CC(=O)N*,egc,5.7541,5.785789761439416,True
*N=C(NCCCCCCCCCC*)C,tg,5.0,,False
*c1c(cc(c(c1)OC)C=C*)OCCCCCC,tg,60.0,,False
*c1cc2c(C(=O)N(C2=O)c2ccc(cc2)Cc2ccc(cc2)N2C(=O)c3c(C2=O)cc(cc3)C(=O)Nc2ccc(cc2)Oc2ccc(cc2)NC(=O)*)cc1,tg,251.0,,False
*OC(=O)OCC(C*)(C)C,tg,14.76,-5.136678218841553,True
*c1oc(cc1)C(c1oc(cc1)CNC(=O)OCc1oc(cc1)COCc1oc(cc1)COC(=O)NC*)(C)C,tg,39.0,35.44553756713867,True
*N1C(=O)c2c(C1=O)cc(cc2)C(=O)Oc1ccc(cc1)c1ccc(cc1)OC(=O)c1cc2c(C(=O)N(C2=O)CCCCCCCCCCC*)cc1,tg,97.0,90.11702728271484,True
*Oc1ccc(C(C)(c2ccc(Oc3ccc(C(=O)c4ccc(*)cc4)cc3)cc2)C(F)(F)F)cc1,egc,3.9149,,False
*OC(=O)OCCOCCOCCOC(=O)OC1COC2C(*)COC12,egc,6.4799,,False
*c1c2ccccc2c(*)n1C,egc,2.8434,2.7174528156604594,True
*Oc1ccc(cc1)NC(=O)c1ccc(cc1)C(=O)Nc1ccc(cc1)*,tg,184.75,281.4895935058594,True
*Nc1cc(ccc1)NC(=O)c1ccc(cc1)C(=O)Nc1cc(ccc1)NC(=S)NC(=O)CCCCC(=O)NC(=S)*,tg,252.0,,False
*C(C*)(C(=O)OCCCCCCOc1ccc(cc1)N=Nc1ccc(cc1)[N+](=O)[O-])C,tg,108.0,,False
*C(C*)(C(=O)OCCCCCCOc1cc2c(cc1)cc(cc2)C(=O)Oc1ccccc1)C,tg,39.0,,False
*c1sc(-c2cc(SCC(C)CC)c(*)s2)cc1SCC(C)CC,egc,1.6105,,False
*CCN*,egc,5.0274,5.5992608175299345,True
*Oc1ccc(cc1)C1(c2ccccc2c2ccccc12)c1ccc(cc1)Oc1ccc(cc1)C(=O)c1c2c(ccc1)cccc2C(=O)c1ccc(cc1)*,tg,269.0,,False
*c1oc(nn1)c1ccc(cc1)Oc1ccc(cc1)*,tg,237.67,,False
*N1C(=O)c2c(C1=O)cc(cc2)Oc1cc2c(cc1Oc1cc3c(C(=O)N(C3=O)c3ccc(cc3)Oc3c(cccc3)Oc3ccc(cc3)*)cc1)cccc2,tg,204.0,,False
*C(C*)(c1ccccc1)C,tg,148.8,178.41200256347656,True
*c1ccc(-c2ccc(-c3cc(OCCCCCCCCCCCC)c(*)s3)s2)s1,egc,1.9946,1.6583806552135005,True
*N1C(=O)c2c(C1=O)c(ccc2)Oc1ccc(cc1)Sc1ccc(cc1)Oc1c2c(C(=O)N(C2=O)c2ccc(cc2)Oc2ccc(cc2)*)ccc1,tg,234.0,,False
*OC(COC(=O)C1=C(C2C=CC1C2)C(=O)OCC(OC(=O)c1ccc(cc1)C(=O)*)CCl)CCl,tg,72.0,,False
*CC(=S)NC(=S)*,egc,2.5403,,False
*c1ccc2n(c3c(c2c1)cc(cc3)Nc1ccc(cc1)C(=O)c1ccc(cc1)N*)CC(CCCC)CC,tg,236.06,,False
*C1C(C(C(C1)C=C*)C(=O)Oc1ccccc1)C(=O)Oc1ccccc1,tg,96.5,,False
*O[Si](O[Si](O[Si](O[Si](Oc1c(cc(cc1C)c1cc(c(c(c1)C)*)C)C)(C)C)(C)C)(C)C)(C)C,tg,-16.0,,False
*NC(=O)CCCCCCCCCC*,tg,46.15,54.4807014465332,True
*N1C(=O)c2c(C1=O)cc(cc2)C(=O)Oc1ccc(cc1)c1ccc(cc1)OC(=O)CCCCCC*,tg,107.0,,False
*c1cc2c(C(=O)N(C2=O)c2ccc(cc2)Oc2ccc(cc2)Oc2ccc(cc2)N2C(=O)c3c(C2=O)cc(cc3)C(=O)Oc2ccc(cc2)OC(=O)*)cc1,tg,230.0,,False
*CCCCCCCC(=O)O*,egc,6.6609,6.626256817620763,True
*O[Si](*)(CCCOc1ccc(cc1)C(=O)OC1CC2=CCC3C(CCC4(C(CCC34)C(CCCC(C)C)C)C)C2(CC1)C)C,tg,72.08,,False
*CC(O)COc1ccc(C(C)(C)c2ccc(O*)c(Cl)c2)cc1Cl,egc,4.6702,,False
*OC(=O)C1CCC(CC1)C(=O)OCCC*,tg,-6.0,2.5634002685546875,True
*OC(=O)Nc1c(ccc(c1)NC(=O)OCCCCCCC*)C,tg,61.0,,False
*C(C*)C(=O)OCC(C(F)(F)F)(F)F,tg,-26.0,-13.215179443359375,True
*OC(CC(=O)*)COc1ccccc1,tg,20.0,37.74675750732422,True
*c1[nH]c(nc1c1ccc(cc1)Oc1ccc(cc1)C(=O)c1cc(ccc1)C(=O)c1ccc(cc1)Oc1ccc(cc1)*)c1ccccc1,tg,230.0,,False
*O[Si](*)(c1ccccc1)c1ccccc1,tg,45.8,,False
*CC(*)C(=O)NCCc1ccccn1,egc,4.133,,False
*Oc1ccc(cc1)C(c1ccc(cc1)OC(=O)c1ccc(cc1)OCCCCCCCCCCOc1ccc(cc1)C(=O)*)(C)C,tg,77.0,90.95667266845703,True
*C(=O)NNC(=O)c1cccc(C(=O)NNC(=O)c2cnc(*)cn2)c1,egc,3.3027,,False
*c1cc2c(C(=O)N(C2=O)c2ccc(cc2)NC(=O)Nc2ccc(cc2)N2C(=O)c3c(C2=O)cc(cc3)C(=O)Nc2ccc(cc2)C(=O)c2ccc(cc2)NC(=O)*)cc1,tg,212.0,245.88348388671875,True
*c1ccc2cc(-c3nc4cc5nc(*)[nH]c5cc4[nH]3)ccc2c1,egc,3.1978,2.8336289825945524,True
*OC(=O)CCc1ccc(CCC(*)=O)cc1,egc,5.0434,5.339105958043792,True
*CC(*)n1c2ccccc2c2ccccc21,egc,4.0449,,False
*c1cc2c(C(=O)N(C2=O)c2cc(c(cc2)c2c(cc(cc2)N2C(=O)c3c(C2=O)cc(cc3)C(=O)Oc2c(ccc(c2)OC(=O)*)C23CC4CC(CC(C2)C4)C3)C)C)cc1,tg,225.0,288.8425598144531,True
*OC(=O)c1ccc(cc1)[Si](c1ccc(cc1)C(=O)OCCN(CC*)c1ccc(cc1)C=Cc1ccc(cc1)[N+](=O)[O-])(C)C,tg,127.0,92.61487579345703,True
*N1C(=O)c2c(C1=O)c(ccc2)c1cc2c(C(=O)N(C2=O)c2cc(ccc2)C(=O)Nc2ccc(cc2)Oc2cc(ccc2)Oc2ccc(cc2)NC(=O)c2cc(ccc2)*)cc1,tg,253.0,,False
*C(C)=C(C)c1ccc(-c2ccc(*)s2)s1,egc,2.1828,,False
*c1nc2c([nH]1)ccc(c2)c1ccc2c(nc([nH]2)c2ccc(cc2)Nc2nc(nc(n2)Nc2ccc(cc2)*)N(c2ccccc2)c2ccccc2)c1,tg,329.0,,False
*N1C(=O)c2c(C1=O)cc(cc2)Oc1ccc(cc1)C(c1ccc(cc1)Oc1cc2c(C(=O)N(C2=O)c2ccc(cc2)Oc2ccc(cc2)C(c2ccc(cc2)Oc2ccc(cc2)*)(C)C)cc1)(C)C,tg,205.0,,False
*C(C*)C(=O)OCCCCCCCCOC(=O)c1ccc(cc1)OC(=O)c1ccc(cc1)C#N,tg,15.0,15.003555297851562,True
*N=Cc1ccc(C=Nc2sc(*)c(C#N)c2C#N)cc1,egc,1.5066,,False
*Oc1ccc(cc1)NC(=O)c1cc(cc(c1)C(C)(C)C)C(=O)Nc1ccc(cc1)*,tg,268.0,,False
*c1sc(c(c1c1ccccc1)c1ccccc1)c1ccc(cc1)CC(=O)Nc1ccc(cc1)Cc1ccc(cc1)NC(=O)Cc1ccc(cc1)*,tg,227.0,247.0184326171875,True
*C(C*)(C(=O)OCC(C(C(C(C(C(C(C(F)F)(F)F)(F)F)(F)F)(F)F)(F)F)(F)F)(F)F)C,tg,-15.0,,False
*C(=O)Nc1ccc(NC(=O)c2ccc3c(c2)C(=O)N(c2ccc(Oc4cccc5c(N6C(=O)c7ccc(*)cc7C6=O)cccc45)cc2)C3=O)cc1,egc,2.8645,,False
*N1C(=O)c2c(C1=O)c(ccc2)c1cc2c(C(=O)N(C2=O)c2cc(ccc2)Oc2cc(ccc2)Oc2cc(ccc2)*)cc1,tg,213.0,213.35081481933594,True
*c1cc2c(C(=O)N(C2=O)c2ccc(cc2)C(=O)Nc2cc(ccc2)NC(=O)*)cc1,tg,240.0,,False
*N1C(=O)c2c(C1=O)cc(cc2)Oc1ccc(cc1)C1(CCCCCCCCCCC1)c1ccc(cc1)Oc1cc2c(C(=O)N(C2=O)c2ccc(cc2)Oc2c(cc(cc2)Oc2ccc(cc2)*)C(C)(C)C)cc1,tg,262.0,,False
*N=P(*)(OCCCCCC)OCCCCCC,tg,-104.0,-86.65166473388672,True
*c1ccc2nc3c4cccc5c6nc7ccc(*)cc7nc6c6cccc(c3nc2c1)c6c45,egc,2.69,1.830407041486876,True
*c1nc(nc(n1)N(CCCCCCN(*)c1ccccc1)c1ccccc1)C,tg,67.0,,False
*c1cc2c(s1)-c1sc(*)cc1C2=C1c2ccsc2-c2sccc21,egc,1.3371,0.675198999548173,True
*S(=O)(=O)C(C*)CC(C)C,tg,23.0,,False
*CC(COc1cccc(C)c1)O*,egc,5.1113,,False
*c1cc2c(cc1OC(=O)COc1ccc3c(c1)oc(=O)cc3)oc(=O)c(c2)C(=O)Nc1ccc(cc1)NC(=O)c1c(=O)oc2c(cc(c(c2)OC(=O)COc2ccc3c(c2)oc(=O)cc3)C*)c1,tg,252.0,232.602294921875,True
*Nc1ccc(cc1)N[Se]*,tg,55.0,-61.139156341552734,True
*CCN1C(=O)C(=CCCCC=C2SC(=S)N(*)C2=O)SC1=S,egc,3.4576,2.406204336988105,True
*OC1C(CO)OC(*)C(O)C1O,egc,5.8509,,False
*C(C*)c1c(ccc(c1)c1ccc(cc1)C(=O)OC1C(CCC(C1)C)C(C)C)c1ccc(cc1)C(=O)OC1C(CCC(C1)C)C(C)C,tg,217.5,,False
*O[Si](O[Si](O[Si](C#Cc1ccc(cc1)C#C[Si](*)(C)C)(C)C)(C)C)(C)C,tg,96.0,93.88055419921875,True
*N(CCNC(=O)c1ccc(cc1)[Si](c1ccc(cc1)C(=O)NCC*)(C)C)c1ccc(cc1)/C=C/c1ccc(cc1)[N+](=O)[O-],tg,157.5,,False
*[Si](CCC*)(O[Si](CCCOc1ccc(cc1)C(=O)Oc1ccc(cc1)C#N)(C)C)C,tg,-19.1,11.75220012664795,True
*N(CC(C*)O)c1ccc(cc1)N=Nc1c(cc(cc1)[N+](=O)[O-])C,tg,156.0,,False
*N1C(=O)c2c(C1=O)cc(cc2)c1cc2c(C(=O)N(C2=O)c2cc(c(c(c2)C(=O)OCCCCCCCC)c2c(cc(cc2Br)*)C(=O)OCCCCCCCC)Br)cc1,tg,135.5,135.94358825683594,True
*c1ccc(Oc2cc3ccccc3cc2Oc2ccc(-n3c(=O)c4cc5c(=O)n(*)c(=O)c5cc4c3=O)cc2)cc1,egc,2.0632,,False
*OC(=O)CCCCCCCC(*)=O,egc,6.2617,6.407919630607146,True
*SC(C*)C,tg,-45.29,,False
*Oc1ccc(cc1)C1(CCCCCCCCCCC1)c1ccc(cc1)OC(=O)c1ccc(cc1)Oc1ccc(cc1)C1(CCC(CC1)C(C)(C)C)c1ccc(cc1)Oc1ccc(cc1)C(=O)*,tg,181.0,,False
*N1C(=O)c2c(C1=O)cc(cc2)Sc1cc2c(C(=O)N(C2=O)c2c(cc(c(c2C)*)C)C)cc1,tg,378.0,379.354736328125,True
*c1sc(*)c(OC)c1OC,egc,4.1637,2.2672826633199366,True
*C(C*)P(=O)(N(C)C)Oc1ccccc1,tg,27.0,,False
*N1C(=O)c2c(C1=O)c(ccc2)Oc1ccc(cc1)S(=O)(=O)c1ccc(cc1)Oc1c2c(C(=O)N(C2=O)c2ccc(cc2)Oc2ccc(cc2)*)ccc1,tg,267.0,264.27996826171875,True
*O[Si](c1ccc(cc1)c1ccc(cc1)[Si](*)(c1ccccc1)c1ccccc1)(c1ccccc1)c1ccccc1,tg,94.0,131.15460205078125,True
*C(C*)C(=O)OCc1c(c(c(c(c1Br)Br)Br)Br)Br,tg,181.0,85.72744750976562,True
*CC(*)O,egc,6.3648,,False
*N1C(=O)c2c(C1=O)cc(cc2)Oc1cc2c(C(=O)N(C2=O)c2cc(ccc2)OCCOCCOc2ccc(cc2)*)cc1,tg,146.5,,False
*CCCCCC(*)CC,egc,6.7743,,False
*CCCCCCCCCCOC(=O)CCC(=O)O*,egc,6.7167,,False
*c1nc2c([nH]1)ccc(c2)NC(=O)c1ccc(cc1)OCCOCCOCCOc1ccc(cc1)C(=O)Nc1ccc(cc1)*,tg,155.0,176.8031005859375,True
*O[Si](*)(CCCCCCCCCCCOc1ccc(cc1)/C=C/c1ccc(cc1)OCCCC)C,tg,-33.0,,False
*C1C=C(C)C(*)S1,egc,5.0392,,False
*OC(=O)NCCCCCCNC(=O)OCCN(CC*)c1cc(c(cc1)N=Nc1ccc(cc1)[N+](=O)[O-])C,tg,75.0,,False
*c1nc(c(c(c1F)OCC(C(C(COc1c(c(nc(c1F)F)OCC(C(C(CO*)(F)F)(F)F)(F)F)F)(F)F)(F)F)(F)F)F)F,tg,-10.0,,False
*C(=O)NC(=O)NCCCN*,egc,6.155,5.5835668851565226,True
*C(C*)C(=O)OCCC#N,tg,4.0,,False
*CCCCCCCCCCCCCCCCCC(=O)N*,egc,6.0841,,False
*CCOC(=S)NC(=S)C(C=C1)=CC=C1N*,egc,2.7606,,False
*c1c([nH]c(n1)c1ccc(cc1)c1[nH]c(c(n1)c1ccc(cc1)Oc1ccc(cc1)C(=O)c1ccc(cc1)c1ccc(cc1)C(=O)c1ccc(cc1)Oc1ccc(cc1)*)c1ccccc1)c1ccccc1,tg,273.0,,False
*c1cc2c(C(=O)N(C2=O)c2ccc(cc2)Sc2ccc(cc2)Sc2ccc(cc2)Sc2ccc(cc2)Sc2ccc(cc2)N2C(=O)c3c(C2=O)cc(cc3)C(*)(C(F)(F)F)C(F)(F)F)cc1,tg,216.0,,False
*Nc1ccc(-c2ccc(NC(=O)c3ccc(C(*)=O)cc3)cc2)cc1,egc,3.3951,3.192609713358399,True
*Oc1cccc(*)c1C#N,egc,4.3829,,False
*C(C*)(C(=O)OC1C(CCC(C1)C)C(C)C)C,tg,147.0,133.70225524902344,True
*NC(=O)CCCCCCCCCCC(=O)NCCCCCCCCCC*,tg,49.0,46.82460403442383,True
*C(C*)OCC(CC)(C)C,tg,9.0,,False
*[Si](C*)(CCCCC)CCCCC,tg,-55.0,,False
*N1C(=O)c2c(C1=O)cc(cc2)c1cc2c(C(=O)N(C2=O)c2cc(c(c(c2)C(=O)OCCCC)c2c(cc(cc2Br)*)C(=O)OCCCC)Br)cc1,tg,196.0,228.1249237060547,True
*C(C*)(C(=O)OCCN(c1ccc(cc1)N(C)C)C)C,tg,41.0,,False
*c1cc(CCCCCCO[Si](C)(C)C)c(*)s1,egc,2.5263,,False
*NC(=O)CCCCCCCCCC(=O)NCCc1ccc(cc1)CC*,tg,96.0,85.56488037109375,True
*C(C(C(C*)OC)C(=O)OC)C(=O)OC,tg,59.5,88.3884048461914,True
*c1oc(nn1)c1ccc(cc1)c1oc(nn1)CCCOc1c(cc(cc1)OCCC*)C,tg,125.5,114.04903411865234,True
*NC(=O)CCC1(c2ccccc2c2ccccc12)CCC(=O)NCCCCCC*,tg,122.0,,False
*Nc1ccc(cc1)NC(=O)CCCCCCC(=O)*,tg,138.0,135.32884216308594,True
*CC(C)(C)O*,egc,5.2445,,False
*c1sc(c(c1c1ccccc1)c1ccccc1)c1ccc(cc1)CC(=O)Nc1ccc(cc1)S(=O)(=O)c1ccc(cc1)NC(=O)Cc1ccc(cc1)*,tg,252.0,266.3912658691406,True
*OC(=O)c1ccc(cc1)C(=O)OCC(CC(CC*)(C)C)C,tg,-12.0,,False
*c1ccc(*)n1CCC(=O)OC,egc,2.7978,,False
*c1sc(cc1)c1cc(c(cc1)Oc1ccc(cc1)C(c1ccc(cc1)Oc1c(cc(cc1)*)C(F)(F)F)(C)C)C(F)(F)F,tg,123.33,,False
*C(C*)c1ccc(cc1)COCCC,tg,22.0,,False
*N1C(=O)c2c(C1=O)c(ccc2)Oc1c(cc(cc1C)c1cc(c(c(c1)C)Oc1c2c(C(=O)N(C2=O)c2c(cc(c(c2C)*)C)C)ccc1)C)C,tg,325.0,,False
*CCCCCCCCCC[n+]1ccc(-c2cc[n+](*)cc2)cc1,egc,2.5264,1.5111183373271213,True
*Cc1ccc(COC(=O)O*)cc1,egc,5.5423,,False
*OC(=O)c1c(ccc(c1)N=Nc1ccc(cc1)OCC)c1c(cc(cc1)N=Nc1ccc(cc1)OCC)C(=O)OCCCCCC*,tg,83.0,,False
*c1cc(OCCCCCCCCCC)cc(-c2nc3cc4sc(*)nc4cc3s2)c1,egc,3.4894,,False
*OC1CCC(CC1)OC(=O)OCCCCCCCOC(=O)*,tg,-5.0,-3.9803364276885986,True
*Oc1c(cc(cc1C)c1cc(c(c(c1)C)Oc1ccc(cc1)C(=O)c1ccc(cc1)*)C)C,tg,246.64,,False
*CC(*)c1ccc(C=O)cc1,egc,1.6275,2.718371146041991,True
*C=CC(=O)C=Cc1ccc(Sc2ccc(*)o2)o1,egc,2.5309,2.795021390260922,True
*c1cc2c(C(=O)N(C2=O)c2ccc(cc2)Oc2cc3c(cc2)ccc(c3)Oc2ccc(cc2)N2C(=O)c3c(C2=O)cc(cc3)C(=O)Nc2ccc(cc2)Oc2ccc(cc2)C(c2ccc(cc2)Oc2ccc(cc2)NC(=O)*)(C)C)cc1,tg,250.0,,False
*CC=CCNC(=O)CCC=CCCC(=O)N*,egc,5.3865,,False
*C(C*)C(=O)OCC(CCCC)CC,tg,-62.58,,False
*Oc1ccc(cc1)c1ccc(cc1)OC(=O)c1cc(cc(c1)CCCCC)C(=O)*,tg,138.0,,False
*Oc1cc2c(cc1OC(=O)c1ccc(cc1)Oc1ccc(cc1)C(=O)*)cccc2,tg,148.0,178.3023223876953,True
*Oc1ccc(cc1)N1ON1c1ccc(cc1)OCCCCCCOC(=O)C(C(=O)OCCCCCC*)CCCCP(=O)(O)O,tg,11.5,,False
*Oc1ccc(cc1)C(c1ccc(cc1)OC(=O)c1ccc(cc1)S(=O)(=O)c1ccc(cc1)C(=O)*)(C)C,tg,205.0,,False
*c1c(cc(c(c1)OC)C=C*)OCCc1ccccc1,tg,111.2,96.36090850830078,True
*C(C*)C(=O)OCCCCCCn1c2ccccc2c2ccccc12,tg,48.0,,False
*c1c(c(c(c(c1Cl)Cl)[Se]*)Cl)Cl,tg,104.0,144.6549835205078,True
*N1C(=O)C2C3C4C(C(C2C1=O)C=C3)C(=O)N(C4=O)C1C(CC(CC1)CC1CC(C(CC1)*)C)C,tg,241.0,296.3181457519531,True
*c1cc2C(c3c(c2cc1)ccc(c3)*)(CCCCCCCC)CCCCCCCC,tg,57.66,,False
*OC(=O)CCSCCC(=O)OCCOCCOCCOCCOCC*,tg,-47.0,,False
*c1cc2c(C(=O)N(C2=O)c2ccc(cc2)OCCOCCOCCOc2ccc(cc2)N2C(=O)c3c(C2=O)cc(cc3)C(*)(C(F)(F)F)C(F)(F)F)cc1,tg,166.0,165.2910919189453,True
*C(C*)(CC(=O)OCCCCC)C(=O)OCCCCC,tg,2.0,,False
*O[Si](O[Si](O[Si](O[Si](CC[Si](O[Si](O[Si](CC[Si](*)(c1ccccc1)c1ccccc1)(C)C)(C)C)(C)C)(c1ccccc1)c1ccccc1)(c1ccccc1)c1ccccc1)(c1ccccc1)c1ccccc1)(c1ccccc1)c1ccccc1,tg,4.5,,False
*CNC(=S)C(C=C1)=CC=C1*,egc,3.4579,3.9644803577552525,True
*Oc1ccc(cc1)Sc1ccc(cc1)OCC(CN(S(=O)(=O)c1cc(ccc1)S(=O)(=O)N(CC(C*)O)C)C)O,tg,90.0,,False
*NC(=O)C(=O)NCC(CCC*)(C)C,tg,109.0,,False
*c1cc2c(C(=O)N(C2=O)c2cc(cc(c2)c2nc3c([nH]2)cccc3)N2C(=O)c3c(C2=O)cc(cc3)C(=O)*)cc1,tg,197.0,,False
*Oc1ccc(cc1)Oc1ccc(cc1)NC(=O)c1cc(cc(c1)C(C)(C)C)C(=O)Nc1ccc(cc1)*,tg,195.5,,False
*C1C(=O)N(C(=O)C1*)c1ccc(cc1)O[Si](C(C)(C)C)(C)C,tg,169.0,,False
*OP(=O)(OCCCCCCCCCCOc1ccc(cc1)C=Cc1ccc(cc1)OCCCCCCCCCC*)OCCCCCCCCCCOc1ccc(cc1)N=Nc1ccc(cc1)Cl,tg,60.0,,False
*C(=O)Nc1ccc(C2(c3ccc(N4C(=O)c5ccc(*)cc5C4=O)cc3)CCC(C(C)(C)C)CC2)cc1,egc,2.7711,,False
*CNC(=O)N*,egc,5.4697,5.821354991439247,True
*C(C*)(C(=O)OCCCCCCCCCCCOc1ccc(cc1)C=Nc1ccc(cc1)C#N)C,tg,23.0,27.164670944213867,True
*OC(C)CCOC(=O)CCC(*)=O,egc,6.5372,6.458717182792041,True
*C(C#N)C(C#N)(C#N)*,egc,6.5693,,False
*OC(=O)OCCCCCCCCOC(=O)OC1COC2C(*)COC12,egc,6.6539,,False
*OC(=O)c1cc(c(cc1)c1c(cc(cc1)C(=O)OCC*)C)C,tg,73.0,,False
*c1cc2c(C(=O)N(C2=O)c2ccc(cc2)Sc2ccc(cc2)Oc2ccc(cc2)Sc2ccc(cc2)N2C(=O)c3c(C2=O)cc(cc3)C(*)(C(F)(F)F)C(F)(F)F)cc1,tg,232.67,235.1267852783203,True
*NC1CCC(CC1)CC(NC(=O)CCCCC(=O)*)(C)C,tg,80.0,,False
*C1C(CC(C1)C=C*)([Si](O[Si](O[Si](C)(C)C)(C)C)(C)C)C#N,tg,47.0,,False
*C(C*)(C(=O)NC1C(OC(C(C1O)O)CO)O)C,tg,100.0,,False
*Oc1c(cc(cc1OC)c1cc(c(c(c1)OC)OC(=O)c1cc(ccc1)C(=O)*)OC)OC,tg,252.0,181.06288146972656,True
*Oc1c(cc(c(c1)OCCOC)OC(=O)c1c(cc(cc1)C(=O)*)OCCOCC)OCCOC,tg,99.0,,False
*C(C*)c1cc[n+](cc1)CCCCCCCC,tg,94.5,,False
*OS(=O)(=O)c1cc(ccc1)C(=O)Oc1ccc(cc1)C(c1ccc(cc1)*)(C)C,tg,133.0,,False
*C(C*)C(=O)Oc1ccc(cc1)[N+](=O)[O-],tg,73.3,103.32513427734375,True
*c1ccc(C2C(c3ccccn3)C(*)C2c2ccccn2)cc1,egc,4.1962,4.977049380234929,True
*N1C(=O)c2c(C1=O)cc(cc2)Oc1c(cc(cc1C)C(c1cc(c(c(c1)C)Oc1cc2c(C(=O)N(C2=O)c2ccc(cc2)Oc2ccc(cc2)C(c2ccc(cc2)Oc2ccc(cc2)*)(C(F)(F)F)C(F)(F)F)cc1)C)(C)C)C,tg,244.0,,False
*N1C(=O)c2c(C1=O)c(ccc2)Oc1ccc(cc1)C(=O)c1ccc(cc1)Oc1c2c(C(=O)N(C2=O)c2cc(ccc2)*)ccc1,tg,248.0,248.95361328125,True
*C(C*)OCCCCCCCCCC,tg,-62.0,-74.31311798095703,True
*Oc1c(cc(cc1)C(=O)c1cc(ccc1)C(=O)c1cc(c(cc1)*)C(C)C)CC,tg,136.0,152.3126678466797,True
*OP(=O)(OCCOc1ccc(cc1)S(=O)(=O)c1ccc(cc1)OCC*)Oc1ccc(cc1)Br,tg,59.0,57.25827407836914,True
*c1ccc(NC(=O)c2ccc(C(=O)Nc3ccc(-c4nc5ccc(-c6ccc7nc(*)[nH]c7c6)cc5[nH]4)cc3)cc2)cc1,egc,2.5692,2.8840980613081992,True
*C(C*)(C(=O)OCCN(c1ccc(cc1)N=Nc1ccc(cc1)S(=O)(=O)Nc1nccs1)CCCC)C,tg,53.0,,False
*OC(=O)c1c(ccc(c1)N=Nc1ccc(cc1)OCC)c1c(cc(cc1)N=Nc1ccc(cc1)OCC)C(=O)OCCC*,tg,101.0,117.5943374633789,True
*c1cc(Br)c(Oc2c(Br)cc(N3C(=O)c4ccc(-c5ccc6c(c5)C(=O)N(*)C6=O)cc4C3=O)cc2Br)c(Br)c1,egc,2.9494,,False
*C(C*)(C(=O)OCCN(c1ccc(cc1)N=Nc1ccc(cc1)S(=O)(=O)Nc1noc(c1)C)CCCC)C,tg,114.0,,False
*c1cc2c(C(=O)N(C2=O)c2ccc(cc2)C(=O)Nc2ccc(cc2)S(=O)(=O)c2ccc(cc2)NC(=O)*)cc1,tg,227.33,284.94964599609375,True
*N1C(=O)C2C(C1=O)CC(CC2)C1CC2C(C(=O)N(C2=O)c2ccc(cc2)Oc2ccc(cc2)C(c2ccc(cc2)Oc2ccc(cc2)*)(C)C)CC1,tg,225.0,238.1287384033203,True
*Oc1ccc(cc1)C(=O)c1ccc(cc1)OCCCCCCOC(=O)OCCCCCCCCCCOC(=O)OCCCCCC*,tg,-13.0,,False
*c1ccc(Oc2ccc(-c3nnc(*)o3)cc2)cc1,egc,3.7488,3.6358897286162697,True
*Oc1ccc(cc1)S(=O)(=O)c1ccc(cc1)Oc1c(cc(cc1)C(c1cc(c(cc1)*)N)(C)C)N,tg,230.4,,False
*c1c2C(=O)N(C(=O)c2c(c2ccccc12)c1ccc(cc1)Oc1c(cc(cc1)c1nc(ccc1)c1cc(c(cc1)Oc1ccc(cc1)*)C(F)(F)F)C(F)(F)F)c1ccccc1,tg,298.0,278.32049560546875,True
*N1C(=O)c2c(C1=O)cc(cc2)Oc1cc2c(C(=O)N(C2=O)c2cc(cc(c2)OCCCC)*)cc1,tg,237.0,,False
*NC(=O)CCCC(=O)NCc1c(c(c(c(c1C)C)C*)C)C,tg,192.0,,False
*CC(*)(C)C(=O)NCCC,egc,5.7916,5.63618016075256,True
*c1nc2c(c(c1)c1ccccc1)cc(cc2)c1cc2c(nc(cc2c2ccccc2)c2ccc(cc2)c2ccc(cc2)c2ccc(cc2)*)cc1,tg,351.67,,False
*c1ccc(-c2ccc(-c3ccc4nc(Oc5cc(-c6ccccc6)c6cc(*)ccc6n5)cc(-c5ccccc5)c4c3)cc2)cc1,egc,3.3775,3.2833907833383478,True
*Oc1ccc(cc1)S(=O)(=O)c1ccc(cc1)Oc1ccc(cc1)C(=O)c1cc(cc(c1)I)C(=O)c1ccc(cc1)*,tg,203.0,,False
*c1sc2cc3c(cc2n1)sc(n3)c1ccc(cc1)Oc1cc(ccc1)n1c(=O)c2cc3c(cc2c1=O)c(=O)n(c3=O)c1cc(ccc1)Oc1ccc(cc1)*,tg,400.0,,False
*NC(=O)NC(C=C1)=CC=C1*,egc,4.3867,,False
*OC(=O)CCCCCCCCC(=O)OC/C=C\C*,tg,-41.0,-44.405391693115234,True
*Oc1ccc(cc1)C(=Cc1ccc(cc1)OCC(COC(=O)CCCCCCCCC(=O)OCC(C*)O)O)C,tg,30.0,,False
*Oc1ccc(cc1)CC(NC(=O)CCc1ccc(cc1)OC(=O)CCC(CC(=O)*)C)C(=O)OCc1ccccc1,tg,55.0,,False
*C(C*)c1ccc(cc1)COC,tg,77.0,,False
*[Si](CCC*)(c1ccc(cc1)N(C)C)c1ccccc1,tg,52.0,,False
*Oc1ccc(cc1)Oc1ccc(cc1)OCCCCCCOC(=O)OCCCCCCCCCCCCOC(=O)OCCCCCC*,tg,-22.0,,False
*N1C(=O)c2c(C1=O)cc(cc2)C(c1cc2c(C(=O)N(C2=O)CCN(CC*)c2ccc(cc2)N=Nc2ccc(cc2)C=O)cc1)(C(F)(F)F)C(F)(F)F,tg,170.0,,False
*Oc1ccc(cc1)C(=Cc1ccc(cc1)c1ccc(cc1)C=C(c1ccc(cc1)OC(=O)CCCCCCCCC(=O)*)c1ccccc1)c1ccccc1,tg,111.0,,False
*N1C(=O)c2c(C1=O)cc(cc2)c1cc2c(C(=O)N(C2=O)c2cc(cc(c2)C(=O)NCCCCCCCCCCCC)*)cc1,tg,243.1,203.0906982421875,True
*CC(*)=C,egc,5.3034,3.460410523988092,True
*C(=C*)c1c(c(c(c(c1F)F)CCCC)F)F,tg,110.0,,False
*OC(CC(=O)*)CCCCC,tg,-34.5,,False
*CCCOCCOCCOC(=O)Nc1ccc(C)c(NC(=O)O*)c1,egc,5.0994,5.163512268999314,True
*C#Cc1cc(CCCCCC)c(*)s1,egc,1.5751,,False
*c1nc2cc3c(cc2nc1)ncc(n3)c1ccc(cc1)*,tg,392.0,,False
*C1C(=O)OC(=O)C1C(C*)OC(C)C,tg,142.0,,False
*Oc1ccc(cc1)c1ccc(cc1)Oc1ccc(cc1)C(=O)c1c(c(c(c(c1c1ccc(cc1)F)c1ccc(cc1)F)c1ccc(cc1)F)c1ccc(cc1)F)C(=O)c1ccc(cc1)*,tg,275.0,,False
*Oc1cccc(Oc2cccc(*)n2)c1,egc,4.536,,False
*Oc1ccc(cc1)CC(NC(=O)Cc1ccc(cc1)OC(=O)CCCC(=O)*)C(=O)OCCCCCCCC,tg,38.0,40.7852668762207,True
*c1cc2c(C(=O)N(C2=O)c2cc(cc(c2)C(F)(F)F)Oc2c(cc(cc2C)c2cc(c(c(c2)C)Oc2cc(cc(c2)C(F)(F)F)N2C(=O)c3c(C2=O)cc(cc3)C(*)(C(F)(F)F)C(F)(F)F)C)C)cc1,tg,264.8,,False
*C(C*)C(=O)OCCCCC,tg,-57.0,-57.98287582397461,True
*Oc1ccc(cc1)C1(c2ccccc2c2ccccc12)c1ccc(cc1)Oc1ccc(cc1)C=CC(=O)c1ccc(cc1)*,tg,195.0,,False
*OC(=O)NC(=O)c1ccc(cc1)C(=O)NC(=O)OCC(C*)CCCCCCCCCCCC,tg,75.0,,False
*c1oc(nn1)c1c(cc(cc1)*)OCCCCCCCCCC,tg,165.0,,False
*C(=O)Nc1ccc(NC(=O)c2ccc3c(c2)C(=O)N(c2cccc(N4C(=O)c5ccc(*)cc5C4=O)c2)C3=O)cc1,egc,2.9484,,False
*Oc1cc2c(cc1)cc(cc2)Oc1ccc(cc1)S(=O)(=O)c1ccc(cc1)*,tg,231.0,,False
*N1C(=O)c2c(C1=O)cc(cc2)Oc1ccc(cc1)C1(CCC(CC1)c1ccccc1)c1ccc(cc1)Oc1cc2c(C(=O)N(C2=O)c2ccc(cc2)Oc2ccc(cc2)C2(C3CCC(C2)C3)c2ccc(cc2)Oc2ccc(cc2)*)cc1,tg,245.0,,False
*C(=C(*)Cl)CCCCCCCC,tg,90.0,,False
*OC1CCCCC1OC(*)=O,egc,6.7044,,False
*C1C(=O)N(C(=O)C1C(C*)c1ccccc1)C(C)(C)C,tg,178.0,187.80218505859375,True
*CC(=S)NO*,egc,3.435,3.9767851533888403,True
*C(C*)(CC(=O)OCCCC)C(=O)OCCCC,tg,22.38,,False
*OC(=O)c1cc(ccc1)C(=O)OCc1ccc(cc1)C*,tg,143.0,,False
*C(=O)NC1CCCC(*)O1,egc,6.2047,,False
*N1C(=O)c2c(C1=O)cc(cc2)C(c1cc2c(C(=O)N(C2=O)CC(=O)Nc2ccc(cc2)Oc2ccc(cc2)Oc2ccc(cc2)NC(=O)C*)cc1)(C(F)(F)F)C(F)(F)F,tg,242.0,,False
*OC(=O)CCCCCCCCCCCCCCCCC(*)=O,egc,6.1592,6.417047598687563,True
*N1C(=O)c2c(C1=O)cc(cc2)Oc1cc2c(C(=O)N(C2=O)c2cc(c(cc2)c2c(cc(cc2)*)C)C)cc1,tg,309.67,308.8530578613281,True
*c1cc2c(C(=O)N(C2=O)c2ccc(cc2)c2sc(c(c2c2ccccc2)c2ccccc2)c2ccc(cc2)N2C(=O)c3c(C2=O)cc(cc3)C(=O)Nc2ccc(cc2)Cc2ccc(cc2)NC(=O)*)cc1,tg,253.0,,False
*N1C(=O)c2c(C1=O)cc(cc2)C(=O)Oc1ccc(cc1)OC(=O)CCCCCCCCCCC*,tg,58.0,,False
*c1nc2c([nH]1)ccc(c2)c1ccc2c(nc([nH]2)CCCCCCCC*)c1,tg,234.0,,False
*c1ccc(-c2ccc3nc(Oc4cc(-c5ccccc5)c5cc(*)ccc5n4)cc(-c4ccccc4)c3c2)cc1,egc,3.4645,3.467197801582523,True
*Oc1ccc(cc1)Oc1ccc(cc1)C(=O)c1ccc(cc1)*,tg,150.4,153.388916015625,True
*Oc1ccc(cc1)C(c1ccc(cc1)OC(=O)*)c1ccccc1,tg,150.6,,False
*Oc1ccc(cc1)Oc1ccc(cc1)NC(=O)c1ccc(cc1)Oc1ccc(cc1)Oc1ccc(cc1)C(=O)Nc1ccc(cc1)*,tg,236.0,,False
*CCCCCCNC(=O)CCCCCCCCCCCCCCCCC(=O)N*,egc,5.8888,,False
*c1cc2c(cc1)oc(=O)c(c2)C(=O)Nc1ccc(cc1)Oc1ccc(cc1)NC(=O)c1c(=O)oc2c(cc(cc2)C*)c1,tg,312.0,,False
*OC(C*)COC(OCC)C,tg,-67.0,,False
*N1C(=O)c2c(C1=O)cc(cc2)c1cc2c(C(=O)N(C2=O)c2cc(c(c(c2)C(=O)OCCCCCCCCCCCCCC)c2c(cc(cc2Br)*)C(=O)OCCCCCCCCCCCCCC)Br)cc1,tg,98.0,,False
*C(C*)OC(=O)OCC(F)(F)F,tg,57.0,,False
*C(C*)(C(=O)OCCOCCOc1ccc(cc1)N=Nc1ccc(cc1)C#N)C,tg,57.0,59.94589614868164,True
*N1C(=O)c2c(C1=O)cc(cc2)c1cc2c(C(=O)N(C2=O)c2ccc(cc2)Oc2cc(ccc2)Oc2ccc(cc2)*)cc1,tg,220.0,,False
*c1sc(cc1CCCCCCOC(=O)COc1ccccc1)c1sc(cc1)*,tg,79.0,,False
*CC(*)c1ccc(Cl)c(C)c1,egc,4.762,4.122294585880167,True
*C(C*)c1ccc(cc1)C(=NO)Cc1ccccc1,tg,111.0,82.57258605957031,True
*Oc1ccc(C(C)c2ccc(OC(*)=O)c(C)c2)cc1C,egc,5.159,4.849337775212186,True
*CCCCCCCCCCOC(=O)c1ccc2cc(C(=O)O*)ccc2c1,egc,3.7577,,False
*Nc1ccc(cc1)Cc1ccc(cc1)NC(=O)CCCCCCCC(=O)*,tg,140.0,,False
*Oc1c(cc(cc1C)C1(c2ccccc2c2ccccc12)c1cc(c(c(c1)C)OC(=O)c1cc(ccc1)C(=O)*)C)C,tg,315.0,,False
*C(=O)c1ccc(N(*)C)cc1,egc,4.3942,,False
*OC(=O)CCCCCCCCC(=O)OCCCCCCCCCC*,tg,-53.0,,False
*Oc1ccc(cc1)S(=O)(=O)c1ccc(cc1)Oc1ccc(cc1)NC(=O)c1ccc(cc1)Oc1ccc(cc1)C(c1ccc(cc1)C(c1ccc(cc1)Oc1ccc(cc1)C(=O)Nc1ccc(cc1)*)(C)C)(C)C,tg,177.0,,False
*Oc1ccc(cc1)C1(CCC(CC1)C(C)(C)C)c1ccc(cc1)OC(=O)c1ccc(cc1)C(=O)*,tg,210.0,,False
*Oc1ccc(cc1)C(c1ccc(cc1)Oc1ccc(cc1)C(=O)c1ccc(cc1)C(=O)c1ccc(cc1)*)(C)C,tg,156.4,,False
*CC(C)(C)COC(=O)NC1CCC(CC2CCC(NC(=O)O*)CC2)CC1,egc,5.9159,,False
*C1C(=O)N(C(=O)C1*)c1cc(c(c(c1)Br)O[Si](C(C)(C)C)(C)C)Br,tg,164.0,,False
*C(=O)NNC(=O)c1cccc(C(=O)NNC(=O)c2ccc(*)nc2)n1,egc,3.6092,3.4634306656099203,True
*c1nc2c(nc1c1ccccc1)cc(cc2)Oc1cc2c(nc(c(n2)c2ccccc2)c2ccc(cc2)*)cc1,tg,304.0,,False
*C(C*)(C(=O)OCCCCCC)C#N,tg,86.0,,False
*NC(=O)CCP(=O)(CCC(=O)NCCCCCCCC*)C,tg,52.0,49.77531051635742,True
*C(CC(C*)(F)F)(C(F)(F)F)C(F)(F)F,tg,132.0,,False
*CCCCCCNC(=O)CCCCC(=O)NCC(=O)N*,egc,5.8188,,False
*Nc1ccc(cc1)C1(c2ccccc2c2ccccc12)c1ccc(cc1)NC(=O)c1ccc(cc1)C(=O)*,tg,319.0,,False
*Oc1ccc(cc1)CC(=O)NCCCCCCNC(=O)C*,tg,69.5,,False
*Oc1c(cc(cc1OC)/C=C/c1ccc(cc1)/C=C/c1cc(c(c(c1)OC)OCCCCCC*)OC)OC,tg,90.0,,False
*C(=O)c1ccc2c(c1)C(=O)n1c-2nc2ccc(-c3ccc4c(c3)nc3n4C(=O)c4ccc(*)cc4-3)cc21,egc,2.4234,,False
*CC(=S)C(C=C1)=CC=C1O*,egc,2.734,,False
*OC(=O)c1cc(ccc1)C(=O)OCCN(CC*)c1ccc(cc1)N=Nc1ccc(cc1)c1nc2c(n1CC)cc(cc2)[N+](=O)[O-],tg,147.0,141.2927703857422,True
*c1cocc1C[Ge](C*)(C)C,tg,-28.0,79.85186004638672,True
*Oc1c(cc(cc1)Oc1ccc(cc1)C(=O)c1ccc(cc1)*)c1ccccc1,tg,155.67,164.8507843017578,True
*NC(=O)c1c(cc(cc1)C(=O)NCCCCCC*)Oc1ccccc1,tg,108.0,107.53986358642578,True
*c1cc2c(C(=O)N(C2=O)c2c(cc(cc2C)c2cc(c(c(c2)C)N2C(=O)c3c(C2=O)cc(cc3)C(=O)Nc2c(cc(cc2)Cc2cc(c(cc2)NC(=O)*)C)C)C)C)cc1,tg,329.0,,False
*C(C*)C(=O)NC(CS(=O)(=O)O)(C)C,tg,86.33,,False
*N1C(=O)c2c(C1=O)c(ccc2)Oc1cc(ccc1)Oc1c2c(C(=O)N(C2=O)c2cc(ccc2)*)ccc1,tg,241.0,230.00860595703125,True
*C(=O)NNC(=O)c1ccc(C(=O)NNC(=O)c2ccc(*)nc2)s1,egc,3.3177,,False
*Oc1ccc(cc1)S(=O)(=O)c1ccc(cc1)Oc1ccc(cc1)C(=C)c1ccc(cc1)*,tg,167.0,,False
*C(C=C1)=CC=C1C(C=C2)=CC=C2C(S3)=CC=C3C(=S)*,egc,2.3302,,False
*Nc1cc(cc(c1)C(=O)OCCN(c1ccc(cc1)C#N)C)NC(=O)c1cc(cc(c1)OCCN(c1ccc(cc1)S(=O)(=O)C(C(C(C(C(C(C(C(F)(F)F)(F)F)(F)F)(F)F)(F)F)(F)F)(F)F)(F)F)C)C(=O)*,tg,157.0,,False
*CCCC(C)CC(=O)N*,egc,6.0894,,False
*Oc1cc(c(cc1)c1c(cc(cc1)OC(=O)c1cc(c(cc1)c1c(cc(cc1)C(=O)*)C(F)(F)F)C(F)(F)F)C(=O)OCCCCCCCCCCCOc1ccc(cc1)c1ccc(cc1)C#N)C(=O)OCCCCCCCCCCCOc1ccc(cc1)c1ccc(cc1)C#N,tg,50.0,,False
*c1cc2c(C(=O)N(C2=O)c2ccc(cc2)OCCN(CCOc2ccc(cc2)N2C(=O)c3c(C2=O)cc(cc3)C(*)(C(F)(F)F)C(F)(F)F)c2ccccc2)cc1,tg,170.0,,False
*CCCCCOC(=O)NCCSCCCCCCSCCNC(=O)O*,egc,5.1243,5.17912998606223,True
*N1C(=O)c2c(C1=O)cc(cc2)Oc1cc2c(C(=O)N(C2=O)c2c(cc(cc2)Cc2cc(c(cc2)*)C(C)(C)C)C(C)(C)C)cc1,tg,216.0,301.2226257324219,True
*Oc1c(cc(cc1)OC(=O)c1cc(ccc1)Sc1ccc(cc1)OC(=O)c1ccc(cc1)C(=O)Oc1ccc(cc1)Sc1cc(ccc1)C(=O)*)c1ccccc1,tg,128.0,,False
*C(C*)(C(=O)OCCN(c1ccc(cc1)N=Nc1c2c(c(cc1)[N+](=O)[O-])cccc2)CC)C,tg,116.0,,False
*C(=O)NCCCCCCNC(=O)c1ccncc1*,egc,4.5298,,False
*C1CC2CC1C(*)C2CCCC,egc,6.1498,6.330756099320834,True
*N1C(=O)c2c(C1=O)cc(cc2)c1cc2c(C(=O)N(C2=O)c2cc(cc(c2)C(=O)NCCCCCCCC)*)cc1,tg,245.5,,False
*C(C*)(C(=O)OCCCCCC(=O)Oc1ccc(cc1)OC(=O)c1ccc(cc1)OCC)C,tg,43.0,43.031490325927734,True
*C(C*)c1ccc(cc1)C(=O)C(F)(F)F,tg,95.0,,False
*c1oc(nn1)c1ccc(cc1)Oc1c2c(ccc1)c(ccc2)NC(=O)c1ccc(cc1)Oc1ccc(cc1)C(=O)Nc1c2c(ccc1)c(ccc2)Oc1ccc(cc1)*,tg,248.0,261.6551818847656,True
*CCC(C)CO*,egc,6.1714,6.45514721753155,True
*CCCCCCCCc1nc2ccc(-c3ccc4nc(*)oc4c3)cc2o1,egc,4.2242,4.250546826775591,True
*c1n(cnc1C(=O)NCCNC(=O)*)C,tg,189.0,,False
*OC(=O)c1cc2c(cc1)cc(cc2)C(=O)OCCCCCC*,tg,59.33,48.02656173706055,True
*Oc1ccc(cc1)C(=O)Nc1c(ccc(c1)C(c1cc(c(cc1)C)NC(=O)c1ccc(cc1)OC(=O)c1ccc(cc1)C(=O)*)(C(F)(F)F)C(F)(F)F)C,tg,213.0,,False
*Oc1ccc(cc1)CC(NC(=O)CCc1ccc(cc1)OC(=O)COCCOCC(=O)*)C(=O)OC,tg,63.0,,False
*C(C*)C(=O)OCCCOCC,tg,-61.5,,False
*S(=O)(=O)C(C=CC*)CC,tg,70.1,,False
*NC(=O)C(C=C1)=CC=C1C(C=C2)=CC=C2*,egc,3.3965,,False
*CC(*)(Br)Br,egc,5.2567,,False
*CC(C)(C=O)C(F)(F)C(*)([2H])[2H],egc,5.5464,6.796609837459645,True
*N1C(=O)C(CC1=O)SCCCCCSC1C(=O)N(C(=O)C1)c1ccc(cc1)C(=O)OCC(NC(=O)c1ccc(cc1)*)CC,tg,91.0,,False
*NC(C)CCCCC(*)=O,egc,5.5854,,False
*Oc1ccc(cc1)NC(=O)c1cc(ccc1)C(=O)Nc1ccc(cc1)Oc1ccc(cc1)C(=O)c1ccc(cc1)*,tg,145.0,,False
*OC(=O)NCCCCCCNC(=O)OCC(C*)(C(=O)O)C,tg,-26.0,,False
*NC(C)CC(*)=O,egc,5.711,,False
*C(C*)(F)F,tg,-28.45,,False
*C(C*)OC(=O)OCCC(C(C(C(C(C(F)(F)F)(F)F)(F)F)(F)F)(F)F)(F)F,tg,37.0,,False
*NC(=O)c1cc(cc(c1)C(C)(C)C)C(=O)NCC1CCC(CC1)C*,tg,236.0,186.94500732421875,True
*Oc1ccc2c(c1)C(=O)N(Oc1ccc(C(N3C(=O)CC(*)C3=O)(C(F)(F)F)C(F)(F)F)cc1)C2=O,egc,3.5205,,False
*N1C(=O)c2c(C1=O)cc(cc2)S(=O)(=O)c1cc2c(C(=O)N(C2=O)c2c(ccc(c2)*)C)cc1,tg,312.0,330.3288269042969,True
*Nc1ccc(C#Cc2ccc(C(*)=O)cc2)cc1,egc,2.946,3.000805474285157,True
*Oc1ccc(cc1)Cc1ccc(cc1)OC(=O)c1cc(ccc1)C(=O)*,tg,150.0,,False
*Oc1ccc(cc1)S(=O)(=O)c1cc2c(cc1)cc(cc2)S(=O)(=O)c1ccc(cc1)Oc1c(cc(cc1C)c1cc(c(c(c1)C)*)C)C,tg,280.0,282.6682434082031,True
*N(c1ccc(cc1)C(c1ccc(cc1)*)c1ccc(cc1)[N+](=O)[O-])c1ccc(cc1)C,tg,215.0,,False
*Oc1ccc(Oc2ccc(C(=O)c3ccccc3-c3ccccc3C(=O)c3ccc(*)cc3)cc2)cc1,egc,3.3644,,False
*C(C*)c1ccc(cc1)C(CCN1CCOCC1)O,tg,50.0,78.33485412597656,True
*Oc1ccc(cc1)c1ccc(cc1)OC(*)(Oc1ccccc1)Oc1ccccc1,tg,112.0,,False
*c1cc2c(C(=O)N(C2=O)c2ccc(cc2)C(c2ccc(cc2)C(c2ccc(cc2)N2C(=O)c3c(C2=O)cc(cc3)C(*)(C(F)(F)F)C(F)(F)F)(C)C)(C)C)cc1,tg,235.4,,False
*c1cc2c(C(=O)N(C2=O)c2c(cc(cc2C)Cc2cc(c(c(c2)C)N2C(=O)c3c(C2=O)cc(cc3)C(=O)OCCN(CCOC(=O)*)c2ccc(cc2)C(=C(C#N)C#N)C#N)C)C)cc1,tg,208.0,,False
*C=NN=Cc1cc(CCCCCCCCCCCC)c(*)s1,egc,1.846,,False
*Oc1c(cc(cc1)Oc1ccc(cc1)C(=O)c1ccc(cc1)*)c1ccc(cc1)Oc1ccccc1,tg,146.0,160.9613494873047,True
*c1nc(nc(n1)c1ccc(cc1)Oc1ccc(cc1)C(c1ccc(cc1)Oc1ccc(cc1)*)(c1ccccc1)c1ccccc1)c1ccccc1,tg,261.0,271.10906982421875,True
*OC(=O)CCCC(=O)OCCOCC*,tg,-55.0,-56.48617172241211,True
*OC(=O)c1ccc(cc1)C(=O)OCC(C*)C,tg,55.0,,False
*Nc1ccc(cc1)NC(=O)c1c(ccc(c1)c1cc(c(cc1)C(=O)O)C(=O)*)C(=O)O,tg,248.4,215.961181640625,True
*CCCOc1ccc(C(=O)OC(=O)c2ccc(O*)cc2)cc1,egc,4.317,,False
*c1ccc(Cc2ccccc2-n2c(=O)c3cc4c(=O)n(*)c(=O)c4cc3c2=O)cc1,egc,2.9239,,False
*Oc1ccc(cc1)S(=O)(=O)c1ccc(cc1)Oc1c(cc(c(c1C)Br)C(c1c(c(c(c(c1)C)*)C)Br)(C)C)C,tg,275.4,289.7044372558594,True
*OC(=O)C(C(=O)OCCC[Sn](CCC*)(C)C)CCCCCCOc1ccc(cc1)c1ccc(cc1)OCc1ccc(cc1)[N+](=O)[O-],tg,40.5,19.421165466308594,True
*C(C*)OC(=O)CC1CCCCC1,tg,25.0,42.90483474731445,True
*N1C(=O)c2c(C1=O)cc(cc2)c1cc2c(C(=O)N(C2=O)c2cc(ccc2)C(=O)Nc2ccc(cc2)Oc2ccc(cc2)c2ccc(cc2)Oc2ccc(cc2)NC(=O)c2cc(ccc2)*)cc1,tg,270.0,,False
*c1cc2c(C(=O)N(C2=O)c2c(cc(cc2)c2cc(c(cc2)N2C(=O)c3c(C2=O)cc(cc3)C(=O)*)OCCCCCCOc2ccc(cc2)/C=C/c2ccc(cc2)F)OCCCCCCOc2ccc(cc2)/C=C/c2ccc(cc2)F)cc1,tg,128.0,137.1455535888672,True
*c1cncc(-c2nc3ccc(-c4ccc5nc(*)sc5c4)cc3s2)c1,egc,3.1882,,False
*OC(CCCCC)CC(*)=O,egc,6.5462,,False
*Nc1ccc(NC(=O)CCCCCCCCC(*)=O)cc1,egc,4.5375,,False
*N1C(=O)c2c(C1=O)cc(cc2)Oc1cc2c(C(=O)N(C2=O)c2cc(ccc2)Oc2ccc(cc2)Oc2cc(ccc2)*)cc1,tg,204.0,,False
*c1oc(nn1)c1ccc(cc1)C(=O)OCCCCCCCCCCOc1ccc(cc1)C=C1C(=O)C(=Cc2ccc(cc2)OCCCCCCCCCCOC(=O)c2ccc(cc2)*)CCCC1,tg,74.0,87.44989013671875,True
*CC(S1)=CC=C1C(C=C2)=CC=C2O*,egc,4.0623,4.001055860081243,True
*C1C2C(C(=O)N(C2=O)c2ccc(cc2)F)C(C1)C=C*,tg,225.0,,False
*Oc1c2c(ccc1)ccc(c2)Oc1ccc(cc1)NC(=O)c1ccc(cc1)Oc1ccc(cc1)S(=O)(=O)c1ccc(cc1)Oc1ccc(cc1)C(=O)Nc1ccc(cc1)*,tg,218.0,,False
*Oc1cc(c(cc1)OC(COCCCCCCCOc1ccc(cc1)c1ccc(cc1)C(=O)*)C)[N+](=O)[O-],tg,50.0,,False
*CC(S1)=CC=C1C(=O)C(S2)=CC=C2*,egc,3.4685,,False
*C(C*)c1ccc(cc1)c1ccccc1,tg,161.0,137.7505645751953,True
*CCCCCNC(=O)CCCCCCCCC(=O)N*,egc,5.6828,,False
*C(=CCC*)c1ccccc1,tg,36.62,,False
*COC1CC2CC(O*)C1C2,egc,5.9517,,False
*Oc1ccc(cc1)C(c1ccc(cc1)Oc1ccc(cc1)C(=O)Nc1cc(c(cc1)c1c(cc(cc1)NC(=O)c1ccc(cc1)*)C(F)(F)F)C(F)(F)F)(C)C,tg,250.0,209.9757843017578,True
*c1ccc2[nH]c(*)nc2c1,egc,3.9385,,False
*Nc1ccc(*)cc1Br,egc,3.3506,,False
*CCOC(=O)c1ccc2ccc(C(=O)O*)cc2c1,egc,3.9507,,False
*O[Si](c1c(cc(c(c1)OCCO)[Si](*)(C)C)OCCO)(C)C,tg,73.0,,False
*Nc1cc(*)ccc1C,egc,4.116,,False
*CCCCCCCCCCCCNC(=O)CCP(C)(=O)CCC(=O)N*,egc,5.7027,5.636465751948009,True
*c1ccc(-n2c(=O)c3ccc4c5cc6c(*)ccc6n5c(=O)c-4cc3c2=O)cc1C,egc,0.896,,False
*Oc1ccc(cc1)C(=O)c1ccc(cc1)OCCCCCCOC(=O)OCCCCCCCCOC(=O)OCCCCCC*,tg,-7.7,-1.5660909414291382,True
*NC(=O)CCCCC(=O)NCCCP(=O)(CCCC*)C,tg,59.0,,False
*OC(=O)c1ccc(cc1)C(=O)OCC(C(C*)C)C,tg,37.5,,False
*SSCc1c(cccc1)C*,tg,39.0,18.27296257019043,True
*CCCCCCCCCCOC(=O)CC(C)C(=O)O*,egc,6.5777,6.5083967948450985,True
*COC1CCC(*)OC1,egc,5.6324,6.4842259128785456,True
*C(=C(*)c1ccccc1)CC,tg,200.0,174.6161346435547,True
*Oc1ccc(cc1)OC(=O)c1c(cc(cc1)C(=O)*)Sc1cc2c(cc1)cccc2,tg,148.0,160.41371154785156,True
*c1cc2c(C(=O)N(C2=O)c2c3c(ccc2)c(ccc3)N2C(=O)c3c(C2=O)cc(cc3)C(*)(C(F)(F)F)C(F)(F)F)cc1,tg,390.0,323.1788024902344,True
*c1cc(CCCCCCCCCCCCCCC)c(*)s1,egc,2.922,2.474859235188669,True
*c1nc(nc(c1c1ccc(cc1)OC)OCCOC(=O)c1ccc(cc1)C(=O)OCCO*)c1ccc(cc1)OCCCC,tg,94.0,,False
*C(C*)C(=O)OC(C(F)(F)F)(C(F)(F)F)F,tg,7.5,20.067197799682617,True
*c1oc(nn1)c1ccc(cc1)NC(=O)c1cc(cc(c1)N1C(=O)c2c(C1=O)cccc2)*,tg,324.0,,False
*CCCCCCCCCCCCCCOCO*,egc,6.6169,,False
*c1nc(ccc1)c1cc(c(cc1)Oc1ccc(cc1)C(c1ccc(cc1)Oc1c(cc(cc1)*)C(F)(F)F)(C(F)(F)F)C(F)(F)F)C(F)(F)F,tg,148.67,,False
*Oc1ccc(CC(NC(=O)CCc2ccc(OC(=O)CCCCCCC(*)=O)cc2)C(=O)OCC)cc1,egc,5.0929,5.06786327931671,True
*C([2H])([2H])C(*)([2H])Cl,egc,6.2382,6.172422430593023,True
*c1c(cc(cc1Cl)CC*)Cl,tg,110.0,,False
*C=CC1CC(*)C(C(=O)Oc2ccccc2)C1,egc,4.8107,,False
*CCc1ccc(*)c(C#N)c1,egc,4.7476,,False
*NC(C=C1)=CC=C1OC(=S)*,egc,3.7435,3.5956343002365228,True
*OP(=O)(OCCCCCCCCOc1c(cc(cc1)C=C1C(=O)C(=Cc2cc(c(cc2)OCCCCCCCC*)OC)CC1)OC)OC,tg,73.0,,False
*c1cc2c(C(=O)N(C2=O)c2cc(ccc2)N2C(=O)c3c(C2=O)cc(cc3)C(=O)c2cc(ccc2)C(=O)*)cc1,tg,259.5,273.1399230957031,True
*Oc1c(cccc1)C(=O)OC(=O)c1c(cccc1)OC(=O)CCCCCCCC(=O)*,tg,25.0,23.315345764160156,True
*CC(O*)c1ccco1,egc,5.0251,,False
*C(C*)C(=O)OCCCCCCC,tg,-60.0,,False
*c1cc2c(C(=O)N(C2=O)c2c(cc(cc2c2ccccc2)c2ccc(cc2)c2cc(c(c(c2)c2ccccc2)N2C(=O)c3c(C2=O)cc(cc3)C(=O)*)c2ccccc2)c2ccccc2)cc1,tg,265.0,294.4472351074219,True
*N1C(=O)c2c(C1=O)cc(cc2)Oc1cc2c(C(=O)N(C2=O)c2c(ccc(c2)C(c2cc(c(cc2)OCCN(c2ccc(cc2)C=CC2=CC(=C(C(=O)OCc3ccc(cc3)Oc3c(c(c(c(c3F)F)F)F)F)C#N)CC(C2)(C)C)c2ccccc2)*)(C(F)(F)F)C(F)(F)F)OCCN(c2ccc(cc2)C=CC2=CC(=C(C(=O)OCc3ccc(cc3)Oc3c(c(c(c(c3F)F)F)F)F)C#N)CC(C2)(C)C)C)cc1,tg,162.0,176.0398712158203,True
*C(C*)(C(=O)OCc1ccc2n(c3c(c2c1)cccc3)CCCCCCCC)C,tg,45.0,,False
*C(C*)C(=O)Oc1ccccc1,tg,101.83,66.65312957763672,True
*NC(=O)CCCCC(=O)NCCCP(CCC*)CC(C)C,tg,71.0,,False
*Oc1c(cc(cc1c1ccccc1)c1cc(c(c(c1)c1ccccc1)OC(=O)CCCCCCCCC(=O)*)c1ccccc1)c1ccccc1,tg,98.0,,False
*N([Si](C[Si](*)(C)C)(C)C)CCC,tg,-47.5,,False
*OP(=O)(Oc1ccc(cc1)C(c1ccc(cc1)*)(C)C)OC1CCCCC1,tg,86.0,81.29413604736328,True
*Oc1c(cc(cc1OC)C=C1C(=O)C(=Cc2cc(c(c(c2)OC)OCCCCCCCCCC*)OC)CCC1)OC,tg,49.0,,False
*C(C*)c1[nH]nnn1,tg,72.0,79.53136444091797,True
*Oc1ccc(cc1)NC(=O)C=CC(=O)NNC(=O)C=CC(=O)Nc1ccc(cc1)OC(=O)C=CC(=O)NNC(=O)C=CC(=O)*,tg,265.0,210.445556640625,True
*O[Si](c1ccc(cc1)c1ccc(cc1)[Si](*)(C)C)(C)C,tg,67.0,58.64460754394531,True
*OC(=O)c1c(cc(cc1)C(=O)OCCN(CC*)c1ccc(cc1)c1oc2c(n1)ccc(c2)[N+](=O)[O-])OCCC,tg,119.0,115.19342041015625,True
*Nc1ccc(*)cc1,egc,4.0074,,False
*Oc1ccc(cc1)C(c1ccc(cc1)Oc1ccc(cc1)C(=O)c1c(c(c(c(c1c1ccc(cc1)F)c1ccc(cc1)F)c1ccc(cc1)F)c1ccc(cc1)F)C(=O)c1ccc(cc1)*)(C(F)(F)F)C(F)(F)F,tg,253.0,,False
*c1sc(*)c2sc(CCCCCCCCC)nc12,egc,3.6098,,False
*OC1CCC(CC1)OC(=O)c1ccc(cc1)C(=O)*,tg,94.3,200.8983917236328,True
*OC(C)CCC(C)OC(=O)CCCCCCCCC(*)=O,egc,6.1872,,False
*C(=O)NCCCCCCNC(=O)N1CCN(*)CC1,egc,5.4634,,False
*S(=O)(=NP(=NP(=N*)(NCC)NCC)(NCC)NCC)NCC,tg,4.0,,False
*C(=O)Nc1cccc(NC(=O)c2ccc3c(c2)C(=O)N(c2cc(-c4nc5ccccc5o4)cc(N4C(=O)c5ccc(*)cc5C4=O)c2)C3=O)n1,egc,2.7946,,False
*c1cc2c(C(=O)N(C2=O)c2ccc(cc2)Oc2ccc(cc2)N2C(=O)c3c(C2=O)cc(cc3)C(=O)Nc2c(cc(cc2)NC(=O)*)OCCCCCCS(=O)(=O)c2ccc(cc2)C=Cc2ccc(cc2)N(C)C)cc1,tg,192.0,226.12989807128906,True
*CC(C)(C)COC(=O)CCCCC(=O)O*,egc,6.692,,False
*c1ncc(-c2cnc(*)c(C)c2)cc1C,egc,3.4579,3.947887695159359,True
*c1sc(cc1)c1sc(cc1)c1sc(cc1)[Si]([Si](*)(C)C)(C)C,tg,45.0,25.414960861206055,True
*OC(C)COC(=O)C(*)=O,egc,5.4575,5.5994787351424735,True
*C1(c2c(C(=O)O1)cccc2)c1ccc(cc1)OC(=O)c1cc(cc(c1)Cl)C(=O)Oc1ccc(cc1)*,tg,313.0,,False
*c1ccc(-c2nc3cc(-c4ccc5nc(*)c(-c6ccc7ccccc7c6)nc5c4)ccc3nc2-c2ccc3ccccc3c2)cc1,egc,2.9636,,False
*OC(=O)CCCCCCCCCC*,tg,-46.05,,False
*OC(=O)OCC*,tg,15.33,-3.196009397506714,True
*Oc1ccc(cc1)NC(=O)c1cc(cc(c1)C(C)(C)C)C(=O)Nc1ccc(cc1)Oc1ccc(cc1)C1(C2CCC(C1)C2)c1ccc(cc1)*,tg,272.0,252.3525390625,True
*N1C(=O)c2c(C1=O)cc(cc2)Oc1ccc(cc1)C(=O)c1ccc(cc1)Oc1cc2c(C(=O)N(C2=O)c2ccc(cc2)Oc2ccc(cc2)*)cc1,tg,210.0,,False
*c1cc2c(C(=O)N(C2=O)c2cc(ccc2)Cc2ccc(cc2)Cc2ccc(cc2)Cc2cc(ccc2)N2C(=O)c3c(C2=O)cc(cc3)C(=O)*)cc1,tg,235.5,,False
*NC(=O)Cc1ccc(cc1)CC(=O)NCCCCCCCC*,tg,110.0,,False
*Oc1ccc(cc1)N=CC=Nc1ccc(cc1)OC(=O)NC1CC(CC(C1)(CNC(=O)*)C)(C)C,tg,62.0,,False
*N1C(=O)c2c(C1=O)c(ccc2)Oc1c(cc(c(c1)C(C)(C)C)Oc1c2c(C(=O)N(C2=O)c2ccc(cc2)Oc2ccc(cc2)c2ccc(cc2)Oc2ccc(cc2)*)ccc1)C(C)(C)C,tg,275.0,,False
*Oc1ccc(OC(=O)c2ccc(C(*)=O)cc2)cc1CCC(C)CC,egc,3.5259,,False
*C1C2CC(C(C1*)C2)C,tg,350.0,,False
*c1cc2c(C(=O)N(C2=O)c2c(ccc(c2)N2C(=O)c3c(C2=O)cc(cc3)C(=O)Nc2c(cc(cc2CC)Cc2cc(c(c(c2)CC)NC(=O)*)CC)CC)N=Nc2ccc(cc2)C)cc1,tg,269.0,,False
*C1=C2OCCOC2=C(c2ccc(-c3ccc(*)s3)s2)S1(=O)=O,egc,1.9368,1.9956658824923004,True
*N1C(=O)C2C(C1=O)CC(CC2)C1CC2C(C(=O)N(C2=O)c2cc(ccc2)*)CC1,tg,263.0,,False
*Oc1ccc(cc1)N1ON1c1ccc(cc1)OCCCCCCOC(=O)C(C(=O)OCCCCCC*)CCCCCBr,tg,7.0,16.37615966796875,True
*OC1C(C)(C)C(OC(*)=O)C1(C)C,egc,6.5093,,False
*OC(C*)c1occc1,tg,12.5,20.689468383789062,True
*CCCCCCCCCCNC(=O)CCC=CCCC(=O)N*,egc,5.6731,,False
*C(=O)Nc1ccc(Oc2ccc(NC(=O)c3ccc(N4C(=O)c5ccc(*)cc5C4=O)cc3)cc2)cc1,egc,2.4295,2.5974702128385885,True
*[Si](CCC*)(C)C,tg,-72.5,,False
*OC(=O)c1ccc(cc1)c1ccc(cc1)c1ccc(cc1)C(=O)OCCOCCOCCOCC*,tg,20.0,44.034149169921875,True
*c1cc2c(C(=O)N(C2=O)c2ccc(cc2)OCCCCCCOc2ccc(cc2)N2C(=O)c3c(C2=O)cc(cc3)C(*)(C(F)(F)F)C(F)(F)F)cc1,tg,167.0,,False
*c1cc2c(C(=O)N(C2=O)c2ccc(cc2)Oc2ccc(cc2)N2C(=O)c3c(C2=O)cc(cc3)C(=O)c2cc(cc(c2)c2ccccc2)C(=O)*)cc1,tg,258.5,266.5629577636719,True
*C1COC2C1OCC2OC(=O)C(NC(=O)CCCCC(=O)NC(C(=O)O*)C(CC)C)C(CC)C,tg,102.0,,False
*C(C*)(C(=O)OC1CCC(CC1)C(C)(C)C)C,tg,122.36,,False
*C(C*)C(=O)Oc1c(cccc1)C,tg,51.5,68.0741195678711,True
*Nc1ccc(cc1)NC(=O)c1c(cc(c(c1)C(=O)*)C(=O)OCC)C(=O)OCC,tg,221.6,,False
*Oc1c(cc(cc1c1ccccc1)*)c1ccc(cc1)C(C)(C)C,tg,240.0,,False
*c1cc2c(C(=O)N(C2=O)c2c(ccc(c2)N2C(=O)c3c(C2=O)cc(cc3)C(=O)*)Oc2ccc(cc2)C(c2ccccc2)(C)C)cc1,tg,267.0,,False
*C(C*)C(=O)Oc1ccc(cc1)C(=O)OCCCC,tg,13.0,30.361589431762695,True
*C(C*)NC(=O)OC(C)(C)C,tg,120.0,97.0257797241211,True
*C=C(C(C*)(F)F)F,tg,-35.0,-20.2989559173584,True
*c1c(c2c(C(=O)N(C2=O)c2ccc(cc2)N2C(=O)c3c(C2=O)c(c(c(c3c2ccccc2)c2ccccc2)c2ccc(cc2)Oc2ccc(cc2)*)c2ccccc2)c(c1c1ccccc1)c1ccccc1)c1ccccc1,tg,418.5,,False
*c1oc(nn1)c1ccc(cc1)Oc1cc(ccc1)NC(=O)c1cc(cc(c1)N1C(=O)c2c(C1=O)c(c(c(c2Cl)Cl)Cl)Cl)C(=O)Nc1cc(ccc1)Oc1ccc(cc1)*,tg,275.0,279.8825378417969,True
*CCCCCCCCNC(=O)CCC(=O)N*,egc,5.9696,5.8169880466316775,True
*Nc1ccc(*)cc1C(C)CC,egc,3.553,3.5960008213502213,True
*Nc1ccc(-c2ccc(NC(=O)c3cccc(C(*)=O)c3)cc2)cc1,egc,3.4939,3.3927829032640613,True
*CCON*,egc,5.6784,5.795773622351795,True
*Oc1c(cc(cc1)c1ccc(cc1)OC(=O)c1ccc(cc1)C(=O)*)c1ccccc1,tg,132.0,228.4553985595703,True
*c1c(nc2c(c1c1ccccc1)cc(cc2)Oc1cc2c(nc(c(c2c2ccccc2)c2ccc(cc2)Oc2ccc(cc2)*)c2ccccc2)cc1)c1ccccc1,tg,252.5,,False
*OC1CCC(CC1)OC(=O)OCCCCCCOC(=O)*,tg,10.0,,False
*c1ccc(-c2ccc(-c3nc(CCCCCCCCCCCC)c(-c4sc(*)nc4CCCCCCCCCCCC)s3)s2)s1,egc,2.2184,2.728482431504808,True
*c1nc2c(nc1)cc(cc2)c1ccc2c(nc(cn2)c2ccc(cc2)Oc2ccc(cc2)Oc2ccc(cc2)*)c1,tg,235.0,292.7559814453125,True
*Oc1ccc(NC(=O)OCCOC(=O)Nc2ccc(*)cc2)cc1,egc,4.8662,,False
*S(=O)(=O)c1ccc(cc1)N[Se]Nc1ccc(cc1)*,tg,62.0,115.88884735107422,True
*CCCCCCOC(=O)CCCCSCCCCC(=O)O*,egc,5.2687,5.35243579626128,True
*c1cc2c(s1)-c1sc(*)cc1C2=O,egc,1.4351,,False
*CCCCCCCCCCC(=O)NCCCCCOCCCCCNC(=O)CCCO*,egc,5.4741,5.808197613872902,True
*c1oc(nn1)c1ccc(cc1)Oc1cc(ccc1)N1C(=O)c2c(C1=O)cc(cc2)[Si](O[Si](c1cc2c(C(=O)N(C2=O)c2cc(ccc2)Oc2ccc(cc2)*)cc1)(C)C)(C)C,tg,165.0,,False
*N1C(=O)c2c(C1=O)cc(cc2)Oc1ccc(cc1)Sc1ccc(cc1)Oc1cc2c(C(=O)N(C2=O)c2cc(ccc2)*)cc1,tg,209.0,223.9606170654297,True
*C(=O)C1CCCN1*,egc,5.5773,,False
*C(=O)Oc1ccc(-c2ccc(OC(=O)c3ccc4c(c3)C(=O)N(c3ccc(Oc5ccc(N6C(=O)c7ccc(*)cc7C6=O)cc5)cc3)C4=O)cc2)cc1,egc,2.6231,,False
*C(C*)(C(=O)OCCN(c1ccc(cc1)N=Nc1c(cc(cc1)N=Nc1ccc(cc1)C#N)C)C)C,tg,111.57,,False
*Oc1ccc(Oc2ccc(C=NCCCCCCN=Cc3ccc(*)cc3)cc2)cc1,egc,4.2565,3.936364567459208,True
*C(C*)(C(=O)OCCCCCCCC[n+]1ccc(cc1)N(C)C)C,tg,70.0,59.01521682739258,True
*c1nc2c([nH]1)cc(cc2)c1cc2c(nc([nH]2)c2cc3c(cc2)cc(cc3)*)cc1,tg,403.0,,False
*c1ccc(Oc2ccc(N3C(=O)c4cccc(Oc5cccc(Oc6cccc7c6C(=O)N(*)C7=O)c5)c4C3=O)cc2)cc1,egc,2.949,,False
*c1cc2c(C(=O)N(C2=O)c2ccc(cc2)Cc2ccc(cc2)N2C(=O)c3c(C2=O)cc(cc3)C(=O)c2ccc(cc2)Oc2ccc(cc2)Oc2ccc(cc2)C(=O)*)cc1,tg,225.0,,False
*c1sc(cc1CCCCCCCC)c1sc(c(c1)CCCCCCCC)c1ccc(cc1)*,tg,50.4,,False
*C(C*)(C(=O)OCc1ccc2n(c3c(c2c1)cccc3)CCCCCCCCCCCCCCCC)C,tg,23.0,27.272886276245117,True
*C(C*)(OC)C,tg,67.0,,False
*SC(=O)CCC(CC*)C,tg,-50.0,,False
*[Si](CC(C*)c1c2c(ccc1)cccc2)(C)C,tg,39.0,59.835235595703125,True
*C(=O)c1ccc2c(c1)C(=O)N(c1cc(-c3nc4ccccc4oc3=O)cc(N3C(=O)c4ccc(*)cc4C3=O)c1)C2=O,egc,2.8859,,False
*CCCCCCNC(=O)NCCNC(=O)N*,egc,6.0459,5.7649264505129425,True
*S(=O)(=O)c1ccc(cc1)NC(=O)c1cc(cc(c1)NC(=O)c1ccc(cc1)NC(=O)C(N1C(=O)c2c(C1=O)cccc2)C)C(=O)Nc1ccc(cc1)*,tg,208.0,,False
*OC(=O)c1cc2c(C(CC2(c2ccc(cc2)C(=O)OCC*)C)(C)C)cc1,tg,154.0,159.04005432128906,True
*c1cc2c(C(=O)N(C2=O)c2ccc(cc2)Oc2ccc(cc2)N2C(=O)c3c(C2=O)cc(cc3)C(=O)Nc2ccc(cc2)Cc2ccc(cc2)NC(=O)*)cc1,tg,270.0,276.6390686035156,True
*Oc1ccc(N=Nc2ccc(C(*)=O)cc2)cc1C,egc,2.9443,,False
*CC(*)C(=O)OCC(F)(F)F,egc,6.7005,,False
*P1(=NP(=NP(=N1)(Oc1ccc(cc1)C(=O)OCCC)Oc1ccc(cc1)C(=O)OCCC)(Oc1ccc(cc1)C(c1ccc(cc1)O*)(C)C)Oc1ccc(cc1)C(=O)OCCC)Oc1ccc(cc1)C(=O)OCCC,tg,26.0,20.878814697265625,True
*C(=C(C(C*)(F)F)F)Cl,tg,-17.0,,False
*Oc1ccc(cc1)S(=O)(=O)c1ccc(cc1)Oc1ccc(cc1)NC(=O)c1cc(cc(c1)NC(=O)c1ccncc1)C(=O)Nc1ccc(cc1)*,tg,283.0,,False
*C(C(*)F)C(F)(F)F,tg,87.0,,False
*Oc1ccc(cc1)C(c1ccc(cc1)OC*)(C(F)(F)F)C(F)(F)F,tg,123.0,123.5621566772461,True
*Oc1ccc(CC(NC(=O)CCc2ccc(OC(=O)CCC(*)=O)cc2)C(=O)OCCCCCC)cc1,egc,5.1422,4.990937538599979,True
*N1C(=O)c2c(C1=O)cc(cc2)S(=O)(=O)c1cc2c(C(=O)N(C2=O)c2ccc(cc2)Oc2cc3c(cc2Oc2ccc(cc2)*)cccc3)cc1,tg,275.0,,False
*c1cc2c(C(=O)N(C2=O)C2CCC(CC2)CC2CCC(CC2)N2C(=O)c3c(C2=O)cc(cc3)C(=O)*)cc1,tg,254.0,,False
*C1C2C(C(=O)N(C2=O)CCC)C(C1)C=C*,tg,139.0,131.5030975341797,True
*c1sc(cc1)c1sc(c(c1)CCCCCCCC)c1sc(cc1)c1sc(cc1)c1sc(cc1CCCCCCCC)c1sc(cc1)[Si]([Si](*)(CCCC)CCCC)(CCCC)CCCC,tg,-10.0,,False
*C=Cc1csc(C=Cc2cccc(*)n2)c1CCCCCCCC,egc,3.2647,2.1241985903927767,True
*Oc1ccc(cc1)C1(c2ccccc2c2ccccc12)c1ccc(cc1)OCC(COc1ccc(cc1)C(c1ccc(cc1)OCC(C*)O)(C)C)O,tg,161.0,,False
*Oc1ccc(cc1)CC(NC(=O)CCc1ccc(cc1)OC(=O)CCC(CC(=O)*)C)C(=O)OC,tg,53.0,,False
*C1C(=O)N(C(=O)C1C(C*)(C)C)CCCC,tg,80.0,121.68193817138672,True
*NC(=O)CC(c1ccc(cc1)C(CC(=O)NCCCCCC*)(C)C)(C)C,tg,91.0,,False
*OC(=O)Nc1c(ccc(c1)NC(=O)OCCN(CC*)c1ccc(cc1)C=Cc1cc[n+](cc1)CCCC)C,tg,121.0,155.68353271484375,True
*N1C(=O)c2c(C1=O)cc(cc2)Oc1ccc(cc1)C1(CCC(CC1)c1ccccc1)c1ccc(cc1)Oc1cc2c(C(=O)N(C2=O)c2ccc(cc2)Oc2c(cc(cc2)Oc2ccc(cc2)*)C(C)(C)C)cc1,tg,236.0,235.70091247558594,True
*Oc1c(c2c(cc1)cccc2)Sc1c2c(ccc1OCC(=O)Nc1ccc(cc1)Cc1ccc(cc1)NC(=O)C*)cccc2,tg,241.0,238.1280059814453,True
*CCOCCOCCOC(=O)CCCCCC(=O)O*,egc,6.1082,,False
*COc1ccc(C(=C(Cl)Cl)c2ccc(O*)cc2)cc1,egc,4.1966,,False
*C(C*)(C(=O)OCC[N+](CCCCS(=O)(=O)O)(C)C)C,tg,261.0,,False
*CC(COc1c(Cl)cc(Cl)cc1Cl)O*,egc,4.5851,,False
*Nc1cc(cc(c1)C(=O)Nc1ccc2C(=O)c3c(C(=O)c2c1)cccc3)NC(=O)Nc1ccc(cc1)NC(=O)*,tg,184.0,,False
*OC(=O)C(NC(=O)CCCCC(=O)NC(C(=O)OCC=CC*)Cc1ccccc1)Cc1ccccc1,tg,61.0,,False
*N=Nc1ccc(cc1)Nc1ccc(cc1)C(=O)c1ccc(cc1)Nc1ccc(cc1)*,tg,216.42,,False
*NC(=O)CCCCCCCCCCCCCCCCC(=O)NCc1ccc(cc1)C*,tg,75.0,,False
*Nc1cc(C)c(*)cc1C,egc,3.9275,,False
*Oc1ccc(Cc2ccc(*)cc2)cc1,egc,4.9481,,False
*Oc1ccc(cc1)C(c1ccc(cc1)OC(=O)CC(CCC(=O)*)C)(C)C,tg,56.0,65.22312927246094,True
*OC(=O)c1ccc(cc1)C(=O)OCCCCCCC*,tg,-1.0,19.00055694580078,True
*c1ccc(-c2ccc(N3C(=O)c4ccc(S(=O)(=O)c5ccc6c(c5)C(=O)N(*)C6=O)cc4C3=O)cc2C(F)(F)F)c(C(F)(F)F)c1,egc,3.252,,False
*N1C(=O)C2CCC3C(C2C1=O)C(=O)N(C3=O)c1ccc(cc1)Oc1ccc(cc1)*,tg,342.0,333.2548522949219,True
*CC1(*)CCCCC1,egc,6.3291,,False
*C1C(=O)N(C(=O)C1C(C*)c1ccccc1)CCCN(c1cc(c(cc1)N=Nc1c(cc(cc1)[N+](=O)[O-])Cl)C)CC,tg,149.0,,False
*c1c(cc(c(c1)OC)C=Cc1c(cc(c(c1)OC)C=C*)OCC(CCCC)CC)OC,tg,110.0,83.24068450927734,True
*CCCCCCCCCCOC(=O)CCCCCCC(=O)O*,egc,6.7689,6.664102558345381,True
*N1C(=O)c2c(C1=O)cc(cc2)Oc1c(cccc1)Oc1cc2c(C(=O)N(C2=O)c2ccc(cc2)Oc2ccc(cc2)*)cc1,tg,212.0,,False
*c1ccc(cc1)c1c(cc(c(c1c1ccccc1)c1ccccc1)c1ccc(cc1)c1c(c(c(c(c1)c1ccccc1)c1ccc(cc1)CCCCCCCCCC*)c1ccccc1)c1ccccc1)c1ccccc1,tg,235.0,188.140380859375,True
*C(C*)C(=O)OCCOC(C(F)F)(F)F,tg,-22.0,,False
*c1nc2c(nc1c1ccccc1)cc(cc2)c1cc2c(nc(c(n2)c2ccccc2)c2ccc(cc2)Oc2ccc(cc2)Oc2ccc(cc2)Oc2ccc(cc2)*)cc1,tg,263.0,,False
*Oc1ccc(C(=O)Nc2ccc(SCCC(*)=O)cc2)cc1,egc,3.9873,,False
*C1COC2C1OCC2OC(=O)C(NC(=O)CCCCCCCCC(=O)NC(C(=O)O*)Cc1ccccc1)Cc1ccccc1,tg,74.0,,False
*[Si](C#Cc1cc(ccc1)C#C*)(C)C,tg,50.0,,False
*c1sc(cc1)c1cc(c(cc1)Oc1ccc(cc1)C(c1ccc(cc1)Oc1c(cc(cc1)*)C(F)(F)F)(C(F)(F)F)C(F)(F)F)C(F)(F)F,tg,153.33,155.6210479736328,True
*c1cc2c(C(=O)N(C2=O)c2c(cc(c(c2)N2C(=O)c3c(C2=O)cc(cc3)C(=O)*)O)O)cc1,tg,324.0,,False
*CCCCCCCCCc1nc2ccc(-c3ccc4nc(*)oc4c3)cc2o1,egc,4.1522,4.300466436892529,True
*c1cc2c(C(=O)N(C2=O)C2C(=O)N(C(=O)C2)c2ccc(cc2)NC(=O)*)cc1,tg,120.0,151.47520446777344,True
*CCCCCC(=O)O*,egc,6.6614,,False
*C(C*)(C(=O)OCCCCOc1ccc(cc1)OC(=O)c1ccc(cc1)OCCCCCC)C,tg,34.0,,False
*CCc1c(Cl)c(Cl)c(*)c(Cl)c1Cl,egc,4.5904,,False
*Oc1ccc(cc1)C(c1ccc(cc1)OC(=O)c1ccc(cc1)C(=O)*)(c1ccccc1)c1ccccc1,tg,210.0,276.0866394042969,True
*c1c([nH]c(n1)c1ccc(cc1)c1[nH]c(c(n1)c1ccc(cc1)Oc1ccc(cc1)C(=O)c1ccc(cc1)Oc1ccc(cc1)*)c1ccccc1)c1ccccc1,tg,279.0,,False
*CC(CCl)(CCl)COC(=O)CCCCCCCCC(=O)O*,egc,6.9205,6.492533233134722,True
*Oc1ccc(S(=O)(=O)NCCNS(=O)(=O)c2ccc(*)cc2)cc1,egc,4.6084,4.103627069491319,True
*Nc1cc(cc(c1)C(=O)Oc1ccccc1)NC(=O)c1ccc(cc1)C(=O)*,tg,200.0,205.4952850341797,True
*OP(=O)(Oc1c(cc(cc1Br)C(c1cc(c(c(c1)Br)*)Br)(C(F)(F)F)C(F)(F)F)Br)Oc1ccc(cc1)[N+](=O)[O-],tg,154.0,,False
*CC(*)c1cc[n+](CCCC)cc1,egc,0.5958,0.9278884890093284,True
*NC(=S)C(C=C1)=CC=C1C(=S)*,egc,1.0444,2.1357010929681546,True
*c1cc2c(C(=O)N(C2=O)c2cc(cc(c2)OCCCCCCCC)N2C(=O)c3c(C2=O)cc(cc3)C(=O)*)cc1,tg,195.0,,False
*CCCCCCCCCCC(=O)NCCCCCOCCCCCNC(=O)CCCCO*,egc,5.6858,5.7819815829202375,True
*C(=O)OC1CCC(OC(=O)N2CCN(*)CC2)CC1,egc,5.8355,,False
*Nc1ccc(C=Cc2ccc(NC(=C(C#N)C#N)c3ccc(C(*)=C(C#N)C#N)cc3)cc2)cc1,egc,2.0414,2.2438604926361236,True
*C1C2CC(C)C(C2)C1*,egc,6.0638,,False
*NC(=O)c1c(cc(cc1)C(=O)NCCCCCC*)Oc1ccc(cc1)F,tg,112.5,,False
*Oc1cc(ccc1)NC(=O)CCCCCC(=O)Nc1cc(ccc1)OCC(COc1ccc(cc1)C(c1ccc(cc1)OCC(C*)O)(C)C)O,tg,107.0,92.32760620117188,True
*c1nc2c(nc1)ccc(c2)c1ccc2c(nc(cn2)c2ccc(cc2)Oc2ccc(cc2)Oc2ccc(cc2)*)c1,tg,235.0,,False
*C(=O)NC(=O)CNC(=O)ON*,egc,5.7289,,False
*N1C(=O)c2c(C1=O)cc(cc2)c1cc2c(C(=O)N(C2=O)CCC[Si](O[Si](CCC*)(C)C)(C)C)cc1,tg,75.0,,False
*Oc1ccc(cc1)C(=O)c1ccc(cc1)OCCCCCCOC(=O)OCCCCCCCCCCCCOC(=O)OCCCCCC*,tg,-8.0,-6.82641077041626,True
*C1CC2CC(CC(C1)O2)OC(=O)c1ccc(cc1)C(=O)O*,tg,207.0,155.3472442626953,True
*Oc1ccc(OC(=O)Oc2ccc(OC(*)=O)cc2)cc1Cl,egc,5.1691,4.66315485897967,True
*c1[nH]c(*)c2c1CCC2,egc,2.6564,,False
*OC(=O)c1ccc(cc1)SCCCCSc1ccc(cc1)C(=O)*,tg,62.0,44.491790771484375,True
*CCCP(CCCCCCCC)CCCNC(=O)C(=O)N*,egc,4.1641,,False
*Oc1c(c(c(c(c1F)F)COC(c1cc(ccc1)C(OCc1c(c(c(c(c1F)F)Oc1ccc(cc1)Cc1ccc(cc1)*)F)F)(C(F)(F)F)C(F)(F)F)(C(F)(F)F)C(F)(F)F)F)F,tg,94.0,,False
*CC(C=C1)=CC=C1C(=S)C(S2)=CC=C2*,egc,2.7917,2.810603700547786,True
*Oc1ccc(cc1)C(=Nc1ccc(cc1)N=C(c1ccc(cc1)Oc1ccc(cc1)C(c1ccc(cc1)*)(C)C)c1ccccc1)c1ccccc1,tg,161.0,,False
*Oc1ccc(cc1)C(c1ccc(cc1)Oc1ccc(cc1)C(=O)c1cc2c(cc1)cc(cc2)C(=O)c1ccc(cc1)*)(C)C,tg,185.0,,False
*CCCCCCCCCCCCOC(=O)c1cccc(C(=O)O*)c1,egc,5.1678,,False
*OC(COC(=O)c1c2c(c(cc1)C(=O)*)cccc2)COc1ccc(cc1)N=Nc1ccc(cc1)C#N,tg,117.0,,False
*N1C(=O)c2c(C1=O)cc(cc2)c1cc2c(C(=O)N(C2=O)c2cc(ccc2)OCCCCCCCCCCOc2cc(ccc2)*)cc1,tg,125.0,,False
*NNC(=O)C1CCC(C(=O)NNC(=O)CCCCC(*)=O)CC1,egc,4.9352,,False
*N(c1ccc(cc1)C(c1ccc(cc1)*)c1ccc(cc1)C#N)c1ccc(cc1)C,tg,230.0,,False
*CCCCCCNC(=O)CCC=CCCC(=O)N*,egc,5.6458,5.592914470285297,True
*Oc1ccc(cc1)Oc1ccc(cc1)C(=O)c1ccc(cc1)C(=O)c1ccc(cc1)*,tg,149.5,,False
*Nc1cc(cc(c1)C(=O)Oc1ccc(cc1)c1ccccc1)NC(=O)c1ccc(cc1)C(=O)*,tg,178.0,,False
*OC(=O)c1c(cc(cc1)C(=O)OCCN(CC*)c1ccc(cc1)N=Nc1ccc(cc1)c1nc2c([nH]1)ccc(c2)[N+](=O)[O-])OCCC,tg,152.0,145.96466064453125,True
*c1oc(nn1)c1sc(c(c1)CCCCCCCCCC)c1sc(cc1CCCCCCCCCC)c1oc(nn1)c1c(cc(c(c1)OCCCCCCCC)*)OCCCCCCCC,tg,53.8,95.82825469970703,True
*CC(C1=CC=CC=N1)CC(C2=CC=CC=N2)CC(C3=CC=CC=N3)*,egc,5.3668,4.55131609665978,True
*CC(OC=O)C(COC(=O)O*)OC=O,egc,7.0946,,False
*c1cc2c(C(=O)N(C2=O)c2cc(ccc2)Cc2ccc(cc2)Cc2cc(ccc2)N2C(=O)c3c(C2=O)cc(cc3)C(=O)*)cc1,tg,240.0,,False
*Oc1ccc(cc1)CC(NC(=O)Cc1ccc(cc1)OC(=O)CCCCC(=O)*)C(=O)OCCCCCCCC,tg,28.0,,False
*Oc1c(cc(c(c1)OC(=O)c1ccc(cc1)OCC)OC(=O)CCCCCCCCCCCCCCC(=O)*)OC(=O)c1ccc(cc1)OCC,tg,31.0,,False
*C1(c2c(C(=O)N1c1ccccc1)cccc2)c1ccc(cc1)OC(=O)c1ccc(cc1)[Si](c1ccc(cc1)C(=O)Oc1ccc(cc1)*)(C)C,tg,255.0,251.37245178222656,True
*Oc1ccc(cc1)Oc1ccc(cc1)OC(=O)NC(=O)c1cc(cc(c1)C(C)(C)C)C(=O)NC(=O)*,tg,114.5,122.0538558959961,True
*CCCCCCNC(=O)CCCCCC(=O)N*,egc,5.936,,False
*c1ccc(-c2ccc(-c3sc(*)c4c3OCCO4)s2)s1,egc,1.3916,,False
*c1cc2c(C(=O)N(C2=O)c2c(cc(c(c2C)N2C(=O)c3c(C2=O)cc(cc3)C(=O)*)C)C)cc1,tg,401.33,380.7913513183594,True
*c1oc(cc1)CC*,tg,23.0,56.6843147277832,True
*c1ccc(C(c2ccccc2)(c2ccc(-c3nc4ccc(-c5ccc6nc(*)oc6c5)cc4o3)cc2)C(F)(F)F)cc1,egc,3.4178,,False
*N1C(=O)c2c(C1=O)cc(c(c2)c1ccc(cc1)[Si](C)(C)C)c1cc2c(C(=O)N(C2=O)c2ccc(cc2)C(c2ccc(cc2)*)(C(F)(F)F)C(F)(F)F)cc1c1ccc(cc1)[Si](C)(C)C,tg,365.0,,False
*Nc1ccc(cc1)c1ccc(cc1)NC(=O)c1cc(cc(c1)S(=O)(=O)c1ccccc1)C(=O)*,tg,319.0,295.7239685058594,True
*Oc1ccc(cc1)NC(=O)c1cc(cc(c1)C(C(C(C(F)(F)F)(F)F)(F)F)(F)F)C(=O)Nc1ccc(cc1)*,tg,257.0,,False
*c1n(nc(c1)c1ccc(cc1)Oc1ccc(cc1)C(=O)c1cc(ccc1)C(=O)c1ccc(cc1)Oc1ccc(cc1)*)c1ccccc1,tg,190.0,,False
*C(C*)C(=O)OCCOCC,tg,-50.0,,False
*Oc1cc(ccc1)C(=O)OCCN(CCOC(=O)c1cc(ccc1)OCC#CC#CC*)c1ccc(cc1)N=Nc1ccc(cc1)C#N,tg,50.0,101.3543930053711,True
*CCN(*)C(=O)c1c(F)cc(F)c(F)c1F,egc,4.9884,,False
*C(F)(F)C(C=C1)=CC=C1C(F)(F)C(S2)=CC=C2*,egc,4.7168,,False
*C(C*)C(=O)OC(C(C(C(C(C(C(C(F)(F)F)(F)F)(F)F)(F)F)(F)F)(F)F)(F)F)(F)F,tg,9.0,6.834696292877197,True
*OS(=O)(=O)c1cc(S(=O)(=O)Oc2ccc(C3(c4ccc(*)cc4)CCCC3)cc2)ccc1C,egc,3.9679,4.546923031552848,True
*S(=O)(=O)c1ccc(cc1)NC(=O)c1cc(cc(c1)S(=O)(=O)c1ccccc1)C(=O)Nc1ccc(cc1)*,tg,307.0,259.5102233886719,True
*c1cc2c(=O)n(c(=O)c3ccc4c5c(cc6c(=O)n(c(=O)c7ccc(c1c4c23)c5c67)CCCCCCCC)Oc1ccc(cc1)C=Cc1c(cc(c(c1)OCCCCCCCC)C=Cc1ccc(cc1)O*)OCCCCCCCC)CCCCCCCC,tg,103.0,,False
*Oc1ccc(cc1)C(c1ccc(cc1)OC(=S)*)c1c2c(ccc1)cccc2,tg,191.0,178.4934844970703,True
*CC(*)(C)C(=O)OCc1ccc(Cl)cc1Cl,egc,4.8651,4.680868115358723,True
*C(C*)n1c2c(c3ccccc3cc2)c2c1cccc2,tg,285.5,,False
*C(C*)c1ccc(cc1)C(=O)OCC(C)C,tg,90.0,99.0229263305664,True
*NC1CC1NC(=O)C1CC1C(*)=O,egc,5.9042,,False
*Nc1cc(ccc1)C=Cc1ccc(cc1)NC(=O)c1cc(ccc1)C(=O)*,tg,272.0,244.469482421875,True
*OC(=O)c1cc2c(cc1)cc(cc2)C(=O)OCCCCCCCCCCCC*,tg,38.5,32.79716873168945,True
*c1cc2c(C(=O)N(C2=O)c2ccc(cc2)Oc2ccc(cc2)C2(C3C4C(CCC4)C(C2)C3)c2ccc(cc2)Oc2ccc(cc2)N2C(=O)c3c(C2=O)cc(cc3)C(=O)Nc2ccc(cc2)Oc2ccc(cc2)NC(=O)*)cc1,tg,250.0,,False
*N1C(=O)c2c(C1=O)c(ccc2)c1cc2c(C(=O)N(C2=O)c2cc(ccc2)C(=O)Nc2ccc(cc2)Oc2ccc(cc2)Oc2ccc(cc2)NC(=O)c2cc(ccc2)*)cc1,tg,268.0,265.5903015136719,True
*c1nc(nc(n1)N(CCCCCCN(*)C)C)c1ccccc1,tg,57.0,46.088958740234375,True
*c1ccc(-c2csc(-c3cc(*)cs3)c2)cc1,egc,3.4782,,False
*OP(=O)(Oc1c(cc(cc1C)S(=O)(=O)c1cc(c(c(c1)C)*)C)C)Oc1ccccc1,tg,142.0,,False
*CCCCCCCCCCCCCCCC[N+](C)(C)CCCCCC[N+](*)(C)C,egc,0.1771,,False
*C(C=C1)=CC=C1OC(C=C2)=CC=C2O*,egc,4.7875,,False
*c1nc(ccc1)Oc1c(cc(cc1)O*)C,tg,89.0,111.21578216552734,True
*c1cc2c(C(=O)N(C2=O)c2cc(ccc2)Nc2ncnc(n2)Nc2cc(ccc2)N2C(=O)c3c(C2=O)cc(cc3)C(=O)*)cc1,tg,290.0,300.92572021484375,True
*Oc1ccc(cc1)C(c1cc(c(c(c1)Cl)OC(=O)*)Cl)(C)C,tg,186.0,,False
*CC1CCCC(CNC(=O)c2cccc(C(=O)N*)c2)C1,egc,4.8123,4.942543704217028,True
*C(C*)(C(=O)OCCN(c1ccc(cc1)N=Nc1ccc(cc1)S(=O)(=O)C)CC)C,tg,144.0,,False
*c1cc2c(C(=O)N(C2=O)c2ccc(cc2)C(=O)OCCCCCCOC(=O)*)cc1,tg,80.5,,False
*Oc1ccc(NC(=O)NCCCCCCNC(*)=O)cc1C,egc,4.8377,4.994769600540632,True
*Oc1ccc(cc1)c1ccc(cc1)C(=O)OCC(COC(=O)c1ccc(cc1)c1ccc(cc1)OC(CC*)C)C,tg,88.33,,False
*N1C(=O)c2c(C1=O)cc(cc2)c1cc2c(C(=O)N(C2=O)c2cc(ccc2)C(=O)Nc2cc(ccc2)S(=O)(=O)c2cc(ccc2)NC(=O)c2cc(ccc2)*)cc1,tg,247.0,247.0178680419922,True
*OC(=O)c1cc(cc(c1)OCc1c(c(c(c(c1F)F)OC)F)F)C(=O)OCCN(CC*)c1ccc(cc1)C=Cc1sc(cc1)C=CC1=C(C(=C(C#N)C#N)OC1(c1ccccc1)C(F)(F)F)C#N,tg,140.0,132.8062286376953,True
*c1nc2c(n1C)C(=O)N(*)C2=O,egc,4.0674,4.049389497902229,True
*CCCCCCCCNC(=O)CCCCCCCCCCCCCCCCCCC(=O)N*,egc,5.8607,5.9533124913443505,True
*Oc1ccc(cc1)NC(=O)c1ccc(cc1)OCC(COc1ccc(cc1)C(c1ccc(cc1)OCC(C*)O)(C)C)O,tg,127.0,,False
*C(C*)C(=O)OCCOc1ccc(cc1)C(=O)Oc1ccc(cc1)OC,tg,70.0,,False
*Oc1ccc(cc1)c1ccc(cc1)c1c(c(c(c(c1)c1ccccc1)c1ccc(cc1)c1ccc(cc1)OC(=O)c1c(cc(cc1)C(=O)*)c1ccccc1)c1ccccc1)c1ccccc1,tg,260.0,,False
*OC(F)(F)OC(F)(F)C(*)(F)F,egc,9.8151,9.517895364723854,True
*Cc1c(O)c(CNC(=O)N*)cc(C(CC)=NO)c1O,egc,4.9442,,False
*c1n(cnc1C(=O)NCC(CNC(=O)*)(C)C)C,tg,152.0,,False
*NC(CC(*)=O)C(C)C,egc,5.9638,5.849697349389037,True
*CCSSCCO*,egc,5.6114,5.0621789997903806,True
*CC(C[N-][N+]#N)O*,egc,5.5722,,False
*c1cc(CCS(=O)(=O)O)c(*)s1,egc,2.5623,2.682320816395029,True
*Sc1c(cc(cc1C)*)C,tg,198.0,,False
*C(C*)(C(=O)OCc1c(c(ccc1)Cl)Cl)C,tg,42.6,,False
*c1cc2c(C(=O)N(C2=O)c2c(cccc2)Oc2ccc(cc2)N2C(=O)c3c(C2=O)cc(cc3)C(*)(C(F)(F)F)C(F)(F)F)cc1,tg,276.0,,False
*CCCCOC(=O)Cc1ccc(CC(=O)O*)cc1,egc,5.4635,,False
*C=CC(C)C(*)C,egc,5.2899,,False
*Oc1c(cc(cc1Cl)C(c1cc(c(c(c1)Cl)OCC(C*)OC(=O)C)Cl)(C)C)Cl,tg,100.0,117.08736419677734,True
*N1C(=O)c2c(C1=O)cc(cc2)Oc1c(cccc1)Oc1cc2c(C(=O)N(C2=O)c2cc(c(cc2)Oc2c(cccc2)Oc2c(cc(cc2)*)C(F)(F)F)C(F)(F)F)cc1,tg,185.0,,False
*CCCCC(=O)O*,egc,6.623,,False
*Oc1ccc(cc1)OC(=O)c1c(cc(c(c1)OCCCCCOCC1N(CCC1)c1ccc(cc1)[N+](=O)[O-])C(=O)*)OCCCCCOCC1N(CCC1)c1ccc(cc1)[N+](=O)[O-],tg,63.0,51.24827194213867,True
*N1C(=O)c2c(C1=O)cc(cc2)Oc1cc2c(C(=O)N(C2=O)c2cc(ccc2)P(=O)(c2cc(ccc2)*)c2cc(cc(c2)C(F)(F)F)C(F)(F)F)cc1,tg,228.0,,False
*N1C(=O)c2c(C1=O)cc(cc2)NC(=O)Nc1ccc(cc1)NC(=O)Nc1cc2c(C(=O)N(C2=O)c2ccc(cc2)c2nc(cc(c2)c2ccc(cc2)c2ccccc2)c2ccc(cc2)*)cc1,tg,243.0,,False
*CC(O)COc1ccc(S(=O)(=O)c2ccc(O*)c(C)c2)cc1C,egc,4.1274,,False
*C(C*)C#N,tg,93.96,,False
*C(=O)c1ccc2nc(-c3ccccc3)c(-c3ccc(-c4nc5ccc(*)cc5nc4-c4ccccc4)cc3)nc2c1,egc,3.1886,,False
*C(C*)c1cc(c(cc1)Cl)[N+](=O)[O-],tg,132.9,,False
*C=CCCCCCCCCCC(CCCCCCCCC*)COCCOCCOCCOCCOCc1c2ccc3cccc4ccc(cc1)c2c34,tg,-36.0,0.5985565185546875,True
*Oc1ccc(cc1)c1ccc(cc1)Oc1ccc(cc1)C(=O)c1c(c(c(c(c1c1ccccc1)c1cc2c(cc1)cccc2)c1cc2c(cc1)cccc2)c1ccccc1)C(=O)c1ccc(cc1)*,tg,290.0,296.1893615722656,True
*Oc1ccc(cc1)C(=O)c1cc(ccc1)C(=O)c1ccc(cc1)*,tg,139.0,,False
*N1C(=O)c2c(C1=O)cc(cc2)Oc1cc2c(C(=O)N(C2=O)c2c(cc(c(c2C)C(=O)c2cc(ccc2)*)C)C)cc1,tg,287.0,303.5040588378906,True
*Cc1ccc(CNC(=O)CCCCCCCCCCC(=O)N*)cc1,egc,5.2323,5.1700138062332535,True
*c1nc(nc(c1c1ccc(cc1)OC)OCCOC(=O)CCCC(=O)OCCO*)c1ccc(cc1)OC,tg,57.0,,False
*C=C(*)c1ccc(C(=O)Oc2c(F)c(F)c(F)c(F)c2F)cc1,egc,1.1102,,False
*Nc1ccc(-c2ccc(NC(=O)CCCCCCCCC(*)=O)c(O)c2)cc1O,egc,3.9935,3.9765502204412457,True
*c1cc2c(C(=O)N(C2=O)c2cc(cc(c2)C(F)(F)F)N2C(=O)c3c(C2=O)cc(c(c3)Cl)C(=O)*)cc1Cl,tg,305.0,,False
*OC(=O)C(C*)(CC)CC,tg,60.0,-2.9247562885284424,True
*CCc1nnc(*)n1N,egc,5.722,,False
*c1cc(CCN(CC)c2ccc(N=Nc3ccc(C=C(C#N)C#N)cc3)cc2)c(*)s1,egc,1.3795,,False
*OP(=O)(Oc1ccc(C(C)(C)c2ccc(*)cc2)cc1)c1ccccc1,egc,4.2511,,False
*Oc1ccc(cc1)C(c1ccc(cc1)OC(=O)*)C(Cl)Cl,tg,165.0,,False
*N1C(=O)c2c(C1=O)cc(cc2)C(=O)c1cc2c(C(=O)N(C2=O)CCCCCC(=O)Nc2cc(ccc2)Oc2ccc(cc2)NC(=O)CCCCC*)cc1,tg,170.0,,False
*c1sc(nn1)c1ccc(cc1)OC(=O)CCCCCCCCC(=O)Oc1ccc(cc1)C=C*,tg,30.0,,False
*c1c2C(=O)N(C(=O)c2c(c2ccccc12)c1ccc(cc1)Oc1ccc(cc1)C(=O)c1ccc(cc1)Oc1ccc(cc1)*)c1cc(ccc1)C(F)(F)F,tg,252.0,,False
*CC(*)OC(=O)CC1CCCC1,egc,6.5327,,False
*c1ccc(-c2ccc(-c3ccc(*)s3)s2)[nH]1,egc,2.182,,False
*Nc1ccc(NC(=O)c2ccc(C(*)=O)cc2F)cc1F,egc,3.5151,,False
*C1(C(=O)OC(=O)C(C1)(C*)C)C,tg,144.0,,False
*c1nc(nc(n1)c1ccc(cc1)Oc1ccc(cc1)Oc1ccc(cc1)*)c1ccccc1,tg,244.0,258.0556945800781,True
*OC(=O)Nc1c(ccc(c1)NC(=O)OCCN(CC*)c1ccc(cc1)N=Nc1c(cc(c(c1)OC)N=Nc1ccc(cc1)[N+](=O)[O-])OC)C,tg,150.0,,False
*O[Si](CCCC(=O)Oc1ccc(cc1)C=Nc1ccc(cc1)Cc1ccc(cc1)N=Cc1ccc(cc1)OC(=O)CCC[Si](*)(C)C)(C)C,tg,68.0,53.737884521484375,True
*NC(=O)c1ccc(cc1)C(=O)NCC(CC(CC*)CC)C,tg,139.0,145.96739196777344,True
*Oc1c(cc(cc1OC)C=C1C(=O)C(=Cc2cc(c(c(c2)OC)OCCCCCCCC*)OC)CCC1)OC,tg,62.0,,False
*C(=O)CCCCC(=O)N1CCN(*)CC1,egc,5.6091,5.695487724075639,True
*Oc1ccc(cc1)NC(=O)c1ccc(cc1)C(=O)Nc1ccc(cc1)Oc1ccc(cc1)C1(C2CCC(C1)C2)c1ccc(cc1)*,tg,281.0,,False
*N1C(=O)c2c(C1=O)cc(cc2)C(=O)c1cc2c(C(=O)N(C2=O)CCCCCC(=O)Nc2ccc(cc2)Cc2ccc(cc2)NC(=O)CCCCC*)cc1,tg,187.0,163.5048828125,True
*N(CC*)C(=O)c1ccccc1,tg,108.5,,False
*C(C*)(C(=O)Oc1ccc(cc1)c1oc(nn1)c1ccc(cc1)C(C)(C)C)C,tg,156.0,143.8216552734375,True
*NC(=O)c1c(cc(cc1)C(=O)NCCCCCC*)Oc1ccc(cc1)Br,tg,116.0,112.74861907958984,True
*CCCCCCOC(=O)CCCCCC(=O)O*,egc,6.502,,False
*c1cc2c(C(=O)N(C2=O)c2c(cc(cc2C)Cc2cc(c(c(c2)C)N2C(=O)c3c(C2=O)cc(cc3)C(=O)OCCN(CCOC(=O)*)c2ccc(cc2)N=Nc2c(cc(cc2)[N+](=O)[O-])[N+](=O)[O-])C)C)cc1,tg,176.0,214.4066619873047,True
*Oc1ccc(cc1)C(c1ccc(cc1)OC(=O)*)C1C2C3C(C(C1)C2)C1CCC3C1,tg,253.0,231.4957275390625,True
*Oc1cc2c(cc1)ccc(c2)Oc1ccc(cc1)C(=O)Nc1ccc(cc1)Oc1ccc(cc1)C(c1ccc(cc1)Oc1ccc(cc1)NC(=O)c1ccc(cc1)*)(C(F)(F)F)C(F)(F)F,tg,163.0,,False
*C(C*)(C(=O)OCCCCCCOc1ccc(cc1)C(=O)Oc1ccc(cc1)OC)C,tg,40.8,,False
*c1nc(nc(n1)N(CCCCCCCCCCN(*)c1ccccc1)c1ccccc1)c1ccccc1,tg,62.0,65.25447082519531,True
*Oc1cc(ccc1)NC(=O)c1cc(ccc1)C(=O)Nc1cc(ccc1)OCCCCC*,tg,131.5,122.73049926757812,True
*c1cc2c(C(=O)N(C2=O)c2ccc(cc2)Sc2ccc(cc2)Oc2ccc(cc2)Sc2ccc(cc2)N2C(=O)c3c(C2=O)cc(cc3)C(=O)Nc2ccc(cc2)Oc2cc(ccc2)Oc2ccc(cc2)NC(=O)*)cc1,tg,179.0,,False
*C(C*)c1c(cccc1)C(=O)OCCCCCC,tg,45.0,,False
*c1c(c2c(C(=O)N(C2=O)c2cc(ccc2)N2C(=O)c3c(C2=O)c(c(c(c3c2ccccc2)c2ccccc2)c2ccc(cc2)Oc2ccc(cc2)*)c2ccccc2)c(c1c1ccccc1)c1ccccc1)c1ccccc1,tg,357.0,,False
*C1(OC(CO1)c1ccccc1)C*,tg,75.0,186.8074951171875,True
*C(C*)c1ncccc1,tg,98.28,117.16033935546875,True
*c1cc(C#N)c(*)s1,egc,1.691,,False
*c1cc(OCC(=O)C23CC4CC(CC(C4)C2)C3)c(*)cc1OC,egc,4.0135,3.97598429115275,True
*NC(C(=O)*)CCC(=O)OCCCC,tg,-39.33,-44.15847396850586,True
*Oc1ccc(cc1)C(=O)c1cc(ccc1)NC(=O)c1cc(ccc1)C(=O)Nc1ccc(cc1)C(=O)c1ccc(cc1)*,tg,204.0,,False
*Oc1ccc(-c2ccc(Oc3ccc(C(C)(C)c4ccc(*)cc4)cc3)cc2)cc1,egc,4.2484,4.0586074939692285,True
*c1oc(nn1)c1c(cc(cc1)*)OCC,tg,231.0,239.312255859375,True
*CC(C)C=C(*)C,egc,5.1994,5.273427798801223,True
*N1C(=O)c2c(C1=O)cc(cc2)c1cc2c(C(=O)N(C2=O)c2cc(c(cc2)Oc2c(cc(cc2C(C)(C)C)c2ccc(cc2)*)C(C)(C)C)C(F)(F)F)cc1,tg,389.0,,False
*C#CC#Cc1ccc(-c2ccc(*)s2)s1,egc,1.5899,,False
*OC(=O)Nc1ccc(cc1)Cc1ccc(cc1)NC(=O)OCCCCCC*,tg,71.0,75.78175354003906,True
*Oc1ccc(cc1)C(c1cc(ccc1)C(c1ccc(cc1)Oc1ccc(cc1)C(=O)Nc1ccc(cc1)NC(=O)c1ccc(cc1)*)(C)C)(C)C,tg,154.0,,False
*CC(*)C(=O)Oc1ccc(C(C)=NNC(N)=O)c(O)c1,egc,3.6909,4.114480886560743,True
*C1=CSC(=C2SC=C(c3ccc(*)cc3)S2)S1,egc,2.2436,,False
*c1ccc2c3n(c4ccc(cc4n3)Oc3cc4n5c(nc4cc3)c3cccc4c(ccc(c5=O)c34)Oc3cc(ccc3)O*)c(=O)c3cccc1c23,tg,369.5,371.5453186035156,True
*CCCCCCCCCCCCCCCCCCCCC(*)Cl,egc,7.136,,False
*c1cc(N=Nc2ccc(OC)cc2)cc(*)c1O,egc,3.0241,,False
*c1nc2c([nH]1)ccc(c2)*,tg,398.0,,False
*OC(=O)c1ccc(cc1)c1ccc(cc1)c1ccc(cc1)C(=O)OCCCCCCCCCC*,tg,50.0,,False
*c1ccc(-c2nc3cc(Oc4ccc5nc(*)c(-c6ccccc6)nc5c4)ccc3nc2-c2ccccc2)cc1,egc,3.1353,,False
*OC(=O)NCCCCCCNC(=O)OCC*,tg,56.0,12.470911979675293,True
*N1C(=O)c2c(C1=O)cc(c(c2)c1ccc(cc1)C(C)(C)C)c1cc2c(C(=O)N(C2=O)c2ccc(cc2)Cc2ccc(cc2)*)cc1c1ccc(cc1)C(C)(C)C,tg,360.0,,False
*N1C(=O)c2c(C1=O)cc(cc2)C(=O)c1cc2c(C(=O)N(C2=O)CC(=O)Nc2ccc(cc2)Oc2ccc(cc2)NC(=O)C*)cc1,tg,235.0,,False
*Nc1cc(*)ccc1CCCCCCCCCCCC,egc,4.025,,False
*C(C*)P(=O)(N(C)C)N(C)C,tg,25.0,,False
*C=C1CCCCC(=Cc2ccc(Sc3ccc(*)o3)o2)C1=O,egc,2.9583,2.7738328065041165,True
*Oc1c(cc(cc1C)*)C,tg,204.61,,False
*c1nc2c(nc1c1ccc(cc1)Oc1ccc(cc1)Oc1ccc(cc1)P(=O)(c1ccc(cc1)Oc1ccc(cc1)Oc1ccc(cc1)*)c1ccccc1)cccc2,tg,209.0,,False
*c1ccc(OC(=O)c2cccc(C(=O)Oc3ccc(C4(*)OC(=O)c5ccccc54)cc3)c2)cc1,egc,3.9147,,False
*c1cc2c(C(=O)N(C2=O)c2ccc(cc2)c2c(cc(cc2c2ccc(cc2)c2ccccc2)c2ccc(cc2)OCCCCCCOc2ccc(cc2)c2cc(c(c(c2)c2ccc(cc2)c2ccccc2)c2ccc(cc2)N2C(=O)c3c(C2=O)cc(cc3)C(=O)*)c2ccc(cc2)c2ccccc2)c2ccc(cc2)c2ccccc2)cc1,tg,111.5,,False
*C(C*)(C(=O)OCCCCCCCCCCCCCCCCCC)C,tg,-103.33,,False
*CCCCCCCCc1nnc(-c2cccc(-c3nnc(*)o3)c2)o1,egc,4.3273,4.679922805714428,True
*c1ccc2c(nc([nH]2)c2cc(cc(c2)N2C(=O)c3c(C2=O)cccc3)c2nc3c([nH]2)ccc(c3)C(=O)Nc2cc(cc(c2)c2nc3c([nH]2)cccc3)NC(=O)*)c1,tg,334.0,,False
*OC(F)(C(*)(F)F)C(F)(F)F,egc,8.6002,,False
*CCC(C)CCC(=O)N*,egc,5.8159,5.996531618222031,True
*N1C(=O)c2c(C1=O)cc(cc2)C(c1cc2c(C(=O)N(C2=O)CC(=O)Nc2ccc(cc2)Oc2ccc(cc2)S(=O)(=O)c2ccc(cc2)Oc2ccc(cc2)NC(=O)C*)cc1)(C(F)(F)F)C(F)(F)F,tg,241.0,,False
*c1ccc(Cc2ccc(-n3c(=O)c4cc5c(=O)n(*)c(=O)c5cc4c3=O)cc2)cc1,egc,2.6697,,False
*OC(C)CC(*)=O,egc,6.4371,6.389584624308768,True
*c1ccc2cc(-c3nc4cc5sc(*)nc5cc4s3)ccc2c1,egc,3.27,,False
*c1cc(C(C(=O)OC)C(=O)OC)c(*)s1,egc,2.7717,,False
*c1nc2c(nc1)cc(cc2)c1cc2c(nc(cn2)c2ccc(cc2)Oc2ccc(cc2)*)cc1,tg,334.0,315.7436218261719,True
*OC1C(C)(C)C(*)C1(C)C,egc,5.3323,,False
*NC(=S)NCCCCC*,tg,55.0,,False
*CCCCCOC(=O)Nc1ccc(C)c(NC(=O)O*)c1,egc,5.0895,,False
*C1=CC2=CC(*)=NC2=N1,egc,1.0627,1.4146510463291637,True
*Oc1cc(ccc1)NC(=O)c1cc(cc(c1)NC(=O)c1ccc(cc1)OC(=O)C)C(=O)Nc1ccc(cc1)*,tg,251.0,,False
*C(C*)C(=O)OCCCCCCOC(=O)c1ccc(cc1)OC(=O)c1ccc(cc1)C#N,tg,30.0,23.698030471801758,True
*Oc1ccc(cc1)Oc1ccc(cc1)NC(=O)c1c(cc(cc1)c1cc(c(cc1)C(=O)Nc1ccc(cc1)*)C)C,tg,219.0,,False
*CCCCCOC(=O)C(=O)O*,egc,5.5658,,False
*Oc1ccc(cc1)C(=O)c1cc(ccc1)NC(=O)c1ccc(cc1)C(=O)Nc1cc(ccc1)C(=O)c1ccc(cc1)*,tg,189.0,,False
*c1nc(Cl)nc(N(c2ccccc2)c2nc(Nc3ccccc3)nc(N(*)c3ccccc3)n2)n1,egc,3.6448,,False
*C(=O)Nc1ccc(Cc2ccc(NC(=O)c3ccc4c(c3)C(=O)N(c3ccc(S(=O)(=O)c5ccc(N6C(=O)c7ccc(*)cc7C6=O)cc5)cc3)C4=O)cc2)cc1,egc,2.5578,2.7741751776145542,True
*OP(=O)(Oc1ccc(cc1)S(=O)(=O)c1ccc(cc1)*)Oc1ccccc1,tg,100.5,,False
*Oc1ccc(CC(*)=O)cc1,egc,4.8618,,False
*Nc1ccc(cc1)Cc1ccc(cc1)NC(=O)/C=C/c1ccc(cc1)/C=C/C(=O)*,tg,230.0,,False
*Oc1ccc(cc1)OC(=O)c1c(cc(cc1)C(=O)*)Oc1ccc(cc1)C1CCCCC1,tg,113.0,,False
*C(C*)C(=O)Oc1ccc(cc1)C(=O)O,tg,113.33,,False
*c1cc2c(C(=O)N(C2=O)c2cc(ccc2)C(=O)NCCN(CCNC(=O)*)c2ccc(cc2)C=Cc2ccc(cc2)[N+](=O)[O-])cc1,tg,178.0,,False
*OP(=O)(Oc1ccc(cc1)NC(=O)Oc1ccc(cc1)c1ccc(cc1)OC(=O)Nc1ccc(cc1)*)c1ccccc1,tg,34.0,,False
*Oc1cc(ccc1)NC(=O)C(=O)Nc1cc(ccc1)OCC(COc1ccc(cc1)C(c1ccc(cc1)OCC(C*)O)(C)C)O,tg,119.0,,False
*CC(*)C(=O)Oc1cccc(C)c1,egc,4.8262,4.890428008013056,True
*Sc1cc(ccc1)Sc1ccc(cc1)Sc1ccc(cc1)*,tg,75.0,,False
*C(=O)C(S1)=CC=C1C(S2)=CC=C2C(S3)=CC=C3*,egc,1.9407,,False
*O[Si](*)(CCCCCCCCCCCOc1ccc(cc1)/C=C/c1ccc(cc1)OC)C,tg,55.0,,False
*CCCCCCCCCCCCNC(=O)CCCCC(=O)N*,egc,5.5516,,False
*C(=O)CCCCCCCCC(=O)N1CC(C)N(*)CC1C,egc,5.7455,,False
*NC(S1)=CC=C1C(=S)C(C=C2)=CC=C2*,egc,2.3153,,False
*CCOCCOCCOC(=O)CCSCCC(=O)O*,egc,5.3579,,False
*SSCc1ccc(cc1)C*,tg,23.0,,False
*N1C(=O)c2c(C1=O)c(ccc2)Oc1c(cc(cc1C)Cc1cc(c(c(c1)C)Oc1c2c(C(=O)N(C2=O)c2ccc(cc2)Oc2ccc(cc2)c2ccc(cc2)Oc2ccc(cc2)*)ccc1)C)C,tg,259.0,261.8326416015625,True
*ON(C(C(*)(F)F)(F)F)C(C(Br)(F)F)(F)F,tg,-17.0,-31.61602783203125,True
*C1C(=O)OC(=O)C1C(C*)OC,tg,170.2,,False
*C(C*)(C(=O)OCc1cc2c(OCCOCCOCCOCCO2)cc1)C,tg,38.0,,False
*OC(COC(=O)Nc1ccc(cc1)Cc1ccc(cc1)NC(=O)*)c1occc1,tg,40.0,71.41019439697266,True
*c1cc2c(C(=O)N(C2=O)c2cc(ccc2)NC(=O)C(C(C(C(C(C(C(=O)Nc2cc(ccc2)N2C(=O)c3c(C2=O)cc(cc3)C(*)(C(F)(F)F)C(F)(F)F)(F)F)(F)F)(F)F)(F)F)(F)F)(F)F)cc1,tg,218.0,,False
*OC(=O)Nc1ccc(cc1)Cc1ccc(cc1)NC(=O)OCCN(CC*)c1ccc(cc1)N=Nc1ccc(cc1)[N+](=O)[O-],tg,136.4,,False
*C(C*)(C(=O)Oc1ccc(cc1)C(=O)C=Cc1ccc(cc1)OCc1ccccc1)C,tg,152.0,,False
*c1cc2c(C(=O)N(C2=O)c2ccc(cc2)Oc2ccc(cc2)C(c2ccc(cc2)Oc2ccc(cc2)N2C(=O)c3c(C2=O)cc(cc3)C(=O)*)(C)C)cc1,tg,287.73,248.86456298828125,True
*c1cc2c(C(=O)N(C2=O)c2ccc(cc2)Oc2ccc(cc2)NC(=O)*)cc1,tg,290.17,,False
*N1C(=O)c2c(C1=O)cc(cc2)c1cc2c(C(=O)N(C2=O)c2ccc(cc2)OC(=O)CCCCCCCCCCCCCCCCCCCCC(=O)Oc2ccc(cc2)*)cc1,tg,135.0,,False
*OC(=O)C(NC(=O)CCCCCCCCC(=O)NC(C(=O)OCC=CC*)Cc1ccccc1)Cc1ccccc1,tg,46.0,,False
*N1C(=O)c2c(C1=O)c(ccc2)Oc1ccc(cc1)Sc1ccc(cc1)Oc1c2c(C(=O)N(C2=O)c2ccc(cc2)Oc2cc(ccc2)Oc2ccc(cc2)*)ccc1,tg,202.0,,False
*c1cc2c(C(=O)N(C2=O)c2c(ccc(c2)N2C(=O)c3c(C2=O)cc(cc3)C(=O)Nc2ccc(cc2)Oc2c(cccc2)c2c(cccc2)Oc2ccc(cc2)NC(=O)*)C)cc1,tg,266.0,,False
*c1cc2c(C(=O)N(C2=O)c2ccc(cc2)C(=O)Nc2ccc(cc2)C(c2ccc(cc2)NC(=O)c2ccc(cc2)N2C(=O)c3c(C2=O)cc(cc3)C(*)(C(F)(F)F)C(F)(F)F)(C(F)(F)F)C(F)(F)F)cc1,tg,351.0,,False
*C(F)(F)C(F)(F)NC(C=C1)=CC=C1*,egc,4.4728,,False
*CCCCCCCCCCNC(=O)CCCCC(=O)N*,egc,5.8086,5.848650615410247,True
*OC(CC(*)=O)C(C)(Cl)Cl,egc,6.4677,5.9669355190932025,True
*CC(=O)C(=S)C(S1)=CC=C1*,egc,2.5515,2.2820198432503607,True
*CCCCCCOC(=O)NCCCCNC(=O)O*,egc,6.3921,6.18834086459416,True
*Oc1c(cc(cc1C(C)C)C(=O)c1cc(ccc1)C(=O)c1ccc(cc1)*)C(C)C,tg,132.0,168.7798614501953,True
*NC(CSSCc1ccccc1)C(*)=O,egc,4.9511,4.612055513820052,True
*C1C(=O)N(C(=O)C1C(C*)c1ccccc1)c1ccc(cc1)NC(=O)OCC1N(CCC1)c1ccc(cc1)[N+](=O)[O-],tg,208.0,211.99932861328125,True
*c1cc2c(C(=O)N(C2=O)c2ccc(cc2)N2C(=O)c3c(C2=O)cc(cc3)c2c(c(c(c(c2c2ccccc2)c2ccccc2)c2ccc(cc2)Oc2ccc(cc2)c2c(c(c(c(c2c2ccccc2)c2ccccc2)*)c2ccccc2)c2ccccc2)c2ccccc2)c2ccccc2)cc1,tg,353.0,344.9068298339844,True
*Oc1c(cc(cc1Br)*)Br,tg,196.0,196.3772430419922,True
*SC(=O)N(CCC*)Cc1ccccc1,tg,27.0,,False
*[Si](CC(C*)Cc1ccc(cc1)c1ccccc1)(C)C,tg,28.0,18.540788650512695,True
*c1ccc(-c2ccc(-c3cc(SCCCCCCCCCC)c(*)s3)cc2)cc1,egc,3.0684,,False
*Oc1c(cc(cc1C)C(c1cc(c(c(c1)C)OC(=O)*)C)(C)C)C,tg,193.62,,False
*CCCO*,egc,6.2459,,False
*N1C(=O)c2c(C1=O)cc(cc2)Oc1c2c(ccc1)c(ccc2)Oc1cc2c(C(=O)N(C2=O)c2cc(ccc2)*)cc1,tg,260.0,,False
*CC1CCC(CNC(=O)c2cc(C(=O)N*)cc(C(C)(C)C)c2)CC1,egc,4.8744,4.893462968746991,True
*CCCCCNC(=O)CCCCCCC(=O)N*,egc,5.9286,5.874607223568096,True
*CCCCNC(=O)CCCCCCCCCCC(=O)N*,egc,5.9492,5.865065658208758,True
*N1C(=O)c2c(C1=O)cc(cc2)c1cc2c(C(=O)N(C2=O)c2cc3S(=O)(=O)c4c(c3cc2C)cc(c(c4)*)C)cc1,tg,490.0,367.1101379394531,True
*CC(=O)C(*)C,egc,4.7758,,False
*N=C(O)N=C(*)N=C(N)N,egc,3.4308,3.4239960914741334,True
*c1n(c(cc1)Oc1ccc(cc1)C(c1ccc(cc1)OC*)(C)C)c1ccc(cc1)[N+](=O)[O-],tg,76.75,,False
*CC(=S)CC(=S)*,egc,2.5423,,False
*c1c2C(=O)N(C(=O)c2c(c2ccccc12)c1ccc(cc1)Oc1ccc(cc1)S(=O)(=O)c1ccc(cc1)Oc1ccc(cc1)*)c1ccccc1,tg,305.0,,False
*Nc1ccc(Br)cc1-c1ccc(NC(=O)c2ccc(C(*)=O)cc2)cc1,egc,3.4431,,False
*C1OC(C(C(C1OCC)OCC)O*)COCC,tg,119.5,63.339813232421875,True
*C(=O)c1ccc(C(=O)N(C)N(*)C)cc1,egc,4.0457,4.526724484578794,True
*C(C*)(C(=O)OCCN(C)C)C,tg,24.75,33.60568618774414,True
*CCOC(=O)c1ccc(NC(=O)CCCCCCCC(=O)Nc2ccc(C(=O)O*)cc2)cc1,egc,4.188,,False
*CC(CC)(CCl)CO*,egc,6.1616,,False
*C(C*)C(=O)OCCCOc1ccc(cc1)C(=O)OCCCC(C(C(C(C(C(C(C(F)(F)F)(F)F)(F)F)(F)F)(F)F)(F)F)(F)F)(F)F,tg,48.0,,False
*c1cc2c(C(=O)N(C2=O)c2cc(c(cc2)c2c(cc(cc2)N2C(=O)c3c(C2=O)cc(cc3)C(=O)Oc2ccc(cc2)C2(C3CC4CC(CC2C4)C3)c2ccc(cc2)OC(=O)*)C)C)cc1,tg,222.0,306.4212341308594,True
*[Si](C*)(CCCn1c2ccccc2c2ccccc12)C,tg,71.2,42.766693115234375,True
*c1cc2c(C(=O)N(C2=O)c2c(ccc(c2)N2C(=O)c3c(C2=O)cc(cc3)C(=O)Nc2c(cc(cc2)Cc2cc(c(cc2)NC(=O)*)C)C)N=Nc2ccc(cc2)C)cc1,tg,257.0,273.3483581542969,True
*c1cc2c(C(=O)N(C2=O)c2ccc(cc2)Oc2ccc(cc2)N2C(=O)c3c(C2=O)cc(cc3)C(CCCCCCCCC(*)(C)C)(C)C)cc1,tg,123.65,167.7450714111328,True
*S(=O)(=O)NCCCCCCNS(=O)(=O)c1cc(ccc1)*,tg,67.0,,False
*Oc1ccc(cc1)S(=O)(=O)c1ccc(cc1)OC(=O)c1ccc(cc1)[Si](c1ccc(cc1)C(=O)*)(C)C,tg,235.0,,False
*CCOCCOC(=O)C1CCC(C(=O)O*)CC1,egc,6.6414,6.409009447323411,True
*N1C(=O)c2c(C1=O)cc(cc2)[Si](O[Si](O[Si](c1cc2c(C(=O)N(C2=O)c2cc(ccc2)Cc2cc(ccc2)*)cc1)(C)C)(C)C)(C)C,tg,208.0,,False
*c1cc2c(C(=O)N(C2=O)c2ccc(cc2)Oc2c(c(ccc2)Oc2ccc(cc2)N2C(=O)c3c(C2=O)cc(cc3)C(=O)Nc2cc(ccc2)Oc2c(c(ccc2)Oc2cc(ccc2)Oc2c(c(ccc2)Oc2cc(ccc2)NC(=O)*)C#N)C#N)C#N)cc1,tg,199.0,,False
*c1cc2c(C(=O)N(C2=O)c2c(ccc(c2)N2C(=O)c3c(C2=O)cc(cc3)C(=O)*)CP(=O)(OCCCl)OCCCl)cc1,tg,261.0,,False
*C(=O)Nc1cccc(NC(=O)c2cccc(NC(=O)c3ccc(-c4nc5cc(*)ccc5[nH]4)cc3)c2)c1,egc,3.3084,3.2304825107913904,True
*Oc1ccc(cc1)C1(c2cc(ccc2c2ccc(cc12)[N+](=O)[O-])OC)c1ccc(cc1)OC(=O)CCCC(=O)*,tg,197.0,,False
*Oc1ccc(cc1)C(=O)N(C(=O)c1ccc(cc1)OCCCCCC*)c1c2c(ccc1)cccc2,tg,56.0,105.39447021484375,True
*N1C(=O)c2c(C1=O)cc(cc2)c1cc2c(C(=O)N(C2=O)c2ccc(cc2)Oc2ccc(cc2)*)cc1,tg,281.03,,False
*C=CCCCCCCCCCC*,egc,5.8787,6.058303170778103,True
*c1ccc2n(c3c(c2c1)cc(cc3)C=C(C(=O)OCCCCCCOC(=O)C(=C*)C#N)C#N)CCCCCCCCCCCOc1ccc(cc1)C=Cc1ccc(cc1)[N+](=O)[O-],tg,87.0,,False
*CC(*)OCC(=O)OC,egc,5.3903,,False
*OC(=O)CCCC(=O)OCCCC*,tg,-36.5,,False
*Oc1ccc(cc1)OC(=O)c1c(cc(cc1)C(=O)*)Oc1ccc(cc1)C(c1ccccc1)(C)C,tg,93.0,127.84329986572266,True
*Nc1ccc(-c2ccc(NC(=O)c3cc(C(=O)O)c(C(*)=O)cc3C(=O)O)cc2)cc1,egc,3.2555,,False
*Oc1ccc(cc1)NC(=O)c1cc(cc(c1)NC(=O)CCCN1C(=O)c2c(C1=O)cccc2)C(=O)Nc1ccc(cc1)*,tg,225.0,229.59800720214844,True
*c1nc(ccc1)Oc1cc(ccc1)O*,tg,82.0,,False
*C(C*)OC(=O)C(C(C)C)(C(C)C)C,tg,120.0,70.16222381591797,True
*C(C*)c1ccc(cc1)c1cc2C(c3c(c2cc1)cccc3)(CCCCCC)CCCCCC,tg,76.55,87.40094757080078,True
*c1sc(cc1)Oc1ccc(cc1)C(c1ccc(cc1)Oc1sc(cc1)C(=O)c1ccc(cc1)C(=O)*)(C)C,tg,154.0,144.24070739746094,True
*N1C(=O)C(CC1=O)(SCCOCCSC1(C(=O)N(C(=O)C1)c1ccc(cc1)S(=O)(=O)c1ccc(cc1)N1C(=O)C(C(C1=O)C)SCCOCCSC1C(=O)N(C(=O)C1C)c1ccc(cc1)S(=O)(=O)c1ccc(cc1)*)C)C,tg,157.0,159.83468627929688,True
*OC(=O)c1ccc(cc1)C(=O)OCCOC(=O)CCCCCCCCC(=O)OCC*,tg,-6.75,-6.490102291107178,True
*c1nc2c(nc1c1ccccc1)cc(cc2)c1cc2c(nc(c(n2)c2ccccc2)c2ccc(cc2)OCCCCOc2ccc(cc2)*)cc1,tg,219.0,250.0575408935547,True
*N1C(=O)c2c(C1=O)cc(cc2)C(=O)c1cc2c(C(=O)N(C2=O)CCC(=O)Nc2cc(ccc2)Oc2ccc(cc2)NC(=O)CC*)cc1,tg,224.0,,False
*Nc1ccc(cc1)NC(=O)c1c(cc(cc1)C(=O)c1cc(c(cc1)C(=O)*)C(=O)OCC)C(=O)OCC,tg,275.0,,False
*N1C(=O)c2c(C1=O)cc(cc2)c1cc2c(C(=O)N(C2=O)c2ccc(cc2)Oc2ccc(cc2)Oc2ccc(cc2)Oc2ccc(cc2)*)cc1,tg,228.51,241.857421875,True
*CC(O*)C1CC(F)(F)C1(F)F,egc,6.5249,,False
*O[Si](Oc1ccc(cc1)*)(c1ccccc1)C,tg,95.0,,False
*c1sc(-c2cc(OCCCCC)c(*)s2)cc1OCCCCC,egc,1.2005,,False
*c1oc(nn1)c1ccc(cc1)C(=O)OCCCCCCCCOc1ccc(cc1)C=C1C(=O)C(=Cc2ccc(cc2)OCCCCCCCCOC(=O)c2ccc(cc2)*)CC1,tg,99.0,80.72473907470703,True
*CCCCCCCCCCNC(=O)NCCCCCCCCNC(=O)N*,egc,5.9409,,False
*N1C(=O)c2c(C1=O)cc(cc2)Oc1ccc(cc1)S(=O)(=O)c1ccc(cc1)Oc1cc2c(C(=O)N(C2=O)c2ccc(cc2)Oc2cc(ccc2)Oc2ccc(cc2)*)cc1,tg,219.0,,False
*C(C(CCC*)Cl)Cl,tg,-55.0,17.926231384277344,True
*C(C(CCCCC*)Cl)Cl,tg,-17.0,-3.8446147441864014,True
*c1cc2c(C(=O)N(C2=O)c2c(c(cc(c2)C(F)(F)F)N2C(=O)c3c(C2=O)cc(cc3)C(=O)Nc2c(c(cc(c2)C(F)(F)F)NC(=O)*)Oc2ccc(cc2)C(F)(F)F)Oc2ccc(cc2)C(F)(F)F)cc1,tg,315.0,289.0927429199219,True
O(*)c1ccc(cc1)C(=O)Nc1ccc(cc1)S(=O)(=O)c1ccc(cc1)NC(=O)c1ccc(cc1)(*),egc,3.8301,,False
*N1C(=S)N(C(=O)CC1=O)c1ccc(cc1)Oc1ccc(cc1)Oc1ccc(cc1)*,tg,141.0,,False
*C1C(CC(C1)C=C*)C(=O)OCCNC(C)(C)C,tg,29.0,,False
*c1cc2c(C(=O)N(C2=O)c2cc(c(cc2)Oc2c(cc(cc2C(C)(C)C)c2ccc(cc2)N2C(=O)c3c(C2=O)cc(cc3)C(=O)*)C(C)(C)C)C(F)(F)F)cc1,tg,362.0,357.1883239746094,True
*NC(C)(C)CC(*)=O,egc,5.5484,,False
*C(C*)(CC(=O)OC(C)C)C(=O)OC12CC3CC(CC(C1)C3)C2,tg,180.0,,False
*Oc1ccc(cc1)OC(=O)c1c(cc(cc1)C(=O)Oc1ccc(cc1)OCCCC*)C(=O)OCC=C,tg,56.0,,False
*c1ccc(*)n1C(C(=O)NO)n1c2ccccc2c2ccccc21,egc,2.9081,,False
*OC(=O)c1c(ccc(c1)C(=O)OCC(C(C(C*)(F)F)(F)F)(F)F)OCCCCC,tg,9.0,,False
*OC(=O)CCCCCC(*)=O,egc,5.9809,6.251713379315254,True
*N1C(=O)c2c(C1=O)c(ccc2)c1cc2c(C(=O)N(C2=O)c2cc(c(cc2)c2c(cc(cc2)*)C(F)(F)F)C(F)(F)F)cc1,tg,346.0,,False
*OC(=O)NCCCCCCNC(=O)OCCN(CC*)CCCCCCOc1ccc(cc1)C=Cc1ccc(cc1)[N+](=O)[O-],tg,29.05,41.342533111572266,True
*Nc1c(cc(cc1)NC(=O)c1ccc(cc1)NC(=O)CCCCCCCCC(=O)Nc1ccc(cc1)C(=O)*)C(=O)OCCCCCCCCCCCCCCCCCC,tg,280.0,,False
*NC(=O)CCCCCCCCCCC(=O)NCc1ccc(cc1)C*,tg,105.0,,False
*CCCCCCCCCCCCCCCCCCCCCC(=O)N*,egc,5.9891,,False
*N1C(=O)c2c(C1=O)cc(cc2)Oc1ccc(cc1)S(=O)(=O)c1ccc(cc1)Oc1cc2c(C(=O)N(C2=O)c2cc(ccc2)*)cc1,tg,265.0,248.2537078857422,True
*c1cc(C(c2ccc(O)c(-n3c(=O)c4cc5c(=O)n(*)c(=O)c5cc4c3=O)c2)(C(F)(F)F)C(F)(F)F)ccc1O,egc,2.3838,,False
*Oc1ccc(cc1)S(=O)(=O)c1ccc(cc1)OC(=O)c1cc(cc(c1)CCCCC)C(=O)*,tg,170.0,,False
*c1cc2c(C(=O)N(C2=O)c2ccc(cc2)C(=O)Nc2ccc(cc2)Oc2cc(ccc2)Oc2ccc(cc2)NC(=O)c2ccc(cc2)N2C(=O)c3c(C2=O)cc(cc3)C(*)(C(F)(F)F)C(F)(F)F)cc1,tg,286.0,,False
*C(*)C(=O)OCC,tg,12.35,,False
*c1ccc(cc1)C(*)C,tg,79.43,191.97413635253906,True
*Oc1c(cc(cc1)Oc1c(cc(cc1)C(=O)c1cc(c(cc1)*)S(=O)(=O)O)S(=O)(=O)O)S(=O)(=O)O,tg,248.0,206.0164031982422,True
*CCCCCCCCCCNC(=O)CCCCCCCCCCCCCCC(=O)N*,egc,5.8964,5.939466268185368,True
*CC(COc1ccc(-c2ccc(C#N)cc2)cc1)O*,egc,4.4378,4.034326337346551,True
*OC(=O)c1cc(ccc1)C(=O)OCCCCC*,tg,7.0,,False
*OC(COC(=O)c1c(c(c(cc1)c1c(cc(c(c1)CCCCCCCC)c1c(c(c(cc1)C(=O)*)F)F)CCCCCCCC)F)F)COc1ccc(cc1)N=Nc1ccc(cc1)C#N,tg,61.0,77.04460906982422,True
*CCCCCCCCCCNC(=O)NCCCCCCNC(=O)N*,egc,5.6863,,False
*N1C(=O)CC(CC1=O)CCC*,tg,90.23,,False
*Nc1cc(NC(=O)c2cccc(C(*)=O)c2)c(N)cc1N,egc,3.509,,False
*CC(*)c1ccc(CCCCCCCCCCCCCCCC)cc1,egc,5.0097,,False
*CC(CS(=O)(=O)C(C)C)O*,egc,5.0712,,False
*c1[nH]c(nc1c1ccc(cc1)NC(=O)Nc1ccc(cc1)NC(=O)Nc1ccc(cc1)*)c1ccc(cc1)[N+](=O)[O-],tg,292.0,,False
*CC(=S)CO*,egc,3.0342,,False
*NC(=S)C(=C1)SC(=C1)C(=S)*,egc,2.1587,,False
*C1(c2c(C(=O)N1C)cccc2)c1ccc(cc1)Oc1ccc(cc1)C(=O)c1ccc(cc1)Oc1ccc(cc1)*,tg,245.0,,False
*C(C*)(C(=O)OCC1OC1)C,tg,62.81,,False
*c1cc2c(C(=O)N(C2=O)c2c(ccc(c2)C(c2cc(c(cc2)O)N2C(=O)c3c(C2=O)cc(cc3)C(*)(C(F)(F)F)C(F)(F)F)(C(F)(F)F)C(F)(F)F)O)cc1,tg,310.33,,False
*C(C*)n1c2c(c3c1cc1ccccc1c3)cccc2,tg,253.0,,False
*OC(C*)CSC(C)C,tg,-44.0,,False
*Oc1ccc2ccc(OC(=O)Oc3ccc(OC(*)=O)cc3)cc2c1,egc,4.3295,,False
*CC(*)C(=O)OCC(F)(F)C(F)(F)OC(F)(F)F,egc,6.5517,,False
*CCN(*)C(=O)c1c(F)cccc1F,egc,4.4989,4.761339727122677,True
*Oc1ccc(cc1)C(=O)OCCCCCCOC(=O)c1ccc(cc1)*,tg,15.0,,False
*CCCCCCCCCCCCCCCCCCOCO*,egc,6.7236,,False
*NC(=O)c1c(cccc1)c1c(cccc1)C(=O)NCCCCCC*,tg,122.5,,False
*c1cc2c(C(=O)N(C2=O)c2cc(cc(c2)OCCCC)N2C(=O)c3c(C2=O)cc(cc3)C(*)(C(F)(F)F)C(F)(F)F)cc1,tg,246.0,248.17523193359375,True
*CC(C)(C)COC(=O)O*,egc,7.3547,,False
*N1C(=O)c2c(C1=O)cc(cc2)Oc1cc2c(C(=O)N(C2=O)c2ccc(cc2)Oc2ccc(cc2)*)cc1,tg,266.3,,False
*c1cc2c(C(=O)N(C2=O)c2ccc(cc2)C(=O)Nc2ccc(cc2)Oc2ccc(cc2)NC(=O)c2ccc(cc2)NC(=O)Nc2ccc(cc2)Cc2ccc(cc2)NC(=O)Nc2ccc(cc2)C(=O)Nc2ccc(cc2)Oc2ccc(cc2)NC(=O)c2ccc(cc2)N2C(=O)c3c(C2=O)cc(cc3)C(=O)*)cc1,tg,229.0,,False
*C(C*)C(=O)OCCSCCCC#N,tg,-58.0,-49.38665771484375,True
*OC(COCCOC)COC(*)=O,egc,6.2142,6.011014880673029,True
*OC(=O)CCCCCCCCCCC(*)=O,egc,6.499,6.440231615279638,True
*c1cc2c(C(=O)N(C2=O)c2ccc(cc2)C=Cc2ccc(cc2)N2C(=O)c3c(C2=O)cc(cc3)C(=O)*)cc1,tg,303.0,,False
*CC(OCC)C(C#N)(C#N)C(*)(C#N)C(=O)OC,egc,5.4657,6.075397837796388,True
*Oc1ccc(S(=O)(=O)c2ccc3cc(S(=O)(=O)c4ccc(Oc5c(C)cc(-c6cc(C)c(*)c(C)c6C)c(C)c5C)cc4)ccc3c2)cc1,egc,3.4715,,False
*Oc1ccc(cc1)C1(c2ccccc2c2ccccc12)c1ccc(cc1)Oc1c(c(c(c(c1F)F)C(=O)c1c(c(c(c(c1F)F)*)F)F)F)F,tg,223.0,,False
*C(*)(F)F,tg,57.21,,False
*c1ccc(N2C(=O)c3ccc(Oc4ccc5c(c4)C(=O)N(*)C5=O)cc3C2=O)cc1,egc,3.4906,2.9022267466672775,True
*CCC(C)C(C)CCNC(=O)c1cccc(C(=O)N*)c1,egc,4.994,4.90107585536591,True
*Cc1ccc(CN2CCN(*)C(C)C2)cc1,egc,4.6219,,False
*Oc1ccc(cc1)C(c1ccc(cc1)OC(=O)*)C1C2CCC(C1)C2,tg,207.0,212.3400421142578,True
*Oc1ccc(cc1)C(=O)c1cc(ccc1)C(=O)c1ccc(cc1)Oc1cc(ccc1)Cc1cc(ccc1)*,tg,114.0,,False
*OC(CC(=O)*)CCCCCC,tg,-47.0,-30.0812931060791,True
*c1cc2c(C(=O)N(C2=O)c2ccc(cc2)Oc2cc3c(cc2)ccc(c3)Oc2ccc(cc2)N2C(=O)c3c(C2=O)cc(cc3)C(=O)Nc2cc(ccc2)Oc2ccc(cc2)NC(=O)*)cc1,tg,263.0,,False
*c1cc2c(C(=O)N(C2=O)c2cc(ccc2)P(=O)(c2cc(ccc2)N2C(=O)c3c(C2=O)cc(cc3)C(=O)Nc2ccc(cc2)C(=O)c2ccc(cc2)NC(=O)*)c2ccccc2)cc1,tg,238.0,,False
*c1ccc2c(c1)c1cc(*)ccc1n2CC1CO1,egc,3.2508,,False
*c1ccc(Nc2cc(C)c(*)s2)cc1,egc,3.2402,,False
*CCCOC(=O)CCCCSCCCCC(=O)O*,egc,5.3966,5.585001696705255,True
*C1C(=O)N(C(=O)C1CC*)CCC,tg,90.4,,False
*Oc1ccc(cc1)C(=O)c1ccc(cc1)OC(=O)OC1C(C(C1(C)C)OC(=O)*)(C)C,tg,125.0,,False
*COCC(C)O*,egc,6.2765,6.373028930111168,True
*[Si](CCC*)(c1c2c(ccc1)cccc2)C1CCCCC1,tg,47.5,83.89276123046875,True
*CC(*)OC(=O)c1ccc(OC)cc1,egc,4.435,,False
*N=P(*)(OCCC)OCCC,tg,-100.0,,False
*C1COC2C1OCC2OC(=O)c1cc(ccc1)OCCCCCCCCOc1cc(ccc1)C(=O)O*,tg,31.75,46.09379196166992,True
*OC(=O)NCC(C(C(C(CNC(=O)OCCCCCC*)(F)F)(F)F)(F)F)(F)F,tg,5.0,,False
*OC(=O)C(Cc1ccccc1)NC(=O)CCCCC(=O)NC(Cc1ccccc1)C(=O)OC1COC2C(*)COC12,egc,5.287,,False
*OC(=O)c1ccc(cc1)c1ccc(cc1)C(=O)OCCCCCCCCCCCC*,tg,42.75,,False
*N1C(=O)c2c(C1=O)cc(cc2)C(=O)Oc1ccc(cc1)c1ccc(cc1)OC(=O)c1cc2c(C(=O)N(C2=O)CCCCCC*)cc1,tg,133.0,,False
*Nc1c(cc(cc1)NC(=O)c1ccc(cc1)NC(=O)CCCCCCCCC(=O)Nc1ccc(cc1)C(=O)*)C(=O)OCCCCCCCCCCCCCC,tg,225.0,241.3572235107422,True
*NC(C=C1)=CC=C1NC(S2)=CC=C2*,egc,3.8931,2.964890515307078,True
*c1oc(nn1)c1ccc(cc1)NC(=O)CN1C(=O)c2c(C1=O)cc(cc2)C(c1cc2c(C(=O)N(C2=O)CC(=O)Nc2ccc(cc2)*)cc1)(C(F)(F)F)C(F)(F)F,tg,280.0,241.3061065673828,True
*c1ccc(NC(=O)c2cccc(C(=O)Nc3ccc(-n4c(=O)c5cc6c(=O)n(*)c(=O)c6cc5c4=O)cc3)c2)cc1,egc,2.46,,False
*C(C*)C(=O)OCCCCCCSCC#N,tg,-59.0,-51.9205436706543,True
*C(C*)c1ccc(cc1)COCCO,tg,46.0,,False
*C1C2C(C(C(C1*)C2)C(=O)OCCCc1ccccc1)C(=O)OCCCc1ccccc1,tg,200.0,128.98382568359375,True
*Oc1ccc(cc1)C(c1ccc(cc1)Oc1c(c(c(c(c1F)F)C(=O)c1c(c(c(c(c1F)F)*)F)F)F)F)(C(F)(F)F)C(F)(F)F,tg,148.69,,False
*CCCCCCNC(=O)C(CC)CC(CC)C(=O)N*,egc,5.6687,,False
*c1cc2c(C(=O)N(C2=O)c2cc(ccc2)C(=O)c2ccc(cc2)Cc2ccc(cc2)N2C(=O)c3c(C2=O)cc(cc3)C(=O)*)cc1,tg,290.0,277.6978759765625,True
*Oc1ccc(C2(c3ccc(OC(=O)c4ccc(C(*)=O)cc4)cc3)c3ccccc3-c3ccccc32)cc1,egc,3.1166,,False
*CC(*)(F)C(=O)OCC(F)(F)C(F)(F)F,egc,6.4706,,False
*Oc1c(cc(c(c1)C(c1ccccc1)(C)C)OC(=O)c1ccc(cc1)C(=O)*)C(c1ccccc1)(C)C,tg,170.0,,False
*C(C*)CNc1c(cc(cc1)[N+](=O)[O-])[N+](=O)[O-],tg,160.0,173.63673400878906,True
*c1cc2c(C(=O)N(C2=O)c2ccc(cc2)Oc2ccc(cc2)C2(c3c(C(=O)N2)cccc3)c2ccc(cc2)Oc2ccc(cc2)N2C(=O)c3c(C2=O)cc(cc3)C(=O)Nc2cc(ccc2)NC(=O)*)cc1,tg,328.0,,False
*c1oc(nn1)c1ccc(cc1)Oc1ccc(cc1)NC(=O)c1cc(cc(c1)N1C(=O)c2c(C1=O)cccc2)C(=O)Nc1ccc(cc1)Oc1ccc(cc1)*,tg,285.0,,False
*Oc1ccc(cc1)P(=O)(c1ccc(cc1)Oc1ccc(cc1)C(c1ccc(cc1)*)(C)C)c1ccccc1,tg,182.0,218.22666931152344,True
*NC1CC(CCC(*)=O)C1(C)C,egc,5.7546,,False
*OP(=O)(OCCCCCCCCCCOc1ccc(cc1)C=Cc1ccc(cc1)OCCCCCCCCCC*)OCCCCCCCCCCOc1ccc(cc1)N=Nc1ccccc1,tg,55.0,58.02799606323242,True
*CC1(C)CC(N2C(=O)c3ccc(-c4ccc5c(c4)C(=O)N(*)C5=O)cc3C2=O)CC(C)(C)C1,egc,3.6926,,False
*CCOCO*,egc,6.6358,,False
*CCCCCCCCCCCNC(=O)CCCCC(=O)N*,egc,6.1376,,False
*OC(=O)CCCCCCCCCCCCC(*)=O,egc,6.2591,,False
*N(C(=O)c1cc(ccc1)C(=O)*)c1ccccc1,tg,148.0,171.5977783203125,True
*C(=O)c1ccc2c(c1)C(=O)N(c1ccc(N3C(=O)c4ccc(*)cc4C3=O)nc1)C2=O,egc,3.0206,,False
*c1sc(cc1)C(=O)Oc1ccc(cc1)[Si](c1ccc(cc1)OC(=O)*)(c1ccccc1)c1ccccc1,tg,-78.0,,False
*Oc1ccc(cc1)CCC(=O)NCCCCCCNC(=O)C*,tg,72.0,59.760009765625,True
*NC(C)CNC(=O)C1CC1C(*)=O,egc,5.5051,5.677299957930009,True
*C(C*)(C(=O)OCCN(c1ccc(cc1)C=Cc1ccc(cc1)[N+](=O)[O-])C)C,tg,107.0,111.3891830444336,True
*c1cc2c(C(=O)N(C2=O)c2cc(cc(c2)Cl)N2C(=O)c3c(C2=O)cc(c(c3)Cl)C(=O)*)cc1Cl,tg,311.0,321.888671875,True
*c1cc(C(=O)CC)c(*)[nH]1,egc,3.012,3.0055065027646184,True
*N1C(=O)c2c(C1=O)c(ccc2)c1cc2c(C(=O)N(C2=O)c2ccc(cc2)*)cc1,tg,407.6,387.2725524902344,True
*C(C*)(C(=O)OCC(C)C)C,tg,54.04,,False
*C(C*)c1cc(ccc1)B(O[Si](C)(C)C)O[Si](C)(C)C,tg,35.0,,False
*Oc1ccc(cc1)C1(c2ccccc2c2ccccc12)c1ccc(cc1)OC(=O)CCC(=O)*,tg,234.0,,False
*O[Si](*)(CCC)CCC,tg,-77.5,,False
*OC(CC(*)=O)C1CCC=CO1,egc,4.8999,5.609280660819146,True
*NNC(=O)CCCCCCCCCCCCCCCCC(*)=O,egc,5.9847,5.757864899642409,True
*C1C2C(C(C1)CC*)C1CCC2C1,tg,164.0,,False
*C([2H])([2H])C(*)([2H])C([2H])=C([2H])[2H],egc,5.9833,,False
*C(=O)c1ccc2c(c1)C(=O)N(c1ccc(C(=O)c3cccc(C(=O)c4ccc(N5C(=O)c6ccc(*)cc6C5=O)cc4)c3)cc1)C2=O,egc,2.9294,2.6235626688906093,True
*O[Si](O[Si](O[Si](O[Si](OC(CCC(*)C)C)(C)C)(C)C)(C)C)(C)C,tg,-96.0,,False
*CC(*)OCCCCCCCCCCCC,egc,5.4919,,False
*CCCCCCCCC(*)Cl,egc,6.9974,,False
*c1cc2c(C(=O)N(C2=O)c2ccc(cc2)C(=O)Nc2ccc(cc2)C(=O)OCCCCCCCCCOC(=O)*)cc1,tg,100.0,,False
*c1cc2c(C(=O)N(C2=O)c2ccc(cc2)Cc2ccc(cc2)NC(=O)*)cc1,tg,279.5,265.8880920410156,True
*O[Si](c1ccc(cc1)[Si](O[SiH](*)C)(C)C)(C)C,tg,-70.33,,False
*OC(C*)CSCC,tg,-57.0,,False
*Oc1c(cc(cc1OC)C=Cc1c(cc(c(c1)CCCCCC)C=Cc1cc(c(c(c1)OC)OCCCCCCCC*)OC)CCCCCC)OC,tg,21.0,76.79839324951172,True
*OC(=O)CCCCCCCCC(=O)OCC*,tg,-37.16,-46.839046478271484,True
*OC(=O)C(NC(=O)C=CC(=O)NC(C(=O)OCCCCCC*)Cc1ccccc1)Cc1ccccc1,tg,92.0,79.08570098876953,True
*Oc1ccc(N=CNc2ccc(*)cc2)cc1,egc,3.7365,3.890469252112199,True
*c1n(c(nn1)c1ccc(cc1)Oc1ccc(cc1)C(c1ccc(cc1)Oc1ccc(cc1)*)(C)C)c1ccccc1,tg,207.0,,False
*N1C(=O)c2c(C1=O)cc(cc2)Oc1cc2c(cc1Oc1cc3c(C(=O)N(C3=O)c3ccc(cc3)Oc3ccc(cc3)*)cc1)cccc2,tg,228.75,,False
*C(C*)c1c(c(c(c(c1F)F)F)F)F,tg,102.15,107.0322036743164,True
*O[Si](COC(=O)CCCCCCCCC(=O)Oc1ccc(cc1)S(=O)(=O)c1ccc(cc1)Oc1ccc(cc1)C=C1C(=O)C(=Cc2ccc(cc2)Oc2ccc(cc2)S(=O)(=O)c2ccc(cc2)OC(=O)CCCCCCCCC(=O)OC[Si](*)(C)C)CCC1)(C)C,tg,80.0,,False
*C(C*)(C(=O)OCCCCn1c2ccc(cc2c2ccccc12)N=Nc1c(cc(cc1)[N+](=O)[O-])[N+](=O)[O-])C,tg,132.0,,False
*OP(=O)(Oc1ccc(-c2ccc(*)cc2)cc1)c1ccccc1,egc,4.2408,4.199373370434842,True
*Oc1ccc(cc1)N(c1cc2c(cc1)ccc(c2)N(c1ccc(cc1)*)c1ccc(cc1)OC)c1ccc(cc1)OC,tg,197.0,197.46533203125,True
*Oc1ccc(cc1)C(=O)c1cc(ccc1)NC(=O)CCCCCCCCC(=O)Nc1cc(ccc1)C(=O)c1ccc(cc1)*,tg,141.0,,False
*C(C*)c1c(cccc1)C(=O)OCCN(C)C,tg,69.0,70.76799774169922,True
*N1C(=O)c2c(C1=O)cc(cc2)C(=O)Oc1c(cc(cc1)OC(=O)c1cc2c(C(=O)N(C2=O)CCOCCOCC*)cc1)c1ccccc1,tg,105.0,,False
*OC(=O)CS(=O)(=O)Cc1ccc(CS(=O)(=O)CC(*)=O)cc1,egc,4.9033,,False
*Nc1ccc(cc1)NC(=O)CCCCCCCC(=O)*,tg,130.0,,False
*c1ccc(S(=O)(=O)c2ccc(-n3nc(*)c4ccccc4c3=O)cc2)cc1,egc,3.8603,,False
*O[Si](c1c2c(c(cc1)[Si](*)(C)C)cccc2)(C)C,tg,60.0,,False
*c1nc2c(c(c1)c1ccccc1)cc(cc2)c1ccc(cc1)*,tg,383.0,379.0437927246094,True
*C(C=C1)=CC=C1C(S2)=CC=C2OC(S3)=CC=C3*,egc,3.0679,,False
*CC=CCOC(=O)NCCCCCCNC(=O)O*,egc,5.7218,5.933505193051747,True
*Oc1c(cc(cc1C)C(=O)c1ccc(cc1)*)C,tg,200.0,,False
*Oc1c(cc(cc1)C1(C2C3C(C(C1)C2)C1CCC3C1)c1c(cc(cc1)OC(=O)*)C)C,tg,232.0,,False
*SC(CC*)C,tg,-59.0,,False
*c1c(cc(c(c1)OC)C(=Cc1c(cc(c(c1)OC)C=C(*)C#N)OCCCCCCCC)C#N)OCCCCCCCC,tg,174.0,,False
*CCCCCCCCCCCCOC(=O)CCCCCCCCCCCCC(=O)O*,egc,6.4766,,False
*c1ccc(-c2ccc(-c3ccc(*)s3)o2)o1,egc,1.6749,,False
*OC(=O)c1ccc(cc1)[Si](c1ccc(cc1)C(=O)OCCCC*)(C)C,tg,42.0,31.156484603881836,True
*N(c1ccc(cc1)C(=O)*)CCCC,tg,124.0,,False
*Oc1ccc(cc1)c1ccc(cc1)OCCCCCCOC(=O)Nc1c(ccc(c1)NC(=O)OCCCCCC*)C,tg,85.68,,False
*c1cc2c(C(=O)N(C2=O)c2c3c(ccc2)c(ccc3)Oc2ccc(cc2)N2C(=O)c3c(C2=O)cc(cc3)C(=O)Nc2ccc(cc2)c2nc(cc(c2)c2ccccc2)c2ccc(cc2)NC(=O)*)cc1,tg,295.0,312.85430908203125,True
*N1C(=O)c2c(C1=O)cc(cc2)Oc1ccc(cc1)C1(CCCCC1)c1ccc(cc1)Oc1cc2c(C(=O)N(C2=O)c2ccc(cc2)N(c2ccc(cc2)*)c2ccc(cc2)C#N)cc1,tg,243.0,,False
*C(C(*)(Cl)[2H])([2H])[2H],tg,85.0,4.810305118560791,True
*C=CC(C*)CCC,egc,5.7221,5.371710981309106,True
*C(C*)(C(=O)OCC1(COC1)CC)C,tg,72.5,74.47014617919922,True
*c1cc2c(C(=O)N(C2=O)c2cc(c(cc2)Oc2ccc(cc2)C(=O)c2cc(ccc2)N2C(=O)c3c(C2=O)cc(cc3)C(=O)*)C(F)(F)F)cc1,tg,242.0,,False
*N(C(=O)CCCCCCCCC(=O)N(CC*)C)C,tg,0.0,,False
*S(=O)(=O)c1ccc(cc1)Nc1c(c(c(c(c1F)F)c1c(c(c(c(c1F)F)Nc1ccc(cc1)*)F)F)F)F,tg,332.0,,False
*CNOC(C=C1)=CC=C1*,egc,4.831,,False
*Oc1ccc(cc1)CC(NC(=O)Cc1ccc(cc1)OC(=O)COCC(=O)*)C(=O)OCCCCCCCC,tg,51.0,,False
*c1cc(CCCCCCCCCC2COC(=O)O2)c(*)s1,egc,2.5293,,False
*C(=O)OC1CC(*)N(C(=O)OCc2ccccc2)C1,egc,5.588,5.589353567374257,True
*N1C(=O)c2c(C1=O)c(c(c(c2c1ccccc1)c1ccccc1)c1ccc(cc1)Oc1ccc(cc1)c1c(c2c(C(=O)N(C2=O)c2ccc(cc2)Oc2ccc(cc2)*)c(c1c1ccccc1)c1ccccc1)c1ccccc1)c1ccccc1,tg,360.0,380.2278747558594,True
*C(C*)c1ccc(cc1)C[Si](C)(C)C,tg,82.0,,False
*N1C(=O)c2c(C1=O)cc(cc2)Oc1ccc(cc1)Oc1cc2c(C(=O)N(C2=O)c2c(cc(c(c2)C)Cc2c(cc(c(c2)C)*)C)C)cc1,tg,278.0,,False
*N1C(=O)c2c(C1=O)cc(cc2)NC(=O)OCCOc1c(cc(cc1Br)C(c1cc(c(c(c1)Br)OCCOC(=O)Nc1cc2c(C(=O)N(C2=O)c2cc(ccc2)P(=O)(c2cc(ccc2)*)c2ccccc2)cc1)Br)(C)C)Br,tg,201.0,,False
*C(C*)(C(=O)OCCCN(c1ccc(cc1)N=Nc1ccc(cc1)[N+](=O)[O-])CCO)C,tg,131.0,94.7079849243164,True
*C(=O)NNC(=O)c1cnc(*)cn1,egc,3.0611,,False
*c1[nH]c(nc1c1ccc(cc1)NC1C(=O)N(C(=O)C1)c1ccc(cc1)c1sc(c(c1c1ccccc1)c1ccccc1)c1ccc(cc1)N1C(=O)C(CC1=O)Nc1ccc(cc1)*)c1ccc(cc1)c1[nH]c(c(n1)c1ccc(cc1)[N+](=O)[O-])c1ccc(cc1)[N+](=O)[O-],tg,152.0,,False
*c1[nH]c(*)c(CC(=O)OC)c1CC(=O)OC,egc,3.2776,,False
*Nc1ccccc1NC(=O)c1cccc(C(*)=O)c1,egc,3.6159,,False
*NC(C(=O)*)CCC(=O)OC,tg,0.0,,False
*c1cc2c(cc1OC(=O)COc1ccc3c(c1)oc(=O)cc3)oc(=O)c(c2)C(=O)Nc1ccc(cc1)Cc1ccc(cc1)NC(=O)c1c(=O)oc2c(cc(c(c2)OC(=O)COc2ccc3c(c2)oc(=O)cc3)C*)c1,tg,221.0,,False
*NC(CC(*)=O)C(=O)OCC,egc,5.9557,5.943357910302943,True
*CCC[Si](C)(C)O[Si](C)(C)CCCn1c(=O)c2cc3c(=O)n(*)c(=O)c3cc2c1=O,egc,3.5354,,False
*CC(*)(C#N)C(=O)OCCCCCCC,egc,6.3455,,False
*OC(CC(=O)*)(C)C(F)(F)F,tg,26.2,,False
*Oc1cc(ccc1)OC(=O)c1ccc(cc1)[Si](c1ccc(cc1)C(=O)*)(C)C,tg,134.0,,False
*c1ccc2c(c1)c1cc(*)ccc1n2-c1ccccc1,egc,3.553,,False
*O[Si](CCCN=C1c2c(ccc(c2C(=NCCC[Si](*)(C)C)c2ccccc12)O)O)(C)C,tg,7.5,53.7564582824707,True
*Oc1c(cc(cc1)Oc1ccc(cc1)NC(=O)c1ccc(cc1)Oc1c(cc(cc1)Oc1ccc(cc1)C(=O)Nc1ccc(cc1)*)c1ccccc1)c1ccccc1,tg,200.5,,False
*Oc1c(cc(cc1C)c1cc(c(c(c1)C)OC(=O)CCCCC(=O)*)C)C,tg,108.0,134.4193572998047,True
*Oc1ccc(-c2ccc(OC(=O)CCCCCCCCC(*)=O)cc2)cc1,egc,4.5699,,False
*c1cc2c(C(=O)N(C2=O)c2cc(ccc2)C(=O)c2ccc(cc2)N2C(=O)c3c(C2=O)cc(cc3)C(=O)*)cc1,tg,271.5,,False
*CCOC(=O)c1ccc(C(=O)NCCCCCCCCCCCCNC(=O)c2ccc(C(=O)O*)cc2)cc1,egc,4.4904,,False
*CCCOC(=O)CCCC(=O)O*,egc,6.7627,6.72920335432772,True
*N1C(=O)c2c(C1=O)cc(cc2)Oc1ccc(cc1)C(c1ccc(cc1)Oc1cc2c(C(=O)N(C2=O)c2ccc(cc2)Oc2cc(ccc2)Oc2ccc(cc2)*)cc1)(C)C,tg,246.0,,False
*N1C(=O)c2c(C1=O)cc(cc2)C(c1cc2c(C(=O)N(C2=O)CC(=O)Nc2ccc(cc2)Oc2cc(ccc2)Oc2ccc(cc2)NC(=O)C*)cc1)(C(F)(F)F)C(F)(F)F,tg,221.0,,False
*C(C*)(C(=O)OCCCCl)C,tg,50.0,,False
*Sc1ccc(cc1)Nc1ccc(cc1)Nc1ccc(cc1)*,tg,114.0,,False
*CCCOC(=O)CCC(C)CC(=O)O*,egc,6.7963,,False
*C(C*)c1c(ccc(c1)C)C,tg,143.0,96.538330078125,True
*NC(=O)CCCCCCCCCCCC(=O)NCCCCCCCCCCCCC*,tg,56.5,,False
*c1c(c(nc2c1cccc2)c1ccc(cc1)c1nc2c(c(c1c1ccccc1)c1ccc(cc1)Oc1ccc(cc1)*)cccc2)c1ccccc1,tg,273.0,310.6539306640625,True
*OC1CCCCCC1*,egc,5.6512,,False
*C1C(=O)N(C(=O)C1*)c1cc(c(c(c1)Br)O[Si](C)(C)C)Br,tg,167.0,,False
*CC(CC(C)(C)C)O*,egc,5.3855,,False
*N1C(=O)c2c(C1=O)c(ccc2)Oc1cc2c(C(=O)N(C2=O)c2ccc(cc2)Oc2ccc(cc2)Oc2ccc(cc2)*)cc1,tg,249.0,250.1960906982422,True
*N1C(=O)c2c(C1=O)c(ccc2)Oc1ccc(cc1)c1ccc(cc1)Oc1c2c(C(=O)N(C2=O)c2ccc(cc2)Oc2ccc(cc2)*)ccc1,tg,277.0,,False
*OC(=O)Nc1c(ccc(c1)NC(=O)OCCCCCOC(=O)c1c(cccc1)C(=O)O[Pb]OC(=O)c1c(cccc1)C(=O)OCCCCC*)C,tg,-11.3,3.2697651386260986,True
*Oc1cc(cc(c1)CC)OC(=O)c1cc(ccc1)C(=O)*,tg,138.0,,False
*OC(C*)COC(C)C,tg,-67.0,-64.84913635253906,True
*S(=O)(=O)c1ccc(cc1)NC(=O)CCCCCCCCC(=O)Nc1ccc(cc1)*,tg,97.0,,False
*CNCCCOCO*,egc,5.4895,,False
*C(=C(*)c1ccccc1)c1ccc(cc1)Oc1ccccc1,tg,200.0,202.8313446044922,True
*CCCCCNC(=S)N*,egc,4.4944,4.3194430016697964,True
*Nc6ccc(C5(c3ccc(NC(=O)Cc2ccc(Oc1ccc(C(*)=O)cc1)cc2)cc3)OC(=O)c4ccccc45)cc6,egc,4.1183,3.4444958199309643,True
*OC(=O)CCC(=O)OCCCCCCCCC*,tg,31.0,-39.91226577758789,True
*C(C*)(C(=O)OCCCCCCCOc1cc2c(cc1)cc(cc2)C(=O)Oc1ccccc1)C,tg,40.0,,False
*O[Si](C#C[Si](C#C[Si](C#C[Si](C#C[Si](C#C[Si](C#C[Si](*)(C)C)(C)C)(C)C)(C)C)(C)C)(C)C)(C)C,tg,-12.6,,False
*N1C(=O)c2c(C1=O)cc(cc2)Oc1cc2c(C(=O)N(C2=O)c2ccc(cc2)Oc2ccc(cc2)Oc2ccc(cc2)*)cc1,tg,235.78,,False
*CC1CCC(COC(=O)C2CCC(C(=O)O*)CC2)CC1,egc,6.6637,6.56734000641164,True
*CC(=O)C(C=C1)=CC=C1C(=O)*,egc,4.4703,4.049334120265507,True
*NC(C(=O)*)CCC(=O)Nc1ccc(cc1)N(c1ccccc1)c1ccccc1,tg,132.0,,False
*OC(=O)Nc1c(ccc(c1)NC(=O)OCC(C*)(CC)CC)C,tg,-60.0,94.6182861328125,True
*C(C*)(CC(=O)OCCCCl)C(=O)OCCCCl,tg,47.0,,False
*c1sc(*)c([2H])c1[2H],egc,1.6361,,False
*Cc1ccc(COC(=O)CCC(=O)O*)cc1,egc,5.464,,False
*CCCCCCCCCCCCCCOC(=O)CCCCC(=O)O*,egc,6.651,,False
*NC(C=C1)=CC=C1NO*,egc,3.151,4.235643724903875,True
*c1cc(CCOCCOC)c(*)[nH]1,egc,2.8631,2.5749686898990194,True
*OC1CCC(OC(=O)CCCCC(*)=O)CC1,egc,6.706,,False
*N1C(=O)c2c(C1=O)c(c(c(c2c1ccccc1)c1ccccc1)c1ccc(cc1)c1c(c2c(C(=O)N(C2=O)c2ccc(cc2)*)c(c1c1ccccc1)c1ccccc1)c1ccccc1)c1ccccc1,tg,418.5,,False
*N(CC*)C(=O)c1c(ccc(c1F)F)F,tg,124.0,,False
*Oc1ccc(cc1)C(=O)OCCCCCCCOC(=O)c1ccc(cc1)OC(=O)c1ccc(cc1)C(=O)*,tg,65.0,,False
*c1cc2c(C(=O)N(C2=O)c2cc(ccc2)C(=O)OCCOC(=O)*)cc1,tg,220.0,,False
*c1n(cnc1C(=O)NCCCCCCNC(=O)*)C,tg,86.0,,False
*N1C(=O)c2c(C1=O)cc(cc2)Oc1cc2c(cc1Oc1cc3c(C(=O)N(C3=O)c3cc(ccc3)*)cc1)cccc2,tg,228.75,,False
*C(C*)OC(=O)c1ccc(cc1)OCC,tg,70.0,,False
*C(C*)(C(=O)OCC1OC(C(C1O)O)n1c(=O)[nH]c(=O)cc1)C,tg,151.0,140.7299346923828,True
*C=Cc1ccc(*)n1CCCCCC,egc,1.5103,1.5688090947934303,True
*c1[nH]c(*)c2c1CCCCC2,egc,3.1158,2.7860545389915985,True
*CC(C)(C)COC(=O)NC(=O)c1cccc(C(=O)NC(=O)O*)c1,egc,4.9585,,False
*Oc1c(cc(cc1)C(c1cc(c(cc1)OC(=O)c1cc(ccc1)C(=O)*)C)(C)C)C,tg,162.0,,False
*c1[nH]c(nc1c1ccc(cc1)Oc1ccc(cc1)C(=O)c1ccc(cc1)c1ccc(cc1)C(=O)c1ccc(cc1)Oc1ccc(cc1)*)c1ccccc1,tg,258.0,250.3543701171875,True
*C(C*)(c1ccc(cc1)C#N)C,tg,238.75,,False
*c1cccc2c(-n3c(=O)c4cc5c(=O)n(*)c(=O)c5cc4c3=O)cccc12,egc,2.5506,,False
*Oc1ccc(cc1)NC(=O)c1ccc(cc1)C(=O)Nc1ccc(cc1)Oc1ccc(cc1)C1(C2CC3CC(CC1C3)C2)c1ccc(cc1)*,tg,264.0,,False
*OC(=O)NCCCCCCNC(=O)OCC(C(C(C(C*)(F)F)(F)F)(F)F)(F)F,tg,-2.0,15.686535835266113,True
*C1C(=O)N(C(=O)C1C(C*)c1ccccc1)c1ccc(cc1)Oc1ccccc1,tg,194.0,,False
*c1nc(nc(c1c1ccc(cc1)OC)OCCOC(=O)c1cc(ccc1)C(=O)OCCO*)c1ccc(cc1)OCCCC,tg,92.0,87.15462493896484,True
*C1C2C(C(C(C1*)C2)COCCCc1ccccc1)COCCCc1ccccc1,tg,134.0,80.86359405517578,True
*Oc1ccc(cc1)S(=O)(=O)c1ccc(cc1)Oc1ccc(cc1)P(=O)(c1ccc(cc1)*)c1ccccc1,tg,231.0,,False
*N1C(=O)c2c(C1=O)cc(cc2)C(=O)c1cc2c(C(=O)N(C2=O)CCCCCCOC(=O)OCCCCCCOC(=O)OCCCCCC*)cc1,tg,55.0,40.632049560546875,True
*c1ccc(C(c2ccccc2)c2ccc(N3C(=O)c4ccc(S(=O)(=O)c5ccc6c(c5)C(=O)N(*)C6=O)cc4C3=O)cc2)cc1,egc,2.8677,,False
*N=P(*)(Oc1ccccc1)Oc1ccccc1,tg,-4.9,5.22613525390625,True
*C(C(*)C(=O)OC12CC3(CC(CC(C1)C3)(C2)C)C)C,tg,194.5,,False
*Oc1ccc(cc1)C=NN=Cc1ccc(cc1)Oc1ccc(cc1)C(=O)c1ccc(cc1)*,tg,179.0,,False
*N1C(=O)c2c(C1=O)cc(cc2)S(=O)(=O)c1cc2c(C(=O)N(C2=O)c2ccc(cc2)Oc2c(cc(c(c2)C(C)(C)C)Oc2ccc(cc2)*)C(C)(C)C)cc1,tg,263.0,,False
*Nc1cc(*)ccc1N,egc,3.7339,,False
*Oc1ccc(cc1)C(c1ccc(cc1)OCC(C*)OC(=O)c1c(cccc1)Cl)(C)C,tg,66.0,87.0291748046875,True
*C(C*)c1ccc(cc1)C(O)(C)C,tg,165.0,160.08871459960938,True
*c1c2c(c(s1)c1sc(c(c1)CCCCCC)c1cc3n(c4c(c3cc1)ccc(c4)c1sc(cc1CCCCCC)*)CCCCCCCCCCCC)nc(c(n2)CC)CC,tg,89.0,62.8898811340332,True
*c1cc2c(oc(n2)c2ccc(cc2)c2oc3c(n2)cc(cc3)C(*)(c2ccccc2)C(F)(F)F)cc1,tg,369.0,,False
*CCCOC(=O)CCCCCCCC(=O)O*,egc,6.6032,6.69539421444424,True
*O[Si](*)(CCC)c1ccccc1,tg,40.6,-11.82685375213623,True
*C=CC(C(*)C(=O)OCC)C(=O)OCC,tg,6.0,-4.26947021484375,True
*c1ccc(cc1)C(=C(*)c1ccc(cc1)Oc1ccccc1)c1ccc(cc1)Oc1ccccc1,tg,163.0,198.9706573486328,True
*c1cc2c(C(=O)N(C2=O)c2ccc(cc2)Oc2ccc(cc2)N2C(=O)c3c(C2=O)cc(cc3)C(=O)N2C(=O)N(C(=O)C2(C)C)C(=O)*)cc1,tg,156.0,265.6448059082031,True
*C(C*)(C(=O)OC1CCCCCCCCC1)C,tg,58.0,74.66497802734375,True
*c1ccc(-c2nc3cc4nc(*)c(-c5ccccc5)nc4cc3nc2-c2ccccc2)cc1,egc,2.6364,2.877411786655547,True
*C(C*)(C(=O)OCC1OC(OC1)CP(=O)(OCC)OCC)C,tg,-38.0,,False
*c1[nH]nc(c1)c1ccc(cc1)Oc1ccc(cc1)C(=O)c1ccc(cc1)C(=O)c1ccc(cc1)Oc1ccc(cc1)*,tg,235.0,,False
*C1C2C(C(=O)N(C2=O)CCCCCCCCCCCC)C(C1)C=C*,tg,50.0,36.78549575805664,True
*OCCSSSSCC*,tg,-40.0,,False
*C=Cc1ccc(*)nc1,egc,1.9268,,False
*O[Si](*)(CCCOc1ccc(cc1)N=Nc1ccc(cc1)S(=O)(=O)O)C,tg,9.2,,False
*C(*)(Cl)F,tg,77.0,,False
*N1C(=O)C(CC1=O)CC*,tg,121.0,,False
*N1C(=O)c2c(C1=O)cc(cc2)Oc1ccc(cc1)*,tg,282.29,244.094970703125,True
*C(C*)(C(=O)C)F,tg,142.0,120.22478485107422,True
*OC(F)(F)C(*)(F)F,egc,9.8627,,False
*Oc1ccc(OC(=O)c2cc(OCCCCCCOCCCCC)c(C(*)=O)cc2OCCCCCCOCCCCC)cc1,egc,3.6545,3.2836409944323646,True
*OC1C(COC(C)=O)OC(*)C(OC(C)=O)C1O,egc,5.6034,5.96273516774356,True
*CCCCCCCCCCCCCCCCCCCCOC(=O)CCCCC(=O)O*,egc,6.8416,,False
*S(=O)(=O)NCCCNS(=O)(=O)c1cc(ccc1)*,tg,92.0,,False
*Oc1ccc(cc1)S(=O)(=O)c1ccc(cc1)Oc1ccc(cc1)C1(CCCC1)c1ccc(cc1)*,tg,230.0,,False
*Oc1ccc(cc1)CC(NC(=O)CCc1ccc(cc1)OC(=O)CCCCCCC(=O)*)C(=O)OC(CC)C,tg,46.0,,False
*OCC(F)(F)C(F)(F)C(F)(F)COc1nc(F)nc(*)c1F,egc,5.4692,6.136222792300747,True
*Oc1cccc(C(=O)OCC(F)(F)C(F)(F)C(F)(F)COC(=O)c2cccc(*)c2)c1,egc,4.5011,,False
*N1C(=O)c2c(C1=O)c(ccc2)Oc1ccc(cc1)Sc1ccc(cc1)Oc1c2c(C(=O)N(C2=O)c2cc(ccc2)*)ccc1,tg,231.0,233.4976043701172,True
*N=C(N=C(NC(C)=O)NC(C)=O)N=C(*)OC(C)=O,egc,3.7327,3.889270772853741,True
*c1sc(cc1CC(=O)OCCN(c1ccc(cc1)N=Nc1ccc(cc1)[N+](=O)[O-])CC)*,tg,102.0,127.06583404541016,True
*c1cc2c(C(=O)N(C2=O)c2cc(ccc2)P(=O)(c2cc(ccc2)N2C(=O)c3c(C2=O)cc(cc3)C(*)(C(F)(F)F)C(F)(F)F)c2cc(cc(c2)C(F)(F)F)C(F)(F)F)cc1,tg,247.0,245.7207794189453,True
*CCCCCCNC(=O)CCCCCCC(=O)N*,egc,5.7328,5.86840545910624,True
*C(S1)=CC=C1C(S2)=CC=C2*,egc,1.5925,,False
*C(C*)N1C(=S)CCC1,tg,80.0,,False
*CC1CC1CO*,egc,5.9176,,False
*C(C*)OCCOc1ccc(cc1)C=C(C#N)C#N,tg,38.0,,False
*Oc1ccc(cc1)C1(c2ccccc2c2ccccc12)c1ccc(cc1)Oc1ccc(cc1)C(=O)c1ccc(cc1)Oc1ccc(cc1)C(=O)c1ccc(cc1)*,tg,231.0,227.14573669433594,True
*N(CC*)C(=O)CC(C)C,tg,30.0,47.824771881103516,True
*CCOCC(=O)NCCCCCCNC(=O)CO*,egc,5.4615,,False
*c1ccc(-c2ccc(-c3cc(*)c4cccccc3-4)s2)s1,egc,2.0762,,False
*C(C*)(C(=O)OCC1COCCOCCOCCOCCOC1)C,tg,25.0,38.78218078613281,True
*NC(=O)CCC(c1ccc(cc1)C(CCC(=O)NCCCCCC*)(C)C)(C)C,tg,92.0,83.0780029296875,True
*OC(=O)Nc1c(ccc(c1)NC(=O)OCCCCCOC(=O)c1c(cccc1)C(=O)O[Cd]OC(=O)c1c(cccc1)C(=O)OCCCCC*)C,tg,2.3,,False
*OC(=O)CCCCCC(=O)OCCOCCOCC*,tg,-54.0,,False
*Oc1ccc(C(=O)CNNCC(=O)c2ccc(*)cc2)cc1,egc,4.1658,4.0479504784773095,True
*c1cc(CCCCCCCCCCCCCCCC)c(*)[nH]1,egc,3.0442,,False
*NC(C)(C)C(C)(C)C(*)=O,egc,5.4856,,False
*c1cc2c(C(=O)N(C2=O)c2ccc(cc2)Oc2ccc(cc2)C2(c3c(C(=O)N2)cccc3)c2ccc(cc2)Oc2ccc(cc2)N2C(=O)c3c(C2=O)cc(cc3)C(=O)Nc2ccc(cc2)Oc2ccc(cc2)NC(=O)*)cc1,tg,325.0,,False
*Oc1ccc(cc1)C(c1ccc(cc1)OC(=O)*)C(Cl)(Cl)Cl,tg,230.0,180.1981658935547,True
*c1ncc(cc1)c1ccc(cc1)Oc1ccc(cc1)P(=O)(c1ccc(cc1)Oc1ccc(cc1)*)c1ccccc1,tg,257.0,,False
*CCOCCOC(=O)CCC(C)CC(=O)O*,egc,6.43,,False
*c1ccc2c(c1)[Si](C)(C)c1cc(*)ccc1N2C,egc,3.6899,3.737918486290508,True
*c1c([nH]c(n1)c1ccc(cc1)c1[nH]c(c(n1)c1ccc(cc1)Oc1ccc(cc1)S(=O)(=O)c1ccc(cc1)Oc1ccc(cc1)*)c1ccccc1)c1ccccc1,tg,301.0,303.0014953613281,True
*CCCCCCCCCCC(=O)NCCCCCCNC(=O)CCCCO*,egc,5.9843,5.878787211240891,True
*O[Si](c1c2c(ccc1)c(ccc2)[Si](*)(C)C)(C)C,tg,62.0,,False
*C(C*)(C(=O)OCCCCCc1ccc(cc1)N=Nc1ccc(cc1)OC(F)(F)F)C,tg,202.5,,False
*c1cc2c(C(=O)N(C2=O)c2cc(ccc2)P(=O)(c2cc(ccc2)N2C(=O)c3c(C2=O)cc(cc3)C(=O)Nc2ccc(cc2)c2ccc(cc2)NC(=O)*)c2ccccc2)cc1,tg,253.0,,False
*CCOC(=O)Nc1ccc(NC(=O)O*)cc1,egc,4.8391,,False
*Oc1ccc(cc1)C=C1C(=O)C(=Cc2ccc(cc2)OCCCCCCCC*)CCC1,tg,90.0,91.97386932373047,True
*NC(=O)CCCCC(=O)NCCCCCCCCCC*,tg,45.0,,False
*N(c1ccc(cc1)C(=O)*)CCCCCCC,tg,45.9,,False
*c1ccc(N(*)CCCCCC)cc1,egc,3.7028,,False
*CCCCCOC(=O)NNC(=O)CCCCCCCCC(=O)NNC(=O)O*,egc,5.6607,,False
*N(Cc1c(c(cc(c1)C12CC3CC(CC(C1)C3)C2)C*)O)c1ccccc1,tg,109.4,,False
*CC(*)(F)C(=O)OCCC(F)(F)C(F)(F)C(F)(F)C(F)(F)C(F)(F)C(F)(F)C(F)(F)C(F)(F)F,egc,6.6046,,False
*OC(=O)c1ccc(cc1)c1ccc(cc1)c1ccc(cc1)C(=O)OCC(C*)(CC)CC,tg,-20.0,119.95172119140625,True
*N1C(=O)c2c(C1=O)cc(cc2)S(=O)(=O)c1cc2c(C(=O)N(C2=O)c2ccc(cc2)Oc2c3c(ccc2)c(ccc3)Oc2ccc(cc2)*)cc1,tg,306.0,,False
*OC(C(C(C(*)(F)F)(F)F)(F)F)(F)F,tg,-60.0,,False
*OC(=O)c1c2c(c(cc1)C(=O)OCC*)cccc2,tg,64.0,92.32821655273438,True
*CCCCCCOC(=O)NCCSCCCCCSCCNC(=O)O*,egc,5.2279,,False
*NC(=O)CCCCC(=O)NCc1cc(ccc1)C*,tg,81.05,,False
*NC(CCCNC(=O)c1ccc(F)cc1)C(*)=O,egc,4.7549,4.325114484373708,True
*N1C(=O)c2c(C1=O)c(c(c(c2c1ccccc1)c1ccccc1)c1ccc(cc1)c1c(c2c(C(=O)N(C2=O)c2cc(ccc2)Oc2cc(ccc2)Oc2cc(ccc2)*)c(c1c1ccccc1)c1ccccc1)c1ccccc1)c1ccccc1,tg,280.0,334.8022766113281,True
*N1C(=O)c2c(C1=O)c(ccc2)c1cc2c(C(=O)N(C2=O)c2cc(ccc2)C(=O)Nc2ccc(cc2)Oc2ccc(cc2)Oc2ccc(cc2)Oc2ccc(cc2)NC(=O)c2cc(ccc2)*)cc1,tg,260.0,,False
*NC(=O)C(=S)C(S1)=CC=C1*,egc,1.8546,1.849418585268896,True
*ON(C(F)(F)F)C(F)(Cl)C(*)(F)F,egc,6.7405,,False
*OC(=O)c1cc(ccc1)C(=O)OCCCC*,tg,19.1,,False
*N1C(=O)c2c(C1=O)cc(cc2)NC(=O)OCCOc1ccc(cc1)P(=O)(c1ccc(cc1)OCCOC(=O)Nc1cc2c(C(=O)N(C2=O)c2cc(ccc2)P(=O)(c2cc(ccc2)*)c2ccccc2)cc1)c1ccccc1,tg,218.0,,False
*c1cc2c(C(=O)N(C2=O)c2ccc(cc2)S(=O)(=O)c2ccc(cc2)N2C(=O)c3c(C2=O)cc(cc3)C(=O)Nc2ccc(cc2)c2ccc(cc2)NC(=O)*)cc1,tg,370.0,,False
*N=P(*)(Oc1cc(ccc1)Cl)Oc1cc(ccc1)Cl,tg,-24.0,,False
*C(=O)NNC(=O)c1cccc(*)n1,egc,4.6124,,False
*CCC(C=C1)=CC=C1C(S2)=CC=C2*,egc,3.7098,,False
*N1C(=O)c2c(C1=O)cc(cc2)Oc1ccc(cc1)C(c1ccc(cc1)Oc1cc2c(C(=O)N(C2=O)c2ccc(cc2)Oc2ccc(cc2)*)cc1)(C(F)(F)F)C(F)(F)F,tg,257.0,,False
*CNCC(C=C1)=CC=C1*,egc,4.958,4.824398630141747,True
*CCCCCCCCCO*,egc,6.1351,,False
*OC(=O)CCCCC(=O)OCC(C*)(C)C,tg,-50.0,-43.397151947021484,True
*OCC(C*)(COCCOCCOCCOC)C,tg,-18.0,,False
*Oc1ccc(cc1)SSc1ccc(cc1)*,tg,74.9,,False
*CCCCCCCc1nnc(CCCCc2nnc(*)o2)o1,egc,6.3226,,False
*C(C*)c1c(ccc(c1)Br)OCCCCC,tg,49.0,,False
*CC(C=C1)=CC=C1C(S2)=CC=C2C(C=C3)=CC=C3*,egc,3.4745,,False
*c1c2C(=O)N(C(=O)c2c(c2ccccc12)c1ccc(cc1)Oc1ccc(cc1)C(=O)c1ccc(cc1)Oc1ccc(cc1)*)C,tg,283.0,283.9093933105469,True
*c1c(cc(c(c1)c1ccc(cc1)N(c1ccc(cc1)OC)c1ccc(cc1)OC)C=C*)OCC(CCCC)CC,tg,163.0,127.55374908447266,True
*Oc1ccc(cc1)C(c1ccc(cc1)OC(=O)*)C1C2CCC(C1C)C2,tg,218.67,,False
*Oc1ccc(C(=O)NCCCCCCCCCCCCNC(=O)c2ccc(*)cc2)cc1,egc,4.4794,,False
*N1C(=O)c2c(C1=O)cc(cc2)Oc1ccc(cc1)Sc1ccc(cc1)Oc1cc2c(C(=O)N(C2=O)c2ccc(cc2)Oc2ccc(cc2)c2ccc(cc2)Oc2ccc(cc2)*)cc1,tg,195.5,216.9882049560547,True
*C(C*)P(=O)(OCC)N(C)C,tg,32.0,-19.800024032592773,True
*Oc1ccc(C(=O)OC(=O)c2ccc(*)cc2)cc1,egc,4.2788,4.10865249046947,True
*c1cc(-c2ccccc2)c(*)s1,egc,2.7439,,False
*c1nc(nc(c1c1ccc(cc1)OC)OCCOC(=O)c1c(ccc(c1)N=Nc1ccc(cc1)OCC)c1c(cc(cc1)N=Nc1ccc(cc1)OCC)C(=O)OCCO*)c1ccc(cc1)OCCCC,tg,126.0,,False
*C(c1cccs1)=c1ccc(=c2ccc(=C(c3cccs3)c3ccc(-c4ccc(*)s4)s3)s2)s1,egc,1.0381,,False
*NC(S1)=CC=C1OC(S2)=CC=C2*,egc,4.3883,,False
*CCC(*)=O,egc,5.3275,,False
*CCCCCCCCOC(=O)CCCCCCC(=O)O*,egc,6.7527,6.68865455327466,True
*Oc1ccc(cc1)C(c1ccc(cc1)OC(=O)c1ccc(cc1)Oc1ccc(cc1)C(=O)*)(C(F)(F)F)C(F)(F)F,tg,181.0,,False
*CC(F)(F)C(F)(F)C(F)(F)COC(=O)CCCCC(=O)O*,egc,6.6433,,False
*Oc1ccc(cc1)C1(c2ccccc2c2ccccc12)c1ccc(cc1)OC(=O)C12CC3(CC(CC(C1)C3)C2)C(=O)*,tg,335.0,301.1600341796875,True
*C(C*)c1ccc(cc1)[Si](O[Si](C)(C)C)(O[Si](C)(C)C)O[Si](C)(C)C,tg,114.0,71.33069610595703,True
*Oc1ccc(cc1)C1(CCC(CC1)C(c1ccc(cc1)Oc1ccc(cc1)C(=O)c1ccc(cc1)*)(C)C)C,tg,200.0,,False
*c1oc(nc1c1ccc(cc1)OCOc1ccc(cc1)*)c1ccc(cc1)[N+](=O)[O-],tg,194.0,,False
*C#Cc1sc(-c2sc(*)c3c2OCCO3)c2c1OCCO2,egc,1.7209,1.1376269348658286,True
*SSCCCCC*,tg,-72.0,,False
*O[Si](*)(C)C,tg,-116.0,,False
*OC(=O)CCCCCCCCC(=O)OC/C=C/C*,tg,-40.0,,False
*NC(=O)Cc1ccc(cc1)CC(=O)NCCCCCCCCCCCCCCCCCC*,tg,78.0,,False
*OC1CCCCCCC1*,egc,5.2834,,False
*Oc1ccc(cc1)C1(c2ccccc2c2ccccc12)c1ccc(cc1)Oc1c(cc(cc1)c1ccc(cc1)c1cc(c(cc1)*)C(F)(F)F)C(F)(F)F,tg,237.0,251.0213623046875,True
*Oc1ccc(NC(=C(C#N)C#N)c2ccc(C(Nc3ccc(*)cc3)=C(C#N)C#N)cc2)cc1,egc,2.4883,2.789333537412741,True
*c1ccc(cc1)c1c(cc(c(c1c1ccccc1)c1ccccc1)c1cc(ccc1)c1c(c(c(c(c1)c1ccccc1)c1ccc(cc1)CCCCCC*)c1ccccc1)c1ccccc1)c1ccccc1,tg,215.0,207.7960968017578,True
*Oc1ccc(cc1)NC(=O)CCCCCCCC(=O)Nc1ccc(cc1)*,tg,160.0,,False
*C=C1CCC(=Cc2ccc(*)cc2)C1=O,egc,2.5147,,False
*NC(=O)CCCCCCC(=O)NCCCCCC*,tg,52.67,,False
*C1C(=O)N(C(=O)C1*)c1c(cccc1)C(=O)OCC,tg,230.0,239.2104949951172,True
*CC(C=C1)=CC=C1NC(=S)*,egc,3.793,,False
*Oc1ccc(cc1)OC(=O)c1c(cc(cc1)C(=O)*)Oc1ccccc1,tg,105.0,113.32889556884766,True
*c1nc2c(nc1c1ccc(cc1)OC(=O)c1ccc(cc1)C(=O)Oc1ccc(cc1)*)cccc2,tg,232.0,,False
*C(C*)c1ccc(cc1)C(C)C,tg,62.4,78.14192962646484,True
*c1cc(C=O)cc(*)c1O,egc,4.1592,,False
*OC(C(OC(=O)Nc1ccc(cc1)Cc1ccc(cc1)NC(=O)*)c1occc1)c1occc1,tg,74.0,,False
*CCCCCCCCNC(=O)CCCCCCCCC(=O)N*,egc,5.7713,5.869248851950596,True
*Nc1cc(F)c(*)cc1F,egc,3.4723,3.6511993479192304,True
*Oc1c(cc(cc1OC)/C=C/c1ccc(cc1)/C=C/c1cc(c(c(c1)OC)OCCCCCCCC*)OC)OC,tg,80.9,,False
*c1sc(cc1)Oc1ccc(cc1)C(c1ccc(cc1)Oc1ccc(cc1)C(=O)*)(C)C,tg,151.0,,False
*Oc1ccc(cc1)S(=O)(=O)c1ccc(cc1)c1ccc(cc1)c1ccc(cc1)S(=O)(=O)c1ccc(cc1)Oc1ccc(cc1)c1ccc(cc1)*,tg,264.0,,False
*c1sc(cc1SCCCCCCCCCCCC)*,tg,33.0,21.684425354003906,True
*c1ccc(cc1)C(C(*)(C(=O)O)C#N)(C(=O)O)C#N,tg,108.0,132.7613983154297,True
*CCCNC(=O)NCCCCCCNC(=O)O*,egc,5.4226,,False
*C(C*)c1ccc(cc1)C(=O)OC(C)C,tg,95.0,,False
*C1C(=O)N(C(=O)C1C(C*)CCCCCCCCCCCCCCCC)CCCCNC(=O)C(C(C(C(C(C(C(F)(F)F)(F)F)(F)F)(F)F)(F)F)(F)F)(F)F,tg,63.0,69.69928741455078,True
*c1cc2c(C(=O)N(C2=O)c2cc(c(cc2)Oc2c(cc(cc2)N2C(=O)c3c(C2=O)cc(cc3)C(=O)*)c2cc(c(c(c2)F)F)F)c2cc(c(c(c2)F)F)F)cc1,tg,342.0,,False
*c1sc(*)c2c1OCC(CCCCCC)O2,egc,3.3322,1.472797913084649,True
*CCCCCCCCCNC(=O)CCC=CCCC(=O)N*,egc,5.6551,,False
*Oc1ccc(cc1)OC(=O)c1c(cc(cc1)C(=O)*)Oc1ccc(cc1)Br,tg,112.5,125.32354736328125,True
*Sc1ccc(cc1)*,tg,93.49,105.4076156616211,True
*c1c2c(c(nn1)c1ccc(cc1)Oc1ccc(cc1)C(=O)c1ccc(cc1)Oc1ccc(cc1)*)c(c(c(c2c1ccccc1)c1cc2c(cc1)cccc2)c1cc2c(cc1)cccc2)c1ccccc1,tg,305.67,,False
*C1(c2c(C(=O)O1)cccc2)c1ccc(cc1)Oc1ccc(cc1)S(=O)(=O)c1ccc(cc1)Oc1ccc(cc1)*,tg,247.14,,False
*C1COC2C1OCC2OC(=O)C1CCC(CC1)C(=O)O*,tg,121.86,,False
*C(C*)(C(=O)OCc1cc(cc(c1)Cl)Cl)C,tg,29.95,,False
*Oc1ccc(cc1)S(=O)(=O)c1ccc(cc1)Oc1c(cc(cc1)C(c1cc(c(cc1)*)C(OC)(C(F)(F)F)C(F)(F)F)(C)C)C(OC)(C(F)(F)F)C(F)(F)F,tg,163.0,163.17466735839844,True
*CC1CCCC(CNC(=O)CCCCCCCCCCC(=O)N*)C1,egc,5.83,5.7795573991358715,True
*N1C(=O)c2c(C1=O)cc(cc2)Oc1cc2c(C(=O)N(C2=O)c2cc(ccc2)C(C(C(c2cc(ccc2)*)(F)F)(F)F)(F)F)cc1,tg,183.0,,False
*c1oc(nn1)c1ncc(cc1)c1oc(nn1)c1ccc(cc1)[Si](c1ccc(cc1)*)(c1ccccc1)c1ccccc1,tg,256.0,,False
*NC(C=C)CC(*)=O,egc,5.5439,,False
*c1cc2c(C(=O)N(C2=O)c2cc(cc(c2)c2sc3c(n2)cccc3)N2C(=O)c3c(C2=O)cc(cc3)C(=O)Nc2ccc(cc2)S(=O)(=O)c2ccc(cc2)NC(=O)*)cc1,tg,357.0,,False
C23C(C(=O)N(C1=CC=CC=C1C(F)(F)F)C2=O)C(C=*)OC3C=*,egc,5.2302,,False
*Nc1cc(ccc1)NC(=O)CCCCC(=O)Nc1cc(ccc1)NC(=S)NC(=O)CCCCCCCCC(=O)NC(=S)*,tg,232.0,,False
*CC(C(=O)Oc1ccccc1)C(C(=O)O)C(*)(C)C,egc,5.2905,5.3669920198597945,True
*Oc1ccc(cc1)Oc1ccc(cc1)OCC(COc1ccc(cc1)C(c1ccc(cc1)OCC(C*)O)(C)C)O,tg,85.0,,False
*C#CC(=C(*)c1ccccc1)c1ccccc1,egc,0.8829,,False
*N(CC*)C(=O)c1cc(c(c(c1)F)F)F,tg,65.0,,False
*Nc1cc(NC(=O)c2ccc(C(*)=O)cc2)ccc1Cl,egc,3.7621,,False
*C=Cc1cc(Cl)c(*)cc1Cl,egc,3.2579,2.8876292713361207,True
*OCCC(=O)NCc1c(cc(c(c1)C)CNC(=O)CC*)C,tg,80.0,85.60250091552734,True
*N1C(=O)c2c(C1=O)cc(cc2)C(=O)c1cc2c(C(=O)N(C2=O)CCCCCCCCCCCC*)cc1,tg,87.5,,False
*C(=O)NCCNC(=O)c1ccc(N2C(=O)c3ccc(*)cc3C2=O)cc1,egc,3.6854,3.3955088781196974,True
*c1cc2c(C(=O)N(C2=O)c2cc(cc(c2)OCCCCCCCCCCCCCCCC)N2C(=O)c3c(C2=O)cc(cc3)C(*)(C(F)(F)F)C(F)(F)F)cc1,tg,161.0,172.783203125,True
*CC(*)OC(=O)C(F)(F)C(F)(F)C(F)(F)C(F)(F)F,egc,6.4713,,False
*S(=O)(=O)CC=CC*,tg,86.0,,False
*c1ccc2N(c3c(Sc2c1)cc(cc3)c1sc(cc1)c1sc(cc1)*)CCCCCCCCCC,tg,142.0,,False
*C(=C*)c1c(cccc1)C(F)(F)F,tg,130.0,,False
*c1cccc(N2C(=O)c3ccc(Oc4ccc(Oc5ccc(Oc6ccc7c(c6)C(=O)N(*)C7=O)cc5)cc4)cc3C2=O)c1,egc,3.2083,2.6696101320587227,True
*Oc1cc(ccc1)NC(=O)c1ccc(cc1)C(=O)Nc1cc(ccc1)OCCCCCCCC*,tg,122.0,,False
*Oc1ccc(cc1)C1(c2cc(ccc2c2ccc(cc12)[N+](=O)[O-])N(C)C)c1ccc(cc1)OC(=O)*,tg,278.0,261.6352233886719,True
*C1C(=O)N(C(=O)C1*)c1ccc(cc1)O[Si](c1ccccc1)(c1ccccc1)c1ccccc1,tg,183.0,175.90521240234375,True
*c1sc(cc1CCOC(=O)C(Br)C)*,tg,49.0,69.46686553955078,True
*N1C(=O)c2c(C1=O)cc(cc2)Oc1cc2c(C(=O)N(C2=O)c2cc(ccc2)S(=O)(=O)c2cc(ccc2)*)cc1,tg,249.92,,False
*C(*)C(=O)OC(C)C,tg,70.0,,False
*NC(CCCCN)C(*)=O,egc,5.1712,,False
*NC(=O)CCCC(=O)NCC(CCC*)(C)C,tg,82.0,,False
*c1ccc(S(=O)(=O)c2ccc(-n3c(=O)c4cc5c(=O)n(*)c(=O)c5cc4c3=O)cc2)cc1,egc,2.8028,,False
*CC(O)COc1ccc(C(C)(C)c2ccc(OCC(O)COc3cccc(O*)c3)cc2)cc1,egc,4.725,,False
*CC(*)c1ccc(C)c(C)c1,egc,4.4861,4.826543787045015,True
*CCCC(*)(C)Cl,egc,6.5311,5.941323690374542,True
*CCC1CCC(*)C1,egc,7.1099,,False
*O[Si](O[Si](O[Si](O[Si](c1cc(ccc1)[Si](*)(c1ccccc1)C)(c1ccccc1)C)(C)C)(C)C)(C)C,tg,-42.0,-33.356075286865234,True
*CC(C)(C)COC(=O)NCCOCCOCCNC(=O)O*,egc,5.7915,,False
*c1cc2C3(CCC(CC3)(C3=NC(CO3)c3ccccc3)C3=NC(CO3)c3ccccc3)c3c(c2cc1)ccc(c3)c1cc2C(c3c(c2cc1)ccc(c3)*)(CCCCCC)CCCCCC,tg,161.0,161.86839294433594,True
*c1cc2c(C(=O)N(C2=O)c2c(cc(cc2)c2cc(c(cc2)N2C(=O)c3c(C2=O)cc(cc3)C(=O)Nc2ccc(cc2)C2(c3ccccc3c3ccccc23)c2ccc(cc2)NC(=O)*)OC)OC)cc1,tg,181.0,343.0950927734375,True
*C(C*)(CC(=O)OCCCCCCCCC)C(=O)OCCCCCCCCC,tg,-13.0,-19.81856346130371,True
*C(C*)OC(=O)c1ccc(cc1)C,tg,66.75,,False
*NNC(=O)CCCCC(*)=O,egc,5.6711,5.461968639460647,True
*Oc1ccc(Cc2ccc(OC(=O)c3cccc(C(*)=O)c3)cc2)cc1,egc,3.7336,,False
*C(C*)(C(=O)OC12CC3(CC(CC(C1)C3)(C2)C)C)C,tg,193.0,,False
*N(C(=O)CCC(=O)N(CCCCCC*)C)C,tg,7.5,7.967987060546875,True
*NC(=O)c1cc(cc(c1)NC(=O)c1ccc(cc1)NC(=O)C(CC(C)C)N1C(=O)c2c(C1=O)cccc2)C(=O)NCCCCCC*,tg,200.0,159.36358642578125,True
*NNC(=O)c1c(cccc1)C(=O)Nc1cc(ccc1)C=C1C(=O)C(=Cc2cc(ccc2)NC(=O)c2c(cccc2)C(=O)*)CCC1,tg,195.0,129.83567810058594,True
*NC(=O)C(S1)=CC=C1C(C=C2)=CC=C2*,egc,2.9223,3.4790703639772658,True
*Oc1c(cc(cc1)C1(CCCCC1)c1cc(c(cc1)OC(=O)*)Cl)Cl,tg,179.0,160.68861389160156,True
*c1ccc(-c2nc3ccc(-c4ccc5nc(*)oc5c4)cc3o2)cc1,egc,2.6967,3.0666968190970842,True
*OP(=O)(OCCCCCCCCCCOc1c(cc(cc1)C=C1C(=O)C(=Cc2cc(c(cc2)OCCCCCCCCCC*)OC)CC1)OC)OC,tg,48.0,,False
*CC(O)CN(*)c1ccc(N=Nc2ccc(C#N)cc2)cc1,egc,2.0164,,False
*Oc1ccc(N=Cc2ccc(N(c3ccccc3)c3ccc(C=Nc4ccc(*)cc4)cc3)cc2)cc1,egc,2.7442,,False
*C=CC1CC(*)C2CCCC12,egc,5.6651,,False
*CCCCCCN(CC)C(=O)CCCCCCCCCCC(=O)N(*)CC,egc,5.6468,5.445201929349168,True
*O[Si](c1cc2cc3c(cc2cc1)cc(cc3)[Si](*)(C)C)(C)C,tg,118.0,,False
*CC(C)CO*,egc,5.976,,False
*c1cc2c(C(=O)N(C2=O)c2cc(ccc2)Nc2nc(nc(n2)Nc2cc(ccc2)N2C(=O)c3c(C2=O)cc(cc3)C(=O)*)N(C)C)cc1,tg,294.0,,False
*CCCCCCCCCNC(=O)c1cccc(C(=O)N*)c1,egc,4.9596,5.0124907503237885,True
*Sc1ccc(cc1)C(=O)c1ccc(cc1)C(c1ccc(cc1)C(=O)c1ccc(cc1)*)(C(F)(F)F)C(F)(F)F,tg,175.0,176.23817443847656,True
*CCOCCOC(=O)CCCCCC(=O)O*,egc,6.5004,6.522846380238334,True
*Oc1ccc(cc1)Sc1ccc(cc1)OC1(C(C(C1(F)F)(F)F)(*)F)F,tg,78.0,,False
*c1nc2cc3c(cc2c(c1)c1ccccc1)nc(cc3c1ccccc1)c1ccc(cc1)c1ccc(cc1)*,tg,383.0,396.8302307128906,True
*c1cc2c(C(=O)N(C2=O)c2c(cccc2)c2ccc(cc2)N2C(=O)c3c(C2=O)cc(cc3)C(=O)*)cc1,tg,305.0,,False
*C(C(C(C*)OC)(C(=O)OC)C)(C(=O)OC)C,tg,134.0,,False
*c1cc2c(C(=O)N(C2=O)c2ccc(cc2)Oc2ccc(cc2)C(c2cc(ccc2)C(c2ccc(cc2)Oc2ccc(cc2)NC(=O)*)(C)C)(C)C)cc1,tg,177.0,178.42333984375,True
*CCCCCCCCCCCCCCCCOC(=O)NCCCCCCCCCCNC(=O)O*,egc,6.3322,6.167700003845571,True
*OC(=O)c1cc(ccc1)C(C(C(C(C(c1cc(ccc1)C(=O)OCC(C(C(C*)(F)F)(F)F)(F)F)(F)F)(F)F)(F)F)(F)F)(F)F,tg,19.83,10.110198974609375,True
*Oc1ccc(cc1)CC(NC(=O)CCc1ccc(cc1)OC(=O)CCCCCCC(=O)*)C(=O)OCCCCCCCCCCCC,tg,15.0,,False
*Oc1cc(ccc1)C(C(C(c1cc(ccc1)OC(=O)*)(F)F)(F)F)(F)F,tg,46.0,,False
*C(C*)C(=O)OCCCCCCOc1ccc(cc1)c1ccc(cc1)C#N,tg,42.0,,False
*c1nc2c(nc1c1ccccc1)cc(cc2)c1cc2c(nc(c(n2)c2ccccc2)c2ccc(cc2)c2ccc(cc2)*)cc1,tg,404.0,,False
*Oc1ccc(cc1)C(c1ccc(cc1)Oc1ccc(cc1)C(=O)c1ccc(cc1)C(c1ccc(cc1)C(=O)c1ccc(cc1)*)(C)C)(C)C,tg,171.0,,False
*OC(=O)OCCCCCC*,tg,-54.25,,False
*OC(C*)CN1C(=O)C2C(C1=O)C1C=CC2C1,tg,87.5,,False
*C1(C(C(C(C1(F)F)(F)F)(C(*)(F)F)F)(F)F)F,tg,117.0,77.51041412353516,True
*c1nc2cc3c(cc2nc1)nc(cn3)c1ccc(cc1)Oc1ccc(cc1)*,tg,353.0,339.6802673339844,True
*Oc1cc2c(cc1)ccc(c2)Oc1ccc(cc1)C(=O)Nc1ccc(cc1)C(c1ccc(cc1)C(c1ccc(cc1)NC(=O)c1ccc(cc1)*)(C)C)(C)C,tg,155.0,,False
*OP(=O)(Oc1c(c(c(c(c1Cl)Cl)*)Cl)Cl)Oc1c(cc(cc1Cl)Cl)Cl,tg,127.0,,False
*Oc1ccc(cc1)P(=O)(c1ccc(cc1)*)C,tg,238.0,,False
*C(C*)(CC(=O)Oc1ccc(cc1)OCC)C(=O)Oc1ccc(cc1)OCC,tg,110.5,103.69671630859375,True
*N1C(=O)c2c(C1=O)cc(cc2)Oc1ccc(cc1)c1ccc(cc1)Oc1cc2c(C(=O)N(C2=O)c2ccc(cc2)Oc2ccc(cc2)*)cc1,tg,229.0,,False
*c1cc2c(C(=O)N(C2=O)c2ccc(cc2)Cc2ccc(cc2)N2C(=O)c3c(C2=O)cc(cc3)C(=O)Oc2c(cc(cc2)OC(=O)*)C(C)(C)C)cc1,tg,160.0,,False
*c1ccc2n(c3c(c2c1)cc(cc3)C=C(C(=O)OCCCCCCCCCCOC(=O)C(=C*)C#N)C#N)CCCCCCC,tg,59.0,,False
*Oc1ccc(cc1)C(=O)OCCOC(=O)c1ccc(cc1)*,tg,74.0,,False
*c1n(nc(c1)c1ccc(cc1)Oc1ccc(cc1)C(=O)c1ccc(cc1)Oc1ccc(cc1)C(=O)c1ccc(cc1)Oc1ccc(cc1)*)c1ccccc1,tg,190.0,,False
*OC(OC(=O)c1ccc(cc1)C(=O)OC(OCC1CCC(CC1)C*)C)C,tg,61.0,44.204864501953125,True
*c1ccc2c3n(c4ccc(cc4n3)c3cc4n5c(nc4cc3)c3cccc4c(ccc(c5=O)c34)Oc3cc(ccc3)O*)c(=O)c3cccc1c23,tg,396.5,,False
*CCCCCC(=O)NCCCCCCNC(=O)CCCCCO*,egc,5.7609,,False
*[Si](C/C=C\C*)(CCCOc1ccccc1)C,tg,-30.0,-24.69732093811035,True
*Oc1ccc(cc1)C(c1cc(c(cc1)OC(=O)*)Cl)(C)C,tg,146.0,,False
*N1C(=O)c2c(C1=O)cc(cc2)Oc1ccc(cc1)C(c1ccc(cc1)Oc1cc2c(C(=O)N(C2=O)c2cc(ccc2)P(=O)(c2cc(ccc2)*)c2ccccc2)cc1)(C)C,tg,213.0,228.56581115722656,True
*Oc1c2c(ccc1)ccc(c2)Oc1ccc(cc1)NC(=O)c1ccc(cc1)Oc1ccc(cc1)C(c1ccc(cc1)Oc1ccc(cc1)C(=O)Nc1ccc(cc1)*)(c1ccccc1)C,tg,175.5,,False
*c1ccc(N(c2ccc(CCCC)cc2)c2ccc(-c3ccc(*)s3)cc2)cc1,egc,2.8955,,False
*Oc1c2c(ccc1)ccc(c2)Oc1ccc(cc1)NC(=O)c1ccc(cc1)Oc1ccc(cc1)C(c1cc(ccc1)C(c1ccc(cc1)Oc1ccc(cc1)C(=O)Nc1ccc(cc1)*)(C)C)(C)C,tg,175.5,170.10125732421875,True
*N1C(=O)c2c(C1=O)cc(cc2)Oc1ccc(cc1)C(c1ccc(cc1)Oc1cc2c(C(=O)N(C2=O)c2ccc(cc2)Oc2ccc(cc2)*)cc1)(C)C,tg,217.25,,False
*N1C(=O)c2c(C1=O)cc(cc2)Oc1cc2c(C(=O)N(C2=O)c2ccc(cc2)S(=O)(=O)c2ccc(cc2)*)cc1,tg,262.0,299.4363708496094,True
*CCCCCOC(=O)NCCCCCCNC(=O)O*,egc,6.4123,,False
*c1cc(N2C(=O)c3ccc(-c4ccc5c(c4)C(=O)N(*)C5=O)cc3C2=O)c(O)cc1O,egc,3.1117,,False
*CC#CCOC(=O)CCCCCCCCCCC(=O)O*,egc,6.5433,6.303549077198293,True
*c1cc2c(C(=O)N(C2=O)C2CCC(CC2)CC2CCC(CC2)N2C(=O)c3c(C2=O)cc(cc3)C(*)(C(F)(F)F)C(F)(F)F)cc1,tg,265.0,,False
*N1C(=O)C2OC3C(C2C1=O)C(=O)N(C3=O)c1ccc(cc1)c1c(nc2c(n1)cc(cc2)C(=O)c1cc2c(nc(c(n2)c2ccc(cc2)*)c2ccccc2)cc1)c1ccccc1,tg,255.0,,False
*c1ccc(-c2ccc(-c3ccc(-c4cc(-c5ccccc5)c5cc(Oc6ccc7nc(*)cc(-c8ccccc8)c7c6)ccc5n4)cc3)cc2)cc1,egc,3.1875,3.158344406445627,True
*CCCP(CCCNC(=O)CCCCCCCCC(=O)N*)c1ccccc1,egc,4.6632,4.935881337354723,True
*NC(=O)CCCCCCCCC(=O)NCCCCCC*,tg,43.11,,False
*C(C*)(C(=O)OCC(=O)c1ccccc1)C,tg,92.5,,False
*CCC(S1)=CC=C1O*,egc,4.8828,4.542124471419481,True
*Oc1c(C)c(C)c(Oc2ccc(NC(=O)c3ccc(C(=O)Nc4ccc(*)cc4)cc3)cc2)c(C)c1C,egc,3.2842,3.208852042989906,True
*CCCCCNC(=O)CC(=O)N*,egc,5.7523,,False
*Oc1ccc(cc1)C1(CCCCC1)c1ccc(cc1)OC(=O)OC1C(C(C1(C)C)OC(=O)*)(C)C,tg,136.0,157.00328063964844,True
*Nc1cc(cc(c1)C(=O)Nc1c2C(=O)c3c(C(=O)c2ccc1)cccc3)NC(=O)Nc1ccc(cc1)NC(=O)*,tg,190.0,189.4475860595703,True
*c1ccc2c(c1)Cc1cc(*)ccc1-2,egc,3.7772,,False
*c1cc2n(c3c(c2cc1)ccc(c3)c1c2cc(ccc2c(c2cc(ccc12)C=Cc1ccc(cc1)N(CCCCCC)CCCCCC)*)C=Cc1ccc(cc1)N(CCCCCC)CCCCCC)CCCCCCCC,tg,152.0,,False
*Oc1ccc(cc1)C(c1ccc(cc1)OCC(C*)O)(CC)C,tg,95.0,98.71978759765625,True
*O[Si](c1cc(ccc1)*)(c1ccccc1)c1ccccc1,tg,58.5,,False
*CC(=O)NC(=S)*,egc,2.887,2.9102533269799786,True
*c1ccc(-c2cnc3cc(S(=O)(=O)c4ccc5nc(*)cnc5c4)ccc3n2)cc1,egc,3.1704,,False
*Oc1ccc(cc1)C(=O)c1ccc(cc1)OCCCCCCOC(=O)OCCCCCCOC(=O)OCCCCCC*,tg,-0.3,-0.1742757111787796,True
*c1nc2c(nc1c1ccccc1)cc(cc2)Oc1cc2c(nc(c(n2)c2ccccc2)c2ccc(cc2)OCCN(CCOc2ccc(cc2)*)c2ccc(cc2)C=Cc2ccc(cc2)[N+](=O)[O-])cc1,tg,201.0,,False
*OC(=O)CCCCCCCCC(=O)OCCCC*,tg,-64.4,,False
*Nc1cc(cc(c1)c1c(=O)oc2c(cccc2)n1)NC(=O)c1ccc(cc1)C(=O)*,tg,103.0,,False
*NC(=O)C(C(C(=O)NCCCCCCCCCCCC*)OC)OC,tg,84.0,,False
*Nc1c(OC)cc(*)cc1OC,egc,3.4275,,False
*c1c2C(=O)N(C(=O)c2c(c2ccccc12)c1ccc(cc1)Oc1ccc(cc1)C(=O)c1cc(ccc1)C(=O)c1ccc(cc1)Oc1ccc(cc1)*)CCCCCCCCCCCC,tg,140.0,173.9019317626953,True
*c1c(cc(cc1)CC*)Br,tg,80.0,,False
*Oc1ccc(CC(C#N)(C#N)Cc2ccc(*)cc2)cc1,egc,4.9531,4.558762672841116,True
*Oc1ccc(cc1)NC(=O)c1cc(cc(c1)NC(=O)c1ccc(cc1)OC(=O)C)C(=O)Nc1ccc(cc1)*,tg,273.0,,False
*NC(C(=O)*)CCC(=O)OCC,tg,-27.33,-16.9118595123291,True
*C(C*)(CC(=O)Oc1ccc(cc1)OC)C(=O)Oc1ccc(cc1)OC,tg,119.5,,False
*N1C(=O)c2c(C1=O)cc(cc2)Sc1cc2c(C(=O)N(C2=O)c2c(cc(cc2)Cc2cc(c(cc2)*)C(C)(C)C)C(C)(C)C)cc1,tg,300.5,314.1770935058594,True
*C(C*)CNc1ncc(cc1)[N+](=O)[O-],tg,151.0,,False
*CCCCCCCCC(=O)NCCCCCCNC(=O)CCCO*,egc,5.9837,,False
*c1c(nc2c(n1)cc(cc2)Oc1cc2c(nc(c(n2)c2ccc(cc2)N2C(=O)c3c(C2=O)cc(cc3)C(=O)c2cc3c(C(=O)N(C3=O)c3ccc(cc3)*)cc2)c2ccccc2)cc1)c1ccccc1,tg,254.0,,False
*Oc1ccc(cc1)CC(NC(=O)CCc1ccc(cc1)OC(=O)CCCCC(=O)*)C(=O)OCCCCCCCC,tg,26.2,32.149635314941406,True
*Oc1c2c(c(cc1)C=Cc1ccc(cc1)OCCCCCC*)cccc2,tg,78.0,,False
*CCCCCCC(=O)NCCCCCOCCCCCNC(=O)CCCO*,egc,5.944,5.686764686139502,True
*c1cc2C(c3c(c2cc1)ccc(c3)c1cc2C(c3c(c2cc1)ccc(c3)*)(c1ccc(cc1)c1oc(nn1)c1ccc(cc1)C(C)(C)C)c1ccc(cc1)c1oc(nn1)c1ccc(cc1)C(C)(C)C)(CCCCCCCC)CCCCCCCC,tg,213.0,208.01719665527344,True
*C(=C(C(C(*)([2H])[2H])([2H])[2H])[2H])C([2H])([2H])[2H],tg,-58.0,,False
*c1cc(nc2c1cccc2)c1cc(ccc1)c1nc2c(c(c1)c1ccc(cc1)Oc1ccc(cc1)*)cccc2,tg,268.0,,False
*N=C1C=CC(*)C=C1Cl,egc,4.0784,2.3419884566506104,True
*c1cc2c(C(=O)N(C2=O)c2c(cc(cc2C(C)C)C(c2cc(c(c(c2)C(C)C)N2C(=O)c3c(C2=O)cc(cc3)C(*)(C(F)(F)F)C(F)(F)F)C(C)C)(c2ccccc2)C(F)(F)F)C(C)C)cc1,tg,274.0,,False
*OC(C*)CSCCC,tg,-61.0,,False
*N1C(=O)c2c(C1=O)cc(cc2)C(=O)Oc1ccc(cc1)C(c1ccc(cc1)OC(=O)c1cc2c(C(=O)N(C2=O)CCOCCOCC*)cc1)(C)C,tg,118.0,102.08779907226562,True
*CCCCCCCNC(=S)N*,egc,4.3034,,False
*Oc1ccc(OC(=O)c2ccc(C(*)=O)cc2)cc1C1CCCCCCC1,egc,3.5292,,False
*Oc1ccc(cc1)CCc1ccc(cc1)OCCCCCCOC(=O)NC1CCC(CC1)CC1CCC(CC1)NC(=O)OCCCCCC*,tg,40.3,,False
*NC(CCCCNC(*)=O)C(=O)OC,egc,6.2157,,False
*C(C(*)(C(=O)OC([2H])([2H])[2H])C([2H])([2H])[2H])([2H])[2H],tg,115.0,,False
*C1C2C(C(=O)N(C2=O)CCCCC)C(C1)C=C*,tg,89.29,,False
*c1cc2c(C(=O)N(C2=O)c2ccc(cc2)Oc2ccc(cc2)C(=O)c2ccc(cc2)Oc2ccc(cc2)N2C(=O)c3c(C2=O)cc(cc3)C(=O)*)cc1,tg,252.0,,False
*CNC(=S)C(S1)=CC=C1*,egc,3.5084,,False
*CCCCCOC(=O)NCCSCCCCCSCCNC(=O)O*,egc,5.3077,,False
*N=Nc1ccc(NC(=O)CCC(=O)Nc2ccc(*)cc2)cc1,egc,2.9351,,False
*CC1CC1COC(=O)NCCCCCCNC(=O)O*,egc,6.2321,,False
*c1ccc2cc(*)n(C(C(=O)OCC)n3ccc4ccccc43)c2c1,egc,4.2748,,False
*c1oc(nn1)c1ccc(cc1)C1(c2c(C(=O)O1)cccc2)c1ccc(cc1)*,tg,370.0,,False
*CNC(=O)CCCC(=O)N*,egc,6.1798,5.902773381710301,True
*NC(=O)c1ccc(cc1)CC(=O)NCCCCCC*,tg,104.0,,False
*Oc1ccc(C(=O)Nc2ccc(S(=O)(=O)c3ccc(NC(=O)c4ccc(Oc5nc(*)nc(Sc6ccccc6)n5)cc4)cc3)cc2)cc1,egc,3.8673,3.4662579824015243,True
*OP(=O)(N=Nc1ccc(cc1)CCOC(=O)c1cc(cc(c1)C(C)(C)C)C(=O)OCCc1ccc(cc1)N=NP(=O)(OCC*)OC)OC,tg,84.0,85.35747528076172,True
*OC(=O)c1ccc(cc1)c1ccc(cc1)C(=O)OCCOCC*,tg,53.5,45.84633255004883,True
*N1C(=O)c2c(C1=O)cc(cc2)Oc1ccc(cc1)c1ccc(cc1)Oc1cc2c(C(=O)N(C2=O)c2ccc(cc2)Oc2ccc(cc2)Oc2ccc(cc2)*)cc1,tg,212.0,232.4668426513672,True
*OC(C*)CSCCCC,tg,-65.0,,False
*C(C*)(C(=O)OC1C(CCCC1)C)C,tg,85.0,105.63619995117188,True
*c1cc2c(C(=O)N(C2=O)c2ccc(cc2)OC(COc2ccc(cc2)N2C(=O)c3c(C2=O)cc(cc3)C(*)(C(F)(F)F)C(F)(F)F)C)cc1,tg,234.0,,False
*OC(=O)OCCCC*,tg,-28.75,,False
*N1C(=O)c2c(C1=O)cc(cc2)Oc1cc2c(C(=O)N(C2=O)c2ccc(cc2)Sc2sc(cc2)Sc2ccc(cc2)*)cc1,tg,218.0,,False
*C(C*)CNc1cc(c(cc1)[N+](=O)[O-])C(F)(F)F,tg,153.0,,False
*CCCCCCCCc1nc2cc3sc(*)nc3cc2s1,egc,4.3173,,False
*C(C*)(C(=O)OCCCCCCCCCCCC)C,tg,-44.99,,False
*c1nc(nc(n1)Oc1ccc(cc1)C(=O)Nc1ccc(cc1)S(=O)(=O)c1ccc(cc1)NC(=O)c1ccc(cc1)O*)Sc1ccccc1,tg,310.0,,False
*OC(C)CCC(C)OC(=O)CCCCC(*)=O,egc,6.4506,,False
*N1C(=O)c2c(C1=O)cc(cc2)c1cc2c(C(=O)N(C2=O)c2ccc(cc2)Oc2c(cc(cc2C)C(c2cc(c(c(c2)C)Oc2ccc(cc2)*)C)c2c3c(ccc2)cccc3)C)cc1,tg,289.5,298.6656188964844,True
*C1COC2C1OCC2Oc1ccc(cc1)CNC(=O)c1ccc(cc1)C(=O)NCc1ccc(cc1)O*,tg,122.0,,False
*CC1CCC(COC(=O)CCCCCCCCC(=O)O*)CC1,egc,6.7673,,False
*C(=O)CC*,tg,10.0,24.128767013549805,True
*C(C*)(C(=O)OCCCCCCCCCCOc1ccc(cc1)N=Nc1ccc(cc1)C#N)C,tg,51.0,43.53868103027344,True
*Oc1c(cc(cc1C)S(=O)(=O)c1cc(c(c(c1)C)OCC(COc1ccc(cc1)S(=O)(=O)c1ccc(cc1)OCC(C*)O)O)C)C,tg,145.0,149.6409149169922,True
*c1nc2c(cc1)cccc2OC(=O)c1ccc(cc1)C(=O)Oc1ccc(cc1)C=C*,tg,112.0,,False
*c1ccc2ccc3c(c2n1)nc(cc3)c1ccc(cc1)c1c(cc(c(c1)CCCCCC)c1ccc(cc1)*)CCCCCC,tg,190.0,,False
*C1COC2C1OCC2OC(=O)c1cc(ccc1)OCCCCCCOc1cc(ccc1)C(=O)O*,tg,42.25,,False
*C(C*)(C(=O)OCCCCCCCCCOc1cc2c(cc1)cc(cc2)C(=O)Oc1ccccc1)C,tg,18.0,46.38881301879883,True
*NC(=O)CCCCC(=O)NCCCP(CCC*)c1ccccc1,tg,49.0,,False
*c1ccc2n(c3c(c2c1)cc(cc3)c1ccc(cc1)[Si](c1ccc(cc1)*)(c1ccccc1)c1ccccc1)CCCCCC#N,tg,165.0,,False
*C(C*)c1ncccc1,tg,105.0,117.16033935546875,True
*SCCCCC(=O)NCc1ccc(cc1)CNC(=O)CCCC*,tg,70.0,66.37248992919922,True
*CCCCCCOC(=O)CCC=CCCC(=O)O*,egc,5.9212,,False
*OC(COC(=O)c1c(c(c(c(c1F)F)c1c(c(c(c(c1F)F)C(=O)*)F)F)F)F)COc1ccc(cc1)N=Nc1ccc(cc1)C#N,tg,112.0,,False
*Oc1ccc2ccccc2c1N=Nc1ccc(C(*)=O)cc1,egc,2.8394,,False
*c1cc2c(C(=O)N(C2=O)c2ccc(cc2)OC(COc2ccc(cc2)N2C(=O)c3c(C2=O)cc(cc3)C(*)(C(F)(F)F)C(F)(F)F)CCCCCC)cc1,tg,182.0,190.04229736328125,True
*C(C*)(C(=O)OCCCOc1cc2c(cc1)cc(cc2)C(=O)Oc1ccccc1)C,tg,84.0,,False
*NC(=O)CCCCCC(=O)NCCCCCC*,tg,54.0,,False
*Oc1ccc(cc1)NC(=C(C#N)C#N)c1ccc(cc1)C(=C(C#N)C#N)Nc1ccc(cc1)*,tg,274.0,,False
*CCCN(*)C,egc,4.8968,4.75343727646552,True
*c1ccc(cc1)c1c(cc(c(c1c1ccccc1)c1ccccc1)c1cc(ccc1)c1c(c(c(c(c1)c1ccccc1)c1ccc(cc1)CCCCCCCCCCCCCC*)c1ccccc1)c1ccccc1)c1ccccc1,tg,160.0,,False
*c1oc(nn1)c1c2c(c(cc1)Oc1ccc(cc1)C=Cc1ccc(cc1)Oc1c3c(c(cc1)*)cccc3)cccc2,tg,238.0,,False
*C#CC#Cc1ccc(*)s1,egc,1.5604,1.3715351554533852,True
*OC(COC(=O)C1=C(C2C=CC1C2)C(=O)OCC(OC(=O)c1ccc(cc1)C(=O)*)COC(=O)C1=C(C2C=CC1C2)c1ccccc1)COC(=O)C1=C(C2C=CC1C2)c1ccccc1,tg,74.0,,False
*C(C*)(C(=O)OCCCCn1c2ccccc2c2ccccc12)C,tg,84.2,,False
*OS(=O)(=O)c1cc(ccc1)C(=O)c1cc(ccc1)S(=O)(=O)Oc1ccc(cc1)C(c1ccc(cc1)*)(C)C,tg,122.0,,False
*NC(=O)c1cc(cc(c1)C(C)(C)C)C(=O)NCC1CC(CCC1)C*,tg,200.0,227.72357177734375,True
*CC(*)c1ccc(Cl)c([N+](=O)[O-])c1,egc,1.4833,,False
*Oc1c(cc(c(c1)C)C(c1c(cc(c(c1)C(C)C)Oc1ccc(cc1)C(=O)c1ccc(cc1)*)C)c1c(cccc1)C(=O)O)C(C)C,tg,228.0,,False
*Oc1ccc(cc1)C(c1ccc(cc1)OC(=O)c1ccc(cc1)C(c1ccc(cc1)C(=O)*)(C(F)(F)F)C(F)(F)F)(C)C,tg,124.0,209.73667907714844,True
*Oc1c(cc(cc1)C(c1cc(c(cc1)OC(=O)*)Cl)(C)C)Cl,tg,145.67,145.8617401123047,True
*c1[nH]c(nc1c1ccc(cc1)Oc1ccc(cc1)C(=O)c1ccc(cc1)C(=O)c1ccc(cc1)C(=O)c1ccc(cc1)Oc1ccc(cc1)*)c1ccccc1,tg,239.0,230.1525115966797,True
*CCCCCCCCCCCCNC(=O)CC(=O)N*,egc,5.7842,5.755339814652966,True
*C=C(*)CNS(=O)(=O)Cc1ccccc1,egc,3.9211,,False
*Nc1ccc(cc1)NC(=O)c1c(cc(c(c1)C(=O)*)C(=O)O)C(=O)O,tg,283.4,205.07330322265625,True
*CCCCCCCCCCOC(=O)CCCCCCCCC(=O)O*,egc,6.7107,,False
*c1cccc(Cc2cccc(-n3c(=O)c4cc5c(=O)n(*)c(=O)c5cc4c3=O)c2)c1,egc,2.645,,False
*C1C(=O)N(C(=O)C1C(C*)c1ccccc1)c1ccc(cc1)C(C)(C)C,tg,237.0,227.9388427734375,True
*N1C(=O)c2c(C1=O)cc(cc2)S(=O)(=O)c1cc2c(C(=O)N(C2=O)CCCCCCOC(=O)CCCCCCCCCCCCCCCCCCC(=O)OCCCCCC*)cc1,tg,19.0,,False
*Oc1c(cc(c(c1)OCCOC)OC(=O)c1c(cc(cc1)C(=O)*)c1ccccc1)OCCOC,tg,92.0,,False
*Oc1cc(Cl)cc(Cl)c1*,egc,4.3654,4.0555896113117935,True
*c1ccc2c(c1)Cc1cc(-n3c(=O)c4cc5c(=O)n(*)c(=O)c5cc4c3=O)ccc1-2,egc,2.1333,2.264149158291526,True
*Oc1ccc(Oc2cccc(*)n2)c(C)c1,egc,4.4881,,False
*N1C(=O)c2c(C1=O)cc(cc2)c1cc2c(C(=O)N(C2=O)c2cc(cc(c2)C(=O)NCCCC)*)cc1,tg,291.0,296.83612060546875,True
*NC(=O)CCCCCCCCCCCCCCCCC(=O)NCCCCCCCCCCCC*,tg,47.0,52.37982177734375,True
*N=c1c(=Nc2ccc(*)cc2)c2cccc3cccc1c32,egc,2.1929,,False
*C=CC1CC(*)C2CC=CC12,egc,5.3836,,False
*Oc1ccc(cc1)OC(=O)c1ccc(cc1)C(c1ccc(cc1)C(=O)*)(C)C,tg,195.0,,False
*c1cc2c(C(=O)N(C2=O)c2c(cc(c(c2)Cl)N2C(=O)c3c(C2=O)cc(c(c3)Cl)C(=O)*)Cl)cc1Cl,tg,367.0,,False
*C(C*)(C(=O)OCC1OCCC1)C,tg,105.0,71.76534271240234,True
*NC(=O)C(S1)=CC=C1C(=O)*,egc,3.683,,False
*c1nc(ccc1)N1C(=O)N(C(=O)C1=O)CCCCCCN1C(=O)N(C(=O)C1=O)*,tg,169.67,,False
*NC1CC(CC(C1)(CNC(=O)c1cc(cc(c1)NC(=O)C(C(CC)C)N1C(=O)c2c(C1=O)cccc2)C(=O)*)C)(C)C,tg,128.0,,False
*OC(=O)CCCCCCC(=O)OCCOCC*,tg,-66.0,,False
*CCC(F)(F)C(*)(F)F,egc,8.6882,,False
*OC1OC(*)C2CCCCC12,egc,6.0383,6.315518134660141,True
*Oc1c(cc(cc1)C(c1cc(c(cc1)OC(=O)c1ccc(cc1)C(=O)*)C(CC)C)(C)C)C(CC)C,tg,90.0,148.67015075683594,True
*c1nc(nc(n1)OCCCCO*)OC,tg,-8.0,,False
*C(C*)(C(=O)OCCCCCOc1cc2c(cc1)cc(cc2)C(=O)Oc1ccccc1)C,tg,48.0,,False
*c1cc2c(C(=O)N(C2=O)c2c(cc(cc2)c2cc(c(cc2)N2C(=O)c3c(C2=O)cc(cc3)C(*)(C(F)(F)F)C(F)(F)F)OCCCCCCOc2ccc(cc2)/C=C/c2ccc(cc2)F)OCCCCCCOc2ccc(cc2)/C=C/c2ccc(cc2)F)cc1,tg,140.0,139.8277130126953,True
*N1C(=O)c2c(C1=O)cc(cc2)Oc1cc2c(C(=O)N(C2=O)c2c(ccc(c2)C(c2cc(c(cc2)OCCN(c2ccc(cc2)C=CC2=CC(=C(C#N)C#N)CC(C2)(C)C)C)*)(C(F)(F)F)C(F)(F)F)OCCN(c2ccc(cc2)C=CC2=CC(=C(C#N)C#N)CC(C2)(C)C)C)cc1,tg,215.0,,False
*NC(=O)CCCCC(=O)NCC(CCC*)(C)C,tg,77.0,63.17071533203125,True
*Oc1ccc(cc1)S(=O)(=O)c1ccc(cc1)Oc1ccc(cc1)C12CC3(CC(CC(C1)C3)C2)c1ccc(cc1)*,tg,242.0,,False
*C(C*)(C(=O)OCCN(c1ccc(cc1)[N+](=O)[O-])CC)C,tg,98.0,,False
*c1ccc2nc(*)oc2c1,egc,3.8571,3.7049021001907123,True
*N1C(=O)c2c(C1=O)cc(cc2)Oc1cc2c(C(=O)N(C2=O)CCCCCCCC*)cc1,tg,145.0,,False
*OC(=O)c1ccc(cc1)N=Cc1ccc(cc1)C=Nc1ccc(cc1)C(=O)OCCCCOCCCCOCCCC*,tg,-13.2,,False
*CC(C)(CCC)C(=O)O*,egc,6.7802,,False
*c1ccc2n(c3c(c2c1)cc(cc3)C=C(C(=O)OCCCCCCOC(=O)C(=C*)C#N)C#N)CCCCCCC,tg,87.0,,False
*Oc1ccc(cc1)Cc1ccc(cc1)OC(=O)c1cc(cc(c1)OCCCCC)C(=O)*,tg,110.0,117.03533172607422,True
*C1C(=O)OC(=O)C1C(C*)c1ccccc1,tg,177.0,179.1820831298828,True
*c1c(nc2c(n1)cc(cc2)Oc1ccc(cc1)NC(=O)c1cc(cc(c1)N1C(=O)c2c(C1=O)cccc2)C(=O)Nc1ccc(cc1)Oc1cc2c(nc(c(n2)c2ccc(cc2)*)c2ccccc2)cc1)c1ccccc1,tg,302.0,,False
*Oc1ccc(cc1)C1(CC2C(CC1)CCCC2)c1ccc(cc1)OC(=O)c1cc(ccc1)C(=O)*,tg,248.0,,False
*Nc1cnc(*)c(O)c1,egc,3.3471,,False
*N1C(=O)c2c(C1=O)cc(cc2)Oc1ccc(cc1)C1(CCCCCCCCCCC1)c1ccc(cc1)Oc1cc2c(C(=O)N(C2=O)c2ccc(cc2)Oc2cc(c(cc2)c2c(cc(cc2)Oc2ccc(cc2)*)C)C)cc1,tg,257.0,242.0358123779297,True
*NC1CCC(CC1)CCC1CCC(CC1)NC(=O)CCCCCCCCC(=O)*,tg,116.0,,False
*C(C*)c1c(cccc1)COC,tg,89.0,108.4866943359375,True
*Nc1ccc(cc1)Cc1ccc(cc1)NC(=O)NCCCCCCNC(=O)*,tg,78.0,,False
*OC(COC(=O)c1cc(ccc1)C(=O)*)COc1ccc(cc1)N=Nc1ccc(cc1)C#N,tg,119.0,,False
*C(C*)(C(=O)OCCN(c1ccc(cc1)N=Nc1ccc(cc1)S(=O)(=O)Nc1noc(c1)C)C)C,tg,114.0,,False
*C(=O)c1ccc2c(c1)C(=O)N(c1ccc(Oc3ccc(-c4ccc(Oc5ccc(N6C(=O)c7ccc(*)cc7C6=O)cc5)cc4)cc3)cc1)C2=O,egc,2.0335,,False
*CC(*)(C)C(=O)Oc1ccc(C(=O)C=Cc2ccc(Cl)cc2)cc1,egc,2.9358,3.2940832127756683,True
*OC(=O)c1cc(cc(c1)OCCN(c1ccc(cc1)S(=O)(=O)CCCCCCCC)C)C(=O)OCCN(CC*)c1ccc(cc1)S(=O)(=O)C(C(C(C(C(C(C(C(F)(F)F)(F)F)(F)F)(F)F)(F)F)(F)F)(F)F)(F)F,tg,80.0,,False
*c1ccc(-c2cc(CCCCCCCCCCCC)c(*)s2)s1,egc,1.5458,,False
*CC(*)c1ccc(F)cc1,egc,2.0489,,False
*c1cnc(s1)n1c(=O)c2cc3c(cc2c1=O)c(=O)n(c3=O)c1ccc(cc1)Oc1ccc(cc1)*,tg,328.8,,False
*c1ccc(-c2cnc3ccc(S(=O)(=O)c4ccc5ncc(*)nc5c4)cc3n2)cc1,egc,3.2952,,False
*c1ccc(C(=O)Nc2ccc(Oc3ccc(NC(=O)c4ccc(Oc5ccc(-c6nn(*)c(=O)c7ccccc67)c6ccccc56)cc4)cc3)cc2)cc1,egc,3.2201,2.985247718317316,True
*C(C*)F,tg,16.63,-2.5644352436065674,True
*c1cc2c(C(=O)N(C2=O)c2cc(c(cc2)Oc2c(cc(cc2)N2C(=O)c3c(C2=O)cc(cc3)C(=O)Nc2c(ccc(c2)C(F)(F)F)Oc2c3c(ccc2)c(ccc3)Oc2c(cc(cc2)C(F)(F)F)NC(=O)*)c2ccccc2)c2ccccc2)cc1,tg,376.0,284.87615966796875,True
*c1ccc(N2C(=O)c3ccc(-c4cccc5c4C(=O)N(c4ccc6[nH]c(*)nc6c4)C5=O)cc3C2=O)cc1,egc,2.9114,2.2821716506956005,True
*Oc1ccc(cc1)NC(=O)c1cc(ccc1)C(=O)Nc1ccc(cc1)Oc1ccc(cc1)C(c1cc(ccc1)C(c1ccc(cc1)*)(C)C)(C)C,tg,180.0,,False
*N(CC*)C(=O)CCCCCCCCCCCCCCCCC,tg,10.0,,False
*OCCC*,tg,-72.46,-79.98954772949219,True
*c1cc2c(C(=O)N(C2=O)c2cc(cc(c2)C(F)(F)F)N2C(=O)c3c(C2=O)cc(cc3)C(=O)*)cc1,tg,276.75,295.5435485839844,True
*C(*)F,egc,6.7608,7.5656613560215105,True
*Oc1c(cccc1)C(=O)OC(=O)c1c(cccc1)OC(=O)CCCC(=O)*,tg,50.0,52.16010665893555,True
*CC(CO)(CO)CO*,egc,5.7959,5.640451070555697,True
*C(C*)C(=O)OCc1ccccc1,tg,9.25,10.840827941894531,True
*OC(=O)CCCCC(=O)OCCCCC*,tg,-70.33,,False
*c1cc2c(C(=O)N(C2=O)c2ccc(cc2)S(=O)(=O)c2ccc(cc2)N2C(=O)c3c(C2=O)cc(cc3)C(=O)Nc2ccc(cc2)S(=O)(=O)c2ccc(cc2)NC(=O)*)cc1,tg,307.0,,False
*C(C)C(*)C(=O)OC,egc,6.2685,,False
*c1cc2c(C(=O)N(C2=O)c2c(ccc(c2)N2C(=O)c3c(C2=O)cc(cc3)C(=O)Nc2ccc(cc2)Cc2ccc(cc2)NC(=O)*)N=Nc2ccc(cc2)C)cc1,tg,268.0,,False
*c1ccc2c(c1)c(=O)oc(n2)c1cc(cc(c1)N1C(=O)c2c(C1=O)cccc2)c1oc(=O)c2c(ccc(c2)C*)n1,tg,322.0,,False
*C1COC2C1OCC2OC(=O)OCCCCCCOC(=O)O*,tg,25.67,34.54391098022461,True
*Oc1ccc(cc1)C(=O)c1cc(ccc1)*,tg,145.0,,False
*C(F)(F)NC(F)(F)O*,egc,8.2061,6.628448113162903,True
*Oc1ccc(cc1)c1ccc(cc1)Oc1c(cc(cc1)c1ccc(cc1)c1cc(c(cc1)*)C(F)(F)F)C(F)(F)F,tg,203.5,,False
*c1cc2c(cc1OC(=O)COc1ccc3c(c1)oc(=O)cc3)oc(=O)c(c2)C(=O)Nc1ccc(cc1)S(=O)(=O)c1ccc(cc1)NC(=O)c1c(=O)oc2c(cc(c(c2)OC(=O)COc2ccc3c(c2)oc(=O)cc3)C*)c1,tg,233.0,,False
*C(C*)(C(=O)OCCOc1ccc(cc1)N=Nc1ccc(cc1)C#N)C,tg,109.0,107.8227310180664,True
*c1ccc(*)c(N(C)C)c1,egc,4.5555,4.455063011584993,True
*C=C(*)CO,egc,4.3592,,False
*c1cc2c(C(=O)N(C2=O)c2ccc(cc2)Oc2cc(ccc2)Oc2ccc(cc2)N2C(=O)c3c(C2=O)cc(cc3)C(=O)Nc2ccc(cc2)Oc2ccc(cc2)C2(c3c(C(=O)N2)cccc3)c2ccc(cc2)Oc2ccc(cc2)NC(=O)*)cc1,tg,267.0,,False
*c1cc(CCCCCCCCCC2COC(c3ccccc3)O2)c(*)s1,egc,3.048,3.0415446148438363,True
*c1ccc(C(C#N)(C#N)C(*)(C#N)C#N)cc1,egc,4.6823,5.6034316088896166,True
*CC(CS(=O)(=O)CCC)O*,egc,6.0251,,False
*N1C(=O)c2c(C1=O)c(ccc2)c1cc2c(C(=O)N(C2=O)c2cc(ccc2)Oc2ccc(cc2)*)cc1,tg,286.0,,False
*C(C*)(C(=O)OCCCCCCOc1ccc(cc1)OC(=O)c1ccc(cc1)c1ccc(cc1)OC)C,tg,57.0,,False
*O[Si](O[Si](O[Si](*)(c1c(c(c(c(c1F)F)Cl)F)F)C)(C)C)(C)C,tg,-75.0,-77.9643325805664,True
*N1C(=O)c2c(C1=O)cc(cc2)c1cc2c(C(=O)N(C2=O)c2cc(c(c(c2)C(=O)OCCCCCCCCCCCCCCCCCC)c2c(cc(cc2Br)*)C(=O)OCCCCCCCCCCCCCCCCCC)Br)cc1,tg,83.5,,False
*CCCOC(=O)NCCCCCCNC(=O)O*,egc,6.2372,6.102621075548337,True
*C1(COC1)COc1ccc(cc1)C(c1ccc(cc1)OC*)(C(F)(F)F)C(F)(F)F,tg,134.0,120.98663330078125,True
*Oc1c(cc(cc1)C(=O)c1ccc(cc1)C(=O)c1cc(c(cc1)*)C(C)C)C,tg,149.0,,False
*C(C*)c1c(cccc1)C(=O)OC(C)C,tg,146.0,,False
*Oc1ccc(cc1)C(c1ccc(cc1)Oc1ccc(cc1)C(=O)c1c(cccc1)c1c(cccc1)C(=O)c1ccc(cc1)*)(C)C,tg,172.0,174.2015380859375,True
*c1cc2c(C(=O)N(C2=O)c2cc(ccc2)C=CC(=O)Nc2cc(ccc2)NC(=O)*)cc1,tg,245.0,,False
*c1cc(CCCCCCCCCCCC)c(*)s1,egc,2.7478,2.2661319217487943,True
*C(C*)(C(=O)OCCCCCCCCCCOc1ccc(cc1)N=Nc1ccc(cc1)OC)C,tg,62.0,64.15425872802734,True
*NC(=O)C(C=C1)=CC=C1O*,egc,4.6617,,False
*C=Cc1ccc(*)c2ccc(CCCCCCCCCCC)cc12,egc,2.3432,,False
*C(C*)c1c(ccc(c1)C(=O)Oc1ccc(cc1)OCC)C(=O)Oc1ccc(cc1)OCC,tg,112.0,,False
*Oc1ccc(cc1)C(c1ccc(cc1)C(c1ccc(cc1)Oc1ccc(cc1)C(=O)Nc1cc(ccc1)NC(=O)c1ccc(cc1)*)(C)C)(C)C,tg,173.0,179.7134246826172,True
*N1C(=O)C(CC1=O)Nc1ccc(cc1)Cc1ccc(cc1)NC1C(=O)N(C(=O)C1)c1ccc(cc1)C(=O)Oc1c(cc(cc1C)C(c1cc(c(c(c1)C)OC(=O)c1ccc(cc1)*)C)c1cnccc1)C,tg,186.0,,False
*C(C*)OC(=O)C(C(CC)(C)C)(C)C,tg,90.0,,False
*C(C*)(C(=O)OCC1OC(OC1)c1ccccc1)C,tg,130.0,,False
*CCOC(=O)NCCCCCCNC(=O)O*,egc,6.1814,6.151294445803179,True
*c1ccc(-c2ccc(-c3ccc(*)n3C)n2C)cn1,egc,2.931,2.7083155735067006,True
*c1ccc(Oc2ccc(N3C(=O)N(*)C3=O)cc2)cc1,egc,4.3691,3.7962220545130636,True
*c1n(c(nn1)c1ccc(cc1)Oc1ccc(cc1)C(c1ccc(cc1)Oc1ccc(cc1)*)(C(F)(F)F)C(F)(F)F)c1cc(ccc1)C(F)(F)F,tg,185.0,,False
*C(C=C1)=CC=C1C(S2)=CC=C2C(C=C3)=CC=C3C(S4)=CC=C4*,egc,2.8274,2.5830853381836354,True
*c1ccc(Oc2ccc(-n3c(=O)c4c(Oc5ccc(OCCCC)cc5)c5c(=O)n(*)c(=O)c5c(Oc5ccc(OCCCC)cc5)c4c3=O)cc2)cc1,egc,1.9028,,False
*NC(c1ccccc1)C(C)(C)C(*)=O,egc,5.5513,,False
*OC(CCc1ccccc1)CC(*)=O,egc,5.4818,5.506808607711348,True
*OC(=O)CCCC*,tg,-58.13,-48.76506423950195,True
*CNON*,egc,5.3302,5.530445829222708,True
*CC(C)(COC(=O)NCCCCCCNC(=O)O*)C(=O)O,egc,6.2179,,False
*OP(=O)(Oc1ccccc1)Oc1ccc(*)cc1,egc,5.1351,4.919452837667527,True
*CCCCCCNC(=O)C(O)C(O)C(=O)N*,egc,5.8031,,False
*c1ccc(N2C(=O)c3ccc(-c4ccc5c(c4)C(=O)N(*)C5=O)cc3C2=O)nc1,egc,3.2895,,False
*Oc1ccc(cc1)NC(=O)c1cc(cc(c1)NC(=O)c1ccccc1)C(=O)Nc1ccc(cc1)*,tg,294.5,,False
*N1C(=O)c2c(C1=O)cc(cc2)C(=O)Oc1ccc(cc1)C(c1ccc(cc1)OC(=O)CCCCC*)(C)C,tg,110.0,,False
*Nc1ccc(cc1)Cc1ccc(cc1)NC(=O)c1cc(cc(c1)N1C(=O)C2C(C1=O)C1CCC2C1)C(=O)*,tg,293.0,307.1376037597656,True
*OP(=O)(Oc1ccc(*)cc1)OC1CCCCC1,egc,5.2577,,False
*Oc1ccc(cc1)C1(c2ccccc2c2ccccc12)c1ccc(cc1)Oc1c(cc(cc1)c1ccc(cc1)NC(=O)c1cc(cc(c1)C(C)(C)C)C(=O)Nc1ccc(cc1)c1cc(c(cc1)*)C(F)(F)F)C(F)(F)F,tg,278.0,,False
*Oc1c2c(ccc1)cc(cc2)OC(=O)c1ccc(cc1)Oc1ccc(cc1)C(=O)*,tg,179.0,,False
*C(C*)C(=O)OC1CCCCC1,tg,23.69,,False
*OC(=O)c1cc(cc(c1)C(C)(C)C)C(=O)OCC*,tg,94.0,,False
*Oc1c(cc(cc1)Oc1ccc(cc1)C(=O)c1ccc(cc1)c1ccc(cc1)C(=O)c1ccc(cc1)*)c1cc(ccc1)C,tg,170.0,,False
*Nc1ccc(cc1)Cc1ccc(cc1)NC(=O)NCCCCCCCCNC(=O)*,tg,50.0,70.76778411865234,True
*NC(CCC(=O)OCCCC)C(*)=O,egc,5.5734,,False
*c1cc2c(C(=O)N(C2=O)c2ccc(cc2)C(=O)OCCCSCCCCCCSCCCOC(=O)*)cc1,tg,31.0,36.12484359741211,True
*N(CC*)C(=O)C(C)C,tg,30.0,49.56324768066406,True
*N1C(=O)c2c(C1=O)c(ccc2)Oc1c(cc(cc1C)c1cc(c(c(c1)C)Oc1c2c(C(=O)N(C2=O)c2ccc(cc2)Oc2ccc(cc2)*)ccc1)C)C,tg,298.0,,False
*Oc1cccc2c(OC3(F)C(*)(F)C(F)(F)C3(F)F)cccc12,egc,3.9081,,False
*NC(=O)c1c(cc(cc1)C(=O)NCCCCCC*)Oc1ccc(cc1)c1ccccc1,tg,112.0,135.8754425048828,True
*Nc1ccc(cc1)NC(=O)c1c(ccc(c1)C(=O)c1cc(c(cc1)C(=O)O)C(=O)*)C(=O)O,tg,213.2,243.61131286621094,True
*NC(CC(C)C)C(*)=O,egc,6.106,,False
*Oc1ccc(cc1)C(c1ccc(cc1)OC(=O)c1ccc(cc1)C(c1ccc(cc1)C(=O)*)(CC)C)(C)C,tg,207.5,202.0266876220703,True
*Oc1ccc(cc1)NC(=O)c1cc(ccc1)C(=O)Nc1ccc(cc1)OCCCCCCCC*,tg,128.0,137.6746063232422,True
*CCCC(=O)O*,egc,6.7691,6.719485089013384,True
*C=C*,egc,1.3994,0.8624112289869941,True
*OC(=O)OCCOCCOC(=O)OC1COC2C(*)COC12,egc,6.7329,,False
*C(C*)(C(=O)OCCCCCCOc1ccc(cc1)C(=O)Oc1ccc(cc1)OCCCC)C,tg,55.17,,False
*Cc1c(O)c(C(C)=O)cc(CNC(=S)N*)c1OC,egc,3.7679,,False
*Nc1ccc(cc1)NC(=O)CCCCCC(=O)*,tg,133.0,,False
*Oc1ccc(cc1)Oc1ccc(cc1)Oc1ccc(cc1)NC(=O)c1cc(cc(c1)C(C)(C)C)C(=O)Nc1ccc(cc1)*,tg,230.0,198.7665557861328,True
*c1cc2c(C(=O)N(C2=O)c2ccc(cc2)Oc2c(cc(c(c2)C(C)(C)C)Oc2ccc(cc2)N2C(=O)c3c(C2=O)cc(cc3)C(=O)*)C(C)(C)C)cc1,tg,288.0,,False
*OC(C)CCOC(=O)CCCCCC(*)=O,egc,6.5798,6.604632280240064,True
*S(=O)(=O)c1ccc(cc1)NC(=O)CCCCCC(=O)Nc1ccc(cc1)*,tg,163.0,166.30419921875,True
*CCCCOC(=O)SNCCCCCCNSC(=O)O*,egc,5.4377,5.211169841158683,True
*N1C(=O)c2c(C1=O)cc(cc2)Oc1ccc(cc1)C(c1ccc(cc1)Oc1cc2c(C(=O)N(C2=O)c2c(cc(cc2C)c2cc(c(c(c2)C)*)C)C)cc1)(C)C,tg,280.0,288.5548400878906,True
*C1C(=O)N(C(=O)C1*)c1ccc(cc1)O[Si](C)(C)C,tg,172.0,,False
*Sc1cc(ccc1)Sc1ccc(cc1)Sc1ccc(cc1)*,tg,69.0,,False
*c1ccc(*)c(C)n1,egc,5.1183,,False
*C(=O)c1ccc2c(c1)C(=O)N(c1ccc(N(c3ccc(C#N)cc3)c3ccc(N4C(=O)c5ccc(*)cc5C4=O)cc3)cc1)C2=O,egc,1.8778,1.977551411590975,True
*C(C*)OC(=O)c1ccc(cc1)OC(=O)C,tg,76.0,,False
*C(C*)C(=O)OC1CC(CC(C1)C)(C)C,tg,15.0,,False
*c1cc2c(C(=O)N(C2=O)c2ccc(cc2)C(=O)Nc2ccc(cc2)Oc2ccc(cc2)NC(=O)*)cc1,tg,252.67,,False
*N1C(=O)N(C(=O)C1=O)c1ccc(cc1)CCc1ccc(cc1)*,tg,197.0,233.86244201660156,True
*C(C*)(CC(=O)OC1CCCCCC1)C(=O)OC1CCCCCC1,tg,105.0,,False
*CC(C)(CCC)C(=O)N*,egc,5.8261,,False
*Nc1ccc(NC(=O)c2ccc(NC(=O)c3ccc([Si](C)(C)c4ccc(C(=O)Nc5ccc(C(*)=O)cc5)cc4)cc3)cc2)cc1,egc,3.1752,,False
*NC(=O)CCC1(c2ccccc2c2ccccc12)CCC(=O)NCc1cc(ccc1)C*,tg,150.0,,False
*N1C(=O)c2c(C1=O)cc(cc2)Oc1ccc(cc1)C(c1ccc(cc1)Oc1cc2c(C(=O)N(C2=O)c2ccc(cc2)Oc2c(c(ccc2)Oc2ccc(cc2)*)C#N)cc1)(C)C,tg,213.0,,False
*OC(F)(F)C(F)(F)C(*)(F)F,egc,9.4523,,False
*CCC(=O)C(S1)=CC=C1*,egc,3.959,,False
*C(C*)c1c(ccc(c1)C(=O)OCC)c1ccc(cc1)OCCCCCCCC,tg,95.0,,False
*c1oc(nn1)c1ccc(cc1)Oc1cc(ccc1)n1c(=O)c2ccc3c(=O)n(c(=O)c4ccc(c1=O)c2c34)c1cc(ccc1)Oc1ccc(cc1)*,tg,318.0,,False
*Nc1c(cc(cc1)NC(=O)c1ccc(cc1)NC(=O)CCCCCCCCCCCCC(=O)Nc1ccc(cc1)C(=O)*)C(=O)OCCCCCCCCCCCCCCCC,tg,250.0,,False
*c1ccc2c(c1)C(=O)N(c1ccc(C(C)(C)C(*)(C(F)(F)F)C(F)(F)F)cc1)C2=O,egc,3.3094,3.9732285305545596,True
*c1cc2c(C(=O)N(C2=O)c2ccc(cc2)Cc2ccc(cc2)N2C(=O)c3c(C2=O)cc(cc3)C(=O)Nc2ccc(cc2)Oc2c(cccc2)c2c(cccc2)Oc2ccc(cc2)NC(=O)*)cc1,tg,240.0,,False
*OC(=O)CCCCCCCC(=O)OCC*,tg,-45.0,,False
*Oc1ccc(cc1)C1(c2cc(ccc2c2ccc(cc12)[N+](=O)[O-])N(C)C)c1ccc(cc1)OC(=O)CCCCC(=O)*,tg,150.0,,False
*CCCCCNC(=O)C(OC)C(OC)C(=O)N*,egc,5.6994,5.392488563338998,True
*Oc1c(cc(cc1)OC(=O)c1c(cc(cc1)c1ccc(cc1)C(=O)*)c1ccccc1)C,tg,133.0,169.18128967285156,True
*C(C*)c1nc(nc(n1)C)C,tg,70.0,,False
*C(C*)c1c(cccc1Cl)Cl,tg,165.0,150.35321044921875,True
*CCCC1CCN(SC(=O)OCCCCCCOC(=O)SN2CCC(*)CC2)CC1,egc,4.484,,False
*N1C(=O)c2c(C1=O)cc(cc2)Oc1cc2c(C(=O)N(C2=O)c2cc(ccc2)C(c2cc(ccc2)*)(C(F)(F)F)C(F)(F)F)cc1,tg,224.5,255.3916015625,True
*C(=O)NNC(=O)C(=O)NNC(=O)c1cncc(*)n1,egc,4.3374,3.5297876982579255,True
*C(=O)Oc1ccc(OC(=O)c2ccc3c(c2)C(=O)N(c2ccc(Sc4ccc(N5C(=O)c6ccc(*)cc6C5=O)cc4)cc2)C3=O)cc1,egc,2.9567,2.5962186120087583,True
*c1cc2c(C(=O)N(C2=O)c2c3c(c(cc2C)c2cc(c(c4c2cccc4)N2C(=O)c4c(C2=O)cc(cc4)C(=O)Nc2ccc(cc2)C(c2ccc(cc2)NC(=O)*)(C(F)(F)F)C(F)(F)F)C)cccc3)cc1,tg,250.0,,False
*C(=O)c1ccc2c(c1)C(=O)N(c1ccc(Oc3cc4ccccc4cc3Oc3ccc(N4C(=O)c5ccc(*)cc5C4=O)cc3)cc1)C2=O,egc,2.3398,,False
*c1cc2c(C(=O)N(C2=O)c2cc(ccc2)C(=O)Nc2ccc(cc2)NC(=O)c2ccc(cc2)NC(=O)c2cc(ccc2)N2C(=O)c3c(C2=O)cc(cc3)C(*)(C(F)(F)F)C(F)(F)F)cc1,tg,328.0,,False
*SC1CCCC(*)C1,egc,4.9242,5.492356071673393,True
*N1C(=O)c2c(C1=O)cc(cc2)c1cc2c(C(=O)N(C2=O)c2ccc(cc2)Oc2c(c(ccc2)Oc2ccc(cc2)*)C#N)cc1,tg,271.0,270.4883117675781,True
*CCCCCCCCCCCCCCCCOC(=O)CCCCC(=O)O*,egc,6.7152,,False
*Nc1cc(NC(=O)c2ccc(C(*)=O)cc2)c(N)cc1N,egc,2.9313,,False
*c9ccc(C8(c5ccc(n4c(=O)c3ccc(C(=O)c2ccc1c(=O)n(*)c(=O)c1c2)cc3c4=O)cc5)c6ccccc6c7ccccc78)cc9,egc,2.4589,,False
*c1ccc2c3n(c4ccc(cc4n3)c3cc4n5c(nc4cc3)c3cccc4c(ccc(c5=O)c34)Oc3ccc(cc3)C3(c4ccccc4c4ccccc34)c3ccc(cc3)O*)c(=O)c3cccc1c23,tg,421.0,,False
*OC(C*)CCCCCC,tg,-71.67,,False
*CCCCCCCCCCCCCCCCCCNC(=O)CCCCCCCCCCC(=O)N*,egc,5.6172,,False
*Nc1cc(cc(c1)c1oc(nn1)c1ncccc1)NC(=O)c1ccc(cc1)C(=O)*,tg,230.0,,False
*Nc1cc(ccc1)NC(=O)c1cc(ccc1)C(=O)Nc1cc(ccc1)NC(=S)NC(=O)c1ccc(cc1)C(=O)NC(=S)*,tg,248.0,255.43263244628906,True
*Nc1cc(cc(c1)C(=O)OCCN(c1ccc(cc1)S(=O)(=O)C(C(C(C(C(C(C(C(F)(F)F)(F)F)(F)F)(F)F)(F)F)(F)F)(F)F)(F)F)C)NC(=O)c1cc(cc(c1)OCCN(c1ccc(cc1)C#N)C)C(=O)*,tg,165.0,154.3972625732422,True
*C(C*)(C(=O)OC(COc1ccc(cc1)c1ccccc1)COc1ccc(cc1)c1ccccc1)C,tg,85.0,,False
*Oc1ccc(C(C)=Cc2ccc(OC(=O)OCCCCCCOC(*)=O)cc2)cc1,egc,4.2293,4.168883376827844,True
*c1cc2c(C(=O)N(C2=O)c2ccc(cc2)Oc2ccc(cc2)Oc2ccc(cc2)N2C(=O)c3c(C2=O)cc(cc3)C(=O)Nc2ccc(cc2)Oc2ccc(cc2)C2(c3c(C(=O)N2)cccc3)c2ccc(cc2)Oc2ccc(cc2)NC(=O)*)cc1,tg,284.0,,False
*c1oc(cc1)C(c1oc(cc1)CNC(=O)OC(C(OC(=O)NC*)c1occc1)c1occc1)(C)C,tg,45.0,48.3763427734375,True
*Oc1c(cc(cc1)C(c1cc(c(cc1)OC(=O)c1ccc(cc1)C(=O)*)CCCC)(C)C)CCCC,tg,156.67,,False
*CCC(=O)OC(=O)CCc1ccc(*)s1,egc,4.6241,,False
*N1C(=O)c2c(C1=O)cc(cc2)Oc1cc2c(C(=O)N(C2=O)c2c(ccc(c2)C(c2cc(c(cc2)OCc2cc(cc(c2)OCCN(c2ccc(cc2)C=CC2=CC(=C(C#N)C#N)CC(C2)(C)C)C)OCCN(c2ccc(cc2)C=CC2=CC(=C(C#N)C#N)CC(C2)(C)C)C)*)(C(F)(F)F)C(F)(F)F)OCc2cc(cc(c2)OCCN(c2ccc(cc2)C=CC2=CC(=C(C#N)C#N)CC(C2)(C)C)C)OCCN(c2ccc(cc2)C=CC2=CC(=C(C#N)C#N)CC(C2)(C)C)C)cc1,tg,178.0,194.70887756347656,True
*Nc1ccc(cc1)Cc1ccc(cc1)NC(=O)c1ccc(cc1)P(=O)(c1ccc(cc1)C(=O)*)c1ccccc1,tg,307.0,248.166748046875,True
*C(=O)C(S1)=CC=C1NC(=S)OC(S2)=CC=C2NC(S3)=CC=C3*,egc,2.5473,2.7966503862740906,True
*c1sc(*)c(OCCOCCCC)c1C,egc,1.6261,,False
*Oc1ccc(cc1)C(c1ccc(cc1)OCC(COc1ccc(cc1)C(=O)c1ccc(cc1)OCC(C*)O)O)(C)C,tg,120.0,,False
*OC(=O)CCCCC(=O)OCC(C*)CCCCCCOc1ccc(cc1)N=Nc1ccc(cc1)C(F)(F)F,tg,44.0,,False
*CCCCCCOC(=O)C1C(=O)C2CCC1C(=O)C2C(=O)O*,egc,5.2747,5.664807354715985,True
*NC(=O)c1ccc(cc1)C(c1ccc(cc1)C(=O)NCCCCCC*)(CC)C,tg,159.0,,False
*C1C2CCC(C1*)C2,tg,251.49,276.0965881347656,True
*c1ccc(-c2nc3cc4nc(*)oc4cc3o2)cc1,egc,2.6504,,False
*Oc1ccc(cc1)Oc1ccc(cc1)NC(=C(C#N)C#N)c1ccc(cc1)C(=C(C#N)C#N)Nc1ccc(cc1)*,tg,255.0,,False
*NC(=O)CCCCCCCCC(=O)NCCc1ccc(cc1)CC*,tg,105.0,,False
*Oc1ccc(cc1)Oc1cc(ccc1)C(=O)Oc1ccc(cc1)OC(=O)c1cc(ccc1)*,tg,119.0,117.3653564453125,True
*O[Si](c1cc(ccc1)C(C(c1cc(ccc1)[Si](*)(C)C)(F)F)(F)F)(C)C,tg,-2.0,-7.18712854385376,True
*c1nc2c([nH]1)ccc(c2)NC(=O)c1ccc(cc1)OCCOCCOCCOCCOCCOc1ccc(cc1)C(=O)Nc1cc(ccc1)*,tg,140.0,,False
*C1COC2C1OCC2OC(=O)OCCCCCCCCOC(=O)O*,tg,19.5,28.47688102722168,True
*C(C*)(C(=O)OCCCCOc1ccc(cc1)OC(=O)c1ccc(cc1)OCCCCCCCC)C,tg,10.0,,False
*Oc1ccc(C(C)(C)c2ccc(OC(*)=O)c(Cl)c2)cc1Cl,egc,4.9898,,False
*CCOC(=O)c1ccc(C(=O)O*)c2c1CC2,egc,4.3335,3.8005052615344797,True
*N1C(=O)c2c(C1=O)c(ccc2)c1cc2c(C(=O)N(C2=O)c2c(cc(cc2)c2cc(c(cc2)*)C)C)cc1,tg,384.0,,False
*Oc1cc2c(cc1)ccc(c2)Oc1ccc(cc1)C(=O)Nc1cc(ccc1)Oc1ccc(cc1)NC(=O)c1ccc(cc1)*,tg,164.0,,False
*c1sc(cc1)C(=O)Oc1ccc(cc1)[Si](c1ccc(cc1)OC(=O)*)(CC)C,tg,-51.0,,False
*OC(COC(=O)C1CCC(CC1)C(=O)*)COc1ccc(cc1)N=Nc1ccc(cc1)C#N,tg,106.0,,False
*c1ccc2c(nc([nH]2)c2cc(ccc2)c2nc3c([nH]2)ccc(c3)C(=O)Nc2ccc(cc2)S(=O)(=O)c2ccc(cc2)NC(=O)*)c1,tg,312.0,,False
*c1ccc(Sc2ccc(-c3nc4ccc(-c5ccc6nc(*)c(-c7ccccc7)nc6c5)cc4nc3-c3ccccc3)cc2)cc1,egc,3.3214,3.1242573698314664,True
*C1COC2C1OCC2OC(=O)OCCCCCCCCCCOC(=O)O*,tg,6.5,,False
*C(C*)C(F)(F)F,tg,28.0,,False
*NC(C=C1)=CC=C1C(S2)=CC=C2C(=S)*,egc,2.4476,2.307795349570792,True
*Oc1cccc(OC(=O)Oc2ccc(OC(*)=O)cc2)c1,egc,5.4757,,False
*OC(=O)NCCCCCCCCCNC(=O)OCC*,tg,44.0,16.486604690551758,True
*CCCCCCn1c(=O)c2cc3c(=O)n(*)c(=O)c3cc2c1=O,egc,3.8389,3.7370510269258768,True
*c1cc2c(C(=O)N(C2=O)c2cc(ccc2)C(c2cc(ccc2)N2C(=O)c3c(C2=O)cc(cc3)C(*)(C(F)(F)F)C(F)(F)F)(C(F)(F)F)C(F)(F)F)cc1,tg,266.5,283.0047302246094,True
*C1OC(C(C(C1NC(=O)C)O)O*)CO,tg,236.5,136.1765899658203,True
*OC(=O)CCCCCCC(=O)OCCC*,tg,-58.75,,False
*C(C*)c1c(cccc1)COCCc1ccccc1,tg,63.0,64.3927230834961,True
*[n+]1ccc(cc1)c1cc[n+](cc1)Cc1c(cccc1)C*,tg,70.5,,False
*Nc1c(cc(cc1)Br)c1ccc(cc1)NC(=O)c1ccc(cc1)C(=O)*,tg,267.0,,False
*C(C*)OC(=O)C(CCC)(C)C,tg,10.0,21.166425704956055,True
*NC(=O)C(C(C(=O)NCCCCCCCCC*)OC)OC,tg,84.0,84.82495880126953,True
*C1COC2C1OCC2OC(=O)CCC(=O)O*,tg,77.0,117.5025863647461,True
*C(C*)(C(=O)OCC(C1OCC(CO1)(C)C)(C)C)C,tg,111.0,,False
*CCOCCOCCOCCOC(=O)NCCCCCCNC(=O)O*,egc,6.0228,,False
*OC(=O)CCCCC(=O)OCC*,tg,-61.91,-49.827392578125,True
*Oc1ccc(cc1)c1ccc(cc1)OC(=O)c1c(cc(c(c1)OCCCCCC)C(=O)*)OCCCCCC,tg,113.0,,False
*Oc1ccc(cc1)CC(NC(=O)CCc1ccc(cc1)OC(=O)COCC(=O)*)C(=O)OCCCCCCCCCCCC,tg,36.0,33.3832893371582,True
*C(C*)c1sccc1,tg,71.0,112.11942291259766,True
*OC(CCC(C(=O)*)C1OCCCO1)CCC,tg,17.4,,False
*N1C(=O)c2c(C1=O)cc(cc2)c1cc2c(C(=O)N(C2=O)c2cc(ccc2)OCCCOc2cc(ccc2)*)cc1,tg,184.0,170.307373046875,True
*OC(=O)CC(=O)OCCCCCCCCCCCCCCCCCCCC*,tg,-35.1,-27.2584228515625,True
*OC(=O)c1ccc(cc1)C(=O)OCC(C(C*)C(C)C)C(C)C,tg,65.0,,False
*c1oc(nn1)c1ccc(cc1)C(=O)OCCCCCCOc1ccc(cc1)C=CC(=O)C=Cc1ccc(cc1)OCCCCCCOC(=O)c1ccc(cc1)*,tg,62.0,,False
*Oc1ccc(cc1)C(c1ccc(cc1)OC(=O)OCCCOC(=O)*)(C)C,tg,68.1,,False
*OC(=O)NNC(=O)CCCCCCCCC(=O)NNC(=O)OCCC*,tg,22.0,35.410953521728516,True
*Oc1ccc(cc1)S(=O)(=O)c1ccc(cc1)Oc1ccc(cc1)S(=O)(=O)c1ccc(cc1)c1ccc(cc1)c1ccc(cc1)S(=O)(=O)c1ccc(cc1)*,tg,281.0,,False
*c1cc2c(C(=O)N(C2=O)c2cc(cc(c2)C(=O)OC)N2C(=O)c3c(C2=O)cc(c(c3)Cl)C(=O)*)cc1Cl,tg,321.0,,False
*Oc1ccc(cc1)NC(=O)c1c(ccc(c1)c1cc(c(cc1)C(=O)OCC)C(=O)Nc1ccc(cc1)*)C(=O)OCC,tg,190.15,,False
*CCCCCCCCCNC(=O)NCCCCCCCNC(=O)N*,egc,5.422,,False
*CCC([2H])C(*)([2H])C,egc,6.8414,,False
*NC(=O)CCCCCCCCCCCCCCCCCCC(=O)NCCCCCCC*,tg,46.0,43.75118637084961,True
*CC(*)C(F)(F)F,egc,8.2263,,False
*c1cc2C(c3c(c2cc1)ccc(c3)c1c(cc(c(c1)OCc1ccccc1)*)OCc1ccccc1)(CCCCCC)CCCCCC,tg,73.0,,False
*c1cc2c(C(=O)N(C2=O)c2cc(ccc2)C(=O)Nc2ccc(cc2)C(c2ccc(cc2)NC(=O)c2cc(ccc2)N2C(=O)c3c(C2=O)cc(cc3)C(*)(C(F)(F)F)C(F)(F)F)(C(F)(F)F)C(F)(F)F)cc1,tg,273.5,,False
*Oc1c(cc(c(c1)OC(=O)c1ccc(cc1)OCCC)OC(=O)CCCCCCCCCCCCCCC(=O)*)OC(=O)c1ccc(cc1)OCCC,tg,18.0,,False
*C(C*)(C(=O)OCCCCCCOc1ccc(cc1)N=Nc1ccc(cc1)OC)C,tg,82.0,,False
*N1C(=O)c2c(C1=O)c(ccc2)Oc1cc(ccc1)Oc1c2c(C(=O)N(C2=O)c2ccc(cc2)Oc2cc(ccc2)Oc2ccc(cc2)*)ccc1,tg,193.0,,False
*CCCCCCCOC(=O)CCCCCCCCC(=O)O*,egc,6.8159,,False
*c1c2c(c(nn1)c1ccc(cc1)Oc1ccc(cc1)C(c1ccc(cc1)Oc1ccc(cc1)*)(C(F)(F)F)C(F)(F)F)c(c(c(c2c1ccc(cc1)F)c1ccc(cc1)F)c1ccc(cc1)F)c1ccc(cc1)F,tg,285.33,273.6929016113281,True
*c1cc2c(s1)-c1sc(-c3cc4c(s3)-c3sc(*)cc3C4(CC(CC)CCCC)CC(CC)CCCC)cc1C2=O,egc,1.5473,1.6145393942163553,True
*c1cc2c(C(=O)N(C2=O)c2c(ccc(c2)C(c2cc(c(cc2)OC(=O)C)N2C(=O)c3c(C2=O)cc(cc3)C(*)(C(F)(F)F)C(F)(F)F)(C(F)(F)F)C(F)(F)F)OC(=O)C)cc1,tg,266.5,,False
*Nc1ccc(NC(=O)C=CC(*)=O)cc1,egc,2.7273,,False
*Nc1ccc(cc1)C1(c2ccccc2c2ccccc12)c1ccc(cc1)NC(=O)c1cc(cc(c1)NC(=O)C12CC3CC(CC(C1)C3)C2)C(=O)*,tg,370.0,316.7218017578125,True
*c1cc2c(C(=O)N(C2=O)c2ccc(cc2)Sc2ccc(cc2)Sc2ccc(cc2)Sc2ccc(cc2)N2C(=O)c3c(C2=O)cc(cc3)C(*)(C(F)(F)F)C(F)(F)F)cc1,tg,233.0,,False
*c1ccc(Sc2ccc(-n3c(=O)c4cc5c(=O)n(*)c(=O)c5cc4c3=O)cc2)cc1,egc,2.5188,,False
*Oc1ccc(C(C)(C)c2ccc(OC(*)=O)c(Cl)c2)cc1,egc,5.0408,,False
*CCCCCCCC(=O)N(*)C,egc,5.5443,,False
*c1ccc(-c2ccc3nc(*)cc(-c4ccccc4)c3c2)cc1,egc,2.9209,3.4162714315005958,True
*c1n(c(nn1)c1ccc(cc1)Oc1ccc(cc1)C(c1ccc(cc1)Oc1ccc(cc1)*)(C)C)c1ccc(cc1)C,tg,205.0,,False
*OC(C)C#CC#CC(C)OC(=O)c1ccc(C(*)=O)cc1,egc,4.3105,,False
*c1ccc(C#Cc2cc(OCCCCCCCC)c(C#Cc3ccc(-c4nnc(*)o4)cc3)cc2OCCCCCCCC)cc1,egc,2.6231,,False
*c1cc2C(c3c(c2cc1)ccc(c3)c1ccc(cc1)*)(CCCCCCC#N)CCCCCCC#N,tg,90.0,,False
*c1nc2c(nc1c1ccccc1)cc(cc2)Oc1ccc(cc1)Oc1ccc(cc1)P(=O)(c1ccc(cc1)Oc1ccc(cc1)Oc1cc2c(nc(c(n2)c2ccccc2)c2ccc(cc2)*)cc1)c1ccccc1,tg,248.0,,False
*C(C(CCCC*)c1ccc(cc1)O)c1c(cc(cc1)O)C,tg,25.0,,False
*OC(C)CCCC(C)C(*)=O,egc,6.6886,6.425600788246598,True
*Nc1cccc(NC(=O)c2cc(NC(=O)c3ccncc3)cc(C(*)=O)c2)c1,egc,3.2998,,False
*N=P(*)(OCCC(=O)C=C)OCCC(=O)C=C,egc,3.9384,4.36687475665706,True
*Oc1ccc(C(C)(CC)c2ccc(OC(*)=O)cc2)cc1,egc,5.0105,,False
*CC#CCOC(=O)CCCCCCCCC(=O)O*,egc,6.1042,,False
*C(C*)(C(=O)OCC(C(C(F)(F)F)(F)F)(F)F)F,tg,75.0,,False
*N(CC(C*)O)c1ccc(cc1)N=Nc1ccc(cc1)C(=O)O,tg,99.0,,False
*c1cc2c(C(=O)N(C2=O)c2c3c(ccc2)c(ccc3)N2C(=O)c3c(C2=O)cc(cc3)C(=O)Nc2ccc(cc2)C(c2ccc(cc2)NC(=O)*)(C(F)(F)F)C(F)(F)F)cc1,tg,250.0,307.4270324707031,True
*Nc1c2c(ccc1)c(ccc2)NC(=O)c1cc(ccc1)C(=O)*,tg,325.0,281.577392578125,True
*CC(*)(C)C(=O)OCc1cccs1,egc,4.9884,,False
*c1nc2c([nH]1)ccc(c2)c1ccc2c(nc([nH]2)c2cc(ccc2)C(=O)Nc2ccc(cc2)Cc2ccc(cc2)N2C(=O)c3c(C2=O)cc(cc3)S(=O)(=O)c2cc3c(C(=O)N(C3=O)c3ccc(cc3)Cc3ccc(cc3)NC(=O)c3cc(ccc3)*)cc2)c1,tg,270.0,280.34344482421875,True
*N1C(=O)c2c(C1=O)cc(cc2)C(c1cc2c(C(=O)N(C2=O)CCCCCCC*)cc1)(C(F)(F)F)C(F)(F)F,tg,150.0,143.99241638183594,True
*NC(CSC(=O)OCc1ccccc1)C(*)=O,egc,5.0387,,False
*Oc1ccc(cc1)NC(=O)c1cc(ccc1)C(=O)Nc1ccc(cc1)OCCOCC*,tg,155.0,,False
*OC(=O)OCC(C(C*)O)O,tg,51.38,42.6756706237793,True
*Oc1cc(c(cc1)N=Cc1ccc(cc1)C=Nc1c(cc(cc1)OCCCCCCCCCC*)C)C,tg,77.6,,False
*Oc1ccc(cc1)C(c1ccc(cc1)OC(=O)*)C,tg,122.2,,False
*Oc1cc2c(C(CC32CC(c2ccc(cc32)OC(=O)*)(C)C)(C)C)cc1,tg,227.5,,False
*Oc1c(cc(cc1Cl)C(=C(Cl)Cl)c1cc(c(c(c1)Cl)OC(=O)*)Cl)Cl,tg,250.0,,False
*CC(*)(C)C(=O)Oc1ccccc1,egc,5.2323,,False
*c1ccc2n(c3c(c2c1)cc(cc3)c1ccc2n(c3c(c2c1)cc(cc3)C=Cc1ccc(cc1)c1n(c(nn1)c1ccc(cc1)C=C*)c1ccccc1)CCCCCCCC)CCCCCCCC,tg,157.0,150.1713409423828,True
*C(Br)=C(c1ccccc1)c1ccc(*)cc1,egc,3.469,3.403738953759997,True
*NC(=O)CCCCC(=O)NCCCP(=O)(CCC*)C,tg,33.0,50.4251823425293,True
*c1cc2c(C(=O)N(C2=O)C2C(=O)N(C(=O)C2)c2ccc(cc2)c2ccc(cc2)NC(=O)*)cc1,tg,219.0,,False
*Oc1ccc(C(C)=Nc2ccc(N=C(C)c3ccc(*)cc3)cc2)cc1,egc,2.9143,,False
*CCCCOC(=O)NNC(=O)CCCCCCCCC(=O)NNC(=O)O*,egc,6.1019,5.715513224495898,True
*Oc1ccc(cc1)C(=Cc1ccc(cc1)OCCOCC*)C,tg,39.0,61.460079193115234,True
*NC(=O)c1cc(ccc1)C(=O)NCC1CC(CC(C1)C(C)(C)C)C*,tg,209.0,183.1845703125,True
*CCN(*)C(=O)c1c(F)cc(F)cc1F,egc,4.6328,,False
*c1cc2c(C(=O)N(C2=O)c2c(cc(cc2)c2cc(c(cc2)N2C(=O)c3c(C2=O)cc(cc3)C(*)(C(F)(F)F)C(F)(F)F)C)C)cc1,tg,352.0,,False
*Oc1c(cc(cc1)C1(CCCCC1)c1cc(c(cc1)OC(=O)*)C)C,tg,134.75,,False
*Oc1c(cc(c(c1)OC(=O)c1ccc(cc1)OCCCC)OC(=O)C(CCC(=O)*)C)OC(=O)c1ccc(cc1)OCCCC,tg,55.0,,False
*Oc1ccc(cc1)N=CCCCC=Nc1ccc(cc1)OC(=O)NC1CC(CC(C1)(CNC(=O)*)C)(C)C,tg,66.0,64.43033599853516,True
*C(C*)CCCCCCCCCI,tg,-6.0,,False
*SCC(=O)NCCCCCCNC(=O)C*,tg,-7.0,,False
*CCN(CCOC(=O)Nc1ccc(Cc2ccc(NC(=O)O*)cc2)cc1)c1ccccc1,egc,4.1239,,False
*Oc1ccc(cc1)C1(c2ccccc2c2ccccc12)c1ccc(cc1)OCCOC(=O)NCCCCCCNC(=O)OCC*,tg,61.0,134.41407775878906,True
*C(C=C1)=CC=C1C(=S)C(C=C2)=CC=C2C(=S)*,egc,2.6743,,False
*c1cc2c(C(=O)N(C2=O)c2cc(c(cc2)Oc2ccc(cc2)Oc2ccc(cc2)N2C(=O)c3c(C2=O)cc(cc3)C(*)(C(F)(F)F)C(F)(F)F)C(F)(F)F)cc1,tg,260.8,,False
*CCCCOC(=O)NCCCCCCNC(=O)O*,egc,6.3532,6.16354684040021,True
*CCCCCCCCCCNC(=O)CCCCCCC(=O)N*,egc,5.9989,,False
*c1cc2c(oc(n2)c2nc(ccc2)c2oc3c(n2)cc(cc3)C(*)(C(F)(F)F)C(F)(F)F)cc1,tg,329.0,279.0171813964844,True
*OC(=O)Nc1c(cc(cc1)c1cc(c(cc1)NC(=O)OCCN(CC*)c1ccc(cc1)N=Nc1ccc(cc1)[N+](=O)[O-])OC)OC,tg,140.0,,False
*C(=C(*)c1ccccc1)c1ccc(cc1)C(C)(C)C,tg,200.0,,False
*C(C*)C(=O)OC(CC)CC,tg,-6.0,,False
*C(=O)C(C=C1)=CC=C1C(=S)C(S2)=CC=C2*,egc,2.3711,2.333631807754922,True
*CCCC(=O)NCCCCCCNC(=O)CCCO*,egc,5.652,5.788012253764874,True
*NNC(=O)C(=O)NNC(=O)CCCCCCCC(*)=O,egc,4.4307,,False
*c1cc2c(C(=O)N(C2=O)c2c(ccc(c2)N2C(=O)c3c(C2=O)cc(cc3)C(=O)Nc2c(cc(cc2C)Cc2cc(c(c(c2)C)NC(=O)*)C)C)N=Nc2ccc(cc2)[N+](=O)[O-])cc1,tg,280.0,,False
*Oc1ccc(cc1)OC(=O)c1c(cc(c(c1)OCCCCCCCCOCC1N(CCC1)c1ccc(cc1)[N+](=O)[O-])C(=O)*)OCCCCCCCCOCC1N(CCC1)c1ccc(cc1)[N+](=O)[O-],tg,41.0,,False
*Oc1ccc(cc1)CC(NC(=O)CCc1ccc(cc1)OC(=O)CCC(=O)*)C(=O)OCCCC,tg,67.0,,False
*N1C(=O)c2c(C1=O)cc(cc2)Oc1cc2c(C(=O)N(C2=O)c2cc(ccc2)P(=O)(c2cc(ccc2)*)c2ccccc2)cc1,tg,251.0,249.20668029785156,True
*NC(S1)=CC=C1C(=S)C(S2)=CC=C2*,egc,1.6616,,False
*c1ccc(-c2sc(-c3cc(SCCCCCCCC)c(*)s3)cc2SCCCCCCCC)cc1,egc,2.4336,,False
*N1C(=O)c2c(C1=O)cc(cc2)S(=O)(=O)c1cc2c(C(=O)N(C2=O)c2ccc(cc2)C2(c3ccccc3c3ccccc23)c2ccc(cc2)*)cc1,tg,392.0,,False
*C1C(=O)OC(=O)C1C1C2CC(C(C1*)C2)C(=O)OCCOCC,tg,155.0,,False
*Oc1ccc(cc1)S(=O)(=O)c1ccc(cc1)Oc1c(cc(cc1)C(c1cc(c(cc1)*)Cl)(C)C)Cl,tg,205.0,204.7859649658203,True
*N(CC*)C(=O)CCCCC,tg,7.0,,False
*C(C*)(C(=O)OCC)C,tg,64.96,56.2852783203125,True
*Oc1ccc(cc1)C(c1ccc(cc1)Oc1ccc(cc1)C(=O)c1cc(ccc1)C(=O)c1ccc(cc1)*)(C)C,tg,153.0,,False
*C=CC(C)(C)C(*)(C)C,egc,5.1816,,False
*c1ccc(*)n1C(C(=O)NO)n1ccc2ccccc21,egc,2.4131,,False
*Oc1c(c(c(c(c1[2H])[2H])S(=O)(=O)c1c(c(c(c(c1[2H])[2H])Oc1c(c(c(c(c1[2H])[2H])C(c1c(c(c(c(c1[2H])[2H])*)[2H])[2H])(C([2H])([2H])[2H])C([2H])([2H])[2H])[2H])[2H])[2H])[2H])[2H])[2H],tg,175.0,,False
*C(C*)(C(=O)OC1CCCCCCC1)C,tg,73.0,84.7657699584961,True
*Oc8ccc(C7(c5ccc(OC(=O)c4ccc(C3(c1ccc(C(*)=O)cc1)OC(=O)c2ccccc23)cc4)cc5)OC(=O)c6ccccc67)cc8,egc,4.0362,,False
*CC(*)C(=O)OCCCOc1ccc(-c2ccc(C#N)cc2)cc1,egc,3.6528,,False
*Oc1ccc(cc1)NC(=C(C#N)C#N)c1cc2c(cc1)cc(cc2)C(=C(C#N)C#N)Nc1ccc(cc1)*,tg,280.0,,False
*CCCCCNC(=O)CCCCCCCCCCCCC(=O)N*,egc,5.8927,,False
*CCOCCOC(=O)CC(=O)O*,egc,6.2374,,False
*C(C*)c1c(cccc1)OC(=O)C,tg,118.0,,False
*Oc1ccc(C2(c3ccc(OC(*)=O)cc3)CC(C)CC(C)(C)C2)cc1,egc,4.7559,4.899524219885031,True
*C(*)C(=O)OC1CCCCC1,tg,140.0,74.35015106201172,True
*Nc1cc(ccc1)NC(=O)c1ccc(cc1)C(=O)*,tg,238.0,,False
*C=Cc1ccc(-c2ccc(C=Cc3cc(*)ncn3)cc2)cc1,egc,2.7379,3.0422982041242177,True
*C(C*)(C(=O)OCC[N+](CCCCCCC)(C)C)C,tg,-44.0,133.7049560546875,True
*c1ccc(*)n1CCC(=O)OCC,egc,2.8986,2.6600485445581157,True
*c1cc2c(C(=O)N(C2=O)c2c3c(ccc2)c(ccc3)Oc2ccc(cc2)N2C(=O)c3c(C2=O)cc(cc3)C(=O)Nc2ccc(cc2)c2ccc(cc2)NC(=O)*)cc1,tg,301.0,,False
*C=Cc1cc(CCCCCC)c(*)s1,egc,3.5808,1.5393165195258678,True
*c1cccc(-c2ccc(-c3ccc(*)s3)s2)c1,egc,2.9634,,False
*CCCCCCCNC(=O)C(OC)C(OC)C(=O)N*,egc,5.7148,5.374961238239302,True
*c1nc2cc(S(=O)(=O)c3ccc4oc(C5CCC(*)CC5)nc4c3)ccc2o1,egc,4.8558,,False
*OC(COC(F)(C(F)(F)F)C(F)(F)F)C(*)COC(F)(C(F)(F)F)C(F)(F)F,egc,6.5255,6.634297680257143,True
*c1cc2c(C(=O)N(C2=O)c2cc3C(=O)c4c(c3cc2)ccc(c4)N2C(=O)c3c(C2=O)cc(cc3)C(=O)*)cc1,tg,331.0,,False
*Oc1ccc(C(C)(C)c2ccc(OC(=O)OCC3CCC(COC(*)=O)CC3)cc2)cc1,egc,5.2076,,False
*Nc1ccc(-c2ccc(Nc3ccc4c(c3)c3cc(*)ccc3n4CC(CC)CCCC)cc2)cc1,egc,3.3558,,False
*c1cccc(-c2cc(*)cc3c2NC(C)(C)OC3(C)C)c1,egc,3.618,4.1148735443324655,True
*[Si](CC=CC*)(C=C)C=C,tg,-65.0,,False
*Nc1cc(ccc1)NC(=O)Nc1ccc(cc1)Cc1ccc(cc1)NC(=O)*,tg,132.0,192.20127868652344,True
*c1ccc(*)nn1,egc,3.3251,,False
*Oc1ccc(cc1)NC(=O)CCCCC(=O)Nc1ccc(cc1)OCC(COc1ccc(cc1)C(c1ccc(cc1)OCC(C*)O)(C)C)O,tg,112.0,112.74321746826172,True
*c1ccc(N2C(=O)c3ccc(P(=O)(c4ccccc4)c4ccc5c(c4)C(=O)N(*)C5=O)cc3C2=O)cc1,egc,3.066,,False
*Oc1ccc(cc1)S(=O)(=O)c1ccc(cc1)Oc1ccc(cc1)C(c1ccc(cc1)*)(c1ccc(cc1)O)C,tg,219.29,216.79615783691406,True
*OCC(C*)(CS(=O)(=O)CCCC)CS(=O)(=O)CCCC,tg,66.0,,False
*Oc1ccc(cc1)NC(=O)c1c2c(c(cc1)C(=O)Nc1ccc(cc1)Oc1ccc(cc1)C1(C3CC4CC(CC1C4)C3)c1ccc(cc1)*)cccc2,tg,269.0,255.4597625732422,True
*CC(O)COc1ccc(C(C)(C)c2ccc(OCC(O)COc3ccc(S(=O)(=O)c4ccc(O*)cc4)cc3)cc2)cc1,egc,4.067,,False
*N1C(=O)c2c(C1=O)cc(cc2)c1cc2c(C(=O)N(C2=O)c2ccc(cc2)Oc2cc3c(cc2Oc2ccc(cc2)*)cccc3)cc1,tg,254.17,,False
*c1cc2c(C(=O)N(C2=O)c2ccc(cc2)N(c2ccc(cc2)N2C(=O)c3c(C2=O)cc(cc3)C(*)(C(F)(F)F)C(F)(F)F)c2ccc(cc2)C#N)cc1,tg,321.0,307.516357421875,True
*C(C*)OC(=O)c1ccc(cc1)[N+](=O)[O-],tg,122.0,,False
*c1cc2c(C(=O)N(C2=O)c2cc(cc(c2)C(F)(F)F)N2C(=O)c3c(C2=O)cc(cc3)C(*)(C(F)(F)F)C(F)(F)F)cc1,tg,284.0,314.31103515625,True
*CC(C=C1)=CC=C1C(C=C2)=CC=C2C(C=C3)=CC=C3*,egc,3.7798,,False
*c1cc2c(C(=O)N(C2=O)c2ccc(cc2)C(=O)c2ccc(cc2)Cc2ccc(cc2)N2C(=O)c3c(C2=O)cc(cc3)C(=O)*)cc1,tg,307.0,,False
*C=CCCCCCCCCCC*,tg,-53.0,-79.05452728271484,True
*Oc1c(cccc1)C(=O)NCC*,tg,84.0,140.97744750976562,True
*C1=CC2=NC(*)=CC2=N1,egc,1.3051,,False
*c1cc2c(C(=O)N(C2=O)c2cc(cc(c2)C(=O)c2ccccc2)N2C(=O)c3c(C2=O)cc(cc3)C(=O)*)cc1,tg,282.0,,False
*c1cc(C(=O)OCCCCCC)c(*)s1,egc,2.8903,2.779415393067957,True
*Nc1ccc(cc1)C(c1ccc(cc1)NC(=O)c1cc(cc(c1)N1C(=O)C2C(C1=O)C1CCC2C1)C(=O)*)(C)C,tg,311.0,,False
*NC(=O)CCCCCCC(=O)NCc1c(cc(c(c1)C)C*)C,tg,78.0,,False
*c1cc2c(C(=O)N(C2=O)c2ccc(cc2)N(CCN(c2ccc(cc2)N2C(=O)c3c(C2=O)cc(cc3)C(*)(C(F)(F)F)C(F)(F)F)C)C)cc1,tg,227.0,260.4432373046875,True
*c1cc2c(C(=O)N(C2=O)c2cc(ccc2)P(=O)(c2cc(ccc2)N2C(=O)c3c(C2=O)cc(cc3)C(=O)Nc2ccc(cc2)Cc2ccc(cc2)NC(=O)*)c2ccccc2)cc1,tg,233.0,,False
*C#CC#CCCCCCCCC*,egc,5.4216,,False
*Oc1cc(ccc1)NC(=O)c1cc(ccc1)C(=O)Nc1ccc(cc1)*,tg,236.75,,False
*CCCCCCCCCCNC(=O)CCC(=O)N*,egc,5.9532,5.7934433086258945,True
*[Si](C*)(C)C,tg,-91.17,-44.24868392944336,True
*C(C*)C(=O)Oc1ccc(cc1)C,tg,42.5,,False
*Nc1ccc(cc1)[Si](c1ccc(cc1)NC(=O)c1cc2Cc3c(c2cc1)ccc(c3)C(=O)*)(c1ccccc1)c1ccccc1,tg,54.45,211.1971435546875,True
*Oc1ccc(cc1)CC(NC(=O)CCc1ccc(cc1)OC(=O)CCCCCCCCC(=O)*)C(=O)OCC(C)C,tg,33.0,40.27524948120117,True
*Oc1cc(ccc1)OC(=O)c1ccc(cc1)C(c1ccc(cc1)C(=O)*)(C)C,tg,158.0,,False
*Oc1ccc(cc1)S(=O)c1ccc(cc1)Oc1ccc(cc1)C(c1ccc(cc1)*)(C)C,tg,165.0,,False
*CCC(S1)=CC=C1C(S2)=CC=C2*,egc,3.23,,False
*Oc1ccc(cc1)C(=O)c1ccc(cc1)OCCCCCCOC(=O)OCCCOC(=O)OCCCCCC*,tg,16.0,-1.6789754629135132,True
*CCCCNC(=O)CCCCCCCC(=O)NCCCCNC(=O)C(=O)N*,egc,5.3591,,False
*S(=O)(=O)c1ccc(cc1)Cc1ccc(cc1)*,tg,227.5,,False
*Oc1ccc(cc1)C(c1ccc(cc1)OCC(C*)O)(C)C,tg,87.45,,False
*N1C(=O)C2C(C1=O)C(=CC(C2)C1C(=O)N(C(=O)C1)c1cc(ccc1)c1cc(cc(c1)C(=O)Nc1ccc(cc1)OC(=O)c1cc(c(c(c1)OCCCCCCCCCCCC)OCCCCCCCCCCCC)OCCCCCCCCCCCC)c1cc(ccc1)*)C,tg,270.0,,False
*N1C(=O)c2c(C1=O)cc(cc2)Oc1ccc(cc1)C1(CCCCCCCCCCC1)c1ccc(cc1)Oc1cc2c(C(=O)N(C2=O)c2ccc(cc2)Cc2ccc(cc2)*)cc1,tg,240.0,,False
*C1=C(C2C=CC1C2)C(=O)*,tg,85.5,232.93096923828125,True
*C(C*)(C(=O)OCCCCCCOc1c(cc(cc1)C(=O)Oc1ccc(cc1)OC)OC)C,tg,49.0,51.00819778442383,True
*Oc1c(c(c(c(c1)C)*)C)Br,tg,280.15,,False
*CCCCOC(=O)CCCCS(=O)(=O)CCCCC(=O)O*,egc,6.544,6.6232318641560575,True
*c1cc2c(C(=O)N(C2=O)c2ccc(cc2)c2nc(nc(n2)c2ccc(cc2)N2C(=O)c3c(C2=O)cc(cc3)C(=O)*)c2ccccc2)cc1,tg,355.0,,False
*Oc1ccc(cc1)C(=O)c1ccc(cc1)C(=O)c1ccc(cc1)*,tg,157.0,,False
*N1C(=O)c2c(C1=O)cc(cc2)Oc1ccc(cc1)Oc1cc2c(C(=O)N(C2=O)c2c(c(c(cc2)Cc2c(c(c(cc2)*)C)C)C)C)cc1,tg,277.0,,False
*N1C(=O)c2c(C1=O)cc(cc2)c1cc2c(C(=O)N(C2=O)c2ccc(cc2)Oc2ccc(cc2)C(=O)c2ccc(cc2)C(=O)c2ccc(cc2)Oc2ccc(cc2)*)cc1,tg,245.0,244.8483123779297,True
*C(C*)c1ccc(cc1)C(=O)CCCCC,tg,66.0,50.59999465942383,True
*Oc1ccc(cc1)C(=O)Nc1cc(cc(c1)c1nc2c([nH]1)cccc2)NC(=O)c1ccc(cc1)OCCOCC*,tg,230.0,,False
*CCCCOC(=O)c1ccc(NC=Nc2ccc(C(=O)O*)cc2)cc1,egc,3.6652,4.078787130512565,True
*Oc1ccc(cc1)S(=O)(=O)c1ccc(cc1)Oc1ccc(cc1)C(c1ccc(cc1)*)(CCC(=O)O)C,tg,163.0,195.6902313232422,True
*CCCCCCCCCCCCO*,egc,6.2452,,False
*c1sc(*)c(OCCCCCC)c1C,egc,3.4475,,False
*c1cc2c(C(=O)N(C2=O)c2cc(cc(c2)OCCCCCCCCCCCC)N2C(=O)c3c(C2=O)cc(cc3)C(=O)*)cc1,tg,182.0,,False
*Oc1ccc(OC(=O)c2ccc(OCCCCCCCCCCOc3ccc(C(*)=O)cc3)cc2)cc1S(=O)(=O)c1ccccc1,egc,4.4922,,False
*c1cc2c(C(=O)N(C2=O)c2ccc(cc2)c2sc(c(c2c2ccccc2)c2ccccc2)c2ccc(cc2)N2C(=O)c3c(C2=O)cc(cc3)C(=O)Nc2ccc(cc2)Oc2ccc(cc2)Oc2ccc(cc2)NC(=O)*)cc1,tg,303.0,,False
*Oc1ccc(cc1)C(=O)c1ccc(cc1)C(=O)c1ccc(cc1)Oc1ccc(cc1)Cc1ccc(cc1)*,tg,120.0,163.64938354492188,True
*c1cc2c(C(=O)N(C2=O)c2cc(cc(c2)OCCCCCCCCCCCCCCCC)N2C(=O)c3c(C2=O)cc(cc3)C(=O)*)cc1,tg,179.0,,False
*C(C*)(C(=O)OCC)Cl,tg,85.31,,False
*Oc1ccc(cc1)C(c1ccc(cc1)OC(=O)c1cc(ccc1)C(=O)*)(c1ccccc1)C,tg,202.0,,False
*c1cc2c(C(=O)N(C2=O)c2ccc(cc2)C(=O)OCCOCCOC(=O)*)cc1,tg,101.0,,False
*C(C*)(C(=O)OCC(C(F)F)(F)F)F,tg,90.5,,False
*N=P(*)(OCCCCCCC)OCCCCCCC,tg,-94.0,-95.69258880615234,True
*c1cc2c(C(=O)N(C2=O)c2ccc(cc2)OCCOCCOc2ccc(cc2)N2C(=O)c3c(C2=O)cc(cc3)C(=O)*)cc1,tg,235.0,,False
*c1ncc(cc1)C(=O)Oc1ccc(cc1)C(=O)Oc1cc(ccc1)OC(=O)c1ccc(cc1)OC(=O)*,tg,110.0,,False
*C(F)(F)C(F)(F)C(C=C1)=CC=C1C(C=C2)=CC=C2*,egc,4.4103,,False
*c1ccc(C(c2ccc(-n3c(=O)c4cc5c(=O)n(*)c(=O)c5cc4c3=O)cc2)(C(F)(F)F)C(F)(F)F)cc1,egc,2.7195,,False
*CC(F)(F)C(F)(F)C(F)(F)COC(=O)c1cccc(-c2cccc(C(=O)O*)c2)c1,egc,4.3076,,False
*N1C(=O)c2c(C1=O)cc(cc2)c1cc2c(C(=O)N(C2=O)c2cc(c(c(c2)Br)Oc2c(cc(cc2Br)*)Br)Br)cc1,tg,287.0,345.71435546875,True
*N1C(=O)C2C(C1=O)C(Cc1ccccc21)C1C(=O)N(C(=O)C1)c1cc(cc(c1)C(=O)OCCC)*,tg,249.43,,False
*OC(=O)c1cc(cc(c1)OCCC1CCN(CC1)c1ccc(cc1)S(=O)(=O)C(C(C(C(C(C(C(C(F)(F)F)(F)F)(F)F)(F)F)(F)F)(F)F)(F)F)(F)F)C(=O)OCCN(CC*)c1ccc(cc1)S(=O)(=O)C(C(C(C(C(C(C(C(F)(F)F)(F)F)(F)F)(F)F)(F)F)(F)F)(F)F)(F)F,tg,86.0,93.3704605102539,True
*C(=O)Nc1ccc(NC(=O)c2ccc(NC(=O)c3ccc(-c4nc5cc(*)ccc5[nH]4)cc3)cc2)cc1,egc,2.7114,,False
*N1C(=O)c2c(C1=O)cc(cc2)Oc1cc2c(C(=O)N(C2=O)c2cc(c(cc2)Oc2c(cc(cc2C(C)(C)C)c2ccc(cc2)*)C(C)(C)C)C(F)(F)F)cc1,tg,353.0,,False
*C=CC(C)=C(C)C=Cc1ccc(-c2ccc(*)s2)s1,egc,1.5733,2.242710655714841,True
*N1C(=O)c2c(C1=O)cc(cc2)Oc1ccc(cc1)C1(CCCCCCCCCCC1)c1ccc(cc1)Oc1cc2c(C(=O)N(C2=O)c2ccc(cc2)Oc2ccc(cc2)C2(CCC(CC2)C(C)(C)C)c2ccc(cc2)Oc2ccc(cc2)*)cc1,tg,254.0,250.1593017578125,True
*Oc1ccc(cc1)C(c1ccc(cc1)Oc1ccc(cc1)C(=O)c1c(cccc1)c1c(cccc1)C(=O)c1ccc(cc1)*)(C(F)(F)F)C(F)(F)F,tg,178.5,176.5530548095703,True
*ON(C(C(*)(SC(F)(F)F)F)(F)F)C(F)(F)F,tg,-48.0,,False
*N=Nc1ccc(cc1)NC(=O)CCC(=O)Nc1ccc(cc1)*,tg,220.0,223.73712158203125,True
*Sc1ccc(*)cc1,egc,3.6211,,False
*c1oc(cc1)C(=O)NNC(=O)c1ccc(cc1)[Si](c1ccc(cc1)C(=O)NNC(=O)*)(c1ccccc1)c1ccccc1,tg,264.0,,False
*C1C=CC(*)C1,egc,5.7164,,False
*Oc1c2c(c(cc1)C=Cc1ccc(cc1)C=Cc1c3c(c(cc1)OCCOCCOCC*)cccc3)cccc2,tg,83.5,93.224365234375,True
*O[Si](OC(COc1ccc(cc1)C(c1ccc(cc1)OCC(*)CCl)(C)C)CCl)(C)C,tg,24.0,,False
*c1nc2c(nc1)ccc(c2)S(=O)(=O)c1ccc2c(nc(cn2)c2ccc(cc2)*)c1,tg,342.0,322.9623107910156,True
*c1ccc(C(=O)Nc2cccc(-n3c(=O)c4cc5c(=O)n(*)c(=O)c5cc4c3=O)c2)cc1,egc,2.445,,False
*Oc1ccc(cc1)S(=O)(=O)c1ccc(cc1)Oc1ccc(cc1)C(=O)c1cc(ccc1)C(=O)c1ccc(cc1)*,tg,178.0,,False
*NC(C=C1)=CC=C1C(C=C2)=CC=C2O*,egc,4.0962,3.4993816950187955,True
*CCOCCOC(=O)NC(=CC=C1(C))C=C1NC(=O)O*,egc,5.0931,5.127616027808381,True
*Oc1ccc(cc1)c1ccc(cc1)OC(=O)/C=C/c1ccc(cc1)/C=C/C(=O)*,tg,243.0,,False
*c1cc2c(C(=O)N(C2=O)c2ccc(cc2)Oc2c(cc(cc2C)C(c2cc(c(c(c2)C)Oc2ccc(cc2)N2C(=O)c3c(C2=O)cc(cc3)C(=O)*)C)c2c3c(ccc2)cccc3)C)cc1,tg,272.0,,False
*C(C*)C(=O)Oc1cc(cc(c1)C)C,tg,54.0,31.716367721557617,True
*C1CC2CC(CC(C1)O2)OC(=O)c1cc(ccc1)C(=O)O*,tg,113.0,,False
*OC(=O)CCCCC(=O)OCCC*,tg,-52.17,,False
*Oc1ccc(cc1)C(c1ccc(cc1)OC(=O)*)(C)C,tg,144.87,,False
*C=CC(C)CCCCCCCCC*,egc,5.8829,6.088881459651568,True
*Cc1ccc(CNC(=O)CCCCCCCCCCCCCCCC(=O)N*)cc1,egc,5.288,5.263682652498813,True
*c1cc2c(C(=O)N(C2=O)c2ccc(cc2)Oc2ccc(cc2)N2C(=O)c3c(C2=O)cc(cc3)C(*)O)cc1,tg,250.0,,False
*C(C*)SC,tg,-1.0,,False
*Oc1cc(ccc1)Oc1ccc(cc1)Oc1cc(ccc1)OC(=O)c1ccc(cc1)C(=O)*,tg,103.0,,False
*OCC(C*)(COCCCCCCCCCCOc1ccc(cc1)c1ccc(cc1)C#N)C,tg,7.0,,False
*Oc1ccc(cc1)C(c1ccc(cc1)Oc1ccc(cc1)C(=O)Nc1ccc(cc1)NC(=O)c1ccc(cc1)*)(C)C,tg,230.0,196.3190155029297,True
*Oc1ccc(Oc2ccc(C(=O)c3ccc(*)cc3)cc2)cc1C=O,egc,3.6677,,False
*C(C*)(C(=O)Oc1ccc(cc1)C(=O)Oc1ccccc1)C,tg,99.0,111.7469482421875,True
*CNC(=S)O*,egc,4.6235,,False
*C(CC(C*)C)(C(=O)OC)C,tg,16.0,,False
*N1C(=O)C(CC1=O)Nc1ccc(cc1)Cc1ccc(cc1)NC1C(=O)N(C(=O)C1)c1c(cc(cc1C)C(c1cc(c(c(c1)C)*)C)c1cnccc1)C,tg,219.0,214.97996520996094,True
*Nc1ccc(C(C)(C)c2ccc(NC(=O)c3cc(C(*)=O)cc(S(=O)(=O)c4ccccc4)c3)cc2)cc1,egc,3.3259,3.7359838632279994,True
*NCc1cc(C(=O)O)cc(CNc2nc(-c3csc(*)n3)cs2)c1N,egc,3.7145,,False
*N1C(=O)c2c(C1=O)cc(cc2)Oc1ccc(cc1)C1(CCC(CC1)c1ccccc1)c1ccc(cc1)Oc1cc2c(C(=O)N(C2=O)c2ccc(cc2)Oc2ccc(cc2)C2(CCC(CC2)C(C)(C)C)c2ccc(cc2)Oc2ccc(cc2)*)cc1,tg,243.0,,False
*CC(C)CCCCC(=O)N*,egc,6.0272,,False
*C(C*)(C(=O)OCC1(COC(OC1)(C)C)C)C,tg,104.0,91.31878662109375,True
*CC(*)OC(=O)OCC(F)(F)F,egc,7.5359,,False
*OC(C(=O)*)Cc1ccccc1,tg,35.05,,False
*C(=C(CC*)c1ccccc1)c1ccccc1,tg,120.5,125.19393157958984,True
*c1cc2c(C(=O)N(C2=O)c2cc(c(cc2)Oc2ccc(cc2)Oc2ccc(cc2)N2C(=O)c3c(C2=O)cc(cc3)C(=O)*)C(F)(F)F)cc1,tg,237.1,,False
*Oc1ccc(cc1)Oc1ccc(cc1)C(=Nc1ccc(cc1)N=C(c1ccc(cc1)*)c1ccccc1)c1ccccc1,tg,176.0,,False
*CC1CCC(CNC(=O)CCCCCC(=O)N*)CC1,egc,5.787,,False
*OC1(O)CCCC(*)C1,egc,6.0531,,False
*C(S1)=CC=C1C(S2)=CC=C2OC(=S)*,egc,2.4847,2.2071302815298695,True
*CCCCNC(=O)CCC=CCCC(=O)N*,egc,5.5356,,False
*C=C1CCCC(=Cc2ccc(*)cc2)C1=O,egc,3.6567,,False
*CC(S1)=CC=C1CC(=S)*,egc,3.2956,,False
*C1C(CC(C1)C=C*)(C[Si](C)(C)C)C#N,tg,128.0,,False
*c1cc2c(C(=O)N(C2=O)c2cc(ccc2)NC(=O)c2cc(ccc2)N2C(=O)c3c(C2=O)cc(cc3)C(=O)*)cc1,tg,285.67,278.8871765136719,True
*OC(=O)CCSCCC(=O)OCCOCCOCCOCC*,tg,-44.0,-51.25563049316406,True
*N1C(=O)c2c(C1=O)cc(cc2)c1cc2c(C(=O)N(C2=O)c2c(cc(cc2C)C(c2cc(c(c(c2)C)*)C)c2c3c(ccc2)cccc3)C)cc1,tg,311.67,341.5896911621094,True
*N1C(=O)c2c(C1=O)cc(cc2)Oc1cc2c(C(=O)N(C2=O)c2cc(ccc2)Oc2c(c(ccc2)Oc2cc(ccc2)*)C#N)cc1,tg,206.33,,False
*c1cc2c(C(=O)N(C2=O)c2ccc(cc2)c2sc(c(c2c2ccccc2)c2ccccc2)c2ccc(cc2)N2C(=O)c3c(C2=O)cc(cc3)C(=O)Nc2ccc(cc2)Oc2ccc(cc2)NC(=O)*)cc1,tg,320.0,318.6024169921875,True
*C(F)(F)C1(F)C(F)(F)C(*)(F)C1(F)F,egc,7.1313,,False
*Oc1cccc2c(OC(=O)Oc3ccc(OC(*)=O)cc3Cl)cccc12,egc,4.0203,,False
*c1ccc(C(=O)c2cccc(-n3c(=O)c4cc5c(=O)n(*)c(=O)c5cc4c3=O)c2)cc1,egc,3.1782,,False
*Nc1ccc(cc1)C(c1ccc(cc1)NC(=O)c1cc(cc(c1)C(C)(C)C)C(=O)*)(C(F)(F)F)C(F)(F)F,tg,284.1,,False
*C(C*)OC=O,tg,34.25,55.98344802856445,True
*C(C*)c1ccc(cc1)COCCOCCCCCCCC,tg,-42.0,,False
*c1nnc(nc1c1ccc(cc1)Oc1ccc(cc1)C(c1ccc(cc1)Oc1ccc(cc1)*)(C(F)(F)F)C(F)(F)F)c1ncccc1,tg,224.0,,False
*OC(c1ccccc1)C(C)(C)C(*)=O,egc,5.5004,5.496316803201687,True
*N1C(=O)c2c(C1=O)cc(cc2)Oc1c(cccc1)Oc1cc2c(C(=O)N(C2=O)c2cc(ccc2)*)cc1,tg,224.0,232.2501220703125,True
*C1C2C(C(C1)C=C*)C1CCC2C1,tg,204.76,,False
*CCOC(=O)Nc1cc(NC(=O)O*)ccc1C,egc,5.1142,4.809437871207994,True
*c1cc2c(C(=O)N(C2=O)c2ccc(cc2)NC(=O)Nc2ccc(cc2)N2C(=O)c3c(C2=O)cc(cc3)C(=O)Nc2ccc(cc2)NC(=O)Nc2ccc(cc2)NC(=O)*)cc1,tg,208.0,,False
*C(C*)OC(=O)CCCC(=O)c1ccc(cc1)C,tg,40.0,,False
*OC(=O)c1ccc(cc1)c1ccc(cc1)c1ccc(cc1)C(=O)OCC*,tg,180.0,,False
*OC(=O)NCc1ccc(cc1)CNC(=O)OCCCCCCCCCCCCCCCC*,tg,47.0,,False
*CCCCCOC(=O)CCCCS(=O)(=O)CCCCC(=O)O*,egc,6.9262,,False
*OC(=O)CCSCCC(=O)OCC*,tg,-47.0,,False
*CCCCCCC(=O)NCCCCCCNC(=O)CCCCCCO*,egc,5.7692,,False
*N1C(=O)c2c(C1=O)cc(cc2)C(=O)Oc1ccc(cc1)c1ccc(cc1)OC(=O)CCC*,tg,132.0,150.1874237060547,True
*CC(*)c1ccncc1,egc,2.5368,3.9192225340495246,True
*CCCCCOC(=O)CCCCCNC(=O)O*,egc,6.3976,,False
*CC(S1)=CC=C1NC(S2)=CC=C2*,egc,4.1254,3.8572380113195903,True
*Nc1c(F)c(F)c(-c2ccc3cc(-c4ccc5c(c4)C(=O)N(c4cccc(*)c4)C5=O)ccc3c2)c(F)c1F,egc,2.918,,False
*Oc1c2c(ccc1)ccc(c2)Oc1ccc(cc1)NC(=O)c1ccc(cc1)S(=O)(=O)c1ccc(cc1)C(=O)Nc1ccc(cc1)*,tg,259.0,,False
*NC(=O)c1cc(cc(c1)C(C)(C)C)C(=O)NCc1cc(ccc1)C*,tg,192.0,,False
*CCCCCC(=O)NCc1ccc(CNC(=O)CCCCO*)cc1,egc,5.142,,False
*c1ccc(C(=O)Nc2ccc(NC(=O)c3ccc(-n4c(=O)c5sc6c(=O)n(*)c(=O)c6sc5c4=O)cc3)cc2)cc1,egc,1.4889,2.110795979504644,True
*C=CC(=O)C(C)=Cc1ccc(Sc2ccc(*)o2)o1,egc,2.9229,,False
*Oc1cc(ccc1)OC(=O)c1ccc(cc1)OC(=O)c1cc(ccc1)C(=O)Oc1ccc(cc1)C(=O)*,tg,156.75,,False
*c1oc(nn1)c1ccc(cc1)Oc1ccc(cc1)NC(=O)c1cc(cc(c1)NC(=O)c1ccc(cc1)OC(=O)C)C(=O)Nc1ccc(cc1)Oc1ccc(cc1)*,tg,270.0,,False
*Oc1cc(c(cc1)C(=O)O)C(=O)Nc1ccc(cc1)NC(=O)c1c(ccc(c1)*)C(=O)O,tg,166.3,,False
*c1sc(cc1SCCCCCC)*,tg,32.0,,False
*c1ccc(-c2ccc(-c3ccc(-c4ccc(*)n4CCCCCCCCCCCC)s3)s2)s1,egc,2.1465,,False
*c1cc2c(C(=O)N(C2=O)c2cc(ccc2)C(C(C(C(C(c2cc(ccc2)N2C(=O)c3c(C2=O)cc(cc3)C(C(C(C(C(C(C(*)(F)F)(F)F)(F)F)(F)F)(F)F)(F)F)(F)F)(F)F)(F)F)(F)F)(F)F)(F)F)cc1,tg,108.5,104.05233001708984,True
*C(=O)Nc1ccc(Oc2ccc(N3C(=O)c4ccc(*)cc4C3=O)cc2)cc1,egc,2.7025,,False
*Oc1ccc(OC(=O)c2ccc(OC(=O)CCCCCCCCC(*)=O)cc2)cc1,egc,4.2519,,False
*Oc1ccc(cc1)C=C1C(=O)C(=Cc2ccc(cc2)OCCCCCC*)CCC1,tg,116.0,,False
*C=CC1CC(*)C(C#N)C1,egc,5.8346,,False
*C=Cc1ccc(*)n1CCCCCCCCCCCC,egc,1.2671,,False
*C(C*)c1ccc(cc1)CC,tg,50.47,,False
*CC(CF)O*,egc,6.1097,6.285364701022096,True
*C(C*)c1c(ccc(c1)c1ccc(cc1)C(=O)OC(CC)C)c1ccc(cc1)C(=O)OC(CC)C,tg,212.5,112.71871185302734,True
*CC(CO*)(COC=O)COC=O,egc,6.4753,6.084491040256238,True
*c1ccc(-c2csc(-c3nc(*)cs3)n2)cc1,egc,3.3372,,False
*Oc1ccc(SSCCCCSSc2ccc(*)cc2)cc1,egc,4.3465,,False
*OC(=O)c1cccc(C(*)=O)c1,egc,4.6197,,False
*Oc1ccc(cc1)CC(Cc1ccc(cc1)*)(C#N)C#N,tg,147.0,,False
*c1cc2c(C(=O)N(C2=O)c2cc(ccc2)Oc2c(ccc(c2)Oc2cc(ccc2)N2C(=O)c3c(C2=O)cc(cc3)C(*)(C(F)(F)F)C(F)(F)F)P(=O)(c2ccccc2)c2ccccc2)cc1,tg,230.0,,False
*N=P(*)(NCC)NCC,tg,30.0,,False
*N1C(=O)c2c(C1=O)cc(cc2)[Si](c1cc2c(C(=O)N(C2=O)c2ccc(cc2)Oc2ccc(cc2)C(=O)c2cc(ccc2)C(=O)c2ccc(cc2)Oc2ccc(cc2)*)cc1)(C)C,tg,208.0,,False
*C(C*)P(=O)(c1ccccc1)c1ccccc1,tg,127.5,144.24281311035156,True
*Oc1ccc(cc1)N1ON1c1ccc(cc1)OCCCCCCOC(=O)CC(=O)OCCCCCC*,tg,16.0,,False
*Oc1c(cc(cc1)C(=O)*)CCCCC,tg,50.0,121.4410400390625,True
*OC(*)C,egc,6.9003,5.926309781275392,True
*CCCCCCCCCNC(=O)CCCCC(=O)N*,egc,5.6864,,False
*Oc1ccc(cc1)c1ccc(cc1)OC(=O)c1c(ccc(c1)N=Nc1ccc(cc1)OCC)c1c(cc(cc1)N=Nc1ccc(cc1)OCC)C(=O)*,tg,165.0,165.5483856201172,True
*CCCCCCCCCCCCCCCCOC(=O)CCCCCCCCC(=O)O*,egc,6.641,6.540255312195424,True
*c1c2C(=O)N(C(=O)c2c(c2ccccc12)c1ccc(cc1)Oc1ccc(cc1)S(=O)(=O)c1ccc(cc1)Oc1ccc(cc1)*)c1ccc(cc1)Cl,tg,280.0,,False
*c1cc(CC(=O)OCCCCCCOc2ccc(N=Nc3ccc(C#N)cc3)cc2)c(*)s1,egc,2.6018,,False
*N1C(=S)N(C(=O)CC1=O)c1ccc(cc1)Oc1cc2c(cc1)ccc(c2)Oc1ccc(cc1)*,tg,151.5,155.2537384033203,True
*CC(*)(C)C(=O)OC(CC)OCC,egc,6.3891,,False
*c1ccc(-c2ccc(N(c3ccccc3)c3ccc4ccc(N(*)c5ccccc5)cc4c3)cc2)cc1,egc,3.0933,,False
*c1ccc2c3n(c4ccc(cc4n3)c3cc4n5c(nc4cc3)c3cccc4c(ccc(c5=O)c34)Oc3cc4c(cc3)cc(cc4)O*)c(=O)c3cccc1c23,tg,413.0,,False
*C(C*)(C(=O)OCc1cc(c(cc1)Cl)Cl)C,tg,34.45,,False
*NC(=S)NC(=S)*,egc,2.8537,,False
*OP(=O)(Oc1ccc(cc1)S(=O)(=O)c1ccc(cc1)*)Oc1ccc(cc1)[N+](=O)[O-],tg,114.0,,False
*OC(C*)(C)C,tg,92.0,,False
*c1c2c(c(cc1)CC*)cccc2,tg,160.0,,False
*c1c2C(=O)N(C(=O)c2c(c2ccccc12)c1ccc(cc1)Oc1ccc(cc1)C(=O)c1ccc(cc1)Oc1ccc(cc1)*)c1ccc(cc1)C(F)(F)F,tg,260.0,279.8763122558594,True
*Oc1ccc(cc1)C1(CCC(CC1)C(c1ccc(cc1)OCC(C*)O)(C)C)C,tg,135.0,,False
*c1ccc(N(c2ccc(C#N)cc2)c2ccc(-n3c(=O)c4cc5c(=O)n(*)c(=O)c5cc4c3=O)cc2)cc1,egc,1.6108,,False
*C(=O)Nc1cccc(NC(=O)c2ccc3c(c2)C(=O)N(c2cccc(N4C(=O)c5ccc(*)cc5C4=O)c2)C3=O)n1,egc,3.2959,,False
*c1nc2c(nc1)cc(cc2)c1cc2c(nc(cn2)c2ccc(cc2)c2ccc(cc2)*)cc1,tg,345.5,,False
*O[Si](O[Si](c1c(c(c(c(c1F)F)F)[Si](*)(C)C)F)(C)C)(C)C,tg,-61.0,-49.85703659057617,True
*N1C(=O)c2c(C1=O)c(ccc2)c1cc2c(C(=O)N(C2=O)c2ccc(cc2)Oc2cc(ccc2)Oc2ccc(cc2)*)cc1,tg,259.0,251.950927734375,True
*NC(=O)c1cc(ccc1)C(=O)NCCCCCCCC*,tg,110.0,,False
*N1C(=O)c2c(C1=O)cc(cc2)NC(=O)Nc1ccc(cc1)c1nc(cc(c1)c1ccc(cc1)c1ccccc1)c1ccc(cc1)NC(=O)Nc1cc2c(C(=O)N(C2=O)c2ccc(cc2)c2nc(cc(c2)c2ccc(cc2)c2ccccc2)c2ccc(cc2)*)cc1,tg,272.0,,False
*C(C*)c1ccc(cc1)C(=O)c1ccc(cc1)OC,tg,103.0,111.02288818359375,True
*OP(=O)(N=Nc1ccc(cc1)Oc1ccc(cc1)N=NP(=O)(OCCCCCC*)OC)OC,tg,25.0,,False
*c1sc(cc1C(=O)OCCCCCCCCCCOc1ccc(cc1)c1ccc(cc1)OC(=O)c1ccc(cc1)OCC(CCCCCC)F)*,tg,151.0,,False
*Oc1c(cc(cc1)OC(=O)c1ccc(cc1)OCCCCCCCCCCCCOc1ccc(cc1)C(=O)*)S(=O)(=O)c1ccccc1,tg,82.7,82.19832611083984,True
*N1C(=O)c2c(C1=O)cc(cc2)C(=O)Oc1ccc(cc1)c1ccc(cc1)OC(=O)c1cc2c(C(=O)N(C2=O)CCCC*)cc1,tg,126.0,,False
*Oc1ccc(C(=C(Cl)Cl)c2ccc(OC(*)=O)cc2)cc1,egc,4.2371,,False
*C(C*)(C(=O)Oc1ccc(cc1)OCc1ccccc1)C,tg,95.3,94.46355438232422,True
*Oc1ccc(cc1)CC(NC(=O)CCc1ccc(cc1)OC(=O)CCCCCCCCC(=O)*)C(=O)OC(CC)C,tg,36.0,,False
*Oc1ccc(Oc2ccc(C(=O)c3ccc(*)cc3)cc2)cc1C(Br)Br,egc,3.947,3.76432294788071,True
*C1(CC(C1)*)C#N,tg,220.0,,False
*N1C(=O)C(CC1=O)Nc1ccc(cc1)Cc1ccc(cc1)NC1C(=O)N(C(=O)C1)c1ccc(cc1)Oc1c(cc(cc1C)C(c1cc(c(c(c1)C)Oc1ccc(cc1)*)C)c1cnccc1)C,tg,201.0,201.1014862060547,True
*N1C(=O)c2c(C1=O)cc(cc2)Oc1cc2c(C(=O)N(C2=O)c2cc(ccc2)Oc2c(ccc(c2)Oc2cc(ccc2)*)P(=O)(c2ccccc2)c2ccccc2)cc1,tg,212.0,,False
*N1C(=O)c2c(C1=O)c(ccc2)Oc1c(cc(cc1C)c1cc(c(c(c1)C)Oc1c2c(C(=O)N(C2=O)c2cc(ccc2)*)ccc1)C)C,tg,311.0,,False
*Oc1ccc(cc1)c1ccc(cc1)Oc1c(c(c(c(c1F)F)COC(c1cc(ccc1)C(OCc1c(c(c(c(c1F)F)*)F)F)(C(F)(F)F)C(F)(F)F)(C(F)(F)F)C(F)(F)F)F)F,tg,110.0,106.76025390625,True
*Oc1cc(ccc1)NC(=O)CCCCCCCC(=O)Nc1ccc(cc1)*,tg,120.0,,False
*NC(CC(=O)OCc1ccc(Cl)cc1)C(*)=O,egc,5.1636,4.771201064657794,True
*c1nc2c(nc1c1ccc(cc1)C(=O)NCCCCCCCCCCNC(=O)c1ccc(cc1)*)cccc2,tg,166.0,,False
*c1cc2c(nc(cc2c2ccccc2)Oc2nc3c(c(c2)c2ccccc2)cc(cc3)c2ccc(cc2)c2ccc(cc2)*)cc1,tg,308.0,,False
*Nc1ccc(cc1)NC(=O)Cc1c(cc(c(c1)CC(=O)*)C)C,tg,208.0,198.4488983154297,True
*C(F)(F)C(F)(F)C(=S)O*,egc,3.598,,False
*N1C(=O)c2c(C1=O)cc(cc2)Oc1cc2c(C(=O)N(C2=O)c2ccc(cc2)C(c2ccc(cc2)*)(C)C)cc1,tg,265.0,,False
*C1C2CCC(C2)C1*,egc,6.1739,6.027556862151919,True
*CC(*)c1cc(Br)ccc1OC(C)C,egc,4.6199,,False
*C(C*)(C(=O)OCCCCCCOc1ccc(cc1)N=Nc1ccc(cc1)C1OCC2(CO1)CC1C=CC2C1)C,tg,118.5,,False
*Oc1ccc(cc1)C(c1ccc(cc1)OC(=O)c1c(cccc1)c1c(cccc1)C(=O)*)(c1ccccc1)C,tg,172.0,196.8548583984375,True
*OC(=O)c1c(ccc(c1)N=Nc1ccc(cc1)OCC)c1c(cc(cc1)N=Nc1ccc(cc1)OCC)C(=O)OCCOCCOCC*,tg,65.0,83.05624389648438,True
*C(C*)(CCCCC)C(=O)OC,tg,44.6,37.06470489501953,True
*CCCOC(=O)CCCCCCCCCC(=O)O*,egc,6.7744,6.65476727257666,True
*c1cc2c(C(=O)N(C2=O)c2cc(ccc2)Cc2cc(ccc2)N2C(=O)c3c(C2=O)cc(cc3)C(=O)*)cc1,tg,241.33,274.9875183105469,True
*C(=O)Nc1ccc(NC(=O)c2ccc(N3C(=O)c4ccc(*)cc4C3=O)cc2)cc1,egc,2.9178,2.6934504868118583,True
*CC(*)n1c2ccc(I)cc2c2cc(I)ccc21,egc,2.9408,,False
*Oc1ccc(cc1)C(=O)c1ccc(cc1)C(=O)c1ccc(cc1)Oc1cc(ccc1)Cc1cc(ccc1)*,tg,122.0,132.96783447265625,True
*N1C(=O)c2c(C1=O)cc(cc2)Oc1cc2c(cc1)ccc(c2)Oc1cc2c(C(=O)N(C2=O)c2ccc(cc2)C(c2ccc(cc2)*)(C)C)cc1,tg,247.0,243.3507843017578,True
*c1ncc(cc1)C(=O)NNC(=O)c1ccc(cc1)[Si](c1ccc(cc1)C(=O)NNC(=O)*)(c1ccccc1)c1ccccc1,tg,256.0,,False
*c1sc(cc1CCCCCCCCCCCC)*,tg,-13.51,,False
*C(C*)(C(=O)OCCOCCOC)C,tg,-35.25,-3.3722686767578125,True
*Oc1ccc(cc1)CC(NC(=O)CCc1ccc(cc1)OC(=O)CC(CCC(=O)*)C)C(=O)OC(CC)C,tg,45.0,,False
*c1ccc(*)n1C,egc,2.6193,,False
*C1OC(OC1COC(=O)OC*)(OCC)OCC,tg,10.8,,False
*OC1(F)CC(C(*)C)C1C(F)(F)C1(F)CC1,egc,7.2672,6.236209253740509,True
*Oc1ccc(cc1)C1(c2ccccc2c2ccccc12)c1ccc(cc1)OCCOC(=O)Nc1ccc(cc1)Cc1ccc(cc1)NC(=O)OCC*,tg,152.0,,False
*O[Si](CC[Si](Oc1c(cc(cc1C)c1cc(c(c(c1)C)*)C)C)(C)C)(C)C,tg,55.0,,False
*NC(S1)=CC=C1C(=O)C(=S)*,egc,2.1167,2.1300300030381023,True
*c1nc2c([nH]1)ccc(c2)N1C(=O)c2c(C1=O)cc(cc2)c1cc2c(C(=O)N(C2=O)c2ccc(cc2)*)cc1,tg,425.0,,False
*c1cc2c(C(=O)N(C2=O)c2cc(ccc2)N2C(=O)c3c(C2=O)cc(cc3)C(=O)Nc2nc(ccc2)NC(=O)*)cc1,tg,339.0,,False
*c1cc2c(s1)-c1sc(-c3sc(-c4sc(*)c5c4OCCO5)c4c3OCCO4)cc1C2=C(C#N)C#N,egc,0.9952,1.3463655199434785,True
*c1ccc(-c2sc(-c3cc(CCCC)c(*)s3)cc2CCCC)cc1,egc,2.5595,2.6165272257991656,True
*CCOC(=O)C(=O)O*,egc,6.5784,,False
*C(C*)C(=O)Nc1ccccc1,tg,160.0,,False
*[Si](CC(C*)Cc1c2c(ccc1)cccc2)(C)C,tg,17.0,,False
*CC(=O)OC(=O)COc1cccc(O*)c1,egc,4.3174,,False
*N(CC*)C(=O)c1cc(ccc1)F,tg,97.0,91.5542221069336,True
*CC(F)(F)C(F)(F)C(F)(F)COC(=O)CC(CC(=O)O*)C(F)(F)C(F)(F)C(F)(F)F,egc,6.6602,,False
*C1CC2CC(CC(C1)O2)OC(=O)Oc1ccc(cc1)S(=O)(=O)c1ccc(cc1)OC(=O)O*,tg,184.0,,False
*C(=O)Nc1ccc(C(=O)Nc2ccc(NC(=O)c3ccc4[nH]c(-c5ccc(-c6nc7cc(*)ccc7[nH]6)cc5)nc4c3)cc2)cc1,egc,2.6204,,False
*c1nc2c(c(c1)c1ccccc1)cc(cc2)C1(c2ccccc2C(=O)c2ccccc12)c1cc2c(nc(cc2c2ccccc2)c2ccc(cc2)C2(c3ccccc3c3ccccc23)c2ccc(cc2)*)cc1,tg,405.0,,False
*C(C*)C(=O)OCCSCC,tg,-71.0,,False
*C(C*)c1ccc(cc1)C(=O)N1CCOCC1,tg,127.0,,False
*Oc1c2c(c(cc1)c1c3c(c(cc1)Oc1ccc(cc1)Oc1ccc(cc1)S(=O)(=O)c1ccc(cc1)Oc1ccc(cc1)*)cccc3)cccc2,tg,214.0,,False
*N(CCC*)C(=O)CC,tg,8.0,7.569252014160156,True
*C1C(CC(C1)C=C*)(CC)C#N,tg,134.0,139.59934997558594,True
*N1C(=O)c2c(C1=O)cc(cc2)C(=O)Oc1cc2c(cc1)ccc(c2)OC(=O)CCCCC*,tg,113.0,,False
*c1cc2c(C(=O)N(C2=O)C2C(=O)N(C(=O)C2)c2cc(ccc2)NC(=O)*)cc1,tg,130.0,,False
*c1nc(-c2ccccc2)nc(N(*)c2ccccc2)n1,egc,3.8771,4.060185274315342,True
*NC(=O)OC(=O)*,egc,5.6538,,False
*CCCCCCNC(=O)C(CCCCC)C(=O)N*,egc,5.7089,,False
*OC(=O)OCC(C*)(C(=O)OCc1ccccc1)C,tg,-2.0,,False
*OC(C(=O)OCCC*)C,tg,-33.0,,False
*c1cc2c(cc1OC(=O)COc1ccc3c(c1)oc(=O)cc3)oc(=O)c(c2)C(=O)Nc1ccc(cc1)c1ccc(cc1)NC(=O)c1c(=O)oc2c(cc(c(c2)OC(=O)COc2ccc3c(c2)oc(=O)cc3)C*)c1,tg,248.0,,False
*OC(=O)CCCCCCCCC(=O)OCC(C*)(CC)C,tg,-69.0,,False
*C(F)(F)C1(F)C(F)(F)C(*)(F)C(F)(F)C(F)(F)C(F)(F)C1(F)F,egc,7.4251,,False
*CCC(C)O*,egc,6.0172,6.548729209009573,True
*CCOC(=O)CCCCS(=O)(=O)CCCCC(=O)O*,egc,6.7001,,False
*C(C*)c1c(ccc(c1)C(=O)Oc1ccc(cc1)OCCCCCCCCCCCC)C(=O)Oc1ccc(cc1)OCCCCCCCCCCCC,tg,108.0,111.17822265625,True
*NC(=O)CNC(=O)CCCCC(=O)NCCCCCC*,tg,53.4,59.6419563293457,True
*Oc1c2c(c(cc1)c1c3c(c(cc1)OCCCCCCC*)cccc3)cccc2,tg,129.5,,False
*N1C(=O)c2c(C1=O)cc(cc2)c1cc2c(C(=O)N(C2=O)c2cc(ccc2)C(=O)Nc2ccc(cc2)Oc2ccc(cc2)NC(=O)c2cc(ccc2)*)cc1,tg,253.0,271.1611633300781,True
*C(C*)(C(=O)OCCOCCOCCOc1ccc(cc1)N=Nc1ccc(cc1)C#N)C,tg,37.0,,False
*c1cc2c(C(=O)N(C2=O)c2ccc(cc2)Oc2ccc(cc2)C2(C3C4C(CCC4)C(C2)C3)c2ccc(cc2)Oc2ccc(cc2)N2C(=O)c3c(C2=O)cc(cc3)C(=O)Nc2ccc(cc2)Oc2c(cc(c(c2)C(C)(C)C)Oc2ccc(cc2)NC(=O)*)C(C)(C)C)cc1,tg,290.0,,False
*CC(=O)O*,egc,7.0895,,False
*Oc1ccc(cc1)C(c1ccc(cc1)OC(=O)*)(C(F)(F)F)C(F)(F)F,tg,173.55,156.45932006835938,True
*C(C*)(C(=O)OCCN(c1ccc(cc1)N=Nc1ccc(cc1)[N+](=O)[O-])CC)C,tg,125.25,,False
*CCCCCCNC(=O)C(O)C(O)C(O)C(O)C(=O)N*,egc,5.9698,,False
*c1cc2c(C(=O)N(C2=O)c2ccc(cc2)C2(CCC(CC2)C(CC)(C)C)c2ccc(cc2)NC(=O)*)cc1,tg,342.0,280.0497741699219,True
*CCOCCOC(=O)CCCCS(=O)(=O)CCCCC(=O)O*,egc,6.5167,,False
*C1(c2c(C(=O)O1)cccc2)c1ccc(cc1)Oc1c(c(c(c(c1F)F)C(=O)c1c(c(c(c(c1F)F)Oc1ccc(cc1)*)F)F)F)F,tg,215.0,223.74537658691406,True
*C(C*)(C(=O)OCC(C(F)F)(F)F)C,tg,80.0,,False
*OC(=O)CCC#CC#CCCC(=O)OCCN(CC*)c1ccc(cc1)[N+](=O)[O-],tg,30.0,,False
*C(C*)c1c2c(OCO2)ccc1,tg,119.0,,False
*CCCCOC(=O)NCCSCCSCCNC(=O)O*,egc,5.7445,5.277690500629729,True
*c1cc2c(C(=O)N(C2=O)c2c(cc(c(c2C)N2C(=O)c3c(C2=O)cc(cc3)C(=O)Nc2ccc(cc2)NC(=O)*)C)C)cc1,tg,327.0,313.3813781738281,True
*OC(=O)c1ccc(cc1)c1ccc(cc1)C(=O)OCCCC*,tg,70.0,73.10433959960938,True
*c1cc(-c2sc(-c3cc(CCCC)c(*)s3)cc2CCCC)c2cccccc1-2,egc,1.9772,,False
*O[Si](*)(c1ccccc1)C,tg,-24.27,-1.1694717407226562,True
*c1cc2c(C(=O)N(C2=O)c2ccc(cc2)NC(=O)c2cc(ccc2)N2C(=O)c3c(C2=O)cc(cc3)C(=O)*)cc1,tg,308.0,,False
*Oc1c(cc(cc1Br)C(c1cc(c(c(c1)Br)OC(=O)*)Br)(C(F)(F)F)C(F)(F)F)Br,tg,206.0,198.10107421875,True
*Oc1cc(c(cc1)C(=O)c1ccccc1)c1c(ccc(c1)Oc1ccc(cc1)C(c1ccc(cc1)*)(C(F)(F)F)C(F)(F)F)C(=O)c1ccccc1,tg,164.0,166.5553741455078,True
*NC(=O)c1ccc(cc1)C(=O)NCC(CCC*)C,tg,153.5,,False
*OC1CCC(OC(=O)CCCCCCC(*)=O)CC1,egc,6.6443,6.507052519083896,True
*C1(CCN(CC1)C(=O)CCCC(=O)N1CCC(CC1)(CCC*)C)C,tg,58.0,,False
*Oc1ccc(cc1)Oc1ccc(cc1)P(=O)(c1ccc(cc1)*)C,tg,213.0,,False
*CCCCCCCCCOC(=O)Nc1ccc(C)c(NC(=O)O*)c1,egc,4.9708,5.196532541880583,True
*C(C*)OC(=O)C1CCCC1,tg,36.0,,False
*CC(CO*)(COc1ccccc1)COc1ccccc1,egc,4.7985,4.719746570525823,True
*C=CCC(C*)(C(=O)OC12CC3CC(CC(C1)C3)C2)C(=O)OC12CC3CC(CC(C1)C3)C2,tg,34.0,127.0831298828125,True
*Oc1cc(ccc1)Oc1c(c(ccc1)Oc1cc(ccc1)Oc1ccc(cc1)c1ccc(cc1)*)C(=O)c1c(cccc1)S(=O)(=O)O[Na],tg,230.0,,False
*c1ccc2c3n(c4ccc(cc4n3)c3cc4n5c(nc4cc3)c3cccc4c(ccc(c5=O)c34)Oc3c(cccc3)c3c(cccc3)O*)c(=O)c3cccc1c23,tg,376.0,,False
*OC(=O)Nc1c(ccc(c1)NC(=O)OCCN(CC*)c1ccc(cc1)N=Nc1ccc(cc1)c1nc2c([nH]1)ccc(c2)[N+](=O)[O-])C,tg,188.0,178.3479461669922,True
*N1C(=O)c2c(C1=O)cc(cc2)Oc1cc2c(C(=O)N(C2=O)c2cc(ccc2)Oc2cc(ccc2)*)cc1,tg,200.0,,False
*C(=O)c1cccc(C(=O)c2ccc3c(c2)C(=O)N(c2ccc(Oc4ccc(N5C(=O)c6ccc(*)cc6C5=O)cc4)cc2)C3=O)c1,egc,2.5831,2.400860432989561,True
*CC#CCOC(=O)CCC(=O)O*,egc,5.9483,,False
*CCCCCC(=O)S*,egc,5.3869,5.368138979098288,True
*N1C(=O)C(=C(C1=O)Cl)Oc1ccc(cc1)C(c1ccc(cc1)OC1=C(C(=O)N(C1=O)c1ccc(cc1)Oc1ccc(cc1)*)Cl)(C(F)(F)F)C(F)(F)F,tg,193.0,209.81251525878906,True
*OC(=O)NC1CC(CC(C1)(CNC(=O)OCCN(CC*)c1ccc(cc1)N=Nc1ccc(cc1)B(c1c(cc(cc1C)C)C)c1c(cc(cc1C)C)C)C)(C)C,tg,146.0,,False
*c1ccc(C(c2ccccc2)c2ccc(N3C(=O)c4ccc(-c5ccc6c(c5)C(=O)N(*)C6=O)cc4C3=O)cc2)cc1,egc,2.907,,False
*c1oc(nn1)c1ccc(cc1)C(=O)OCCCCCCCCOc1ccc(cc1)C=CC(=O)C=Cc1ccc(cc1)OCCCCCCCCOC(=O)c1ccc(cc1)*,tg,59.0,77.01849365234375,True
*C(F)(F)C(C=C1)=CC=C1C(F)(F)O*,egc,4.9933,,False
*C(=C*)C(CCCCCCC)[Si](C)(C)C,tg,150.0,,False
*C1C2C(C(C1)CC*)CCC2,tg,103.55,,False
*c1cc2c(C(=O)N(C2=O)c2ccc(cc2)Oc2ccc(cc2)C(=O)c2cc(ccc2)C(=O)c2ccc(cc2)Oc2ccc(cc2)N2C(=O)c3c(C2=O)cc(cc3)C(*)(C(F)(F)F)C(F)(F)F)cc1,tg,236.0,,False
*c1cc2c(C(=O)N(C2=O)c2ccc(cc2)Oc2c(cc(c(c2)C(C)(C)C)Oc2ccc(cc2)N2C(=O)c3c(C2=O)cc(cc3)C(*)(C(F)(F)F)C(F)(F)F)C(C)(C)C)cc1,tg,277.0,,False
*CCCCCCCNC(=O)c1cccc(C(=O)N*)c1,egc,4.8667,,False
*NC(C)C(=O)NCC(*)=O,egc,5.7945,,False
*OC(=O)NCCCCCCNC(=O)OCCOCC*,tg,5.0,3.401850461959839,True
*Oc1ccc(C(c2ccccc2)(c2ccccc2)c2ccc(OC(=O)CCCCCCCCC(*)=O)cc2)cc1,egc,4.7541,4.448435990413376,True
*Oc1cc(ccc1)NC(=O)c1ccc(cc1)P(=O)(c1ccc(cc1)C(=O)Nc1cc(ccc1)Oc1ccc(cc1)P(=O)(c1ccc(cc1)*)c1ccccc1)c1ccccc1,tg,235.0,,False
*N(CC*)C(=O)CCCCCCC,tg,10.0,,False
*c1sc(cc1SCCCC)c1ccc(cc1)c1sc(c(c1)SCCCC)c1ccc(cc1)*,tg,26.4,,False
*CCCCCCCCCCCCCOC(=O)c1ccc(C(=O)NCCCCCCNC(=O)c2ccc(C(=O)O*)cc2)cc1,egc,4.6196,,False
*C1C2C(C(=O)N(C2=O)c2c(cccc2)Cl)C(C1)C=C*,tg,255.6,240.65098571777344,True
*Oc1cc(cc(c1)CCC)OC(=O)c1cc(ccc1)C(=O)*,tg,129.0,126.0037841796875,True
*C(CCCCC*)CCCCCCCC,tg,-72.0,,False
*C1OCC2(CO1)COC(OC2)CCCCCCCC(=O)OCCOC(=O)CCCCCCC*,tg,0.0,,False
*C(=O)c1cccc(C(=O)N2COCN2*)c1,egc,4.5807,4.308952216568463,True
*Oc1c(cc(cc1)Oc1c(c(c(c(c1F)F)c1c(c(c(c(c1F)F)*)F)F)F)F)S(=O)(=O)O,tg,120.0,,False
*CNC(C=C1)=CC=C1C(=O)*,egc,3.6383,4.265947448854712,True
*Oc1ccc(cc1)C1(c2ccccc2c2ccccc12)c1ccc(cc1)Oc1ccc(cc1)C(=O)c1cc(ccc1)c1cc(ccc1)C(=O)c1ccc(cc1)*,tg,212.0,237.163330078125,True
*OC(=O)CCCC(=O)NCCCCCC*,tg,-18.0,,False
*c1cc2c(C(=O)N(C2=O)c2ccc(cc2)Oc2c3c(ccc2)c(ccc3)Oc2ccc(cc2)N2C(=O)c3c(C2=O)cc(cc3)C(=O)Nc2ccc(cc2)Oc2ccc(cc2)C(c2ccc(cc2)Oc2ccc(cc2)NC(=O)*)(C(F)(F)F)C(F)(F)F)cc1,tg,231.0,,False
*C=CC1C=CC(*)C(C(=O)OC(C)(C)C)=C1C(=O)OC(C)(C)C,egc,4.1406,4.113443902831909,True
*c1c(ccc(c1)*)c1oc2c(n1)cc(cc2)C,tg,221.0,,False
*N1C(=O)c2c(C1=O)c(ccc2)c1cc2c(C(=O)N(C2=O)c2cc(ccc2)C(=O)Nc2ccc(cc2)NC(=O)c2cc(ccc2)*)cc1,tg,328.0,,False
*C(C*)C(=O)OCCCCCCCCCCCCCCCCCC,tg,-42.5,,False
*C=C(*)c1cccc2ccccc12,egc,0.8664,0.8566191794017451,True
*CC(C)(C)CO*,egc,5.8123,6.050000764188664,True
*CCCCOC(=O)NCCCCNC(=O)O*,egc,6.3043,,False
*Oc1ccc(cc1)CC(NC(=O)CCc1ccc(cc1)OC(=O)CCCCCCC(=O)*)C(=O)OCC(C)C,tg,42.0,,False
*OC(=O)CCSc1ccc(SCCC(*)=O)cc1,egc,4.6942,4.244376440033504,True
*c1cc2c(C(=O)N(C2=O)c2ccc(cc2)S(=O)(=O)c2ccc(cc2)NC(=O)c2cc(ccc2)C(=O)Nc2ccc(cc2)S(=O)(=O)c2ccc(cc2)N2C(=O)c3c(C2=O)cc(cc3)C(=O)*)cc1,tg,226.0,,False
*Oc1ccc(cc1)C(=O)NNC(=O)c1c(cc(cc1)C(=O)NNC(=O)c1ccc(cc1)OC(=O)c1cc(ccc1)C(=O)*)Oc1ccccc1,tg,160.0,201.24464416503906,True
*C(C*)c1c(ccc(c1)C(=O)OC)c1ccc(cc1)OCCCCCCCC,tg,126.0,,False
*Oc1ccc(cc1)Oc1cc(ccc1)Oc1ccc(cc1)c1ccc(cc1)Oc1cc(ccc1)Oc1ccc(cc1)Oc1c(cc(cc1)C(=O)c1cc(c(cc1)*)S(=O)(=O)O[Na])S(=O)(=O)O[Na],tg,304.0,,False
*c1cc2C3(CCC(CC3)(C3=NC(CO3)Cc3ccccc3)C3=NC(CO3)Cc3ccccc3)c3c(c2cc1)ccc(c3)c1cc2C(c3c(c2cc1)ccc(c3)*)(CCCCCC)CCCCCC,tg,142.0,,False
*c1ccc(*)n1C(C(=O)OCC)n1cccc1,egc,2.8248,2.7165741433353823,True
*c1c2C(=O)N(C(=O)c2c(c2ccccc12)c1ccc(cc1)Oc1ccc(cc1)S(=O)(=O)c1ccc(cc1)Oc1ccc(cc1)*)CCCCCCCCCCCC,tg,167.0,189.5538330078125,True
*c1cc2c(oc(n2)c2cc(ccc2)c2oc3c(n2)cc(cc3)C(*)(c2ccccc2)C(F)(F)F)cc1,tg,301.0,351.2721862792969,True
*C1C(=O)OC(=O)C1C1C2CC(C(C1*)C2)COCCC,tg,209.0,230.27345275878906,True
*CCCCOC(=O)CCCCC(=O)O*,egc,6.8238,6.789647811873524,True
*P1(=NP(=NP(=N1)(Oc1ccc(cc1)C(=O)OCCC)Oc1ccc(cc1)C(=O)OCCC)(Oc1ccc(cc1)C(c1ccc(cc1)O*)(C(F)(F)F)C(F)(F)F)Oc1ccc(cc1)C(=O)OCCC)Oc1ccc(cc1)C(=O)OCCC,tg,34.0,,False
*N1C(=O)c2c(C1=O)cc(cc2)C(=O)c1cc2c(C(=O)N(C2=O)CCCCCCOC(=O)OCCCCCC*)cc1,tg,74.0,,False
*OC(=O)OCCCCOC(=O)OC1COC2C(*)COC12,egc,6.6085,,False
*OC(=O)c1ccc(C(=O)Oc2ccc3c(c2)Oc2cc(*)ccc2C32c3ccccc3-c3ccccc32)cc1,egc,3.1167,,False
*c1cc2c(C(=O)N(C2=O)c2ccc(cc2)NC(=O)Nc2ccc(cc2)N2C(=O)c3c(C2=O)cc(cc3)C(=O)Nc2ccc(cc2)Oc2ccc(cc2)NC(=O)*)cc1,tg,205.0,265.7768249511719,True
*C(C*)c1ccc(cc1)C(=O)CCC,tg,74.0,90.50882720947266,True
*CCCCCCCNC(=O)CCCCCCCCCCCCCCCCCCC(=O)N*,egc,5.9137,5.960690292116612,True
*c1cc(CCCC)c(*)s1,egc,2.5394,,False
*c1cc2c(C(=O)N(C2=O)c2ccc(cc2)Oc2ccc(cc2)S(=O)(=O)c2ccc(cc2)Oc2ccc(cc2)N2C(=O)c3c(C2=O)cc(cc3)C(=O)c2cc(ccc2)C(=O)*)cc1,tg,249.0,,False
*c1ccc(C(C#N)(C(=O)O)C(*)(C#N)C(=O)O)cc1,egc,5.2415,,False
*c1sc(nn1)c1ccc(cc1)OC(=O)CCCCCCCCC(=O)Oc1cc(ccc1)C=C*,tg,55.0,,False
*OCCCCSSCCCC*,tg,-76.0,-65.54207611083984,True
*Oc1c(cc(cc1)OC(=O)c1c(cc(cc1)c1ccc(cc1)C(=O)*)c1ccccc1)C(c1ccccc1)(C)C,tg,146.0,166.2667236328125,True
*N(CC*)C(=O)c1ccc(cc1)F,tg,104.0,,False
*CC(*)(Cl)C(=O)OCC,egc,6.3834,,False
*CCCCCCCCOC(=O)NCCCCCCNC(=O)O*,egc,6.1519,6.112249476604282,True
*Oc1ccc(cc1)C1(CCCCCC1)c1ccc(cc1)OC(=O)*,tg,155.0,173.53636169433594,True
*C(=O)NNC(=O)c1ccc(*)nc1,egc,3.5892,3.7719964667954367,True
*CCCCCCCc1nnc(*)n1N,egc,5.5167,,False
*O[Si](O[Si](O[Si](O[Si](O[Si](C#Cc1ccc(cc1)C#C[Si](*)(C)C)(C)C)(C)C)(C)C)(C)C)(C)C,tg,78.0,29.63609504699707,True
*C(C*)(C(=O)OCCCCCCCCOc1ccc(cc1)C(=O)Oc1ccc(cc1)C(=O)C=Cc1c(c2c(n1CCCC)cccc2)C)C,tg,69.0,,False
*Oc1ccc(cc1)P(=O)(c1ccc(cc1)Oc1ccc(cc1)C(c1ccc(cc1)*)(c1ccccc1)C(F)(F)F)C,tg,229.0,,False
*ON(C(F)(F)F)C(F)(Br)C(*)(F)F,egc,6.3719,,False
*CC(F)(F)C(F)(F)C(F)(F)C(F)(F)COC(=O)C(F)(F)C(F)(F)C(F)(F)C(F)(F)C(=O)O*,egc,6.3052,,False
*C(F)(F)C1(F)C(F)(F)C(*)(F)C(F)(F)C(F)(Cl)C1(F)F,egc,7.2365,,False
*c1cc2c(nc(c(n2)c2ccc(cc2)Oc2ccc(cc2)c2c(nc3c(n2)cc(cc3)C(=O)*)c2ccccc2)c2ccccc2)cc1,tg,265.4,,False
*Oc1ccc(cc1)c1ccc(cc1)c1ccc(cc1)Oc1ccc(cc1)C(=O)c1cc(ccc1)C(=O)c1ccc(cc1)*,tg,174.0,,False
*C(C*)c1ccc(cc1)C(CCCCC)(O)C,tg,92.5,72.185302734375,True
*C(C*)C(=O)Oc1cc(ccc1)C(=O)OCC,tg,24.0,43.77259826660156,True
*Oc1c(cc(c(c1)OC(=O)c1ccc(cc1)OCCCC)OC(=O)CCCCCCCC(=O)*)OC(=O)c1ccc(cc1)OCCCC,tg,38.0,,False
*c1cc2c(C(=O)N(C2=O)c2cc(ccc2)Nc2nc(nc(n2)Nc2cc(ccc2)N2C(=O)c3c(C2=O)cc(cc3)C(=O)*)N(c2ccccc2)c2ccccc2)cc1,tg,290.0,280.3287353515625,True
*N1C(=O)c2c(C1=O)cc(cc2)C(=O)c1cc2c(C(=O)N(C2=O)CCCCCCCCCCC(=O)Nc2ccc(cc2)NC(=O)CCCCCCCCCC*)cc1,tg,125.0,144.2887725830078,True
*Oc1cc(ccc1)NC(=O)c1cc(cc(c1)C(C(C(C(C(C(C(C(F)(F)F)(F)F)(F)F)(F)F)(F)F)(F)F)(F)F)(F)F)C(=O)Nc1ccc(cc1)*,tg,210.0,186.65675354003906,True
*C(C*)(C(=O)OCc1occc1)C,tg,111.0,,False
*C(C*)(C(=O)OCCCCC)C,tg,6.0,,False
*N1C(=O)c2c(C1=O)cc(cc2)Oc1cc2c(C(=O)N(C2=O)c2c(ccc(c2)C(c2cc(c(cc2)OCCN(c2ccc(cc2)C=CC2=CC(=C(C(=O)OC)C#N)CC(C2)(C)C)c2ccccc2)*)(C(F)(F)F)C(F)(F)F)OCCN(c2ccc(cc2)C=CC2=CC(=C(C(=O)OC)C#N)CC(C2)(C)C)C)cc1,tg,207.0,211.0242462158203,True
*CC(*)c1ccc(C(=O)CCN2CCCCC2)cc1,egc,2.7084,3.1786127954560945,True
*C=CC(C(*)COCc1ccccc1)COCc1ccccc1,tg,-4.0,,False
*c1cc2c(C(=O)N(C2=O)c2ccc(cc2)Oc2c(c(ccc2)Oc2ccc(cc2)N2C(=O)c3c(C2=O)cc(cc3)C(*)(C(F)(F)F)C(F)(F)F)C#N)cc1,tg,280.0,,False
*c1ccc2n(c3c(c2c1)cc(cc3)Nc1ccc(cc1)C(=O)c1ccc(cc1)C(=O)c1ccc(cc1)N*)CC(CCCC)CC,tg,213.0,207.11631774902344,True
*CCOC(=O)c1ccc(O*)c(Cl)c1,egc,4.81,,False
*c1c(nc2c(n1)cc(cc2)Oc1cc2c(nc(c(n2)c2ccc(cc2)c2ccc(cc2)*)c2ccccc2)cc1)c1ccccc1,tg,410.0,,False
*Nc1ccc(cc1)Cc1ccc(cc1)NC(=O)c1ccc(cc1)C(=O)*,tg,294.5,276.9226989746094,True
*C(F)(F)C(=O)C(F)(F)O*,egc,5.2431,,False
*N1C(=O)C(=C(C1=O)c1ccccc1)c1ccc(cc1)C1=C(C(=O)N(C1=O)c1ccc(cc1)Oc1ccc(cc1)Oc1ccc(cc1)*)c1ccccc1,tg,249.0,258.3624572753906,True
*CCCCCCCCCCCCC(=O)O*,egc,6.7386,,False
*C(C*)c1ccc(cc1)OP1(=NP(=NP(=N1)(OCCOCCOCCOC)OCCOCCOCCOC)(OCCOCCOCCOC)OCCOCCOCCOC)OCCOCCOCCOC,tg,-66.5,-54.573787689208984,True
*c1cc2c(C(=O)N(C2=O)c2cc(ccc2)P(=O)(c2cc(ccc2)N2C(=O)c3c(C2=O)cc(cc3)C(*)(C(F)(F)F)C(F)(F)F)c2ccccc2)cc1,tg,271.0,,False
*C(C*)(C(=O)OCc1ccc(cc1)C=CC(=O)Oc1ccc(cc1)OC)C,tg,89.0,,False
*OCCOCCOCCCNC(=O)C(NC(=O)CCCCCCCCC(=O)NC(C(=O)NCCC*)Cc1ccccc1)Cc1ccccc1,tg,44.0,44.2783203125,True
*O[Si](*)(CCC(C(C(C(F)(F)F)(F)F)(F)F)(F)F)C,tg,-75.0,-54.84800338745117,True
*C(C*)OC(C)C,tg,-7.5,,False
*Oc1c(cc(cc1)Oc1ccc(cc1)C(=O)c1ccc(cc1)*)S(=O)(=O)O,tg,214.67,,False
*N1C(=O)C2C(C1=O)C(Cc1ccccc21)C1C(=O)N(C(=O)C1)c1cc(cc(c1)C(=O)OCCCCCC)*,tg,249.43,235.3726348876953,True
*c1nc2c(c(c1)c1ccccc1)cc(cc2)c1cc2c(nc(cc2c2ccccc2)c2ccc(cc2)C2(c3ccccc3C(=O)c3ccccc23)c2ccc(cc2)*)cc1,tg,417.0,385.176513671875,True
*OC(=O)C1=C(CCCC=C1C(=O)OCC*)N1CCCC1,tg,345.0,,False
*c1cc2c(C(=O)N(C2=O)c2c(cc(cc2C)Cc2cc(c(c(c2)C)N2C(=O)c3c(C2=O)cc(cc3)C(=O)Nc2c(ccc(c2)NC(=O)*)N=Nc2ccc(cc2)[N+](=O)[O-])C)C)cc1,tg,264.0,267.0179443359375,True
*Oc1cc(ccc1)N(c1ccc(cc1)c1ccc(cc1)N(c1cc(ccc1)OC(=O)OCCOCCOC(=O)*)c1ccc(cc1)N=Nc1ccc(cc1)[N+](=O)[O-])c1ccccc1,tg,107.25,118.5666275024414,True
*C(C*)CN,tg,190.0,35.061153411865234,True
*CC(CCCCCC)O*,egc,5.8686,,False
*C(=C(*)C)SCC,tg,160.0,,False
*SSSCc1ccc(cc1)C*,tg,8.0,,False
*N1C(=O)c2c(C1=O)cc(cc2)Oc1ccc(cc1)C(=O)Nc1ccc(cc1)Oc1ccc(cc1)*,tg,262.0,,False
*c1cc2c(C(=O)N(C2=O)c2ccc(cc2)Cc2ccc(cc2)N2C(=O)c3c(C2=O)cc(cc3)C(=O)c2ccc(cc2)Oc2ccc(cc2)S(=O)(=O)c2ccc(cc2)Oc2ccc(cc2)C(=O)*)cc1,tg,245.0,250.67510986328125,True
*c1cc(-c2ccc(CCCCCCCC)cc2)c(*)s1,egc,2.6682,,False
*C(=O)C(C=C1)=CC=C1C(S2)=CC=C2C(=S)*,egc,2.3592,,False
*N1C(=O)c2c(C1=O)cc(cc2)Oc1cc2c(cc1)ccc(c2)Oc1cc2c(C(=O)N(C2=O)c2ccc(cc2)Oc2ccc(cc2)*)cc1,tg,249.5,,False
*NNC(=O)c1c(cc(cc1)C(=O)*)OCCCCC,tg,234.0,84.23798370361328,True
*Oc1ccc(cc1)P(=O)(c1ccc(cc1)*)c1ccccc1,tg,240.0,266.6755065917969,True
*CCCCCCCCNC(=O)CCCCCCCCCCCCCCC(=O)N*,egc,5.8468,,False
*Oc1cc2c(cc1)ccc(c2)OC(=O)c1ccc(cc1)Oc1ccc(cc1)C(=O)*,tg,142.0,,False
*Nc1ccc(-c2ccc(NC(=C(C#N)C#N)c3ccc(-c4ccc(C(*)=C(C#N)C#N)cc4)cc3)cc2)cc1,egc,2.7741,,False
*Oc1ccc(NC(=O)c2cccc(C(=O)Nc3ccc(*)cc3)c2)cc1,egc,3.4563,,False
*NC(=S)Sc1cc(N)nc(*)n1,egc,3.0317,3.3410640985944555,True
*CC(CS(C)(=O)=O)O*,egc,5.2613,,False
*OC(=O)NCCCCCCNC(=O)OCC#CC*,tg,-45.0,,False
*S(=O)(=NP(=NP(=N*)(NC)NC)(NC)NC)NC,tg,22.0,-32.379180908203125,True
*CCOC(=O)CCCCSCCCCC(=O)O*,egc,5.1928,5.554490828290075,True
*C#CC#Cc1cc2sc(*)cc2s1,egc,1.7355,1.3554659590177363,True
*NC(Cc1ccccc1)C(*)=O,egc,5.5152,4.892654382802197,True
*N1C(=O)c2c(C1=O)cc(cc2)C(=O)Oc1ccc(cc1)OC(=O)CCCC*,tg,89.32,,False
*OC(=O)COCC(=O)OCCCC*,tg,-27.0,-25.411306381225586,True
*NC(=O)c1c(cc(cc1)C(=O)NCCCCCC*)Oc1ccc(cc1)Cl,tg,112.5,,False
*OCCCNC(=O)CCCCC(=O)NCCC*,tg,34.0,23.70647621154785,True
*CCCCC(C)CC(=O)N*,egc,6.0469,5.980280676791901,True
*Oc1ccc(cc1)N[Se]Nc1ccc(cc1)*,tg,55.0,,False
*C(=C*)CCCOC(=O)c1c(ccc(c1)c1ccc(cc1)OC)c1ccc(cc1)OC,tg,72.4,,False
*Nc1c(cc(cc1)NC(=O)c1ccc(cc1)NC(=O)CCCCCCCCCCC(=O)Nc1ccc(cc1)C(=O)*)C(=O)OCCCCCCCCCCCCCC,tg,199.5,,False
*c1ncc(cc1)C(=O)NCCCCCCNC(=O)*,tg,80.0,,False
*N1C(=O)c2c(C1=O)cc(cc2)Oc1cc2c(C(=O)N(C2=O)c2cc(ccc2)Oc2ccc(cc2)*)cc1,tg,233.75,,False
*Oc1cc2c(cc1)ccc(c2)OCCNC(=O)c1cc(ccc1)C(=O)NCC*,tg,143.0,,False
*C(C*)OC(=O)CC(c1ccccc1)(C)C,tg,20.0,,False
*OC(=O)c1cc(ccc1)C(=O)OCCc1ccc(cc1)NC(=O)c1cc(ccc1)C(=O)Nc1ccc(cc1)CC*,tg,142.0,155.18104553222656,True
*c1cc2c(C(=O)N(C2=O)c2ccc(cc2)C(=O)OCCCSCCCCSCCCOC(=O)*)cc1,tg,39.0,30.269134521484375,True
*CC(F)(F)C(F)(F)C(F)(F)C(F)(F)COC(=O)NCC(F)(F)C(F)(F)C(F)(F)C(F)(F)CNC(=O)O*,egc,6.8832,,False
*c1cc2c(C(=O)N(C2=O)c2ccc(cc2)Oc2cc(ccc2)Oc2ccc(cc2)N2C(=O)c3c(C2=O)cc(cc3)C(=O)Nc2ccc(cc2)C2(c3ccccc3c3ccccc23)c2ccc(cc2)NC(=O)*)cc1,tg,278.0,,False
*C(=O)c1ccc2c(c1)C(=O)N(c1cc(C(=O)O)cc(N3C(=O)c4ccc(*)cc4C3=O)c1)C2=O,egc,3.4931,,False
*N1C(=O)c2c(C1=O)cc(cc2)c1cc2c(C(=O)N(C2=O)c2ccc(cc2)c2nc(cc(c2)c2ccc(cc2)OCCCC#N)c2ccc(cc2)*)cc1,tg,360.0,,False
*C(C*)C(=O)Oc1ccc(cc1)C(C)(C)C,tg,71.0,,False
*c1ccc2c(nc([nH]2)c2ccc(cc2)c2nc3c([nH]2)ccc(c3)C(=O)Nc2cc(ccc2)NC(=O)c2cc(ccc2)NC(=O)*)c1,tg,312.0,308.6761169433594,True
*CCC(Cl)C(*)Cl,egc,6.5471,,False
*N1C(=O)c2c(C1=O)cc(cc2)S(=O)(=O)c1cc2c(C(=O)N(C2=O)c2c(cc(c(c2C)*)C)C)cc1,tg,418.0,372.2373352050781,True
*c1n(nc(c1)c1ccc(cc1)Oc1ccc(cc1)P(=O)(c1ccc(cc1)Oc1ccc(cc1)*)c1ccccc1)c1ccccc1,tg,239.0,256.7033386230469,True
*C(C*)C(=O)Nc1cc2C(=O)c3c(C(=O)c2cc1)cccc3,tg,128.0,,False
*c1cc2c(C(=O)N(C2=O)c2cc(ccc2)P(=O)(c2cc(ccc2)N2C(=O)c3c(C2=O)cc(cc3)C(*)(C(F)(F)F)C(F)(F)F)c2ccc(cc2)Oc2ccc(cc2)C23CC4CC(CC(C2)C4)C3)cc1,tg,298.0,269.3847351074219,True
*c1cc2c(C(=O)N(C2=O)c2cc(ccc2)Nc2nc(nc(n2)Nc2cc(ccc2)N2C(=O)c3c(C2=O)cc(cc3)C(=O)*)c2ccccc2)cc1,tg,292.0,,False
*OC(C)COC(=O)COCC(*)=O,egc,6.2412,6.113536623604189,True
*N1C(=O)c2c(C1=O)cc(cc2)C(=O)c1cc2c(C(=O)N(C2=O)CC(=O)Nc2cc(ccc2)Oc2ccc(cc2)NC(=O)C*)cc1,tg,226.0,,False
*C1C2C(C(C(C1*)C2)C(=O)OCCC12CC3CC(CC(C1)C3)C2)C(=O)OCCC12CC3CC(CC(C1)C3)C2,tg,300.0,,False
*Oc1ccc(S(=O)(=O)c2ccc(-c3ccc(-c4ccc(S(=O)(=O)c5ccc(*)cc5)cc4)cc3)cc2)cc1,egc,3.6921,3.619486035049299,True
*OC(=O)c1cc2c(cc1)cc(cc2)C(=O)OCCCCC*,tg,50.83,59.2260627746582,True
*CC(OC1CCCCC1)C1C(=O)OC(=O)C1*,egc,5.6267,,False
*c1ccc(-c2cc(-c3ccc(CCCCCCCC)cc3)c(*)s2)s1,egc,1.5651,,False
*C(=O)Nc1ccc(S(=O)(=O)c2ccc(NC(=O)c3ccc4[nH]c(-c5cccc(-c6nc7cc(*)ccc7[nH]6)c5)nc4c3)cc2)cc1,egc,3.6016,,False
*c1cc2c(C(=O)N(C2=O)c2ccc(cc2)Oc2ccc(cc2)S(=O)(=O)c2ccc(cc2)Oc2ccc(cc2)N2C(=O)c3c(C2=O)cc(cc3)C(=O)Nc2ccc(cc2)Oc2c(cccc2)c2c(cccc2)Oc2ccc(cc2)NC(=O)*)cc1,tg,236.0,256.443115234375,True
*C(C*)C(=O)OC12CC3CC(CC(C1)C3)C2,tg,153.0,,False
*c1cc2c(C(=O)N(C2=O)c2c(ccc(c2)N2C(=O)c3c(C2=O)cc(cc3)C(=O)Nc2ccc(cc2)Oc2ccc(cc2)c2ccc(cc2)Oc2ccc(cc2)NC(=O)*)C)cc1,tg,299.0,,False
*c1cc2c(C(=O)N(C2=O)c2cc(ccc2)Oc2cc(ccc2)Oc2cc(ccc2)N2C(=O)c3c(C2=O)cc(cc3)C(=O)*)cc1,tg,211.0,215.63818359375,True
*NC(=O)c1c(cc(cc1)C(=O)NCCCC*)Sc1ccccc1,tg,136.0,134.9298553466797,True
*c1c(ccc(c1)*)c1oc2c(n1)cccc2,tg,229.0,227.4365692138672,True
*c1oc(nn1)c1oc(cc1)c1oc(nn1)c1ccc(cc1)[Si](c1ccc(cc1)*)(c1ccccc1)c1ccccc1,tg,264.0,262.61920166015625,True
*OP(=O)(Oc1ccc(-c2ccc(*)cc2)cc1)OC1CCCCC1,egc,4.479,4.5421548624479655,True
*C1C(=O)N(C(=O)C1CC*)CCCCCC,tg,41.5,,False
*c1cc2Oc3c(C4(c2cc1)c1ccccc1c1ccccc41)ccc(c3)OC(=O)O*,tg,295.0,,False
*Nc1ccc(cc1)C(c1ccc(cc1)NC(=O)c1cc(cc(c1)N1C(=O)C2C(C1=O)CC=CC2)C(=O)*)(C)C,tg,308.0,,False
*c1cccc(-c2nnc(*)o2)c1,egc,4.1016,3.57703935716591,True
*c1oc2c(n1)cc(cc2)NC(=O)CCCCCCCCC(=O)Nc1cc2c(oc(n2)CCCCCC*)cc1,tg,86.0,,False
*NC(=O)CCCCCCCCCCCCCCC(=O)NCCCCCCCCCCCC*,tg,46.0,,False
*CC(C=C)O*,egc,4.8923,5.700362290912703,True
*C=C(*)c1cccc[n+]1CC#C,egc,0.3201,0.7091156146002077,True
*OC(=O)c1ccc(cc1)c1ccc(cc1)C(=O)OCCCCC*,tg,45.25,61.546138763427734,True
*C(C*)(C(=O)NC(=O)OC(COc1ccc(cc1)S(=O)(=O)c1ccc(cc1)OCC(O)C)C)C,tg,73.0,112.40096282958984,True
*Nc1ccc(cc1)c1c(cc(cc1c1ccc(cc1)c1ccccc1)c1ccc(cc1)c1cc(c(c(c1)c1ccc(cc1)c1ccccc1)c1ccc(cc1)NC(=O)c1ccc(cc1)C(=O)*)c1ccc(cc1)c1ccccc1)c1ccc(cc1)c1ccccc1,tg,305.0,,False
*Oc1ccc(cc1)NC(=O)c1ccc(cc1)C(=O)Nc1ccc(cc1)Oc1ccc(cc1)C(c1ccc(cc1)*)(C(F)(F)F)C(F)(F)F,tg,243.0,,False
*CC(COCCCCCC)O*,egc,5.6762,,False
*C(C*)c1ccc(cc1)COCCCCO,tg,20.0,13.541450500488281,True
*OP(=O)(OCCCCOc1c(cc(cc1)C=C1C(=O)C(=Cc2cc(c(cc2)OCCCC*)OC)CC1)OC)OC,tg,75.0,,False
*c1ccc(Oc2ccc(N3C(=O)c4ccc(S(=O)(=O)c5ccc6c(c5)C(=O)N(*)C6=O)cc4C3=O)cc2Br)c(Br)c1,egc,2.7192,3.0528540404011153,True
*C=Cc1ccc(*)c(F)c1,egc,2.259,2.3279915193572855,True
*Oc1c(cc(cc1)C(c1cc(c(cc1)OC(=O)CCCCC(=O)*)C)(C)C)C,tg,33.5,57.6957893371582,True
*Oc1c(cc(c(c1)OC(=O)c1ccc(cc1)OC)OC(=O)CCCC(=O)*)OC(=O)c1ccc(cc1)OC,tg,88.0,73.90078735351562,True
*c1c(c(cc(c1)N=Nc1ccc(cc1)C#N)*)O,tg,176.0,162.6947021484375,True
*C1OCC(OC1)CNC(=O)CCCCC(=O)NC*,tg,93.0,,False
*C=Cc1ccc(*)c2c1C(=O)OC2=O,egc,3.9313,2.6547098042047534,True
*C1COC2C1OCC2OC(=O)OCC(C(COC(=O)O*)OC)OC,tg,61.0,77.55357360839844,True
*NC(=O)CCP(=S)(CCC(=O)NCCCCCC*)c1ccccc1,tg,43.0,,False
*Oc1ccc(cc1)Oc1ccc(cc1)C(=O)c1ccc(cc1)NC(=O)c1cc(ccc1)C(=O)Nc1ccc(cc1)C(=O)c1ccc(cc1)*,tg,198.0,187.24781799316406,True
*CCOC(=O)NCCNC(=O)O*,egc,6.1962,,False
*c1ccc(Oc2ccc(Oc3ccc(-n4c(=O)c5cc6c(=O)n(*)c(=O)c6cc5c4=O)cc3)cc2)cc1,egc,2.0871,2.0883685964008007,True
*c1c(nc2c(c1c1ccccc1)cc(cc2)c1cc2c(nc(c(c2c2ccccc2)c2ccc(cc2)*)c2ccccc2)cc1)c1ccccc1,tg,376.25,341.9361267089844,True
*CCC1CC(*)C2CCCC12,egc,6.7838,6.572055835313762,True
*C(=O)COCC(=O)N1CCN(*)CC1,egc,5.5847,,False
*c1cc2c(C(=O)N(C2=O)c2cc(c(cc2)c2c(cc(cc2)N2C(=O)c3c(C2=O)cc(cc3)C(*)(C(F)(F)F)C(F)(F)F)C(F)(F)F)C(F)(F)F)cc1,tg,321.5,,False
*C(=O)Nc1ccc(Oc2ccc(NC(=O)c3cccc(*)n3)cc2)cc1,egc,3.4406,,False
*c1ccc(cc1)c1c(cc(c(c1c1ccccc1)c1ccccc1)c1cc(ccc1)c1c(c(c(c(c1)c1ccccc1)c1ccc(cc1)CCC*)c1ccccc1)c1ccccc1)c1ccccc1,tg,240.0,238.514404296875,True
*C(C*)(C(=O)N)C,tg,88.7,162.06959533691406,True
*NC(C=C1)=CC=C1C(S2)=CC=C2C(S3)=CC=C3*,egc,3.3427,,False
*C(=O)c1ccc2c(c1)C(=O)N(c1cccc(N3C(=O)c4ccc(*)cc4C3=O)c1C)C2=O,egc,3.3303,,False
*Oc1ccc(cc1)C(c1ccc(cc1)OC(=O)c1ccc(cc1)C(c1ccc(cc1)C(=O)*)(C(F)(F)F)C(F)(F)F)(C(F)(F)F)C(F)(F)F,tg,135.0,222.1239013671875,True
*NC(=O)CCCCCCCCCCC(=O)NCCCCCCCCCCC*,tg,39.0,,False
*C(C*)OCCCCCCCOc1ccc(cc1)c1ccc(cc1)C#N,tg,13.0,,False
*c1cc2c(C(=O)N(C2=O)c2ccc(cc2)C(=O)OCCCCCCCCCCCCOC(=O)*)cc1,tg,46.8,,False
*c1ccc(N2C(=O)c3ccc(-c4ccc5c(c4)C(=O)N(c4ccc6[nH]c(*)nc6c4)C5=O)cc3C2=O)cc1,egc,2.4895,,False
*C(C(*)(F)F)OC(F)(F)F,tg,-10.0,-37.1455192565918,True
*CCCCCCCCCCNCCCCCCN*,egc,5.4327,,False
*C(C*)(C(=O)OCCCCCCN(c1ccc(cc1)N=Nc1ccc(cc1)S(=O)(=O)C)C)C,tg,100.0,,False
*c1nnc(nc1c1ccc(cc1)Oc1ccc(cc1)C(c1ccc(cc1)Oc1ccc(cc1)*)(C)C)c1ncccc1,tg,220.0,,False
*[Si](CCC*)(c1ccc(cc1)C)c1ccc(cc1)C,tg,38.0,,False
*OC(CC)C(*)=O,egc,6.3762,,False
*Oc1ccc(cc1)CCNC(=O)c1cc(ccc1)C(=O)NCCc1ccc(cc1)OC(=O)c1cc(ccc1)C(=O)*,tg,147.0,,False
*c1cc2c(C(=O)N(C2=O)c2c(cc(cc2CC)Cc2cc(c(c(c2)CC)N2C(=O)c3c(C2=O)cc(cc3)C(=O)*)CC)CC)cc1,tg,296.0,,False
*c1cc2c(C(=O)N(C2=O)c2cc(ccc2)P(=O)(c2cc(ccc2)N2C(=O)c3c(C2=O)cc(cc3)C(=O)Nc2ccc(cc2)c2nc(cc(c2)c2ccccc2)c2ccc(cc2)NC(=O)*)c2ccccc2)cc1,tg,258.0,268.2791442871094,True
C(=O)(*)C1=CC=C(C=C1)S(=O)(=O)C1=CC=C(C=C1)C(=O)OC1=CC=C(C=C1)C(C1=CC=CC=C1)(C1=CC=CC=C1)C1=CC=C(C=C1)O(*),egc,3.2146,,False
*C(=O)c1ccc(C(=O)N(C)c2ccc(Cl)c(N(*)C)c2)cc1,egc,3.3332,3.7469769876516694,True
*CCNC(=O)c1cccc(O*)c1,egc,4.5918,,False
*CCCCCCCCCCOC(=O)CC=CCC(=O)O*,egc,6.0213,6.039918671071954,True
*c1cc2c(C(=O)N(C2=O)c2c(cccc2)Cc2ccc(cc2)N2C(=O)c3c(C2=O)cc(cc3)C(=O)*)cc1,tg,286.0,,False
*Oc1ccc(cc1)S(=O)(=O)c1ccc(cc1)Oc1c(cc(cc1C(C)C)C(c1cc(c(c(c1)C(C)C)*)C(C)C)(C)C)C(C)C,tg,175.0,,False
*C(C*)Cc1cc(ccc1)C,tg,38.75,,False
*N=P(*)(Oc1cc2c(cc1)cccc2)Oc1cc2c(cc1)cccc2,tg,47.0,47.53800582885742,True
*C1C(CC(C1)C=C*)C#N,tg,140.0,,False
*C1(OC(C(O1)(F)F)(F)C(F)(F)F)C(*)(F)F,tg,135.0,,False
*c1cc(-c2cc(CCCCCCCC)ccc2CCCCCCCC)c(*)s1,egc,1.6967,2.719071569727075,True
*Oc1ccc(cc1)S(=O)(=O)c1ccc(cc1)OC(=O)c1ccc(cc1)[Si](c1ccc(cc1)C(=O)*)(c1ccccc1)c1ccccc1,tg,250.0,175.2979736328125,True
*N1C(=O)C(CC1=O)Nc1cc(ccc1)NC1C(=O)N(C(=O)C1)c1c(cc(cc1C)C(c1cc(c(c(c1)C)*)C)c1cnccc1)C,tg,224.0,204.61976623535156,True
*c1ccc2c(nc([nH]2)c2cc(cc(c2)N2C(=O)c3c(C2=O)cccc3)c2nc3c([nH]2)ccc(c3)C(=O)Nc2ccc(cc2)S(=O)(=O)c2ccc(cc2)NC(=O)*)c1,tg,325.0,,False
*NC1CCC(CC1)CC1CCC(CC1)NC(=O)CCCCCCCCCCCCC(=O)*,tg,131.0,,False
*Oc1ccc(Sc2ccc(OC(*)=O)cc2)cc1,egc,4.473,,False
*NC(=O)CCCCCCCCCCCCCCCCC(=O)NCCCCCCCCCCCCCC*,tg,47.0,38.60433578491211,True
*c1sc(cc1CCCCCCCCCC)*,tg,-33.0,9.075004577636719,True
*OC(=O)CCCCC(=O)OCC(C*)CCCCCCOc1ccc(cc1)N=Nc1ccc(cc1)OC,tg,22.0,,False
*O[Si](*)(c1ccc(cc1)C)C,tg,-14.65,,False
*N1C(=O)c2c(C1=O)cc(cc2)Oc1ccc(cc1)C(=O)Nc1ccc(cc1)Oc1ccc(cc1)Oc1ccc(cc1)*,tg,242.0,,False
*C(C*)c1ccc(cc1)C(=O)Cc1ccccc1,tg,78.0,,False
*OC(=O)CCSCCC(=O)OCCOCC*,tg,-40.0,,False
*c1ccc(cc1)c1ccc(cc1)C(=Cc1ccc(cc1)C=C(*)c1ccccc1)c1ccccc1,tg,220.0,,False
*C(=O)C1CC1C(=O)N1CCN(*)CC1,egc,5.7206,,False
*OC(=O)c1ccc(cc1)c1ccc(cc1)c1ccc(cc1)C(=O)OCCCCCC*,tg,60.0,90.57791900634766,True
*N(CCNC(=O)c1ccc(cc1)[Si](c1ccc(cc1)C(=O)NCC*)(CCCC)CCCC)c1ccc(cc1)/C=C/c1ccc(cc1)[N+](=O)[O-],tg,115.0,110.1717300415039,True
*N(CC*)C(=O)CCCCCC,tg,10.0,,False
*Nc1c(cccc1)CCc1ccc(cc1)NC(=O)NCCCCCCNC(=O)*,tg,150.0,85.6822738647461,True
*c1ccc2c3n(c4ccc(cc4n3)Oc3cc4n5c(nc4cc3)c3cccc4c(ccc(c5=O)c34)Oc3ccc(cc3)C3(c4ccccc4c4ccccc34)c3ccc(cc3)O*)c(=O)c3cccc1c23,tg,396.0,386.9258728027344,True
*C(C*)C(=O)N1CCOCC1,tg,133.0,,False
*Oc1ccc(cc1)c1ccc(cc1)OCCCCCCCCOC(=O)Nc1c(cc(cc1)NC(=O)OCCCCCCCC*)C,tg,81.0,,False
*CC(*)OC(=O)C(F)(F)C(F)(F)F,egc,6.6309,6.6802469745588935,True
*C(C*)(C(=O)OCc1c(cccc1F)F)C,tg,82.0,,False
*c1ccc(-n2c(=O)c3cc4c(=O)n(*)c(=O)c4cc3c2=O)cc1,egc,2.8625,,False
*N(CC*)C(=O)C1(CCC1)c1ccc(cc1)Cl,tg,112.0,,False
*N(c1ccc(cc1)C(c1ccc(cc1)*)c1ccc(cc1)C(=O)OC)c1ccc(cc1)C,tg,222.0,,False
*c1sc(cc1CCCCCCCCCCCC)c1sc(c(c1)CCCCCCCCCCCC)c1ccc(cc1)*,tg,59.6,,False
*c1nc(nc(c1c1ccc(cc1)OC)OCCOC(=O)CCCCC(=O)OCCO*)c1ccc(cc1)OC,tg,48.0,,False
*[Si](C*)(CCCCCC)CCCCCC,tg,-56.0,-73.0085220336914,True
*c1cc2c(C(=O)N(C2=O)c2cc(cc(c2)c2c(=O)oc3c(cccc3)n2)N2C(=O)c3c(C2=O)cc(cc3)C(=O)*)cc1,tg,95.0,299.6012878417969,True
*CC1(CO*)CC=CCC1,egc,5.5732,,False
*Oc1ccc(cc1)C(=O)OCCN(CCOC(=O)c1ccc(cc1)OCC#CC#CC*)c1ccc(cc1)[N+](=O)[O-],tg,100.0,,False
*C1C2CC(C(C1*)C2)C(=O)OCCc1ccc(cc1)N(c1cc(ccc1)C)c1ccccc1,tg,305.0,174.26280212402344,True
*c1n(c(cc1)c1sc(cc1)c1sc(cc1)c1sc(cc1)*)CCCCCCCCCCCC,tg,53.0,,False
*C=CC(CN)C(*)C(=O)O,egc,5.3681,5.312042527107305,True
*CCCCCCNC(=O)NCCCCNC(=O)N*,egc,5.3951,5.81138145487099,True
*C1=C(C(=O)N(C1=O)CCCC)c1ccc(cc1)c1cc2C(c3c(c2cc1)ccc(c3)c1ccc(cc1)*)(CCCCCC)CCCCCC,tg,155.0,,False
*c1cc2c(C(=O)N(C2=O)c2ccc(cc2)C(=O)NCCN(CCNC(=O)*)c2ccc(cc2)C=Cc2ccc(cc2)[N+](=O)[O-])cc1,tg,178.0,,False
*CCCCCCCCCCCCCCCCCCCCOC(=O)C1CCC(C(=O)O*)CC1,egc,6.484,6.502913804862485,True
*Oc1ccc(cc1)CC(NC(=O)Cc1ccc(cc1)OC(=O)COCCOCC(=O)*)C(=O)OCC,tg,50.0,,False
*C(C*)(C(=O)Oc1ccc(cc1)C(=O)O)C,tg,110.0,127.1015396118164,True
*C(C*)C1=NC(C(=O)O1)(C)C,tg,92.0,,False
*Oc1ccc(cc1)S(=O)(=O)c1ccc(cc1)Oc1ccc(cc1)NC(=O)c1cc(ccc1)C(=O)Nc1ccc(cc1)*,tg,260.0,234.58680725097656,True
*OC(=O)CCCCCNC(=O)CCCCC(=O)NCCCCCC(=O)OCCCCCCCCCC*,tg,-12.0,-1.7886403799057007,True
*N1C(=O)c2c(C1=O)cc(cc2)S(=O)(=O)c1cc2c(C(=O)N(C2=O)c2ccc(cc2)C(c2ccc(cc2)*)c2ccccc2)cc1,tg,305.0,,False
*C1C(=O)N(C(=O)C1*)CCOc1ccc(cc1)c1ccc(cc1)C#N,tg,150.0,136.78741455078125,True
*c1c2C(=O)N(C(=O)c2c(c2ccccc12)c1ccc(cc1)Oc1ccc(cc1)S(=O)(=O)c1ccc(cc1)Oc1ccc(cc1)*)c1c(cccc1)c1ccccc1,tg,278.0,,False
*N1C(=O)c2c(C1=O)cc(cc2)Oc1c(cc(cc1C)C(c1cc(c(c(c1)C)Oc1cc2c(C(=O)N(C2=O)c2ccc(cc2)Oc2cc(c(cc2)c2c(cc(cc2)Oc2ccc(cc2)*)C)C)cc1)C)(C)C)C,tg,257.0,,False
*N(CC*)C(=O)c1c(cc(cc1F)F)F,tg,135.0,,False
*Oc1ccc(cc1)Oc1ccc(cc1)OCCCCCCOC(=O)OCCOC(=O)OCCCCCC*,tg,-4.0,,False
*Oc1ccc(cc1)N(c1ccc(cc1)c1ccc(cc1)N(c1ccc(cc1)OCCCCCCCCCCCC*)c1ccccc1)c1ccccc1,tg,92.0,125.74271392822266,True
*Nc1cc(ccc1)NC(=O)c1cc(cc(c1)NC(=O)c1ccncc1)C(=O)*,tg,321.0,273.6890563964844,True
*c1c([nH]c(n1)c1cc(ccc1)c1[nH]c(c(n1)c1ccc(cc1)Oc1ccc(cc1)C(=O)c1ccc(cc1)Oc1ccc(cc1)*)c1ccccc1)c1ccccc1,tg,279.0,,False
*Oc1ccc(cc1)C1(C2C3C(C(C1)C2)C1CCC3C1)c1ccc(cc1)OC(=O)*,tg,267.5,,False
*C=CC(C(*)C(=O)OCCCN(c1ccc(cc1)N(C)C)C)C,tg,16.0,14.358325004577637,True
*Oc1ccc(S(=O)c2ccc(OC(*)=O)cc2)cc1,egc,4.6592,,False
*OOC(C*)c1ccc(cc1)C,tg,4.6,,False
*N1C(=O)c2c(C1=O)cc(cc2)NC(=O)Nc1ccc(cc1)Oc1c(cccc1)c1c(cccc1)Oc1ccc(cc1)NC(=O)Nc1cc2c(C(=O)N(C2=O)c2ccc(cc2)c2nc(cc(c2)c2ccc(cc2)c2ccccc2)c2ccc(cc2)*)cc1,tg,249.0,264.4680480957031,True
*C(C(*)(F)F)F,tg,31.45,25.255599975585938,True
*CC(*)C(=O)CC,egc,5.6211,5.367678956072694,True
*N1C(=O)c2c(C1=O)cc(cc2)c1ccc(cc1)c1cc2c(C(=O)N(C2=O)CCCCCCCCCCCC*)cc1,tg,86.0,,False
*OC(=O)NCC(C(C(C(CNC(=O)OCCCC*)(F)F)(F)F)(F)F)(F)F,tg,33.0,,False
*OP(=O)(N=Nc1ccc(cc1)COC(=O)c1cc(cc(c1)C(C)(C)C)C(=O)OCc1ccc(cc1)N=NP(=O)(OCC*)OC)OC,tg,105.0,,False
*C(C*)c1ccc(cc1)[Si](O[Si](C)(C)C)(C)C,tg,35.5,,False
*OP(=O)(N=Nc1ccc(cc1)C(=O)c1ccc(cc1)N=NP(=O)(OCCCCCC*)OC)OC,tg,31.0,48.84016036987305,True
*c1nc2c(n1c1ccc(cc1)n1c(nc3c1cccc3)c1ccc(cc1)Oc1ccc(cc1)C(=O)c1ccc(cc1)Oc1ccc(cc1)*)cccc2,tg,242.0,,False
*OC(=O)CCSCc1ccc(CSCCC(*)=O)cc1,egc,4.567,,False
*c1cc2c(C(=O)N(C2=O)c2ccc(cc2)C(=O)c2cc(ccc2)C(=O)c2ccc(cc2)N2C(=O)c3c(C2=O)cc(cc3)C(=O)*)cc1,tg,276.0,275.0753173828125,True
*Oc1ccc(cc1)C(=O)OCCOC(=O)c1ccc(cc1)OCCCC*,tg,53.0,33.763893127441406,True
*c1ccc2c(nc([nH]2)c2ccc(cc2)C(=O)Nc2ccc(cc2)C(=O)Nc2ccc(cc2)NC(=O)*)c1,tg,295.0,306.1198425292969,True
*N1C(=O)c2c(C1=O)c(ccc2)Oc1c(c(cc(c1)C(C)(C)C)C(C)(C)C)Oc1c2c(C(=O)N(C2=O)c2ccc(cc2)Oc2ccc(cc2)*)ccc1,tg,238.0,,False
*Oc1ccc(CCNC(=O)c2cccc(C(*)=O)c2)cc1,egc,4.1401,4.315237232388746,True
*c1oc(nn1)c1ccc(cc1)Oc1ccc(cc1)C=Cc1ccc(cc1)Oc1ccc(cc1)*,tg,215.0,,False
*C1OCCCC1C1C(=O)OC(=O)C1*,tg,210.0,221.63047790527344,True
*Oc1ccc(cc1)C(c1ccc(cc1)OCC(C*)OC(=O)C=Cc1ccccc1)(C)C,tg,100.6,96.6082992553711,True
*Oc1c(cc(cc1C)C1(CC2C(CC1)CCCC2)c1cc(c(c(c1)C)Oc1ccc(cc1)C(=O)c1cc(ccc1)C(=O)c1ccc(cc1)*)C)C,tg,224.0,,False
*c1ccc(cc1)C=C(c1ccc(cc1)C(=Cc1ccc(cc1)C=Cc1c(cc(c(c1)OC)C=C*)OC)Oc1ccccc1)c1ccc(cc1)Oc1ccccc1,tg,175.0,169.7620849609375,True
*C(C*)(CC(=O)OCCOCCOC)C(=O)OCCOCCOC,tg,-59.4,-38.92375564575195,True
*C1CCN(CC1)C(=C(c1ccc(cc1)C(=O)OCC*)C#N)c1ccc(cc1)OC,tg,171.5,156.16131591796875,True
*Oc1ccc(cc1)CC(NC(=O)CCc1ccc(cc1)OC(=O)CCCC(=O)*)C(=O)OCC,tg,67.67,60.47380447387695,True
*Oc1ccc(cc1)NC(=O)c1cc2c(cc1)cc(cc2)C(=O)Nc1ccc(cc1)Oc1ccc(cc1)C1(C2CC3CC(CC1C3)C2)c1ccc(cc1)*,tg,266.0,259.9290771484375,True
*CCCCOC(=O)SSC(=O)O*,egc,4.2442,5.519228094946806,True
*C(F)(F)CC(F)(F)C(=S)*,egc,2.8419,,False
*C(C*)c1ccc(cc1)C(=O)c1ccc(cc1)C,tg,99.0,119.84661865234375,True
*C(C*)(C(=O)OCCCCCCOc1ccc(cc1)C(=O)Oc1ccc(cc1)C(=O)C=Cc1c(c2c(n1CCCC)cccc2)C)C,tg,85.0,78.0674057006836,True
*Oc1ccc(cc1)S(=O)(=O)c1ccc(cc1)Oc1c(cc(c(c1)C)C(c1c(cc(c(c1)C(C)C)*)C)c1c(cccc1)C(=O)O)C(C)C,tg,240.0,,False
*C(C*)(C(=O)OCCCCCCCCCCn1c2ccc(cc2c2ccccc12)C=C(c1ccc(cc1)[N+](=O)[O-])C#N)C,tg,40.0,68.83674621582031,True
*NNC(=O)CCCCCCCCCCCC(*)=O,egc,5.7041,,False
*c1cc2c(C(=O)N(C2=O)c2cc(ccc2)C(=O)Nc2ccc(cc2)Oc2ccc(cc2)c2ccc(cc2)Oc2ccc(cc2)NC(=O)c2cc(ccc2)N2C(=O)c3c(C2=O)cc(cc3)C(*)(C(F)(F)F)C(F)(F)F)cc1,tg,280.0,,False
*N=P(*)(OCc1ccc(cc1)Br)OCc1ccc(cc1)Br,tg,-0.8,,False
*c1oc(nn1)c1ccc(cc1)C(=O)OCCCCCCOc1ccc(cc1)C=C1C(=O)C(=Cc2ccc(cc2)OCCCCCCOC(=O)c2ccc(cc2)*)CCCC1,tg,104.0,86.58702850341797,True
*OC(C*)C1C(C(C1)(F)F)(F)F,tg,-25.0,48.645843505859375,True
*C(=O)c1ccc2c(c1)C(=O)N(c1ccc3c(c1)Cc1cc(N4C(=O)c5ccc(*)cc5C4=O)ccc1-3)C2=O,egc,2.2777,2.352250128974254,True
*c1nc2c(nc1)cc(cc2)Oc1ccc2c(nc(cn2)c2ccc(cc2)Oc2ccc(cc2)*)c1,tg,270.0,269.9276123046875,True
*Oc1ccc(cc1)C(c1ccc(cc1)Oc1c(cc(cc1)C(=O)c1ccc(cc1)C(=O)c1cc(c(cc1)*)C(F)(F)F)C(F)(F)F)(C)C,tg,171.0,152.8505859375,True
*Oc1c(cc(c(c1)OC(=O)c1ccc(cc1)OCC)OC(=O)CCCC(=O)*)OC(=O)c1ccc(cc1)OCC,tg,71.0,,False
*C(=O)Nc1cc(NC(=O)c2ccc3[nH]c(-c4cccc(-c5nc6cc(*)ccc6[nH]5)c4)nc3c2)cc(-c2nc3ccccc3[nH]2)c1,egc,3.2918,,False
*Oc1c(cc(cc1)C=C1C(=O)C(=Cc2cc(c(cc2)OC(=O)c2ccc(cc2)N=Cc2ccc(cc2)C=Nc2ccc(cc2)C(=O)*)OC)CC1)OC,tg,140.0,178.9787139892578,True
*c1cc(-c2ccc(OCCCCCC)cc2)c(*)s1,egc,2.6448,2.3927909284507245,True
*C(C*)OC(=O)c1ccc(cc1)OC,tg,73.83,,False
*Oc1ccc(cc1)C(c1ccc(cc1)OCC(C*)OC(=O)C)(c1ccccc1)C,tg,110.0,113.73026275634766,True
*c1ccc(C(c2ccccc2)(c2ccc(-n3c(=O)c4cc5c(=O)n(*)c(=O)c5cc4c3=O)cc2)C(F)(F)F)cc1,egc,2.7963,,False
*C=CCCCCCC*,egc,5.8437,,False
*CC(*)(C)C(=O)OCCC1CCCCC1,egc,6.5132,6.269954156611095,True
*C=NCCCCCCN=Cc1ccc(Sc2ccc(*)o2)o1,egc,3.6661,3.5390548008384926,True
*Oc1ccc(cc1)N1ON1c1ccc(cc1)OCCCCCCOC(=O)C(C(=O)OCCCCCC*)CCCCCCCCCCP(=O)(OCC)OCC,tg,12.5,,False
*Oc1cc(ccc1)OC(=O)Oc1ccc(cc1)C(c1ccc(cc1)OC(=O)*)(C)C,tg,83.1,80.37059020996094,True
*c1cc2c(C(=O)N(C2=O)c2ccc(cc2)C(=O)OCCCCCCCCCCOC(=O)*)cc1,tg,58.0,,False
*Nc1ccc(cc1)c1ccc(cc1)NC(=O)c1cc(ccc1)C(=O)*,tg,294.0,298.8448181152344,True
*CCCC(*)C,egc,7.1052,,False
*C1(c2c(C(=O)O1)cccc2)c1ccc(cc1)OC(=O)c1ccc(cc1)[Si](c1ccc(cc1)C(=O)Oc1ccc(cc1)*)(C)C,tg,214.0,,False
*c1cccc(-n2nc(-c3ccccc3)c3cc(Oc4ccc5c(-c6ccccc6)nn(*)c(=O)c5c4)ccc3c2=O)c1C#N,egc,3.4916,,False
*N1C(=O)C2C(C1=O)CC(CC2)C1CC2C(C(=O)N(C2=O)c2ccc(cc2)Cc2ccc(cc2)*)CC1,tg,260.0,,False
*CC(C)(C)COC(=O)CCC(=O)O*,egc,6.4486,,False
*N1C(=O)c2c(C1=O)cc(cc2)Oc1c(c(cc(c1)C(C)(C)C)C(C)(C)C)Oc1cc2c(C(=O)N(C2=O)c2ccc(cc2)Oc2ccc(cc2)*)cc1,tg,228.0,254.5643768310547,True
*C(C*)(C(=O)NC(=O)OCCOc1c(cc(cc1Br)S(=O)(=O)c1cc(c(c(c1)Br)OCCO)Br)Br)C,tg,110.0,,False
*Oc1ccc(C(C)(C)c2ccc(OC(*)=O)cc2)cc1,egc,5.2059,,False
*N=P(*)(OCc1ccccc1)OCc1ccccc1,tg,-31.4,,False
*c1cc(*)c(O)c(C=O)c1,egc,3.2778,,False
*C(=O)c1ccc2c(c1)C(=O)N(c1cccc(C#Cc3cccc(N4C(=O)c5ccc(*)cc5C4=O)c3)c1)C2=O,egc,2.4849,,False
*Oc1ccc(cc1)C(c1ccc(cc1)OC(=O)*)(CCC)CCC,tg,140.8,,False
*NC(=O)c1c(c(c(c(c1Cl)Cl)C(=O)NCCCCCC*)Cl)Cl,tg,268.83,167.10313415527344,True
*Nc1ccc(cc1)C(c1cc(ccc1)C(c1ccc(cc1)NC(=C(C#N)C#N)c1ccc(cc1)C(=C(C#N)C#N)*)(C)C)(C)C,tg,208.0,210.8771209716797,True
*C(C*)(C(=O)OCCCCCCOc1ccc(cc1)C(=O)Oc1c2c(c(cc1)N=Nc1ccc(cc1)Br)cccc2)C,tg,46.0,,False
*CCCCCCCCCCOCCCCCCCCCCOCCCCCO*,egc,5.9245,,False
*C1OCOC(C1)C*,tg,68.0,95.8914566040039,True
*c1cc2c(C(=O)N(C2=O)c2ccc(cc2)Oc2ccc(cc2)S(=O)(=O)c2ccc(cc2)Oc2ccc(cc2)N2C(=O)c3c(C2=O)cc(cc3)C(=O)Nc2ccc(cc2)Oc2ccc(cc2)C2(c3c(C(=O)N2)cccc3)c2ccc(cc2)Oc2ccc(cc2)NC(=O)*)cc1,tg,283.0,,False
C13C(C=*)OC(C=*)C1C(=O)N(C2=CC=C(C(F)(F)F)C=C2)C3=O,egc,5.369,,False
*C(=O)c1ccc2c(c1O)C(=O)N(c1ccc(Oc3ccc(N4C(=O)c5ccc(*)c(O)c5C4=O)cc3)cc1)C2=O,egc,2.4208,,False
*Oc1cc(ccc1)Oc1ccc(cc1)S(=O)(=O)c1ccc(cc1)*,tg,170.0,,False
*Oc1ccc(cc1)N(c1ccc(cc1)c1ccc(cc1)N(c1ccc(cc1)*)c1ccccc1)c1ccccc1,tg,218.0,,False
*OC(CCCCCC)CC(*)=O,egc,6.7534,6.242055024391046,True
*c1cc2Oc3c(C4(c2cc1)c1ccccc1c1ccccc41)ccc(c3)OC(=O)c1ccc(cc1)C(=O)O*,tg,290.0,328.3729553222656,True
*Oc1ccc(cc1)Oc1ccc(cc1)OC(=O)c1cc(ccc1)Oc1ccc(cc1)Oc1cc(ccc1)C(=O)*,tg,104.0,,False
*C(C(*)(F)F)(Cl)F,tg,60.41,,False
*OC(=O)OCC1CCC(CC1)C*,tg,38.7,67.26061248779297,True
*C1C(=O)N(C(=O)C1C(C*)(C)C)C(C)C,tg,145.0,127.35100555419922,True
*c1cc2c(C(=O)N(C2=O)c2cc(ccc2)N2C(=O)c3c(C2=O)cc(cc3)C(=O)Nc2ccc(cc2)Oc2ccc(cc2)C2(c3c(C(=O)N2)cccc3)c2ccc(cc2)Oc2ccc(cc2)NC(=O)*)cc1,tg,320.0,297.1797790527344,True
*c1cc2c(C(=O)N(C2=O)c2ccc(cc2)C2(CCC(CC2)C)c2ccc(cc2)NC(=O)*)cc1,tg,322.0,305.6341857910156,True
*C(C*)(C(=O)OCCCCCC(=O)Oc1ccc(cc1)OC(=O)c1ccc(cc1)OC)C,tg,40.0,41.437374114990234,True
*Nc1cc(ccc1)NC(=O)c1cc(cc(c1)NC(=O)c1ccccc1)C(=O)*,tg,300.0,306.3193359375,True
*CC(CCl)(CCl)COC(=O)c1ccc(C(=O)O*)cc1,egc,4.7184,,False
*N1C(=O)c2c(C1=O)cc(cc2)Oc1c(cccc1)Oc1cc2c(C(=O)N(C2=O)c2cc(c(cc2)Oc2c(cc(cc2C)c2cc(c(c(c2)C)Oc2c(cc(cc2)*)C(F)(F)F)C)C)C(F)(F)F)cc1,tg,270.0,252.9228973388672,True
*C(C*)(C(=O)OCc1c(cc(cc1)Cl)Cl)C,tg,19.4,,False
*Oc1ccc(cc1)Oc1ccc(cc1)OCCCCCCOC(=O)OCCCCCCCCCOC(=O)OCCCCCC*,tg,-20.0,-6.148706912994385,True
*c1cc2c(C(=O)OC2=Nc2cc(ccc2)Oc2ccc(cc2)N=C2OC(=O)c3c2cc(cc3)C(=O)*)cc1,tg,253.0,,False
*NC(=O)CCCCCCCCC(=O)NCC1CCC(CC1)C*,tg,89.0,86.80670166015625,True
*C(C*)OC(=O)c1ccc(cc1)OC(=O)CCC,tg,61.0,,False
*OC(=O)c1ccc(C(*)=O)cc1,egc,4.5736,4.634093014307223,True
*C=CCC*,tg,-89.57,,False
*C1COC2C1OCC2Oc1ccc(cc1)NC(=O)CCCCCCC(=O)Nc1ccc(cc1)O*,tg,72.5,,False
*Oc1ccc(cc1)CC(NC(=O)CCc1ccc(cc1)OC(=O)CCCCC(=O)*)C(=O)OCCOCCOCC,tg,15.0,24.258956909179688,True
*C(=O)Nc1ccc(Cc2ccc(N3C(=O)c4ccc(*)cc4C3=O)cc2)cc1,egc,3.1109,,False
*CCCCCCCCCCCCNC(=O)CCCCCCCCCCCCC(=O)N*,egc,6.028,,False
*Oc1ccc(cc1)S(=O)(=O)c1ccc(cc1)Oc1ccc(cc1)C(c1ccc(cc1)Oc1ccc(cc1)C(=O)c1ccc(cc1)*)(C)C,tg,175.0,,False
*C(C*)CCC1CCCCC1,tg,40.0,,False
*c1cc2c(C(=O)N(C2=O)c2c(cc(cc2C)C(c2cc(c(c(c2)C(C)C)N2C(=O)c3c(C2=O)cc(cc3)C(*)(C(F)(F)F)C(F)(F)F)C)(c2ccccc2)C(F)(F)F)C(C)C)cc1,tg,289.0,306.9092712402344,True
*OC1CCC(CC1)OC(=O)OCCCCOC(=O)*,tg,30.0,,False
*CC(*)c1ccc(C(=O)CCN2CCOCC2)cc1,egc,3.2629,2.6933976519567406,True
*Oc1cccc(OC(=O)c2ccc(Oc3ccc(C(*)=O)cc3)cc2)c1,egc,4.2359,,False
*OC1(F)C(C)C(C)(C2(Cl)CNCNC2*)CC1(C)C,egc,5.4515,,False
*c1cc2c(C(=O)N(C2=O)c2ccc(cc2)N2C(=O)c3c(C2=O)cc(cc3)C(=O)Nc2ccc(cc2)Oc2c(cccc2)c2c(cccc2)Oc2ccc(cc2)NC(=O)*)cc1,tg,268.0,290.04718017578125,True
*CC1CC(*)CN(c2nc(N)nc(N)n2)C1,egc,5.1254,,False
*N1C(=O)c2c(C1=O)cc(cc2)Oc1cc2c(cc1Oc1cc3c(C(=O)N(C3=O)c3cc(ccc3)Oc3ccc(cc3)*)cc1)cccc2,tg,226.0,222.26904296875,True
*c1cc2c(C(=O)N(C2=O)c2ccc(cc2)OCCOCCOc2ccc(cc2)N2C(=O)c3c(C2=O)cc(cc3)C(*)(C(F)(F)F)C(F)(F)F)cc1,tg,187.5,199.5122528076172,True
*Oc1c2c(c(cc1)c1c3c(c(cc1)Oc1ccc(cc1)Oc1c(c(ccc1)Oc1ccc(cc1)*)C)cccc3)cccc2,tg,156.0,196.62591552734375,True
*Nc1ccc(C(C)(C)c2ccc(NC(=O)c3cc(C(*)=O)cc(N4C(=O)C5CC=CCC5C4=O)c3)cc2)cc1,egc,3.5748,,False
*OC(=O)c1ccc(cc1)C(=O)OCCCCCCCC*,tg,23.0,16.326635360717773,True
*CC(*)C(=O)OCC=C,egc,6.066,,False
*Oc1c(cc(cc1Br)C(c1cc(c(c(c1)Br)OC(=O)*)Br)(C)C)Br,tg,206.75,,False
*OC(=O)c1ccc(cc1)C(=O)OCCCCCCCCCC*,tg,5.33,,False
*OC(=O)c1cc2c(cc1)cc(cc2)C(=O)OCCCCCCCC*,tg,53.0,,False
*Oc1c(cc(c(c1)C(C)(C)C)Oc1ccc(cc1)C(=O)Nc1c(cc(cc1C)C(c1cc(c(c(c1)C)NC(=O)c1ccc(cc1)*)C)(C)C)C)C(C)(C)C,tg,295.0,,False
*NOC(=O)O*,egc,6.2663,6.808329433717449,True
*c1c(nc2c(n1)cc(cc2)c1cc2c(nc(c(n2)c2ccc(cc2)Sc2ccc(cc2)*)c2ccccc2)cc1)c1ccccc1,tg,281.0,,False
*CONO*,egc,6.4799,,False
*N1C(=O)c2c(C1=O)cc(cc2)C(=O)Oc1cc2c(cc1)cc(cc2)OC(=O)c1cc2c(C(=O)N(C2=O)CCOCCOCC*)cc1,tg,105.0,109.1856460571289,True
*C(C*)OC(CC)C,tg,-26.0,,False
*CCCCCC(=O)NCCCCCOCCCCCNC(=O)CCCCO*,egc,5.905,,False
*Oc1ccc(cc1)Oc1ccc(cc1)OC(=O)c1c(cccc1)c1c(cccc1)C(=O)*,tg,147.0,130.00189208984375,True
*ON(C(F)(F)F)C(F)(F)C(F)=C(F)C(*)(F)F,egc,4.6645,6.14066314691195,True
*C(C*)N,tg,57.0,35.763484954833984,True
*Oc1ccc(cc1)C(c1ccc(cc1)OC(=O)c1cc(ccc1)C(=O)*)(c1ccccc1)c1ccccc1,tg,229.0,,False
*c1cc2c(oc(n2)c2ccc(cc2)C(c2ccc(cc2)c2oc3c(n2)cc(cc3)C(*)(c2ccccc2)C(F)(F)F)(C(F)(F)F)C(F)(F)F)cc1,tg,334.0,307.9936828613281,True
*N1C(=O)c2c(C1=O)cc(cc2)C(=O)Nc1ccc(cc1)Oc1ccc(cc1)Oc1ccc(cc1)NC(=O)C*,tg,242.0,251.740234375,True
*CCCCCCCCCOc1ccc(C=CC=Cc2ccc(O*)cc2)cc1,egc,3.5795,,False
*C(*)(F)Cl,egc,3.6564,,False
*c1nc2c(nc1)cc(cc2)S(=O)(=O)c1cc2c(nc(cn2)c2ccc(cc2)*)cc1,tg,342.0,,False
*C(C*)C(=O)OCCc1ccccc1,tg,-3.0,,False
*C(C*)(CC(=O)OCC(C)C)C(=O)OCC(C)C,tg,105.0,,False
*Oc1c(cc(c(c1)C(C)(C)C)Oc1ccc(cc1)C(=O)Nc1ccc(cc1)C(c1ccc(cc1)NC(=O)c1ccc(cc1)*)(C)C)C(C)(C)C,tg,254.0,,False
*Oc1cc(C)c(*)c(C)c1Br,egc,4.5779,4.737529451072075,True
*Oc1c(cccc1)C(=O)OC(=O)c1c(cccc1)OC(=O)C(C(C(=O)*)C)C,tg,45.0,,False
*N1C(=O)c2c(C1=O)cc(cc2)c1cc2c(C(=O)N(C2=O)c2cc(ccc2)C(=O)Nc2ccc(cc2)Oc2cc(ccc2)Oc2ccc(cc2)NC(=O)c2cc(ccc2)*)cc1,tg,253.0,,False
*c1ccc(-c2nnc(-c3cccc(-c4nnc(*)o4)c3)o2)cc1,egc,3.4013,,False
*C(=O)C1CC(OC(C)=O)CN1*,egc,4.1614,,False
*C(C(CCCCCCC*)c1ccc(cc1)O)c1c(cc(cc1)O)C,tg,4.0,5.942596435546875,True
*C(C*)(C(=O)OCCO[Si](C)(C)C)C,tg,89.0,,False
*C(C*)CCCCCCC,tg,-47.0,,False
*C(C*)c1ccc(cc1)[Si](O[Si](O[Si](C)(C)C)(C)C)(C)C,tg,-27.0,,False
*Oc1ccc(cc1)CC(NC(=O)CCc1ccc(cc1)OC(=O)COCC(=O)*)C(=O)OCc1ccccc1,tg,76.0,,False
*Oc1ccc(C(CC)(c2ccccc2)c2ccc(OC(*)=S)cc2)cc1,egc,4.1012,4.315961515854516,True
*Oc1ccc(cc1)S(=O)(=O)c1ccc(cc1)Oc1c(cc(cc1)C(c1cc(c(cc1)*)C(O)(C(F)(F)F)C(F)(F)F)(C)C)C(O)(C(F)(F)F)C(F)(F)F,tg,167.0,,False
*c1cc2c(C(=O)N(C2=O)c2ccc(cc2)C2(c3ccccc3c3ccccc23)c2ccc(cc2)N2C(=O)c3c(C2=O)cc(cc3)C(=O)*)cc1,tg,368.2,372.3493957519531,True
*C(C*)(C(=O)OCCCC)Cl,tg,42.0,,False
*C(C=C1)=CC=C1C(C=C2)=CC=C2C(=S)O*,egc,3.2538,3.092855888508422,True
*OC(=O)c1ccc(cc1)C(=O)OCC(C(C*)CCCCCCCCCCCCCCCC)CCCCCCCCCCCCCCCC,tg,-27.0,2.22760009765625,True
*NC(CC(=O)*)C,tg,115.0,52.5228385925293,True
*O[Si](O[Si](O[Si](O[Si](O[Si](c1ccc(cc1)Oc1ccc(cc1)[Si](*)(C)C)(C)C)(C)C)(C)C)(C)C)(C)C,tg,-65.0,,False
*c1cc2C(c3c(c2cc1)ccc(c3)c1ccc(cc1)*)(CCCCCCBr)CCCCCCBr,tg,117.2,103.7813720703125,True
*C=CC(C*)CC,egc,5.4701,,False
*CC(S1)=CC=C1C(C=C2)=CC=C2C(S3)=CC=C3*,egc,3.3769,3.0288626512790167,True
*O[Si](*)(CCCOCC1OC(=O)OC1)C,tg,-32.2,-41.269439697265625,True
*OC(=O)Nc1ccc(cc1)Cc1ccc(cc1)NC(=O)OCC(C*)(C)C,tg,94.0,,False
*Oc1ccc(cc1)c1ccc(cc1)Oc1ccc(cc1)C(=O)c1c2c(ccc1)cccc2C(=O)c1ccc(cc1)*,tg,226.5,,False
*N1C(=O)c2c(C1=O)cc(cc2)c1cc2c(C(=O)N(C2=O)c2cc(cc(c2)C(=O)NCCCCCC)*)cc1,tg,256.9,268.0804138183594,True
*c1ccc(-c2cc(CCCCCCOC(=O)COc3ccccc3)c(*)s2)s1,egc,1.9751,,False
*C(C*)(C(=O)OC)CCC,tg,73.75,,False
*C(C*)OCC,tg,-37.29,,False
*N(c1ccc(cc1)c1ccc(cc1)N(c1ccc(cc1)C(c1ccc(cc1)*)c1ccccc1)c1ccc(cc1)C)c1ccc(cc1)C,tg,239.0,,False
*c1cc2c(C(=O)N(C2=O)c2ccc(cc2)Oc2ccc(cc2)C(c2ccc(cc2)Oc2ccc(cc2)N2C(=O)c3c(C2=O)cc(cc3)C(*)(C(F)(F)F)C(F)(F)F)(C)C)cc1,tg,244.4,246.30690002441406,True
*OC(C(=O)OCC*)C,tg,-21.0,-20.839609146118164,True
*O[Si](*)(CCCCCCOc1ccc(cc1)C(=O)Oc1ccc(cc1)C(=O)OCC(CC)C)C,tg,-10.9,,False
*Oc1ccc(cc1)CC(NC(=O)CCc1ccc(cc1)OC(=O)COCC(=O)*)C(=O)OCCCCCCCC,tg,40.0,45.170772552490234,True
*N1C(=O)C2CCC3C(C2C1=O)C(=O)N(C3=O)c1ccc(cc1)Oc1ccc(cc1)Oc1ccc(cc1)*,tg,274.0,296.6521911621094,True
*CC(O*)c1ccccc1,egc,5.2866,,False
*OC(=O)c1ccc(cc1)C(c1ccc(cc1)C(=O)OCCCC*)(C)C,tg,44.0,,False
*CCCCCCOC(=O)NNC(=O)CCCCCCCCC(=O)NNC(=O)O*,egc,5.8625,5.875893166065852,True
*OC(=O)OCC(OC)C(COC(=O)OC1COC2C(*)COC12)OC,egc,6.3606,,False
*C1C(=O)N(C(=O)C1CC*)CCCC,tg,67.9,,False
*C(C*)(C(=O)OCC)F,tg,94.0,,False
*Oc1ccc(NC(=O)c2cc(NC(=O)C34CC5CC(CC(C5)C3)C4)cc(C(=O)Nc3ccc(*)cc3)c2)cc1,egc,3.5033,,False
*c1cc2c(C(=O)N(C2=O)c2c(cc(cc2C(C)C)Cc2cc(c(c(c2)C(C)C)N2C(=O)c3c(C2=O)cc(cc3)C(*)(C(F)(F)F)C(F)(F)F)C(C)C)C(C)C)cc1,tg,278.5,253.0865478515625,True
*OP(=O)(N=Nc1ccc(cc1)C(=O)c1ccc(cc1)N=NP(=O)(OCCOCC*)OC)OC,tg,33.0,,False
*C1C(=O)N(C(=O)C1*)c1c(cccc1CC)CC,tg,288.0,,False
*NC(=S)NC(C=C1)=CC=C1CC(C=C2)=CC=C2*,egc,3.7839,3.759116543057123,True
*Oc1ccc(cc1)CC(NC(=O)CCc1ccc(cc1)OC(=O)CCCCC(=O)*)C(=O)OCC,tg,58.8,54.37150192260742,True
*CCCOC(=O)Cc1ccc(CC(=O)O*)cc1,egc,5.2766,,False
*Oc1ccc(cc1)C=NN=Cc1ccc(cc1)Oc1ccc(cc1)C(c1ccc(cc1)*)(C(F)(F)F)C(F)(F)F,tg,162.0,159.75440979003906,True
*c1nc2cc3nc(-c4ccc(*)o4)[nH]c3cc2[nH]1,egc,2.2261,,False
*c1nc2c(c(c1c1ccccc1)c1ccccc1)cc(cc2)Oc1cc2c(nc(cc2c2ccccc2)c2ccc(cc2)Oc2ccc(cc2)*)cc1,tg,305.0,,False
*NC(CC(=O)OCc1ccccc1)C(*)=O,egc,5.316,5.208086719232411,True
*C(C*)C(=O)OCCCSCC,tg,-76.0,-60.43135452270508,True
*Oc1ccc(cc1)C=CC(=O)OCCN(CCOC(=O)C=Cc1ccc(cc1)OCCCCC*)c1ccc(cc1)N=Nc1ccc(cc1)[N+](=O)[O-],tg,92.0,,False
*N(CC*)C(=O)Cc1ccc(cc1)C(F)(F)F,tg,75.0,,False
*c1cc2c(C(=O)N(C2=O)c2ccc(cc2)Cc2ccc(cc2)N2C(=O)c3c(C2=O)cc(cc3)C(=O)Oc2ccc(cc2)OCCCCCCCCCCCCOc2ccc(cc2)OC(=O)*)cc1,tg,125.0,97.26177978515625,True
*c1cc2c(C(=O)N(C2=O)c2cc(cc(c2)c2oc3c(n2)cccc3)N2C(=O)c3c(C2=O)cc(cc3)C(=O)Nc2cc(cc(c2)c2nc3c([nH]2)cccc3)NC(=O)*)cc1,tg,371.0,,False
*c1ccc(-c2nc3cc(-c4ccc5nc(-c6ccccc6)c(*)nc5c4)ccc3nc2-c2ccccc2)cc1,egc,3.3015,3.032023638667105,True
*c1cc2c(C(=O)N(C2=O)c2ccc(cc2)Oc2c(cc(cc2)Oc2ccc(cc2)N2C(=O)c3c(C2=O)cc(cc3)C(=O)Nc2ccc(cc2)Oc2ccc(cc2)C2(c3c(C(=O)N2)cccc3)c2ccc(cc2)Oc2ccc(cc2)NC(=O)*)C)cc1,tg,293.0,295.0869445800781,True
*C(C*)(C(=O)OCCCc1ccc(cc1)N=Nc1ccc(cc1)OC(F)(F)F)C,tg,211.5,,False
*OC(=O)c1ccc(cc1)c1ccc(cc1)C(=O)OCCCCCCCCCC*,tg,46.0,36.192752838134766,True
*N1C(=O)c2c(C1=O)cc(cc2)Oc1ccc(cc1)Sc1ccc(cc1)Oc1cc2c(C(=O)N(C2=O)c2ccc(cc2)c2ccc(cc2)*)cc1,tg,257.0,234.560791015625,True
*CCCS(=O)(=O)CCCS(=O)(=O)CCCOC(=O)c1ccccc1C(=O)O*,egc,5.0984,5.58317213135927,True
*Oc1ccc(cc1)Oc1ccc(cc1)Oc1ccc(cc1)C(=O)c1ccc(cc1)*,tg,150.5,148.6519012451172,True
*OP(=O)(N=Nc1ccc(cc1)Oc1ccc(cc1)N=NP(=O)(OCCOCC*)OC)OC,tg,32.0,25.852256774902344,True
*OC(F)(F)C(F)(F)C(F)(F)C(*)(F)F,egc,9.0549,,False
*C(C*)(C(=O)OCCCCCCCCCCOc1ccc(cc1)N=Nc1ccccc1)C,tg,56.0,56.61793899536133,True
*OC(=O)C1CCC(C(=O)OC2COC3C(*)COC23)CC1,egc,6.4746,,False
*Oc1ccc(cc1)CC(NC(=O)CCc1ccc(cc1)OC(=O)CC(CCC(=O)*)C)C(=O)OCCCC,tg,35.0,,False
*C(=O)c1ccc2c(c1)C(=O)N(c1cccc(Cc3ccc(C(=O)c4ccc(N5C(=O)c6ccc(*)cc6C5=O)cc4)cc3)c1)C2=O,egc,2.9158,,False
*C=CC1CC(*)C(C(=O)Oc2ccccc2)C1C(=O)Oc1ccccc1,egc,5.2819,,False
*NNC(=O)c1cc(cc(c1)NC(=O)c1cc2c(C(=O)N(C2=O)c2ncccc2C)cc1)C(=O)NNC(=O)C(=O)*,tg,134.1,,False
*c1n(c(nn1)c1cc(ccc1)c1n(c(nn1)c1ccc(cc1)*)c1ccccc1)c1ccccc1,tg,265.0,,False
*Oc1c(cc(cc1Cl)C(c1cc(c(c(c1)Cl)OC(=O)c1ccc(cc1)OCCCCCCCCCCOc1ccc(cc1)C(=O)*)Cl)(C)C)Cl,tg,140.0,,False
*C(C*)CCCI,tg,30.0,,False
*OC(C*)CCCC,tg,-69.0,-77.81644439697266,True
*OC(=O)Nc1ccc(cc1)Cc1ccc(cc1)NC(=O)OCc1cc(cc(c1)C(C)(C)C)C*,tg,114.0,106.86034393310547,True
*C(C*)C(=O)OCCCCCCOc1cc(c(cc1)C=Nc1ccc(cc1)OCCCCC)O,tg,36.0,57.35299301147461,True
*N1C(=O)C2C3C4C(C(C2C1=O)C=C3)C(=O)N(C4=O)C1CCC(CC1)CC1CCC(CC1)*,tg,239.0,253.6719512939453,True
*C(C*)C(=O)OCF,tg,15.0,,False
*Oc1c(cc(cc1)C1(CC2C(CC1)CCCC2)c1cc(c(cc1)OC(=O)c1cc(ccc1)C(=O)*)C)C,tg,207.0,,False
*C(C(C(C*)OCCCC)(C(=O)OC)C)(C(=O)OC)C,tg,97.5,,False
*c1cc(CC)c(*)s1,egc,2.3523,2.2089586731093647,True
*c1nc2c([nH]1)ccc(c2)NC(=O)c1ccc(cc1)OCCOc1ccc(cc1)C(=O)Nc1ccc(cc1)*,tg,225.0,,False
*NC(=O)NCCCCCCCCCCNC(=O)NCCCCCCCCCCCCCC*,tg,40.0,,False
*c1cc2c(C(=O)N(C2=O)c2ccc(cc2)Oc2c(cc(cc2C)Cc2cc(c(c(c2)C)Oc2ccc(cc2)N2C(=O)c3c(C2=O)cc(cc3)C(=O)*)C)C)cc1,tg,290.0,,False
*NNC(=O)C(=O)NNC(=O)CCCCC(*)=O,egc,4.5812,,False
*Oc1c(cc(cc1OC)C=Cc1ccc(cc1)C=Cc1ccc(cc1)C=Cc1cc(c(c(c1)OC)OCCCCCCCC*)OC)OC,tg,78.7,,False
*Cc1ccc(C(=O)N*)cc1,egc,5.0419,4.707527987884887,True
*c1nc(ccc1)C=Cc1c2c(ccc1OC(=O)c1ccc(cc1)C(=O)Oc1c(c3c(cc1)cccc3)C=C*)cccc2,tg,145.0,160.3132781982422,True
*N1C(=O)c2c(C1=O)cc(cc2)Oc1ccc(cc1)C1(CCC(CC1)C(C)(C)C)c1ccc(cc1)Oc1cc2c(C(=O)N(C2=O)c2ccc(cc2)Oc2ccc(cc2)C2(C3C4C(CCC4)C(C2)C3)c2ccc(cc2)Oc2ccc(cc2)*)cc1,tg,257.0,253.905029296875,True
*OC(=O)CCCCCCCCCCCC*,tg,-41.37,-34.44899368286133,True
*C(C*)(C(=O)OCCCCCC)C,tg,-7.25,,False
*c1cc(-c2nc3ccccc3s2)cc(-n2c(=O)c3cc4c(=O)n(*)c(=O)c4cc3c2=O)c1,egc,2.4436,2.6078272848807678,True
*CCCOC(=O)CCCCCCC(=O)O*,egc,6.9244,,False
*C(C*)(C(=O)OCCN(c1ccc(cc1)N=Nc1sc2c(n1)ccc(c2)[N+](=O)[O-])CC)C,tg,140.0,144.5476837158203,True
*Oc1c(C(C)C)cc(C(*)=O)cc1C(C)C,egc,4.7789,4.03829241348393,True
*C(C=C1)=CC=C1OC(=S)O*,egc,4.7568,4.018004481373003,True
*Nc5ccc(NC(=O)c4ccc(C3(c1ccc(C(*)=O)cc1)OC(=O)c2ccccc23)cc4)cc5,egc,3.4199,3.344578277420745,True
*CCCCCCCCCCNC(=O)CCCCCCCCC(=O)N*,egc,5.9125,,False
*C(C*)c1c(cccc1)COCCCC,tg,67.0,43.810943603515625,True
*N1C(=O)c2c(C1=O)c(ccc2)Oc1ccc(cc1)Oc1ccc(cc1)Oc1c2c(C(=O)N(C2=O)c2ccc(cc2)Oc2cc(ccc2)Oc2ccc(cc2)*)ccc1,tg,198.0,,False
*c1c2c(C(=O)N(C2=O)N2C(=O)c3c(C2=O)cc(cc3)Sc2ccc(cc2)Sc2ccc(cc2)S*)ccc1,tg,242.0,,False
*c1cc2c(C(=O)N(C2=O)c2ccc(cc2)Oc2ccc(cc2)N2C(=O)c3c(C2=O)cc(cc3)C(=O)Nc2ccc(cc2)Oc2c(cccc2)c2c(cccc2)Oc2ccc(cc2)NC(=O)*)cc1,tg,239.0,,False
*C(=O)C(C=C1)=CC=C1C(C=C2)=CC=C2C(=S)*,egc,2.4596,2.667630760065648,True
*CCCCCCCCn1c(=O)c2ccc3c4ccc5c(=O)n(*)c(=O)c6ccc(c7ccc(c1=O)c2c37)c4c56,egc,2.0224,1.8472855321096049,True
*c1sc(cc1)c1cc(c(cc1)Oc1ccc(cc1)C1(c2ccccc2c2ccccc12)c1ccc(cc1)Oc1c(cc(cc1)*)C(F)(F)F)C(F)(F)F,tg,169.0,207.5668487548828,True
*CCCP(CCCNC(=O)C(=O)N*)c1ccccc1,egc,4.5841,,False
*CCCCCCOC(=O)CCCCCCCCC(=O)O*,egc,6.8548,6.665398198338406,True
*N1C(=O)c2c(C1=O)cc(cc2)C(c1cc2c(C(=O)N(C2=O)CCC*)cc1)(C(F)(F)F)C(F)(F)F,tg,190.0,177.1867218017578,True
*c1c2c(c(nn1)c1ccc(cc1)Oc1ccc(cc1)C(c1ccc(cc1)Oc1ccc(cc1)*)(C)C)c(c(c(c2c1ccccc1)c1cc2c(cc1)cccc2)c1cc2c(cc1)cccc2)c1ccccc1,tg,286.0,297.5213317871094,True
*c1cc2c(C(=O)N(C2=O)c2cc(c(cc2)Oc2c(cc(cc2)N2C(=O)c3c(C2=O)cc(cc3)C(*)(C(F)(F)F)C(F)(F)F)Br)Br)cc1,tg,299.0,,False
*Oc1ccc(cc1)C(=O)Nc1cc(cc(c1)c1nc2c([nH]1)cccc2)NC(=O)c1ccc(cc1)OCCOCCOCCOCCOCC*,tg,145.0,,False
*N1C(=O)c2c(C1=O)c(ccc2)Oc1ccc(cc1)C(c1ccc(cc1)Oc1c2c(C(=O)N(C2=O)c2cc(ccc2)*)ccc1)(C)C,tg,222.5,241.3914337158203,True
*OC(=O)CCCCCC(=O)OCCOCC*,tg,-59.67,-61.775875091552734,True
*C(C*)c1c(cccc1)COCc1ccccc1,tg,72.0,,False
*c1cc(SCCCCCC)c(*)s1,egc,1.6201,,False
*c1ccc(cc1)C(C(*)(C(=O)OCC(C)C)C#N)(C(=O)OCC(C)C)C#N,tg,108.0,128.20001220703125,True
*Oc1cc2c(cc1)ccc(c2)Oc1ccc(cc1)C(=O)Nc1ccc(cc1)Oc1ccc(cc1)Oc1ccc(cc1)NC(=O)c1ccc(cc1)*,tg,191.0,190.19749450683594,True
*CC(*)OC(=O)c1ccc(OC(C)=O)cc1,egc,4.6237,,False
*c1ccc(C(=O)Nc2ccc(-n3c(=O)c4cc5c(=O)n(*)c(=O)c5cc4c3=O)cc2C(=O)OCC)cc1,egc,2.463,,False
*OC(=O)C=CC(=O)NCCCCCCNC(=O)C=CC(=O)OCCOCCOCCOCC*,tg,52.0,,False
*Oc1cc2c(cc1)ccc(c2)Oc1ccc(cc1)C(=O)Nc1ccc(cc1)Oc1ccc(cc1)C(c1ccc(cc1)Oc1ccc(cc1)NC(=O)c1ccc(cc1)*)(c1ccccc1)C,tg,177.0,,False
*CC(=O)NCCCCCCNC(=O)COC(=O)CCCCC(=O)O*,egc,6.0986,,False
*C([2H])([2H])C(*)(F)F,egc,7.1497,6.938146665353298,True
*CCCCCCOC(=O)CCCC(=O)O*,egc,6.6665,,False
*Oc1ccc(OC(=O)c2ccc(C(*)=O)cc2)cc1Cl,egc,3.9402,,False
*c1nc2c(nc1c1ccccc1)cc(cc2)c1cc2c(nc(c(n2)c2ccc(cc2)*)c2ccccc2)cc1,tg,367.45,,False
*c1cc2c(C(=O)N(C2=O)c2c(ccc(c2)C(=O)Oc2ccc(cc2)C(c2ccc(cc2)OC(=O)c2cc(c(cc2)C)N2C(=O)c3c(C2=O)cc(cc3)C(*)(C(F)(F)F)C(F)(F)F)(C(F)(F)F)C(F)(F)F)C)cc1,tg,289.0,271.0063171386719,True
*N1C(=O)c2c(C1=O)cc(cc2)Oc1ccc(cc1)c1ccc(cc1)Oc1cc2c(C(=O)N(C2=O)c2ccc(cc2)Oc2ccc(cc2)Oc2ccc(cc2)Oc2ccc(cc2)*)cc1,tg,212.0,224.9200439453125,True
*C(F)C(*)(F)OC(F)(F)F,egc,8.1265,8.451289704663871,True
*CC(*)(F)C(=O)OCC(F)(F)C(F)(F)C(F)(F)C(F)(F)C(F)(F)C(F)F,egc,6.4283,,False
*C1COC2C1OCC2OC(=O)C(NC(=O)CCCCCCC(=O)NC(C(=O)O*)C)C,tg,57.0,,False
*c1ccc(Oc2cccc(-n3c(=O)c4cc5c(=O)n(*)c(=O)c5cc4c3=O)c2)cc1,egc,2.5637,,False
*CC1CC(*)CC(O)C1,egc,6.4795,6.233226916887394,True
*Nc1ccc(cc1)C(c1ccc(cc1)NC(=O)c1cc(cc(c1)NC(=O)c1ccccc1)C(=O)*)(C)C,tg,303.5,,False
*N1C(=O)c2c(C1=O)cc(cc2)c1cc2c(C(=O)N(C2=O)c2c(cc(cc2C)C(c2cc(c(c(c2)C)*)C)c2cc(cc(c2)C(F)(F)F)C(F)(F)F)C)cc1,tg,317.4,,False
*C1CC(C)(C)OC1*,egc,5.8529,5.974810837391985,True
*Oc1ccc(cc1)C(c1ccc(cc1)OC(=S)*)(CC)CC,tg,121.0,128.37403869628906,True
*CCCC(*)C#N,egc,7.8211,,False
*C(=O)SSCCCCSSC(=O)N1CCN(*)CC1,egc,4.2166,3.4459387681036913,True
*Nc1ccc(cc1)CC(NC(=O)CCCCCCCCC(=O)*)(C)C,tg,92.0,103.12215423583984,True
*c1cncc(-c2nnc(-c3nnc(*)o3)o2)n1,egc,3.6277,2.7611747794492936,True
*Oc1ccc(cc1)C(c1ccc(cc1)OC(=O)c1ccc(cc1)Cc1ccc(cc1)C(=O)*)(C)C,tg,187.5,180.15660095214844,True
*c1c([nH]c(n1)c1ccc(cc1)c1[nH]c(c(n1)c1ccc(cc1)Oc1ccc(cc1)C(=O)c1ccc(cc1)Oc1ccc(cc1)C(=O)c1ccc(cc1)Oc1ccc(cc1)*)c1ccccc1)c1ccccc1,tg,245.0,267.4935607910156,True
*C(C*)(C(=O)OCCOC(=O)c1cc(cc(c1)[N+](=O)[O-])[N+](=O)[O-])C,tg,89.64,123.38616180419922,True
*c1sc(cc1C(=O)OCC(C(C(F)(F)F)(F)F)(F)F)*,tg,129.0,,False
*c1ccc(-c2ccc(-c3cc(-c4ccccc4)c4cc(-c5ccc6nc(*)cc(-c7ccccc7)c6c5)ccc4n3)cc2)cc1,egc,3.1298,,False
*N1C(=O)c2c(C1=O)cc(cc2)C(=O)Nc1ccc(cc1)Oc1c(c(c(c(c1F)F)Oc1ccc(cc1)NC(=O)C*)F)F,tg,254.0,246.93101501464844,True
*CCCC1(C)CCN(C(=O)CCC(=O)N2CCC(*)(C)CC2)CC1,egc,5.3334,5.1406512089412555,True
*CC(*)(C)C#N,egc,7.6319,6.631102151068956,True
*Oc1ccc(cc1)CC(NC(=O)CCc1ccc(cc1)OC(=O)CCCCCCC(=O)*)C(=O)OCCCCCC,tg,26.45,29.846010208129883,True
*CCC(=O)OC(=O)CCc1ccc(*)o1,egc,4.5192,,False
*C(C*)OC(=O)c1c(cccc1)OC(=O)C,tg,59.5,73.67452239990234,True
*CC(=O)NC(=O)*,egc,4.269,,False
*Nc1ccc(NC(=S)NC(=O)c2cccc(C(=O)NC(*)=S)c2)cc1,egc,3.3129,,False
*c1cc2c(C(=O)N(C2=O)c2c(cccc2)C(=O)c2ccc(cc2)N2C(=O)c3c(C2=O)cc(cc3)C(=O)*)cc1,tg,286.0,,False
*CCCCCOC(=O)CCC(C)CC(=O)O*,egc,6.7005,,False
*N1C(=O)c2c(C1=O)cc(cc2)c1cc2c(C(=O)N(C2=O)c2ccc(cc2)Oc2ccc(cc2)C(c2ccc(cc2)Oc2ccc(cc2)*)(C(F)(F)F)C(F)(F)F)cc1,tg,246.0,,False
*CC1CCC(CNC(=O)CCCCCCC(=O)N*)CC1,egc,5.8707,,False
*N(C(=O)CCCC(=O)N(CCCCCC*)C)C,tg,3.0,,False
*c1cc2c(C(=O)N(C2=O)c2c3c(ccc2)c(ccc3)Oc2ccc(cc2)N2C(=O)c3c(C2=O)cc(cc3)C(=O)Nc2nc(nc(n2)NC(=O)*)c2ccccc2)cc1,tg,291.0,,False
*Oc1ccc(cc1)OC(=O)c1cc(cc(c1)OCCCCCCCCCCC(C(C(C(C(C(C(C(C(C(F)(F)F)(F)F)(F)F)(F)F)(F)F)(F)F)(F)F)(F)F)(F)F)(F)F)C(=O)*,tg,137.0,,False
*N1C(=O)c2c(C1=O)cc(cc2)Oc1cc2c(cc1)cc(cc2)Oc1cc2c(C(=O)N(C2=O)c2cc(ccc2)Oc2ccc(cc2)*)cc1,tg,225.0,223.6590118408203,True
*C(=C(*)c1ccccc1)c1cc(ccc1)[Ge](C)(C)C,tg,200.0,,False
*C(C(CC*)Cl)Cl,tg,69.4,-27.451162338256836,True
*c1cc2c(C(=O)N(C2=O)c2c(cc(c(c2)C)N2C(=O)c3c(C2=O)cc(cc3)C(*)(C(F)(F)F)C(F)(F)F)C)cc1,tg,347.0,,False
*Oc1ccc(cc1)NC(=O)c1c(ccc(c1)C(c1cc(c(cc1)C(=O)O)C(=O)Nc1ccc(cc1)Oc1ccc(cc1)C(c1ccc(cc1)*)(C(F)(F)F)C(F)(F)F)(C(F)(F)F)C(F)(F)F)C(=O)O,tg,260.0,,False
*CCCOC(=O)CCCCC(=O)O*,egc,6.7235,,False
*c1ccc(-c2nc3ccc(Oc4ccc5nc(*)c(-c6ccccc6)nc5c4)cc3nc2-c2ccccc2)cc1,egc,3.199,3.1310309771976716,True
*C1C(C(C(C1)C=C*)C(=O)OCCCCCCOc1ccc(cc1)c1ccc(cc1)C#N)C(=O)OCCCCCCOc1ccc(cc1)c1ccc(cc1)C#N,tg,41.93,,False
*C(C*)(C(=O)OCCCCCCOc1ccc(cc1)N=Nc1ccc(cc1)OCCCCCCCCCC)C,tg,110.0,,False
*CCOCCOCCOCCOCCOc1ccc(C(=O)Nc2cc(NC(=O)c3ccc(O*)cc3)cc(-c3nc4ccccc4[nH]3)c2)cc1,egc,3.9357,3.9489123432061635,True
*Oc1c(cc(cc1)S(=O)(=O)c1cc(c(cc1)OCC(COc1ccc(cc1)C(c1ccc(cc1)OCC(C*)O)(C)C)O)C)C,tg,117.5,,False
*c1oc(nn1)c1ccc(cc1)C(=O)OCCCCCCCCOc1ccc(cc1)C=C1C(=O)C(=Cc2ccc(cc2)OCCCCCCCCOC(=O)c2ccc(cc2)*)CCCC1,tg,98.0,,False
*Nc1ccc(cc1)Cc1ccc(cc1)NC(=O)c1cc(cc(c1)NC(=O)CCCCCCCCCCN1C(=O)c2c(C1=O)cccc2)C(=O)*,tg,150.0,195.2091522216797,True
*O[Si](*)(CCCCCOc1ccc(cc1)/C=C/c1ccc(cc1)OC)C,tg,52.0,,False
*O[Si](O[Si](O[Si](O[Si](O[Si](OC(CCCCC(*)C)C)(C)C)(C)C)(C)C)(C)C)(C)C,tg,-104.0,-107.1946029663086,True
*CC(*)C(=O)n1sc2ccccc2c1=O,egc,1.2252,,False
*N1C(=O)c2c(C1=O)cc(cc2)C(c1cc2c(C(=O)N(C2=O)CC2CC(CCC2)C*)cc1)(C(F)(F)F)C(F)(F)F,tg,222.0,206.916748046875,True
*N1C(=O)c2c(C1=O)cc(cc2)Oc1c(cc(cc1C)C(c1cc(c(c(c1)C)Oc1cc2c(C(=O)N(C2=O)c2ccc(cc2)Oc2ccc(cc2)C2(C3C4C(CCC4)C(C2)C3)c2ccc(cc2)Oc2ccc(cc2)*)cc1)C)(C)C)C,tg,262.0,,False
*C(=O)NNC(=O)c1cccc(C(=O)NNC(=O)c2cccc(*)n2)c1,egc,4.479,,False
*N1C(=O)c2c(C1=O)cc(cc2)Oc1cc2c(C(=O)N(C2=O)c2cc(c(cc2)Oc2ccc(cc2)C(=O)c2cc(ccc2)*)C(F)(F)F)cc1,tg,224.0,,False
*N1C(=O)c2c(C1=O)cc(cc2)Oc1c(cccc1)Oc1cc2c(C(=O)N(C2=O)c2cc(c(cc2)Oc2ccc(cc2)c2ccc(cc2)Oc2c(cc(cc2)*)C(F)(F)F)C(F)(F)F)cc1,tg,208.0,,False
*O[Si](*)(CCCOc1c(cc(cc1)C(=O)OC1CC2=CCC3C(CCC4(C(CCC34)C(CCCC(C)C)C)C)C2(CC1)C)S(=O)(=O)O[K])C,tg,112.6,98.41155242919922,True
*C(C*)(C(=O)OCCCCCCOc1ccc(cc1)C(=O)Oc1ccc(cc1)C(=O)C=Cc1c(c2c(n1C)cccc2)C)C,tg,98.0,,False
*C1N(CC(C1)OC(=O)*)C(=O)OCc1ccccc1,tg,78.0,110.69574737548828,True
*CC(*)c1cc(Br)ccc1OCC,egc,4.458,,False
*O[Si](c1cc(ccc1)[Si](*)(C)C)(C)C,tg,-52.0,-29.093490600585938,True
*Oc6ccc(C5(c3ccc(OC(=O)c2ccc(Oc1ccc(C(*)=O)cc1)cc2)cc3)OC(=O)c4ccccc45)cc6,egc,4.0357,,False
*C(F)(F)C(F)(F)CC(=S)*,egc,3.089,,False
*Oc1ccc(cc1)CC(NC(=O)CCc1ccc(cc1)OC(=O)CCCCCCCCC(=O)*)C(=O)OCCCCCCCC,tg,14.25,,False
*c1nc2c(c(c1)c1ccccc1)cc(cc2)C1(c2ccccc2c2ccccc12)c1cc2c(nc(cc2c2ccccc2)c2ccc(cc2)C2(c3ccccc3C(=O)c3ccccc23)c2ccc(cc2)*)cc1,tg,385.0,394.6119079589844,True
*c1cc2c(C(=O)N(C2=O)c2ccc(cc2)Sc2ccc(cc2)N2C(=O)c3c(C2=O)cc(cc3)C(*)(C(F)(F)F)C(F)(F)F)cc1,tg,293.67,305.68017578125,True
*C(C(CCCCCCCC*)Cl)Cl,tg,-30.0,,False
*Oc1ccc(S(=O)(=O)c2ccc(Oc3ccc(NC(=O)c4cc(NC(=O)c5ccncc5)cc(C(=O)Nc5ccc(*)cc5)c4)cc3)cc2)cc1,egc,3.3418,3.3857860928421917,True
*OC(=O)c1c(cc(cc1)C(=O)OCCN(CC*)c1ccc(cc1)C=C(C#N)C#N)OCCC,tg,94.0,,False
*SCC(C*)(CC)C,tg,-50.0,-35.19363021850586,True
*C1C(=O)N(C(=O)C1CC*)CCCCCCCCCCCCCC,tg,62.4,37.3745231628418,True
*Oc1ccc(cc1)C(=O)OC(COC(=O)c1ccc(cc1)OC(=O)c1ccc(cc1)C(=O)*)C,tg,87.0,,False
*Nc1cc(ccc1)NC(=O)CCCCC(=O)Nc1cc(ccc1)NC(=S)NC(=O)CCCCC(=O)NC(=S)*,tg,236.0,,False
*Oc1c(cc(cc1)Oc1ccc(cc1)C(=O)c1ccc(cc1)*)c1cc(ccc1)C(F)(F)F,tg,134.0,,False
*C(C*)(CC(=O)OC1CCCCC1)C(=O)OC1CCCCC1,tg,142.0,110.16229248046875,True
*C(=O)Nc1cccc(C(=O)Nc2cccc(NC(=O)c3ccc4[nH]c(-c5cccc(-c6nc7cc(*)ccc7[nH]6)c5)nc4c3)c2)c1,egc,3.186,,False
*COCOCCCO*,egc,6.5721,,False
*OC(=O)c1ccc(cc1)N=CNc1ccc(cc1)C(=O)OCCCC*,tg,91.0,73.96942138671875,True
*Oc1c(cc(cc1)OC(=O)c1c(cc(cc1)C(=O)*)Sc1ccccc1)C,tg,130.0,,False
*Oc1ccc(cc1)C(c1ccc(cc1)OCC(CN(CC(C*)O)c1ccc(cc1)N=Nc1ccc(cc1)[N+](=O)[O-])O)(C)C,tg,59.0,109.7686538696289,True
*N1C(=O)c2c(C1=O)cc(cc2)Oc1cc2c(C(=O)N(C2=O)Cc2oc(cc2)C(c2oc(cc2)C*)(C)C)cc1,tg,116.0,,False
*OC(=O)NCCCCCCNC(=O)OCCOCCOCC*,tg,-9.67,5.186431884765625,True
*Oc1cc2c(cc1)ccc(c2)OCCNC(=O)c1ccc(cc1)C(=O)NCC*,tg,159.0,,False
*CC1CCC(CNC(=O)CCCCCCCCC(=O)N*)CC1,egc,5.7331,,False
*C(C*)(C(F)(F)F)F,tg,46.0,,False
*O[Si](O[Si](O[Si](c1ccc(cc1)[Si](*)(C)C)(C)C)(C)C)(C)C,tg,-62.0,,False
*CCCC(C)(C)CNC(=O)CCCCC(=O)N*,egc,5.8218,5.75720675626903,True
*c1ccc(-c2ccc(*)c(Cl)c2)cc1Cl,egc,3.6381,,False
*c1sc(cc1)c1sc(cc1)[Si]([Si](*)(CCCC)CCCC)(CCCC)CCCC,tg,-20.0,,False
*c1cc2c(C(=O)N(C2=O)c2ccc(cc2)C(=O)Nc2ccc(cc2)C(=O)OCCCCCCCCCCOC(=O)*)cc1,tg,102.0,97.05928802490234,True
*OS(=O)(=O)c1ccc(cc1)Oc1ccc(cc1)S(=O)(=O)Oc1ccc(cc1)C(c1ccc(cc1)*)(C)C,tg,110.0,117.599609375,True
*CCCOC(=O)CC(=O)O*,egc,6.6256,,False
*Oc1ccc(cc1)C(c1ccc(cc1)Oc1c(c(c(c(c1F)F)COC(c1cc(ccc1)C(OCc1c(c(c(c(c1F)F)*)F)F)(C(F)(F)F)C(F)(F)F)(C(F)(F)F)C(F)(F)F)F)F)(C)C,tg,98.0,,False
*C=CC1CC(*)C(C#N)([Si](C)(C)O[Si](C)(C)C)C1,egc,5.5917,,False
*Oc1ccc(cc1)C(=O)NCC(CCCNC(=O)c1ccc(cc1)*)(C)C,tg,155.0,,False
*OP(=O)(N=Nc1ccc(cc1)c1ccc(cc1)N=NP(=O)(OCCOCC*)OC)OC,tg,22.0,31.972518920898438,True
*Oc1c2c(c(cc1)C=Cc1c(cc(c(c1)OC)C=Cc1c3c(c(cc1)OCCOCCOCC*)cccc3)OC)cccc2,tg,79.5,,False
*Oc1c(cc(cc1)OCCCC(=O)NNC(=O)c1ccc(cc1)C(=O)NNC(=O)CCC*)C,tg,125.5,,False
*Oc1ccc(cc1)Nc1ccc(cc1)N=Nc1ccc(cc1)Nc1ccc(cc1)*,tg,169.0,,False
*OC1CCC(OC(=O)NCCNC(*)=O)CC1,egc,6.0582,6.165328425238249,True
*c1ccc(-c2ccc3[nH]c(-c4nc5cc(*)ccc5[nH]4)nc3c2)cc1,egc,3.3322,,False
*c1cc2c(C(=O)N(C2=O)c2c(ccc(c2)N2C(=O)c3c(C2=O)cc(cc3)C(*)(C(F)(F)F)C(F)(F)F)C)cc1,tg,307.0,,False
*OC1C(CCCC1)OC(=O)*,tg,117.3,136.1497039794922,True
*Oc1ccc(C2(c3ccc(OC(=O)c4ccc(C(*)=O)cc4)cc3)CCC(C(C)(C)C)CC2)cc1,egc,3.1462,,False
*C(C*)OC(=O)C(Cl)(Cl)Cl,tg,59.0,76.78008270263672,True
*S(=O)(=O)C1C2CCC(C1*)C2,tg,33.0,160.27256774902344,True
*N1C(=O)c2c(C1=O)cc(cc2)Oc1cc2c(C(=O)N(C2=O)c2cc(ccc2)Oc2c(c(ccc2)Oc2cc(ccc2)Oc2c(c(ccc2)Oc2cc(ccc2)*)C#N)C#N)cc1,tg,176.0,,False
*C1C2C(C(=O)N(C2=O)c2ccccc2)C(C1)C=C*,tg,220.0,,False
*Oc1ccc(cc1)CC(NC(=O)CCc1ccc(cc1)OC(=O)COCCOCC(=O)*)C(=O)OCc1ccccc1,tg,55.0,,False
*Oc1ccc(cc1)NC(=O)c1ccc(cc1)Oc1ccc(cc1)C(c1cc(ccc1)C(c1ccc(cc1)Oc1ccc(cc1)C(=O)Nc1ccc(cc1)Oc1ccc(cc1)C(c1ccc(cc1)*)(C(F)(F)F)C(F)(F)F)(C)C)(C)C,tg,154.0,,False
*c1ccc(Oc2ccc(S(=O)(=O)c3ccc(Oc4ccc(-c5c6c(c(*)c7ccccc57)C(=O)N(C)C6=O)cc4)cc3)cc2)cc1,egc,3.443,2.7288478035336534,True
*CC(*)n1nnc2ccccc21,egc,4.0479,,False
*NC(=O)c1cc(ccc1)C(=O)NCC1CCC(CC1)C*,tg,208.0,174.1779327392578,True
*OC(C)C(=O)NC(C)C(*)=O,egc,5.6199,,False
*Oc1cccc2c(OC(=O)Oc3ccc(OC(*)=O)cc3)cccc12,egc,4.0608,4.28055154694017,True
*C1CCC(*)C1,egc,6.6766,,False
*O[Si](*)(CCCOc1ccc(cc1)C(=O)OC1CC2=CCC3C(CCC4(C(CCC34)C(CCCC(C)C)C)C)C2(CC1)C)C,tg,61.1,,False
*OC(C*)COC(C(F)(F)F)(C(F)(F)F)F,tg,-43.0,,False
*C=C(*)c1ccc(N)cc1,egc,0.2588,,False
*c1nc(nc(n1)c1ccc(cc1)Oc1ccc(cc1)C(c1ccc(cc1)Oc1ccc(cc1)*)(C(F)(F)F)C(F)(F)F)c1ccccc1,tg,241.0,225.6453399658203,True
*Nc1ccc(cc1)C(c1ccc(cc1)NC(=O)c1cc(cc(c1)C(C)(C)C)C(=O)*)(P1(=O)c2ccccc2c2ccccc2O1)P1(=O)c2ccccc2c2ccccc2O1,tg,235.0,,False
*SCCCCCCCCCCC(=O)NCCc1ccc(cc1)CCNC(=O)CCCCCCCCCC*,tg,58.0,43.84815979003906,True
*CCCCCCCCCCCCOC(=O)CCCCCNC(=O)CCCCC(=O)NCCCCCC(=O)O*,egc,5.3312,6.121206672493297,True
*C(F)(F)C(=O)C(F)(F)C(=O)*,egc,4.4683,,False
*C(C*)(CC(=O)OCCCCCCC)C(=O)OCCCCCCC,tg,-23.67,-22.29180335998535,True
*Nc1ccc(cc1)C(c1ccc(cc1)C(c1ccc(cc1)Nc1ccc(cc1)C(c1ccc(cc1)C(c1ccc(cc1)*)(c1ccccc1)O)(c1ccccc1)O)(C)C)(C)C,tg,177.0,,False
*c1cc2c(C(=O)N(C2=O)c2ccc(cc2)Cc2ccc(cc2)Cc2ccc(cc2)N2C(=O)c3c(C2=O)cc(cc3)C(=O)*)cc1,tg,341.0,,False
*OC(=O)C1CCC(CC1)C(=O)OCC*,tg,25.0,17.30596923828125,True
*C1COC2C1OCC2OC(=O)OCC1OC(OC1COC(=O)O*)(C)C,tg,95.5,120.23013305664062,True
*N1C(=O)c2c(C1=O)cc(cc2)S(=O)(=O)c1cc2c(C(=O)N(C2=O)c2cc(c(cc2)Oc2c(cc(cc2)*)Br)Br)cc1,tg,281.0,,False
*N1C(=O)C(CC1=O)SCCOCCSC1C(=O)N(C(=O)C1)c1ccc(cc1)C(=O)Oc1ccc(cc1)C(c1ccc(cc1)OC(=O)c1ccc(cc1)*)(C)C,tg,143.0,,False
*CCOC(=O)CCCCC(=O)O*,egc,6.7259,,False
*C(C*)C(=O)OCC(C(C(C(F)(F)F)(F)F)(F)F)(F)F,tg,-37.0,-13.981226921081543,True
*CCCCCCCCCn1c(=O)c2cc3c(=O)n(*)c(=O)c3c(Br)c2c1=O,egc,3.5814,,False
*C(C*)C(=O)Oc1ccc(cc1)C(=O)OCC,tg,37.0,,False
*CCCOCCCOC(=O)CCCCCCCCC(=O)O*,egc,6.4909,,False
*OC(=O)C(Cc1ccccc1)NC(=O)CCCCCCCCCCC(=O)NC(Cc1ccccc1)C(=O)OC1COC2C(*)COC12,egc,5.5385,,False
*N1C(=O)c2c(C1=O)cc(cc2)c1cc2c(C(=O)N(C2=O)c2ccc(cc2)OCCCCCCCCCCOc2ccc(cc2)*)cc1,tg,153.0,144.702392578125,True
*OCC(C*)(CS(=O)(=O)CCC)CS(=O)(=O)CCC,tg,71.0,,False
*c1cc2c(C(=O)N(C2=O)c2ccc(cc2)Sc2ccc(cc2)Sc2ccc(cc2)N2C(=O)c3c(C2=O)cc(cc3)C(*)(C(F)(F)F)C(F)(F)F)cc1,tg,257.0,,False
*SSSCCCCCCCCCC*,tg,-70.0,,False
*c1sc(cc1)c1sc(c(c1)CCCCCCCC)c1sc(cc1)c1sc(cc1)c1sc(cc1CCCCCCCC)c1sc(cc1)[Si](*)(CCCC)CCCC,tg,-1.0,,False
*Oc1c(cc(cc1c1ccccc1)Cc1cc(c(c(c1)c1ccccc1)OC(=O)CCCCC(=O)*)c1ccccc1)c1ccccc1,tg,115.0,110.4609603881836,True
*N1C(=O)c2c(C1=O)cc(cc2)c1cc2c(C(=O)N(C2=O)c2ccc(cc2)C(c2ccc(cc2)*)(C(F)(F)F)C(F)(F)F)cc1,tg,333.67,,False
*N1C(=O)c2c(C1=O)cc(cc2)Oc1ccc(cc1)C(=O)c1ccc(cc1)Oc1cc2c(C(=O)N(C2=O)c2ccc(cc2)Oc2cc(ccc2)Oc2ccc(cc2)*)cc1,tg,194.0,,False
*c1cc2c(C(=O)N(C2=O)c2ccc(cc2)Oc2ccc(cc2)C(c2ccc(cc2)Oc2ccc(cc2)N2C(=O)c3c(C2=O)cc(cc3)c2ccc(cc2)c2ccc(cc2)c2ccc(cc2)c2ccc(cc2)*)(C)C)cc1,tg,236.0,,False
*c1cc2c(C(=O)N(C2=O)c2ccc(cc2)C2(CCC(CC2)C(C)(C)C)c2ccc(cc2)NC(=O)*)cc1,tg,331.0,279.1015930175781,True
*Oc1cc(ccc1)NC(=O)CCCCCCC(=O)Nc1ccc(cc1)*,tg,140.0,,False
*OC(=O)OCCCCCCOC(=O)OC1COC2C(*)COC12,egc,6.6217,6.737072366573967,True
*Oc1ccc(cc1)CC(NC(=O)CCc1ccc(cc1)OC(=O)CCCCCCCCC(=O)*)C(=O)OC,tg,46.33,,False
*NNC(=O)c1cc(cc(c1)NC(=O)c1cc2c(C(=O)N(C2=O)c2ncccc2C)cc1)C(=O)NNC(=O)CCCC(=O)*,tg,131.7,,False
*CCC(S1)=CC=C1C(=S)*,egc,2.6244,,False
*C(Cl)=C(c1ccccc1)c1ccc(*)cc1,egc,2.8757,3.5467963839029877,True
*C(C*)(C(=O)OCCCCCCCCCCn1c2ccc(cc2c2ccccc12)N=Nc1c(cc(cc1)[N+](=O)[O-])[N+](=O)[O-])C,tg,60.0,,False
*Nc1ccc(cc1)NC(=O)c1cc(cc(c1)NC(=O)c1ccncc1)C(=O)*,tg,327.0,311.6722412109375,True
*c1ccc(C2(c3ccc(N4C(=O)c5ccc(-c6ccc7c(c6)C(=O)N(*)C7=O)cc5C4=O)cc3)c3ccccc3-c3ccccc32)cc1,egc,2.7114,,False
*Oc1c(cc(cc1)Oc1ccc(cc1)C(=O)c1c2c(ccc1)cccc2C(=O)c1ccc(cc1)*)C(C)(C)C,tg,230.0,,False
*OC(C)CCOC(=O)CCCCS(=O)(=O)CCCCC(*)=O,egc,6.6674,6.418925836853463,True
*Oc1ccc(cc1)C1(c2ccccc2c2ccccc12)c1ccc(cc1)OC(=O)*,tg,303.33,,False
*c1ccc(*)[nH]1,egc,2.4594,,False
*CC(CC)(CC)CO*,egc,5.586,,False
*Oc1cc(ccc1)NC(=O)c1ccc(cc1)[Si](c1ccc(cc1)C(=O)*)(c1ccccc1)c1ccccc1,tg,220.0,155.6376495361328,True
*C(C*)c1cc(c(cc1)Cl)C,tg,114.0,,False
*C(C=C1)=CC=C1OC(=O)CC(=O)CCO*,egc,4.7926,4.809467650459655,True
*ON(C(F)(F)F)C(F)(C(*)(F)F)C(F)(F)F,egc,6.8426,,False
*C(C*)C(=O)NCC(=O)N,tg,186.0,,False
*P1(=NP(=NP(=N1)(Oc1ccc(cc1)C(=O)OC)Oc1ccc(cc1)C(=O)OC)(Oc1ccc(cc1)C(c1ccc(cc1)O*)(C)C)Oc1ccc(cc1)C(=O)OC)Oc1ccc(cc1)C(=O)OC,tg,73.0,45.4059944152832,True
*Oc1ccc(C(C)(C)c2ccc(Oc3nc(*)nc(Cl)n3)cc2)cc1,egc,4.3967,4.415598339213696,True
*SC(C*)(C)C,tg,-14.0,,False
*C(=O)OCC(C)(C)COC(=O)N1CCN(*)C(C)C1,egc,5.8979,5.824208184419733,True
*c1ccc(Oc2ccc(-c3cnc4ccc(-c5ccc6ncc(*)nc6c5)cc4n3)cc2)cc1,egc,3.2298,,False
*CCCCOC(=O)NCCNC(=O)O*,egc,6.2788,,False
*c1cc2c(C(=O)N(C2=O)c2ccc(cc2)Oc2ccc(cc2)C2(c3c(C(=O)N2)cccc3)c2ccc(cc2)Oc2ccc(cc2)N2C(=O)c3c(C2=O)cc(cc3)C(=O)Nc2cc(ccc2)Oc2ccc(cc2)NC(=O)*)cc1,tg,302.0,,False
*C1COC2C1OCC2OC(=O)OCCCCOC(=O)O*,tg,49.0,42.81349563598633,True
*NC(=O)CCP(=O)(CCC(=O)NCCCCCCCCCCCC*)C,tg,44.0,,False
*N1C(=O)c2c(C1=O)cc(cc2)Oc1c2c(ccc1)c(ccc2)Oc1cc2c(C(=O)N(C2=O)c2cc(cc(c2)C(F)(F)F)*)cc1,tg,250.0,,False
*c1sc(nn1)c1ccc(cc1)C(=O)OCCCCCCCCCOC(=O)c1ccc(cc1)*,tg,72.0,,False
*CCCCCCNC(=O)CCP(=O)(CCC(=O)N*)c1ccccc1,egc,4.8862,,False
*Oc1c(cc(cc1)C=C1C(=O)C(=Cc2cc(c(cc2)OC(=O)CCCCCCCCC(=O)*)OC)CCC1)OC,tg,48.05,,False
*c1cc2c(C(=O)N(C2=O)c2ccc(cc2)C(=O)Nc2ccc(cc2)C(=O)OCCCCCCCCOC(=O)*)cc1,tg,105.0,,False
*C(C*)(C(=O)OCc1ccc2n(c3c(c2c1)cccc3)CCCC)C,tg,87.0,98.290283203125,True
*Oc1ccc(cc1)C1(c2ccccc2c2ccccc12)c1ccc(cc1)OCC(COC(=O)C1CCC(CC1)C(=O)OCC(C*)O)O,tg,110.0,156.38528442382812,True
*Oc1c(cc(cc1)C(C)(C)C)Oc1ccc(cc1)S(=O)(=O)c1ccc(cc1)*,tg,180.5,,False
*c1ccc(Oc2ccc(-c3nc4cc(-c5ccc6nc(-c7ccccc7)c(*)nc6c5)ccc4nc3-c3ccccc3)cc2)cc1,egc,3.1231,,False
*C(=O)C(S1)=CC=C1C(C=C2)=CC=C2O*,egc,2.8763,,False
*Cc1ccc(OCOc2ccc(*)c3cccnc23)c2ncccc12,egc,3.5315,3.6341641516234238,True
*NC(=O)c1ccc(cc1)C(=O)NCCC(CCC*)C(C)C,tg,146.5,,False
*c1cc2c(C(=O)N(C2=O)c2c(cc(c(c2C)C(=O)c2cc(ccc2)N2C(=O)c3c(C2=O)cc(cc3)C(=O)*)C)C)cc1,tg,300.0,,False
*c1c(nc2c(n1)cc(cc2)Oc1ccc(cc1)NC(=O)c1cc2c(C(=O)N(C2=O)c2ccc(cc2)C(c2ccc(cc2)N2C(=O)c3c(C2=O)cc(cc3)C(=O)Nc2ccc(cc2)Oc2cc3c(nc(c(n3)c3ccc(cc3)*)c3ccccc3)cc2)(C(F)(F)F)C(F)(F)F)cc1)c1ccccc1,tg,293.0,290.363037109375,True
*Oc1ccc(cc1)C(c1ccc(cc1)OCCCCCCCC*)(C)C,tg,13.37,25.889198303222656,True
*Oc1ccc(cc1)C1(CC2C(CC1)CCCC2)c1ccc(cc1)OC(=O)c1ccc(cc1)C(=O)*,tg,275.0,,False
*CC(CO*)(CS(=O)(=O)CCCCC)CS(=O)(=O)CCCCC,egc,5.21,,False
*c1cc2c(C(=O)N(C2=O)c2ccc(cc2)C(=O)Nc2ccc(cc2)Cc2ccc(cc2)NC(=O)*)cc1,tg,222.0,266.4693908691406,True
*CCCCCCCCCCCCNC(=O)C(OC)C(OC)C(=O)N*,egc,5.7132,5.399100426107963,True
*CCCN(*)C(C)=O,egc,5.7364,,False
*Oc1ccc(cc1)c1ccc(cc1)OC(=O)c1ccc(cc1)C(=O)*,tg,267.0,176.8651580810547,True
*CC(=O)C(S1)=CC=C1C(=S)*,egc,2.6865,2.6517814968575815,True
*c1cc2c(C(=O)N(C2=O)c2cc(c(cc2)c2c(cc(cc2)N2C(=O)c3c(C2=O)cc(cc3)C(=O)Oc2c(cc(cc2C)C(c2cc(c(c(c2)C)OC(=O)*)C)(C)C)C)C)C)cc1,tg,182.0,268.0380859375,True
*Cc1ccc(CNC(C)=N*)cc1,egc,4.9237,4.511218808522998,True
*Oc1ccc(cc1)CC(NC(=O)CCc1ccc(cc1)OC(=O)COCCOCC(=O)*)C(=O)OCCCCCCCC,tg,16.0,33.988494873046875,True
*Oc1c(cc(cc1C)C1(CC2C(CC1)CCCC2)c1cc(c(c(c1)C)Oc1ccc(cc1)C(=O)c1ccc(cc1)*)C)C,tg,251.0,,False
*c1ccc(C(C#N)(C(=O)OC)C(*)(C#N)C(=O)OC)cc1,egc,5.3905,5.228345586631794,True
*c1sc(nn1)c1cc(ccc1)OCCCCCCCCCCCOC(=O)c1ccc(cc1)C(=O)OCCCCCCCCCCCOc1ccc(cc1)*,tg,49.5,58.6976432800293,True
*C=CC(=C(C)C)C(*)=C(C)C,egc,3.4443,,False
*c1nc(nc(c1F)OCC(C(C(CO*)(F)F)(F)F)(F)F)F,tg,0.0,,False
*C(C*)OC(=O)C1CCCCC1,tg,58.88,33.93563461303711,True
*C(C*)C(=O)OCCCOC,tg,-66.5,-49.46269226074219,True
*N1C(=O)c2c(C1=O)cc(cc2)C(=O)c1cc2c(C(=O)N(C2=O)C(=S)Nc2ccc(cc2)Oc2ccc(cc2)NC(=S)*)cc1,tg,262.0,,False
*C(C(*)(F)F)(OC(C(F)F)F)F,tg,35.0,,False
*C(C*)C(=O)Nc1ccc(cc1)Cl,tg,76.0,,False
*c1ccc(N(*)c2ccc(S(=O)(=O)O)cc2)cc1,egc,3.3685,,False
*N1C(=O)c2c(C1=O)cc(cc2)Oc1cc(ccc1)C(c1ccc(cc1)Oc1cc2c(C(=O)N(C2=O)c2ccc(cc2)*)cc1)(C)C,tg,268.0,223.98704528808594,True
*NOC(=S)O*,egc,4.8496,,False
*c1ccc(N(c2ccc(C#N)cc2)c2ccc(N3C(=O)c4ccc(Oc5ccc6c(c5)C(=O)N(*)C6=O)cc4C3=O)cc2)cc1,egc,2.2981,,False
*OC(=O)c1cc(ccc1)C(=O)OCC*,tg,56.5,,False
*N1C(=O)c2c(C1=O)cc(cc2)Oc1cc2c(C(=O)N(C2=O)c2ccc(cc2)C2(c3ccccc3c3ccccc23)c2ccc(cc2)*)cc1,tg,373.0,,False
*NC(C=C1)=CC=C1OC(C=C2)=CC=C2*,egc,3.6519,3.6572558403967097,True
*Nc1ccc(cc1)C(c1ccc(cc1)NC(=O)c1cc(ccc1)C(=O)*)(C(F)(F)F)C(F)(F)F,tg,272.0,273.8965148925781,True
*c1c2C(=O)N(C(=O)c2c(c2ccccc12)c1ccc(cc1)Oc1ccc(cc1)C(=O)c1cc(ccc1)C(=O)c1ccc(cc1)Oc1ccc(cc1)*)C,tg,251.0,260.2578430175781,True
*Oc1ccc(cc1)C(c1ccc(cc1)Oc1ccc(cc1)C(=O)c1c(c(c(c(c1c1ccc(cc1)F)c1ccc(cc1)F)c1ccc(cc1)F)c1ccc(cc1)F)C(=O)c1ccc(cc1)*)(C)C,tg,252.0,262.3305969238281,True
*Oc1ccc(cc1)CC(NC(=O)CCc1ccc(cc1)OC(=O)CCCCCCC(=O)*)C(=O)OC(C)C,tg,46.0,,False
*O[Ca]OC(=O)c1c(cccc1)C(=O)OCCCCCOC(=O)NCCCCCCNC(=O)OCCCCCOC(=O)c1c(cccc1)C(=O)*,tg,-2.4,,False
*C1COC2C1OCC2OC(=O)C(NC(=O)CCCCCCCC(=O)NC(C(=O)O*)C)C,tg,46.0,,False
*CCN(*)Cc1ccccc1,egc,3.8139,4.6823981438404685,True
*CCCCCC(=O)NCCCCCCNC(=O)CCCCCOC(=O)CCCCC(=O)O*,egc,5.9182,,False
*Cc1cccc(CN(*)c2ccccc2)c1O,egc,4.1958,4.177926926583195,True
*C(=O)NCCCCCCNC(=O)c1cnn(*)c1,egc,5.1584,4.7291699487855645,True
*Nc1cc(ccc1)NC(=O)c1ccc(cc1)C(=O)Nc1cc(ccc1)NC(=S)NC(=O)CCCCCCCCC(=O)NC(=S)*,tg,248.0,238.1973114013672,True
*c1sc(cc1SCCCCCCCCCCCC)c1sc(c(c1)SCCCCCCCCCCCC)c1ccc(cc1)*,tg,60.35,-2.7635090351104736,True
*C(CC*)(C)C,tg,10.97,,False
*c1nc2c(c(c1)c1ccccc1)cc(cc2)C1(c2ccccc2c2ccccc12)c1cc2c(nc(cc2c2ccccc2)c2ccc(cc2)c2ccc(cc2)*)cc1,tg,380.0,386.7664489746094,True
*c1cc2c(C(=O)N(C2=O)c2ccc(cc2)Oc2cc3c(cc2)ccc(c3)Oc2ccc(cc2)N2C(=O)c3c(C2=O)cc(cc3)C(=O)Nc2ccc(cc2)Cc2ccc(cc2)NC(=O)*)cc1,tg,273.0,,False
*CC(*)C(=O)OCCCCSC,egc,4.571,,False
*CC(O)C(O)CN(*)c1ccc(N(C)C)cc1,egc,3.7705,,False
*C(=C(*)Cl)CCCC,tg,190.0,172.4679412841797,True
*N1C(=O)C(CC1=O)Nc1ccc(cc1)NC1C(=O)N(C(=O)C1)c1ccc(cc1)C(=O)Oc1c(cc(cc1C)C(c1cc(c(c(c1)C)OC(=O)c1ccc(cc1)*)C)c1cnccc1)C,tg,212.0,192.9970245361328,True
*C(C(*)(F)F)(c1c(c(c(c(c1F)F)F)F)F)F,tg,194.0,131.7046356201172,True
*NC(CC(*)=O)C(=O)OCCOC,egc,5.9247,,False
*c1nc2c(c(c1c1ccccc1)c1ccccc1)cc(cc2)Oc1cc2c(nc(c(c2c2ccccc2)c2ccccc2)c2ccc(cc2)*)cc1,tg,345.0,,False
*Oc1ccc(cc1)C(c1ccc(cc1)OC(=O)CCCCCCCCC(=O)*)(CC)c1ccccc1,tg,88.0,,False
*CCCC(C)CCC(=O)N*,egc,5.9091,,False
*Oc1cc(ccc1)NC(=O)c1cc(ccc1)C(=O)Nc1cc(ccc1)OCCCCCCCC*,tg,117.0,,False
*C(C)C(*)OC,egc,5.326,,False
*CCCCCC(=O)NCCCCCOCCCCCNC(=O)CCCO*,egc,5.841,,False
*CO*,egc,6.6048,,False
*C1C2C(C(=O)N(C2=O)c2cc(ccc2)Cl)C(C1)C=C*,tg,204.8,223.1667938232422,True
*OC(=O)Nc1ccc(cc1)Cc1ccc(cc1)NC(=O)OCCCCC*,tg,95.0,,False
*CC(C#N)(C#N)C(C#N)C(C#N)(C#N)C(C#N)C(C#N)(C#N)C(C#N)C(C#N)(C#N)*,egc,6.4897,6.415417348158998,True
*Nc1cc(ccc1)NC(=O)c1ccc(cc1)C(=O)Nc1ccc(cc1)C(=O)NC(=S)*,tg,273.0,263.2870788574219,True
*Nc1ccc(cc1)Cc1ccc(cc1)NC(=O)c1cc(ccc1)C(=O)*,tg,264.6,273.970458984375,True
*NNC(=O)C=CC(=O)NCCCCCCNC(=O)C=CC(=O)*,tg,102.4,,False
*c1ccc(OCC2CCC(COc3ccc(-n4c(=O)c5cc6c(=O)n(*)c(=O)c6cc5c4=O)cc3)CC2)cc1,egc,2.2219,2.497724961822076,True
*C(C*)n1c2ccccc2c2ccccc12,tg,210.47,219.12847900390625,True
*C(C*)c1cc(ccc1)C,tg,74.83,,False
*Oc1cc(c(cc1)CCc1ccc(cc1)OCCCCCCCCCCC*)C,tg,3.9,-5.4395904541015625,True
*CCOC(=O)NCCOCCOCCNC(=O)O*,egc,6.1403,,False
*N1C(=O)c2c(C1=O)cc(cc2)C(=O)Oc1ccc(cc1)c1ccc(cc1)OC(=O)c1cc2c(C(=O)N(C2=O)CCCOCCCCOCCC*)cc1,tg,70.0,,False
*Oc1ccc(cc1)C(=O)c1cc(ccc1)NC(=O)CCCCCCCCC(=O)Nc1ccc(cc1)C(=O)c1ccc(cc1)*,tg,148.0,,False
*Oc1c(c2c(cc1)cccc2)Sc1c2c(ccc1OCC(=O)Nc1ccc(cc1)NC(=O)C*)cccc2,tg,268.0,257.880126953125,True
*CCOCCOC(=O)CCCCCCCC(=O)O*,egc,6.5091,,False
*OP(=O)(OCCCCCCCCCCOc1ccc(cc1)C=Cc1ccc(cc1)OCCCCCCCCCC*)OCCCCCCCCCCOc1ccc(cc1)N=Nc1ccc(cc1)C#N,tg,60.0,,False
*c1nc2c([nH]1)ccc(c2)NC(=O)c1ccc(cc1)OCCOCCOCCOCCOCCOc1ccc(cc1)C(=O)Nc1ccc(cc1)*,tg,125.0,,False
*OC(C(*)(F)F)(F)F,tg,-48.0,,False
*Oc1ccc(cc1)Oc1ccc(cc1)NC(=C(C#N)C#N)c1cc(ccc1)C(=C(C#N)C#N)Nc1ccc(cc1)*,tg,228.0,259.9765319824219,True
*N1C(=O)c2c(C1=O)cc(cc2)Oc1cc2c(C(=O)N(C2=O)c2cc(ccc2)C(C(C(C(C(c2cc(ccc2)*)(F)F)(F)F)(F)F)(F)F)(F)F)cc1,tg,138.5,,False
*c1ccc2c(nc([nH]2)c2cc(ccc2)c2nc3c([nH]2)ccc(c3)C(=O)Nc2cc(cc(c2)c2nc3c([nH]2)cccc3)NC(=O)*)c1,tg,315.0,329.4368591308594,True
*C(C*)c1c(ccc(c1)Br)OCCC,tg,54.0,63.518680572509766,True
*CONC(=O)*,egc,6.1048,5.8900880951536685,True
*c1oc(cc1)CNC(=O)OC(COC(=O)NC*)c1occc1,tg,30.0,,False
*N=P(*)(Oc1ccc(cc1)C(C)C)Oc1ccc(cc1)C(C)C,tg,0.0,9.3124418258667,True
*C(C(*)(F)F)(OC(C(F)(F)F)(F)F)F,tg,29.0,,False
*CC(*)C(=O)OC(CC)CC,egc,6.4889,,False
*N1C(=O)c2c(C1=O)cc(cc2)Oc1cc2c(C(=O)N(C2=O)c2ccc(cc2)c2nc(cc(c2)c2ccc(cc2)OCCCC#N)c2ccc(cc2)*)cc1,tg,315.0,294.2773132324219,True
*c1c([nH]c(n1)c1ccc(cc1)c1[nH]c(c(n1)c1ccc(cc1)Oc1ccc(cc1)C(=O)c1cc2c(cc1)cc(cc2)C(=O)c1ccc(cc1)Oc1ccc(cc1)*)c1ccccc1)c1ccccc1,tg,281.0,,False
*CCCCCCOC(=O)NCCCNC(=O)O*,egc,6.0865,6.145274915506832,True
*Oc1cc(ccc1)S(=O)(=O)c1ccc(cc1)*,tg,170.0,,False
*Oc1cc2c(cc1)ccc(c2)Oc1ccc(cc1)C(=O)Nc1ccc(cc1)Oc1ccc(cc1)C(c1ccc(cc1)C(c1ccc(cc1)Oc1ccc(cc1)NC(=O)c1ccc(cc1)*)(C)C)(C)C,tg,166.0,,False
*Oc1ccc2nc3oc4cc5oc6c7c(cn6ccc5on4cnc3c12)nc1c(*)ccccc17,egc,1.4158,2.4657691489498745,True
*C(C*)C(=O)OCCCCCCCOC(=O)c1ccc(cc1)OC(=O)c1ccc(cc1)C#N,tg,20.0,19.399274826049805,True
*C(C*)C(=O)Oc1c(cccc1)Cl,tg,146.33,,False
*CC(O)CO*,egc,6.5192,5.700888684826238,True
*Oc1cccc(Oc2ccc(S(=O)(=O)c3ccc(*)cc3)cc2)c1,egc,4.2737,,False
*c1nc2c(n1c1ccc(cc1)n1c(nc3c1cccc3)c1ccc(cc1)Oc1ccc(cc1)C(=O)c1ccc(cc1)C(=O)c1ccc(cc1)Oc1ccc(cc1)*)cccc2,tg,238.0,,False
*C1COC2C1OCC2OC(=O)CNC(=O)CNC(=O)CCCCCCCCC(=O)NCC(=O)NCC(=O)O*,tg,47.0,,False
*Nc1ccc(NC(=O)c2cc(NC(=O)c3ccccc3)cc(C(*)=O)c2)cc1,egc,3.3958,,False
*C1C(=O)N(C(=O)C1*)c1ccc(cc1)O[Si](CC)(CC)CC,tg,165.0,153.279052734375,True
*Nc1ccc(C(C)(C)c2ccc(NC(=O)c3cc(C(*)=O)cc(N4C(=O)C5C6CCC(C6)C5C4=O)c3)cc2)cc1,egc,4.0843,,False
*S(=O)(=O)c1cc(ccc1)NC(=O)CCCCCCCCCCC(=O)Nc1cc(ccc1)*,tg,107.0,,False
*c1sc(nn1)c1ccc(cc1)C(=O)OCCCCCCCCCCCCOC(=O)c1ccc(cc1)*,tg,68.0,71.58421325683594,True
*c1cc2c(C(=O)N(C2=O)c2cc(ccc2)C(=O)Nc2ccc(cc2)Oc2ccc(cc2)C(c2ccc(cc2)Oc2ccc(cc2)NC(=O)c2cc(ccc2)N2C(=O)c3c(C2=O)cc(cc3)C(*)(C(F)(F)F)C(F)(F)F)(C(F)(F)F)C(F)(F)F)cc1,tg,266.0,274.9269104003906,True
*OP(=O)(Oc1c2c(ccc1)c(ccc2)*)OC1CCCCC1,tg,134.0,108.32593536376953,True
*N(CCC*)C(=O)C(C(C(C(C(C(C(F)(F)F)(F)F)(F)F)(F)F)(F)F)(F)F)(F)F,tg,25.0,,False
*CCCCCCOC(=O)OCCCCCCCCCCCCOC(=O)OCCCCCCn1c(=O)c2cc3c(=O)n(*)c(=O)c3cc2c1=O,egc,3.821,,False
*C(=O)Nc1ccc(C(=O)Nc2ccc(NC(=O)c3ccc4[nH]c(-c5cccc(-c6nc7cc(*)ccc7[nH]6)c5)nc4c3)cc2)cc1,egc,2.9934,2.9438915737040436,True
*CCCCOC(=O)O*,egc,7.3079,7.190505412741103,True
*CC(F)(F)C(F)(F)C(F)(F)COC(=O)NCC(F)(F)C(F)(F)C(F)(F)C(F)(F)CNC(=O)O*,egc,6.897,6.689246673218006,True
*c1cc2c(C(=O)N(C2=O)c2cc(c(cc2)c2c(cc(cc2)N2C(=O)c3c(C2=O)cc(cc3)C(=O)*)C)C)cc1,tg,385.0,,False
*CC1(CO*)CC2CCC1CC2,egc,5.9128,5.849708781064341,True
*O[Si](OCCOc1ccc(cc1)C1(c2ccccc2c2ccccc12)c1ccc(cc1)OCC*)(c1ccccc1)c1ccccc1,tg,97.0,,False
*Oc1ccc(cc1)C(c1ccc(cc1)OCC(COC(=O)C1CCC(CC1)C(=O)OCC(C*)O)O)(C)C,tg,70.0,,False
*CCCCCCNC(=O)NCCCCCNC(=O)N*,egc,5.9068,,False
*O[Si](CCCN=C1C(=CC(=NCCC[Si](*)(C)C)C(=C1)O)O)(C)C,tg,-25.71,43.15193557739258,True
*C(C*)(C(=O)OCCCCCCCCCCCCOc1ccc(cc1)C(=O)Oc1ccc(cc1)c1cc(ccc1)OC(=O)c1ccc(cc1)OC(=O)c1ccc(cc1)OCCCCCCCCCCCC)C,tg,74.5,44.26460266113281,True
*OC(=O)OCC(=C)COCC(=C)C*,tg,70.5,20.065385818481445,True
*CC(C=C1)=CC=C1NC(C=C2)=CC=C2*,egc,4.3854,,False
*CC(*)(C)C(=O)OCCc1ccccc1,egc,5.7104,5.113588117106856,True
*C(C*)(C(=O)OCc1ccc2n(c3c(c2c1)cccc3)CC)C,tg,131.14,139.39210510253906,True
*N1C(=O)c2c(C1=O)cc(cc2)Oc1cc(ccc1)Oc1cc2c(C(=O)N(C2=O)c2cc(ccc2)*)cc1,tg,224.0,216.8763885498047,True
*c1nc(ccc1)c1cc(c(cc1)Oc1ccc(cc1)Sc1ccc(cc1)Oc1c(cc(cc1)*)C(F)(F)F)C(F)(F)F,tg,144.5,,False
*C1(C(=O)N(C(=O)C1)c1ccccc1)C*,tg,236.0,,False
*OC(=O)c1ccc(cc1)C(=O)OCC(CS(=O)(=O)CC(C*)(C)C)(C)C,tg,105.0,,False
*NNC(=O)c1ccc(NC(=O)c2ccc(C(*)=O)cc2)c(O)c1,egc,3.6452,4.032243087745129,True
*c1cc(C)c(*)s1,egc,1.9299,,False
*Oc1ccc(N=Nc2ccc(*)cc2)cc1,egc,3.1576,,False
*C(=O)c1ccc2c(c1)C(=O)N(c1cccc(-c3nc(-c4ccccc4)nc(-c4cccc(N5C(=O)c6ccc(*)cc6C5=O)c4)n3)c1)C2=O,egc,2.9625,,False
*OC(=O)c1ccc(cc1)c1ccc(cc1)c1ccc(cc1)C(=O)OCCCCC*,tg,40.0,,False
*C(=O)Nc1ccc(N2C(=O)c3ccc(*)cc3C2=O)cc1,egc,3.1573,,False
*OC(=O)NCc1ccc(cc1)CNC(=O)OCCCCCC*,tg,56.0,,False
*OCC(C*)(CCl)CCl,tg,11.38,,False
*Oc1ccc(cc1)OC(=O)CCCCC(=O)*,tg,90.0,44.515254974365234,True
*C(C(CCCCCCCCCCC*)c1ccc(cc1)O)c1c(cc(cc1)O)C,tg,4.0,-8.811467170715332,True
*c1ccc(Oc2ccc(-c3csc(-c4nc(*)cs4)n3)cc2)cc1,egc,3.5312,,False
*OC(=O)CCC(=O)OC1COC2C(*)COC12,egc,6.1275,,False
*Oc1c(cc(cc1C)C1(c2ccccc2c2ccccc12)c1cc(c(c(c1)C)Oc1ccc(cc1)C(=O)c1cc(ccc1)C(=O)c1ccc(cc1)*)C)C,tg,229.0,279.31396484375,True
*C(C*)O,tg,76.98,45.828128814697266,True
*c1n(c(nn1)c1ccc(cc1)Oc1ccc(cc1)C(c1ccc(cc1)Oc1ccc(cc1)*)(C)C)c1ccc(cc1)S(=O)(=O)C,tg,230.0,212.28453063964844,True
*Oc1ccc(cc1)Nc1ccc(cc1)C(=O)c1ccc(cc1)C(=O)c1ccc(cc1)Nc1ccc(cc1)*,tg,215.0,192.6095428466797,True
*Oc1cc(ccc1)NC(=O)CCCCCC(=O)Nc1ccc(cc1)*,tg,130.0,142.01275634765625,True
*OC(=O)C=CC(=O)NCCCCCCNC(=O)C=CC(=O)OCCOCCOCC*,tg,65.0,,False
*C(=O)OC1CC2CC(OC(=O)N3CCN(*)CC3)CC(C1)O2,egc,5.7033,5.838739889411724,True
*Oc1ccc(cc1)CC(NC(=O)Cc1ccc(cc1)OC(=O)CCCCCCC(=O)*)C(=O)OCC,tg,54.0,50.500492095947266,True
*OC(=O)c1c(cccc1)C(=O)OCCOCC*,tg,-50.0,,False
*C1COC2C1OCC2OC(=O)c1oc(cc1)C(=O)O*,tg,188.5,,False
*CCCCCCNC(=O)CCCCCCCCCCCCCCCCCCCCC(=O)N*,egc,5.992,5.968600917596897,True
*c1ccc(-c2sc(-c3cc(SCCCC)c(*)s3)cc2SCCCC)cc1,egc,2.4731,,False
*C(C(CC*)C(=O)OC)C(=O)OC,tg,31.2,25.444547653198242,True
*OC(CC(C)C)C(*)=O,egc,6.5186,,False
*c1nc2c(nc1c1ccc(cc1)OC(=O)c1cc(ccc1)C(=O)Oc1ccc(cc1)*)cccc2,tg,245.0,237.97601318359375,True
*c1cc2c(C(=O)N(C2=O)c2c(cc(cc2)c2cc(c(cc2)N2C(=O)c3c(C2=O)cc(cc3)C(*)(C(F)(F)F)C(F)(F)F)OCCN(c2ccc(cc2)C(=C(C#N)C#N)C#N)CC)OCCN(c2ccc(cc2)C(=C(C#N)C#N)C#N)CC)cc1,tg,222.0,,False
*N1C(=O)c2c(C1=O)c(ccc2)Oc1ccc(cc1)C(c1ccc(cc1)Oc1c2c(C(=O)N(C2=O)c2c(cc(cc2)Oc2ccc(cc2)Oc2cc(c(cc2)*)C)C)ccc1)(C)C,tg,222.0,231.14952087402344,True
*OP(=O)(OCCCCCCCCOc1c(cc(cc1)C=C1C(=O)C(=Cc2cc(c(cc2)OCCCCCCCC*)OC)CC1)OC)OCC,tg,62.0,,False
*NC(=O)CCCCCCCC*,tg,44.29,,False
*N1C(=O)c2c(C1=O)cc(cc2)c1cc2c(C(=O)N(C2=O)c2cc(cc(c2)C(F)(F)F)Oc2c(cc(cc2C)c2cc(c(c(c2)C)Oc2cc(cc(c2)C(F)(F)F)*)C)C)cc1,tg,281.1,,False
*CC(Cl)C(Cl)C(*)Cl,egc,7.1649,,False
*c1cc(CCCc2ccccc2)c(*)s1,egc,2.4481,,False
*OC(C(C(*)(F)F)(F)F)(F)F,tg,-109.82,,False
*N1C(=O)c2c(C1=O)cc(cc2)Oc1ccc(cc1)C(c1ccc(cc1)Oc1cc2c(C(=O)N(C2=O)c2ccc(cc2)N(c2ccc(cc2)*)c2ccc(cc2)C#N)cc1)(C(F)(F)F)C(F)(F)F,tg,234.0,,False
*c1ccc(C(=O)c2ccc(C(=O)c3ccc(Oc4ccc(-c5nn(*)c(=O)c6ccccc56)c(F)c4)cc3)cc2)cc1,egc,3.3441,3.497211536864829,True
*S(=O)(=O)c1ccc(cc1)Nc1ccc(cc1)C1(c2ccccc2c2ccccc12)c1ccc(cc1)Nc1ccc(cc1)*,tg,221.0,249.0235595703125,True
*CCOCCOC(=O)COCC(=O)O*,egc,5.9381,,False
*CC(*)(C)C(=O)OCCCCCC,egc,6.4509,,False
*CCCCCCCCCCCCCCCCOC(=O)CC=CCC(=O)O*,egc,5.8517,,False
*Oc1cc(c(cc1)c1c(cc(cc1)OC(=O)c1ccc(cc1)Oc1ccc(cc1)C1(CCC(CC1)C(C)(C)C)c1ccc(cc1)Oc1ccc(cc1)C(=O)*)C)C,tg,163.0,,False
*c1cccc(-c2ccc(-c3ccc(*)s3)s2)n1,egc,2.8359,,False
*c1nc2c(nc1c1ccccc1)cc(cc2)c1cc2c(nc(c(n2)c2ccc(cc2)Oc2ccc(cc2)*)c2ccccc2)cc1,tg,292.5,,False
*c1cc2c(C(=O)N(C2=O)c2ccc(cc2)C(=O)Nc2cc(ccc2)Oc2ccc(cc2)S(=O)(=O)c2ccc(cc2)Oc2cc(ccc2)NC(=O)*)cc1,tg,235.0,,False
*CC(O)CN(*)c1cc(C)cc(C)c1,egc,4.5575,,False
*c1cc(-c2ccc(OCCCC)cc2)c(*)s1,egc,2.6658,2.583779075915339,True
*CC(C=C1)=CC=C1CC(C=C2)=CC=C2*,egc,5.1689,,False
*NC1CC(CC(C1)(CNC(=O)CCCCC(=O)*)C)(C)C,tg,149.72,,False
*N1C(=O)c2c(C1=O)cc(cc2)Oc1ccc(cc1)C1(CCC(CC1)c1ccccc1)c1ccc(cc1)Oc1cc2c(C(=O)N(C2=O)c2ccc(cc2)Cc2ccc(cc2)*)cc1,tg,232.0,251.95494079589844,True
*C(C*)c1cc(c(cc1)Cl)F,tg,122.0,122.88177490234375,True
*N=P(*)(OCC(C(F)(F)F)(F)F)OCC(C(F)(F)F)(F)F,tg,-65.0,-68.44964599609375,True
*OC(=O)c1ccc(cc1)c1ccc(cc1)C(=O)OCCOCCOCCOCC*,tg,4.0,11.689852714538574,True
*N1C(=O)c2c(C1=O)cc(cc2)c1cc2c(C(=O)N(C2=O)c2cc(c(cc2)c2c(cc(cc2)*)C(F)(F)F)C(F)(F)F)cc1,tg,289.25,,False
*Oc1ccc(cc1)C(c1ccc(cc1)OC(=O)c1cc(cc(c1)NC(=O)c1ccc(cc1)NC(=O)C(N1C(=O)c2c(C1=O)cccc2)C)C(=O)*)(C)C,tg,238.0,,False
*C1COC2C1OCC2OC(=O)c1cc(ccc1)OCCCCCCCCCCOc1cc(ccc1)C(=O)O*,tg,28.25,44.198883056640625,True
*Oc1ccc(CC(NC(=O)CCc2ccc(OC(=O)CCCCCCC(*)=O)cc2)C(=O)OCCCCCCCCCCCC)cc1,egc,5.1624,,False
*CCCCCNC(=O)C(CCCCCCCCCCCC)C(=O)N*,egc,5.7457,5.764790969600823,True
*OP(=O)(Oc1ccc(cc1)c1ccc(cc1)*)OC1CCCCC1,tg,116.0,,False
*Oc1ccc(cc1)c1ccc(cc1)OCCCCCCOC(=O)Nc1c(cc(cc1)NC(=O)OCCCCCC*)C,tg,85.4,,False
*C(c1ccc(N(C)C)cc1)C(*)c1ccc([N+](=O)[O-])cc1,egc,2.3431,,False
*NNC(=O)c1cc(cc(c1)NC(=O)c1cc2c(C(=O)N(C2=O)c2ncc(cc2)C)cc1)C(=O)NNC(=O)CCCC(=O)*,tg,131.5,133.95977783203125,True
*c1ccc(*)c(OC)c1N,egc,4.71,4.345584230138852,True
*CCCCCCCNC(=O)C=CCCC=CC(=O)N*,egc,5.3907,,False
*N1C(=O)c2c(C1=O)cc(cc2)Oc1cc2c(C(=O)N(C2=O)c2c(cc(cc2C)C(c2cc(c(c(c2)C)*)C)c2cc(ccc2)C(F)(F)F)C)cc1,tg,264.1,,False
*N1C(=O)c2c(C1=O)cc(cc2)Oc1c(cc(cc1C)C(c1cc(c(c(c1)C)Oc1cc2c(C(=O)N(C2=O)c2cc(c(cc2)c2c(cc(cc2)*)C(F)(F)F)C(F)(F)F)cc1)C)(C)C)C,tg,262.0,,False
*CCCCCCCCC(=O)O*,egc,6.4657,,False
*Oc1ccc(cc1)C(c1ccc(cc1)OCC(COC(=O)CCCCCCCCCCC(=O)OCC(C*)O)O)(C)C,tg,25.0,,False
*c1cc2c(C(=O)N(C2=O)c2ccc(cc2)C(=O)Nc2ccc(cc2)C(=O)OCCCCCOC(=O)*)cc1,tg,129.0,,False
*Oc1ccc(cc1)OC(=O)c1c(cc(c(c1)OCCCCCCCOCC1N(CCC1)c1ccc(cc1)[N+](=O)[O-])C(=O)*)OCCCCCCCOCC1N(CCC1)c1ccc(cc1)[N+](=O)[O-],tg,50.0,,False
*c1nnc(C2CC3(CC(*)C3)C2)o1,egc,6.0399,5.760804368545541,True
*CCCCCCCCc1nnc(*)n1N,egc,5.4011,5.525359601568568,True
*N1C(=O)c2c(C1=O)cc(cc2)Oc1c(cc(cc1C)C(c1cc(c(c(c1)C)Oc1cc2c(C(=O)N(C2=O)c2ccc(cc2)Oc2c(cc(cc2)Oc2ccc(cc2)*)C(C)(C)C)cc1)C)(C)C)C,tg,244.0,260.2370300292969,True
*C(C*)(C(=O)Oc1ccc(cc1)CC#N)C,tg,128.0,,False
*OP(=O)(Oc1ccc(cc1)S(=O)(=O)c1ccc(cc1)*)Oc1ccc(cc1)Br,tg,89.0,,False
*C=CC1CC(*)C2C(=O)N(CCCCCCCCC)C(=O)C12,egc,5.4434,,False
*Oc1cc(ccc1)Oc1ccc(cc1)C(=O)c1ccc(cc1)*,tg,123.0,130.6923370361328,True
*CCCCCCCCCCCCc1nnc(*)o1,egc,6.356,,False
*CCOCCOCCOC(=O)c1ccccc1C(=O)O*,egc,4.8493,4.900874668360303,True
*C(C*)OC(=O)c1ccc(cc1)OC(=O)CC,tg,71.5,63.989105224609375,True
*OC(C)CCCCC(*)=O,egc,6.5026,6.4850824635735895,True
*c1cc(C=Nc2cccc(C)c2)cc(*)c1O,egc,3.5437,3.544646155681307,True
*OCC(C*)(CSCC)CSCC,tg,-32.0,-26.581518173217773,True
*CC(*)c1ccc(CCCCCC)cc1,egc,4.9872,,False
*Nc1cc(NC(=O)c2ccc(C(*)=O)cc2)cc(C(=O)OCCOc2ccc(C=CC(=O)c3ccccc3)cc2)c1,egc,3.1709,,False
*c1sc(cc1CCCCCC)*,tg,23.47,9.986262321472168,True
*CCCCc1nnc(*)n1N,egc,5.3914,5.73684490644752,True
*Oc1ccc(cc1)CC(NC(=O)Cc1ccc(cc1)OC(=O)CCC(=O)*)C(=O)OCCCCCC,tg,59.0,,False
*c1c2C(=O)N(C(=O)c2c(c2ccccc12)c1ccc(cc1)Oc1ccc(cc1)S(=O)(=O)c1ccc(cc1)Oc1ccc(cc1)*)C,tg,314.0,,False
*CCCCCCCCCCC(=O)O*,egc,6.8465,,False
*c1ccc(Oc2ccc(-c3cc(-c4ccccc4)c4cc5c(-c6ccccc6)cc(*)nc5cc4n3)cc2)cc1,egc,2.8308,,False
*C=C(*)C#N,egc,0.838,3.5630251824679555,True
*Oc1cc(ccc1)OCC(COc1ccc(cc1)C(c1ccc(cc1)OCC(C*)O)(C)C)O,tg,83.0,,False
*C(C*)C(=O)c1ccc(cc1)Br,tg,101.5,,False
*C(C*)c1c(ccc(c1)C(=O)Oc1ccc(cc1)OCCCCCCCCCCCCCC)C(=O)Oc1ccc(cc1)OCCCCCCCCCCCCCC,tg,104.0,,False
*OC(=O)NC1CC(CC(C1)(CNC(=O)OCCN(CC*)c1ccc(cc1)C=C(C#N)C#N)C)(C)C,tg,141.0,,False
*NC(=O)CCCCCCCCCCCCCCCCC(=O)NCCCCCCCCCCCCCCCCCC*,tg,50.0,,False
*OCC(C*)(CS(=O)(=O)CC)CS(=O)(=O)CC,tg,84.0,,False
*CC(S1)=CC=C1C(=S)C(S2)=CC=C2*,egc,2.5715,,False
*CCCCCCCCCNC(=O)CCCCCC(=O)N*,egc,5.9578,5.853495348080334,True
*CCCCCOC(=O)NCCSCCSCCNC(=O)O*,egc,5.3739,5.282192745496035,True
*OC(CC*)C,tg,-50.0,-87.29032135009766,True
*C=CC1CC(*)C2C(=O)N(CCCCCC)C(=O)C12,egc,4.6556,,False
*N1C(=O)c2c(C1=O)c(ccc2)c1cc2c(C(=O)N(C2=O)c2cc(c(cc2)c2c(cc(cc2)*)C)C)cc1,tg,372.0,368.154296875,True
*N1C(=O)c2c(C1=O)cc(cc2)Oc1cc2c(C(=O)N(C2=O)c2ccc(cc2)C(c2ccc(cc2)*)(c2ccccc2)C(F)(F)F)cc1,tg,293.0,298.3824157714844,True
*CCCCOC(=O)CCCCCNC(=O)O*,egc,6.3358,,False
*CC(CCl)(CI)COC(=O)CCCCC(=O)O*,egc,5.5293,6.464417022344466,True
*Oc1ccc(cc1)S(=O)(=O)c1ccc(cc1)Oc1c(cc(cc1C)C(c1cc(c(c(c1)C)*)C)(C)C)C,tg,233.29,,False
*CCCCCCOCCCCCCOCCCCCO*,egc,5.9688,5.887652364590393,True
*NC(C(=O)*)CCC(=O)OCCCCCC,tg,-48.33,-33.51988220214844,True
*OS(=O)(=O)c1c(ccc(c1)S(=O)(=O)Oc1ccc(cc1)C1(CCCC1)c1ccc(cc1)*)C,tg,134.0,,False
*c1oc2c(n1)cc(cc2)S(=O)(=O)c1cc2c(oc(n2)C2CCC(CC2)*)cc1,tg,296.0,,False
*N1C(=O)c2c(C1=O)cc(cc2)c1ccc(cc1)c1cc2c(C(=O)N(C2=O)CCCCCCCC*)cc1,tg,120.0,,False
*Oc1c(cc(cc1C)C(c1cc(c(c(c1)C)OC(=O)CCCCC(=O)*)C)(C)C)C,tg,93.0,93.6919174194336,True
*c1cc2c(C(=O)N(C2=O)c2c(ccc(c2)c2cc(c(cc2)O)N2C(=O)c3c(C2=O)cc(cc3)C(*)(C(F)(F)F)C(F)(F)F)O)cc1,tg,350.0,333.20001220703125,True
*Oc1ccc(cc1)S(=O)(=O)c1ccc(cc1)Oc1ccc(cc1)C(c1ccc(cc1)OCCCCOc1ccc(cc1)C(c1ccc(cc1)*)(C)C)(C)C,tg,140.0,125.33258056640625,True
*N1C(=O)C2C(C1=O)C(=CC(C2)C1C(=O)N(C(=O)C1)c1ccc(cc1)*)C,tg,327.0,,False
*c1cc2c(C(=O)N(C2=O)c2cc(cc(c2)c2oc3c(n2)cccc3)N2C(=O)c3c(C2=O)cc(cc3)C(=O)Nc2nc(ccc2)NC(=O)*)cc1,tg,365.0,,False
*N(c1ccc(cc1)c1cc2ccc3c(c2cc1c1ccc(cc1)*)cccc3)c1ccc(cc1)C,tg,126.0,,False
*OC(=O)c1ccc(cc1)C(=O)OCC(C*)(C)C,tg,68.0,,False
*c1cccc(C(c2ccccc2)(c2cccc(N3C(=O)c4ccc(Oc5ccc6c(c5)C(=O)N(*)C6=O)cc4C3=O)c2)C(F)(F)F)c1,egc,3.4747,,False
*Oc1ccc(cc1)NC(=O)c1c(cccc1)OCC(COc1ccc(cc1)C(c1ccc(cc1)OCC(C*)O)(C)C)O,tg,121.0,120.49686431884766,True
*Nc1cc(cc(c1)C(=O)OCCN(c1ccc(cc1)C#N)C)NC(=O)c1cc(cc(c1)OCCN(c1ccc(cc1)C#N)C)C(=O)*,tg,167.0,160.5587615966797,True
*OCCCNC(=O)c1ccc(cc1)C(=O)NCCC*,tg,72.0,,False
*C1C2C(C(=O)N(C2=O)c2c(cccc2)C)C(C1)C=C*,tg,248.0,,False
*Oc1ccc(cc1)OCC(COC(=O)CCCCCCCCCCC(=O)OCC(C*)O)O,tg,10.0,4.655731201171875,True
*c1ccc(-c2nnc(*)o2)c(OCCCCC)c1,egc,3.0444,,False
*N1C(=O)C(CC1=O)(SCCOCCSC1(C(=O)N(C(=O)C1)c1ccc(cc1)Cc1ccc(cc1)N1C(=O)C(C(C1=O)C)SCCOCCSC1C(=O)N(C(=O)C1C)c1ccc(cc1)Cc1ccc(cc1)*)C)C,tg,105.0,125.16304779052734,True
*c1c(c(cc(c1)N=Nc1ccc(cc1)OC)*)O,tg,134.0,133.4048614501953,True
*c1cc2c(C(=O)N(C2=O)c2ccc(cc2)C(=O)c2ccc(cc2)C(=O)c2ccc(cc2)N2C(=O)c3c(C2=O)cc(cc3)C(=O)c2ccc(cc2)C(=O)*)cc1,tg,260.0,,False
*c1cc2c(C(=O)N(C2=O)c2c(cc(cc2C)c2cc(c(c(c2)C)N2C(=O)c3c(C2=O)cc(cc3)C(=O)Oc2c(cc(cc2C)C(c2cc(c(c(c2)C)OC(=O)*)C)(C(F)(F)F)C(F)(F)F)C)C)C)cc1,tg,327.0,301.0252380371094,True
*C(C*)(C(=O)OCCCCCCCCCCOc1ccc(cc1)OC(=O)c1ccc(cc1)OCCCC)C,tg,31.0,,False
*Oc1ccc(cc1)N1ON1c1ccc(cc1)OCCCCCCOC(=O)C(C(=O)OCCCCCC*)CCCCCCCCCCBr,tg,16.0,,False
*C1=C(C(=O)N(C1=O)CCCCCCCC)c1ccc(cc1)c1cc2C(c3c(c2cc1)ccc(c3)c1ccc(cc1)*)(CCCCCC)CCCCCC,tg,122.0,,False
*c1c2C(=O)N(C(=O)c2c(c2ccccc12)c1ccc(cc1)Oc1c(cc(cc1)c1ccc(cc1)c1cc(c(cc1)Oc1ccc(cc1)*)C(F)(F)F)C(F)(F)F)c1ccccc1,tg,317.0,274.6402893066406,True
*c1ccc(cc1)C=C1C(=O)C(=Cc2ccc(cc2)C(=O)c2cc(ccc2)C(=O)*)CC1,tg,190.0,200.40576171875,True
*Oc1ccc(cc1)C(=O)c1ccc(cc1)OC(=O)c1ccc(cc1)C(c1ccc(cc1)C(=O)*)(C)C,tg,126.0,189.0476837158203,True
*OC(=O)OCC(CS(=O)(=O)CC(C*)(C)C)(C)C,tg,50.0,,False
*Oc1ccc(cc1)/C(=C/c1ccc(cc1)OCCOCCOCC*)/C,tg,15.33,,False
*C1COC2C1OCC2Oc1ccc(cc1)NC(=O)c1cc(ccc1)C(=O)Nc1ccc(cc1)O*,tg,108.33,184.3365936279297,True
*OC(=O)c1ccc(Cc2ccc(C(*)=O)cc2)cc1,egc,4.3273,,False
*c1c(c2c(C(=O)N(C2=O)c2ccc(cc2)Oc2ccc(cc2)N2C(=O)c3c(C2=O)c(c(cc3)C(=O)*)OCc2c(cccc2)[N+](=O)[O-])cc1)OCc1c(cccc1)[N+](=O)[O-],tg,198.0,,False
*c1cc2c(C(=O)N(C2=O)c2cc(ccc2)C(=O)Nc2ccc(cc2)Oc2ccc(cc2)NC(=O)c2cc(ccc2)N2C(=O)c3c(C2=O)cc(cc3)C(*)(C(F)(F)F)C(F)(F)F)cc1,tg,298.0,293.3228759765625,True
*Nc1c(cc(c(c1)[N+](=O)[O-])NC(=O)CCCCCCCCC(=O)*)C=Cc1ccc(cc1)N(C)C,tg,159.0,,False
*CC(C)(C)COC(=O)CCCCCCCC(=O)O*,egc,6.5848,6.627560608078917,True
*CCCCCCCCCCCCCCCCOC(=O)CCC=CCCC(=O)O*,egc,6.0336,,False
*Oc1c(cc(cc1)Oc1ccc(cc1)C(=O)c1ccc(cc1)*)c1cc(cc(c1)C(F)(F)F)C(F)(F)F,tg,146.0,,False
*CC(=O)CC(=O)*,egc,4.1544,,False
*CCCCCCCCC(=O)NCCCCCOCCCCCNC(=O)CCCO*,egc,5.9383,,False
*C(=O)OC1=NCCN1*,egc,5.1364,5.445746696882146,True
*Cc1ccc(COC(=O)CCCCCC(=O)O*)cc1,egc,5.6303,,False
*CCCP(CCCCCCCC)CCCNC(=O)CCCCC(=O)N*,egc,4.7376,,False
*Oc1ccc(cc1)C(c1ccc(cc1)OC(=O)c1cc(ccc1)C(=O)*)(C)C,tg,166.08,,False
*NC(C#N)=C(C#N)NC(=O)c1ccc(C(*)=O)cc1,egc,3.4817,,False
*Nc1ccc(cc1)c1ccc(cc1)NC(=O)Cc1c(cc(c(c1)CC(=O)*)C)C,tg,230.0,210.5120391845703,True
*c1oc2c(n1)cc(cc2)NC(=O)CCCCC(=O)Nc1cc2c(oc(n2)CCCCCCCC*)cc1,tg,87.2,,False
*NC(CCC(*)=O)C(=O)O,egc,5.9301,,False
*Oc1ccc(cc1)NC(=O)c1ccc(cc1)Oc1ccc(cc1)C(c1cc(ccc1)C(c1ccc(cc1)Oc1ccc(cc1)C(=O)Nc1ccc(cc1)Oc1ccc(cc1)C(c1ccc(cc1)*)(C)C)(C)C)(C)C,tg,147.0,160.8531494140625,True
*CC1CCC(COC(=O)c2ccc(NC(=O)O*)cc2)CC1,egc,4.5441,4.985646408388641,True
*CCC(C)C(*)(C)C(=O)OC,egc,6.5856,,False
*N1C(=O)c2c(C1=O)cc(cc2)C(=O)Oc1cc2c(cc1)ccc(c2)OC(=O)CCCCCCCCCCC*,tg,98.0,,False
*N1C(=O)c2c(C1=O)cc(cc2)Oc1cc2c(C(=O)N(C2=O)c2ccc(cc2)c2cc(c(cc2)Oc2cc3c(C(CC3(c3ccc(cc3)Oc3c(cc(cc3)c3ccc(cc3)*)C(F)(F)F)C)(C)C)cc2)C(F)(F)F)cc1,tg,249.0,253.89625549316406,True
*Oc1c(cc(cc1)OC(=O)c1c(cc(c(c1)OCCCc1ccccc1)C(=O)*)OCCCc1ccccc1)C,tg,91.0,,False
*c1cc2c(C(=O)N(C2=O)c2c(ccc(c2)N2C(=O)c3c(C2=O)cc(cc3)C(=O)*)Cl)cc1,tg,305.0,340.3989562988281,True
*O[Si](*)(CCCOc1ccc(cc1)C(=O)Oc1ccc(cc1)c1ccc(cc1)OC(=O)c1cc(c(c(c1)OCC(CC)C)OCC(CC)C)OCC(CC)C)C,tg,57.67,,False
*CC(*)(CO)C(=O)OCC,egc,5.8505,6.313892762381457,True
*C(=O)CCCCCCCCC(=O)N1CCN(*)CC1,egc,5.5924,,False
*C1(OC(OC1*)(C(F)(F)F)C(F)(F)F)F,tg,256.0,185.3349609375,True
*Oc1cccc(OC2(F)C(*)(F)C(F)(F)C2(F)F)c1,egc,5.2546,,False
*C1C(=O)N(C(=O)C1*)c1cc(c(c(c1)Br)O[Si](c1ccccc1)(c1ccccc1)c1ccccc1)Br,tg,179.0,,False
*CC(C1=CC=CC=C1)CC(C2=CC=CC=C2)CC(C3=CC=CC=C3)CC(C4=CC=CC=C4)*,egc,5.2025,4.75703438107071,True
*C(C*)C(=O)OCC(C(C(C(F)F)(F)F)(F)F)(F)F,tg,-35.0,,False
*C(C*)C(=O)OCCOc1ccc(cc1)C(=O)Oc1ccc(cc1)OC(=O)c1ccc(cc1)OCCCC,tg,45.0,,False
*C(C*)(C(=O)OCCC1CCN(CC1)CCCCCCOc1ccc(cc1)N=Nc1ccc(cc1)[N+](=O)[O-])C,tg,27.0,,False
*c1ccc2c(c1)c1cc(*)ccc1n2C(=O)OCC,egc,3.932,,False
*NC(=O)C(=CC(=O)NCc1cc(ccc1)C*)C,tg,135.0,134.5343780517578,True
*OP(=O)(Oc1c(cc(cc1C)S(=O)(=O)c1cc(c(c(c1)C)*)C)C)Oc1ccc(cc1)C,tg,128.0,145.52667236328125,True
*Oc1ccc(cc1)C(c1ccc(cc1)OCC(C*)OC(=O)CC)(C)C,tg,60.0,,False
*C(C*)C(=O)N(C)C,tg,113.45,106.46602630615234,True
*C(C*)(Cl)Cl,tg,-11.96,,False
*CCCCCCCCCCCCCCCCCCCCOC(=O)CCCCCCCCC(=O)O*,egc,6.784,,False
*c1cc2c(C(=O)N(C2=O)c2ccc(cc2)Oc2c3c(ccc2)c(ccc3)Oc2ccc(cc2)N2C(=O)c3c(C2=O)cc(cc3)C(=O)Nc2cc(ccc2)NC(=O)*)cc1,tg,263.0,280.8537902832031,True
*C(C*)c1ccc(cc1)CCCCCCCCCC,tg,-65.0,-16.171554565429688,True
*C(C*)c1cc(ccc1)O,tg,162.0,,False
*Oc1ccc(cc1)S(=O)(=O)c1ccc(cc1)Oc1ccc(cc1)C(c1ccc(cc1)*)c1c(cccc1)C(=O)O,tg,223.0,227.05419921875,True
*c1sc(cc1)CC*,tg,22.33,,False
*CC(*)C(=O)N(O)c1cccc(C)c1,egc,4.1845,,False
*C(C*)(C(=O)OCCCCCCOc1ccc(cc1)c1ccc(cc1)C#N)C,tg,58.6,,False
*CC(*)c1cc(O)ccc1O,egc,2.0107,,False
*C1C(=O)N(C(=O)C1*)c1c(cccc1)C(=O)OC,tg,259.0,,False
*N1C(=O)c2c(C1=O)cc(cc2)NC(=O)Nc1ccc(cc1)Oc1ccc(cc1)NC(=O)Nc1cc2c(C(=O)N(C2=O)c2ccc(cc2)c2nc(cc(c2)c2ccc(cc2)c2ccccc2)c2ccc(cc2)*)cc1,tg,241.0,,False
*CNC(=O)NCOCO*,egc,6.2147,,False
*Oc1ccc(C(C)(CCC#N)c2ccc(OC(*)=O)c(C)c2)cc1C,egc,4.6661,,False
*c1nc(nc(n1)C(C(C(C(C(C(*)(F)F)(F)F)(F)F)(F)F)(F)F)(F)F)C(C(C(F)(F)F)(F)F)(F)F,tg,-11.0,34.415069580078125,True
*OCCOCCOCCCNC(=O)CNC(=O)C(NC(=O)CCCCCCCCC(=O)NC(C(=O)NCC(=O)NCCC*)Cc1ccccc1)Cc1ccccc1,tg,36.0,58.06425857543945,True
*c1cc2c(C(=O)N(C2=O)c2ccc(cc2)c2ccc(cc2)NC(=O)c2cc(ccc2)C(=O)Nc2ccc(cc2)c2ccc(cc2)N2C(=O)c3c(C2=O)cc(cc3)C(=O)*)cc1,tg,238.0,,False
*OC(COC(=O)*)COCC,tg,-5.0,,False
*N1C(=O)c2c(C1=O)cc(cc2)Oc1cc2c(C(=O)N(C2=O)CCCCCCCCCCCC*)cc1,tg,70.0,97.9651107788086,True
*c1ccc2c3n(c4ccc(cc4n3)c3cc4n5c(nc4cc3)c3cccc4c(ccc(c5=O)c34)Oc3ccc(cc3)S(=O)(=O)c3ccc(cc3)O*)c(=O)c3cccc1c23,tg,415.0,,False
*c1cc(CCCCCCBr)c(*)s1,egc,2.553,2.2997802709368034,True
*CNC(=S)C(=O)*,egc,2.602,3.3807719187679095,True
*C(C*)C(=O)OCCOc1ccc(cc1)C(=O)Oc1ccc(cc1)OC(=O)c1ccc(cc1)OCCCCC,tg,46.0,,False
*c1ccc(-c2ccc(*)c(CCCCCC)n2)nc1CCCCCC,egc,3.9211,,False
*CC(C)(C)COC(=O)CC(=O)O*,egc,6.7138,,False
*SC1C(CCCC1)*,tg,-45.0,86.1272964477539,True
*SSCCCCCC*,tg,-74.0,,False
*c1cc2c(C(=O)N(C2=O)c2ccc(cc2)Oc2ccc(cc2)N2C(=O)c3c(C2=O)cc(cc3)C(=O)Oc2ccc(cc2)OC(=O)*)cc1,tg,267.5,,False
*N1C(=O)c2c(C1=O)cc(cc2)S(=O)(=O)c1cc2c(C(=O)N(C2=O)c2ccc(cc2)Cc2ccc(cc2)*)cc1,tg,314.0,327.0381164550781,True
*CC(S1)=CC=C1C(=O)O*,egc,4.5212,,False
*OP(=O)(Oc1ccc(cc1)C(c1ccc(cc1)*)(C)C)Oc1ccccc1,tg,74.5,91.8851318359375,True
*c1cc2c(C(=O)N(C2=O)c2ccc(cc2)S(=O)(=O)c2ccc(cc2)N2C(=O)c3c(C2=O)cc(cc3)C(*)(C(F)(F)F)C(F)(F)F)cc1,tg,330.67,323.9466857910156,True
*NC1CCC(CC1)CC1CCC(CC1)NC(=O)CCCCC(=O)*,tg,173.33,,False
*OC(C*)COCOCC(C)([N+](=O)[O-])[N+](=O)[O-],tg,-17.5,,False
*C(C*)c1c(ccc(c1)C(=O)OCCCCCC)c1ccc(cc1)OCCCCCCCC,tg,64.0,78.27328491210938,True
*C1C(=CC)CC(C1)C=C*,tg,118.43,,False
*C(C*)(CC(=O)OC)C(=O)OC,tg,80.04,109.57101440429688,True
*C1=CC(=C(C#N)C#N)C=C(O1)C=Cc1sc(cc1)c1ccc(cc1)C(=Cc1cc2C(c3c(c2cc1)ccc(c3)C=C(c1ccc(cc1)c1sc(cc1)C=C*)C#N)(CC)CC)C#N,tg,144.0,,False
*Oc1c(cc(cc1Cl)C1(CCCCC1)c1cc(c(c(c1)Cl)OC(=O)*)Cl)Cl,tg,163.0,,False
*c1cnc(*)c(C)c1,egc,5.1042,,False
*Oc1ccc(cc1)C(=O)OCCOCCOCCOC(=O)c1ccc(cc1)OC(=O)c1ccc(cc1)C(=O)*,tg,25.0,40.17385482788086,True
*C(C*)(C(=O)Oc1ccccc1)C,tg,111.1,108.014892578125,True
*C(C*)(C(=O)OC1CCOCC1)C,tg,153.5,88.05387115478516,True
*c1nc(ccc1)Oc1ccc(cc1)Oc1ccc(cc1)P(=O)(c1ccc(cc1)Oc1ccc(cc1)O*)c1ccccc1,tg,164.0,163.8015594482422,True
*CC#CC#CCOc1ccc(C(C)(C)c2ccc(O*)cc2)cc1,egc,4.3962,4.348874054712077,True
*CC(C)(C)COC(=O)NCCCC(CCNC(=O)O*)OC,egc,6.1723,,False
*c1ccc2c(c1)C(CC(CC)CCCC)(CC(CC)CCCC)c1cc(*)ccc1-2,egc,3.8505,3.665112264933205,True
*Oc1c(OC)cc(*)cc1OC,egc,4.2534,,False
*Oc1ccc(cc1)C(=O)c1ccc(cc1)OCCCCCCOC(=O)OCCCCCOC(=O)OCCCCCC*,tg,-0.2,,False
*CCOC(=O)c1ccc(C(=O)O*)cc1,egc,4.6867,4.6408860051192145,True
*CCOC(=O)c1ccc(O*)cc1C,egc,4.5424,,False
*c1ncc(cc1)c1sc(c(c1)CCCCCCCC)c1ccc(cc1)c1sc(cc1CCCCCCCC)*,tg,16.2,,False
*CCCCCCCCCCCCCCCC(=O)O*,egc,6.7798,,False
*c1ccc2c(nc([nH]2)c2ccc(cc2)C(=O)Nc2cc(ccc2)C(=O)Nc2cc(ccc2)NC(=O)*)c1,tg,292.0,291.7301330566406,True
*N1C(=O)c2c(C1=O)cc(cc2)c1ccc(cc1)c1ccc(cc1)c1ccc(cc1)c1ccc(cc1)c1cc2c(C(=O)N(C2=O)c2ccc(cc2)Cc2ccc(cc2)*)cc1,tg,244.0,,False
*c1ccc(cc1)c1c(cc(c(c1c1ccccc1)c1ccccc1)c1cc(ccc1)c1c(c(c(c(c1)c1ccccc1)c1ccc(cc1)CCCC*)c1ccccc1)c1ccccc1)c1ccccc1,tg,180.0,,False
*c1c2C(=O)N(C(=O)c2c(c2ccccc12)c1ccc(cc1)Oc1c(cc(cc1)c1cc(ccc1)c1cc(c(cc1)Oc1ccc(cc1)*)C(F)(F)F)C(F)(F)F)c1ccccc1,tg,271.0,,False
*C(C*)OC(=O)C1(C(C(C(C(C1(F)F)(F)F)(F)F)(F)F)(F)F)F,tg,54.0,,False
*CCCCCCOc1ccc(C(=O)N(C(=O)c2ccc(O*)cc2)c2ccccc2)cc1,egc,3.9898,,False
*C(C*)(C(=O)OCc1sccc1)C,tg,66.0,77.4733657836914,True
*N=P(*)(OCC=Cc1ccccc1)OCC=Cc1ccccc1,tg,1.0,,False
*OC(=O)NCCCCCCNC(=O)OCCCCCOC(=O)c1c(cccc1)C(=O)O[Cd]OC(=O)c1c(cccc1)C(=O)OCCCCC*,tg,-6.8,-10.38444995880127,True
*C(=O)N1CC(=O)N(C(=O)c2ccc(N3C(=O)c4ccc(*)cc4C3=O)cc2)C1=O,egc,3.533,,False
*c1cc(SCCCCCCCCCCCC)c(*)s1,egc,1.5021,,False
*Oc1ccc(cc1)C(=O)Nc1cc(ccc1)P(=O)(c1cc(ccc1)NC(=O)c1ccc(cc1)OCCCC*)c1ccccc1,tg,181.75,175.47657775878906,True
*OC(F)(F)COC(=O)c1cccc(C(=O)OCC(*)(F)F)c1,egc,4.7299,,False
*Oc1c(cc(cc1)C(=O)c1cc(ccc1)C(=O)c1cc(c(cc1)*)CC)CC,tg,126.0,,False
*c1cc2c(C(=O)N(C2=O)c2cc(ccc2)OCCOc2cc(ccc2)N2C(=O)c3c(C2=O)cc(cc3)C(=O)*)cc1,tg,191.0,,False
*Oc1cc2c(cc1)ccc(c2)Oc1ccc(cc1)C(=Nc1ccc(cc1)N=C(c1ccc(cc1)*)c1ccccc1)c1ccccc1,tg,171.0,,False
*CC(O)COc1ccc(O*)cc1,egc,4.7923,,False
*C=Cc1cc(OCCCCCC)c(*)cc1OC,egc,2.3505,,False
*Oc1c(cc(cc1)NC(=O)NC1CC(CC(C1)(CNC(=O)Nc1cc(c(cc1)*)c1ccc(cc1)Oc1ccccc1)C)(C)C)c1ccc(cc1)Oc1ccccc1,tg,281.0,,False
*c1nc(ccc1)c1cc(c(cc1)Oc1ccc(cc1)C(c1ccc(cc1)Oc1c(cc(cc1)*)C(F)(F)F)(C)C)C(F)(F)F,tg,121.0,150.48789978027344,True
*CCCCCCCCCCOC(=O)CCCCS(=O)(=O)CCCCC(=O)O*,egc,6.4132,6.558955150988948,True
*Oc1ccc(cc1)c1ccc(cc1)OC(=O)c1cc(ccc1)C(=O)*,tg,185.5,,False
*OC(C)CCOC(=O)CCCCCCCC(*)=O,egc,6.6793,,False
*C(=O)Nc1ccc(S(=O)(=O)c2ccc(NC(=O)c3ccc4c(c3)C(=O)N(c3ccc(S(=O)(=O)c5ccc(N6C(=O)c7ccc(*)cc7C6=O)cc5)cc3)C4=O)cc2)cc1,egc,3.3421,2.8553035806586626,True
*COC(=O)OCC1OC(OCC)OC1*,egc,6.8573,,False
*C(=O)c1ccc2c(c1)C(=O)N(c1ccc(-c3ccc(N4C(=O)c5ccc(*)cc5C4=O)cc3)cc1)C2=O,egc,2.5354,,False
*C(=O)Nc1ccc(C2(c3ccc(N4C(=O)c5ccc(*)cc5C4=O)cc3)CCC(CC)CC2)cc1,egc,2.9185,3.0398283627859017,True
*OC(*)CC,egc,6.1349,6.223701685427928,True
*OC(*)CCCCCC,tg,-116.0,-46.89960861206055,True
*c1cc2c(C(=O)N(C2=O)c2c(ccc(c2)C(=O)Nc2c3c(ccc2)c(ccc3)NC(=O)c2cc(c(cc2)C)N2C(=O)c3c(C2=O)cc(cc3)C(*)(C(F)(F)F)C(F)(F)F)C)cc1,tg,250.0,300.1413879394531,True
*C(S1)=CC=C1C(S2)=CC=C2C(S3)=CC=C3C(=S)*,egc,1.4924,,False
*C1COC2C1OCC2OC(=O)CNC(=O)CCCCCCCCC(=O)NCC(=O)O*,tg,66.0,69.5730209350586,True
*C(=O)NCCCCCCNC(=O)c1ccc(*)nc1,egc,4.574,,False
*Nc1ccc(cc1)C(c1ccc(cc1)NC(=O)c1cc(ccc1)C(=O)*)(P1(=O)c2ccccc2c2ccccc2O1)P1(=O)c2ccccc2c2ccccc2O1,tg,230.0,227.275634765625,True
*C(C*)(C(=O)OC1CC(CC(C1)C)(C)C)C,tg,125.0,,False
*CCOC(=O)CSC(=O)Nc1ccc(Cc2ccc(NC(=O)SCC(=O)O*)cc2)cc1,egc,4.3268,,False
*OC(=O)NCCCCCCNC(=O)OCCCCC*,tg,33.0,12.179924011230469,True
*c1c(cc(cc1)C=C*)OCc1cc(cc(c1)OCC(CCCC)CC)OCCC(CCCC(C)C)C,tg,227.0,,False
*C(C*)c1c(cc(c(c1)C)C)C,tg,104.0,,False
*OC(=O)Nc1c(cc(cc1)c1cc(c(cc1)NC(=O)OCCN(CC*)c1ccc(cc1)N=Nc1ccc(cc1)[N+](=O)[O-])C)C,tg,119.5,159.13938903808594,True
*Oc1ccc(Nc2ccc(N=Nc3ccc(Nc4ccc(*)cc4)cc3)cc2)cc1,egc,2.8393,,False
*OP(=O)(N=Nc1ccc(cc1)CCOC(=O)c1cc(cc(c1)C(C)(C)C)C(=O)OCCc1ccc(cc1)N=NP(=O)(OCCCCCC*)OC)OC,tg,47.0,72.18624877929688,True
*CC(*)C(=O)OCCCCCCCCCCCCCC,egc,6.5079,5.964632858225124,True
*CCOc1ccc(C(=O)OC(=O)c2ccc(O*)cc2)cc1,egc,4.4185,,False
*C(C(*)c1ccc(cc1)N(C)C)c1ccc(cc1)[N+](=O)[O-],tg,139.0,,False
*OC(=O)CCCCCC(=O)OCC*,tg,-54.0,,False
*c1oc(nn1)c1ccc(cc1)NC(=O)c1c(cc(cc1)*)Oc1ccccc1,tg,235.0,,False
*CCCCOC(=O)CCCCCCCCC(=O)O*,egc,6.818,,False
*c1nnc(nc1c1ccc(cc1)Oc1ccc(cc1)C(c1ccc(cc1)Oc1ccc(cc1)*)(c1ccccc1)C)c1ncccc1,tg,232.0,,False
*CC(*)C,egc,6.5196,,False
*CCCCCCOC(=O)NCCCCCCNC(=O)O*,egc,6.343,,False
*c1cc2c(nc(cc2c2ccccc2)c2cc(ccc2)c2nc3c(c(c2)c2ccccc2)cc(cc3)c2ccc(cc2)OCCCCCCCCCCCOc2ccc(cc2)*)cc1,tg,133.5,,False
*N=Nc1cc(*)ccc1C,egc,3.0039,,False
*OC(C)COC(=O)CCCCCCC(*)=O,egc,6.5111,6.505572483202297,True
*c1nc2c(c(c1)c1ccccc1)cc(cc2)Oc1cc2c(nc(cc2c2ccccc2)c2c(ccc(c2)*)OCCN(c2ccc(cc2)C(=C(C#N)C#N)C#N)CC)cc1,tg,200.0,242.53436279296875,True
*CCCCCCCNC(=O)CCCCCCCCCC(=O)N*,egc,5.7365,5.880162514426659,True
*c1nc2c(c(c1)c1ccccc1)cc(cc2)Oc1cc2c(nc(cc2c2ccccc2)c2ccc(cc2)C2(c3ccccc3C(=O)c3ccccc23)c2ccc(cc2)*)cc1,tg,340.0,,False
*OC3=CC=CC(C(C2=CC=CC(OC1=CC=CC(*)=C1)=C2)=O)=C3,egc,3.6547,4.365613895794527,True
*CC(OC(C)=O)C1C(=O)N(c2ccc(C)cc2)C(=O)C1(*)Cl,egc,4.7107,,False
*C(C*)(C(=O)OC1CCCCCCCCCCC1)C,tg,56.0,,False
*Cc1ccc(CNC(=O)c2cccc(C(=O)N*)c2)cc1,egc,4.6753,,False
*c1ccc(*)c(CCCCCC)n1,egc,4.7957,,False
*c1oc(nn1)c1ccc(cc1)Oc1ccc(cc1)NC(=O)CN1C(=O)c2c(C1=O)cc(cc2)C(c1cc2c(C(=O)N(C2=O)CC(=O)Nc2ccc(cc2)Oc2ccc(cc2)*)cc1)(C(F)(F)F)C(F)(F)F,tg,263.0,,False
*C(=CCC*)C(C)C,tg,-47.0,-48.310916900634766,True
*C1C(C(C(C1)C=C*)(F)F)(C(F)(F)F)C(F)(F)F,tg,172.5,,False
*NC(=O)C(C(C(=O)NCCCCCCCC*)OC)OC,tg,89.0,85.4728012084961,True
*c1ccc2c(nc([nH]2)c2cc(cc(c2)N2C(=O)c3c(C2=O)cccc3)c2nc3c([nH]2)ccc(c3)C(=O)Nc2nc(ccc2)NC(=O)*)c1,tg,312.0,,False
*CCCCCCNC(=O)CCCCC(=O)NCCCCCCNC(=O)C(=O)N*,egc,5.2635,,False
*C(C*)c1ccc(cc1)COCCC(C(C(C(F)(F)F)(F)F)(F)F)(F)F,tg,13.0,31.577255249023438,True
*Nc1ccc(cc1)Cc1ccc(cc1)NC(=O)NCCCCCCCCCCCCCCCCCCNC(=O)*,tg,48.0,,False
*C=Cc1cc(OCC)c(*)cc1OCC,egc,4.2145,,False
*c1cc2c(C(=O)N(C2=O)c2ccc(cc2)N2C(=O)c3c(C2=O)cc(cc3)C(=O)*)cc1,tg,328.57,,False
*O[Si](COC(=O)CCCCCCCCC(=O)Oc1ccc(cc1)S(=O)(=O)c1ccc(cc1)Oc1ccc(cc1)C=C1C(=O)C(=Cc2ccc(cc2)Oc2ccc(cc2)S(=O)(=O)c2ccc(cc2)OC(=O)CCCCCCCCC(=O)OC[Si](*)(C)C)CCCC1)(C)C,tg,81.0,67.84516143798828,True
*N1C(=O)C2C3C4C(C(C2C1=O)C=C3)C(=O)N(C4=O)c1ccc(cc1)Sc1cc2c(C(=O)N(C2=O)CCN(C)C)cc1Sc1ccc(cc1)*,tg,310.0,,False
*CC1CC(*)OC(C)O1,egc,6.0468,6.164023366670874,True
*N=P(*)(Oc1ccc(cc1)C)Oc1ccc(cc1)C,tg,0.3,,False
*Oc1ccc(cc1)OC(=O)c1ccc(cc1)[Si](c1ccc(cc1)C(=O)*)(C)C,tg,176.0,186.4330596923828,True
*CC(S1)=CC=C1C(=O)C(=S)*,egc,3.0928,,False
*Oc1ccc(cc1)Oc1ccc(cc1)OC(=O)c1ccc(cc1)C(c1ccc(cc1)C(=O)*)(C(F)(F)F)C(F)(F)F,tg,215.0,184.42022705078125,True
*OC(=O)NCCCCCCNC(=O)OCCN(CC*)c1ccccc1,tg,31.9,,False
*CC(*)CO,egc,6.2929,6.3243707151048705,True
*C(=O)Nc1cccc(C=CC(=O)C=Cc2cccc(NC(=O)c3ccc(N4C(=O)c5ccc(*)cc5C4=O)cc3)c2)c1,egc,3.0227,,False
*OC(=O)c1c(cccc1)C(=O)OCCCCCCCCCC*,tg,-14.0,-8.574783325195312,True
*CC(*)C(=O)OCCCOC,egc,5.8538,5.734419997596683,True
*c1cc2c(C(=O)N(C2=O)c2ccc(cc2)Oc2ccc(cc2)N2C(=O)c3c(C2=O)cc(cc3)C(=O)Nc2ccc(cc2)Oc2ccc(cc2)NC(=O)*)cc1,tg,282.0,,False
*c1cc2c(C(=O)N(C2=O)c2cc(c(c(c2)Br)Oc2c(cc(cc2Br)N2C(=O)c3c(C2=O)cc(cc3)C(*)(C(F)(F)F)C(F)(F)F)Br)Br)cc1,tg,303.0,326.0357971191406,True
*C(=O)N(*)C(C)C(C)=O,egc,4.4468,5.528232957704819,True
*C(C*)(C(=O)OCC1OCCOCCOCCOC1)C,tg,35.0,,False
*O[Si](O[Si](O[Si](O[Si](Oc1c2ccccc2c2ccccc2c1*)(C)C)(C)C)(C)C)(C)C,tg,-35.0,-26.667226791381836,True
*c1ccc(-c2ccc(-c3cc(CCCCCCCC)c(*)s3)s2)s1,egc,2.4777,,False
*Oc1ccc(cc1)C(=O)OC(=O)c1ccc(cc1)OCCOCC*,tg,41.0,,False
*C(C*)c1ccc(cc1)C([Si](C)(C)C)[Si](C)(C)C,tg,156.0,,False
*O[Si](O[Si](O[Si](O[Si](O[Si](Oc1c2ccccc2c2ccccc2c1*)(C)C)(C)C)(C)C)(C)C)(C)C,tg,-38.0,-56.29893493652344,True
*c1nc2c(c(c1)c1ccccc1)cc(cc2)c1cc2c(nc(cc2c2ccccc2)c2ccc(cc2)Oc2ccc(cc2)*)cc1,tg,286.67,335.875244140625,True
*C(C*)(C(=O)Oc1ccc(cc1)C(=O)Oc1ccc(cc1)Oc1ccccc1)C,tg,74.0,,False
*N1C(=O)c2c(C1=O)cc(cc2)[Si](O[Si](c1cc2c(C(=O)N(C2=O)c2cc(ccc2)Cc2cc(ccc2)*)cc1)(C)C)(C)C,tg,217.0,,False
*CCCP(CCCNC(=O)CCCCC(=O)N*)CC(C)C,egc,5.1348,,False
*c1ccc2c(*)c(-c3ccccc3)[nH]c2c1,egc,3.6113,,False
*Oc1ccc(Oc2ccc(C(=O)c3ccc(*)cc3)cc2)cc1C,egc,3.5517,3.8002998228595066,True
*Oc1ccc(cc1)C(=O)Nc1c(cc(cc1)Br)c1ccc(cc1)NC(=O)c1ccc(cc1)*,tg,267.0,,False
*N1C(=O)c2c(C1=O)cc(cc2)c1cc2c(C(=O)N(C2=O)c2ccc(cc2)Oc2c(cc(cc2C(C)(C)C)c2ccc(cc2)*)C(C)(C)C)cc1,tg,381.5,,False
*c1cc2c(C(=O)N(C2=O)c2ccc(cc2)NC(=O)C(C(C(C(C(=O)Nc2ccc(cc2)N2C(=O)c3c(C2=O)cc(cc3)C(*)(C(F)(F)F)C(F)(F)F)(F)F)(F)F)(F)F)(F)F)cc1,tg,285.0,260.5071105957031,True
*Nc1ccc(cc1)NC(=O)c1ccc(cc1)NC(=O)c1ccc(cc1)[Si](c1ccc(cc1)C(=O)Nc1ccc(cc1)C(=O)*)(C)C,tg,338.0,,False
*Oc1ccc(cc1)N(c1ccc(cc1)/C=C(/C(=O)NC1C(CCCC1)NC(=O)/C(=C/c1ccc(cc1)N(c1ccc(cc1)*)CC)/C#N)\C#N)CC,tg,235.0,,False
*NC(=O)C(=S)O*,egc,3.3593,,False
*c1nc2c(nc1)cc(cc2)Oc1cc2c(nc(cn2)c2ccc(cc2)c2ccc(cc2)*)cc1,tg,390.0,313.0109558105469,True
*N1C(=O)c2c(C1=O)c(ccc2)c1cc2c(C(=O)N(C2=O)c2cc(ccc2)OCCCCCOc2cc(ccc2)*)cc1,tg,168.0,160.83641052246094,True
*c1nc(ccc1)Oc1ccc(cc1)Oc1ccc(cc1)C(=O)c1ccc(cc1)Oc1ccc(cc1)O*,tg,124.0,,False
*C1OC(C(C(C1N)O)O*)CO,tg,122.0,,False
*Oc1ccc(cc1)S(=O)(=O)c1ccc(cc1)OCC(CN(S(=O)(=O)c1cc(ccc1)S(=O)(=O)N(CC(C*)O)C)C)O,tg,100.0,109.24134063720703,True
*c1cc2c(C(=O)N(C2=O)c2cc(ccc2)P(=O)(c2cc(ccc2)N2C(=O)c3c(C2=O)cc(cc3)C(=O)Nc2ccc(cc2)S(=O)(=O)c2ccc(cc2)NC(=O)*)c2ccccc2)cc1,tg,241.0,,False
*O[Si](O[Si](O[Si](O[Si](O[Si](OC(CCC(*)C)C)(C)C)(C)C)(C)C)(C)C)(C)C,tg,-106.0,-112.7083969116211,True
*Oc1ccc(cc1)C(=O)OCCCCOC(=O)c1ccc(cc1)*,tg,38.0,49.59165573120117,True
*C=CC1CC(*)C(C(=O)OC(C)(C)C)C1C(=O)OC(C)(C)C,egc,5.6132,,False
*c1[nH]nc(c1)c1ccc(cc1)Oc1ccc(cc1)C(=O)c1cc(ccc1)C(=O)c1ccc(cc1)Oc1ccc(cc1)*,tg,205.0,207.716796875,True
*C(C*)(C(=O)OCCCCCCOc1cc(ccc1)C(=O)Oc1ccc(cc1)C#N)C,tg,38.0,43.11845779418945,True
*c1cc2c(C(=O)N(C2=O)c2ccc(cc2)Oc2cc3c(cc2)ccc(c3)Oc2ccc(cc2)N2C(=O)c3c(C2=O)cc(cc3)C(=O)Nc2ccc(cc2)Oc2ccc(cc2)S(=O)(=O)c2ccc(cc2)Oc2ccc(cc2)NC(=O)*)cc1,tg,274.0,,False
*C(C*)c1ccc(cc1)C(CC)(O)C,tg,186.0,132.4903564453125,True
*Oc1ccc(cc1)Sc1ccc(cc1)Oc1c(cc(cc1)c1ccc(cc1)c1cc(c(cc1)*)C(F)(F)F)C(F)(F)F,tg,164.5,155.7877960205078,True
*Nc1ccc(*)cc1S(=O)(=O)O,egc,2.9815,,False
*C(C*)c1c(cccc1)C(=O)OCC,tg,118.0,100.85757446289062,True
*c1cc(N=Nc2ccc(S(=O)(=O)O)cc2)cc(*)c1O,egc,3.0327,,False
*NC(=O)OC(C=C1)=CC=C1*,egc,4.5955,,False
*Oc1c(c(cc(c1)Cl)Cl)*,tg,165.0,165.53269958496094,True
*CC(OC(C)=O)C(COC(=O)O*)OC(C)=O,egc,6.5585,6.452684084912031,True
*Oc1ccc(Oc2ccc(C(=O)c3ccc(*)cc3)cc2)cc1,egc,3.9034,,False
*Oc1ccc(cc1)OC(=O)/C=C/c1ccc(cc1)/C=C/C(=O)*,tg,210.0,216.7601776123047,True
*CCCCCCNC(=O)c1ccc(C(=O)N*)c(Oc2ccc(Cl)cc2)c1,egc,4.0457,,False
*Oc1ccc(cc1)CC(NC(=O)Cc1ccc(cc1)OC(=O)COCCOCC(=O)*)C(=O)OCCCCCC,tg,31.0,,False
*c1cc2c(C(=O)N(C2=O)c2cc(ccc2)Oc2c(c(ccc2)Oc2cc(ccc2)N2C(=O)c3c(C2=O)cc(cc3)C(=O)Nc2cc(ccc2)Oc2c(c(ccc2)Oc2cc(ccc2)NC(=O)*)C#N)C#N)cc1,tg,214.0,,False
*O[Si](*)(CCCOCCOCCOCCOCCOCCOCCOC)CCCOCCOCCOCCOCCOCCOCCOC,tg,-68.9,,False
*CC(*)c1nc(N)nc(N)n1,egc,5.2767,,False
*C(C*)C(=O)OCC(CC)C,tg,-32.0,,False
*O[Si](O[Si](O[Si](O[Si](OC(CCCCC(*)C)C)(C)C)(C)C)(C)C)(C)C,tg,-98.0,,False
*c1cc2c(C(=O)N(C2=O)c2c(ccc(c2)N2C(=O)c3c(C2=O)cc(cc3)C(=O)Nc2ccc(cc2)Oc2ccc(cc2)C2(c3c(C(=O)N2)cccc3)c2ccc(cc2)Oc2ccc(cc2)NC(=O)*)C)cc1,tg,315.0,301.65399169921875,True
*C(C*)c1ccc(cc1)S(=O)(=O)N(S(=O)(=O)C(F)(F)F)[Li],tg,152.0,,False
*c1sc(cc1)C(=O)Oc1ccc(cc1)[Si](c1ccc(cc1)OC(=O)*)(C)C,tg,-68.0,,False
*O[Si](*)(CCCOc1ccc(cc1)C(=O)Oc1ccc(cc1)OC)C,tg,8.7,,False
*OC1CCC(C2CCC(OC(=O)CCCCCCCCCCC(*)=O)CC2)CC1,egc,6.4832,,False
*NC(=O)CCCCCCC*,tg,38.45,,False
*N1C(=O)c2c(C1=O)cc(cc2)C(=O)Oc1ccc(cc1)C(c1ccc(cc1)C(c1ccc(cc1)OC(=O)CCCCC*)(C)C)(C)C,tg,104.0,,False
*N1C(=O)c2c(C1=O)cc(cc2)c1cc2c(C(=O)N(C2=O)c2ccc(cc2)Oc2c(cc(cc2)Oc2ccc(cc2)*)C)cc1,tg,265.0,273.4366149902344,True
*c1ccc(C(C)(C)c2ccc(-n3c(=O)c4cc5c(=O)n(*)c(=O)c5cc4c3=O)cc2)cc1,egc,2.5724,2.726744515508399,True
*CCCCOC(=O)COCC(=O)O*,egc,6.6832,,False
*NNC(=O)c1ccc(C(*)=O)cc1OCCCCCCCC,egc,4.1277,,False
*c1c(nc2c(n1)cc(cc2)Oc1ccc(cc1)NC(=O)CN1C(=O)c2c(C1=O)cc(cc2)C(c1cc2c(C(=O)N(C2=O)CC(=O)Nc2ccc(cc2)Oc2cc3c(nc(c(n3)c3ccc(cc3)Oc3ccc(cc3)*)c3ccccc3)cc2)cc1)(C(F)(F)F)C(F)(F)F)c1ccccc1,tg,260.0,268.78607177734375,True
*C(C*)OC(=O)c1ccc(cc1)Cl,tg,70.25,,False
*N(CC(C*)O)c1cc(c(c(c1)C)N=Nc1ccc(cc1)Cl)C,tg,150.0,137.12452697753906,True
*CCC(=O)Oc1ccc(OC(=O)CCN2CCN(*)C(C)C2)cc1,egc,4.6472,4.79152394086442,True
*NC(=O)CCCCC(=O)NCCCCCCC*,tg,51.0,,False
*C(=O)CCN(C)CCN(C)CCC(=O)N1CCN(*)CC1,egc,4.9845,4.361687359111424,True
*C(C*)(C(=O)OCCOCCOCC[N+](CCCCS(=O)(=O)O)(CC)CC)C,tg,27.0,84.21484375,True
*NC(=O)CCCCCCCCC(=O)NCCCCCCCCCCC*,tg,40.0,,False
*Oc1c2c(ccc1)c(ccc2)OC1(C(C(C1(F)F)(F)F)(*)F)F,tg,124.8,122.7591323852539,True
*c1ccc2c(nc([nH]2)c2ccc(cc2)c2nc3c([nH]2)ccc(c3)C(=O)Nc2cc(ccc2)NC(=O)*)c1,tg,294.0,321.9347839355469,True
*N(CC(C*)O)c1ccc(cc1)N=Nc1ccc(cc1)Cl,tg,160.0,98.01561737060547,True
*OC(COC(*)=O)COC(C)(C)C,egc,6.0333,6.236556036642131,True
*c1ccc2c(c1)c1cc(*)ccc1n2CC(=O)NO,egc,3.6467,,False
*C#CC#Cc1ccc(*)cc1,egc,2.0489,,False
*c1ccc(*)n1CCC(=O)NO,egc,2.8742,,False
*Oc1c(cc(cc1)C(c1cc(c(cc1)OC(=O)*)C(C)C)(C)C)C(C)C,tg,80.0,,False
*C(C*)C(=O)OCCCCCCCCCCOC(=O)c1ccc(cc1)OC(=O)c1ccc(cc1)C#N,tg,15.0,8.949854850769043,True
*c1cc2c(C(=O)N(C2=O)c2cc(ccc2)C(c2cc(ccc2)N2C(=O)c3c(C2=O)cc(cc3)C(=O)*)O[Si](O[Si](O[Si](C)(C)C)(C)C)(C)C)cc1,tg,273.0,,False
*CCCCCCNC(=O)CCCCCCCCC(=O)N*,egc,6.0268,5.858795643591357,True
*CCCCCCCCCCCCCCCCCCCCOC(=O)COCC(=O)O*,egc,6.3895,,False
*Oc1ccc(Cc2ccc(OC(=O)OCC3CCC(COC(*)=O)CC3)cc2)cc1,egc,5.1271,,False
*Oc1ccc(cc1)C1(CC(CCC1)c1ccc(cc1)OCC(C*)O)CC,tg,140.0,,False
*C(F)(F)C(F)(F)C(=O)C(=S)*,egc,2.0268,2.70092894971654,True
*C(C*)C(=O)C,tg,83.33,,False
*Oc1ccc(cc1)NC(=O)CCCC(=O)Nc1ccc(cc1)OCC(COc1ccc(cc1)C(c1ccc(cc1)OCC(C*)O)(C)C)O,tg,105.0,,False
*C(C*)Cc1c(cccc1)C,tg,80.0,,False
*Oc1ccc(cc1)C(c1ccc(cc1)OC(=S)*)(C)C,tg,140.5,131.09808349609375,True
*NC(=O)c1ccc(cc1)C(c1ccc(cc1)C(=O)NCCCC*)(CC)C,tg,177.5,167.1877899169922,True
*C(C*)c1ccccc1,tg,92.74,,False
*CC(OO*)c1ccc(Br)cc1,egc,5.1335,,False
*Oc1ccc(Oc2ccc(NC(=C(C#N)C#N)c3cccc(C(Nc4ccc(*)cc4)=C(C#N)C#N)c3)cc2)cc1,egc,2.6924,3.0301341473573284,True
*c1c2c(c(nn1)c1ccc(cc1)Oc1ccc(cc1)C1(c3ccccc3c3ccccc13)c1ccc(cc1)Oc1ccc(cc1)*)c(c(c(c2c1ccccc1)c1cc2c(cc1)cccc2)c1cc2c(cc1)cccc2)c1ccccc1,tg,327.33,,False
*OC(=O)Oc1cccc(OC(=O)OC2CC3CC(*)CC(C2)O3)c1,egc,5.8268,,False
*c1nc2c(nc1c1ccccc1)cc(cc2)c1cc2c(nc(c(n2)c2ccccc2)c2ccc(cc2)*)cc1,tg,354.5,,False
*N1C(=O)c2c(C1=O)cc(cc2)c1cc2c(C(=O)N(C2=O)CCCCCOC(=O)OCCCCC*)cc1,tg,84.0,,False
*CC(F)(F)C1(F)CC(CC(O)(C(F)(F)F)C(F)(F)F)CC1*,egc,7.7065,,False
*c1nc(nc(n1)Oc1cc(ccc1)C(=O)Nc1ccc(cc1)S(=O)(=O)c1ccc(cc1)NC(=O)c1cc(ccc1)O*)Sc1ccccc1,tg,304.0,,False
*c1cc(C(=O)OCC(F)(F)C(F)(F)C(F)(F)F)c(*)s1,egc,2.8607,,False
*NC(=O)C(=O)NCCCCCC*,tg,250.0,,False
*CCOCCOC(=O)CCSCCC(=O)O*,egc,5.4283,5.261648254990742,True
*CCCC(C)(C)CNC(=O)CCCCCCCCC(=O)N*,egc,5.8198,5.7257600885984345,True
*NC(=O)c1ccc(cc1)C(=O)NCC(CC(CC*)(C)C)C,tg,148.0,,False
*Oc1ccc(cc1)C(c1ccc(cc1)C(c1ccc(cc1)Oc1ccc(cc1)C(=O)Nc1ccc(cc1)NC(=O)c1ccc(cc1)*)(C)C)(C)C,tg,163.0,194.8474884033203,True
*N1C(=O)c2c(C1=O)cc(cc2)Oc1cc2c(cc1)ccc(c2)Oc1cc2c(C(=O)N(C2=O)c2ccc(cc2)C(c2ccc(cc2)*)(C(F)(F)F)C(F)(F)F)cc1,tg,256.0,,False
*OC(=O)CCCCCCCCCCC(=O)OCCOCC*,tg,-71.0,,False
*C(F)(F)C(F)(F)C(C=C1)=CC=C1O*,egc,4.5008,5.085582134709842,True
*Oc1c(cc(cc1)C(C)(C)C)Oc1ccc(cc1)S(=O)(=O)c1ccc(cc1)*,tg,175.6,,False
*c1cc2c(C(=O)N(C2=O)c2cc(ccc2)C#Cc2cc(ccc2)NC(=O)*)cc1,tg,323.5,232.18653869628906,True
*C(C(C*)C)(C)C,tg,37.0,,False
*Oc1ccc(cc1)NC(=O)CCCCCC(=O)Nc1ccc(cc1)*,tg,180.0,172.72857666015625,True
*CC(CC)(CO)CO*,egc,5.2286,5.669508520578929,True
*N1C(=O)c2c(C1=O)cc(cc2)Oc1cc2c(C(=O)N(C2=O)c2ccc(cc2)Oc2c(cc(c(c2)C(C)(C)C)Oc2ccc(cc2)*)C(C)(C)C)cc1,tg,242.0,,False
*c1cc2c(C(=O)N(C2=O)c2cc(ccc2)P(=O)(c2cc(ccc2)N2C(=O)c3c(C2=O)cc(cc3)C(=O)*)c2ccc(cc2)Oc2ccc(cc2)C23CC4CC(CC(C2)C4)C3)cc1,tg,305.0,,False
*Oc1ccc(cc1)CC(NC(=O)CCc1ccc(cc1)OC(=O)CCCCCCC(=O)*)C(=O)OCCOCCOCC,tg,6.0,,False
*Oc1c2c(c(cc1)c1c3c(c(cc1)OCCCCCC*)cccc3)cccc2,tg,109.0,118.64239501953125,True
*c1cc2c(C(=O)N(C2=O)c2cc(ccc2)OCCOCCOc2cc(ccc2)N2C(=O)c3c(C2=O)cc(cc3)C(=O)*)cc1,tg,152.33,,False
*Oc1cc(ccc1)NC(=O)c1ccc(cc1)C(=O)Nc1cc(ccc1)OCCOCC*,tg,140.0,,False
*N1C(=O)c2c(C1=O)cc(cc2)S(=O)(=O)c1cc2c(C(=O)N(C2=O)c2cc(c(c(c2)Br)Oc2c(cc(cc2Br)*)Br)Br)cc1,tg,328.0,,False
*NC(=O)CCCCCCCCC(=O)NCCCC1(c2ccccc2c2ccccc12)CCC*,tg,85.0,102.9957504272461,True
*N1C(=O)c2c(C1=O)cc(cc2)Oc1cc2c(C(=O)N(C2=O)CC2CC(CCC2)C*)cc1,tg,199.0,195.13665771484375,True
*NC(C)C(=O)NCCCCCCCCCCC(*)=O,egc,5.8221,5.607019810033095,True
*c8ccc(C7(c5ccc(n4c(=O)c3ccc(Oc2ccc1c(=O)n(*)c(=O)c1c2)cc3c4=O)cc5)OC(=O)c6ccccc67)cc8,egc,3.3847,3.058412000661881,True
*C1C(=O)N(C(=O)C1CC*)CC,tg,109.2,109.46317291259766,True
*Oc1c(cc(cc1Cl)C(c1cc(c(c(c1)Cl)OC(=O)CCCCC(=O)*)Cl)(C)C)Cl,tg,100.0,,False
*c1cccc(Oc2ccc(S(=O)(=O)c3ccc(Oc4cccc(N5C(=O)c6ccc(-c7ccc8c(c7)C(=O)N(*)C8=O)cc6C5=O)c4)cc3)cc2)c1,egc,2.9006,3.354264211569676,True
*CC(CCC)C(CCC)COC(=O)c1ccc(C(=O)O*)cc1,egc,4.734,,False
*C=C(*)C(C)=O,egc,3.9542,1.1124221318485288,True
*CCOCCOC(=O)CCCCCCCCCCCCCCCCC(=O)O*,egc,6.2057,,False
*OC(=O)CCCCC(=O)OCCOCC*,tg,-54.67,-61.862247467041016,True
*Oc1ccc(cc1)CC(NC(=O)CCc1ccc(cc1)OC(=O)COCC(=O)*)C(=O)OC(CC)C,tg,68.0,,False
*c1[nH]c(nc1c1ccc(cc1)NC1C(=O)N(C(=O)C1)c1ccc(cc1)Cc1ccc(cc1)N1C(=O)C(CC1=O)Nc1ccc(cc1)*)c1ccc(cc1)C=Cc1ccc(cc1)[N+](=O)[O-],tg,250.0,176.0805206298828,True
*Oc1cc(Oc2ccc(C(C)(C)c3ccc(*)cc3)cc2)cc(C(=O)Oc2ccc(N=Nc3ccc(C#N)cc3)cc2)c1,egc,3.1481,3.686928728190957,True
*C(=O)C(=S)C(=O)O*,egc,2.3358,,False
*S(=O)(=O)c1ccc(cc1)NC(=O)CCCCC(=O)Nc1ccc(cc1)*,tg,194.0,,False
*c1cc2c(C(=O)N(C2=O)c2cc(cc(c2)c2sc3c(n2)cccc3)N2C(=O)c3c(C2=O)cc(cc3)C(=O)Nc2nc(ccc2)NC(=O)*)cc1,tg,358.0,,False
*OC(=O)Nc1c(ccc(c1)NC(=O)OCCN(CC*)c1ccc(cc1)N=Nc1cc(c(cc1)N=Nc1c(cc(c(c1)OC)N=Nc1ccc(cc1)[N+](=O)[O-])OC)C)C,tg,148.0,,False
*Oc1ccc(cc1)C(c1ccc(cc1)OCCOC(=O)Nc1ccc(cc1)Cc1ccc(cc1)NC(=O)OCC*)(C)C,tg,127.0,87.52741241455078,True
*c1cc2sc(*)cc2s1,egc,1.8963,,False
*N1C(=O)c2c(C1=O)cc(cc2)Oc1cc2c(C(=O)N(C2=O)c2c(ccc(c2)C(c2cc(c(cc2)OCCN(c2ccc(cc2)C=CC2=CC(=C(C(=O)OCCc3ccccc3)C#N)CC(C2)(C)C)c2ccccc2)*)(C(F)(F)F)C(F)(F)F)OCCN(c2ccc(cc2)C=CC2=CC(=C(C(=O)OCCc3ccccc3)C#N)CC(C2)(C)C)C)cc1,tg,177.0,185.0050811767578,True
*Oc1ccc(cc1)C(=O)Nc1ccc(cc1)C(c1ccc(cc1)NC(=O)c1ccc(cc1)OC(=O)c1ccc(cc1)C(=O)*)(C(F)(F)F)C(F)(F)F,tg,266.0,255.0131072998047,True
*Oc1ccc(cc1)OC(=O)c1ccc(cc1)OCC(COC(=O)CCCCCCCCC(=O)OCC(C*)O)O,tg,36.0,,False
*C(C*)c1c(c(c(c(c1F)F)OC)F)F,tg,94.0,,False
*c1ccc(Oc2ccc(-c3cnc4ccc(-c5ccc6nc(*)cnc6c5)cc4n3)cc2)cc1,egc,3.1515,,False
*C(=O)Oc1ccc(OC(=O)c2ccc3c(c2)C(=O)N(c2ccc(Oc4ccc(N5C(=O)c6ccc(*)cc6C5=O)cc4)cc2)C3=O)c(-c2ccccc2)c1,egc,2.5898,,False
*Oc1ccc(cc1)CC(NC(=O)CCc1ccc(cc1)OC(=O)COCCOCC(=O)*)C(=O)OC(CC)C,tg,44.0,52.7982177734375,True
*c1cc2c(C(=O)N(C2=O)c2cc(c(cc2)Oc2ccc(cc2)C(=O)c2nc(ccc2)C(=O)c2ccc(cc2)Oc2c(cc(cc2)N2C(=O)c3c(C2=O)cc(cc3)C(*)(C(F)(F)F)C(F)(F)F)C(F)(F)F)C(F)(F)F)cc1,tg,206.4,,False
*Nc1cccc2c(NC(=O)c3cccc(C(*)=O)c3)cccc12,egc,3.1462,3.525468736369654,True
*OP(=O)(N=Nc1ccc(cc1)Oc1ccc(cc1)N=NP(=O)(OCC*)OCC)OCC,tg,22.0,,False
*CC(*)C(=O)Nc1ccc2c(c1)C(=O)c1ccccc1C2=O,egc,3.0723,1.8553487172956282,True
*N1C(=O)C2C3C4C(C(C2C1=O)C=C3)C(=O)N(C4=O)c1ccc(cc1)Sc1cc2c(C(=O)N(C2=O)CCc2ccccc2)cc1Sc1ccc(cc1)*,tg,258.0,271.7348327636719,True
*C(=C*)c1c(cccc1)[Si](C)(C)C,tg,190.0,,False
*N1C(=O)c2c(C1=O)c(ccc2)Oc1ccc(cc1)c1ccc(cc1)Oc1c2c(C(=O)N(C2=O)c2cc(ccc2)*)ccc1,tg,275.0,267.6480407714844,True
*N1C(=O)c2c(C1=O)cc(cc2)OCCN(CCOc1cc2c(C(=O)N(C2=O)c2ccc(cc2)C(c2ccc(cc2)*)(C(F)(F)F)C(F)(F)F)cc1)c1ccc(cc1)C=Cc1ccc(cc1)[N+](=O)[O-],tg,180.7,,False
*CCOCCC(=O)O*,egc,6.821,,False
*C(C*)CC(C)C,tg,45.5,,False
*C1C2CC(C(C1*)C2)CCCCCCCCC(=O)OCC,tg,134.0,87.75204467773438,True
*Oc1c(cc(cc1C)C(c1cc(c(c(c1)C)OCC(C*)O)C)(C)C)C,tg,130.0,135.62962341308594,True
*N=P(*)(Oc1ccc(cc1)CC)Oc1ccc(cc1)CC,tg,-18.0,1.4439367055892944,True
*C1=C(C(=O)N(C1=O)CCCCCCCCCCCC)c1ccc(cc1)c1cc2C(c3c(c2cc1)ccc(c3)c1ccc(cc1)*)(CCCCCC)CCCCCC,tg,100.0,,False
*C(C*)OC(=O)c1ccc(cc1)Br,tg,85.5,73.61406707763672,True
*C=C*,tg,-25.5,45.55653762817383,True
*Oc1c(cccc1)C(=O)OC(=O)c1c(cccc1)OC(=O)CCCCCC(=O)*,tg,40.0,,False
*Oc1ccc(cc1)C(c1ccc(cc1)OC(=O)*)C(C)C,tg,149.0,136.4916534423828,True
*CCN1C(=O)C(=CC=C2SC(=S)N(*)C2=O)SC1=S,egc,2.2801,,False
*C(C*)(C(=O)OCc1ccccc1)C,tg,57.45,,False
*Oc1ccc(cc1)OC(=O)c1ccc(cc1)C(=O)Oc1ccc(cc1)OCCCCCC*,tg,53.0,,False
*CC(*)(F)F,egc,7.1498,7.657384835554762,True
*Oc1cc(ccc1)Oc1ccc(cc1)C(=O)c1ccc(cc1)NC(=O)c1cc(ccc1)C(=O)Nc1ccc(cc1)C(=O)c1ccc(cc1)*,tg,214.0,170.90185546875,True
*CCC(=O)NCC(=O)N*,egc,6.1234,,False
*N1C(=O)C(=C(C1=O)Cl)Oc1ccc(cc1)C(c1ccc(cc1)OC1=C(C(=O)N(C1=O)c1ccc(cc1)Oc1ccc(cc1)*)Cl)(C)C,tg,175.0,,False
*C1C(=O)N(C(=O)C1CC*)CCCCCCCCCCCC,tg,55.4,,False
*Nc1ccc(cc1)C(c1ccc(cc1)NC(=O)c1cc(cc(c1)NC(=O)C12CC3CC(CC(C1)C3)C2)C(=O)*)(C(F)(F)F)C(F)(F)F,tg,365.0,,False
*N1C(=O)c2c(C1=O)cc(cc2)Oc1cc2c(C(=O)N(C2=O)CCCCCCOC(=O)c2cc(cc(c2)OCCCCCCOc2ccc(cc2)N=Nc2ccc(cc2)C#N)C(=O)OCCCCCC*)cc1,tg,61.0,70.1393051147461,True
*c1cc2c(C(=O)N(C2=O)c2ccc(cc2)Oc2cc(ccc2)c2nc(cc(c2)c2ccccc2)c2cc(ccc2)Oc2ccc(cc2)N2C(=O)c3c(C2=O)cc(cc3)C(*)(C(F)(F)F)C(F)(F)F)cc1,tg,180.0,264.9114990234375,True
*c1cc2c(C(=O)N(C2=O)c2c(cc(cc2)Cc2cc(c(cc2)N2C(=O)c3c(C2=O)cc(cc3)C(=O)*)C)C)cc1,tg,364.67,,False
*C1C(=O)NC(=O)C1C(C*)c1ccccc1,tg,257.67,,False
*C1C(=O)N(C(=O)C1CC*)C,tg,141.2,,False
*C(C*)c1c(ccc(c1)c1ccc(cc1)C(=O)OC(CCCCCC)C)c1ccc(cc1)C(=O)OC(CCCCCC)C,tg,102.0,,False
*Oc1ccc(cc1)C(=C(Cl)Cl)c1ccc(cc1)OC(=O)*,tg,167.67,165.2449951171875,True
*CCCCCCCCCOC(=O)c1ccc(NC(=O)CCCCCCCCC(=O)Nc2ccc(C(=O)O*)cc2)cc1,egc,4.1632,4.710007188247625,True
*N1C(=O)c2c(C1=O)cc(cc2)S(=O)(=O)c1cc2c(C(=O)N(C2=O)c2ccc(cc2)N(c2ccc(cc2)*)c2ccccc2)cc1,tg,306.0,,False
*N1C(=O)c2c(C1=O)cc(cc2)S(=O)(=O)c1cc2c(C(=O)N(C2=O)c2ccc(cc2)Oc2ccc(cc2)*)cc1,tg,283.5,309.1540222167969,True
*C1COC2C1OCC2OC(=O)OCCOCCOCCOCCOC(=O)O*,tg,9.5,,False
*C(C*)(C(=O)OC1CCCCC1)C,tg,89.76,,False
*Nc1ccc(cc1)C(c1ccc(cc1)C(c1ccc(cc1)Nc1ccc(cc1)C(=O)c1ccc(cc1)C(=O)c1ccc(cc1)*)(C)C)(C)C,tg,157.0,,False
*Oc1ccc(cc1)NC(=O)c1cc(cc(c1)C(C)(C)C)C(=O)Nc1ccc(cc1)Oc1ccc(cc1)C(c1ccc(cc1)*)(C(F)(F)F)C(F)(F)F,tg,254.25,236.6608123779297,True
*N=P(*)(Oc1ccc(cc1)c1ccccc1)Oc1ccc(cc1)c1ccccc1,tg,69.67,,False
*CC(*)OC(=O)C(Cl)(Cl)Cl,egc,5.7645,,False
*N1C(=O)c2c(C1=O)cc(cc2)C(=O)c1cc2c(C(=O)N(C2=O)CCCCCCOC(=O)OCCCOC(=O)OCCCCCC*)cc1,tg,61.0,51.46788024902344,True
*OC(C)COC(=O)CCCCCCCCC(*)=O,egc,6.952,,False
*OC(=O)C(C(=O)OCCOCC*)CCC,tg,-38.0,,False
*CCCCCCCCCCNC(=O)C(C)=C(C)C(=O)N*,egc,4.9889,,False
*C(C*)C(=O)NCP(=O)(O)O,tg,26.0,78.67987823486328,True
*C1C(=O)N(C(=O)C1*)CCCCCCCOc1ccc(cc1)c1ccc(cc1)C#N,tg,61.0,,False
*OC(COC(=O)c1cc2c(cc1)cc(cc2)C(=O)*)COc1ccc(cc1)N=Nc1ccc(cc1)C#N,tg,138.0,130.1953887939453,True
*CC(C)(C)COC(=O)Nc1ccc(C)c(NC(=O)O*)c1,egc,5.1704,,False
*Oc1c(cc(cc1C)C(c1cc(c(c(c1)C)OC(=O)CCCCCC(=O)*)C)(C)C)C,tg,84.0,84.97367095947266,True
*C1C2C(C(=O)N(C2=O)c2ccc(cc2)C)C(C1)C=C*,tg,222.0,,False
*c1cc2c(C(=O)N(C2=O)c2c3c(ccc2)c(ccc3)Oc2ccc(cc2)N2C(=O)c3c(C2=O)cc(cc3)C(=O)Nc2ccc(cc2)Oc2ccc(cc2)NC(=O)*)cc1,tg,278.0,,False
*c1cc2c(C(=O)N(C2=O)c2ccc(cc2)C(=O)Nc2ccc(cc2)C(=O)OCCCCCCCOC(=O)*)cc1,tg,106.0,,False
*CCCC(=O)*,egc,5.3982,5.990369024686722,True
*c1cc2c(C(=O)N(C2=O)c2c(cc(cc2)C(=O)Nc2ccc(cc2)C(c2ccc(cc2)NC(=O)c2cc(c(cc2)N2C(=O)c3c(C2=O)cc(cc3)C(*)(C(F)(F)F)C(F)(F)F)C)(C(F)(F)F)C(F)(F)F)C)cc1,tg,344.0,,False
*C=Cc1sc(*)c2c1OC(CCCCCC)CO2,egc,1.0146,,False
*CCC(=O)N(*)C,egc,5.368,,False
*C1C(=O)N(C(=O)C1C(C*)c1ccccc1)CCCCNC(=O)C(C(C(C(C(C(C(F)(F)F)(F)F)(F)F)(F)F)(F)F)(F)F)(F)F,tg,113.0,,False
*CC(C)(C)COC(=O)CCCCCCC(=O)O*,egc,6.7281,6.662914928485159,True
*C(C*)(C(=O)OCC(C)C)C#N,tg,51.0,116.93196868896484,True
*N1C(=O)c2c(C1=O)cc(cc2)C(=O)c1cc2c(C(=O)N(C2=O)CCCC(=O)Nc2cc(ccc2)Oc2ccc(cc2)NC(=O)CCC*)cc1,tg,188.0,,False
*c1sc(cc1c1ccc(cc1)C(=C1C=C(C(=O)C(=C1)C(C)(C)C)C(C)(C)C)c1cc(c(c(c1)C(C)(C)C)O)C(C)(C)C)*,tg,-12.6,,False
*C1OC(OC1COC(=O)OC*)OCC,tg,51.38,,False
*NC(S1)=CC=C1C(S2)=CC=C2C(S3)=CC=C3*,egc,2.2573,,False
*Oc1ccc(cc1)N=Cc1ccc(cc1)Oc1ccc(cc1)C(c1ccc(cc1)Oc1ccc(cc1)C=Nc1ccc(cc1)Oc1ccc(cc1)c1ccc(cc1)*)(C(F)(F)F)C(F)(F)F,tg,128.0,174.1050567626953,True
*c1ccc(-c2cnc3cc(-c4ccc5nc(*)cnc5c4)ccc3n2)cc1,egc,3.2178,,False
*CC(O)COC(=O)CCCCC(=O)OCC(O)COc1ccc(O*)cc1,egc,5.0285,,False
*C(=O)OC(C=C1)=CC=C1C(=S)*,egc,2.9816,3.136874664778315,True
*OCCOCCOCCCNC(=O)C(NC(=O)C(NC(=O)CCCCCCCCC(=O)NC(C(=O)NC(C(=O)NCCC*)C(C)C)Cc1ccccc1)Cc1ccccc1)C(C)C,tg,66.0,64.05113220214844,True
*c1ncc(cc1)C(=O)Nc1cc(ccc1)Oc1ccc(cc1)C(=O)c1ccc(cc1)Oc1cc(ccc1)NC(=O)*,tg,154.0,,False
*c1sc(cc1CCCCCCCCCCCC)c1ccc(cc1)c1sc(c(c1)CCCCCCCCCCCC)c1ccc(cc1)*,tg,-19.2,,False
*c1nc2c(c(c1)c1ccccc1)cc(cc2)Oc1cc2c(nc(cc2c2ccccc2)c2ccc(cc2)C(c2ccc(cc2)*)(C(F)(F)F)C(F)(F)F)cc1,tg,260.0,279.8848571777344,True
*C(=O)c1ccc2c(c1)C(=O)N(c1cccc(C(=O)N(C)c3ccc(N4C(=O)c5ccc(*)cc5C4=O)cc3)c1)C2=O,egc,2.3447,,False
*C(C*)(C(=O)OCc1cc(c(cc1)OCCOCCOCCOCC)OCCOCCOCCOCC)C,tg,-92.0,,False
*C(C*)(C(=O)OCCOCC[N+](CCCCS(=O)(=O)O)(CC)CC)C,tg,95.0,,False
*C1(c2c(C(=O)O1)cccc2)c1ccc(cc1)Oc1ccc(cc1)P(=O)(c1ccc(cc1)Oc1ccc(cc1)*)C,tg,263.0,260.7856750488281,True
*Oc1ccc(cc1)NC(=O)c1ccc(cc1)Oc1ccc(cc1)C(=O)Nc1ccc(cc1)*,tg,274.0,,False
*CC(CC(*)(C#N)C(=O)OC)c1ccccc1,egc,5.5884,5.658346379886344,True
*O[Si](O[Si](O[Si](O[Si](CC[Si](O[Si](O[Si](O[Si](CC[Si](*)(c1ccccc1)c1ccccc1)(C)C)(C)C)(C)C)(C)C)(c1ccccc1)c1ccccc1)(c1ccccc1)c1ccccc1)(c1ccccc1)c1ccccc1)(c1ccccc1)c1ccccc1,tg,-4.5,,False
*NC(=O)CCCCCCCCCCCCCCCCCCC(=O)NCCCCCCCCC*,tg,42.0,,False
*N1C(=O)c2c(C1=O)cc(cc2)Oc1ccc(cc1)C(c1ccc(cc1)Oc1cc2c(C(=O)N(C2=O)c2cc(ccc2)*)cc1)(C)C,tg,221.3,,False
*C(C*)c1ccc(cc1)S(=O)(=O)OCCC,tg,217.0,,False
*C(C*)(C(=O)OCCCCCCC(C(C(C(F)(F)F)(F)F)(F)F)(F)F)C,tg,23.0,,False
*C1OC(CO1)CCCCOC(=O)CCCCCCC*,tg,-44.0,,False
*C1C(=O)N(C(=O)C1C(C*)c1ccccc1)CCCCCCCCCCCC,tg,70.0,,False
*Nc1ccc(cc1)Cc1ccc(cc1)NC(=O)NCCCCCCCCCCCCNC(=O)*,tg,51.0,,False
*N1C(=O)c2c(C1=O)cc(cc2)Oc1ccc(cc1)C(=O)c1ccc(cc1)Oc1cc2c(C(=O)N(C2=O)c2cc(ccc2)*)cc1,tg,239.0,,False
*c1nc2c(c(c1)c1ccc(cc1)Oc1ccc(cc1)c1ccccc1)cc(cc2)c1cc2c(nc(cc2c2ccc(cc2)Oc2ccc(cc2)c2ccccc2)c2ccc(cc2)c2ccc(cc2)*)cc1,tg,318.0,,False
*c1ccc(Cc2ccc(N3C(=O)c4ccc(S(=O)(=O)c5ccc6c(c5)C(=O)N(*)C6=O)cc4C3=O)cc2)cc1,egc,2.775,2.944224452898275,True
*N1CCN(CC1)CC(COc1ccc(cc1)C(c1ccc(cc1)OCC(C*)O)(C)C)O,tg,100.0,,False
*CCCCCCSSCCCCSS*,egc,5.0908,4.482540582743054,True
*c1c(nc2c(c1c1ccccc1)cc(cc2)c1cc2c(nc(c(c2c2ccccc2)c2ccc(cc2)c2ccc(cc2)*)c2ccccc2)cc1)c1ccccc1,tg,372.0,336.2762756347656,True
*Oc1ccc(cc1)S(=O)(=O)c1ccc(cc1)Oc1ccc(cc1)C=Nc1ccc(cc1)Oc1ccc(cc1)N=Cc1ccc(cc1)*,tg,162.0,178.6610870361328,True
*c1cc2c(C(=O)N(C2=O)c2cc(ccc2)Oc2ccc(cc2)N2C(=O)c3c(C2=O)cc(cc3)c2c(c(c(c(c2c2ccccc2)c2ccccc2)c2ccc(cc2)Oc2ccc(cc2)c2c(c(c(c(c2c2ccccc2)c2ccccc2)*)c2ccccc2)c2ccccc2)c2ccccc2)c2ccccc2)cc1,tg,309.0,,False
*N(C(=O)CCCCCCCCCCC*)C,tg,-30.5,,False
*OC(COC(=O)*)COCCCC,tg,-24.0,-24.645044326782227,True
*c1c2C(=O)N(C(=O)c2c(c2ccccc12)c1ccc(cc1)Oc1ccc(cc1)S(=O)(=O)c1ccc(cc1)Oc1ccc(cc1)*)c1ccc(cc1)F,tg,300.0,,False
*OC(=O)CCSCCC(=O)OCCOCCOCC*,tg,-44.0,,False
*C(=O)NCCCCCCCCCCNC(=O)c1ccc(*)nc1,egc,4.5311,4.732794252010765,True
*OCCCC*,tg,-75.43,,False
*c1cc2c(C(=O)N(C2=O)c2ccc(cc2)C(=O)OCCCCCOC(=O)*)cc1,tg,90.0,,False
*Nc1ccc(cc1)NC(=O)c1cc(cc(c1)NC(=O)c1ccccc1)C(=O)*,tg,321.0,326.6576232910156,True
*CCCS(=O)(=O)CCCCS(=O)(=O)CCCOC(=O)O*,egc,6.4999,6.548437653958783,True
*c1ccc(Oc2ccc(-c3cnc4cc5ncc(*)nc5cc4n3)cc2)cc1,egc,2.782,2.973651801438098,True
*N1C(=O)c2c(C1=O)c(ccc2)Oc1ccc(cc1)S(=O)(=O)c1ccc(cc1)Oc1c2c(C(=O)N(C2=O)c2ccc(cc2)Oc2cc(ccc2)Oc2ccc(cc2)*)ccc1,tg,230.0,226.6912384033203,True
*Oc1ccc(cc1)C(c1ccc(cc1)OC(=O)c1cc2c(C(CC2(c2ccc(cc2)C(=O)*)C)(C)C)cc1)(C)C,tg,265.0,,False
*N1C(=O)c2c(C1=O)cc(cc2)Oc1ccc(cc1)Oc1cc2c(C(=O)N(C2=O)c2c(cc(cc2)Cc2cc(c(cc2)*)OC)OC)cc1,tg,269.0,,False
*Nc1cc(ccc1)NC(=O)c1ccc(cc1)C(=O)Nc1cc(ccc1)NC(=S)NC(=O)c1cc(ccc1)C(=O)NC(=S)*,tg,254.0,,False
*C(=C(*)C)SCCCCCCCCCC,tg,60.0,,False
*OC(=O)C(NC(=O)C=CC(=O)NC(C(=O)OCCCC*)Cc1ccccc1)Cc1ccccc1,tg,103.0,82.11150360107422,True
*C=CC1CC(*)C2C(=O)N(c3cccc(C)c3)C(=O)C12,egc,4.9512,,False
*CCCCCCOC(=O)OCCCCCCCCOC(=O)OCCCCCCOc1ccc(Oc2ccc(O*)cc2)cc1,egc,4.4708,5.154083854980508,True
*c1cc2c(C(=O)N(C2=O)c2ccc(cc2)Oc2c(cc(cc2C)Cc2cc(c(c(c2)C)Oc2ccc(cc2)N2C(=O)c3c(C2=O)cc(cc3)C(*)(C(F)(F)F)C(F)(F)F)C)C)cc1,tg,286.33,287.27386474609375,True
*OC(=O)CCCCCCCCCCCCC(=O)OCC(C*)CCCCCCOc1ccc(cc1)N=Nc1ccc(cc1)C#N,tg,21.5,,False
*C(C*)C(=O)Oc1ccc(cc1)N=Nc1ccc(cc1)OC,tg,133.6,100.5182113647461,True
*NC(=O)CCCCCCCCCCCCCCCCC(=O)NCCc1ccc(cc1)CC*,tg,75.0,,False
*CC(=O)C(=S)O*,egc,3.8359,3.0809887010905315,True
*O[Si](O[Si](O[Si](O[Si](c1ccc(cc1)Oc1ccc(cc1)[Si](*)(C)C)(C)C)(C)C)(C)C)(C)C,tg,-52.0,-50.384220123291016,True
*Oc1ccc(cc1)NC(=O)c1ccc(cc1)NC(=O)c1ccc(cc1)[Si](c1ccc(cc1)C(=O)Nc1ccc(cc1)C(=O)Nc1ccc(cc1)*)(C)C,tg,304.0,,False
*C(=O)C(C=C1)=CC=C1C(=S)C(C=C2)=CC=C2*,egc,2.9419,,False
*c1cc(CCCCCCCCCC)c(*)[nH]1,egc,2.8756,2.9148834231445107,True
*c1c2ccc(=O)cc2oc2cc(ccc12)OC(=O)c1c(cccc1)*,tg,250.0,225.6934051513672,True
*Oc1ccc(cc1)C(c1ccc(cc1)OCCCCCCCC*)(C(F)(F)F)C(F)(F)F,tg,27.8,80.61508178710938,True
*Nc1c(cc(cc1)c1cc(c(cc1)NC(=O)c1cc(ccc1)C(=O)*)O)O,tg,386.0,,False
*Oc1c(cc(c(c1)OC(=O)c1ccc(cc1)OCC(CC)C)OC(=O)CCCC(=O)*)OC(=O)c1ccc(cc1)OCC(CC)C,tg,60.0,52.53617858886719,True
*N=C(NCCCCCCCCCC*)c1ccccc1,tg,10.0,,False
*C(C*)C(=O)OC(C(Cl)(Cl)Cl)Cl,tg,70.5,,False
*c1ccc(-c2nc3cc4sc(*)nc4cc3s2)cc1,egc,3.1122,,False
*c1sc(nn1)c1ccc(cc1)C(=O)OCCCCCCCCCCOC(=O)c1ccc(cc1)*,tg,79.0,,False
*c1ccc(C(C=CC)c2ccc(-n3c(=O)c4cc5c(=O)n(*)c(=O)c5cc4c3=O)cc2)cc1,egc,2.5577,,False
*c1cc2c(C(=O)N(C2=O)c2ccc(cc2)Oc2cc3c(cc2)ccc(c3)Oc2ccc(cc2)N2C(=O)c3c(C2=O)cc(cc3)C(*)(C(F)(F)F)C(F)(F)F)cc1,tg,302.3,,False
*Oc1ccc(cc1)Sc1ccc(cc1)OC(=O)*,tg,110.0,,False
*Nc1ccc(NC(=O)CCC(*)=O)cc1,egc,4.4554,,False
*OC(C*)COCC,tg,-61.0,,False
*Oc1ccc(cc1)S(=O)(=O)c1c2c(ccc1)c(ccc2)S(=O)(=O)c1ccc(cc1)Oc1ccc(cc1)c1ccc(cc1)*,tg,248.0,264.5130920410156,True
*Oc1ccc(CC(NC(=O)Cc2ccc(OC(=O)CC(C)CCC(*)=O)cc2)C(=O)OCCCCCCCC)cc1,egc,5.2951,,False
*OCOCC*,tg,-64.5,-66.06771087646484,True
*c1ccc([Si](c2ccccc2)(c2ccccc2)c2ccc(-c3nnc(*)o3)cc2)cc1,egc,4.0946,3.8734941474522344,True
*c1ccc(*)c2nc(CCCCCCC)c(CCCCCCC)nc12,egc,3.0414,,False
*C(C*)C(=O)OCCCOc1ccc(cc1)c1ccc(cc1)C#N,tg,51.55,,False
*C(C*)OC,tg,-24.96,,False
*C1OCOC(C1(F)F)C(*)(F)F,tg,125.0,121.7218017578125,True
*Oc1ccc(C2(c3ccc(OC(*)=O)c(Cl)c3)CCCCC2)cc1Cl,egc,4.9504,4.784066175746608,True
*c1ccc(Oc2ccc(C(=O)c3cccc(C(=O)c4ccc(Oc5ccc(-n6c(=O)c7cc8c(=O)n(*)c(=O)c8cc7c6=O)cc5)cc4)c3)cc2)cc1,egc,2.3756,2.339055955341075,True
*C(C*)C(=O)c1cc(c(cc1)Br)OC,tg,44.0,,False
*[Si](C*)(CCC)CCC,tg,-41.0,-48.14018249511719,True
*Oc1ccc(cc1)Nc1ccc(cc1)S(=O)(=O)c1ccc(cc1)Nc1ccc(cc1)Oc1ccc(cc1)C(c1ccc(cc1)*)(C)C,tg,145.0,,False
*N1C(=O)c2c(C1=O)cc(cc2)Oc1cc2c(C(=O)N(C2=O)c2c(cc(cc2C)C(c2cc(c(c(c2)C)*)C)c2cc(cc(c2)C(F)(F)F)C(F)(F)F)C)cc1,tg,281.9,277.5318603515625,True
*Oc1c(cc(cc1)OC(=O)c1ccc(cc1)C(=O)*)c1cc(ccc1)C(F)(F)F,tg,158.13,,False
*CC(*)c1c(F)c(F)c(OC)c(F)c1F,egc,4.6291,,False
*C(=O)c1ccc(C(=O)N2CCN(*)CC2)cc1,egc,4.6128,4.20892167833987,True
*c1cc2c(C(=O)N(C2=O)c2ccc(cc2)C(=O)c2ccc(cc2)C(=O)c2ccc(cc2)N2C(=O)c3c(C2=O)cc(cc3)C(=O)*)cc1,tg,286.0,,False
*[N+](CCCCCCCCCC*)(C)C,tg,66.69,,False
*Oc1ccc(cc1)C1(c2ccccc2c2ccccc12)c1ccc(cc1)OC(=O)c1cc(ccc1)C(=O)*,tg,269.5,,False
*OC(=O)c1ccc(cc1)C(=O)OCC(C(C*)CCC)CCC,tg,19.67,,False
*Oc1c2c(c(cc1)c1c3c(c(cc1)OCCC*)cccc3)cccc2,tg,173.5,,False
*CC(*)C(=O)C(C)(C)C,egc,5.3334,,False
*CCCCCc1nnc(*)n1N,egc,5.7571,5.568297066683395,True
*Oc1cc(ccc1)OC(=O)c1cc(cc(c1)OCCCCC)C(=O)*,tg,96.0,105.46768951416016,True
*C(C*)(C(=O)OCC(F)(F)F)F,tg,117.75,85.32146453857422,True
*c1ccc(cc1)c1c(cc(c(c1c1ccccc1)c1ccccc1)c1ccc(cc1)c1c(c(c(c(c1)c1ccccc1)c1ccc(cc1)CCCCCCCCCCCCCC*)c1ccccc1)c1ccccc1)c1ccccc1,tg,185.0,,False
*Oc1cc(c(cc1)CCc1ccc(cc1)OCCCCCCCC*)C,tg,-12.1,,False
*C(C*)c1ccc(cc1)B(Oc1c2ncccc2c(cc1)B1OC(C(O1)(C)C)(C)C)c1ccc(cc1)C(C)(C)C,tg,275.0,254.38392639160156,True
*CCCCCCC(Cl)C(*)Cl,egc,6.8762,,False
*NC(=S)NC(C=C1)=CC=C1NC(=S)NC(C=C2)=CC=C2CC(C=C3)=CC=C3*,egc,3.7248,3.3078300884842347,True
*CC(F)(F)C(F)(F)C(F)(F)COC(=O)CCCC(=O)O*,egc,6.894,6.711790246272208,True
*Oc1cc(ccc1)NC(=O)c1ccc(cc1)Oc1ccc(cc1)C(c1cc(ccc1)C(c1ccc(cc1)Oc1ccc(cc1)C(=O)Nc1ccc(cc1)*)(C)C)(C)C,tg,147.0,,False
*c1nc(nc(n1)N(CCCCCCN(*)c1ccccc1)c1ccccc1)c1ccccc1,tg,74.0,,False
*Oc1ccc(OC(=O)C=Cc2ccc(C=CC(*)=O)cc2)cc1,egc,3.0386,,False
*C1C(=O)N(C(=O)C1*)CCCCCCCCOc1ccc(cc1)c1ccc(cc1)C#N,tg,43.0,,False
*C(F)(F)C(S1)=CC=C1C(F)(F)C(=S)*,egc,2.8122,3.155416268082595,True
*OC(C*)COC,tg,-62.0,,False
*O[Si](CCCC(=O)Oc1ccc(cc1)C=Nc1ccc(cc1)Oc1ccc(cc1)N=Cc1ccc(cc1)OC(=O)CCC[Si](*)(C)C)(C)C,tg,52.0,,False
*N1C(=O)c2c(C1=O)cc(cc2)Oc1cc2c(C(=O)N(C2=O)c2cc(cc(c2)C(F)(F)F)Oc2c(cc(cc2C)c2cc(c(c(c2)C)Oc2cc(cc(c2)C(F)(F)F)*)C)C)cc1,tg,252.2,258.11328125,True
*OC(=O)OCC(C*)OCCOc1ccc(cc1)C=Cc1ccc(cc1)[N+](=O)[O-],tg,53.0,,False
*c1oc(nn1)c1c2c(c(cc1)Oc1c3c(c(cc1)C=Cc1ccc(cc1)Oc1c4c(c(cc1)*)cccc4)cccc3)cccc2,tg,241.0,,False
*N1C(=O)c2c(C1=O)cc(cc2)Oc1cc2c(C(=O)N(C2=O)c2cc(ccc2)OCCOc2ccc(cc2)*)cc1,tg,178.5,,False
*Oc1ccc(cc1)NC(=O)c1cc(cc(c1)C(C)(C)C)C(=O)Nc1ccc(cc1)OCCCCCC*,tg,166.0,,False
*CCOCCOC(=O)C=CC(=O)O*,egc,4.6987,,False
*c1ccc2c(c1)c1cc(*)ccc1n2CC(=O)OCC,egc,3.5868,,False
*N1C(=O)C(=C(C1=O)c1ccccc1)c1ccc(cc1)C1=C(C(=O)N(C1=O)c1ccc(cc1)C1(c2ccccc2c2ccccc12)c1ccc(cc1)*)c1ccccc1,tg,325.67,,False
*Oc1ccc(cc1)C(c1ccc(cc1)Oc1ccc(cc1)C(=O)c1ccc(cc1)Oc1ccc(cc1)C(=O)c1ccc(cc1)*)(C)C,tg,162.0,,False
*CC(O)COc1ccc(S(=O)(=O)c2ccc(OCC(O)COc3cccc(O*)c3)cc2)cc1,egc,4.3099,4.5032480808908995,True
*c1ccc(-c2ccc(*)c(C)c2)cc1C,egc,3.8863,,False
*N(CC*)C(=O)CC12CC3CC(CC(C1)C3)C2,tg,139.0,,False
*Oc1ccc(cc1)Oc1ccc(cc1)Oc1ccc(cc1)c1ccc(cc1)Oc1ccc(cc1)Oc1ccc(cc1)Oc1c(cc(cc1)C(=O)c1cc(c(cc1)*)S(=O)(=O)O[Na])S(=O)(=O)O[Na],tg,348.0,311.92864990234375,True
*Cc1ccc(COC(=O)CCCCCCCCCCCCCCCCCCC(=O)O*)cc1,egc,5.5452,,False
*c1ccc(C(=O)Nc2ccc(Oc3ccc(NC(=O)c4ccc(-n5c(=O)c6cc7c(=O)n(*)c(=O)c7cc6c5=O)cc4)cc3)cc2)cc1,egc,1.639,,False
*Nc1ccc(*)nc1,egc,3.2295,3.522916646768041,True
*=CC2OC(C=*)C3C(=O)N(c1cc(C(F)(F)F)cc(C(F)(F)F)c1)C(=O)C23,egc,5.0857,5.253913876911273,True
*CC(*)c1cc(Cl)ccc1Cl,egc,2.6378,,False
*CC(*)c1cc(Br)ccc1OCCCC,egc,4.5078,,False
*Oc1c(cc(c(c1)OC(=O)c1ccc(cc1)OCCCC)OC(=O)C(CCC(=O)*)(C)C)OC(=O)c1ccc(cc1)OCCCC,tg,61.0,,False
*N1C(=O)c2c(C1=O)cc(cc2)Oc1cc2c(C(=O)N(C2=O)c2cc(c(cc2)Oc2c(cc(cc2)*)Br)Br)cc1,tg,251.0,,False
*S(=O)c1ccc(cc1)Sc1cc(ccc1)Sc1ccc(cc1)*,tg,121.0,,False
*Nc1c2c(ccc1)c(ccc2)NC(=O)c1cc(cc(c1)NC(=O)C(CCSC)N1C(=O)c2c(C1=O)cccc2)C(=O)*,tg,198.0,185.05865478515625,True
*c1cc(CCOc2ccc(N=Nc3ccc(C#N)cc3)cc2)c(*)s1,egc,2.0292,,False
*C(C*)(C(=O)OC1C(CCCC1)C(C)(C)C)C,tg,156.13,,False
*Oc1cc(ccc1)Oc1cc(c(cc1)C(=O)O)C(=O)Nc1ccc(cc1)Oc1ccc(cc1)c1ccc(cc1)Oc1ccc(cc1)NC(=O)c1c(ccc(c1)*)C(=O)O,tg,100.0,,False
*Oc1cc(c(c(c1)Cl)C(c1c(cc(cc1Cl)OC(=O)*)Cl)(C)C)Cl,tg,240.0,180.891845703125,True
*CC(*)(F)C(C)=O,egc,4.643,5.4453310097361465,True
*N1C(=O)c2c(C1=O)c(ccc2)Oc1ccc(cc1)C(=O)Nc1ccc(cc1)Oc1ccc(cc1)*,tg,253.0,,False
*c1nc(ccc1)Oc1ccc(cc1)O*,tg,100.0,,False
*Oc1ccc(C(=O)OCCOC(=O)c2ccc(*)cc2)cc1,egc,3.8209,4.448263225039725,True
*C1C(=O)N(C(=O)C1C(C*)(C)C)c1c(cccc1CC)CC,tg,210.0,,False
*C1C2C(C(=O)N(C2=O)CCCCCCCCCC)C(C1)C=C*,tg,46.0,45.004878997802734,True
*N1C(=O)c2c(C1=O)cc(cc2)Oc1ccc(cc1)Oc1cc2c(C(=O)N(C2=O)c2ccc(cc2)C(=O)c2ccc(cc2)*)cc1,tg,268.0,,False
*CCCCCCCCCCCCNC(=O)NCCCCCCCCCCNC(=O)N*,egc,5.6621,,False
*COC(=O)NCc1ccc(CNC(=O)OCc2ccc(*)o2)o1,egc,5.0674,5.154229847881043,True
*OC1CCC(CC1)OC(=O)*,tg,138.0,86.4002456665039,True
*Oc1cccc(NC(=O)c2ccc([Si](c3ccccc3)(c3ccccc3)c3ccc(C(*)=O)cc3)cc2)c1,egc,3.9647,,False
*CCOC(=O)c1ccc(Cc2ccc(C(=O)O*)cc2)cc1,egc,4.6415,,False
*Oc1ccc(cc1)S(=O)(=O)c1ccc(cc1)OCC(C*)OC(=O)C,tg,130.0,127.0665512084961,True
*c1cc2c(C(=O)N(C2=O)c2c(cc(cc2)Cc2cc(c(cc2)N2C(=O)c3c(C2=O)cc(cc3)C(*)(C(F)(F)F)C(F)(F)F)C(C)(C)C)C(C)(C)C)cc1,tg,274.0,,False
*C(=O)c1ccc2c(c1)C(=O)N(c1cccc(C(=O)Nc3ccc(N4C(=O)c5ccc(*)cc5C4=O)cc3)c1)C2=O,egc,2.497,2.476287812771739,True
*O[Si](*)(CCCCCCCCOc1ccc(cc1)C(=O)Oc1c(cc(cc1)C#N)C)C,tg,1.0,,False
*Oc1ccc(cc1)NC(=O)c1cc(cc(c1)S(=O)(=O)c1ccccc1)C(=O)Nc1ccc(cc1)*,tg,279.0,,False
*c1nnc(nc1)c1nc(ccc1)c1nc(cnn1)c1ccc(cc1)Oc1ccc(cc1)*,tg,223.0,290.5061950683594,True
*OC(C)CCOC(=O)C(*)=O,egc,5.5088,5.716516390520364,True
*C=CC1CC(*)C(C(=O)OC)C1C(=O)OC,egc,5.0643,5.492597548300322,True
*c1nc2cc3c(cc2nc1c1ccccc1)nc(c(n3)c1cc(ccc1)*)c1ccccc1,tg,365.0,,False
*CC(CCl)(CCl)COC(=O)C(=O)O*,egc,5.906,5.803709320556998,True
*c1cc2c(C(=O)N(C2=O)c2c(ccc(c2)N2C(=O)c3c(C2=O)cc(cc3)C(=O)OCCN(CCOC(=O)*)c2ccc(cc2)N=Nc2ccc(cc2)C(=C(C#N)C#N)C#N)N=Nc2ccc(cc2)C(=C(C#N)C#N)C#N)cc1,tg,121.0,,False
*C(C*)c1ccc(cc1)C(=O)CCCCCCC,tg,50.0,,False
*OP(=O)(N=Nc1ccc(cc1)c1ccc(cc1)N=NP(=O)(OCC1CCC(CC1)C*)OC)OC,tg,58.0,,False
*O[Si](C#Cc1ccc(cc1)C#C[Si](*)(C)C)(C)C,tg,126.0,93.0684585571289,True
*C(C*)(CCC)C,tg,27.0,,False
*OS(=O)(=O)c1ccc(*)cc1,egc,4.9308,4.197735461116963,True
*C(C*)(C(=O)OCCCCCCOc1ccc(cc1)OC(=O)c1cc(c(cc1)OC)Br)C,tg,51.0,43.86105728149414,True
*CC(C)(CC)CO*,egc,5.6322,,False
*c1c2c(C(=O)N(C2=O)N2C(=O)c3c(C2=O)c(ccc3)Sc2ccc(cc2)Sc2ccc(cc2)S*)ccc1,tg,266.0,,False
*C(=O)c1ccc2c(c1)C(=O)N(c1ccc(Oc3ccc(S(=O)(=O)c4ccc(Oc5ccc(N6C(=O)c7ccc(*)cc7C6=O)cc5)cc4)cc3)cc1)C2=O,egc,2.6168,,False
*Oc1c(cc(cc1OC)c1cc(c(c(c1)OC)OC(=O)CCCCCCCCC(=O)*)OC)OC,tg,94.0,78.62731170654297,True
*c1ccc(S(=O)(=O)c2ccc(-n3nc(-c4ccc(Oc5ccc(-c6nn(*)c(=O)c7ccccc67)cc5)cc4)c4ccccc4c3=O)cc2)cc1,egc,3.5201,,False
*NC(=O)NCc1ccc(cc1)CNC(=O)NCCCCCC*,tg,72.0,96.08959197998047,True
*Oc1ccc(P(C)(=O)c2ccc(*)cc2)cc1,egc,4.6884,,False
*N1C(=O)c2c(C1=O)cc(cc2)S(=O)(=O)c1cc2c(C(=O)N(C2=O)c2cc(c(cc2)c2c(cc(cc2)*)C(F)(F)F)C(F)(F)F)cc1,tg,320.0,312.5618896484375,True
*Oc1ccc(cc1)CC(NC(=O)CCc1ccc(cc1)OC(=O)CCCCCCCCC(=O)*)C(=O)OCCCCCCCCCCCC,tg,12.5,,False
*OC(=O)c1ccc(cc1)C(=O)OCCCCOC(=O)CCCCC(=O)OCCCC*,tg,-20.0,,False
*Oc1cc2c(cc1)cc(cc2)C(=O)NCC*,tg,182.0,,False
*NC(=O)CCC*,tg,62.18,,False
*C(C*)(C(=O)OCCCCCCCCCCOc1cc2c(cc1)cc(cc2)C(=O)Oc1ccccc1)C,tg,24.0,44.164703369140625,True
*C(=CCCC*)c1ccc(cc1)Cl,tg,16.0,,False
*CCCCCCCCNC(=O)CCCCCCC(=O)N*,egc,5.7761,,False
*NC(=O)c1c(cc(cc1)C(=O)NCCCCCCCCCCCC*)Oc1ccccc1,tg,75.0,,False
*CC1CCC(*)C1,egc,6.9613,6.797931596556391,True
*c1cc2c(C(=O)N(C2=O)c2cc(c(cc2)Oc2c(cc(cc2)N2C(=O)c3c(C2=O)cc(cc3)C(=O)Nc2ccc(cc2)Oc2ccc(cc2)NC(=O)*)c2ccccc2)c2ccccc2)cc1,tg,345.0,292.5857238769531,True
*C(F)(F)CC(F)(F)C(S1)=CC=C1*,egc,5.0751,4.108488672409752,True
*Oc1ccc(cc1)CC(NC(=O)CCc1ccc(cc1)OC(=O)CCCC(=O)*)C(=O)OCCCCCCCC,tg,32.5,36.71311950683594,True
*N1C(=S)N(C(=O)CC1=O)c1ccc(cc1)Oc1ccc(cc1)C1(c2ccccc2c2ccccc12)c1ccc(cc1)Oc1ccc(cc1)*,tg,175.0,,False
*c1c(nc2c(n1)cc(cc2)c1cc2c(nc(c(n2)c2cc(ccc2)*)c2ccccc2)cc1)c1ccccc1,tg,320.0,,False
*NC(=O)C(C(C(=O)NCCCC*)OC)OC,tg,100.0,99.6235580444336,True
*N1C(=O)c2c(C1=O)cc(cc2)C(c1cc2c(C(=O)N(C2=O)CC(=O)Nc2ccc(cc2)Oc2ccc(cc2)c2ccc(cc2)Oc2ccc(cc2)NC(=O)C*)cc1)(C(F)(F)F)C(F)(F)F,tg,245.0,253.6511993408203,True
*Oc1c(cc(cc1)OC(=O)c1c(cc(cc1)C(=O)*)Sc1ccccc1)c1ccccc1,tg,130.0,147.30567932128906,True
*Oc1ccc(cc1)NC(=O)c1ccc(cc1)Oc1ccc(cc1)C(c1ccc(cc1)C(c1ccc(cc1)Oc1ccc(cc1)C(=O)Nc1ccc(cc1)*)(C)C)(C)C,tg,174.0,,False
*OC(=O)C(=O)OCCCCCC*,tg,66.5,16.0871639251709,True
*Oc1ccc(cc1)Oc1ccc(cc1)NC(=O)c1ccc(cc1)Oc1c(cc(cc1)Oc1ccc(cc1)C(=O)Nc1ccc(cc1)*)C,tg,200.0,,False
*S(=O)(=O)C(C=CC*)C,tg,71.0,,False
*Oc1ccc(cc1)C1(c2ccccc2c2ccccc12)c1ccc(cc1)OC(=O)CCCCCCCCC(=O)*,tg,151.0,138.32554626464844,True
*c1cc2c(C(=O)N(C2=O)c2ccc(cc2)Oc2ccc(cc2)C(=O)c2nc(ccc2)C(=O)c2ccc(cc2)Oc2ccc(cc2)N2C(=O)c3c(C2=O)cc(cc3)C(=O)*)cc1,tg,314.5,245.7607421875,True
*c1ccc(*)c(C(=O)c2ccc(F)cc2)c1,egc,4.2742,3.764127008623891,True
*Oc1ccc(cc1)C1(c2ccccc2c2ccccc12)c1ccc(cc1)Oc1ccc(cc1)C(=O)c1c(c(c(c(c1c1ccccc1)c1cc2c(cc1)cccc2)c1cc2c(cc1)cccc2)c1ccccc1)C(=O)c1ccc(cc1)*,tg,310.0,,False
*Oc1ccc(cc1)S(=O)(=O)c1cc2c(cc1)ccc(c2)S(=O)(=O)c1ccc(cc1)*,tg,250.0,293.0155944824219,True
*CCCCCCCCCCOC(=O)CCCCSCCCCC(=O)O*,egc,5.1162,,False
*Oc1c2c(ccc1)ccc(c2)Oc1ccc(cc1)NC(=O)c1ccc(cc1)Oc1c(cccc1)Oc1ccc(cc1)C(=O)Nc1ccc(cc1)*,tg,180.0,,False
*Oc1ccc(cc1)NC(=O)c1cc(cc(c1)NC(=O)CCN1C(=O)c2c(C1=O)cccc2)C(=O)Nc1ccc(cc1)*,tg,240.0,,False
*Oc1ccc(cc1)C(c1ccc(cc1)OC(=O)c1ccc(cc1)C(c1ccc(cc1)C(=O)*)(C)C)(C)C,tg,227.5,,False
*OC(=O)/C=C/C(=O)OCCCC*,tg,93.0,73.44904327392578,True
*Oc1ccc(cc1)NC(=O)c1ccc(cc1)P(=O)(c1ccc(cc1)C(=O)Nc1ccc(cc1)*)c1ccccc1,tg,254.0,,False
*N(CCC*)C(=O)C,tg,30.0,,False
*C(C*)c1ccc(cc1)COCCCCCC,tg,-20.0,-8.123127937316895,True
*c1cc(C(=O)Oc2cccc3cccnc23)c(*)s1,egc,2.8057,,False
*C(C*)(CC(=O)Oc1ccccc1)C(=O)Oc1ccccc1,tg,132.0,118.47174835205078,True
*CC(*)(C)C(=O)OCCOC(=O)CCn1ccnc1,egc,4.5949,,False
*Oc1ccc(P(=O)(c2ccccc2)c2ccc(*)cc2)cc1,egc,4.8858,4.212226189934704,True
*c1ccc(-c2nc3cc(-c4ccc5nc(*)c(-c6ccccc6)nc5c4)ccc3nc2-c2ccccc2)cc1,egc,2.983,,False
*N1C(=O)c2c(C1=O)cc(cc2)Oc1cc2c(C(=O)N(C2=O)c2ccc(cc2)Oc2ccc(cc2)C(c2ccc(cc2)Oc2ccc(cc2)*)(C(F)(F)F)C(F)(F)F)cc1,tg,246.0,234.52442932128906,True
*c1cc2c(C(=O)N(C2=O)c2c(cc(c(c2C)N2C(=O)c3c(C2=O)cc(cc3)C(*)(C(F)(F)F)C(F)(F)F)C)C)cc1,tg,366.25,,False
*c1cc2c(C(=O)N(C2=O)c2ccc(cc2)Oc2c3c(ccc2)c(ccc3)Oc2ccc(cc2)N2C(=O)c3c(C2=O)cc(cc3)C(=O)Nc2ccc(cc2)c2sc(c(c2c2ccccc2)c2ccccc2)c2ccc(cc2)NC(=O)*)cc1,tg,340.0,308.0526428222656,True
*Cc1ccc(-c2ccc(CSC(=O)CCC(=O)S*)cc2)cc1,egc,4.7843,4.303767694567184,True
*c1cc2c(C(=O)N(C2=O)c2ccc(cc2)C(c2ccc(cc2)C(c2ccc(cc2)N2C(=O)c3c(C2=O)cc(cc3)C(=O)*)(C)C)(C)C)cc1,tg,323.4,,False
*N1C(=O)c2c(C1=O)cc(cc2)Oc1cc2c(cc1)cc(cc2)Oc1cc2c(C(=O)N(C2=O)c2ccc(cc2)Oc2ccc(cc2)c2ccc(cc2)Oc2ccc(cc2)*)cc1,tg,230.0,,False
*C1OC(C(F)(F)F)(C(F)(F)F)OC1(*)F,egc,8.2782,6.806912845966271,True
*CCCCCCCCCCN(C)C(=O)CCCCCCCCC(=O)N(*)C,egc,5.5704,5.452959022559039,True
*Oc1ccc(cc1)Oc1ccc(cc1)OCCCCCCOC(=O)OCCCCCOC(=O)OCCCCCC*,tg,-11.0,-5.785044193267822,True
*N1C(=O)c2c(C1=O)cc(cc2)C(=O)Oc1ccc(cc1)OC(=O)c1cc2c(C(=O)N(C2=O)CCCOCCCCOCCC*)cc1,tg,56.0,,False
*c1cc2c(C(=O)N(C2=O)c2ccc(cc2)Oc2ccc(cc2)C2(c3c(C(=O)N2)cccc3)c2ccc(cc2)Oc2ccc(cc2)N2C(=O)c3c(C2=O)cc(cc3)C(=O)Nc2ccc(cc2)Oc2ccc(cc2)Oc2ccc(cc2)NC(=O)*)cc1,tg,300.0,288.47332763671875,True
*OC(=O)Oc1ccc(OC(=O)OC2CC3CC(*)CC(C2)O3)cc1,egc,5.6192,5.798125805791887,True
*N=P(*)(Oc1cc(ccc1)C(F)(F)F)Oc1cc(ccc1)C(F)(F)F,tg,-35.0,19.618146896362305,True
*N1C(=O)c2c(C1=O)cc(cc2)c1cc2c(C(=O)N(C2=O)c2ccc(cc2)Cc2ccc(cc2)*)cc1,tg,298.0,331.8583068847656,True
*C(C*)C(=O)OC,tg,10.78,22.883508682250977,True
*N(CC*)C(=O)CCCC,tg,13.0,15.410690307617188,True
*c1oc(nn1)c1c(cc(cc1)c1oc(nn1)CN1C(=O)c2c(C1=O)cc(cc2)C(c1cc2c(C(=O)N(C2=O)C*)cc1)(C(F)(F)F)C(F)(F)F)Oc1ccccc1,tg,208.0,,False
*Oc1ccc(cc1)S(=O)(=O)c1ccc(cc1)Oc1ccc(cc1)C(=O)c1ccc(cc1)*,tg,201.67,,False
*c1cc2C(c3c(c2cc1)ccc(c3)c1ccc(cc1)c1c(c(cc(c1)c1ccc(cc1)OCC(CCCC)CC)c1ccc(cc1)*)c1ccc(cc1)OCC(CCCC)CC)(CCCCCC)CCCCCC,tg,110.0,,False
*C=C(*)c1cc(C(F)(F)F)oc1C(F)(F)F,egc,1.9958,1.3981128808909025,True
*C(=O)Nc1cccc(NC(=O)c2ccc3[nH]c(-c4cccc(-c5nc6cc(*)ccc6[nH]5)c4)nc3c2)n1,egc,3.4965,3.330722393398698,True
*C(C*)(C(=O)OCCO)C,tg,83.78,58.97676467895508,True
*C(C*)(c1ccc(cc1)C)C,tg,175.4,,False
*Nc1ccc(NC(=O)c2cc(SCCCCCCCC)c(C(*)=O)cc2SCCCCCCCC)cc1,egc,2.9501,,False
*C1=C(CCCCCC)C(CCCCCC)=C(c2sc(-c3sc(*)c4c3OCCO4)c3c2OCCO3)S1(=O)=O,egc,1.3792,,False
*c1ccc2n(c3c(c2c1)cc(cc3)C=Cc1ccc(cc1)c1n(c(nn1)c1ccc(cc1)C=C*)c1ccccc1)CCCCCCCC,tg,147.0,,False
*Oc1ccc(C(C)=NN=C(C)c2ccc(OC(=O)CCCCCCCCC(*)=O)cc2)cc1,egc,3.996,,False
*C(C*)(C(=O)OCCCCCCOc1ccc(cc1)C(=O)Oc1ccc(cc1)C#N)C,tg,43.0,48.826751708984375,True
*NNC(=O)CCCCC(=O)NNC(=O)CCCCCCCCC(*)=O,egc,5.6341,,False
*CCCCCCCc1nc2ccc(-c3ccc4nc(*)oc4c3)cc2o1,egc,4.0726,4.266741612298582,True
*CC(=O)OC(=S)*,egc,3.6315,3.191807614263425,True
*N1C(=O)c2c(C1=O)cc(cc2)Oc1ccc(cc1)Sc1ccc(cc1)Oc1cc2c(C(=O)N(C2=O)c2ccc(cc2)*)cc1,tg,230.67,,False
*SCCC(=O)NCCCCCCNC(=O)CC*,tg,20.5,,False
*Oc1c(cc(cc1)Oc1ccc(cc1)C(=O)c1ccc(cc1)C(=O)c1ccc(cc1)*)c1ccccc1,tg,166.0,,False
*CCCCCCCCCCCNC(=O)c1ccc(C(=O)N*)cc1,egc,4.9311,4.870570512674447,True
*Oc1cc(ccc1)Oc1cc(ccc1)OC(=O)*,tg,71.0,,False
*O[Si](O[Si](O[Si](*)(c1c(c(c(c(c1F)F)F)F)F)c1c(c(c(c(c1F)F)F)F)F)(C)C)(C)C,tg,-42.0,,False
*Nc1c(cccc1)CCc1c(cccc1)NC(=O)Nc1ccc(cc1)CCc1ccc(cc1)NC(=O)*,tg,235.0,217.47711181640625,True
*C(F)(F)C(*)(F)OC(F)(F)F,egc,8.2947,8.689442234695324,True
*c1ccc(Cc2ccc(N(*)Cc3ccccc3)cc2)cc1,egc,4.2622,,False
*Nc1ccc(CC(C)(C)NC(=O)CCCCCCCCC(*)=O)cc1,egc,4.455,,False
*N1C(=O)c2c(C1=O)cc(cc2)Oc1cc2c(C(=O)N(C2=O)c2cc(ccc2)OCCOCCOCCOc2ccc(cc2)*)cc1,tg,107.0,149.88070678710938,True
*OC(=O)Nc1ccc(cc1)Cc1ccc(cc1)NC(=O)OCCN(CC*)CCCCCCOc1ccc(cc1)N=Nc1ccccc1,tg,44.0,82.37470245361328,True
*CCOC(=O)NCCCCCCCCCNC(=O)O*,egc,6.3118,,False
*Cc1cc(C23CC4CC(CC(C4)C2)C3)cc(CN(*)C)c1O,egc,4.5466,,False
*Nc1ccc2c(c1)Cc1cc(NC(=O)c3cc(C(=O)O)c(C(*)=O)cc3C(=O)O)ccc1-2,egc,2.6346,,False
*Nc1c2c(ccc1)c(ccc2)NC(=O)Nc1cc(cc(c1)C(=O)Nc1ccc2C(=O)c3c(C(=O)c2c1)cccc3)NC(=O)*,tg,178.0,,False
*OC(=O)c1ccc(cc1)N=Cc1c(cc(c(c1)OCCCCCC)C=Cc1c(cc(c(c1)OCCCCCC)C=Cc1c(cc(c(c1)OCCCCCC)C=Nc1ccc(cc1)C(=O)OCCCCOCCCCOCCCC*)OCCCCCC)OCCCCCC)OCCCCCC,tg,14.3,97.64803314208984,True
*N1C(=O)c2c(C1=O)c(ccc2)Oc1ccc(cc1)Oc1ccc(cc1)Oc1c2c(C(=O)N(C2=O)c2cc(ccc2)*)ccc1,tg,238.0,,False
*c1cc2c(C(=O)N(C2=O)c2ccc(cc2)C(c2ccc(cc2)N2C(=O)c3c(C2=O)cc(cc3)C(=O)*)(c2ccccc2)C(F)(F)F)cc1,tg,311.0,326.123779296875,True
*CCCCCCCCCCCCCC(=O)O*,egc,6.7839,,False
*Oc1ccc(cc1)S(=O)(=O)c1ccc(cc1)Oc1ccc(cc1)C1(CCCCCC1)c1ccc(cc1)*,tg,247.0,229.1004638671875,True
*S(=O)(=O)c1ccc(cc1)NC(=O)CCCCCCCC(=O)Nc1ccc(cc1)*,tg,178.0,,False
*Oc1cc(C)cc(OC(=O)c2cccc(C(*)=O)c2)c1,egc,4.2911,4.022452818583873,True
*Oc1ccc(cc1)S(=O)c1ccc(cc1)Oc1ccc(cc1)C=NN=Cc1ccc(cc1)*,tg,151.0,,False
*c1ccc(S(=O)(=O)c2ccc(-n3nc(-c4ccccc4)c4ccc(Oc5ccc6c(-c7ccccc7)nn(*)c(=O)c6c5)cc4c3=O)cc2)cc1,egc,3.4595,,False
*OC(=O)c1ccc(cc1)C(=O)OCC*,tg,77.74,,False
*Oc1ccc(cc1)S(=O)(=O)c1ccc(cc1)Oc1ccc(cc1)C(c1ccc(cc1)*)(C)C,tg,183.86,200.3016357421875,True
*C(C*)OCCCCC,tg,-66.0,,False
*OC(=O)NCCCCCCNC(=O)OCCCC*,tg,38.12,,False
*CCOCCOCCOCCOCCOCCOC(=O)NCCCCCCNC(=O)O*,egc,5.6975,,False
*CCC(O*)(C(F)(F)F)C(F)(F)F,egc,7.6175,7.721704056372692,True
*C(C*)(C(=O)OCCCCCCN1CCN(CC1)c1ccc(cc1)N=Nc1ccc(cc1)C#N)C,tg,77.0,,False
*Oc1ccc(CC(NC(=O)CCc2ccc(OC(=O)COCCOCC(*)=O)cc2)C(=O)OC)cc1,egc,5.2022,,False
*C1(c2c(C(=O)O1)cccc2)c1c(cc(c(c1)C(C)C)Oc1ccc(cc1)S(=O)(=O)c1ccc(cc1)Oc1c(cc(c(c1)C)*)C(C)C)C,tg,230.0,257.1445007324219,True
*C(C=C1)=CC=C1OC(=S)C(S2)=CC=C2*,egc,2.8495,2.854298133243884,True
*N1C(=O)c2c(C1=O)cc(cc2)Oc1cc2c(C(=O)N(C2=O)c2c(ccc(c2)C(c2cc(c(cc2)OCCN(c2ccc(cc2)C=CC2=CC(=C(C#N)C#N)CC(C2)(C)C)CC)*)(C(F)(F)F)C(F)(F)F)OCCN(c2ccc(cc2)C=CC2=CC(=C(C#N)C#N)CC(C2)(C)C)CC)cc1,tg,202.0,,False
*c1sc2c(n1)ccc(c2)c1ccc2c(sc(n2)CCCCCCCC*)c1,tg,238.0,,False
*c1nc2c(c(c1)c1ccc(cc1)Oc1ccc(cc1)c1cc(nc3c1cccc3)c1ccc(cc1)Oc1ccc(cc1)*)cccc2,tg,275.67,293.87725830078125,True
*OS(=O)(=O)c1ccc(cc1)*,tg,119.0,122.678955078125,True
*CC(*)c1ccccc1C(=O)OC,egc,5.0713,,False
*Oc1ccc(cc1)Oc1ccc(cc1)C(=O)c1c(c(c(c(c1c1ccc(cc1)F)c1ccc(cc1)F)c1ccc(cc1)F)c1ccc(cc1)F)C(=O)c1ccc(cc1)*,tg,266.0,,False
*NC(C)C(=O)NC(C)C(=O)NCC(*)=O,egc,5.7884,5.491200668407334,True
*Oc1c(cc(cc1)C(c1cc(c(cc1)OC(=O)c1ccc(cc1)C(=O)*)C(C)C)(C)C)C(C)C,tg,130.0,134.2750701904297,True
*N=P(*)(OCCc1ccccc1)OCCc1ccccc1,tg,-32.7,,False
*OP(=O)(Oc1c(cc(cc1Br)C(c1cc(c(c(c1)Br)*)Br)(C(F)(F)F)C(F)(F)F)Br)Oc1ccc(cc1)Br,tg,152.0,140.53692626953125,True
*Nc1cc(NC(=O)NCCCCCCNC(*)=O)ccc1C,egc,4.7413,,False
*NC(=O)CCCCC(=O)NCCCP(=O)(CCC*)c1ccccc1,tg,55.0,,False
*CCC(=O)N(CCN(C(=O)CCN1CCN(*)CC1)C(C)C)C(C)C,egc,4.3463,4.513254534714349,True
*OC(=O)CCC(=O)OCCCC*,tg,-22.65,-40.28934860229492,True
*c1cc2c(C(=O)N(C2=O)c2cc(cc(c2)OCCCC)N2C(=O)c3c(C2=O)cc(cc3)C(=O)*)cc1,tg,244.0,255.47886657714844,True
*CC(F)(F)C(F)(F)C(F)(F)COC(=O)C(F)(F)C(F)(F)C(F)(F)C(F)(F)C(=O)O*,egc,6.5652,,False
*Oc1ccc(cc1)Oc1ccc(cc1)C=NCCCCCCCCCCCCN=Cc1ccc(cc1)*,tg,118.0,,False
*c1sc(c(c1c1ccccc1)c1ccccc1)c1ccc(cc1)CC(=O)Nc1ccc(cc1)c1ccc(cc1)NC(=O)Cc1ccc(cc1)*,tg,272.0,,False
*NC(=O)c1cc(ccc1)C(=O)NCCCC*,tg,141.0,,False
*Oc1ccc(cc1)Oc1ccc(cc1)C=NCCCCN=Cc1ccc(cc1)*,tg,105.0,122.29036712646484,True
*NC(C)C(=O)NC(C)C(=O)NC(C(=O)NC(C(*)=O)C(C)C)C(C)C,egc,5.7985,5.381568665535357,True
*Nc1ccc(*)cc1O,egc,3.4121,3.7490740500321436,True
*N1C(N2N(C1=O)C(N(C2=O)c1ccc(cc1)Oc1ccc(cc1)*)c1ccc(cc1)OC)c1ccc(cc1)OC,tg,163.0,165.85955810546875,True
*C(*)(F)F,egc,7.2027,,False
*C(C*)(C(=O)OCCCCCCOc1ccc(cc1)C=Nc1ccc(cc1)C#N)C,tg,35.0,,False
*c1cc2c(C(=O)N(C2=O)c2cc(ccc2)C(c2cc(ccc2)N2C(=O)c3c(C2=O)cc(cc3)C(*)(C(F)(F)F)C(F)(F)F)(c2ccccc2)C(F)(F)F)cc1,tg,305.0,284.8448791503906,True
*c1ccc2n(c3c(c2c1)cc(cc3)c1cc2C(c3c(c2cc1)ccc(c3)*)(CCCCCC)CCCCCC)c1ccccc1,tg,170.0,,False
