smiles,target_type,target,oof_phase1_blend,oof_krr,oof_blend
*Oc1ccc(cc1)C1(c2cc(ccc2c2ccc(cc12)[N+](=O)[O-])OC)c1ccc(cc1)OC(=O)*,tg,294.0,232.31603846927715,228.07775896664515,230.77945457069418
*N1C(=O)c2c(C1=O)cc(cc2)Oc1cc2c(cc1Oc1cc3c(C(=O)N(C3=O)c3ccc(cc3)Oc3ccc(cc3)c3ccc(cc3)Oc3ccc(cc3)*)cc1)cccc2,tg,222.5,225.7298081788932,227.11241601535164,226.23107123580994
*N1C(=O)c2c(C1=O)cc(cc2)S(=O)(=O)c1cc2c(C(=O)N(C2=O)CCCCCCOC(=O)CCCCCCCCC(=O)OCCCCCC*)cc1,tg,72.0,41.00676111238393,38.04375758886675,39.93252721562139
*N1C(=O)c2c(C1=O)cc(cc2)C(c1cc2c(C(=O)N(C2=O)CC(=O)Nc2ccc(cc2)Oc2ccc(cc2)C(c2ccc(cc2)Oc2ccc(cc2)NC(=O)C*)(C)C)cc1)(C(F)(F)F)C(F)(F)F,tg,224.0,234.68198361263197,219.98766195425102,229.35457232537598
*OCC(C*)C(C)(C)C,tg,-4.0,2.0436681824549088,-9.76368180895498,-2.2370744798606723
*NCC*,tg,-8.55,18.133761503164763,38.693858460470146,25.587803625276244
*OC(=O)c1ccc(cc1)CCCCCCc1ccc(cc1)C(=O)*,tg,20.0,96.5565154381354,80.66974100460773,90.79678161694243
*c1cc2c(C(=O)N(C2=O)c2ccc(cc2)C(c2ccc(cc2)N2C(=O)c3c(C2=O)cc(cc3)C(*)(C(F)(F)F)C(F)(F)F)(C)C)cc1,tg,297.0,290.2420394751036,266.86026770026047,281.7650020340253
*OC(=O)Nc1c(ccc(c1)NC(=O)OCCN(CC*)c1cc(c(cc1)N=Nc1c(cc(cc1)[N+](=O)[O-])C)C)C,tg,135.0,112.43623995271038,114.47692866662757,113.17608955863606
*N1C(=O)c2c(C1=O)cc(cc2)Oc1cc2c(cc1)cc(cc2)Oc1cc2c(C(=O)N(C2=O)c2cc(ccc2)*)cc1,tg,230.0,239.90712151571628,273.88094393207666,252.22429608286754
*OC(=O)c1c(cc(cc1)C(=O)OCCN(CC*)c1ccc(cc1)N=Nc1[nH]c(c(n1)C#N)C#N)OCCC,tg,152.0,135.74838006051368,129.7364099800736,133.56874645715408
*C(C*)(C(=O)OCCCCc1ccc(cc1)N=Nc1ccc(cc1)OC(F)(F)F)C,tg,203.5,193.03193452566344,185.56199366972905,190.32371510892418
*c1cc2c(C(=O)N(C2=O)c2ccc(cc2)Cc2ccc(cc2)N2C(=O)c3c(C2=O)cc(cc3)C(=O)c2ccc(cc2)Oc2ccc(cc2)c2ccc(cc2)Oc2ccc(cc2)C(=O)*)cc1,tg,241.0,235.44161469137364,233.26567530778692,234.65273009349954
*N=P(*)(OC)OC,tg,-75.33,-31.02996588680321,-49.08766725520415,-37.57676704771622
*Oc1ccc(cc1)C=CC(=O)c1ccc(cc1)Oc1ccc(cc1)C(c1ccc(cc1)*)(c1ccccc1)C,tg,167.0,165.24000775596826,160.48376959652538,163.5156384761491
*N1C(=O)c2c(C1=O)cc(cc2)Oc1ccc(cc1)C1(CCC(CC1)C(C)(C)C)c1ccc(cc1)Oc1cc2c(C(=O)N(C2=O)Oc2c(cc(cc2C)C(c2cc(c(c(c2)C)O*)C)(C)C)C)cc1,tg,248.0,214.65399005783377,226.9104263369692,219.09754849441933
*N1C(=O)c2c(C1=O)cc(cc2)c1ccc(cc1)c1cc2c(C(=O)N(C2=O)CCCCCCOC(=O)OCCCCCC*)cc1,tg,74.0,77.33258488389735,81.81998611695192,78.95948761103254
*C1C(=O)N(C(=O)C1*)c1c(cccc1)C,tg,335.0,245.54875817477603,262.9386919812484,251.8534608891335
*Oc1c(cccc1)Oc1ccc(cc1)S(=O)(=O)c1ccc(cc1)*,tg,171.0,168.33340183219465,183.5037383285202,173.83339181205886
*C(C*)c1ccc(cc1)B(c1ccc(cc1)C(C)(C)C)Oc1c2ncccc2c(cc1)Cl,tg,238.0,221.56286770804832,219.156690791157,220.69051072797157
*O[Si](CCCCCCOC(=O)C(Oc1c(cc(cc1)OC(=O)c1ccc(cc1)c1ccc(cc1)OCCCCCCCCCC[Si](*)(C)C)[N+](=O)[O-])C)(C)C,tg,20.0,38.33098093046161,46.108468486305526,41.15070108868097
*c1ncnc(n1)N(CCCCN(*)c1ccccc1)c1ccccc1,tg,91.0,79.78962861423867,94.38789845153377,85.08221641200598
*C(C(*)(C(=O)OC(C([2H])([2H])[2H])([2H])[2H])C([2H])([2H])[2H])([2H])[2H],tg,94.0,100.07278437751036,80.2290137964227,92.87844565040692
*N1C(=O)c2c(C1=O)cc(cc2)C(=O)c1cc2c(C(=O)N(C2=O)CCCCCC(=O)Nc2ccc(cc2)Oc2ccc(cc2)NC(=O)CCCCC*)cc1,tg,195.0,183.349217461071,149.4467940339289,171.05792852443088
*c1sc(cc1)c1sc(c(c1)CCCCCCCC)c1sc(cc1)c1sc(cc1)c1sc(cc1CCCCCCCC)c1sc(cc1)[Si]([Si]([Si]([Si](*)(C)C)(C)C)(C)C)(C)C,tg,6.0,41.09166239770144,5.183054864781547,28.073033465523746
*NNC(=O)c1cc(cc(c1)NC(=O)c1cc2c(C(=O)N(C2=O)c2ncc(cc2)C)cc1)C(=O)NNC(=O)c1ccc(cc1)C(=O)*,tg,145.6,174.83305905968507,171.93792242863614,173.7834302353697
*OC(COCC*)CCl,tg,-40.0,-51.087988919080885,-33.703576102430524,-44.78528783393631
*OC(COC(=O)c1cc(cc(c1)C(C)(C)C)C(=O)*)COc1ccc(cc1)N=Nc1ccc(cc1)C#N,tg,137.0,112.45495340369888,139.3363739131073,122.20078491390122
*N1C(=O)c2c(C1=O)cc(cc2)C(c1cc2c(C(=O)N(C2=O)C(=S)Nc2ccc(cc2)Oc2ccc(cc2)NC(=S)*)cc1)(C(F)(F)F)C(F)(F)F,tg,260.0,259.8872575720302,252.16318516069873,257.0869030198185
*S(=O)(=O)c1ccc(cc1)Sc1ccc(cc1)*,tg,215.0,182.3938764070708,158.3288219081759,173.66911551327877
*C(C*)(C(=O)OCC(Oc1ccc(cc1)c1ccc(cc1)c1ccc(cc1)C#N)C)C,tg,140.0,100.22976091815798,114.58119474482204,105.4328585727456
*NC(=O)CCCCC(=O)NCCCC1(c2ccccc2c2ccccc12)CCC*,tg,120.0,110.83631480406986,108.36700150753933,109.94106779413355
*C(C*)C(=O)OCCCCCn1c2ccccc2c2ccccc12,tg,53.0,60.25798441384839,49.42789154372651,56.33154532127478
*C(C(C(C*)OCC)(C(=O)OC)C)(C(=O)OC)C,tg,131.0,115.36908180795976,95.53832483898277,108.17946115261616
*O[Si](C#C[Si](C#C[Si](C#C[Si](C#C[Si](*)(C)C)(C)C)(C)C)(C)C)(C)C,tg,-23.0,31.325486257235557,6.8014816268295,22.434333462698255
*C(C*)C(=O)OCCCOc1ccc(cc1)C(=O)OCCCC(C(C(C(C(C(F)(F)F)(F)F)(F)F)(F)F)(F)F)(F)F,tg,17.0,35.67129243959543,40.369208496029486,37.374517100623144
*N(CC(CCCCC(C*)O)O)c1ccc(cc1)N(C)C,tg,72.0,54.14977781561671,60.305432158435764,56.38150400133531
*c1nc(nc(n1)c1ccc(cc1)Oc1cc2c(cc1)ccc(c2)Oc1ccc(cc1)*)c1ccccc1,tg,255.0,252.532074412356,226.5094023396922,243.09758126953028
*c1c2c(c(nn1)c1ccc(cc1)Oc1ccc(cc1)C(c1ccc(cc1)Oc1ccc(cc1)*)(C(F)(F)F)C(F)(F)F)c(c(c(c2c1ccccc1)c1cc2c(cc1)cccc2)c1cc2c(cc1)cccc2)c1ccccc1,tg,286.0,293.81453475265175,297.5973599516614,295.18599415931493
*c1cc2c(C(=O)N(C2=O)c2cc(c(cc2)Oc2ccc(cc2)C(=O)c2cc(ccc2)N2C(=O)c3c(C2=O)cc(cc3)C(*)(C(F)(F)F)C(F)(F)F)C(F)(F)F)cc1,tg,222.0,256.9711338684322,231.42843519632177,247.71065459103949
*C(C*)OC(=O)c1c(cccc1)OC,tg,65.0,60.50479354494007,63.41041702869154,61.558224366976354
*C1CC2CC(CC(C1)O2)OC(=O)O*,tg,207.0,139.9323630697012,135.90690321375584,138.4729367163433
*Oc1c(cc(cc1)c1ccc(cc1)NC(=O)c1cc(cc(c1)C(C)(C)C)C(=O)Nc1ccc(cc1)c1cc(c(cc1)Oc1ccc(cc1)C(c1ccc(cc1)*)(C)C)C(F)(F)F)C(F)(F)F,tg,248.5,226.94558376705604,241.2487884816969,232.1311960064105
*OC(=O)NCCCCCCNC(=O)OCCC*,tg,55.0,35.046050554300784,26.736215619321865,32.03332839828404
*N1C(=O)c2c(C1=O)c(ccc2)Oc1ccc(cc1)Oc1ccc(cc1)Oc1c2c(C(=O)N(C2=O)c2ccc(cc2)Oc2ccc(cc2)*)ccc1,tg,239.0,225.8526191568301,254.36699043081651,236.19047529647727
*NC(=O)c1c(cc(cc1)C(=O)NCCCC*)Oc1ccccc1,tg,125.0,120.12193287312832,111.19741244811915,116.88635712142812
*C(=C*)C(CCCCC)[Si](C)(C)C,tg,170.0,142.62417208083892,158.74729038661303,148.4695921311721
*N1C(=O)c2c(C1=O)cc(cc2)Oc1ccc(cc1)c1ccc(cc1)Oc1cc2c(C(=O)N(C2=O)c2ccc(cc2)Oc2ccc(cc2)Sc2ccc(cc2)Oc2ccc(cc2)*)cc1,tg,212.0,194.82821415729913,216.148807081606,202.55797331437873
*OC(COC(=O)c1ccc(cc1)C(=O)*)COc1ccc(cc1)N=Nc1ccc(cc1)C#N,tg,122.0,112.5187503859463,118.276908949452,114.6063648834508
*C(C*)(CC(=O)OCCCCCC)C(=O)OCCCCCC,tg,-17.75,-15.782533570192426,-14.656312755011774,-15.374223365596217
*C(C*)(C(=O)OCCC(CC(C)(C)C)C)C,tg,1.0,38.735785532888215,35.786428429241504,37.666499131691566
*Oc1ccc(cc1)C(c1ccc(cc1)OC(=O)OCCCCCOC(=O)*)(C)C,tg,49.5,52.755864450462035,38.42838176447916,47.56145025743013
*Oc1ccc(cc1)Oc1ccc(cc1)C=Nc1ccc(cc1)N=Cc1ccc(cc1)*,tg,117.0,142.94367562661424,123.76418168642401,135.9901697162172
*NC(=O)c1cc(ccc1)C(=O)NCCC(C(CC*)C)C,tg,125.0,148.59793193074304,142.16056608071207,146.26407152623153
*NC(=O)c1cc(cc(c1)C(C)(C)C)C(=O)NCCC(C(CC*)C)C,tg,173.0,150.741089498628,169.97688918694126,157.71500900041514
*Oc1ccc(cc1)C(c1ccc(cc1)OCC(CN(CC(C*)O)c1ccc(cc1)C#N)O)(C)C,tg,100.0,75.16434041531765,62.430122494675246,70.54756273329959
*C1C(=O)N(C(=O)C1CC*)c1ccc(cc1)N(C)C,tg,195.0,185.01998895498025,201.63285336713247,191.04296595524724
*N1C(=O)c2c(C1=O)cc(cc2)c1cc2c(C(=O)N(C2=O)c2cc(ccc2)C(=O)Nc2ccc(cc2)Oc2ccc(cc2)S(=O)(=O)c2ccc(cc2)Oc2ccc(cc2)NC(=O)c2cc(ccc2)*)cc1,tg,258.0,259.67361224344535,260.9555356139788,260.1383722502254
*c1nc2c(nc1c1ccc(cc1)C(=O)NCCCCCCCCCCCCNC(=O)c1ccc(cc1)*)cccc2,tg,154.0,156.1998348051592,167.12358672159297,160.16022988917467
*C(C*)(CC(=O)OCCC)C(=O)OCCC,tg,44.38,50.86419001346502,33.84511520902935,44.6939418509653
*C(C*)c1c(cccc1)C,tg,124.17,113.27278114837894,120.05307197220735,115.73096865138218
*OC(=O)c1cc(cc(c1)OCc1cc(cc(c1)OCc1ccccc1)OCc1ccccc1)C(=O)OCCN(CC*)c1ccc(cc1)C=Cc1sc(cc1)C=CC1=C(C(=C(C#N)C#N)OC1(c1ccccc1)C(F)(F)F)C#N,tg,130.0,130.54960556777235,142.45196233560523,134.86479283970303
*C(C*)C(=O)Oc1c(cccc1)C(=O)OCC,tg,30.0,47.413802544927,56.018440003556556,50.53340505435647
*c1cc2c(C(=O)N(C2=O)c2ccc(cc2)Oc2ccc(cc2)C(=O)c2cc(ccc2)N2C(=O)c3c(C2=O)cc(cc3)C(=O)*)cc1,tg,251.0,263.34254232493777,245.00025198635328,256.69256372397473
*N1C(=O)c2c(C1=O)cc(cc2)Oc1ccc(cc1)C(c1ccc(cc1)Oc1cc2c(C(=O)N(C2=O)c2ccc(cc2)S(=O)(=O)c2ccc(cc2)*)cc1)(C)C,tg,240.0,239.2965411129172,203.05504706148972,226.15722451394538
*Oc1ccc(cc1)NCC(=O)c1ccc(cc1)Sc1ccc(cc1)C(=O)CNc1ccc(cc1)*,tg,208.0,182.18023931669595,161.45879968957004,174.66770257466933
*N(CC(CN(CC(C*)O)c1ccc(cc1)N=Nc1ccc(cc1)[N+](=O)[O-])O)c1ccccc1,tg,70.0,94.76201212600093,127.23442050296825,106.53485056888167
*N=P(*)(OCc1ccc(cc1)c1ccccc1)OCc1ccc(cc1)c1ccccc1,tg,52.0,36.17745398437293,46.40952234134813,39.88707990139065
*C1C2C(C(C(C1*)C2)C(=O)OCc1ccccc1)C(=O)OCc1ccccc1,tg,277.0,206.96227521364867,213.38356617221672,209.29030768270243
*c1cc2C3(CC(CC(C3)(C)C)(C)C)c3c(c2cc1)ccc(c3)c1cc2C(c3c(c2cc1)ccc(c3)*)(CCCCCCCC)CCCCCCCC,tg,132.0,146.92281229239256,122.71537293565801,138.14642991402818
*Nc1cc(ccc1)CCc1ccc(cc1)NC(=O)c1cc(ccc1)C(=O)*,tg,203.0,231.80209732673495,242.58292873473067,235.71067672660152
*Oc1ccc(cc1)C=Nc1ccc(cc1)N=Cc1ccc(cc1)Oc1ccc(cc1)C(c1ccc(cc1)*)(c1ccccc1)c1ccccc1,tg,230.0,181.35718673197343,189.12169522235735,184.17220134328582
*N1C(=O)c2c(C1=O)cc(cc2)C(=O)Nc1ccc(cc1)S(=O)(=O)c1ccc(cc1)NC(=O)C*,tg,232.0,244.02536712313255,283.97928754085257,258.51062010397294
*S(=O)(=O)c1cc(ccc1)NC(=O)CCCCCCCCC(=O)Nc1cc(ccc1)*,tg,112.0,128.0899527662168,122.75484806160497,126.15571601253647
*Sc1ccc(cc1)Cc1ccc(cc1)SC(=O)*,tg,117.0,115.79276948329864,101.02243945558787,110.43780143948678
*C(=CCCC*)c1ccc(cc1)OC,tg,11.0,18.383254929795218,5.888837156580024,13.853416545948875
*Oc1ccc(cc1)C(=Cc1ccc(cc1)c1ccc(cc1)C=C(c1ccc(cc1)OC(=O)c1cc(ccc1)C(=O)*)c1ccccc1)c1ccccc1,tg,224.0,207.7848227726223,199.426954847811,204.7546863052721
*Nc1c(cc(cc1)*)OC,tg,90.0,138.68806015168298,188.9160382704774,156.89816224329573
*Oc1ccc(cc1)NC(=O)c1cc(cc(c1)NC(=O)c1ccc(cc1)OC(=O)C)C(=O)Nc1ccc(cc1)Oc1ccc(cc1)c1ccc(cc1)*,tg,252.0,246.32724970585716,256.455896806978,249.99938035234865
*NC(=O)CCCCCCCCCCC(=O)NCCCCCCCC*,tg,50.0,48.45797860813847,47.92505637488256,48.264768197567534
*Oc1c(cc(cc1)S(=O)(=O)c1cc(c(cc1)Oc1c(cc(cc1C)C(c1cc(c(c(c1)C)*)C)(C(F)(F)F)C(F)(F)F)C)Br)Br,tg,230.8,226.28887715588337,222.70721043925843,224.9903475512552
*Oc1ccc(cc1)C(=O)Nc1cc(cc(c1)c1nc2c([nH]1)cccc2)NC(=O)c1ccc(cc1)*,tg,335.0,285.4036401828803,301.93797335248746,291.39814576148774
*C(C*)(C(=O)OC(C(C)(C)C)C)C,tg,108.0,98.59866383258758,66.23192792897821,86.86413683683638
*Oc1ccc(cc1)C(=O)c1ccc(cc1)Oc1ccc(cc1)C(=O)c1c(c(c(c(c1c1ccccc1)c1cc2c(cc1)cccc2)c1cc2c(cc1)cccc2)c1ccccc1)C(=O)c1ccc(cc1)*,tg,290.0,274.96747159271655,279.9736154400216,276.7824439240558
*C1(c2c(NC1=O)c(cc(c2)Cl)Cl)c1ccc(cc1)OC(=O)c1cc(ccc1)C(=O)Oc1ccc(cc1)*,tg,270.0,256.42077379530264,246.49360177383178,252.82168773286085
*N1C(=O)c2c(C1=O)cc(cc2)[Si](c1ccc(cc1)[Si](c1cc2c(C(=O)N(C2=O)c2ccc(cc2)Cc2ccc(cc2)*)cc1)(C)C)(C)C,tg,295.0,246.7101353283173,265.2187669235143,253.42042078172423
*Oc1ccc(cc1)C1(c2ccccc2c2ccccc12)c1ccc(cc1)Oc1c(cc(cc1)C(=O)c1ccc(cc1)C(=O)c1cc(c(cc1)*)C(F)(F)F)C(F)(F)F,tg,229.0,230.2099483437661,222.60279531409859,227.45198279378647
*C(C*)OC(=O)c1cc(ccc1)C,tg,49.0,55.79701286283757,56.38073973225656,56.00864244228425
*C1C(=O)OC(=O)C1C(C*)OC1CCCCC1,tg,201.0,153.87987784787913,176.2446296561729,161.98819574033715
*C(C*)c1ccc(cc1)c1cc2C(c3c(c2cc1)ccc(c3)c1cc2C(c3c(c2cc1)cccc3)(CCCCCC)CCCCCC)(CCCCCC)CCCCCC,tg,78.33,105.33015511109686,81.80680863128168,96.8017899055397
*Oc1ccc(cc1)C(c1ccc(cc1)OC(=O)c1ccc(cc1)C(=O)c1ccc(cc1)C(=O)*)(C)C,tg,194.0,152.24735772570034,157.11153473106768,154.0108601237049
*c1nc2c(nc1c1ccccc1)cc(cc2)c1cc2c(nc(c(n2)c2ccccc2)c2ccc(cc2)Oc2ccc(cc2)*)cc1,tg,335.33,311.9867114981242,288.0600542479147,303.3121263852844
*C=CCC(C*)c1ccccc1,tg,14.0,38.628705726717065,57.862604268071564,45.601935969618864
*Oc1ccc(cc1)c1cc(c(c(c1)c1ccc(cc1)c1ccccc1)c1ccc(cc1)NC(=O)c1ccc(cc1)C(=O)Nc1ccc(cc1)c1c(cc(cc1c1ccc(cc1)c1ccccc1)c1ccc(cc1)OCCCCCC*)c1ccc(cc1)c1ccccc1)c1ccc(cc1)c1ccccc1,tg,121.5,156.71725653233224,160.19047037713253,157.97646665921073
*c1nc2cc3c(cc2nc1)ncc(n3)c1ccc(cc1)Oc1ccc(cc1)*,tg,353.0,350.7684034938161,350.18511822698525,350.5569340169361
*[Si](c1c(cccc1)C*)(c1ccccc1)c1ccccc1,tg,122.0,116.51776542171736,84.65906995697516,104.96742796743165
*c1ccc(cc1)C=C*,tg,230.0,110.40934325831545,147.20131196083517,123.74823387899143
*Oc1ccc(cc1)CC(NC(=O)Cc1ccc(cc1)OC(=O)CC(CCC(=O)*)C)C(=O)OCC,tg,63.0,57.56788435468855,56.16727367533691,57.06009438549502
*Oc1ccc(cc1)N1ON1c1ccc(cc1)OCCCCCCOC(=O)C(C(=O)OCCCCCC*)CCCCCCCCCCP(=O)(O)O,tg,12.5,13.05792897858626,14.071667201207001,13.425458734301955
*NC(=O)C(=CC(=O)NCCCCCC*)C,tg,94.0,89.70550272336273,78.67018258318124,85.70465869394438
*N1C(=O)c2c(C1=O)cc(cc2)Oc1ccc(cc1)Oc1ccc(cc1)Oc1cc2c(C(=O)N(C2=O)c2cc(ccc2)*)cc1,tg,227.0,219.38611885740383,257.2895521533948,233.1279698295886
*Oc1ccc(cc1)Oc1ccc(cc1)C(=O)c1ccc(cc1)P(=O)(c1ccc(cc1)C(=O)c1ccc(cc1)*)c1ccccc1,tg,207.0,183.9531349042496,199.99167316491574,189.76789054574104
*C(C*)C(=O)OCCCOc1ccc(cc1)N=Nc1ccc(cc1)[N+](=O)[O-],tg,45.6,65.01726282753056,40.51310794871236,56.133306540128245
*Oc1ccc(cc1)C1(CCCCC1)c1ccc(cc1)OC(=O)c1ccc(cc1)C(=O)*,tg,275.0,198.7210226672524,222.33493056714846,207.28222082302977
*[n+]1ccc(cc1)c1cc[n+](cc1)Cc1ccc(cc1)C*,tg,95.0,145.72289972069362,107.17142747886386,131.7461028915374
*SC(=O)CCCCC*,tg,19.0,-32.705233453409015,-22.43129665731911,-28.980428176615124
*N1C(=O)c2c(C1=O)cc(cc2)Oc1cc(ccc1)Oc1cc2c(C(=O)N(C2=O)c2ccc(cc2)Oc2ccc(cc2)S(=O)(=O)c2ccc(cc2)Oc2ccc(cc2)*)cc1,tg,201.0,210.39646472280967,214.4046357238502,211.84962301950566
*C(C*)c1c(ccc(c1)C(C)(C)C)C,tg,87.0,122.77509992243785,141.61584396223085,129.60579240293401
*C(CC(C*)c1ccc(cc1)CCl)(C#N)C#N,tg,150.0,104.5032560106108,113.86674835299836,107.89798058195703
*N1C(=O)C2C(C1=O)C(=CC(C2)C1C(=O)N(C(=O)C1)c1ccc(cc1)Oc1ccc(cc1)*)C,tg,278.0,289.987316751831,293.9537056971174,291.42532700694983
*NC(=O)C(C(C(=O)NCCCCCCC*)OC)OC,tg,87.0,88.34536840915321,89.46644665421015,88.75181418021111
*OC(=O)Nc1c(ccc(c1)NC(=O)OCCN(CC*)c1ccc(cc1)N=Nc1ccc(cc1)c1nc2c(n1CC)cc(cc2)[N+](=O)[O-])C,tg,158.0,178.6756848628038,169.42863862771333,175.32317770855204
*OC(=O)c1cc(ccc1)C(=O)OCCN(CC*)c1ccccc1,tg,60.0,69.48303760427041,78.10542765992352,72.60907629959264
*c1nc2c(nc1)cc(cc2)c1cc2c(nc(cn2)c2ccc(cc2)*)cc1,tg,350.0,383.88729150303,389.25112358190256,385.831943336865
*Sc1ccc(cc1)C(=O)CNCCCCCCCCNCC(=O)c1ccc(cc1)*,tg,231.0,95.60750368742924,93.94910264068547,95.00625208421687
*c1oc(nn1)c1ccc(cc1)Oc1c2c(ccc1)c(ccc2)NC(=O)c1ccc(cc1)C(c1ccc(cc1)C(=O)Nc1c2c(ccc1)c(ccc2)Oc1ccc(cc1)*)(C(F)(F)F)C(F)(F)F,tg,279.0,264.5351423884456,248.33820594427795,258.66295964754227
*OP(=O)(OC(COc1ccc(cc1)S(=O)(=O)c1ccc(cc1)OCC(*)CCl)CCl)Oc1ccccc1,tg,48.0,61.1990895680921,59.473305180704095,60.573408203651766
*c1ncnc(n1)N(CCCCCCN(*)c1ccccc1)c1ccccc1,tg,72.0,70.47158424901421,66.71885196571444,69.11103499816136
*C(C*)OC(=O)c1c2c(n(n1)C(=O)C)cccc2,tg,150.0,169.65961176926024,135.06965367120625,157.11905784092133
*Oc1ccc(cc1)NC(=O)c1ccc(cc1)S(=O)(=O)c1ccc(cc1)C(=O)Nc1ccc(cc1)Oc1ccc(cc1)C(c1ccc(cc1)*)(C(F)(F)F)C(F)(F)F,tg,250.0,255.85132587631313,242.29404747426386,250.936148458623
*Oc1ccc(cc1)Oc1c(cc(cc1)C(=O)c1cc(c(cc1)*)S(=O)(=O)O)S(=O)(=O)O,tg,220.0,194.35574637013232,203.58668183146835,197.70241257983827
*c1cc2c(cc1OC(=O)COc1ccc3c(c1)oc(=O)cc3)oc(=O)c(c2)C(=O)Nc1ccc(cc1)Oc1ccc(cc1)NC(=O)c1c(=O)oc2c(cc(c(c2)OC(=O)COc2ccc3c(c2)oc(=O)cc3)C*)c1,tg,226.0,241.2326363204215,238.34877717080775,240.18709613546537
*c1cc2C(c3c(c2cc1)ccc(c3)c1c(cc(c(c1)CCCCCC)*)CCCCCC)(CCCCCC)CCCCCC,tg,78.8,73.80696409055865,82.07581884651509,76.80482892458711
*C(C*)C(=O)OCCO,tg,0.1,18.39243776834721,14.606168538850703,17.019729731953767
*C(=CCC*)CCCCCCCCCC,tg,-53.0,-58.952890447747755,-72.13909581467922,-63.733535716105564
*N1C(=O)c2c(C1=O)cc(cc2)Oc1ccc(cc1)Oc1ccc(cc1)Oc1cc2c(C(=O)N(C2=O)c2ccc(cc2)Oc2cc(ccc2)Oc2ccc(cc2)*)cc1,tg,184.0,192.87520853809008,202.02897936172792,196.19389878732588
*N1CCN(CC1)C(=O)OCC(COC(=O)*)(C)C,tg,70.0,58.19369079582723,85.19067418686993,67.98141951056334
*N1C(=O)c2c(C1=O)cc(cc2)Oc1ccc(cc1)Oc1cc2c(C(=O)N(C2=O)c2ccc(cc2)Oc2ccc(cc2)c2ccc(cc2)Oc2ccc(cc2)*)cc1,tg,230.0,218.26487710971043,233.26532853950158,223.70327543246842
*C(C*)(C(=O)OCCCC)C,tg,28.5,10.402180518819234,15.247273225294613,12.15876392378076
*Oc1cc(ccc1)C(=O)c1ccc(cc1)*,tg,132.67,146.28536194093996,131.78695513902417,141.0289793845052
*C(C*)OC(=O)c1ccncc1,tg,98.5,93.55869174410545,92.89999745569406,93.31988280358301
*OC(=O)CCC(=O)OCCOCC*,tg,-41.51,-43.97856932639024,-28.469014793069846,-38.355596194180514
*C(C*)c1c(c(c(c(c1F)F)OCC(C(C(C(C(C(C(F)(F)F)(F)F)(F)F)(F)F)(F)F)(F)F)(F)F)F)F,tg,21.0,39.397228516575275,40.067856603896274,39.64036404368599
*c1cc2c(C(=O)N(C2=O)c2ccc(cc2)Oc2c3c(ccc2)c(ccc3)Oc2ccc(cc2)N2C(=O)c3c(C2=O)cc(cc3)C(=O)Nc2ccc(cc2)Oc2ccc(cc2)S(=O)(=O)c2ccc(cc2)Oc2ccc(cc2)NC(=O)*)cc1,tg,260.0,262.3832567581881,278.69878345914196,268.2984342753901
*N(c1ccc(cc1)C(c1ccc(cc1)*)c1ccccc1)c1ccc(cc1)C,tg,199.0,179.1879042022421,188.84321097533814,182.68842579696124
*c1oc2c(n1)ccc(c2)c1ccc2c(oc(n2)c2ccc(cc2)C(c2ccc(cc2)*)(c2ccccc2)C(F)(F)F)c1,tg,350.0,326.0258559832609,332.90967447991477,328.52157733815443
*OP(=O)(N=Nc1ccc(cc1)Oc1ccc(cc1)N=NP(=O)(OCc1ccc(cc1)C*)OC)OC,tg,50.0,57.07269864831088,58.91164469881342,57.73940665796675
*C(C*)OC(=O)OC([2H])([2H])[2H],tg,55.0,44.74669656671468,47.14057020619516,45.61459300615047
*c1ccc2c(nc([nH]2)c2cc(ccc2)c2nc3c([nH]2)ccc(c3)C(=O)Nc2nc(ccc2)NC(=O)*)c1,tg,302.0,327.19593534855125,321.9936731794276,325.3098605202351
*N1C(=O)c2c(C1=O)cc(cc2)Oc1ccc(cc1)C1(CCC(CC1)C(C)(C)C)c1ccc(cc1)Oc1cc2c(C(=O)N(C2=O)c2ccc(cc2)Oc2c(cc(cc2)Oc2ccc(cc2)*)C(C)(C)C)cc1,tg,233.0,245.14393969210633,265.4431778913392,252.50340773829632
*c1cc2c(C(=O)N(C2=O)c2cc(cc(c2)C(=O)O)N2C(=O)c3c(C2=O)cc(cc3)C(*)(C(F)(F)F)C(F)(F)F)cc1,tg,361.5,302.9525951437843,319.1725580959811,308.83312612162115
*Oc1ccc(cc1)Cc1ccc(cc1)OCC(C*)O,tg,80.0,87.98341308915975,98.96222845123833,91.96377136907246
*C(C*)c1c(ccc(c1)C(=O)Oc1ccc(cc1)OCCCCCC)C(=O)Oc1ccc(cc1)OCCCCCC,tg,100.0,98.41267628949528,101.49410302051092,99.529844399008
*Oc1ccc(cc1)S(=O)(=O)c1ccc(cc1)Oc1ccc(cc1)C=C1C(=O)C(=Cc2ccc(cc2)*)CCCC1,tg,186.0,204.7005239796483,205.02080194217302,204.81664042736745
*c1cc2c(C(=O)N(C2=O)c2cc(ccc2)Oc2c(c(ccc2)Oc2cc(ccc2)N2C(=O)c3c(C2=O)cc(cc3)C(=O)Nc2cc(ccc2)Oc2c(c(ccc2)Oc2cc(ccc2)Oc2c(c(ccc2)Oc2cc(ccc2)NC(=O)*)C#N)C#N)C#N)cc1,tg,193.0,200.23506718379045,208.52445882419624,203.24037764427
*NC(C(=O)*)CCC(=O)OCCC,tg,-10.0,-23.09964076734315,-24.34603514479716,-23.551519774022836
*O[Si](O[Si](O[Si](O[Si](c1cc(ccc1)[Si](*)(C)C)(C)C)(C)C)(C)C)(C)C,tg,-75.0,-65.19810243739951,-76.08368512246479,-69.14465930562346
*C(C*)(C(=O)OCCCCCCc1ccc(cc1)C(=Cc1ccc(cc1)OC)C)C,tg,31.0,50.58904604939602,54.54574933733437,52.02354477935021
*C1(OC(OC1(*)F)(C(Cl)(F)F)C(F)(F)F)F,tg,330.0,116.73998212985376,105.45574939259322,112.648895092963
*OC(=O)CCCCC(=O)OCCCCCCCCCCCCCCCC*,tg,-15.0,-68.09183407805546,-61.70017197993538,-65.77454352205146
*C1COC2C1OCC2OC(=O)C(NC(=O)CCCCCCCCCCC(=O)NC(C(=O)O*)C)C,tg,28.0,53.45927583524944,46.051302550739514,50.773522698147
*c1cc2c(C(=O)N(C2=O)c2c(cc(cc2)N2C(=O)c3c(C2=O)cc(cc3)C(=O)*)S(=O)(=O)O[Na])cc1,tg,214.0,316.25582095794033,313.5620128252376,315.27918357477284
*C(C*)OC(=O)c1cc(ccc1)Br,tg,57.5,71.78942447880705,68.93605279957183,70.75493749505273
*S(=O)(=O)NCCCCNS(=O)(=O)c1cc(ccc1)*,tg,82.0,72.38374333211272,98.34527437229573,81.79606985615025
*OP(=O)(OCCCCOc1c(cc(cc1)C=C1C(=O)C(=Cc2cc(c(cc2)OCCCC*)OC)CC1)OC)OCC,tg,79.0,61.80235996446954,72.03519339380387,65.51226325768852
*Oc1ccc(cc1)C(c1ccc(cc1)OC(=O)c1c(cccc1)c1c(cccc1)C(=O)*)(C(F)(F)F)C(F)(F)F,tg,162.0,165.2208253196853,162.0080957930041,164.05605351590626
*Nc1ccc(cc1)C(c1ccc(cc1)NC(=O)c1cc(ccc1)C(=O)*)(C)C,tg,278.33,264.88211219479444,266.2710286592689,265.3856624383456
*OC(=O)NC1CC(CC(C1)(CNC(=O)OCC*)C)(C)C,tg,84.0,101.0442235257874,85.12846159376353,95.2739803166643
*N1C(=O)c2c(C1=O)cc(cc2)C(=O)Oc1ccc(cc1)C1(c2c(C(=O)O1)cccc2)c1ccc(cc1)OC(=O)CCCCCCCCCCC*,tg,114.0,114.38233139237693,164.15012638503697,132.42559456230492
*c1cc2c(C(=O)N(C2=O)c2ccc(cc2)Oc2ccc(cc2)N2C(=O)c3c(C2=O)cc(cc3)C(CCCCC(*)(C)C)(C)C)cc1,tg,168.25,186.35587368347137,178.98193576680112,183.68246003416635
*OC(=O)c1ccc(cc1)C(=O)OCCN(CC*)c1ccc(cc1)C=C(C#N)C#N,tg,127.0,86.26843854308161,83.58098937871286,85.29410659737938
*C1(c2c(C(=O)O1)cccc2)c1ccc(cc1)OC(=O)Oc1ccc(cc1)*,tg,252.5,231.0610651952972,247.23088870522753,236.9234181696251
*c1cc2c(C(=O)N(C2=O)c2c(cc(cc2C)c2cc(c(c(c2)C)N2C(=O)c3c(C2=O)cc(cc3)C(=O)Nc2c(ccc(c2)NC(=O)*)N=Nc2ccc(cc2)[N+](=O)[O-])C)C)cc1,tg,278.0,291.8457078306672,293.2723191676652,292.36292431169585
*Oc1ccc(cc1)C(CC(c1ccc(cc1)OCC(C*)O)C)(C)C,tg,75.0,79.2281708061205,96.01824013147855,85.31539326641739
*O[Si](O[Si](O[Si](O[Si](O[Si](O[Si](Oc1c2ccccc2c2ccccc2c1*)(C)C)(C)C)(C)C)(C)C)(C)C)(C)C,tg,-68.0,-20.136836446413785,-25.248720023879688,-21.990144608767643
*c1cc2c(C(=O)N(C2=O)c2cc(ccc2)P(=O)(c2cc(ccc2)N2C(=O)c3c(C2=O)cc(cc3)C(=O)Nc2ccc(cc2)NC(=O)*)c2ccccc2)cc1,tg,204.0,239.74598199631737,242.35982453784823,240.6936279361978
*N1C(=O)c2c(C1=O)cc(cc2)Oc1ccc(cc1)C1(CCCCCCCCCCC1)c1ccc(cc1)Oc1cc2c(C(=O)N(C2=O)c2ccc(cc2)Oc2ccc(cc2)C2(C3CCC(C2)C3)c2ccc(cc2)Oc2ccc(cc2)*)cc1,tg,259.0,259.2104309956629,260.99327638207257,259.8567997669341
*N(CC*)C(=O)C,tg,77.0,73.05102334994454,78.44273143220232,75.00578160029406
*SCC*,tg,-5.5,-62.58975961672752,-42.350856103419765,-55.25216584920679
*Oc1ccc(cc1)S(=O)(=O)c1ccc(cc1)c1ccc(cc1)c1ccc(cc1)S(=O)(=O)c1ccc(cc1)*,tg,311.0,257.8438540298171,266.82158265568165,261.0987203603138
*Oc1ccc(cc1)CC(NC(=O)CCc1ccc(cc1)OC(=O)COCCOCC(=O)*)C(=O)OCC(C)C,tg,50.0,52.13129888322603,45.44468896294488,49.70707529598297
*OC(=O)CCCCCCCCC(=O)OCC#CC(=Cc1ccc(cc1)C#Cc1ccccc1)C#CC*,tg,60.0,29.22981349255199,9.09415627221488,21.929651562942976
*Oc1cc2c(cc1OCCNC(=O)c1ccc(cc1)C(=O)NCC*)cccc2,tg,136.0,152.2685085335061,147.8198457489036,150.65565039123388
*C(C*)CCCCCCCCCCCC,tg,10.0,-53.27749508154301,-52.60535619997458,-53.03381181752321
*N1C(=O)c2c(C1=O)cc(cc2)c1cc2c(C(=O)N(C2=O)c2ccc(cc2)Sc2ccc(cc2)Sc2ccc(cc2)Sc2ccc(cc2)*)cc1,tg,227.1,225.5141075190555,270.4685291027628,241.81228708289495
*Oc1c(cc(cc1Cl)C(c1cc(c(c(c1)Cl)OC(=O)*)Cl)C1C2CCC(C1)C2)Cl,tg,270.0,219.39003301463944,230.11043403556963,223.2767034394862
*C1C(=O)N(C(=O)C1C(C*)(C)C)c1c(cccc1)C,tg,207.0,231.06428246617568,226.8190198280163,229.52516683894993
*N=Nc1ccc(cc1)Nc1ccc(cc1)C(=O)c1ccc(cc1)C(=O)c1ccc(cc1)Nc1ccc(cc1)*,tg,203.0,199.97724367940236,209.84040679146432,203.55312337720912
*OC(=O)C(C(=O)OCCOCC*)CCCCCCCCC,tg,-59.0,-41.89694414608734,-61.0346094037517,-48.83528511041886
*C(C*)OCC(C)C,tg,-21.51,-15.062535464724812,-19.869273776507985,-16.80521352312122
*C(C*)C(=O)OCCCCCCOc1ccc(cc1)C(=O)Oc1ccc(cc1)OC,tg,24.75,27.525423643466883,27.399449201662744,27.47975173844292
*Oc1c(cccc1)C(=O)OC(=O)c1c(cccc1)OC(=O)CCCCC(=O)*,tg,60.0,57.360900443701354,50.81461043572019,54.987549697137354
*O[Si](CCC(C(C(C(C(C(C(C(C(C(CC[Si](*)(CCC(F)(F)F)C)(F)F)(F)F)(F)F)(F)F)(F)F)(F)F)(F)F)(F)F)(F)F)(F)F)(CCC(F)(F)F)C,tg,-11.0,-25.59299661371188,-26.071282073729446,-25.766398518030122
*O[Si](O[Si](O[Si](c1ccc(cc1)Oc1ccc(cc1)[Si](*)(C)C)(C)C)(C)C)(C)C,tg,-37.0,-46.0405272066657,-55.953321618820766,-49.63440068155613
*Oc1ccc(cc1)C(c1ccc(cc1)OCC(COC(=O)CCCCCCC(=O)OCC(C*)O)O)(C)C,tg,35.0,35.7967704386248,19.154823130751357,29.763249464261342
*c1sc(cc1CCCCCCOC(=O)Cc1ccccc1)*,tg,45.0,36.52385327549944,29.820973096341856,34.093730922542655
*C(=C(*)C)CCCCCCC,tg,160.0,96.42156040468512,104.99347303441526,99.52929856086949
*C1C(=O)N(C(=O)C1*)c1cc(c(c(c1)Br)O[Si](CC)(CC)CC)Br,tg,160.0,138.96999263467612,162.22614552148212,147.40148707638502
*c1ccc(cc1)c1c(cc(c(c1)OCCCCCC)c1ccc(cc1)C=C1C(=O)C(=C*)CCC1)OCCCCCC,tg,85.0,101.56378024289177,100.36993762348358,101.1309538223394
*Oc1ccc(cc1)C(c1ccc(cc1)OCC(C*)OC(=O)c1ccccc1)(c1ccccc1)C,tg,126.0,120.06836438290202,83.099313159357,106.66527267535604
*S(=O)(=O)c1ccc(cc1)C#Cc1ccc(cc1)N(CC(CCC*)O)CCCC,tg,48.0,93.96764928048997,106.64733850275522,98.56465763868574
*N(CC*)C(=O)CC,tg,59.08,22.579910995254657,24.876004092352854,23.41235719906393
*c1sc(cc1)c1sc(cc1)[Si](*)(C)C,tg,45.0,69.1537565592029,51.35146000075087,62.69955215089776
*C(C*)(C(=O)OCCCCCCCCCCCOc1cc2c(cc1)cc(cc2)C(=O)Oc1ccccc1)C,tg,10.0,35.466972720724534,46.637414605973646,39.516805000608784
*Oc1ccc(cc1)NC(=O)c1ccc(cc1)*,tg,225.0,209.69570339247585,205.4203612076759,208.14568245638222
*N1C(=O)c2c(C1=O)cc(cc2)Oc1ccc(cc1)Oc1ccc(cc1)Oc1cc2c(C(=O)N(C2=O)c2ccc(cc2)Oc2ccc(cc2)*)cc1,tg,215.0,215.90263603720652,247.88387915565505,227.49740301799645
*c1nc2c([nH]1)cc(cc2)c1cc2c(nc([nH]2)c2cc(ccc2)*)cc1,tg,395.88,359.0871082642955,282.7191323732962,331.39997671749427
*OC(=O)NCCCCCCNC(=O)OCCCCCCCCC*,tg,58.0,5.706078335178137,32.51030681259511,15.423923953137328
*C(C(CCCCCC*)Cl)Cl,tg,-18.0,-33.804047137836214,-26.762025623057383,-31.25096944053842
*C1C2CC(=CC)C(C1*)C2,tg,61.4,232.56013040013391,168.4489384290477,209.31668332672655
*C(C*)(C(=O)OCCCCCCOc1ccc(cc1)N=Nc1ccncc1)C,tg,40.0,73.58044463989738,76.53525303398195,74.65170740086647
*C(=C(*)c1ccccc1)c1ccc(cc1)CCCC,tg,200.0,148.00576517725608,128.87593342771046,141.07026424328058
*c1cc2c(C(=O)N(C2=O)c2cc(c(cc2)C(=O)Nc2ccc(cc2)C(c2ccc(cc2)NC(=O)*)(C(F)(F)F)C(F)(F)F)C)cc1,tg,320.0,264.3707922751818,276.89690938297065,268.91212322035443
*C(=C(*)c1ccccc1)CCCCCC,tg,200.0,105.33857679144518,123.42810419544448,111.89691644901133
*C(C*)(CCCCCCCC)C(=O)OC,tg,20.0,17.10551970066565,21.328976813164363,18.636729756866803
*c1cc2c(C(=O)N(C2=O)C2C(=O)N(C(=O)C2)c2ccc(cc2)Oc2ccc(cc2)NC(=O)*)cc1,tg,223.0,136.15551761199234,166.09998607245777,147.011854023832
*Oc1ccc(cc1)S(=O)(=O)c1ccc(cc1)Oc1c(cc(cc1C)C(c1cc(c(c(c1)C)*)C)(C(F)(F)F)C(F)(F)F)C,tg,241.88,224.9191526672762,244.77132427271783,232.11653717716626
*C(C*)C(=O)OCCCCCCCCCCCCOC(=O)c1ccc(cc1)OC(=O)c1ccc(cc1)C#N,tg,15.0,9.06910350257068,20.084398586897205,13.062687468471328
*c1cc2c(C(=O)N(C2=O)c2ccc(cc2)Oc2ccc(cc2)N2C(=O)c3c(C2=O)cc(cc3)C(=O)Nc2ccc(cc2)Oc2ccc(cc2)Oc2ccc(cc2)NC(=O)*)cc1,tg,260.0,252.8864975051707,269.6969907966197,258.98112465348333
*OC(=O)CCC(=O)OCC*,tg,-11.33,11.263984262499612,-5.522272478365491,5.178144050810978
*C(C*)(C(=O)OCC)CC,tg,27.0,64.92348074608758,71.33195524906591,67.2468666222765
*OC(=O)CCOCC*,tg,-35.55,-37.1899076041695,-17.654616439092052,-30.107407773814412
*C(C*)c1ccc(cc1)C(CCN(C)C)O,tg,43.0,85.44391285867916,74.56981155697505,81.50151855424915
*C(C*)C(=O)OCCCCOc1ccc(cc1)N=Nc1ccc(cc1)[N+](=O)[O-],tg,36.7,52.75605126806128,50.4011027394689,51.90226708776369
*c1cc2c(C(=O)N(C2=O)c2ccc(cc2)C2(CC(CC(C2)C)(C)C)c2ccc(cc2)NC(=O)*)cc1,tg,328.0,316.80660176417047,289.6281152944906,306.9530692939237
*C(C*)C(=O)Nc1ccc(cc1)C(=O)C=Cc1ccc(cc1)Br,tg,64.0,78.7364710188741,91.30928268246292,83.29473102749074
*N=P(*)(OCCCc1ccccc1)OCCCc1ccccc1,tg,-47.0,-25.50085801643051,-35.616761011035095,-29.168368300139736
*Oc1ccc(cc1)SC(=O)Sc1ccc(cc1)*,tg,117.0,142.60915701344166,173.44464348857642,153.78853109512778
*C(C*)c1cc2c(OCO2)cc1,tg,138.0,129.96548903419605,112.7639817978448,123.72910018010516
*c1nc2cc3c(cc2nc1c1ccccc1)nc(c(n3)c1ccccc1)c1cc(ccc1)*,tg,365.0,358.0050423380389,362.03958225188467,359.46776065710117
*c1cc2c(C(=O)N(C2=O)c2ccc(cc2)Cc2ccc(cc2)N2C(=O)c3c(C2=O)cc(cc3)C(=O)c2ccc(cc2)c2ccc(cc2)C(c2ccc(cc2)c2ccc(cc2)C(=O)*)(C)C)cc1,tg,216.0,243.93621502458737,260.8656854144687,250.07397719824175
*OC(=O)NNC(=O)CCCCCCCCC(=O)NNC(=O)OCCCCCCCC*,tg,38.0,32.760642045998765,36.55865566254961,34.137607997906095
*C1OC(C(C(C1OC(=O)Nc1ccccc1)OC(=O)Nc1ccccc1)O*)COC(=O)Nc1ccccc1,tg,217.0,139.69173721570246,168.55842931122046,150.1573269088269
*C(C*)(C(=O)OCCCCCCOc1ccc(cc1)C(=O)Oc1c2c(c(cc1)N=Nc1ccc(cc1)I)cccc2)C,tg,40.0,51.65958764706087,64.32819332884453,56.25257767899176
*Oc1ccc(cc1)C(c1ccc(cc1)Oc1ccc(cc1)C(=O)Nc1cc(ccc1)NC(=O)c1ccc(cc1)*)(C)C,tg,214.0,200.80068212121415,174.4362934305369,191.24229996805025
*C=CC(C(*)C(=O)OC12CC3CC(CC(C1)C3)C2)C,tg,115.0,139.08266224994205,95.28622884342434,123.20431011530215
*C(CCCCC*)CCCCCCCCCC,tg,-65.0,-60.63006932131437,-71.62482234273433,-64.61620578331956
*C1=CC(=C(C#N)C#N)C=C(O1)C=Cc1sc(c(c1CCCCCC)CCCCCC)c1sc(cc1)c1sc(cc1)c1sc(cc1)c1sc(c(c1CCCCCC)CCCCCC)C=C*,tg,134.0,107.02298063846985,111.85140021115525,108.77351921582982
*OC(=O)CCCCC(=O)OCCN(CC*)c1ccc(cc1)C=NN(c1ccccc1)c1ccccc1,tg,54.0,38.76654975002065,24.798458968821706,33.70243272446652
*C(C*)(C(=O)OCc1ccc2n(c3c(c2c1)cccc3)CCCCCCCCCCCCCC)C,tg,26.0,25.729970462806374,37.9677251716744,30.16675591519978
*C(C*)(C(=O)Oc1ccc(cc1)C(C)(C)C)C,tg,88.57,123.80798784950883,138.73011341221377,129.2179892092698
*NC(=O)CCCCCCCC(=O)NCCCCCC*,tg,37.61,52.40012288316529,49.03249013170237,51.17919107368336
*N1C(=O)c2c(C1=O)cc(cc2)Oc1ccc(cc1)Oc1cc2c(C(=O)N(C2=O)c2ccc(cc2)Oc2ccc(cc2)Sc2ccc(cc2)Oc2ccc(cc2)*)cc1,tg,201.0,193.94805633370387,212.02381641031283,200.5014046608065
*C(C*)(C(=O)OCCCCCCCCCCCOc1ccc(cc1)N=Nc1ccc(cc1)OC(=O)c1cc2c(OCCOCCOCCOCCO2)cc1)C,tg,59.0,59.42250386051344,71.41089133216732,63.768881476118494
*c1cc2c(C(=O)N(C2=O)c2ccc(cc2)Oc2ccc(cc2)N2C(=O)c3c(C2=O)cc(cc3)C(C(C(*)(F)F)(F)F)(F)F)cc1,tg,216.5,228.1764542326815,183.59822755602738,212.01466374760577
*c1cc2c(C(=O)N(C2=O)c2ccc(cc2)NC(=O)Nc2ccc(cc2)N2C(=O)c3c(C2=O)cc(cc3)C(=O)Nc2ccc(cc2)c2nc(cc(c2)c2ccccc2)c2ccc(cc2)NC(=O)*)cc1,tg,215.0,251.172191865286,265.1281545494843,256.2319118616777
*NC(=O)c1c(cc(cc1)C(=O)NCCCCCCCCCC*)Sc1ccccc1,tg,100.0,105.77997045182038,119.95654323440378,110.91967241373202
*C(C*)c1c(c(c(c(c1[2H])[2H])[2H])[2H])[2H],tg,100.0,123.12106046069148,98.76800477429317,114.2918850309502
*OC(=O)OCC(C(C*)OC(=O)C)OC(=O)C,tg,51.38,16.82900071753213,55.01239480459452,30.672351188163763
*N1C(=O)c2c(C1=O)cc(cc2)C(=O)Nc1cc(ccc1)S(=O)(=O)c1ccc(cc1)NC(=O)c1cc2c(C(=O)N(C2=O)CCCCCC*)cc1,tg,190.0,190.30650026847889,168.40478402785936,182.3660554474683
*Oc1ccc(cc1)CC(NC(=O)CCc1ccc(cc1)OC(=O)CCC(=O)*)C(=O)OCCCCCCCC,tg,46.75,41.619961930770835,42.83524633205592,42.06056204741111
*C(C*)c1c(ccc(c1)C(=O)Oc1ccc(cc1)OCCCCCCCCCC)C(=O)Oc1ccc(cc1)OCCCCCCCCCC,tg,109.0,102.20842180862368,98.18120204156007,100.74835740128997
*c1cc2c(C(=O)N(C2=O)c2ccc(cc2)Oc2ccc(cc2)N2C(=O)c3c(C2=O)cc(cc3)C(=O)Nc2ccc(cc2)Oc2ccc(cc2)C2(c3c(C(=O)N2)cccc3)c2ccc(cc2)Oc2ccc(cc2)NC(=O)*)cc1,tg,320.0,308.41815598707336,304.4913297904715,306.9944891660237
*N1C(=O)c2c(C1=O)cc(cc2)Oc1cc2c(C(=O)N(C2=O)c2ccc(cc2)Oc2ccc(cc2)C(=O)c2nc(ccc2)C(=O)c2ccc(cc2)Oc2ccc(cc2)*)cc1,tg,208.6,251.21285698669968,258.0377901471175,253.6872295231713
*C(C*)C1CCC(CC1)C,tg,132.0,118.9920856752086,127.61770644852393,122.11929566391476
*N1C(=O)c2c(C1=O)cc(cc2)S(=O)(=O)c1cc2c(C(=O)N(C2=O)c2ccc(cc2)N(c2ccc(cc2)*)c2ccc(cc2)N(C)C)cc1,tg,331.0,296.8560594746535,304.39745918813395,299.5901862271049
*c1oc(cc1)C(=O)OCCOC(=O)*,tg,85.56,62.914968699498765,84.03837779435034,70.57323906089752
*C(C(*)(F)F)(OC(F)(F)F)OC(F)(F)F,tg,-60.0,30.10245004626381,18.171723548146954,25.77697735763647
*c1sc(nn1)c1cc(ccc1)OC(=O)CCCCCCCCC(=O)Oc1ccc(cc1)C=C*,tg,37.0,87.80063376570159,79.07581932749171,84.63746121524753
*OC(=O)NCC(C(C(C(CNC(=O)OCC(C(C*)(F)F)(F)F)(F)F)(F)F)(F)F)(F)F,tg,38.0,15.096892317492788,10.139576107690486,13.299622396187157
*Oc1ccc(cc1)C(c1ccc(cc1)OCOc1ccc(cc1)C(c1ccc(cc1)OCCCCCCCCCCCC*)(C)C)(C)C,tg,37.0,46.57513997751179,15.796892329393513,35.41651777401415
*C(C*)C(=O)OC1CCCCCCCCCCC1,tg,37.0,28.86585346246262,30.794089859744762,29.564933596013383
*C(C(C(C*)OC(=O)C)CCC(O)(C)C=C)(C)C,tg,85.0,44.03670713230198,70.03698314034474,53.46308060480703
*c1sc(nn1)c1ccc(cc1)C(=O)OCCCCCCOC(=O)c1ccc(cc1)*,tg,125.0,76.39851633160517,72.05351073988419,74.82323899858704
*c1ccc2n(c3c(c2c1)cc(cc3)c1cc2C(c3c(c2cc1)ccc(c3)*)(CCCCCC)CCCCCC)c1ccc(cc1)C,tg,155.0,164.49548996591514,158.07832197260947,162.16895227370014
*Oc1ccc(cc1)C(=Cc1ccc(cc1)c1ccc(cc1)C=C(c1ccc(cc1)OC(=O)*)c1ccccc1)c1ccccc1,tg,203.0,199.2212094808696,199.93667080253607,199.4805992512349
*Oc1ccc(cc1)C1(CCC(CC1)C(C)(C)C)c1ccc(cc1)Oc1ccc(cc1)C(=O)Oc1ccc(cc1)C1(CCC(CC1)c1ccccc1)c1ccc(cc1)OC(=O)c1ccc(cc1)*,tg,172.0,191.33130241656377,205.2948699593529,196.393779546659
*Oc1ccc(cc1)C(=O)OC(=O)c1ccc(cc1)OC*,tg,84.0,104.51091215176304,144.22560022049038,118.90943168917336
*OC(=O)CCCCC(=O)OCC(C*)CCCCCCOc1ccc(cc1)N=Nc1ccc(cc1)Cl,tg,9.0,31.09091575910719,25.95866725338521,29.23022431284423
*C(C*)(C(=O)OCCF)C,tg,90.0,56.41172638509204,58.269219563022716,57.085158636826165
*Oc1ccc(cc1)Oc1ccc(cc1)C(=Nc1ccc(cc1)Oc1ccc(cc1)N=C(c1ccc(cc1)*)c1ccccc1)c1ccccc1,tg,162.0,172.45366136645143,166.66971481330037,170.35669745967812
*N=P(*)(OCCOC)OCCOC,tg,-75.0,-80.334254847179,-46.112321720540045,-67.92712799579466
*Oc1ccc(cc1)Oc1ccc(cc1)Oc1cc(ccc1)C(=O)Oc1ccc(cc1)OC(=O)c1cc(ccc1)*,tg,101.0,113.78273530588172,114.82984016153553,114.16236210027472
*C(C*)C(C)C,tg,10.97,28.861184887573064,19.73446916412579,25.552303437238248
*OP(=O)(Oc1c(cc(cc1C)S(=O)(=O)c1cc(c(c(c1)C)*)C)C)Oc1ccc(cc1)OC,tg,147.0,143.55373211593394,151.93149797494246,146.59108255897493
*C(C*)(C(=O)OCCOCCOCCOCCOCCOCCOCCOCCOC)C,tg,-58.0,-52.14227626279754,-34.59656936547582,-45.78109817368415
*OC(=O)C1CCC(CC1)C(=O)OCC1CCC(CC1)C*,tg,67.68,52.65753880397293,28.705990454494167,43.973929448552695
*c1cc2c(oc(n2)c2ncc(cc2)c2oc3c(n2)cc(cc3)C(*)(C(F)(F)F)C(F)(F)F)cc1,tg,352.0,290.25627881903057,294.97642291197826,291.9675622319605
*C1COC2C1OCC2Oc1ccc(cc1)NC(=O)c1ccc(cc1)OC1COC2C1OCC2Oc1ccc(cc1)C(=O)Nc1ccc(cc1)O*,tg,165.0,167.1866743236968,152.83973977080782,161.9852078762143
*OC(=O)c1ccc(cc1)CCCCc1ccc(cc1)C(=O)*,tg,46.0,106.24947278276836,105.7885983562547,106.0823832308382
*[SiH](C#Cc1cc(ccc1)C#C*)C,tg,72.0,76.41018305814646,71.63659679808403,74.67952424219206
*C(C*)c1c(cccc1)COCCC(C)C,tg,78.0,52.93984754623059,55.58954127243068,53.90049129644268
*c1ccc2c(nc([nH]2)c2ccc(cc2)C(=O)Nc2cc(ccc2)NC(=O)*)c1,tg,325.0,287.78940458730614,307.70065259242,295.00820718547146
*c1cc2c(C(=O)N(C2=O)c2ccc(cc2)c2sc(c(c2c2ccccc2)c2ccccc2)c2ccc(cc2)N2C(=O)c3c(C2=O)cc(cc3)C(=O)Nc2cc(ccc2)NC(=O)*)cc1,tg,334.0,293.33633025028183,288.7927037244286,291.6890431007522
*c1nc2c(nc1c1ccccc1)cc(cc2)Oc1cc2c(nc(c(n2)c2ccccc2)c2ccc(cc2)Oc2ccc(cc2)*)cc1,tg,340.0,294.1060114621332,310.1450215834154,299.9209381762084
*N1CCN(CC1)C(=O)OCCOC(=O)*,tg,60.0,77.7195488848313,56.36505648291913,69.97749950681978
*c1cc2c(C(=O)N(C2=O)c2c3c(ccc2)c(ccc3)Oc2ccc(cc2)N2C(=O)c3c(C2=O)cc(cc3)C(=O)Nc2nc(ccc2)NC(=O)*)cc1,tg,293.0,285.37832118269813,294.3186721566997,288.6196362837434
*OC(=O)CSCc1ccc(cc1)Cc1ccc(cc1)CSCC(=O)OCCSCc1ccc(cc1)Cc1ccc(cc1)CSCC*,tg,-1.25,58.14245538039561,-1.7881697736811764,36.41466853042979
*N1C(=O)c2c(C1=O)c(ccc2)c1cc2c(C(=O)N(C2=O)c2cc(ccc2)OCCCCCCCCCCOc2cc(ccc2)*)cc1,tg,127.0,130.7800479090273,152.9927204669507,138.8332296248168
*C(C*)(CC(=O)OCCOCCOCCOCCOCCOCCOCCOC)C(=O)OCCOCCOCCOCCOCCOCCOCCOC,tg,-71.0,-45.493715387289335,-41.64737713856713,-44.09922938941682
*C1C2C(C(C1)CC*)C1C(CC2C1)C,tg,150.0,183.76332040071293,171.6110628696075,179.35753186266714
*OP(=O)(Oc1ccc(cc1)*)Oc1ccccc1,tg,97.0,82.49324256312737,80.90667158480373,81.91803287774981
*O[Si](CCC(C(CC[Si](*)(CCC(F)(F)F)C)(F)F)(F)F)(CCC(F)(F)F)C,tg,-27.0,-50.94840335945074,-8.406495274189464,-35.5248780968494
*c1cc2c(C(=O)N(C2=O)c2ccc(cc2)S(=O)(=O)c2ccc(cc2)S(=O)(=O)c2ccc(cc2)S(=O)(=O)c2ccc(cc2)N2C(=O)c3c(C2=O)cc(cc3)C(*)(C(F)(F)F)C(F)(F)F)cc1,tg,327.0,273.5291567505397,320.4506854291941,290.5405089796097
*N1C(=O)c2c(C1=O)cc(cc2)Oc1cc2c(C(=O)N(C2=O)c2ccc(cc2)c2ccc(cc2)NC(=O)c2cc(ccc2)C(=O)Nc2ccc(cc2)c2ccc(cc2)*)cc1,tg,233.0,238.84969150211796,228.3262014897963,235.03441096203315
*c1cc2c(C(=O)N(C2=O)c2c(ccc(c2)N2C(=O)c3c(C2=O)cc(cc3)C(*)(C(F)(F)F)C(F)(F)F)OCCCCCCOc2ccc(cc2)N=Nc2ccc(cc2)OCC)cc1,tg,198.0,171.92697600440098,185.8683159499877,176.98139454186585
*Oc1ccc(cc1)N(c1ccc(cc1)c1ccc(cc1)N(c1ccc(cc1)OCCCCCC*)c1ccccc1)c1ccccc1,tg,128.0,124.18011659040305,84.74679189333729,109.88360505559798
*Oc1ccc(cc1)CC(NC(=O)CCc1ccc(cc1)OC(=O)CCC(=O)*)C(=O)OC(C)C,tg,82.0,80.3288502369858,80.28152540300145,80.31169266683068
*N1C(=O)c2c(C1=O)cc(cc2)Oc1cc2c(C(=O)N(C2=O)CCCCCC*)cc1,tg,164.0,115.78556745745465,100.62243753168637,110.28819021237481
*C1COC2C1OCC2OC(=O)C(NC(=O)CCCCCCCCCCC(=O)NC(C(=O)O*)Cc1ccccc1)Cc1ccccc1,tg,76.0,65.29330156306436,79.71485713860268,70.52182178598277
*c1n(c(nn1)c1ccc(cc1)Oc1ccc(cc1)C(c1ccc(cc1)Oc1ccc(cc1)*)(C)C)c1ccc(cc1)S(=O)(=O)c1ccccc1,tg,198.0,211.8128785879666,208.82490918736977,210.72959333800503
*N1C(=O)c2c(C1=O)c(ccc2)Oc1c2c(C(=O)N(C2=O)c2ccc(cc2)Oc2ccc(cc2)Oc2ccc(cc2)*)ccc1,tg,258.0,253.41923581389196,274.22783052038625,260.9633705407976
*Oc1ccc(cc1)OC(=O)c1c(cc(c(c1)OCCCCOCC1N(CCC1)c1ccc(cc1)[N+](=O)[O-])C(=O)*)OCCCCOCC1N(CCC1)c1ccc(cc1)[N+](=O)[O-],tg,68.0,59.260478355954056,65.73472216536925,61.60770882691995
*Oc1c(cc(cc1c1ccccc1)Cc1cc(c(c(c1)c1ccccc1)OC(=O)CCCCCC(=O)*)c1ccccc1)c1ccccc1,tg,111.0,105.5990415310975,91.67795265640721,100.5519649986725
*NC(=O)CCCCCNC(=O)CCCCCCCCCC*,tg,25.5,50.98142785835686,48.35759788341595,50.03016098470923
*Oc1ccc(cc1)c1cc(c(c(c1)c1ccccc1)c1ccc(cc1)NC(=O)c1ccc(cc1)C(=O)Nc1ccc(cc1)c1c(cc(cc1c1ccccc1)c1ccc(cc1)OCCCCCC*)c1ccccc1)c1ccccc1,tg,127.0,158.99243615090236,160.19047037713253,159.42678223422072
*C(C*)(C(=O)Oc1c(cc(cc1)C)C)C,tg,109.0,109.25406410991556,111.24220141853993,109.9748612576042
*C(C*)(C(=O)OCCCCCCCCCCOc1ccc(cc1)N=Nc1ccc(cc1)F)C,tg,49.0,57.4676991939939,79.41267276795777,65.42382691696301
*c1cc2c(C(=O)N(C2=O)c2ccc(cc2)c2nc(cc(c2)c2ccc(cc2)OCCCC#N)c2ccc(cc2)N2C(=O)c3c(C2=O)cc(cc3)C(=O)*)cc1,tg,342.0,327.080815403125,299.93088531855255,317.2376360210902
*c1ccc(cc1)c1c(cc(c(c1c1ccccc1)c1ccccc1)c1cc(ccc1)c1c(c(c(c(c1)c1ccccc1)c1ccc(cc1)CCCCCCCCCC*)c1ccccc1)c1ccccc1)c1ccccc1,tg,180.0,189.25270197476425,172.88623646303665,183.31905664381875
*N(c1ccc(cc1)C=Cc1c(cc(c(c1)OCCCCCCCC)C=Cc1ccc(cc1)*)OCCCCCCCC)c1ccccc1,tg,74.0,90.07367557611296,106.53022619974207,96.03998117223543
*N1C(=O)c2c(C1=O)cc(cc2)Oc1ccc(cc1)Oc1ccc(cc1)P(=O)(c1ccc(cc1)Oc1ccc(cc1)Oc1cc2c(C(=O)N(C2=O)c2ccc(cc2)*)cc1)c1ccccc1,tg,220.0,227.12854534352024,267.73567125246205,241.8506173070762
*N1C(=O)c2c(C1=O)cc(cc2)Oc1ccc(cc1)C1(CCC(CC1)C(C)(C)C)c1ccc(cc1)Oc1cc2c(C(=O)N(C2=O)c2ccc(cc2)Oc2cc(c(cc2)c2c(cc(cc2)Oc2ccc(cc2)*)C)C)cc1,tg,236.0,235.16678114357123,255.914198358228,242.6887360333862
*c1cc2c(C(=O)N(C2=O)c2ccc(cc2)Oc2ccc(cc2)N2C(=O)c3c(C2=O)cc(cc3)C(=O)c2cc(cc(c2)C(C)(C)C)C(=O)*)cc1,tg,252.5,249.8351102867192,253.38765096273403,251.1230802751156
*N1C(=O)c2c(C1=O)cc(cc2)Oc1ccc(cc1)C1(CCC(CC1)c1ccccc1)c1ccc(cc1)Oc1cc2c(C(=O)N(C2=O)c2ccc(cc2)Oc2c(cc(cc2C)C(c2cc(c(c(c2)C)Oc2ccc(cc2)*)C)(C)C)C)cc1,tg,232.0,249.54491742907737,250.52906818814154,249.901720280144
*[Si](C/C=C\C*)(CCCOc1cc2c(cc1)cccc2)C,tg,-1.0,2.790227621281556,22.71940501338,10.015530500359178
*OC(=O)OCCCCCCCCCC*,tg,-39.67,-44.25159507266063,-37.84297780730159,-41.92815743811662
*c1c(nc2c(n1)cc(cc2)Oc1ccc(cc1)NC(=O)c1cc(cc(c1)N1C(=O)c2c(C1=O)cccc2)C(=O)Nc1ccc(cc1)Oc1cc2c(nc(c(n2)c2ccc(cc2)Oc2ccc(cc2)*)c2ccccc2)cc1)c1ccccc1,tg,260.0,299.54328817864007,297.6959580454193,298.8735405283703
*C(C*)c1ccc(cc1)C(=O)N1CCCCC1,tg,114.0,143.90178344773403,153.28546313537936,147.30382692045498
*c1cc2C(c3c(c2cc1)ccc(c3)C=Cc1ccc(cc1)C=C*)(CCCCCCOc1ccc2c(c1)oc(=O)cc2)CCCCCCOc1ccc2c(c1)oc(=O)cc2,tg,104.0,116.72928547818849,139.2428786428239,124.89156565214677
*C1CCN(CC1)c1sc(cc1)C=CC1=CC(=C(C#N)C#N)C=C(O1)C=Cc1sc(cc1)N1CCC(CC1)OC(=O)Nc1c(ccc(c1)NC(=O)O*)C,tg,212.0,166.33771368765244,128.3103020615121,152.5509144986825
*Oc1c(cc(cc1)c1ccc(cc1)C(c1ccc(cc1)c1cc(c(cc1)OC(=O)*)F)(C)C)F,tg,234.0,177.443052119418,132.0497369659551,160.98575214078312
*c1cc2c(C(=O)N(C2=O)c2c(cc(cc2C)C(c2cc(c(c(c2)C)N2C(=O)c3c(C2=O)cc(cc3)C(=O)*)C)c2c3c(ccc2)cccc3)C)cc1,tg,303.0,331.0380798964932,316.1809446343728,325.6516407037343
*O[Si](O[Si](OC(CCC(*)C)C)(C)C)(C)C,tg,-83.0,-79.54251934359091,-94.02782934669294,-84.79415366901175
*C(C*)c1ccc(cc1)CCCCCCCC,tg,-45.0,-0.035698624959778,-29.427663098083954,-10.691725281313916
*NC(=O)CCCCC(=O)NCC*,tg,71.0,90.29687050087034,37.59051752512323,71.1882361398588
*N=P(*)(OCCOCCOCC)OCCOCCOCC,tg,-78.0,-75.85776946972784,-85.19572425753117,-79.24323542678047
*O[Si](c1cc2c(cc1)ccc(c2)[Si](*)(C)C)(C)C,tg,26.0,41.6522831612553,66.58396441271567,50.69123869776651
*Oc1c(cc(cc1C)C(c1cc(c(c(c1)Cl)OC(=O)*)C)(C)C)Cl,tg,154.0,182.9057067977317,191.51337491131994,186.02640806801656
*C(C*)(C(=O)OCCC[Si]12O[Si]3(O[Si]4(O[Si]5(O[Si](O[Si](O[Si](O[Si](O1)(O4)CC(C)C)(O5)CC(C)C)(O2)CC(C)C)(O3)CC(C)C)CC(C)C)CC(C)C)CC(C)C)C,tg,85.0,40.72019379381428,54.84620883654605,45.84156609885536
*C(C*)(C(=O)OCC(C(F)(F)F)(F)F)F,tg,99.0,72.080414633091,83.76206952546355,76.31558666581701
*N1C(=O)c2c(C1=O)cc(cc2)Oc1cc2c(C(=O)N(C2=O)c2cc(c(cc2)c2c(cc(cc2)*)C(F)(F)F)C(F)(F)F)cc1,tg,275.0,279.59669791745347,243.98355426336354,266.68518911233235
*N1C(=O)C2CCC3C(C2C1=O)C(=O)N(C3=O)c1ccc(cc1)Oc1ccc(cc1)C(c1ccc(cc1)Oc1ccc(cc1)*)(C)C,tg,263.5,248.97483542837628,270.56308539479704,256.80163337230306
*C(C*)(C(=O)OCCCCCCCCCCOc1ccc(cc1)OC(=O)c1ccc(cc1)c1ccc(cc1)OC)C,tg,57.0,45.71632012061704,56.810259864554936,49.73841662741862
*c1ccc2c3n(c4ccc(cc4n3)Oc3cc4n5c(nc4cc3)c3cccc4c(ccc(c5=O)c34)Oc3ccc(cc3)C(c3ccc(cc3)O*)(C)C)c(=O)c3cccc1c23,tg,334.0,343.11825595954537,344.2404444461097,343.5251042475262
*N1C(=O)c2c(C1=O)cc(cc2)Oc1cc2c(cc1Oc1cc3c(C(=O)N(C3=O)c3ccc(cc3)Oc3cc4c(cc3Oc3ccc(cc3)*)cccc4)cc1)cccc2,tg,222.0,232.94140835514185,231.32076886576255,232.35384716592782
*O[Si](CCC(C(C(C(C(C(CC[Si](*)(CCC(F)(F)F)C)(F)F)(F)F)(F)F)(F)F)(F)F)(F)F)(CCC(F)(F)F)C,tg,-24.0,-27.53904824461344,-13.593276557201557,-22.48302298368287
*Oc1c(cc(cc1)C=C1C(=O)C(=Cc2cc(c(cc2)OCC(=O)c2ccc(cc2)Oc2ccc(cc2)C(=O)C*)OC)CCC1)OC,tg,211.75,134.78523687451778,123.00037568552088,130.51264750451452
*Oc1ccc(cc1)c1ccc(cc1)OC(=O)c1c(cc(c(c1)OCCCc1ccccc1)C(=O)*)OCCCc1ccccc1,tg,72.0,106.4630549833533,118.88828559977058,110.9678096342702
*OOC(C*)c1ccc(cc1)C(C)(C)C,tg,19.9,56.38985894738436,60.437959592317036,57.85749369563166
*Oc1ccc(cc1)S(=O)(=O)c1ccc(cc1)Oc1ccc(cc1)N=Cc1ccc(cc1)*,tg,110.0,186.8996135987424,163.2242989011666,178.3161524712758
*N=P(*)(OCCOCCOCCOC)OCCOCCOCCOC,tg,-66.0,-88.37087100532369,-97.72436386470235,-91.76197027433295
*N1C(=S)N(C(=O)CC1=O)c1ccc(cc1)Oc1ccc(cc1)c1ccc(cc1)Oc1ccc(cc1)*,tg,158.5,175.95524985832353,165.56614573460755,172.18869078469695
*N(c1ccc(cc1)c1ccc(cc1)*)c1ccc(cc1)CCCC,tg,180.0,148.17619783998867,149.86538182258076,148.78860976510674
*N1C(=O)c2c(C1=O)cc(cc2)NC(=O)Nc1nc(ccc1)NC(=O)Nc1cc2c(C(=O)N(C2=O)c2ccc(cc2)Oc2c(c3c(cc2)cccc3)c2c3c(ccc2Oc2ccc(cc2)*)cccc3)cc1,tg,283.0,258.85730142954134,252.7865095294867,256.656342035646
*OC(C*)COCCCC,tg,-79.0,-79.21136213721722,-70.97558404856362,-76.22548921508718
*N1C(=O)c2c(C1=O)c(ccc2)Oc1ccc(cc1)Oc1c2c(C(=O)N(C2=O)c2cc(ccc2)*)ccc1,tg,259.0,262.8215217000965,255.33788547935276,260.10833704285386
*C(C*)(C(=O)OCCCCCCOc1ccc(cc1)C(=O)Oc1ccc2c(c1)oc(=O)cc2)C,tg,102.0,56.581440799354624,49.73678425933112,54.099917571780914
*c1cc2c(C(=O)N(C2=O)C2C(=O)N(C(=O)C2)c2ccc(cc2)Cc2ccc(cc2)NC(=O)*)cc1,tg,123.0,201.99018709591965,176.00167470471445,192.56807851066674
*Oc1ccc(cc1)NC(=O)c1ccc(cc1)S(=O)(=O)c1ccc(cc1)C(=O)Nc1ccc(cc1)Oc1ccc(cc1)C1(C2CCC(C1)C2)c1ccc(cc1)*,tg,287.0,270.61994125512973,276.4100242004216,272.7191299045972
*OC(=O)OCC(C*)OCCCCOc1ccc(cc1)C=Cc1ccc(cc1)[N+](=O)[O-],tg,42.0,52.15577305613015,35.70740894550923,46.1924354719253
*N1C(=O)c2c(C1=O)cc(cc2)C(=O)Nc1ccc(cc1)S(=O)(=O)c1ccc(cc1)NC(=O)c1cc2c(C(=O)N(C2=O)CCCCCC*)cc1,tg,198.0,197.34284376805968,188.7024787188398,194.21028825720546
*Oc1ccc(cc1)N=C(c1ccc(cc1)Oc1ccc(cc1)c1ccc(cc1)Oc1ccc(cc1)C(=Nc1ccc(cc1)*)c1ccccc1)c1ccccc1,tg,174.0,186.99966028996673,185.66423667284388,186.5155038235081
*Oc1ccc(cc1)C1(c2ccccc2c2ccccc12)c1ccc(cc1)OC(=O)OC1C(C(C1(C)C)OC(=O)*)(C)C,tg,214.0,245.0487314128511,219.21473217568905,235.6826414135538
*c1cc2c(C(=O)N(C2=O)c2cc(ccc2)C(C(C(c2cc(ccc2)N2C(=O)c3c(C2=O)cc(cc3)C(C(C(*)(F)F)(F)F)(F)F)(F)F)(F)F)(F)F)cc1,tg,151.0,175.7273819309471,150.02280205708288,166.40821278943767
*C1C(CC(C1)C=C*)C1CC=CCC1,tg,105.0,92.61039958155716,94.77610935794283,93.39557544580383
*Oc1ccc(cc1)S(=O)(=O)c1ccc(cc1)Oc1ccc(cc1)NC(=O)c1cc(cc(c1)NC(=O)c1ccc(cc1)OC(=O)C)C(=O)Nc1ccc(cc1)*,tg,263.0,252.3567178575747,261.4419830550012,255.6505714620981
*S(=O)(=O)c1cc(c(cc1)Sc1ccc(cc1)Sc1ccc(cc1)Sc1c(cc(cc1)*)S(=O)(=O)O)S(=O)(=O)O,tg,202.0,187.26965810900617,190.26773447124495,188.35660762757323
*C(C*)c1ccc(cc1)B(Oc1c2ncccc2c(cc1)c1ccc(cc1)N(C)C)c1ccc(cc1)C(C)(C)C,tg,230.0,238.52906016259303,218.18800208905068,231.1544303637474
*c1cc2c(C(=O)N(C2=O)c2cc(ccc2)C(c2cc(ccc2)N2C(=O)c3c(C2=O)cc(cc3)C(=O)*)(c2ccccc2)C(F)(F)F)cc1,tg,311.0,279.2885134771509,279.1548921345042,279.24006919604807
*Oc1ccc(cc1)Oc1ccc(cc1)Oc1ccc(cc1)Oc1ccc(cc1)OC(=O)c1cc(ccc1)C(=O)*,tg,134.0,135.23765561224647,151.32827426214618,141.07129294558445
*Nc1ccc(cc1)*,tg,91.75,123.88600418704566,176.56088495390375,142.98322833091564
*Oc1c(cc(cc1C)c1cc(c(c(c1)CBr)Oc1ccc(cc1)C(=O)c1ccc(cc1)*)CBr)CBr,tg,163.67,183.5179543102828,209.73140940261393,193.0216156417478
*N1C(=O)c2c(C1=O)cc(cc2)Oc1ccc(cc1)c1ccc(cc1)Oc1cc2c(C(=O)N(C2=O)c2ccc(cc2)Oc2cc(ccc2)Oc2ccc(cc2)*)cc1,tg,205.0,196.77755846289497,184.47428755282,192.31702017876682
*C(C*)c1ccc(cc1)C(=O)c1ccccc1,tg,98.0,125.7382997271053,113.92618916680244,121.4558311254069
*Oc1ccc(cc1)CC(NC(=O)CCc1ccc(cc1)OC(=O)CCC(=O)*)C(=O)OCc1ccccc1,tg,78.0,82.79801847237019,92.95720429910449,86.48122090259649
*NC(=O)c1c(cc(cc1)C(=O)NCCCCCCCCCCCC*)Sc1ccccc1,tg,92.0,93.56671483875614,119.95654323440378,103.13432013093626
*OCC(C*)(COC(=O)C(=C)C)CC,tg,72.5,4.066078986468238,2.30687133503202,3.4282800518339824
*Oc1c(cc(cc1)OC(=O)c1ccc(cc1)C(=O)*)C1CCCCC1,tg,206.0,154.54908629757742,174.58484781450082,161.81303114209146
*Oc1ccc(cc1)OC(=O)c1c(cc(cc1)c1ccc(cc1)C(=O)*)c1ccccc1,tg,140.0,162.8209178116748,166.30861730110496,164.0853796941973
*c1cc2c(C(=O)N(C2=O)C2CC(CC(C2)(CN2C(=O)c3c(C2=O)cc(cc3)C(=O)*)C)(C)C)cc1,tg,275.0,276.8508231161002,263.6109799026402,272.0507315013466
*Oc1ccc(cc1)S(=O)(=O)c1ccc(cc1)c1ccc(cc1)S(=O)(=O)c1ccc(cc1)*,tg,278.75,230.7192181663431,287.1086360386402,251.16314393840025
*c1cc2c(C(=O)N(C2=O)c2ccc(cc2)c2nc(cc(c2)c2ccc(cc2)OCCCC#N)c2ccc(cc2)N2C(=O)c3c(C2=O)cc(cc3)C(*)(C(F)(F)F)C(F)(F)F)cc1,tg,339.0,311.50137866540587,285.9390300140483,302.23377530813593
*NNC(=O)c1cc(cc(c1)NC(=O)c1cc2c(C(=O)N(C2=O)c2ncccc2C)cc1)C(=O)NNC(=O)CC(=O)*,tg,156.3,143.79252519389658,135.96208501123644,140.95360711498728
*N1C(=O)c2c(C1=O)cc(cc2)Sc1ccc(cc1)Sc1ccc(cc1)Sc1cc2c(C(=O)N(C2=O)c2ccc(cc2)Sc2sc(cc2)Sc2sc(cc2)Sc2sc(cc2)Sc2ccc(cc2)*)cc1,tg,177.0,222.93925399990903,232.9873267758258,226.5821725072127
*OC(COC(=O)c1c(cccc1)C(=O)*)COc1ccc(cc1)N=Nc1ccc(cc1)C#N,tg,105.0,96.76691552040607,97.89667651984254,97.17650921518319
*Oc1ccc(cc1)C1(c2ccccc2c2ccccc12)c1ccc(cc1)OC1(C(C(C1(F)F)(F)F)(*)F)F,tg,228.0,220.41823182068097,191.4144890466887,209.90295454425714
*C1C(CC(C1)C=C*)[Si](C)(C)C,tg,109.0,96.20731276321852,69.92798451264457,86.67976918561054
*c1nc2c(nc1c1ccccc1)cc(cc2)Oc1cc2c(nc(c(n2)c2ccc(cc2)*)c2ccccc2)cc1,tg,326.0,308.64978634519383,314.108762742901,310.6289326545046
*Nc1cc(ccc1)NC(=O)Cc1c(cc(c(c1)CC(=O)*)C)C,tg,222.0,190.17020764386484,187.6549172631643,189.25829168909004
*c1sc(cc1)*,tg,89.35,109.58398915007986,105.23475008905669,108.0071769770964
*C(C*)c1ccc(cc1)CCC,tg,46.75,38.59287153157194,32.39437319583086,36.345612300042156
*C(C*)(C(=O)Nc1cc(ccc1)c1oc(nn1)c1ccccc1)C,tg,65.0,211.4274310385905,186.17890020895175,202.27360201159826
*C(C*)C(=O)Oc1ccc(cc1)c1ccccc1,tg,105.0,102.34977054284865,119.81943745155904,108.68338041186801
*NC(C(=O)*)CCC(=O)OCCCCCCCC,tg,-59.5,-20.35913034899717,-50.22020689729091,-31.185233108375844
*c1cc2C(c3c(c2cc1)ccc(c3)c1c(cc(c(c1)OCCCCCCCC)*)OCCCCCCCC)(CCCCCC)CCCCCC,tg,58.0,81.82767116007864,66.55218436399683,76.28955904659011
*C(C*)C(=O)NCCC[N+](C)(C)C,tg,78.0,76.14503788766991,72.37494305423279,74.77819386202393
*C(C*)c1ccc(cc1)[Si](O[Si](C)(C)C)(O[Si](C)(C)C)C,tg,54.0,69.92699057666651,84.85099353021468,75.3376725825574
*N1C(=O)c2c(C1=O)cc(cc2)C(=O)c1cc2c(C(=O)N(C2=O)CCCC(=O)Nc2ccc(cc2)Cc2ccc(cc2)NC(=O)CCC*)cc1,tg,195.0,192.66209500088033,174.59561316087556,186.11211048896843
*C(C*)c1c2c(ccc1)cccc2,tg,159.0,151.55667473619806,153.87257285826294,152.39630123155158
*N1C(=O)c2c(C1=O)cc(cc2)P(=O)(c1cc2c(C(=O)N(C2=O)c2ccc(cc2)*)cc1)c1ccccc1,tg,366.0,291.7918933574433,312.867248219348,299.4327417058392
*Oc1c(cc(cc1C)C(c1cc(c(c(c1)C)OCC(COc1ccc(cc1)C(c1ccc(cc1)OCC(C*)O)(C)C)O)C)(C)C)C,tg,100.0,112.58555197411242,112.93485770225811,112.7121924085666
*C(C*)(C(=O)OCCCCCCCCOc1ccc(cc1)N=Nc1ccc(cc1)C#N)C,tg,35.0,54.13650628846485,54.28153653955894,54.18908685765579
*C(C*)(C(=O)OCCCCCC(=O)Oc1ccc(cc1)OC(=O)c1ccc(cc1)OCCC)C,tg,45.0,36.78601401608907,19.097110675337813,30.372920202877836
*N(CC*)C(=O)CSC,tg,39.0,38.03660940537253,31.74939340684866,35.757185675945124
*Oc1c(cc(cc1c1ccccc1)*)c1c(cccc1)c1ccccc1,tg,211.0,202.8739521099097,215.67802794626886,207.5160567078172
*Oc1ccc(cc1)C1(C2CC3CC(CC1C3)C2)c1ccc(cc1)OC(=O)c1ccc(cc1)Oc1ccc(cc1)C1(CCC(CC1)C(C)(C)C)c1ccc(cc1)Oc1ccc(cc1)C(=O)*,tg,197.0,221.31641836635336,194.90896468791027,211.74242304592372
*Nc1ccc(cc1)C1(c2ccccc2c2ccccc12)c1ccc(cc1)NC(=O)c1c(cc(cc1)c1cc(c(cc1)C(=O)*)C)C,tg,293.0,266.0217775693513,286.5309053206652,273.45734085796414
*N1C(=O)c2c(C1=O)cc(cc2)c1cc2c(C(=O)N(C2=O)c2ccc(cc2)Oc2c(cccc2)Oc2ccc(cc2)*)cc1,tg,241.0,259.4161772275731,246.82330452097898,254.85064410833422
*OC(CCOC(=O)c1ccc(cc1)c1ccc(cc1)C(=O)*)C,tg,86.83,84.46062127398282,82.11715493759226,83.61099995072352
*c1cc2c(C(=O)N(C2=O)c2ccc(cc2)Oc2ccc(cc2)C(=O)c2ccc(cc2)Oc2ccc(cc2)C(=O)c2ccc(cc2)Oc2ccc(cc2)N2C(=O)c3c(C2=O)cc(cc3)C(=O)*)cc1,tg,215.0,224.48100140780403,252.56507577237778,234.66285384307
*Oc1c(cc(cc1)Oc1ccc(cc1)C(=O)Nc1ccc(cc1)Cc1ccc(cc1)NC(=O)c1ccc(cc1)*)c1ccccc1,tg,218.0,219.13690030868793,203.7382191588212,213.55412420824325
*C(C*)OC(=O)c1ccc(cc1)[Si](C)(C)C,tg,125.25,76.39323748907815,81.24209252288946,78.15118492196704
*Oc1ccc(cc1)CC(NC(=O)CCc1ccc(cc1)OC(=O)CCCC(=O)*)C(=O)OCc1ccccc1,tg,66.0,68.39372832978364,68.77007953143934,68.53017407299558
*N(c1ccc(cc1)/C=C/c1ccc(cc1)/C=C(/C(=O)NC1C(CCCC1)NC(=O)/C(=C/c1ccc(cc1)/C=C/c1ccc(cc1)N(Cc1c(cccc1)C*)CC)/C#N)\C#N)CC,tg,201.0,175.0963034640254,169.2279023404612,172.9687206391326
*NC(=O)CCP(=O)(CCC(=O)NCCCCCC*)C,tg,57.5,44.680937350613895,48.89455483069564,46.20858005814669
*N1C(=O)c2c(C1=O)cc(cc2)C(=O)Oc1ccc(cc1)C(c1ccc(cc1)OC(=O)CCCCCCCCCCC*)(C)C,tg,93.0,77.09103466508073,101.69893352801515,86.01260322781053
*OC(=O)c1cc(cc(c1)OCCCCCCOc1ccc(cc1)c1ccc(cc1)OC)C(=O)OCCOCCOCCOCCOCCOCC*,tg,5.0,13.578979330271514,31.02918469307468,19.905533435728323
*C1C(C2CC(C1C2)*)CCCC,tg,235.0,126.11053745759624,106.47082435316462,118.9901795599356
*C(*)C(=O)OC,tg,80.25,46.32619580481398,85.19954640880414,60.419689304940306
*Oc1c(cc(cc1c1ccccc1)*)c1c(c(ccc1)c1ccccc1)c1ccccc1,tg,212.0,229.0240907974031,238.26321322133873,232.37372518202554
*C(C*)(C(=O)Oc1c(c(ccc1)C)C)C,tg,120.0,122.31474293422328,132.9761244729814,126.18001590617625
*Oc1ccc(cc1)CC(NC(=O)CCc1ccc(cc1)OC(=O)CCCCCCCCC(=O)*)C(=O)OCC,tg,44.0,31.63274349281873,46.00080528610854,36.8418695996987
*Oc1ccc(cc1)C(c1ccc(cc1)OC(=S)*)(CC)C,tg,102.0,139.47233120580532,144.22165961911332,141.1941953642309
*C(C*)(C(=O)NC(=O)OC(COc1c(cc(cc1Br)S(=O)(=O)c1cc(c(c(c1)Br)OCC(O)C)Br)Br)C)C,tg,45.0,119.33953630684948,98.84978086040715,111.91099642755306
*Nc1ccc(cc1)C(c1ccc(cc1)NC(=O)c1cc(cc(c1)NC(=O)CCCCCN1C(=O)c2c(C1=O)cccc2)C(=O)*)(C(F)(F)F)C(F)(F)F,tg,225.0,216.77403832665777,173.22555698056334,200.9855809579082
*N1C(=O)c2c(C1=O)cc(cc2)Oc1c2c(ccc1)c(ccc2)Oc1cc2c(C(=O)N(C2=O)c2ccc(cc2)C(c2ccc(cc2)*)(C(F)(F)F)C(F)(F)F)cc1,tg,276.0,261.9443237998976,265.4939612815185,263.231241238136
*OC(=O)Nc1c(c(ccc1)NC(=O)OCCN(CC*)c1ccc(cc1)N=Nc1ccc(cc1)[N+](=O)[O-])C,tg,147.0,126.32021277168354,125.21505078490938,125.91953742378622
*N1C(=O)c2c(C1=O)cc(cc2)C(c1cc2c(C(=O)N(C2=O)CCN(CC*)c2ccc(cc2)N=Nc2ccc(cc2)[N+](=O)[O-])cc1)(C(F)(F)F)C(F)(F)F,tg,210.0,175.59602765817158,183.2796680609327,178.38172362703173
*c1[nH]nc(c1)c1ccc(cc1)Oc1ccc(cc1)C(=O)c1ccc(cc1)Oc1ccc(cc1)*,tg,225.0,245.423944350467,238.00803502036877,242.73531400815386
*Oc1ccc(cc1)C(c1ccc(cc1)OC(=O)c1ccc(cc1)C(=O)*)(CC)c1ccccc1,tg,243.0,201.2518262922688,173.9827413743695,191.36544744728812
*N1C(=O)c2c(C1=O)cc(cc2)c1cc2c(C(=O)N(C2=O)C2CCC(CC2)CC2CCC(CC2)*)cc1,tg,242.0,255.42849817318725,246.4557664331419,252.17544345853332
*C(CCC*)(CC)C,tg,-23.0,-9.331794884858011,-3.297100399902199,-7.1439225718847394
*N1C(=O)c2c(C1=O)cc(cc2)[Si](c1cc2c(C(=O)N(C2=O)c2cc(ccc2)Cc2cc(ccc2)*)cc1)(C)C,tg,238.0,258.07717924357286,246.01605457327227,253.70443083099724
*OC(=O)C1CCC(CC1)C(=O)OCCCC*,tg,-10.5,20.575224312809855,5.552210768544482,15.12864611852678
*C(C*)(C(=O)OCc1cc(ccc1)Cl)C,tg,18.25,43.39602587560095,16.897882526707324,33.78915110791075
*C(C*)(C(=O)OC1COC(OC1)CP(=O)(OCC)OCC)C,tg,-36.0,49.40444320720176,69.38487877894852,56.648329686881794
*N1C(=O)c2c(C1=O)cc(cc2)C(=O)Oc1c(cc(cc1)OC(=O)CCCC*)C,tg,75.76,90.6379890450962,86.80080452366404,89.24682172168987
*NC(=O)CCCCCCCCCCC*,tg,42.59,41.233083325319896,47.73486863048623,43.59029893739973
*C(C*)(C(=O)NC(=O)Oc1ccc(cc1)S(=O)(=O)c1ccc(cc1)O)C,tg,182.0,119.3687968794073,91.23011768781448,109.16714751995778
*C(C*)(CC(=O)Oc1ccc(cc1)OCCC)C(=O)Oc1ccc(cc1)OCCC,tg,94.5,84.72694198106718,95.3527912265591,88.57933275644046
*Oc1ccc(cc1)C(=O)c1ccc(cc1)Oc1ccc(cc1)C(=O)c1ccc(cc1)Oc1cc(ccc1)Cc1cc(ccc1)*,tg,123.0,133.57695188489907,111.37397109266503,125.52728390884712
*OC(=O)c1ccc(cc1)c1ccc(cc1)C(=O)OCC*,tg,60.0,114.63038630078846,137.62980736659551,122.96880288339065
*c1cc2c(C(=O)N(C2=O)c2ccc(cc2)C2(CCC(CC2)CC)c2ccc(cc2)NC(=O)*)cc1,tg,312.0,320.5493373653864,283.5610462791443,307.139270265299
*c1sc(cc1SCCCCCCCC)c1ccc(cc1)c1sc(c(c1)SCCCCCCCC)c1ccc(cc1)*,tg,-38.8,30.478264200373513,24.003335165714855,28.13078530169648
*[Si](CCCCC*)(c1ccccc1)C,tg,-12.65,-11.496709717499682,-10.36675451360633,-11.087045614095377
*Oc1ccc(cc1)S(=O)(=O)c1ccc(cc1)Oc1ccc(cc1)C(=O)c1ccc(cc1)c1ccc(cc1)C(=O)c1ccc(cc1)*,tg,207.0,224.3670823937049,223.31193498098867,223.98453977847524
*OC1C(CCCC1)*,tg,68.0,55.23065419088056,35.96070896156173,48.24435525812742
*N1C(=O)C2C(C1=O)CC(c1ccccc21)C1C(=O)N(C(=O)C1)c1cc(cc(c1)C(=O)O)*,tg,249.43,274.84176991557644,293.37616829839965,281.56139709148187
*N1C(=O)c2c(C1=O)cc(cc2)P(=O)(c1cc2c(C(=O)N(C2=O)c2ccc(cc2)Oc2ccc(cc2)*)cc1)c1ccccc1,tg,318.0,292.90759589973226,285.3712803644829,290.1753124108983
*Oc1ccc(cc1)S(=O)(=O)c1ccc(cc1)Oc1ccc(cc1)NC(=O)c1c(cc(cc1)c1cc(c(cc1)C(=O)Nc1ccc(cc1)*)C)C,tg,251.0,256.08447604330956,256.0266144553455,256.06349838377656
*OC(=O)CCCCCNC(=O)CCCCC(=O)NCCCCCC(=O)OCCCC*,tg,-15.0,6.4745766136198,-16.764418489417636,-1.9506972911335325
*N1C(=O)c2c(C1=O)cc(cc2)Oc1cc2c(C(=O)N(C2=O)c2cc(ccc2)*)cc1,tg,280.0,282.4714969918626,244.56819484524377,268.7296935677486
*c1c(cc(c(c1)C)CC*)C,tg,95.0,114.21420552427509,98.60243615135427,108.55417450651801
*S(=O)(=O)C(C*)CC,tg,32.73,37.50523772923979,75.01332470561861,51.103756297626525
*OC(=O)CCCCC(=O)OCC(C*)CCCCCCOc1ccc(cc1)N=Nc1ccc(cc1)Br,tg,24.0,24.423876322483466,11.296598310710065,19.664595106464766
*Oc1ccc(cc1)C(=O)NNC(=O)c1ccc(cc1)*,tg,256.2,187.1927731398201,219.53460349413578,198.91827065414938
*C(C*)(C(=O)OCCCCCCCCCCOc1ccc(cc1)OC(=O)c1ccc(cc1)OC)C,tg,21.0,30.83564424052722,36.213246601652685,32.78528847610815
*c1sc(nn1)c1cc(ccc1)OCCCCCCCCCCCOC(=O)c1cc(ccc1)C(=O)OCCCCCCCCCCCOc1ccc(cc1)*,tg,53.5,55.853849991338485,61.1910639761136,57.788851462384585
*Nc1ccc(cc1)C(=O)c1ccc(cc1)NC(=O)c1cc(cc(c1)C(C)(C)C)C(=O)*,tg,271.0,279.19862278160264,272.57189281244814,276.7961086093927
*Oc1ccc(cc1)NC(=O)CCCCC(=O)Nc1ccc(cc1)*,tg,230.0,167.54223153445557,181.1065489626763,172.45996094388437
*C(C*)C(=O)OCCCCCC(=O)Oc1ccc(cc1)c1ccc(cc1)C#N,tg,38.0,37.74476893626646,16.528338786998223,30.05277388673493
*[SiH2]C#Cc1cc(ccc1)C#C*,tg,72.0,89.49138072716205,65.60333108608233,80.83079276352265
*Oc1ccc(cc1)NC(=O)/C=C/c1ccc(cc1)/C=C/C(=O)Nc1ccc(cc1)*,tg,205.0,208.81727649071277,225.07333356948948,214.7108933572225
*Oc1ccc(cc1)C(c1ccc(cc1)OC(=O)/C=C\C(=O)OCC(C*)O)(C)C,tg,32.0,94.50984380207512,106.34423197494012,98.80038912942143
*c1cc2c(C(=O)N(C2=O)c2ccc(cc2)Oc2ccc(cc2)N2C(=O)c3c(C2=O)cc(cc3)C(*)O[Si](O[Si](O[Si](C)(C)C)(C)C)(C)C)cc1,tg,167.0,229.9282720470479,207.61800924958817,221.83970908973407
*Oc1ccc(cc1)C(=O)OC(COC(COC(COC(=O)c1ccc(cc1)OC(=O)c1ccc(cc1)C(=O)*)C)C)C,tg,36.0,50.38773887131443,88.55657103473231,64.22580993142333
*C(C*)C(=O)OC(OCC)C(F)(F)F,tg,5.0,6.035888680980157,15.130984653682534,9.333306423024467
*Oc1ccc(cc1)c1ccc(cc1)Oc1ccc(cc1)C(c1ccc(cc1)*)(C)C,tg,154.0,183.80478858896308,170.1786711967784,178.86465366581086
*SC(*)(F)F,tg,-118.0,-3.4555178575911065,61.77215060965829,20.192706627519623
*Oc1ccc(cc1)CC(NC(=O)CCc1ccc(cc1)OC(=O)COCCOCC(=O)*)C(=O)OCCCCCCCCCCCC,tg,17.0,17.464312006980073,20.85573845053554,18.693870195192936
*c1[nH]nc(c1)c1ccc(cc1)Oc1ccc(cc1)P(=O)(c1ccc(cc1)Oc1ccc(cc1)*)c1ccccc1,tg,296.0,251.72376404752177,234.97367218473545,245.6510353753896
*C(C*)CCCCCCCCCCCCCCCCCC,tg,-88.0,-19.038290070615776,-28.086433893475885,-22.31868535875947
*Nc1ccc(cc1)NC(=O)c1c(ccc(c1)c1cc(c(cc1)C(=O)OCC)C(=O)*)C(=O)OCC,tg,231.7,223.01089635414664,217.72513382470245,221.094548555604
*Oc1ccc(cc1)OCC(COC(=O)CCCCC(=O)OCC(C*)O)O,tg,19.0,22.8936136527017,38.770140412780194,28.649632190367463
*N1C(=O)C2C(C1=O)CC(CC2)C1CC2C(C(=O)N(C2=O)c2ccc(cc2)Oc2cc(ccc2)Oc2ccc(cc2)*)CC1,tg,215.0,237.66836552001072,232.3754774773042,235.74943437392315
*N1C(=O)c2c(C1=O)cc(cc2)Oc1cc2c(C(=O)N(C2=O)c2ccc(cc2)Sc2cc3c(C(=O)N(C3=O)c3ccc(cc3)CC)cc2Sc2ccc(cc2)*)cc1,tg,271.0,244.00026141740656,217.27508072581392,234.3110744933445
*Oc1cc(c(cc1)S(=O)(=O)c1c(cc(cc1)Oc1ccc(cc1)C(c1ccc(cc1)*)(C)C)N)N,tg,210.5,210.1577576497167,167.25608358866688,194.6037996005775
*Oc1c(cc(c(c1)OC(=O)c1ccc(cc1)OCCCC)OC(=O)CCCC(=O)*)OC(=O)c1ccc(cc1)OCCCC,tg,59.0,45.64629612334473,56.2532735152087,49.49184492748814
*OC(=O)NNC(=O)CCCCCCCCC(=O)NNC(=O)OCCCC*,tg,56.0,29.798343648924064,30.81850092177019,30.16820062473329
*N1C(=O)c2c(C1=O)cc(cc2)c1cc2c(C(=O)N(C2=O)c2ccc(cc2)Oc2c(cc(cc2)Oc2ccc(cc2)*)C(C)(C)C)cc1,tg,274.0,277.49517934483396,254.0776136296051,269.0051648472804
*c1cc2c(C(=O)N(C2=O)c2cc(cc(c2)c2oc(nn2)c2ncccc2)N2C(=O)c3c(C2=O)cc(cc3)C(=O)Nc2cc(ccc2)S(=O)(=O)c2cc(ccc2)NC(=O)*)cc1,tg,173.0,290.7298013870433,267.5696172040301,282.3331003007336
*N1C(=O)c2c(C1=O)cc(cc2)C(=O)Oc1c(cc(cc1)OC(=O)c1cc2c(C(=O)N(C2=O)CCCOCCCCOCCC*)cc1)c1ccccc1,tg,71.0,66.85429123171524,65.38802171987645,66.3226967199622
*c1cc2c(C(=O)N(C2=O)c2ccc(cc2)C(=O)Nc2ccc(cc2)Oc2ccc(cc2)Oc2ccc(cc2)NC(=O)c2ccc(cc2)N2C(=O)c3c(C2=O)cc(cc3)C(*)(C(F)(F)F)C(F)(F)F)cc1,tg,303.0,299.7272207633526,311.1830281601912,303.8805120175794
*C(C*)(C(=O)OCC)CF,tg,43.0,53.288348383699635,63.47148614437662,56.98023456307778
*Oc1ccc(cc1)C(=C(Cl)Cl)c1ccc(cc1)OC*,tg,108.0,136.92781472424292,107.36594160802936,126.21018786312668
*Oc1ccc(cc1)NC(=C(C#N)C#N)c1ccc(cc1)c1ccc(cc1)C(=C(C#N)C#N)Nc1ccc(cc1)*,tg,220.0,265.297345448052,289.2972660155469,273.9984921016368
*NC(=O)C(C(C(=O)NCCCCCC*)OC)OC,tg,106.0,99.5855099779798,86.11521639718418,94.7018688182633
*c1c(nc2c(n1)cc(cc2)S(=O)(=O)c1cc2c(nc(c(n2)c2ccc(cc2)N2C(=O)c3c(C2=O)cc(cc3)C(=O)c2cc3c(C(=O)N(C3=O)c3ccc(cc3)*)cc2)c2ccccc2)cc1)c1ccccc1,tg,240.0,270.25091374041875,255.08230848441627,264.75155141996294
*c1cc2c(C(=O)N(C2=O)c2c(c(cc(c2)C(F)(F)F)N2C(=O)c3c(C2=O)cc(cc3)C(=O)Nc2cc(c(cc2)Oc2c(cc(cc2)NC(=O)*)c2ccccc2)c2ccccc2)Oc2ccc(cc2)C(F)(F)F)cc1,tg,312.0,303.94757752357117,309.14351617383784,305.8313597665938
*N1C(=O)c2c(C1=O)cc(cc2)C(=O)c1cc2c(C(=O)N(C2=O)CC2CC(CCC2)C*)cc1,tg,213.0,220.14468203226727,200.77181748861275,213.12106980737207
*N1C(=O)c2c(C1=O)cc(cc2)c1cc2c(C(=O)N(C2=O)c2cc(ccc2)*)cc1,tg,327.88,340.11161521440505,309.3619395828461,328.96335176628634
*NC(=O)c1ccc(cc1)CC(=O)NCCCCC*,tg,103.0,113.05984324200908,112.0392861444533,112.68984131016033
*C1C2C(C(=O)N(C2=O)CCCC)C(C1)C=C*,tg,131.0,115.60081693304396,116.41793347619026,115.89706169997939
*c1cc2c(oc(n2)c2c(cc(c(c2)OCCCCCCCCCC)c2oc3c(n2)cc(cc3)C(*)(C(F)(F)F)C(F)(F)F)OCCCCCCCCCC)cc1,tg,94.0,109.26700105033724,155.65150143505986,126.08365422073811
*N1C(=O)c2c(C1=O)cc(cc2)C(=O)Oc1cc2c(cc1)cc(cc2)OC(=O)c1cc2c(C(=O)N(C2=O)CCCOCCCCOCCC*)cc1,tg,68.0,69.91818591989573,65.20688369423048,68.21010811690522
*N1C(=O)c2c(C1=O)cc(cc2)c1cc2c(C(=O)N(C2=O)c2c(ccc(c2)*)C)cc1,tg,341.33,333.96837338213066,338.0634536139066,335.45304053153524
*c1oc(nc1)c1cc(c(cc1)Oc1ccc(cc1)C(c1ccc(cc1)Oc1c(cc(cc1)*)C(F)(F)F)(C(F)(F)F)C(F)(F)F)C(F)(F)F,tg,205.0,195.2341236536354,180.3349201993783,189.83243268084652
*Oc1ccc(cc1)C(c1ccc(cc1)OC(=S)*)C(CC)CC,tg,148.0,99.54855261585514,113.5464909166336,104.6234908291035
*C(C*)OC(=O)c1c(cccc1)Cl,tg,55.75,83.55654223878663,78.82646825891037,81.84165875550748
*C(C*)(C(=O)Oc1ccc(cc1)C(=O)Oc1ccc(cc1)OC)C,tg,77.0,106.186737708754,109.54067451374031,107.40270406684965
*C(C*)(CC(=O)OCCC1CCCCC1)C(=O)OCCC1CCCCC1,tg,48.0,42.48804007656074,61.53842770607665,49.394738626078386
*OC(=O)NNC(=O)CCCCCCCCC(=O)NNC(=O)OCCCCC*,tg,20.0,54.03384912247725,46.316309495549454,51.2358630245691
*N1C(=O)c2c(C1=O)cc(cc2)C(=O)c1cc2c(C(=O)N(C2=O)CC2C3C(CC2)C2C(CC3C2)C*)cc1,tg,217.0,226.5864854771522,219.95022966171905,224.1805177191174
*C(C*)(C(=O)OCCCCCCCCCCOc1ccc(cc1)N=Nc1ccc(cc1)[N+](=O)[O-])C,tg,55.0,49.7171595022852,86.54925864357168,63.0705993724889
*OC(C*)CSCCCCC,tg,-68.0,-69.44385768457691,-74.92092634453597,-71.42956332506152
*c1cc2c(C(=O)N(C2=O)c2ccc(cc2)Cc2ccc(cc2)N2C(=O)c3c(C2=O)cc(cc3)C(CCCCC(*)(C)C)(C)C)cc1,tg,169.9,176.06836547112258,182.4854957582697,178.39488949300838
*c1cc2c(C(=O)N(C2=O)c2cc(ccc2)Oc2ccc(cc2)N2C(=O)c3c(C2=O)cc(cc3)C(=O)Nc2cc(ccc2)Oc2ccc(cc2)NC(=O)*)cc1,tg,211.0,234.52538049679535,249.9840474720384,240.12990439687417
*Oc1ccc(cc1)C(=O)c1ccc(cc1)OCC(C*)O,tg,130.0,91.89561741841196,95.81313117191623,93.31590802274184
*OC(C*)CO,tg,-27.0,2.460099692318091,-4.211746473382794,0.04122868919708752
*Oc1ccc(cc1)C(c1ccc(cc1)OC(=S)*)(CC(C)C)C,tg,128.0,147.12273682526353,112.8641403871754,134.70231772781415
*Oc1ccc(cc1)C(c1ccc(cc1)OCC(CN(S(=O)(=O)c1ccc(cc1)c1ccc(cc1)S(=O)(=O)N(CC(C*)O)C)C)O)(C)C,tg,101.0,103.44571729263768,112.36913020432984,106.68089151651763
*Oc1ccc(cc1)Cc1ccc(cc1)OC(=O)CCCCC(=O)*,tg,60.5,72.87205250615638,84.75173619121666,77.17901967511888
*C(C*)c1ccc(cc1)C(C(C(C(C(C(C(F)(F)F)(F)F)(F)F)(F)F)(F)F)(F)F)(F)F,tg,42.0,62.44674206435817,69.549922904157,65.02199301238556
*c1cc2c(C(=O)N(C2=O)c2c(ccc(c2)N2C(=O)c3c(C2=O)cc(cc3)C(=O)Oc2ccc(cc2)C(c2ccc(cc2)OC(=O)*)(C)C)O)cc1,tg,225.0,255.0621000574813,234.3487133165926,247.55248288112315
*c1cc2c(C(=O)N(C2=O)c2ccc(cc2)NC(=O)c2cc(ccc2)C(=O)Nc2ccc(cc2)N2C(=O)c3c(C2=O)cc(cc3)C(=O)*)cc1,tg,247.0,279.66417145308486,263.59728883745237,273.83913959469226
*Oc1c(cc(cc1)C(c1cc(c(cc1)OC(=O)*)Cl)(C)C)C,tg,138.0,138.31639553667137,151.31825624960234,143.030206839277
*Oc1ccc(cc1)C1(c2ccccc2c2ccccc12)c1ccc(cc1)OC(=O)c1ccc(cc1)C(=O)*,tg,285.0,308.2577120392795,326.6072359134815,314.910313151182
*Oc1ccc(cc1)C(c1ccc(cc1)OCC(COC(=O)CCCCC(=O)OCC(C*)O)O)(C)C,tg,37.33,31.52614446943031,39.86083298231264,34.54787726469462
*c1sc(cc1)c1sc(cc1)c1sc(cc1)[Si](*)(C)C,tg,45.0,61.95706197592224,47.82023156339862,56.83176856962557
*OC(=O)CCCCC(=O)OCC(C*)CCCCCCOc1ccc(cc1)N=Nc1ccc(cc1)C,tg,29.0,15.819823419973972,6.116171194936403,12.30177423110329
*Oc1c(cc(cc1)OC(=O)c1cc(ccc1)Sc1ccc(cc1)OC(=O)c1ccc(cc1)C(=O)Oc1ccc(cc1)Sc1cc(ccc1)C(=O)*)C,tg,106.5,137.2392207584647,121.95877353088368,131.6993102456099
*NNC(=O)c1cc(cc(c1)NC(=O)c1cc2c(C(=O)N(C2=O)c2ncc(cc2)C)cc1)C(=O)NNC(=O)C(=O)*,tg,146.4,128.84786153695651,131.66724116421634,129.87002473703572
*Oc1ccc(cc1)C(=O)OC(=O)c1ccc(cc1)OCOC*,tg,57.0,73.58319248896741,99.30916628862396,82.91011797639025
*Oc1c(cc(cc1C)*)C(CCCCCCCC)C,tg,20.0,54.77341353234923,75.30628800778125,62.217586171501864
*N1C(=O)c2c(C1=O)cc(cc2)Oc1cc2c(C(=O)N(C2=O)c2cc(ccc2)C(c2cc(ccc2)*)O[Si](O[Si](O[Si](C)(C)C)(C)C)(C)C)cc1,tg,219.0,204.82545681109968,210.95479446298197,207.04764190743703
*c1nc(c(nc1c1ccc(cc1)NC1C(=O)N(C(=O)C1)c1ccc(cc1)c1sc(c(c1c1ccccc1)c1ccccc1)c1ccc(cc1)N1C(=O)C(CC1=O)Nc1ccc(cc1)*)C#N)C#N,tg,231.0,221.81587887249236,215.18315788414145,219.41119266240068
*c1cc2c(C(=O)N(C2=O)c2ccc(cc2)Oc2ccc(cc2)N2C(=O)c3c(C2=O)cc(cc3)C(=O)c2ccc(cc2)Oc2ccc(cc2)c2ccc(cc2)Oc2ccc(cc2)C(=O)*)cc1,tg,233.0,232.14680560931507,237.5848566708188,234.1183654593886
*c1cc2c(C(=O)N(C2=O)c2ccc(cc2)Oc2ccc(cc2)C2(c3c(C(=O)N2)cccc3)c2ccc(cc2)Oc2ccc(cc2)N2C(=O)c3c(C2=O)cc(cc3)C(=O)Nc2ccc(cc2)Oc2cc(ccc2)Oc2ccc(cc2)NC(=O)*)cc1,tg,288.0,271.08170810712585,280.53419954112644,274.5086992081043
*C(C*)c1cc(c(cc1)Cl)Cl,tg,128.0,128.76606108795238,131.34468620210745,129.70093898555962
*N1C(=O)N(C(=O)C1=O)c1c(ccc(c1)N1C(=O)N(C(=O)C1=O)c1ccc(cc1)CCc1c(cccc1)*)C,tg,255.0,219.51980983172788,213.56625837478944,217.36135584056572
*C(C(CC*)(F)F)(F)F,tg,-108.0,4.715207602665335,-6.7567365364906085,0.5560659890167577
*c1sc(cc1CCCC)*,tg,53.58,36.62518280672224,53.93963861917336,42.902521051549456
*c1n(nc(c1)c1ccc(cc1)Oc1ccc(cc1)C(=O)c1ccc(cc1)C(=O)c1ccc(cc1)Oc1ccc(cc1)*)c1ccccc1,tg,205.0,221.1554188865424,224.9880638358811,222.54494039272956
*c1cc2c(C(=O)N(C2=O)c2ccc(cc2)OCCOc2ccc(cc2)N2C(=O)c3c(C2=O)cc(cc3)C(*)(C(F)(F)F)C(F)(F)F)cc1,tg,254.0,229.96119141954657,233.66990628138308,231.30578219927088
*c1oc(cc1)C(c1oc(cc1)CNC(=O)OCc1oc(cc1)COC(=O)NC*)(C)C,tg,44.8,53.82522108794222,55.930418407770986,54.58845822295895
*N1C(=O)c2c(C1=O)cc(cc2)c1cc2c(C(=O)N(C2=O)CCCCCCOC(=O)CCCCCCCCCCN2C(=O)c3c(C2=O)cc(cc3)c2ccc(cc2)c2cc3c(C(=O)N(C3=O)CCCCCCCCCCC(=O)OCCCCCC*)cc2)cc1,tg,45.0,78.41181376735909,33.73289315599451,62.21351679924818
*Nc1ccc(cc1)NC(=O)c1cc(cc(c1)S(=O)(=O)c1ccccc1)C(=O)*,tg,308.0,290.0602245195999,297.48044189931676,292.7504167408959
*O[Si](O[Si](c1ccc(cc1)[Si](*)(C)C)(C)C)(C=C)C=C,tg,-71.0,-19.04355234262974,4.051049605575571,-10.67062802846921
*C(C*)(C(=O)Nc1ccc(cc1)C(=O)C=Cc1ccc(cc1)OC)C,tg,35.0,130.53454116684227,157.65824885249296,140.36821364496942
*C(C(*)(F)F)(C(F)(F)F)F,tg,158.5,21.98789590379076,40.367199003886576,28.65129344358153
*Nc1ccc(cc1)NC(=O)Cc1c(cc(c(c1)C)CC(=O)*)C,tg,175.0,199.80022496642871,196.82498033984157,198.7215530702689
*Oc1ccc(cc1)CC(NC(=O)Cc1ccc(cc1)OC(=O)CCC(=O)*)C(=O)OCCCCCCCC,tg,51.0,55.00316434559298,47.96254132564581,52.45059367116596
*c1cc2c(C(=O)N(C2=O)c2ccc(cc2)Oc2cc(ccc2)Oc2ccc(cc2)N2C(=O)c3c(C2=O)cc(cc3)C(*)(C(F)(F)F)C(F)(F)F)cc1,tg,247.67,241.36949449771885,234.12176398991073,238.74183721540638
*c1cc2c(C(=O)N(C2=O)c2ccc(cc2)N(c2ccc(cc2)N2C(=O)c3c(C2=O)cc(cc3)C(=O)*)c2ccccc2)cc1,tg,270.0,315.2642345961549,294.97167870550066,307.9071892141052
*N1C(=O)c2c(C1=O)cc(cc2)C(=O)Oc1cc2c(cc1)cc(cc2)OC(=O)c1cc2c(C(=O)N(C2=O)CC(CCC*)C)cc1,tg,130.0,139.80173539275242,139.4149400395994,139.66150313309788
*OCc1ccc(cc1)C*,tg,217.0,58.85006002807779,41.200769858405266,52.45132792952309
*c1cc2c(C(=O)N(C2=O)c2cc(ccc2)Cc2ccc(cc2)Cc2ccc(cc2)N2C(=O)c3c(C2=O)cc(cc3)C(=O)*)cc1,tg,317.0,267.9854559102277,260.5439085832695,265.28753053837664
*OC(=O)CC(CC*)C,tg,-71.5,-10.367950431756514,-10.88523519622915,-10.555491494014758
*C(C*)C(=O)OCCCCCC,tg,-57.0,-63.60018719539048,-56.189260272463535,-60.913363219701054
*OC(=O)Nc1ccc(cc1)Cc1ccc(cc1)NC(=O)OCCCCCCC*,tg,84.0,73.9204678814074,67.1404760940064,71.46238879375507
*C(C*)c1c(cccc1)COCCCCCCCC,tg,13.0,20.28714297864643,26.714237080349992,22.61727937130824
*OC(COC(=O)*)C,tg,31.72,-5.924320828960618,21.407825747730836,3.984920955912987
*N1C(=O)c2c(C1=O)c(ccc2)Oc1c(c(cc(c1)C(C)(C)C)C(C)(C)C)Oc1c2c(C(=O)N(C2=O)c2ccc(cc2)Oc2ccc(cc2)c2ccc(cc2)Oc2ccc(cc2)*)ccc1,tg,237.0,239.27949737533223,263.27020813172635,247.97730502132265
*c1nc2c(c(c1)c1ccccc1)cc(cc2)C1(c2ccccc2C(=O)c2ccccc12)c1cc2c(nc(cc2c2ccccc2)c2ccc(cc2)c2ccc(cc2)*)cc1,tg,350.0,388.3192358448634,398.8607433965138,392.1410486254028
*OC(=O)Nc1c(ccc(c1)NC(=O)OCCN(CC*)c1ccc(cc1)N=Nc1ccc(cc1)[N+](=O)[O-])C,tg,144.0,139.2479036096216,130.5083749501654,136.07939643330502
*NC(=O)CCCCC*,tg,48.52,49.30250860061161,47.73486863048623,48.734162332892865
*OCC(C*)(CSC)CSC,tg,-6.0,-29.033363716260123,-23.164295809536025,-26.905539149814707
*N1C(=O)c2c(C1=O)c(ccc2)Oc1ccc(cc1)Oc1c2c(C(=O)N(C2=O)c2ccc(cc2)Oc2cc(ccc2)Oc2ccc(cc2)*)ccc1,tg,214.0,213.40238930989145,215.71093104077292,214.23934875314586
*Oc1cc(ccc1)NC(=O)c1ccc(cc1)[Si](c1ccc(cc1)C(=O)*)(C)C,tg,220.0,210.6031599789513,227.61192872042272,216.76967168886486
*Oc1cc(ccc1)NC(=O)c1cc(cc(c1)C(C(C(C(F)(F)F)(F)F)(F)F)(F)F)C(=O)Nc1ccc(cc1)*,tg,230.0,231.64555291816373,217.10335370230084,226.3732934668452
*c1cc2c(C(=O)N(C2=O)c2ccc(cc2)C(=O)c2ccc(cc2)Cc2cc(ccc2)N2C(=O)c3c(C2=O)cc(cc3)C(=O)*)cc1,tg,254.0,281.4734796669556,275.8735517244762,279.4432315192591
*C(C*)c1ccc(cc1)COc1ccc(cc1)c1ccc(cc1)C#N,tg,124.0,124.09027349615924,142.49525133716185,130.76297938700455
*C(C*)C(=O)NC(CC(=O)C)(C)C,tg,86.0,86.91739075748167,89.33207454975002,87.79283189652517
*C1OC(C(C(C1O)O)O*)CO,tg,144.0,180.3568152646469,172.38334913002532,177.46604327314714
*C(C*)C(=O)Oc1ccc(cc1)C(=O)c1ccc(cc1)Cl,tg,78.0,114.74991595921011,73.77477154634451,99.89441926348195
*N1C(=O)c2c(C1=O)c(ccc2)c1cc2c(C(=O)N(C2=O)c2ccc(cc2)OCCCCCOc2ccc(cc2)*)cc1,tg,208.0,180.4581579447364,186.57198079567922,182.67471816586234
*c1cncc(c1)C(=O)NNC(=O)c1ccc(cc1)[Si](c1ccc(cc1)C(=O)NNC(=O)*)(c1ccccc1)c1ccccc1,tg,234.0,244.00718048734493,209.52274722922124,231.50488448178734
*c1cc2c(C(=O)N(C2=O)c2ccc(cc2)C(=O)OCCCCCCCCOC(=O)*)cc1,tg,65.0,70.85289319000151,70.01367450460945,70.54863531400193
*OC(=O)c1cc2c(cc1)cc(cc2)C(=O)OCCCCCCCCCCC*,tg,39.0,32.06136055716911,48.40578056301768,37.987013312507294
*C1CC2CC(CC(C1)O2)OC(=O)Oc1ccc(cc1)C(c1ccc(cc1)OC(=O)O*)(C)C,tg,194.0,168.5916722093178,146.04786336175025,160.41843737041842
*C1C(CC(C1)C=C*)(CCC)C#N,tg,108.0,128.0067978440413,132.7352264456966,129.72108479712944
*N1C(=O)c2c(C1=O)c(ccc2)c1cc2c(C(=O)N(C2=O)c2cc(ccc2)C(=O)Nc2ccc(cc2)Oc2ccc(cc2)c2ccc(cc2)Oc2ccc(cc2)NC(=O)c2cc(ccc2)*)cc1,tg,275.0,274.6363171185838,268.0536025437219,272.24976068255387
*N(CCCNC(=O)CCCCC(=O)NCCC*)C,tg,5.0,28.475095839683338,17.76204610525671,24.59109061623924
*C(CCCCC*)CC,tg,-73.0,-65.34807633380325,-49.79777123756391,-59.7103291266887
*Oc1ccc(cc1)S(=O)(=O)c1ccc(cc1)Oc1ccc(cc1)c1ccc(cc1)c1ccc(cc1)*,tg,251.0,227.1067407323594,262.0970201005914,239.79243072773545
*N1C(=O)c2c(C1=O)cc(cc2)Oc1cc2c(C(=O)N(C2=O)c2ccc(cc2)Sc2cc3c(C(=O)N(C3=O)CCc3ccccc3)cc2Sc2ccc(cc2)*)cc1,tg,218.0,253.31202528726945,242.0960440061472,249.24568274599108
*Oc1ccc(cc1)NC(=O)c1ccc(cc1)[Si](c1ccc(cc1)C(=O)*)(c1ccccc1)c1ccccc1,tg,235.0,237.96005520538395,216.54790144254403,230.19710075994664
*Oc1ccc(cc1)OC(=O)Oc1ccc(cc1)C(=O)*,tg,74.0,126.21518370631009,197.26793264169294,151.97528515699747
*OC(=O)c1ccc(cc1)C(=O)OCC1CC(CCC1)C*,tg,75.0,78.1095669930615,111.8928743939063,90.35767053620461
*Oc1ccc(cc1)Oc1ccc(cc1)NC(=O)c1cc(cc(c1)NC(=O)c1ccc(cc1)OC(=O)C)C(=O)Nc1ccc(cc1)*,tg,251.0,253.63796570475276,256.5889509366488,254.7078423821809
*N1C(=O)c2c(C1=O)cc(cc2)C(c1cc2c(C(=O)N(C2=O)CCN(CC*)c2ccc(cc2)C=Cc2ccc(cc2)[N+](=O)[O-])cc1)(C(F)(F)F)C(F)(F)F,tg,219.0,186.17732448549063,179.56167106974988,183.7788261063913
*Nc1c(ccc(c1)NC(=O)C(=O)*)C,tg,-54.65,201.000661186089,216.75038761185496,206.71070839224666
*C(C*)c1ccc(cc1)COCCC(C(C(C(C(C(C(C(F)(F)F)(F)F)(F)F)(F)F)(F)F)(F)F)(F)F)(F)F,tg,53.33,37.298872383420274,35.7455983015938,36.73573445381024
*Oc1ccc(cc1)C(c1ccc(cc1)OCC(CN(CC(C*)O)CCO)O)(C)C,tg,79.0,46.82478168338781,49.69818495093506,47.86653109899549
*OC(=O)c1ccc(cc1)c1ccc(cc1)C(=O)OCCCCCC*,tg,52.0,45.143263704208984,51.52634057707923,47.45744169558001
*NC(=O)c1cc(ccc1)C(=O)NCCCC1(c2ccccc2c2ccccc12)CCC*,tg,175.0,155.26915724549517,153.85486423789365,154.75640676218953
*Oc1ccc(cc1)N=C(c1ccc(cc1)Oc1ccc(cc1)C(c1ccc(cc1)Oc1ccc(cc1)C(=Nc1ccc(cc1)*)c1ccccc1)(c1ccccc1)c1ccccc1)c1ccccc1,tg,177.0,184.21556778633885,194.42146497986096,187.91570537481567
*c1oc(nn1)c1ccc(cc1)Oc1ccc(cc1)c1c(cc(c(c1)OCCCCCC)c1ccc(cc1)Oc1ccc(cc1)*)OCCCCCC,tg,103.0,118.7812465229602,142.5072460282166,127.38308337560879
*c1cc2c(C(=O)N(C2=O)c2ccc(cc2)Oc2ccc(cc2)N2C(=O)c3c(C2=O)cc(cc3)C(=O)Oc2c(cc(cc2)OC(=O)*)C(C)(C)C)cc1,tg,189.0,205.3566544375225,194.99870386814266,201.60139005315528
*N1C(=O)C(CC1=O)(SCCOCCSC1(C(=O)N(C(=O)C1)CCCCCCN1C(=O)C(C(C1=O)C)SCCOCCSC1C(=O)N(C(=O)C1C)CCCCCC*)C)C,tg,78.0,70.13923499297347,19.828353396123067,51.89907633018883
*C(C*)c1ccc(cc1)CCCCCCCCCCCC,tg,-52.0,-28.849663818912287,-28.73469421013623,-28.807981704846437
*N1CCN(CC1)C(=O)c1cc(ccc1)C(=O)*,tg,214.5,162.93680997470972,187.6508249146357,171.8968508126127
*c1cc2c(oc(n2)c2ccc(cc2)Oc2ccc(cc2)C(c2ccc(cc2)Oc2ccc(cc2)c2oc3c(n2)cc(cc3)C(*)(C(F)(F)F)C(F)(F)F)(C(F)(F)F)C(F)(F)F)cc1,tg,230.67,289.6229260647745,290.74965825004654,290.0314216660743
*Oc1ccc(cc1)NC(=O)c1cc(cc(c1)NC(=O)c1ccc(cc1)OC(=O)C)C(=O)Nc1ccc(cc1)Oc1ccc(cc1)C(c1ccc(cc1)*)(C)C,tg,243.0,228.19025347805288,218.32035588838863,224.6119322022798
*c1cc2c(C(=O)N(C2=O)c2ccc(cc2)C(=O)c2ccc(cc2)Cc2ccc(cc2)C(=O)c2ccc(cc2)N2C(=O)c3c(C2=O)cc(cc3)C(=O)*)cc1,tg,285.5,275.52809502146164,297.00181500452334,283.31337023706783
*c1c(nc2c(n1)cc(cc2)Oc1ccc(cc1)NC(=O)c1cc(cc(c1)N1C(=O)c2c(C1=O)c(c(c(c2Cl)Cl)Cl)Cl)C(=O)Nc1ccc(cc1)Oc1cc2c(nc(c(n2)c2ccc(cc2)Oc2ccc(cc2)*)c2ccccc2)cc1)c1ccccc1,tg,295.0,298.5056119624704,312.49415117127734,303.57714254453833
*OC(=O)Nc1c(ccc(c1)NC(=O)OCCN(CC*)c1ccc(cc1)N=Nc1c(cc(cc1)[N+](=O)[O-])C)C,tg,137.0,142.90375046046938,143.41252564511066,143.08820638326375
*N1C(=O)c2c(C1=O)cc(cc2)c1cc2c(C(=O)N(C2=O)c2ccc(cc2)c2ccc(cc2)NC(=O)c2cc(ccc2)C(=O)Nc2ccc(cc2)c2ccc(cc2)*)cc1,tg,230.0,268.1964327883666,275.21158209334226,270.73976799348634
*Nc1ccc(cc1)c1ccc(cc1)NC(=O)c1ccc(cc1)NC(=O)c1ccc(cc1)[Si](c1ccc(cc1)C(=O)Nc1ccc(cc1)C(=O)*)(C)C,tg,320.0,296.04971344208565,346.4443765349214,314.32024700054444
*Nc1c(cc(cc1)NC(=O)c1ccc(cc1)NC(=O)CCCCCCCCCCCCC(=O)Nc1ccc(cc1)C(=O)*)C(=O)OCCCCCCCCCCCCCCCCCC,tg,191.0,252.65347728160563,232.21525513607975,245.243620747846
*N1C(=O)c2c(C1=O)cc(cc2)c1cc2c(C(=O)N(C2=O)c2ccc(cc2)C2(c3ccccc3c3ccccc23)c2ccc(cc2)*)cc1,tg,388.0,371.4690068895747,385.1277877832223,376.4209839317727
*N1C(=O)c2c(C1=O)cc(cc2)c1cc2c(C(=O)N(C2=O)c2cc(ccc2)Oc2c(ccc(c2)Oc2cc(ccc2)*)P(=O)(c2ccccc2)c2ccccc2)cc1,tg,234.0,220.53176510189124,220.25316855294258,220.4307602080306
*C(C*)c1cc(c(cc1)C)C,tg,106.0,106.42581231433196,112.72828072139829,108.71076578887562
*C(C*)(CC(=O)OCC1CCCCC1)C(=O)OCC1CCCCC1,tg,83.0,70.1501556627238,69.6082505702698,69.95368852573867
*O[Si](c1c2ccc3ccc(c4ccc(cc1)c2c34)[Si](*)(C)C)(C)C,tg,65.0,110.69003033288078,91.41764612515526,103.702847151001
*OC(=O)CCCCCCCCC(=O)OCC#CC(=Cc1ccc(cc1)C#Cc1ccc(cc1)C=C(C#Cc1ccccc1)C#Cc1ccccc1)C#CC*,tg,60.0,60.6978909252883,22.654758443353728,46.90539215613011
*O[Si](*)(CCCOc1ccc(cc1)C(=O)Oc1ccc(cc1)c1ccc(cc1)OC(=O)c1cc(c(c(c1)OCCCCC)OCCCCC)OCCCCC)C,tg,48.67,35.359466999492895,57.328804256418785,43.32442775079964
*C1C(=O)N(C(=O)C1C(C*)OC)c1ccc(cc1)N(C)C,tg,221.0,202.69534787986265,191.7020919731242,198.70975419525396
*Oc1ccc(cc1)NC(=O)NC1CC(CC(C1)(CNC(=O)Nc1ccc(cc1)*)C)(C)C,tg,274.0,195.8122538015498,195.31803546264013,195.6330754482861
*[Si](CCC*)(O[Si](CCCOc1ccc(cc1)C#N)(C)C)C,tg,-45.5,-17.32467721242358,-28.70936305993471,-21.452183421687902
*N(c1ccc(cc1)C(=O)c1ccc(cc1)N(CCCCCCCC*)C)C,tg,50.0,71.26675971716345,43.92252332406018,61.35313478171574
*C(CC(C*)c1ccc(cc1)Cl)(C#N)C#N,tg,150.0,139.3289451337261,110.62939551032629,128.9239527729076
*c1n(c(nn1)c1ccc(cc1)Oc1ccc(cc1)C(c1ccc(cc1)Oc1ccc(cc1)*)(C(F)(F)F)C(F)(F)F)c1ccc(cc1)S(=O)(=O)C,tg,226.0,213.81401360402523,211.0736742945341,212.82050639030723
*Oc1c(cc(c(c1)OC(=O)c1ccc(cc1)OCCCCC)OC(=O)CCCC(=O)*)OC(=O)c1ccc(cc1)OCCCCC,tg,44.0,51.36874260835358,53.52285122738411,52.14971248486731
*c1cc2c(C(=O)N(C2=O)c2cc(cc(c2)C(F)(F)F)Oc2c(cc(cc2C)c2cc(c(c(c2)C)Oc2cc(cc(c2)C(F)(F)F)N2C(=O)c3c(C2=O)cc(cc3)C(=O)*)C)C)cc1,tg,265.4,266.6362950619498,286.10357274068735,273.69413667239957
*OP(=O)(OCCOc1ccc(cc1)S(=O)(=O)c1ccc(cc1)OCC*)Oc1ccc(cc1)OC,tg,52.0,54.36894882889038,60.00810914303684,56.41342063280624
*OP(=O)(Oc1ccc(cc1)c1ccc(cc1)*)Oc1ccccc1,tg,112.0,99.17553447365434,125.33604667156163,108.66000141289825
*Oc1ccc(cc1)OCc1ccc(cc1)COc1ccc(cc1)OCCCCCCCCCCCC*,tg,24.0,37.98545797830294,26.9750157337166,33.99363340448641
*C(C*)[Si](C)(C)C,tg,147.0,23.31999889989003,22.276483022194505,22.941673285784855
*C1C(=O)N(C(=O)C1*)CCCCCCOc1ccc(cc1)c1ccc(cc1)C#N,tg,76.0,84.61084726353464,55.60252950166959,74.093911329937
*c1nc2c(nc1)ccc(c2)c1ccc2c(nc(cn2)c2ccc(cc2)Oc2ccc(cc2)Oc2ccc(cc2)Oc2ccc(cc2)*)c1,tg,216.0,234.73842017123263,254.34882947629927,241.84815400640673
*Nc1cc(ccc1)NC(=O)CCCCC(=O)Nc1cc(ccc1)NC(=S)NC(=O)c1ccc(cc1)C(=O)NC(=S)*,tg,241.0,243.11499203305524,246.5588357878555,244.3635540638452
*Oc1ccc(cc1)C1(CC2C(CC1)CCCC2)c1ccc(cc1)Oc1ccc(cc1)C(=O)c1cc(ccc1)C(=O)c1ccc(cc1)*,tg,194.0,213.685374881529,209.20453695945622,212.06085167607702
*C(C*)(C(=O)OCc1c(ccc(c1)F)F)C,tg,50.0,82.02187560045608,81.2113057284572,81.72800432244894
*C(C*)C(=O)OC([2H])([2H])[2H],tg,25.75,44.31598377739953,28.13527462998685,38.449684226336714
*C(C*)OCCCCCC,tg,-75.5,-65.44132613351591,-69.20422065906861,-66.8055596949032
*Oc1ccc(cc1)C=Cc1c(cc(c(c1)OCCCCCCCC)C=Cc1ccc(cc1)OCCCCCCCC*)OCCCCCCCC,tg,130.0,51.39348340038936,57.07795882700726,53.45438415198148
*N1C(=O)c2c(C1=O)cc(cc2)S(=O)(=O)c1cc2c(C(=O)N(C2=O)c2cc(ccc2)c2cc(cc(c2)C(=O)Nc2ccc(cc2)OC(=O)c2cc(c(c(c2)OCCCCCCCCCCCC)OCCCCCCCCCCCC)OCCCCCCCCCCCC)c2cc(ccc2)*)cc1,tg,268.0,189.3906282590175,223.99420541268617,201.9361197620394
*OC(=O)C1CCC(CC1)C(=O)OCCOCC*,tg,-10.15,0.3085222922312762,-8.253497852521523,-2.7956293536430095
*C(C*)(C(=O)Oc1cc(c(cc1)[N+](=O)[O-])C)C,tg,101.0,107.49183342278737,107.34303997579808,107.43788851077382
*O[Si](O[Si](O[Si](OC(CCC(*)C)C)(C)C)(C)C)(C)C,tg,-90.0,-93.86092732668853,-103.02562875183388,-97.18358045432058
*c1oc(cc1)COC(=O)NCCCCCCNC(=O)OC*,tg,33.0,37.94534714256088,45.89539093411184,40.82762738753782
*Oc1c(cc(cc1)OCCCCCC(=O)NNC(=O)c1ccc(cc1)C(=O)NNC(=O)CCCCC*)C,tg,110.5,116.54856221917645,113.70394106197229,115.51724772823408
*c1cc2C(c3c(c2cc1)ccc(c3)C(=Cc1cc(cc(c1)N(c1ccccc1)c1ccccc1)C=C(*)C#N)C#N)(CCCCCCCC)CCCCCCCC,tg,136.0,137.93958976179627,128.52801326798084,134.52743233053246
*N1CCN(CC1)C(=O)CCC1(c2ccccc2c2ccccc12)CCC(=O)*,tg,145.0,156.94485076191924,159.89450727235703,158.01424571274177
*Nc1ccc(cc1)NC(=O)CCCC(=O)*,tg,135.0,154.44474015857998,164.71388642349007,158.1678086331946
*c1cc2C(c3c(c2cc1)ccc(c3)c1c(cc(c(c1)CCCCCCCC)*)CCCCCCCC)(CCCCCC)CCCCCC,tg,74.5,73.33914820405515,85.2122818797466,77.64374067382062
*NC(=O)CC(=O)NCCCCCC*,tg,50.0,73.85337918766034,59.95358461000808,68.81402288084574
*c1cc2c(C(=O)N(C2=O)c2c(cccc2)Oc2ccc(cc2)N2C(=O)c3c(C2=O)cc(cc3)C(=O)*)cc1,tg,286.0,265.4750795761036,247.7533057705488,259.0500686094992
*c1cc2c(C(=O)N(C2=O)c2ccc(cc2)c2sc(c(c2c2ccccc2)c2ccccc2)c2ccc(cc2)N2C(=O)c3c(C2=O)cc(cc3)C(=O)Nc2ccc(cc2)NC(=O)*)cc1,tg,333.0,292.11734732562104,298.8519869373205,294.558984028361
*N1C(=O)c2c(C1=O)cc(cc2)c1cc2c(C(=O)N(C2=O)c2ccc(cc2)C(c2ccc(cc2)*)c2ccccc2)cc1,tg,315.0,300.7101323310001,317.8819613461514,306.9357613763512
*c1c(nc2c(c1c1ccccc1)cc(cc2)c1cc2c(nc(c(c2c2ccccc2)c2ccc(cc2)Oc2ccc(cc2)*)c2ccccc2)cc1)c1ccccc1,tg,307.5,317.3217250458761,303.90948895541715,312.4591325698975
*C1OC(=O)C(C1)CCC1C(=O)OC(C1)CCCCCC*,tg,37.9,50.803090573721896,114.94660598454307,74.05825647714339
*Oc1ccc(cc1)C(c1ccc(cc1)OC(=O)SCCCCCCSC(=O)*)(C)C,tg,58.0,46.32480434575805,58.882711388833755,50.87766069945275
*c1nc2c(cc1)cccc2OC(=O)c1ccc(cc1)C(=O)Oc1c(c2c(cc1)cccc2)C=C*,tg,175.0,187.9574804133803,149.3404217748393,173.95690530318103
*Oc1ccc(cc1)C1(c2ccccc2c2ccccc12)c1ccc(cc1)OCCOC(=O)C1CCC(CC1)C(=O)OCC*,tg,148.0,107.61017331348847,138.05929291201278,118.64947047925229
*Oc1ccc(cc1)C(c1ccc(cc1)OC(=O)OC1C(C(C1(C)C)OC(=O)*)(C)C)(C(F)(F)F)C(F)(F)F,tg,142.0,124.9900000062559,144.99034067196138,132.24110305739086
*C(C*)c1c(cccc1)C(=O)Nc1ccccc1,tg,191.0,184.4879225905474,223.4911117045516,198.62848890967487
*C(=C*)C([Si](CCCCCC)(C)C)CCC,tg,40.0,62.98339121218611,49.77666277093493,58.19530532422559
*N1C(=O)c2c(C1=O)cc(cc2)Oc1c(cccc1)Oc1cc2c(C(=O)N(C2=O)c2ccc(cc2)Oc2ccc(cc2)c2ccc(cc2)Oc2ccc(cc2)*)cc1,tg,204.0,212.58591323340545,212.33963118805067,212.49662392977007
*OC(=O)c1cc2c(cc1)cc(cc2)C(=O)OCC*,tg,121.43,108.38553305377376,112.36788796714961,109.82933175429272
*OC(=O)C*,tg,55.86,1.197897545706952,26.39245066470882,10.332157008918571
*C1(c2c(C(=O)N1)cccc2)c1ccc(cc1)Oc1ccc(cc1)NC(=O)c1cc2c(C(=O)N(C2=O)c2ccc(cc2)Sc2ccc(cc2)N2C(=O)c3c(C2=O)cc(cc3)C(=O)Nc2ccc(cc2)Oc2ccc(cc2)*)cc1,tg,298.0,278.59279580536537,241.21540732325025,265.0416618423899
*Oc1ccc(cc1)P(=O)(c1ccc(cc1)Oc1ccc(cc1)C(c1ccc(cc1)*)(C(F)(F)F)C(F)(F)F)c1ccccc1,tg,210.5,206.57745271125643,219.07672977220668,211.10905282490086
*OCC(C*)(CC)C,tg,-47.0,-37.254148592544034,-29.418810752615396,-34.41345487300155
*N1C(=O)c2c(C1=O)cc(cc2)Oc1cc2c(C(=O)N(C2=O)c2c(cccc2)Oc2ccc(cc2)*)cc1,tg,264.0,249.6302660380492,249.57197713220847,249.6091334548571
*N1C(=O)c2c(C1=O)cc(cc2)Oc1ccc(cc1)C(c1ccc(cc1)Oc1cc2c(C(=O)N(C2=O)c2ccc(cc2)Oc2ccc(cc2)c2ccc(cc2)Oc2ccc(cc2)*)cc1)(C)C,tg,220.0,221.67103674381687,237.94720294181593,227.5719441509322
*Oc1ccc(cc1)OC(=O)c1ccc(cc1)OC(=O)c1ccc(cc1)C(=O)Oc1ccc(cc1)C(=O)*,tg,283.0,125.9449001797168,194.4635951795223,150.78628296800096
*C(C*)c1ccc(cc1)COc1ccc(cc1)c1c2c(nsn2)c(cc1)c1ccc(cc1)C,tg,117.0,209.5620439237206,116.53103903830008,175.83374825866127
*c1nc2c([nH]1)cc(cc2)c1cc2c(nc([nH]2)c2ccc(cc2)C(c2ccc(cc2)*)(C(F)(F)F)C(F)(F)F)cc1,tg,269.0,368.9594767377013,348.6863021157436,361.6094580147936
*N1C(=O)c2c(C1=O)c(ccc2)c1cc2c(C(=O)N(C2=O)c2ccc(cc2)OCCCOc2ccc(cc2)*)cc1,tg,237.5,235.3441295023723,234.51588483772932,235.04385024637062
*c1ccc(cc1)C(C(*)Cl)(Cl)Cl,tg,160.0,139.79710740522606,204.85863908246333,163.38509916704982
*C1C2C3C(C=CC3)C(C1*)C2,tg,103.55,244.2809973458475,218.14105828250734,234.80398917549786
*OC1C(C(C1(C)C)OC(=O)*)(C)C,tg,160.0,97.02700138599096,114.58106759506268,103.39121013502907
*c1c(cc(c(c1)OC)C=C*)OCCCCCCCCCCCC,tg,36.0,27.50676593288553,33.6748651185998,29.743003983666664
*c1cc2c(C(=O)N(C2=O)c2ccc(cc2)Oc2ccc(cc2)C2(C3C4C(CCC4)C(C2)C3)c2ccc(cc2)Oc2ccc(cc2)N2C(=O)c3c(C2=O)cc(cc3)C(=O)Nc2ccc(cc2)Oc2c(cc(cc2)Oc2ccc(cc2)NC(=O)*)C(C)(C)C)cc1,tg,275.0,261.1459944529167,282.9612850421566,269.0551057424195
*[Si](CCC*)(c1ccccc1)C,tg,-1.5,-9.930715336363718,-10.292756399399536,-10.061972953456042
*Oc1c(cccc1)S(=O)(=O)c1ccc(cc1)*,tg,221.0,177.98777815914312,200.895014540641,186.29277327873953
*OP(=O)(OCCOc1ccc(cc1)S(=O)(=O)c1ccc(cc1)OCC*)Oc1ccc(cc1)C,tg,46.0,39.06669264283817,46.09065853706341,41.61322429337234
*Oc1c(cc(c(c1)C(c1ccccc1)(C)C)OC(=O)c1cc(ccc1)C(=O)*)C(c1ccccc1)(C)C,tg,180.0,172.3176008110133,166.37739220800356,170.16398425789535
*OC(=O)c1ccc(cc1)C(=O)OCCCCCCCCC*,tg,22.0,10.114360925456149,14.722123890606968,11.784900675451617
*OC(=O)OCCCCC*,tg,-40.0,-36.977353033272486,-39.644966041437115,-37.9444934008322
*OP(=O)(OCCOc1ccc(cc1)S(=O)(=O)c1ccc(cc1)OCC*)Oc1ccc(cc1)[N+](=O)[O-],tg,56.0,63.7742609371545,59.15440169318102,62.099335693644484
*C1(c2c(Oc3c1cccc3)cccc2)c1ccc(cc1)OC(=O)c1ccc(cc1)C(=O)Oc1ccc(cc1)*,tg,252.0,255.1845145745181,251.02008818606473,253.67470604694043
*N(CC*)C(=O)CCCCCCCCCCC,tg,10.0,-2.241679691215316,9.534210910869984,2.027657401678664
*Oc1ccc(cc1)CC(NC(=O)Cc1ccc(cc1)OC(=O)CCCCCCCCC(=O)*)C(=O)OCC,tg,43.0,40.53177030692191,51.11613736040963,44.36912175601385
*C1(CC(c2c1cc(cc2)*)(C)C)C,tg,212.75,177.69754772650228,218.4302915689205,192.4651623433526
*Oc1cc(c(cc1)CCc1ccc(cc1)OCCCCCCCCCCCC*)C,tg,-0.9,9.46984981057388,-0.39100517497395476,5.894806921674006
*C(=C(*)C)CCC,tg,200.0,138.93957853799478,150.6851089558131,143.1979085771365
*Oc1c(cc(cc1)OC(=O)c1c(cc(c(c1)OCCCCCCCCCCCC)C(=O)*)OCCCCCCCCCCCC)c1ccccc1,tg,96.0,86.53630734975451,80.07888407052437,84.19517514480245
*O[Si](*)(CCCCCCCCCCCn1c2ccccc2c2ccccc12)C,tg,-45.0,3.331595504156122,10.91061862404749,6.079362584118921
*N=P(*)(Cl)Cl,tg,-63.5,-13.02198710670558,-6.1074938208061,-10.515144638346584
*OC(COC(COC(=O)c1ccc(cc1)C(=O)*)C)C,tg,37.0,55.02925891930769,31.880090605103554,46.63655162496713
*c1cc2c(C(=O)N(C2=O)c2cc(ccc2)C(=O)c2ccc(cc2)Cc2ccc(cc2)C(=O)c2cc(ccc2)N2C(=O)c3c(C2=O)cc(cc3)C(=O)*)cc1,tg,260.5,237.33330090971376,264.60037598535496,247.21895108843958
*SC(C(=O)*)C,tg,12.0,28.98444784360385,54.947604205781815,38.397363626468206
*N1C(=O)c2c(C1=O)cc(cc2)c1cc2c(C(=O)N(C2=O)c2cc(ccc2)OCCCCOc2cc(ccc2)*)cc1,tg,175.0,160.61634132739516,154.45094442767967,158.3810829876389
*C(C*)(C(=O)OCC1N(CC(C1)NC(=O)OC(C)(C)C)C(=O)OC(C)(C)C)C,tg,127.0,94.67317465459212,77.62322764856968,88.49173380698456
*Oc1cc(ccc1)OCC(COc1ccc(cc1)S(=O)(=O)c1ccc(cc1)OCC(C*)O)O,tg,105.0,93.232578143813,122.30429405376215,103.77249901115216
*Oc1c(cc(cc1)OC(=O)c1ccc(cc1)OCCCCCCCCCCCCOc1ccc(cc1)C(=O)*)C=Cc1ccncc1,tg,91.35,88.14508836474481,93.89365857673621,90.22922661521517
*Oc1ccc(cc1)C(c1ccc(cc1)OCC(C*)O)(c1ccccc1)C,tg,115.0,125.73359349881284,120.55574590504844,123.85637014982083
*SCCCCCCC(=O)NCc1ccc(cc1)CNC(=O)CCCCCC*,tg,65.0,66.63329480475191,71.90660779628608,68.54512903605921
*C(C*)(C(=O)OC)C#N,tg,130.0,116.09185723106629,142.93310753709147,125.82312507511986
*N1C(=O)c2c(C1=O)cc(cc2)C(c1cc2c(C(=O)N(C2=O)CCCCCCCCCC*)cc1)(C(F)(F)F)C(F)(F)F,tg,119.0,121.96919109238632,150.09256636688227,132.16529203234592
*C(C*)(C(=O)Oc1ccc(cc1)C(=O)OC)C,tg,106.0,94.75546347265214,123.49368323659805,105.17447565337217
*Oc1cc(ccc1)Oc1ccc(cc1)NC(=O)c1c(cc(cc1)c1cc(c(cc1)C(=O)Nc1ccc(cc1)*)C)C,tg,213.0,204.91055307089457,171.0881636539281,192.64828038278137
*c1cc2c(C(=O)N(C2=O)c2cc(ccc2)N2C(=O)c3c(C2=O)cc(cc3)C(=O)Nc2ccc(cc2)S(=O)(=O)c2ccc(cc2)NC(=O)*)cc1,tg,342.0,280.39817174034175,278.708871376152,279.7857176211945
*Nc1ccc(cc1)C(c1ccc(cc1)NC(=O)c1cc2c(cc1)cc(cc2)C(=O)*)(P1(=O)c2ccccc2c2ccccc2O1)P1(=O)c2ccccc2c2ccccc2O1,tg,241.0,228.1947949107329,226.35897101484508,227.52921883503916
*Oc1c(cc(cc1C)C(c1cc(c(c(c1)C)OC(=O)c1cc(ccc1)C(=O)*)C)(C)C)C,tg,187.0,174.46739893481512,187.67944845859353,179.25741397580327
*c1nc2c(nc1)ccc(c2)c1ccc2c(nc(cn2)c2ccc(cc2)*)c1,tg,376.0,353.98015202841657,319.4398359892814,341.4575957777626
*OC(=O)c1cc2c(cc1)cc(cc2)C(=O)OCCC*,tg,84.0,86.6329695791611,74.76088866591031,82.32875878734171
*C1(CCN(CC1)C(=O)C(CC(=O)N1CCC(CC1)(CCC*)C)C)C,tg,72.0,89.76552520982926,73.1888779333422,83.75567869505323
*C(C*)c1c(cccc1)C(=O)N(C)C,tg,190.0,143.61778982901046,140.2039156921145,142.38009325253748
*Nc1c2c(ccc1)c(ccc2)NC(=O)c1ccc(cc1)C(=O)*,tg,305.0,301.2737078313915,281.5314269055099,294.116164074975
*C=CC(C*)COCC(=O)OCCCCCCCCOc1ccc(cc1)C=Cc1ccc(cc1)[N+](=O)[O-],tg,19.6,18.39262892706404,-7.977603418195454,8.832128162908466
*Oc1c(cc(cc1c1ccccc1)*)c1cc(ccc1)C,tg,219.0,192.90499880730889,176.0074820826483,186.77882140229676
*N1C(=O)c2c(C1=O)c(ccc2)Oc1c(cc(cc1C)Cc1cc(c(c(c1)C)Oc1c2c(C(=O)N(C2=O)c2c(cc(cc2C)c2cc(c(c(c2)C)*)C)C)ccc1)C)C,tg,276.0,332.1919728612763,319.4499205851689,327.57235484169775
*c1cc2c(oc(n2)C2CCC(CC2)c2oc3c(n2)cc(cc3)C(*)(C(F)(F)F)C(F)(F)F)cc1,tg,271.0,265.0449657393165,285.41262267177683,272.42923892725645
*N1C(=O)N(C(=O)C1=O)c1c(cccc1)CCc1ccc(cc1)N1C(=O)N(C(=O)C1=O)c1ccc(cc1)CCc1ccc(cc1)*,tg,220.0,180.12536337815132,210.2521478423006,191.04779827064584
*C(C*)OC(=O)C(C(C(F)(F)F)(F)F)(F)F,tg,27.0,37.96919928215189,46.94031630826381,41.22166858392088
*C(C*)C(=O)OCC(C(F)C(F)(F)F)(F)F,tg,-22.0,-15.737616242449144,0.5924782711584853,-9.817157179670183
*c1cc2c(C(=O)N(C2=O)c2ccc(cc2)Oc2c3c(ccc2)c(ccc3)Oc2ccc(cc2)N2C(=O)c3c(C2=O)cc(cc3)C(=O)Nc2ccc(cc2)Sc2ccc(cc2)NC(=O)*)cc1,tg,265.0,265.1313370681398,244.62733597505576,257.69763244422455
*C(C*)c1c(ccc(c1)C(=O)Oc1ccc(cc1)OCCCCCCCC)C(=O)Oc1ccc(cc1)OCCCCCCCC,tg,105.0,102.75872893898202,101.12930449999669,102.16798277527394
*O[Si](O[Si](Oc1ccc(cc1)c1ccc(cc1)*)(C)C)(C)C,tg,-4.0,50.52503866755126,70.2712024216701,57.68399013937367
*c1cc2C(c3c(c2cc1)ccc(c3)*)(CC(CCCC)CC)CC(CCCC)CC,tg,27.64,106.75818063590503,142.3781764999903,119.6721737027513
*c1cc2c(C(=O)N(C2=O)c2cc(c(cc2)Oc2ccc(cc2)C(=O)c2nc(ccc2)C(=O)c2ccc(cc2)Oc2c(cc(cc2)N2C(=O)c3c(C2=O)cc(cc3)C(=O)*)C(F)(F)F)C(F)(F)F)cc1,tg,225.2,239.00055932693363,243.28473552104046,240.55378302406572
*c1cc2C(c3c(c2cc1)ccc(c3)c1cc2C(c3c(c2cc1)ccc(c3)*)(CC1=NC(CO1)Cc1ccccc1)CC1=NC(CO1)Cc1ccccc1)(CCCCCC)CCCCCC,tg,114.0,135.16263824095262,98.08086518057223,121.71867934675876
*C=CC(*)(C)C,tg,-10.0,31.100326300522408,25.594462501789984,29.10418101192845
*O[Si](CCC(CC[Si](*)(CCC(F)(F)F)C)(F)F)(CCC(F)(F)F)C,tg,-38.0,-52.70006447881244,5.151788387234532,-31.725934395613315
*N1C(=O)c2c(C1=O)cc(cc2)Oc1cc2c(C(=O)N(C2=O)c2cc(c(cc2)Oc2ccc(cc2)C(=O)c2nc(ccc2)C(=O)c2ccc(cc2)Oc2c(cc(cc2)*)C(F)(F)F)C(F)(F)F)cc1,tg,212.2,207.51708276185752,199.79449008680356,204.7172646865197
*N1C(=O)c2c(C1=O)cc(cc2)C(=O)c1cc2c(C(=O)N(C2=O)CCCCCCCC*)cc1,tg,113.0,127.878627091333,101.17251569424785,118.19635372048972
*NC(=O)C(=CC(=O)NCCCCCCCCCC*)C,tg,74.0,81.51629065725737,96.95695960955268,87.11428939252563
*c1cc2c(C(=O)N(C2=O)c2cc(ccc2)C(c2cc(ccc2)N2C(=O)c3c(C2=O)cc(cc3)C(*)(C(F)(F)F)C(F)(F)F)O)cc1,tg,236.5,283.71917137751547,278.69578260097745,281.89794691472173
*C(C*)CC1CCCC1,tg,60.0,88.44928491591855,93.22884848140666,90.1821107978412
*Oc1ccc(cc1)Oc1ccc(cc1)Oc1c(cc(cc1)S(=O)(=O)c1cc(c(cc1)Oc1ccc(cc1)Oc1ccc(cc1)Oc1ccc(cc1)c1ccc(cc1)*)S(=O)(=O)O[Na])S(=O)(=O)O[Na],tg,302.0,293.4283205575458,305.7386680432957,297.8914244469467
*OC(=O)NCc1ccc(cc1)CNC(=O)OCCCCCCCCCCCC*,tg,45.0,48.09538644160518,49.87875950175904,48.74194652045259
*O[Si](O[Si](O[Si](O[Si](CC[Si](O[Si](O[Si](O[Si](O[Si](CC[Si](*)(c1ccccc1)c1ccccc1)(C)C)(C)C)(C)C)(C)C)(C)C)(c1ccccc1)c1ccccc1)(c1ccccc1)c1ccccc1)(c1ccccc1)c1ccccc1)(c1ccccc1)c1ccccc1,tg,-22.0,15.35177023340382,-9.188745204846954,6.454631462370385
*C(C(=O)C*)c1ccccc1,tg,103.33,101.9178958980726,163.12125145716033,124.10710985457125
*C1C(C2C(C1)C(C(C2)CC*)OC(=O)CCCCCCCCCCOc1ccc(cc1)c1ccc(cc1)C#N)OC(=O)CCCCCCCCCCOc1ccc(cc1)c1ccc(cc1)C#N,tg,23.5,77.96178863348831,45.123501449074325,66.05630120320451
*c1sc(cc1CCCCCCCCCC)c1sc(c(c1)CCCCCCCCCC)c1c2c(ccccc2)c(c1)*,tg,22.5,60.28687343228043,55.146789631556544,58.42334130782881
*C(C*)(C(=O)Oc1ccc(cc1)C(=O)C=Cc1ccc(cc1)Cl)C,tg,127.0,112.91804225253011,115.16596637957964,113.73302484551756
*OCCOCCOCCCNC(=O)CCCCCCCCC(=O)NCCC*,tg,40.0,-9.21270051770838,-19.623556145660533,-12.98714557694741
*C(C*)c1ccc(cc1)COCCCC,tg,10.0,23.08134947650525,13.879053104885594,19.745066339482705
*C(C*)c1ccc(cc1)C(O)C(F)(F)F,tg,110.0,148.55509902847197,130.5723992788501,142.03548962773243
*c1nc(ccc1)Oc1ccc(cc1)c1ccc(cc1)O*,tg,119.0,154.48115221398044,142.86145117381943,150.26844148700468
*c1sc(cc1)c1sc(c(c1)CCCCCCCC)c1sc(cc1)c1sc(cc1)c1sc(cc1CCCCCCCC)c1sc(cc1)[Si](*)(C)C,tg,31.0,35.016321180268136,9.550015821332172,25.7835382204284
*c1ccc2c(nc([nH]2)c2cc(ccc2)c2nc3c([nH]2)ccc(c3)C(=O)Nc2ccc(cc2)NC(=O)c2ccc(cc2)NC(=O)*)c1,tg,322.0,288.79221753712744,300.93652465225193,293.1951236599914
*Nc1ccc(cc1)NC(=O)c1c(cc(cc1)C(c1cc(c(cc1)C(=O)*)C(=O)OCC)(C(F)(F)F)C(F)(F)F)C(=O)OCC,tg,270.0,213.9648815098275,241.9842121994334,224.12326119195652
*N1C(=O)N(C(=O)C1=O)c1ccc(cc1)Cc1ccc(cc1)N1C(=O)N(C(=O)C1=O)c1c(cccc1)CCc1ccc(cc1)*,tg,198.0,222.2169852691476,224.36532546845714,222.9958638109917
*Oc1c(cc(cc1Cl)C1(C2C3C(CCC3)C(C1)C2)c1cc(c(c(c1)Cl)OC(=O)*)Cl)Cl,tg,281.0,260.1789233350133,231.22235667100549,249.68074970901054
*c1cc2c(C(=O)N(C2=O)c2ccc(cc2)c2sc(c(c2c2ccccc2)c2ccccc2)c2ccc(cc2)N2C(=O)c3c(C2=O)cc(cc3)C(=O)Nc2cc(ccc2)C(=O)c2cc(ccc2)NC(=O)*)cc1,tg,308.0,275.03636282451725,262.8717864956595,270.62610811894655
*N1C(=O)c2c(C1=O)cc(cc2)Oc1cc2c(C(=O)N(C2=O)c2cc(c(cc2)Oc2ccc(cc2)Oc2ccc(cc2)*)C(F)(F)F)cc1,tg,232.3,232.4250507705164,232.97884198629782,232.6258272093563
*C1C(=O)N(C(=O)C1*)C(C)(C)C,tg,195.0,186.1035968266384,200.48690179448428,191.31824933086233
*NC(=O)CCCCCCCCCCC(=O)NCC1CCC(CC1)C*,tg,85.0,90.82299748576008,92.04939255915633,91.26762576520979
*c1cc2c(C(=O)N(C2=O)c2ccc(cc2)Oc2cc3c(cc2)ccc(c3)Oc2ccc(cc2)N2C(=O)c3c(C2=O)cc(cc3)C(=O)Nc2ccc(cc2)c2sc(c(c2c2ccccc2)c2ccccc2)c2ccc(cc2)NC(=O)*)cc1,tg,311.0,293.48943870446595,297.55275003453755,294.9625880710522
*c1cc2c(C(=O)N(C2=O)c2c(cc(cc2C)C(c2cc(c(c(c2)C)N2C(=O)c3c(C2=O)cc(cc3)C(*)(C(F)(F)F)C(F)(F)F)C)c2cc(ccc2)C(F)(F)F)C)cc1,tg,286.1,304.59931820871935,279.86970956507696,295.63362388948394
*S(=O)(=O)c1c(cc(cc1C)C(c1cc(c(c(c1)C)*)C)(C)C)C,tg,229.0,215.24290979238657,180.4641537745451,202.6339073713394
*c1ccc2n(c3c(c2c1)cc(cc3)c1cc2C(c3c(c2cc1)ccc(c3)*)(CCCCCC)CCCCCC)c1ccc(cc1)OC,tg,174.0,159.6404630610722,148.22515211126216,155.50185375229412
*C1C2C(C(=O)N(C2=O)CCCCCCC)C(C1)C=C*,tg,59.0,65.70984032834619,52.068470597395226,60.764175685374994
*OC(=O)c1ccc(cc1)c1ccc(cc1)c1ccc(cc1)C(=O)OCCCC*,tg,180.0,84.6086926220115,72.70745256441552,80.293910212235
*C(C*)(C(=O)OCCC(C(C(C(C(C(C(C(C(C(F)(F)F)(F)F)(F)F)(F)F)(F)F)(F)F)(F)F)(F)F)(F)F)(F)F)F,tg,53.0,53.488867512783486,53.908181537688776,53.64088938362032
*OC(=O)C(C(C(=O)OCCCCCCCCC*)O)O,tg,-11.0,-1.1840553729906629,-16.46580279415073,-6.724437269697672
*C(C*)(C(=O)OCCC1CCCCC1)C,tg,76.33,53.696594625386105,45.966057391352344,50.8938962583162
*c1nc(ccc1)NC(=O)Nc1ccc(cc1)Cc1ccc(cc1)NC(=O)N*,tg,216.67,153.89831659130255,154.9036599446159,154.26280279573749
*N1C(=O)C2C(C1=O)C(Cc1ccccc21)C1C(=O)N(C(=O)C1)c1cc(cc(c1)C(=O)OCCCC)*,tg,249.43,227.69095755471076,212.7076634062908,222.25877958676472
*N(CC*)C(=O)c1cc(c(cc1)F)F,tg,101.0,120.59683694165103,100.55817740128623,113.33184142170255
*c1cc2c(C(=O)N(C2=O)c2ccc3Cc4c(c3c2)cc(cc4)N2C(=O)c3c(C2=O)cc(cc3)C(*)(C(F)(F)F)C(F)(F)F)cc1,tg,394.0,342.40414781644995,310.16108265106976,330.714457520348
*C(C*)C1CCCCC1,tg,117.68,84.84466233708139,103.99753920229013,91.78851825416903
*OCCCCC(=O)NCc1ccc(cc1)CNC(=O)CCCC*,tg,70.0,61.285342816195914,74.88300591180604,66.21516166322934
*Oc1c2c(c(cc1)c1c3c(c(cc1)Oc1c(c4c(cc1)cccc4)c1c4c(ccc1*)cccc4)cccc3)cccc2,tg,301.0,280.5518694472287,231.5294261436771,262.77883276980896
*OC(C*)c1ccccc1,tg,32.38,101.1660873701842,10.169240790567274,68.17527371826853
*OCC(C*)(COCCC#N)C,tg,-52.0,-42.97700147827974,-15.835314652803104,-33.13681068139857
*C(C*)c1ccc(cc1)C(=O)OCCCC,tg,76.0,43.98809246397573,42.913271997467646,43.59841740321625
*OC(COC(=O)*)COC(C)(C)C,tg,11.0,15.057726374259998,23.103732055384096,17.97479750414769
*C(C*)c1ccc(cc1)[Si](O)(C)C,tg,147.0,110.62338527817931,80.69254382576999,99.77198932417213
*Oc1ccc(cc1)C(c1ccc(cc1)Oc1ccc(cc1)C(=O)C(=O)c1ccc(cc1)*)(c1ccccc1)C,tg,177.0,179.63199076199362,187.8600492611172,182.61506495483553
*c1nc2c([nH]1)ccc(c2)NC(=O)c1ccc(cc1)OCCOc1ccc(cc1)C(=O)Nc1cc(ccc1)*,tg,250.0,222.03424853407495,203.3806950261102,215.27142178942657
*C(C*)(c1ccc(cc1)C(O)C(F)(F)F)C,tg,199.0,124.02697375041714,143.05734322201386,130.92641473725664
*c1nc2c(c(c1)c1ccccc1)cc(cc2)Oc1cc2c(nc(cc2c2ccccc2)c2c(ccc(c2)*)OCCN(c2ccc(cc2)c2sc(cc2)C(=C(C#N)C#N)c2sc(cc2)c2ccc(cc2)N(CC)CC)CC)cc1,tg,205.0,177.29013510610858,169.5071520545195,174.46842256152786
*N1C(=O)c2c(C1=O)c(ccc2)c1cc2c(C(=O)N(C2=O)c2cc(ccc2)C(=O)Nc2ccc(cc2)Oc2ccc(cc2)C(c2ccc(cc2)Oc2ccc(cc2)NC(=O)c2cc(ccc2)*)(C)C)cc1,tg,261.0,259.200641145779,250.55186087521764,256.06503470503486
*OP(=O)(Oc1ccc(cc1)C(c1ccc(cc1)*)(C)C)Oc1c(cc(cc1Cl)Cl)Cl,tg,94.0,118.96541949870954,130.31290596499832,123.07943911036084
*Oc1c(cc(cc1)Oc1ccc(cc1)C(=O)Nc1ccc(cc1)Oc1ccc(cc1)S(=O)(=O)c1ccc(cc1)Oc1ccc(cc1)NC(=O)c1ccc(cc1)*)c1ccccc1,tg,231.0,209.86589632196743,224.22350804583365,215.07123376686667
*Nc1ccc(cc1)C(=O)Nc1ccc(cc1)Cc1ccc(cc1)NC(=O)c1ccc(cc1)NC(=O)c1ccc(cc1)[Si](c1ccc(cc1)C(=O)*)(C)C,tg,300.0,265.8728500562267,310.69876305075235,282.1244389625025
*c1cc2Sc3c(Sc2cc1)cc(cc3)C(=Cc1c(cc(c(c1)OCCCCCCCC)C=C(*)c1ccccc1)OCCCCCCCC)c1ccccc1,tg,93.0,112.7449343935695,111.88968240534922,112.43486366002911
*C1(C(=O)OC(=O)C1(C(C*)OCCCC)C)C,tg,197.0,162.9286318902517,160.8398999895276,162.17136427608983
*Oc1ccc(cc1)Oc1ccc(cc1)C=Nc1ccc(cc1)Oc1ccc(cc1)N=Cc1ccc(cc1)*,tg,120.0,151.23463130537738,118.05566589128154,139.2056313313829
*Oc1ccc(cc1)C(c1ccc(cc1)Oc1ccc(cc1)C(=O)C(=O)c1ccc(cc1)*)(C(F)(F)F)C(F)(F)F,tg,157.0,188.4387722881751,177.77301889673154,184.5719143055028
*Nc1ccc(cc1)Cc1ccc(cc1)NC(=O)c1cc(cc(c1)N1C(=O)C=CC1=O)C(=O)*,tg,287.0,289.0188189002077,297.5264622384881,292.10325629051437
*Oc1ccc(cc1)C=Cc1ccc(cc1)OCCCCCC*,tg,76.0,57.001208541110095,63.8814036303577,59.495616233354646
*N1C(=O)c2c(C1=O)cc(cc2)c1cc2c(C(=O)N(C2=O)c2cc(ccc2)C(=O)Nc2ccc(cc2)Oc2ccc(cc2)Oc2ccc(cc2)Oc2ccc(cc2)NC(=O)c2cc(ccc2)*)cc1,tg,244.0,243.1756944196554,260.5770786246255,249.48454846427626
*C(C*)c1ccc(cc1)CCl,tg,106.0,91.728809435082,117.18630348285812,100.95839786307334
*N1C(=O)c2c(C1=O)cc(cc2)Oc1cc2c(C(=O)N(C2=O)CCCCCCC*)cc1,tg,110.0,130.43172334499573,114.80324757940191,124.76563544166308
*Oc1ccc(cc1)NC(=O)c1cc2c(cc1)cc(cc2)C(=O)Nc1ccc(cc1)Oc1ccc(cc1)C1(C2CCC(C1)C2)c1ccc(cc1)*,tg,276.0,268.7043362443387,276.6800012557422,271.5959054363667
*C(C*)c1c(cccc1)C(=O)OCCC(C)C,tg,68.0,98.97585176650948,83.1742000818936,93.24697911086722
*c1ccc(cc1)C(=Cc1c(cc(c(c1)OC)C=C(*)c1ccc(cc1)OC)OC)c1ccc(cc1)OC,tg,170.0,176.69321521978682,174.20248776595633,175.79020452902475
*Oc1c(c(c(c(c1C)C)NC(=O)c1ccc(cc1)C(=O)Nc1ccc(cc1)*)C)C,tg,333.0,249.0721476153441,228.49554092355905,241.61211990588393
*c1nc2c(n1C)ccc(c2)c1ccc2c(nc([nH]2)c2cc(ccc2)*)c1,tg,346.66,360.06717364681003,262.1400288268289,324.5637874564602
*c1cc2c(C(=O)N(C2=O)c2ccc(cc2)OCCN(CCOc2ccc(cc2)N2C(=O)c3c(C2=O)cc(cc3)C(*)(C(F)(F)F)C(F)(F)F)c2ccc(cc2)C(=C(C#N)C#N)C#N)cc1,tg,218.0,198.76438156186111,201.73097284717053,199.83991619799173
*N1C(=O)c2c(C1=O)cc(cc2)Oc1ccc(cc1)C(c1ccc(cc1)Oc1cc2c(C(=O)N(C2=O)c2ccc(cc2)Sc2ccc(cc2)Oc2ccc(cc2)Sc2ccc(cc2)*)cc1)(C)C,tg,180.0,195.2335760766017,210.91014562820604,200.9171003328601
*C(C*)(C(=O)OCCCl)C,tg,62.0,58.52103035296461,60.019489573402794,59.06429521064535
*C(C*)c1c(cccc1)Br,tg,148.5,124.5740427785928,125.27373179006567,124.82771431403
*Oc1ccc(cc1)S(=O)(=O)c1ccc(cc1)Oc1ccc(cc1)c1ccc(cc1)Oc1ccc(cc1)C(=O)c1ccc(cc1)*,tg,206.0,208.4980639311793,214.97218619426522,210.84525033564788
*Oc1c(cc(cc1C)*)C(CCC)C,tg,100.0,75.75278536569762,87.79713947595185,80.11945362888213
*Oc1ccc(cc1)OC(=O)c1c(cc(cc1)C(=O)*)Oc1ccc(cc1)Cl,tg,107.0,115.9805094826641,118.20282976941266,116.78620942953916
*C(C*)C(=O)OCCCCSC,tg,-70.0,-71.12970032054504,-37.27000970156312,-58.853904119794414
*Oc1ccc(cc1)CC(NC(=O)CCc1ccc(cc1)OC(=O)CCC(=O)*)C(=O)OC,tg,91.5,83.70584356507815,91.31008578055378,86.46275380234985
*OCCC(=O)NCc1c(c(c(c(c1C)C)CNC(=O)CC*)C)C,tg,191.0,135.8247381329509,103.03273901073116,123.93603239227019
*c1n(c(nn1)c1ccc(cc1)Oc1ccc(cc1)C(c1ccc(cc1)Oc1ccc(cc1)*)(C(F)(F)F)C(F)(F)F)c1ccc(cc1)C,tg,213.0,206.87208288178635,195.1570566061435,202.62481208818943
*N1C(=O)c2c(C1=O)cc(cc2)c1cc2c(C(=O)N(C2=O)c2ccc(cc2)Oc2ccc(cc2)C(c2ccc(cc2)Oc2ccc(cc2)*)(C)C)cc1,tg,230.0,242.02318104994393,268.014397282863,251.44626991024464
*Oc1ccc(cc1)C(=Nc1ccc(cc1)N=C(c1ccc(cc1)Oc1ccc(cc1)C(c1ccc(cc1)*)(c1ccccc1)c1ccccc1)c1ccccc1)c1ccccc1,tg,198.0,180.0641223099367,181.44234407737093,180.56379520201494
*Oc1c2c(ccc1)c(ccc2)OCCNC(=O)c1cc(ccc1)C(=O)NCC*,tg,171.0,141.40320508447277,158.0345763875693,147.43289173912197
*Oc1c(cc(cc1)Oc1ccc(cc1)C(=O)c1ccc(cc1)*)C,tg,149.29,142.8291774784699,174.52584346490193,154.32077131112507
*Oc1ccc(cc1)CC(NC(=O)Cc1ccc(cc1)OC(=O)CCCC(=O)*)C(=O)OCC,tg,65.0,67.86134258834538,72.29326376236274,69.46813107682404
*c1cc2c(C(=O)N(C2=O)c2ccc(cc2)Oc2ccc(cc2)N2C(=O)c3c(C2=O)cc(cc3)C(*)(C(F)(F)F)C(F)(F)F)cc1,tg,304.1,291.5260980318854,294.34308049464966,292.5473921424287
*C(C*)C(=O)OCCCSCCC#N,tg,-58.0,-59.37278955715465,-48.04471704481338,-55.26580845464959
*C(C(CC*)c1ccccc1)c1ccccc1,tg,101.65,60.74090208831941,41.13118498160681,53.63141920895058
*c1cc2c(C(=O)N(C2=O)c2c(ccc(c2)N2C(=O)c3c(C2=O)cc(cc3)C(=O)OCCN(CCOC(=O)*)c2ccccc2)N=Nc2ccccc2)cc1,tg,156.0,169.48055793928611,150.84514093308346,162.72430656480074
*N1C(=O)c2c(C1=O)cc(cc2)Sc1cc2c(C(=O)N(C2=O)c2ccc(cc2)Oc2ccc(cc2)*)cc1,tg,258.0,275.7476931277212,242.3186602781732,263.6280314607834
*Oc1cc(c(cc1)S(=O)(=O)c1c(cc(cc1)Oc1ccc(cc1)C(c1ccc(cc1)*)(C(F)(F)F)C(F)(F)F)C(O)(C(F)(F)F)C(F)(F)F)C(O)(C(F)(F)F)C(F)(F)F,tg,148.0,203.7648945956421,156.09062238391775,186.4806359685964
*c1cc2C(c3c(c2cc1)ccc(c3)*)(CCCCCC)CCCCCC,tg,104.0,63.51569848824649,54.63833699654708,60.29722015958154
*c1oc2c(n1)ccc(c2)c1ccc2c(oc(n2)CCCCCCCCCCC*)c1,tg,62.0,57.747728329550625,65.85862635160684,60.68832611126856
*C(=CCC*)C(C)(C)C,tg,20.0,38.72166432558131,10.411771704331823,28.457941712334286
*C(C*)(C(=O)Oc1ccc(cc1)C(=O)Oc1ccc(cc1)C)C,tg,98.0,82.27505756225737,90.18583843869631,85.14310307752027
*c1cc2c(C(=O)N(C2=O)c2cc(ccc2)C(c2cc(ccc2)N2C(=O)c3c(C2=O)cc(cc3)C(*)(C(F)(F)F)C(F)(F)F)O[Si](O[Si](O[Si](C)(C)C)(C)C)(C)C)cc1,tg,236.5,216.5222814515193,204.9688068190178,212.33358104090124
*NC(=O)CCCCCCCCCCCCC(=O)NCCc1ccc(cc1)CC*,tg,93.0,79.17007813213228,92.80455118254274,84.11324239062775
*c1cc2c(C(=O)N(C2=O)c2ccc(cc2)Oc2ccc(cc2)C(=O)c2ccc(cc2)C(=O)c2ccc(cc2)Oc2ccc(cc2)N2C(=O)c3c(C2=O)cc(cc3)C(=O)*)cc1,tg,233.0,235.4691803200248,255.81196743888307,242.84443698248126
*OC(=O)CCC(=O)OCCSCC*,tg,-34.0,-45.49734657006878,-35.79198645719877,-41.97867818821135
*C(C*)(C(=O)OCC(CCCC)CC)C,tg,-10.0,14.042434517665916,21.458672623490852,16.73118405728251
*c1ccc2n(c3c(c2c1)cc(cc3)C=Cc1nc(c(c(c1C#N)C=Cc1ccc(cc1)N(c1ccccc1)c1ccccc1)C#N)C=C*)CCCCCC,tg,134.0,175.84653633543448,144.99158295328803,164.6601045465229
*Oc1ccc(cc1)Oc1ccc(cc1)S(=O)(=O)c1ccc(cc1)*,tg,206.67,185.44735301357775,219.23058070200116,197.69542765706402
*N1C(=O)c2c(C1=O)cc(cc2)c1cc2c(C(=O)N(C2=O)c2cc(ccc2)C(=O)Nc2ccc(cc2)Oc2ccc(cc2)Oc2ccc(cc2)NC(=O)c2cc(ccc2)*)cc1,tg,244.0,253.47307277211107,253.082659062841,253.33152868114732
*N=P(*)(Oc1c(cc(cc1)Cl)Cl)Oc1c(cc(cc1)Cl)Cl,tg,2.0,48.23208710401701,42.2549958362095,46.06509877850179
*Oc1ccc(cc1)C1(CCCC1)c1ccc(cc1)OC(=O)*,tg,162.86,160.91780515884736,169.52324920584476,164.03770009606458
*c1nc(nc(n1)N(CCCCCCCCCCN(*)c1ccccc1)c1ccccc1)C,tg,48.0,57.75264379539437,64.8129152477414,60.3123379888907
*OCC(C*)C,tg,-55.0,-53.70953104046132,-27.91787827823455,-44.35879371233795
*C(C*)C(=O)OCC(C(C(F)(F)F)(F)F)(F)F,tg,-30.0,-21.209884668178088,-18.257518323187767,-20.139507269610295
*OC(CCC(OC(=O)CCCCCCCCC(=O)*)C)C,tg,-66.0,-44.21496759225454,-57.86618268428907,-49.16420166081633
*Oc1ccc(cc1)S(=O)(=O)c1ccc(cc1)Oc1ccc(cc1)C(c1ccc(cc1)*)(c1ccccc1)c1ccccc1,tg,230.0,221.86702287845165,238.5558999187524,227.91755817930488
*Nc1ccc(cc1)Cc1ccc(cc1)NC(=O)NCCCCCCCCCCNC(=O)*,tg,46.0,15.65000524677441,35.02154361535637,22.67313666825353
*Oc1ccc(cc1)CC(NC(=O)CCc1ccc(cc1)OC(=O)CCCCC(=O)*)C(=O)OCC(C)C,tg,56.0,51.07612548447122,51.534464546409524,51.24229584256787
*Oc1ccc(cc1)N=CNc1ccc(cc1)OCCOCC*,tg,62.0,63.88244229895528,39.28399364125699,54.96429989846777
*C(C*)(CC(=O)Oc1ccc(cc1)OCCCCC)C(=O)Oc1ccc(cc1)OCCCCC,tg,73.5,69.63274750912608,68.3951519553199,69.18405850696011
*N1C(=O)c2c(C1=O)cc(cc2)C(=O)Oc1ccc(cc1)C(c1ccc(cc1)C(c1ccc(cc1)OC(=O)CCCCCCCCCCC*)(C)C)(C)C,tg,97.0,88.04092487674986,101.69893352801515,92.99262194326201
*C(C*)c1ccc(cc1)C(CCC)(O)C,tg,130.0,120.29287743212971,145.37455584185778,129.38621428494727
*N1C(=O)c2c(C1=O)cc(cc2)c1ccc(cc1)c1cc2c(C(=O)N(C2=O)CCCCCC*)cc1,tg,141.0,147.58014748868672,103.66914252241347,131.6602575522462
*OC(=O)c1cc(ccc1)C(=O)OCC1CCC(CC1)C*,tg,70.0,73.00508862339439,78.68492146999802,75.06430621235097
*N=P(*)(OCC)OCC,tg,-87.33,-49.72256773847357,-70.06685647421347,-57.09836881059451
*C(C*)C(=O)Oc1c(cccc1)C(C)(C)C,tg,72.0,94.89553124540453,71.28833423612339,86.33676611615545
*Oc1ccc(cc1)OC(=O)c1c(cc(cc1)C(=O)*)Oc1cc2c(cc1)cccc2,tg,102.0,145.77957602213075,129.40612603296893,139.8433984760355
*C1C2C(C(=O)N(C2=O)c2ccc(cc2)Br)C(C1)C=C*,tg,227.8,212.93920536451333,208.77156515727197,211.4282316702213
*Oc1ccc(cc1)NC(=O)c1cc(cc(c1)NC(=O)CCCCCN1C(=O)c2c(C1=O)cccc2)C(=O)Nc1ccc(cc1)*,tg,200.0,202.8972014408612,187.97284827414992,197.48639246554626
*C(C*)C(=O)Oc1ccc(cc1)C(=O)Oc1ccc(cc1)OC(=O)c1ccc(cc1)OCCCC,tg,47.0,72.76185081973263,46.69856695063588,63.31263391164964
*N1C(CN(C(C1)C)C(=O)c1ccc(cc1)C(=O)*)C,tg,350.0,182.11601992625052,190.55474140392192,185.1754697664897
*N1C(=O)c2c(C1=O)cc(c(c2)c1ccc(cc1)C(C)(C)C)c1cc2c(C(=O)N(C2=O)c2ccc(cc2)Oc2ccc(cc2)*)cc1c1ccc(cc1)C(C)(C)C,tg,370.0,358.76711477474504,320.6645132723833,344.9530555730585
*c1cc2c(C(=O)N(C2=O)c2ccc(cc2)C(=O)Nc2ccc(cc2)C(=O)OCCCCCCOC(=O)*)cc1,tg,107.0,117.59970111192013,108.34000653996877,114.2426083160767
*c1nc2c(nc1)cc(cc2)Oc1cc2c(nc(cn2)c2ccc(cc2)Oc2ccc(cc2)*)cc1,tg,382.0,267.1231973484281,301.0473021563317,279.42234684748666
*C(C*)(C(=O)OCc1c(ccc(c1)Cl)Cl)C,tg,27.8,27.556940008516932,28.68509679780894,27.965952098547017
*c1cc2c(C(=O)N(C2=O)c2c(cc(cc2C)C2(c3ccccc3c3ccccc23)c2cc(c(c(c2)C)N2C(=O)c3c(C2=O)cc(cc3)C(*)(C(F)(F)F)C(F)(F)F)C)C)cc1,tg,361.0,347.888505292744,359.97816215801913,352.27159802342373
*C1(c2c(C(=O)O1)cccc2)c1cc(c(cc1)OC(=O)c1cc(ccc1)C(=O)Oc1c(cc(cc1)*)C)C,tg,273.0,259.84895838455463,241.41735858011742,253.16660072809626
*c1c2C(=O)N(C(=O)c2c(c2ccccc12)c1ccc(cc1)Oc1ccc(cc1)C(=O)c1ccc(cc1)Oc1ccc(cc1)*)c1c(cccc1)C(F)(F)F,tg,260.0,260.15583505305693,259.2630073494552,259.8321412823391
*C(C*)(C(=O)OCCN(c1ccc(cc1)N=Nc1ccc(cc1)C#N)CC)C,tg,116.25,106.44410420552084,110.51196086567339,107.9189014768788
*Oc1cc(ccc1)NC(=O)c1ccc(cc1)Oc1ccc(cc1)C(c1ccc(cc1)C(c1ccc(cc1)Oc1ccc(cc1)C(=O)Nc1ccc(cc1)*)(C)C)(C)C,tg,168.0,155.0987486303422,166.25686752313538,159.14411322191606
*O[Si](c1c(c(c(c(c1F)F)F)[Si](*)(C)C)F)(C)C,tg,-28.5,-9.35471958960714,-25.282528716595884,-15.129330496942382
*OC(C*)C,tg,-58.58,-19.208232050307725,-43.65578383177833,-28.071666942662777
*C(C*)(C(=O)OCCBr)C,tg,52.0,56.608353826613474,64.08419792171865,59.31871345667603
*Oc1ccc(cc1)Oc1ccc(cc1)C=NCCN=Cc1ccc(cc1)*,tg,101.0,116.72083056881156,138.04418526395804,124.4515910030842
*C(C*)CC(C)(C)C,tg,190.0,60.20942058865489,53.349250531963776,57.72227295148124
*c1nc2c(c(c1)c1ccccc1)cc(cc2)c1cc2c(nc(cc2c2ccccc2)c2ccc(cc2)C2(c3ccccc3c3ccccc23)c2ccc(cc2)*)cc1,tg,420.0,353.6026972222982,370.44428454631117,359.7085974803126
*c1cc2C(c3c(c2cc1)ccc(c3)c1c(c(c(c(c1F)F)*)F)F)(CCCCCCCC)CCCCCCCC,tg,29.0,88.94945990269865,135.08504758650872,105.67587002798238
*N1C(=O)c2c(C1=O)cc(cc2)Oc1ccc(cc1)Oc1cc2c(C(=O)N(C2=O)c2ccc(cc2)C(c2ccc(cc2)*)(C)C)cc1,tg,264.0,256.05129720221197,229.84159048072212,246.54899483876153
*O[Si](O[Si](c1ccc(cc1)[Si](*)(C)C)(C)C)(C)C,tg,-62.5,-58.66598651781742,-50.476059040771844,-55.69673668802787
*C(C(C(C*)OCCCC)C(=O)OC)C(=O)OC,tg,32.5,22.06446677100496,41.69386026757276,29.18108330538993
*Oc1ccc(cc1)C1(c2ccccc2c2ccccc12)c1ccc(cc1)Oc1ccc(cc1)C(=O)C(=O)c1ccc(cc1)*,tg,242.0,238.25745600704604,242.91032959131175,239.94435056586053
*N1C(=O)c2c(C1=O)cc(cc2)NC(=O)OCCOc1ccc(cc1)C(c1ccc(cc1)OCCOC(=O)Nc1cc2c(C(=O)N(C2=O)c2cc(ccc2)P(=O)(c2cc(ccc2)*)c2ccccc2)cc1)(C(F)(F)F)C(F)(F)F,tg,214.0,206.439454805442,202.99659572991663,205.191249769116
*N1C(=O)c2c(C1=O)c(ccc2)c1cc2c(C(=O)N(C2=O)c2cc(ccc2)C(=O)Nc2ccc(cc2)Oc2ccc(cc2)S(=O)(=O)c2ccc(cc2)Oc2ccc(cc2)NC(=O)c2cc(ccc2)*)cc1,tg,263.0,271.4738841881692,277.84776511638734,273.7847281992126
*Oc1ccc(cc1)CC(NC(=O)CCc1ccc(cc1)OC(=O)COCC(=O)*)C(=O)OC(C)C,tg,80.0,74.3037193674078,80.24534453292688,76.45784949381463
*C1C(=O)N(C(=O)C1CC*)CCCCCCCCCCCCCCCCCC,tg,67.1,37.55975135688351,58.39081259364115,45.11203130135638
*Oc1ccc(cc1)NC(=C(C#N)C#N)c1cc(ccc1)C(=C(C#N)C#N)Nc1ccc(cc1)Oc1ccc(cc1)NC(=O)c1ccc(cc1)C(=O)Nc1ccc(cc1)*,tg,274.0,228.4417394122976,243.29665504505556,233.82737388070151
*C1C2C(C(=O)N(C2=O)c2cc(ccc2)I)C(C1)C=C*,tg,199.0,214.31973534105308,197.75597499613465,208.31456097013597
*NC(=O)CCCCC(=O)NCc1cc(cc(c1)C(C)(C)C)C*,tg,109.0,97.14633734695168,130.21280595438208,109.13455171875623
*c1nc2c(nc1c1ccc(cc1)C(=O)NCCCCCCCCNC(=O)c1ccc(cc1)*)cccc2,tg,185.0,166.8106016747985,167.12358672159297,166.92407408337917
*Oc1cc(ccc1)*,tg,46.5,97.1881752356934,96.92412894673488,97.0924455237095
*Oc1ccc(cc1)C(c1ccc(cc1)OC(=O)C1CCC(CC1)C(=O)*)(C)C,tg,150.0,136.7287092312661,127.74684883083846,133.47234493012775
*Oc1ccc(cc1)N=Cc1ccc(cc1)Oc1ccc(cc1)C(c1ccc(cc1)Oc1ccc(cc1)C=Nc1ccc(cc1)*)(c1ccccc1)c1ccccc1,tg,211.0,171.6209066558355,202.324445233061,182.75244316209668
*OC(=O)NCCCCCCNC(=O)OCC(C(C(C*)(F)F)(F)F)(F)F,tg,16.0,5.088369349780641,-16.529433962300406,-2.7491431293867854
*N1C(=O)c2c(C1=O)c(ccc2)Oc1c2c(C(=O)N(C2=O)c2ccc(cc2)Oc2ccc(cc2)*)ccc1,tg,292.5,275.11989730710894,258.30797999632676,269.0247538820436
*ON(C(C(*)(F)F)(C(F)(F)F)F)C(F)(F)F,tg,-9.0,-0.8697576523441751,-15.210571138300235,-6.069004913271042
*Oc1c(cc(cc1Br)C(c1cc(c(c(c1)Br)OC(=O)c1cc(ccc1)C(=O)*)Br)(C)C)Br,tg,115.0,189.54455492767593,196.46804364406148,192.05465868015676
*c1cc2c(C(=O)N(C2=O)c2c(cc(cc2C)Cc2cc(c(c(c2)C)N2C(=O)c3c(C2=O)cc(cc3)C(=O)OCCN(CCOC(=O)*)c2ccc(cc2)N=Nc2c(cc(cc2)[N+](=O)[O-])C#N)C)C)cc1,tg,216.0,185.3675510284959,190.55288728151595,187.24748938324134
*c1nc(ccc1)Oc1ccc(cc1)Oc1ccc(cc1)C(=Nc1ccccc1)c1ccc(cc1)Oc1ccc(cc1)O*,tg,135.0,143.97401225571576,137.9551739656296,141.7918885899741
*c1cc2c(C(=O)N(C2=O)c2c(ccc(c2)N2C(=O)c3c(C2=O)cc(cc3)C(=O)Nc2c(cc(cc2C)Cc2cc(c(c(c2)C)NC(=O)*)C)C)N=Nc2ccc(cc2)OC(F)(F)F)cc1,tg,278.0,303.14489417823864,270.7460059661261,291.39871039592646
*N(c1ccc(cc1)c1ccc(cc1)N(c1ccc(cc1)Cc1ccc(cc1)*)c1ccc(cc1)C)c1ccc(cc1)C,tg,183.0,211.4033531534511,153.19580635924535,190.3002666004172
*C(C*)c1ccc(cc1)OC,tg,101.33,92.6794978049661,88.95011887474047,91.32741528838345
*[Si](c1c(cccc1)C*)(c1ccccc1)C,tg,93.8,97.4997228214024,71.28242577826663,87.99466859460293
*Oc1ccc(cc1)OC(=O)c1c(cc(cc1)C(=O)*)Sc1ccc(cc1)C,tg,134.0,125.08213181223432,136.51193805325482,129.2259963740144
*c1sc(cc1)C(=O)Oc1ccc(cc1)[Si](c1ccc(cc1)OC(=O)*)(CC)CC,tg,-62.0,-37.865711314420395,-33.725750333252044,-36.364772695229604
*OCC(C*)(C)C,tg,-50.0,-1.8043573140899711,5.541411778790615,0.8588437569624112
*Oc1cc(ccc1)NC(=O)c1cc(ccc1)C(=O)Nc1ccc(cc1)Oc1ccc(cc1)C(=O)c1ccc(cc1)*,tg,114.0,171.74019598068534,202.17036541569942,182.77262278405158
*NC(=O)NCCCCCCCCC*,tg,125.0,47.03954973847033,56.564101318590424,50.4926661717181
*c1cc2c(C(=O)N(C2=O)c2c3c(ccc2)c(ccc3)Oc2ccc(cc2)N2C(=O)c3c(C2=O)cc(cc3)C(=O)Nc2c(cc(cc2)c2cc(c(cc2)NC(=O)*)OC)OC)cc1,tg,304.0,277.054930634659,279.41714724054765,277.9113498489463
*Oc1c(cc(cc1)OCCCCC(=O)NNC(=O)c1ccc(cc1)C(=O)NNC(=O)CCCC*)C,tg,139.5,125.49982672869504,125.530592266977,125.51098074313084
*c1cc2c(C(=O)N(C2=O)c2cc(ccc2)Oc2ccc(cc2)N2C(=O)c3c(C2=O)cc(cc3)C(*)(C(F)(F)F)C(F)(F)F)cc1,tg,261.3,261.52161211368633,244.6250571816232,255.39578340559666
*ON(C(C(=C(C(*)(F)F)F)F)(F)F)C(F)(F)F,tg,-7.0,-14.591810453033808,14.78805046291336,-3.940171928954153
*C(C*)(C(=O)OCCCCCCn1c2ccc(cc2c2ccccc12)N=Nc1c(cc(cc1)[N+](=O)[O-])[N+](=O)[O-])C,tg,125.0,99.6236344376275,76.12107966602628,91.10280724461664
*Oc1ccc(cc1)OC(=O)CCCCCCCCC(=O)*,tg,52.8,31.468638083043597,52.33560969013135,39.03393729554897
*c1oc2c(n1)ccc(c2)c1ccc2c(oc(n2)CCCCCCCCC*)c1,tg,64.0,100.99182825911892,73.90794757995178,91.17259502145562
*OC(=O)c1ccc(cc1)C(=O)OCC1CCC(CC1)C*,tg,83.89,72.4748379544083,87.5952193001065,77.95671674550884
*Nc1c(cc(cc1c1ccccc1)c1ccc(cc1)c1cc(c(c(c1)c1ccccc1)NC(=O)c1ccc(cc1)C(=O)*)c1ccccc1)c1ccccc1,tg,135.0,262.1425784556733,245.76402616116832,256.20455107399476
*Oc1ccc(cc1)N=CCCCC=Nc1ccc(cc1)OC(=O)Nc1ccc(cc1)Cc1ccc(cc1)NC(=O)*,tg,76.0,130.91647438712036,114.72998525490715,125.04807930848014
*c1cc2c(nc(cc2c2ccccc2)Oc2nc3c(c(c2)c2ccccc2)cc(cc3)c2ccc(cc2)Oc2ccc(cc2)*)cc1,tg,268.5,268.95282705934784,273.29313047405856,270.5263996229005
*N1C(=O)c2c(C1=O)cc(cc2)S(=O)(=O)c1cc2c(C(=O)N(C2=O)c2ccc(cc2)Oc2ccc(cc2)C(=O)c2ccc(cc2)Oc2ccc(cc2)*)cc1,tg,275.5,264.3596107546892,255.7731004560321,261.24658022856653
*NC(=O)C(C*)C,tg,96.0,72.5844509465606,118.36787292857458,89.18318375686853
*C(C*)C(=O)Nc1ccc(cc1)C(=O)C=Cc1cc(ccc1)Br,tg,55.0,76.59774297988686,81.45025489644128,78.35701621187386
*c1ccc(cc1)C(C(*)(C(=O)OCC)C#N)(C(=O)OCC)C#N,tg,108.0,99.38609170817172,108.807976828978,102.80198652160699
*c1c(nc2c(n1)cc(cc2)c1cc2c(nc(c(n2)c2ccc(cc2)N2C(=O)c3c(C2=O)cc(cc3)C(=O)c2cc3c(C(=O)N(C3=O)c3ccc(cc3)*)cc2)c2ccccc2)cc1)c1ccccc1,tg,260.0,283.9016286839397,278.5169269316368,281.949410571349
*OP(=O)(Oc1c(cc(cc1Br)C(c1cc(c(c(c1)Br)*)Br)(C(F)(F)F)C(F)(F)F)Br)Oc1ccc(cc1)C,tg,146.0,137.25799354390335,128.41915958031402,134.05348333114708
*C1(c2c(CO1)cccc2)c1ccc(cc1)OC(=O)c1ccc(cc1)C(=O)Oc1ccc(cc1)*,tg,312.0,245.62162279085683,220.18080171311433,236.39807913109738
*OC(=O)NCCCCCCNC(=O)OCCCCCOC(=O)c1c(cccc1)C(=O)O[Pb]OC(=O)c1c(cccc1)C(=O)OCCCCC*,tg,-19.2,-0.0262793145617982,3.4590078194197798,1.2373079709602621
*c1cc2c(C(=O)N(C2=O)c2ccc(cc2)Oc2cc3c(cc2)ccc(c3)Oc2ccc(cc2)N2C(=O)c3c(C2=O)cc(cc3)C(=O)Nc2ccc(cc2)Oc2ccc(cc2)C(c2ccc(cc2)Oc2ccc(cc2)NC(=O)*)(C(F)(F)F)C(F)(F)F)cc1,tg,250.0,261.65083818357067,259.16977100268315,260.75132981488315
*N1C(=O)c2c(C1=O)cc(cc2)c1cc2c(C(=O)N(C2=O)c2ccc(cc2)Oc2c(cc(cc2C)Cc2cc(c(c(c2)C)Oc2ccc(cc2)*)C)C)cc1,tg,294.33,289.3597414782511,294.5971525602603,291.2585595089822
*c1oc2c(n1)cc(cc2)c1cc2c(oc(n2)CN2C(=O)c3c(C2=O)cc(cc3)C(c2cc3c(C(=O)N(C3=O)C*)cc2)(C(F)(F)F)C(F)(F)F)cc1,tg,231.0,260.76437311871206,222.9881463900968,247.06864075741703
*Oc1c(cc(cc1)C1(C2CCC(C1)C2)c1cc(c(cc1)OC(=O)*)Cl)Cl,tg,200.0,200.80169775446356,206.37820351294152,202.82345421330763
*Oc1c2c(ccc1)c(ccc2)OC(=O)c1ccc(cc1)Oc1ccc(cc1)C(=O)*,tg,171.0,170.96018319241134,168.22296532138637,169.9678076530165
*c1cc2c(C(=O)N(C2=O)c2c(cc(cc2C)Cc2cc(c(c(c2)C)N2C(=O)c3c(C2=O)cc(cc3)C(*)(C(F)(F)F)C(F)(F)F)C)C)cc1,tg,307.5,337.3850680438465,326.53383836976417,333.4509658246167
*S(=O)(=O)C(C(=CC*)C)C,tg,73.0,75.30378346547279,84.39789381333804,78.60084387024055
*NC(=O)CCP(=O)(CCC(=O)NCCCCCC*)c1ccccc1,tg,29.0,57.98477524570365,59.38672031617953,58.493048997034414
*c1cc2c(C(=O)N(C2=O)c2ccc(cc2)Sc2ccc(cc2)N2C(=O)c3c(C2=O)cc(cc3)C(=O)*)cc1,tg,276.0,302.6126391122522,266.56402094362795,289.5432494673089
*c1ccc(cc1)C(C(*)(C(=O)OC)C#N)(C(=O)OC)C#N,tg,108.0,125.50142567762188,152.81876390987622,135.40529871236643
*c1oc(nc1)c1cc(c(cc1)Oc1ccc(cc1)S(=O)(=O)c1ccc(cc1)Oc1c(cc(cc1)*)C(F)(F)F)C(F)(F)F,tg,210.0,218.39015179376335,213.06629810390467,216.45999408397375
*N1C(=O)c2c(C1=O)cc(cc2)C(=O)Oc1ccc(cc1)OC(=O)CCCCC*,tg,89.0,91.28363813964624,79.39305367297264,86.97271890345965
*c1cc2c(C(=O)N(C2=O)c2ccc(cc2)Oc2c(cc(cc2C)C(c2cc(c(c(c2)C)Oc2ccc(cc2)N2C(=O)c3c(C2=O)cc(cc3)C(*)(C(F)(F)F)C(F)(F)F)C)c2c3c(ccc2)cccc3)C)cc1,tg,282.0,268.96063235281036,266.44480566169466,268.04852195924315
*N1C(=O)c2c(C1=O)c(ccc2)c1cc2c(C(=O)N(C2=O)c2cc(ccc2)OCCCCOc2cc(ccc2)*)cc1,tg,178.0,169.54004984215638,181.43543962659328,173.852711241383
*Oc1c(cc(cc1OC)C=Cc1c(cc(c(c1)C(C)C)C=Cc1cc(c(c(c1)OC)OCCCCCCCC*)OC)C(C)C)OC,tg,85.0,72.78509395782774,41.786862401173224,61.54671681329938
*C1C2C(C(=O)N(C2=O)CCCCCCCCC)C(C1)C=C*,tg,52.0,56.65298637508724,58.88187337911661,57.46106707859572
*C1C2C(C(=O)N(C2=O)CCCCCCCC)C(C1)C=C*,tg,56.5,66.07790874305054,58.88187337911661,63.46899348227362
*Oc1cc(ccc1)C(=O)OC(=O)c1cc(ccc1)OCCC*,tg,53.0,52.7310393972701,48.88468959059049,51.33654920907195
*C(C*)(C(=O)OCCCCCCCCCCCOc1ccc(cc1)C(=O)Oc1ccc(cc1)C#N)C,tg,10.0,23.041862548156377,40.03947361101941,29.204329053102988
*Oc1ccc(cc1)C(c1ccc(cc1)Oc1ccc(cc1)C(=O)c1ccc(cc1)C(c1ccc(cc1)C(=O)c1ccc(cc1)*)(C(F)(F)F)C(F)(F)F)(C(F)(F)F)C(F)(F)F,tg,185.0,184.71754195900087,168.6681712561862,178.89885902668843
*C(C*)(C(=O)OCC(=O)Nc1noc(c1)C)C,tg,128.0,88.67210636109736,107.31960911814159,95.43273941218852
*C1C(C(C(C1)(O)C(F)(F)F)(F)F)(C(C*)(F)F)F,tg,152.0,120.90161433719896,149.94125739004468,131.4299072230008
*OC(COC(=O)c1c(cccc1)C(=O)*)C,tg,95.0,76.43692476765985,44.711284463350125,64.93482632569433
*C1C(=O)N(C(=O)C1*)CCCCCOc1ccc(cc1)c1ccc(cc1)C#N,tg,75.0,87.16246917267794,55.60252950166959,75.72044532583004
*OC(=O)Nc1c(ccc(c1)NC(=O)OCCN(CC*)c1ccc(cc1)c1oc2c(n1)ccc(c2)[N+](=O)[O-])C,tg,156.0,138.34916192624493,162.9968321695998,147.2851495622663
*C(=C(*)C)CCCCC,tg,180.0,112.95384299073672,124.56797560583024,117.16453489089993
*C(C*)C(C(F)(F)F)(F)F,tg,41.0,1.3979114844637757,27.269322196278285,10.777564975630291
*c1cc2c(C(=O)N(C2=O)c2cc(c(cc2)Oc2c(cc(cc2)N2C(=O)c3c(C2=O)cc(cc3)C(=O)*)Br)Br)cc1,tg,296.0,292.91994630659383,291.1084735954791,292.26319872803214
*OC(C*)COC(=O)c1ccc(cc1)N1C(=O)C2C(C1=O)C1C=CC2C1,tg,62.5,140.8509933599794,120.52445489823988,133.48162763154158
*Oc1ccc(cc1)S(=O)(=O)c1ccc(cc1)Oc1c(cc(cc1C)c1cc(c(c(c1)C)*)C)C,tg,268.07,246.55394479468015,277.1848380245418,257.6591438045594
*N(CC(C*)O)c1ccccc1,tg,65.75,82.92752742900753,100.12032994974282,89.16076039735543
*N(CC*)C(=O)c1c(cccc1)F,tg,109.0,97.76062806586236,95.00072575115517,96.76002830461316
*c1nc(ccc1)Oc1ccc(cc1)Oc1ccc(cc1)S(=O)c1ccc(cc1)Oc1ccc(cc1)O*,tg,138.0,140.28496421210224,128.04831735773715,135.84858041122573
*C(C*)(C(=O)OCCN(c1cc(c(cc1)N=Nc1ccc(cc1)OC)C)CC)C,tg,95.0,94.86776377858776,123.4830286612283,105.24219879285413
*Nc1c(cccc1)c1ccc(cc1)NC(=O)c1cc(ccc1)C(=O)*,tg,248.0,272.09126329908565,250.55280624210397,264.2825177235457
*C(C*)(C(=O)OCc1c(cccc1Cl)Cl)C,tg,58.9,52.544313049390006,85.52216734062407,64.50040039149613
*C(C*)(C(=O)OCCC)F,tg,62.0,78.41662002957001,86.78785632440453,81.45160318579843
*c1nc2c(c(c1c1ccccc1)c1ccc(cc1)Oc1ccc(cc1)c1c(c(nc3c1cccc3)c1ccc(cc1)c1ccc(cc1)*)c1ccccc1)cccc2,tg,345.0,315.2634396804908,301.7802767519066,310.37513275189696
*N1C(=O)c2c(C1=O)cc(cc2)NC(=O)OCCOc1ccc(cc1)C(c1ccc(cc1)OCCOC(=O)Nc1cc2c(C(=O)N(C2=O)c2cc(ccc2)P(=O)(c2cc(ccc2)*)C)cc1)(C(F)(F)F)C(F)(F)F,tg,204.0,208.8090720855902,217.35379532868814,211.90695275746157
*OP(=O)(Oc1ccc(cc1)S(=O)(=O)c1ccc(cc1)*)Oc1ccc(cc1)C,tg,66.0,86.35488340023387,99.74722230555892,91.21026217209395
*Oc1ccc(cc1)C(=O)OCCN(CCOC(=O)c1ccc(cc1)OCC#CC#CC*)c1ccc(cc1)N=Nc1ccc(cc1)N=Nc1cc(c(c(c1)C)C#N)C,tg,120.0,124.51133829998793,114.96682171676434,121.05098357528607
*C(C*)(C(=O)OCCC(C(C(C(C(C(C(C(F)(F)F)(F)F)(F)F)(F)F)(F)F)(F)F)(F)F)(F)F)C,tg,31.25,67.85416505657504,36.25055458648996,56.39630840619026
*C1C(CC(C1)C(O)(C(F)(F)F)C(F)(F)F)(C(C*)(F)F)F,tg,118.0,130.61901535080997,129.81867725185901,130.32885359165587
*c1nc(ccc1)N1C(=O)N(C(=O)C1=O)c1ccc(cc1)Cc1ccc(cc1)N1C(=O)N(C(=O)C1=O)*,tg,216.67,231.23860267810053,224.75771796726383,228.8889645551169
*c1cc2c(C(=O)N(C2=O)c2ccc(cc2)Oc2ccc(cc2)N2C(=O)c3c(C2=O)cc(cc3)C(=O)Nc2ccc(cc2)S(=O)(=O)c2ccc(cc2)NC(=O)*)cc1,tg,275.0,287.8510757545696,277.32882303658744,284.036243794282
*N1C(=O)c2c(C1=O)cc(cc2)S(=O)(=O)c1cc2c(C(=O)N(C2=O)c2cc(c(cc2)Oc2c(cc(cc2C(C)(C)C)c2ccc(cc2)*)C(C)(C)C)C(F)(F)F)cc1,tg,365.5,351.4576341177662,364.3927243193618,356.14723783978303
*ON(C(C(*)(F)F)(F)F)C(F)(F)F,tg,-40.62,-36.34705006707895,-18.38086042855807,-29.833426390231804
*C(C*)(C(=O)OC12CC3(CC(CC(C1)C3)(C2)C)C)CC(=O)OC,tg,144.0,170.08414854197883,186.56401097318306,176.05890581009334
*OP(=O)(N=Nc1ccc(cc1)c1ccc(cc1)N=NP(=O)(OCC*)OCC)OCC,tg,43.0,42.09889754354196,49.241005550364996,44.68826149615758
*Nc1c(cc(c(c1)[N+](=O)[O-])NC(=O)CCCCCCC(=O)*)C=Cc1ccc(cc1)N(C)C,tg,177.6,160.3358671533633,153.00144907963758,157.67678138269522
*N1C(=O)c2c(C1=O)cc(cc2)Oc1ccc(cc1)Sc1ccc(cc1)Oc1cc2c(C(=O)N(C2=O)c2ccc(cc2)Oc2ccc(cc2)C(=O)c2cc(ccc2)C(=O)c2ccc(cc2)Oc2ccc(cc2)*)cc1,tg,192.0,198.31588243277565,190.65672642869723,195.53906325761426
*c1nc2c(nc1)cc(cc2)c1ccc2c(nc(cn2)c2ccc(cc2)*)c1,tg,376.0,368.2273697067905,335.8050297338874,356.4726835125912
*Nc1ccc(cc1)c1ccc(cc1)NC(=O)c1cc(cc(c1)NC(=O)c1ccc(cc1)NC(=O)C(N1C(=O)c2c(C1=O)cccc2)C)C(=O)*,tg,202.0,256.4753923492828,253.2969713517099,255.32305906763972
*c1c(cc(cc1)*)C(=O)c1ccc(cc1)F,tg,194.0,189.26963871702745,213.3997838898001,198.01799816805632
*c1ccc(cc1)C(=Cc1c(cc(c(c1)OC)C=C(*)c1ccc(cc1)F)OC)c1ccc(cc1)F,tg,193.0,184.47415612557404,173.6093373155353,180.53512717900279
*C(C*)C(=O)OC1C2(CCC(C1)C2(C)C)C,tg,98.6,124.07499276880576,80.42565714444339,108.24997078462829
*c1cc2c(C(=O)N(C2=O)c2ccc(cc2)Oc2ccc(cc2)N2C(=O)c3c(C2=O)cc(cc3)C(=O)c2ccc(cc2)Oc2ccc(cc2)Oc2ccc(cc2)C(=O)*)cc1,tg,220.0,224.5318539273062,241.90860470054565,230.83177714644924
*NC(=O)CCCCCC*,tg,51.14,50.715382017516475,47.28194996360073,49.470594738232656
*c1cc2c(C(=O)N(C2=O)c2cc(c(cc2)Oc2c(cc(cc2)N2C(=O)c3c(C2=O)cc(cc3)C(=O)Nc2ccc(cc2)c2ccc(cc2)NC(=O)*)c2ccccc2)c2ccccc2)cc1,tg,358.0,300.9316732249126,332.5226178624622,312.38493789066683
*c1sc(cc1)Oc1ccc(cc1)C(c1ccc(cc1)Oc1ccc(cc1)S(=O)(=O)*)(C)C,tg,160.93,144.30296850413063,132.03777993574735,139.85623693403053
*NC(=O)CCCCC(=O)NCCCC*,tg,59.62,60.13167543268387,63.51742250498786,61.359174570658624
*c1cc2c(C(=O)N(C2=O)c2ccc(cc2)c2cc(c(cc2)Oc2cc3c(C(CC3(c3ccc(cc3)Oc3c(cc(cc3)c3ccc(cc3)N3C(=O)c4c(C3=O)cc(cc4)C(=O)*)C(F)(F)F)C)(C)C)cc2)C(F)(F)F)cc1,tg,252.0,261.8449277564634,257.5812699163628,260.29914296758926
*OC(=O)CCCCC(=O)OCC(C(C(C*)(F)F)(F)F)(F)F,tg,-60.5,-32.89162757955617,-49.209629289131676,-38.80770240860234
*c1c(nc2c(n1)cc(cc2)Oc1ccc(cc1)NC(=O)c1cc2c(C(=O)N(C2=O)c2ccc(cc2)C(c2ccc(cc2)N2C(=O)c3c(C2=O)cc(cc3)C(=O)Nc2ccc(cc2)Oc2cc3c(nc(c(n3)c3ccc(cc3)Oc3ccc(cc3)*)c3ccc(cc3)[N+](=O)[O-])cc2)(C(F)(F)F)C(F)(F)F)cc1)c1ccc(cc1)[N+](=O)[O-],tg,303.0,297.06715346728527,267.76317616443384,286.44302646951644
*C(C*)(C(=O)Oc1ccc(cc1)N=Nc1ccc(cc1)[N+](=O)[O-])C,tg,145.0,125.98617031393223,133.58765243924125,128.74207988333717
*C=CC(C(*)C(=O)OCCN(c1ccc(cc1)N(C)C)C)C,tg,16.0,38.380906396045695,40.40101071947416,39.1132931522543
*C(C*)c1c(ccc(c1)Br)OC(C)C,tg,35.0,84.95821062113787,83.35499054254771,84.3769648214881
*c1ccc2N(c3c(Sc2c1)cc(cc3)c1sc(c(c1CCCCCC)CCCCCC)C=CC1=CC(=C(C#N)C#N)C=C(O1)C=Cc1sc(c(c1CCCCCC)CCCCCC)*)CCCCCC,tg,130.0,130.12045007965094,119.418687074975,126.24053684853341
*N1C(=O)c2c(C1=O)cc(cc2)C(=O)c1cc2c(C(=O)N(C2=O)CCC(=O)Nc2ccc(cc2)Cc2ccc(cc2)NC(=O)CC*)cc1,tg,221.0,202.39209955708395,227.96655584156278,211.6640925243578
*c1[nH]c(nc1c1ccc(cc1)Oc1ccc(cc1)C(=O)c1ccc(cc1)Oc1ccc(cc1)*)c1ccccc1,tg,259.0,238.4790599225585,242.2813078792065,239.857561030137
*c1nc2c(nc1)ccc(c2)c1ccc2c(nc(cn2)c2ccc(cc2)c2ccc(cc2)c2ccc(cc2)*)c1,tg,305.0,333.6965600975972,333.6983485361849,333.6972084941779
*N1C(=O)c2c(C1=O)cc(cc2)C(=O)c1cc2c(C(=O)N(C2=O)CCCCCCCCCCC(=O)Nc2ccc(cc2)Cc2ccc(cc2)NC(=O)CCCCCCCCCC*)cc1,tg,136.0,156.0961387258612,177.55993258758386,163.87781523632876
*O[Si](*)(CCCCCn1c2ccccc2c2ccccc12)C,tg,7.0,9.119172667588822,-32.66630338571169,-6.030108935536656
*C(C*)C(=O)OCC(F)(F)F,tg,0.97,11.685465909256608,10.748951697041928,11.345933639525564
*c1sc(cc1)c1sc(cc1)c1sc(cc1)c1sc(cc1)[Si]([Si](*)(CCCC)CCCC)(CCCC)CCCC,tg,-1.0,-5.309913257462136,-4.069011663221127,-4.860025653718071
*c1ccc2c3n(c4ccc(cc4n3)c3cc4n5c(nc4cc3)c3cccc4c(ccc(c5=O)c34)Oc3ccc(cc3)C(c3ccc(cc3)O*)(c3ccccc3)c3ccccc3)c(=O)c3cccc1c23,tg,357.0,366.2953477747948,400.8670634997326,378.82928794941955
*Oc1ccc(cc1)c1ccc(cc1)OC1(C(C(C1(F)F)(F)F)(*)F)F,tg,157.93,113.67435286621414,139.65860722295741,123.0949177054282
*c1nc(sc1)N=Cc1ccc(cc1)OCCCCCCCCOc1ccc(cc1)C=Nc1nc(cs1)c1ccc(cc1)Oc1ccc(cc1)*,tg,150.0,115.8592446434942,122.33899526773736,118.20847160454336
*N1C(=O)N(C(=O)C1=O)c1ccc(cc1)Oc1ccc(cc1)N1C(=O)N(C(=O)C1=O)c1c(cccc1)CCc1ccc(cc1)*,tg,208.0,221.90163396242704,193.2415271519355,211.51094155308462
*OC(COC(=O)c1cc(ccc1)C(C(C(c1cc(ccc1)C(=O)OCC(*)(F)F)(F)F)(F)F)(F)F)(F)F,tg,30.0,36.99477915712008,24.730563245031327,32.54840022256467
*C(C*)c1ccc(cc1)Br,tg,132.66,133.2137959775993,96.58687192986605,119.93474212770134
*NC(=O)c1cc(ccc1)C(=O)NCC(CCC*)(C)C,tg,153.0,140.4113961563016,144.854020145945,142.02206493963817
*OP(=O)(N=Nc1ccc(cc1)Oc1ccc(cc1)N=NP(=O)(OCC1CCC(CC1)C*)OC)OC,tg,50.0,52.30008472208903,58.55480642613691,54.567727678290744
*c1cc2c(C(=O)N(C2=O)c2cc(c(cc2)Oc2c(cc(cc2)N2C(=O)c3c(C2=O)cc(cc3)C(=O)Nc2cc(c(cc2)Oc2c(cc(cc2)NC(=O)*)c2ccccc2)c2ccccc2)c2ccccc2)c2ccccc2)cc1,tg,369.0,337.5036863554067,343.11338768896377,339.53747783604183
*Oc1ccc(cc1)C(c1ccc(cc1)OCC(COc1c(cc(cc1Cl)C(c1cc(c(c(c1)Cl)OCC(C*)O)Cl)(C)C)Cl)O)(C)C,tg,100.0,120.2670279220976,119.24709036116471,119.8972506026178
*c1cc2C(c3c(c2cc1)ccc(c3)c1ccc(cc1)c1c(c(cc(c1)c1ccc(cc1)OCCCCCC)c1ccc(cc1)*)c1ccc(cc1)OCCCCCC)(CCCCCC)CCCCCC,tg,98.5,112.62340493664566,95.88500079995868,106.55491363765609
*Oc1c(c2c(cc1)cccc2)Sc1c2c(ccc1OCC(=O)Nc1ccc(cc1)Oc1ccc(cc1)NC(=O)C*)cccc2,tg,245.0,233.4612781911029,244.49510428530297,237.4615805556789
*C(C*)(C(=O)OCCCCc1ccccc1)C,tg,9.0,38.77992424108312,58.660992171096574,45.98778508389028
*C(C*)OCCOCCOCCOC,tg,-71.3,-48.26250356168779,-51.87191853939176,-49.57109326998806
*C(C(CCCCCCCC*)c1ccc(cc1)O)c1c(cc(cc1)O)C,tg,-12.0,6.306096187275016,5.87743105693412,6.150684082727226
*OC(=O)OCC1(CC=CCC1)C*,tg,30.0,36.52923501416014,59.61633625640201,44.89943995504568
*Oc1cc(ccc1)Oc1ccc(cc1)NC(=O)c1ccc(cc1)Oc1cc(ccc1)Oc1ccc(cc1)C(=O)Nc1ccc(cc1)*,tg,176.5,166.21472853892445,190.19732418066042,174.90959405839604
*Oc1ccc(cc1)CC(NC(=O)CCc1ccc(cc1)OC(=O)CCCCCCC(=O)*)C(=O)OC,tg,55.5,59.83805228149256,44.025784063522906,54.10533061254194
*Nc1ccc(cc1)C1(c2ccccc2c2ccccc12)c1ccc(cc1)NC(=O)c1cc(ccc1)C(=O)*,tg,277.0,306.6858183966674,317.7827178987121,310.7089879607433
*c1cc2c(C(=O)N(C2=O)c2ccc(cc2)Oc2ccc(cc2)N2C(=O)c3c(C2=O)cc(cc3)C(=O)Nc2ccc(cc2)Oc2c(cccc2)c2c(cccc2)Oc2ccc(cc2)NC(=O)*)cc1,tg,244.0,243.73499821703655,246.8077186058892,244.84900985110332
*C(C*)C(=O)Oc1ccc(cc1)C#N,tg,92.0,102.52673548128956,95.18369624759947,99.86452411789449
*N1C(=O)c2c(C1=O)cc(cc2)Oc1cc2c(C(=O)N(C2=O)CC2C3C(CC2)C2C(CC3C2)C*)cc1,tg,201.0,212.64723599813033,214.77815842879272,213.41979974576702
*C1COC2C1OCC2OC(=O)CCCCCCCCC(=O)O*,tg,109.0,17.720821233720304,22.409919527348812,19.420849023862054
*Oc1c(cc(cc1C)S(=O)(=O)c1cc(c(c(c1)C)OCC(COc1c(cc(cc1C)C(c1cc(c(c(c1)C)OCC(C*)O)C)(C)C)C)O)C)C,tg,145.0,126.74971792954308,135.9928519452919,130.10080671267414
*OC(=O)NC(=O)c1ccc(cc1)C(=O)NC(=O)OCC(C*)(C)C,tg,102.0,103.60885631340552,81.87556529925386,95.72947388597825
*OC(*)C,tg,-21.07,-36.61202890017336,-25.893530254659517,-32.72604817958798
*Oc1ccc(cc1)C(=O)OCC*,tg,77.67,80.65683470307779,76.27408918571314,79.0678747986196
*c1cc2c(nc([nH]2)S(=O)(=O)c2nc3c([nH]2)ccc(c3)c2cc(ccc2)*)cc1,tg,286.5,310.2997072375733,316.9739617214938,312.71945137400155
*c1cc2c(C(=O)N(C2=O)c2ccc(cc2)c2nc(cc(c2)c2ccc(cc2)OC)c2ccc(cc2)N2C(=O)c3c(C2=O)cc(cc3)C(=O)*)cc1,tg,331.0,339.48801284789556,312.7449302595468,329.7923356094754
*Oc1ccc(cc1)Oc1ccc(cc1)C(=O)c1cc(ccc1)c1cc(ccc1)C(=O)c1ccc(cc1)*,tg,154.0,162.52416701135004,151.6561034181556,158.5839616719646
*c1c(cc(cc1)CC*)CC,tg,25.0,59.48291064488988,107.42324310973517,76.86362914456663
*N1C(=O)c2c(C1=O)cc(cc2)Oc1cc2c(C(=O)N(C2=O)c2c(ccc(c2)C(c2cc(c(cc2)OCCN(c2ccc(cc2)C=CC2=CC(=C(S(=O)(=O)C)C#N)CC(C2)(C)C)c2ccccc2)*)(C(F)(F)F)C(F)(F)F)OCCN(c2ccc(cc2)C=CC2=CC(=C(S(=O)(=O)C)C#N)CC(C2)(C)C)c2ccccc2)cc1,tg,234.0,217.7944588842331,206.0757319558812,213.5458464227817
*OCC(C*)O,tg,17.0,-22.080939436984917,-9.345160685299685,-17.463595877268748
*OC(=O)OCCOCC*,tg,-40.0,-15.933067587100211,-33.72230751740556,-22.382538328225667
*Oc1ccc(cc1)C(c1ccc(cc1)OC(=O)*)(CC)c1ccccc1,tg,147.0,185.66877067073472,168.1283637818592,179.30951409426245
*c1cc2c(C(=O)N(C2=O)c2ccc(cc2)Oc2ccc(cc2)C2(C3C4C(CCC4)C(C2)C3)c2ccc(cc2)Oc2ccc(cc2)N2C(=O)c3c(C2=O)cc(cc3)C(=O)Nc2ccc(cc2)Oc2ccc(cc2)Oc2ccc(cc2)NC(=O)*)cc1,tg,257.0,259.37485879857473,305.945133904239,276.25886440403457
*Oc1cc(ccc1)Oc1ccc(cc1)Oc1c(cc(cc1)S(=O)(=O)c1cc(c(cc1)Oc1ccc(cc1)Oc1cc(ccc1)Oc1ccc(cc1)c1ccc(cc1)*)S(=O)(=O)O[Na])S(=O)(=O)O[Na],tg,283.0,275.42070454934594,240.7349823745659,262.8454314529416
*C(C*)(C(=O)OCCCCCCOc1ccc(cc1)N=Nc1ccc(cc1)OCCCC)C,tg,79.0,67.5097934036545,79.2758827459114,71.77557705982285
*OC(=O)NC(=O)c1cc(ccc1)C(=O)NC(=O)OCC(C*)CCCC,tg,64.0,97.31272207710656,112.27330340041193,102.73666553353898
*c1c2c(c(nn1)c1ccc(cc1)Oc1ccc(cc1)C(c1ccc(cc1)Oc1ccc(cc1)*)(C)C)c(c(c(c2c1ccc(cc1)F)c1ccc(cc1)F)c1ccc(cc1)F)c1ccc(cc1)F,tg,276.67,274.30488391459903,256.6574921282486,267.906840072976
*C=CC(C(*)C(=O)OC)C,tg,53.0,47.64474329098036,29.031320191004646,40.896465784701235
*Nc1ccc(cc1)CC(NC(=O)CCC(=O)*)(C)C,tg,158.0,122.9636719056537,122.40391395628713,122.76073223365559
*OC(=O)c1cc2c(cc1)cc(cc2)C(=O)OCCCCCCC*,tg,44.25,50.34033214106625,48.40578056301768,49.63896244518807
*NC(=O)C(CC(C(=O)NCCCCCC*)CC)CC,tg,94.0,79.21884527821366,136.35188812461013,99.9323715240186
*Oc1ccc(cc1)C(=O)c1ccc(cc1)OCCCCCCOC(=O)OCCCCCCCCCOC(=O)OCCCCCC*,tg,-6.0,-8.437080585926044,-1.9372359142851103,-6.080568548545883
*C(C*)(c1cc2c(cc1)cccc2)C,tg,208.0,167.033319796089,159.49241633510513,164.2993729594727
*Oc1ccc(cc1)NC(=O)c1c(cc(cc1)c1cc(c(cc1)C(=O)Nc1ccc(cc1)Oc1ccc(cc1)C(c1ccc(cc1)*)(C)C)C)C,tg,230.0,215.94312868790735,214.40965992441477,215.38717115620156
*Oc1ccc(cc1)N=CCCCC=Nc1ccc(cc1)OC(=O)NCCCCCCNC(=O)*,tg,72.0,65.27568099386873,49.83391127153014,59.67728317554722
*C(C*)(C(=O)OCCOCCOCCOCCOc1ccc(cc1)N=Nc1ccc(cc1)C#N)C,tg,20.0,26.646989929642498,48.70767923709987,34.6450702734306
*S(=O)(=O)C1C(CCCC1)*,tg,77.0,70.82487749993167,62.16082597656719,67.68373448210386
*C(C*)c1nc(ccc1)C,tg,92.0,117.71796680550916,122.78686120138529,119.55568928404885
*OC(=O)c1cc(ccc1)C(=O)OCCOCC*,tg,16.0,-4.188170310747188,-9.78812071319283,-6.218426601281517
*Oc1ccc(cc1)C(c1ccc(cc1)Oc1c(c(c(c(c1F)F)C(=O)c1c(c(c(c(c1F)F)*)F)F)F)F)(c1ccccc1)C,tg,175.0,160.94600287609904,164.19171487879368,162.12273244282088
*C(C*)c1c(cccc1)COCCCCC,tg,47.0,36.699121924981526,37.811889478874136,37.10255466345834
*Oc1ccc(cc1)CC(NC(=O)CCc1ccc(cc1)OC(=O)CCCCCCCCC(=O)*)C(=O)OCCOCCOCC,tg,2.0,9.17510469034766,4.80165124261707,7.589513616230953
*Nc1c(ccc(c1)NC(=O)c1cc(cc(c1)NC(=O)C(C(CC)C)N1C(=O)c2c(C1=O)cccc2)C(=O)*)C,tg,166.0,206.39829584701977,164.94161400969043,191.36821825058965
*Oc1c(cc(cc1Cl)*)Cl,tg,179.18,167.1221168373219,198.7660767914934,178.59460215189102
*C(C*)OC(=O)C1(CCCCC1)C,tg,86.0,79.84668636626493,92.42551527920784,84.4071279224802
*C(C*)(C(=O)OC(C(F)(F)F)C(F)(F)F)C,tg,73.0,99.18787747231454,86.10626237126496,94.44515129787275
*C1C2C(C(=O)N(C2=O)c2ccc(cc2)Cl)C(C1)C=C*,tg,226.3,229.2018678694868,216.03408964175358,224.42790334159727
*c1c(cc(c(c1)OC)C=C*)OCCCC,tg,65.0,85.49294274903077,90.55990808571593,87.32996584913391
*OC(=O)c1ccc(cc1)C(C(C(c1ccc(cc1)C(=O)*)(F)F)(F)F)(F)F,tg,98.0,92.46151905458883,119.9456998425075,102.42588068723569
*OC(=O)NCCCCCCNC(=O)OCC(C(C*)(F)F)(F)F,tg,9.0,15.795460558725914,32.161443203763596,21.728930826846906
*C(C*)CO,tg,36.0,58.12699100982422,94.85321434032902,71.4420457131234
*c1[nH]c(nc1c1ccc(cc1)Oc1ccc(cc1)C(=O)c1ccc(cc1)Oc1ccc(cc1)C(=O)c1ccc(cc1)Oc1ccc(cc1)*)c1ccccc1,tg,239.0,224.34973186029595,248.82747360036362,233.2241120912608
*Oc1c(c(c(c(c1F)F)c1c(c(c(c(c1F)F)Oc1ccc(cc1)C(c1ccc(cc1)*)(C(F)(F)F)C(F)(F)F)F)F)F)F,tg,148.69,144.35211348189637,150.03815060517155,146.41358042501423
*NC(=O)c1c(cc(cc1)C(=O)NCCCCCC*)Sc1ccccc1,tg,121.0,117.99784136015656,102.31008793726706,112.31026240280312
*N1C(CN(C(C1)C)C(=O)Nc1ccc(cc1)c1ccc(cc1)NC(=O)*)C,tg,250.0,229.1191297769344,256.167667481897,238.9255494554502
*N1C(=O)c2c(C1=O)cc(cc2)Oc1ccc(cc1)C(c1ccc(cc1)Oc1cc2c(C(=O)N(C2=O)c2cc(ccc2)P(=O)(c2cc(ccc2)*)C)cc1)(C)C,tg,228.0,235.5463271068617,219.88249667180307,229.86742140427688
*Oc1ccc(cc1)OC(=O)c1c(cc(cc1)C(=O)*)Oc1ccc(cc1)c1ccccc1,tg,112.5,128.8364980412255,141.50697600910038,133.43016686856373
*Oc1c2c(ccc1)ccc(c2)Oc1ccc(cc1)NC(=O)c1ccc(cc1)C(c1ccc(cc1)C(=O)Nc1ccc(cc1)*)(C(F)(F)F)C(F)(F)F,tg,252.0,231.09254944946488,220.1589028067153,227.1285670425444
*NC(=O)CCCCCC(=O)NCCCCCCC*,tg,55.0,49.677150424676995,48.35759788341595,49.19874800053842
*N1C(=O)c2c(C1=O)cc(cc2)Oc1ccc(cc1)Oc1ccc(cc1)Oc1cc2c(C(=O)N(C2=O)c2ccc(cc2)Oc2ccc(cc2)Oc2ccc(cc2)*)cc1,tg,198.5,206.5243781596339,247.88387915565505,221.51922294144853
*C1=CC(=C(C#N)C#N)C=C(O1)C=Cc1sc(c(c1CCCCCC)CCCCCC)c1sc(cc1)c1sc(cc1)c1sc(c(c1CCCCCC)CCCCCC)C=C*,tg,112.0,125.04166700743497,123.6604231561048,124.54089846193139
*OC(C#CC#CC(OC(=O)c1ccc(cc1)C(=O)*)C)C,tg,133.0,96.05277772707386,87.79883044456739,93.06031758229669
*Oc1ccc(cc1)OC(=O)Oc1ccc(cc1)C(c1ccc(cc1)OC(=O)*)(C)C,tg,97.0,110.7180893318115,103.59058764595459,108.13402088592217
*c1cc2c(C(=O)N(C2=O)c2cc(ccc2)S(=O)(=O)c2cc(ccc2)N2C(=O)c3c(C2=O)cc(cc3)C(*)(C(F)(F)F)C(F)(F)F)cc1,tg,262.38,281.48675575694534,280.4106711463602,281.0966223820438
*OC(=O)CC*,tg,-24.18,-13.281931653948115,-7.918809757525426,-11.337537296033934
*C(C*)OC(=O)C(C(F)(F)F)(F)F,tg,42.0,34.93421917176655,43.64634717043243,38.092792266540194
*C1CC2CC(CC(C1)O2)OC(=O)Nc1ccc(cc1)Cc1ccc(cc1)NC(=O)O*,tg,200.0,184.1421657681424,170.6012016255677,179.23290306853787
*NC(=O)CCCCCC(=O)NCC(CCC*)(C)C,tg,70.5,59.265935342048614,57.7782080468633,58.72656133289124
*OC(=O)NCC(C(C(C(CNC(=O)OCC(C(C(C(C*)(F)F)(F)F)(F)F)(F)F)(F)F)(F)F)(F)F)(F)F,tg,20.0,11.91697190346366,7.90408402731188,10.462103508520734
*c1nc2c(c(c1)c1ccccc1)cc(cc2)*,tg,415.0,284.81669186341145,334.2505610606864,302.73889057777643
*N1C(=O)c2c(C1=O)cc(cc2)Oc1cc2c(cc1Oc1cc3c(C(=O)N(C3=O)c3c(cc(cc3C)c3cc(c(c(c3)C)*)C)C)cc1)cccc2,tg,308.0,327.65148043802054,325.6357454151611,326.9206777672642
*N1C(=O)c2c(C1=O)cc(cc2)Oc1cc(ccc1)Oc1cc2c(C(=O)N(C2=O)c2ccc(cc2)Oc2cc(ccc2)Oc2ccc(cc2)*)cc1,tg,188.0,203.46434523047785,203.0792857706175,203.32474231716103
*Oc1ccc(cc1)NC(=O)c1cc(ccc1)C(=O)Nc1ccc(cc1)Oc1ccc(cc1)C(c1ccc(cc1)*)(C(F)(F)F)C(F)(F)F,tg,226.25,227.78616338825617,223.08055520606715,226.08014995490387
*N1C(=O)c2c(C1=O)cc(cc2)C(c1cc2c(C(=O)N(C2=O)CC*)cc1)(C(F)(F)F)C(F)(F)F,tg,180.0,213.77797332525972,213.62419750580574,213.72222205920528
*N1C(=O)c2c(C1=O)cc(cc2)c1cc2c(C(=O)N(C2=O)c2cc(c(c(c2)C(=O)OCCCCCC)c2c(cc(cc2Br)*)C(=O)OCCCCCC)Br)cc1,tg,154.0,137.4592604441692,109.77302215396264,127.42164307074108
*C(C*)(C(=O)OCCCCCOc1ccc(cc1)OC(=O)c1ccc(cc1)OC)C,tg,38.0,38.58402685649881,32.16382960194446,36.25639090871656
*Oc1ccc(cc1)Oc1ccc(cc1)NC(=O)c1ccc(cc1)Oc1c(cc(cc1)Oc1ccc(cc1)C(=O)Nc1ccc(cc1)*)c1ccccc1,tg,209.0,200.09558765976956,226.30265230470238,209.59693214106673
*C(C(C(C*)C#N)CCC(O)(C)C=C)(C)C,tg,50.0,80.00215634615455,53.59930869770487,70.42983093718773
*OC(=O)CCCCCCCCCCCCCCCCCCCCCCCCCCCCCCCCCCC(=O)OCCCC*,tg,-55.0,-54.34432540919428,-50.859167859242234,-53.08078510422959
*N(c1ccc(cc1)C=C(c1c(cc(c(c1)OCCCCCCCC)C(=Cc1ccc(cc1)*)C#N)OCCCCCCCC)C#N)c1ccccc1,tg,78.0,109.9845405446186,129.1149518528346,116.92025159699728
*c1ccc2N(c3c(Sc2c1)cc(cc3)c1sc(cc1)c1sc(cc1)c1ccc2N(c3c(Sc2c1)cc(cc3)C=C*)c1ccc(cc1)OCCCCCCCCCCCC)c1ccc(cc1)OCCCCCCCCCCCC,tg,115.8,129.62119389524472,158.04149170121423,139.92494379528478
*N1C(=O)c2c(C1=O)cc(cc2)Oc1ccc(cc1)Sc1ccc(cc1)Oc1cc2c(C(=O)N(C2=O)c2ccc(cc2)Oc2cc(ccc2)Oc2ccc(cc2)*)cc1,tg,178.0,188.30126166970385,182.11893937231878,186.0598670443345
*c1cc2c(C(=O)N(C2=O)c2cc(ccc2)S(=O)(=O)c2cc(ccc2)N2C(=O)c3c(C2=O)cc(cc3)C(=O)*)cc1,tg,263.33,272.08406754025106,265.1198812451347,269.55920892222866
*C(C*)c1c(ccc(c1)C(=O)Oc1ccc(cc1)OC)C(=O)Oc1ccc(cc1)OC,tg,109.67,128.2498647542209,136.40151330607978,131.2052365988374
*N1C(=O)c2c(C1=O)cc(cc2)Oc1cc(ccc1)C(=O)Nc1ccc(cc1)Oc1ccc(cc1)Oc1ccc(cc1)*,tg,213.0,206.09569595582408,233.98362263960067,216.20643525004542
*Oc1cc(ccc1)NC(=O)c1cc(ccc1)OCC(COc1ccc(cc1)C(c1ccc(cc1)OCC(C*)O)(C)C)O,tg,117.0,116.19487557776688,150.83574373760865,128.75388689693398
*OC(=O)c1cc(ccc1)C(=O)OCCCCCC*,tg,5.5,3.2608204126386107,-2.78135522610002,1.0702358150134268
*Nc1cc(ccc1)NC(=O)c1ccc(cc1)NC(=O)c1ccc(cc1)[Si](c1ccc(cc1)C(=O)Nc1ccc(cc1)C(=O)*)(C)C,tg,303.0,284.1047571706467,279.2935960447142,282.3604756255043
*Oc1ccc(cc1)S(=O)(=O)c1ccc(cc1)Oc1ccc(cc1)NC(=O)c1ccc(cc1)Oc1ccc(cc1)C(c1cc(ccc1)C(c1ccc(cc1)Oc1ccc(cc1)C(=O)Nc1ccc(cc1)*)(C)C)(C)C,tg,167.0,177.47007184738018,163.81283186645177,172.51865346151246
*C(C*)(C(=O)OCCCCCC(=O)Oc1ccc(cc1)OC(=O)c1ccc(cc1)OCCCC)C,tg,40.0,35.077216709948935,23.513961654058356,30.884970416834985
*C1(c2c(C(=O)O1)cccc2)c1cc(c(c(c1)Br)OC(=O)c1ccc(cc1)C(=O)Oc1c(cc(cc1Br)*)Br)Br,tg,319.0,277.9060076185078,251.77674559474667,268.4328703979366
*Oc1ccc(cc1)C(c1ccc(cc1)OCC(=O)OC(=O)C*)(C)C,tg,105.0,81.94932419194257,131.8432178339519,100.03830429821298
*N1C(=O)c2c(C1=O)cc(cc2)S(=O)(=O)c1cc2c(C(=O)N(C2=O)CCCCCCOC(=O)CCCCCCC(=O)OCCCCCC*)cc1,tg,46.0,77.46923387493752,73.96711924322703,76.19954579732574
*c1c(c(cc(c1)C(c1ccc(cc1)O)(C)C)*)O,tg,135.0,202.0636722128005,175.48498485958245,192.4275962987264
*Oc1ccc(cc1)NC(=O)c1cc(cc(c1)C(C)(C)C)C(=O)Nc1ccc(cc1)Oc1ccc(cc1)C(c1ccc(cc1)*)(C)C,tg,215.33,221.84062274940064,215.94985306789155,219.70493022670448
*C(C*)c1cc(c(cc1)OC(=O)C)OC,tg,115.0,95.51476521017544,129.28773594911414,107.75912120711727
*C(C*)OC(=O)C(F)(F)F,tg,52.4,47.61354035353875,64.0947490668953,53.58878571487053
*Oc1ccc(cc1)CC1(c2ccccc2c2ccccc12)Cc1ccc(cc1)*,tg,138.0,232.08367444512683,199.05450105409733,220.10898141588132
*c1oc(nn1)c1nc(ccc1)c1oc(nn1)c1ccc(cc1)[Si](c1ccc(cc1)*)(c1ccccc1)c1ccccc1,tg,265.0,262.8575848832134,284.42980256376336,270.67857033829625
*N1C(=O)c2c(C1=O)cc(cc2)Oc1ccc(cc1)C(c1ccc(cc1)Oc1cc2c(C(=O)N(C2=O)c2ccc(cc2)Oc2ccc(cc2)c2ccc(cc2)Oc2ccc(cc2)*)cc1)(C(F)(F)F)C(F)(F)F,tg,217.0,225.36416078309537,241.32379553714415,231.15031003896863
*OC(=O)c1cc(ccc1)C(=O)OCCCCCCCCCC*,tg,-22.5,1.937891560523294,3.658598699019595,2.561732173571179
*c1nc2c([nH]1)ccc(c2)c1ccc2c(nc([nH]2)CCCCCNc2nc(nc(n2)NCCCCC*)N(CC)CC)c1,tg,190.0,118.03604758251332,163.20178106770118,134.41083806009556
*OC(=O)c1ccc(cc1)C(=O)OCCOC(=O)CCCCCCCCCCC(=O)OCC*,tg,-8.0,-0.2357612440846253,-6.323405614538002,-2.4428304838855985
*OC(C*)CCl,tg,-21.5,-16.93383417371452,-25.871832654160627,-20.174296380627457
*N1C(=O)c2c(C1=O)cc(cc2)[Si](c1cc2c(C(=O)N(C2=O)c2ccc(cc2)Oc2ccc(cc2)S(=O)(=O)c2ccc(cc2)Oc2ccc(cc2)*)cc1)(C)C,tg,238.0,245.8985818095472,253.4716515411729,248.6441904946837
*N(c1ccc(cc1)C(c1ccc(cc1)*)c1ccc(cc1)OCCCC)c1ccc(cc1)C,tg,170.0,159.7658628650495,102.51367964721453,139.00914239944152
*c1cc2c(oc(n2)c2ccc(cc2)Oc2ccc(cc2)c2oc3c(n2)cc(cc3)C(*)(C(F)(F)F)C(F)(F)F)cc1,tg,294.92,309.2910944432279,273.1712342140708,296.19587606210786
*Oc1ccc(cc1)C(=O)N(C(=O)c1ccc(cc1)OCCCCCC*)c1ccccc1,tg,100.0,86.88462282812998,52.745812288959335,74.5076319858109
*C(C*)C(=O)Oc1c(c(c(c(c1Cl)Cl)Cl)Cl)Cl,tg,145.0,130.03830556905828,87.34634355053939,114.56037840643609
*c1cc2c(C(=O)N(C2=O)c2cc(ccc2)Oc2cc(ccc2)N2C(=O)c3c(C2=O)cc(cc3)C(*)(C(F)(F)F)C(F)(F)F)cc1,tg,244.0,247.91108304415025,251.5573419404645,249.23303047745716
*c1c(nc2c(n1)cc(cc2)Oc1ccc(cc1)NC(=O)c1cc(cc(c1)N1C(=O)c2c(C1=O)cccc2)C(=O)Nc1ccc(cc1)Oc1cc2c(nc(c(n2)c2ccc(cc2)Oc2ccc(cc2)*)c2ccc(cc2)[N+](=O)[O-])cc1)c1ccc(cc1)[N+](=O)[O-],tg,305.0,275.13606391862436,276.25304573937456,275.5410245352399
*N1C(=O)c2c(C1=O)cc(cc2)c1cc2c(C(=O)N(C2=O)c2c(cc(c(c2C)*)C)C)cc1,tg,385.0,393.39343515750414,404.0578768613434,397.2598175891772
*Oc1c(cc(cc1)C=C1C(=O)C(=Cc2cc(c(cc2)OCCCCCCCCCC*)OC)CCC1)OC,tg,60.0,64.2022696138955,99.42461907819269,76.97209638522858
*c1nc2c(nc1c1cc3c(cc1)cccc3)cc(cc2)c1cc2c(nc(c(n2)c2ccc(cc2)*)c2cc3c(cc2)cccc3)cc1,tg,333.0,364.6619950195119,307.4066976763863,343.904145530965
*C(C(CCCCCCCCCC*)c1ccc(cc1)O)c1c(cc(cc1)O)C,tg,-4.0,0.140134791156914,-2.362622533322991,-0.767237316904451
*OC(C*)C(C)(C)C,tg,16.8,44.1740315752981,6.418538607929339,30.48581621793556
*N1C(=O)c2c(C1=O)cc(cc2)c1cc2c(C(=O)N(C2=O)CCCCCOC(=O)CCCCCCCCCCN2C(=O)c3c(C2=O)cc(cc3)c2ccc(cc2)c2cc3c(C(=O)N(C3=O)CCCCCCCCCCC(=O)OCCCCC*)cc2)cc1,tg,41.0,79.28841146141417,33.73289315599451,62.77230489594576
*C(C*)C(=O)OCCCCn1c2ccccc2c2ccccc12,tg,68.0,64.21385283263623,56.98977167225171,61.59476959704261
*Oc1ccc(cc1)S(=O)(=O)c1ccc(cc1)OCC(COc1c(cc(cc1C)C(c1cc(c(c(c1)C)OCC(C*)O)C)(C)C)C)O,tg,145.0,144.27389902782105,149.3456309897209,146.11265026302024
*Oc1ccc(cc1)S(=O)(=O)c1cc2c(cc1)cc(cc2)S(=O)(=O)c1ccc(cc1)Oc1ccc(cc1)c1ccc(cc1)*,tg,255.0,257.05738914959653,273.3412593539279,262.96108963632764
*OC(=O)c1ccc(cc1)c1ccc(cc1)C(=O)OCCCCCCC*,tg,41.71,47.30857123148176,51.52634057707923,48.83771919361057
*C1(C(C(C1(F)F)(C(*)(F)F)F)(F)F)F,tg,122.0,111.27327634350412,102.94316990171167,108.25320477342672
*N1C(=O)c2c(C1=O)cc(cc2)C(=O)Oc1ccc(cc1)C(c1ccc(cc1)OC(=O)c1cc2c(C(=O)N(C2=O)CCCOCCCCOCCC*)cc1)(C)C,tg,60.0,87.87646066934822,91.48269584043001,89.18389754201007
*Oc1c(ccc(c1)Oc1cc(ccc1)NC(=O)c1c(ccc(c1)Oc1cc(c(cc1)C(=O)O)C(=O)Nc1cc(ccc1)*)C(=O)O)C#N,tg,195.8,168.88832829388986,151.47078071842338,162.5736142358282
*Oc1ccc(cc1)S(=O)(=O)c1ccc(cc1)Oc1ccc(cc1)C=C1C(=O)C(=Cc2ccc(cc2)Oc2ccc(cc2)S(=O)(=O)c2ccc(cc2)Oc2ccc(cc2)C(c2ccc(cc2)*)(C)C)CCC1,tg,194.0,190.95450192821588,174.18915900273672,184.87624399890387
*N(CC*)C,tg,-31.0,-49.90951708934012,-18.517985778152717,-38.52854952108992
*OC(=O)NC(=O)c1cc(ccc1)C(=O)NC(=O)OCC(C*)CCCCCCCCCCCC,tg,112.0,56.61198538230328,52.14734575612264,54.9933348524587
*N1C(=O)c2c(C1=O)cc(cc2)Oc1cc2c(C(=O)N(C2=O)c2ccc(cc2)Cc2ccc(cc2)*)cc1,tg,265.33,269.98530629359044,239.37808851816982,258.88869079550255
*OC(=O)C1C2C=CC(C1C(=O)OCC*)C2,tg,0.0,92.86230147413085,87.89004511010202,91.05961501519184
*OC(=O)NC(c1cc(ccc1)C(NC(=O)OCCN(CC*)c1ccc(cc1)N=Nc1ccc(cc1)[N+](=O)[O-])(C)C)(C)C,tg,103.0,113.96984009022913,110.28459946024559,112.63375986925267
*OC(=O)CCCCCCCCC(=O)OCC(=O)NCCCCCCNC(=O)C*,tg,2.0,4.4721385479005455,1.7328791480028234,3.4790228543010393
*Oc1ccc(cc1)OCC(CN(S(=O)(=O)c1cc(ccc1)S(=O)(=O)N(CC(C*)O)C)C)O,tg,66.0,80.48472643078817,89.28166100649965,83.67404606332586
*OC(=O)NCCC*,tg,22.0,37.57070929334789,51.00482213864578,42.441233164416914
*Oc1ccc(cc1)N=Nc1cc(c(cc1)Cc1c(cc(cc1)N=Nc1ccc(cc1)OC(=O)c1ccc(cc1)C(=O)*)[N+](=O)[O-])[N+](=O)[O-],tg,198.0,209.248654444782,178.27363372956466,198.01869236707563
*Oc1ccc(cc1)C(c1ccc(cc1)OC(=O)OC1C(C(C1(C)C)OC(=O)*)(C)C)(C)C,tg,130.0,132.8131572645566,136.1225849775146,134.01298689686323
*OC(=O)Nc1c(ccc(c1)NC(=O)OCCN(CC*)c1ccc(cc1)N=Nc1ccc(cc1)c1oc2c(n1)cccc2)C,tg,152.0,166.97382105905862,151.53386513733426,161.37608083229458
*OC(=O)Nc1ccc(cc1)Cc1ccc(cc1)NC(=O)OCCCC*,tg,69.2,94.63644041625668,96.88064109378176,95.45007307642754
*N1C(=O)c2c(C1=O)cc(cc2)NC(=O)Nc1ccc(cc1)c1nc(cc(c1)c1ccc(cc1)c1ccccc1)c1ccc(cc1)NC(=O)Nc1cc2c(C(=O)N(C2=O)c2ccc(cc2)Oc2c(c3c(cc2)cccc3)c2c3c(ccc2Oc2ccc(cc2)*)cccc3)cc1,tg,302.0,258.9136176372945,270.73462421458,263.1993114808508
*C1C(=O)OC(=O)C1C(C*)OCC,tg,146.0,128.04141098958078,152.24096777146727,136.81493554849666
*Oc1ccc(cc1)C(c1ccc(cc1)OC(=O)OC1C(C(C1(C)C)OC(=O)*)(C)C)(c1ccccc1)C,tg,149.0,151.46945338586883,154.827055194466,152.68674848727488
*Nc1c(cccc1)CCc1ccc(cc1)NC(=O)*,tg,197.0,162.53919430527944,229.38753842484164,186.77499309043878
*N=P(*)(OCCCCC)OCCC,tg,-100.0,-95.82146035165675,-82.15807230283852,-90.86781299006408
*N1C(=O)c2c(C1=O)cc(cc2)Oc1c(cc(cc1C)Cc1cc(c(c(c1)C)Oc1cc2c(C(=O)N(C2=O)c2cc(ccc2)*)cc1)C)C,tg,245.0,275.21295085240286,296.8353620962695,283.052133932526
*c1cc2c(C(=O)N(C2=O)c2cc(ccc2)Cc2ccc(cc2)N2C(=O)c3c(C2=O)cc(cc3)C(=O)*)cc1,tg,265.6,282.5849179787302,278.58654899516716,281.1353133934448
*C(C*)CCCCCC,tg,-56.48,-34.83382180594626,-35.14168192082088,-34.94543617570137
*N1C(=O)c2c(C1=O)cc(c(c2)c1ccc(cc1)[Si](C)(C)C)c1cc2c(C(=O)N(C2=O)c2ccc(cc2)Oc2ccc(cc2)*)cc1c1ccc(cc1)[Si](C)(C)C,tg,348.0,351.28403641061306,325.317746276742,341.8699844820268
*c1cc2c(C(=O)N(C2=O)c2c3c(ccc2)c(ccc3)N2C(=O)c3c(C2=O)cc(cc3)C(=O)Nc2c(c(cc(c2)C(c2cc(c(c(c2)NC(=O)*)C)C)(C(F)(F)F)C(F)(F)F)C)C)cc1,tg,250.0,265.32205586694846,281.2557762627673,271.09880989875177
*N1CC(CCCC1)NC(=O)CCCCCCCCC(=O)*,tg,-46.5,62.75514893769101,127.07283268926003,86.07345939490368
*c1cc2c(C(=O)N(C2=O)c2c(ccc(c2)N2C(=O)c3c(C2=O)cc(cc3)C(=O)OCCN(CCOC(=O)*)c2ccc(cc2)C(=C(C#N)C#N)C#N)N=Nc2ccc(cc2)C(=C(C#N)C#N)C#N)cc1,tg,187.0,151.33855938522038,142.10405908029534,147.99060074511755
*C(C*)(C(=O)OCCCCCn1c2ccccc2c2ccccc12)C,tg,91.0,76.67965062456051,58.72442911350289,70.1700034311065
*Oc1ccc(cc1)C(=Nc1ccc(cc1)N=C(c1ccc(cc1)Oc1ccc(cc1)C(c1ccc(cc1)*)(c1ccccc1)c1ccccc1)C)C,tg,178.0,200.3076207451982,205.588840098417,202.2223214198473
*Oc1ccc(cc1)OC(=O)c1c(ccc(c1)N=Nc1ccc(cc1)OCC)c1c(cc(cc1)N=Nc1ccc(cc1)OCC)C(=O)*,tg,170.0,179.17526111767293,156.08962710407465,170.8055881190314
*c1oc(nn1)c1ccc(cc1)C(=O)OCCCCCCOc1ccc(cc1)C=C1C(=O)C(=Cc2ccc(cc2)OCCCCCCOC(=O)c2ccc(cc2)*)CCC1,tg,71.0,85.23945328998741,75.98818928419966,81.88541698728345
*OC(=O)Nc1ccc(cc1)Cc1ccc(cc1)NC(=O)OCC*,tg,107.23,105.5603474156542,117.03164509316018,109.71925465529283
*Oc1ccc(cc1)S(=O)(=O)c1ccc(cc1)Oc1ccc(cc1)C=Cc1ccc(cc1)*,tg,214.0,155.91173911116076,198.434022930727,171.32814961630692
*C(C*)OC(=O)c1cc(ccc1)OC,tg,44.0,57.60217529393122,69.86868723192104,62.04938665032859
*Nc1ccc(cc1)Cc1ccc(cc1)NC(=O)c1cc(cc(c1)S(=O)(=O)c1ccccc1)C(=O)*,tg,270.0,283.2364794802395,286.2347188762509,284.32348810653406
*c1[nH]c(nc1c1ccc(cc1)NC(=O)Nc1ccc(cc1)NC(=O)Nc1ccc(cc1)*)c1ccc(cc1)c1[nH]c(c(n1)c1ccc(cc1)[N+](=O)[O-])c1ccc(cc1)[N+](=O)[O-],tg,272.0,258.80437376649104,268.05975025695295,262.1599010463072
*Oc1ccc(cc1)S(=O)(=O)c1ccc(cc1)Oc1ccc(cc1)C1CC(CCC1)C(c1ccc(cc1)*)C,tg,230.0,192.44276410263151,175.90219271761043,186.4459968654065
*Oc1ccc(cc1)CC(NC(=O)CCc1ccc(cc1)OC(=O)CCCC(=O)*)C(=O)OCCCCCCCCCCCC,tg,27.5,31.07441399698295,32.01433919821066,31.415182917291766
*Oc1c(cc(cc1)C1(C2CCC(C1)C2)c1cc(c(cc1)OC(=O)*)C)C,tg,161.0,187.78367052255552,204.4191400052917,193.8148429680413
*Oc1c(cc(c(c1)C(C)(C)C)Oc1ccc(cc1)C(=O)Nc1c(cc(cc1C)Cc1cc(c(c(c1)C(C)C)NC(=O)c1ccc(cc1)*)C)C(C)C)C(C)(C)C,tg,260.0,265.19696216013426,229.896460747414,252.39880147983763
*Oc1ccc(cc1)C(c1ccc(cc1)OC(=S)*)C,tg,101.67,115.36897675402732,131.29480925763394,121.14287103857716
*N1C(=O)c2c(C1=O)cc(cc2)Oc1ccc(cc1)C(c1ccc(cc1)Oc1cc2c(C(=O)N(C2=O)c2ccc(cc2)N(c2ccc(cc2)*)c2ccc(cc2)C#N)cc1)(C)C,tg,230.0,235.45124042151497,230.05639874649944,233.49534609031633
*c1sc(nn1)SCC(=O)NN=Cc1cc(c(cc1)OCCCCCCCCCCOc1c(cc(cc1)C=NNC(=O)CS*)OC)OC,tg,156.0,76.53585526007714,68.82224084249206,73.73929224280133
*N1C(=O)c2c(C1=O)cc(cc2)Oc1cc2c(C(=O)N(C2=O)c2c(ccc(c2)C(c2cc(c(cc2)OCCN(c2ccc(cc2)C=CC2=CC(=C(C#N)C#N)CC(C2)(C)C)c2ccccc2)*)(C(F)(F)F)C(F)(F)F)OCCN(c2ccc(cc2)C=CC2=CC(=C(C#N)C#N)CC(C2)(C)C)c2ccccc2)cc1,tg,220.0,217.4529154393708,205.89006154928964,213.26081458851075
*O[Si](O[Si](c1ccc(cc1)[Si](*)(C)C)(C)C)(c1ccccc1)c1ccccc1,tg,0.0,11.923812238562212,6.56921394803403,9.98250810524677
*N=P(*)(OCCCCCCCC)OCCCCCCCC,tg,-84.0,-97.12054196984307,-100.78619521717789,-98.44952080527507
*N1C(=O)N(C(=O)C1=O)c1ccc(cc1)Cc1ccc(cc1)N1C(=O)N(C(=O)C1=O)CCCCCC*,tg,158.0,149.32147960695008,141.87156972144075,146.6205223980499
*OC(=O)CCCCCCCCCCC(=O)OCC#CC*,tg,-27.0,-37.48016946752898,-8.267894281155565,-26.889288978292335
*Nc1ccc(cc1)Cc1ccc(cc1)NC(=O)CCCCCCCCC(=O)*,tg,160.0,117.66636736617612,133.583441208553,123.43708620705587
*Nc1cc(ccc1)NC(=O)CCCCC(=O)Nc1ccc(cc1)C(=O)NC(=S)*,tg,267.0,203.07274208167655,235.30596863770143,214.75886540002017
*c1cc2c(C(=O)N(C2=O)c2c(c(cc(c2)C(F)(F)F)N2C(=O)c3c(C2=O)cc(cc3)C(=O)Nc2ccc(cc2)Oc2ccc(cc2)NC(=O)*)Oc2ccc(cc2)C(F)(F)F)cc1,tg,295.0,284.32416895012267,287.887356712065,285.6159990286318
*C(C*)(C(=O)OC1C2(CCC(C1)C2(C)C)C)C,tg,149.83,152.74509542209867,107.8013905472319,136.45080119008787
*Oc1ccc(cc1)C1(CC(CCC1)c1ccc(cc1)OCC(C*)OC(=O)C)CC,tg,107.0,128.61314845282564,147.96544843633126,135.6293050174732
*Oc1ccc(cc1)C(c1ccc(cc1)Oc1ccc(cc1)C(=O)c1cc(cc(c1)C(C)(C)C)C(=O)c1ccc(cc1)*)(C(F)(F)F)C(F)(F)F,tg,181.0,172.99218733597266,176.6518472354511,174.3189932892696
*OC(C*)CS(=O)(=O)CCCCC,tg,38.5,9.1308829330068,1.5258901696836726,6.373700585380697
*C(C*)(C(=O)Oc1c(cc(cc1OC)C=Cc1ccccc1)OC)C,tg,140.0,120.8103210499882,140.00864663777702,127.77065435496033
*Nc1ccc(cc1)C(c1ccc(cc1)NC(=O)c1cc(cc(c1)N1C(=O)C=CC1=O)C(=O)*)(C)C,tg,303.0,280.457933371604,301.19186290999204,287.9749983181835
*C1C(C(C(C1)C*)OC(=O)CCCCCCCCCCOc1ccc(cc1)c1ccc(cc1)C#N)OC(=O)CCCCCCCCCCOc1ccc(cc1)c1ccc(cc1)C#N,tg,14.5,21.597491011992,66.58248631717356,37.90675504727979
*N1C(=O)c2c(C1=O)cc(cc2)Oc1ccc(cc1)C1(CCC(CC1)c1ccccc1)c1ccc(cc1)Oc1cc2c(C(=O)N(C2=O)c2ccc(cc2)Oc2cc(c(cc2)c2c(cc(cc2)Oc2ccc(cc2)*)C)C)cc1,tg,226.0,239.816719245287,240.44484431228523,240.04444534585366
*O[Si](Oc1ccc(cc1)C1(c2ccccc2c2ccccc12)c1ccc(cc1)*)(c1ccccc1)c1ccccc1,tg,166.0,183.6957255735831,163.0898764153147,176.22509603780983
*C(C*)(C(=O)OCCCOc1ccc(cc1)C(=O)Oc1ccc2c(c1)oc(=O)cc2)C,tg,68.0,105.82291617659058,124.6886652662076,112.6626742123242
*C(C*)(C(=O)Oc1cc2c(CCC2)cc1)C,tg,104.25,120.9744875206212,139.73698133717417,127.77681046271941
*c1c2n(c3c(c2cc(c1)C(C)(C)C)cc(cc3C#CC#C*)C(C)(C)C)CCCCCCCCCCCCCCCC,tg,67.0,82.47499004928619,83.88392703327034,82.98579871170774
*NC(=O)CCCCC(=O)NCCCCCCCCC*,tg,60.33,46.21318853661611,47.92505637488256,46.83382447040689
*N1C(=O)c2c(C1=O)cc(cc2)Oc1ccc(cc1)Oc1cc2c(C(=O)N(C2=O)c2ccc(cc2)Oc2ccc(cc2)S(=O)(=O)c2ccc(cc2)Oc2ccc(cc2)*)cc1,tg,201.0,225.57956502018877,247.81400667874635,233.6406391011468
*C(C*)(C(=O)OCCCCCCCCCCCC[n+]1ccc(cc1)N(C)C)C,tg,55.5,52.36716370219785,63.162102913138426,56.280857871591984
*Oc1ccc(cc1)Oc1ccc(cc1)C(=O)c1cc(ccc1)NC(=O)CCCCCCCCC(=O)Nc1cc(ccc1)C(=O)c1ccc(cc1)*,tg,144.0,148.5874958297133,139.84682373430184,145.4185741018607
*Nc1cc(cc(c1)C(=O)OCCOC(=O)C=Cc1ccc(cc1)N(C)C)NC(=O)c1cc(ccc1)C(=O)*,tg,186.0,190.78406513996353,158.20597844363417,178.97291313049047
*N1C(=O)c2c(C1=O)c(ccc2)Oc1ccc(cc1)C(=O)c1ccc(cc1)ON1C(=O)c2c(C1=O)c(ccc2)c1ccc(cc1)Oc1ccc(cc1)*,tg,252.0,244.17843065425097,241.78492662914132,243.31066821812732
*Oc1cc(ccc1)OC(=O)c1ccc(cc1)Oc1ccc(cc1)C(=O)*,tg,159.0,125.906433775751,120.32875180482256,123.88425088228612
*Oc1ccc(cc1)C(c1ccc(cc1)OC1(C(C(C1(F)F)(F)F)(*)F)F)(C)C,tg,98.0,107.07561993843149,114.60939306805636,109.80698168070684
*C(C*)(C(=O)Oc1c(cccc1C(C)C)C(C)C)C,tg,198.0,118.98346644739972,109.85332418691627,115.67334270956727
*Nc1cc(cc(c1)C(=O)OC)NC(=O)c1cc(cc(c1)OCCN(c1ccc(cc1)[N+](=O)[O-])C)C(=O)*,tg,177.0,192.5777691571785,201.62875865488567,195.85919614182734
*c1cc2c(C(=O)N(C2=O)c2ccc(cc2)Oc2ccc(cc2)NC(=O)c2cc(ccc2)C(=O)Nc2ccc(cc2)Oc2ccc(cc2)N2C(=O)c3c(C2=O)cc(cc3)C(=O)*)cc1,tg,232.0,253.108066352096,243.16608655073716,249.50361174420186
*OC(CCCCC(=O)*)C,tg,-40.0,-47.91106951032444,-21.645780480911686,-38.388615837988525
*NC1CCC(CC1)CC1CCC(CC1)NC(=O)CCCCCCCCC(=O)*,tg,139.33,135.28536351808037,138.68857877935636,136.5191957300997
*C(C*)C(=O)OCCCCOC(=O)c1ccc(cc1)OC(=O)c1ccc(cc1)C#N,tg,40.0,37.472643951635455,40.4620326269709,38.55644375820183
*c1sc(cc1)c1ccc(cc1)C=Nc1cc(ccc1)N=Cc1ccc(cc1)*,tg,150.0,169.08912410739495,147.10846099333995,161.12005717817064
*N1C(=O)c2c(C1=O)cc(cc2)Oc1cc2c(C(=O)N(C2=O)c2cc(c(c(c2)Br)Oc2c(cc(cc2Br)*)Br)Br)cc1,tg,283.0,279.1390753440669,276.5966727960665,278.2173299007691
*c1cc2c(C(=O)N(C2=O)c2ccc(cc2)Oc2ccc(cc2)C(c2ccc(cc2)Oc2ccc(cc2)N2C(=O)c3c(C2=O)cc(cc3)C(*)(C(F)(F)F)C(F)(F)F)(C(F)(F)F)C(F)(F)F)cc1,tg,259.43,261.6722664005881,286.42165434929564,270.6451316866438
*c1cc2c(C(=O)N(C2=O)c2c(cc(cc2C(C)C)Cc2cc(c(c(c2)C(C)C)N2C(=O)c3c(C2=O)cc(cc3)C(=O)*)C(C)C)C(C)C)cc1,tg,263.0,310.98632695646944,281.6906195105755,300.3651981868818
*N1C(=O)c2c(C1=O)cc(cc2)NC(=O)OCCOc1ccc(cc1)C(c1ccc(cc1)OCCOC(=O)Nc1cc2c(C(=O)N(C2=O)c2cc(ccc2)P(=O)(c2cc(ccc2)*)C)cc1)(C)C,tg,211.0,190.03917135356423,196.06866049351535,192.22515647403034
*NC(=O)CC(CCC(=O)NCCCCCC*)C,tg,17.0,45.70491622501496,20.503923227909137,36.56832199058375
*c1cc2c(C(=O)N(C2=O)c2c(ccc(c2)C(=O)Nc2c(cc(cc2C)c2cc(c(c(c2)C)NC(=O)c2cc(c(cc2)C)N2C(=O)c3c(C2=O)cc(cc3)C(*)(C(F)(F)F)C(F)(F)F)C)C)C)cc1,tg,250.0,339.2069714896538,348.7552241144338,342.6686807124006
*NC(=O)c1c(cc(cc1)C(=O)NCCCCCCCC*)Sc1ccccc1,tg,110.0,115.56492024066874,119.95654323440378,117.15709866510478
*N1C(=O)C2C3C4C(C(C2C1=O)C=C3)C(=O)N(C4=O)CCCCCCCCCC*,tg,219.0,111.78412780114265,146.82162518980522,124.48693664152913
*N1C(=O)c2c(C1=O)cc(cc2)Oc1cc2c(C(=O)N(C2=O)CCCCCCCCCCC*)cc1,tg,74.0,95.26297396225516,114.80324757940191,102.34728017551171
*C(C*)[Si](Cc1ccccc1)(C)C,tg,-24.0,41.02472074754889,87.86511491618845,58.006657743000886
*[Si](c1c(cccc1)C*)(C)C,tg,48.0,92.22231227902157,69.805516170881,84.09512577888728
*S(=O)(=O)c1ccc(cc1)Nc1ccc(cc1)Nc1ccc(cc1)*,tg,145.0,169.00462092048534,186.04734923892977,175.1834446402951
*O[Si](Oc1c(cc(cc1)C1(c2ccccc2c2ccccc12)c1cc(c(cc1)*)C)C)(c1ccccc1)c1ccccc1,tg,171.0,197.3941034942592,189.43509217439507,194.50857208106473
*C(=C(*)C)[Si](C)(C)C,tg,198.3,158.05741256025024,85.5499572757843,131.7699088106396
*C(C*)(C(=O)Oc1c(cccc1C)C)C,tg,169.0,133.33824884685853,131.0818387588692,132.5201896774122
*c1cc2c(C(=O)N(C2=O)c2cc(ccc2)C(C(C(c2cc(ccc2)N2C(=O)c3c(C2=O)cc(cc3)C(C(C(C(C(C(C(*)(F)F)(F)F)(F)F)(F)F)(F)F)(F)F)(F)F)(F)F)(F)F)(F)F)cc1,tg,133.5,120.82447600823402,109.15310118014536,116.59303100229926
*Sc1ccc(cc1)Nc1ccc(cc1)*,tg,145.0,124.77516913943936,113.63170209086259,120.73511655899965
*C(*)F,tg,83.33,17.937359438385588,55.90099381970353,31.701036252479337
*Oc1cc(ccc1)Oc1ccc(cc1)C(=O)c1ccc(cc1)NC(=O)c1ccc(cc1)C(=O)Nc1ccc(cc1)C(=O)c1ccc(cc1)*,tg,190.0,192.64140800145552,196.16356731129736,193.91836325662126
*NC(=O)CCCCCCCCC(=O)NCCCCCCCCCC*,tg,57.78,49.20220993552736,48.35759788341595,48.89599669994024
*c1oc(nn1)c1cncc(c1)c1oc(nn1)c1ccc(cc1)[Si](c1ccc(cc1)*)(c1ccccc1)c1ccccc1,tg,272.0,262.53756933308233,255.05583013573485,259.8250724397316
*c1sc2cc3c(cc2n1)sc(n3)c1ccc(cc1)Oc1ccc(cc1)Oc1ccc(cc1)P(=O)(c1ccc(cc1)Oc1ccc(cc1)Oc1ccc(cc1)*)c1ccccc1,tg,255.0,263.07402692924416,318.23087114139463,283.07108438154495
*OC(=O)CCCCCCCCCCC(=O)OCC(=O)NCCCCCCNC(=O)C*,tg,0.9,8.537488620843838,7.511903712141848,8.165663861206694
*Oc1c(cc(cc1)C(=O)c1cc(ccc1)C(=O)c1cc(c(cc1)*)C(C)C)C,tg,147.0,139.57483356696957,159.20364678199329,146.69123972087428
*c1cc2c(C(=O)N(C2=O)c2ccc(cc2)C(=O)OCCCCOC(=O)*)cc1,tg,100.5,111.0651046732078,101.86107532598555,107.72819324765311
*Oc1ccc(cc1)C(c1ccc(cc1)OC(*)(Oc1ccccc1)Oc1ccccc1)(C)C,tg,92.0,111.59869094123496,103.80148259138137,108.77182102931869
*[Si]1(O[Si](O[Si](O1)(C)C)(C)C)O[Si](CC*)(C)C,tg,-66.0,9.06461541092018,5.345521336574921,7.716261658317155
*C(C*)(C(=O)OC1C2C3C(C(C1)C2)C1CCC3C1)C,tg,199.0,204.86345780463364,145.67141702447302,183.40344396397498
*Oc1ccc(cc1)NC(=O)c1ccc(cc1)Oc1ccc(cc1)C(c1ccc(cc1)C(c1ccc(cc1)Oc1ccc(cc1)C(=O)Nc1ccc(cc1)Oc1ccc(cc1)C(c1ccc(cc1)*)(C(F)(F)F)C(F)(F)F)(C)C)(C)C,tg,169.0,170.52098251469496,193.35587010792796,178.7997476551074
*OCC(C*)(CSCCCCC)CSCCCCC,tg,-33.0,-42.92917458926453,-75.35690631753825,-54.68581555885862
*OC(C(=O)NC(C(=O)*)C)C,tg,57.65,93.30583570544415,52.99052834561641,78.68956225838488
*C1C(CC(C1)C=C*)([Si](O[Si](C)(C)C)(C)C)C#N,tg,88.0,51.77182966886471,83.10566316792456,63.131878954343904
*N1CCN(CC1)C(=O)OC1CC2CC(CC(C1)O2)OC(=O)*,tg,113.0,151.22284294613905,162.89112195922388,155.45316556751072
*c1nc2c(c(c1)c1ccccc1)cc(cc2)Oc1cc2c(nc(cc2c2ccccc2)c2ccc(cc2)c2ccc(cc2)c2ccc(cc2)*)cc1,tg,282.5,305.0514396517942,297.17577077919924,302.1961239576109
*C(C*)SCC,tg,-7.0,-12.552833951575414,8.693727385331428,-4.849914870784991
*C(=C*)C(CCC)[Si](c1ccccc1)(C)C,tg,110.0,73.81716641195415,122.9100081772674,91.61572597967903
*C(C*)(C(=O)OCCN(c1ccc(cc1)N=Nc1ccc(cc1)[N+](=O)[O-])C)C,tg,110.0,116.82171411947073,120.23890641110492,118.06061368955011
*C(C*)C,tg,-2.73,26.749154847205403,13.534390784255097,21.958155652817048
*NC(C(=O)*)CCC(=O)OCc1ccc(cc1)F,tg,46.9,39.43266044618097,40.52131405422056,39.82735069825356
*c1cc2c(C(=O)N(C2=O)c2ccc(cc2)Oc2ccc(cc2)N2C(=O)c3c(C2=O)cc(cc3)C(=O)N2C(=S)N(C(C(=C2C)C(=O)OCC)c2c(cc(cc2)OC)OC)C(=O)*)cc1,tg,165.0,233.8685879972684,164.33932805563148,208.660825922973
*c1ccc(cc1)CC*,tg,66.64,102.79767801349026,122.32494901279455,109.87727014094767
*C(C*)c1ccc(cc1)C(=O)OCCN(CC)CC,tg,74.0,56.787446238658134,74.60421794105626,63.24689859559514
*c1cc2c(C(=O)N(C2=O)c2ccc(cc2)Oc2ccc(cc2)N2C(=O)c3c(C2=O)cc(cc3)C(=O)Oc2ccc(cc2)c2ccc(cc2)OC(=O)*)cc1,tg,232.0,247.22482798574205,246.49188884745922,246.9591016508396
*C(C*)C1C(CCCC1)C,tg,186.0,109.59112916568024,58.882508606237124,91.20677064883229
*Oc1ccc(cc1)C(c1ccc(cc1)OCC(C*)OC(=O)CCl)(C)C,tg,65.0,63.89354608599089,79.72794557297296,69.63429142388516
*OC(C*)COC(=O)CCCCCCCCCCN1C(=O)C2C(C1=O)C1C=CC2C1,tg,-31.0,29.20543563211542,5.5325817129543955,20.622866657346112
*C1COC2C1OCC2OC(=O)OCC(C(COC(=O)O*)O)O,tg,78.5,105.36354200426752,73.71686377943743,93.8900711834515
*N1C(=O)C(CC1=O)(SCCOCCSC1(C(=O)N(C(=O)C1)c1ccc(cc1)Oc1ccc(cc1)N1C(=O)C(C(C1=O)C)SCCOCCSC1C(=O)N(C(=O)C1C)c1ccc(cc1)Oc1ccc(cc1)*)C)C,tg,145.0,125.1879834739483,130.42795038152832,127.08772811662585
*Oc1ccc(cc1)CC(NC(=O)CCc1ccc(cc1)OC(=O)CCC(=O)*)C(=O)OCCCCCCCCCCCC,tg,40.0,35.13840213902782,44.93216413419117,38.689120532889426
*c1ncc(cc1)C(=O)Nc1ccc(cc1)Oc1ccc(cc1)C(=O)c1ccc(cc1)Oc1ccc(cc1)NC(=O)*,tg,170.0,197.84560875393177,183.9782728435307,192.81802030372899
*C1=CC(=C(C#N)C#N)C=C(O1)C=Cc1ccc(cc1)N=Nc1ccc(cc1)N(CCOC(=O)Nc1c(ccc(c1)NC(=O)OCCN(c1ccc(cc1)N=Nc1ccc(cc1)C=C*)C)C)C,tg,196.0,156.19462222630136,139.93390987019492,150.2993175937574
*Oc1cc2c(cc1)ccc(c2)Oc1ccc(cc1)C(=O)Nc1ccc(cc1)Oc1ccc(cc1)C(c1ccc(cc1)Oc1ccc(cc1)NC(=O)c1ccc(cc1)*)(C)C,tg,143.0,171.30514734872426,163.05614013275596,168.3144782200176
*c1cc2c(C(=O)N(C2=O)c2ccc(cc2)OCCCCCCCCCCOc2ccc(cc2)N2C(=O)c3c(C2=O)cc(cc3)C(*)(C(F)(F)F)C(F)(F)F)cc1,tg,143.0,156.30347286094573,176.5213746348404,163.63345246932377
*NC(=O)c1ccc(cc1)CC(=O)NCCC*,tg,109.0,141.41125074953416,132.10412643863972,138.0369623503501
*N1C(=O)c2c(C1=O)cc(cc2)Oc1c(cccc1)Oc1cc2c(C(=O)N(C2=O)c2cc(c(cc2)Oc2ccc(cc2)C2(c3ccccc3c3ccccc23)c2ccc(cc2)Oc2c(cc(cc2)*)C(F)(F)F)C(F)(F)F)cc1,tg,241.0,250.4166648437542,258.73153536191444,253.43121264530274
*Oc1ccc(cc1)C1(c2ccccc2C(=O)c2ccccc12)c1ccc(cc1)OC(=O)c1ccc(cc1)C(=O)*,tg,400.0,268.22347803690144,283.3729657355114,273.7159093064789
*c1cc2c(C(=O)N(C2=O)c2c(cc(c(c2C)N2C(=O)c3c(C2=O)cc(cc3)C(=O)Nc2cc(c(cc2)c2c(cc(cc2)NC(=O)*)C(F)(F)F)C(F)(F)F)C)C)cc1,tg,267.0,318.2283128054918,299.9897575195921,311.6159432417749
*Oc1ccc(cc1)C(c1ccc(cc1)OC(=O)c1ccc(cc1)C(=O)*)(CC)CC,tg,165.0,189.36546569296988,186.58548159988922,188.3575853035119
*O[Si](CCCC(=O)Oc1ccc(cc1)C=Nc1ccc(cc1)N=Cc1ccc(cc1)OC(=O)CCC[Si](*)(C)C)(C)C,tg,60.0,36.51838676393132,51.39632799580734,41.9123691397439
*c1ccc(cc1)C(C(*)(F)F)(F)F,tg,76.95,129.72524171710944,145.38797269776114,135.40374881362365
*S(=O)(=NP(=NP(=N*)(NCCCC)NCCCC)(NCCCC)NCCCC)NCCCC,tg,-17.0,-12.353611356860126,9.80417340802989,-4.320329154293277
*S(=O)(=O)c1ccc(cc1)C(=O)c1ccc(cc1)C(=O)c1ccc(cc1)*,tg,213.5,212.14872642730765,212.20135414609427,212.16780655292385
*C(C*)OC(=O)c1cc(ccc1)[Si](C)(C)C,tg,80.0,75.19110503371117,68.21500464028188,72.66192697153167
*c1cnc(s1)N1C(=O)c2c(C1=O)cc(cc2)Oc1cc2c(C(=O)N(C2=O)c2ccc(cc2)Oc2ccc(cc2)*)cc1,tg,300.0,247.98938367447636,255.50064950563277,250.71258541871345
*C(C*)c1c(ccc(c1)C(=O)OCCCCCCCCCCCC)c1ccc(cc1)OCCCCCCCC,tg,42.0,67.49217398211918,80.06519306054636,72.05050918877332
*N(c1ccc(cc1)C(=O)*)CCCCCCCC,tg,30.0,48.072554636988805,59.591861555154495,52.24886757772266
*Oc1ccc(cc1)NC(=O)c1cc(ccc1)C(=O)Nc1ccc(cc1)*,tg,205.39,247.06282619494183,230.1487655846319,240.93065082110937
*Oc1ccc(cc1)Oc1ccc(cc1)C(=O)c1ccc(cc1)NC(=O)c1ccc(cc1)C(=O)Nc1ccc(cc1)C(=O)c1ccc(cc1)*,tg,224.0,217.1581336137074,215.15127013507148,216.43054731223503
*c1cc2c(C(=O)N(C2=O)N2C(=O)c3c(C2=O)cc(cc3)Oc2ccc(cc2)C(c2ccc(cc2)O*)(C)C)cc1,tg,216.7,243.49419392934823,210.8373694300927,231.65449560996075
*c1c(nc2c(n1)cc(cc2)S(=O)(=O)c1cc2c(nc(c(n2)c2ccc(cc2)*)c2ccccc2)cc1)c1ccccc1,tg,291.8,324.2664954820165,324.4114971722349,324.3190656964912
*c1cc2c(C(=O)N(C2=O)c2ccc(cc2)S(=O)(=O)c2ccc(cc2)N2C(=O)c3c(C2=O)cc(cc3)C(=O)Nc2ccc(cc2)Oc2ccc(cc2)NC(=O)*)cc1,tg,281.0,269.1941567860065,262.5900540914339,266.7998461090521
*C(C*)c1ccc(cc1)B(c1ccc(cc1)C(C)(C)C)Oc1c2ncccc2ccc1,tg,240.0,212.4442375713625,178.71051160134775,200.2141097252528
*NC(C(=O)*)CCC(=O)OCc1ccccc1,tg,9.38,34.08201620467168,31.211751789763422,33.04140477687773
*N1C(CN(C(C1)C)C(=O)OCC(CS(=O)(=O)CC(COC(=O)*)(C)C)(C)C)C,tg,85.0,117.14207753745676,147.15169409061136,128.02203332366457
*C(C*)(C(=O)OC1(CN(CCC1)c1ccc(cc1)N=Nc1ccc(cc1)C=C(S(=O)(=O)C)C#N)C)C,tg,196.0,163.81407594264957,158.11597062541748,161.74823368815655
*O[Si](*)(CCCOc1ccc(cc1)C(=O)Oc1ccc(cc1)c1ccc(cc1)OC(=O)c1cc(c(c(c1)OCCCCCCCCCCCC)OCCCCCCCCCCCC)OCCCCCCCCCCCC)C,tg,40.33,46.98946805243272,35.345746141380346,42.76804858328486
*OC(OC(=O)c1c2c(c(cc1)C(=O)OC(OCC1CCC(CC1)C*)C)cccc2)C,tg,60.0,61.82654968229468,82.24551955847795,69.22942632549625
*N1C(=O)c2c(C1=O)cc(cc2)Oc1ccc(cc1)C1(CCC(CC1)C(C)(C)C)c1ccc(cc1)Oc1cc2c(C(=O)N(C2=O)c2ccc(cc2)Oc2ccc(cc2)C2(C3CC4CC(CC2C4)C3)c2ccc(cc2)Oc2ccc(cc2)*)cc1,tg,266.0,252.67870580213653,248.5550929845912,251.18369419294567
*C(C*)(C(=O)OC(C(F)(F)F)C(F)(F)F)F,tg,102.0,87.88046159675842,97.49582916383429,91.36650327318648
*NNC(=O)c1cc(cc(c1)NC(=O)c1cc2c(C(=O)N(C2=O)c2ncccc2C)cc1)C(=O)NNC(=O)c1ccc(cc1)C(=O)*,tg,130.3,171.3092919258993,191.92596545147896,178.78384582496966
*C(C*)Cc1ccccc1,tg,63.33,68.95095895662774,79.9757751496469,72.9479947907463
*S(=O)(=O)C(C=C(C*)C)C,tg,83.0,79.48192872022706,79.17075240630872,79.36911206590062
*Oc1ccc(cc1)C(=O)Nc1cc(cc(c1)c1nc2c([nH]1)cccc2)NC(=O)c1ccc(cc1)OCCOCCOCC*,tg,165.0,160.09179788399763,157.50039842961107,159.15228866240562
*Nc1ccc(cc1)Cc1ccc(cc1)NC(=O)c1cc(cc(c1)N1C(=O)C2C(C1=O)C1C=CC2C1)C(=O)*,tg,303.0,272.4665469618165,269.60994616113254,271.43088926338385
*C(C*)OC(=O)c1cnccc1,tg,86.5,83.67420206334091,82.6894256309165,83.31717237503753
*N1C(=O)c2c(C1=O)cc(cc2)c1cc2c(C(=O)N(C2=O)c2ccc(cc2)Oc2ccc(cc2)C(=O)c2cc(ccc2)C(=O)c2ccc(cc2)Oc2ccc(cc2)*)cc1,tg,222.0,236.02585489790235,227.62301321139321,232.97941323924968
*[SiH](C#Cc1c(cccc1)C#C*)c1ccccc1,tg,71.0,111.18844900526705,108.27814577516243,110.13332154597708
*C(C(*)C(=O)OC(C)(C)C)C(=O)OC,tg,84.0,109.07918539880004,95.37234803233407,104.10978553153602
*c1cc2c(C(=O)N(C2=O)c2cc(ccc2)Oc2ccc(cc2)N2C(=O)c3c(C2=O)cc(cc3)C(=O)Nc2ccc(cc2)Oc2ccc(cc2)C(c2ccc(cc2)Oc2ccc(cc2)NC(=O)*)(C)C)cc1,tg,207.0,223.2964079757679,214.66224020837643,220.16609928310172
*c1cc2c(C(=O)N(C2=O)c2ccc(cc2)NC(=O)Nc2ccc(cc2)N2C(=O)c3c(C2=O)cc(cc3)C(=O)Nc2ccc(cc2)NC(=O)*)cc1,tg,216.0,227.35692135945231,212.4944728153993,221.9685558417634
*N(c1ccc(cc1)c1ccc(cc1)*)c1ccc(cc1)C,tg,85.0,171.46088271325493,207.49212140887795,184.5239714480382
*OC(C*)COCCCCCC,tg,-85.5,-82.14304858589512,-104.16246388139305,-90.12616507886418
*C(C*)(C(=O)OCCCCCCOc1ccc(cc1)C(=O)Oc1c2c(c(cc1)N=Nc1ccc(cc1)Cl)cccc2)C,tg,50.0,55.27943803594267,57.2216130429605,55.98357159819609
*C(C*)c1ccc(cc1)B(Oc1c2ncccc2c(cc1)c1c(c(c(c(c1F)F)F)F)F)c1ccc(cc1)C(C)(C)C,tg,245.0,242.89128879576984,213.38097357891365,232.19235419832998
*Nc1cc(cc(c1)C(=O)Nc1c2C(=O)c3c(C(=O)c2ccc1)cccc3)NC(=O)Nc1ccc(cc1)Cc1ccc(cc1)NC(=O)*,tg,178.0,196.1033915809301,181.64529096034713,190.86162198931063
*NC(=O)CCCCC(=O)NCCCCCCCC*,tg,50.0,52.74682122576235,47.646580989170886,50.897734344733216
*C(C*)(C(=O)O[Si](C)(C)C)C,tg,97.5,76.16981086013914,72.58803360445485,74.87124117968806
*C1(c2c(NC1=O)cccc2)c1ccc(cc1)OC(=O)c1cc(ccc1)C(=O)Oc1ccc(cc1)*,tg,256.0,260.89324894013026,246.234881238401,255.5788727230831
*C(C*)CCCCCCCCCCCCCC,tg,-24.0,-43.81167356372415,-45.25969526474787,-44.33665235033086
*C(C*)(C(=O)OCCCCCCOc1ccc(cc1)C(=O)Oc1c2c(c(cc1)N=Nc1ccc(cc1)C)cccc2)C,tg,40.0,42.68396479276794,50.22437801691497,45.41773389452051
*OC(=O)c1ccc(cc1)c1ccc(cc1)c1ccc(cc1)C(=O)OCC(C*)(C)C,tg,100.0,90.71123938999592,79.50237242735544,86.64747613760628
*C1COC2C1OCC2OC(=O)C(NC(=O)CCCCCCCCC(=O)NC(C(=O)O*)CC(C)C)CC(C)C,tg,89.0,70.46008190932663,76.42640394873867,72.62316586210233
*C(=C(*)Cl)CCCCCC,tg,150.0,155.1845179868114,123.78272192380959,143.79982894329012
*C(C*)C(=O)OCC(C(OC(C(C(C(F)(F)F)(F)F)(F)F)(F)F)(F)F)(F)F,tg,-68.0,-22.732692778122612,-11.939562407386845,-18.819654401894585
*c1cc2c(C(=O)N(C2=O)c2ccc(cc2)Oc2c(cccc2)c2c(cccc2)Oc2ccc(cc2)N2C(=O)c3c(C2=O)cc(cc3)C(=O)Nc2ccc(cc2)Oc2ccc(cc2)c2ccc(cc2)Oc2ccc(cc2)NC(=O)*)cc1,tg,254.0,257.0997323960226,249.27574915196996,254.263155273601
*Oc1cc(cc(c1)C(=O)OCCN(c1ccc(cc1)N=Nc1ccc(cc1)[N+](=O)[O-])CC)OC(=O)c1ccc(cc1)C(=O)*,tg,130.0,133.06500824087496,125.3664526941126,130.27390480181305
*N=P(*)(OCCCC)OCCCC,tg,-105.0,-93.49149356775573,-70.10570226790273,-85.01299885199644
*Oc1ccc(cc1)OC(=O)c1c(cc(cc1)C(=O)*)Sc1ccc(cc1)Cl,tg,140.0,149.3303045332614,151.60437775151894,150.1547674525199
*Oc1ccc(cc1)S(=O)(=O)c1ccc(cc1)Oc1ccc(cc1)C=NN=Cc1ccc(cc1)*,tg,151.0,196.37936933758945,187.3310464353072,193.09890912438445
*Nc1ccc(cc1)NC(=O)c1ccc(cc1)NC(=O)c1ccc(cc1)P(=O)(c1ccc(cc1)C(=O)*)c1ccccc1,tg,243.0,287.3180702425729,295.9742494645613,290.456359165589
*OC(=O)c1cc(cc(c1)C(C(C(C(C(C(C(F)(F)F)(F)F)(F)F)(F)F)(F)F)(F)F)(F)F)C(=O)OCC(C(C(C*)(F)F)(F)F)(F)F,tg,27.0,28.129114233638205,42.24978046669783,33.24854733320364
*C(C*)C(=O)OCCCCCOC(=O)c1ccc(cc1)OC(=O)c1ccc(cc1)C#N,tg,30.0,30.31601576467004,19.27355081236403,26.312581390923953
*N1C(=S)N(C(=O)CC1=O)c1ccc(cc1)Oc1cc(ccc1)Oc1ccc(cc1)*,tg,128.0,132.08811910075576,122.23899176332985,128.51732805868696
*N(CC*)C(=O)c1c(cc(c(c1)F)F)F,tg,105.0,124.31052067884578,118.70446674516526,122.27805155930521
*Oc1cc(c(cc1)S(=O)(=O)c1c(cc(cc1)Oc1c(cc(cc1C)C(c1cc(c(c(c1)C)*)C)(C)C)C)C(O)(C(F)(F)F)C(F)(F)F)C(O)(C(F)(F)F)C(F)(F)F,tg,187.0,190.34738288535976,185.85315554575968,188.71800536027857
*c1nc2c(c(c1c1ccccc1)c1ccccc1)cc(cc2)c1cc2c(nc(c(c2c2ccccc2)c2ccccc2)c2ccc(cc2)c2ccc(cc2)*)cc1,tg,381.67,338.9016196530638,367.9954853448717,349.44957090116014
*Oc1c(cc(c(c1)C(C)(C)C)Oc1ccc(cc1)C(=O)Nc1c(cc(cc1)C(c1cc(c(cc1)NC(=O)c1ccc(cc1)*)C)(C)C)C)C(C)(C)C,tg,275.0,259.4153148732267,241.47603396394535,252.91144692864194
*C(C*)C(=O)Nc1c(cccc1)Cl,tg,63.0,110.45840026257382,116.37307702157516,112.60276027176165
*[Si](C*)(CCCCCC)C,tg,-77.6,-46.87189593454483,-49.84205442559009,-47.94872385746627
*OC(=O)Nc1ccc(cc1)Cc1ccc(cc1)NC(=O)OCC1CCC(CC1)C*,tg,134.0,106.12395279728412,113.85307246159945,108.92613722590258
*OP(=O)(N=Nc1ccc(cc1)c1ccc(cc1)N=NP(=O)(OCc1ccc(cc1)C*)OC)OC,tg,48.0,69.05463488999656,65.08317415721363,67.61478586350854
*C(C*)OC(=O)CCl,tg,18.99,35.35133815394179,46.910703192150834,39.542174125124184
*S(=O)(=O)c1cc(ccc1)NC(=O)CCCCCCC(=O)Nc1cc(ccc1)*,tg,125.0,129.29279832426278,116.79039875399972,124.76006614806087
*N1C(=O)c2c(C1=O)cc(cc2)c1cc2c(C(=O)N(C2=O)c2ccc(cc2)Oc2c(cc(cc2)C(C)(C)C)Oc2ccc(cc2)*)cc1,tg,257.0,255.06153062683256,248.95989905547492,252.8493903416505
*c1cc2c(C(=O)N(C2=O)c2cc3c(C(CC3(c3ccc(cc3)N3C(=O)c4c(C3=O)cc(cc4)C(=O)*)C)(C)C)cc2)cc1,tg,318.77,341.5318999439969,315.8563611563623,332.22325961859553
*N1C(=O)C2C3C4C(C(C2C1=O)C=C3)C(=O)N(C4=O)c1ccc(cc1)Sc1cc2c(C(=O)N(C2=O)c2ccc(cc2)CC)cc1Sc1ccc(cc1)*,tg,320.0,268.2643079674272,266.495603418837,267.62306594244365
*Oc1ccc(cc1)C(c1ccc(cc1)Oc1c(c(c(c(c1F)F)COC(c1cc(ccc1)C(OCc1c(c(c(c(c1F)F)*)F)F)(C(F)(F)F)C(F)(F)F)(C(F)(F)F)C(F)(F)F)F)F)(C(F)(F)F)C(F)(F)F,tg,113.0,102.87024698490956,96.24279448544848,100.46747086007603
*N1C(=O)N(C(=O)C1=O)CCCCCC*,tg,55.0,123.25672420986784,93.20465809734496,112.36137837933033
*c1ccc2c(nc([nH]2)c2cc(cc(c2)N2C(=O)c3c(C2=O)cccc3)c2nc3c([nH]2)ccc(c3)C(=O)Nc2ccc(cc2)NC(=O)*)c1,tg,295.0,312.6854542216902,326.2375079762502,317.5987374487771
*Oc1ccc(cc1)C(=O)Nc1c(cc(c(c1)SCCC#N)NC(=O)c1ccc(cc1)*)SCCC#N,tg,158.0,201.33169881938315,222.79847247019836,209.11445564933837
*Oc1c(cc(cc1)OC(=O)c1c(cc(c(c1)OCCCCCCCCCCCC)C(=O)*)OCCCCCCCCCCCC)C,tg,112.0,76.64202778412823,90.26518962431967,81.5810911749284
*c1nc2c(c(c1)c1ccccc1)cc(cc2)c1cc2c(nc(cc2c2ccccc2)c2ccc(cc2)c2ccc(cc2)*)cc1,tg,372.0,344.57965480483745,352.20809452980325,347.3453378244246
*C(C*)C(=O)NC(C)(C)C,tg,135.0,117.60402582714693,77.24589659886435,102.97222735547942
*c1cc2c(C(=O)N(C2=O)c2ccc(cc2)Oc2ccc(cc2)N2C(=O)c3c(C2=O)cc(cc3)C(=O)Nc2ccc(cc2)Oc2ccc(cc2)c2ccc(cc2)Oc2ccc(cc2)NC(=O)*)cc1,tg,286.0,258.09818208335895,274.94133314542864,264.20464927300634
*Oc1ccc(cc1)C(c1ccc(cc1)OC(=O)OC1C(C(C1(C)C)OC(=O)*)(C)C)(CC)C,tg,124.0,119.53281765420286,137.52910326909947,126.05735259650157
*Oc1c(c(ccc1)Oc1ccc(cc1)c1ccc(cc1)*)C#N,tg,210.0,165.41280145653772,167.1096292678722,166.02798464394792
*O[Zn]OC(=O)c1c(cccc1)C(=O)OCCCCCOC(=O)Nc1c(ccc(c1)NC(=O)OCCCCCOC(=O)c1c(cccc1)C(=O)*)C,tg,4.2,44.55981984298902,32.07880747848937,40.03484157636087
*c1oc(cc1)COC(=O)NCc1oc(cc1)CNC(=O)OC*,tg,75.0,54.859583734828,55.7372316929514,55.17777410434922
*C(C*)c1cc(ccc1)NC(=O)C,tg,163.0,112.05094463505634,131.444860154079,119.08218886953942
*c1cc2c(C(=O)N(C2=O)c2c(cc(cc2)c2cc(c(cc2)N2C(=O)c3c(C2=O)cc(cc3)C(*)(C(F)(F)F)C(F)(F)F)OC(=O)C=Cc2ccccc2)OC(=O)C=Cc2ccccc2)cc1,tg,181.0,267.9023157293212,241.36532294844795,258.2813561398037
*N1C(=O)c2c(C1=O)cc(cc2)c1cc2c(C(=O)N(C2=O)c2ccc(cc2)N2C(=O)c3c(C2=O)cc(cc3)C(c2cc3c(C(=O)N(C3=O)c3ccc(cc3)*)cc2)(C(F)(F)F)C(F)(F)F)cc1,tg,342.0,317.087438702764,326.09743674221846,320.35400427615116
*C(C*)c1c(ccc(c1)Br)OCCCC,tg,47.0,59.704767185505936,66.57169524931886,62.19436493124923
*OCC(C*)(CC)CC,tg,-30.0,-53.46580514089383,-16.153831086890076,-39.93838711192137
*c1cc2c(C(=O)N(C2=O)c2c(c(c(c(c2C)C)N2C(=O)c3c(C2=O)cc(cc3)C(*)(C(F)(F)F)C(F)(F)F)C)C)cc1,tg,418.75,359.6603005486457,340.69182594452525,352.783299482701
*N1C(=O)C(CC1=O)SCCOCCSC1C(=O)N(C(=O)C1)c1ccc(cc1)C(=O)Oc1cc2c(cc1)ccc(c2)OC(=O)c1ccc(cc1)*,tg,160.0,145.58868469332066,159.14044630539755,150.50186200444915
*C(C*)(C(=O)OCCCCCCN(c1ccc(cc1)N(C)C)C)C,tg,8.5,37.879406700635194,14.462699376947311,29.389703412056818
*C(C(C(C*)c1ncccc1)c1ccccc1)c1ncccc1,tg,150.0,113.21479282391074,62.80117309252009,94.93738655553355
*Oc1ccc(cc1)CC(NC(=O)CCc1ccc(cc1)OC(=O)CCCC(=O)*)C(=O)OCCCCCC,tg,43.0,40.11907130097481,29.649320144023307,36.32327372793797
*c1cc2c(C(=O)N(C2=O)c2ccc(cc2)Oc2ccc(cc2)N2C(=O)c3c(C2=O)cc(cc3)C(=O)Nc2ccc(cc2)Oc2ccc(cc2)c2ccc(cc2)Oc2ccc(cc2)NC(=O)*)cc1,tg,262.0,281.43836933325724,272.51930648978635,278.2047722221615
*Oc1c(cc(cc1Cl)C(c1cc(c(c(c1)Cl)OCC(C*)O)Cl)(C)C)Cl,tg,145.0,105.76080373452338,102.47564119803303,104.56977141712565
*c1cc2c(C(=O)N(C2=O)c2cc(c(cc2)Oc2c(cccc2)Oc2c(cc(cc2)N2C(=O)c3c(C2=O)cc(cc3)C(=O)*)C(F)(F)F)C(F)(F)F)cc1,tg,236.0,228.4417794262073,256.7922134855693,238.7202002963745
*Oc1cc(cc(c1)C(=O)Oc1ccc(cc1)N=Nc1ccc(cc1)C#N)Oc1ccc(cc1)C(c1ccc(cc1)*)(C)C,tg,163.0,154.75513316682932,170.8246218100042,160.5811098378419
*N(CCC*)C,tg,-88.0,-39.618918495197,-62.37046720719868,-47.86746920946165
*Nc1ccc(cc1)Cc1ccc(cc1)NC(=O)NCCCCCCCCCNC(=O)*,tg,-50.0,63.279114330887104,57.3373046388988,61.12491730459761
*N1C(=O)c2c(C1=O)cc(cc2)Oc1c(cccc1)Oc1cc2c(C(=O)N(C2=O)c2cc(c(cc2)Oc2ccc(cc2)C(c2ccc(cc2)Oc2c(cc(cc2)*)C(F)(F)F)(C(F)(F)F)C(F)(F)F)C(F)(F)F)cc1,tg,191.0,200.90865355286087,194.75815063398375,198.67879501062336
*c1cc2c(C(=O)N(C2=O)c2cc(ccc2)P(=O)(c2cc(ccc2)N2C(=O)c3c(C2=O)cc(cc3)C(=O)Nc2nc(ccc2)NC(=O)*)c2ccccc2)cc1,tg,156.0,252.5579186102772,282.9832509882295,263.58859174355325
*O[Si](*)(CCCOCCOCCOCCOCCOC)CCCOCCOCCOCCOCCOC,tg,-69.8,-74.68578828082832,-75.27176581716918,-74.89823383726545
*c1nc2cc3c(cc2c(c1)c1ccccc1)nc(cc3c1ccccc1)c1ccc(cc1)Oc1ccc(cc1)*,tg,365.0,321.2749152354673,299.52910807364367,313.3909950915036
*C1C(=O)N(C(=O)C1CC*)CCCCNC(=O)C(C(C(C(C(C(C(F)(F)F)(F)F)(F)F)(F)F)(F)F)(F)F)(F)F,tg,100.0,82.61326724698148,85.10102555681117,83.51520147762307
*C1(C(=O)OC(=O)C1(C(C*)OCC)C)C,tg,244.0,179.39651838073155,170.590715276278,176.20398347216957
*N1C(=O)C(=C(C1=O)Cl)Oc1ccc(cc1)C(c1ccc(cc1)OC1=C(C(=O)N(C1=O)c1ccc(cc1)Cc1ccc(cc1)*)Cl)(C)C,tg,172.0,189.2697254475703,178.33652632149483,185.3059052873623
*C(C*)C(=O)Oc1cc(ccc1)C,tg,24.5,40.04776263293765,32.43577416289809,37.28804399899702
*c1cc2c(cc1)oc(=O)c(c2)C(=O)Nc1ccc(cc1)C(c1ccc(cc1)NC(=O)c1c(=O)oc2c(cc(cc2)C*)c1)(C(F)(F)F)C(F)(F)F,tg,329.0,296.6737994224611,302.0946744143706,298.6391321060717
*N1C(=O)c2c(C1=O)c(ccc2)Oc1cc(ccc1)Oc1c2c(C(=O)N(C2=O)c2ccc(cc2)Oc2ccc(cc2)*)ccc1,tg,226.0,228.64319187930937,212.0912388970766,222.64229825565687
*SSSSCC*,tg,-24.0,-40.787640292034126,-16.013204901889395,-31.805694081705017
*N1C(=O)c2c(C1=O)cc(c(c2)c1ccc(cc1)[Si](C)(C)C)c1cc2c(C(=O)N(C2=O)c2ccc(cc2)Cc2ccc(cc2)*)cc1c1ccc(cc1)[Si](C)(C)C,tg,348.0,349.01373015879517,358.5060310215419,352.4551541274467
*C1OCC(OC1)CNC(=O)CCCCCCCCC(=O)NC*,tg,73.0,47.477258833210406,51.04687599962719,48.77141988573544
*N(CC*)C(=O)c1c(c(cc(c1)F)F)F,tg,110.0,102.18484345888176,102.94149594707929,102.45916704454078
*c1cc2c(C(=O)N(C2=O)c2cc(ccc2)C(C(C(C(C(c2cc(ccc2)N2C(=O)c3c(C2=O)cc(cc3)C(C(C(*)(F)F)(F)F)(F)F)(F)F)(F)F)(F)F)(F)F)(F)F)cc1,tg,104.5,141.321610628442,138.16549088995257,140.17736264546892
*S(=O)c1ccc(cc1)Sc1ccc(cc1)Sc1ccc(cc1)Sc1ccc(cc1)*,tg,133.0,134.7081093962559,130.23032312004395,133.08469256188943
*Oc1cc(ccc1)OC1(C(C(C1(F)F)(F)F)(*)F)F,tg,32.0,111.3385198615175,99.54742512883013,107.0636705266252
*c1cc2c(C(=O)N(C2=O)c2c(c(ccc2)N2C(=O)c3c(C2=O)cc(cc3)C(*)(C(F)(F)F)C(F)(F)F)C)cc1,tg,353.5,322.2297787186173,342.3665301216753,329.5303373430526
*Oc1ccc(cc1)C(c1ccc(cc1)Oc1ccc(cc1)C(=O)c1ccc(cc1)*)(C(F)(F)F)C(F)(F)F,tg,170.5,171.2191644887234,171.79312327986378,171.4272526613814
*C1=CC(=C(C#N)C#N)C=C(O1)C=Cc1sc(c(c1CCCCCC)CCCCCC)c1sc(cc1)c1sc(c(c1CCCCCC)CCCCCC)C=C*,tg,114.0,83.37852268624415,122.27784095988382,97.48143073844105
*OC(C*)COC(C)(C)C,tg,-24.0,-22.740324965643183,-23.184385914187857,-22.901318808333244
*c1cc2c(cc1OC(=O)COc1ccc3c(c1)oc(=O)cc3)oc(=O)c(c2)C(=O)Nc1cc(ccc1)NC(=O)c1c(=O)oc2c(cc(c(c2)OC(=O)COc2ccc3c(c2)oc(=O)cc3)C*)c1,tg,240.0,240.831605847696,222.81384349497827,234.29928453606763
*c1c(cc(cc1)C=C*)c1c(cc(c(c1)OCCC(C)C)OCCC(C)C)c1ccccc1,tg,164.0,128.94409441883082,132.06232609006082,130.07460612177258
*N1C(=O)c2c(C1=O)cc(cc2)Oc1ccc(cc1)Oc1cc2c(C(=O)N(C2=O)c2c(cc(cc2)c2cc(c(cc2)*)OC)OC)cc1,tg,274.0,239.8142821918234,237.96855480915326,239.14511561712646
*N(CC(C*)O)c1cc(cc(c1)C)C,tg,80.0,91.2511914680266,96.50957543758683,93.15761319768731
*C(C*)C(=O)OC12CC3(CC(CC(C1)C3)(C2)C)C,tg,103.43,160.18761540097853,145.89175611054355,155.00466623765675
*N1C(=O)c2c(C1=O)cc(cc2)Oc1c2c(ccc1)c(ccc2)Oc1cc2c(C(=O)N(C2=O)c2ccc(cc2)C(c2ccc(cc2)*)(C)C)cc1,tg,265.0,271.2948587053753,260.7052720247071,267.45561488578795
*OC(=O)COCC*,tg,-13.81,-11.37913984787668,-7.503928111471576,-9.974185796577778
*[Si](CCC*)(c1ccc(cc1)N(C)C)C,tg,6.5,27.500358051700587,18.356557994785735,24.185282693741698
*c1cc2c(C(=O)N(C2=O)c2ccc(cc2)Oc2cc3c(cc2)ccc(c3)Oc2ccc(cc2)N2C(=O)c3c(C2=O)cc(cc3)C(=O)Nc2cc(ccc2)NC(=O)*)cc1,tg,286.0,269.64916941660704,259.5330720498906,265.9815886634875
*Oc1ccc(cc1)Sc1ccc(cc1)Sc1ccc(cc1)Sc1ccc(cc1)*,tg,84.0,132.4664453965792,98.98802094368715,120.32887685436886
*N1C(=O)c2c(C1=O)cc(cc2)C(=O)Oc1c(cc(cc1)OC(=O)CCCCCC*)C,tg,57.21,80.66846773222886,56.90137891908794,72.05173399303469
*c1oc(nn1)c1ccc(cc1)Oc1cc(ccc1)NC(=O)c1cc(cc(c1)NC(=O)c1ccc(cc1)OC(=O)C)C(=O)Nc1cc(ccc1)Oc1ccc(cc1)*,tg,270.0,230.51765849204332,234.16663998409715,231.8405929996508
*C1C2C(C(C(C1*)C2)C(=O)OCC1C2CCC(C1)C2)C(=O)OCC1C2CCC(C1)C2,tg,320.0,241.79424937144805,217.54186675318212,233.0015728595854
*OC(=O)c1ccc(cc1)C(=O)OCC(C(C*)CC)CC,tg,26.0,28.497556873764,49.25130387838628,36.02180662245655
*C(C*)(C(=O)OCc1cscc1)C,tg,83.5,62.5834421798131,28.496207165196928,50.22514999116755
*C(C*)C(=O)OCCC(C(C(C(C(C(C(C(F)(F)F)(F)F)(F)F)(F)F)(F)F)(F)F)(F)F)(F)F,tg,52.0,-7.857196555537487,-9.168373688780544,-8.332562484065875
*Oc1ccc(cc1)CC(NC(=O)CCc1ccc(cc1)OC(=O)COCC(=O)*)C(=O)OCCCC,tg,64.0,62.65322342544906,60.04905343223093,61.70908425806594
*O[Si](c1ccc(cc1)[Si](*)(C)C)(C)C,tg,-29.33,-23.97300724382552,-29.477347171360066,-25.968600054475377
*NC1CCC(CC1)CC1CCC(CC1)NC(=O)CCCCCCCCCCC(=O)*,tg,139.67,134.18074037232265,135.0975985841971,134.51314637923537
*Oc1ccc(cc1)Oc1ccc(cc1)Oc1cc(ccc1)C(=O)Oc1ccc(cc1)c1ccc(cc1)OC(=O)c1cc(ccc1)*,tg,119.0,141.49720317067647,141.8496497983058,141.62498233502578
*OC(=O)C(C*)C,tg,-26.33,11.118555012045377,33.33039510750525,19.171434919420193
*OC(=O)c1c(cc(cc1)C(=O)OCCN(CC*)c1ccc(cc1)N=Nc1[nH]c(c(n1)C#N)C#N)OCCCCC,tg,131.0,127.84643566728404,136.13347044852856,130.85089165088536
*Oc1ccc(cc1)[Si](c1ccc(cc1)OC(=O)c1cc2Cc3c(c2cc1)ccc(c3)C(=O)*)(c1ccccc1)c1ccccc1,tg,72.1,200.1599009895181,204.96367794999938,201.901505413029
*C(C*)c1ccc(cc1)O,tg,161.43,142.60946561214044,114.23982392406138,132.3240810358283
*C1C(=O)OC(=O)C1C1C2CC(C(C1*)C2)C(=O)OC1CCCCC1,tg,195.0,215.33695449868048,235.87351261203415,222.78246263699384
*Oc1ccc(cc1)S(=O)(=O)c1ccc(cc1)Oc1ccc(cc1)C1(CCCCCC1)c1ccc(cc1)Oc1ccc(cc1)S(=O)(=O)c1ccc(cc1)Oc1ccc(cc1)C=C1C(=O)C(=Cc2ccc(cc2)*)CCCC1,tg,196.0,208.432876291204,217.1011651139678,211.57555553759497
*C(C*)C(=O)NC(C)C,tg,132.69,86.3162918771315,65.89314139574236,78.91189955978867
*Oc1c(cc(cc1c1ccccc1)Cc1cc(c(c(c1)c1ccccc1)OC(=O)CCCCCCCCC(=O)*)c1ccccc1)c1ccccc1,tg,92.0,94.81497355339228,106.52934069675418,99.06200537925497
*c1c(cc(c(c1)OC)C=C*)OCC1C2C3C(CCC3)C(C1)C2,tg,174.0,169.80030751232914,155.06058302428406,164.4564354756184
*c1cc2c(C(=O)N(C2=O)c2cc(c(cc2)Oc2ccc(cc2)C(c2ccc(cc2)Oc2c(cc(cc2)N2C(=O)c3c(C2=O)cc(cc3)C(=O)*)C(F)(F)F)(C(F)(F)F)C(F)(F)F)C(F)(F)F)cc1,tg,220.0,241.49561379787556,245.13112221179912,242.81366365478777
*Oc1ccc(cc1)C(c1ccc(cc1)OC(=O)*)(CCC#N)C,tg,150.0,138.93266078994228,128.08456625767536,134.99969521317087
*C(C*)(C(=O)OCCn1c2ccccc2c2ccccc12)C,tg,145.33,110.5137643145847,131.4158931340446,118.09180973847529
*Oc1ccc(cc1)C(c1ccc(cc1)OC(=O)NC(=O)c1cc(cc(c1)C(C)(C)C)C(=O)NC(=O)*)(C)C,tg,123.5,149.7909470244906,148.25631905906897,149.2345692253111
*OC(COC(=O)c1cc(cc(c1)OCCCCC)C(=O)OCC(*)(F)F)(F)F,tg,14.0,38.19256571833239,43.88169644247741,40.255154243281325
*Oc1ccc(cc1)C(c1ccc(cc1)Oc1ccc(cc1)C(=O)c1c2c(ccc1C)c(c(cc2)C)C(=O)c1ccc(cc1)*)(C)C,tg,222.0,210.51212725868243,172.94119683868493,196.89082486409077
*N1C(=O)c2c(C1=O)cc(cc2)C(=O)c1cc2c(C(=O)N(C2=O)CC(=O)Nc2ccc(cc2)NC(=O)C*)cc1,tg,250.0,217.75809430086144,219.9219658456103,218.5426037161084
*Oc1ccc(cc1)NC(=O)c1ccc(cc1)Oc1ccc(cc1)C(c1ccc(cc1)C(c1ccc(cc1)Oc1ccc(cc1)C(=O)Nc1ccc(cc1)Oc1ccc(cc1)C(c1ccc(cc1)*)(C)C)(C)C)(C)C,tg,163.0,167.63505953032418,181.09416000796415,172.5146426419404
*N1C(=O)c2c(C1=O)cc(cc2)Oc1cc2c(C(=O)N(C2=O)c2c(cc(cc2)c2cc(c(cc2)*)OCCCCCCOc2ccc(cc2)/C=C/c2ccc(cc2)F)OCCCCCCOc2ccc(cc2)/C=C/c2ccc(cc2)F)cc1,tg,124.0,141.86426007036678,173.84634613619824,153.45933266086817
*NNC(=O)C=CC(=O)Nc1cc(ccc1)C=C1C(=O)C(=Cc2cc(ccc2)NC(=O)C=CC(=O)*)CC1,tg,104.6,188.45461279453357,175.29559921576606,183.68382588116168
*N1C(=O)c2c(C1=O)cc(cc2)Oc1c2c(ccc1)c(ccc2)Oc1cc2c(C(=O)N(C2=O)c2c(cc(cc2C)Cc2cc(c(c(c2)C)*)C)C)cc1,tg,281.0,278.8233054365995,300.19456579360065,286.57143401957757
*O[Si](COC(=O)CCCCCCCCC(=O)Oc1ccc(cc1)S(=O)(=O)c1ccc(cc1)Oc1ccc(cc1)C=C1C(=O)C(=Cc2ccc(cc2)Oc2ccc(cc2)S(=O)(=O)c2ccc(cc2)OC(=O)CCCCCCCCC(=O)OC[Si](*)(C)C)CC1)(C)C,tg,73.0,83.96491585002185,21.754464221043484,61.410580243485946
*N(CCC*)C(=O)c1ccccc1,tg,72.0,79.95059526153254,73.9617074178312,77.77933009949307
*Oc1ccc(cc1)C(c1ccc(cc1)OC(=O)CCCCCCCCC(=O)*)(C)C,tg,14.25,51.305829698670074,51.3348107283287,51.316336741329756
*Nc1c2C(=O)c3c(C(=O)c2ccc1)c(ccc3)N[Se]*,tg,52.0,184.63713870106267,182.2994510315048,183.7896124275529
*N1C(=O)c2c(C1=O)cc(cc2)Oc1c(cccc1)Oc1cc2c(C(=O)N(C2=O)c2ccc(cc2)Oc2cc3c(cc2Oc2ccc(cc2)*)cccc3)cc1,tg,216.0,206.5066592417221,206.28429150945485,206.42604004783598
*S(=O)(=O)NCCCCCCNC(=O)C(*)(F)F,tg,51.0,71.97053025729785,57.60608971060514,66.76271702966771
*c1cc2c(C(=O)N(C2=O)c2cc(ccc2)C(=O)c2ccc(cc2)C(=O)c2cc(ccc2)N2C(=O)c3c(C2=O)cc(cc3)C(=O)*)cc1,tg,240.0,264.7587287086894,271.03583038989575,267.0344855027187
*OC(=O)C(C(=O)OCCOCC*)CCCCC,tg,-47.0,-40.83081035012772,-52.35712057156405,-45.00966233129907
*NC(=O)CCCCCCCCCCCCCCC(=O)NCCCCCCCC*,tg,52.0,48.32618005201308,47.755888991922376,48.11942161149565
*C(C*)(C(=O)OCCS(=O)(=O)c1ccc(cc1)N=Nc1ccc(cc1)N(CC)CC)C,tg,142.0,135.52530774435758,153.69519560872106,142.1127820046326
*c1ccc(cc1)*,tg,291.5,122.49726517203402,124.04766030130548,123.05935934033997
*S(=O)(=O)c1ccc(cc1)Nc1ccc(cc1)C(c1ccc(cc1)Nc1ccc(cc1)*)(C(F)(F)F)C(F)(F)F,tg,145.0,227.0954789682853,197.77768960830738,216.46634442333286
*N1C(=O)c2c(C1=O)cc(cc2)Oc1c(cc(cc1C)Cc1cc(c(c(c1)C)Oc1cc2c(C(=O)N(C2=O)c2c(cc(cc2C)c2cc(c(c(c2)C)*)C)C)cc1)C)C,tg,420.0,285.19344531594044,299.5468101164634,290.3972430431255
*Oc1c(cc(cc1OC)/C=C/c1ccc(cc1)/C=C/c1cc(c(c(c1)OC)OCCCCCCCCCCCC*)OC)OC,tg,61.1,72.41981386961662,85.21173457060075,77.0575116356267
*Oc1ccc(cc1)S(=O)(=O)c1c2c(ccc1)c(ccc2)S(=O)(=O)c1ccc(cc1)Oc1c(cc(cc1C)c1cc(c(c(c1)C)*)C)C,tg,262.0,276.2756379499244,265.01899757874685,272.1945544971344
*c1cc2c(C(=O)N(C2=O)c2cc(ccc2)C(=O)c2ccc(cc2)Cc2cc(ccc2)N2C(=O)c3c(C2=O)cc(cc3)C(=O)*)cc1,tg,265.5,260.38562015602696,243.5703822262238,254.28927284393208
*c1cc2c(C(=O)N(C2=O)c2cc(c(cc2)c2c(cc(cc2)N2C(=O)c3c(C2=O)cc(cc3)C(=O)Oc2cc(c(cc2)c2c(cc(cc2)OC(=O)*)C)C)C)C)cc1,tg,177.0,232.769509357957,228.77002265759103,231.31949954558795
*c1cc2c(oc(n2)c2ccc(cc2)C(c2ccc(cc2)c2oc3c(n2)cc(cc3)C(*)(c2ccccc2)C(F)(F)F)(c2ccccc2)C(F)(F)F)cc1,tg,330.0,285.34565274209217,308.23109546472494,293.64274659295853
*OC(=O)NNC(=O)CCCCCCCCC(=O)NNC(=O)OCC*,tg,63.0,38.453256514766174,31.971587416483143,36.10333401291616
*c1cc2c(C(=O)N(C2=O)c2ccc(cc2)Oc2ccc(cc2)N2C(=O)c3c(C2=O)cc(cc3)C(=O)NCCN(CCNC(=O)*)c2ccc(cc2)C=Cc2ccc(cc2)[N+](=O)[O-])cc1,tg,224.0,199.81327716200772,183.0983693973868,193.7533044486776
*Oc1c(cc(cc1)C(c1cc(c(cc1)OC(=O)*)C)(CCC#N)C)C,tg,117.0,127.47946918477886,132.6390648112767,129.3500753017073
*C1C(=O)N(C(=O)C1*)c1c(cccc1)C(=O)OCCCC,tg,181.0,156.82280259312788,165.65306112222808,160.02420379088147
*OC(=O)c1ccc(cc1)C(=O)OCC#CC#CC*,tg,143.0,87.99960645524267,90.64092630259063,88.9572142642421
*C(C*)(C(=O)OCCCCOc1cc2c(cc1)cc(cc2)C(=O)Oc1ccccc1)C,tg,88.0,62.21798465927901,69.59165023908778,64.89129957313348
*N1C(=O)C2C3C4C(C(C2C1=O)C=C3)C(=O)N(C4=O)CCC*,tg,210.0,251.571292626744,210.89598235313954,236.8245004915216
*[Si](CCC*)(c1cc(ccc1)C)C,tg,-25.0,4.130200253577533,4.216024178398725,4.161315629737021
*OC(=O)c1cc(ccc1)C(=O)OCC(C(C(C*)(F)F)(F)F)(F)F,tg,23.5,28.246006918931545,29.110418029057247,28.55939828275042
*C=CCCCCCCC(CCCCCC*)Cl,tg,-57.0,-47.07941520392168,-56.91644972741556,-50.645822008668496
*O[Si](O[Si](C#Cc1ccc(cc1)C#C[Si](*)(C)C)(C)C)(C)C,tg,104.0,86.02023920228987,92.80419423016751,88.47975515872325
*NC(=O)CCCCC(=O)NCC1CCC(CC1)C*,tg,113.0,99.3499566698864,107.65807932557126,102.36205804079648
*Nc1ccc(cc1)c1ccc(cc1)NC(=O)c1ccc(cc1)C(=O)*,tg,340.0,269.0047784919269,288.39300927616927,276.03396173163003
*Oc1ccc(cc1)Oc1ccc(cc1)C=NCCCCCCCCCCN=Cc1ccc(cc1)*,tg,108.0,95.88962556376144,95.01809859895607,95.57365435410688
*C1OC(C(C(C1O)O)O*)COCO,tg,208.0,107.84047904867924,114.70688668172646,110.32988811278075
*N1C(=O)c2c(C1=O)cc(cc2)c1cc2c(C(=O)N(C2=O)c2cc(ccc2)Oc2cc(ccc2)Oc2cc(ccc2)*)cc1,tg,208.0,217.31427877918625,215.38293173764046,216.61407088473945
*Oc1ccc(cc1)OC(=O)c1c(cc(cc1)C(=O)*)Sc1ccccc1,tg,181.0,139.9947791470597,143.96919896363272,141.43570098634916
*C(C(C(C*)OC)C(=O)O)C(=O)O,tg,134.67,74.04081552921951,34.912226401464906,59.85478556337144
*c1c([nH]c(n1)c1cc(ccc1)c1[nH]c(c(n1)c1ccc(cc1)Oc1ccc(cc1)C(=O)c1ccc(cc1)C(=O)c1ccc(cc1)Oc1ccc(cc1)*)c1ccccc1)c1ccccc1,tg,270.0,263.1395645787061,270.2294531897408,265.70999644279095
*N1C(=O)C2CCC3C(C2C1=O)C(=O)N(C3=O)c1ccc(cc1)Cc1ccc(cc1)*,tg,341.0,321.1287475778134,290.7533442806505,310.11617618170794
*Oc1ccc(cc1)c1ccc(cc1)Oc1c(cc(cc1)C(=O)c1cc(c(cc1)*)S(=O)(=O)O)S(=O)(=O)O,tg,225.0,236.1592464761627,253.15195892945766,242.31993699522096
*Oc1ccc(cc1)C1(c2c(CC1)cccc2)c1ccc(cc1)OC(=O)c1ccc(cc1)C(=O)*,tg,312.0,273.8165817374266,220.99644645608765,254.66669571790422
*c1cc2c(C(=O)N(C2=O)c2c(cc(c(c2C)N2C(=O)c3c(C2=O)cc(c(c3)Cl)C(=O)*)C)C)cc1Cl,tg,371.0,382.4110043477976,348.95992865858443,370.2833510718856
*C(C*)(C(=O)OCCCCCOc1ccc(cc1)c1ccc(cc1)C#N)C,tg,60.0,60.585521313335825,56.91349377829421,59.25423148641564
*C(C*)OC(=O)C,tg,34.27,54.73781895685744,47.172753062042545,51.995112054570065
*N1C(=O)c2c(C1=O)c(ccc2)c1cc2c(C(=O)N(C2=O)c2cc(ccc2)OCCCCCCCCOc2cc(ccc2)*)cc1,tg,142.0,139.71196262498128,152.89925438169158,144.49300176284223
*C(=C(*)C)c1ccccc1,tg,200.0,230.46549423080648,209.71477370467926,222.94234172879672
*C(C*)c1c(c(c(c(c1F)F)OCC(C(F)(F)F)(F)F)F)F,tg,53.0,55.12605314498657,49.3754475047142,53.041176952074885
*c1cc2C3(CCC(CC3)C(C)(C)C)c3c(c2cc1)ccc(c3)c1cc2C(c3c(c2cc1)ccc(c3)*)(CCCCCCCC)CCCCCCCC,tg,166.0,123.55304235699484,128.29730862797012,125.27307124089548
*Oc1cc(ccc1)NC(=O)c1ccc(cc1)C(=O)Nc1ccc(cc1)*,tg,280.0,242.84444881620016,217.47755570994212,233.64770766688568
*OC(C(=O)N(S(=O)(=O)C(C(*)(F)F)(F)F)[Li])(C(F)(F)F)F,tg,67.0,57.90309282354996,39.25918173590682,51.14376192852645
*C(C*)(C(=O)OC(C(C(C(C(C(C(C(F)(F)F)(F)F)(F)F)(F)F)(F)F)(F)F)(F)F)(F)F)C,tg,49.0,36.25404041171577,44.65884863736145,39.30119503712095
*C(C*)(CC(=O)OCC)C(=O)O,tg,135.0,65.42650820257586,36.53938257746756,54.9535103541988
*N1C(=O)c2c(C1=O)cc(cc2)C(=O)c1cc2c(C(=O)N(C2=O)CCC[Si](O[Si](CCC*)(C)C)(C)C)cc1,tg,68.0,95.58530406335092,124.08359290634938,105.91732953409321
*c1cc2c(C(=O)N(C2=O)c2ccc(cc2)OC(COc2ccc(cc2)N2C(=O)c3c(C2=O)cc(cc3)C(*)(C(F)(F)F)C(F)(F)F)CCC)cc1,tg,204.0,226.397186337624,229.26703888587141,227.43764844358137
*C(C*)C(=O)OCCCCCCCCCCCn1c2ccccc2c2ccccc12,tg,15.0,13.475527960838988,49.42789154372651,26.510020604176862
*N1C(=O)C2CC3C(C2C1=O)CC(=O)N(C3=O)c1ccc(cc1)Oc1ccc(cc1)*,tg,350.0,295.7235021454134,254.58703748875874,280.8095189603049
*c1sc(c(c1c1ccccc1)c1ccccc1)c1ccc(cc1)CC(=O)Nc1ccc(cc1)NC(=O)Cc1ccc(cc1)*,tg,251.0,239.32329772478212,258.3780058504228,246.23156266575063
*c1ccc2c3n(c4ccc(cc4n3)Oc3cc4n5c(nc4cc3)c3cccc4c(ccc(c5=O)c34)Oc3ccc(cc3)Sc3ccc(cc3)O*)c(=O)c3cccc1c23,tg,346.0,335.3454629067295,339.2846288631511,336.77360349508024
*C(C*)(C(=O)OCC(C(F)(F)F)(F)F)C,tg,77.0,67.79310711208745,46.65204040562187,60.12843500165903
*N1C(=O)N(C(=O)C1=O)c1ccc(cc1)Oc1ccc(cc1)N1C(=O)N(C(=O)C1=O)CCCCCC*,tg,172.0,159.89680629311113,132.25821339177418,149.87646270668392
*Oc1ccc(cc1)CC(NC(=O)CCc1ccc(cc1)OC(=O)CCCC(=O)*)C(=O)OCC(C)C,tg,62.0,61.77957520818924,61.129341104305844,61.54383349891399
*C1(NCC(NC1)(C(=O)OCC(CSCC(COC(=O)*)(C)C)(C)C)C)C,tg,40.0,78.83160932252247,89.62644303090796,82.74526524207317
*Nc1c(cc(cc1)c1cc(c(cc1)NC(=O)c1cc(ccc1)C(=O)*)OC)OC,tg,218.2,255.6712293227307,272.8430495361347,261.8968551770173
*N1C(=O)c2c(C1=O)c(ccc2)Oc1ccc(cc1)Oc1c2c(C(=O)N(C2=O)c2ccc(cc2)Oc2ccc(cc2)*)ccc1,tg,263.0,244.53922182777603,254.36699043081651,248.10226928254008
*OCCCCOc1ncnc(n1)*,tg,-11.0,40.68363512932587,61.63357600916802,48.27901476680377
*c1cc2c(C(=O)N(C2=O)c2ccc(cc2)S(=O)(=O)c2ccc(cc2)N2C(=O)c3c(C2=O)cc(cc3)C(=O)Oc2c(cc(cc2)OC(=O)*)C(C)(C)C)cc1,tg,179.0,219.9411104259494,209.0843230716196,216.00499327543048
*C1C(CC(C1)C=C*)C(=O)Oc1ccccc1,tg,72.6,83.67826610003914,102.20961595034076,90.396788033597
*C1(C(=O)N(C(=O)C(C1)(*)C)C)C,tg,170.0,187.36397406156792,214.16509895370632,197.08069447785886
*NC(=O)c1ccc(cc1)C(=O)NCCC*,tg,180.0,139.6060442625924,163.3098230550615,148.19982501854827
*c1nc(ccc1)c1cc(c(cc1)Oc1ccc(cc1)C1(c2ccccc2c2ccccc12)c1ccc(cc1)Oc1c(cc(cc1)*)C(F)(F)F)C(F)(F)F,tg,182.5,223.7231207321621,193.08725174793202,212.61611776762606
*NC(=O)CCCCCCCCC(=O)NCc1ccc(cc1)C*,tg,115.0,96.19745437526036,93.92673259844358,95.37420651766824
*C1CC(CC1)C=C*,tg,39.97,85.03020271933622,102.18153214667944,91.24839966009532
*N1C(=O)C(=C(C1=O)c1ccccc1)c1ccc(cc1)C1=C(C(=O)N(C1=O)c1ccc(cc1)Oc1ccc(cc1)*)c1ccccc1,tg,275.0,265.2942586441125,258.0787122701268,262.67826968659807
*N(CC(C*)O)c1cc(c(c(c1)C)N=Nc1c(cc(cc1)[N+](=O)[O-])C)C,tg,149.0,149.77641698387552,133.18945094910896,143.76282941383974
*Nc1c(cc(cc1)NC(=O)c1ccc(cc1)NC(=O)CCCCCCCCC(=O)Nc1ccc(cc1)C(=O)*)C(=O)OCCCCCCCCCCCC,tg,228.5,235.9800475806456,232.21525513607975,234.61512593066138
*Oc1c(cc(cc1OC)*)OC,tg,171.45,148.53035950822402,177.6547321315203,159.08937101312762
*c1oc(nn1)c1ccc(cc1)C(=O)OCCCCCCCCOc1ccc(cc1)C=C1C(=O)C(=Cc2ccc(cc2)OCCCCCCCCOC(=O)c2ccc(cc2)*)CCC1,tg,59.0,93.77944379111848,85.10363557948435,90.63403839798376
*OC(C*)COc1ccc(cc1)c1ccc(cc1)C#N,tg,94.15,80.27173332598676,83.33638447345075,81.38281946484163
*C(C*)(C(=O)OCCCC1CCCCC1)C,tg,41.33,42.38056697109689,49.56820244920217,44.986436861858415
*C(C*)(C(=O)OCC(=O)N1CCOCC1)C,tg,128.0,93.89615720481724,82.65486127560878,89.82063686376813
*c1ccc2N(c3c(Sc2c1)cc(cc3)C=Cc1ccc(cc1)C=C*)c1ccc(cc1)OCCCCCCCCCCCC,tg,167.0,138.85578847725176,103.26191149567924,125.951264784545
*OP(=O)(Oc1c(cc(cc1C)S(=O)(=O)c1cc(c(c(c1)C)*)C)C)Oc1ccc(cc1)Br,tg,162.0,142.38000031249692,144.43864114638012,143.12635844115408
*C(C*)c1ccc(cc1)C(=O)N(CC)CC,tg,102.0,86.66995524608801,117.72449301088955,97.92874614878765
*C(C*)(C(=O)OCCC(C(C(C(F)(F)F)(F)F)(F)F)(F)F)C,tg,23.0,30.38998784010842,44.83201311265349,35.62592933073933
*S(=O)(=O)c1cc(ccc1)NC(=O)c1c(cc(cc1)c1cc(c(cc1)C(=O)Nc1cc(ccc1)*)C)C,tg,260.0,247.9912496417941,215.85665712551258,236.3408859936723
*C(C*)(C(=O)OCCC(C(C(C(C(C(F)(F)F)(F)F)(F)F)(F)F)(F)F)(F)F)F,tg,53.0,44.253067680061115,60.98548477499526,50.31938838318701
*OC(=O)CCCCC(=O)OCC(CC(CC*)(C)C)C,tg,-70.0,-35.36730522409004,-38.54627805206016,-36.519838571279216
*N(c1ccc(cc1)C(=O)*)C,tg,197.0,139.2793795933554,181.03248507525925,154.41692527893107
*OP(=O)(N=Nc1ccc(cc1)C(=O)c1ccc(cc1)N=NP(=O)(OCc1ccc(cc1)C*)OC)OC,tg,48.0,63.40107817931345,70.18916387652027,65.86209170568709
*OC(=O)CCC(=O)OCC(=O)NCCCCCCNC(=O)C*,tg,30.0,22.441387635129917,19.14561407884153,21.246508303357814
*NC(=O)c1ccc(cc1)C(=O)NCCCC(CCC*)(C)C,tg,152.0,137.42312730692748,154.4591780350076,143.5995300731808
*Oc1ccc(cc1)Oc1ccc(cc1)OCCCCCCOC(=O)OCCCCCCOC(=O)OCCCCCC*,tg,-13.0,-13.579057922608486,-10.118754845580956,-12.324528581380338
*C(C*)CCCCC,tg,-45.5,-33.796131829000586,-6.636371862656955,-23.949388633384082
*C(C*)(CC(=O)OCCOC)C(=O)OCCOC,tg,29.0,19.307450676225816,4.056283096719828,13.778155469832106
*Oc1c(cc(cc1)C1(c2ccccc2c2ccccc12)c1cc(c(cc1)Oc1ccc(cc1)C(=O)c1cc(ccc1)C(=O)c1ccc(cc1)*)C)C,tg,217.0,221.92581751033103,221.39174412829814,221.73218975194848
*OC(=O)Nc1ccc(cc1)Cc1ccc(cc1)NC(=O)OCCCCCCCCCCCC*,tg,43.0,59.63486815239608,70.9522559508158,63.737975522797676
*c1cc2c(C(=O)N(C2=O)c2cc(cc(c2)C(C)(C)C)N2C(=O)c3c(C2=O)cc(c(c3)Cl)C(=O)*)cc1Cl,tg,290.0,317.2827379278666,289.2583703248692,307.1225321179395
*OC(=O)c1cc(ccc1)C(=O)OCCCS(=O)(=O)CCCS(=O)(=O)CCC*,tg,67.0,39.1589920950781,59.88005981640191,46.67139400303658
*N=P(*)(C)C,tg,-46.0,-69.25660364028865,-33.15375314600249,-56.16755212114775
*Oc1ccc(cc1)N1ON1c1ccc(cc1)OCCCCCCOC(=O)C(C(=O)OCCCCCC*)CCCCCCP(=O)(O)O,tg,15.0,12.204695147077546,12.926419947890624,12.466355735400874
*Nc1cc(ccc1)NC(=O)c1cc(ccc1)C(=O)Nc1cc(ccc1)NC(=S)NC(=O)c1cc(ccc1)C(=O)NC(=S)*,tg,244.0,244.82598448816387,247.2994060833375,245.7227209575711
*N1C(=O)c2c(C1=O)cc(cc2)c1c2c(C(=O)N(C2=O)c2cc(ccc2)OCCCc2cc(ccc2)*)ccc1,tg,178.0,240.38598287332303,200.43381734494378,225.9013661258182
*Oc1ccc(cc1)N=CC=Nc1ccc(cc1)OC(=O)Nc1ccc(cc1)Cc1ccc(cc1)NC(=O)*,tg,133.0,114.38580033654895,98.93742286327893,108.78500688488593
*c1ncc(s1)N*,tg,62.0,183.4872200667652,123.02227605100263,161.56571646001973
*Oc1ccc(cc1)S(=O)(=O)c1ccc(cc1)OCC(C*)O,tg,161.25,132.02835040291555,139.01352225451515,134.56081731297604
*C(C*)c1c(cc(cc1)C)C,tg,98.83,113.88168523217016,124.78079412209068,117.8331460121292
*C1(c2c(C(=O)O1)cccc2)c1ccc(cc1)Oc1ccc(cc1)Oc1c2c(c(cc1)c1c3c(c(cc1)Oc1ccc(cc1)Oc1ccc(cc1)*)cccc3)cccc2,tg,198.0,227.01318749676412,279.41725017784006,246.0122268206383
*Oc1cc(ccc1)NC(=O)CCCCCCCCC(=O)Nc1ccc(cc1)*,tg,125.0,129.00688096211852,138.74714566272138,132.53820396655658
*C(C*)C(=O)Nc1cc(ccc1)Cl,tg,70.0,85.05303585970121,90.4051403011578,86.99343585058658
*C(C*)(C(=O)OCc1ccc(cc1)Cl)C,tg,43.6,55.10853628912757,48.260291896584526,52.625712289292714
*N1C(=O)c2c(C1=O)c(ccc2)Oc1c(cc(cc1C)Cc1cc(c(c(c1)C)Oc1c2c(C(=O)N(C2=O)c2c(cc(cc2C)Cc2cc(c(c(c2)C)*)C)C)ccc1)C)C,tg,243.0,299.92944613180094,293.53511444076,297.6111877176141
*c1[nH]c(nc1c1ccc(cc1)NC1C(=O)N(C(=O)C1)c1ccc(cc1)Cc1ccc(cc1)N1C(=O)C(CC1=O)Nc1ccc(cc1)*)c1ccc(cc1)N=Nc1ccc(cc1)[N+](=O)[O-],tg,258.0,242.80365384400625,222.04609691188114,235.27802280999452
*C(=CCCC*)c1ccccc1,tg,0.0,34.60493261224915,39.020941459409386,36.20595210290157
*OC(C*)CC,tg,-72.01,-45.856340332253374,-53.152071617350785,-48.50140024727481
*OCOCCCC*,tg,-83.2,-75.57971613345873,-78.37109684941353,-76.5917283568828
*C1(CCCCC1)C*,tg,100.0,106.4255694173069,59.34320010709467,89.35590458178042
*Oc1c(cc(cc1C)C1(CC2C(CC1)CCCC2)c1cc(c(c(c1)C)OC(=O)c1cc(ccc1)C(=O)*)C)C,tg,261.0,234.54461630641353,228.22231119294838,232.25247105425487
*Oc1cc(ccc1)C(=O)NCC*,tg,106.0,102.73674853494045,118.94899288565084,108.61448114170328
*c1cc2c(C(=O)N(C2=O)c2cc(ccc2)N2C(=O)c3c(C2=O)cc(cc3)C(=O)Nc2ccc(cc2)Oc2ccc(cc2)c2ccc(cc2)Oc2ccc(cc2)NC(=O)*)cc1,tg,292.0,277.1394419371408,278.13527768762486,277.5004811698948
*NC(=O)c1ccc(cc1)C(=O)NCc1c(cc(c(c1)C)C*)C,tg,225.0,170.5839391710065,159.63546118052446,166.61457967413577
*C(C*)c1ccc(cc1)I,tg,155.0,115.97234290591054,93.84178177871223,107.9489306053433
*Oc1ccc(cc1)C(c1ccc(cc1)OC(=O)OC1C(C(C1(C)C)OC(=O)*)(C)C)(c1ccccc1)c1ccccc1,tg,161.0,176.0779760741002,168.67362339055092,173.39353558217275
*c1cc2c(C(=O)N(C2=O)C2CCC(CC2)N2C(=O)c3c(C2=O)cc(cc3)C(=O)Oc2ccc(cc2)OC(=O)*)cc1,tg,360.0,232.76748783705253,221.2409010309667,228.58853558039945
*C(C*)C(=O)OCCCCCCOc1ccc(cc1)N=Nc1ccc(cc1)[N+](=O)[O-],tg,35.8,57.04552107743415,29.306255943488967,46.98867887604674
*Oc1ccc(cc1)OC(=O)c1c(cc(c(c1)OCCCCCCCCCOCC1N(CCC1)c1ccc(cc1)[N+](=O)[O-])C(=O)*)OCCCCCCCCCOCC1N(CCC1)c1ccc(cc1)[N+](=O)[O-],tg,34.0,56.321450614935685,55.39182354760809,55.98441527253898
*O[Si](c1cc2c(cc1)cc(cc2)[Si](*)(C)C)(C)C,tg,29.0,40.56819450902457,56.263067343159,46.258354601642836
*c1c(nnc(n1)c1nc(ccc1)c1nc(c(nn1)c1ccccc1)c1ccc(cc1)Cc1ccc(cc1)*)c1ccccc1,tg,205.0,249.2272088415948,232.76614039923822,243.25926531491373
*Oc1ccc(cc1)C(c1ccc(cc1)OC(=S)*)CCC,tg,129.0,107.06127030663733,106.87458027878613,106.99358602799454
*c1nc2c(c(c1c1ccccc1)c1ccccc1)cc(cc2)Oc1cc2c(nc(c(c2c2ccccc2)c2ccccc2)c2ccc(cc2)Oc2ccc(cc2)*)cc1,tg,305.0,324.3275844552611,342.9467045750471,331.0779274102453
*OC(=O)c1ccc(cc1)C(=O)OCCC*,tg,53.44,53.76863473632083,48.892859596747456,52.00092744662296
*NC(=O)CCCCCCCCCCCCCCCCCCC(=O)NCCCCC*,tg,52.0,49.3157142004172,47.755888991922376,48.75020116653433
*c1cc2c(C(=O)N(C2=O)c2ccc(cc2)N2C(=O)c3c(C2=O)cc(cc3)C(*)(C(F)(F)F)C(F)(F)F)cc1,tg,348.86,343.60407790554063,331.89415895829694,339.35865876863085
*c1cc2c(C(=O)N(C2=O)C2C(=O)N(C(=O)C2)c2ccc(cc2)S(=O)(=O)c2ccc(cc2)NC(=O)*)cc1,tg,145.0,215.96298711335177,165.70449864291982,197.7418235249602
*C(C*)OC(=O)c1ccc(cc1)CC,tg,54.72,59.2754053456888,57.41803797337838,58.60201870465364
*C(C*)C(=O)OCC(O)C,tg,-7.0,9.717245509468825,-20.04410184147849,-1.07270053141925
*Oc1ccc(cc1)C(c1ccc(cc1)OC(=S)*)(c1ccccc1)C,tg,181.0,145.69097565218462,159.26440336932552,150.61200798754305
*C(C*)(C(=O)Oc1c(c(c(c(c1Cl)Cl)Cl)Cl)Cl)C,tg,110.0,155.03621321547382,127.66514617056724,145.11286085465838
*C(C*)C1CCC(CC1)C(C)(C)C,tg,131.0,130.70942446270075,115.07471082449824,125.04107502503419
*OC(C*)CBr,tg,-14.0,-33.18730667493994,-19.1013047225394,-28.080441074871334
*c1n(c(nn1)c1ccc(cc1)Oc1ccc(cc1)C(c1ccc(cc1)Oc1ccc(cc1)*)(C(F)(F)F)C(F)(F)F)c1ccc(cc1)S(=O)(=O)c1ccccc1,tg,211.0,224.8702177489727,227.7386644816616,225.91017017793726
*Oc1ccc(cc1)CC(NC(=O)CCc1ccc(cc1)OC(=O)COCC(=O)*)C(=O)OCC,tg,79.0,71.45366061276214,75.62412717800437,72.9656590002565
*OC(OC(=O)c1cc(ccc1)C(=O)OC(OCC1CCC(CC1)C*)C)C,tg,30.0,46.88009224845533,48.28791983487311,47.39049869992393
*C(=CCC*)CCCCCCC,tg,-83.0,-52.6295906159041,-46.91738362650275,-50.5586358145899
*C(C*)OC(=O)c1ccccc1,tg,70.29,83.69617575364245,84.87761762199742,84.12450629458453
*C1C(CC(C1)C=C*)[Si](C[Si](C)(C)C)(C)C,tg,24.0,72.72763056682673,80.42820402557346,75.51946559781459
*Oc1c(cc(cc1C)c1cc(c(c(c1)C)Oc1ccc(cc1)C(=O)c1cc2c(cc1)cc(cc2)C(=O)c1ccc(cc1)*)C)C,tg,270.0,244.44602318242528,252.39705943687363,247.32866324381055
*c1oc2c(n1)ccc(c2)c1ccc2c(oc(n2)c2ccc(cc2)C(c2ccc(cc2)*)(C(F)(F)F)C(F)(F)F)c1,tg,345.0,347.23139385022404,312.36168618422425,334.5894170021664
*Oc1ccc(cc1)C(=O)CNc1ccc(cc1)S(=O)(=O)c1ccc(cc1)NCC(=O)c1ccc(cc1)*,tg,247.0,189.51500297013857,235.11142467892847,206.04593902266112
*Oc1ccc(cc1)C1(c2ccccc2c2ccccc12)c1ccc(cc1)Oc1ccc(cc1)C=NN=Cc1ccc(cc1)*,tg,227.0,215.9947390670577,216.16296005762902,216.05572741512563
*C(C*)(C(=O)Oc1ccc(cc1)C(=O)C=Cc1cc(c(cc1)OC)OC)C,tg,137.0,112.1039821560807,119.01612779780265,114.60997348844442
*Oc1cc2c(C(CC2(c2ccc(cc2)OC(=O)*)C)(C)C)cc1,tg,201.7,171.37565935383728,201.42663365440617,182.27060934906766
*Oc1c(cc(cc1C)S(=O)(=O)c1cc(c(c(c1)C)OCC(C*)O)C)C,tg,152.5,145.17914189250527,146.15841661552025,145.53417694168968
*C(C*)C(=O)c1ccc(cc1)CCC,tg,44.0,58.10423004731857,65.68869059127118,60.85396845981315
*C(C*)(C(=O)OCCCCCCCCCCCCCCCC[n+]1ccc(cc1)N(C)C)C,tg,60.0,47.27211686854438,62.45617904409805,52.777083079373504
*Oc1cc(ccc1)Oc1ccc(cc1)S(=O)(=O)c1ccc(cc1)Oc1ccc(cc1)C(=O)c1ccc(cc1)*,tg,167.0,176.37627001826004,166.2004560202354,172.68703906154047
*Oc1ccc(cc1)OC(=O)c1cc(ccc1)Oc1cc(ccc1)C(=O)*,tg,119.0,131.48768565219527,148.30874856165707,137.5861448047074
*Oc1ccc(cc1)C(c1ccc(cc1)OC(=O)Nc1cc(ccc1)P(=O)(c1cc(ccc1)NC(=O)*)c1ccccc1)(C)C,tg,62.0,173.26934257591742,143.29399452497285,162.40181080013457
*c1c2c(c(nn1)c1ccc(cc1)Oc1ccc(cc1)C1(c3ccccc3c3ccccc13)c1ccc(cc1)Oc1ccc(cc1)*)c(c(c(c2c1ccc(cc1)F)c1ccc(cc1)F)c1ccc(cc1)F)c1ccc(cc1)F,tg,311.33,316.3309368864465,304.13274889850385,311.9084963082541
*Oc1c(cc(cc1)OC(=O)c1ccc(cc1)C(=O)*)C(F)(F)F,tg,158.13,151.1855009614852,140.34672879824632,147.25591520006958
*N1C(=O)c2c(C1=O)cc(cc2)Oc1ccc(cc1)C1(c2ccccc2c2ccccc12)c1ccc(cc1)Oc1cc2c(C(=O)N(C2=O)c2ccc(cc2)N(c2ccc(cc2)*)c2ccc(cc2)C#N)cc1,tg,279.0,249.60022723503496,278.80839252509855,260.1896176855683
*c1cc2c(nc(c(n2)c2ccc(cc2)c2c(nc3c(n2)cc(cc3)C(=O)*)c2ccccc2)c2ccccc2)cc1,tg,323.79,328.30787712106286,306.5444933474578,320.41758459447595
*c1oc(nn1)c1ccc(cc1)c1oc(nn1)CN1C(=O)c2c(C1=O)cc(cc2)C(c1cc2c(C(=O)N(C2=O)C*)cc1)(C(F)(F)F)C(F)(F)F,tg,214.0,222.82111165186996,229.44162468804964,225.22137188138885
*Nc1ccc(cc1)C(=O)c1ccc(cc1)NC(=O)c1cc(ccc1)C(=O)*,tg,253.2,267.384588838098,242.77225174829775,258.46141120075765
*N1C(=O)N(C(=O)C1=O)c1c(ccc(c1)N1C(=O)N(C(=O)C1=O)CCCCCC*)C,tg,181.5,138.8569830809682,148.9715070550373,142.52399340219281
*OP(=O)(Oc1ccc(cc1)C(c1ccc(cc1)*)(C)C)Oc1ccc(cc1)Cl,tg,71.0,82.17607194567387,65.71473181396128,76.20802991829467
*Nc1c(ccc(c1)NC(=O)Nc1ccc(cc1)CCc1c(cccc1)NC(=O)*)C,tg,227.0,214.2445830492098,129.05090569437357,183.35770246400503
*c1cc2c(C(=O)N(C2=O)c2cc(ccc2)P(=O)(c2cc(ccc2)N2C(=O)c3c(C2=O)cc(cc3)C(=O)*)c2cc(cc(c2)C(F)(F)F)C(F)(F)F)cc1,tg,243.0,250.98468245935524,243.48921246087923,248.26720747809986
*N1C(=O)c2c(C1=O)cc(cc2)C(=O)Oc1ccc(cc1)OC(=O)CCC*,tg,132.0,118.36116531012888,106.94502558124354,114.22225552834476
*Oc1ccc(cc1)C(=O)OC(=O)c1ccc(cc1)OCCCCC*,tg,53.0,48.35591291065701,39.12699319317344,45.00997750682302
*OC(=O)c1cc(ccc1)c1cc(ccc1)C(=O)OCC(C(C(C*)(F)F)(F)F)(F)F,tg,45.0,81.1834720516073,43.92234947042065,67.6744901720916
*Oc1c(cc(cc1)OC(=O)c1ccc(cc1)OCCCCCCOc1ccc(cc1)C(=O)*)N=Nc1ccc(cc1)C#N,tg,98.0,108.0123736791774,85.38149955224952,99.80757341230007
*Oc1c(cc(cc1)Oc1ccc(cc1)C(=O)c1ccc(cc1)c1ccc(cc1)C(=O)c1ccc(cc1)*)c1ccccc1,tg,186.0,176.9983113862497,165.14424525185666,172.70063183407888
*C(C*)c1ccc(cc1)CCCCCCCCCCCCCCCC,tg,4.5,-22.78935387120391,-29.427663098083954,-25.19606609145846
*N1C(=O)c2c(C1=O)cc(cc2)c1cc2c(C(=O)N(C2=O)c2ccc(cc2)C(=O)Nc2cc(ccc2)S(=O)(=O)c2cc(ccc2)NC(=O)c2ccc(cc2)*)cc1,tg,256.0,258.7919773291852,237.65294811876353,251.12804391086348
*Oc1cc(ccc1)NC(=O)c1ccc(cc1)C(=O)Nc1cc(ccc1)OCCCCC*,tg,135.0,141.88385495606553,122.30194812398229,134.78445466331803
*SC(C*)CC,tg,-50.0,-45.90196211964329,16.299546670053118,-23.35086873034193
*NC(=O)CCCCCCCCCCCCCCCCC(=O)NCCCCCC*,tg,47.0,49.595147190122624,49.03249013170237,49.391156449102425
*O[Si](OC(CCC*)C)(C)C,tg,-81.0,-69.96331543327908,-81.13778504888899,-74.0146079626859
*Oc1cc(c(cc1)C(=O)c1ccccc1)c1c(ccc(c1)Oc1ccc(cc1)C(c1ccc(cc1)*)(C)C)C(=O)c1ccccc1,tg,156.0,186.03085765358,164.547090270604,178.24193976341186
*Oc1ccc(cc1)CC(NC(=O)CCc1ccc(cc1)OC(=O)CCC(=O)*)C(=O)OCCCCCC,tg,51.2,51.4815586171842,41.65850393857767,47.92022019090211
*c1cc2c(C(=O)N(C2=O)c2cc(ccc2)N2C(=O)c3c(C2=O)cc(cc3)C(=O)OCCN(CCOC(=O)*)c2ccc(cc2)N=Nc2ccc(cc2)[N+](=O)[O-])cc1,tg,210.0,177.9661037001457,166.79276735295633,173.9152220360456
*OCC(C*)(COCC(F)(F)F)C,tg,-41.0,0.9310501165295214,-14.882047136676823,-4.8019721182981945
*N1C(=O)c2c(C1=O)cc(cc2)Oc1cc2c(C(=O)N(C2=O)c2c(cc(c(c2)*)O)O)cc1,tg,263.0,305.61245217405786,312.94891915425825,308.27228077367266
*c1cc2c(C(=O)N(C2=O)c2cc3Cc4c(c3cc2)ccc(c4)N2C(=O)c3c(C2=O)cc(cc3)C(=O)*)cc1,tg,341.5,343.3591216848395,334.0996480019366,340.00210897209473
*OC(=O)c1cc2c(cc1)cc(cc2)C(=O)OCCCC*,tg,65.5,75.73590869018834,73.30231701862303,74.85361251884554
*OCC(C*)(CS(=O)(=O)CCCCC)CS(=O)(=O)CCCCC,tg,56.0,57.43754493470406,55.34738672310083,56.67976021299186
*C(C*)(C(=O)Oc1c(ccc(c1)C)C)C,tg,111.0,107.58141382365626,86.13726447388888,99.80685941090486
*c1cc2c(C(=O)N(C2=O)c2cc(ccc2)P(=O)(c2cc(ccc2)N2C(=O)c3c(C2=O)cc(cc3)C(=O)Nc2ccc3Cc4c(c3c2)cc(cc4)NC(=O)*)c2ccccc2)cc1,tg,248.0,229.70780592790564,200.06114308524988,218.9594386381944
*c1cc2c(C(=O)N(C2=O)c2c3c(ccc2)c(ccc3)Oc2ccc(cc2)N2C(=O)c3c(C2=O)cc(cc3)C(=O)Nc2c3c(ccc2)c(ccc3)Oc2ccc(cc2)NC(=O)*)cc1,tg,276.0,295.9053760831139,296.707762792809,296.1962805639979
*N(CC*)C(=O)C(CCCC)CC,tg,33.0,14.0793171838267,9.271144194614472,12.336118984595842
*Nc1ccc(cc1)Cc1ccc(cc1)NC(=O)c1cc(cc(c1)N1C(=O)C2C(C1=O)CC=CC2)C(=O)*,tg,286.0,298.41241625158347,287.4106575318017,294.42373988080294
*c1nc2c([nH]1)ccc(c2)N1C(=O)c2c(C1=O)cc(cc2)C(=O)c1cc2c(C(=O)N(C2=O)c2ccc(cc2)*)cc1,tg,412.0,343.8413756719712,362.03402103876476,350.4371006414749
*c1c(nnc(n1)c1nc(ccc1)c1nc(c(nn1)c1ccccc1)c1ccc(cc1)*)c1ccccc1,tg,260.0,247.7075429665076,236.01532119033573,243.46853992086847
*Oc1ccc(cc1)C(c1ccc(cc1)Oc1ccc(cc1)C(=O)c1c(c(c(c(c1c1ccccc1)c1cc2c(cc1)cccc2)c1cc2c(cc1)cccc2)c1ccccc1)C(=O)c1ccc(cc1)*)(C)C,tg,264.0,279.00229683127185,266.2712674068666,274.3866751353033
*Oc1ccc(cc1)Oc1ccc(cc1)C(=O)c1c2c(c(cc1)C(=O)c1ccc(cc1)*)cccc2,tg,200.02,184.0360117139985,185.40133774450283,184.53100926984314
*C1(c2c(C(=O)O1)cccc2)c1ccc(cc1)Oc1ccc(cc1)C(=O)c1ccc(cc1)Oc1ccc(cc1)*,tg,218.29,238.41953837409207,233.77238506031478,236.73471769349226
*C#CC(=C(*)COS(=O)(=O)c1ccc(cc1)C)COS(=O)(=O)c1ccc(cc1)C,tg,-73.0,123.71534401342308,158.8042147916103,136.4367782236348
*N1C(=O)c2c(C1=O)cc(cc2)c1cc2c(C(=O)N(C2=O)c2ccc(cc2)Oc2ccc(cc2)C(=O)c2ccc(cc2)Oc2ccc(cc2)*)cc1,tg,253.0,244.1365961568508,243.6325134725039,243.9538414952385
*C(C*)(C(=O)OCc1ccc(cc1)C=CC(=O)Oc1cc2c(cc1)oc(=O)cc2)C,tg,140.0,118.1393692733728,130.80266158824807,122.7304329495658
*S(=O)(=NP(=NP(=N*)(NCCCCCC)NCCCCCC)(NCCCCCC)NCCCCCC)NCCCCCC,tg,-17.0,-7.443903559677312,-26.259931846853956,-14.265635369342757
*N1C(=O)c2c(C1=O)cc(cc2)c1cc2c(C(=O)N(C2=O)c2cc(ccc2)Oc2ccc(cc2)*)cc1,tg,255.5,265.5554325606843,236.72476614110704,255.10290393952363
*N1C(=O)c2c(C1=O)cc(cc2)Oc1ccc(cc1)C1(CCCCCCCCCCC1)c1ccc(cc1)Oc1cc2c(C(=O)N(C2=O)c2ccc(cc2)Oc2ccc(cc2)C2(C3CC4CC(CC2C4)C3)c2ccc(cc2)Oc2ccc(cc2)*)cc1,tg,262.0,256.9527722260741,258.5117021223373,257.5179606654232
*C(C*)c1cc(c(c(c1)OC)O)OC,tg,147.0,120.77069899217302,102.02204951248441,113.97339530024442
*OC(CC(=O)*)CCOc1ccccc1,tg,20.0,14.19217938049727,21.331026373277577,16.780361055807205
*c1cc2c(C(=O)N(C2=O)c2ccc(cc2)N2C(=O)c3c(C2=O)cc(cc3)C(=O)c2ccc(cc2)Oc2ccc(cc2)Oc2ccc(cc2)C(=O)*)cc1,tg,236.0,253.2002526425861,241.90860470054565,249.106477230787
*OC(=O)CCCCC(=O)OCCCCCCCCCC*,tg,-68.0,-42.86779693978422,-41.32517214501834,-42.308519898305455
*N=C(NCCCCCCCCCC*)C,tg,5.0,13.438053939807908,14.390726505426954,13.783444404038244
*c1c(cc(c(c1)OC)C=C*)OCCCCCC,tg,60.0,37.46572114382982,33.6748651185998,36.09135016933476
*c1cc2c(C(=O)N(C2=O)c2ccc(cc2)Cc2ccc(cc2)N2C(=O)c3c(C2=O)cc(cc3)C(=O)Nc2ccc(cc2)Oc2ccc(cc2)NC(=O)*)cc1,tg,251.0,263.39650495171384,258.058969632294,261.461386981121
*OC(=O)OCC(C*)(C)C,tg,14.76,9.588149810098257,12.62292824854345,10.68840562885345
*c1oc(cc1)C(c1oc(cc1)CNC(=O)OCc1oc(cc1)COCc1oc(cc1)COC(=O)NC*)(C)C,tg,39.0,51.290165735782146,36.4433321424439,45.9074614025032
*N1C(=O)c2c(C1=O)cc(cc2)C(=O)Oc1ccc(cc1)c1ccc(cc1)OC(=O)c1cc2c(C(=O)N(C2=O)CCCCCCCCCCC*)cc1,tg,97.0,103.04003217276323,118.17428856876303,108.52694134915863
*Oc1ccc(cc1)NC(=O)c1ccc(cc1)C(=O)Nc1ccc(cc1)*,tg,184.75,251.1411107728959,244.69308059910279,248.80338402871237
*Nc1cc(ccc1)NC(=O)c1ccc(cc1)C(=O)Nc1cc(ccc1)NC(=S)NC(=O)CCCCC(=O)NC(=S)*,tg,252.0,244.80952705902928,260.8230740855699,250.61522215415064
*C(C*)(C(=O)OCCCCCCOc1ccc(cc1)N=Nc1ccc(cc1)[N+](=O)[O-])C,tg,108.0,68.08899717479106,59.906806714800645,65.1225523926211
*C(C*)(C(=O)OCCCCCCOc1cc2c(cc1)cc(cc2)C(=O)Oc1ccccc1)C,tg,39.0,48.15553563807151,36.59206217710902,43.963210162422136
*Oc1ccc(cc1)C1(c2ccccc2c2ccccc12)c1ccc(cc1)Oc1ccc(cc1)C(=O)c1c2c(ccc1)cccc2C(=O)c1ccc(cc1)*,tg,269.0,245.6708770238148,247.54982297651668,246.3520869570994
*c1oc(nn1)c1ccc(cc1)Oc1ccc(cc1)*,tg,237.67,218.0832820978128,225.57026965174,220.7976817774733
*N1C(=O)c2c(C1=O)cc(cc2)Oc1cc2c(cc1Oc1cc3c(C(=O)N(C3=O)c3ccc(cc3)Oc3c(cccc3)Oc3ccc(cc3)*)cc1)cccc2,tg,204.0,212.6605155194708,206.28429150945485,210.3488220265182
*C(C*)(c1ccccc1)C,tg,148.8,143.69290278244674,154.1569167386637,147.48662033922554
*N1C(=O)c2c(C1=O)c(ccc2)Oc1ccc(cc1)Sc1ccc(cc1)Oc1c2c(C(=O)N(C2=O)c2ccc(cc2)Oc2ccc(cc2)*)ccc1,tg,234.0,231.13344124341936,228.4739595527037,230.16924887668372
*OC(COC(=O)C1=C(C2C=CC1C2)C(=O)OCC(OC(=O)c1ccc(cc1)C(=O)*)CCl)CCl,tg,72.0,70.64657046184946,62.68808192423935,67.76122858282645
*c1ccc2n(c3c(c2c1)cc(cc3)Nc1ccc(cc1)C(=O)c1ccc(cc1)N*)CC(CCCC)CC,tg,236.06,210.6488125459608,205.19995923399208,208.67333635103026
*C1C(C(C(C1)C=C*)C(=O)Oc1ccccc1)C(=O)Oc1ccccc1,tg,96.5,133.2801515481498,130.09965947510523,132.12706740021284
*O[Si](O[Si](O[Si](O[Si](Oc1c(cc(cc1C)c1cc(c(c(c1)C)*)C)C)(C)C)(C)C)(C)C)(C)C,tg,-16.0,78.2843939210005,72.9097998750158,76.33584034699683
*NC(=O)CCCCCCCCCC*,tg,46.15,47.67118231962792,47.73486863048623,47.69427172648848
*N1C(=O)c2c(C1=O)cc(cc2)C(=O)Oc1ccc(cc1)c1ccc(cc1)OC(=O)CCCCCC*,tg,107.0,99.95096913688404,81.64788767709848,93.31520567482497
*c1cc2c(C(=O)N(C2=O)c2ccc(cc2)Oc2ccc(cc2)Oc2ccc(cc2)N2C(=O)c3c(C2=O)cc(cc3)C(=O)Oc2ccc(cc2)OC(=O)*)cc1,tg,230.0,233.24939418535655,242.83083130217614,236.72313441174973
*O[Si](*)(CCCOc1ccc(cc1)C(=O)OC1CC2=CCC3C(CCC4(C(CCC34)C(CCCC(C)C)C)C)C2(CC1)C)C,tg,72.08,64.7164485894607,63.80285475806834,64.38522608035284
*OC(=O)C1CCC(CC1)C(=O)OCCC*,tg,-6.0,17.330338526564432,-0.8639667246797788,10.734011767650987
*OC(=O)Nc1c(ccc(c1)NC(=O)OCCCCCCC*)C,tg,61.0,22.851128102146394,23.602142649496134,23.123407658117767
*C(C*)C(=O)OCC(C(F)(F)F)(F)F,tg,-26.0,-8.43454311530506,-3.1662066592006117,-6.524513121827594
*OC(CC(=O)*)COc1ccccc1,tg,20.0,38.57175421739111,50.235525223076934,42.800442465291255
*c1[nH]c(nc1c1ccc(cc1)Oc1ccc(cc1)C(=O)c1cc(ccc1)C(=O)c1ccc(cc1)Oc1ccc(cc1)*)c1ccccc1,tg,230.0,233.13891270097335,234.49034410927894,233.62887277575186
*O[Si](*)(c1ccccc1)c1ccccc1,tg,45.8,46.5415067401997,54.10637771929699,49.284142975993035
*Oc1ccc(cc1)C(c1ccc(cc1)OC(=O)c1ccc(cc1)OCCCCCCCCCCOc1ccc(cc1)C(=O)*)(C)C,tg,77.0,76.1075341305541,88.65570346853931,80.65686008922839
*c1cc2c(C(=O)N(C2=O)c2ccc(cc2)NC(=O)Nc2ccc(cc2)N2C(=O)c3c(C2=O)cc(cc3)C(=O)Nc2ccc(cc2)C(=O)c2ccc(cc2)NC(=O)*)cc1,tg,212.0,217.5404904221996,211.14780260524756,215.22282799288223
*c1cc2c(C(=O)N(C2=O)c2cc(c(cc2)c2c(cc(cc2)N2C(=O)c3c(C2=O)cc(cc3)C(=O)Oc2c(ccc(c2)OC(=O)*)C23CC4CC(CC(C2)C4)C3)C)C)cc1,tg,225.0,239.76263974965977,237.0511096694772,238.77957729256028
*OC(=O)c1ccc(cc1)[Si](c1ccc(cc1)C(=O)OCCN(CC*)c1ccc(cc1)C=Cc1ccc(cc1)[N+](=O)[O-])(C)C,tg,127.0,111.5868094318675,97.87912807746177,106.61710357763918
*N1C(=O)c2c(C1=O)c(ccc2)c1cc2c(C(=O)N(C2=O)c2cc(ccc2)C(=O)Nc2ccc(cc2)Oc2cc(ccc2)Oc2ccc(cc2)NC(=O)c2cc(ccc2)*)cc1,tg,253.0,261.64016667133524,249.62655106664255,257.2846426219014
*c1nc2c([nH]1)ccc(c2)c1ccc2c(nc([nH]2)c2ccc(cc2)Nc2nc(nc(n2)Nc2ccc(cc2)*)N(c2ccccc2)c2ccccc2)c1,tg,329.0,299.5905738298391,280.1794937537136,292.55310660273506
*N1C(=O)c2c(C1=O)cc(cc2)Oc1ccc(cc1)C(c1ccc(cc1)Oc1cc2c(C(=O)N(C2=O)c2ccc(cc2)Oc2ccc(cc2)C(c2ccc(cc2)Oc2ccc(cc2)*)(C)C)cc1)(C)C,tg,205.0,215.16969157145627,238.1455803914852,223.49957656242142
*C(C*)C(=O)OCCCCCCCCOC(=O)c1ccc(cc1)OC(=O)c1ccc(cc1)C#N,tg,15.0,19.83188264283953,22.144100651956624,20.67017491700799
*Oc1ccc(cc1)NC(=O)c1cc(cc(c1)C(C)(C)C)C(=O)Nc1ccc(cc1)*,tg,268.0,250.34135150880127,236.47914332686696,245.31562211130924
*c1sc(c(c1c1ccccc1)c1ccccc1)c1ccc(cc1)CC(=O)Nc1ccc(cc1)Cc1ccc(cc1)NC(=O)Cc1ccc(cc1)*,tg,227.0,237.73447416069533,251.0615443940747,242.56618984230116
*C(C*)(C(=O)OCC(C(C(C(C(C(C(C(F)F)(F)F)(F)F)(F)F)(F)F)(F)F)(F)F)(F)F)C,tg,-15.0,41.219882572304805,41.88372072121408,41.4605564141894
*N1C(=O)c2c(C1=O)c(ccc2)c1cc2c(C(=O)N(C2=O)c2cc(ccc2)Oc2cc(ccc2)Oc2cc(ccc2)*)cc1,tg,213.0,245.44240297730695,244.0521258801163,244.93835943775625
*c1cc2c(C(=O)N(C2=O)c2ccc(cc2)C(=O)Nc2cc(ccc2)NC(=O)*)cc1,tg,240.0,267.48316082702104,284.3873650751986,273.611762786844
*N1C(=O)c2c(C1=O)cc(cc2)Oc1ccc(cc1)C1(CCCCCCCCCCC1)c1ccc(cc1)Oc1cc2c(C(=O)N(C2=O)c2ccc(cc2)Oc2c(cc(cc2)Oc2ccc(cc2)*)C(C)(C)C)cc1,tg,262.0,237.6898023236753,243.83142589848288,239.91644166880266
*N=P(*)(OCCCCCC)OCCCCCC,tg,-104.0,-92.633222408087,-100.78619521717789,-95.58907436080844
*c1nc(nc(n1)N(CCCCCCN(*)c1ccccc1)c1ccccc1)C,tg,67.0,63.17464786577997,50.196848782941345,58.46956008255304
*S(=O)(=O)C(C*)CC(C)C,tg,23.0,40.33601826306874,86.57092367362601,57.098435928598185
*c1cc2c(cc1OC(=O)COc1ccc3c(c1)oc(=O)cc3)oc(=O)c(c2)C(=O)Nc1ccc(cc1)NC(=O)c1c(=O)oc2c(cc(c(c2)OC(=O)COc2ccc3c(c2)oc(=O)cc3)C*)c1,tg,252.0,236.94941717514772,232.90930715380412,235.48467941930951
*Nc1ccc(cc1)N[Se]*,tg,55.0,103.5485657631262,70.25112351752936,91.4766121350543
*C(C*)c1c(ccc(c1)c1ccc(cc1)C(=O)OC1C(CCC(C1)C)C(C)C)c1ccc(cc1)C(=O)OC1C(CCC(C1)C)C(C)C,tg,217.5,192.577301142215,174.22276190770918,185.92288171656435
*O[Si](O[Si](O[Si](C#Cc1ccc(cc1)C#C[Si](*)(C)C)(C)C)(C)C)(C)C,tg,96.0,45.18860756288595,69.10741288322997,53.86034596658439
*N(CCNC(=O)c1ccc(cc1)[Si](c1ccc(cc1)C(=O)NCC*)(C)C)c1ccc(cc1)/C=C/c1ccc(cc1)[N+](=O)[O-],tg,157.5,161.85670742733473,140.78189135295773,154.216054415806
*[Si](CCC*)(O[Si](CCCOc1ccc(cc1)C(=O)Oc1ccc(cc1)C#N)(C)C)C,tg,-19.1,0.3685803597952765,2.701489649707138,1.2143742366519394
*N(CC(C*)O)c1ccc(cc1)N=Nc1c(cc(cc1)[N+](=O)[O-])C,tg,156.0,118.73983556239898,140.1893293391345,126.5163275916812
*N1C(=O)c2c(C1=O)cc(cc2)c1cc2c(C(=O)N(C2=O)c2cc(c(c(c2)C(=O)OCCCCCCCC)c2c(cc(cc2Br)*)C(=O)OCCCCCCCC)Br)cc1,tg,135.5,121.80160833812664,109.77302215396264,117.44065672041805
*SC(C*)C,tg,-45.29,-48.503756785439954,-48.88414179145929,-48.641664980297975
*Oc1ccc(cc1)C1(CCCCCCCCCCC1)c1ccc(cc1)OC(=O)c1ccc(cc1)Oc1ccc(cc1)C1(CCC(CC1)C(C)(C)C)c1ccc(cc1)Oc1ccc(cc1)C(=O)*,tg,181.0,191.34896302621155,209.38425298268785,197.88763895265467
*N1C(=O)c2c(C1=O)cc(cc2)Sc1cc2c(C(=O)N(C2=O)c2c(cc(c(c2C)*)C)C)cc1,tg,378.0,364.70521734780704,344.38852976245994,357.3394230445294
*C(C*)P(=O)(N(C)C)Oc1ccccc1,tg,27.0,81.30227131902723,58.7855668820746,73.13886315647271
*N1C(=O)c2c(C1=O)c(ccc2)Oc1ccc(cc1)S(=O)(=O)c1ccc(cc1)Oc1c2c(C(=O)N(C2=O)c2ccc(cc2)Oc2ccc(cc2)*)ccc1,tg,267.0,252.9300702632147,253.6613060085563,253.1951790347487
*O[Si](c1ccc(cc1)c1ccc(cc1)[Si](*)(c1ccccc1)c1ccccc1)(c1ccccc1)c1ccccc1,tg,94.0,164.93472310038575,94.16395233471505,139.27685254670803
*C(C*)C(=O)OCc1c(c(c(c(c1Br)Br)Br)Br)Br,tg,181.0,48.19400598333485,49.67055272635815,48.729326494741855
*N1C(=O)c2c(C1=O)cc(cc2)Oc1cc2c(C(=O)N(C2=O)c2cc(ccc2)OCCOCCOc2ccc(cc2)*)cc1,tg,146.5,154.8708261512869,125.35033890592389,144.16820369531627
*c1nc2c([nH]1)ccc(c2)NC(=O)c1ccc(cc1)OCCOCCOCCOc1ccc(cc1)C(=O)Nc1ccc(cc1)*,tg,155.0,149.77024099037635,155.47912546442018,151.83999121714612
*O[Si](*)(CCCCCCCCCCCOc1ccc(cc1)/C=C/c1ccc(cc1)OCCCC)C,tg,-33.0,13.96261600578074,29.168232014803074,19.47539653688773
*OC(=O)NCCCCCCNC(=O)OCCN(CC*)c1cc(c(cc1)N=Nc1ccc(cc1)[N+](=O)[O-])C,tg,75.0,73.04150643343996,87.50879256515964,78.28660622272672
*c1nc(c(c(c1F)OCC(C(C(COc1c(c(nc(c1F)F)OCC(C(C(CO*)(F)F)(F)F)(F)F)F)(F)F)(F)F)(F)F)F)F,tg,-10.0,58.99988922307278,56.85144020992599,58.22097123088332
*C(C*)C(=O)OCCC#N,tg,4.0,-9.756289479516658,26.603968568601495,3.426084884978415
*c1c([nH]c(n1)c1ccc(cc1)c1[nH]c(c(n1)c1ccc(cc1)Oc1ccc(cc1)C(=O)c1ccc(cc1)c1ccc(cc1)C(=O)c1ccc(cc1)Oc1ccc(cc1)*)c1ccccc1)c1ccccc1,tg,273.0,261.5392517829178,261.7473223290525,261.61468754659535
*c1cc2c(C(=O)N(C2=O)c2ccc(cc2)Sc2ccc(cc2)Sc2ccc(cc2)Sc2ccc(cc2)Sc2ccc(cc2)N2C(=O)c3c(C2=O)cc(cc3)C(*)(C(F)(F)F)C(F)(F)F)cc1,tg,216.0,239.1817111340079,265.34065997379855,248.66561127936572
*C(C*)(C(=O)OC1C(CCC(C1)C)C(C)C)C,tg,147.0,116.82851435713236,115.18519487980812,116.23273056148696
*NC(=O)CCCCCCCCCCC(=O)NCCCCCCCCCC*,tg,49.0,46.61135409288679,49.03249013170237,47.48913448731635
*C(C*)OCC(CC)(C)C,tg,9.0,-24.553227679636947,8.86056628767432,-12.439090853867057
*[Si](C*)(CCCCC)CCCCC,tg,-55.0,-57.136331528313214,-37.224190908632195,-49.91720531364959
*N1C(=O)c2c(C1=O)cc(cc2)c1cc2c(C(=O)N(C2=O)c2cc(c(c(c2)C(=O)OCCCC)c2c(cc(cc2Br)*)C(=O)OCCCC)Br)cc1,tg,196.0,158.1391202097315,157.02794017998488,157.73626302651004
*C(C*)(C(=O)OCCN(c1ccc(cc1)N(C)C)C)C,tg,41.0,56.920169736158584,64.34832081232385,59.613238310986965
*NC(=O)CCCCCCCCCC(=O)NCCc1ccc(cc1)CC*,tg,96.0,89.01786954505265,83.29966000242635,86.94473852420641
*C(C(C(C*)OC)C(=O)OC)C(=O)OC,tg,59.5,92.35289309917054,78.2411647813011,87.23670043161523
*c1oc(nn1)c1ccc(cc1)c1oc(nn1)CCCOc1c(cc(cc1)OCCC*)C,tg,125.5,71.15274908170284,91.92356648371022,78.68318768550701
*NC(=O)CCC1(c2ccccc2c2ccccc12)CCC(=O)NCCCCCC*,tg,122.0,102.88461478947652,78.32300870771006,93.9798296272089
*Nc1ccc(cc1)NC(=O)CCCCCCC(=O)*,tg,138.0,129.24288499897256,131.17809309853587,129.9444927160544
*c1sc(c(c1c1ccccc1)c1ccccc1)c1ccc(cc1)CC(=O)Nc1ccc(cc1)S(=O)(=O)c1ccc(cc1)NC(=O)Cc1ccc(cc1)*,tg,252.0,253.9872258816133,247.24619520374904,251.54327210437242
*OC(=O)c1ccc(cc1)C(=O)OCC(CC(CC*)(C)C)C,tg,-12.0,36.60726748617361,46.86170151864848,40.325002055967154
*c1sc(cc1)c1cc(c(cc1)Oc1ccc(cc1)C(c1ccc(cc1)Oc1c(cc(cc1)*)C(F)(F)F)(C)C)C(F)(F)F,tg,123.33,129.8402607347879,124.71778586950934,127.98311271187082
*C(C*)c1ccc(cc1)COCCC,tg,22.0,39.34046336079599,34.6279541281161,37.63194795864689
*N1C(=O)c2c(C1=O)c(ccc2)Oc1c(cc(cc1C)c1cc(c(c(c1)C)Oc1c2c(C(=O)N(C2=O)c2c(cc(c(c2C)*)C)C)ccc1)C)C,tg,325.0,321.5296426998762,321.47970007268816,321.5115360514727
*OC(=O)c1c(ccc(c1)N=Nc1ccc(cc1)OCC)c1c(cc(cc1)N=Nc1ccc(cc1)OCC)C(=O)OCCCCCC*,tg,83.0,76.10746758754824,69.71826874441304,73.79107008211949
*OC1CCC(CC1)OC(=O)OCCCCCCCOC(=O)*,tg,-5.0,7.592768990919346,10.096278644216435,8.500413855023867
*Oc1c(cc(cc1C)c1cc(c(c(c1)C)Oc1ccc(cc1)C(=O)c1ccc(cc1)*)C)C,tg,246.64,211.2833372780624,234.82363872625152,219.81784949006126
*c1cc2c(C(=O)N(C2=O)c2ccc(cc2)Oc2cc3c(cc2)ccc(c3)Oc2ccc(cc2)N2C(=O)c3c(C2=O)cc(cc3)C(=O)Nc2ccc(cc2)Oc2ccc(cc2)C(c2ccc(cc2)Oc2ccc(cc2)NC(=O)*)(C)C)cc1,tg,250.0,254.5742611493527,238.14781925925425,248.6188714437753
*C(C*)C(=O)OCC(CCCC)CC,tg,-62.58,-44.04655179296088,-17.8825134171161,-34.56080644151247
*Oc1ccc(cc1)c1ccc(cc1)OC(=O)c1cc(cc(c1)CCCCC)C(=O)*,tg,138.0,129.59362270141187,140.60316979680292,133.58512273980327
*Oc1cc2c(cc1OC(=O)c1ccc(cc1)Oc1ccc(cc1)C(=O)*)cccc2,tg,148.0,149.39149646824163,166.73924612960488,155.68090536393754
*Oc1ccc(cc1)N1ON1c1ccc(cc1)OCCCCCCOC(=O)C(C(=O)OCCCCCC*)CCCCP(=O)(O)O,tg,11.5,16.996292058623734,12.926419947890624,15.520764087719295
*Oc1ccc(cc1)C(c1ccc(cc1)OC(=O)c1ccc(cc1)S(=O)(=O)c1ccc(cc1)C(=O)*)(C)C,tg,205.0,215.69924360268857,226.51198915636414,219.61939344342818
*c1c(cc(c(c1)OC)C=C*)OCCc1ccccc1,tg,111.2,90.22598248342574,83.96246614336142,87.95515104093182
*C(C*)C(=O)OCCCCCCn1c2ccccc2c2ccccc12,tg,48.0,46.820512200925435,36.47527169204353,43.06985583599134
*c1c(c(c(c(c1Cl)Cl)[Se]*)Cl)Cl,tg,104.0,139.9247380991262,97.26141991977882,124.45719573109747
*N1C(=O)C2C3C4C(C(C2C1=O)C=C3)C(=O)N(C4=O)C1C(CC(CC1)CC1CC(C(CC1)*)C)C,tg,241.0,265.1296107378555,226.84487583833163,251.24951925932177
*c1cc2C(c3c(c2cc1)ccc(c3)*)(CCCCCCCC)CCCCCCCC,tg,57.66,83.24038378174632,93.06154558123896,86.8010359466418
*OC(=O)CCSCCC(=O)OCCOCCOCCOCCOCC*,tg,-47.0,-50.305711583232075,-45.153077321793546,-48.43762930208552
*c1cc2c(C(=O)N(C2=O)c2ccc(cc2)OCCOCCOCCOc2ccc(cc2)N2C(=O)c3c(C2=O)cc(cc3)C(*)(C(F)(F)F)C(F)(F)F)cc1,tg,166.0,164.2250953827405,198.75918352115858,176.7453937143597
*C(C*)(CC(=O)OCCCCC)C(=O)OCCCCC,tg,2.0,4.175187558531719,5.596149128573385,4.690355722329154
*O[Si](O[Si](O[Si](O[Si](CC[Si](O[Si](O[Si](CC[Si](*)(c1ccccc1)c1ccccc1)(C)C)(C)C)(C)C)(c1ccccc1)c1ccccc1)(c1ccccc1)c1ccccc1)(c1ccccc1)c1ccccc1)(c1ccccc1)c1ccccc1,tg,4.5,3.84922293147506,-0.12025020295675924,2.4100945067362227
*Oc1ccc(cc1)Sc1ccc(cc1)OCC(CN(S(=O)(=O)c1cc(ccc1)S(=O)(=O)N(CC(C*)O)C)C)O,tg,90.0,85.48657251414564,66.6670127981345,78.66356038856836
*NC(=O)C(=O)NCC(CCC*)(C)C,tg,109.0,89.31646030956126,76.71765491454042,84.74877630020148
*c1cc2c(C(=O)N(C2=O)c2cc(cc(c2)c2nc3c([nH]2)cccc3)N2C(=O)c3c(C2=O)cc(cc3)C(=O)*)cc1,tg,197.0,339.4446604030416,346.8829595718975,342.1414081584951
*Oc1ccc(cc1)Oc1ccc(cc1)NC(=O)c1cc(cc(c1)C(C)(C)C)C(=O)Nc1ccc(cc1)*,tg,195.5,251.4033700115308,237.33696950557788,246.3036108958226
*C1C(=O)N(C(=O)C1*)c1ccc(cc1)O[Si](C(C)(C)C)(C)C,tg,169.0,181.18054961593285,171.4210657586705,177.64225872590612
*OP(=O)(OCCCCCCCCCCOc1ccc(cc1)C=Cc1ccc(cc1)OCCCCCCCCCC*)OCCCCCCCCCCOc1ccc(cc1)N=Nc1ccc(cc1)Cl,tg,60.0,52.97982552235724,60.9043543722351,55.85285535132839
*C(C*)(C(=O)OCCCCCCCCCCCOc1ccc(cc1)C=Nc1ccc(cc1)C#N)C,tg,23.0,28.381057932482474,36.5484917195078,31.34215269796272
*OC(=O)c1cc(c(cc1)c1c(cc(cc1)C(=O)OCC*)C)C,tg,73.0,123.34798490790897,87.51975855385781,110.35849808991279
*c1cc2c(C(=O)N(C2=O)c2ccc(cc2)Sc2ccc(cc2)Oc2ccc(cc2)Sc2ccc(cc2)N2C(=O)c3c(C2=O)cc(cc3)C(*)(C(F)(F)F)C(F)(F)F)cc1,tg,232.67,239.1570430548297,231.30657445641765,236.31086369427547
*NC1CCC(CC1)CC(NC(=O)CCCCC(=O)*)(C)C,tg,80.0,105.90365047538911,109.4574244076218,107.19206757956586
*C1C(CC(C1)C=C*)([Si](O[Si](O[Si](C)(C)C)(C)C)(C)C)C#N,tg,47.0,57.10100145676031,85.3475033862116,67.34174183953465
*C(C*)(C(=O)NC1C(OC(C(C1O)O)CO)O)C,tg,100.0,164.7137102031246,120.43808704387334,148.66162831376724
*Oc1c(cc(cc1OC)c1cc(c(c(c1)OC)OC(=O)c1cc(ccc1)C(=O)*)OC)OC,tg,252.0,163.70969296637568,165.31316091116898,164.29102862966388
*Oc1c(cc(c(c1)OCCOC)OC(=O)c1c(cc(cc1)C(=O)*)OCCOCC)OCCOC,tg,99.0,58.226805691014285,61.60409139458163,59.45123716840823
*C(C*)c1cc[n+](cc1)CCCCCCCC,tg,94.5,-5.887383249524863,48.16994165420537,13.711044602144241
*OS(=O)(=O)c1cc(ccc1)C(=O)Oc1ccc(cc1)C(c1ccc(cc1)*)(C)C,tg,133.0,145.82538432135064,129.11386041218236,139.76663842135372
*C(C*)C(=O)Oc1ccc(cc1)[N+](=O)[O-],tg,73.3,113.0925880572102,90.44642634646233,104.88224529245572
*N1C(=O)c2c(C1=O)cc(cc2)Oc1c(cc(cc1C)C(c1cc(c(c(c1)C)Oc1cc2c(C(=O)N(C2=O)c2ccc(cc2)Oc2ccc(cc2)C(c2ccc(cc2)Oc2ccc(cc2)*)(C(F)(F)F)C(F)(F)F)cc1)C)(C)C)C,tg,244.0,246.72209205570337,253.3620787929641,249.12941245563061
*N1C(=O)c2c(C1=O)c(ccc2)Oc1ccc(cc1)C(=O)c1ccc(cc1)Oc1c2c(C(=O)N(C2=O)c2cc(ccc2)*)ccc1,tg,248.0,243.0982022845238,249.32875637383464,245.35708329672232
*C(C*)OCCCCCCCCCC,tg,-62.0,-54.88351028923115,-75.7940283103373,-62.46459720959773
*Oc1c(cc(cc1)C(=O)c1cc(ccc1)C(=O)c1cc(c(cc1)*)C(C)C)CC,tg,136.0,138.00639393070549,127.23948507291223,134.10286213717427
*OP(=O)(OCCOc1ccc(cc1)S(=O)(=O)c1ccc(cc1)OCC*)Oc1ccc(cc1)Br,tg,59.0,55.77825712537258,53.74865507963852,55.042426979656774
*C(C*)(C(=O)OCCN(c1ccc(cc1)N=Nc1ccc(cc1)S(=O)(=O)Nc1nccs1)CCCC)C,tg,53.0,114.31390746948288,89.04428548956528,105.15243186752997
*OC(=O)c1c(ccc(c1)N=Nc1ccc(cc1)OCC)c1c(cc(cc1)N=Nc1ccc(cc1)OCC)C(=O)OCCC*,tg,101.0,104.26997303401052,93.99787663210563,100.54583499024598
*C(C*)(C(=O)OCCN(c1ccc(cc1)N=Nc1ccc(cc1)S(=O)(=O)Nc1noc(c1)C)CCCC)C,tg,114.0,97.62367594536676,94.26894730087933,96.40742250666993
*c1cc2c(C(=O)N(C2=O)c2ccc(cc2)C(=O)Nc2ccc(cc2)S(=O)(=O)c2ccc(cc2)NC(=O)*)cc1,tg,227.33,280.41802323152575,266.6219385660493,275.4162668472915
*N1C(=O)C2C(C1=O)CC(CC2)C1CC2C(C(=O)N(C2=O)c2ccc(cc2)Oc2ccc(cc2)C(c2ccc(cc2)Oc2ccc(cc2)*)(C)C)CC1,tg,225.0,239.0218223976015,241.29851971374282,239.84723668086374
*Oc1ccc(cc1)C(=O)c1ccc(cc1)OCCCCCCOC(=O)OCCCCCCCCCCOC(=O)OCCCCCC*,tg,-13.0,-7.076180297773718,-1.9372359142851103,-5.213061267875297
*Oc1ccc(cc1)S(=O)(=O)c1ccc(cc1)Oc1c(cc(cc1)C(c1cc(c(cc1)*)N)(C)C)N,tg,230.4,229.26030119332316,219.50337907476785,225.72293905904442
*c1c2C(=O)N(C(=O)c2c(c2ccccc12)c1ccc(cc1)Oc1c(cc(cc1)c1nc(ccc1)c1cc(c(cc1)Oc1ccc(cc1)*)C(F)(F)F)C(F)(F)F)c1ccccc1,tg,298.0,273.706370126958,271.9511045287516,273.07000037969016
*N1C(=O)c2c(C1=O)cc(cc2)Oc1cc2c(C(=O)N(C2=O)c2cc(cc(c2)OCCCC)*)cc1,tg,237.0,215.6409532744782,210.60866612651566,213.81650271622613
*NC(=O)CCCC(=O)NCc1c(c(c(c(c1C)C)C*)C)C,tg,192.0,155.42930430295883,134.25340282825132,147.75200288293482
*c1nc2c(c(c1)c1ccccc1)cc(cc2)c1cc2c(nc(cc2c2ccccc2)c2ccc(cc2)c2ccc(cc2)c2ccc(cc2)*)cc1,tg,351.67,356.24451753523505,366.52183567925255,359.97054871626153
*Oc1ccc(cc1)S(=O)(=O)c1ccc(cc1)Oc1ccc(cc1)C(=O)c1cc(cc(c1)I)C(=O)c1ccc(cc1)*,tg,203.0,209.94421647225,204.5021897652004,207.9712152559503
*c1sc2cc3c(cc2n1)sc(n3)c1ccc(cc1)Oc1cc(ccc1)n1c(=O)c2cc3c(cc2c1=O)c(=O)n(c3=O)c1cc(ccc1)Oc1ccc(cc1)*,tg,400.0,277.0757864431459,252.18261317481608,268.050791936531
*OC(=O)CCCCCCCCC(=O)OC/C=C\C*,tg,-41.0,-41.80994094534042,-40.95450212586094,-41.499802476318095
*Oc1ccc(cc1)C(=Cc1ccc(cc1)OCC(COC(=O)CCCCCCCCC(=O)OCC(C*)O)O)C,tg,30.0,29.961461222923948,36.933179140280856,32.489050422886
*Oc1ccc(cc1)CC(NC(=O)CCc1ccc(cc1)OC(=O)CCC(CC(=O)*)C)C(=O)OCc1ccccc1,tg,55.0,60.55435133283587,46.33005101311266,55.39734580115201
*C(C*)c1ccc(cc1)COC,tg,77.0,61.16001962447755,58.62573487535639,60.24121728086013
*[Si](CCC*)(c1ccc(cc1)N(C)C)c1ccccc1,tg,52.0,47.55645126925241,53.64318978314326,49.763192091683194
*Oc1ccc(cc1)Oc1ccc(cc1)OCCCCCCOC(=O)OCCCCCCCCCCCCOC(=O)OCCCCCC*,tg,-22.0,-12.30916936498076,-7.98530759106158,-10.741557701479863
*N1C(=O)c2c(C1=O)cc(cc2)C(c1cc2c(C(=O)N(C2=O)CCN(CC*)c2ccc(cc2)N=Nc2ccc(cc2)C=O)cc1)(C(F)(F)F)C(F)(F)F,tg,170.0,211.8852929768012,205.38009901290127,209.52684155898405
*Oc1ccc(cc1)C(=Cc1ccc(cc1)c1ccc(cc1)C=C(c1ccc(cc1)OC(=O)CCCCCCCCC(=O)*)c1ccccc1)c1ccccc1,tg,111.0,115.23230023752888,103.86013455015633,111.10933319951666
*N1C(=O)c2c(C1=O)cc(cc2)c1cc2c(C(=O)N(C2=O)c2cc(cc(c2)C(=O)NCCCCCCCCCCCC)*)cc1,tg,243.1,208.28752557484313,251.8669713829899,224.087209077638
*C(=C*)c1c(c(c(c(c1F)F)CCCC)F)F,tg,110.0,103.24499676445872,93.12914301567666,99.57750433477209
*OC(CC(=O)*)CCCCC,tg,-34.5,-47.37611105284304,-27.510594908843863,-40.17388849414832
*c1nc2cc3c(cc2nc1)ncc(n3)c1ccc(cc1)*,tg,392.0,312.82427161427665,423.2778335075258,352.8690975019768
*C1C(=O)OC(=O)C1C(C*)OC(C)C,tg,142.0,150.76902275047047,134.65669978227137,144.92751653873322
*Oc1ccc(cc1)c1ccc(cc1)Oc1ccc(cc1)C(=O)c1c(c(c(c(c1c1ccc(cc1)F)c1ccc(cc1)F)c1ccc(cc1)F)c1ccc(cc1)F)C(=O)c1ccc(cc1)*,tg,275.0,258.54508634879227,268.6523227103025,262.2094545535378
*Oc1ccc(cc1)CC(NC(=O)Cc1ccc(cc1)OC(=O)CCCC(=O)*)C(=O)OCCCCCCCC,tg,38.0,44.83920841863656,42.908184325106404,44.13911760866247
*c1cc2c(C(=O)N(C2=O)c2cc(cc(c2)C(F)(F)F)Oc2c(cc(cc2C)c2cc(c(c(c2)C)Oc2cc(cc(c2)C(F)(F)F)N2C(=O)c3c(C2=O)cc(cc3)C(*)(C(F)(F)F)C(F)(F)F)C)C)cc1,tg,264.8,267.95602926004926,274.1227628753051,270.1917722246575
*C(C*)C(=O)OCCCCC,tg,-57.0,-54.47118924274363,-42.140266271618934,-50.00062573216562
*Oc1ccc(cc1)C1(c2ccccc2c2ccccc12)c1ccc(cc1)Oc1ccc(cc1)C=CC(=O)c1ccc(cc1)*,tg,195.0,231.76777394766643,224.84935001284234,229.25950642656025
*OC(=O)NC(=O)c1ccc(cc1)C(=O)NC(=O)OCC(C*)CCCCCCCCCCCC,tg,75.0,87.46374143986502,75.68638000692538,83.19387109874923
*c1oc(nn1)c1c(cc(cc1)*)OCCCCCCCCCC,tg,165.0,71.105180971645,120.05369716477892,88.85141545079871
*Oc1cc2c(cc1)cc(cc2)Oc1ccc(cc1)S(=O)(=O)c1ccc(cc1)*,tg,231.0,189.9629346994097,211.47209712981714,197.76105953804898
*N1C(=O)c2c(C1=O)cc(cc2)Oc1ccc(cc1)C1(CCC(CC1)c1ccccc1)c1ccc(cc1)Oc1cc2c(C(=O)N(C2=O)c2ccc(cc2)Oc2ccc(cc2)C2(C3CCC(C2)C3)c2ccc(cc2)Oc2ccc(cc2)*)cc1,tg,245.0,249.28280261923285,242.40155418414963,246.78801303753306
*C(=C(*)Cl)CCCCCCCC,tg,90.0,134.694120707038,123.78272192380959,130.73820423883083
*C1C(=O)N(C(=O)C1C(C*)c1ccccc1)C(C)(C)C,tg,178.0,215.8886538179748,195.88492834507903,208.63632360845517
*C(C*)(CC(=O)OCCCC)C(=O)OCCCC,tg,22.38,10.796503385867268,24.540701513465482,15.779448358865585
*OC(=O)c1cc(ccc1)C(=O)OCc1ccc(cc1)C*,tg,143.0,84.59953872477148,94.24160683676276,88.09526065644815
*N1C(=O)c2c(C1=O)cc(cc2)C(c1cc2c(C(=O)N(C2=O)CC(=O)Nc2ccc(cc2)Oc2ccc(cc2)Oc2ccc(cc2)NC(=O)C*)cc1)(C(F)(F)F)C(F)(F)F,tg,242.0,233.9399397260645,242.98096061334942,237.21775260120108
*N1C(=O)c2c(C1=O)cc(cc2)Oc1cc2c(C(=O)N(C2=O)c2cc(c(cc2)c2c(cc(cc2)*)C)C)cc1,tg,309.67,309.5000446573963,289.6266360708749,302.2949607017379
*c1cc2c(C(=O)N(C2=O)c2ccc(cc2)c2sc(c(c2c2ccccc2)c2ccccc2)c2ccc(cc2)N2C(=O)c3c(C2=O)cc(cc3)C(=O)Nc2ccc(cc2)Cc2ccc(cc2)NC(=O)*)cc1,tg,253.0,309.0214660504869,297.61097162544473,304.8846029678368
*N1C(=O)c2c(C1=O)cc(cc2)C(=O)Oc1ccc(cc1)OC(=O)CCCCCCCCCCC*,tg,58.0,68.28672284922355,90.16498811247517,76.21866554237609
*c1nc2c([nH]1)ccc(c2)c1ccc2c(nc([nH]2)CCCCCCCC*)c1,tg,234.0,135.95535763159918,169.38351964134364,148.07470357645698
*Oc1ccc(cc1)Oc1ccc(cc1)C(=O)c1ccc(cc1)*,tg,150.4,152.6607585035218,152.12281581294775,152.46572793128533
*Oc1ccc(cc1)C(c1ccc(cc1)OC(=O)*)c1ccccc1,tg,150.6,160.0432844076742,180.0572298278872,167.29931984864035
*Oc1ccc(cc1)Oc1ccc(cc1)NC(=O)c1ccc(cc1)Oc1ccc(cc1)Oc1ccc(cc1)C(=O)Nc1ccc(cc1)*,tg,236.0,205.7256049468092,229.58947600508822,214.37742698998514
*c1cc2c(cc1)oc(=O)c(c2)C(=O)Nc1ccc(cc1)Oc1ccc(cc1)NC(=O)c1c(=O)oc2c(cc(cc2)C*)c1,tg,312.0,288.97684994485616,275.03688970437645,283.9229316180667
*OC(C*)COC(OCC)C,tg,-67.0,-57.23840053035892,-41.26001939508592,-51.44545479314747
*N1C(=O)c2c(C1=O)cc(cc2)c1cc2c(C(=O)N(C2=O)c2cc(c(c(c2)C(=O)OCCCCCCCCCCCCCC)c2c(cc(cc2Br)*)C(=O)OCCCCCCCCCCCCCC)Br)cc1,tg,98.0,104.13455044274252,130.8484632704493,113.81965221427805
*C(C*)OC(=O)OCC(F)(F)F,tg,57.0,29.985257118095888,26.1255384603613,28.585920066621995
*C(C*)(C(=O)OCCOCCOc1ccc(cc1)N=Nc1ccc(cc1)C#N)C,tg,57.0,59.83727209871432,35.48066360105855,51.006808600885606
*N1C(=O)c2c(C1=O)cc(cc2)c1cc2c(C(=O)N(C2=O)c2ccc(cc2)Oc2cc(ccc2)Oc2ccc(cc2)*)cc1,tg,220.0,236.8286005672685,216.29638157524926,229.38466557295675
*c1sc(cc1CCCCCCOC(=O)COc1ccccc1)c1sc(cc1)*,tg,79.0,44.34125092989899,3.951963036458237,29.69815591604882
*C(C*)c1ccc(cc1)C(=NO)Cc1ccccc1,tg,111.0,99.14404627566908,73.24793834340403,89.75543883248963
*Nc1ccc(cc1)Cc1ccc(cc1)NC(=O)CCCCCCCC(=O)*,tg,140.0,137.00972647256617,157.80383552975664,144.54860944213326
*Oc1c(cc(cc1C)C1(c2ccccc2c2ccccc12)c1cc(c(c(c1)C)OC(=O)c1cc(ccc1)C(=O)*)C)C,tg,315.0,268.2687495961154,238.53195395209252,257.4877047514602
*OC(=O)CCCCCCCCC(=O)OCCCCCCCCCC*,tg,-53.0,-50.48456003777395,-52.25895825568273,-51.127866296745275
*Oc1ccc(cc1)S(=O)(=O)c1ccc(cc1)Oc1ccc(cc1)NC(=O)c1ccc(cc1)Oc1ccc(cc1)C(c1ccc(cc1)C(c1ccc(cc1)Oc1ccc(cc1)C(=O)Nc1ccc(cc1)*)(C)C)(C)C,tg,177.0,182.78963024698808,207.1051150839431,191.60518440369285
*Oc1ccc(cc1)C1(CCC(CC1)C(C)(C)C)c1ccc(cc1)OC(=O)c1ccc(cc1)C(=O)*,tg,210.0,203.0577141724422,223.88971580976633,210.61033505817858
*Oc1ccc(cc1)C(c1ccc(cc1)Oc1ccc(cc1)C(=O)c1ccc(cc1)C(=O)c1ccc(cc1)*)(C)C,tg,156.4,169.75570696879774,158.76528054203328,165.7711391092595
*C1C(=O)N(C(=O)C1*)c1cc(c(c(c1)Br)O[Si](C(C)(C)C)(C)C)Br,tg,164.0,172.77580464115655,191.84845363221996,179.69057402453336
*c1nc2c(nc1c1ccccc1)cc(cc2)Oc1cc2c(nc(c(n2)c2ccccc2)c2ccc(cc2)*)cc1,tg,304.0,337.5334794684024,349.8865425968949,342.01206987038825
*C(C*)(C(=O)OCCCCCC)C#N,tg,86.0,9.383437523608505,-9.857400760619047,2.4076912840263596
*NC(=O)CCP(=O)(CCC(=O)NCCCCCCCC*)C,tg,52.0,50.25265191050693,53.159175777784384,51.306409165669606
*C(CC(C*)(F)F)(C(F)(F)F)C(F)(F)F,tg,132.0,1.177239498019316,29.35661073249541,11.39364171599459
*Nc1ccc(cc1)C1(c2ccccc2c2ccccc12)c1ccc(cc1)NC(=O)c1ccc(cc1)C(=O)*,tg,319.0,308.0076091733734,301.6490044325757,305.70230352845414
*Oc1ccc(cc1)CC(=O)NCCCCCCNC(=O)C*,tg,69.5,76.05643156725155,84.68335305188857,79.18411312751697
*Oc1c(cc(cc1OC)/C=C/c1ccc(cc1)/C=C/c1cc(c(c(c1)OC)OCCCCCC*)OC)OC,tg,90.0,78.46415472139712,73.79117156718883,76.76996945856891
*OC(=O)c1cc(ccc1)C(=O)OCCN(CC*)c1ccc(cc1)N=Nc1ccc(cc1)c1nc2c(n1CC)cc(cc2)[N+](=O)[O-],tg,147.0,142.64760519586207,151.12198359106776,145.71998241508186
*c1cocc1C[Ge](C*)(C)C,tg,-28.0,41.010565728662776,90.7030943985797,59.026541170265915
*Oc1c(cc(cc1)Oc1ccc(cc1)C(=O)c1ccc(cc1)*)c1ccccc1,tg,155.67,163.9169344815622,163.63367188259187,163.81423791603882
*NC(=O)c1c(cc(cc1)C(=O)NCCCCCC*)Oc1ccccc1,tg,108.0,106.59745236781713,91.36724135942765,101.07575494484644
*c1cc2c(C(=O)N(C2=O)c2c(cc(cc2C)c2cc(c(c(c2)C)N2C(=O)c3c(C2=O)cc(cc3)C(=O)Nc2c(cc(cc2)Cc2cc(c(cc2)NC(=O)*)C)C)C)C)cc1,tg,329.0,272.41666001317367,293.61547868470524,280.10227003946557
*C(C*)C(=O)NC(CS(=O)(=O)O)(C)C,tg,86.33,84.25157458016366,114.58461203823684,95.24878628464077
*N1C(=O)c2c(C1=O)c(ccc2)Oc1cc(ccc1)Oc1c2c(C(=O)N(C2=O)c2cc(ccc2)*)ccc1,tg,241.0,238.1555148981814,219.09421711274877,231.24486088279554
*Oc1ccc(cc1)S(=O)(=O)c1ccc(cc1)Oc1ccc(cc1)C(=C)c1ccc(cc1)*,tg,167.0,194.09393005952103,210.8309410811566,200.16191628607368
*Nc1cc(cc(c1)C(=O)OCCN(c1ccc(cc1)C#N)C)NC(=O)c1cc(cc(c1)OCCN(c1ccc(cc1)S(=O)(=O)C(C(C(C(C(C(C(C(F)(F)F)(F)F)(F)F)(F)F)(F)F)(F)F)(F)F)(F)F)C)C(=O)*,tg,157.0,166.62611775979823,161.69062828976416,164.83676110067026
*Oc1cc(c(cc1)c1c(cc(cc1)OC(=O)c1cc(c(cc1)c1c(cc(cc1)C(=O)*)C(F)(F)F)C(F)(F)F)C(=O)OCCCCCCCCCCCOc1ccc(cc1)c1ccc(cc1)C#N)C(=O)OCCCCCCCCCCCOc1ccc(cc1)c1ccc(cc1)C#N,tg,50.0,74.77528222874822,51.83924625900707,66.45984584789171
*c1cc2c(C(=O)N(C2=O)c2ccc(cc2)OCCN(CCOc2ccc(cc2)N2C(=O)c3c(C2=O)cc(cc3)C(*)(C(F)(F)F)C(F)(F)F)c2ccccc2)cc1,tg,170.0,196.3098595904987,203.45028235634268,198.89861256072112
*N1C(=O)c2c(C1=O)cc(cc2)Oc1cc2c(C(=O)N(C2=O)c2c(cc(cc2)Cc2cc(c(cc2)*)C(C)(C)C)C(C)(C)C)cc1,tg,216.0,282.7006589814523,281.9756042713775,282.43779113793215
*Oc1c(cc(cc1)OC(=O)c1cc(ccc1)Sc1ccc(cc1)OC(=O)c1ccc(cc1)C(=O)Oc1ccc(cc1)Sc1cc(ccc1)C(=O)*)c1ccccc1,tg,128.0,128.95788056364927,130.97256771273297,129.6883033288401
*C(C*)(C(=O)OCCN(c1ccc(cc1)N=Nc1c2c(c(cc1)[N+](=O)[O-])cccc2)CC)C,tg,116.0,106.5248097795325,109.49887020229693,107.60305234380766
*N1C(=O)c2c(C1=O)cc(cc2)c1cc2c(C(=O)N(C2=O)c2cc(cc(c2)C(=O)NCCCCCCCC)*)cc1,tg,245.5,243.9231448658271,248.68049038566448,245.64791561802468
*C(C*)(C(=O)OCCCCCC(=O)Oc1ccc(cc1)OC(=O)c1ccc(cc1)OCC)C,tg,43.0,42.24236346536821,32.3434758774984,38.653531895397904
*C(C*)c1ccc(cc1)C(=O)C(F)(F)F,tg,95.0,107.129364441914,113.71660266195542,109.51756092087686
*c1oc(nn1)c1ccc(cc1)Oc1c2c(ccc1)c(ccc2)NC(=O)c1ccc(cc1)Oc1ccc(cc1)C(=O)Nc1c2c(ccc1)c(ccc2)Oc1ccc(cc1)*,tg,248.0,262.0379932288662,271.58946480660336,265.5008694797151
*c1n(cnc1C(=O)NCCNC(=O)*)C,tg,189.0,132.0848364840305,132.46932350925914,132.22423186175715
*OC(=O)c1cc2c(cc1)cc(cc2)C(=O)OCCCCCC*,tg,59.33,50.69326838728617,45.20126048251719,48.70214653887625
*Oc1ccc(cc1)C(=O)Nc1c(ccc(c1)C(c1cc(c(cc1)C)NC(=O)c1ccc(cc1)OC(=O)c1ccc(cc1)C(=O)*)(C(F)(F)F)C(F)(F)F)C,tg,213.0,226.10921111506025,226.0499797146475,226.08773683142508
*Oc1ccc(cc1)CC(NC(=O)CCc1ccc(cc1)OC(=O)COCCOCC(=O)*)C(=O)OC,tg,63.0,56.18888418900542,55.42301004297655,55.911217300731984
*C(C*)C(=O)OCCCOCC,tg,-61.5,-63.32627423426405,-67.567348189905,-64.86387125892716
*S(=O)(=O)C(C=CC*)CC,tg,70.1,35.35073819052078,29.435187368092226,33.20606129053146
*N1C(=O)C(CC1=O)SCCCCCSC1C(=O)N(C(=O)C1)c1ccc(cc1)C(=O)OCC(NC(=O)c1ccc(cc1)*)CC,tg,91.0,109.4837890857777,132.99015906368982,118.00599947793424
*Oc1ccc(cc1)NC(=O)c1cc(ccc1)C(=O)Nc1ccc(cc1)Oc1ccc(cc1)C(=O)c1ccc(cc1)*,tg,145.0,182.21155172117605,192.2858125990047,185.86396469804154
*OC(=O)NCCCCCCNC(=O)OCC(C*)(C(=O)O)C,tg,-26.0,25.343950641017617,-2.160411783828763,15.372272176545291
*C(C*)(F)F,tg,-28.45,18.540479115850612,36.39902880513101,25.015078039199445
*C(C*)OC(=O)OCCC(C(C(C(C(C(F)(F)F)(F)F)(F)F)(F)F)(F)F)(F)F,tg,37.0,8.858594439658532,31.85318101180603,17.195258281529373
*NC(=O)c1cc(cc(c1)C(C)(C)C)C(=O)NCC1CCC(CC1)C*,tg,236.0,202.8845166290487,203.88087718664045,203.2457461300828
*N1C(=O)c2c(C1=O)cc(cc2)S(=O)(=O)c1cc2c(C(=O)N(C2=O)c2c(ccc(c2)*)C)cc1,tg,312.0,336.7116225209467,341.21231610315976,338.3433443756733
*Oc1ccc(cc1)Cc1ccc(cc1)OC(=O)c1cc(ccc1)C(=O)*,tg,150.0,153.27300433563434,145.75210343076182,150.5463094052767
*Oc1ccc(cc1)S(=O)(=O)c1cc2c(cc1)cc(cc2)S(=O)(=O)c1ccc(cc1)Oc1c(cc(cc1C)c1cc(c(c(c1)C)*)C)C,tg,280.0,265.97665630403793,273.65352556483936,268.7598974023064
*N(c1ccc(cc1)C(c1ccc(cc1)*)c1ccc(cc1)[N+](=O)[O-])c1ccc(cc1)C,tg,215.0,208.69113527727575,199.05682966084257,205.1982276304239
*C(C*)c1ccc(cc1)C(CCN1CCOCC1)O,tg,50.0,92.33762882115155,113.76721835165975,100.10690458632298
*Oc1ccc(cc1)c1ccc(cc1)OC(*)(Oc1ccccc1)Oc1ccccc1,tg,112.0,114.79856595574236,138.30440122083004,123.32058248831132
*c1cc2c(C(=O)N(C2=O)c2ccc(cc2)C(c2ccc(cc2)C(c2ccc(cc2)N2C(=O)c3c(C2=O)cc(cc3)C(*)(C(F)(F)F)C(F)(F)F)(C)C)(C)C)cc1,tg,235.4,275.9594397582398,299.1221327364246,284.35705040567296
*c1cc2c(C(=O)N(C2=O)c2c(cc(cc2C)Cc2cc(c(c(c2)C)N2C(=O)c3c(C2=O)cc(cc3)C(=O)OCCN(CCOC(=O)*)c2ccc(cc2)C(=C(C#N)C#N)C#N)C)C)cc1,tg,208.0,191.73631444581375,208.21385866059234,197.7102312469343
*Oc1c(cc(cc1)Oc1ccc(cc1)C(=O)c1ccc(cc1)*)c1ccc(cc1)Oc1ccccc1,tg,146.0,161.74926627256772,172.01136960418265,165.46978133892
*c1nc(nc(n1)c1ccc(cc1)Oc1ccc(cc1)C(c1ccc(cc1)Oc1ccc(cc1)*)(c1ccccc1)c1ccccc1)c1ccccc1,tg,261.0,226.96037346781793,245.84210151614207,233.80592465868688
*OC(=O)CCCC(=O)OCCOCC*,tg,-55.0,-48.17583720807318,-61.571723006562436,-53.03250190242202
*OC(=O)c1ccc(cc1)C(=O)OCC(C*)C,tg,55.0,55.90518427623599,21.618782350205695,43.47468432757382
*Nc1ccc(cc1)NC(=O)c1c(ccc(c1)c1cc(c(cc1)C(=O)O)C(=O)*)C(=O)O,tg,248.4,237.8032876535119,263.06651157695796,246.9624436466353
*Oc1ccc(cc1)S(=O)(=O)c1ccc(cc1)Oc1c(cc(c(c1C)Br)C(c1c(c(c(c(c1)C)*)C)Br)(C)C)C,tg,275.4,219.7711140798752,243.5561626424966,228.39435910787353
*OC(=O)C(C(=O)OCCC[Sn](CCC*)(C)C)CCCCCCOc1ccc(cc1)c1ccc(cc1)OCc1ccc(cc1)[N+](=O)[O-],tg,40.5,23.45188574339083,47.537034747213845,32.18393187939104
*C(C*)OC(=O)CC1CCCCC1,tg,25.0,38.013718164871214,52.64583569161635,43.318577407827746
*N1C(=O)c2c(C1=O)cc(cc2)c1cc2c(C(=O)N(C2=O)c2cc(ccc2)C(=O)Nc2ccc(cc2)Oc2ccc(cc2)c2ccc(cc2)Oc2ccc(cc2)NC(=O)c2cc(ccc2)*)cc1,tg,270.0,262.0768040588924,246.90553082474938,256.57647446569064
*c1cc2c(C(=O)N(C2=O)c2c(cc(cc2)c2cc(c(cc2)N2C(=O)c3c(C2=O)cc(cc3)C(=O)*)OCCCCCCOc2ccc(cc2)/C=C/c2ccc(cc2)F)OCCCCCCOc2ccc(cc2)/C=C/c2ccc(cc2)F)cc1,tg,128.0,129.80908760080442,146.11931849298082,135.7223451279509
*N1C(=O)c2c(C1=O)cc(cc2)Oc1cc2c(C(=O)N(C2=O)c2cc(ccc2)Oc2ccc(cc2)Oc2cc(ccc2)*)cc1,tg,204.0,204.11251123855072,199.40273391998917,202.40498628907093
*c1oc(nn1)c1ccc(cc1)C(=O)OCCCCCCCCCCOc1ccc(cc1)C=C1C(=O)C(=Cc2ccc(cc2)OCCCCCCCCCCOC(=O)c2ccc(cc2)*)CCCC1,tg,74.0,84.21125864992949,99.17871839844958,89.63769587238795
*C1C2C(C(=O)N(C2=O)c2ccc(cc2)F)C(C1)C=C*,tg,225.0,231.47055274921095,223.46686836281933,228.5688251614405
*Oc1c2c(ccc1)ccc(c2)Oc1ccc(cc1)NC(=O)c1ccc(cc1)Oc1ccc(cc1)S(=O)(=O)c1ccc(cc1)Oc1ccc(cc1)C(=O)Nc1ccc(cc1)*,tg,218.0,218.07408786287704,246.95552328305826,228.545022733278
*Oc1cc(c(cc1)OC(COCCCCCCCOc1ccc(cc1)c1ccc(cc1)C(=O)*)C)[N+](=O)[O-],tg,50.0,75.87162730274298,58.26474950628525,69.48827176671608
*C(C*)c1ccc(cc1)c1ccccc1,tg,161.0,127.20029979348536,147.73971332298277,134.64684316000097
*C(=CCC*)c1ccccc1,tg,36.62,52.284017070340305,35.89994247980804,46.343987585885486
*Oc1ccc(cc1)C(c1ccc(cc1)Oc1ccc(cc1)C(=O)Nc1cc(c(cc1)c1c(cc(cc1)NC(=O)c1ccc(cc1)*)C(F)(F)F)C(F)(F)F)(C)C,tg,250.0,209.31156562798617,183.34836137021907,199.898632480625
*O[Si](c1c(cc(c(c1)OCCO)[Si](*)(C)C)OCCO)(C)C,tg,73.0,26.12294904564512,51.43909791784571,35.30129292480552
*Oc1ccc(cc1)C(=O)c1ccc(cc1)OCCCCCCOC(=O)OCCCCCCCCOC(=O)OCCCCCC*,tg,-7.7,-5.017253638442425,-2.6808708324545307,-4.17020044188526
*NC(=O)CCCCC(=O)NCCCP(=O)(CCCC*)C,tg,59.0,36.145009355122504,36.38040187998257,36.23035067424083
*OC(=O)c1ccc(cc1)C(=O)OCC(C(C*)C)C,tg,37.5,55.57811544702654,53.32496944500624,54.76123966860961
*SSCc1c(cccc1)C*,tg,39.0,35.16189114170046,47.70147228997764,39.70810346098047
*C(=C(*)c1ccccc1)CC,tg,200.0,204.03687771402824,162.9886366375667,189.15487989767982
*Oc1ccc(cc1)OC(=O)c1c(cc(cc1)C(=O)*)Sc1cc2c(cc1)cccc2,tg,148.0,159.58556879131189,156.70176594982584,158.54004902080985
*c1cc2c(C(=O)N(C2=O)c2c3c(ccc2)c(ccc3)N2C(=O)c3c(C2=O)cc(cc3)C(*)(C(F)(F)F)C(F)(F)F)cc1,tg,390.0,327.90682453299837,305.63899874488277,319.83364707001584
*c1nc(nc(c1c1ccc(cc1)OC)OCCOC(=O)c1ccc(cc1)C(=O)OCCO*)c1ccc(cc1)OCCCC,tg,94.0,88.09083123724344,92.0515576815358,89.52678855841872
*C(C*)C(=O)OC(C(F)(F)F)(C(F)(F)F)F,tg,7.5,14.17842207151338,1.673638798593417,9.644825686351355
*c1oc(nn1)c1ccc(cc1)NC(=O)c1cc(cc(c1)N1C(=O)c2c(C1=O)cccc2)*,tg,324.0,286.57425108684504,310.4465533270232,295.22912984639476
*c1nc(ccc1)c1cc(c(cc1)Oc1ccc(cc1)C(c1ccc(cc1)Oc1c(cc(cc1)*)C(F)(F)F)(C(F)(F)F)C(F)(F)F)C(F)(F)F,tg,148.67,158.78854221974768,150.65095518901504,155.8382683652328
*c1c(cc(cc1Cl)CC*)Cl,tg,110.0,127.95134213731689,91.43060933427266,114.71078781456391
*OP(=O)(OCCCCCCCCOc1c(cc(cc1)C=C1C(=O)C(=Cc2cc(c(cc2)OCCCCCCCC*)OC)CC1)OC)OC,tg,73.0,51.26710110020292,51.900850822461194,51.496866413780936
*c1cc2c(C(=O)N(C2=O)c2cc(ccc2)N2C(=O)c3c(C2=O)cc(cc3)C(=O)c2cc(ccc2)C(=O)*)cc1,tg,259.5,280.5159014603532,266.5221492958919,275.4424809265449
*Oc1c(cccc1)C(=O)OC(=O)c1c(cccc1)OC(=O)CCCCCCCC(=O)*,tg,25.0,37.62081922154727,34.25807973919346,36.4016614617758
*C(C*)C(=O)OCCCCCCC,tg,-60.0,-65.27001212302761,-56.189260272463535,-61.977794827792756
*c1cc2c(C(=O)N(C2=O)c2c(cc(cc2c2ccccc2)c2ccc(cc2)c2cc(c(c(c2)c2ccccc2)N2C(=O)c3c(C2=O)cc(cc3)C(=O)*)c2ccccc2)c2ccccc2)cc1,tg,265.0,328.5231251702555,286.55906112763483,313.3090966742696
*N1C(=O)c2c(C1=O)cc(cc2)Oc1cc2c(C(=O)N(C2=O)c2c(ccc(c2)C(c2cc(c(cc2)OCCN(c2ccc(cc2)C=CC2=CC(=C(C(=O)OCc3ccc(cc3)Oc3c(c(c(c(c3F)F)F)F)F)C#N)CC(C2)(C)C)c2ccccc2)*)(C(F)(F)F)C(F)(F)F)OCCN(c2ccc(cc2)C=CC2=CC(=C(C(=O)OCc3ccc(cc3)Oc3c(c(c(c(c3F)F)F)F)F)C#N)CC(C2)(C)C)C)cc1,tg,162.0,186.2348796716194,184.1914889828469,185.49405046747364
*C(C*)(C(=O)OCc1ccc2n(c3c(c2c1)cccc3)CCCCCCCC)C,tg,45.0,48.073093232851,34.5835531779337,43.182474283627826
*C(C*)C(=O)Oc1ccccc1,tg,101.83,63.09295133463623,63.45239372710902,63.22326680637397
*NC(=O)CCCCC(=O)NCCCP(CCC*)CC(C)C,tg,71.0,49.56552411361249,42.37899607455077,46.96005572374348
*Oc1c(cc(cc1c1ccccc1)c1cc(c(c(c1)c1ccccc1)OC(=O)CCCCCCCCC(=O)*)c1ccccc1)c1ccccc1,tg,98.0,105.92258128060566,84.28555527848229,98.07809963482521
*N([Si](C[Si](*)(C)C)(C)C)CCC,tg,-47.5,-30.00508855355136,5.082115910692887,-17.28425846375531
*OP(=O)(Oc1ccc(cc1)C(c1ccc(cc1)*)(C)C)OC1CCCCC1,tg,86.0,91.90253994272616,102.59171091285316,95.77788794459768
*Oc1c(cc(cc1OC)C=C1C(=O)C(=Cc2cc(c(c(c2)OC)OCCCCCCCCCC*)OC)CCC1)OC,tg,49.0,60.538802340493625,69.84199443477527,63.91166511856676
*C(C*)c1[nH]nnn1,tg,72.0,118.68609164313229,80.49393475397756,104.83956422756506
*Oc1ccc(cc1)NC(=O)C=CC(=O)NNC(=O)C=CC(=O)Nc1ccc(cc1)OC(=O)C=CC(=O)NNC(=O)C=CC(=O)*,tg,265.0,212.54348572319,211.77699006634666,212.26559350680648
*O[Si](c1ccc(cc1)c1ccc(cc1)[Si](*)(C)C)(C)C,tg,67.0,12.62003054143215,17.304307729197696,14.318310444574522
*OC(=O)c1c(cc(cc1)C(=O)OCCN(CC*)c1ccc(cc1)c1oc2c(n1)ccc(c2)[N+](=O)[O-])OCCC,tg,119.0,121.47095894290374,150.13785120399956,131.86411141042234
*Oc1ccc(cc1)C(c1ccc(cc1)Oc1ccc(cc1)C(=O)c1c(c(c(c(c1c1ccc(cc1)F)c1ccc(cc1)F)c1ccc(cc1)F)c1ccc(cc1)F)C(=O)c1ccc(cc1)*)(C(F)(F)F)C(F)(F)F,tg,253.0,247.07328261146264,251.66396452941936,248.73762964526918
*OC1CCC(CC1)OC(=O)c1ccc(cc1)C(=O)*,tg,94.3,140.11056223392006,183.15117740635222,155.71489324087597
*S(=O)(=NP(=NP(=N*)(NCC)NCC)(NCC)NCC)NCC,tg,4.0,14.466577852686768,19.407526180049725,16.257913614955797
*c1cc2c(C(=O)N(C2=O)c2ccc(cc2)Oc2ccc(cc2)N2C(=O)c3c(C2=O)cc(cc3)C(=O)Nc2c(cc(cc2)NC(=O)*)OCCCCCCS(=O)(=O)c2ccc(cc2)C=Cc2ccc(cc2)N(C)C)cc1,tg,192.0,210.94106097316032,194.11975461646406,204.84251355910237
*c1sc(cc1)c1sc(cc1)c1sc(cc1)[Si]([Si](*)(C)C)(C)C,tg,45.0,55.825113823901354,54.93567858590925,55.50264998812029
*C1(c2c(C(=O)O1)cccc2)c1ccc(cc1)OC(=O)c1cc(cc(c1)Cl)C(=O)Oc1ccc(cc1)*,tg,313.0,260.28108935654404,277.60878268035657,266.5632268475755
*OC(=O)CCCCCCCCCC*,tg,-46.05,-34.03526344394006,-46.59690420438459,-38.589473453047816
*OC(=O)OCC*,tg,15.33,0.5068301236773038,-1.0672169372927138,-0.06383902827371993
*Oc1ccc(cc1)NC(=O)c1cc(cc(c1)C(C)(C)C)C(=O)Nc1ccc(cc1)Oc1ccc(cc1)C1(C2CCC(C1)C2)c1ccc(cc1)*,tg,272.0,271.654375401206,265.49075770022444,269.4197621081309
*N1C(=O)c2c(C1=O)cc(cc2)Oc1ccc(cc1)C(=O)c1ccc(cc1)Oc1cc2c(C(=O)N(C2=O)c2ccc(cc2)Oc2ccc(cc2)*)cc1,tg,210.0,229.87516727163845,237.47803089540972,232.6315777018978
*c1cc2c(C(=O)N(C2=O)c2cc(ccc2)Cc2ccc(cc2)Cc2ccc(cc2)Cc2cc(ccc2)N2C(=O)c3c(C2=O)cc(cc3)C(=O)*)cc1,tg,235.5,250.56375678696836,261.82627507463644,254.64697127236988
*NC(=O)Cc1ccc(cc1)CC(=O)NCCCCCCCC*,tg,110.0,84.70682578816236,73.56613283824633,80.66777895435463
*Oc1ccc(cc1)N=CC=Nc1ccc(cc1)OC(=O)NC1CC(CC(C1)(CNC(=O)*)C)(C)C,tg,62.0,156.3445449027209,149.77340719392447,153.96218564764166
*N1C(=O)c2c(C1=O)c(ccc2)Oc1c(cc(c(c1)C(C)(C)C)Oc1c2c(C(=O)N(C2=O)c2ccc(cc2)Oc2ccc(cc2)c2ccc(cc2)Oc2ccc(cc2)*)ccc1)C(C)(C)C,tg,275.0,250.6479822902683,290.25157177920005,265.0062231512102
*C1C2CC(C(C1*)C2)C,tg,350.0,187.5500577691028,228.33298473488176,202.3358662259981
*c1cc2c(C(=O)N(C2=O)c2c(ccc(c2)N2C(=O)c3c(C2=O)cc(cc3)C(=O)Nc2c(cc(cc2CC)Cc2cc(c(c(c2)CC)NC(=O)*)CC)CC)N=Nc2ccc(cc2)C)cc1,tg,269.0,214.8048690533632,256.7613372391553,230.01614367922537
*N1C(=O)C2C(C1=O)CC(CC2)C1CC2C(C(=O)N(C2=O)c2cc(ccc2)*)CC1,tg,263.0,272.5258449884025,281.93477783892405,275.93704396949425
*Oc1ccc(cc1)N1ON1c1ccc(cc1)OCCCCCCOC(=O)C(C(=O)OCCCCCC*)CCCCCBr,tg,7.0,18.191419147523497,18.286880711136025,18.22602863976899
*OC(C*)c1occc1,tg,12.5,27.20922885044708,2.22424573515315,18.150948777722483
*[Si](CCC*)(C)C,tg,-72.5,-54.37066466250688,-73.32511346681994,-61.24258068907763
*OC(=O)c1ccc(cc1)c1ccc(cc1)c1ccc(cc1)C(=O)OCCOCCOCCOCC*,tg,20.0,39.314709373928814,30.470554521246807,36.10827007827442
*c1cc2c(C(=O)N(C2=O)c2ccc(cc2)OCCCCCCOc2ccc(cc2)N2C(=O)c3c(C2=O)cc(cc3)C(*)(C(F)(F)F)C(F)(F)F)cc1,tg,167.0,172.64772969279306,148.41493778301162,163.86215577225323
*c1cc2c(C(=O)N(C2=O)c2ccc(cc2)Oc2ccc(cc2)N2C(=O)c3c(C2=O)cc(cc3)C(=O)c2cc(cc(c2)c2ccccc2)C(=O)*)cc1,tg,258.5,264.40510488880017,234.52957247701713,253.57376117089956
*C1COC2C1OCC2OC(=O)C(NC(=O)CCCCC(=O)NC(C(=O)O*)C(CC)C)C(CC)C,tg,102.0,70.88822342832897,71.08830892660144,70.96076422107153
*C(C*)(C(=O)OC1CCC(CC1)C(C)(C)C)C,tg,122.36,115.61129816230806,110.4506971791713,113.74032755435853
*C(C*)C(=O)Oc1c(cccc1)C,tg,51.5,68.08850023236839,64.32163028951011,66.7228253875032
*Nc1ccc(cc1)NC(=O)c1c(cc(c(c1)C(=O)*)C(=O)OCC)C(=O)OCC,tg,221.6,231.0139191155445,225.40686770940565,228.98108836338443
*Oc1c(cc(cc1c1ccccc1)*)c1ccc(cc1)C(C)(C)C,tg,240.0,205.545660804686,236.08262394722547,216.61680555748234
*c1cc2c(C(=O)N(C2=O)c2c(ccc(c2)N2C(=O)c3c(C2=O)cc(cc3)C(=O)*)Oc2ccc(cc2)C(c2ccccc2)(C)C)cc1,tg,267.0,279.01216947895654,273.0660349146737,276.8564044746403
*C(C*)C(=O)Oc1ccc(cc1)C(=O)OCCCC,tg,13.0,30.323279204027813,45.37829547160954,35.78145995291546
*C(C*)NC(=O)OC(C)(C)C,tg,120.0,93.02947191963962,69.04902878076798,84.33538678787984
*C=C(C(C*)(F)F)F,tg,-35.0,10.715927130186126,34.67805955339021,19.403373730709642
*c1c(c2c(C(=O)N(C2=O)c2ccc(cc2)N2C(=O)c3c(C2=O)c(c(c(c3c2ccccc2)c2ccccc2)c2ccc(cc2)Oc2ccc(cc2)*)c2ccccc2)c(c1c1ccccc1)c1ccccc1)c1ccccc1,tg,418.5,335.72738909343553,335.5373722433163,335.65849867878234
*c1oc(nn1)c1ccc(cc1)Oc1cc(ccc1)NC(=O)c1cc(cc(c1)N1C(=O)c2c(C1=O)c(c(c(c2Cl)Cl)Cl)Cl)C(=O)Nc1cc(ccc1)Oc1ccc(cc1)*,tg,275.0,293.30054317170965,284.5393710967577,290.1241891972429
*Oc1c(cc(cc1)c1ccc(cc1)OC(=O)c1ccc(cc1)C(=O)*)c1ccccc1,tg,132.0,166.38237393662243,182.55372290155532,172.2452799631012
*c1c(nc2c(c1c1ccccc1)cc(cc2)Oc1cc2c(nc(c(c2c2ccccc2)c2ccc(cc2)Oc2ccc(cc2)*)c2ccccc2)cc1)c1ccccc1,tg,252.5,298.65992751146155,308.4057313733483,302.19325873315745
*OC1CCC(CC1)OC(=O)OCCCCCCOC(=O)*,tg,10.0,11.785171787671738,2.246947133847213,8.327098195537843
*c1nc2c(nc1)cc(cc2)c1ccc2c(nc(cn2)c2ccc(cc2)Oc2ccc(cc2)Oc2ccc(cc2)*)c1,tg,235.0,287.80255392321504,289.9766783503127,288.5907805104705
*S(=O)(=O)c1ccc(cc1)N[Se]Nc1ccc(cc1)*,tg,62.0,128.52537905573308,136.64855913365986,131.47042968424427
*c1oc(nn1)c1ccc(cc1)Oc1cc(ccc1)N1C(=O)c2c(C1=O)cc(cc2)[Si](O[Si](c1cc2c(C(=O)N(C2=O)c2cc(ccc2)Oc2ccc(cc2)*)cc1)(C)C)(C)C,tg,165.0,237.66200564760845,246.75153563324116,240.95740544673382
*N1C(=O)c2c(C1=O)cc(cc2)Oc1ccc(cc1)Sc1ccc(cc1)Oc1cc2c(C(=O)N(C2=O)c2cc(ccc2)*)cc1,tg,209.0,227.06844970517704,210.9778529340812,221.23482030397705
*C(C*)(C(=O)OCCN(c1ccc(cc1)N=Nc1c(cc(cc1)N=Nc1ccc(cc1)C#N)C)C)C,tg,111.57,113.63407630655058,104.17892290466486,110.20612011183823
*C(C*)(C(=O)OCCCCCCCC[n+]1ccc(cc1)N(C)C)C,tg,70.0,45.650198870602075,56.494729600000724,49.581872394288816
*c1nc2c([nH]1)cc(cc2)c1cc2c(nc([nH]2)c2cc3c(cc2)cc(cc3)*)cc1,tg,403.0,343.4960236436602,297.76524651608463,326.91637717148154
*c1cc2c(C(=O)N(C2=O)c2ccc(cc2)Cc2ccc(cc2)N2C(=O)c3c(C2=O)cc(cc3)C(=O)c2ccc(cc2)Oc2ccc(cc2)Oc2ccc(cc2)C(=O)*)cc1,tg,225.0,236.71953255546023,240.26230210972406,238.00396003366012
*c1sc(cc1CCCCCCCC)c1sc(c(c1)CCCCCCCC)c1ccc(cc1)*,tg,50.4,49.43579127750008,59.608907742470265,53.12404424636994
*C(C*)(C(=O)OCc1ccc2n(c3c(c2c1)cccc3)CCCCCCCCCCCCCCCC)C,tg,23.0,29.98541099239434,40.307854487443485,33.72780232328115
*C(C*)(OC)C,tg,67.0,26.098614459019416,7.505634260450314,19.357748505735373
*SC(=O)CCC(CC*)C,tg,-50.0,-3.5473341028913534,-6.5266475523939915,-4.627481146637421
*[Si](CC(C*)c1c2c(ccc1)cccc2)(C)C,tg,39.0,62.61566852103433,78.33288936921385,68.31393086328612
*S(=O)(=O)c1ccc(cc1)NC(=O)c1cc(cc(c1)NC(=O)c1ccc(cc1)NC(=O)C(N1C(=O)c2c(C1=O)cccc2)C)C(=O)Nc1ccc(cc1)*,tg,208.0,257.10551565434804,243.50007051002262,252.17287543351273
*OC(=O)c1cc2c(C(CC2(c2ccc(cc2)C(=O)OCC*)C)(C)C)cc1,tg,154.0,156.77990089450392,145.39924986803638,152.65385750548197
*c1cc2c(C(=O)N(C2=O)c2ccc(cc2)Oc2ccc(cc2)N2C(=O)c3c(C2=O)cc(cc3)C(=O)Nc2ccc(cc2)Cc2ccc(cc2)NC(=O)*)cc1,tg,270.0,259.3110248604342,251.17835041244984,256.36253205776995
*P1(=NP(=NP(=N1)(Oc1ccc(cc1)C(=O)OCCC)Oc1ccc(cc1)C(=O)OCCC)(Oc1ccc(cc1)C(c1ccc(cc1)O*)(C)C)Oc1ccc(cc1)C(=O)OCCC)Oc1ccc(cc1)C(=O)OCCC,tg,26.0,33.606112251082486,37.310064085919414,34.94897620023991
*C(=C(C(C*)(F)F)F)Cl,tg,-17.0,32.81015589944773,63.86732346454442,44.069900233554506
*Oc1ccc(cc1)S(=O)(=O)c1ccc(cc1)Oc1ccc(cc1)NC(=O)c1cc(cc(c1)NC(=O)c1ccncc1)C(=O)Nc1ccc(cc1)*,tg,283.0,260.65313058535116,278.85855285265876,267.2534878070674
*C(C(*)F)C(F)(F)F,tg,87.0,59.72919708434256,68.49042016862981,62.90556955219165
*Oc1ccc(cc1)C(c1ccc(cc1)OC*)(C(F)(F)F)C(F)(F)F,tg,123.0,129.85703638187047,87.34068487217597,114.44277662960052
*N1C(=O)c2c(C1=O)cc(cc2)S(=O)(=O)c1cc2c(C(=O)N(C2=O)c2ccc(cc2)Oc2cc3c(cc2Oc2ccc(cc2)*)cccc3)cc1,tg,275.0,273.02644557844224,263.36218505707166,269.5226778114445
*c1cc2c(C(=O)N(C2=O)C2CCC(CC2)CC2CCC(CC2)N2C(=O)c3c(C2=O)cc(cc3)C(=O)*)cc1,tg,254.0,281.5406225324253,293.96510717414907,286.0451067309801
*C1C2C(C(=O)N(C2=O)CCC)C(C1)C=C*,tg,139.0,134.90970474548735,130.62138051738393,133.35497718287263
*c1sc(cc1)c1sc(c(c1)CCCCCCCC)c1sc(cc1)c1sc(cc1)c1sc(cc1CCCCCCCC)c1sc(cc1)[Si]([Si](*)(CCCC)CCCC)(CCCC)CCCC,tg,-10.0,10.300472315136544,-1.6434068049469017,5.970231156868284
*Oc1ccc(cc1)C1(c2ccccc2c2ccccc12)c1ccc(cc1)OCC(COc1ccc(cc1)C(c1ccc(cc1)OCC(C*)O)(C)C)O,tg,161.0,125.83370726783868,139.50550326673832,130.79040292313337
*Oc1ccc(cc1)CC(NC(=O)CCc1ccc(cc1)OC(=O)CCC(CC(=O)*)C)C(=O)OC,tg,53.0,73.43701502763831,65.79692900099137,70.66710965328907
*C1C(=O)N(C(=O)C1C(C*)(C)C)CCCC,tg,80.0,123.7898032945352,106.99834728796836,117.70207809438445
*NC(=O)CC(c1ccc(cc1)C(CC(=O)NCCCCCC*)(C)C)(C)C,tg,91.0,96.17856884744856,88.64091823181239,93.44580132658591
*OC(=O)Nc1c(ccc(c1)NC(=O)OCCN(CC*)c1ccc(cc1)C=Cc1cc[n+](cc1)CCCC)C,tg,121.0,129.45784010074104,117.82039042399906,125.2386946237269
*N1C(=O)c2c(C1=O)cc(cc2)Oc1ccc(cc1)C1(CCC(CC1)c1ccccc1)c1ccc(cc1)Oc1cc2c(C(=O)N(C2=O)c2ccc(cc2)Oc2c(cc(cc2)Oc2ccc(cc2)*)C(C)(C)C)cc1,tg,236.0,229.828703476224,232.56734590607482,230.82159548796412
*Oc1c(c2c(cc1)cccc2)Sc1c2c(ccc1OCC(=O)Nc1ccc(cc1)Cc1ccc(cc1)NC(=O)C*)cccc2,tg,241.0,234.2373061660644,256.0441295314907,242.14334767223426
*C(C*)(C(=O)OCC[N+](CCCCS(=O)(=O)O)(C)C)C,tg,261.0,13.148428052143354,41.80532183543207,23.537955581759853
*Nc1cc(cc(c1)C(=O)Nc1ccc2C(=O)c3c(C(=O)c2c1)cccc3)NC(=O)Nc1ccc(cc1)NC(=O)*,tg,184.0,196.14851552285475,166.07053654997222,185.24377501129865
*OC(=O)C(NC(=O)CCCCC(=O)NC(C(=O)OCC=CC*)Cc1ccccc1)Cc1ccccc1,tg,61.0,72.01621503707308,62.62437852358601,68.6112143154864
*N=Nc1ccc(cc1)Nc1ccc(cc1)C(=O)c1ccc(cc1)Nc1ccc(cc1)*,tg,216.42,188.513595617458,201.7033688751107,193.2955344209474
*NC(=O)CCCCCCCCCCCCCCCCC(=O)NCc1ccc(cc1)C*,tg,75.0,91.46745820774724,117.38845444893047,100.86508888186818
*Oc1ccc(cc1)C(c1ccc(cc1)OC(=O)CC(CCC(=O)*)C)(C)C,tg,56.0,68.87769567270509,55.13072353325007,63.89374498454547
*OC(=O)c1ccc(cc1)C(=O)OCCCCCCC*,tg,-1.0,19.654094762120465,14.722123890606968,17.866013767287132
*N1C(=O)C2CCC3C(C2C1=O)C(=O)N(C3=O)c1ccc(cc1)Oc1ccc(cc1)*,tg,342.0,327.61049558413805,284.2300670886258,311.8829656044753
*C1C(=O)N(C(=O)C1C(C*)c1ccccc1)CCCN(c1cc(c(cc1)N=Nc1c(cc(cc1)[N+](=O)[O-])Cl)C)CC,tg,149.0,150.78697181930033,146.09755668024977,149.08682915717492
*c1c(cc(c(c1)OC)C=Cc1c(cc(c(c1)OC)C=C*)OCC(CCCC)CC)OC,tg,110.0,94.86935420380962,70.18295725639685,85.91932624084345
*N1C(=O)c2c(C1=O)cc(cc2)Oc1c(cccc1)Oc1cc2c(C(=O)N(C2=O)c2ccc(cc2)Oc2ccc(cc2)*)cc1,tg,212.0,223.40929196446297,204.88939503583953,216.694922275945
*c1ccc(cc1)c1c(cc(c(c1c1ccccc1)c1ccccc1)c1ccc(cc1)c1c(c(c(c(c1)c1ccccc1)c1ccc(cc1)CCCCCCCCCC*)c1ccccc1)c1ccccc1)c1ccccc1,tg,235.0,184.0046955226293,185.22774417464177,184.4481105604292
*C(C*)C(=O)OCCOC(C(F)F)(F)F,tg,-22.0,1.9007593794985975,-2.996213146657925,0.1253669989766052
*c1nc2c(nc1c1ccccc1)cc(cc2)c1cc2c(nc(c(n2)c2ccccc2)c2ccc(cc2)Oc2ccc(cc2)Oc2ccc(cc2)Oc2ccc(cc2)*)cc1,tg,263.0,282.1557823606397,313.5058793208589,293.5217279473273
*C1COC2C1OCC2OC(=O)C(NC(=O)CCCCCCCCC(=O)NC(C(=O)O*)Cc1ccccc1)Cc1ccccc1,tg,74.0,71.61047505235331,78.27938015831936,74.0282797772757
*[Si](C#Cc1cc(ccc1)C#C*)(C)C,tg,50.0,80.25652971724877,106.95000368187463,89.93422139988007
*c1sc(cc1)c1cc(c(cc1)Oc1ccc(cc1)C(c1ccc(cc1)Oc1c(cc(cc1)*)C(F)(F)F)(C(F)(F)F)C(F)(F)F)C(F)(F)F,tg,153.33,146.92012346186365,138.41582507574793,143.83689878054295
*c1cc2c(C(=O)N(C2=O)c2c(cc(c(c2)N2C(=O)c3c(C2=O)cc(cc3)C(=O)*)O)O)cc1,tg,324.0,306.7909769035752,295.5571409725885,302.71816117725103
*c1cc2c(C(=O)N(C2=O)C2C(=O)N(C(=O)C2)c2ccc(cc2)NC(=O)*)cc1,tg,120.0,187.13506529472937,178.23246429878765,183.90743640961745
*C(C*)(C(=O)OCCCCOc1ccc(cc1)OC(=O)c1ccc(cc1)OCCCCCC)C,tg,34.0,33.1960995960002,29.96536699767439,32.02480079701071
*Oc1ccc(cc1)C(c1ccc(cc1)OC(=O)c1ccc(cc1)C(=O)*)(c1ccccc1)c1ccccc1,tg,210.0,226.4788992073394,235.8105292121756,229.86207212079657
*c1c([nH]c(n1)c1ccc(cc1)c1[nH]c(c(n1)c1ccc(cc1)Oc1ccc(cc1)C(=O)c1ccc(cc1)Oc1ccc(cc1)*)c1ccccc1)c1ccccc1,tg,279.0,269.27499406395754,257.8958857387082,265.14950997968435
*Nc1cc(cc(c1)C(=O)Oc1ccccc1)NC(=O)c1ccc(cc1)C(=O)*,tg,200.0,215.32479531353147,197.88352838525066,209.00148182836813
*OP(=O)(Oc1c(cc(cc1Br)C(c1cc(c(c(c1)Br)*)Br)(C(F)(F)F)C(F)(F)F)Br)Oc1ccc(cc1)[N+](=O)[O-],tg,154.0,151.01703455890208,150.9780741905081,151.00290951719123
*c1cc2c(C(=O)N(C2=O)c2cc(cc(c2)OCCCCCCCC)N2C(=O)c3c(C2=O)cc(cc3)C(=O)*)cc1,tg,195.0,193.98693863894513,177.49987124613605,188.00956921937038
*NC(=O)c1c(cc(cc1)C(=O)NCCCCCC*)Oc1ccc(cc1)F,tg,112.5,116.951431417477,117.82699033748436,117.26886440836601
*Oc1cc(ccc1)NC(=O)CCCCCC(=O)Nc1cc(ccc1)OCC(COc1ccc(cc1)C(c1ccc(cc1)OCC(C*)O)(C)C)O,tg,107.0,97.34402872716235,87.82588387057254,93.89323504497743
*c1nc2c(nc1)ccc(c2)c1ccc2c(nc(cn2)c2ccc(cc2)Oc2ccc(cc2)Oc2ccc(cc2)*)c1,tg,235.0,271.0958457175993,264.1402906516202,268.57411634287223
*N1C(=O)c2c(C1=O)cc(cc2)c1cc2c(C(=O)N(C2=O)CCC[Si](O[Si](CCC*)(C)C)(C)C)cc1,tg,75.0,90.38903748918965,126.20944465101462,103.37568946704205
*Oc1ccc(cc1)C(=O)c1ccc(cc1)OCCCCCCOC(=O)OCCCCCCCCCCCCOC(=O)OCCCCCC*,tg,-8.0,-13.747653563744413,-1.9372359142851103,-9.465798725140752
*C1CC2CC(CC(C1)O2)OC(=O)c1ccc(cc1)C(=O)O*,tg,207.0,151.9912305061464,153.3899297780886,152.49832749653874
*OC(=O)c1ccc(cc1)SCCCCSc1ccc(cc1)C(=O)*,tg,62.0,72.25910375384835,59.69160834427985,67.70277114768909
*Oc1c(c(c(c(c1F)F)COC(c1cc(ccc1)C(OCc1c(c(c(c(c1F)F)Oc1ccc(cc1)Cc1ccc(cc1)*)F)F)(C(F)(F)F)C(F)(F)F)(C(F)(F)F)C(F)(F)F)F)F,tg,94.0,114.81562909349992,138.26414434763473,123.31686431472731
*Oc1ccc(cc1)C(=Nc1ccc(cc1)N=C(c1ccc(cc1)Oc1ccc(cc1)C(c1ccc(cc1)*)(C)C)c1ccccc1)c1ccccc1,tg,161.0,153.78811790622308,155.42876759747207,154.3829337736577
*Oc1ccc(cc1)C(c1ccc(cc1)Oc1ccc(cc1)C(=O)c1cc2c(cc1)cc(cc2)C(=O)c1ccc(cc1)*)(C)C,tg,185.0,184.2052675172403,184.68949251594194,184.38082279523326
*OC(COC(=O)c1c2c(c(cc1)C(=O)*)cccc2)COc1ccc(cc1)N=Nc1ccc(cc1)C#N,tg,117.0,125.21360149980562,113.38179434337805,120.92399191732873
*N1C(=O)c2c(C1=O)cc(cc2)c1cc2c(C(=O)N(C2=O)c2cc(ccc2)OCCCCCCCCCCOc2cc(ccc2)*)cc1,tg,125.0,123.90746144340392,136.6835033801161,128.53940237966867
*N(c1ccc(cc1)C(c1ccc(cc1)*)c1ccc(cc1)C#N)c1ccc(cc1)C,tg,230.0,200.41121901321765,173.921340709698,190.80734072927396
*Oc1ccc(cc1)Oc1ccc(cc1)C(=O)c1ccc(cc1)C(=O)c1ccc(cc1)*,tg,149.5,159.08569308144425,155.2538550067872,157.69646410684766
*Nc1cc(cc(c1)C(=O)Oc1ccc(cc1)c1ccccc1)NC(=O)c1ccc(cc1)C(=O)*,tg,178.0,226.02606415872,229.9760163772446,227.45811529536354
*OC(=O)c1c(cc(cc1)C(=O)OCCN(CC*)c1ccc(cc1)N=Nc1ccc(cc1)c1nc2c([nH]1)ccc(c2)[N+](=O)[O-])OCCC,tg,152.0,146.5301627892002,155.38776231019017,149.74147643559786
*c1oc(nn1)c1sc(c(c1)CCCCCCCCCC)c1sc(cc1CCCCCCCCCC)c1oc(nn1)c1c(cc(c(c1)OCCCCCCCC)*)OCCCCCCCC,tg,53.8,81.93725518120478,62.57848879832281,74.91875423007745
*c1cc2c(C(=O)N(C2=O)c2cc(ccc2)Cc2ccc(cc2)Cc2cc(ccc2)N2C(=O)c3c(C2=O)cc(cc3)C(=O)*)cc1,tg,240.0,268.8156862403576,258.70950353837065,265.15170003879456
*Oc1ccc(cc1)CC(NC(=O)Cc1ccc(cc1)OC(=O)CCCCC(=O)*)C(=O)OCCCCCCCC,tg,28.0,33.865206842609275,36.157126649109514,34.69614002418088
*Oc1c(cc(c(c1)OC(=O)c1ccc(cc1)OCC)OC(=O)CCCCCCCCCCCCCCC(=O)*)OC(=O)c1ccc(cc1)OCC,tg,31.0,54.20751678284602,37.21697683831642,48.04761390461856
*C1(c2c(C(=O)N1c1ccccc1)cccc2)c1ccc(cc1)OC(=O)c1ccc(cc1)[Si](c1ccc(cc1)C(=O)Oc1ccc(cc1)*)(C)C,tg,255.0,221.59041879810968,252.68285988515385,232.86295151151924
*Oc1ccc(cc1)Oc1ccc(cc1)OC(=O)NC(=O)c1cc(cc(c1)C(C)(C)C)C(=O)NC(=O)*,tg,114.5,146.73382125961663,119.20892739839715,136.7546991438877
*c1cc2c(C(=O)N(C2=O)c2c(cc(c(c2C)N2C(=O)c3c(C2=O)cc(cc3)C(=O)*)C)C)cc1,tg,401.33,365.16051918289753,353.5044424926261,360.9346205011808
*c1oc(cc1)CC*,tg,23.0,40.53510646880081,96.4251898723744,60.79799903996319
*N1C(=O)c2c(C1=O)cc(c(c2)c1ccc(cc1)[Si](C)(C)C)c1cc2c(C(=O)N(C2=O)c2ccc(cc2)C(c2ccc(cc2)*)(C(F)(F)F)C(F)(F)F)cc1c1ccc(cc1)[Si](C)(C)C,tg,365.0,326.8163615791714,358.637046013265,338.3529181731748
*Nc1ccc(cc1)c1ccc(cc1)NC(=O)c1cc(cc(c1)S(=O)(=O)c1ccccc1)C(=O)*,tg,319.0,288.5908290220591,327.9809403075112,302.87167357868424
*Oc1ccc(cc1)NC(=O)c1cc(cc(c1)C(C(C(C(F)(F)F)(F)F)(F)F)(F)F)C(=O)Nc1ccc(cc1)*,tg,257.0,228.05105712003763,227.44275359548917,227.83051729941187
*c1n(nc(c1)c1ccc(cc1)Oc1ccc(cc1)C(=O)c1cc(ccc1)C(=O)c1ccc(cc1)Oc1ccc(cc1)*)c1ccccc1,tg,190.0,213.38866727245315,208.15851546968867,211.49248108598718
*C(C*)C(=O)OCCOCC,tg,-50.0,-55.542828131863565,-57.687452670892476,-56.320359564873435
*Oc1cc(ccc1)C(=O)OCCN(CCOC(=O)c1cc(ccc1)OCC#CC#CC*)c1ccc(cc1)N=Nc1ccc(cc1)C#N,tg,50.0,89.11864245357769,99.11867437756753,92.74414379915352
*C(C*)C(=O)OC(C(C(C(C(C(C(C(F)(F)F)(F)F)(F)F)(F)F)(F)F)(F)F)(F)F)(F)F,tg,9.0,6.254453774528504,11.503847237210621,8.15761600511642
*S(=O)(=O)c1ccc(cc1)NC(=O)c1cc(cc(c1)S(=O)(=O)c1ccccc1)C(=O)Nc1ccc(cc1)*,tg,307.0,268.71143633554885,266.9327463276669,268.0665740925126
*c1cc2c(=O)n(c(=O)c3ccc4c5c(cc6c(=O)n(c(=O)c7ccc(c1c4c23)c5c67)CCCCCCCC)Oc1ccc(cc1)C=Cc1c(cc(c(c1)OCCCCCCCC)C=Cc1ccc(cc1)O*)OCCCCCCCC)CCCCCCCC,tg,103.0,121.66083079403188,154.23809744970208,133.47168549860277
*Oc1ccc(cc1)C(c1ccc(cc1)OC(=S)*)c1c2c(ccc1)cccc2,tg,191.0,192.5667240667653,184.014088424077,189.46597476251563
*C(C*)n1c2c(c3ccccc3cc2)c2c1cccc2,tg,285.5,248.84299618091,210.15618165300674,234.8171311443718
*C(C*)c1ccc(cc1)C(=O)OCC(C)C,tg,90.0,66.45344626729303,59.477235210879655,63.92422808436184
*Nc1cc(ccc1)C=Cc1ccc(cc1)NC(=O)c1cc(ccc1)C(=O)*,tg,272.0,252.85517086503197,245.888268319819,250.32932747331535
*OC(=O)c1cc2c(cc1)cc(cc2)C(=O)OCCCCCCCCCCCC*,tg,38.5,35.82151698982282,47.81921595176432,40.17127047670745
*c1cc2c(C(=O)N(C2=O)c2ccc(cc2)Oc2ccc(cc2)C2(C3C4C(CCC4)C(C2)C3)c2ccc(cc2)Oc2ccc(cc2)N2C(=O)c3c(C2=O)cc(cc3)C(=O)Nc2ccc(cc2)Oc2ccc(cc2)NC(=O)*)cc1,tg,250.0,263.4234915015243,305.945133904239,278.839669461647
*N1C(=O)c2c(C1=O)c(ccc2)c1cc2c(C(=O)N(C2=O)c2cc(ccc2)C(=O)Nc2ccc(cc2)Oc2ccc(cc2)Oc2ccc(cc2)NC(=O)c2cc(ccc2)*)cc1,tg,268.0,264.48688044935335,277.5291029505368,269.21532487700614
*c1nc(nc(n1)N(CCCCCCN(*)C)C)c1ccccc1,tg,57.0,50.742453506245575,85.441845718031,63.322682660583894
*OP(=O)(Oc1c(cc(cc1C)S(=O)(=O)c1cc(c(c(c1)C)*)C)C)Oc1ccccc1,tg,142.0,144.38057563157517,143.267298114054,143.97695800630646
*c1nc(ccc1)Oc1c(cc(cc1)O*)C,tg,89.0,111.29141997262305,132.8132922570692,119.09415275584388
*c1cc2c(C(=O)N(C2=O)c2cc(ccc2)Nc2ncnc(n2)Nc2cc(ccc2)N2C(=O)c3c(C2=O)cc(cc3)C(=O)*)cc1,tg,290.0,273.75820602140857,276.55541266357903,274.7723304284231
*Oc1ccc(cc1)C(c1cc(c(c(c1)Cl)OC(=O)*)Cl)(C)C,tg,186.0,159.08534706523608,173.87021636306812,164.44558630655905
*C(C*)(C(=O)OCCN(c1ccc(cc1)N=Nc1ccc(cc1)S(=O)(=O)C)CC)C,tg,144.0,120.07644477073096,119.587972804409,119.89934975897127
*c1cc2c(C(=O)N(C2=O)c2ccc(cc2)C(=O)OCCCCCCOC(=O)*)cc1,tg,80.5,83.66088034196315,70.01367450460945,78.71309982458507
*Oc1ccc(cc1)c1ccc(cc1)C(=O)OCC(COC(=O)c1ccc(cc1)c1ccc(cc1)OC(CC*)C)C,tg,88.33,82.02490516983873,85.88749149745372,83.4252818920946
*N1C(=O)c2c(C1=O)cc(cc2)c1cc2c(C(=O)N(C2=O)c2cc(ccc2)C(=O)Nc2cc(ccc2)S(=O)(=O)c2cc(ccc2)NC(=O)c2cc(ccc2)*)cc1,tg,247.0,254.37444843697767,269.3681089462939,259.8103847184635
*OC(=O)c1cc(cc(c1)OCc1c(c(c(c(c1F)F)OC)F)F)C(=O)OCCN(CC*)c1ccc(cc1)C=Cc1sc(cc1)C=CC1=C(C(=C(C#N)C#N)OC1(c1ccccc1)C(F)(F)F)C#N,tg,140.0,150.50929323492582,137.7900299407006,145.89793733741905
*Oc1ccc(cc1)NC(=O)c1ccc(cc1)OCC(COc1ccc(cc1)C(c1ccc(cc1)OCC(C*)O)(C)C)O,tg,127.0,117.67237151504624,144.87488926608418,127.53461650176916
*C(C*)C(=O)OCCOc1ccc(cc1)C(=O)Oc1ccc(cc1)OC,tg,70.0,43.24452179865825,55.46366214508612,47.67455863298856
*Oc1ccc(cc1)c1ccc(cc1)c1c(c(c(c(c1)c1ccccc1)c1ccc(cc1)c1ccc(cc1)OC(=O)c1c(cc(cc1)C(=O)*)c1ccccc1)c1ccccc1)c1ccccc1,tg,260.0,219.88171903789063,199.8888384292209,212.63332062280352
*c1n(cnc1C(=O)NCC(CNC(=O)*)(C)C)C,tg,152.0,164.58992424839528,176.04715347913373,168.74373098704817
*Sc1c(cc(cc1C)*)C,tg,198.0,156.7206623085162,122.02569398026455,144.14203702862815
*C(C*)(C(=O)OCc1c(c(ccc1)Cl)Cl)C,tg,42.6,40.6800948528481,60.67603229189584,47.92960151866212
*c1cc2c(C(=O)N(C2=O)c2c(cccc2)Oc2ccc(cc2)N2C(=O)c3c(C2=O)cc(cc3)C(*)(C(F)(F)F)C(F)(F)F)cc1,tg,276.0,288.12534516659383,279.6093302581049,285.0378726720709
*Oc1c(cc(cc1Cl)C(c1cc(c(c(c1)Cl)OCC(C*)OC(=O)C)Cl)(C)C)Cl,tg,100.0,113.07058178538487,133.83020280759874,120.59696115314706
*N1C(=O)c2c(C1=O)cc(cc2)Oc1c(cccc1)Oc1cc2c(C(=O)N(C2=O)c2cc(c(cc2)Oc2c(cccc2)Oc2c(cc(cc2)*)C(F)(F)F)C(F)(F)F)cc1,tg,185.0,208.54093693656685,228.6305468106001,215.82440444787264
*Oc1ccc(cc1)OC(=O)c1c(cc(c(c1)OCCCCCOCC1N(CCC1)c1ccc(cc1)[N+](=O)[O-])C(=O)*)OCCCCCOCC1N(CCC1)c1ccc(cc1)[N+](=O)[O-],tg,63.0,54.75985360413622,48.438334303796296,52.46799324772231
*N1C(=O)c2c(C1=O)cc(cc2)Oc1cc2c(C(=O)N(C2=O)c2cc(ccc2)P(=O)(c2cc(ccc2)*)c2cc(cc(c2)C(F)(F)F)C(F)(F)F)cc1,tg,228.0,238.50301856053656,221.66234661386505,232.39745017164108
*N1C(=O)c2c(C1=O)cc(cc2)NC(=O)Nc1ccc(cc1)NC(=O)Nc1cc2c(C(=O)N(C2=O)c2ccc(cc2)c2nc(cc(c2)c2ccc(cc2)c2ccccc2)c2ccc(cc2)*)cc1,tg,243.0,252.89993983501665,275.87622213443046,261.2299674815303
*C(C*)C#N,tg,93.96,51.106508532176896,98.60788006257428,68.32808219405786
*C(C*)c1cc(c(cc1)Cl)[N+](=O)[O-],tg,132.9,133.74318839111493,154.49058211734535,141.26513476522493
*C=CCCCCCCCCCC(CCCCCCCCC*)COCCOCCOCCOCCOCc1c2ccc3cccc4ccc(cc1)c2c34,tg,-36.0,-5.384396356791581,-8.189341807813303,-6.40132646103955
*Oc1ccc(cc1)c1ccc(cc1)Oc1ccc(cc1)C(=O)c1c(c(c(c(c1c1ccccc1)c1cc2c(cc1)cccc2)c1cc2c(cc1)cccc2)c1ccccc1)C(=O)c1ccc(cc1)*,tg,290.0,282.45347903607814,285.39180730748427,283.51876694542676
*Oc1ccc(cc1)C(=O)c1cc(ccc1)C(=O)c1ccc(cc1)*,tg,139.0,145.58342537473962,153.74935851146836,148.54397608098978
*N1C(=O)c2c(C1=O)cc(cc2)Oc1cc2c(C(=O)N(C2=O)c2c(cc(c(c2C)C(=O)c2cc(ccc2)*)C)C)cc1,tg,287.0,283.85980106671104,281.6324928825991,283.0522927627488
*c1nc(nc(c1c1ccc(cc1)OC)OCCOC(=O)CCCC(=O)OCCO*)c1ccc(cc1)OC,tg,57.0,75.88924819299952,95.44250123589303,82.97826008378465
*c1cc2c(C(=O)N(C2=O)c2cc(cc(c2)C(F)(F)F)N2C(=O)c3c(C2=O)cc(c(c3)Cl)C(=O)*)cc1Cl,tg,305.0,314.47637085447036,283.68753217477706,303.3139088833082
*OC(=O)C(C*)(CC)CC,tg,60.0,5.0125680953901375,45.925426591968694,19.845483095877185
*Oc1ccc(cc1)C(c1ccc(cc1)OC(=O)*)C(Cl)Cl,tg,165.0,173.14657166422762,168.35220231314358,171.4083779598812
*N1C(=O)c2c(C1=O)cc(cc2)C(=O)c1cc2c(C(=O)N(C2=O)CCCCCC(=O)Nc2cc(ccc2)Oc2ccc(cc2)NC(=O)CCCCC*)cc1,tg,170.0,173.32727472072102,149.04507316860574,164.52378738489136
*c1sc(nn1)c1ccc(cc1)OC(=O)CCCCCCCCC(=O)Oc1ccc(cc1)C=C*,tg,30.0,82.7186106452462,93.78036835479207,86.72903958839613
*c1c2C(=O)N(C(=O)c2c(c2ccccc12)c1ccc(cc1)Oc1ccc(cc1)C(=O)c1ccc(cc1)Oc1ccc(cc1)*)c1cc(ccc1)C(F)(F)F,tg,252.0,262.9723720272091,249.84653480338045,258.2136131673861
*C1(C(=O)OC(=O)C(C1)(C*)C)C,tg,144.0,147.00009848257736,157.58823539066134,150.8388166885972
*c1nc(nc(n1)c1ccc(cc1)Oc1ccc(cc1)Oc1ccc(cc1)*)c1ccccc1,tg,244.0,233.18177912767956,262.29054596030056,243.73513276913616
*OC(=O)Nc1c(ccc(c1)NC(=O)OCCN(CC*)c1ccc(cc1)N=Nc1c(cc(c(c1)OC)N=Nc1ccc(cc1)[N+](=O)[O-])OC)C,tg,150.0,131.90632020414913,143.8697752444688,136.24365859227595
*O[Si](CCCC(=O)Oc1ccc(cc1)C=Nc1ccc(cc1)Cc1ccc(cc1)N=Cc1ccc(cc1)OC(=O)CCC[Si](*)(C)C)(C)C,tg,68.0,54.89705853804682,56.00225815656904,55.29774752929592
*NC(=O)c1ccc(cc1)C(=O)NCC(CC(CC*)CC)C,tg,139.0,145.772944424951,153.46086499630812,148.56019216455766
*Oc1c(cc(cc1OC)C=C1C(=O)C(=Cc2cc(c(c(c2)OC)OCCCCCCCC*)OC)CCC1)OC,tg,62.0,62.60939510880658,59.62520568359357,61.52748028505409
*Oc1ccc(cc1)NC(=O)c1ccc(cc1)C(=O)Nc1ccc(cc1)Oc1ccc(cc1)C1(C2CCC(C1)C2)c1ccc(cc1)*,tg,281.0,271.4987340401937,271.80066503888474,271.60819881494103
*N1C(=O)c2c(C1=O)cc(cc2)C(=O)c1cc2c(C(=O)N(C2=O)CCCCCC(=O)Nc2ccc(cc2)Cc2ccc(cc2)NC(=O)CCCCC*)cc1,tg,187.0,177.82132780934194,141.63685442599783,164.70268399526051
*N(CC*)C(=O)c1ccccc1,tg,108.5,98.17147962630963,109.37139555031706,102.2319976887984
*C(C*)(C(=O)Oc1ccc(cc1)c1oc(nn1)c1ccc(cc1)C(C)(C)C)C,tg,156.0,169.8185212908297,170.68690097435893,170.1333514568768
*NC(=O)c1c(cc(cc1)C(=O)NCCCCCC*)Oc1ccc(cc1)Br,tg,116.0,112.21327568525578,108.05442984389988,110.70549037932025
*c1cc2c(C(=O)N(C2=O)c2c(cc(cc2C)Cc2cc(c(c(c2)C)N2C(=O)c3c(C2=O)cc(cc3)C(=O)OCCN(CCOC(=O)*)c2ccc(cc2)N=Nc2c(cc(cc2)[N+](=O)[O-])[N+](=O)[O-])C)C)cc1,tg,176.0,204.2469432985705,200.55406678023087,202.9080946940809
*Oc1ccc(cc1)C(c1ccc(cc1)OC(=O)*)C1C2C3C(C(C1)C2)C1CCC3C1,tg,253.0,227.14177023581396,252.2144260956536,236.23183597239816
*Oc1cc2c(cc1)ccc(c2)Oc1ccc(cc1)C(=O)Nc1ccc(cc1)Oc1ccc(cc1)C(c1ccc(cc1)Oc1ccc(cc1)NC(=O)c1ccc(cc1)*)(C(F)(F)F)C(F)(F)F,tg,163.0,189.9128944571015,209.52651481750166,197.02379245710236
*C(C*)(C(=O)OCCCCCCOc1ccc(cc1)C(=O)Oc1ccc(cc1)OC)C,tg,40.8,44.53637651643614,29.879791240559648,39.222646516058724
*c1nc(nc(n1)N(CCCCCCCCCCN(*)c1ccccc1)c1ccccc1)c1ccccc1,tg,62.0,71.38084767518325,74.70075339080819,72.5844760966394
*Oc1cc(ccc1)NC(=O)c1cc(ccc1)C(=O)Nc1cc(ccc1)OCCCCC*,tg,131.5,128.003916983616,100.96813542716498,118.20212203369557
*c1cc2c(C(=O)N(C2=O)c2ccc(cc2)Sc2ccc(cc2)Oc2ccc(cc2)Sc2ccc(cc2)N2C(=O)c3c(C2=O)cc(cc3)C(=O)Nc2ccc(cc2)Oc2cc(ccc2)Oc2ccc(cc2)NC(=O)*)cc1,tg,179.0,227.60881134860873,225.63765229529267,226.89416965001604
*C(C*)c1c(cccc1)C(=O)OCCCCCC,tg,45.0,52.22666913600716,45.88278014564479,49.926698671356306
*c1c(c2c(C(=O)N(C2=O)c2cc(ccc2)N2C(=O)c3c(C2=O)c(c(c(c3c2ccccc2)c2ccccc2)c2ccc(cc2)Oc2ccc(cc2)*)c2ccccc2)c(c1c1ccccc1)c1ccccc1)c1ccccc1,tg,357.0,321.1156522570985,329.1387203406875,324.0244073844614
*C1(OC(CO1)c1ccccc1)C*,tg,75.0,130.61503862396242,138.77917645210292,133.57493844292023
*C(C*)c1ncccc1,tg,98.28,102.80344388813393,131.67250824273495,113.26989364136244
*NC(C(=O)*)CCC(=O)OCCCC,tg,-39.33,-23.67775688198661,-27.080239687076876,-24.91132354276499
*Oc1ccc(cc1)C(=O)c1cc(ccc1)NC(=O)c1cc(ccc1)C(=O)Nc1ccc(cc1)C(=O)c1ccc(cc1)*,tg,204.0,180.88121650853336,193.38177176090906,185.4132800291717
*c1oc(nn1)c1c(cc(cc1)*)OCC,tg,231.0,181.7772557744752,203.78671620787202,189.7567631423718
*N1C(=O)c2c(C1=O)cc(cc2)c1cc2c(C(=O)N(C2=O)c2cc(c(cc2)Oc2c(cc(cc2C(C)(C)C)c2ccc(cc2)*)C(C)(C)C)C(F)(F)F)cc1,tg,389.0,362.64465574348446,353.93644395990344,359.4875024684842
*OC(=O)Nc1ccc(cc1)Cc1ccc(cc1)NC(=O)OCCCCCC*,tg,71.0,81.10111019858927,71.22681251039207,77.52119367159365
*Oc1ccc(cc1)C(c1cc(ccc1)C(c1ccc(cc1)Oc1ccc(cc1)C(=O)Nc1ccc(cc1)NC(=O)c1ccc(cc1)*)(C)C)(C)C,tg,154.0,184.4404132712824,154.55889111966326,173.6068979793308
*c1ccc2c3n(c4ccc(cc4n3)Oc3cc4n5c(nc4cc3)c3cccc4c(ccc(c5=O)c34)Oc3cc(ccc3)O*)c(=O)c3cccc1c23,tg,369.5,345.104375417345,353.23674826491197,348.0527588750865
*c1nc2c([nH]1)ccc(c2)*,tg,398.0,203.81422114573263,314.916371204406,244.09419200940317
*OC(=O)c1ccc(cc1)c1ccc(cc1)c1ccc(cc1)C(=O)OCCCCCCCCCC*,tg,50.0,50.52589305179723,51.52634057707923,50.88860427878707
*OC(=O)NCCCCCCNC(=O)OCC*,tg,56.0,26.37961616675492,40.873666240559764,31.634419195869334
*N1C(=O)c2c(C1=O)cc(c(c2)c1ccc(cc1)C(C)(C)C)c1cc2c(C(=O)N(C2=O)c2ccc(cc2)Cc2ccc(cc2)*)cc1c1ccc(cc1)C(C)(C)C,tg,360.0,365.21612492657215,346.6136273453419,358.47180845593914
*N1C(=O)c2c(C1=O)cc(cc2)C(=O)c1cc2c(C(=O)N(C2=O)CC(=O)Nc2ccc(cc2)Oc2ccc(cc2)NC(=O)C*)cc1,tg,235.0,234.98587860708756,228.6743208444717,232.69762979598644
*C(C*)P(=O)(N(C)C)N(C)C,tg,25.0,60.59933481547137,72.1025975410629,64.76983095059816
*Oc1c(cc(cc1C)*)C,tg,204.61,166.89440207484125,172.86558286014247,169.05924756096934
*c1nc2c(nc1c1ccc(cc1)Oc1ccc(cc1)Oc1ccc(cc1)P(=O)(c1ccc(cc1)Oc1ccc(cc1)Oc1ccc(cc1)*)c1ccccc1)cccc2,tg,209.0,215.73252352009237,291.09743559314035,243.05599530567264
*c1cc2c(C(=O)N(C2=O)c2ccc(cc2)c2c(cc(cc2c2ccc(cc2)c2ccccc2)c2ccc(cc2)OCCCCCCOc2ccc(cc2)c2cc(c(c(c2)c2ccc(cc2)c2ccccc2)c2ccc(cc2)N2C(=O)c3c(C2=O)cc(cc3)C(=O)*)c2ccc(cc2)c2ccccc2)c2ccc(cc2)c2ccccc2)cc1,tg,111.5,194.45309104438755,189.68299259733544,192.72369673147256
*C(C*)(C(=O)OCCCCCCCCCCCCCCCCCC)C,tg,-103.33,-18.81560084711615,-20.47886080218939,-19.41861404257348
*c1ccc2c(nc([nH]2)c2cc(cc(c2)N2C(=O)c3c(C2=O)cccc3)c2nc3c([nH]2)ccc(c3)C(=O)Nc2cc(cc(c2)c2nc3c([nH]2)cccc3)NC(=O)*)c1,tg,334.0,330.7091163696957,302.59848385102305,320.5176353028261
*N1C(=O)c2c(C1=O)cc(cc2)C(c1cc2c(C(=O)N(C2=O)CC(=O)Nc2ccc(cc2)Oc2ccc(cc2)S(=O)(=O)c2ccc(cc2)Oc2ccc(cc2)NC(=O)C*)cc1)(C(F)(F)F)C(F)(F)F,tg,241.0,237.7307696200149,240.61546220199517,238.77661196502308
*c1nc2c(nc1)cc(cc2)c1cc2c(nc(cn2)c2ccc(cc2)Oc2ccc(cc2)*)cc1,tg,334.0,323.5937933998744,293.5526451298513,312.70240582196794
*NC(=S)NCCCCC*,tg,55.0,57.04216339150927,94.51628368011163,70.62836737198525
*Oc1cc(ccc1)NC(=O)c1cc(cc(c1)NC(=O)c1ccc(cc1)OC(=O)C)C(=O)Nc1ccc(cc1)*,tg,251.0,251.72815797924827,237.28410760628407,246.4914822905318
*C(C*)C(=O)OCCCCCCOC(=O)c1ccc(cc1)OC(=O)c1ccc(cc1)C#N,tg,30.0,25.22045762254105,20.084398586897205,23.358384672552493
*Oc1ccc(cc1)Oc1ccc(cc1)NC(=O)c1c(cc(cc1)c1cc(c(cc1)C(=O)Nc1ccc(cc1)*)C)C,tg,219.0,228.67955752353743,240.1084557570803,232.82309288813522
*Oc1ccc(cc1)C(=O)c1cc(ccc1)NC(=O)c1ccc(cc1)C(=O)Nc1cc(ccc1)C(=O)c1ccc(cc1)*,tg,189.0,218.44349782664744,213.64761579076244,216.7047556999737
*OP(=O)(Oc1ccc(cc1)S(=O)(=O)c1ccc(cc1)*)Oc1ccccc1,tg,100.5,95.42767374012516,107.76592372022338,99.90089365031216
*Nc1ccc(cc1)Cc1ccc(cc1)NC(=O)/C=C/c1ccc(cc1)/C=C/C(=O)*,tg,230.0,222.19490812745732,193.85614784370733,211.92071957269786
*Oc1ccc(cc1)OC(=O)c1c(cc(cc1)C(=O)*)Oc1ccc(cc1)C1CCCCC1,tg,113.0,156.45324513605925,137.2674100590752,149.4974402530036
*C(C*)C(=O)Oc1ccc(cc1)C(=O)O,tg,113.33,92.45889607272348,83.35720468792317,89.15908717076914
*c1cc2c(C(=O)N(C2=O)c2cc(ccc2)C(=O)NCCN(CCNC(=O)*)c2ccc(cc2)C=Cc2ccc(cc2)[N+](=O)[O-])cc1,tg,178.0,194.11611057557124,210.36856843141226,200.00842254748707
*OP(=O)(Oc1ccc(cc1)NC(=O)Oc1ccc(cc1)c1ccc(cc1)OC(=O)Nc1ccc(cc1)*)c1ccccc1,tg,34.0,163.3326149465571,159.99620516842677,162.1230029941207
*Oc1cc(ccc1)NC(=O)C(=O)Nc1cc(ccc1)OCC(COc1ccc(cc1)C(c1ccc(cc1)OCC(C*)O)(C)C)O,tg,119.0,98.0715434859326,93.63084744547669,96.46157367860198
*Sc1cc(ccc1)Sc1ccc(cc1)Sc1ccc(cc1)*,tg,75.0,74.01795745796221,76.50781145128767,74.92065147651162
*O[Si](*)(CCCCCCCCCCCOc1ccc(cc1)/C=C/c1ccc(cc1)OC)C,tg,55.0,14.634388861911058,32.74393436576879,21.199986061105484
*SSCc1ccc(cc1)C*,tg,23.0,36.771363680052715,21.8642726582871,31.36681307773134
*N1C(=O)c2c(C1=O)c(ccc2)Oc1c(cc(cc1C)Cc1cc(c(c(c1)C)Oc1c2c(C(=O)N(C2=O)c2ccc(cc2)Oc2ccc(cc2)c2ccc(cc2)Oc2ccc(cc2)*)ccc1)C)C,tg,259.0,254.53505132728412,253.5541700134004,254.1794338102236
*ON(C(C(*)(F)F)(F)F)C(C(Br)(F)F)(F)F,tg,-17.0,-41.95597689238307,9.883500581119568,-23.161627358032366
*C1C(=O)OC(=O)C1C(C*)OC,tg,170.2,138.7726049082257,144.948626567171,141.01171524357332
*C(C*)(C(=O)OCc1cc2c(OCCOCCOCCOCCO2)cc1)C,tg,38.0,50.41605948265836,72.79595697059777,58.52986842578024
*OC(COC(=O)Nc1ccc(cc1)Cc1ccc(cc1)NC(=O)*)c1occc1,tg,40.0,97.45366262597229,69.483287887703,87.3130318739261
*c1cc2c(C(=O)N(C2=O)c2cc(ccc2)NC(=O)C(C(C(C(C(C(C(=O)Nc2cc(ccc2)N2C(=O)c3c(C2=O)cc(cc3)C(*)(C(F)(F)F)C(F)(F)F)(F)F)(F)F)(F)F)(F)F)(F)F)(F)F)cc1,tg,218.0,255.1597233404119,252.7169655923754,254.27410401741994
*OC(=O)Nc1ccc(cc1)Cc1ccc(cc1)NC(=O)OCCN(CC*)c1ccc(cc1)N=Nc1ccc(cc1)[N+](=O)[O-],tg,136.4,134.168675355413,140.19569004755084,136.35376336735536
*C(C*)(C(=O)Oc1ccc(cc1)C(=O)C=Cc1ccc(cc1)OCc1ccccc1)C,tg,152.0,94.83445394134368,92.2426603377541,93.89480182136128
*c1cc2c(C(=O)N(C2=O)c2ccc(cc2)Oc2ccc(cc2)C(c2ccc(cc2)Oc2ccc(cc2)N2C(=O)c3c(C2=O)cc(cc3)C(=O)*)(C)C)cc1,tg,287.73,240.65427152115572,259.74260860436044,247.5747286062919
*c1cc2c(C(=O)N(C2=O)c2ccc(cc2)Oc2ccc(cc2)NC(=O)*)cc1,tg,290.17,277.62853362344003,266.9105402575082,273.74273609145035
*N1C(=O)c2c(C1=O)cc(cc2)c1cc2c(C(=O)N(C2=O)c2ccc(cc2)OC(=O)CCCCCCCCCCCCCCCCCCCCC(=O)Oc2ccc(cc2)*)cc1,tg,135.0,135.60528732308342,158.48598018105886,143.90065911537664
*OC(=O)C(NC(=O)CCCCCCCCC(=O)NC(C(=O)OCC=CC*)Cc1ccccc1)Cc1ccccc1,tg,46.0,50.88479740281048,46.497145343858186,49.2940586367183
*N1C(=O)c2c(C1=O)c(ccc2)Oc1ccc(cc1)Sc1ccc(cc1)Oc1c2c(C(=O)N(C2=O)c2ccc(cc2)Oc2cc(ccc2)Oc2ccc(cc2)*)ccc1,tg,202.0,203.3162304492981,205.55835181424032,204.12910925681888
*c1cc2c(C(=O)N(C2=O)c2c(ccc(c2)N2C(=O)c3c(C2=O)cc(cc3)C(=O)Nc2ccc(cc2)Oc2c(cccc2)c2c(cccc2)Oc2ccc(cc2)NC(=O)*)C)cc1,tg,266.0,269.8088338702359,271.051493963435,270.2593590159786
*c1cc2c(C(=O)N(C2=O)c2ccc(cc2)C(=O)Nc2ccc(cc2)C(c2ccc(cc2)NC(=O)c2ccc(cc2)N2C(=O)c3c(C2=O)cc(cc3)C(*)(C(F)(F)F)C(F)(F)F)(C(F)(F)F)C(F)(F)F)cc1,tg,351.0,304.47971838009516,286.0734492621549,297.80654433811696
*Oc1c(cc(cc1C(C)C)C(=O)c1cc(ccc1)C(=O)c1ccc(cc1)*)C(C)C,tg,132.0,169.35335472831568,153.91099096488446,163.75474154100365
*C1C(=O)N(C(=O)C1C(C*)c1ccccc1)c1ccc(cc1)NC(=O)OCC1N(CCC1)c1ccc(cc1)[N+](=O)[O-],tg,208.0,204.7400462913016,154.81984358255193,186.64152785979456
*c1cc2c(C(=O)N(C2=O)c2ccc(cc2)N2C(=O)c3c(C2=O)cc(cc3)c2c(c(c(c(c2c2ccccc2)c2ccccc2)c2ccc(cc2)Oc2ccc(cc2)c2c(c(c(c(c2c2ccccc2)c2ccccc2)*)c2ccccc2)c2ccccc2)c2ccccc2)c2ccccc2)cc1,tg,353.0,349.01815154316847,340.0042965590933,345.7501876384542
*Oc1c(cc(cc1Br)*)Br,tg,196.0,168.54483135264502,170.67519175841497,169.31719133873185
*SC(=O)N(CCC*)Cc1ccccc1,tg,27.0,64.74254275957378,58.89283064286134,62.62173561499915
*[Si](CC(C*)Cc1ccc(cc1)c1ccccc1)(C)C,tg,28.0,36.39793583495628,74.60213434541257,50.24882892800971
*Oc1c(cc(cc1C)C(c1cc(c(c(c1)C)OC(=O)*)C)(C)C)C,tg,193.62,162.3672461215918,183.44227861530143,170.00797759572825
*N1C(=O)c2c(C1=O)cc(cc2)Oc1c2c(ccc1)c(ccc2)Oc1cc2c(C(=O)N(C2=O)c2cc(ccc2)*)cc1,tg,260.0,262.32592277537555,266.9905891024896,264.0170927810476
*N1C(=O)c2c(C1=O)cc(cc2)c1cc2c(C(=O)N(C2=O)c2cc3S(=O)(=O)c4c(c3cc2C)cc(c(c4)*)C)cc1,tg,490.0,355.9227754737754,304.7764914167168,337.37974250352823
*c1n(c(cc1)Oc1ccc(cc1)C(c1ccc(cc1)OC*)(C)C)c1ccc(cc1)[N+](=O)[O-],tg,76.75,147.3147348642297,135.7229662294101,143.11215100223998
*c1c2C(=O)N(C(=O)c2c(c2ccccc12)c1ccc(cc1)Oc1ccc(cc1)S(=O)(=O)c1ccc(cc1)Oc1ccc(cc1)*)c1ccccc1,tg,305.0,291.004742192925,303.9187782553986,295.6867127583382
*C1OC(C(C(C1OCC)OCC)O*)COCC,tg,119.5,86.70119415719114,90.52342774134522,88.08694103357979
*C(C*)(C(=O)OCCN(C)C)C,tg,24.75,48.46943014759315,44.27907773309352,46.95022216579065
*C(C*)C(=O)OCCCOc1ccc(cc1)C(=O)OCCCC(C(C(C(C(C(C(C(F)(F)F)(F)F)(F)F)(F)F)(F)F)(F)F)(F)F)(F)F,tg,48.0,29.253296594388257,18.77717463889199,25.455189294855344
*c1cc2c(C(=O)N(C2=O)c2cc(c(cc2)c2c(cc(cc2)N2C(=O)c3c(C2=O)cc(cc3)C(=O)Oc2ccc(cc2)C2(C3CC4CC(CC2C4)C3)c2ccc(cc2)OC(=O)*)C)C)cc1,tg,222.0,247.07800710850609,251.44398284245415,248.6608871451395
*[Si](C*)(CCCn1c2ccccc2c2ccccc12)C,tg,71.2,51.62450128222169,60.068640269996386,54.68591523520754
*c1cc2c(C(=O)N(C2=O)c2c(ccc(c2)N2C(=O)c3c(C2=O)cc(cc3)C(=O)Nc2c(cc(cc2)Cc2cc(c(cc2)NC(=O)*)C)C)N=Nc2ccc(cc2)C)cc1,tg,257.0,279.7361323223401,273.0540911269451,277.3135651216314
*c1cc2c(C(=O)N(C2=O)c2ccc(cc2)Oc2ccc(cc2)N2C(=O)c3c(C2=O)cc(cc3)C(CCCCCCCCC(*)(C)C)(C)C)cc1,tg,123.65,170.61755856382436,154.20941795468792,164.66880396894038
*S(=O)(=O)NCCCCCCNS(=O)(=O)c1cc(ccc1)*,tg,67.0,77.66571745925204,68.4633647750565,74.32941390616271
*Oc1ccc(cc1)S(=O)(=O)c1ccc(cc1)OC(=O)c1ccc(cc1)[Si](c1ccc(cc1)C(=O)*)(C)C,tg,235.0,199.39520685005212,212.39931269789537,204.1098321240238
*N1C(=O)c2c(C1=O)cc(cc2)[Si](O[Si](O[Si](c1cc2c(C(=O)N(C2=O)c2cc(ccc2)Cc2cc(ccc2)*)cc1)(C)C)(C)C)(C)C,tg,208.0,199.64287724288977,193.78988756693306,197.52088182256358
*c1cc2c(C(=O)N(C2=O)c2ccc(cc2)Oc2c(c(ccc2)Oc2ccc(cc2)N2C(=O)c3c(C2=O)cc(cc3)C(=O)Nc2cc(ccc2)Oc2c(c(ccc2)Oc2cc(ccc2)Oc2c(c(ccc2)Oc2cc(ccc2)NC(=O)*)C#N)C#N)C#N)cc1,tg,199.0,223.3676192587192,209.9110421007968,218.48895097408564
*c1cc2c(C(=O)N(C2=O)c2c(ccc(c2)N2C(=O)c3c(C2=O)cc(cc3)C(=O)*)CP(=O)(OCCCl)OCCCl)cc1,tg,261.0,184.1041222399525,236.90796937893182,203.24810301012263
*Oc1ccc(cc1)C1(c2cc(ccc2c2ccc(cc12)[N+](=O)[O-])OC)c1ccc(cc1)OC(=O)CCCC(=O)*,tg,197.0,207.36964147456715,180.2384849884063,197.53326844143405
*Oc1ccc(cc1)C(=O)N(C(=O)c1ccc(cc1)OCCCCCC*)c1c2c(ccc1)cccc2,tg,56.0,114.59525864319414,73.63883578122197,99.74654942659318
*N1C(=O)c2c(C1=O)cc(cc2)c1cc2c(C(=O)N(C2=O)c2ccc(cc2)Oc2ccc(cc2)*)cc1,tg,281.03,295.6544895049151,253.43164994257668,280.34664220894234
*c1ccc2n(c3c(c2c1)cc(cc3)C=C(C(=O)OCCCCCCOC(=O)C(=C*)C#N)C#N)CCCCCCCCCCCOc1ccc(cc1)C=Cc1ccc(cc1)[N+](=O)[O-],tg,87.0,82.58012052322032,76.43105622913933,80.35078355293112
*OC(=O)CCCC(=O)OCCCC*,tg,-36.5,-41.95698557735697,-38.608337203379826,-40.74293653451446
*Oc1ccc(cc1)OC(=O)c1c(cc(cc1)C(=O)*)Oc1ccc(cc1)C(c1ccccc1)(C)C,tg,93.0,130.9086234455649,125.27783867989777,128.86718818818335
*Oc1ccc(cc1)NC(=O)c1cc(cc(c1)NC(=O)CCCN1C(=O)c2c(C1=O)cccc2)C(=O)Nc1ccc(cc1)*,tg,225.0,235.3486379315531,230.35088269821,233.53670688362558
*c1nc(ccc1)Oc1cc(ccc1)O*,tg,82.0,88.73157860238608,90.34168417974895,89.31532073257313
*C(C*)OC(=O)C(C(C)C)(C(C)C)C,tg,120.0,81.35897223831552,55.10173049456485,71.83943610116529
*C(C*)c1ccc(cc1)c1cc2C(c3c(c2cc1)cccc3)(CCCCCC)CCCCCC,tg,76.55,64.28407742922825,78.82793691264274,69.55693880884942
*c1sc(cc1)Oc1ccc(cc1)C(c1ccc(cc1)Oc1sc(cc1)C(=O)c1ccc(cc1)C(=O)*)(C)C,tg,154.0,156.3308343748305,154.16677584020567,155.54625716659527
*N1C(=O)C(CC1=O)(SCCOCCSC1(C(=O)N(C(=O)C1)c1ccc(cc1)S(=O)(=O)c1ccc(cc1)N1C(=O)C(C(C1=O)C)SCCOCCSC1C(=O)N(C(=O)C1C)c1ccc(cc1)S(=O)(=O)c1ccc(cc1)*)C)C,tg,157.0,137.36044314802714,141.40890167148783,138.82820764476872
*OC(=O)c1ccc(cc1)C(=O)OCCOC(=O)CCCCCCCCC(=O)OCC*,tg,-6.75,-2.061308908095637,-14.33415440518875,-6.510816489867663
*c1nc2c(nc1c1ccccc1)cc(cc2)c1cc2c(nc(c(n2)c2ccccc2)c2ccc(cc2)OCCCCOc2ccc(cc2)*)cc1,tg,219.0,166.33839043825907,215.60704290013402,184.20068999419559
*N1C(=O)c2c(C1=O)cc(cc2)C(=O)c1cc2c(C(=O)N(C2=O)CCC(=O)Nc2cc(ccc2)Oc2ccc(cc2)NC(=O)CC*)cc1,tg,224.0,199.63902418492825,205.50305258716358,201.7650216841759
*Nc1ccc(cc1)NC(=O)c1c(cc(cc1)C(=O)c1cc(c(cc1)C(=O)*)C(=O)OCC)C(=O)OCC,tg,275.0,215.4512297977465,221.85781194512487,217.77392960234826
*N1C(=O)c2c(C1=O)cc(cc2)c1cc2c(C(=O)N(C2=O)c2ccc(cc2)Oc2ccc(cc2)Oc2ccc(cc2)Oc2ccc(cc2)*)cc1,tg,228.51,240.36750989561725,274.5675902021161,252.76671402941182
*O[Si](Oc1ccc(cc1)*)(c1ccccc1)C,tg,95.0,45.18909503310429,57.53734031980621,49.665938731476814
*c1oc(nn1)c1ccc(cc1)C(=O)OCCCCCCCCOc1ccc(cc1)C=C1C(=O)C(=Cc2ccc(cc2)OCCCCCCCCOC(=O)c2ccc(cc2)*)CC1,tg,99.0,61.342531094297954,66.37867664361492,63.168380512014565
*N1C(=O)c2c(C1=O)cc(cc2)Oc1ccc(cc1)S(=O)(=O)c1ccc(cc1)Oc1cc2c(C(=O)N(C2=O)c2ccc(cc2)Oc2cc(ccc2)Oc2ccc(cc2)*)cc1,tg,219.0,222.6802793030556,213.9261130335777,219.50646527619767
*C(C(CCC*)Cl)Cl,tg,-55.0,28.98292403549304,9.837587358598906,22.04180180596644
*C(C(CCCCC*)Cl)Cl,tg,-17.0,-21.94410560420731,-24.390093715863784,-22.830896092225558
*c1cc2c(C(=O)N(C2=O)c2c(c(cc(c2)C(F)(F)F)N2C(=O)c3c(C2=O)cc(cc3)C(=O)Nc2c(c(cc(c2)C(F)(F)F)NC(=O)*)Oc2ccc(cc2)C(F)(F)F)Oc2ccc(cc2)C(F)(F)F)cc1,tg,315.0,283.4962002893638,290.95448818958994,286.2001949389302
*N1C(=S)N(C(=O)CC1=O)c1ccc(cc1)Oc1ccc(cc1)Oc1ccc(cc1)*,tg,141.0,143.79256901272194,151.30032326042755,146.5144976359707
*C1C(CC(C1)C=C*)C(=O)OCCNC(C)(C)C,tg,29.0,64.34331492399589,97.8014698925714,76.47353478539979
*c1cc2c(C(=O)N(C2=O)c2cc(c(cc2)Oc2c(cc(cc2C(C)(C)C)c2ccc(cc2)N2C(=O)c3c(C2=O)cc(cc3)C(=O)*)C(C)(C)C)C(F)(F)F)cc1,tg,362.0,336.90831275515535,318.27367996341957,330.15234569682286
*C(C*)(CC(=O)OC(C)C)C(=O)OC12CC3CC(CC(C1)C3)C2,tg,180.0,150.23183078417426,137.17237036760375,145.49713676792962
*Oc1ccc(cc1)OC(=O)c1c(cc(cc1)C(=O)Oc1ccc(cc1)OCCCC*)C(=O)OCC=C,tg,56.0,84.07232791159782,60.019060191958175,75.35184030256875
*OC(=O)c1c(ccc(c1)C(=O)OCC(C(C(C*)(F)F)(F)F)(F)F)OCCCCC,tg,9.0,15.815805045215685,34.63031713824987,22.63698716024561
*N1C(=O)c2c(C1=O)c(ccc2)c1cc2c(C(=O)N(C2=O)c2cc(c(cc2)c2c(cc(cc2)*)C(F)(F)F)C(F)(F)F)cc1,tg,346.0,344.1745611658618,332.5352301594494,339.9547336147
*OC(=O)NCCCCCCNC(=O)OCCN(CC*)CCCCCCOc1ccc(cc1)C=Cc1ccc(cc1)[N+](=O)[O-],tg,29.05,44.80088678057885,47.56993691274733,45.80480307369187
*Nc1c(cc(cc1)NC(=O)c1ccc(cc1)NC(=O)CCCCCCCCC(=O)Nc1ccc(cc1)C(=O)*)C(=O)OCCCCCCCCCCCCCCCCCC,tg,280.0,219.2825531001648,206.15251380714523,214.52227078445466
*NC(=O)CCCCCCCCCCC(=O)NCc1ccc(cc1)C*,tg,105.0,97.2735501765447,117.38845444893047,104.566188146101
*N1C(=O)c2c(C1=O)cc(cc2)Oc1ccc(cc1)S(=O)(=O)c1ccc(cc1)Oc1cc2c(C(=O)N(C2=O)c2cc(ccc2)*)cc1,tg,265.0,237.73293410874157,242.89295660605268,239.60369498724677
*Oc1ccc(cc1)S(=O)(=O)c1ccc(cc1)OC(=O)c1cc(cc(c1)CCCCC)C(=O)*,tg,170.0,163.65496173543286,163.80607229410793,163.7097467139181
*c1cc2c(C(=O)N(C2=O)c2ccc(cc2)C(=O)Nc2ccc(cc2)Oc2cc(ccc2)Oc2ccc(cc2)NC(=O)c2ccc(cc2)N2C(=O)c3c(C2=O)cc(cc3)C(*)(C(F)(F)F)C(F)(F)F)cc1,tg,286.0,259.7897854099838,244.98322121403646,254.42168070553967
*C(*)C(=O)OCC,tg,12.35,54.91254793168182,55.83577595599275,55.24726330757806
*c1ccc(cc1)C(*)C,tg,79.43,115.20949878325864,142.2898729307235,125.02746073143992
*Oc1c(cc(cc1)Oc1c(cc(cc1)C(=O)c1cc(c(cc1)*)S(=O)(=O)O)S(=O)(=O)O)S(=O)(=O)O,tg,248.0,194.58368333841955,197.58560836185558,195.67202818516708
*OC(=O)c1cc(ccc1)C(=O)OCCCCC*,tg,7.0,13.757197321692171,3.658598699019595,10.095960720327234
*OC(COC(=O)c1c(c(c(cc1)c1c(cc(c(c1)CCCCCCCC)c1c(c(c(cc1)C(=O)*)F)F)CCCCCCCC)F)F)COc1ccc(cc1)N=Nc1ccc(cc1)C#N,tg,61.0,84.03741330306438,115.49481368593072,95.44226163587805
*N1C(=O)CC(CC1=O)CCC*,tg,90.23,113.33167025932886,119.44940445394411,115.54964853410256
*c1[nH]c(nc1c1ccc(cc1)NC(=O)Nc1ccc(cc1)NC(=O)Nc1ccc(cc1)*)c1ccc(cc1)[N+](=O)[O-],tg,292.0,262.18084751224313,258.9363467889957,261.004557093646
*C1(c2c(C(=O)N1C)cccc2)c1ccc(cc1)Oc1ccc(cc1)C(=O)c1ccc(cc1)Oc1ccc(cc1)*,tg,245.0,238.14026321257197,231.66786806037342,235.79370297038912
*C(C*)(C(=O)OCC1OC1)C,tg,62.81,98.74566498082062,68.65152794130562,87.83506637873408
*c1cc2c(C(=O)N(C2=O)c2c(ccc(c2)C(c2cc(c(cc2)O)N2C(=O)c3c(C2=O)cc(cc3)C(*)(C(F)(F)F)C(F)(F)F)(C(F)(F)F)C(F)(F)F)O)cc1,tg,310.33,282.9132217240535,335.0898664057535,301.82981088486696
*C(C*)n1c2c(c3c1cc1ccccc1c3)cccc2,tg,253.0,260.77556817060685,215.1498184103763,244.23399926303256
*OC(C*)CSC(C)C,tg,-44.0,-51.86897926874909,-37.93304818208042,-46.81652170755258
*Oc1ccc(cc1)C(=O)OCCCCCCOC(=O)c1ccc(cc1)*,tg,15.0,54.23824194154764,7.795324700871802,37.40040979977225
*NC(=O)c1c(cccc1)c1c(cccc1)C(=O)NCCCCCC*,tg,122.5,135.16471404992117,117.17663615387264,128.64315480769565
*c1cc2c(C(=O)N(C2=O)c2cc(cc(c2)OCCCC)N2C(=O)c3c(C2=O)cc(cc3)C(*)(C(F)(F)F)C(F)(F)F)cc1,tg,246.0,249.27812525900433,222.64986218466188,239.6240757179448
*N1C(=O)c2c(C1=O)cc(cc2)Oc1cc2c(C(=O)N(C2=O)c2ccc(cc2)Oc2ccc(cc2)*)cc1,tg,266.3,253.42382809323172,230.4291844271241,245.08714355200405
*c1cc2c(C(=O)N(C2=O)c2ccc(cc2)C(=O)Nc2ccc(cc2)Oc2ccc(cc2)NC(=O)c2ccc(cc2)NC(=O)Nc2ccc(cc2)Cc2ccc(cc2)NC(=O)Nc2ccc(cc2)C(=O)Nc2ccc(cc2)Oc2ccc(cc2)NC(=O)c2ccc(cc2)N2C(=O)c3c(C2=O)cc(cc3)C(=O)*)cc1,tg,229.0,261.1938784208415,236.2999512997445,252.168610605677
*C(C*)C(=O)OCCSCCCC#N,tg,-58.0,-49.27937561412759,-47.61219528815445,-48.67494109221044
*c1cc2c(C(=O)N(C2=O)c2ccc(cc2)C=Cc2ccc(cc2)N2C(=O)c3c(C2=O)cc(cc3)C(=O)*)cc1,tg,303.0,298.8815630321479,298.0353590681311,298.5747726505278
*Oc1ccc(cc1)C1(c2ccccc2c2ccccc12)c1ccc(cc1)Oc1c(c(c(c(c1F)F)C(=O)c1c(c(c(c(c1F)F)*)F)F)F)F,tg,223.0,241.4940764029847,215.97334604463035,232.2415617152741
*C(*)(F)F,tg,57.21,58.652096124686445,64.45176840563651,60.75476137798835
*Oc1ccc(cc1)C(c1ccc(cc1)OC(=O)*)C1C2CCC(C1)C2,tg,207.0,217.4781716227903,211.02078219826925,215.13705169182842
*Oc1ccc(cc1)C(=O)c1cc(ccc1)C(=O)c1ccc(cc1)Oc1cc(ccc1)Cc1cc(ccc1)*,tg,114.0,123.99386935525224,114.5875911492329,120.58363281280958
*OC(CC(=O)*)CCCCCC,tg,-47.0,-38.288971121397346,-46.27778168169284,-41.18530621873028
*c1cc2c(C(=O)N(C2=O)c2ccc(cc2)Oc2cc3c(cc2)ccc(c3)Oc2ccc(cc2)N2C(=O)c3c(C2=O)cc(cc3)C(=O)Nc2cc(ccc2)Oc2ccc(cc2)NC(=O)*)cc1,tg,263.0,249.416517621361,238.1304595150839,245.3247687988004
*c1cc2c(C(=O)N(C2=O)c2cc(ccc2)P(=O)(c2cc(ccc2)N2C(=O)c3c(C2=O)cc(cc3)C(=O)Nc2ccc(cc2)C(=O)c2ccc(cc2)NC(=O)*)c2ccccc2)cc1,tg,238.0,222.1490863746541,208.65832809149907,217.25802575802942
*C1C(=O)N(C(=O)C1CC*)CCC,tg,90.4,103.62094378286992,117.98580443688114,108.8289093199787
*Oc1ccc(cc1)C(=O)c1ccc(cc1)OC(=O)OC1C(C(C1(C)C)OC(=O)*)(C)C,tg,125.0,137.18783799582914,133.20704838493165,135.74460679412266
*[Si](CCC*)(c1c2c(ccc1)cccc2)C1CCCCC1,tg,47.5,54.346259019769775,75.83917121465089,62.13849235214043
*N=P(*)(OCCC)OCCC,tg,-100.0,-85.80422121872401,-74.84536570632802,-81.83109936189794
*C1COC2C1OCC2OC(=O)c1cc(ccc1)OCCCCCCCCOc1cc(ccc1)C(=O)O*,tg,31.75,41.94174656298372,35.870685400598816,39.74068954830595
*OC(=O)NCC(C(C(C(CNC(=O)OCCCCCC*)(F)F)(F)F)(F)F)(F)F,tg,5.0,24.360150840731592,20.449982891441667,22.942523450206036
*OC(=O)c1ccc(cc1)c1ccc(cc1)C(=O)OCCCCCCCCCCCC*,tg,42.75,26.323651499132193,49.027403176009024,34.55487344720121
*N1C(=O)c2c(C1=O)cc(cc2)C(=O)Oc1ccc(cc1)c1ccc(cc1)OC(=O)c1cc2c(C(=O)N(C2=O)CCCCCC*)cc1,tg,133.0,122.78531449864954,96.38139698727315,113.21260121197294
*Nc1c(cc(cc1)NC(=O)c1ccc(cc1)NC(=O)CCCCCCCCC(=O)Nc1ccc(cc1)C(=O)*)C(=O)OCCCCCCCCCCCCCC,tg,225.0,245.0406935966174,230.96979384101192,239.9393032825497
*c1oc(nn1)c1ccc(cc1)NC(=O)CN1C(=O)c2c(C1=O)cc(cc2)C(c1cc2c(C(=O)N(C2=O)CC(=O)Nc2ccc(cc2)*)cc1)(C(F)(F)F)C(F)(F)F,tg,280.0,256.44786044308154,282.1188942545308,265.75486749397487
*C(C*)C(=O)OCCCCCCSCC#N,tg,-59.0,-65.33580850392225,-67.78190631944369,-66.22263876496453
*C(C*)c1ccc(cc1)COCCO,tg,46.0,47.511781704478075,68.7956504420212,55.22822654520956
*C1C2C(C(C(C1*)C2)C(=O)OCCCc1ccccc1)C(=O)OCCCc1ccccc1,tg,200.0,157.98519514963024,184.86098292629333,167.72898451833717
*Oc1ccc(cc1)C(c1ccc(cc1)Oc1c(c(c(c(c1F)F)C(=O)c1c(c(c(c(c1F)F)*)F)F)F)F)(C(F)(F)F)C(F)(F)F,tg,148.69,155.46892847387974,165.13565533134704,158.9735904085067
*c1cc2c(C(=O)N(C2=O)c2cc(ccc2)C(=O)c2ccc(cc2)Cc2ccc(cc2)N2C(=O)c3c(C2=O)cc(cc3)C(=O)*)cc1,tg,290.0,261.1764942063416,269.89565964370985,264.3376187173186
*Oc1c(cc(c(c1)C(c1ccccc1)(C)C)OC(=O)c1ccc(cc1)C(=O)*)C(c1ccccc1)(C)C,tg,170.0,164.0684661973109,173.19114764219213,167.37588502407806
*C(C*)CNc1c(cc(cc1)[N+](=O)[O-])[N+](=O)[O-],tg,160.0,151.8560630109619,152.06916412898917,151.93332260333364
*c1cc2c(C(=O)N(C2=O)c2ccc(cc2)Oc2ccc(cc2)C2(c3c(C(=O)N2)cccc3)c2ccc(cc2)Oc2ccc(cc2)N2C(=O)c3c(C2=O)cc(cc3)C(=O)Nc2cc(ccc2)NC(=O)*)cc1,tg,328.0,307.1445620477988,305.2752490705211,306.4668445399013
*c1oc(nn1)c1ccc(cc1)Oc1ccc(cc1)NC(=O)c1cc(cc(c1)N1C(=O)c2c(C1=O)cccc2)C(=O)Nc1ccc(cc1)Oc1ccc(cc1)*,tg,285.0,274.7723600989342,293.1423069935748,281.43236555600714
*Oc1ccc(cc1)P(=O)(c1ccc(cc1)Oc1ccc(cc1)C(c1ccc(cc1)*)(C)C)c1ccccc1,tg,182.0,202.1340658109001,194.20663742281994,199.2599847573195
*OP(=O)(OCCCCCCCCCCOc1ccc(cc1)C=Cc1ccc(cc1)OCCCCCCCCCC*)OCCCCCCCCCCOc1ccc(cc1)N=Nc1ccccc1,tg,55.0,46.45190776308726,49.004038233243875,47.37718005461272
*N(C(=O)c1cc(ccc1)C(=O)*)c1ccccc1,tg,148.0,185.88736309365265,204.33683254129573,192.57619937097752
*c1sc(cc1)C(=O)Oc1ccc(cc1)[Si](c1ccc(cc1)OC(=O)*)(c1ccccc1)c1ccccc1,tg,-78.0,84.36930986696755,19.6900315350368,60.91990366449937
*Oc1ccc(cc1)CCC(=O)NCCCCCCNC(=O)C*,tg,72.0,73.35400662054461,72.48401764694249,73.03859300802766
*C(C*)(C(=O)OCCN(c1ccc(cc1)C=Cc1ccc(cc1)[N+](=O)[O-])C)C,tg,107.0,103.37896743342648,103.30434103655327,103.35191170957123
*c1cc2c(C(=O)N(C2=O)c2cc(cc(c2)Cl)N2C(=O)c3c(C2=O)cc(c(c3)Cl)C(=O)*)cc1Cl,tg,311.0,321.1152771498111,317.9215334847854,319.9573886507557
*N1C(=O)c2c(C1=O)c(ccc2)c1cc2c(C(=O)N(C2=O)c2ccc(cc2)*)cc1,tg,407.6,353.9758193798337,347.84807365779494,351.7542114360329
*C(C*)(C(=O)OCC(C)C)C,tg,54.04,48.0956882012232,67.52778192285491,55.140773904011866
*C(C*)c1cc(ccc1)B(O[Si](C)(C)C)O[Si](C)(C)C,tg,35.0,50.71447860572456,101.90949707676796,69.27518018791432
*Oc1ccc(cc1)C1(c2ccccc2c2ccccc12)c1ccc(cc1)OC(=O)CCC(=O)*,tg,234.0,227.64998594426388,210.1914998675743,221.32042967445744
*O[Si](*)(CCC)CCC,tg,-77.5,-63.5672889725134,-81.87859299321543,-70.20603351562237
*C1C2C(C(C1)CC*)C1CCC2C1,tg,164.0,171.35189671798238,123.68002568493209,154.06850863580894
*O[Si](O[Si](O[Si](O[Si](OC(CCC(*)C)C)(C)C)(C)C)(C)C)(C)C,tg,-96.0,-94.02717751003809,-103.02562875183388,-97.28955680374465
*c1cc2c(C(=O)N(C2=O)c2ccc(cc2)C(=O)Nc2ccc(cc2)C(=O)OCCCCCCCCCOC(=O)*)cc1,tg,100.0,100.64337195264244,113.15252308399097,105.17855190041013
*c1cc2c(C(=O)N(C2=O)c2ccc(cc2)Cc2ccc(cc2)NC(=O)*)cc1,tg,279.5,272.4267021972998,260.69013947512497,268.1716233870411
*O[Si](c1ccc(cc1)[Si](O[SiH](*)C)(C)C)(C)C,tg,-70.33,-9.974882439991392,19.05378124839218,0.5494298884548504
*OC(C*)CSCC,tg,-57.0,-52.2401759657099,-44.753706673268276,-49.52596418122094
*Oc1c(cc(cc1OC)C=Cc1c(cc(c(c1)CCCCCC)C=Cc1cc(c(c(c1)OC)OCCCCCCCC*)OC)CCCCCC)OC,tg,21.0,24.390832258731916,33.99694911178796,27.87352009825411
*OC(=O)CCCCCCCCC(=O)OCC*,tg,-37.16,-41.99538082064988,-51.538816974631665,-45.45534383683524
*OC(=O)C(NC(=O)C=CC(=O)NC(C(=O)OCCCCCC*)Cc1ccccc1)Cc1ccccc1,tg,92.0,81.73924661582564,73.80851547399746,78.86396815225189
*c1n(c(nn1)c1ccc(cc1)Oc1ccc(cc1)C(c1ccc(cc1)Oc1ccc(cc1)*)(C)C)c1ccccc1,tg,207.0,202.73483652634323,203.88347468907293,203.15127411736393
*N1C(=O)c2c(C1=O)cc(cc2)Oc1cc2c(cc1Oc1cc3c(C(=O)N(C3=O)c3ccc(cc3)Oc3ccc(cc3)*)cc1)cccc2,tg,228.75,230.8189157406848,226.14012072608992,229.1226233938181
*C(C*)c1c(c(c(c(c1F)F)F)F)F,tg,102.15,134.79735865705632,57.874336993741935,106.90899583322712
*O[Si](COC(=O)CCCCCCCCC(=O)Oc1ccc(cc1)S(=O)(=O)c1ccc(cc1)Oc1ccc(cc1)C=C1C(=O)C(=Cc2ccc(cc2)Oc2ccc(cc2)S(=O)(=O)c2ccc(cc2)OC(=O)CCCCCCCCC(=O)OC[Si](*)(C)C)CCC1)(C)C,tg,80.0,79.89253458017185,25.53023045594015,60.183536824055935
*C(C*)(C(=O)OCCCCn1c2ccc(cc2c2ccccc12)N=Nc1c(cc(cc1)[N+](=O)[O-])[N+](=O)[O-])C,tg,132.0,116.14622123583138,108.84135342524488,113.49784888283912
*Oc1ccc(cc1)N(c1cc2c(cc1)ccc(c2)N(c1ccc(cc1)*)c1ccc(cc1)OC)c1ccc(cc1)OC,tg,197.0,205.005651392232,193.3810360925359,200.7911590054883
*Oc1ccc(cc1)C(=O)c1cc(ccc1)NC(=O)CCCCCCCCC(=O)Nc1cc(ccc1)C(=O)c1ccc(cc1)*,tg,141.0,146.3672233874872,142.3792440602382,144.92138556147145
*C(C*)c1c(cccc1)C(=O)OCCN(C)C,tg,69.0,97.3226620018939,83.75271912370329,92.40289309133249
*N1C(=O)c2c(C1=O)cc(cc2)C(=O)Oc1c(cc(cc1)OC(=O)c1cc2c(C(=O)N(C2=O)CCOCCOCC*)cc1)c1ccccc1,tg,105.0,110.3810385266274,113.52742938545764,111.52175931423118
*Nc1ccc(cc1)NC(=O)CCCCCCCC(=O)*,tg,130.0,127.80023126617334,134.30071272665063,130.1569741706948
*O[Si](c1c2c(c(cc1)[Si](*)(C)C)cccc2)(C)C,tg,60.0,62.96665170516028,60.38134466834129,62.029351283325816
*c1nc2c(c(c1)c1ccccc1)cc(cc2)c1ccc(cc1)*,tg,383.0,348.7658813690789,388.8546317489026,363.30001681477006
*Oc1c(cc(cc1C)C(=O)c1ccc(cc1)*)C,tg,200.0,175.60872067055152,206.83054978321096,186.9281628803042
*Oc1c(cc(cc1)C1(C2C3C(C(C1)C2)C1CCC3C1)c1c(cc(cc1)OC(=O)*)C)C,tg,232.0,244.4579971262613,211.22303228301374,232.40869461650655
*SC(CC*)C,tg,-59.0,-49.708463519311586,-68.40501267919747,-56.48687829358621
*c1c(cc(c(c1)OC)C(=Cc1c(cc(c(c1)OC)C=C(*)C#N)OCCCCCCCC)C#N)OCCCCCCCC,tg,174.0,74.72196077162819,56.09573100411295,67.96904022113183
*OC(=O)c1ccc(cc1)[Si](c1ccc(cc1)C(=O)OCCCC*)(C)C,tg,42.0,44.59296629532523,42.19932665644609,43.725154692568125
*N(c1ccc(cc1)C(=O)*)CCCC,tg,124.0,83.78382000579906,89.7530666556204,85.94796427308722
*Oc1ccc(cc1)c1ccc(cc1)OCCCCCCOC(=O)Nc1c(ccc(c1)NC(=O)OCCCCCC*)C,tg,85.68,79.02067986274011,80.60625105145749,79.59552707541857
*c1cc2c(C(=O)N(C2=O)c2c3c(ccc2)c(ccc3)Oc2ccc(cc2)N2C(=O)c3c(C2=O)cc(cc3)C(=O)Nc2ccc(cc2)c2nc(cc(c2)c2ccccc2)c2ccc(cc2)NC(=O)*)cc1,tg,295.0,292.583987038202,301.1171405549097,295.6776731176046
*N1C(=O)c2c(C1=O)cc(cc2)Oc1ccc(cc1)C1(CCCCC1)c1ccc(cc1)Oc1cc2c(C(=O)N(C2=O)c2ccc(cc2)N(c2ccc(cc2)*)c2ccc(cc2)C#N)cc1,tg,243.0,254.14698923072464,246.46128306974106,251.36054432333393
*C(C(*)(Cl)[2H])([2H])[2H],tg,85.0,35.77641964658514,49.516751194061065,40.75796279491503
*C(C*)(C(=O)OCC1(COC1)CC)C,tg,72.5,80.64446639954626,81.02814337169394,80.78356809335695
*c1cc2c(C(=O)N(C2=O)c2cc(c(cc2)Oc2ccc(cc2)C(=O)c2cc(ccc2)N2C(=O)c3c(C2=O)cc(cc3)C(=O)*)C(F)(F)F)cc1,tg,242.0,252.7854862667458,227.32903258365585,243.55627502190737
*N(C(=O)CCCCCCCCC(=O)N(CC*)C)C,tg,0.0,12.994221777960249,2.013095184742923,9.013025563562227
*S(=O)(=O)c1ccc(cc1)Nc1c(c(c(c(c1F)F)c1c(c(c(c(c1F)F)Nc1ccc(cc1)*)F)F)F)F,tg,332.0,227.2439788873659,184.33731522924867,211.68821186491348
*Oc1ccc(cc1)CC(NC(=O)Cc1ccc(cc1)OC(=O)COCC(=O)*)C(=O)OCCCCCCCC,tg,51.0,46.28503975165495,42.6530291178873,44.96825801136062
*N1C(=O)c2c(C1=O)c(c(c(c2c1ccccc1)c1ccccc1)c1ccc(cc1)Oc1ccc(cc1)c1c(c2c(C(=O)N(C2=O)c2ccc(cc2)Oc2ccc(cc2)*)c(c1c1ccccc1)c1ccccc1)c1ccccc1)c1ccccc1,tg,360.0,335.949667302023,378.75041248698415,351.4670336903707
*C(C*)c1ccc(cc1)C[Si](C)(C)C,tg,82.0,63.46722921816157,48.56504208269007,58.06445651480022
*N1C(=O)c2c(C1=O)cc(cc2)Oc1ccc(cc1)Oc1cc2c(C(=O)N(C2=O)c2c(cc(c(c2)C)Cc2c(cc(c(c2)C)*)C)C)cc1,tg,278.0,277.2258646319223,272.1447652258049,275.3837172394035
*N1C(=O)c2c(C1=O)cc(cc2)NC(=O)OCCOc1c(cc(cc1Br)C(c1cc(c(c(c1)Br)OCCOC(=O)Nc1cc2c(C(=O)N(C2=O)c2cc(ccc2)P(=O)(c2cc(ccc2)*)c2ccccc2)cc1)Br)(C)C)Br,tg,201.0,190.38508603770455,200.12996283403416,193.9180811527309
*C(C*)(C(=O)OCCCN(c1ccc(cc1)N=Nc1ccc(cc1)[N+](=O)[O-])CCO)C,tg,131.0,102.66715250217236,122.07448394315458,109.70326066543949
*c1[nH]c(nc1c1ccc(cc1)NC1C(=O)N(C(=O)C1)c1ccc(cc1)c1sc(c(c1c1ccccc1)c1ccccc1)c1ccc(cc1)N1C(=O)C(CC1=O)Nc1ccc(cc1)*)c1ccc(cc1)c1[nH]c(c(n1)c1ccc(cc1)[N+](=O)[O-])c1ccc(cc1)[N+](=O)[O-],tg,152.0,257.3532561769733,272.01237593683135,262.6679050519259
*NC(C(=O)*)CCC(=O)OC,tg,0.0,21.1286943422919,12.15514759581907,17.87534414789129
*c1cc2c(cc1OC(=O)COc1ccc3c(c1)oc(=O)cc3)oc(=O)c(c2)C(=O)Nc1ccc(cc1)Cc1ccc(cc1)NC(=O)c1c(=O)oc2c(cc(c(c2)OC(=O)COc2ccc3c(c2)oc(=O)cc3)C*)c1,tg,221.0,210.91096821095363,237.33688413890084,220.4916570010571
*OC(CC(=O)*)(C)C(F)(F)F,tg,26.2,47.99052480419454,49.606084540538255,48.57624433414134
*Oc1cc(ccc1)OC(=O)c1ccc(cc1)[Si](c1ccc(cc1)C(=O)*)(C)C,tg,134.0,158.31817035623382,129.43189226139424,147.8454797790888
*O[Si](CCCN=C1c2c(ccc(c2C(=NCCC[Si](*)(C)C)c2ccccc12)O)O)(C)C,tg,7.5,53.76518608053633,56.13243336002341,54.62342916039111
*Oc1c(cc(cc1)Oc1ccc(cc1)NC(=O)c1ccc(cc1)Oc1c(cc(cc1)Oc1ccc(cc1)C(=O)Nc1ccc(cc1)*)c1ccccc1)c1ccccc1,tg,200.5,210.68752074541604,215.96247127586585,212.5999486647823
*Oc1c(cc(cc1C)c1cc(c(c(c1)C)OC(=O)CCCCC(=O)*)C)C,tg,108.0,117.7059882084197,130.27507719620942,122.26289856473309
*c1cc2c(C(=O)N(C2=O)c2cc(ccc2)C(=O)c2ccc(cc2)N2C(=O)c3c(C2=O)cc(cc3)C(=O)*)cc1,tg,271.5,287.95267892590005,281.1328873606134,285.4801704694842
*N1C(=O)c2c(C1=O)cc(cc2)Oc1ccc(cc1)C(c1ccc(cc1)Oc1cc2c(C(=O)N(C2=O)c2ccc(cc2)Oc2cc(ccc2)Oc2ccc(cc2)*)cc1)(C)C,tg,246.0,191.7763466800159,187.42191527590398,190.1976520283566
*N1C(=O)c2c(C1=O)cc(cc2)C(c1cc2c(C(=O)N(C2=O)CC(=O)Nc2ccc(cc2)Oc2cc(ccc2)Oc2ccc(cc2)NC(=O)C*)cc1)(C(F)(F)F)C(F)(F)F,tg,221.0,226.8495967458065,219.80726428208087,224.29640631428612
*C(C*)(C(=O)OCCCCl)C,tg,50.0,37.958691004111415,36.82499805454873,37.547671784837824
*Sc1ccc(cc1)Nc1ccc(cc1)Nc1ccc(cc1)*,tg,114.0,139.2331411239536,133.39481563224854,137.11646218862867
*C(C*)c1c(ccc(c1)C)C,tg,143.0,94.68826888719002,77.68702642398404,88.52448582176343
*NC(=O)CCCCCCCCCCCC(=O)NCCCCCCCCCCCCC*,tg,56.5,43.48277910003015,47.646580989170886,44.992361216020825
*c1c(c(nc2c1cccc2)c1ccc(cc1)c1nc2c(c(c1c1ccccc1)c1ccc(cc1)Oc1ccc(cc1)*)cccc2)c1ccccc1,tg,273.0,330.8054258118573,302.2643573616141,320.45789063826527
*C1C(=O)N(C(=O)C1*)c1cc(c(c(c1)Br)O[Si](C)(C)C)Br,tg,167.0,162.8058601750248,183.3504060159953,170.25426425581546
*N1C(=O)c2c(C1=O)c(ccc2)Oc1cc2c(C(=O)N(C2=O)c2ccc(cc2)Oc2ccc(cc2)Oc2ccc(cc2)*)cc1,tg,249.0,238.864021415446,238.34079587097912,238.67432652947736
*N1C(=O)c2c(C1=O)c(ccc2)Oc1ccc(cc1)c1ccc(cc1)Oc1c2c(C(=O)N(C2=O)c2ccc(cc2)Oc2ccc(cc2)*)ccc1,tg,277.0,251.0195728663232,265.6396583621086,256.3200699087622
*OC(=O)Nc1c(ccc(c1)NC(=O)OCCCCCOC(=O)c1c(cccc1)C(=O)O[Pb]OC(=O)c1c(cccc1)C(=O)OCCCCC*)C,tg,-11.3,1.1839291359574904,3.3931725880920087,1.9848880898187642
*Oc1cc(cc(c1)CC)OC(=O)c1cc(ccc1)C(=O)*,tg,138.0,127.43833714945252,126.16356880260241,126.97617118919042
*OC(C*)COC(C)C,tg,-67.0,-53.1067350198833,-68.57342246911399,-58.714166734602635
*S(=O)(=O)c1ccc(cc1)NC(=O)CCCCCCCCC(=O)Nc1ccc(cc1)*,tg,97.0,165.2376770118075,170.94232176642876,167.3058901326372
*C(=C(*)c1ccccc1)c1ccc(cc1)Oc1ccccc1,tg,200.0,172.78402981636654,132.70417424522012,158.25311917446336
*OC(=O)CCC(=O)OCCCCCCCCC*,tg,31.0,-49.88304583864167,-32.28891615456932,-43.504312117720765
*C(C*)(C(=O)OCCCCCCCOc1cc2c(cc1)cc(cc2)C(=O)Oc1ccccc1)C,tg,40.0,37.42757195273313,36.12541151311634,36.95547501725628
*O[Si](C#C[Si](C#C[Si](C#C[Si](C#C[Si](C#C[Si](C#C[Si](*)(C)C)(C)C)(C)C)(C)C)(C)C)(C)C)(C)C,tg,-12.6,28.348108834306363,6.8014816268295,20.536401179061176
*N1C(=O)c2c(C1=O)cc(cc2)Oc1cc2c(C(=O)N(C2=O)c2ccc(cc2)Oc2ccc(cc2)Oc2ccc(cc2)*)cc1,tg,235.78,237.89909626240672,233.9228577671798,236.45751506303154
*NC(C(=O)*)CCC(=O)Nc1ccc(cc1)N(c1ccccc1)c1ccccc1,tg,132.0,172.37235828402834,154.11711539040365,165.75393864519953
*OC(=O)Nc1c(ccc(c1)NC(=O)OCC(C*)(CC)CC)C,tg,-60.0,60.748922341802114,70.50968571261849,64.28767711815915
*C(C*)(CC(=O)OCCCCl)C(=O)OCCCCl,tg,47.0,18.848625314889738,37.55524786315475,25.630692185817708
*N1C(=O)c2c(C1=O)c(c(c(c2c1ccccc1)c1ccccc1)c1ccc(cc1)c1c(c2c(C(=O)N(C2=O)c2ccc(cc2)*)c(c1c1ccccc1)c1ccccc1)c1ccccc1)c1ccccc1,tg,418.5,315.78162595622626,392.1248566159275,343.45978614473097
*N(CC*)C(=O)c1c(ccc(c1F)F)F,tg,124.0,104.8629272906265,98.49029189682643,102.55253484681238
*Oc1ccc(cc1)C(=O)OCCCCCCCOC(=O)c1ccc(cc1)OC(=O)c1ccc(cc1)C(=O)*,tg,65.0,54.491669668714046,59.78017447750424,56.40901167782867
*c1cc2c(C(=O)N(C2=O)c2cc(ccc2)C(=O)OCCOC(=O)*)cc1,tg,220.0,172.15079456011486,157.7106458513323,166.91553341575664
*c1n(cnc1C(=O)NCCCCCCNC(=O)*)C,tg,86.0,136.6071798213118,136.2344267741848,136.47203858534394
*N1C(=O)c2c(C1=O)cc(cc2)Oc1cc2c(cc1Oc1cc3c(C(=O)N(C3=O)c3cc(ccc3)*)cc1)cccc2,tg,228.75,232.83484476610556,246.48581695162454,237.7839907691586
*C(C*)OC(=O)c1ccc(cc1)OCC,tg,70.0,61.016599531119006,71.55995092830382,64.83908079597092
*C(C*)(C(=O)OCC1OC(C(C1O)O)n1c(=O)[nH]c(=O)cc1)C,tg,151.0,176.92312921489247,175.22573957154063,176.30774233585907
*Oc1c(cc(cc1)C(c1cc(c(cc1)OC(=O)c1cc(ccc1)C(=O)*)C)(C)C)C,tg,162.0,157.98406625671635,164.19940016549518,160.23742920803082
*c1[nH]c(nc1c1ccc(cc1)Oc1ccc(cc1)C(=O)c1ccc(cc1)c1ccc(cc1)C(=O)c1ccc(cc1)Oc1ccc(cc1)*)c1ccccc1,tg,258.0,243.039616123647,248.99477308116306,245.19865218740145
*C(C*)(c1ccc(cc1)C#N)C,tg,238.75,173.1127324436156,159.0558298963606,168.0164168031184
*Oc1ccc(cc1)NC(=O)c1ccc(cc1)C(=O)Nc1ccc(cc1)Oc1ccc(cc1)C1(C2CC3CC(CC1C3)C2)c1ccc(cc1)*,tg,264.0,273.40535351261514,266.22275268709,270.80130892999694
*OC(=O)NCCCCCCNC(=O)OCC(C(C(C(C*)(F)F)(F)F)(F)F)(F)F,tg,-2.0,14.37779639679654,11.363126159951864,13.284830785964076
*C1C(=O)N(C(=O)C1C(C*)c1ccccc1)c1ccc(cc1)Oc1ccccc1,tg,194.0,204.39358524178715,217.63898382042564,209.19569094850397
*c1nc(nc(c1c1ccc(cc1)OC)OCCOC(=O)c1cc(ccc1)C(=O)OCCO*)c1ccc(cc1)OCCCC,tg,92.0,79.0019681626646,94.812027346484,84.73388894854355
*C1C2C(C(C(C1*)C2)COCCCc1ccccc1)COCCCc1ccccc1,tg,134.0,130.2133872476185,93.36162573652602,116.85281880535318
*Oc1ccc(cc1)S(=O)(=O)c1ccc(cc1)Oc1ccc(cc1)P(=O)(c1ccc(cc1)*)c1ccccc1,tg,231.0,224.1663032087829,239.86074749078344,229.8563079302634
*N1C(=O)c2c(C1=O)cc(cc2)C(=O)c1cc2c(C(=O)N(C2=O)CCCCCCOC(=O)OCCCCCCOC(=O)OCCCCCC*)cc1,tg,55.0,58.08753071730008,67.01539312933562,61.32431810297838
*N=P(*)(Oc1ccccc1)Oc1ccccc1,tg,-4.9,-10.656166610274385,-4.602114470575146,-8.461276199373733
*C(C(*)C(=O)OC12CC3(CC(CC(C1)C3)(C2)C)C)C,tg,194.5,158.1849823881751,134.32557218721726,149.53477762425823
*Oc1ccc(cc1)C=NN=Cc1ccc(cc1)Oc1ccc(cc1)C(=O)c1ccc(cc1)*,tg,179.0,173.6148714215062,166.64245798272609,171.0870300609636
*N1C(=O)c2c(C1=O)cc(cc2)S(=O)(=O)c1cc2c(C(=O)N(C2=O)c2ccc(cc2)Oc2c(cc(c(c2)C(C)(C)C)Oc2ccc(cc2)*)C(C)(C)C)cc1,tg,263.0,278.42419397900477,291.0268410686476,282.99327079082036
*Oc1ccc(cc1)C(c1ccc(cc1)OCC(C*)OC(=O)c1c(cccc1)Cl)(C)C,tg,66.0,83.69139645057345,79.16261340087507,82.04949078814118
*C(C*)c1ccc(cc1)C(O)(C)C,tg,165.0,152.6412610505345,110.14640168484597,137.2347932530908
*c1c2c(c(s1)c1sc(c(c1)CCCCCC)c1cc3n(c4c(c3cc1)ccc(c4)c1sc(cc1CCCCCC)*)CCCCCCCCCCCC)nc(c(n2)CC)CC,tg,89.0,96.99084763680467,97.49161702105714,97.17240106485676
*c1cc2c(oc(n2)c2ccc(cc2)c2oc3c(n2)cc(cc3)C(*)(c2ccccc2)C(F)(F)F)cc1,tg,369.0,304.7940688949638,300.6441262295899,303.289511426374
*O[Si](*)(CCC)c1ccccc1,tg,40.6,-21.553487186227127,16.756364658611098,-7.6642895848603505
*C=CC(C(*)C(=O)OCC)C(=O)OCC,tg,6.0,68.03182161513364,25.184846961599476,52.4976947802403
*c1ccc(cc1)C(=C(*)c1ccc(cc1)Oc1ccccc1)c1ccc(cc1)Oc1ccccc1,tg,163.0,181.45814576887776,195.70758071487137,186.6242638336072
*c1cc2c(C(=O)N(C2=O)c2ccc(cc2)Oc2ccc(cc2)N2C(=O)c3c(C2=O)cc(cc3)C(=O)N2C(=O)N(C(=O)C2(C)C)C(=O)*)cc1,tg,156.0,276.6871899415872,263.0704114461556,271.75044082590057
*C(C*)(C(=O)OC1CCCCCCCCC1)C,tg,58.0,68.42881418820578,66.12031029468193,67.5918684628467
*C(C*)(C(=O)OCC1OC(OC1)CP(=O)(OCC)OCC)C,tg,-38.0,49.4932762260031,61.232612773364245,53.74936068374591
*c1[nH]nc(c1)c1ccc(cc1)Oc1ccc(cc1)C(=O)c1ccc(cc1)C(=O)c1ccc(cc1)Oc1ccc(cc1)*,tg,235.0,214.94513986046832,227.02784176220672,219.32571107623164
*C1C2C(C(=O)N(C2=O)CCCCCCCCCCCC)C(C1)C=C*,tg,50.0,48.885386880295016,60.4427361909842,53.07549205152686
*OCCSSSSCC*,tg,-40.0,-55.068155834086646,-51.391532763393876,-53.73519990041665
*O[Si](*)(CCCOc1ccc(cc1)N=Nc1ccc(cc1)S(=O)(=O)O)C,tg,9.2,50.080559402096384,48.43203148937313,49.48288729352448
*C(*)(Cl)F,tg,77.0,31.44520424666585,60.126422409535806,41.8435505552195
*N1C(=O)C(CC1=O)CC*,tg,121.0,99.87241627737296,138.79892042268997,113.9851805395396
*N1C(=O)c2c(C1=O)cc(cc2)Oc1ccc(cc1)*,tg,282.29,247.3557863921112,223.91292841595535,238.85660221122862
*C(C*)(C(=O)C)F,tg,142.0,71.62547212841768,100.40231335967141,82.05848648260645
*S(=O)(=O)NCCCNS(=O)(=O)c1cc(ccc1)*,tg,92.0,92.17114711210472,98.87593007048397,94.6019593157221
*Oc1ccc(cc1)S(=O)(=O)c1ccc(cc1)Oc1ccc(cc1)C1(CCCC1)c1ccc(cc1)*,tg,230.0,215.06784800185912,210.02016626496282,213.23781615113535
*Oc1ccc(cc1)CC(NC(=O)CCc1ccc(cc1)OC(=O)CCCCCCC(=O)*)C(=O)OC(CC)C,tg,46.0,41.15038157001836,26.249213292389655,35.74797825252578
*N1C(=O)c2c(C1=O)c(ccc2)Oc1ccc(cc1)Sc1ccc(cc1)Oc1c2c(C(=O)N(C2=O)c2cc(ccc2)*)ccc1,tg,231.0,235.03009866169316,231.76762777151168,233.84729317745473
*c1sc(cc1CC(=O)OCCN(c1ccc(cc1)N=Nc1ccc(cc1)[N+](=O)[O-])CC)*,tg,102.0,98.89601158529857,101.91817463620875,99.99169370820651
*c1cc2c(C(=O)N(C2=O)c2cc(ccc2)P(=O)(c2cc(ccc2)N2C(=O)c3c(C2=O)cc(cc3)C(*)(C(F)(F)F)C(F)(F)F)c2cc(cc(c2)C(F)(F)F)C(F)(F)F)cc1,tg,247.0,264.22582114781716,246.38524449928804,257.7577383320091
*C(C*)N1C(=S)CCC1,tg,80.0,97.21898138651808,108.83479471767171,101.43028262856977
*C(C*)OCCOc1ccc(cc1)C=C(C#N)C#N,tg,38.0,52.529204467781945,82.05998308136496,63.23555804877431
*Oc1ccc(cc1)C1(c2ccccc2c2ccccc12)c1ccc(cc1)Oc1ccc(cc1)C(=O)c1ccc(cc1)Oc1ccc(cc1)C(=O)c1ccc(cc1)*,tg,231.0,212.025926960028,237.38701908379585,221.22056496907422
*N(CC*)C(=O)CC(C)C,tg,30.0,43.54966551601373,24.472370530425756,36.63321173207419
*C(C*)(C(=O)OCC1COCCOCCOCCOCCOC1)C,tg,25.0,39.7221028341033,43.79787448683594,41.19976967792537
*NC(=O)CCC(c1ccc(cc1)C(CCC(=O)NCCCCCC*)(C)C)(C)C,tg,92.0,86.32930306680065,59.07544242850784,76.44844376881923
*OC(=O)Nc1c(ccc(c1)NC(=O)OCCCCCOC(=O)c1c(cccc1)C(=O)O[Cd]OC(=O)c1c(cccc1)C(=O)OCCCCC*)C,tg,2.3,16.430178665949082,10.940161889309525,14.439778699005869
*OC(=O)CCCCCC(=O)OCCOCCOCC*,tg,-54.0,-58.928820946337034,-70.20919718284597,-63.01850981282492
*c1cc2c(C(=O)N(C2=O)c2ccc(cc2)Oc2ccc(cc2)C2(c3c(C(=O)N2)cccc3)c2ccc(cc2)Oc2ccc(cc2)N2C(=O)c3c(C2=O)cc(cc3)C(=O)Nc2ccc(cc2)Oc2ccc(cc2)NC(=O)*)cc1,tg,325.0,308.1006922479649,304.36418692710527,306.7460260657471
*Oc1ccc(cc1)C(c1ccc(cc1)OC(=O)*)C(Cl)(Cl)Cl,tg,230.0,156.81821163477028,166.9130093802997,160.4780702320147
*c1ncc(cc1)c1ccc(cc1)Oc1ccc(cc1)P(=O)(c1ccc(cc1)Oc1ccc(cc1)*)c1ccccc1,tg,257.0,225.1133982823294,215.88692155884308,221.76834858347033
*c1c([nH]c(n1)c1ccc(cc1)c1[nH]c(c(n1)c1ccc(cc1)Oc1ccc(cc1)S(=O)(=O)c1ccc(cc1)Oc1ccc(cc1)*)c1ccccc1)c1ccccc1,tg,301.0,269.8950327508541,288.1636100307795,276.5182867577973
*O[Si](c1c2c(ccc1)c(ccc2)[Si](*)(C)C)(C)C,tg,62.0,52.423976330444056,32.99485083287494,45.37996675425327
*C(C*)(C(=O)OCCCCCc1ccc(cc1)N=Nc1ccc(cc1)OC(F)(F)F)C,tg,202.5,142.25507633690472,152.82753643689563,146.08811093218534
*c1cc2c(C(=O)N(C2=O)c2cc(ccc2)P(=O)(c2cc(ccc2)N2C(=O)c3c(C2=O)cc(cc3)C(=O)Nc2ccc(cc2)c2ccc(cc2)NC(=O)*)c2ccccc2)cc1,tg,253.0,221.59592872094456,236.44812509786374,226.9805773259255
*Oc1ccc(cc1)C=C1C(=O)C(=Cc2ccc(cc2)OCCCCCCCC*)CCC1,tg,90.0,56.07013630515348,53.18710431658049,55.02489600658661
*NC(=O)CCCCC(=O)NCCCCCCCCCC*,tg,45.0,47.0944120910034,49.03249013170237,47.79706030230847
*N(c1ccc(cc1)C(=O)*)CCCCCCC,tg,45.9,55.84456897415644,55.34792942952662,55.66451281523538
*N(Cc1c(c(cc(c1)C12CC3CC(CC(C1)C3)C2)C*)O)c1ccccc1,tg,109.4,205.4129219917618,195.01666569157706,201.64376990387206
*OC(=O)c1ccc(cc1)c1ccc(cc1)c1ccc(cc1)C(=O)OCC(C*)(CC)CC,tg,-20.0,73.24250985225041,86.1558388797016,77.9242240828394
*N1C(=O)c2c(C1=O)cc(cc2)S(=O)(=O)c1cc2c(C(=O)N(C2=O)c2ccc(cc2)Oc2c3c(ccc2)c(ccc3)Oc2ccc(cc2)*)cc1,tg,306.0,280.0509163917932,282.16584180409717,280.81768043678653
*OC(C(C(C(*)(F)F)(F)F)(F)F)(F)F,tg,-60.0,-66.10116548778116,-85.63665193974751,-73.18373611919809
*OC(=O)c1c2c(c(cc1)C(=O)OCC*)cccc2,tg,64.0,107.11151313777872,77.498400034936,96.37530927192056
*NC(=O)CCCCC(=O)NCc1cc(ccc1)C*,tg,81.05,110.27907198894418,116.60980803042834,112.57427386543266
*N1C(=O)c2c(C1=O)c(c(c(c2c1ccccc1)c1ccccc1)c1ccc(cc1)c1c(c2c(C(=O)N(C2=O)c2cc(ccc2)Oc2cc(ccc2)Oc2cc(ccc2)*)c(c1c1ccccc1)c1ccccc1)c1ccccc1)c1ccccc1,tg,280.0,338.79443836559904,278.6210147052058,316.9786251655131
*N1C(=O)c2c(C1=O)c(ccc2)c1cc2c(C(=O)N(C2=O)c2cc(ccc2)C(=O)Nc2ccc(cc2)Oc2ccc(cc2)Oc2ccc(cc2)Oc2ccc(cc2)NC(=O)c2cc(ccc2)*)cc1,tg,260.0,259.2727726107432,271.534559825614,263.7182710236064
*OC(=O)c1cc(ccc1)C(=O)OCCCC*,tg,19.1,24.37412522499135,24.509490129877967,24.423201632800893
*N1C(=O)c2c(C1=O)cc(cc2)NC(=O)OCCOc1ccc(cc1)P(=O)(c1ccc(cc1)OCCOC(=O)Nc1cc2c(C(=O)N(C2=O)c2cc(ccc2)P(=O)(c2cc(ccc2)*)c2ccccc2)cc1)c1ccccc1,tg,218.0,206.784886865306,212.6415122051086,208.90820039184084
*c1cc2c(C(=O)N(C2=O)c2ccc(cc2)S(=O)(=O)c2ccc(cc2)N2C(=O)c3c(C2=O)cc(cc3)C(=O)Nc2ccc(cc2)c2ccc(cc2)NC(=O)*)cc1,tg,370.0,282.86017914526036,271.7058273715832,278.81618031886893
*N=P(*)(Oc1cc(ccc1)Cl)Oc1cc(ccc1)Cl,tg,-24.0,-8.50504431571302,-21.727026167021343,-13.298660311887911
*N1C(=O)c2c(C1=O)cc(cc2)Oc1ccc(cc1)C(c1ccc(cc1)Oc1cc2c(C(=O)N(C2=O)c2ccc(cc2)Oc2ccc(cc2)*)cc1)(C(F)(F)F)C(F)(F)F,tg,257.0,234.07836267257403,241.98364121602947,236.94441332264182
*OC(=O)CCCCC(=O)OCC(C*)(C)C,tg,-50.0,-44.159560667309215,-31.134118373195033,-39.43719988656588
*OCC(C*)(COCCOCCOCCOC)C,tg,-18.0,-62.70432759445631,-77.98763023557457,-68.24527333456842
*Oc1ccc(cc1)SSc1ccc(cc1)*,tg,74.9,132.5744285961613,125.39638223629127,129.9720352304078
*C(C*)c1c(ccc(c1)Br)OCCCCC,tg,49.0,25.19135949380863,40.780976262714944,30.843359107638914
*c1c2C(=O)N(C(=O)c2c(c2ccccc12)c1ccc(cc1)Oc1ccc(cc1)C(=O)c1ccc(cc1)Oc1ccc(cc1)*)C,tg,283.0,271.46685759968,267.2430089970689,269.93550560913906
*c1c(cc(c(c1)c1ccc(cc1)N(c1ccc(cc1)OC)c1ccc(cc1)OC)C=C*)OCC(CCCC)CC,tg,163.0,123.3925285171747,133.96017664075296,127.22381853532882
*Oc1ccc(cc1)C(c1ccc(cc1)OC(=O)*)C1C2CCC(C1C)C2,tg,218.67,219.43411200876048,180.66627520309567,205.37887242829294
*N1C(=O)c2c(C1=O)cc(cc2)Oc1ccc(cc1)Sc1ccc(cc1)Oc1cc2c(C(=O)N(C2=O)c2ccc(cc2)Oc2ccc(cc2)c2ccc(cc2)Oc2ccc(cc2)*)cc1,tg,195.5,211.7202424182128,217.91750962486535,213.9670553051508
*C(C*)P(=O)(OCC)N(C)C,tg,32.0,20.978034653270964,2.1070940464011616,14.136394438267471
*c1nc(nc(c1c1ccc(cc1)OC)OCCOC(=O)c1c(ccc(c1)N=Nc1ccc(cc1)OCC)c1c(cc(cc1)N=Nc1ccc(cc1)OCC)C(=O)OCCO*)c1ccc(cc1)OCCCC,tg,126.0,108.01313913909604,123.09578356266056,113.48133644767599
*Oc1ccc(cc1)C(c1ccc(cc1)OC(=O)c1ccc(cc1)Oc1ccc(cc1)C(=O)*)(C(F)(F)F)C(F)(F)F,tg,181.0,190.90020131559928,203.3430042758662,195.41132680180513
*Oc1ccc(cc1)C1(c2ccccc2c2ccccc12)c1ccc(cc1)OC(=O)C12CC3(CC(CC(C1)C3)C2)C(=O)*,tg,335.0,257.68904254530054,226.32235129823007,246.31708071688846
*C(C*)c1ccc(cc1)[Si](O[Si](C)(C)C)(O[Si](C)(C)C)O[Si](C)(C)C,tg,114.0,33.59943799324922,66.37469094843244,45.48207242819956
*Oc1ccc(cc1)C1(CCC(CC1)C(c1ccc(cc1)Oc1ccc(cc1)C(=O)c1ccc(cc1)*)(C)C)C,tg,200.0,191.07275226674597,219.3523374598847,201.32548695293121
*c1oc(nc1c1ccc(cc1)OCOc1ccc(cc1)*)c1ccc(cc1)[N+](=O)[O-],tg,194.0,195.76013437950712,202.10241497657015,198.05952172281246
*SSCCCCC*,tg,-72.0,-70.97748194742424,-73.48227926520828,-71.88559365297142
*O[Si](*)(C)C,tg,-116.0,-77.528667908965,-52.463251208641104,-68.44122672225876
*OC(=O)CCCCCCCCC(=O)OC/C=C/C*,tg,-40.0,-43.49545354725361,-41.043678197725505,-42.60656490206445
*NC(=O)Cc1ccc(cc1)CC(=O)NCCCCCCCCCCCCCCCCCC*,tg,78.0,87.1488512882667,96.09573531418019,90.39253494060031
*Oc1ccc(cc1)C1(c2ccccc2c2ccccc12)c1ccc(cc1)Oc1c(cc(cc1)c1ccc(cc1)c1cc(c(cc1)*)C(F)(F)F)C(F)(F)F,tg,237.0,249.49236402763867,245.86351865473713,248.1767298494338
*c1ccc(cc1)c1c(cc(c(c1c1ccccc1)c1ccccc1)c1cc(ccc1)c1c(c(c(c(c1)c1ccccc1)c1ccc(cc1)CCCCCC*)c1ccccc1)c1ccccc1)c1ccccc1,tg,215.0,188.93228169754735,172.88623646303665,183.11480441036707
*Oc1ccc(cc1)NC(=O)CCCCCCCC(=O)Nc1ccc(cc1)*,tg,160.0,145.82297222237125,173.52547944334376,155.866487880008
*NC(=O)CCCCCCC(=O)NCCCCCC*,tg,52.67,48.97712498866975,47.755888991922376,48.53436712718218
*C1C(=O)N(C(=O)C1*)c1c(cccc1)C(=O)OCC,tg,230.0,215.1729063330406,207.2463965734198,212.29915832726834
*Oc1ccc(cc1)OC(=O)c1c(cc(cc1)C(=O)*)Oc1ccccc1,tg,105.0,101.58392020173778,97.21734238062251,100.00082187901778
*c1nc2c(nc1c1ccc(cc1)OC(=O)c1ccc(cc1)C(=O)Oc1ccc(cc1)*)cccc2,tg,232.0,259.9126898203162,231.9308640792036,249.76790751890178
*C(C*)c1ccc(cc1)C(C)C,tg,62.4,86.60206893020529,93.99939636536621,89.28396242551531
*OC(C(OC(=O)Nc1ccc(cc1)Cc1ccc(cc1)NC(=O)*)c1occc1)c1occc1,tg,74.0,103.6976654744476,93.26008486849442,99.91353130176978
*Oc1c(cc(cc1OC)/C=C/c1ccc(cc1)/C=C/c1cc(c(c(c1)OC)OCCCCCCCC*)OC)OC,tg,80.9,71.93501896915488,77.4187253179079,73.92313109692242
*c1sc(cc1)Oc1ccc(cc1)C(c1ccc(cc1)Oc1ccc(cc1)C(=O)*)(C)C,tg,151.0,146.84433548517111,169.37173348830447,155.01162058920664
*Oc1ccc(cc1)S(=O)(=O)c1ccc(cc1)c1ccc(cc1)c1ccc(cc1)S(=O)(=O)c1ccc(cc1)Oc1ccc(cc1)c1ccc(cc1)*,tg,264.0,273.3435781814539,262.88077751838836,269.55030050286615
*c1sc(cc1SCCCCCCCCCCCC)*,tg,33.0,16.817619872694824,8.253613592545245,13.712748155463943
*c1ccc(cc1)C(C(*)(C(=O)O)C#N)(C(=O)O)C#N,tg,108.0,177.87735162667903,177.31469334449324,177.6733604419839
*C(C*)c1ccc(cc1)C(=O)OC(C)C,tg,95.0,93.51113683473254,128.2523244041065,106.10651885321448
*C1C(=O)N(C(=O)C1C(C*)CCCCCCCCCCCCCCCC)CCCCNC(=O)C(C(C(C(C(C(C(F)(F)F)(F)F)(F)F)(F)F)(F)F)(F)F)(F)F,tg,63.0,86.54833097153829,83.8310436542117,85.56318123400096
*c1cc2c(C(=O)N(C2=O)c2cc(c(cc2)Oc2c(cc(cc2)N2C(=O)c3c(C2=O)cc(cc3)C(=O)*)c2cc(c(c(c2)F)F)F)c2cc(c(c(c2)F)F)F)cc1,tg,342.0,286.4087210141586,303.44536080326986,292.58533734388624
*Oc1ccc(cc1)OC(=O)c1c(cc(cc1)C(=O)*)Oc1ccc(cc1)Br,tg,112.5,111.746051076298,120.5290315722553,114.93031167149366
*Sc1ccc(cc1)*,tg,93.49,114.31087415579027,134.6399849581189,121.68117248367761
*c1c2c(c(nn1)c1ccc(cc1)Oc1ccc(cc1)C(=O)c1ccc(cc1)Oc1ccc(cc1)*)c(c(c(c2c1ccccc1)c1cc2c(cc1)cccc2)c1cc2c(cc1)cccc2)c1ccccc1,tg,305.67,286.30045419231004,287.86545896613706,286.86784507230624
*C1(c2c(C(=O)O1)cccc2)c1ccc(cc1)Oc1ccc(cc1)S(=O)(=O)c1ccc(cc1)Oc1ccc(cc1)*,tg,247.14,246.49817561475783,249.36590007988994,247.53786618635843
*C1COC2C1OCC2OC(=O)C1CCC(CC1)C(=O)O*,tg,121.86,144.93035912552924,94.26745796325686,126.56257612936176
*C(C*)(C(=O)OCc1cc(cc(c1)Cl)Cl)C,tg,29.95,53.52243229556033,60.964500319520944,56.22054644557706
*Oc1ccc(cc1)S(=O)(=O)c1ccc(cc1)Oc1c(cc(cc1)C(c1cc(c(cc1)*)C(OC)(C(F)(F)F)C(F)(F)F)(C)C)C(OC)(C(F)(F)F)C(F)(F)F,tg,163.0,167.16164147119372,171.48331756199946,168.72846071751746
*N1C(=O)c2c(C1=O)cc(cc2)Oc1cc2c(C(=O)N(C2=O)c2cc(ccc2)C(C(C(c2cc(ccc2)*)(F)F)(F)F)(F)F)cc1,tg,183.0,208.4632252436178,185.84737701417757,200.2638726005055
*c1oc(nn1)c1ncc(cc1)c1oc(nn1)c1ccc(cc1)[Si](c1ccc(cc1)*)(c1ccccc1)c1ccccc1,tg,256.0,255.74191718919076,243.3014886331507,251.23165254080877
*c1cc2c(C(=O)N(C2=O)c2cc(cc(c2)c2sc3c(n2)cccc3)N2C(=O)c3c(C2=O)cc(cc3)C(=O)Nc2ccc(cc2)S(=O)(=O)c2ccc(cc2)NC(=O)*)cc1,tg,357.0,298.93679429838124,340.1989524117355,313.8963475176515
*Nc1cc(ccc1)NC(=O)CCCCC(=O)Nc1cc(ccc1)NC(=S)NC(=O)CCCCCCCCC(=O)NC(=S)*,tg,232.0,185.8723277768329,203.8133695945687,192.37683413697673
*Oc1ccc(cc1)Oc1ccc(cc1)OCC(COc1ccc(cc1)C(c1ccc(cc1)OCC(C*)O)(C)C)O,tg,85.0,104.87494142643524,82.34998884068062,96.70854290596913
*N(CC*)C(=O)c1cc(c(c(c1)F)F)F,tg,65.0,125.32645357246498,102.74454157719647,117.13940447634018
*OCCC(=O)NCc1c(cc(c(c1)C)CNC(=O)CC*)C,tg,80.0,120.09713492378894,124.66265546869381,121.75235972753164
*N1C(=O)c2c(C1=O)cc(cc2)C(=O)c1cc2c(C(=O)N(C2=O)CCCCCCCCCCCC*)cc1,tg,87.5,87.40048480984763,112.3671835242034,96.45213589171419
*c1cc2c(C(=O)N(C2=O)c2cc(cc(c2)OCCCCCCCCCCCCCCCC)N2C(=O)c3c(C2=O)cc(cc3)C(*)(C(F)(F)F)C(F)(F)F)cc1,tg,161.0,174.9161774522479,173.8572960178521,174.5322810712776
*S(=O)(=O)CC=CC*,tg,86.0,41.0421646825169,36.29789942707531,39.32213616679699
*c1ccc2N(c3c(Sc2c1)cc(cc3)c1sc(cc1)c1sc(cc1)*)CCCCCCCCCC,tg,142.0,134.11811024843118,63.937705855277336,108.67427641925708
*C(=C*)c1c(cccc1)C(F)(F)F,tg,130.0,144.3937117322083,148.6341230716852,145.93106852605888
*Oc1cc(ccc1)NC(=O)c1ccc(cc1)C(=O)Nc1cc(ccc1)OCCCCCCCC*,tg,122.0,122.182330794106,130.48270936090668,125.19162455351211
*Oc1ccc(cc1)C1(c2cc(ccc2c2ccc(cc12)[N+](=O)[O-])N(C)C)c1ccc(cc1)OC(=O)*,tg,278.0,248.71485479788075,202.04306490432555,231.79404510990483
*C1C(=O)N(C(=O)C1*)c1ccc(cc1)O[Si](c1ccccc1)(c1ccccc1)c1ccccc1,tg,183.0,180.1377031264744,185.82003010765132,182.19782496136943
*c1sc(cc1CCOC(=O)C(Br)C)*,tg,49.0,40.4774620629611,71.51197942035536,51.72899458743298
*N1C(=O)c2c(C1=O)cc(cc2)Oc1cc2c(C(=O)N(C2=O)c2cc(ccc2)S(=O)(=O)c2cc(ccc2)*)cc1,tg,249.92,244.20997550050387,223.6292925231274,236.74846993787193
*C(*)C(=O)OC(C)C,tg,70.0,66.3137965524721,82.82709256585497,72.30067513160814
*NC(=O)CCCC(=O)NCC(CCC*)(C)C,tg,82.0,71.06374690857737,83.80818051250549,75.68422827612164
*O[Si](O[Si](O[Si](O[Si](c1cc(ccc1)[Si](*)(c1ccccc1)C)(c1ccccc1)C)(C)C)(C)C)(C)C,tg,-42.0,-18.965139240930405,-42.65070781083371,-27.552317899321235
*c1cc2C3(CCC(CC3)(C3=NC(CO3)c3ccccc3)C3=NC(CO3)c3ccccc3)c3c(c2cc1)ccc(c3)c1cc2C(c3c(c2cc1)ccc(c3)*)(CCCCCC)CCCCCC,tg,161.0,138.31865692832704,138.8761922099193,138.52079077439706
*c1cc2c(C(=O)N(C2=O)c2c(cc(cc2)c2cc(c(cc2)N2C(=O)c3c(C2=O)cc(cc3)C(=O)Nc2ccc(cc2)C2(c3ccccc3c3ccccc23)c2ccc(cc2)NC(=O)*)OC)OC)cc1,tg,181.0,287.8866136911929,326.7917684857647,301.99163776808393
*C(C*)(CC(=O)OCCCCCCCCC)C(=O)OCCCCCCCCC,tg,-13.0,-17.828470974279615,-15.169822133849769,-16.864580556563208
*C(C*)OC(=O)c1ccc(cc1)C,tg,66.75,73.4566629178583,79.50603613316856,75.64985698950754
*C(C*)(C(=O)OC12CC3(CC(CC(C1)C3)(C2)C)C)C,tg,193.0,152.91640485938987,145.01312638233122,150.05107933134855
*N(C(=O)CCC(=O)N(CCCCCC*)C)C,tg,7.5,16.912726836976557,7.357581871177011,13.44851880304295
*NC(=O)c1cc(cc(c1)NC(=O)c1ccc(cc1)NC(=O)C(CC(C)C)N1C(=O)c2c(C1=O)cccc2)C(=O)NCCCCCC*,tg,200.0,176.20797669641112,150.56758102638184,166.91207747235165
*NNC(=O)c1c(cccc1)C(=O)Nc1cc(ccc1)C=C1C(=O)C(=Cc2cc(ccc2)NC(=O)c2c(cccc2)C(=O)*)CCC1,tg,195.0,194.2128038339913,182.9302006937038,190.1223076058163
*Oc1c(cc(cc1)C1(CCCCC1)c1cc(c(cc1)OC(=O)*)Cl)Cl,tg,179.0,173.31619442970043,182.8641710292547,176.77780357978395
*OP(=O)(OCCCCCCCCCCOc1c(cc(cc1)C=C1C(=O)C(=Cc2cc(c(cc2)OCCCCCCCCCC*)OC)CC1)OC)OC,tg,48.0,61.22798964699115,68.29665047513352,63.79072540010106
*O[Si](c1cc2cc3c(cc2cc1)cc(cc3)[Si](*)(C)C)(C)C,tg,118.0,66.43638202316725,28.408498481552897,52.64941174172488
*c1cc2c(C(=O)N(C2=O)c2cc(ccc2)Nc2nc(nc(n2)Nc2cc(ccc2)N2C(=O)c3c(C2=O)cc(cc3)C(=O)*)N(C)C)cc1,tg,294.0,275.2004265807534,285.89652183984316,279.0782849765059
*Sc1ccc(cc1)C(=O)c1ccc(cc1)C(c1ccc(cc1)C(=O)c1ccc(cc1)*)(C(F)(F)F)C(F)(F)F,tg,175.0,170.88905320001095,160.9471726088937,167.2846345606884
*Oc1ccc(cc1)Sc1ccc(cc1)OC1(C(C(C1(F)F)(F)F)(*)F)F,tg,78.0,129.70916999698036,102.96318078809702,120.0124389662584
*c1nc2cc3c(cc2c(c1)c1ccccc1)nc(cc3c1ccccc1)c1ccc(cc1)c1ccc(cc1)*,tg,383.0,377.543628585701,396.0929771473853,384.2686759336608
*c1cc2c(C(=O)N(C2=O)c2c(cccc2)c2ccc(cc2)N2C(=O)c3c(C2=O)cc(cc3)C(=O)*)cc1,tg,305.0,323.932944333942,320.2946996585539,322.6139024482346
*C(C(C(C*)OC)(C(=O)OC)C)(C(=O)OC)C,tg,134.0,114.23151331821948,114.6223546396108,114.37321243952044
*c1cc2c(C(=O)N(C2=O)c2ccc(cc2)Oc2ccc(cc2)C(c2cc(ccc2)C(c2ccc(cc2)Oc2ccc(cc2)NC(=O)*)(C)C)(C)C)cc1,tg,177.0,216.90473615630165,225.70974304583712,220.09698239795952
*OC(=O)c1cc(ccc1)C(C(C(C(C(c1cc(ccc1)C(=O)OCC(C(C(C*)(F)F)(F)F)(F)F)(F)F)(F)F)(F)F)(F)F)(F)F,tg,19.83,15.639391796649344,6.474348879828846,12.316614861559781
*Oc1ccc(cc1)CC(NC(=O)CCc1ccc(cc1)OC(=O)CCCCCCC(=O)*)C(=O)OCCCCCCCCCCCC,tg,15.0,16.849855793302865,25.327359500488093,19.92336609118411
*Oc1cc(ccc1)C(C(C(c1cc(ccc1)OC(=O)*)(F)F)(F)F)(F)F,tg,46.0,88.9694701934992,88.97862875737297,88.97279062146387
*C(C*)C(=O)OCCCCCCOc1ccc(cc1)c1ccc(cc1)C#N,tg,42.0,28.340102916629643,28.05629428467246,28.237208387405357
*c1nc2c(nc1c1ccccc1)cc(cc2)c1cc2c(nc(c(n2)c2ccccc2)c2ccc(cc2)c2ccc(cc2)*)cc1,tg,404.0,347.56992067959794,350.2240221395299,348.53216244916615
*Oc1ccc(cc1)C(c1ccc(cc1)Oc1ccc(cc1)C(=O)c1ccc(cc1)C(c1ccc(cc1)C(=O)c1ccc(cc1)*)(C)C)(C)C,tg,171.0,169.40227392715087,156.36050756962243,164.67399487391367
*OC(=O)OCCCCCC*,tg,-54.25,-37.67159731498743,-35.9751934152538,-37.056567816294546
*OC(C*)CN1C(=O)C2C(C1=O)C1C=CC2C1,tg,87.5,86.86078338631539,81.04736601658381,84.75313486513484
*C1(C(C(C(C1(F)F)(F)F)(C(*)(F)F)F)(F)F)F,tg,117.0,140.97545662681216,106.04476657254162,128.31137067626236
*c1nc2cc3c(cc2nc1)nc(cn3)c1ccc(cc1)Oc1ccc(cc1)*,tg,353.0,357.9226326485528,336.5861506787545,350.18711293428237
*Oc1cc2c(cc1)ccc(c2)Oc1ccc(cc1)C(=O)Nc1ccc(cc1)C(c1ccc(cc1)C(c1ccc(cc1)NC(=O)c1ccc(cc1)*)(C)C)(C)C,tg,155.0,194.1389751040448,161.7706962214586,182.4038887028438
*OP(=O)(Oc1c(c(c(c(c1Cl)Cl)*)Cl)Cl)Oc1c(cc(cc1Cl)Cl)Cl,tg,127.0,144.9522213913464,151.49547150028968,147.32447002562358
*Oc1ccc(cc1)P(=O)(c1ccc(cc1)*)C,tg,238.0,195.47647693408135,206.3670706547568,199.42485054814028
*C(C*)(CC(=O)Oc1ccc(cc1)OCC)C(=O)Oc1ccc(cc1)OCC,tg,110.5,96.4493183394584,109.46645006672304,101.16866613269086
*N1C(=O)c2c(C1=O)cc(cc2)Oc1ccc(cc1)c1ccc(cc1)Oc1cc2c(C(=O)N(C2=O)c2ccc(cc2)Oc2ccc(cc2)*)cc1,tg,229.0,239.8906113234744,232.79462810067366,237.31796986412766
*c1cc2c(C(=O)N(C2=O)c2ccc(cc2)Cc2ccc(cc2)N2C(=O)c3c(C2=O)cc(cc3)C(=O)Oc2c(cc(cc2)OC(=O)*)C(C)(C)C)cc1,tg,160.0,211.8966659430052,187.09074431048163,202.90330442770713
*c1ccc2n(c3c(c2c1)cc(cc3)C=C(C(=O)OCCCCCCCCCCOC(=O)C(=C*)C#N)C#N)CCCCCCC,tg,59.0,68.6829412731481,92.803684357246,77.42789200654481
*Oc1ccc(cc1)C(=O)OCCOC(=O)c1ccc(cc1)*,tg,74.0,96.00663398944364,72.82457152178658,87.6020009534143
*c1n(nc(c1)c1ccc(cc1)Oc1ccc(cc1)C(=O)c1ccc(cc1)Oc1ccc(cc1)C(=O)c1ccc(cc1)Oc1ccc(cc1)*)c1ccccc1,tg,190.0,209.97448946135512,224.9880638358811,215.417645494304
*OC(OC(=O)c1ccc(cc1)C(=O)OC(OCC1CCC(CC1)C*)C)C,tg,61.0,45.11470742864856,46.806453859393095,45.728048366723314
*c1ccc2c3n(c4ccc(cc4n3)c3cc4n5c(nc4cc3)c3cccc4c(ccc(c5=O)c34)Oc3cc(ccc3)O*)c(=O)c3cccc1c23,tg,396.5,392.19469753291537,397.1097858616666,393.9766577791385
*[Si](C/C=C\C*)(CCCOc1ccccc1)C,tg,-30.0,-23.94046596858347,-21.66354507979503,-23.114970629286738
*Oc1ccc(cc1)C(c1cc(c(cc1)OC(=O)*)Cl)(C)C,tg,146.0,146.65907713570553,153.48468605421502,149.1336946675821
*N1C(=O)c2c(C1=O)cc(cc2)Oc1ccc(cc1)C(c1ccc(cc1)Oc1cc2c(C(=O)N(C2=O)c2cc(ccc2)P(=O)(c2cc(ccc2)*)c2ccccc2)cc1)(C)C,tg,213.0,232.2690959118181,219.88059565337372,227.7776578146149
*Oc1c2c(ccc1)ccc(c2)Oc1ccc(cc1)NC(=O)c1ccc(cc1)Oc1ccc(cc1)C(c1ccc(cc1)Oc1ccc(cc1)C(=O)Nc1ccc(cc1)*)(c1ccccc1)C,tg,175.5,189.3742377587665,225.72864308555785,202.554490225131
*Oc1c2c(ccc1)ccc(c2)Oc1ccc(cc1)NC(=O)c1ccc(cc1)Oc1ccc(cc1)C(c1cc(ccc1)C(c1ccc(cc1)Oc1ccc(cc1)C(=O)Nc1ccc(cc1)*)(C)C)(C)C,tg,175.5,163.93929217633945,162.865141694493,163.54986001783377
*N1C(=O)c2c(C1=O)cc(cc2)Oc1ccc(cc1)C(c1ccc(cc1)Oc1cc2c(C(=O)N(C2=O)c2ccc(cc2)Oc2ccc(cc2)*)cc1)(C)C,tg,217.25,230.62990321446193,240.71036969034986,234.28456602455648
*N1C(=O)c2c(C1=O)cc(cc2)Oc1cc2c(C(=O)N(C2=O)c2ccc(cc2)S(=O)(=O)c2ccc(cc2)*)cc1,tg,262.0,274.1560563569498,253.0840228853398,266.51641217520813
*c1cc2c(C(=O)N(C2=O)C2CCC(CC2)CC2CCC(CC2)N2C(=O)c3c(C2=O)cc(cc3)C(*)(C(F)(F)F)C(F)(F)F)cc1,tg,265.0,255.8953158979247,271.39868622393203,261.5160469520986
*N1C(=O)C2OC3C(C2C1=O)C(=O)N(C3=O)c1ccc(cc1)c1c(nc2c(n1)cc(cc2)C(=O)c1cc2c(nc(c(n2)c2ccc(cc2)*)c2ccccc2)cc1)c1ccccc1,tg,255.0,313.7968166162602,319.05838903063665,315.7043943133278
*NC(=O)CCCCCCCCC(=O)NCCCCCC*,tg,43.11,46.40392193497385,47.755888991922376,46.89407620861996
*C(C*)(C(=O)OCC(=O)c1ccccc1)C,tg,92.5,73.31316446318094,89.53467431741149,79.19425626876784
*Oc1ccc(cc1)C1(CCCCC1)c1ccc(cc1)OC(=O)OC1C(C(C1(C)C)OC(=O)*)(C)C,tg,136.0,153.41193545033883,147.8942412556813,151.4115010638029
*Nc1cc(cc(c1)C(=O)Nc1c2C(=O)c3c(C(=O)c2ccc1)cccc3)NC(=O)Nc1ccc(cc1)NC(=O)*,tg,190.0,195.8599640155195,202.08899346882598,198.11829227249407
*c1cc2n(c3c(c2cc1)ccc(c3)c1c2cc(ccc2c(c2cc(ccc12)C=Cc1ccc(cc1)N(CCCCCC)CCCCCC)*)C=Cc1ccc(cc1)N(CCCCCC)CCCCCC)CCCCCCCC,tg,152.0,117.27991667488652,128.67108874455616,121.40977445736003
*Oc1ccc(cc1)C(c1ccc(cc1)OCC(C*)O)(CC)C,tg,95.0,86.82554506392842,96.1056886790704,90.19005163946446
*O[Si](c1cc(ccc1)*)(c1ccccc1)c1ccccc1,tg,58.5,58.09489820059449,102.83877065501699,74.31674339297051
*Oc1ccc(cc1)C(=O)c1ccc(cc1)OCCCCCCOC(=O)OCCCCCCOC(=O)OCCCCCC*,tg,-0.3,-6.29832787000585,-5.739763874651926,-6.0958210648137845
*c1nc2c(nc1c1ccccc1)cc(cc2)Oc1cc2c(nc(c(n2)c2ccccc2)c2ccc(cc2)OCCN(CCOc2ccc(cc2)*)c2ccc(cc2)C=Cc2ccc(cc2)[N+](=O)[O-])cc1,tg,201.0,187.90153394653063,199.79847616476007,192.21475817904084
*OC(=O)CCCCCCCCC(=O)OCCCC*,tg,-64.4,-45.06486746273842,-41.32517214501834,-43.709044750421704
*Nc1cc(cc(c1)c1c(=O)oc2c(cccc2)n1)NC(=O)c1ccc(cc1)C(=O)*,tg,103.0,217.3650445448972,213.58605048700272,215.9949741145267
*NC(=O)C(C(C(=O)NCCCCCCCCCCCC*)OC)OC,tg,84.0,82.1727736286838,91.31848693744855,85.48854263414393
*c1c2C(=O)N(C(=O)c2c(c2ccccc12)c1ccc(cc1)Oc1ccc(cc1)C(=O)c1cc(ccc1)C(=O)c1ccc(cc1)Oc1ccc(cc1)*)CCCCCCCCCCCC,tg,140.0,142.04199659370278,147.80841682389345,144.13260635001353
*c1c(cc(cc1)CC*)Br,tg,80.0,87.42655998535605,95.76806291767626,90.45076334141748
*Oc1ccc(cc1)NC(=O)c1cc(cc(c1)NC(=O)c1ccc(cc1)OC(=O)C)C(=O)Nc1ccc(cc1)*,tg,273.0,264.78706246294934,263.83839811777943,264.4431251749431
*NC(C(=O)*)CCC(=O)OCC,tg,-27.33,4.993906964277978,7.836726708322626,6.024568354721938
*C(C*)(CC(=O)Oc1ccc(cc1)OC)C(=O)Oc1ccc(cc1)OC,tg,119.5,105.9052452238551,108.41576518827226,106.81543166908577
*N1C(=O)c2c(C1=O)cc(cc2)Sc1cc2c(C(=O)N(C2=O)c2c(cc(cc2)Cc2cc(c(cc2)*)C(C)(C)C)C(C)(C)C)cc1,tg,300.5,243.1003082861306,245.1118895691377,243.8296050227522
*C(C*)CNc1ncc(cc1)[N+](=O)[O-],tg,151.0,116.0938723495983,166.57919392866674,134.39727404951134
*c1c(nc2c(n1)cc(cc2)Oc1cc2c(nc(c(n2)c2ccc(cc2)N2C(=O)c3c(C2=O)cc(cc3)C(=O)c2cc3c(C(=O)N(C3=O)c3ccc(cc3)*)cc2)c2ccccc2)cc1)c1ccccc1,tg,254.0,270.2228975216005,273.81457804355875,271.52505762110974
*Oc1ccc(cc1)CC(NC(=O)CCc1ccc(cc1)OC(=O)CCCCC(=O)*)C(=O)OCCCCCCCC,tg,26.2,24.624130390920755,25.327359500488093,24.87908538530114
*Oc1c2c(c(cc1)C=Cc1ccc(cc1)OCCCCCC*)cccc2,tg,78.0,95.07995868228647,112.75700601697359,101.48875411262601
*c1cc2C(c3c(c2cc1)ccc(c3)c1cc2C(c3c(c2cc1)ccc(c3)*)(c1ccc(cc1)c1oc(nn1)c1ccc(cc1)C(C)(C)C)c1ccc(cc1)c1oc(nn1)c1ccc(cc1)C(C)(C)C)(CCCCCCCC)CCCCCCCC,tg,213.0,159.3667076157926,154.4483370912434,157.58355741284015
*C(=C(C(C(*)([2H])[2H])([2H])[2H])[2H])C([2H])([2H])[2H],tg,-58.0,80.36625289019831,21.010687993544384,58.84695354836457
*c1cc(nc2c1cccc2)c1cc(ccc1)c1nc2c(c(c1)c1ccc(cc1)Oc1ccc(cc1)*)cccc2,tg,268.0,302.72039912613843,239.67832946108615,279.86456125123897
*c1cc2c(C(=O)N(C2=O)c2c(cc(cc2C(C)C)C(c2cc(c(c(c2)C(C)C)N2C(=O)c3c(C2=O)cc(cc3)C(*)(C(F)(F)F)C(F)(F)F)C(C)C)(c2ccccc2)C(F)(F)F)C(C)C)cc1,tg,274.0,281.3400768418062,284.5204957536311,282.49313446521785
*OC(C*)CSCCC,tg,-61.0,-60.43146204102791,-49.88304412846078,-56.607143916206404
*N1C(=O)c2c(C1=O)cc(cc2)C(=O)Oc1ccc(cc1)C(c1ccc(cc1)OC(=O)c1cc2c(C(=O)N(C2=O)CCOCCOCC*)cc1)(C)C,tg,118.0,97.07096500189508,109.0511535386108,101.41437010202453
*Oc1ccc(cc1)CCc1ccc(cc1)OCCCCCCOC(=O)NC1CCC(CC1)CC1CCC(CC1)NC(=O)OCCCCCC*,tg,40.3,57.496336503742725,75.21457334513038,63.92006514760612
*C(C(*)(C(=O)OC([2H])([2H])[2H])C([2H])([2H])[2H])([2H])[2H],tg,115.0,73.55720426936561,85.09046636280286,77.73857664462022
*C1C2C(C(=O)N(C2=O)CCCCC)C(C1)C=C*,tg,89.29,104.40547435866236,85.03825486045262,97.38390873921917
*c1cc2c(C(=O)N(C2=O)c2ccc(cc2)Oc2ccc(cc2)C(=O)c2ccc(cc2)Oc2ccc(cc2)N2C(=O)c3c(C2=O)cc(cc3)C(=O)*)cc1,tg,252.0,257.19699284268694,252.06300383076228,255.3356703776805
*c1oc(nn1)c1ccc(cc1)C1(c2c(C(=O)O1)cccc2)c1ccc(cc1)*,tg,370.0,293.2992272518084,269.523743315964,284.67944986946503
*NC(=O)c1ccc(cc1)CC(=O)NCCCCCC*,tg,104.0,97.93274023410036,103.75428047325653,100.0433336932824
*OP(=O)(N=Nc1ccc(cc1)CCOC(=O)c1cc(cc(c1)C(C)(C)C)C(=O)OCCc1ccc(cc1)N=NP(=O)(OCC*)OC)OC,tg,84.0,61.620264227727965,83.30308048959392,69.48134708534185
*OC(=O)c1ccc(cc1)c1ccc(cc1)C(=O)OCCOCC*,tg,53.5,48.03141067422454,13.62526192098125,35.55749663583855
*N1C(=O)c2c(C1=O)cc(cc2)Oc1ccc(cc1)c1ccc(cc1)Oc1cc2c(C(=O)N(C2=O)c2ccc(cc2)Oc2ccc(cc2)Oc2ccc(cc2)*)cc1,tg,212.0,217.48350987827587,233.26532853950158,223.20519209157413
*OC(C*)CSCCCC,tg,-65.0,-69.72875961017519,-64.17787105573665,-67.71629064245325
*C(C*)(C(=O)OC1C(CCCC1)C)C,tg,85.0,101.55197187847484,84.4945622538636,95.367825466131
*c1cc2c(C(=O)N(C2=O)c2ccc(cc2)OC(COc2ccc(cc2)N2C(=O)c3c(C2=O)cc(cc3)C(*)(C(F)(F)F)C(F)(F)F)C)cc1,tg,234.0,243.17896346172725,229.37098761848398,238.17289594315648
*OC(=O)OCCCC*,tg,-28.75,-18.9227403254884,-23.549035460063934,-20.599998894553295
*N1C(=O)c2c(C1=O)cc(cc2)Oc1cc2c(C(=O)N(C2=O)c2ccc(cc2)Sc2sc(cc2)Sc2ccc(cc2)*)cc1,tg,218.0,240.70623286374007,184.59346151718134,220.36260500662334
*C(C*)CNc1cc(c(cc1)[N+](=O)[O-])C(F)(F)F,tg,153.0,121.16156055630114,147.42507178368277,130.6833696883291
*C(C*)(C(=O)OCCCCCCCCCCCC)C,tg,-44.99,-40.362776953495576,-31.339541731980393,-37.09141225329189
*c1nc(nc(n1)Oc1ccc(cc1)C(=O)Nc1ccc(cc1)S(=O)(=O)c1ccc(cc1)NC(=O)c1ccc(cc1)O*)Sc1ccccc1,tg,310.0,262.0310237510597,273.47219959137743,266.17901034943566
*N1C(=O)c2c(C1=O)cc(cc2)c1cc2c(C(=O)N(C2=O)c2ccc(cc2)Oc2c(cc(cc2C)C(c2cc(c(c(c2)C)Oc2ccc(cc2)*)C)c2c3c(ccc2)cccc3)C)cc1,tg,289.5,283.1899823301383,287.5607169397017,284.7745876922585
*C1COC2C1OCC2Oc1ccc(cc1)CNC(=O)c1ccc(cc1)C(=O)NCc1ccc(cc1)O*,tg,122.0,139.88855845830707,126.46771383441502,135.02284496733745
*C(=O)CC*,tg,10.0,28.673012980568412,55.50346214391758,38.40036488139267
*C(C*)(C(=O)OCCCCCCCCCCOc1ccc(cc1)N=Nc1ccc(cc1)C#N)C,tg,51.0,46.43374511704491,58.20852948855318,50.702681147174694
*Oc1c(cc(cc1C)S(=O)(=O)c1cc(c(c(c1)C)OCC(COc1ccc(cc1)S(=O)(=O)c1ccc(cc1)OCC(C*)O)O)C)C,tg,145.0,134.89169108454004,149.52339892045853,140.19640179450644
*c1nc2c(cc1)cccc2OC(=O)c1ccc(cc1)C(=O)Oc1ccc(cc1)C=C*,tg,112.0,190.967078128891,183.89175420206547,188.40192667616884
*c1ccc2ccc3c(c2n1)nc(cc3)c1ccc(cc1)c1c(cc(c(c1)CCCCCC)c1ccc(cc1)*)CCCCCC,tg,190.0,144.08738945600814,134.8327483907398,140.7321288038437
*C1COC2C1OCC2OC(=O)c1cc(ccc1)OCCCCCCOc1cc(ccc1)C(=O)O*,tg,42.25,54.51090565021767,35.870685400598816,47.75291286474472
*C(C*)(C(=O)OCCCCCCCCCOc1cc2c(cc1)cc(cc2)C(=O)Oc1ccccc1)C,tg,18.0,38.45727926759425,46.637414605973646,41.42297896752622
*NC(=O)CCCCC(=O)NCCCP(CCC*)c1ccccc1,tg,49.0,83.7576417209339,110.5143829605548,93.45827088940214
*c1ccc2n(c3c(c2c1)cc(cc3)c1ccc(cc1)[Si](c1ccc(cc1)*)(c1ccccc1)c1ccccc1)CCCCCC#N,tg,165.0,156.78155006090785,161.52324317194936,158.50064604830644
*C(C*)c1ncccc1,tg,105.0,102.80344388813393,131.67250824273495,113.26989364136244
*SCCCCC(=O)NCc1ccc(cc1)CNC(=O)CCCC*,tg,70.0,77.56351030908257,89.47319752854835,81.88135522875487
*OC(COC(=O)c1c(c(c(c(c1F)F)c1c(c(c(c(c1F)F)C(=O)*)F)F)F)F)COc1ccc(cc1)N=Nc1ccc(cc1)C#N,tg,112.0,134.53769518133925,100.31577185610375,122.13057188344372
*c1cc2c(C(=O)N(C2=O)c2ccc(cc2)OC(COc2ccc(cc2)N2C(=O)c3c(C2=O)cc(cc3)C(*)(C(F)(F)F)C(F)(F)F)CCCCCC)cc1,tg,182.0,174.4501485979006,163.7914969029508,170.58586532802818
*C(C*)(C(=O)OCCCOc1cc2c(cc1)cc(cc2)C(=O)Oc1ccccc1)C,tg,84.0,73.55820910790973,58.2480316171161,68.00751991853659
*NC(=O)CCCCCC(=O)NCCCCCC*,tg,54.0,53.88739691227452,47.92505637488256,51.725756448983766
*Oc1ccc(cc1)NC(=C(C#N)C#N)c1ccc(cc1)C(=C(C#N)C#N)Nc1ccc(cc1)*,tg,274.0,238.19120165979663,226.41702484454154,233.92248589856504
*c1ccc(cc1)c1c(cc(c(c1c1ccccc1)c1ccccc1)c1cc(ccc1)c1c(c(c(c(c1)c1ccccc1)c1ccc(cc1)CCCCCCCCCCCCCC*)c1ccccc1)c1ccccc1)c1ccccc1,tg,160.0,185.12644935263984,198.4545750937291,189.95854770748625
*c1oc(nn1)c1c2c(c(cc1)Oc1ccc(cc1)C=Cc1ccc(cc1)Oc1c3c(c(cc1)*)cccc3)cccc2,tg,238.0,249.8948317146151,241.2167008308096,246.7485842390604
*OC(COC(=O)C1=C(C2C=CC1C2)C(=O)OCC(OC(=O)c1ccc(cc1)C(=O)*)COC(=O)C1=C(C2C=CC1C2)c1ccccc1)COC(=O)C1=C(C2C=CC1C2)c1ccccc1,tg,74.0,98.40176894362146,71.88889031272107,88.7895519145116
*C(C*)(C(=O)OCCCCn1c2ccccc2c2ccccc12)C,tg,84.2,94.18447740034156,105.68618233882994,98.35440876134749
*OS(=O)(=O)c1cc(ccc1)C(=O)c1cc(ccc1)S(=O)(=O)Oc1ccc(cc1)C(c1ccc(cc1)*)(C)C,tg,122.0,157.51494309870955,123.23724915648806,145.08760022067037
*NC(=O)c1cc(cc(c1)C(C)(C)C)C(=O)NCC1CC(CCC1)C*,tg,200.0,216.3397699483237,236.05457993489728,223.4873541437926
*Oc1c(cc(c(c1)C)C(c1c(cc(c(c1)C(C)C)Oc1ccc(cc1)C(=O)c1ccc(cc1)*)C)c1c(cccc1)C(=O)O)C(C)C,tg,228.0,212.7285872127737,192.5052007882903,205.3966191499347
*Oc1ccc(cc1)C(c1ccc(cc1)OC(=O)c1ccc(cc1)C(c1ccc(cc1)C(=O)*)(C(F)(F)F)C(F)(F)F)(C)C,tg,124.0,178.28236438735348,167.47024405303767,174.3624412192533
*Oc1c(cc(cc1)C(c1cc(c(cc1)OC(=O)*)Cl)(C)C)Cl,tg,145.67,155.49004696103893,146.56989638036714,152.25605549193358
*c1[nH]c(nc1c1ccc(cc1)Oc1ccc(cc1)C(=O)c1ccc(cc1)C(=O)c1ccc(cc1)C(=O)c1ccc(cc1)Oc1ccc(cc1)*)c1ccccc1,tg,239.0,244.62822959242973,242.2813078792065,243.77735552583405
*Nc1ccc(cc1)NC(=O)c1c(cc(c(c1)C(=O)*)C(=O)O)C(=O)O,tg,283.4,227.70647065355192,235.0012501087259,230.35118548360822
*C1C(=O)N(C(=O)C1C(C*)c1ccccc1)c1ccc(cc1)C(C)(C)C,tg,237.0,221.0300200691494,237.56789306744372,227.0258090090267
*N1C(=O)c2c(C1=O)cc(cc2)S(=O)(=O)c1cc2c(C(=O)N(C2=O)CCCCCCOC(=O)CCCCCCCCCCCCCCCCCCC(=O)OCCCCCC*)cc1,tg,19.0,71.12255440276094,73.96711924322703,72.15384847612754
*Oc1c(cc(c(c1)OCCOC)OC(=O)c1c(cc(cc1)C(=O)*)c1ccccc1)OCCOC,tg,92.0,119.28014033570734,142.1603697575447,127.5753441097027
*N1C(=O)c2c(C1=O)cc(cc2)c1cc2c(C(=O)N(C2=O)c2cc(cc(c2)C(=O)NCCCC)*)cc1,tg,291.0,291.390989691777,288.13326653284736,290.20990549264775
*NC(=O)CCCCCCCCCCCCCCCCC(=O)NCCCCCCCCCCCC*,tg,47.0,44.48074785465972,49.03249013170237,46.13097736148196
*Oc1ccc(cc1)OC(=O)c1ccc(cc1)C(c1ccc(cc1)C(=O)*)(C)C,tg,195.0,181.22222123299832,198.28318689189527,187.40765688193522
*c1cc2c(C(=O)N(C2=O)c2c(cc(c(c2)Cl)N2C(=O)c3c(C2=O)cc(c(c3)Cl)C(=O)*)Cl)cc1Cl,tg,367.0,352.33489682925216,324.10655517034843,342.10074043398976
*C(C*)(C(=O)OCC1OCCC1)C,tg,105.0,81.31818657591154,72.79796697280864,78.22918967365703
*c1nc(ccc1)N1C(=O)N(C(=O)C1=O)CCCCCCN1C(=O)N(C(=O)C1=O)*,tg,169.67,152.4352068977763,152.47697753087053,152.45035079807982
*NC1CC(CC(C1)(CNC(=O)c1cc(cc(c1)NC(=O)C(C(CC)C)N1C(=O)c2c(C1=O)cccc2)C(=O)*)C)(C)C,tg,128.0,170.75819093378686,210.1881144549438,185.05346937574507
*OC(=O)CCCCCCC(=O)OCCOCC*,tg,-66.0,-55.17362302594902,-64.08191638569274,-58.403315671734994
*Oc1c(cc(cc1)C(c1cc(c(cc1)OC(=O)c1ccc(cc1)C(=O)*)C(CC)C)(C)C)C(CC)C,tg,90.0,134.1618118389062,115.11591365500782,127.25674093330521
*c1nc(nc(n1)OCCCCO*)OC,tg,-8.0,41.462547615727374,63.30512151226431,49.38155044038418
*C(C*)(C(=O)OCCCCCOc1cc2c(cc1)cc(cc2)C(=O)Oc1ccccc1)C,tg,48.0,56.6184390085464,29.320465863481363,46.72158676635489
*c1cc2c(C(=O)N(C2=O)c2c(cc(cc2)c2cc(c(cc2)N2C(=O)c3c(C2=O)cc(cc3)C(*)(C(F)(F)F)C(F)(F)F)OCCCCCCOc2ccc(cc2)/C=C/c2ccc(cc2)F)OCCCCCCOc2ccc(cc2)/C=C/c2ccc(cc2)F)cc1,tg,140.0,147.01206663709002,148.2684948944366,147.46758341666168
*N1C(=O)c2c(C1=O)cc(cc2)Oc1cc2c(C(=O)N(C2=O)c2c(ccc(c2)C(c2cc(c(cc2)OCCN(c2ccc(cc2)C=CC2=CC(=C(C#N)C#N)CC(C2)(C)C)C)*)(C(F)(F)F)C(F)(F)F)OCCN(c2ccc(cc2)C=CC2=CC(=C(C#N)C#N)CC(C2)(C)C)C)cc1,tg,215.0,215.17209685349147,216.5597459908812,215.67518762890438
*NC(=O)CCCCC(=O)NCC(CCC*)(C)C,tg,77.0,61.14904010682368,80.83079537560481,68.2846403481667
*Oc1ccc(cc1)S(=O)(=O)c1ccc(cc1)Oc1ccc(cc1)C12CC3(CC(CC(C1)C3)C2)c1ccc(cc1)*,tg,242.0,245.0083072396841,281.3510478160091,258.1843306626982
*C(C*)(C(=O)OCCN(c1ccc(cc1)[N+](=O)[O-])CC)C,tg,98.0,83.44532137059115,79.60222359123506,82.05201020157283
*N1C(=O)c2c(C1=O)cc(cc2)Oc1cc2c(C(=O)N(C2=O)CCCCCCCC*)cc1,tg,145.0,115.1071320777666,114.80324757940191,114.99695906371075
*OC(=O)c1ccc(cc1)N=Cc1ccc(cc1)C=Nc1ccc(cc1)C(=O)OCCCCOCCCCOCCCC*,tg,-13.2,36.33892716900664,27.43282168838923,33.11002773656006
*c1ccc2n(c3c(c2c1)cc(cc3)C=C(C(=O)OCCCCCCOC(=O)C(=C*)C#N)C#N)CCCCCCC,tg,87.0,84.54097019451004,60.02480684576187,75.65266024861741
*Oc1ccc(cc1)Cc1ccc(cc1)OC(=O)c1cc(cc(c1)OCCCCC)C(=O)*,tg,110.0,116.35421804304634,146.848041924211,127.40972270075595
*C1C(=O)OC(=O)C1C(C*)c1ccccc1,tg,177.0,181.32859534947315,219.14829473135143,195.04008867674304
*c1c(nc2c(n1)cc(cc2)Oc1ccc(cc1)NC(=O)c1cc(cc(c1)N1C(=O)c2c(C1=O)cccc2)C(=O)Nc1ccc(cc1)Oc1cc2c(nc(c(n2)c2ccc(cc2)*)c2ccccc2)cc1)c1ccccc1,tg,302.0,300.3820116141916,297.6959580454193,299.4081856402454
*Oc1ccc(cc1)C1(CC2C(CC1)CCCC2)c1ccc(cc1)OC(=O)c1cc(ccc1)C(=O)*,tg,248.0,244.33199527084483,226.61886404000023,237.91011766086163
*N1C(=O)c2c(C1=O)cc(cc2)Oc1ccc(cc1)C1(CCCCCCCCCCC1)c1ccc(cc1)Oc1cc2c(C(=O)N(C2=O)c2ccc(cc2)Oc2cc(c(cc2)c2c(cc(cc2)Oc2ccc(cc2)*)C)C)cc1,tg,257.0,232.92316139119728,243.58552194940106,236.7887893056489
*NC1CCC(CC1)CCC1CCC(CC1)NC(=O)CCCCCCCCC(=O)*,tg,116.0,111.96899454957097,103.2892707174656,108.82216955223946
*C(C*)c1c(cccc1)COC,tg,89.0,82.78454058024727,105.44245006626127,90.99914248890836
*Nc1ccc(cc1)Cc1ccc(cc1)NC(=O)NCCCCCCNC(=O)*,tg,78.0,100.87666545323216,57.3373046388988,85.0915147239437
*OC(COC(=O)c1cc(ccc1)C(=O)*)COc1ccc(cc1)N=Nc1ccc(cc1)C#N,tg,119.0,107.9123489645312,114.2584285482754,110.21311362657202
*C(C*)(C(=O)OCCN(c1ccc(cc1)N=Nc1ccc(cc1)S(=O)(=O)Nc1noc(c1)C)C)C,tg,114.0,117.18456680345412,110.66356645044343,114.8203847954323
*OC(=O)c1cc(cc(c1)OCCN(c1ccc(cc1)S(=O)(=O)CCCCCCCC)C)C(=O)OCCN(CC*)c1ccc(cc1)S(=O)(=O)C(C(C(C(C(C(C(C(F)(F)F)(F)F)(F)F)(F)F)(F)F)(F)F)(F)F)(F)F,tg,80.0,84.52960295050133,77.12099609558929,81.84362011309764
*c1cnc(s1)n1c(=O)c2cc3c(cc2c1=O)c(=O)n(c3=O)c1ccc(cc1)Oc1ccc(cc1)*,tg,328.8,306.4900181946478,263.18804613317604,290.7909325148978
*C(C*)F,tg,16.63,41.6407033759837,37.09128099070918,39.99131494354911
*c1cc2c(C(=O)N(C2=O)c2cc(c(cc2)Oc2c(cc(cc2)N2C(=O)c3c(C2=O)cc(cc3)C(=O)Nc2c(ccc(c2)C(F)(F)F)Oc2c3c(ccc2)c(ccc3)Oc2c(cc(cc2)C(F)(F)F)NC(=O)*)c2ccccc2)c2ccccc2)cc1,tg,376.0,303.6395735158695,328.5773988760386,312.68075659270863
*Oc1ccc(cc1)NC(=O)c1cc(ccc1)C(=O)Nc1ccc(cc1)Oc1ccc(cc1)C(c1cc(ccc1)C(c1ccc(cc1)*)(C)C)(C)C,tg,180.0,186.8020854894188,157.79085291001672,176.28409279170452
*N(CC*)C(=O)CCCCCCCCCCCCCCCCC,tg,10.0,-6.785451785041215,4.906320880646674,-2.5466115639486397
*OCCC*,tg,-72.46,-69.92612629025454,-66.20838391560763,-68.57826259499458
*c1cc2c(C(=O)N(C2=O)c2cc(cc(c2)C(F)(F)F)N2C(=O)c3c(C2=O)cc(cc3)C(=O)*)cc1,tg,276.75,310.9265466807917,287.2243649762547,302.3333449474321
*Oc1c(cccc1)C(=O)OC(=O)c1c(cccc1)OC(=O)CCCC(=O)*,tg,50.0,73.03284226661334,54.284280052675136,66.23557021279328
*C(C*)C(=O)OCc1ccccc1,tg,9.25,24.50844091393373,62.67875447728797,38.3470490540743
*OC(=O)CCCCC(=O)OCCCCC*,tg,-70.33,-50.506203621584326,-41.32517214501834,-47.17763005051283
*c1cc2c(C(=O)N(C2=O)c2ccc(cc2)S(=O)(=O)c2ccc(cc2)N2C(=O)c3c(C2=O)cc(cc3)C(=O)Nc2ccc(cc2)S(=O)(=O)c2ccc(cc2)NC(=O)*)cc1,tg,307.0,264.4607594196246,267.47187448555434,265.55243610687825
*c1cc2c(C(=O)N(C2=O)c2c(ccc(c2)N2C(=O)c3c(C2=O)cc(cc3)C(=O)Nc2ccc(cc2)Cc2ccc(cc2)NC(=O)*)N=Nc2ccc(cc2)C)cc1,tg,268.0,261.4171890509981,260.87905060133187,261.222087506503
*c1ccc2c(c1)c(=O)oc(n2)c1cc(cc(c1)N1C(=O)c2c(C1=O)cccc2)c1oc(=O)c2c(ccc(c2)C*)n1,tg,322.0,297.9650588071814,283.16572934533684,292.59957704818623
*C1COC2C1OCC2OC(=O)OCCCCCCOC(=O)O*,tg,25.67,31.616395592415312,14.582416853016829,25.440744023539217
*Oc1ccc(cc1)C(=O)c1cc(ccc1)*,tg,145.0,141.03726957741642,131.1090262640094,137.43779511917893
*Oc1ccc(cc1)c1ccc(cc1)Oc1c(cc(cc1)c1ccc(cc1)c1cc(c(cc1)*)C(F)(F)F)C(F)(F)F,tg,203.5,184.5325627609359,188.2318464090978,185.87373426378912
*c1cc2c(cc1OC(=O)COc1ccc3c(c1)oc(=O)cc3)oc(=O)c(c2)C(=O)Nc1ccc(cc1)S(=O)(=O)c1ccc(cc1)NC(=O)c1c(=O)oc2c(cc(c(c2)OC(=O)COc2ccc3c(c2)oc(=O)cc3)C*)c1,tg,233.0,236.4938781642181,246.3074589541153,240.05178184183896
*C(C*)(C(=O)OCCOc1ccc(cc1)N=Nc1ccc(cc1)C#N)C,tg,109.0,92.03571757318048,92.93343497765892,92.36118409994982
*c1cc2c(C(=O)N(C2=O)c2ccc(cc2)Oc2cc(ccc2)Oc2ccc(cc2)N2C(=O)c3c(C2=O)cc(cc3)C(=O)Nc2ccc(cc2)Oc2ccc(cc2)C2(c3c(C(=O)N2)cccc3)c2ccc(cc2)Oc2ccc(cc2)NC(=O)*)cc1,tg,267.0,278.61155815680667,286.2158813424365,281.36849774972495
*N1C(=O)c2c(C1=O)c(ccc2)c1cc2c(C(=O)N(C2=O)c2cc(ccc2)Oc2ccc(cc2)*)cc1,tg,286.0,284.92953092995515,266.2594350907725,278.16070678004394
*C(C*)(C(=O)OCCCCCCOc1ccc(cc1)OC(=O)c1ccc(cc1)c1ccc(cc1)OC)C,tg,57.0,58.18237359477939,56.748323979093584,57.6624603734207
*O[Si](O[Si](O[Si](*)(c1c(c(c(c(c1F)F)Cl)F)F)C)(C)C)(C)C,tg,-75.0,-48.73534514785039,-30.11492664401446,-41.984531465056946
*N1C(=O)c2c(C1=O)cc(cc2)c1cc2c(C(=O)N(C2=O)c2cc(c(c(c2)C(=O)OCCCCCCCCCCCCCCCCCC)c2c(cc(cc2Br)*)C(=O)OCCCCCCCCCCCCCCCCCC)Br)cc1,tg,83.5,99.60728381545384,109.77302215396264,103.2928618521218
*C1(COC1)COc1ccc(cc1)C(c1ccc(cc1)OC*)(C(F)(F)F)C(F)(F)F,tg,134.0,103.62223489967782,128.08451455331203,112.49100936702149
*Oc1c(cc(cc1)C(=O)c1ccc(cc1)C(=O)c1cc(c(cc1)*)C(C)C)C,tg,149.0,162.84592883444614,164.23599391057525,163.34989550597788
*C(C*)c1c(cccc1)C(=O)OC(C)C,tg,146.0,108.9967827783999,142.32178705354195,121.07872899209181
*Oc1ccc(cc1)C(c1ccc(cc1)Oc1ccc(cc1)C(=O)c1c(cccc1)c1c(cccc1)C(=O)c1ccc(cc1)*)(C)C,tg,172.0,180.18349483445436,165.8643315545643,174.99209683359197
*c1cc2c(C(=O)N(C2=O)c2cc(ccc2)C=CC(=O)Nc2cc(ccc2)NC(=O)*)cc1,tg,245.0,247.45929468478928,245.81079411326687,246.8616324887418
*C(C*)(C(=O)OCCCCCCCCCCOc1ccc(cc1)N=Nc1ccc(cc1)OC)C,tg,62.0,59.35726107221221,78.39011901164139,66.25760425051904
*C(C*)c1c(ccc(c1)C(=O)Oc1ccc(cc1)OCC)C(=O)Oc1ccc(cc1)OCC,tg,112.0,116.85175232464915,133.68402114523843,122.95427416877865
*Oc1ccc(cc1)C(c1ccc(cc1)C(c1ccc(cc1)Oc1ccc(cc1)C(=O)Nc1cc(ccc1)NC(=O)c1ccc(cc1)*)(C)C)(C)C,tg,173.0,170.48422034535471,198.99598528649133,180.82113156169308
*N1C(=O)C(CC1=O)Nc1ccc(cc1)Cc1ccc(cc1)NC1C(=O)N(C(=O)C1)c1ccc(cc1)C(=O)Oc1c(cc(cc1C)C(c1cc(c(c(c1)C)OC(=O)c1ccc(cc1)*)C)c1cnccc1)C,tg,186.0,204.6680414547284,216.78882928414544,209.0624206846157
*C(C*)OC(=O)C(C(CC)(C)C)(C)C,tg,90.0,82.62452063338223,48.199091235874384,70.14361641713921
*C(C*)(C(=O)OCC1OC(OC1)c1ccccc1)C,tg,130.0,75.056246354529,69.06896160483646,72.8855623925827
*c1n(c(nn1)c1ccc(cc1)Oc1ccc(cc1)C(c1ccc(cc1)Oc1ccc(cc1)*)(C(F)(F)F)C(F)(F)F)c1cc(ccc1)C(F)(F)F,tg,185.0,223.4647708364413,204.2944661574889,216.51459648330686
*OC(=O)CCCC*,tg,-58.13,-20.213034559926175,-31.582963953180098,-24.33519083179309
*Oc1ccc(cc1)NC(=O)c1cc(cc(c1)NC(=O)c1ccccc1)C(=O)Nc1ccc(cc1)*,tg,294.5,274.1005847748956,282.9144956060838,277.2960591314923
*N1C(=O)c2c(C1=O)cc(cc2)C(=O)Oc1ccc(cc1)C(c1ccc(cc1)OC(=O)CCCCC*)(C)C,tg,110.0,105.45531615680216,96.62792773929166,102.25495551506977
*Nc1ccc(cc1)Cc1ccc(cc1)NC(=O)c1cc(cc(c1)N1C(=O)C2C(C1=O)C1CCC2C1)C(=O)*,tg,293.0,293.9780971150014,306.26109644147823,298.4312859572307
*Oc1ccc(cc1)C1(c2ccccc2c2ccccc12)c1ccc(cc1)Oc1c(cc(cc1)c1ccc(cc1)NC(=O)c1cc(cc(c1)C(C)(C)C)C(=O)Nc1ccc(cc1)c1cc(c(cc1)*)C(F)(F)F)C(F)(F)F,tg,278.0,270.7182923074898,280.3518047989953,274.2109124077104
*Oc1c2c(ccc1)cc(cc2)OC(=O)c1ccc(cc1)Oc1ccc(cc1)C(=O)*,tg,179.0,146.61311019114066,164.9219173653129,153.25094950509416
*C(C*)C(=O)OC1CCCCC1,tg,23.69,63.48700852904991,45.80917463000337,57.07792793060642
*OC(=O)c1cc(cc(c1)C(C)(C)C)C(=O)OCC*,tg,94.0,87.75133650047752,96.39333532695828,90.88448433560661
*Oc1c(cc(cc1)Oc1ccc(cc1)C(=O)c1ccc(cc1)c1ccc(cc1)C(=O)c1ccc(cc1)*)c1cc(ccc1)C,tg,170.0,171.95877849391937,144.51408099163817,162.0087314860952
*Nc1ccc(cc1)Cc1ccc(cc1)NC(=O)NCCCCCCCCNC(=O)*,tg,50.0,36.03765740645636,35.02154361535637,35.66926639081835
*c1cc2c(C(=O)N(C2=O)c2ccc(cc2)C(=O)OCCCSCCCCCCSCCCOC(=O)*)cc1,tg,31.0,49.40561653843729,31.138461369496135,42.78287811637688
*N(CC*)C(=O)C(C)C,tg,30.0,34.9902714992831,34.54266719115793,34.827993015201436
*N1C(=O)c2c(C1=O)c(ccc2)Oc1c(cc(cc1C)c1cc(c(c(c1)C)Oc1c2c(C(=O)N(C2=O)c2ccc(cc2)Oc2ccc(cc2)*)ccc1)C)C,tg,298.0,289.48129957719044,286.41884793184005,288.37101086557715
*NC(=O)c1c(cc(cc1)C(=O)NCCCCCC*)Oc1ccc(cc1)c1ccccc1,tg,112.0,132.31243021455734,122.24829831398426,128.66368948803554
*Nc1ccc(cc1)NC(=O)c1c(ccc(c1)C(=O)c1cc(c(cc1)C(=O)O)C(=O)*)C(=O)O,tg,213.2,247.8724853309303,250.86535631889453,248.9575476463784
*Oc1ccc(cc1)C(c1ccc(cc1)OC(=O)c1ccc(cc1)C(c1ccc(cc1)C(=O)*)(CC)C)(C)C,tg,207.5,199.201126194397,160.3749703544092,185.1247431076869
*Oc1ccc(cc1)NC(=O)c1cc(ccc1)C(=O)Nc1ccc(cc1)OCCCCCCCC*,tg,128.0,115.13989701749784,121.99882539065536,117.62659448357645
*C(C*)(C(=O)OCCCCCCOc1ccc(cc1)C(=O)Oc1ccc(cc1)OCCCC)C,tg,55.17,31.735398416606476,31.105902799168597,31.507175424379817
*Nc1ccc(cc1)NC(=O)CCCCCC(=O)*,tg,133.0,143.1953375696298,136.39060982265553,140.7282904851352
*Oc1ccc(cc1)Oc1ccc(cc1)Oc1ccc(cc1)NC(=O)c1cc(cc(c1)C(C)(C)C)C(=O)Nc1ccc(cc1)*,tg,230.0,206.802032489262,223.03027224145202,212.6855642124705
*c1cc2c(C(=O)N(C2=O)c2ccc(cc2)Oc2c(cc(c(c2)C(C)(C)C)Oc2ccc(cc2)N2C(=O)c3c(C2=O)cc(cc3)C(=O)*)C(C)(C)C)cc1,tg,288.0,279.69685011154513,269.36412344169344,275.95073062615177
*S(=O)(=O)c1ccc(cc1)NC(=O)CCCCCC(=O)Nc1ccc(cc1)*,tg,163.0,169.61753758560272,148.87339147343383,162.09676863064897
*N1C(=O)c2c(C1=O)cc(cc2)Oc1ccc(cc1)C(c1ccc(cc1)Oc1cc2c(C(=O)N(C2=O)c2c(cc(cc2C)c2cc(c(c(c2)C)*)C)C)cc1)(C)C,tg,280.0,299.7489043540782,320.89356182844944,307.41487829373807
*C1C(=O)N(C(=O)C1*)c1ccc(cc1)O[Si](C)(C)C,tg,172.0,160.40600600404875,188.86997549026722,170.7255890270938
*Sc1cc(ccc1)Sc1ccc(cc1)Sc1ccc(cc1)*,tg,69.0,78.60649706264208,81.61539617685386,79.69737035886696
*C(C*)OC(=O)c1ccc(cc1)OC(=O)C,tg,76.0,88.35025846055323,75.93991551410639,83.85090131915638
*C(C*)C(=O)OC1CC(CC(C1)C)(C)C,tg,15.0,84.95628813663882,95.74517695441551,88.86778874218
*c1cc2c(C(=O)N(C2=O)c2ccc(cc2)C(=O)Nc2ccc(cc2)Oc2ccc(cc2)NC(=O)*)cc1,tg,252.67,243.10443890313215,246.1584316380732,244.21166084542872
*N1C(=O)N(C(=O)C1=O)c1ccc(cc1)CCc1ccc(cc1)*,tg,197.0,214.64236519573612,259.83070561543923,231.0253517943035
*C(C*)(CC(=O)OC1CCCCCC1)C(=O)OC1CCCCCC1,tg,105.0,94.48307138824146,103.32223983450936,97.68770286735074
*NC(=O)CCC1(c2ccccc2c2ccccc12)CCC(=O)NCc1cc(ccc1)C*,tg,150.0,153.54071082772512,164.57245915738798,157.54025990089337
*N1C(=O)c2c(C1=O)cc(cc2)Oc1ccc(cc1)C(c1ccc(cc1)Oc1cc2c(C(=O)N(C2=O)c2ccc(cc2)Oc2c(c(ccc2)Oc2ccc(cc2)*)C#N)cc1)(C)C,tg,213.0,228.4022139481932,225.4925929176846,227.34733381966902
*C(C*)c1c(ccc(c1)C(=O)OCC)c1ccc(cc1)OCCCCCCCC,tg,95.0,99.60692259962428,89.94421247531915,96.10371692749679
*c1oc(nn1)c1ccc(cc1)Oc1cc(ccc1)n1c(=O)c2ccc3c(=O)n(c(=O)c4ccc(c1=O)c2c34)c1cc(ccc1)Oc1ccc(cc1)*,tg,318.0,255.99445116822108,255.21144972739935,255.71057479673905
*Nc1c(cc(cc1)NC(=O)c1ccc(cc1)NC(=O)CCCCCCCCCCCCC(=O)Nc1ccc(cc1)C(=O)*)C(=O)OCCCCCCCCCCCCCCCC,tg,250.0,195.18527179855593,206.15251380714523,199.16143417099883
*c1cc2c(C(=O)N(C2=O)c2ccc(cc2)Cc2ccc(cc2)N2C(=O)c3c(C2=O)cc(cc3)C(=O)Nc2ccc(cc2)Oc2c(cccc2)c2c(cccc2)Oc2ccc(cc2)NC(=O)*)cc1,tg,240.0,243.07852919954527,228.71445605402033,237.87084917283272
*OC(=O)CCCCCCCC(=O)OCC*,tg,-45.0,-50.30825010139594,-46.4533266418467,-48.91065154411941
*Oc1ccc(cc1)C1(c2cc(ccc2c2ccc(cc12)[N+](=O)[O-])N(C)C)c1ccc(cc1)OC(=O)CCCCC(=O)*,tg,150.0,184.02109093392585,191.0009393804034,186.55162784890436
*Oc1c(cc(cc1)OC(=O)c1c(cc(cc1)c1ccc(cc1)C(=O)*)c1ccccc1)C,tg,133.0,141.4634921289327,130.70507640899532,137.563039513844
*C(C*)c1nc(nc(n1)C)C,tg,70.0,131.12897376328826,105.31168681217672,121.76894278620449
*C(C*)c1c(cccc1Cl)Cl,tg,165.0,136.526620782008,70.95122886026408,112.75232951413695
*N1C(=O)c2c(C1=O)cc(cc2)Oc1cc2c(C(=O)N(C2=O)c2cc(ccc2)C(c2cc(ccc2)*)(C(F)(F)F)C(F)(F)F)cc1,tg,224.5,237.0676740554111,231.2862043963592,234.97160814405996
*c1cc2c(C(=O)N(C2=O)c2c3c(c(cc2C)c2cc(c(c4c2cccc4)N2C(=O)c4c(C2=O)cc(cc4)C(=O)Nc2ccc(cc2)C(c2ccc(cc2)NC(=O)*)(C(F)(F)F)C(F)(F)F)C)cccc3)cc1,tg,250.0,295.4354430482581,301.13383962532646,297.5013908987069
*c1cc2c(C(=O)N(C2=O)c2cc(ccc2)C(=O)Nc2ccc(cc2)NC(=O)c2ccc(cc2)NC(=O)c2cc(ccc2)N2C(=O)c3c(C2=O)cc(cc3)C(*)(C(F)(F)F)C(F)(F)F)cc1,tg,328.0,276.771156663074,292.80769957142167,282.5851888916233
*N1C(=O)c2c(C1=O)cc(cc2)c1cc2c(C(=O)N(C2=O)c2ccc(cc2)Oc2c(c(ccc2)Oc2ccc(cc2)*)C#N)cc1,tg,271.0,269.9001419261655,266.35042725194313,268.61319650182844
*c1ccc2c3n(c4ccc(cc4n3)c3cc4n5c(nc4cc3)c3cccc4c(ccc(c5=O)c34)Oc3ccc(cc3)C3(c4ccccc4c4ccccc34)c3ccc(cc3)O*)c(=O)c3cccc1c23,tg,421.0,396.9476171647784,413.97648894315614,403.12141721016013
*OC(C*)CCCCCC,tg,-71.67,-76.13309000810705,-85.96129278621952,-79.69629487259934
*Nc1cc(cc(c1)c1oc(nn1)c1ncccc1)NC(=O)c1ccc(cc1)C(=O)*,tg,230.0,235.75817997459237,216.197613807162,228.66651671798664
*Nc1cc(ccc1)NC(=O)c1cc(ccc1)C(=O)Nc1cc(ccc1)NC(=S)NC(=O)c1ccc(cc1)C(=O)NC(=S)*,tg,248.0,243.0777423799776,253.48305813311663,246.85017896326957
*Nc1cc(cc(c1)C(=O)OCCN(c1ccc(cc1)S(=O)(=O)C(C(C(C(C(C(C(C(F)(F)F)(F)F)(F)F)(F)F)(F)F)(F)F)(F)F)(F)F)C)NC(=O)c1cc(cc(c1)OCCN(c1ccc(cc1)C#N)C)C(=O)*,tg,165.0,157.66433013700285,157.30332476229316,157.53344800765385
*C(C*)(C(=O)OC(COc1ccc(cc1)c1ccccc1)COc1ccc(cc1)c1ccccc1)C,tg,85.0,99.9912418040334,115.87945875777295,105.75149860945375
*c1cc2c(C(=O)N(C2=O)c2ccc(cc2)Oc2ccc(cc2)Oc2ccc(cc2)N2C(=O)c3c(C2=O)cc(cc3)C(=O)Nc2ccc(cc2)Oc2ccc(cc2)C2(c3c(C(=O)N2)cccc3)c2ccc(cc2)Oc2ccc(cc2)NC(=O)*)cc1,tg,284.0,291.4038797239268,313.3265615841109,299.351925608866
*c1oc(cc1)C(c1oc(cc1)CNC(=O)OC(C(OC(=O)NC*)c1occc1)c1occc1)(C)C,tg,45.0,62.25040268448785,52.12211228571646,58.578401360068334
*Oc1c(cc(cc1)C(c1cc(c(cc1)OC(=O)c1ccc(cc1)C(=O)*)CCCC)(C)C)CCCC,tg,156.67,96.72236731242288,105.95362470132766,100.06915023663957
*N1C(=O)c2c(C1=O)cc(cc2)Oc1cc2c(C(=O)N(C2=O)c2c(ccc(c2)C(c2cc(c(cc2)OCc2cc(cc(c2)OCCN(c2ccc(cc2)C=CC2=CC(=C(C#N)C#N)CC(C2)(C)C)C)OCCN(c2ccc(cc2)C=CC2=CC(=C(C#N)C#N)CC(C2)(C)C)C)*)(C(F)(F)F)C(F)(F)F)OCc2cc(cc(c2)OCCN(c2ccc(cc2)C=CC2=CC(=C(C#N)C#N)CC(C2)(C)C)C)OCCN(c2ccc(cc2)C=CC2=CC(=C(C#N)C#N)CC(C2)(C)C)C)cc1,tg,178.0,178.19089609190618,212.1781299031765,190.5129329465643
*Nc1ccc(cc1)Cc1ccc(cc1)NC(=O)c1ccc(cc1)P(=O)(c1ccc(cc1)C(=O)*)c1ccccc1,tg,307.0,244.2517106715809,229.75183759040578,238.99479651710044
*Oc1ccc(cc1)C(c1ccc(cc1)OCC(COc1ccc(cc1)C(=O)c1ccc(cc1)OCC(C*)O)O)(C)C,tg,120.0,100.32951888079634,87.86892028770848,95.81194160611345
*OC(=O)CCCCC(=O)OCC(C*)CCCCCCOc1ccc(cc1)N=Nc1ccc(cc1)C(F)(F)F,tg,44.0,19.950293835345935,32.11760708842876,24.361540809994995
*NC(=O)c1ccc(cc1)C(c1ccc(cc1)C(=O)NCCCCCC*)(CC)C,tg,159.0,138.95506210679528,147.49868821026877,142.05254501181798
*C1C2CCC(C1*)C2,tg,251.49,171.96633582467658,161.69411866405147,168.24215399996154
*Oc1ccc(cc1)Oc1ccc(cc1)NC(=C(C#N)C#N)c1ccc(cc1)C(=C(C#N)C#N)Nc1ccc(cc1)*,tg,255.0,238.80236687892213,244.41914458195617,240.8387238900731
*NC(=O)CCCCCCCCC(=O)NCCc1ccc(cc1)CC*,tg,105.0,90.14160728242608,83.29966000242635,87.66106629430284
*Oc1ccc(cc1)Oc1cc(ccc1)C(=O)Oc1ccc(cc1)OC(=O)c1cc(ccc1)*,tg,119.0,123.72077232939876,114.82984016153553,120.49737396597129
*O[Si](c1cc(ccc1)C(C(c1cc(ccc1)[Si](*)(C)C)(F)F)(F)F)(C)C,tg,-2.0,17.45020088786426,-17.491181996977918,4.782238262527789
*c1nc2c([nH]1)ccc(c2)NC(=O)c1ccc(cc1)OCCOCCOCCOCCOCCOc1ccc(cc1)C(=O)Nc1cc(ccc1)*,tg,140.0,134.8453513742,183.43699803122027,152.46220316805736
*C1COC2C1OCC2OC(=O)OCCCCCCCCOC(=O)O*,tg,19.5,26.35195740275238,21.3274045369627,24.530310900591097
*C(C*)(C(=O)OCCCCOc1ccc(cc1)OC(=O)c1ccc(cc1)OCCCCCCCC)C,tg,10.0,32.16318026660225,43.47410749789531,36.263945365000225
*N1C(=O)c2c(C1=O)c(ccc2)c1cc2c(C(=O)N(C2=O)c2c(cc(cc2)c2cc(c(cc2)*)C)C)cc1,tg,384.0,381.773477192655,379.90479790247844,381.0959894273678
*Oc1cc2c(cc1)ccc(c2)Oc1ccc(cc1)C(=O)Nc1cc(ccc1)Oc1ccc(cc1)NC(=O)c1ccc(cc1)*,tg,164.0,192.32758490180177,191.41268437806767,191.99588865272196
*c1sc(cc1)C(=O)Oc1ccc(cc1)[Si](c1ccc(cc1)OC(=O)*)(CC)C,tg,-51.0,20.775287639609104,-31.673865439461828,1.7599008380622843
*OC(COC(=O)C1CCC(CC1)C(=O)*)COc1ccc(cc1)N=Nc1ccc(cc1)C#N,tg,106.0,93.9714939738684,77.26376057681082,87.91412232016012
*c1ccc2c(nc([nH]2)c2cc(ccc2)c2nc3c([nH]2)ccc(c3)C(=O)Nc2ccc(cc2)S(=O)(=O)c2ccc(cc2)NC(=O)*)c1,tg,312.0,317.1000410220252,317.47691334707724,317.2366756979915
*C1COC2C1OCC2OC(=O)OCCCCCCCCCCOC(=O)O*,tg,6.5,19.99202190782899,25.352356105479956,21.935405588404866
*C(C*)C(F)(F)F,tg,28.0,23.81134155975067,44.8178806903064,31.427240835133635
*OC(=O)NCCCCCCCCCNC(=O)OCC*,tg,44.0,28.240464810011304,46.37212786374499,34.814080704290475
*c1cc2c(C(=O)N(C2=O)c2cc(ccc2)C(c2cc(ccc2)N2C(=O)c3c(C2=O)cc(cc3)C(*)(C(F)(F)F)C(F)(F)F)(C(F)(F)F)C(F)(F)F)cc1,tg,266.5,278.40402247853916,262.90122565590144,272.7834993474254
*C1OC(C(C(C1NC(=O)C)O)O*)CO,tg,236.5,128.51252772276564,149.6096584738287,136.1612708975025
*OC(=O)CCCCCCC(=O)OCCC*,tg,-58.75,-54.8701189895833,-54.35315315040292,-54.682693553363556
*C(C*)c1c(cccc1)COCCc1ccccc1,tg,63.0,49.85231439806739,41.616464783806045,46.86641554440141
*[n+]1ccc(cc1)c1cc[n+](cc1)Cc1c(cccc1)C*,tg,70.5,149.97869094556953,94.87928806278003,130.0024587884751
*Nc1c(cc(cc1)Br)c1ccc(cc1)NC(=O)c1ccc(cc1)C(=O)*,tg,267.0,265.17422404396854,267.6843449610563,266.0842658149981
*C(C*)OC(=O)C(CCC)(C)C,tg,10.0,41.64250099192437,55.14510763416548,46.53785721901673
*NC(=O)C(C(C(=O)NCCCCCCCCC*)OC)OC,tg,84.0,84.87186580717778,86.11521639718418,85.32264129183166
*C1COC2C1OCC2OC(=O)CCC(=O)O*,tg,77.0,107.84464739763554,124.41447430051961,113.852021192938
*C(C*)(C(=O)OCC(C1OCC(CO1)(C)C)(C)C)C,tg,111.0,96.60536368283468,87.32686752665025,93.24145439185862
*OC(=O)CCCCC(=O)OCC*,tg,-61.91,-36.98633403750994,-39.966713344013385,-38.06686750662145
*Oc1ccc(cc1)c1ccc(cc1)OC(=O)c1c(cc(c(c1)OCCCCCC)C(=O)*)OCCCCCC,tg,113.0,81.12709721769919,97.27794455963655,86.9825704017309
*Oc1ccc(cc1)CC(NC(=O)CCc1ccc(cc1)OC(=O)COCC(=O)*)C(=O)OCCCCCCCCCCCC,tg,36.0,35.93530298514724,34.98574279437109,35.59104090923273
*C(C*)c1sccc1,tg,71.0,48.69187384836538,98.49504407619241,66.74796227361985
*OC(CCC(C(=O)*)C1OCCCO1)CCC,tg,17.4,28.159183932948963,39.278003572042515,32.19030062029099
*N1C(=O)c2c(C1=O)cc(cc2)c1cc2c(C(=O)N(C2=O)c2cc(ccc2)OCCCOc2cc(ccc2)*)cc1,tg,184.0,186.4546133338356,172.41997242450623,181.36636862739815
*OC(=O)CC(=O)OCCCCCCCCCCCCCCCCCCCC*,tg,-35.1,-23.48123969152518,-1.254071973414315,-15.422802770236009
*OC(=O)c1ccc(cc1)C(=O)OCC(C(C*)C(C)C)C(C)C,tg,65.0,48.30585405946556,63.28960726347194,53.738198457544925
*c1oc(nn1)c1ccc(cc1)C(=O)OCCCCCCOc1ccc(cc1)C=CC(=O)C=Cc1ccc(cc1)OCCCCCCOC(=O)c1ccc(cc1)*,tg,62.0,88.91120442307773,87.52910152200367,88.41012442996818
*Oc1ccc(cc1)C(c1ccc(cc1)OC(=O)OCCCOC(=O)*)(C)C,tg,68.1,59.916597215207815,77.98789291907734,66.46832698854008
*OC(=O)NNC(=O)CCCCCCCCC(=O)NNC(=O)OCCC*,tg,22.0,62.35246410357639,49.0605366177735,57.53348938915893
*Oc1ccc(cc1)S(=O)(=O)c1ccc(cc1)Oc1ccc(cc1)S(=O)(=O)c1ccc(cc1)c1ccc(cc1)c1ccc(cc1)S(=O)(=O)c1ccc(cc1)*,tg,281.0,249.4720554840773,248.22864133575322,249.0212569564204
*c1cc2c(C(=O)N(C2=O)c2cc(cc(c2)C(=O)OC)N2C(=O)c3c(C2=O)cc(c(c3)Cl)C(=O)*)cc1Cl,tg,321.0,298.82066578187835,296.80841804695734,298.0911274237971
*Oc1ccc(cc1)NC(=O)c1c(ccc(c1)c1cc(c(cc1)C(=O)OCC)C(=O)Nc1ccc(cc1)*)C(=O)OCC,tg,190.15,214.82359845977655,230.6501778958579,220.56150864621546
*NC(=O)CCCCCCCCCCCCCCCCCCC(=O)NCCCCCCC*,tg,46.0,47.90319625754796,47.92505637488256,47.911121620728146
*c1cc2C(c3c(c2cc1)ccc(c3)c1c(cc(c(c1)OCc1ccccc1)*)OCc1ccccc1)(CCCCCC)CCCCCC,tg,73.0,112.27422292495989,89.7432460395819,104.10564030082723
*c1cc2c(C(=O)N(C2=O)c2cc(ccc2)C(=O)Nc2ccc(cc2)C(c2ccc(cc2)NC(=O)c2cc(ccc2)N2C(=O)c3c(C2=O)cc(cc3)C(*)(C(F)(F)F)C(F)(F)F)(C(F)(F)F)C(F)(F)F)cc1,tg,273.5,297.0506313436949,310.6410760745114,301.97783317995567
*Oc1c(cc(c(c1)OC(=O)c1ccc(cc1)OCCC)OC(=O)CCCCCCCCCCCCCCC(=O)*)OC(=O)c1ccc(cc1)OCCC,tg,18.0,48.107587068391865,38.14813477236921,44.49679782542896
*C(C*)(C(=O)OCCCCCCOc1ccc(cc1)N=Nc1ccc(cc1)OC)C,tg,82.0,66.85586522295928,63.36069716507587,65.58869561858326
*N1C(=O)c2c(C1=O)c(ccc2)Oc1cc(ccc1)Oc1c2c(C(=O)N(C2=O)c2ccc(cc2)Oc2cc(ccc2)Oc2ccc(cc2)*)ccc1,tg,193.0,213.00205968300952,219.34464613635643,215.30155791419773
*c1c2c(c(nn1)c1ccc(cc1)Oc1ccc(cc1)C(c1ccc(cc1)Oc1ccc(cc1)*)(C(F)(F)F)C(F)(F)F)c(c(c(c2c1ccc(cc1)F)c1ccc(cc1)F)c1ccc(cc1)F)c1ccc(cc1)F,tg,285.33,269.575407255248,267.45836398554945,268.80787538322255
*c1cc2c(C(=O)N(C2=O)c2c(ccc(c2)C(c2cc(c(cc2)OC(=O)C)N2C(=O)c3c(C2=O)cc(cc3)C(*)(C(F)(F)F)C(F)(F)F)(C(F)(F)F)C(F)(F)F)OC(=O)C)cc1,tg,266.5,254.169927458998,300.0570250113054,270.806247741272
*Nc1ccc(cc1)C1(c2ccccc2c2ccccc12)c1ccc(cc1)NC(=O)c1cc(cc(c1)NC(=O)C12CC3CC(CC(C1)C3)C2)C(=O)*,tg,370.0,293.78134480381044,327.0036017597602,305.8260400820236
*c1cc2c(C(=O)N(C2=O)c2ccc(cc2)Sc2ccc(cc2)Sc2ccc(cc2)Sc2ccc(cc2)N2C(=O)c3c(C2=O)cc(cc3)C(*)(C(F)(F)F)C(F)(F)F)cc1,tg,233.0,236.05487741524533,260.71966906395903,244.997072399267
*c1n(c(nn1)c1ccc(cc1)Oc1ccc(cc1)C(c1ccc(cc1)Oc1ccc(cc1)*)(C)C)c1ccc(cc1)C,tg,205.0,198.3351749912132,192.64806181349059,196.2733179256561
*c1cc2C(c3c(c2cc1)ccc(c3)c1ccc(cc1)*)(CCCCCCC#N)CCCCCCC#N,tg,90.0,119.98268491321816,161.64311955217616,135.08663287947155
*c1nc2c(nc1c1ccccc1)cc(cc2)Oc1ccc(cc1)Oc1ccc(cc1)P(=O)(c1ccc(cc1)Oc1ccc(cc1)Oc1cc2c(nc(c(n2)c2ccccc2)c2ccc(cc2)*)cc1)c1ccccc1,tg,248.0,256.0366094531354,316.1740839070672,277.83938930518923
*C(C(CCCC*)c1ccc(cc1)O)c1c(cc(cc1)O)C,tg,25.0,57.28270925419721,26.715574978153423,46.200625987809254
*C(C*)(C(=O)OCC(C(C(F)(F)F)(F)F)(F)F)F,tg,75.0,58.863439169138495,60.40283729935643,59.42154638668579
*N(CC(C*)O)c1ccc(cc1)N=Nc1ccc(cc1)C(=O)O,tg,99.0,143.67617809865737,143.67647884679675,143.6762871345877
*c1cc2c(C(=O)N(C2=O)c2c3c(ccc2)c(ccc3)N2C(=O)c3c(C2=O)cc(cc3)C(=O)Nc2ccc(cc2)C(c2ccc(cc2)NC(=O)*)(C(F)(F)F)C(F)(F)F)cc1,tg,250.0,295.6783778078943,286.1352942501672,292.21854262512045
*Nc1c2c(ccc1)c(ccc2)NC(=O)c1cc(ccc1)C(=O)*,tg,325.0,263.215557515651,276.40414054829125,267.9970648042796
*c1nc2c([nH]1)ccc(c2)c1ccc2c(nc([nH]2)c2cc(ccc2)C(=O)Nc2ccc(cc2)Cc2ccc(cc2)N2C(=O)c3c(C2=O)cc(cc3)S(=O)(=O)c2cc3c(C(=O)N(C3=O)c3ccc(cc3)Cc3ccc(cc3)NC(=O)c3cc(ccc3)*)cc2)c1,tg,270.0,288.7995692688801,302.5262402188671,293.776159781563
*N1C(=O)c2c(C1=O)cc(cc2)C(c1cc2c(C(=O)N(C2=O)CCCCCCC*)cc1)(C(F)(F)F)C(F)(F)F,tg,150.0,132.36648581936507,120.9022102501296,128.21012443789743
*Oc1ccc(cc1)NC(=O)c1cc(ccc1)C(=O)Nc1ccc(cc1)OCCOCC*,tg,155.0,128.81768209510722,101.12987353472857,118.77949542183434
*OC(=O)OCC(C(C*)O)O,tg,51.38,17.538344546391613,14.388444524165394,16.396351515187966
*Oc1cc(c(cc1)N=Cc1ccc(cc1)C=Nc1c(cc(cc1)OCCCCCCCCCC*)C)C,tg,77.6,73.95378498456411,35.56601231136114,60.036337266574506
*Oc1ccc(cc1)C(c1ccc(cc1)OC(=O)*)C,tg,122.2,123.5042877952216,124.509468358118,123.86871498015739
*Oc1cc2c(C(CC32CC(c2ccc(cc32)OC(=O)*)(C)C)(C)C)cc1,tg,227.5,185.3611351728034,165.76892773392723,178.25800040559903
*Oc1c(cc(cc1Cl)C(=C(Cl)Cl)c1cc(c(c(c1)Cl)OC(=O)*)Cl)Cl,tg,250.0,205.50608890844475,217.48696472670434,209.84974318179496
*c1ccc2n(c3c(c2c1)cc(cc3)c1ccc2n(c3c(c2c1)cc(cc3)C=Cc1ccc(cc1)c1n(c(nn1)c1ccc(cc1)C=C*)c1ccccc1)CCCCCCCC)CCCCCCCC,tg,157.0,146.67980770296413,164.4956117586504,153.13890924057552
*NC(=O)CCCCC(=O)NCCCP(=O)(CCC*)C,tg,33.0,54.578668986939626,59.91415644824641,56.51304450866824
*c1cc2c(C(=O)N(C2=O)C2C(=O)N(C(=O)C2)c2ccc(cc2)c2ccc(cc2)NC(=O)*)cc1,tg,219.0,213.70885017048008,171.7458961601456,198.49522411556413
*Oc1ccc(cc1)C(=Cc1ccc(cc1)OCCOCC*)C,tg,39.0,46.6550192941584,24.122517893769025,38.4858839586677
*NC(=O)c1cc(ccc1)C(=O)NCC1CC(CC(C1)C(C)(C)C)C*,tg,209.0,193.39824310133025,196.40936957927542,194.48992392599843
*c1cc2c(C(=O)N(C2=O)c2c(cc(cc2)c2cc(c(cc2)N2C(=O)c3c(C2=O)cc(cc3)C(*)(C(F)(F)F)C(F)(F)F)C)C)cc1,tg,352.0,337.63703579732606,354.37335889942426,343.7047726193541
*Oc1c(cc(cc1)C1(CCCCC1)c1cc(c(cc1)OC(=O)*)C)C,tg,134.75,148.16210453513554,156.01210309095092,151.00811348222717
*Oc1c(cc(c(c1)OC(=O)c1ccc(cc1)OCCCC)OC(=O)C(CCC(=O)*)C)OC(=O)c1ccc(cc1)OCCCC,tg,55.0,58.13212391604812,54.090888369104505,56.66697810205485
*Oc1ccc(cc1)N=CCCCC=Nc1ccc(cc1)OC(=O)NC1CC(CC(C1)(CNC(=O)*)C)(C)C,tg,66.0,104.12543381738114,128.17354927633022,112.84405347956684
*C(C*)CCCCCCCCCI,tg,-6.0,-10.803298106115989,3.560908151726154,-5.595569819668965
*SCC(=O)NCCCCCCNC(=O)C*,tg,-7.0,43.67159234817268,49.63169382295561,45.832421041604746
*Oc1ccc(cc1)C1(c2ccccc2c2ccccc12)c1ccc(cc1)OCCOC(=O)NCCCCCCNC(=O)OCC*,tg,61.0,120.697891851365,126.83663841946958,122.92348814065488
*c1cc2c(C(=O)N(C2=O)c2cc(c(cc2)Oc2ccc(cc2)Oc2ccc(cc2)N2C(=O)c3c(C2=O)cc(cc3)C(*)(C(F)(F)F)C(F)(F)F)C(F)(F)F)cc1,tg,260.8,248.4154080798836,250.70456079657706,249.2453380558761
*c1cc2c(oc(n2)c2nc(ccc2)c2oc3c(n2)cc(cc3)C(*)(C(F)(F)F)C(F)(F)F)cc1,tg,329.0,319.88946220432763,293.97785042231413,310.4952338562799
*OC(=O)Nc1c(cc(cc1)c1cc(c(cc1)NC(=O)OCCN(CC*)c1ccc(cc1)N=Nc1ccc(cc1)[N+](=O)[O-])OC)OC,tg,140.0,147.0599779293062,163.47622578328784,153.0116717975164
*C(=C(*)c1ccccc1)c1ccc(cc1)C(C)(C)C,tg,200.0,217.54201969945564,222.24983373890393,219.2488328641011
*C(C*)C(=O)OC(CC)CC,tg,-6.0,7.758480202451428,-18.09237923305955,-1.613722444511979
*c1cc2c(C(=O)N(C2=O)c2c(ccc(c2)N2C(=O)c3c(C2=O)cc(cc3)C(=O)Nc2c(cc(cc2C)Cc2cc(c(c(c2)C)NC(=O)*)C)C)N=Nc2ccc(cc2)[N+](=O)[O-])cc1,tg,280.0,277.14353895414837,262.1215623251594,271.69733669243817
*Oc1ccc(cc1)OC(=O)c1c(cc(c(c1)OCCCCCCCCOCC1N(CCC1)c1ccc(cc1)[N+](=O)[O-])C(=O)*)OCCCCCCCCOCC1N(CCC1)c1ccc(cc1)[N+](=O)[O-],tg,41.0,46.86849631530902,48.438334303796296,47.43763947233665
*Oc1ccc(cc1)CC(NC(=O)CCc1ccc(cc1)OC(=O)CCC(=O)*)C(=O)OCCCC,tg,67.0,65.6416225076028,67.93436589877886,66.47285427895623
*N1C(=O)c2c(C1=O)cc(cc2)Oc1cc2c(C(=O)N(C2=O)c2cc(ccc2)P(=O)(c2cc(ccc2)*)c2ccccc2)cc1,tg,251.0,245.66792922959232,241.98451789731058,244.3325122186266
*N1C(=O)c2c(C1=O)cc(cc2)S(=O)(=O)c1cc2c(C(=O)N(C2=O)c2ccc(cc2)C2(c3ccccc3c3ccccc23)c2ccc(cc2)*)cc1,tg,392.0,373.0704768139324,366.0113755182279,370.51120685953
*C1C(=O)OC(=O)C1C1C2CC(C(C1*)C2)C(=O)OCCOCC,tg,155.0,181.26587915849132,178.0041123451714,180.08332893659886
*Oc1ccc(cc1)S(=O)(=O)c1ccc(cc1)Oc1c(cc(cc1)C(c1cc(c(cc1)*)Cl)(C)C)Cl,tg,205.0,197.384214876598,194.2226686107305,196.2379995116745
*N(CC*)C(=O)CCCCC,tg,7.0,18.42391623443414,22.486558261366394,19.896822945851827
*C(C*)(C(=O)OCC)C,tg,64.96,75.00238935162248,60.248603165147024,69.65341926052872
*Oc1ccc(cc1)C(c1ccc(cc1)Oc1ccc(cc1)C(=O)c1cc(ccc1)C(=O)c1ccc(cc1)*)(C)C,tg,153.0,149.40451716948425,142.3649893827071,146.85234357072278
*Oc1c(c(c(c(c1[2H])[2H])S(=O)(=O)c1c(c(c(c(c1[2H])[2H])Oc1c(c(c(c(c1[2H])[2H])C(c1c(c(c(c(c1[2H])[2H])*)[2H])[2H])(C([2H])([2H])[2H])C([2H])([2H])[2H])[2H])[2H])[2H])[2H])[2H])[2H],tg,175.0,228.61227251451544,167.31505122767007,206.38902763442823
*C(C*)(C(=O)OC1CCCCCCC1)C,tg,73.0,80.76461118014497,82.31689763233909,81.32739104564199
*Oc1ccc(cc1)NC(=C(C#N)C#N)c1cc2c(cc1)cc(cc2)C(=C(C#N)C#N)Nc1ccc(cc1)*,tg,280.0,235.54026479642096,240.16230689761727,237.2159814325844
*C(C*)c1c(cccc1)OC(=O)C,tg,118.0,125.1204861992735,137.1124383416578,129.46815618260575
*C(*)C(=O)OC1CCCCC1,tg,140.0,73.46697980164015,91.73147200125409,80.0887527668948
*Nc1cc(ccc1)NC(=O)c1ccc(cc1)C(=O)*,tg,238.0,242.32122880724455,288.7984572579247,259.17150044311205
*C(C*)(C(=O)OCC[N+](CCCCCCC)(C)C)C,tg,-44.0,110.38545802312758,91.61323049526034,103.57960613394845
*c1cc2c(C(=O)N(C2=O)c2c3c(ccc2)c(ccc3)Oc2ccc(cc2)N2C(=O)c3c(C2=O)cc(cc3)C(=O)Nc2ccc(cc2)c2ccc(cc2)NC(=O)*)cc1,tg,301.0,287.8645545460143,278.0657945973012,284.3120241492054
*c1cc2c(C(=O)N(C2=O)c2cc3C(=O)c4c(c3cc2)ccc(c4)N2C(=O)c3c(C2=O)cc(cc3)C(=O)*)cc1,tg,331.0,345.0319751323763,322.03823485908146,336.69561811528894
*[Si](CC=CC*)(C=C)C=C,tg,-65.0,35.354539192056514,2.739576541278896,23.53001784301656
*Nc1cc(ccc1)NC(=O)Nc1ccc(cc1)Cc1ccc(cc1)NC(=O)*,tg,132.0,200.68464459367908,178.5049814928406,192.64343042279225
*Oc1ccc(cc1)NC(=O)CCCCC(=O)Nc1ccc(cc1)OCC(COc1ccc(cc1)C(c1ccc(cc1)OCC(C*)O)(C)C)O,tg,112.0,128.6141387983793,124.83431982632194,127.24376929622282
*Oc1ccc(cc1)S(=O)(=O)c1ccc(cc1)Oc1ccc(cc1)C(c1ccc(cc1)*)(c1ccc(cc1)O)C,tg,219.29,203.5213472670732,196.65206599050575,201.03089636645274
*OCC(C*)(CS(=O)(=O)CCCC)CS(=O)(=O)CCCC,tg,66.0,56.59108252717599,58.36204945942482,57.23314477704096
*Oc1ccc(cc1)NC(=O)c1c2c(c(cc1)C(=O)Nc1ccc(cc1)Oc1ccc(cc1)C1(C3CC4CC(CC1C4)C3)c1ccc(cc1)*)cccc2,tg,269.0,259.0118310338202,249.75237962188746,255.65482639539283
*N1C(=O)c2c(C1=O)cc(cc2)c1cc2c(C(=O)N(C2=O)c2ccc(cc2)Oc2cc3c(cc2Oc2ccc(cc2)*)cccc3)cc1,tg,254.17,278.72881077959215,263.0777020824345,273.05451733007095
*c1cc2c(C(=O)N(C2=O)c2ccc(cc2)N(c2ccc(cc2)N2C(=O)c3c(C2=O)cc(cc3)C(*)(C(F)(F)F)C(F)(F)F)c2ccc(cc2)C#N)cc1,tg,321.0,297.08225019407536,306.6031171879957,300.5340307843652
*C(C*)OC(=O)c1ccc(cc1)[N+](=O)[O-],tg,122.0,103.5760763093641,85.2711628439761,96.93964865554771
*c1cc2c(C(=O)N(C2=O)c2cc(cc(c2)C(F)(F)F)N2C(=O)c3c(C2=O)cc(cc3)C(*)(C(F)(F)F)C(F)(F)F)cc1,tg,284.0,312.52957140907205,297.7747695266453,307.18023307845004
*c1cc2c(C(=O)N(C2=O)c2ccc(cc2)C(=O)c2ccc(cc2)Cc2ccc(cc2)N2C(=O)c3c(C2=O)cc(cc3)C(=O)*)cc1,tg,307.0,297.74134459609195,284.6871905730598,293.008574407397
*C=CCCCCCCCCCC*,tg,-53.0,-44.27688775032605,-58.14856854308277,-49.30605143318278
*Oc1c(cccc1)C(=O)NCC*,tg,84.0,122.09054718270802,130.34726302206235,125.08401106493861
*c1cc2c(C(=O)N(C2=O)c2cc(cc(c2)C(=O)c2ccccc2)N2C(=O)c3c(C2=O)cc(cc3)C(=O)*)cc1,tg,282.0,276.57117697759423,257.8702920965038,269.7911902920317
*Nc1ccc(cc1)C(c1ccc(cc1)NC(=O)c1cc(cc(c1)N1C(=O)C2C(C1=O)C1CCC2C1)C(=O)*)(C)C,tg,311.0,302.19705876203125,313.88714420904097,306.43528728371786
*NC(=O)CCCCCCC(=O)NCc1c(cc(c(c1)C)C*)C,tg,78.0,109.3651162510832,123.1831034719156,114.37481338435889
*c1cc2c(C(=O)N(C2=O)c2ccc(cc2)N(CCN(c2ccc(cc2)N2C(=O)c3c(C2=O)cc(cc3)C(*)(C(F)(F)F)C(F)(F)F)C)C)cc1,tg,227.0,234.97902450816548,255.9556777100531,242.58408867067845
*c1cc2c(C(=O)N(C2=O)c2cc(ccc2)P(=O)(c2cc(ccc2)N2C(=O)c3c(C2=O)cc(cc3)C(=O)Nc2ccc(cc2)Cc2ccc(cc2)NC(=O)*)c2ccccc2)cc1,tg,233.0,226.4825269808798,205.08568251002708,218.72512290359344
*Oc1cc(ccc1)NC(=O)c1cc(ccc1)C(=O)Nc1ccc(cc1)*,tg,236.75,233.9582977096741,219.18034389243027,228.600565668765
*[Si](C*)(C)C,tg,-91.17,-41.16567199962912,-26.645524964411432,-35.90140754384759
*C(C*)C(=O)Oc1ccc(cc1)C,tg,42.5,57.60015504085491,59.171356525011795,58.16979253184292
*Nc1ccc(cc1)[Si](c1ccc(cc1)NC(=O)c1cc2Cc3c(c2cc1)ccc(c3)C(=O)*)(c1ccccc1)c1ccccc1,tg,54.45,260.30437455395827,272.8924273130689,264.8681602061671
*Oc1ccc(cc1)CC(NC(=O)CCc1ccc(cc1)OC(=O)CCCCCCCCC(=O)*)C(=O)OCC(C)C,tg,33.0,41.40506250902465,42.12868526692123,41.66741119974729
*Oc1cc(ccc1)OC(=O)c1ccc(cc1)C(c1ccc(cc1)C(=O)*)(C)C,tg,158.0,152.25566798675365,150.4075161578669,151.5856224315607
*Oc1ccc(cc1)S(=O)c1ccc(cc1)Oc1ccc(cc1)C(c1ccc(cc1)*)(C)C,tg,165.0,168.23327229667427,151.81700563686374,162.2815716104301
*Oc1ccc(cc1)C(=O)c1ccc(cc1)OCCCCCCOC(=O)OCCCOC(=O)OCCCCCC*,tg,16.0,-1.894925075838757,0.17242617407182112,-1.14540899476027
*S(=O)(=O)c1ccc(cc1)Cc1ccc(cc1)*,tg,227.5,186.28490729124485,179.59102948016556,183.85804873762686
*Oc1ccc(cc1)C(c1ccc(cc1)OCC(C*)O)(C)C,tg,87.45,101.13745633856632,94.71892268738888,98.81042352848677
*N1C(=O)C2C(C1=O)C(=CC(C2)C1C(=O)N(C(=O)C1)c1cc(ccc1)c1cc(cc(c1)C(=O)Nc1ccc(cc1)OC(=O)c1cc(c(c(c1)OCCCCCCCCCCCC)OCCCCCCCCCCCC)OCCCCCCCCCCCC)c1cc(ccc1)*)C,tg,270.0,175.52718196178148,224.51326747791435,193.28703716056094
*N1C(=O)c2c(C1=O)cc(cc2)Oc1ccc(cc1)C1(CCCCCCCCCCC1)c1ccc(cc1)Oc1cc2c(C(=O)N(C2=O)c2ccc(cc2)Cc2ccc(cc2)*)cc1,tg,240.0,246.55005899031732,250.00753193953793,247.80356227160388
*C1=C(C2C=CC1C2)C(=O)*,tg,85.5,129.1730195397423,209.48275209401163,158.28923093301233
*C(C*)(C(=O)OCCCCCCOc1c(cc(cc1)C(=O)Oc1ccc(cc1)OC)OC)C,tg,49.0,49.15157160872775,46.154423136480176,48.06495849572794
*Oc1c(c(c(c(c1)C)*)C)Br,tg,280.15,134.28091870862792,157.52491699313615,142.70800651170603
*c1cc2c(C(=O)N(C2=O)c2ccc(cc2)c2nc(nc(n2)c2ccc(cc2)N2C(=O)c3c(C2=O)cc(cc3)C(=O)*)c2ccccc2)cc1,tg,355.0,326.6157602863285,313.15252737645454,321.7346789656327
*Oc1ccc(cc1)C(=O)c1ccc(cc1)C(=O)c1ccc(cc1)*,tg,157.0,172.40177071353102,155.6600923533444,166.3320923481607
*N1C(=O)c2c(C1=O)cc(cc2)Oc1ccc(cc1)Oc1cc2c(C(=O)N(C2=O)c2c(c(c(cc2)Cc2c(c(c(cc2)*)C)C)C)C)cc1,tg,277.0,283.017926941789,267.72790531190714,277.47454523917315
*N1C(=O)c2c(C1=O)cc(cc2)c1cc2c(C(=O)N(C2=O)c2ccc(cc2)Oc2ccc(cc2)C(=O)c2ccc(cc2)C(=O)c2ccc(cc2)Oc2ccc(cc2)*)cc1,tg,245.0,241.5754668548884,239.48119275280587,240.81618992129285
*C(C*)c1ccc(cc1)C(=O)CCCCC,tg,66.0,55.589229157927065,69.55282864669915,60.65171787000574
*Oc1ccc(cc1)C(=O)Nc1cc(cc(c1)c1nc2c([nH]1)cccc2)NC(=O)c1ccc(cc1)OCCOCC*,tg,230.0,185.80806310531923,157.50039842961107,175.5451482314494
*Oc1ccc(cc1)S(=O)(=O)c1ccc(cc1)Oc1ccc(cc1)C(c1ccc(cc1)*)(CCC(=O)O)C,tg,163.0,181.34433707008088,168.9740503785424,176.85950228292978
*c1cc2c(C(=O)N(C2=O)c2cc(cc(c2)OCCCCCCCCCCCC)N2C(=O)c3c(C2=O)cc(cc3)C(=O)*)cc1,tg,182.0,180.73733534308553,184.85623021726735,182.23063646673572
*c1cc2c(C(=O)N(C2=O)c2ccc(cc2)c2sc(c(c2c2ccccc2)c2ccccc2)c2ccc(cc2)N2C(=O)c3c(C2=O)cc(cc3)C(=O)Nc2ccc(cc2)Oc2ccc(cc2)Oc2ccc(cc2)NC(=O)*)cc1,tg,303.0,310.3498877843767,312.93552043135674,311.287306255842
*Oc1ccc(cc1)C(=O)c1ccc(cc1)C(=O)c1ccc(cc1)Oc1ccc(cc1)Cc1ccc(cc1)*,tg,120.0,166.72440361723042,157.50342788869457,163.381348298464
*c1cc2c(C(=O)N(C2=O)c2cc(cc(c2)OCCCCCCCCCCCCCCCC)N2C(=O)c3c(C2=O)cc(cc3)C(=O)*)cc1,tg,179.0,164.26146576504735,184.52806453725344,171.60910042035377
*C(C*)(C(=O)OCC)Cl,tg,85.31,78.12697232021361,78.1882423416637,78.1491857038207
*Oc1ccc(cc1)C(c1ccc(cc1)OC(=O)c1cc(ccc1)C(=O)*)(c1ccccc1)C,tg,202.0,191.83553004646,187.44682437328257,190.24440929360821
*c1cc2c(C(=O)N(C2=O)c2ccc(cc2)C(=O)OCCOCCOC(=O)*)cc1,tg,101.0,100.19413494367936,105.94622933565289,102.27955088199755
*C(C*)(C(=O)OCC(C(F)F)(F)F)F,tg,90.5,76.5085501581039,80.42618902714588,77.928886122944
*N=P(*)(OCCCCCCC)OCCCCCCC,tg,-94.0,-91.714682120107,-99.58145560013396,-94.5667727988134
*c1cc2c(C(=O)N(C2=O)c2ccc(cc2)OCCOCCOc2ccc(cc2)N2C(=O)c3c(C2=O)cc(cc3)C(=O)*)cc1,tg,235.0,177.1529080813134,179.07612174938242,177.85016722952543
*c1ncc(cc1)C(=O)Oc1ccc(cc1)C(=O)Oc1cc(ccc1)OC(=O)c1ccc(cc1)OC(=O)*,tg,110.0,155.6863443438934,121.77222001217058,143.39081325626574
*N1C(=O)c2c(C1=O)cc(cc2)c1cc2c(C(=O)N(C2=O)c2cc(c(c(c2)Br)Oc2c(cc(cc2Br)*)Br)Br)cc1,tg,287.0,323.55533193952965,307.9252274033021,317.8886535270697
*N1C(=O)C2C(C1=O)C(Cc1ccccc21)C1C(=O)N(C(=O)C1)c1cc(cc(c1)C(=O)OCCC)*,tg,249.43,235.1803487688572,212.5739559121584,226.98442416146094
*OC(=O)c1cc(cc(c1)OCCC1CCN(CC1)c1ccc(cc1)S(=O)(=O)C(C(C(C(C(C(C(C(F)(F)F)(F)F)(F)F)(F)F)(F)F)(F)F)(F)F)(F)F)C(=O)OCCN(CC*)c1ccc(cc1)S(=O)(=O)C(C(C(C(C(C(C(C(F)(F)F)(F)F)(F)F)(F)F)(F)F)(F)F)(F)F)(F)F,tg,86.0,108.85925206990022,103.82291116726435,107.03333182703769
*N1C(=O)c2c(C1=O)cc(cc2)Oc1cc2c(C(=O)N(C2=O)c2cc(c(cc2)Oc2c(cc(cc2C(C)(C)C)c2ccc(cc2)*)C(C)(C)C)C(F)(F)F)cc1,tg,353.0,324.5919729462058,323.7657233460971,324.2924169988104
*N1C(=O)c2c(C1=O)cc(cc2)Oc1ccc(cc1)C1(CCCCCCCCCCC1)c1ccc(cc1)Oc1cc2c(C(=O)N(C2=O)c2ccc(cc2)Oc2ccc(cc2)C2(CCC(CC2)C(C)(C)C)c2ccc(cc2)Oc2ccc(cc2)*)cc1,tg,254.0,245.2696759854296,247.2485801129359,245.987125652748
*Oc1ccc(cc1)C(c1ccc(cc1)Oc1ccc(cc1)C(=O)c1c(cccc1)c1c(cccc1)C(=O)c1ccc(cc1)*)(C(F)(F)F)C(F)(F)F,tg,178.5,187.25460485852037,179.88835129593562,184.58397716392918
*ON(C(C(*)(SC(F)(F)F)F)(F)F)C(F)(F)F,tg,-48.0,-13.569934360988368,-27.8807346824296,-18.758300379819154
*N=Nc1ccc(cc1)NC(=O)CCC(=O)Nc1ccc(cc1)*,tg,220.0,187.7967605475244,212.510356153263,196.75664935624667
*c1oc(cc1)C(=O)NNC(=O)c1ccc(cc1)[Si](c1ccc(cc1)C(=O)NNC(=O)*)(c1ccccc1)c1ccccc1,tg,264.0,214.1208716629734,179.45437185445616,201.5525676157962
*Oc1c2c(c(cc1)C=Cc1ccc(cc1)C=Cc1c3c(c(cc1)OCCOCCOCC*)cccc3)cccc2,tg,83.5,93.49498919161448,101.10343577485055,96.25342371811732
*O[Si](OC(COc1ccc(cc1)C(c1ccc(cc1)OCC(*)CCl)(C)C)CCl)(C)C,tg,24.0,43.05899951254715,52.194856711382336,46.371195195433565
*c1nc2c(nc1)ccc(c2)S(=O)(=O)c1ccc2c(nc(cn2)c2ccc(cc2)*)c1,tg,342.0,309.5269981321188,332.57934696029986,317.8846036208329
*Oc1ccc(cc1)S(=O)(=O)c1ccc(cc1)Oc1ccc(cc1)C(=O)c1cc(ccc1)C(=O)c1ccc(cc1)*,tg,178.0,188.2942831754903,183.2688816001519,186.47232897455027
*Oc1ccc(cc1)c1ccc(cc1)OC(=O)/C=C/c1ccc(cc1)/C=C/C(=O)*,tg,243.0,170.13060633396563,210.0033939132343,184.58644468721167
*c1cc2c(C(=O)N(C2=O)c2ccc(cc2)Oc2c(cc(cc2C)C(c2cc(c(c(c2)C)Oc2ccc(cc2)N2C(=O)c3c(C2=O)cc(cc3)C(=O)*)C)c2c3c(ccc2)cccc3)C)cc1,tg,272.0,280.07403034226314,291.1083694233899,284.0745186897247
*C(C*)C(=O)Oc1cc(cc(c1)C)C,tg,54.0,62.41284250554787,48.790845765058215,57.47420152045289
*C1CC2CC(CC(C1)O2)OC(=O)c1cc(ccc1)C(=O)O*,tg,113.0,173.69837895989124,174.2511714772196,173.8987933216285
*OC(=O)CCCCC(=O)OCCC*,tg,-52.17,-52.599542367055335,-50.11296074116967,-51.69803474197411
*Oc1ccc(cc1)C(c1ccc(cc1)OC(=O)*)(C)C,tg,144.87,144.15297929394163,139.52335276353125,142.47451293072433
*c1cc2c(C(=O)N(C2=O)c2ccc(cc2)Oc2ccc(cc2)N2C(=O)c3c(C2=O)cc(cc3)C(*)O)cc1,tg,250.0,274.1287548366567,239.06733223956098,261.4172719364246
*C(C*)SC,tg,-1.0,21.870422929512085,16.176794506520302,19.806203768446704
*Oc1cc(ccc1)Oc1ccc(cc1)Oc1cc(ccc1)OC(=O)c1ccc(cc1)C(=O)*,tg,103.0,132.3905089286652,137.4350423491232,134.21939936048454
*OCC(C*)(COCCCCCCCCCCOc1ccc(cc1)c1ccc(cc1)C#N)C,tg,7.0,18.26229495778566,0.21587058172653412,11.71958225891159
*Oc1ccc(cc1)C(c1ccc(cc1)Oc1ccc(cc1)C(=O)Nc1ccc(cc1)NC(=O)c1ccc(cc1)*)(C)C,tg,230.0,202.98990914899915,181.09416000796415,195.05162769383952
*C(C*)(C(=O)Oc1ccc(cc1)C(=O)Oc1ccccc1)C,tg,99.0,97.33529652930604,82.86880314484,92.09048414972524
*C(CC(C*)C)(C(=O)OC)C,tg,16.0,60.27915767984587,76.10839192746357,66.01803036549181
*N1C(=O)C(CC1=O)Nc1ccc(cc1)Cc1ccc(cc1)NC1C(=O)N(C(=O)C1)c1c(cc(cc1C)C(c1cc(c(c(c1)C)*)C)c1cnccc1)C,tg,219.0,222.0346763310729,203.46382250812275,215.30183227263768
*N1C(=O)c2c(C1=O)cc(cc2)Oc1ccc(cc1)C1(CCC(CC1)c1ccccc1)c1ccc(cc1)Oc1cc2c(C(=O)N(C2=O)c2ccc(cc2)Oc2ccc(cc2)C2(CCC(CC2)C(C)(C)C)c2ccc(cc2)Oc2ccc(cc2)*)cc1,tg,243.0,235.04361418869976,228.1185253186136,232.53293030213152
*C(C*)(C(=O)OCC1(COC(OC1)(C)C)C)C,tg,104.0,106.57619285182209,98.62618979938502,103.69392737676924
*OC(C(=O)*)Cc1ccccc1,tg,35.05,81.61344341644583,63.033862183857934,74.87743524457323
*C(=C(CC*)c1ccccc1)c1ccccc1,tg,120.5,132.39917447535228,114.8261792274722,126.02810302265567
*c1cc2c(C(=O)N(C2=O)c2cc(c(cc2)Oc2ccc(cc2)Oc2ccc(cc2)N2C(=O)c3c(C2=O)cc(cc3)C(=O)*)C(F)(F)F)cc1,tg,237.1,267.2128621511478,253.64658705875624,262.2944229925763
*Oc1ccc(cc1)Oc1ccc(cc1)C(=Nc1ccc(cc1)N=C(c1ccc(cc1)*)c1ccccc1)c1ccccc1,tg,176.0,173.5372459450355,161.99322955170118,169.3519746093532
*C1C(CC(C1)C=C*)(C[Si](C)(C)C)C#N,tg,128.0,106.5340307666806,103.0627329727997,105.27551530210314
*c1cc2c(C(=O)N(C2=O)c2cc(ccc2)NC(=O)c2cc(ccc2)N2C(=O)c3c(C2=O)cc(cc3)C(=O)*)cc1,tg,285.67,288.5906753144487,287.80577465697866,288.3061103839134
*OC(=O)CCSCCC(=O)OCCOCCOCCOCC*,tg,-44.0,-49.21113151236414,-47.95449219099515,-48.75553821174706
*N1C(=O)c2c(C1=O)cc(cc2)c1cc2c(C(=O)N(C2=O)c2c(cc(cc2C)C(c2cc(c(c(c2)C)*)C)c2c3c(ccc2)cccc3)C)cc1,tg,311.67,329.71795277862833,324.1824596483978,327.71106540620593
*N1C(=O)c2c(C1=O)cc(cc2)Oc1cc2c(C(=O)N(C2=O)c2cc(ccc2)Oc2c(c(ccc2)Oc2cc(ccc2)*)C#N)cc1,tg,206.33,209.12834825669617,196.44093462618895,204.52853942219318
*c1cc2c(C(=O)N(C2=O)c2ccc(cc2)c2sc(c(c2c2ccccc2)c2ccccc2)c2ccc(cc2)N2C(=O)c3c(C2=O)cc(cc3)C(=O)Nc2ccc(cc2)Oc2ccc(cc2)NC(=O)*)cc1,tg,320.0,318.863528640139,312.93552043135674,316.71433532746914
*Nc1ccc(cc1)C(c1ccc(cc1)NC(=O)c1cc(cc(c1)C(C)(C)C)C(=O)*)(C(F)(F)F)C(F)(F)F,tg,284.1,264.96115830983405,306.46028252076553,280.00662334540175
*C(C*)OC=O,tg,34.25,12.380896841493373,18.88664846191778,14.7395504371131
*C(C*)c1ccc(cc1)COCCOCCCCCCCC,tg,-42.0,-17.088477803434653,-39.616847688392056,-25.25611526223139
*c1nnc(nc1c1ccc(cc1)Oc1ccc(cc1)C(c1ccc(cc1)Oc1ccc(cc1)*)(C(F)(F)F)C(F)(F)F)c1ncccc1,tg,224.0,211.3021603533116,221.23994074722333,214.90509247033117
*N1C(=O)c2c(C1=O)cc(cc2)Oc1c(cccc1)Oc1cc2c(C(=O)N(C2=O)c2cc(ccc2)*)cc1,tg,224.0,234.5977318216558,221.64820606471542,229.9028945038141
*C1C2C(C(C1)C=C*)C1CCC2C1,tg,204.76,153.31229695978945,101.75242014574013,134.61931635853588
*c1cc2c(C(=O)N(C2=O)c2ccc(cc2)NC(=O)Nc2ccc(cc2)N2C(=O)c3c(C2=O)cc(cc3)C(=O)Nc2ccc(cc2)NC(=O)Nc2ccc(cc2)NC(=O)*)cc1,tg,208.0,211.43315680349983,224.47143983451986,216.16017298027435
*C(C*)OC(=O)CCCC(=O)c1ccc(cc1)C,tg,40.0,29.226606846394343,13.309531329231078,23.45588739832253
*OC(=O)c1ccc(cc1)c1ccc(cc1)c1ccc(cc1)C(=O)OCC*,tg,180.0,122.73086097813682,86.71120028601305,109.67196983667976
*OC(=O)NCc1ccc(cc1)CNC(=O)OCCCCCCCCCCCCCCCC*,tg,47.0,41.58857450898126,50.23002585828609,44.721523856820205
*OC(=O)CCSCCC(=O)OCC*,tg,-47.0,-33.224678568442876,-22.30227486565295,-29.26477227790499
*N1C(=O)c2c(C1=O)cc(cc2)C(=O)Oc1ccc(cc1)c1ccc(cc1)OC(=O)CCC*,tg,132.0,156.67805778520218,130.32264920643826,147.1229313624272
*Oc1c2c(ccc1)ccc(c2)Oc1ccc(cc1)NC(=O)c1ccc(cc1)S(=O)(=O)c1ccc(cc1)C(=O)Nc1ccc(cc1)*,tg,259.0,249.5267872780076,219.30844860758222,238.57115950167332
*NC(=O)c1cc(cc(c1)C(C)(C)C)C(=O)NCc1cc(ccc1)C*,tg,192.0,193.394141052641,170.82522389439885,185.2118032213884
*Oc1cc(ccc1)OC(=O)c1ccc(cc1)OC(=O)c1cc(ccc1)C(=O)Oc1ccc(cc1)C(=O)*,tg,156.75,145.76472701216747,140.40878290287654,143.82293495363618
*c1oc(nn1)c1ccc(cc1)Oc1ccc(cc1)NC(=O)c1cc(cc(c1)NC(=O)c1ccc(cc1)OC(=O)C)C(=O)Nc1ccc(cc1)Oc1ccc(cc1)*,tg,270.0,266.46619781338705,275.95119589163255,269.90497416498727
*Oc1cc(c(cc1)C(=O)O)C(=O)Nc1ccc(cc1)NC(=O)c1c(ccc(c1)*)C(=O)O,tg,166.3,245.17822107222705,235.18083778284267,241.55367998641833
*c1sc(cc1SCCCCCC)*,tg,32.0,30.77617359383701,8.253613592545245,22.610642502420653
*c1cc2c(C(=O)N(C2=O)c2cc(ccc2)C(C(C(C(C(c2cc(ccc2)N2C(=O)c3c(C2=O)cc(cc3)C(C(C(C(C(C(C(*)(F)F)(F)F)(F)F)(F)F)(F)F)(F)F)(F)F)(F)F)(F)F)(F)F)(F)F)(F)F)cc1,tg,108.5,128.96261881848594,134.36877138524937,130.92261390191854
*Oc1ccc(cc1)C=C1C(=O)C(=Cc2ccc(cc2)OCCCCCC*)CCC1,tg,116.0,71.53321378568955,53.18710431658049,64.88185056286115
*C(C*)c1ccc(cc1)CC,tg,50.47,71.24836408744143,77.27000685082746,73.43150451210946
*C(C*)c1c(ccc(c1)c1ccc(cc1)C(=O)OC(CC)C)c1ccc(cc1)C(=O)OC(CC)C,tg,212.5,120.28540260697824,147.0082587322432,129.9737467618959
*Oc1ccc(cc1)CC(Cc1ccc(cc1)*)(C#N)C#N,tg,147.0,134.98508067615546,127.64346096707362,132.32338395995515
*c1cc2c(C(=O)N(C2=O)c2cc(ccc2)Oc2c(ccc(c2)Oc2cc(ccc2)N2C(=O)c3c(C2=O)cc(cc3)C(*)(C(F)(F)F)C(F)(F)F)P(=O)(c2ccccc2)c2ccccc2)cc1,tg,230.0,225.01967040461605,233.69077143203603,228.1633692129287
*N=P(*)(NCC)NCC,tg,30.0,-14.449464261146124,-27.551492772467512,-19.199591296602236
*N1C(=O)c2c(C1=O)cc(cc2)[Si](c1cc2c(C(=O)N(C2=O)c2ccc(cc2)Oc2ccc(cc2)C(=O)c2cc(ccc2)C(=O)c2ccc(cc2)Oc2ccc(cc2)*)cc1)(C)C,tg,208.0,219.76724902354013,217.8818389433371,219.08369552744182
*C(C*)P(=O)(c1ccccc1)c1ccccc1,tg,127.5,100.3142710723,105.20723952341841,102.08821177951248
*Oc1ccc(cc1)N1ON1c1ccc(cc1)OCCCCCCOC(=O)CC(=O)OCCCCCC*,tg,16.0,27.43338125731955,53.54666462355049,36.900725431946896
*Oc1c(cc(cc1)C(=O)*)CCCCC,tg,50.0,86.39458773629751,110.78102073675002,95.23586407710941
*Oc1ccc(cc1)c1ccc(cc1)OC(=O)c1c(ccc(c1)N=Nc1ccc(cc1)OCC)c1c(cc(cc1)N=Nc1ccc(cc1)OCC)C(=O)*,tg,165.0,187.5752787184472,168.61939957813752,180.70284412502392
*c1c2C(=O)N(C(=O)c2c(c2ccccc12)c1ccc(cc1)Oc1ccc(cc1)S(=O)(=O)c1ccc(cc1)Oc1ccc(cc1)*)c1ccc(cc1)Cl,tg,280.0,296.8777665700125,288.9017587080221,293.98607307785494
*N1C(=S)N(C(=O)CC1=O)c1ccc(cc1)Oc1cc2c(cc1)ccc(c2)Oc1ccc(cc1)*,tg,151.5,185.04879009663304,166.34440306201145,178.26753370888994
*c1ccc2c3n(c4ccc(cc4n3)c3cc4n5c(nc4cc3)c3cccc4c(ccc(c5=O)c34)Oc3cc4c(cc3)cc(cc4)O*)c(=O)c3cccc1c23,tg,413.0,375.06695789198073,387.8969318035101,379.7184518105515
*C(C*)(C(=O)OCc1cc(c(cc1)Cl)Cl)C,tg,34.45,32.26727449884148,65.79579361028581,44.42300480827096
*OP(=O)(Oc1ccc(cc1)S(=O)(=O)c1ccc(cc1)*)Oc1ccc(cc1)[N+](=O)[O-],tg,114.0,122.46843834610132,113.00271251971904,119.03664912970169
*OC(C*)(C)C,tg,92.0,-30.024518666542136,-34.63792423216394,-31.697104135566864
*c1c2c(c(cc1)CC*)cccc2,tg,160.0,142.03703506480363,140.65020962932982,141.53424292167787
*c1c2C(=O)N(C(=O)c2c(c2ccccc12)c1ccc(cc1)Oc1ccc(cc1)C(=O)c1ccc(cc1)Oc1ccc(cc1)*)c1ccc(cc1)C(F)(F)F,tg,260.0,274.56083744129614,279.124105226445,276.21524550929354
*Oc1ccc(cc1)C1(CCC(CC1)C(c1ccc(cc1)OCC(C*)O)(C)C)C,tg,135.0,122.03642339123827,160.2665962429559,135.89673345514834
*c1nc2c(nc1)cc(cc2)c1cc2c(nc(cn2)c2ccc(cc2)c2ccc(cc2)*)cc1,tg,345.5,372.1900589667928,380.8757576280115,375.33905013230805
*O[Si](O[Si](c1c(c(c(c(c1F)F)F)[Si](*)(C)C)F)(C)C)(C)C,tg,-61.0,-43.46088156387464,-48.611667245398785,-45.32829364426406
*N1C(=O)c2c(C1=O)c(ccc2)c1cc2c(C(=O)N(C2=O)c2ccc(cc2)Oc2cc(ccc2)Oc2ccc(cc2)*)cc1,tg,259.0,244.34793934238573,258.7221630348631,249.55929943951352
*NC(=O)c1cc(ccc1)C(=O)NCCCCCCCC*,tg,110.0,118.72435116965544,133.38178338230614,124.03838822609409
*N1C(=O)c2c(C1=O)cc(cc2)NC(=O)Nc1ccc(cc1)c1nc(cc(c1)c1ccc(cc1)c1ccccc1)c1ccc(cc1)NC(=O)Nc1cc2c(C(=O)N(C2=O)c2ccc(cc2)c2nc(cc(c2)c2ccc(cc2)c2ccccc2)c2ccc(cc2)*)cc1,tg,272.0,263.7266888091968,260.9540163993203,262.7214592630058
*C(C*)c1ccc(cc1)C(=O)c1ccc(cc1)OC,tg,103.0,116.7692083339171,105.74624846243228,112.77284550727211
*OP(=O)(N=Nc1ccc(cc1)Oc1ccc(cc1)N=NP(=O)(OCCCCCC*)OC)OC,tg,25.0,25.062934528002085,19.17680940484225,22.928925885184753
*c1sc(cc1C(=O)OCCCCCCCCCCOc1ccc(cc1)c1ccc(cc1)OC(=O)c1ccc(cc1)OCC(CCCCCC)F)*,tg,151.0,56.37445885282503,32.99299387149744,47.89753263942198
*Oc1c(cc(cc1)OC(=O)c1ccc(cc1)OCCCCCCCCCCCCOc1ccc(cc1)C(=O)*)S(=O)(=O)c1ccccc1,tg,82.7,94.66734964490958,112.90364579746398,101.27890016214293
*N1C(=O)c2c(C1=O)cc(cc2)C(=O)Oc1ccc(cc1)c1ccc(cc1)OC(=O)c1cc2c(C(=O)N(C2=O)CCCC*)cc1,tg,126.0,151.59684488953783,138.63924915033434,146.89908180788098
*C(C*)(C(=O)Oc1ccc(cc1)OCc1ccccc1)C,tg,95.3,94.90866520822576,116.13868124683567,102.6055858080419
*Oc1ccc(cc1)CC(NC(=O)CCc1ccc(cc1)OC(=O)CCCCCCCCC(=O)*)C(=O)OC(CC)C,tg,36.0,36.00361449202572,26.249213292389655,32.46716631432261
*C1(CC(C1)*)C#N,tg,220.0,113.8962240974144,113.50484536903096,113.75433013975815
*N1C(=O)C(CC1=O)Nc1ccc(cc1)Cc1ccc(cc1)NC1C(=O)N(C(=O)C1)c1ccc(cc1)Oc1c(cc(cc1C)C(c1cc(c(c(c1)C)Oc1ccc(cc1)*)C)c1cnccc1)C,tg,201.0,221.35965857451524,230.72186177231544,224.7539157678099
*N1C(=O)c2c(C1=O)cc(cc2)Oc1cc2c(C(=O)N(C2=O)c2cc(ccc2)Oc2c(ccc(c2)Oc2cc(ccc2)*)P(=O)(c2ccccc2)c2ccccc2)cc1,tg,212.0,209.8958088801696,215.48996714473486,211.92396523703988
*N1C(=O)c2c(C1=O)c(ccc2)Oc1c(cc(cc1C)c1cc(c(c(c1)C)Oc1c2c(C(=O)N(C2=O)c2cc(ccc2)*)ccc1)C)C,tg,311.0,313.2471089019352,297.3205064787425,307.472935483827
*Oc1ccc(cc1)c1ccc(cc1)Oc1c(c(c(c(c1F)F)COC(c1cc(ccc1)C(OCc1c(c(c(c(c1F)F)*)F)F)(C(F)(F)F)C(F)(F)F)(C(F)(F)F)C(F)(F)F)F)F,tg,110.0,116.53568891815269,116.28751746633212,116.44571461213567
*Oc1cc(ccc1)NC(=O)CCCCCCCC(=O)Nc1ccc(cc1)*,tg,120.0,132.5802852264989,138.74714566272138,134.81607416991883
*c1nc2c(nc1c1ccc(cc1)C(=O)NCCCCCCCCCCNC(=O)c1ccc(cc1)*)cccc2,tg,166.0,164.0469150677658,174.4901066786335,167.83308350453626
*c1cc2c(nc(cc2c2ccccc2)Oc2nc3c(c(c2)c2ccccc2)cc(cc3)c2ccc(cc2)c2ccc(cc2)*)cc1,tg,308.0,324.0597487642356,298.432312317364,314.7685478932767
*Nc1ccc(cc1)NC(=O)Cc1c(cc(c(c1)CC(=O)*)C)C,tg,208.0,200.7715076294852,204.397275352334,202.08602600881144
*N1C(=O)c2c(C1=O)cc(cc2)Oc1cc2c(C(=O)N(C2=O)c2ccc(cc2)C(c2ccc(cc2)*)(C)C)cc1,tg,265.0,274.23948520295653,249.9558637641342,265.4354830886536
*C(C*)(C(=O)OCCCCCCOc1ccc(cc1)N=Nc1ccc(cc1)C1OCC2(CO1)CC1C=CC2C1)C,tg,118.5,106.94402585588642,88.13844500254915,100.12608175267336
*Oc1ccc(cc1)C(c1ccc(cc1)OC(=O)c1c(cccc1)c1c(cccc1)C(=O)*)(c1ccccc1)C,tg,172.0,192.2991082286338,172.0200989436741,184.9469741546226
*OC(=O)c1c(ccc(c1)N=Nc1ccc(cc1)OCC)c1c(cc(cc1)N=Nc1ccc(cc1)OCC)C(=O)OCCOCCOCC*,tg,65.0,84.66274205291053,75.09798683290558,81.19504983114454
*C(C*)(CCCCC)C(=O)OC,tg,44.6,13.48537088167506,37.35782788678756,22.140305751093383
*c1cc2c(C(=O)N(C2=O)c2cc(ccc2)Cc2cc(ccc2)N2C(=O)c3c(C2=O)cc(cc3)C(=O)*)cc1,tg,241.33,267.3648062023653,265.05969597666547,266.52909084780464
*Oc1ccc(cc1)C(=O)c1ccc(cc1)C(=O)c1ccc(cc1)Oc1cc(ccc1)Cc1cc(ccc1)*,tg,122.0,125.29285539244393,111.37397109266503,120.24657812639812
*N1C(=O)c2c(C1=O)cc(cc2)Oc1cc2c(cc1)ccc(c2)Oc1cc2c(C(=O)N(C2=O)c2ccc(cc2)C(c2ccc(cc2)*)(C)C)cc1,tg,247.0,254.91147614031576,253.3392474217898,254.34146622655797
*c1ncc(cc1)C(=O)NNC(=O)c1ccc(cc1)[Si](c1ccc(cc1)C(=O)NNC(=O)*)(c1ccccc1)c1ccccc1,tg,256.0,237.6143062111371,189.97897228243127,220.344164618772
*c1sc(cc1CCCCCCCCCCCC)*,tg,-13.51,15.431442892446295,17.682427187586,16.247534946244755
*C(C*)(C(=O)OCCOCCOC)C,tg,-35.25,21.88356540151037,-44.47216395809579,-2.1736364062946567
*Oc1ccc(cc1)CC(NC(=O)CCc1ccc(cc1)OC(=O)CC(CCC(=O)*)C)C(=O)OC(CC)C,tg,45.0,51.554642254802054,47.40364309668824,50.04970175585001
*C1OC(OC1COC(=O)OC*)(OCC)OCC,tg,10.8,39.28307512960384,77.36327123110999,53.08901127612744
*Oc1ccc(cc1)C1(c2ccccc2c2ccccc12)c1ccc(cc1)OCCOC(=O)Nc1ccc(cc1)Cc1ccc(cc1)NC(=O)OCC*,tg,152.0,163.61861491611023,179.6839685676546,169.44309245013662
*O[Si](CC[Si](Oc1c(cc(cc1C)c1cc(c(c(c1)C)*)C)C)(C)C)(C)C,tg,55.0,79.05047625036612,117.13886767339616,92.85938360232568
*c1nc2c([nH]1)ccc(c2)N1C(=O)c2c(C1=O)cc(cc2)c1cc2c(C(=O)N(C2=O)c2ccc(cc2)*)cc1,tg,425.0,371.2422272348902,411.5768684879207,385.86551016515466
*c1cc2c(C(=O)N(C2=O)c2cc(ccc2)N2C(=O)c3c(C2=O)cc(cc3)C(=O)Nc2nc(ccc2)NC(=O)*)cc1,tg,339.0,286.2364026571917,282.8927504096415,285.02416495487506
*C(C*)C(=O)Nc1ccccc1,tg,160.0,81.63693660435497,90.0040791658596,84.67043558175189
*[Si](CC(C*)Cc1c2c(ccc1)cccc2)(C)C,tg,17.0,24.7447032524735,75.81263263848007,43.25932881687538
*N(CC*)C(=O)c1cc(ccc1)F,tg,97.0,85.36488657537653,85.99133708959425,85.5920055685454
*C1CC2CC(CC(C1)O2)OC(=O)Oc1ccc(cc1)S(=O)(=O)c1ccc(cc1)OC(=O)O*,tg,184.0,174.6512419351723,214.8205944125065,189.21459958887255
*c1nc2c(c(c1)c1ccccc1)cc(cc2)C1(c2ccccc2C(=O)c2ccccc12)c1cc2c(nc(cc2c2ccccc2)c2ccc(cc2)C2(c3ccccc3c3ccccc23)c2ccc(cc2)*)cc1,tg,405.0,369.4652452946329,374.2104421451353,371.1856115591893
*C(C*)C(=O)OCCSCC,tg,-71.0,-51.619602829464974,-46.52778732875923,-49.77357032781402
*C(C*)c1ccc(cc1)C(=O)N1CCOCC1,tg,127.0,122.7918899971387,139.9572343606581,129.01516803867338
*Oc1c2c(c(cc1)c1c3c(c(cc1)Oc1ccc(cc1)Oc1ccc(cc1)S(=O)(=O)c1ccc(cc1)Oc1ccc(cc1)*)cccc3)cccc2,tg,214.0,207.79128952032556,205.26269238637317,206.87454921577006
*N(CCC*)C(=O)CC,tg,8.0,2.9039429334494273,-6.704936825146543,-0.5797465946502471
*C1C(CC(C1)C=C*)(CC)C#N,tg,134.0,130.8382536530374,107.31730776166764,122.31075877836571
*N1C(=O)c2c(C1=O)cc(cc2)C(=O)Oc1cc2c(cc1)ccc(c2)OC(=O)CCCCC*,tg,113.0,111.06421451335076,93.80664482473865,104.8075002745358
*c1cc2c(C(=O)N(C2=O)C2C(=O)N(C(=O)C2)c2cc(ccc2)NC(=O)*)cc1,tg,130.0,181.9993031525246,183.8273649643793,182.66206509259158
*OC(=O)OCC(C*)(C(=O)OCc1ccccc1)C,tg,-2.0,48.74256219603524,55.60211711473964,51.22948681556101
*OC(C(=O)OCCC*)C,tg,-33.0,-35.662204355166544,-41.069992153381676,-37.62279229008936
*c1cc2c(cc1OC(=O)COc1ccc3c(c1)oc(=O)cc3)oc(=O)c(c2)C(=O)Nc1ccc(cc1)c1ccc(cc1)NC(=O)c1c(=O)oc2c(cc(c(c2)OC(=O)COc2ccc3c(c2)oc(=O)cc3)C*)c1,tg,248.0,250.13993544018783,245.2112627488849,248.35305019721633
*OC(=O)CCCCCCCCC(=O)OCC(C*)(CC)C,tg,-69.0,-45.71030042950443,-86.73325110933114,-60.58312923842104
*C(C*)c1c(ccc(c1)C(=O)Oc1ccc(cc1)OCCCCCCCCCCCC)C(=O)Oc1ccc(cc1)OCCCCCCCCCCCC,tg,108.0,105.63294686382396,104.1549070166536,105.09708502903567
*NC(=O)CNC(=O)CCCCC(=O)NCCCCCC*,tg,53.4,50.20879572589897,55.03137292636598,51.957216157187005
*Oc1c2c(c(cc1)c1c3c(c(cc1)OCCCCCCC*)cccc3)cccc2,tg,129.5,91.37285043315462,106.99780402226874,97.03766137500722
*N1C(=O)c2c(C1=O)cc(cc2)c1cc2c(C(=O)N(C2=O)c2cc(ccc2)C(=O)Nc2ccc(cc2)Oc2ccc(cc2)NC(=O)c2cc(ccc2)*)cc1,tg,253.0,262.9355745129114,257.0419135493353,260.79883375885913
*C(C*)(C(=O)OCCOCCOCCOc1ccc(cc1)N=Nc1ccc(cc1)C#N)C,tg,37.0,32.541391053941325,40.330488843706924,35.36532049059354
*c1cc2c(C(=O)N(C2=O)c2ccc(cc2)Oc2ccc(cc2)C2(C3C4C(CCC4)C(C2)C3)c2ccc(cc2)Oc2ccc(cc2)N2C(=O)c3c(C2=O)cc(cc3)C(=O)Nc2ccc(cc2)Oc2c(cc(c(c2)C(C)(C)C)Oc2ccc(cc2)NC(=O)*)C(C)(C)C)cc1,tg,290.0,266.8889257724263,290.1382014614041,275.3179268930969
*Oc1ccc(cc1)C(c1ccc(cc1)OC(=O)*)(C(F)(F)F)C(F)(F)F,tg,173.55,158.36989032175018,155.00174517438032,157.1487727436563
*C(C*)(C(=O)OCCN(c1ccc(cc1)N=Nc1ccc(cc1)[N+](=O)[O-])CC)C,tg,125.25,110.8298538261312,109.54931435610513,110.36559555106462
*c1cc2c(C(=O)N(C2=O)c2ccc(cc2)C2(CCC(CC2)C(CC)(C)C)c2ccc(cc2)NC(=O)*)cc1,tg,342.0,308.7943403984363,309.90474171381425,309.19691525955994
*C1(c2c(C(=O)O1)cccc2)c1ccc(cc1)Oc1c(c(c(c(c1F)F)C(=O)c1c(c(c(c(c1F)F)Oc1ccc(cc1)*)F)F)F)F,tg,215.0,246.57101400554424,249.04560038891591,247.4681727677213
*C(C*)(C(=O)OCC(C(F)F)(F)F)C,tg,80.0,77.96637250858542,63.211373734417755,72.61696279506414
*OC(=O)CCC#CC#CCCC(=O)OCCN(CC*)c1ccc(cc1)[N+](=O)[O-],tg,30.0,48.85507299299817,73.55542977288147,57.81016207894782
*C(C*)c1c2c(OCO2)ccc1,tg,119.0,131.97213971413572,104.30220179580354,121.94043202385794
*c1cc2c(C(=O)N(C2=O)c2c(cc(c(c2C)N2C(=O)c3c(C2=O)cc(cc3)C(=O)Nc2ccc(cc2)NC(=O)*)C)C)cc1,tg,327.0,326.7848337381855,311.85276699029924,321.37122821190536
*OC(=O)c1ccc(cc1)c1ccc(cc1)C(=O)OCCCC*,tg,70.0,68.04192662863447,72.70745256441552,69.73340828454947
*O[Si](*)(c1ccccc1)C,tg,-24.27,38.143430622799286,32.7192920874371,36.176914744848055
*c1cc2c(C(=O)N(C2=O)c2ccc(cc2)NC(=O)c2cc(ccc2)N2C(=O)c3c(C2=O)cc(cc3)C(=O)*)cc1,tg,308.0,277.9262045825821,278.3570125298727,278.08239356322326
*Oc1c(cc(cc1Br)C(c1cc(c(c(c1)Br)OC(=O)*)Br)(C(F)(F)F)C(F)(F)F)Br,tg,206.0,188.47033950399475,192.79186609128516,190.03710454797195
*Oc1cc(c(cc1)C(=O)c1ccccc1)c1c(ccc(c1)Oc1ccc(cc1)C(c1ccc(cc1)*)(C(F)(F)F)C(F)(F)F)C(=O)c1ccccc1,tg,164.0,197.40691014634697,175.02341490674235,189.29179684203885
*NC(=O)c1ccc(cc1)C(=O)NCC(CCC*)C,tg,153.5,155.64977033274008,121.54300175202155,143.2843962696839
*C1(CCN(CC1)C(=O)CCCC(=O)N1CCC(CC1)(CCC*)C)C,tg,58.0,56.813101965901325,83.7123779594076,66.56540696359997
*Oc1ccc(cc1)Oc1ccc(cc1)P(=O)(c1ccc(cc1)*)C,tg,213.0,177.58895684849594,207.9658923062686,188.60208372786332
*C(C*)OC(=O)C1CCCC1,tg,36.0,63.423509756402616,59.463365089420975,61.987763357996286
*C=CCC(C*)(C(=O)OC12CC3CC(CC(C1)C3)C2)C(=O)OC12CC3CC(CC(C1)C3)C2,tg,34.0,139.25392772820155,114.00869584968343,130.10129473256376
*Oc1cc(ccc1)Oc1c(c(ccc1)Oc1cc(ccc1)Oc1ccc(cc1)c1ccc(cc1)*)C(=O)c1c(cccc1)S(=O)(=O)O[Na],tg,230.0,219.08785026924735,228.00301706719173,222.32003487302256
*c1ccc2c3n(c4ccc(cc4n3)c3cc4n5c(nc4cc3)c3cccc4c(ccc(c5=O)c34)Oc3c(cccc3)c3c(cccc3)O*)c(=O)c3cccc1c23,tg,376.0,395.5456041348081,380.71202791218144,390.16770624772045
*OC(=O)Nc1c(ccc(c1)NC(=O)OCCN(CC*)c1ccc(cc1)N=Nc1ccc(cc1)c1nc2c([nH]1)ccc(c2)[N+](=O)[O-])C,tg,188.0,167.6467616235246,178.24507616301352,171.4891697194002
*N1C(=O)c2c(C1=O)cc(cc2)Oc1cc2c(C(=O)N(C2=O)c2cc(ccc2)Oc2cc(ccc2)*)cc1,tg,200.0,226.93940722912217,214.59624611183668,222.46440679117129
*N1C(=O)C(=C(C1=O)Cl)Oc1ccc(cc1)C(c1ccc(cc1)OC1=C(C(=O)N(C1=O)c1ccc(cc1)Oc1ccc(cc1)*)Cl)(C(F)(F)F)C(F)(F)F,tg,193.0,197.12064576651096,200.5968653677196,198.3809456273009
*OC(=O)NC1CC(CC(C1)(CNC(=O)OCCN(CC*)c1ccc(cc1)N=Nc1ccc(cc1)B(c1c(cc(cc1C)C)C)c1c(cc(cc1C)C)C)C)(C)C,tg,146.0,157.9883204780493,111.44604645055736,141.11446663484017
*c1oc(nn1)c1ccc(cc1)C(=O)OCCCCCCCCOc1ccc(cc1)C=CC(=O)C=Cc1ccc(cc1)OCCCCCCCCOC(=O)c1ccc(cc1)*,tg,59.0,83.16832179672916,87.52910152200367,84.74931802573266
*C(=C*)C(CCCCCCC)[Si](C)(C)C,tg,150.0,112.66119547931936,123.82895183413146,116.71005412289057
*C1C2C(C(C1)CC*)CCC2,tg,103.55,131.2737601053806,105.56589210893279,121.95339885839171
*c1cc2c(C(=O)N(C2=O)c2ccc(cc2)Oc2ccc(cc2)C(=O)c2cc(ccc2)C(=O)c2ccc(cc2)Oc2ccc(cc2)N2C(=O)c3c(C2=O)cc(cc3)C(*)(C(F)(F)F)C(F)(F)F)cc1,tg,236.0,233.58920973625223,239.91023631951347,235.88089145859325
*c1cc2c(C(=O)N(C2=O)c2ccc(cc2)Oc2c(cc(c(c2)C(C)(C)C)Oc2ccc(cc2)N2C(=O)c3c(C2=O)cc(cc3)C(*)(C(F)(F)F)C(F)(F)F)C(C)(C)C)cc1,tg,277.0,271.6437581534183,272.00801674504635,271.77581973323356
*OC(=O)NCCCCCCNC(=O)OCCOCC*,tg,5.0,5.50961362367331,-5.873608677624161,1.3826380215917753
*Oc1cc(ccc1)NC(=O)c1ccc(cc1)P(=O)(c1ccc(cc1)C(=O)Nc1cc(ccc1)Oc1ccc(cc1)P(=O)(c1ccc(cc1)*)c1ccccc1)c1ccccc1,tg,235.0,222.7014657296548,210.25720169252145,218.18981053152555
*N(CC*)C(=O)CCCCCCC,tg,10.0,3.391647114810434,4.083598674452891,3.6425134450007177
*c1sc(cc1SCCCC)c1ccc(cc1)c1sc(c(c1)SCCCC)c1ccc(cc1)*,tg,26.4,39.63844267885441,24.3005140474077,34.07769234182256
*C1C2C(C(=O)N(C2=O)c2c(cccc2)Cl)C(C1)C=C*,tg,255.6,210.63625341438993,219.2644457607508,213.76439572427344
*Oc1cc(cc(c1)CCC)OC(=O)c1cc(ccc1)C(=O)*,tg,129.0,114.78777997483591,120.59776859925411,116.8941854079102
*C(CCCCC*)CCCCCCCC,tg,-72.0,-42.31632173722398,-66.72204248659996,-51.164590831679725
*C1OCC2(CO1)COC(OC2)CCCCCCCC(=O)OCCOC(=O)CCCCCCC*,tg,0.0,4.906352371387368,-4.51663529954562,1.490057829531412
*Oc1c(cc(cc1)Oc1c(c(c(c(c1F)F)c1c(c(c(c(c1F)F)*)F)F)F)F)S(=O)(=O)O,tg,120.0,206.97202602260325,200.53049556208808,204.63665574282044
*Oc1ccc(cc1)C1(c2ccccc2c2ccccc12)c1ccc(cc1)Oc1ccc(cc1)C(=O)c1cc(ccc1)c1cc(ccc1)C(=O)c1ccc(cc1)*,tg,212.0,234.2444032313161,229.76993253362158,232.62218845654985
*OC(=O)CCCC(=O)NCCCCCC*,tg,-18.0,16.28705415852563,11.548919230821328,14.569248186856502
*c1cc2c(C(=O)N(C2=O)c2ccc(cc2)Oc2c3c(ccc2)c(ccc3)Oc2ccc(cc2)N2C(=O)c3c(C2=O)cc(cc3)C(=O)Nc2ccc(cc2)Oc2ccc(cc2)C(c2ccc(cc2)Oc2ccc(cc2)NC(=O)*)(C(F)(F)F)C(F)(F)F)cc1,tg,231.0,260.818086713375,264.50011542523015,262.1530024567193
*c1c(ccc(c1)*)c1oc2c(n1)cc(cc2)C,tg,221.0,239.80951073437905,232.97195715274847,237.3305626771055
*N1C(=O)c2c(C1=O)c(ccc2)c1cc2c(C(=O)N(C2=O)c2cc(ccc2)C(=O)Nc2ccc(cc2)NC(=O)c2cc(ccc2)*)cc1,tg,328.0,289.3588017035024,300.52663442518593,293.4076880338048
*C(C*)C(=O)OCCCCCCCCCCCCCCCCCC,tg,-42.5,-88.748472983348,-60.163176454533044,-78.3849029651082
*Oc1ccc(cc1)CC(NC(=O)CCc1ccc(cc1)OC(=O)CCCCCCC(=O)*)C(=O)OCC(C)C,tg,42.0,42.374750731303585,36.3746477621924,40.19941953701809
*c1cc2c(C(=O)N(C2=O)c2ccc(cc2)S(=O)(=O)c2ccc(cc2)NC(=O)c2cc(ccc2)C(=O)Nc2ccc(cc2)S(=O)(=O)c2ccc(cc2)N2C(=O)c3c(C2=O)cc(cc3)C(=O)*)cc1,tg,226.0,282.3344062805452,287.295311039824,284.13297722679306
*Oc1ccc(cc1)C(=O)NNC(=O)c1c(cc(cc1)C(=O)NNC(=O)c1ccc(cc1)OC(=O)c1cc(ccc1)C(=O)*)Oc1ccccc1,tg,160.0,187.013461338859,176.5319305194173,183.2133930612351
*C(C*)c1c(ccc(c1)C(=O)OC)c1ccc(cc1)OCCCCCCCC,tg,126.0,80.25857363847645,104.67157924260472,89.10948384957138
*Oc1ccc(cc1)Oc1cc(ccc1)Oc1ccc(cc1)c1ccc(cc1)Oc1cc(ccc1)Oc1ccc(cc1)Oc1c(cc(cc1)C(=O)c1cc(c(cc1)*)S(=O)(=O)O[Na])S(=O)(=O)O[Na],tg,304.0,296.7369377187163,287.173617733482,293.26976583984845
*c1cc2C3(CCC(CC3)(C3=NC(CO3)Cc3ccccc3)C3=NC(CO3)Cc3ccccc3)c3c(c2cc1)ccc(c3)c1cc2C(c3c(c2cc1)ccc(c3)*)(CCCCCC)CCCCCC,tg,142.0,139.51546086586575,142.8754744878892,140.7336303677626
*c1c2C(=O)N(C(=O)c2c(c2ccccc12)c1ccc(cc1)Oc1ccc(cc1)S(=O)(=O)c1ccc(cc1)Oc1ccc(cc1)*)CCCCCCCCCCCC,tg,167.0,154.18568145471696,181.36700729740016,164.0402433367419
*c1cc2c(oc(n2)c2cc(ccc2)c2oc3c(n2)cc(cc3)C(*)(c2ccccc2)C(F)(F)F)cc1,tg,301.0,358.60134037972415,307.56025406033643,340.09644674166873
*C1C(=O)OC(=O)C1C1C2CC(C(C1*)C2)COCCC,tg,209.0,173.00815680668572,153.86506645053157,166.06784897844577
*P1(=NP(=NP(=N1)(Oc1ccc(cc1)C(=O)OCCC)Oc1ccc(cc1)C(=O)OCCC)(Oc1ccc(cc1)C(c1ccc(cc1)O*)(C(F)(F)F)C(F)(F)F)Oc1ccc(cc1)C(=O)OCCC)Oc1ccc(cc1)C(=O)OCCC,tg,34.0,63.206656166934984,59.2604573031883,61.775965805227116
*N1C(=O)c2c(C1=O)cc(cc2)C(=O)c1cc2c(C(=O)N(C2=O)CCCCCCOC(=O)OCCCCCC*)cc1,tg,74.0,64.27762471482035,55.78959239835957,61.20029728041538
*c1cc2c(C(=O)N(C2=O)c2ccc(cc2)NC(=O)Nc2ccc(cc2)N2C(=O)c3c(C2=O)cc(cc3)C(=O)Nc2ccc(cc2)Oc2ccc(cc2)NC(=O)*)cc1,tg,205.0,226.0284447499333,218.54941854514271,223.31693144925913
*C(C*)c1ccc(cc1)C(=O)CCC,tg,74.0,81.72252683002564,119.77727199448039,95.51923576535359
*c1cc2c(C(=O)N(C2=O)c2ccc(cc2)Oc2ccc(cc2)S(=O)(=O)c2ccc(cc2)Oc2ccc(cc2)N2C(=O)c3c(C2=O)cc(cc3)C(=O)c2cc(ccc2)C(=O)*)cc1,tg,249.0,242.83568881232472,235.35233594166053,240.12260688336357
*c1sc(nn1)c1ccc(cc1)OC(=O)CCCCCCCCC(=O)Oc1cc(ccc1)C=C*,tg,55.0,36.84541649528459,42.00501577105975,38.71602393525479
*OCCCCSSCCCC*,tg,-76.0,-59.37036778806682,-53.171510310644976,-57.12297835008803
*Oc1c(cc(cc1)OC(=O)c1c(cc(cc1)c1ccc(cc1)C(=O)*)c1ccccc1)C(c1ccccc1)(C)C,tg,146.0,173.8236736585653,145.57728060950072,163.58297275026382
*N(CC*)C(=O)c1ccc(cc1)F,tg,104.0,107.706930767679,111.95290580367522,109.24630467401188
*Oc1ccc(cc1)C1(CCCCCC1)c1ccc(cc1)OC(=O)*,tg,155.0,166.97708473577362,183.2919459675521,172.89202098780672
*O[Si](O[Si](O[Si](O[Si](O[Si](C#Cc1ccc(cc1)C#C[Si](*)(C)C)(C)C)(C)C)(C)C)(C)C)(C)C,tg,78.0,34.115619636430246,92.9233475425093,55.436301237682535
*C(C*)(C(=O)OCCCCCCCCOc1ccc(cc1)C(=O)Oc1ccc(cc1)C(=O)C=Cc1c(c2c(n1CCCC)cccc2)C)C,tg,69.0,70.56935659736202,86.34230194889622,76.28782180130762
*Oc1ccc(cc1)P(=O)(c1ccc(cc1)Oc1ccc(cc1)C(c1ccc(cc1)*)(c1ccccc1)C(F)(F)F)C,tg,229.0,205.31257673307633,227.93621436674144,213.51475341672307
*c1cc2c(nc(c(n2)c2ccc(cc2)Oc2ccc(cc2)c2c(nc3c(n2)cc(cc3)C(=O)*)c2ccccc2)c2ccccc2)cc1,tg,265.4,307.94641556815515,270.0868342200318,294.22046307481617
*Oc1ccc(cc1)c1ccc(cc1)c1ccc(cc1)Oc1ccc(cc1)C(=O)c1cc(ccc1)C(=O)c1ccc(cc1)*,tg,174.0,180.24801792766564,160.4070071001822,173.05467974640862
*C(C*)c1ccc(cc1)C(CCCCC)(O)C,tg,92.5,89.16452154664553,112.36311800168005,97.57514896288691
*C(C*)C(=O)Oc1cc(ccc1)C(=O)OCC,tg,24.0,35.72677143429123,46.75720184260383,39.725842696421964
*Oc1c(cc(c(c1)OC(=O)c1ccc(cc1)OCCCC)OC(=O)CCCCCCCC(=O)*)OC(=O)c1ccc(cc1)OCCCC,tg,38.0,40.814985651442335,27.75759997087744,36.08104382861437
*c1cc2c(C(=O)N(C2=O)c2cc(ccc2)Nc2nc(nc(n2)Nc2cc(ccc2)N2C(=O)c3c(C2=O)cc(cc3)C(=O)*)N(c2ccccc2)c2ccccc2)cc1,tg,290.0,261.45138654641636,270.6837227748551,264.79856060280264
*N1C(=O)c2c(C1=O)cc(cc2)C(=O)c1cc2c(C(=O)N(C2=O)CCCCCCCCCCC(=O)Nc2ccc(cc2)NC(=O)CCCCCCCCCC*)cc1,tg,125.0,159.04722892296004,173.9427333063256,164.4475788013808
*Oc1cc(ccc1)NC(=O)c1cc(cc(c1)C(C(C(C(C(C(C(C(F)(F)F)(F)F)(F)F)(F)F)(F)F)(F)F)(F)F)(F)F)C(=O)Nc1ccc(cc1)*,tg,210.0,225.84730903635077,215.47987108286245,222.08860501057913
*C(C*)(C(=O)OCc1occc1)C,tg,111.0,67.52945096533819,73.30598482879398,69.62372740904452
*C(C*)(C(=O)OCCCCC)C,tg,6.0,12.638343867055774,-15.328314181362156,2.49906059711361
*N1C(=O)c2c(C1=O)cc(cc2)Oc1cc2c(C(=O)N(C2=O)c2c(ccc(c2)C(c2cc(c(cc2)OCCN(c2ccc(cc2)C=CC2=CC(=C(C(=O)OC)C#N)CC(C2)(C)C)c2ccccc2)*)(C(F)(F)F)C(F)(F)F)OCCN(c2ccc(cc2)C=CC2=CC(=C(C(=O)OC)C#N)CC(C2)(C)C)C)cc1,tg,207.0,190.9984572302966,202.47758000183825,195.160201449774
*C=CC(C(*)COCc1ccccc1)COCc1ccccc1,tg,-4.0,13.511865829229658,47.977048263002565,26.00718246810946
*c1cc2c(C(=O)N(C2=O)c2ccc(cc2)Oc2c(c(ccc2)Oc2ccc(cc2)N2C(=O)c3c(C2=O)cc(cc3)C(*)(C(F)(F)F)C(F)(F)F)C#N)cc1,tg,280.0,249.55576729200664,258.83731620394616,252.92078335645922
*c1ccc2n(c3c(c2c1)cc(cc3)Nc1ccc(cc1)C(=O)c1ccc(cc1)C(=O)c1ccc(cc1)N*)CC(CCCC)CC,tg,213.0,207.5040095477228,234.36348095423057,217.241883433119
*c1c(nc2c(n1)cc(cc2)Oc1cc2c(nc(c(n2)c2ccc(cc2)c2ccc(cc2)*)c2ccccc2)cc1)c1ccccc1,tg,410.0,306.6991937094908,330.658385806667,315.3855742978205
*Nc1ccc(cc1)Cc1ccc(cc1)NC(=O)c1ccc(cc1)C(=O)*,tg,294.5,282.3194940243082,293.1564038284378,286.2484045893337
*N1C(=O)C(=C(C1=O)c1ccccc1)c1ccc(cc1)C1=C(C(=O)N(C1=O)c1ccc(cc1)Oc1ccc(cc1)Oc1ccc(cc1)*)c1ccccc1,tg,249.0,246.62104006790975,271.2104365119272,255.5359005975863
*C(C*)c1ccc(cc1)OP1(=NP(=NP(=N1)(OCCOCCOCCOC)OCCOCCOCCOC)(OCCOCCOCCOC)OCCOCCOCCOC)OCCOCCOCCOC,tg,-66.5,4.607593495824378,49.88561358954404,21.023093368478182
*c1cc2c(C(=O)N(C2=O)c2cc(ccc2)P(=O)(c2cc(ccc2)N2C(=O)c3c(C2=O)cc(cc3)C(*)(C(F)(F)F)C(F)(F)F)c2ccccc2)cc1,tg,271.0,277.0875639357771,272.42959290746245,275.3988213038366
*C(C*)(C(=O)OCc1ccc(cc1)C=CC(=O)Oc1ccc(cc1)OC)C,tg,89.0,97.4423014314131,98.73124803607651,97.90960770454329
*OCCOCCOCCCNC(=O)C(NC(=O)CCCCCCCCC(=O)NC(C(=O)NCCC*)Cc1ccccc1)Cc1ccccc1,tg,44.0,48.77337247431846,49.27685422139988,48.955909266739845
*O[Si](*)(CCC(C(C(C(F)(F)F)(F)F)(F)F)(F)F)C,tg,-75.0,-36.74376477131276,-66.04524490422406,-47.36698642267403
*C(C*)OC(C)C,tg,-7.5,13.411141460971004,-33.224696957410764,-3.496634056453524
*Oc1c(cc(cc1)Oc1ccc(cc1)C(=O)c1ccc(cc1)*)S(=O)(=O)O,tg,214.67,182.34238986851463,174.35784490350184,179.44760125838843
*N1C(=O)C2C(C1=O)C(Cc1ccccc21)C1C(=O)N(C(=O)C1)c1cc(cc(c1)C(=O)OCCCCCC)*,tg,249.43,189.37100190800763,171.98818127944605,183.06887806902608
*c1nc2c(c(c1)c1ccccc1)cc(cc2)c1cc2c(nc(cc2c2ccccc2)c2ccc(cc2)C2(c3ccccc3C(=O)c3ccccc23)c2ccc(cc2)*)cc1,tg,417.0,356.350968598736,377.36218240023464,363.9685626712879
*OC(=O)C1=C(CCCC=C1C(=O)OCC*)N1CCCC1,tg,345.0,70.2641447481175,78.14212426321983,73.12029816337846
*c1cc2c(C(=O)N(C2=O)c2c(cc(cc2C)Cc2cc(c(c(c2)C)N2C(=O)c3c(C2=O)cc(cc3)C(=O)Nc2c(ccc(c2)NC(=O)*)N=Nc2ccc(cc2)[N+](=O)[O-])C)C)cc1,tg,264.0,279.5157127210444,258.2366005069161,271.8009923530118
*Oc1cc(ccc1)N(c1ccc(cc1)c1ccc(cc1)N(c1cc(ccc1)OC(=O)OCCOCCOC(=O)*)c1ccc(cc1)N=Nc1ccc(cc1)[N+](=O)[O-])c1ccccc1,tg,107.25,127.7341360679662,104.11714256294532,119.17181922920696
*C(C*)CN,tg,190.0,38.43620188041461,70.27116408149271,49.977934864234335
*C(=C(*)C)SCC,tg,160.0,111.2059521602133,106.91530139210354,109.65038111289896
*SSSCc1ccc(cc1)C*,tg,8.0,31.888451041281034,33.6511136100077,32.5275025526451
*N1C(=O)c2c(C1=O)cc(cc2)Oc1ccc(cc1)C(=O)Nc1ccc(cc1)Oc1ccc(cc1)*,tg,262.0,251.98165629976847,261.01529959098235,255.25679443499564
*c1cc2c(C(=O)N(C2=O)c2ccc(cc2)Cc2ccc(cc2)N2C(=O)c3c(C2=O)cc(cc3)C(=O)c2ccc(cc2)Oc2ccc(cc2)S(=O)(=O)c2ccc(cc2)Oc2ccc(cc2)C(=O)*)cc1,tg,245.0,243.62322475113945,240.69550484119534,242.56178289238824
*N1C(=O)c2c(C1=O)cc(cc2)Oc1cc2c(cc1)ccc(c2)Oc1cc2c(C(=O)N(C2=O)c2ccc(cc2)Oc2ccc(cc2)*)cc1,tg,249.5,233.35301016005155,243.7569909485615,237.12496275328272
*NNC(=O)c1c(cc(cc1)C(=O)*)OCCCCC,tg,234.0,103.64509516822278,122.93241884733368,110.63769464017261
*Oc1ccc(cc1)P(=O)(c1ccc(cc1)*)c1ccccc1,tg,240.0,182.21143152475517,220.67044629185435,196.15470799101737
*Oc1cc2c(cc1)ccc(c2)OC(=O)c1ccc(cc1)Oc1ccc(cc1)C(=O)*,tg,142.0,176.8381286908817,173.92967839082132,175.78367300948403
*OC(=O)NCCCCCCNC(=O)OCC#CC*,tg,-45.0,39.30381441417643,35.112326851724525,37.78419488564491
*S(=O)(=NP(=NP(=N*)(NC)NC)(NC)NC)NC,tg,22.0,35.667095689195065,42.527373125652176,38.15428225679306
*N1C(=O)c2c(C1=O)cc(cc2)C(=O)Oc1ccc(cc1)OC(=O)CCCC*,tg,89.32,95.50167769156548,105.36373948870491,99.07715810877352
*OC(=O)COCC(=O)OCCCC*,tg,-27.0,-25.346339416919125,-41.85331973949795,-31.330928248814114
*NC(=O)c1c(cc(cc1)C(=O)NCCCCCC*)Oc1ccc(cc1)Cl,tg,112.5,113.22508915112188,111.3451428482393,112.54351654190249
*OCCCNC(=O)CCCCC(=O)NCCC*,tg,34.0,6.62163446531688,20.371115776052385,11.606494850957752
*Oc1ccc(cc1)N[Se]Nc1ccc(cc1)*,tg,55.0,89.71653409854862,90.19573966744154,89.8902695873985
*C(=C*)CCCOC(=O)c1c(ccc(c1)c1ccc(cc1)OC)c1ccc(cc1)OC,tg,72.4,99.54594890585246,97.27471359219136,98.7225148660027
*Nc1c(cc(cc1)NC(=O)c1ccc(cc1)NC(=O)CCCCCCCCCCC(=O)Nc1ccc(cc1)C(=O)*)C(=O)OCCCCCCCCCCCCCC,tg,199.5,235.37835530252912,230.96979384101192,233.78003585392412
*c1ncc(cc1)C(=O)NCCCCCCNC(=O)*,tg,80.0,100.48847614181328,114.83519726711863,105.68986521134366
*N1C(=O)c2c(C1=O)cc(cc2)Oc1cc2c(C(=O)N(C2=O)c2cc(ccc2)Oc2ccc(cc2)*)cc1,tg,233.75,229.4295275262768,223.04753389406068,227.11574226269695
*Oc1cc2c(cc1)ccc(c2)OCCNC(=O)c1cc(ccc1)C(=O)NCC*,tg,143.0,152.37632868318866,144.97029262299475,149.6912778847805
*C(C*)OC(=O)CC(c1ccccc1)(C)C,tg,20.0,59.643397430358135,70.56439394478836,63.60279354619556
*OC(=O)c1cc(ccc1)C(=O)OCCc1ccc(cc1)NC(=O)c1cc(ccc1)C(=O)Nc1ccc(cc1)CC*,tg,142.0,160.3238255948426,135.4747162778627,151.31480642871915
*c1cc2c(C(=O)N(C2=O)c2ccc(cc2)C(=O)OCCCSCCCCSCCCOC(=O)*)cc1,tg,39.0,55.85842190229346,62.97167500625587,58.43732453939101
*c1cc2c(C(=O)N(C2=O)c2ccc(cc2)Oc2cc(ccc2)Oc2ccc(cc2)N2C(=O)c3c(C2=O)cc(cc3)C(=O)Nc2ccc(cc2)C2(c3ccccc3c3ccccc23)c2ccc(cc2)NC(=O)*)cc1,tg,278.0,255.2366433184521,264.84090570636414,258.7186588235332
*N1C(=O)c2c(C1=O)cc(cc2)c1cc2c(C(=O)N(C2=O)c2ccc(cc2)c2nc(cc(c2)c2ccc(cc2)OCCCC#N)c2ccc(cc2)*)cc1,tg,360.0,311.9733296738258,307.15084737388366,310.22494364862604
*C(C*)C(=O)Oc1ccc(cc1)C(C)(C)C,tg,71.0,57.63782136360958,84.67854609241733,67.44140845561188
*c1ccc2c(nc([nH]2)c2ccc(cc2)c2nc3c([nH]2)ccc(c3)C(=O)Nc2cc(ccc2)NC(=O)c2cc(ccc2)NC(=O)*)c1,tg,312.0,305.01244637374725,287.3715844501267,298.6167699271779
*N1C(=O)c2c(C1=O)cc(cc2)S(=O)(=O)c1cc2c(C(=O)N(C2=O)c2c(cc(c(c2C)*)C)C)cc1,tg,418.0,364.5226973149153,368.62230670869457,366.00900650737157
*c1n(nc(c1)c1ccc(cc1)Oc1ccc(cc1)P(=O)(c1ccc(cc1)Oc1ccc(cc1)*)c1ccccc1)c1ccccc1,tg,239.0,241.1325992588968,224.08563978961516,234.95224153967882
*C(C*)C(=O)Nc1cc2C(=O)c3c(C(=O)c2cc1)cccc3,tg,128.0,162.5819224793462,143.88358468242524,155.802859236544
*c1cc2c(C(=O)N(C2=O)c2cc(ccc2)P(=O)(c2cc(ccc2)N2C(=O)c3c(C2=O)cc(cc3)C(*)(C(F)(F)F)C(F)(F)F)c2ccc(cc2)Oc2ccc(cc2)C23CC4CC(CC(C2)C4)C3)cc1,tg,298.0,282.51496108188104,281.68045810278784,282.2124128803767
*c1cc2c(C(=O)N(C2=O)c2cc(ccc2)Nc2nc(nc(n2)Nc2cc(ccc2)N2C(=O)c3c(C2=O)cc(cc3)C(=O)*)c2ccccc2)cc1,tg,292.0,297.78706773860654,305.4058850364925,300.5492621570981
*N1C(=O)c2c(C1=O)cc(cc2)C(=O)c1cc2c(C(=O)N(C2=O)CC(=O)Nc2cc(ccc2)Oc2ccc(cc2)NC(=O)C*)cc1,tg,226.0,219.7337142268324,211.93657126457038,216.9068680211206
*C1C2C(C(C(C1*)C2)C(=O)OCCC12CC3CC(CC(C1)C3)C2)C(=O)OCCC12CC3CC(CC(C1)C3)C2,tg,300.0,197.45457646448975,221.164834899174,206.05070640810305
*OC(=O)c1cc2c(cc1)cc(cc2)C(=O)OCCCCC*,tg,50.83,48.91219340017583,45.77363136428172,47.77431094431991
*c1cc2c(C(=O)N(C2=O)c2ccc(cc2)Oc2ccc(cc2)S(=O)(=O)c2ccc(cc2)Oc2ccc(cc2)N2C(=O)c3c(C2=O)cc(cc3)C(=O)Nc2ccc(cc2)Oc2c(cccc2)c2c(cccc2)Oc2ccc(cc2)NC(=O)*)cc1,tg,236.0,249.03307675981887,257.54053064324,252.11744546346011
*C(C*)C(=O)OC12CC3CC(CC(C1)C3)C2,tg,153.0,130.51086296309245,93.22902608859125,116.99437113772305
*c1cc2c(C(=O)N(C2=O)c2c(ccc(c2)N2C(=O)c3c(C2=O)cc(cc3)C(=O)Nc2ccc(cc2)Oc2ccc(cc2)c2ccc(cc2)Oc2ccc(cc2)NC(=O)*)C)cc1,tg,299.0,280.32378558124105,285.2453828619088,282.10810564132385
*c1cc2c(C(=O)N(C2=O)c2cc(ccc2)Oc2cc(ccc2)Oc2cc(ccc2)N2C(=O)c3c(C2=O)cc(cc3)C(=O)*)cc1,tg,211.0,226.73175261403355,233.140827238841,229.05535606377782
*NC(=O)c1c(cc(cc1)C(=O)NCCCC*)Sc1ccccc1,tg,136.0,140.9886383408055,126.64897389142853,135.78980766191512
*c1c(ccc(c1)*)c1oc2c(n1)cccc2,tg,229.0,248.15244353925132,237.33807240191064,244.2317043448167
*c1oc(nn1)c1oc(cc1)c1oc(nn1)c1ccc(cc1)[Si](c1ccc(cc1)*)(c1ccccc1)c1ccccc1,tg,264.0,250.94614482212387,235.77905029631364,245.44733021535401
*C1C(=O)N(C(=O)C1CC*)CCCCCC,tg,41.5,65.69686240375698,58.39081259364115,63.04806151804436
*c1cc2Oc3c(C4(c2cc1)c1ccccc1c1ccccc41)ccc(c3)OC(=O)O*,tg,295.0,298.7052821361896,243.9572765050707,278.85644869326404
*Nc1ccc(cc1)C(c1ccc(cc1)NC(=O)c1cc(cc(c1)N1C(=O)C2C(C1=O)CC=CC2)C(=O)*)(C)C,tg,308.0,290.7691289606891,285.304564413989,288.78795667367683
*c1oc2c(n1)cc(cc2)NC(=O)CCCCCCCCC(=O)Nc1cc2c(oc(n2)CCCCCC*)cc1,tg,86.0,108.51902795489862,136.9798769441441,118.8374796449579
*NC(=O)CCCCCCCCCCCCCCC(=O)NCCCCCCCCCCCC*,tg,46.0,48.28088513741837,47.755888991922376,48.09054832185765
*OC(=O)c1ccc(cc1)c1ccc(cc1)C(=O)OCCCCC*,tg,45.25,57.99005919584789,56.232114196653356,57.35271803449237
*C(C*)(C(=O)NC(=O)OC(COc1ccc(cc1)S(=O)(=O)c1ccc(cc1)OCC(O)C)C)C,tg,73.0,71.69469607773131,80.3996208028239,74.8506576330388
*Nc1ccc(cc1)c1c(cc(cc1c1ccc(cc1)c1ccccc1)c1ccc(cc1)c1cc(c(c(c1)c1ccc(cc1)c1ccccc1)c1ccc(cc1)NC(=O)c1ccc(cc1)C(=O)*)c1ccc(cc1)c1ccccc1)c1ccc(cc1)c1ccccc1,tg,305.0,239.655030002315,239.60845822014684,239.6381454503256
*Oc1ccc(cc1)NC(=O)c1ccc(cc1)C(=O)Nc1ccc(cc1)Oc1ccc(cc1)C(c1ccc(cc1)*)(C(F)(F)F)C(F)(F)F,tg,243.0,237.6100072232369,226.58531610774293,233.6130167358472
*C(C*)c1ccc(cc1)COCCCCO,tg,20.0,30.106108293891193,48.39709546613531,36.737486984372694
*OP(=O)(OCCCCOc1c(cc(cc1)C=C1C(=O)C(=Cc2cc(c(cc2)OCCCC*)OC)CC1)OC)OC,tg,75.0,64.54782273880325,72.51040246783322,67.4346478750909
*Oc1c(cc(cc1)C(c1cc(c(cc1)OC(=O)CCCCC(=O)*)C)(C)C)C,tg,33.5,79.3025301400674,59.260351648700535,72.03625882803246
*Oc1c(cc(c(c1)OC(=O)c1ccc(cc1)OC)OC(=O)CCCC(=O)*)OC(=O)c1ccc(cc1)OC,tg,88.0,101.5339567261176,61.629555632332895,87.06665692551947
*c1c(c(cc(c1)N=Nc1ccc(cc1)C#N)*)O,tg,176.0,193.04116491421908,171.46968930961032,185.22044849800974
*C1OCC(OC1)CNC(=O)CCCCC(=O)NC*,tg,93.0,48.42406932969667,70.26239623423169,56.34153241174719
*C1COC2C1OCC2OC(=O)OCC(C(COC(=O)O*)OC)OC,tg,61.0,78.00233021227814,87.5265322820699,81.45531993091387
*NC(=O)CCP(=S)(CCC(=O)NCCCCCC*)c1ccccc1,tg,43.0,52.98406654762024,61.99327135158699,56.250344534292665
*Oc1ccc(cc1)Oc1ccc(cc1)C(=O)c1ccc(cc1)NC(=O)c1cc(ccc1)C(=O)Nc1ccc(cc1)C(=O)c1ccc(cc1)*,tg,198.0,217.3263591111104,192.2858125990047,208.24793458570434
*c1c(nc2c(c1c1ccccc1)cc(cc2)c1cc2c(nc(c(c2c2ccccc2)c2ccc(cc2)*)c2ccccc2)cc1)c1ccccc1,tg,376.25,355.2465899950649,335.4636737652494,348.0743139507707
*c1cc2c(C(=O)N(C2=O)c2cc(c(cc2)c2c(cc(cc2)N2C(=O)c3c(C2=O)cc(cc3)C(*)(C(F)(F)F)C(F)(F)F)C(F)(F)F)C(F)(F)F)cc1,tg,321.5,311.4109173421812,304.8773506965151,309.04217943761057
*c1ccc(cc1)c1c(cc(c(c1c1ccccc1)c1ccccc1)c1cc(ccc1)c1c(c(c(c(c1)c1ccccc1)c1ccc(cc1)CCC*)c1ccccc1)c1ccccc1)c1ccccc1,tg,240.0,237.9721637201087,211.68374021088619,228.44132266578075
*C(C*)(C(=O)N)C,tg,88.7,129.32854101374016,87.16719004952272,114.04298634612294
*Oc1ccc(cc1)C(c1ccc(cc1)OC(=O)c1ccc(cc1)C(c1ccc(cc1)C(=O)*)(C(F)(F)F)C(F)(F)F)(C(F)(F)F)C(F)(F)F,tg,135.0,178.94214148646893,204.3341105068197,188.14797388278905
*NC(=O)CCCCCCCCCCC(=O)NCCCCCCCCCCC*,tg,39.0,45.55996449713592,49.03249013170237,46.81892511409804
*C(C*)OCCCCCCCOc1ccc(cc1)c1ccc(cc1)C#N,tg,13.0,36.75709508703589,41.071380540602114,38.32123486538791
*c1cc2c(C(=O)N(C2=O)c2ccc(cc2)C(=O)OCCCCCCCCCCCCOC(=O)*)cc1,tg,46.8,55.31086059208974,70.01367450460945,60.64135073739752
*C(C(*)(F)F)OC(F)(F)F,tg,-10.0,49.01382827951672,42.23514343296134,46.55622302193117
*C(C*)(C(=O)OCCCCCCN(c1ccc(cc1)N=Nc1ccc(cc1)S(=O)(=O)C)C)C,tg,100.0,95.2805388549615,76.98890171738529,88.64892452021368
*c1nnc(nc1c1ccc(cc1)Oc1ccc(cc1)C(c1ccc(cc1)Oc1ccc(cc1)*)(C)C)c1ncccc1,tg,220.0,217.3646992770682,211.1713672830361,215.11931309744068
*[Si](CCC*)(c1ccc(cc1)C)c1ccc(cc1)C,tg,38.0,38.28844741433281,-0.6559181383327415,24.1692075172014
*Oc1ccc(cc1)CCNC(=O)c1cc(ccc1)C(=O)NCCc1ccc(cc1)OC(=O)c1cc(ccc1)C(=O)*,tg,147.0,132.96114015097794,155.58405550813958,141.16305497401711
*c1cc2c(C(=O)N(C2=O)c2c(cc(cc2CC)Cc2cc(c(c(c2)CC)N2C(=O)c3c(C2=O)cc(cc3)C(=O)*)CC)CC)cc1,tg,296.0,231.95398329010007,287.05511972403264,251.93084394438833
*c1cc2c(C(=O)N(C2=O)c2cc(ccc2)P(=O)(c2cc(ccc2)N2C(=O)c3c(C2=O)cc(cc3)C(=O)Nc2ccc(cc2)c2nc(cc(c2)c2ccccc2)c2ccc(cc2)NC(=O)*)c2ccccc2)cc1,tg,258.0,253.718551907241,256.4013705725629,254.69120507025008
*c1cc2c(C(=O)N(C2=O)c2c(cccc2)Cc2ccc(cc2)N2C(=O)c3c(C2=O)cc(cc3)C(=O)*)cc1,tg,286.0,283.87483242134937,283.47714990783874,283.73065303284307
*Oc1ccc(cc1)S(=O)(=O)c1ccc(cc1)Oc1c(cc(cc1C(C)C)C(c1cc(c(c(c1)C(C)C)*)C(C)C)(C)C)C(C)C,tg,175.0,198.45715406220503,161.98953172016292,185.2358548827647
*C(C*)Cc1cc(ccc1)C,tg,38.75,57.74160659209948,66.96639994299944,61.08604598594922
*N=P(*)(Oc1cc2c(cc1)cccc2)Oc1cc2c(cc1)cccc2,tg,47.0,68.37877242767816,36.363136642422845,56.77153642071578
*C1C(CC(C1)C=C*)C#N,tg,140.0,122.64637699974588,68.83467909794888,103.13700096638973
*C1(OC(C(O1)(F)F)(F)C(F)(F)F)C(*)(F)F,tg,135.0,235.40570313937823,96.21571552285415,184.94251549856838
*Oc1ccc(cc1)S(=O)(=O)c1ccc(cc1)OC(=O)c1ccc(cc1)[Si](c1ccc(cc1)C(=O)*)(c1ccccc1)c1ccccc1,tg,250.0,210.7240497175229,196.1048579036645,205.4238766785525
*N1C(=O)C(CC1=O)Nc1cc(ccc1)NC1C(=O)N(C(=O)C1)c1c(cc(cc1C)C(c1cc(c(c(c1)C)*)C)c1cnccc1)C,tg,224.0,232.123612583704,226.21698113896784,229.98216939497394
*c1ccc2c(nc([nH]2)c2cc(cc(c2)N2C(=O)c3c(C2=O)cccc3)c2nc3c([nH]2)ccc(c3)C(=O)Nc2ccc(cc2)S(=O)(=O)c2ccc(cc2)NC(=O)*)c1,tg,325.0,319.23647795919965,313.50260872678996,317.15766953383985
*NC1CCC(CC1)CC1CCC(CC1)NC(=O)CCCCCCCCCCCCC(=O)*,tg,131.0,132.31674145522462,138.68857877935636,134.62684455969682
*NC(=O)CCCCCCCCCCCCCCCCC(=O)NCCCCCCCCCCCCCC*,tg,47.0,48.56636779117508,47.755888991922376,48.27252953149891
*c1sc(cc1CCCCCCCCCC)*,tg,-33.0,21.604283918563883,17.682427187586,20.18241877219315
*OC(=O)CCCCC(=O)OCC(C*)CCCCCCOc1ccc(cc1)N=Nc1ccc(cc1)OC,tg,22.0,26.80297865542928,24.66870358843342,26.02919941291911
*O[Si](*)(c1ccc(cc1)C)C,tg,-14.65,53.77639474920348,12.479356055665152,38.80419561126486
*N1C(=O)c2c(C1=O)cc(cc2)Oc1ccc(cc1)C(=O)Nc1ccc(cc1)Oc1ccc(cc1)Oc1ccc(cc1)*,tg,242.0,229.73737198596675,261.01529959098235,241.0771526467432
*C(C*)c1ccc(cc1)C(=O)Cc1ccccc1,tg,78.0,100.11477060330098,104.57444982633439,101.73162274405827
*OC(=O)CCSCCC(=O)OCCOCC*,tg,-40.0,-53.944807638841915,-50.8449065195651,-52.82094165876153
*c1ccc(cc1)c1ccc(cc1)C(=Cc1ccc(cc1)C=C(*)c1ccccc1)c1ccccc1,tg,220.0,200.3279040657762,232.5992509048159,212.02784785373578
*OC(=O)c1ccc(cc1)c1ccc(cc1)c1ccc(cc1)C(=O)OCCCCCC*,tg,60.0,58.043820911164374,51.52634057707923,55.68091508240359
*N(CCNC(=O)c1ccc(cc1)[Si](c1ccc(cc1)C(=O)NCC*)(CCCC)CCCC)c1ccc(cc1)/C=C/c1ccc(cc1)[N+](=O)[O-],tg,115.0,145.5349687525007,126.56197576721698,138.65632955208687
*N(CC*)C(=O)CCCCCC,tg,10.0,1.20054174825158,4.38197665655082,2.353967720145754
*Nc1c(cccc1)CCc1ccc(cc1)NC(=O)NCCCCCCNC(=O)*,tg,150.0,93.75781438845124,89.42691336387908,92.18765065182616
*c1ccc2c3n(c4ccc(cc4n3)Oc3cc4n5c(nc4cc3)c3cccc4c(ccc(c5=O)c34)Oc3ccc(cc3)C3(c4ccccc4c4ccccc34)c3ccc(cc3)O*)c(=O)c3cccc1c23,tg,396.0,362.4179478310786,392.17537329754964,373.2064719967613
*C(C*)C(=O)N1CCOCC1,tg,133.0,103.20226610483236,95.9539902026318,100.57441109034076
*Oc1ccc(cc1)c1ccc(cc1)OCCCCCCCCOC(=O)Nc1c(cc(cc1)NC(=O)OCCCCCCCC*)C,tg,81.0,72.68830874935718,92.3388711734807,79.81260005677498
*C(C*)(C(=O)OCc1c(cccc1F)F)C,tg,82.0,74.8308495835427,82.92853673636537,77.76665777813267
*N(CC*)C(=O)C1(CCC1)c1ccc(cc1)Cl,tg,112.0,109.79484394508906,143.73119072662627,122.09843175916687
*N(c1ccc(cc1)C(c1ccc(cc1)*)c1ccc(cc1)C(=O)OC)c1ccc(cc1)C,tg,222.0,193.96267106176,171.54212318052106,185.8341243601264
*c1sc(cc1CCCCCCCCCCCC)c1sc(c(c1)CCCCCCCCCCCC)c1ccc(cc1)*,tg,59.6,33.88676236680672,41.6110314509457,36.68718822254362
*c1nc(nc(c1c1ccc(cc1)OC)OCCOC(=O)CCCCC(=O)OCCO*)c1ccc(cc1)OC,tg,48.0,78.18693544917731,91.76630352997691,83.11012145730413
*[Si](C*)(CCCCCC)CCCCCC,tg,-56.0,-58.44296680206623,-56.097760210632075,-57.59271455112088
*c1cc2c(C(=O)N(C2=O)c2cc(cc(c2)c2c(=O)oc3c(cccc3)n2)N2C(=O)c3c(C2=O)cc(cc3)C(=O)*)cc1,tg,95.0,262.9800516180573,247.3022707603155,257.2960882039978
*Oc1ccc(cc1)C(=O)OCCN(CCOC(=O)c1ccc(cc1)OCC#CC#CC*)c1ccc(cc1)[N+](=O)[O-],tg,100.0,74.35745205894325,90.6535335010336,80.26557971743368
*C1C2CC(C(C1*)C2)C(=O)OCCc1ccc(cc1)N(c1cc(ccc1)C)c1ccccc1,tg,305.0,192.2869430326477,159.0895937226466,180.25127799599667
*c1n(c(cc1)c1sc(cc1)c1sc(cc1)c1sc(cc1)*)CCCCCCCCCCCC,tg,53.0,45.408845093176495,52.97027217982272,48.15023274928426
*C1=C(C(=O)N(C1=O)CCCC)c1ccc(cc1)c1cc2C(c3c(c2cc1)ccc(c3)c1ccc(cc1)*)(CCCCCC)CCCCCC,tg,155.0,137.5133774681776,139.7944637782645,138.3403829767055
*c1cc2c(C(=O)N(C2=O)c2ccc(cc2)C(=O)NCCN(CCNC(=O)*)c2ccc(cc2)C=Cc2ccc(cc2)[N+](=O)[O-])cc1,tg,178.0,193.9820410914297,203.32133106388713,197.367991118313
*Oc1ccc(cc1)CC(NC(=O)Cc1ccc(cc1)OC(=O)COCCOCC(=O)*)C(=O)OCC,tg,50.0,54.97576734599227,67.27812781900899,59.4359755520962
*C(C*)(C(=O)Oc1ccc(cc1)C(=O)O)C,tg,110.0,137.57687474787883,117.71744944644577,130.3768604179265
*C(C*)C1=NC(C(=O)O1)(C)C,tg,92.0,108.6877863056544,151.48890546968244,124.2052882797303
*Oc1ccc(cc1)S(=O)(=O)c1ccc(cc1)Oc1ccc(cc1)NC(=O)c1cc(ccc1)C(=O)Nc1ccc(cc1)*,tg,260.0,230.03007387766044,234.58354660601657,231.68093075783642
*OC(=O)CCCCCNC(=O)CCCCC(=O)NCCCCCC(=O)OCCCCCCCCCC*,tg,-12.0,-3.0774498955456395,-16.764418489417636,-8.039646359628367
*N1C(=O)c2c(C1=O)cc(cc2)S(=O)(=O)c1cc2c(C(=O)N(C2=O)c2ccc(cc2)C(c2ccc(cc2)*)c2ccccc2)cc1,tg,305.0,328.15379542602983,317.58346434631216,324.32153270487163
*C1C(=O)N(C(=O)C1*)CCOc1ccc(cc1)c1ccc(cc1)C#N,tg,150.0,156.8249289829474,127.51035230390995,146.19695919218384
*c1c2C(=O)N(C(=O)c2c(c2ccccc12)c1ccc(cc1)Oc1ccc(cc1)S(=O)(=O)c1ccc(cc1)Oc1ccc(cc1)*)c1c(cccc1)c1ccccc1,tg,278.0,300.70127492043815,313.9845856610826,305.517125642712
*N1C(=O)c2c(C1=O)cc(cc2)Oc1c(cc(cc1C)C(c1cc(c(c(c1)C)Oc1cc2c(C(=O)N(C2=O)c2ccc(cc2)Oc2cc(c(cc2)c2c(cc(cc2)Oc2ccc(cc2)*)C)C)cc1)C)(C)C)C,tg,257.0,248.35053572690427,230.06446899557204,241.72094093724257
*N(CC*)C(=O)c1c(cc(cc1F)F)F,tg,135.0,102.77081364068964,94.03714493458456,99.60443098446669
*Oc1ccc(cc1)Oc1ccc(cc1)OCCCCCCOC(=O)OCCOC(=O)OCCCCCC*,tg,-4.0,-1.4341558921147104,-11.297392554089269,-5.0100622553670116
*Oc1ccc(cc1)N(c1ccc(cc1)c1ccc(cc1)N(c1ccc(cc1)OCCCCCCCCCCCC*)c1ccccc1)c1ccccc1,tg,92.0,118.54972567578072,112.35473897513906,116.3037395839644
*Nc1cc(ccc1)NC(=O)c1cc(cc(c1)NC(=O)c1ccncc1)C(=O)*,tg,321.0,286.5292790750404,272.5947250999171,281.47732078422615
*c1c([nH]c(n1)c1cc(ccc1)c1[nH]c(c(n1)c1ccc(cc1)Oc1ccc(cc1)C(=O)c1ccc(cc1)Oc1ccc(cc1)*)c1ccccc1)c1ccccc1,tg,279.0,263.03055157872797,270.2294531897408,265.64050599445164
*Oc1ccc(cc1)C1(C2C3C(C(C1)C2)C1CCC3C1)c1ccc(cc1)OC(=O)*,tg,267.5,253.04795270562764,250.32850827620612,252.0620209093067
*C=CC(C(*)C(=O)OCCCN(c1ccc(cc1)N(C)C)C)C,tg,16.0,18.64988145354536,-1.0449317711908246,11.509547063627084
*OOC(C*)c1ccc(cc1)C,tg,4.6,41.54641518330585,24.893477954199966,35.50890982424054
*N1C(=O)c2c(C1=O)cc(cc2)NC(=O)Nc1ccc(cc1)Oc1c(cccc1)c1c(cccc1)Oc1ccc(cc1)NC(=O)Nc1cc2c(C(=O)N(C2=O)c2ccc(cc2)c2nc(cc(c2)c2ccc(cc2)c2ccccc2)c2ccc(cc2)*)cc1,tg,249.0,261.7213314094289,253.0811610766494,258.588846492821
*C(C(*)(F)F)F,tg,31.45,33.54110901057434,39.836168003537985,35.823376209613734
*N1C(=O)c2c(C1=O)cc(cc2)c1ccc(cc1)c1cc2c(C(=O)N(C2=O)CCCCCCCCCCCC*)cc1,tg,86.0,120.45377190774008,135.98801700682668,126.08569657931378
*OC(=O)NCC(C(C(C(CNC(=O)OCCCC*)(F)F)(F)F)(F)F)(F)F,tg,33.0,11.989274767219898,17.172346615500786,13.868392164343275
*OP(=O)(N=Nc1ccc(cc1)COC(=O)c1cc(cc(c1)C(C)(C)C)C(=O)OCc1ccc(cc1)N=NP(=O)(OCC*)OC)OC,tg,105.0,57.604029282347426,75.56704150160205,64.11650098908962
*C(C*)c1ccc(cc1)[Si](O[Si](C)(C)C)(C)C,tg,35.5,46.205987884559285,32.74771384878685,41.32670439859684
*OP(=O)(N=Nc1ccc(cc1)C(=O)c1ccc(cc1)N=NP(=O)(OCCCCCC*)OC)OC,tg,31.0,28.74169726158898,19.72602955227386,25.473076155193045
*c1nc2c(n1c1ccc(cc1)n1c(nc3c1cccc3)c1ccc(cc1)Oc1ccc(cc1)C(=O)c1ccc(cc1)Oc1ccc(cc1)*)cccc2,tg,242.0,273.6951334910042,232.00253173176742,258.5795233681957
*c1cc2c(C(=O)N(C2=O)c2ccc(cc2)C(=O)c2cc(ccc2)C(=O)c2ccc(cc2)N2C(=O)c3c(C2=O)cc(cc3)C(=O)*)cc1,tg,276.0,257.71776922656295,244.30486654230822,252.8549350776855
*Oc1ccc(cc1)C(=O)OCCOC(=O)c1ccc(cc1)OCCCC*,tg,53.0,37.15682621261389,24.729937226517723,32.65147032146618
*c1ccc2c(nc([nH]2)c2ccc(cc2)C(=O)Nc2ccc(cc2)C(=O)Nc2ccc(cc2)NC(=O)*)c1,tg,295.0,306.31505205176313,337.42222352259364,317.59292525074756
*N1C(=O)c2c(C1=O)c(ccc2)Oc1c(c(cc(c1)C(C)(C)C)C(C)(C)C)Oc1c2c(C(=O)N(C2=O)c2ccc(cc2)Oc2ccc(cc2)*)ccc1,tg,238.0,244.8250288918846,234.8892956795001,241.22283897843383
*c1oc(nn1)c1ccc(cc1)Oc1ccc(cc1)C=Cc1ccc(cc1)Oc1ccc(cc1)*,tg,215.0,243.1623701822149,223.7477412136194,236.12361630777585
*C1OCCCC1C1C(=O)OC(=O)C1*,tg,210.0,177.7659152911035,166.98905898432727,173.8587770601182
*Oc1ccc(cc1)C(c1ccc(cc1)OCC(C*)OC(=O)C=Cc1ccccc1)(C)C,tg,100.6,79.01980344509157,80.1039687861626,79.41286648056551
*Oc1c(cc(cc1C)C1(CC2C(CC1)CCCC2)c1cc(c(c(c1)C)Oc1ccc(cc1)C(=O)c1cc(ccc1)C(=O)c1ccc(cc1)*)C)C,tg,224.0,221.59512856068957,226.64118345774844,223.42457060229432
*c1ccc(cc1)C=C(c1ccc(cc1)C(=Cc1ccc(cc1)C=Cc1c(cc(c(c1)OC)C=C*)OC)Oc1ccccc1)c1ccc(cc1)Oc1ccccc1,tg,175.0,171.5707031742987,169.31092204133174,170.75142183594377
*C(C*)(CC(=O)OCCOCCOC)C(=O)OCCOCCOC,tg,-59.4,-13.435527949516448,-47.911738028928156,-25.93484265004304
*C1CCN(CC1)C(=C(c1ccc(cc1)C(=O)OCC*)C#N)c1ccc(cc1)OC,tg,171.5,89.03224562812427,110.35882118803012,96.76417378362098
*Oc1ccc(cc1)CC(NC(=O)CCc1ccc(cc1)OC(=O)CCCC(=O)*)C(=O)OCC,tg,67.67,63.67536156633356,65.6501076902408,64.39130375370009
*Oc1ccc(cc1)NC(=O)c1cc2c(cc1)cc(cc2)C(=O)Nc1ccc(cc1)Oc1ccc(cc1)C1(C2CC3CC(CC1C3)C2)c1ccc(cc1)*,tg,266.0,262.6987185009987,263.697952616627,263.06098980755974
*C(C*)c1ccc(cc1)C(=O)c1ccc(cc1)C,tg,99.0,104.18081835141936,113.00907549687483,107.38149394957965
*C(C*)(C(=O)OCCCCCCOc1ccc(cc1)C(=O)Oc1ccc(cc1)C(=O)C=Cc1c(c2c(n1CCCC)cccc2)C)C,tg,85.0,78.36424579640699,69.46343378290861,75.13726550505002
*Oc1ccc(cc1)S(=O)(=O)c1ccc(cc1)Oc1c(cc(c(c1)C)C(c1c(cc(c(c1)C(C)C)*)C)c1c(cccc1)C(=O)O)C(C)C,tg,240.0,237.44562389905104,218.70882213286984,230.6526155835362
*C(C*)(C(=O)OCCCCCCCCCCn1c2ccc(cc2c2ccccc12)C=C(c1ccc(cc1)[N+](=O)[O-])C#N)C,tg,40.0,87.1983881100159,97.33733814758418,90.87425407557811
*c1cc2c(C(=O)N(C2=O)c2cc(ccc2)C(=O)Nc2ccc(cc2)Oc2ccc(cc2)c2ccc(cc2)Oc2ccc(cc2)NC(=O)c2cc(ccc2)N2C(=O)c3c(C2=O)cc(cc3)C(*)(C(F)(F)F)C(F)(F)F)cc1,tg,280.0,273.7766272454772,293.17024957783127,280.8077651854335
*N=P(*)(OCc1ccc(cc1)Br)OCc1ccc(cc1)Br,tg,-0.8,-9.221960850966823,9.317306228305446,-2.5005685341437354
*c1oc(nn1)c1ccc(cc1)C(=O)OCCCCCCOc1ccc(cc1)C=C1C(=O)C(=Cc2ccc(cc2)OCCCCCCOC(=O)c2ccc(cc2)*)CCCC1,tg,104.0,74.3094969993298,88.70425717588837,79.5283025777556
*OC(C*)C1C(C(C1)(F)F)(F)F,tg,-25.0,79.10431243540613,62.66255673528597,73.14337072366897
*c1nc2c(nc1)cc(cc2)Oc1ccc2c(nc(cn2)c2ccc(cc2)Oc2ccc(cc2)*)c1,tg,270.0,334.3958903719643,337.81970129071715,335.63718951853576
*Oc1ccc(cc1)C(c1ccc(cc1)Oc1c(cc(cc1)C(=O)c1ccc(cc1)C(=O)c1cc(c(cc1)*)C(F)(F)F)C(F)(F)F)(C)C,tg,171.0,169.74485935776875,171.7952606151923,170.48823023640827
*Oc1c(cc(c(c1)OC(=O)c1ccc(cc1)OCC)OC(=O)CCCC(=O)*)OC(=O)c1ccc(cc1)OCC,tg,71.0,71.73018335874386,59.32591055014438,67.23302693961476
*Oc1c(cc(cc1)C=C1C(=O)C(=Cc2cc(c(cc2)OC(=O)c2ccc(cc2)N=Cc2ccc(cc2)C=Nc2ccc(cc2)C(=O)*)OC)CC1)OC,tg,140.0,191.50216232044104,159.83072066857412,180.01971354448193
*C(C*)OC(=O)c1ccc(cc1)OC,tg,73.83,71.36256630248145,71.95847649595669,71.5786129336031
*Oc1ccc(cc1)C(c1ccc(cc1)OCC(C*)OC(=O)C)(c1ccccc1)C,tg,110.0,122.5968254855851,106.00570243544121,116.58173079387625
*Oc1ccc(cc1)N1ON1c1ccc(cc1)OCCCCCCOC(=O)C(C(=O)OCCCCCC*)CCCCCCCCCCP(=O)(OCC)OCC,tg,12.5,12.842006235811604,3.963212421128956,9.623008619914113
*Oc1cc(ccc1)OC(=O)Oc1ccc(cc1)C(c1ccc(cc1)OC(=O)*)(C)C,tg,83.1,103.78231441413396,86.66576421758279,97.57672664792484
*c1cc2c(C(=O)N(C2=O)c2ccc(cc2)C(=O)OCCCCCCCCCCOC(=O)*)cc1,tg,58.0,59.730658944529495,70.27792507422456,63.55455949164884
*Nc1ccc(cc1)c1ccc(cc1)NC(=O)c1cc(ccc1)C(=O)*,tg,294.0,270.260633998448,273.8428304382777,271.55935565368225
*C1(c2c(C(=O)O1)cccc2)c1ccc(cc1)OC(=O)c1ccc(cc1)[Si](c1ccc(cc1)C(=O)Oc1ccc(cc1)*)(C)C,tg,214.0,262.475115981354,265.07341217740964,263.4171256095839
*N1C(=O)C2C(C1=O)CC(CC2)C1CC2C(C(=O)N(C2=O)c2ccc(cc2)Cc2ccc(cc2)*)CC1,tg,260.0,279.6425910709646,280.20362905179365,279.8459948170602
*N1C(=O)c2c(C1=O)cc(cc2)Oc1c(c(cc(c1)C(C)(C)C)C(C)(C)C)Oc1cc2c(C(=O)N(C2=O)c2ccc(cc2)Oc2ccc(cc2)*)cc1,tg,228.0,243.802915474603,234.18508212264885,240.31597983038947
*C(C*)(C(=O)NC(=O)OCCOc1c(cc(cc1Br)S(=O)(=O)c1cc(c(c(c1)Br)OCCO)Br)Br)C,tg,110.0,101.04566459405048,131.27558226397716,112.00549032481047
*N=P(*)(OCc1ccccc1)OCc1ccccc1,tg,-31.4,-16.38748193583716,-10.62198183213598,-14.29720577044406
*Oc1ccc(cc1)C(c1ccc(cc1)OC(=O)*)(CCC)CCC,tg,140.8,111.88406562427669,121.74097607437396,115.45767842588361
*NC(=O)c1c(c(c(c(c1Cl)Cl)C(=O)NCCCCCC*)Cl)Cl,tg,268.83,133.08701386984015,108.54952086779355,124.19097087996107
*Nc1ccc(cc1)C(c1cc(ccc1)C(c1ccc(cc1)NC(=C(C#N)C#N)c1ccc(cc1)C(=C(C#N)C#N)*)(C)C)(C)C,tg,208.0,223.4700193069441,197.64978961701385,214.10892144291157
*C(C*)(C(=O)OCCCCCCOc1ccc(cc1)C(=O)Oc1c2c(c(cc1)N=Nc1ccc(cc1)Br)cccc2)C,tg,46.0,47.42068536873601,45.271073491005374,46.6413457811811
*C1OCOC(C1)C*,tg,68.0,68.72643040412918,81.46743525715789,73.34566868154195
*c1cc2c(C(=O)N(C2=O)c2ccc(cc2)Oc2ccc(cc2)S(=O)(=O)c2ccc(cc2)Oc2ccc(cc2)N2C(=O)c3c(C2=O)cc(cc3)C(=O)Nc2ccc(cc2)Oc2ccc(cc2)C2(c3c(C(=O)N2)cccc3)c2ccc(cc2)Oc2ccc(cc2)NC(=O)*)cc1,tg,283.0,278.4106660540626,310.14430786670647,289.9156654346904
*Oc1cc(ccc1)Oc1ccc(cc1)S(=O)(=O)c1ccc(cc1)*,tg,170.0,159.9572607362667,165.84053683417574,162.09023646789348
*Oc1ccc(cc1)N(c1ccc(cc1)c1ccc(cc1)N(c1ccc(cc1)*)c1ccccc1)c1ccccc1,tg,218.0,184.27216641599932,219.8999208579012,197.1889723472972
*c1cc2Oc3c(C4(c2cc1)c1ccccc1c1ccccc41)ccc(c3)OC(=O)c1ccc(cc1)C(=O)O*,tg,290.0,281.7764812673914,253.212175930747,271.4205215844023
*Oc1ccc(cc1)Oc1ccc(cc1)OC(=O)c1cc(ccc1)Oc1ccc(cc1)Oc1cc(ccc1)C(=O)*,tg,104.0,126.91036523204696,133.61778871550516,129.34213475533087
*C(C(*)(F)F)(Cl)F,tg,60.41,41.58568861867991,45.99958666090816,43.18594283916326
*OC(=O)OCC1CCC(CC1)C*,tg,38.7,63.86434954269151,64.60792418983944,64.13393177045458
*C1C(=O)N(C(=O)C1C(C*)(C)C)C(C)C,tg,145.0,179.78317376308212,154.8568439299163,170.74615837779996
*c1cc2c(C(=O)N(C2=O)c2cc(ccc2)N2C(=O)c3c(C2=O)cc(cc3)C(=O)Nc2ccc(cc2)Oc2ccc(cc2)C2(c3c(C(=O)N2)cccc3)c2ccc(cc2)Oc2ccc(cc2)NC(=O)*)cc1,tg,320.0,308.9017844864771,316.493861382845,311.6542841997495
*c1cc2c(C(=O)N(C2=O)c2ccc(cc2)C2(CCC(CC2)C)c2ccc(cc2)NC(=O)*)cc1,tg,322.0,319.64312696809725,332.5294425962788,324.3150475184115
*C(C*)(C(=O)OCCCCCC(=O)Oc1ccc(cc1)OC(=O)c1ccc(cc1)OC)C,tg,40.0,47.631726176243454,30.992008259883004,41.59901346549272
*Nc1cc(ccc1)NC(=O)c1cc(cc(c1)NC(=O)c1ccccc1)C(=O)*,tg,300.0,288.050198326381,274.6271597957692,283.18368943677416
*N1C(=O)c2c(C1=O)cc(cc2)Oc1c(cccc1)Oc1cc2c(C(=O)N(C2=O)c2cc(c(cc2)Oc2c(cc(cc2C)c2cc(c(c(c2)C)Oc2c(cc(cc2)*)C(F)(F)F)C)C)C(F)(F)F)cc1,tg,270.0,248.10964014550768,243.4622135220048,246.4247203767464
*C(C*)(C(=O)OCc1c(cc(cc1)Cl)Cl)C,tg,19.4,41.82412813043223,50.311767673417975,44.90131316521558
*Oc1ccc(cc1)Oc1ccc(cc1)OCCCCCCOC(=O)OCCCCCCCCCOC(=O)OCCCCCC*,tg,-20.0,-12.205741632260567,-14.726227723217754,-13.11954128647452
*c1cc2c(C(=O)OC2=Nc2cc(ccc2)Oc2ccc(cc2)N=C2OC(=O)c3c2cc(cc3)C(=O)*)cc1,tg,253.0,237.8956808149675,159.45261912431346,209.45622903398927
*NC(=O)CCCCCCCCC(=O)NCC1CCC(CC1)C*,tg,89.0,94.54133584908544,89.09383974682727,92.56635170914721
*C(C*)OC(=O)c1ccc(cc1)OC(=O)CCC,tg,61.0,57.03102668777811,83.3969263708277,66.58995664968113
*C=CCC*,tg,-89.57,-44.74116256757596,-64.93189706311269,-52.06129270697318
*C1COC2C1OCC2Oc1ccc(cc1)NC(=O)CCCCCCC(=O)Nc1ccc(cc1)O*,tg,72.5,120.08485911565994,129.44563492620802,123.47859881116635
*Oc1ccc(cc1)CC(NC(=O)CCc1ccc(cc1)OC(=O)CCCCC(=O)*)C(=O)OCCOCCOCC,tg,15.0,18.89281762617069,18.845527696118282,18.875672710400384
*Oc1ccc(cc1)S(=O)(=O)c1ccc(cc1)Oc1ccc(cc1)C(c1ccc(cc1)Oc1ccc(cc1)C(=O)c1ccc(cc1)*)(C)C,tg,175.0,183.59897477774803,180.0867036910033,182.32560448775206
*C(C*)CCC1CCCCC1,tg,40.0,72.48524887485297,72.24228399593359,72.39716220651579
*c1cc2c(C(=O)N(C2=O)c2c(cc(cc2C)C(c2cc(c(c(c2)C(C)C)N2C(=O)c3c(C2=O)cc(cc3)C(*)(C(F)(F)F)C(F)(F)F)C)(c2ccccc2)C(F)(F)F)C(C)C)cc1,tg,289.0,287.6333759436814,283.7270380026706,286.21713711873997
*OC1CCC(CC1)OC(=O)OCCCCOC(=O)*,tg,30.0,12.187421317044382,31.936229929034074,19.347331679382595
*c1cc2c(C(=O)N(C2=O)c2ccc(cc2)N2C(=O)c3c(C2=O)cc(cc3)C(=O)Nc2ccc(cc2)Oc2c(cccc2)c2c(cccc2)Oc2ccc(cc2)NC(=O)*)cc1,tg,268.0,257.49087886260435,245.31111280160968,253.07511713518414
*N1C(=O)c2c(C1=O)cc(cc2)Oc1cc2c(cc1Oc1cc3c(C(=O)N(C3=O)c3cc(ccc3)Oc3ccc(cc3)*)cc1)cccc2,tg,226.0,221.6743849787747,211.04962163255428,217.82238789507164
*c1cc2c(C(=O)N(C2=O)c2ccc(cc2)OCCOCCOc2ccc(cc2)N2C(=O)c3c(C2=O)cc(cc3)C(*)(C(F)(F)F)C(F)(F)F)cc1,tg,187.5,188.2261107306647,198.75918352115858,192.04486549717421
*Oc1c2c(c(cc1)c1c3c(c(cc1)Oc1ccc(cc1)Oc1c(c(ccc1)Oc1ccc(cc1)*)C)cccc3)cccc2,tg,156.0,209.0676139029817,235.11956582332047,218.5127224246333
*OC(=O)c1ccc(cc1)C(=O)OCCCCCCCC*,tg,23.0,10.313218522921323,9.81288346320018,10.13182255878384
*Oc1c(cc(cc1Br)C(c1cc(c(c(c1)Br)OC(=O)*)Br)(C)C)Br,tg,206.75,168.36258025093068,163.50429647226866,166.6012144362403
*OC(=O)c1ccc(cc1)C(=O)OCCCCCCCCCC*,tg,5.33,6.8349390795474845,9.81288346320018,7.914589769869996
*OC(=O)c1cc2c(cc1)cc(cc2)C(=O)OCCCCCCCC*,tg,53.0,36.991138976879746,45.544618661128084,40.0921942875337
*Oc1c(cc(c(c1)C(C)(C)C)Oc1ccc(cc1)C(=O)Nc1c(cc(cc1C)C(c1cc(c(c(c1)C)NC(=O)c1ccc(cc1)*)C)(C)C)C)C(C)(C)C,tg,295.0,268.4382245766191,244.42925856815836,259.73379850766423
*c1c(nc2c(n1)cc(cc2)c1cc2c(nc(c(n2)c2ccc(cc2)Sc2ccc(cc2)*)c2ccccc2)cc1)c1ccccc1,tg,281.0,325.8327938123811,298.6425084519469,315.97498366635983
*N1C(=O)c2c(C1=O)cc(cc2)C(=O)Oc1cc2c(cc1)cc(cc2)OC(=O)c1cc2c(C(=O)N(C2=O)CCOCCOCC*)cc1,tg,105.0,111.01143045872358,118.19256907518566,113.61494491894165
*C(C*)OC(CC)C,tg,-26.0,-11.328143660503876,-27.527646800574914,-17.201256954381673
*Oc1ccc(cc1)Oc1ccc(cc1)OC(=O)c1c(cccc1)c1c(cccc1)C(=O)*,tg,147.0,148.3370661276217,147.66754484290135,148.0943318706618
*C(C*)N,tg,57.0,76.64958270320187,56.758694031898465,69.43816136068513
*Oc1ccc(cc1)C(c1ccc(cc1)OC(=O)c1cc(ccc1)C(=O)*)(c1ccccc1)c1ccccc1,tg,229.0,187.2238988822784,196.19961036070427,190.47803389803443
*c1cc2c(oc(n2)c2ccc(cc2)C(c2ccc(cc2)c2oc3c(n2)cc(cc3)C(*)(c2ccccc2)C(F)(F)F)(C(F)(F)F)C(F)(F)F)cc1,tg,334.0,289.75544549290794,276.3715916824481,284.90314298351234
*N1C(=O)c2c(C1=O)cc(cc2)C(=O)Nc1ccc(cc1)Oc1ccc(cc1)Oc1ccc(cc1)NC(=O)C*,tg,242.0,239.1305807935196,241.3293540969235,239.92774380566794
*c1nc2c(nc1)cc(cc2)S(=O)(=O)c1cc2c(nc(cn2)c2ccc(cc2)*)cc1,tg,342.0,322.3470263975119,357.0878517668503,334.9422771007414
*C(C*)C(=O)OCCc1ccccc1,tg,-3.0,12.949398044289142,42.50996836915993,23.66655257973663
*C(C*)(CC(=O)OCC(C)C)C(=O)OCC(C)C,tg,105.0,50.03660132498328,30.03381047214313,42.784609961008805
*Oc1c(cc(c(c1)C(C)(C)C)Oc1ccc(cc1)C(=O)Nc1ccc(cc1)C(c1ccc(cc1)NC(=O)c1ccc(cc1)*)(C)C)C(C)(C)C,tg,254.0,248.06583386258063,247.41897051437994,247.8313142173304
*Oc1c(cccc1)C(=O)OC(=O)c1c(cccc1)OC(=O)C(C(C(=O)*)C)C,tg,45.0,116.56174750264744,68.92172989266274,99.28990784642535
*N1C(=O)c2c(C1=O)cc(cc2)c1cc2c(C(=O)N(C2=O)c2cc(ccc2)C(=O)Nc2ccc(cc2)Oc2cc(ccc2)Oc2ccc(cc2)NC(=O)c2cc(ccc2)*)cc1,tg,253.0,248.1672557318472,232.70134729607102,242.56010644765902
*C(C(CCCCCCC*)c1ccc(cc1)O)c1c(cc(cc1)O)C,tg,4.0,0.4185470923785684,-2.362622533322991,-0.589763110718521
*C(C*)(C(=O)OCCO[Si](C)(C)C)C,tg,89.0,23.28911148528331,46.3772151312828,31.659679846625874
*C(C*)CCCCCCC,tg,-47.0,-23.48304152255486,-35.14168192082088,-27.709869673982762
*C(C*)c1ccc(cc1)[Si](O[Si](O[Si](C)(C)C)(C)C)(C)C,tg,-27.0,25.72118806015985,40.15916101782863,30.955660388177243
*Oc1ccc(cc1)CC(NC(=O)CCc1ccc(cc1)OC(=O)COCC(=O)*)C(=O)OCc1ccccc1,tg,76.0,72.88462354215102,74.70200429443453,73.5435130749955
*Oc1ccc(cc1)S(=O)(=O)c1ccc(cc1)Oc1c(cc(cc1)C(c1cc(c(cc1)*)C(O)(C(F)(F)F)C(F)(F)F)(C)C)C(O)(C(F)(F)F)C(F)(F)F,tg,167.0,177.540501991019,190.33954515032843,182.18078199700977
*c1cc2c(C(=O)N(C2=O)c2ccc(cc2)C2(c3ccccc3c3ccccc23)c2ccc(cc2)N2C(=O)c3c(C2=O)cc(cc3)C(=O)*)cc1,tg,368.2,350.39732611119035,343.85145569008694,348.02412748541974
*C(C*)(C(=O)OCCCC)Cl,tg,42.0,29.338292973014816,51.68090221793336,37.43858310176951
*OC(=O)c1ccc(cc1)C(=O)OCC(C(C*)CCCCCCCCCCCCCCCC)CCCCCCCCCCCCCCCC,tg,-27.0,-3.954105655622378,-14.415860263579463,-7.74700408800051
*NC(CC(=O)*)C,tg,115.0,65.43700765335973,76.80576902464725,69.55874046005744
*O[Si](O[Si](O[Si](O[Si](O[Si](c1ccc(cc1)Oc1ccc(cc1)[Si](*)(C)C)(C)C)(C)C)(C)C)(C)C)(C)C,tg,-65.0,-53.47123662617887,-45.00857769621479,-50.40310828709528
*c1cc2C(c3c(c2cc1)ccc(c3)c1ccc(cc1)*)(CCCCCCBr)CCCCCCBr,tg,117.2,88.73999798238187,126.56484172824264,102.45335639355172
*O[Si](*)(CCCOCC1OC(=O)OC1)C,tg,-32.2,-5.315112602771037,-18.39626683091686,-10.057671688212968
*OC(=O)Nc1ccc(cc1)Cc1ccc(cc1)NC(=O)OCC(C*)(C)C,tg,94.0,70.83576665463492,80.28107416515613,74.26015323150389
*Oc1ccc(cc1)c1ccc(cc1)Oc1ccc(cc1)C(=O)c1c2c(ccc1)cccc2C(=O)c1ccc(cc1)*,tg,226.5,230.75814905039184,233.18150154079953,231.63673301707905
*N1C(=O)c2c(C1=O)cc(cc2)c1cc2c(C(=O)N(C2=O)c2cc(cc(c2)C(=O)NCCCCCC)*)cc1,tg,256.9,249.34019402618227,245.6255382950559,247.99344939037354
*C(C*)(C(=O)OC)CCC,tg,73.75,31.54039830210863,66.34475017820182,44.15868047538442
*C(C*)OCC,tg,-37.29,-12.125398075981794,-14.263180633904835,-12.900448955740002
*N(c1ccc(cc1)c1ccc(cc1)N(c1ccc(cc1)C(c1ccc(cc1)*)c1ccccc1)c1ccc(cc1)C)c1ccc(cc1)C,tg,239.0,191.0568475387271,218.09636312709372,200.85999625809924
*c1cc2c(C(=O)N(C2=O)c2ccc(cc2)Oc2ccc(cc2)C(c2ccc(cc2)Oc2ccc(cc2)N2C(=O)c3c(C2=O)cc(cc3)C(*)(C(F)(F)F)C(F)(F)F)(C)C)cc1,tg,244.4,250.14686328538812,239.9343810070871,246.44433828116027
*OC(C(=O)OCC*)C,tg,-21.0,-14.458557530578068,-15.517277444281566,-14.84239535238659
*O[Si](*)(CCCCCCOc1ccc(cc1)C(=O)Oc1ccc(cc1)C(=O)OCC(CC)C)C,tg,-10.9,-5.8418876806021025,-33.00855794899302,-15.6911361991577
*Oc1ccc(cc1)CC(NC(=O)CCc1ccc(cc1)OC(=O)COCC(=O)*)C(=O)OCCCCCCCC,tg,40.0,40.236769779099,34.98574279437109,38.333015316764225
*N1C(=O)C2CCC3C(C2C1=O)C(=O)N(C3=O)c1ccc(cc1)Oc1ccc(cc1)Oc1ccc(cc1)*,tg,274.0,279.8369172582922,327.8383919204197,297.23980279905476
*OC(=O)c1ccc(cc1)C(c1ccc(cc1)C(=O)OCCCC*)(C)C,tg,44.0,63.110914204911296,38.768141456349426,54.285466843764766
*C1C(=O)N(C(=O)C1CC*)CCCC,tg,67.9,91.6947122119808,105.2040977190267,96.59252610957444
*C(C*)(C(=O)OCC)F,tg,94.0,73.64082055369042,84.24672742407449,77.48598124136628
*c1cc2c(C(=O)N(C2=O)c2c(cc(cc2C(C)C)Cc2cc(c(c(c2)C(C)C)N2C(=O)c3c(C2=O)cc(cc3)C(*)(C(F)(F)F)C(F)(F)F)C(C)C)C(C)C)cc1,tg,278.5,257.53357389433944,266.31757921359537,260.7182060381738
*OP(=O)(N=Nc1ccc(cc1)C(=O)c1ccc(cc1)N=NP(=O)(OCCOCC*)OC)OC,tg,33.0,31.72695654485317,27.729294201692422,30.27760815132281
*C1C(=O)N(C(=O)C1*)c1c(cccc1CC)CC,tg,288.0,220.5695708048078,198.1012070923232,212.42368852246418
*Oc1ccc(cc1)CC(NC(=O)CCc1ccc(cc1)OC(=O)CCCCC(=O)*)C(=O)OCC,tg,58.8,57.52559241828072,60.72735581557653,58.68638846306775
*Oc1ccc(cc1)C=NN=Cc1ccc(cc1)Oc1ccc(cc1)C(c1ccc(cc1)*)(C(F)(F)F)C(F)(F)F,tg,162.0,168.17736295051284,140.54308903184523,158.15858520683474
*c1nc2c(c(c1c1ccccc1)c1ccccc1)cc(cc2)Oc1cc2c(nc(cc2c2ccccc2)c2ccc(cc2)Oc2ccc(cc2)*)cc1,tg,305.0,281.9177758127473,306.7182497179538,290.9091622600788
*C(C*)C(=O)OCCCSCC,tg,-76.0,-68.52159699572421,-81.13353234614748,-73.09404125698526
*Oc1ccc(cc1)C=CC(=O)OCCN(CCOC(=O)C=Cc1ccc(cc1)OCCCCC*)c1ccc(cc1)N=Nc1ccc(cc1)[N+](=O)[O-],tg,92.0,87.83629295975913,81.78811895662894,85.64353366125918
*N(CC*)C(=O)Cc1ccc(cc1)C(F)(F)F,tg,75.0,80.32941079909928,109.25269584702924,90.81551820923492
*c1cc2c(C(=O)N(C2=O)c2ccc(cc2)Cc2ccc(cc2)N2C(=O)c3c(C2=O)cc(cc3)C(=O)Oc2ccc(cc2)OCCCCCCCCCCCCOc2ccc(cc2)OC(=O)*)cc1,tg,125.0,130.7941914268808,133.66919799366886,131.8365221169883
*c1cc2c(C(=O)N(C2=O)c2cc(cc(c2)c2oc3c(n2)cccc3)N2C(=O)c3c(C2=O)cc(cc3)C(=O)Nc2cc(cc(c2)c2nc3c([nH]2)cccc3)NC(=O)*)cc1,tg,371.0,314.7354516761463,296.60904130718086,308.1637401373572
*c1cc2c(C(=O)N(C2=O)c2ccc(cc2)Oc2c(cc(cc2)Oc2ccc(cc2)N2C(=O)c3c(C2=O)cc(cc3)C(=O)Nc2ccc(cc2)Oc2ccc(cc2)C2(c3c(C(=O)N2)cccc3)c2ccc(cc2)Oc2ccc(cc2)NC(=O)*)C)cc1,tg,293.0,284.13547677415994,274.2785692738501,280.5618650419955
*C(C*)(C(=O)OCCCc1ccc(cc1)N=Nc1ccc(cc1)OC(F)(F)F)C,tg,211.5,179.75565482631796,185.1089404462062,181.69648305223555
*OC(=O)c1ccc(cc1)c1ccc(cc1)C(=O)OCCCCCCCCCC*,tg,46.0,35.92310829521184,50.227037097781896,41.10898305190437
*N1C(=O)c2c(C1=O)cc(cc2)Oc1ccc(cc1)Sc1ccc(cc1)Oc1cc2c(C(=O)N(C2=O)c2ccc(cc2)c2ccc(cc2)*)cc1,tg,257.0,227.69860018470172,208.4320416998879,220.71352911270478
*Oc1ccc(cc1)Oc1ccc(cc1)Oc1ccc(cc1)C(=O)c1ccc(cc1)*,tg,150.5,150.85042509981963,156.84439445279156,153.0235325578476
*OP(=O)(N=Nc1ccc(cc1)Oc1ccc(cc1)N=NP(=O)(OCCOCC*)OC)OC,tg,32.0,24.899241889965577,20.080552177362133,23.152230863426198
*C(C*)(C(=O)OCCCCCCCCCCOc1ccc(cc1)N=Nc1ccccc1)C,tg,56.0,42.94077026934038,62.01927831312758,49.8576638462893
*Oc1ccc(cc1)CC(NC(=O)CCc1ccc(cc1)OC(=O)CC(CCC(=O)*)C)C(=O)OCCCC,tg,35.0,47.78250458802416,43.33025473928619,46.16834595931861
*NNC(=O)c1cc(cc(c1)NC(=O)c1cc2c(C(=O)N(C2=O)c2ncccc2C)cc1)C(=O)NNC(=O)C(=O)*,tg,134.1,150.5199952847341,138.4276710480215,146.13593550126808
*c1n(c(nn1)c1cc(ccc1)c1n(c(nn1)c1ccc(cc1)*)c1ccccc1)c1ccccc1,tg,265.0,242.3389573304468,239.60932893050034,241.34933334602863
*Oc1c(cc(cc1Cl)C(c1cc(c(c(c1)Cl)OC(=O)c1ccc(cc1)OCCCCCCCCCCOc1ccc(cc1)C(=O)*)Cl)(C)C)Cl,tg,140.0,86.11464865535952,89.09825141205964,87.19635078304275
*C(C*)CCCI,tg,30.0,-19.65799023957784,15.841419266951409,-6.78771563332257
*OC(C*)CCCC,tg,-69.0,-68.97538151281907,-64.29809183337537,-67.27963492367167
*OC(=O)Nc1ccc(cc1)Cc1ccc(cc1)NC(=O)OCc1cc(cc(c1)C(C)(C)C)C*,tg,114.0,133.22086918051082,105.39645364574795,123.13315578840249
*C(C*)C(=O)OCCCCCCOc1cc(c(cc1)C=Nc1ccc(cc1)OCCCCC)O,tg,36.0,21.085266033607574,49.600625474896354,31.423480432299467
*N1C(=O)C2C3C4C(C(C2C1=O)C=C3)C(=O)N(C4=O)C1CCC(CC1)CC1CCC(CC1)*,tg,239.0,273.9376885149691,225.81218792857211,256.4898375022218
*C(C*)C(=O)OCF,tg,15.0,2.298557127869171,10.808000437143562,5.383647095818629
*Oc1c(cc(cc1)C1(CC2C(CC1)CCCC2)c1cc(c(cc1)OC(=O)c1cc(ccc1)C(=O)*)C)C,tg,207.0,241.098427052676,221.26988361331735,233.90960891023144
*C(C(C(C*)OCCCC)(C(=O)OC)C)(C(=O)OC)C,tg,97.5,93.81885396663726,89.3827902479457,92.21056360282417
*c1nc2c([nH]1)ccc(c2)NC(=O)c1ccc(cc1)OCCOc1ccc(cc1)C(=O)Nc1ccc(cc1)*,tg,225.0,248.04216447117895,217.0576600190209,236.80876407434513
*NC(=O)NCCCCCCCCCCNC(=O)NCCCCCCCCCCCCCC*,tg,40.0,64.59746605748131,101.93135376445385,78.13282885892338
*c1cc2c(C(=O)N(C2=O)c2ccc(cc2)Oc2c(cc(cc2C)Cc2cc(c(c(c2)C)Oc2ccc(cc2)N2C(=O)c3c(C2=O)cc(cc3)C(=O)*)C)C)cc1,tg,290.0,297.6680046801987,309.58189484724414,301.98737337421704
*Oc1c(cc(cc1OC)C=Cc1ccc(cc1)C=Cc1ccc(cc1)C=Cc1cc(c(c(c1)OC)OCCCCCCCC*)OC)OC,tg,78.7,80.63006472260483,85.21173457060075,82.29114443966498
*c1nc(ccc1)C=Cc1c2c(ccc1OC(=O)c1ccc(cc1)C(=O)Oc1c(c3c(cc1)cccc3)C=C*)cccc2,tg,145.0,194.8224678760661,151.51124683691097,179.12002898891726
*N1C(=O)c2c(C1=O)cc(cc2)Oc1ccc(cc1)C1(CCC(CC1)C(C)(C)C)c1ccc(cc1)Oc1cc2c(C(=O)N(C2=O)c2ccc(cc2)Oc2ccc(cc2)C2(C3C4C(CCC4)C(C2)C3)c2ccc(cc2)Oc2ccc(cc2)*)cc1,tg,257.0,259.80601747353285,256.91559042367254,258.75809610306027
*OC(=O)CCCCCCCCCCCC*,tg,-41.37,-41.082634958190624,-38.59373925115937,-40.18028836535701
*C(C*)(C(=O)OCCCCCC)C,tg,-7.25,-0.3492353427349919,-65.1996537017436,-23.86068818697081
*C(C*)(C(=O)OCCN(c1ccc(cc1)N=Nc1sc2c(n1)ccc(c2)[N+](=O)[O-])CC)C,tg,140.0,99.7722359864163,153.499117514897,119.25086193038052
*C(C*)c1c(cccc1)COCCCC,tg,67.0,45.863774599299894,63.72652130804104,52.33989514776133
*N1C(=O)c2c(C1=O)c(ccc2)Oc1ccc(cc1)Oc1ccc(cc1)Oc1c2c(C(=O)N(C2=O)c2ccc(cc2)Oc2cc(ccc2)Oc2ccc(cc2)*)ccc1,tg,198.0,205.6978086805609,212.2807072020456,208.08443180625085
*c1c2c(C(=O)N(C2=O)N2C(=O)c3c(C2=O)cc(cc3)Sc2ccc(cc2)Sc2ccc(cc2)S*)ccc1,tg,242.0,248.1252469497148,234.1539003715925,243.05994953831632
*c1cc2c(C(=O)N(C2=O)c2ccc(cc2)Oc2ccc(cc2)N2C(=O)c3c(C2=O)cc(cc3)C(=O)Nc2ccc(cc2)Oc2c(cccc2)c2c(cccc2)Oc2ccc(cc2)NC(=O)*)cc1,tg,239.0,246.34110609199195,240.08442999515657,244.07275457268418
*c1sc(cc1)c1cc(c(cc1)Oc1ccc(cc1)C1(c2ccccc2c2ccccc12)c1ccc(cc1)Oc1c(cc(cc1)*)C(F)(F)F)C(F)(F)F,tg,169.0,222.44356474824417,188.3788870167595,210.0934506795254
*N1C(=O)c2c(C1=O)cc(cc2)C(c1cc2c(C(=O)N(C2=O)CCC*)cc1)(C(F)(F)F)C(F)(F)F,tg,190.0,171.2293423648653,162.46285728982855,168.0510621676522
*c1c2c(c(nn1)c1ccc(cc1)Oc1ccc(cc1)C(c1ccc(cc1)Oc1ccc(cc1)*)(C)C)c(c(c(c2c1ccccc1)c1cc2c(cc1)cccc2)c1cc2c(cc1)cccc2)c1ccccc1,tg,286.0,294.8659604379691,287.8952728080335,292.33874476765783
*c1cc2c(C(=O)N(C2=O)c2cc(c(cc2)Oc2c(cc(cc2)N2C(=O)c3c(C2=O)cc(cc3)C(*)(C(F)(F)F)C(F)(F)F)Br)Br)cc1,tg,299.0,304.249705791576,296.98669391188935,301.61650826351945
*Oc1ccc(cc1)C(=O)Nc1cc(cc(c1)c1nc2c([nH]1)cccc2)NC(=O)c1ccc(cc1)OCCOCCOCCOCCOCC*,tg,145.0,167.92887162163848,194.01403325721625,177.38602029158167
*N1C(=O)c2c(C1=O)c(ccc2)Oc1ccc(cc1)C(c1ccc(cc1)Oc1c2c(C(=O)N(C2=O)c2cc(ccc2)*)ccc1)(C)C,tg,222.5,239.85779851810832,237.65834545982926,239.06038906152534
*OC(=O)CCCCCC(=O)OCCOCC*,tg,-59.67,-66.31457143300263,-70.20919718284597,-67.72656401501607
*C(C*)c1c(cccc1)COCc1ccccc1,tg,72.0,87.65057123393434,87.15793289217648,87.47196570702191
*c1ccc(cc1)C(C(*)(C(=O)OCC(C)C)C#N)(C(=O)OCC(C)C)C#N,tg,108.0,109.2373721830458,95.45054841594957,104.23897332804685
*Oc1cc2c(cc1)ccc(c2)Oc1ccc(cc1)C(=O)Nc1ccc(cc1)Oc1ccc(cc1)Oc1ccc(cc1)NC(=O)c1ccc(cc1)*,tg,191.0,179.135396831563,191.55254290980318,183.63722044143302
*OC(=O)C=CC(=O)NCCCCCCNC(=O)C=CC(=O)OCCOCCOCCOCC*,tg,52.0,41.98396748997943,57.133905792777256,47.4765621256443
*Oc1cc2c(cc1)ccc(c2)Oc1ccc(cc1)C(=O)Nc1ccc(cc1)Oc1ccc(cc1)C(c1ccc(cc1)Oc1ccc(cc1)NC(=O)c1ccc(cc1)*)(c1ccccc1)C,tg,177.0,180.21884315991903,197.6824176289584,186.5502442211673
*c1nc2c(nc1c1ccccc1)cc(cc2)c1cc2c(nc(c(n2)c2ccc(cc2)*)c2ccccc2)cc1,tg,367.45,343.5900411459773,349.05223939272844,345.5703555333635
*c1cc2c(C(=O)N(C2=O)c2c(ccc(c2)C(=O)Oc2ccc(cc2)C(c2ccc(cc2)OC(=O)c2cc(c(cc2)C)N2C(=O)c3c(C2=O)cc(cc3)C(*)(C(F)(F)F)C(F)(F)F)(C(F)(F)F)C(F)(F)F)C)cc1,tg,289.0,243.92557860619613,237.6791760964664,241.66095176538525
*N1C(=O)c2c(C1=O)cc(cc2)Oc1ccc(cc1)c1ccc(cc1)Oc1cc2c(C(=O)N(C2=O)c2ccc(cc2)Oc2ccc(cc2)Oc2ccc(cc2)Oc2ccc(cc2)*)cc1,tg,212.0,214.20257673876253,232.79462810067366,220.9431059432663
*C1COC2C1OCC2OC(=O)C(NC(=O)CCCCCCC(=O)NC(C(=O)O*)C)C,tg,57.0,64.62245448724848,46.051302550739514,57.88950234804745
*Nc1ccc(cc1)C(c1ccc(cc1)NC(=O)c1cc(cc(c1)NC(=O)c1ccccc1)C(=O)*)(C)C,tg,303.5,270.57700175133795,285.92597075844753,276.14175476527384
*N1C(=O)c2c(C1=O)cc(cc2)c1cc2c(C(=O)N(C2=O)c2c(cc(cc2C)C(c2cc(c(c(c2)C)*)C)c2cc(cc(c2)C(F)(F)F)C(F)(F)F)C)cc1,tg,317.4,299.09165107137034,318.3833776601345,306.0858468137115
*Oc1ccc(cc1)C(c1ccc(cc1)OC(=S)*)(CC)CC,tg,121.0,118.16042118488748,104.83112471383295,113.32789838308967
*Nc1ccc(cc1)CC(NC(=O)CCCCCCCCC(=O)*)(C)C,tg,92.0,115.33857679984958,110.90796640794096,113.73226353408374
*Oc1ccc(cc1)C(c1ccc(cc1)OC(=O)c1ccc(cc1)Cc1ccc(cc1)C(=O)*)(C)C,tg,187.5,184.92154338683793,157.24894625382953,174.88887160099924
*c1c([nH]c(n1)c1ccc(cc1)c1[nH]c(c(n1)c1ccc(cc1)Oc1ccc(cc1)C(=O)c1ccc(cc1)Oc1ccc(cc1)C(=O)c1ccc(cc1)Oc1ccc(cc1)*)c1ccccc1)c1ccccc1,tg,245.0,251.38631058567776,272.248806799713,258.9499872490096
*C(C*)(C(=O)OCCOC(=O)c1cc(cc(c1)[N+](=O)[O-])[N+](=O)[O-])C,tg,89.64,88.03906548127581,100.17930954441626,92.44049854879881
*c1sc(cc1C(=O)OCC(C(C(F)(F)F)(F)F)(F)F)*,tg,129.0,61.12636704997207,54.84771241224009,58.85004723314284
*N1C(=O)c2c(C1=O)cc(cc2)C(=O)Nc1ccc(cc1)Oc1c(c(c(c(c1F)F)Oc1ccc(cc1)NC(=O)C*)F)F,tg,254.0,226.7231440290867,258.6842618182823,238.31061459234104
*Oc1ccc(cc1)CC(NC(=O)CCc1ccc(cc1)OC(=O)CCCCCCC(=O)*)C(=O)OCCCCCC,tg,26.45,26.16000494196125,23.58524795178148,25.226529428744783
*C(C*)OC(=O)c1c(cccc1)OC(=O)C,tg,59.5,91.07317809979922,72.02460085105137,84.16713590197732
*c1cc2c(C(=O)N(C2=O)c2c(cccc2)C(=O)c2ccc(cc2)N2C(=O)c3c(C2=O)cc(cc3)C(=O)*)cc1,tg,286.0,290.1050864056836,302.83640533402604,294.7208130610086
*N1C(=O)c2c(C1=O)cc(cc2)c1cc2c(C(=O)N(C2=O)c2ccc(cc2)Oc2ccc(cc2)C(c2ccc(cc2)Oc2ccc(cc2)*)(C(F)(F)F)C(F)(F)F)cc1,tg,246.0,250.79959720062757,269.7615347297895,257.6742282567325
*N(C(=O)CCCC(=O)N(CCCCCC*)C)C,tg,3.0,-1.136239289245712,6.674164529632122,1.6954146264684071
*c1cc2c(C(=O)N(C2=O)c2c3c(ccc2)c(ccc3)Oc2ccc(cc2)N2C(=O)c3c(C2=O)cc(cc3)C(=O)Nc2nc(nc(n2)NC(=O)*)c2ccccc2)cc1,tg,291.0,295.2947581828799,297.9613306561114,296.2615213055639
*Oc1ccc(cc1)OC(=O)c1cc(cc(c1)OCCCCCCCCCCC(C(C(C(C(C(C(C(C(C(F)(F)F)(F)F)(F)F)(F)F)(F)F)(F)F)(F)F)(F)F)(F)F)(F)F)C(=O)*,tg,137.0,48.27208866218399,89.20490939115844,63.11224094960794
*N1C(=O)c2c(C1=O)cc(cc2)Oc1cc2c(cc1)cc(cc2)Oc1cc2c(C(=O)N(C2=O)c2cc(ccc2)Oc2ccc(cc2)*)cc1,tg,225.0,223.52222207168333,228.3364807194173,225.2676266201866
*C(=C(*)c1ccccc1)c1cc(ccc1)[Ge](C)(C)C,tg,200.0,154.80745926566178,172.39905049332003,161.18527267180622
*C(C(CC*)Cl)Cl,tg,69.4,-7.464220132865279,1.4607163739883684,-4.228493531117939
*c1cc2c(C(=O)N(C2=O)c2c(cc(c(c2)C)N2C(=O)c3c(C2=O)cc(cc3)C(*)(C(F)(F)F)C(F)(F)F)C)cc1,tg,347.0,377.82811503364206,351.615784866132,368.3248615425204
*Oc1ccc(cc1)NC(=O)c1c(ccc(c1)C(c1cc(c(cc1)C(=O)O)C(=O)Nc1ccc(cc1)Oc1ccc(cc1)C(c1ccc(cc1)*)(C(F)(F)F)C(F)(F)F)(C(F)(F)F)C(F)(F)F)C(=O)O,tg,260.0,205.3624977090996,220.17622013187028,210.73319762135685
*C1C(C(C(C1)C=C*)C(=O)OCCCCCCOc1ccc(cc1)c1ccc(cc1)C#N)C(=O)OCCCCCCOc1ccc(cc1)c1ccc(cc1)C#N,tg,41.93,54.31793471541804,78.37307938554075,63.039102810924945
*C(C*)(C(=O)OCCCCCCOc1ccc(cc1)N=Nc1ccc(cc1)OCCCCCCCCCC)C,tg,110.0,46.48168654745674,57.161758323264976,50.353735645735036
*Oc1c(cc(cc1)S(=O)(=O)c1cc(c(cc1)OCC(COc1ccc(cc1)C(c1ccc(cc1)OCC(C*)O)(C)C)O)C)C,tg,117.5,124.48518989162386,127.53529278202762,125.59100157476213
*c1oc(nn1)c1ccc(cc1)C(=O)OCCCCCCCCOc1ccc(cc1)C=C1C(=O)C(=Cc2ccc(cc2)OCCCCCCCCOC(=O)c2ccc(cc2)*)CCCC1,tg,98.0,67.33518767927144,83.96233726932495,73.36334375617504
*Nc1ccc(cc1)Cc1ccc(cc1)NC(=O)c1cc(cc(c1)NC(=O)CCCCCCCCCCN1C(=O)c2c(C1=O)cccc2)C(=O)*,tg,150.0,193.6802371889021,208.22261249609136,198.9525604819509
*O[Si](*)(CCCCCOc1ccc(cc1)/C=C/c1ccc(cc1)OC)C,tg,52.0,17.63646446090004,26.18109368418882,20.734311045985738
*O[Si](O[Si](O[Si](O[Si](O[Si](OC(CCCCC(*)C)C)(C)C)(C)C)(C)C)(C)C)(C)C,tg,-104.0,-102.30175669405894,-102.80429501103342,-102.48395144686005
*N1C(=O)c2c(C1=O)cc(cc2)C(c1cc2c(C(=O)N(C2=O)CC2CC(CCC2)C*)cc1)(C(F)(F)F)C(F)(F)F,tg,222.0,221.67884123302647,210.80231395399514,217.7355673929979
*N1C(=O)c2c(C1=O)cc(cc2)Oc1c(cc(cc1C)C(c1cc(c(c(c1)C)Oc1cc2c(C(=O)N(C2=O)c2ccc(cc2)Oc2ccc(cc2)C2(C3C4C(CCC4)C(C2)C3)c2ccc(cc2)Oc2ccc(cc2)*)cc1)C)(C)C)C,tg,262.0,259.68335556669587,282.5855389744239,267.9865187358204
*N1C(=O)c2c(C1=O)cc(cc2)Oc1cc2c(C(=O)N(C2=O)c2cc(c(cc2)Oc2ccc(cc2)C(=O)c2cc(ccc2)*)C(F)(F)F)cc1,tg,224.0,222.4704427026547,196.35086360166235,213.0008160158292
*N1C(=O)c2c(C1=O)cc(cc2)Oc1c(cccc1)Oc1cc2c(C(=O)N(C2=O)c2cc(c(cc2)Oc2ccc(cc2)c2ccc(cc2)Oc2c(cc(cc2)*)C(F)(F)F)C(F)(F)F)cc1,tg,208.0,209.10974973750285,212.64334304480838,210.3908503767539
*O[Si](*)(CCCOc1c(cc(cc1)C(=O)OC1CC2=CCC3C(CCC4(C(CCC34)C(CCCC(C)C)C)C)C2(CC1)C)S(=O)(=O)O[K])C,tg,112.6,75.0360229877026,101.20862809225933,84.52487419788312
*C(C*)(C(=O)OCCCCCCOc1ccc(cc1)C(=O)Oc1ccc(cc1)C(=O)C=Cc1c(c2c(n1C)cccc2)C)C,tg,98.0,75.70400007135383,62.18576218076071,70.80297675115978
*C1N(CC(C1)OC(=O)*)C(=O)OCc1ccccc1,tg,78.0,125.20801571267376,120.54945746792059,123.51906018601409
*O[Si](c1cc(ccc1)[Si](*)(C)C)(C)C,tg,-52.0,-20.55814212099152,-9.523849862909204,-16.557670749176847
*Oc1ccc(cc1)CC(NC(=O)CCc1ccc(cc1)OC(=O)CCCCCCCCC(=O)*)C(=O)OCCCCCCCC,tg,14.25,22.683829673947656,24.248795665076106,23.251206493316133
*c1nc2c(c(c1)c1ccccc1)cc(cc2)C1(c2ccccc2c2ccccc12)c1cc2c(nc(cc2c2ccccc2)c2ccc(cc2)C2(c3ccccc3C(=O)c3ccccc23)c2ccc(cc2)*)cc1,tg,385.0,397.2371154211984,389.1549851479913,394.3069473574009
*c1cc2c(C(=O)N(C2=O)c2ccc(cc2)Sc2ccc(cc2)N2C(=O)c3c(C2=O)cc(cc3)C(*)(C(F)(F)F)C(F)(F)F)cc1,tg,293.67,293.722056132227,244.59407255723767,275.91075593734865
*C(C(CCCCCCCC*)Cl)Cl,tg,-30.0,-29.306983695585515,-20.928822351292336,-26.269489869759106
*OC(=O)c1c(cc(cc1)C(=O)OCCN(CC*)c1ccc(cc1)C=C(C#N)C#N)OCCC,tg,94.0,101.819837498218,112.74273784791735,105.77992384758493
*SCC(C*)(CC)C,tg,-50.0,-0.4630079960633632,-8.807654175110113,-3.4883509330104476
*C1C(=O)N(C(=O)C1CC*)CCCCCCCCCCCCCC,tg,62.4,51.620859066442534,51.50359723780583,51.57834591041079
*Oc1ccc(cc1)C(=O)OC(COC(=O)c1ccc(cc1)OC(=O)c1ccc(cc1)C(=O)*)C,tg,87.0,116.04980311492852,88.12163816674763,105.9244754791049
*Nc1cc(ccc1)NC(=O)CCCCC(=O)Nc1cc(ccc1)NC(=S)NC(=O)CCCCC(=O)NC(=S)*,tg,236.0,211.7433204252459,236.43935125044717,220.69684114075037
*Oc1c(cc(cc1)Oc1ccc(cc1)C(=O)c1ccc(cc1)*)c1cc(ccc1)C(F)(F)F,tg,134.0,165.0058022230296,149.0400120826655,159.2174213381438
*C(C*)(CC(=O)OC1CCCCC1)C(=O)OC1CCCCC1,tg,142.0,102.55058483327667,103.32223983450936,102.83034756469138
*OC(=O)c1ccc(cc1)N=CNc1ccc(cc1)C(=O)OCCCC*,tg,91.0,70.99950541648919,76.52029786129823,73.00106307044857
*Oc1c(cc(cc1)OC(=O)c1c(cc(cc1)C(=O)*)Sc1ccccc1)C,tg,130.0,142.05036858333165,136.98877796914826,140.21529408337406
*Oc1ccc(cc1)C(c1ccc(cc1)OCC(CN(CC(C*)O)c1ccc(cc1)N=Nc1ccc(cc1)[N+](=O)[O-])O)(C)C,tg,59.0,105.22212852399446,97.88724750970016,102.56287491469675
*N1C(=O)c2c(C1=O)cc(cc2)Oc1cc2c(C(=O)N(C2=O)Cc2oc(cc2)C(c2oc(cc2)C*)(C)C)cc1,tg,116.0,212.09066429321317,158.19401643606514,192.550489740435
*OC(=O)NCCCCCCNC(=O)OCCOCCOCC*,tg,-9.67,14.846696583373202,4.952001044565468,11.259384836502539
*Oc1cc2c(cc1)ccc(c2)OCCNC(=O)c1ccc(cc1)C(=O)NCC*,tg,159.0,139.63781323821107,144.08363647359147,141.24964190481728
*C(C*)(C(F)(F)F)F,tg,46.0,14.429392513095772,-7.779294441931763,6.377655773559535
*O[Si](O[Si](O[Si](c1ccc(cc1)[Si](*)(C)C)(C)C)(C)C)(C)C,tg,-62.0,-55.06960925770412,-79.3969106653304,-63.889447500019216
*c1sc(cc1)c1sc(cc1)[Si]([Si](*)(CCCC)CCCC)(CCCC)CCCC,tg,-20.0,-6.3522694515127,11.737150174165466,0.20603113113334676
*c1cc2c(C(=O)N(C2=O)c2ccc(cc2)C(=O)Nc2ccc(cc2)C(=O)OCCCCCCCCCCOC(=O)*)cc1,tg,102.0,101.8357078725134,113.15252308399097,105.93860765210479
*OS(=O)(=O)c1ccc(cc1)Oc1ccc(cc1)S(=O)(=O)Oc1ccc(cc1)C(c1ccc(cc1)*)(C)C,tg,110.0,145.60627132392815,110.88894079315081,133.01953865038743
*Oc1ccc(cc1)C(c1ccc(cc1)Oc1c(c(c(c(c1F)F)COC(c1cc(ccc1)C(OCc1c(c(c(c(c1F)F)*)F)F)(C(F)(F)F)C(F)(F)F)(C(F)(F)F)C(F)(F)F)F)F)(C)C,tg,98.0,108.38399733236815,97.58880747879473,104.47021229274388
*Oc1ccc(cc1)C(=O)NCC(CCCNC(=O)c1ccc(cc1)*)(C)C,tg,155.0,167.88561738778563,168.25803050614334,168.02063538292595
*OP(=O)(N=Nc1ccc(cc1)c1ccc(cc1)N=NP(=O)(OCCOCC*)OC)OC,tg,22.0,39.80491017825471,31.97590982741044,36.966514108897506
*Oc1c2c(c(cc1)C=Cc1c(cc(c(c1)OC)C=Cc1c3c(c(cc1)OCCOCCOCC*)cccc3)OC)cccc2,tg,79.5,86.14681058841688,85.7582749541532,86.00594739162571
*Oc1c(cc(cc1)OCCCC(=O)NNC(=O)c1ccc(cc1)C(=O)NNC(=O)CCC*)C,tg,125.5,127.07991897081132,136.6129290190826,130.53610201303562
*Oc1ccc(cc1)Nc1ccc(cc1)N=Nc1ccc(cc1)Nc1ccc(cc1)*,tg,169.0,171.7003279143681,168.2444710084469,170.44741052792685
*c1cc2c(C(=O)N(C2=O)c2c(ccc(c2)N2C(=O)c3c(C2=O)cc(cc3)C(*)(C(F)(F)F)C(F)(F)F)C)cc1,tg,307.0,343.9272924687869,336.9187947826301,341.3863688012664
*OC1C(CCCC1)OC(=O)*,tg,117.3,123.61399668844088,106.14489334950925,117.28059114106838
*C(C*)OC(=O)C(Cl)(Cl)Cl,tg,59.0,67.5120438905001,69.88602332693809,68.37272770697149
*S(=O)(=O)C1C2CCC(C1*)C2,tg,33.0,162.62049013212467,209.48156288734123,179.60992412798922
*N1C(=O)c2c(C1=O)cc(cc2)Oc1cc2c(C(=O)N(C2=O)c2cc(ccc2)Oc2c(c(ccc2)Oc2cc(ccc2)Oc2c(c(ccc2)Oc2cc(ccc2)*)C#N)C#N)cc1,tg,176.0,207.4981734255676,192.98929057386488,202.23799278799794
*C1C2C(C(=O)N(C2=O)c2ccccc2)C(C1)C=C*,tg,220.0,229.5081175220332,228.89194362973606,229.28472430763028
*Oc1ccc(cc1)CC(NC(=O)CCc1ccc(cc1)OC(=O)COCCOCC(=O)*)C(=O)OCc1ccccc1,tg,55.0,53.7273167101641,53.1461869434046,53.5166287076302
*Oc1ccc(cc1)NC(=O)c1ccc(cc1)Oc1ccc(cc1)C(c1cc(ccc1)C(c1ccc(cc1)Oc1ccc(cc1)C(=O)Nc1ccc(cc1)Oc1ccc(cc1)C(c1ccc(cc1)*)(C(F)(F)F)C(F)(F)F)(C)C)(C)C,tg,154.0,164.4712893147976,164.24565881807,164.3894872089937
*NC(=O)c1cc(ccc1)C(=O)NCC1CCC(CC1)C*,tg,208.0,171.01194687235966,189.47911487417812,177.70719974239796
*O[Si](*)(CCCOc1ccc(cc1)C(=O)OC1CC2=CCC3C(CCC4(C(CCC34)C(CCCC(C)C)C)C)C2(CC1)C)C,tg,61.1,73.82681506520241,74.37430568134133,74.02530722808642
*OC(C*)COC(C(F)(F)F)(C(F)(F)F)F,tg,-43.0,-24.75247196462244,-26.21946134489333,-25.28432746393924
*c1nc(nc(n1)c1ccc(cc1)Oc1ccc(cc1)C(c1ccc(cc1)Oc1ccc(cc1)*)(C(F)(F)F)C(F)(F)F)c1ccccc1,tg,241.0,195.0299266291404,216.12028448472117,202.67621429754777
*Nc1ccc(cc1)C(c1ccc(cc1)NC(=O)c1cc(cc(c1)C(C)(C)C)C(=O)*)(P1(=O)c2ccccc2c2ccccc2O1)P1(=O)c2ccccc2c2ccccc2O1,tg,235.0,257.2111142841479,241.56842186371654,251.53987214714533
*SCCCCCCCCCCC(=O)NCCc1ccc(cc1)CCNC(=O)CCCCCCCCCC*,tg,58.0,63.16457453379295,38.34124062297978,54.164900214811034
*C(C*)(CC(=O)OCCCCCCC)C(=O)OCCCCCCC,tg,-23.67,-15.96934567146159,-12.44561558896362,-14.691820934276029
*Nc1ccc(cc1)C(c1ccc(cc1)C(c1ccc(cc1)Nc1ccc(cc1)C(c1ccc(cc1)C(c1ccc(cc1)*)(c1ccccc1)O)(c1ccccc1)O)(C)C)(C)C,tg,177.0,177.44800328858295,135.51503423238287,162.2452482481185
*c1cc2c(C(=O)N(C2=O)c2ccc(cc2)Cc2ccc(cc2)Cc2ccc(cc2)N2C(=O)c3c(C2=O)cc(cc3)C(=O)*)cc1,tg,341.0,308.5578568751195,312.0375966920383,309.8194329865145
*OC(=O)C1CCC(CC1)C(=O)OCC*,tg,25.0,25.789351708012116,32.210656482852684,28.117389186141324
*C1COC2C1OCC2OC(=O)OCC1OC(OC1COC(=O)O*)(C)C,tg,95.5,98.78108366198056,86.03779018677353,94.16101564693795
*N1C(=O)c2c(C1=O)cc(cc2)S(=O)(=O)c1cc2c(C(=O)N(C2=O)c2cc(c(cc2)Oc2c(cc(cc2)*)Br)Br)cc1,tg,281.0,293.62323960262967,298.92574684548663,295.54565817989294
*N1C(=O)C(CC1=O)SCCOCCSC1C(=O)N(C(=O)C1)c1ccc(cc1)C(=O)Oc1ccc(cc1)C(c1ccc(cc1)OC(=O)c1ccc(cc1)*)(C)C,tg,143.0,144.26938572149618,149.33836220681297,146.10713796147863
*C(C*)C(=O)OCC(C(C(C(F)(F)F)(F)F)(F)F)(F)F,tg,-37.0,-24.38016825350016,-16.8231911896648,-21.640393948610807
*C(C*)C(=O)Oc1ccc(cc1)C(=O)OCC,tg,37.0,46.24398304601681,71.09235083148458,55.25273337064903
*N1C(=O)c2c(C1=O)cc(cc2)c1cc2c(C(=O)N(C2=O)c2ccc(cc2)OCCCCCCCCCCOc2ccc(cc2)*)cc1,tg,153.0,135.07947456321122,156.6964957854062,142.9167034964904
*OCC(C*)(CS(=O)(=O)CCC)CS(=O)(=O)CCC,tg,71.0,67.21882794102011,80.07074269325963,71.8782764889483
*c1cc2c(C(=O)N(C2=O)c2ccc(cc2)Sc2ccc(cc2)Sc2ccc(cc2)N2C(=O)c3c(C2=O)cc(cc3)C(*)(C(F)(F)F)C(F)(F)F)cc1,tg,257.0,256.508284331723,265.34065997379855,259.71045308662036
*SSSCCCCCCCCCC*,tg,-70.0,-49.06285585277743,-64.49098975580276,-54.65631001875425
*c1sc(cc1)c1sc(c(c1)CCCCCCCC)c1sc(cc1)c1sc(cc1)c1sc(cc1CCCCCCCC)c1sc(cc1)[Si](*)(CCCC)CCCC,tg,-1.0,13.362958898952993,-5.957452747407873,6.358363418320504
*Oc1c(cc(cc1c1ccccc1)Cc1cc(c(c(c1)c1ccccc1)OC(=O)CCCCC(=O)*)c1ccccc1)c1ccccc1,tg,115.0,124.5970646827182,126.54866898391873,125.30461682593288
*N1C(=O)c2c(C1=O)cc(cc2)c1cc2c(C(=O)N(C2=O)c2ccc(cc2)C(c2ccc(cc2)*)(C(F)(F)F)C(F)(F)F)cc1,tg,333.67,301.1264419312818,294.31721254169264,298.6577627808617
*N1C(=O)c2c(C1=O)cc(cc2)Oc1ccc(cc1)C(=O)c1ccc(cc1)Oc1cc2c(C(=O)N(C2=O)c2ccc(cc2)Oc2cc(ccc2)Oc2ccc(cc2)*)cc1,tg,194.0,197.4923662145392,202.16815268698744,199.18756781752796
*c1cc2c(C(=O)N(C2=O)c2ccc(cc2)Oc2ccc(cc2)C(c2ccc(cc2)Oc2ccc(cc2)N2C(=O)c3c(C2=O)cc(cc3)c2ccc(cc2)c2ccc(cc2)c2ccc(cc2)c2ccc(cc2)*)(C)C)cc1,tg,236.0,256.1647629887063,220.22452885519803,243.13466786483437
*c1cc2c(C(=O)N(C2=O)c2ccc(cc2)C2(CCC(CC2)C(C)(C)C)c2ccc(cc2)NC(=O)*)cc1,tg,331.0,320.8813595732251,299.7715259994219,313.22801100309687
*Oc1cc(ccc1)NC(=O)CCCCCCC(=O)Nc1ccc(cc1)*,tg,140.0,125.19392124934868,130.6789225276063,127.1825028524836
*Oc1ccc(cc1)CC(NC(=O)CCc1ccc(cc1)OC(=O)CCCCCCCCC(=O)*)C(=O)OC,tg,46.33,47.78835962412422,44.025784063522906,46.42424170315382
*NNC(=O)c1cc(cc(c1)NC(=O)c1cc2c(C(=O)N(C2=O)c2ncccc2C)cc1)C(=O)NNC(=O)CCCC(=O)*,tg,131.7,165.7186217006754,142.62652025419803,157.34660394085873
*C(C*)(C(=O)OCCCCCCCCCCn1c2ccc(cc2c2ccccc12)N=Nc1c(cc(cc1)[N+](=O)[O-])[N+](=O)[O-])C,tg,60.0,97.064800044937,117.10863208350679,104.33167084881907
*Nc1ccc(cc1)NC(=O)c1cc(cc(c1)NC(=O)c1ccncc1)C(=O)*,tg,327.0,293.11120517363497,309.3209393726619,298.98802772747246
*Oc1c(cc(cc1)Oc1ccc(cc1)C(=O)c1c2c(ccc1)cccc2C(=O)c1ccc(cc1)*)C(C)(C)C,tg,230.0,210.92872718745608,225.0142177672851,216.03540738992194
*Oc1ccc(cc1)C1(c2ccccc2c2ccccc12)c1ccc(cc1)OC(=O)*,tg,303.33,253.4940673588122,247.1416564506015,251.19100728156204
*Oc1cc(ccc1)NC(=O)c1ccc(cc1)[Si](c1ccc(cc1)C(=O)*)(c1ccccc1)c1ccccc1,tg,220.0,205.31638103251973,189.5514450326306,199.60081961082076
*C(C*)c1cc(c(cc1)Cl)C,tg,114.0,111.31249821003377,107.77390792757423,110.02958592255182
*C(C*)C(=O)NCC(=O)N,tg,186.0,124.83392206247896,90.08000785232053,112.233926013398
*P1(=NP(=NP(=N1)(Oc1ccc(cc1)C(=O)OC)Oc1ccc(cc1)C(=O)OC)(Oc1ccc(cc1)C(c1ccc(cc1)O*)(C)C)Oc1ccc(cc1)C(=O)OC)Oc1ccc(cc1)C(=O)OC,tg,73.0,130.86393189033413,89.54819968079065,115.88495543728838
*SC(C*)(C)C,tg,-14.0,-0.6942806270922098,38.57489030587541,13.542717128442677
*c1cc2c(C(=O)N(C2=O)c2ccc(cc2)Oc2ccc(cc2)C2(c3c(C(=O)N2)cccc3)c2ccc(cc2)Oc2ccc(cc2)N2C(=O)c3c(C2=O)cc(cc3)C(=O)Nc2cc(ccc2)Oc2ccc(cc2)NC(=O)*)cc1,tg,302.0,302.5773948874108,281.285399366611,294.85800368972207
*C1COC2C1OCC2OC(=O)OCCCCOC(=O)O*,tg,49.0,44.21305979304245,34.339424966263806,40.63338358577612
*NC(=O)CCP(=O)(CCC(=O)NCCCCCCCCCCCC*)C,tg,44.0,49.92247671167295,53.159175777784384,51.09593864745536
*N1C(=O)c2c(C1=O)cc(cc2)Oc1c2c(ccc1)c(ccc2)Oc1cc2c(C(=O)N(C2=O)c2cc(cc(c2)C(F)(F)F)*)cc1,tg,250.0,258.09143384606256,251.4731585015422,255.691984889366
*c1sc(nn1)c1ccc(cc1)C(=O)OCCCCCCCCCOC(=O)c1ccc(cc1)*,tg,72.0,91.18617753557378,89.04296666327058,90.40915862598936
*Oc1c(cc(cc1)C=C1C(=O)C(=Cc2cc(c(cc2)OC(=O)CCCCCCCCC(=O)*)OC)CCC1)OC,tg,48.05,74.68488411455296,72.26555268597137,73.8077579797179
*c1cc2c(C(=O)N(C2=O)c2ccc(cc2)C(=O)Nc2ccc(cc2)C(=O)OCCCCCCCCOC(=O)*)cc1,tg,105.0,99.44438082344432,110.39436987218113,103.41428815293978
*C(C*)(C(=O)OCc1ccc2n(c3c(c2c1)cccc3)CCCC)C,tg,87.0,86.55883662438146,80.81866460930806,84.47774313161369
*Oc1ccc(cc1)C1(c2ccccc2c2ccccc12)c1ccc(cc1)OCC(COC(=O)C1CCC(CC1)C(=O)OCC(C*)O)O,tg,110.0,143.65722342743547,157.75744694979912,148.76924504314778
*Oc1c(cc(cc1)C(C)(C)C)Oc1ccc(cc1)S(=O)(=O)c1ccc(cc1)*,tg,180.5,174.7564809343917,181.23835950147728,177.10647937894186
*NC(=O)c1ccc(cc1)C(=O)NCCC(CCC*)C(C)C,tg,146.5,148.01287423110213,127.32564359079159,140.512739922255
*c1cc2c(C(=O)N(C2=O)c2c(cc(c(c2C)C(=O)c2cc(ccc2)N2C(=O)c3c(C2=O)cc(cc3)C(=O)*)C)C)cc1,tg,300.0,308.01877910675597,322.09787920686506,313.12314244733585
*c1c(nc2c(n1)cc(cc2)Oc1ccc(cc1)NC(=O)c1cc2c(C(=O)N(C2=O)c2ccc(cc2)C(c2ccc(cc2)N2C(=O)c3c(C2=O)cc(cc3)C(=O)Nc2ccc(cc2)Oc2cc3c(nc(c(n3)c3ccc(cc3)*)c3ccccc3)cc2)(C(F)(F)F)C(F)(F)F)cc1)c1ccccc1,tg,293.0,293.5913659096222,259.7004035002948,281.304232153268
*Oc1ccc(cc1)C(c1ccc(cc1)OCCCCCCCC*)(C)C,tg,13.37,20.841359900333728,33.28570100502794,25.353043039228385
*Oc1ccc(cc1)C1(CC2C(CC1)CCCC2)c1ccc(cc1)OC(=O)c1ccc(cc1)C(=O)*,tg,275.0,273.5867671062154,265.2715360960087,270.57208860864415
*c1cc2c(C(=O)N(C2=O)c2ccc(cc2)C(=O)Nc2ccc(cc2)Cc2ccc(cc2)NC(=O)*)cc1,tg,222.0,257.9250401712345,260.40267019886284,258.82330240352366
*Oc1ccc(cc1)c1ccc(cc1)OC(=O)c1ccc(cc1)C(=O)*,tg,267.0,179.42236990503764,242.8784815280432,202.42831826829303
*c1cc2c(C(=O)N(C2=O)c2cc(c(cc2)c2c(cc(cc2)N2C(=O)c3c(C2=O)cc(cc3)C(=O)Oc2c(cc(cc2C)C(c2cc(c(c(c2)C)OC(=O)*)C)(C)C)C)C)C)cc1,tg,182.0,264.046761457829,258.58947995601727,262.0682296312916
*Oc1ccc(cc1)CC(NC(=O)CCc1ccc(cc1)OC(=O)COCCOCC(=O)*)C(=O)OCCCCCCCC,tg,16.0,22.764526075339504,19.079762409326666,21.428618777162768
*Oc1c(cc(cc1C)C1(CC2C(CC1)CCCC2)c1cc(c(c(c1)C)Oc1ccc(cc1)C(=O)c1ccc(cc1)*)C)C,tg,251.0,237.30587119484855,238.468231241052,237.72728364068732
*c1sc(nn1)c1cc(ccc1)OCCCCCCCCCCCOC(=O)c1ccc(cc1)C(=O)OCCCCCCCCCCCOc1ccc(cc1)*,tg,49.5,58.69925210066193,56.63100274067144,57.94941041069261
*c1nc(nc(c1F)OCC(C(C(CO*)(F)F)(F)F)(F)F)F,tg,0.0,67.64128587661197,47.83765636587887,60.461500253507545
*C(C*)OC(=O)C1CCCCC1,tg,58.88,36.936805036076976,45.44154045074558,40.02018816165255
*C(C*)C(=O)OCCCOC,tg,-66.5,-47.540208596046234,-30.424258291107645,-41.33483831992765
*N1C(=O)c2c(C1=O)cc(cc2)C(=O)c1cc2c(C(=O)N(C2=O)C(=S)Nc2ccc(cc2)Oc2ccc(cc2)NC(=S)*)cc1,tg,262.0,268.4057301140372,238.0428653921342,257.39770456556727
*C(C(*)(F)F)(OC(C(F)F)F)F,tg,35.0,25.203808772849452,28.310339733612658,26.33007839517945
*C(C*)C(=O)Nc1ccc(cc1)Cl,tg,76.0,94.98561113946596,121.6677722358883,104.65920135330137
*N1C(=O)c2c(C1=O)cc(cc2)Oc1cc(ccc1)C(c1ccc(cc1)Oc1cc2c(C(=O)N(C2=O)c2ccc(cc2)*)cc1)(C)C,tg,268.0,224.01899673898689,174.0079803089809,205.8875538857266
*OC(=O)c1cc(ccc1)C(=O)OCC*,tg,56.5,65.76596476103914,63.14872028963102,64.81708545496139
*N1C(=O)c2c(C1=O)cc(cc2)Oc1cc2c(C(=O)N(C2=O)c2ccc(cc2)C2(c3ccccc3c3ccccc23)c2ccc(cc2)*)cc1,tg,373.0,327.34896599316204,317.62354799032653,323.82302564381376
*Nc1ccc(cc1)C(c1ccc(cc1)NC(=O)c1cc(ccc1)C(=O)*)(C(F)(F)F)C(F)(F)F,tg,272.0,258.57993895509736,280.64730614907785,266.580440359814
*c1c2C(=O)N(C(=O)c2c(c2ccccc12)c1ccc(cc1)Oc1ccc(cc1)C(=O)c1cc(ccc1)C(=O)c1ccc(cc1)Oc1ccc(cc1)*)C,tg,251.0,250.16918470676623,266.0250009394119,255.91769466389488
*Oc1ccc(cc1)C(c1ccc(cc1)Oc1ccc(cc1)C(=O)c1c(c(c(c(c1c1ccc(cc1)F)c1ccc(cc1)F)c1ccc(cc1)F)c1ccc(cc1)F)C(=O)c1ccc(cc1)*)(C)C,tg,252.0,255.3003496626773,247.26877238268693,252.38850953486266
*Oc1ccc(cc1)CC(NC(=O)CCc1ccc(cc1)OC(=O)CCCCCCC(=O)*)C(=O)OC(C)C,tg,46.0,48.65464318405352,38.72074894617533,45.053119988929
*O[Ca]OC(=O)c1c(cccc1)C(=O)OCCCCCOC(=O)NCCCCCCNC(=O)OCCCCCOC(=O)c1c(cccc1)C(=O)*,tg,-2.4,5.376847259452404,39.58458815936818,17.77882873355468
*C1COC2C1OCC2OC(=O)C(NC(=O)CCCCCCCC(=O)NC(C(=O)O*)C)C,tg,46.0,47.81615453825476,45.29955666034641,46.90376455170463
*Nc1cc(ccc1)NC(=O)c1ccc(cc1)C(=O)Nc1cc(ccc1)NC(=S)NC(=O)CCCCCCCCC(=O)NC(=S)*,tg,248.0,229.36693381871805,230.16390297339456,229.6558741705714
*c1sc(cc1SCCCCCCCCCCCC)c1sc(c(c1)SCCCCCCCCCCCC)c1ccc(cc1)*,tg,60.35,32.92097750086949,14.394091320625645,26.20407386632544
*C(CC*)(C)C,tg,10.97,-13.574622537654523,-12.282649724102312,-13.106219115587042
*c1nc2c(c(c1)c1ccccc1)cc(cc2)C1(c2ccccc2c2ccccc12)c1cc2c(nc(cc2c2ccccc2)c2ccc(cc2)c2ccc(cc2)*)cc1,tg,380.0,365.3267328205223,374.2698057700335,368.5690347710044
*c1cc2c(C(=O)N(C2=O)c2ccc(cc2)Oc2cc3c(cc2)ccc(c3)Oc2ccc(cc2)N2C(=O)c3c(C2=O)cc(cc3)C(=O)Nc2ccc(cc2)Cc2ccc(cc2)NC(=O)*)cc1,tg,273.0,262.1990415159324,253.5605617588782,259.0671695158245
*C(=C(*)Cl)CCCC,tg,190.0,114.16272330683088,126.36926817982201,118.5881936651499
*N1C(=O)C(CC1=O)Nc1ccc(cc1)NC1C(=O)N(C(=O)C1)c1ccc(cc1)C(=O)Oc1c(cc(cc1C)C(c1cc(c(c(c1)C)OC(=O)c1ccc(cc1)*)C)c1cnccc1)C,tg,212.0,210.50981821839312,227.43868260187588,216.64736068504752
*C(C(*)(F)F)(c1c(c(c(c(c1F)F)F)F)F)F,tg,194.0,135.54517794964764,67.11172311688152,110.73469889673628
*c1nc2c(c(c1c1ccccc1)c1ccccc1)cc(cc2)Oc1cc2c(nc(c(c2c2ccccc2)c2ccccc2)c2ccc(cc2)*)cc1,tg,345.0,303.92296728351005,315.65188213321795,308.1752733654285
*Oc1ccc(cc1)C(c1ccc(cc1)OC(=O)CCCCCCCCC(=O)*)(CC)c1ccccc1,tg,88.0,75.46096233656976,78.70271528055174,76.63625655060483
*Oc1cc(ccc1)NC(=O)c1cc(ccc1)C(=O)Nc1cc(ccc1)OCCCCCCCC*,tg,117.0,110.03796822380411,100.96813542716498,106.74970962040128
*C1C2C(C(=O)N(C2=O)c2cc(ccc2)Cl)C(C1)C=C*,tg,204.8,214.4357600107744,207.798500756278,212.02942845693363
*OC(=O)Nc1ccc(cc1)Cc1ccc(cc1)NC(=O)OCCCCC*,tg,95.0,74.79973020316011,70.9522559508158,73.40483234833636
*Nc1cc(ccc1)NC(=O)c1ccc(cc1)C(=O)Nc1ccc(cc1)C(=O)NC(=S)*,tg,273.0,281.57982953896857,273.19276726730305,278.5391086910276
*Nc1ccc(cc1)Cc1ccc(cc1)NC(=O)c1cc(ccc1)C(=O)*,tg,264.6,264.8232858669308,256.626539064783,261.85156369780054
*NNC(=O)C=CC(=O)NCCCCCCNC(=O)C=CC(=O)*,tg,102.4,84.17811332665404,96.72901337703564,88.72842930231455
*C(C*)n1c2ccccc2c2ccccc12,tg,210.47,213.0581698423752,218.11283906921796,214.890735000432
*C(C*)c1cc(ccc1)C,tg,74.83,99.1204882080395,86.13063713630798,94.41103098856675
*Oc1cc(c(cc1)CCc1ccc(cc1)OCCCCCCCCCCC*)C,tg,3.9,-1.6447299721787187,-4.734480080717861,-2.7649157136990623
*N1C(=O)c2c(C1=O)cc(cc2)C(=O)Oc1ccc(cc1)c1ccc(cc1)OC(=O)c1cc2c(C(=O)N(C2=O)CCCOCCCCOCCC*)cc1,tg,70.0,84.06916992487531,94.40837656465197,87.81763871673702
*Oc1ccc(cc1)C(=O)c1cc(ccc1)NC(=O)CCCCCCCCC(=O)Nc1ccc(cc1)C(=O)c1ccc(cc1)*,tg,148.0,166.38151672293,153.55671148459203,161.73189670153806
*Oc1c(c2c(cc1)cccc2)Sc1c2c(ccc1OCC(=O)Nc1ccc(cc1)NC(=O)C*)cccc2,tg,268.0,229.1695354732979,239.57058618737324,232.9404257710398
*OP(=O)(OCCCCCCCCCCOc1ccc(cc1)C=Cc1ccc(cc1)OCCCCCCCCCC*)OCCCCCCCCCCOc1ccc(cc1)N=Nc1ccc(cc1)C#N,tg,60.0,54.33717963471705,54.607964500253395,54.435352410746745
*c1nc2c([nH]1)ccc(c2)NC(=O)c1ccc(cc1)OCCOCCOCCOCCOCCOc1ccc(cc1)C(=O)Nc1ccc(cc1)*,tg,125.0,135.78444690053863,166.7913818246714,147.02597944204408
*OC(C(*)(F)F)(F)F,tg,-48.0,-7.132250183941886,11.662529282827872,-0.3182221123807441
*Oc1ccc(cc1)Oc1ccc(cc1)NC(=C(C#N)C#N)c1cc(ccc1)C(=C(C#N)C#N)Nc1ccc(cc1)*,tg,228.0,235.4188320103298,231.6203109004773,234.04168206724506
*N1C(=O)c2c(C1=O)cc(cc2)Oc1cc2c(C(=O)N(C2=O)c2cc(ccc2)C(C(C(C(C(c2cc(ccc2)*)(F)F)(F)F)(F)F)(F)F)(F)F)cc1,tg,138.5,184.69190639108575,163.44070838687676,176.98730629130753
*c1ccc2c(nc([nH]2)c2cc(ccc2)c2nc3c([nH]2)ccc(c3)C(=O)Nc2cc(cc(c2)c2nc3c([nH]2)cccc3)NC(=O)*)c1,tg,315.0,314.47204581906993,325.35232141197105,318.4166786064581
*C(C*)c1c(ccc(c1)Br)OCCC,tg,54.0,57.89373504819904,76.28903051341784,64.56293060360747
*c1oc(cc1)CNC(=O)OC(COC(=O)NC*)c1occc1,tg,30.0,67.74065219209406,66.92500298447855,67.44493940615448
*N=P(*)(Oc1ccc(cc1)C(C)C)Oc1ccc(cc1)C(C)C,tg,0.0,14.905836363136595,-5.683391731935095,7.441232776824534
*C(C(*)(F)F)(OC(C(F)(F)F)(F)F)F,tg,29.0,8.46252038369188,-1.061532304017033,5.009584823377498
*N1C(=O)c2c(C1=O)cc(cc2)Oc1cc2c(C(=O)N(C2=O)c2ccc(cc2)c2nc(cc(c2)c2ccc(cc2)OCCCC#N)c2ccc(cc2)*)cc1,tg,315.0,286.0610124702808,329.3994020652701,301.7733012895582
*c1c([nH]c(n1)c1ccc(cc1)c1[nH]c(c(n1)c1ccc(cc1)Oc1ccc(cc1)C(=O)c1cc2c(cc1)cc(cc2)C(=O)c1ccc(cc1)Oc1ccc(cc1)*)c1ccccc1)c1ccccc1,tg,281.0,283.1140271021273,263.3326073839637,275.94229361660183
*Oc1cc(ccc1)S(=O)(=O)c1ccc(cc1)*,tg,170.0,174.671074546958,183.24412850725204,177.77922649137093
*Oc1cc2c(cc1)ccc(c2)Oc1ccc(cc1)C(=O)Nc1ccc(cc1)Oc1ccc(cc1)C(c1ccc(cc1)C(c1ccc(cc1)Oc1ccc(cc1)NC(=O)c1ccc(cc1)*)(C)C)(C)C,tg,166.0,162.56542357381443,161.7706962214586,162.27729598509947
*C(C*)C(=O)OCCCCCCCOC(=O)c1ccc(cc1)OC(=O)c1ccc(cc1)C#N,tg,20.0,24.74818731286392,22.144100651956624,23.80407835752485
*C(C*)C(=O)Oc1c(cccc1)Cl,tg,146.33,72.15154481654038,61.074652159351565,68.1356287136032
*c1nc2c(n1c1ccc(cc1)n1c(nc3c1cccc3)c1ccc(cc1)Oc1ccc(cc1)C(=O)c1ccc(cc1)C(=O)c1ccc(cc1)Oc1ccc(cc1)*)cccc2,tg,238.0,273.8419394411299,232.00253173176742,258.67310497126283
*C1COC2C1OCC2OC(=O)CNC(=O)CNC(=O)CCCCCCCCC(=O)NCC(=O)NCC(=O)O*,tg,47.0,65.23848635943698,62.743318929239166,64.33386595978432
*C1C(=O)N(C(=O)C1*)c1ccc(cc1)O[Si](CC)(CC)CC,tg,165.0,137.8594082002567,158.15922516211742,145.21908607624542
*S(=O)(=O)c1cc(ccc1)NC(=O)CCCCCCCCCCC(=O)Nc1cc(ccc1)*,tg,107.0,95.25242761745392,120.82787857389042,104.52478120202863
*c1sc(nn1)c1ccc(cc1)C(=O)OCCCCCCCCCCCCOC(=O)c1ccc(cc1)*,tg,68.0,73.25529516051888,91.58041146170322,79.8990473317889
*c1cc2c(C(=O)N(C2=O)c2cc(ccc2)C(=O)Nc2ccc(cc2)Oc2ccc(cc2)C(c2ccc(cc2)Oc2ccc(cc2)NC(=O)c2cc(ccc2)N2C(=O)c3c(C2=O)cc(cc3)C(*)(C(F)(F)F)C(F)(F)F)(C(F)(F)F)C(F)(F)F)cc1,tg,266.0,262.45622148000143,267.52621236935465,264.2943414911297
*OP(=O)(Oc1c2c(ccc1)c(ccc2)*)OC1CCCCC1,tg,134.0,119.3179008160535,134.07015680647834,124.66631613613428
*N(CCC*)C(=O)C(C(C(C(C(C(C(F)(F)F)(F)F)(F)F)(F)F)(F)F)(F)F)(F)F,tg,25.0,29.59772767996884,4.1159039835847,20.359318562760098
*c1cc2c(C(=O)N(C2=O)c2cc(c(cc2)c2c(cc(cc2)N2C(=O)c3c(C2=O)cc(cc3)C(=O)*)C)C)cc1,tg,385.0,323.64994131186387,316.7768283785104,321.15810124799486
*O[Si](OCCOc1ccc(cc1)C1(c2ccccc2c2ccccc12)c1ccc(cc1)OCC*)(c1ccccc1)c1ccccc1,tg,97.0,112.42789568451936,83.05429922206096,101.77852833164451
*Oc1ccc(cc1)C(c1ccc(cc1)OCC(COC(=O)C1CCC(CC1)C(=O)OCC(C*)O)O)(C)C,tg,70.0,74.67637260651036,65.29908408964414,71.27664624621823
*O[Si](CCCN=C1C(=CC(=NCCC[Si](*)(C)C)C(=C1)O)O)(C)C,tg,-25.71,8.834695177121011,4.236390974516528,7.167584691811887
*C(C*)(C(=O)OCCCCCCCCCCCCOc1ccc(cc1)C(=O)Oc1ccc(cc1)c1cc(ccc1)OC(=O)c1ccc(cc1)OC(=O)c1ccc(cc1)OCCCCCCCCCCCC)C,tg,74.5,57.175400658420415,50.70155401879504,54.82831418095558
*OC(=O)OCC(=C)COCC(=C)C*,tg,70.5,31.5991321419206,48.42556053771557,37.69953654601475
*C(C*)(C(=O)OCc1ccc2n(c3c(c2c1)cccc3)CC)C,tg,131.14,130.42506636364226,101.35687116628199,119.88642192705107
*N1C(=O)c2c(C1=O)cc(cc2)Oc1cc(ccc1)Oc1cc2c(C(=O)N(C2=O)c2cc(ccc2)*)cc1,tg,224.0,211.46515965232783,219.49515632960203,214.37642673424446
*c1nc(ccc1)c1cc(c(cc1)Oc1ccc(cc1)Sc1ccc(cc1)Oc1c(cc(cc1)*)C(F)(F)F)C(F)(F)F,tg,144.5,138.5944213716871,126.07329356730891,134.0548992933628
*C1(C(=O)N(C(=O)C1)c1ccccc1)C*,tg,236.0,207.17477723791808,190.24384489789534,201.03648503573535
*OC(=O)c1ccc(cc1)C(=O)OCC(CS(=O)(=O)CC(C*)(C)C)(C)C,tg,105.0,68.42265305493129,83.47654873527189,73.88042753606086
*OC(=O)c1ccc(cc1)c1ccc(cc1)c1ccc(cc1)C(=O)OCCCCC*,tg,40.0,107.33533110633014,56.232114196653356,88.80791208631524
*OC(=O)NCc1ccc(cc1)CNC(=O)OCCCCCC*,tg,56.0,53.76599919605106,44.49084624964133,50.403301982359245
*OCC(C*)(CCl)CCl,tg,11.38,-13.824691377730366,8.942271866089886,-5.570552140721549
*Oc1ccc(cc1)OC(=O)CCCCC(=O)*,tg,90.0,47.45834602981565,63.65518758462236,53.33049436867826
*C(C(CCCCCCCCCCC*)c1ccc(cc1)O)c1c(cc(cc1)O)C,tg,4.0,-5.537672423068183,1.2593149255683724,-3.073431612073686
*Oc1c(cc(cc1C)C1(c2ccccc2c2ccccc12)c1cc(c(c(c1)C)Oc1ccc(cc1)C(=O)c1cc(ccc1)C(=O)c1ccc(cc1)*)C)C,tg,229.0,241.45255850654004,250.91796135189657,244.8842306264992
*C(C*)O,tg,76.98,57.53435375728757,57.32578998102978,57.458739173533395
*c1n(c(nn1)c1ccc(cc1)Oc1ccc(cc1)C(c1ccc(cc1)Oc1ccc(cc1)*)(C)C)c1ccc(cc1)S(=O)(=O)C,tg,230.0,207.5839060542869,203.4627999963392,206.08980326822416
*Oc1ccc(cc1)Nc1ccc(cc1)C(=O)c1ccc(cc1)C(=O)c1ccc(cc1)Nc1ccc(cc1)*,tg,215.0,172.9724457125379,174.4718613203224,173.51605730747283
*Oc1cc(ccc1)NC(=O)CCCCCC(=O)Nc1ccc(cc1)*,tg,130.0,159.34923767688755,129.4897926367977,148.52372641913942
*OC(=O)C=CC(=O)NCCCCCCNC(=O)C=CC(=O)OCCOCCOCC*,tg,65.0,49.36771833074454,47.0677334763265,48.53386117429962
*Oc1ccc(cc1)CC(NC(=O)Cc1ccc(cc1)OC(=O)CCCCCCC(=O)*)C(=O)OCC,tg,54.0,52.5619246455947,44.61210471163968,49.679725559960204
*OC(=O)c1c(cccc1)C(=O)OCCOCC*,tg,-50.0,32.605635547356705,2.9473539779092137,21.85305590013124
*C1COC2C1OCC2OC(=O)c1oc(cc1)C(=O)O*,tg,188.5,113.48436714939396,134.58596194276416,121.13472875810326
*C(C(CC*)C(=O)OC)C(=O)OC,tg,31.2,26.41268250465024,-1.14032724271602,16.423367003156923
*c1nc2c(nc1c1ccc(cc1)OC(=O)c1cc(ccc1)C(=O)Oc1ccc(cc1)*)cccc2,tg,245.0,241.2954382747736,231.15390351495338,237.61863522080276
*c1cc2c(C(=O)N(C2=O)c2c(cc(cc2)c2cc(c(cc2)N2C(=O)c3c(C2=O)cc(cc3)C(*)(C(F)(F)F)C(F)(F)F)OCCN(c2ccc(cc2)C(=C(C#N)C#N)C#N)CC)OCCN(c2ccc(cc2)C(=C(C#N)C#N)C#N)CC)cc1,tg,222.0,175.6370660060879,199.87971269707458,184.42621276747386
*N1C(=O)c2c(C1=O)c(ccc2)Oc1ccc(cc1)C(c1ccc(cc1)Oc1c2c(C(=O)N(C2=O)c2c(cc(cc2)Oc2ccc(cc2)Oc2cc(c(cc2)*)C)C)ccc1)(C)C,tg,222.0,236.3592468610865,260.708287888881,245.18696678045737
*OP(=O)(OCCCCCCCCOc1c(cc(cc1)C=C1C(=O)C(=Cc2cc(c(cc2)OCCCCCCCC*)OC)CC1)OC)OCC,tg,62.0,53.25765226412218,57.7396628284707,54.88260060983179
*NC(=O)CCCCCCCC*,tg,44.29,51.736297491114335,47.25028123131229,50.10989688461526
*N1C(=O)c2c(C1=O)cc(cc2)c1cc2c(C(=O)N(C2=O)c2cc(cc(c2)C(F)(F)F)Oc2c(cc(cc2C)c2cc(c(c(c2)C)Oc2cc(cc(c2)C(F)(F)F)*)C)C)cc1,tg,281.1,270.8524592523872,272.6393386788844,271.50029056076596
*OC(C(C(*)(F)F)(F)F)(F)F,tg,-109.82,-23.47853371642452,-45.89095694092393,-31.604134832067487
*N1C(=O)c2c(C1=O)cc(cc2)Oc1ccc(cc1)C(c1ccc(cc1)Oc1cc2c(C(=O)N(C2=O)c2ccc(cc2)N(c2ccc(cc2)*)c2ccc(cc2)C#N)cc1)(C(F)(F)F)C(F)(F)F,tg,234.0,253.02943791364467,242.76237606377282,249.30712514157017
*S(=O)(=O)c1ccc(cc1)Nc1ccc(cc1)C1(c2ccccc2c2ccccc12)c1ccc(cc1)Nc1ccc(cc1)*,tg,221.0,268.84384939109435,256.26650131361225,264.28394471026076
*Oc1cc(c(cc1)c1c(cc(cc1)OC(=O)c1ccc(cc1)Oc1ccc(cc1)C1(CCC(CC1)C(C)(C)C)c1ccc(cc1)Oc1ccc(cc1)C(=O)*)C)C,tg,163.0,175.82278965163542,174.19767514697656,175.23360605020903
*c1nc2c(nc1c1ccccc1)cc(cc2)c1cc2c(nc(c(n2)c2ccc(cc2)Oc2ccc(cc2)*)c2ccccc2)cc1,tg,292.5,326.0872990903714,298.9659104022875,316.25446736244015
*c1cc2c(C(=O)N(C2=O)c2ccc(cc2)C(=O)Nc2cc(ccc2)Oc2ccc(cc2)S(=O)(=O)c2ccc(cc2)Oc2cc(ccc2)NC(=O)*)cc1,tg,235.0,228.05095018376565,226.9552620542363,227.6537095731222
*NC1CC(CC(C1)(CNC(=O)CCCCC(=O)*)C)(C)C,tg,149.72,117.20502665052167,112.17207097771642,115.38033371927166
*N1C(=O)c2c(C1=O)cc(cc2)Oc1ccc(cc1)C1(CCC(CC1)c1ccccc1)c1ccc(cc1)Oc1cc2c(C(=O)N(C2=O)c2ccc(cc2)Cc2ccc(cc2)*)cc1,tg,232.0,230.5279925281224,226.98841293625998,229.24472156752833
*C(C*)c1cc(c(cc1)Cl)F,tg,122.0,134.00192057589817,117.21780245662963,127.9168557192819
*N=P(*)(OCC(C(F)(F)F)(F)F)OCC(C(F)(F)F)(F)F,tg,-65.0,-49.75154061123641,-40.85219704481898,-46.525092703866655
*OC(=O)c1ccc(cc1)c1ccc(cc1)C(=O)OCCOCCOCCOCC*,tg,4.0,12.245409309015072,41.203612166004234,22.74417613510967
*N1C(=O)c2c(C1=O)cc(cc2)c1cc2c(C(=O)N(C2=O)c2cc(c(cc2)c2c(cc(cc2)*)C(F)(F)F)C(F)(F)F)cc1,tg,289.25,325.24659252182664,324.41929837070273,324.9466578735291
*Oc1ccc(cc1)C(c1ccc(cc1)OC(=O)c1cc(cc(c1)NC(=O)c1ccc(cc1)NC(=O)C(N1C(=O)c2c(C1=O)cccc2)C)C(=O)*)(C)C,tg,238.0,204.8035295804841,180.2132704324803,195.88835627835977
*C1COC2C1OCC2OC(=O)c1cc(ccc1)OCCCCCCCCCCOc1cc(ccc1)C(=O)O*,tg,28.25,27.191657516953033,36.87411625754225,30.702023029714585
*OP(=O)(Oc1ccc(cc1)c1ccc(cc1)*)OC1CCCCC1,tg,116.0,122.62760302786756,142.28760631379527,129.75531711007596
*Oc1ccc(cc1)c1ccc(cc1)OCCCCCCOC(=O)Nc1c(cc(cc1)NC(=O)OCCCCCC*)C,tg,85.4,82.75313772814415,92.3388711734807,86.2284355840467
*NNC(=O)c1cc(cc(c1)NC(=O)c1cc2c(C(=O)N(C2=O)c2ncc(cc2)C)cc1)C(=O)NNC(=O)CCCC(=O)*,tg,131.5,156.70533077222368,128.6276588645397,146.5257995411544
*N1C(=O)c2c(C1=O)cc(cc2)Oc1cc2c(C(=O)N(C2=O)c2c(cc(cc2C)C(c2cc(c(c(c2)C)*)C)c2cc(ccc2)C(F)(F)F)C)cc1,tg,264.1,281.63473553329874,281.17518168166055,281.468124754439
*N1C(=O)c2c(C1=O)cc(cc2)Oc1c(cc(cc1C)C(c1cc(c(c(c1)C)Oc1cc2c(C(=O)N(C2=O)c2cc(c(cc2)c2c(cc(cc2)*)C(F)(F)F)C(F)(F)F)cc1)C)(C)C)C,tg,262.0,268.85004616726616,273.1461802005107,270.40760516674663
*Oc1ccc(cc1)C(c1ccc(cc1)OCC(COC(=O)CCCCCCCCCCC(=O)OCC(C*)O)O)(C)C,tg,25.0,27.127044006030008,23.885705090803267,25.95189989769669
*c1cc2c(C(=O)N(C2=O)c2ccc(cc2)C(=O)Nc2ccc(cc2)C(=O)OCCCCCOC(=O)*)cc1,tg,129.0,126.42744517097744,105.25404995247654,118.75105239157762
*Oc1ccc(cc1)OC(=O)c1c(cc(c(c1)OCCCCCCCOCC1N(CCC1)c1ccc(cc1)[N+](=O)[O-])C(=O)*)OCCCCCCCOCC1N(CCC1)c1ccc(cc1)[N+](=O)[O-],tg,50.0,56.74902594504979,55.39182354760809,56.25697360406283
*N1C(=O)c2c(C1=O)cc(cc2)Oc1c(cc(cc1C)C(c1cc(c(c(c1)C)Oc1cc2c(C(=O)N(C2=O)c2ccc(cc2)Oc2c(cc(cc2)Oc2ccc(cc2)*)C(C)(C)C)cc1)C)(C)C)C,tg,244.0,254.35450684655737,253.22908676270322,253.94648694628458
*C(C*)(C(=O)Oc1ccc(cc1)CC#N)C,tg,128.0,83.43967375760587,109.18179713098509,92.77245425646339
*OP(=O)(Oc1ccc(cc1)S(=O)(=O)c1ccc(cc1)*)Oc1ccc(cc1)Br,tg,89.0,95.96525703921752,105.42988378224648,99.39664778407163
*Oc1cc(ccc1)Oc1ccc(cc1)C(=O)c1ccc(cc1)*,tg,123.0,131.3305189609995,120.45257443944367,127.38673130114329
*C(C*)OC(=O)c1ccc(cc1)OC(=O)CC,tg,71.5,59.141954536300354,52.43091244070737,56.708873088888275
*OCC(C*)(CSCC)CSCC,tg,-32.0,-17.00069242077522,-11.893411190202594,-15.149052834580042
*c1sc(cc1CCCCCC)*,tg,23.47,27.76100076608327,-22.450540628968557,9.556857791851224
*Oc1ccc(cc1)CC(NC(=O)Cc1ccc(cc1)OC(=O)CCC(=O)*)C(=O)OCCCCCC,tg,59.0,63.54292135390384,47.96254132564581,57.89427051094786
*c1c2C(=O)N(C(=O)c2c(c2ccccc12)c1ccc(cc1)Oc1ccc(cc1)S(=O)(=O)c1ccc(cc1)Oc1ccc(cc1)*)C,tg,314.0,290.2105993705093,293.4627793878944,291.3896739093414
*Oc1cc(ccc1)OCC(COc1ccc(cc1)C(c1ccc(cc1)OCC(C*)O)(C)C)O,tg,83.0,77.24420753829122,60.57867207945002,71.20213470392139
*C(C*)C(=O)c1ccc(cc1)Br,tg,101.5,105.14479282752755,91.34382863587437,100.14126737606891
*C(C*)c1c(ccc(c1)C(=O)Oc1ccc(cc1)OCCCCCCCCCCCCCC)C(=O)Oc1ccc(cc1)OCCCCCCCCCCCCCC,tg,104.0,98.99233979288071,98.18120204156007,98.69826263080633
*OC(=O)NC1CC(CC(C1)(CNC(=O)OCCN(CC*)c1ccc(cc1)C=C(C#N)C#N)C)(C)C,tg,141.0,84.3554131650412,134.21892838021745,102.43337960373564
*NC(=O)CCCCCCCCCCCCCCCCC(=O)NCCCCCCCCCCCCCCCCCC*,tg,50.0,41.74405059902369,47.646580989170886,43.88400695460727
*OCC(C*)(CS(=O)(=O)CC)CS(=O)(=O)CC,tg,84.0,33.59017207090335,29.219145800566178,32.00546096746801
*OC(CC*)C,tg,-50.0,-63.98571189049778,-57.213968736974735,-61.530623336620835
*N1C(=O)c2c(C1=O)c(ccc2)c1cc2c(C(=O)N(C2=O)c2cc(c(cc2)c2c(cc(cc2)*)C)C)cc1,tg,372.0,368.4951965675088,361.29406990515537,365.88443546169754
*N1C(=O)c2c(C1=O)cc(cc2)Oc1cc2c(C(=O)N(C2=O)c2ccc(cc2)C(c2ccc(cc2)*)(c2ccccc2)C(F)(F)F)cc1,tg,293.0,285.1314106145407,279.4066689056242,283.0559113634874
*Oc1ccc(cc1)S(=O)(=O)c1ccc(cc1)Oc1c(cc(cc1C)C(c1cc(c(c(c1)C)*)C)(C)C)C,tg,233.29,222.06701045575545,228.47362000437127,224.3897201946478
*NC(C(=O)*)CCC(=O)OCCCCCC,tg,-48.33,-25.52479826263766,-50.22020689729091,-34.47809340359533
*OS(=O)(=O)c1c(ccc(c1)S(=O)(=O)Oc1ccc(cc1)C1(CCCC1)c1ccc(cc1)*)C,tg,134.0,159.79544019113982,172.2189407103233,164.29956759707423
*c1oc2c(n1)cc(cc2)S(=O)(=O)c1cc2c(oc(n2)C2CCC(CC2)*)cc1,tg,296.0,261.4143950518309,220.92810331235202,246.7361313928194
*N1C(=O)c2c(C1=O)cc(cc2)c1ccc(cc1)c1cc2c(C(=O)N(C2=O)CCCCCCCC*)cc1,tg,120.0,142.65748391917234,135.98801700682668,140.23947551192168
*Oc1c(cc(cc1C)C(c1cc(c(c(c1)C)OC(=O)CCCCC(=O)*)C)(C)C)C,tg,93.0,91.24379146549302,96.55955615810349,93.17101651760409
*c1cc2c(C(=O)N(C2=O)c2c(ccc(c2)c2cc(c(cc2)O)N2C(=O)c3c(C2=O)cc(cc3)C(*)(C(F)(F)F)C(F)(F)F)O)cc1,tg,350.0,321.6073115489611,334.620591946412,326.3252630465089
*Oc1ccc(cc1)S(=O)(=O)c1ccc(cc1)Oc1ccc(cc1)C(c1ccc(cc1)OCCCCOc1ccc(cc1)C(c1ccc(cc1)*)(C)C)(C)C,tg,140.0,131.51931294412896,114.58690943928717,125.38048737264585
*N1C(=O)C2C(C1=O)C(=CC(C2)C1C(=O)N(C(=O)C1)c1ccc(cc1)*)C,tg,327.0,249.4937282196795,280.42171328223026,260.7066375696217
*c1cc2c(C(=O)N(C2=O)c2cc(cc(c2)c2oc3c(n2)cccc3)N2C(=O)c3c(C2=O)cc(cc3)C(=O)Nc2nc(ccc2)NC(=O)*)cc1,tg,365.0,279.1036080348447,278.26370663044094,278.79910263976575
*N(c1ccc(cc1)c1cc2ccc3c(c2cc1c1ccc(cc1)*)cccc3)c1ccc(cc1)C,tg,126.0,294.34285349509605,224.96956986765343,269.1916404739724
*OC(=O)c1ccc(cc1)C(=O)OCC(C*)(C)C,tg,68.0,57.44901173147591,66.93074326540933,60.88660380077691
*Oc1ccc(cc1)NC(=O)c1c(cccc1)OCC(COc1ccc(cc1)C(c1ccc(cc1)OCC(C*)O)(C)C)O,tg,121.0,119.04544816134133,126.63303298937828,121.79631927983503
*Nc1cc(cc(c1)C(=O)OCCN(c1ccc(cc1)C#N)C)NC(=O)c1cc(cc(c1)OCCN(c1ccc(cc1)C#N)C)C(=O)*,tg,167.0,168.86601031882256,159.7773901382048,165.57094036857484
*OCCCNC(=O)c1ccc(cc1)C(=O)NCCC*,tg,72.0,110.23157498153545,114.95597406112944,111.94440103552182
*C1C2C(C(=O)N(C2=O)c2c(cccc2)C)C(C1)C=C*,tg,248.0,237.99115484576015,238.5766526599523,238.20342647942297
*Oc1ccc(cc1)OCC(COC(=O)CCCCCCCCCCC(=O)OCC(C*)O)O,tg,10.0,15.686978477038886,23.154593413825655,18.39435463417024
*N1C(=O)C(CC1=O)(SCCOCCSC1(C(=O)N(C(=O)C1)c1ccc(cc1)Cc1ccc(cc1)N1C(=O)C(C(C1=O)C)SCCOCCSC1C(=O)N(C(=O)C1C)c1ccc(cc1)Cc1ccc(cc1)*)C)C,tg,105.0,148.45882161173498,151.83016539801335,149.68109885309346
*c1c(c(cc(c1)N=Nc1ccc(cc1)OC)*)O,tg,134.0,166.04479387733383,164.23638329400882,165.3891564700702
*c1cc2c(C(=O)N(C2=O)c2ccc(cc2)C(=O)c2ccc(cc2)C(=O)c2ccc(cc2)N2C(=O)c3c(C2=O)cc(cc3)C(=O)c2ccc(cc2)C(=O)*)cc1,tg,260.0,256.4231793164661,260.5087604305577,257.9044025704703
*c1cc2c(C(=O)N(C2=O)c2c(cc(cc2C)c2cc(c(c(c2)C)N2C(=O)c3c(C2=O)cc(cc3)C(=O)Oc2c(cc(cc2C)C(c2cc(c(c(c2)C)OC(=O)*)C)(C(F)(F)F)C(F)(F)F)C)C)C)cc1,tg,327.0,272.233696638672,280.85232922389025,275.3583730669314
*C(C*)(C(=O)OCCCCCCCCCCOc1ccc(cc1)OC(=O)c1ccc(cc1)OCCCC)C,tg,31.0,28.347341161359857,47.993350372606756,35.46998170610646
*Oc1ccc(cc1)N1ON1c1ccc(cc1)OCCCCCCOC(=O)C(C(=O)OCCCCCC*)CCCCCCCCCCBr,tg,16.0,10.701482588072802,7.693765200761388,9.611037725726945
*C1=C(C(=O)N(C1=O)CCCCCCCC)c1ccc(cc1)c1cc2C(c3c(c2cc1)ccc(c3)c1ccc(cc1)*)(CCCCCC)CCCCCC,tg,122.0,126.08614414365516,133.90468047686244,128.92074649412115
*c1c2C(=O)N(C(=O)c2c(c2ccccc12)c1ccc(cc1)Oc1c(cc(cc1)c1ccc(cc1)c1cc(c(cc1)Oc1ccc(cc1)*)C(F)(F)F)C(F)(F)F)c1ccccc1,tg,317.0,270.7198507910641,278.59677319060097,273.5756209501581
*c1ccc(cc1)C=C1C(=O)C(=Cc2ccc(cc2)C(=O)c2cc(ccc2)C(=O)*)CC1,tg,190.0,177.4765235643879,185.44966304804112,180.36717712891326
*Oc1ccc(cc1)C(=O)c1ccc(cc1)OC(=O)c1ccc(cc1)C(c1ccc(cc1)C(=O)*)(C)C,tg,126.0,192.09240319194816,193.2866314159338,192.52536941304572
*OC(=O)OCC(CS(=O)(=O)CC(C*)(C)C)(C)C,tg,50.0,64.56404706688548,47.61733492937872,58.42003391526516
*Oc1ccc(cc1)/C(=C/c1ccc(cc1)OCCOCCOCC*)/C,tg,15.33,27.996063469242703,43.2536163753325,33.52767366925819
*C1COC2C1OCC2Oc1ccc(cc1)NC(=O)c1cc(ccc1)C(=O)Nc1ccc(cc1)O*,tg,108.33,199.09187850581048,170.61760431400992,188.76855952229678
*c1c(c2c(C(=O)N(C2=O)c2ccc(cc2)Oc2ccc(cc2)N2C(=O)c3c(C2=O)c(c(cc3)C(=O)*)OCc2c(cccc2)[N+](=O)[O-])cc1)OCc1c(cccc1)[N+](=O)[O-],tg,198.0,238.92063080393973,240.05728746807313,239.33272451489955
*c1cc2c(C(=O)N(C2=O)c2cc(ccc2)C(=O)Nc2ccc(cc2)Oc2ccc(cc2)NC(=O)c2cc(ccc2)N2C(=O)c3c(C2=O)cc(cc3)C(*)(C(F)(F)F)C(F)(F)F)cc1,tg,298.0,274.71184845727515,285.29436039969073,278.5485273377454
*Nc1c(cc(c(c1)[N+](=O)[O-])NC(=O)CCCCCCCCC(=O)*)C=Cc1ccc(cc1)N(C)C,tg,159.0,168.82023547978812,167.46799522769243,168.32998215952088
*Oc1c(cc(cc1)Oc1ccc(cc1)C(=O)c1ccc(cc1)*)c1cc(cc(c1)C(F)(F)F)C(F)(F)F,tg,146.0,179.12304326245044,153.11012768784846,169.69208732801766
*Oc1ccc(cc1)C(c1ccc(cc1)OC(=O)c1cc(ccc1)C(=O)*)(C)C,tg,166.08,163.05410664265818,170.87485509736123,165.88951099550982
*Nc1ccc(cc1)c1ccc(cc1)NC(=O)Cc1c(cc(c(c1)CC(=O)*)C)C,tg,230.0,213.79961676878995,226.46697777611533,218.39215554526913
*c1oc2c(n1)cc(cc2)NC(=O)CCCCC(=O)Nc1cc2c(oc(n2)CCCCCCCC*)cc1,tg,87.2,126.45351383908924,136.9798769441441,130.2698360160058
*Oc1ccc(cc1)NC(=O)c1ccc(cc1)Oc1ccc(cc1)C(c1cc(ccc1)C(c1ccc(cc1)Oc1ccc(cc1)C(=O)Nc1ccc(cc1)Oc1ccc(cc1)C(c1ccc(cc1)*)(C)C)(C)C)(C)C,tg,147.0,152.54775387169607,155.86163453108904,153.74919791517803
*N1C(=O)c2c(C1=O)cc(cc2)C(=O)Oc1cc2c(cc1)ccc(c2)OC(=O)CCCCCCCCCCC*,tg,98.0,80.61783634902694,101.52410193675185,88.19738155402072
*N1C(=O)c2c(C1=O)cc(cc2)Oc1cc2c(C(=O)N(C2=O)c2ccc(cc2)c2cc(c(cc2)Oc2cc3c(C(CC3(c3ccc(cc3)Oc3c(cc(cc3)c3ccc(cc3)*)C(F)(F)F)C)(C)C)cc2)C(F)(F)F)cc1,tg,249.0,236.85213373964152,247.76204020811215,240.80750917065967
*Oc1c(cc(cc1)OC(=O)c1c(cc(c(c1)OCCCc1ccccc1)C(=O)*)OCCCc1ccccc1)C,tg,91.0,88.90563607553885,88.53707550348634,88.77201481712098
*c1cc2c(C(=O)N(C2=O)c2c(ccc(c2)N2C(=O)c3c(C2=O)cc(cc3)C(=O)*)Cl)cc1,tg,305.0,330.0999572518487,319.1355464349592,326.12482132506074
*O[Si](*)(CCCOc1ccc(cc1)C(=O)Oc1ccc(cc1)c1ccc(cc1)OC(=O)c1cc(c(c(c1)OCC(CC)C)OCC(CC)C)OCC(CC)C)C,tg,57.67,66.70387406494011,50.40759863705116,60.79567607709683
*C1(OC(OC1*)(C(F)(F)F)C(F)(F)F)F,tg,256.0,123.99902238056464,131.67740759863378,126.78281308758994
*C1C(=O)N(C(=O)C1*)c1cc(c(c(c1)Br)O[Si](c1ccccc1)(c1ccccc1)c1ccccc1)Br,tg,179.0,199.00855620794644,178.90040808992845,191.71836767524573
*C(C*)C(=O)OCC(C(C(C(F)F)(F)F)(F)F)(F)F,tg,-35.0,-39.24663328675633,-39.863358280288736,-39.470226302348415
*C(C*)C(=O)OCCOc1ccc(cc1)C(=O)Oc1ccc(cc1)OC(=O)c1ccc(cc1)OCCCC,tg,45.0,47.7487792218083,40.05030608202069,44.95770565931079
*C(C*)(C(=O)OCCC1CCN(CC1)CCCCCCOc1ccc(cc1)N=Nc1ccc(cc1)[N+](=O)[O-])C,tg,27.0,66.35536884424586,84.26623380466067,72.84893461563415
*NC(=O)C(=CC(=O)NCc1cc(ccc1)C*)C,tg,135.0,120.82396362822844,112.58052994108677,117.83531517669702
*OP(=O)(Oc1c(cc(cc1C)S(=O)(=O)c1cc(c(c(c1)C)*)C)C)Oc1ccc(cc1)C,tg,128.0,151.1553344376765,131.4421197277323,144.0083286081179
*Oc1ccc(cc1)C(c1ccc(cc1)OCC(C*)OC(=O)CC)(C)C,tg,60.0,64.56751308482274,61.407061929390345,63.42169475106735
*C(C*)C(=O)N(C)C,tg,113.45,90.9657329913473,23.476105959638677,66.4974377423213
*C(C*)(Cl)Cl,tg,-11.96,16.32231399191249,49.4363863192422,28.327787043675375
*c1cc2c(C(=O)N(C2=O)c2ccc(cc2)Oc2c3c(ccc2)c(ccc3)Oc2ccc(cc2)N2C(=O)c3c(C2=O)cc(cc3)C(=O)Nc2cc(ccc2)NC(=O)*)cc1,tg,263.0,285.03394420855915,294.20981394107105,288.3606463946035
*C(C*)c1ccc(cc1)CCCCCCCCCC,tg,-65.0,-18.790021646854186,-29.427663098083954,-22.646687674356134
*C(C*)c1cc(ccc1)O,tg,162.0,113.3912135889611,100.07318254237742,108.56277505528243
*Oc1ccc(cc1)S(=O)(=O)c1ccc(cc1)Oc1ccc(cc1)C(c1ccc(cc1)*)c1c(cccc1)C(=O)O,tg,223.0,216.36929728293808,244.04370286586942,226.4026247204466
*c1sc(cc1)CC*,tg,22.33,25.683985640029395,56.62982942649457,36.90336965206011
*C(C*)(C(=O)OCCCCCCOc1ccc(cc1)c1ccc(cc1)C#N)C,tg,58.6,52.11609887284944,54.686511770969595,53.04799943993302
*C1C(=O)N(C(=O)C1*)c1c(cccc1)C(=O)OC,tg,259.0,241.50680659678775,264.91986283039364,249.9951861863914
*N1C(=O)c2c(C1=O)cc(cc2)NC(=O)Nc1ccc(cc1)Oc1ccc(cc1)NC(=O)Nc1cc2c(C(=O)N(C2=O)c2ccc(cc2)c2nc(cc(c2)c2ccc(cc2)c2ccccc2)c2ccc(cc2)*)cc1,tg,241.0,257.78922459027945,257.1032847751554,257.54053781191527
*c1nc(nc(n1)C(C(C(C(C(C(*)(F)F)(F)F)(F)F)(F)F)(F)F)(F)F)C(C(C(F)(F)F)(F)F)(F)F,tg,-11.0,81.20985810439464,62.18057880183323,74.31081235722385
*OCCOCCOCCCNC(=O)CNC(=O)C(NC(=O)CCCCCCCCC(=O)NC(C(=O)NCC(=O)NCCC*)Cc1ccccc1)Cc1ccccc1,tg,36.0,59.143120324887526,43.05026283385183,53.308671301985704
*c1cc2c(C(=O)N(C2=O)c2ccc(cc2)c2ccc(cc2)NC(=O)c2cc(ccc2)C(=O)Nc2ccc(cc2)c2ccc(cc2)N2C(=O)c3c(C2=O)cc(cc3)C(=O)*)cc1,tg,238.0,268.83548712775536,279.8705930283951,272.836253484847
*OC(COC(=O)*)COCC,tg,-5.0,-23.222732599174687,-17.739335249749722,-21.234732498797484
*N1C(=O)c2c(C1=O)cc(cc2)Oc1cc2c(C(=O)N(C2=O)CCCCCCCCCCCC*)cc1,tg,70.0,80.83809632260399,119.54973105354517,94.87295989836643
*c1ccc2c3n(c4ccc(cc4n3)c3cc4n5c(nc4cc3)c3cccc4c(ccc(c5=O)c34)Oc3ccc(cc3)S(=O)(=O)c3ccc(cc3)O*)c(=O)c3cccc1c23,tg,415.0,384.4773875974902,387.9733230500697,385.74483542002844
*C(C*)C(=O)OCCOc1ccc(cc1)C(=O)Oc1ccc(cc1)OC(=O)c1ccc(cc1)OCCCCC,tg,46.0,43.50273738711282,36.023751606826906,40.79123874230145
*SC1C(CCCC1)*,tg,-45.0,93.02074909183348,79.43977927918306,88.0969823774625
*SSCCCCCC*,tg,-74.0,-68.73412732462275,-73.8115437797412,-70.57493946702401
*c1cc2c(C(=O)N(C2=O)c2ccc(cc2)Oc2ccc(cc2)N2C(=O)c3c(C2=O)cc(cc3)C(=O)Oc2ccc(cc2)OC(=O)*)cc1,tg,267.5,237.3317252656021,229.98264229587994,234.6673227518904
*N1C(=O)c2c(C1=O)cc(cc2)S(=O)(=O)c1cc2c(C(=O)N(C2=O)c2ccc(cc2)Cc2ccc(cc2)*)cc1,tg,314.0,298.4362039166403,288.83597941013346,294.9556523413326
*OP(=O)(Oc1ccc(cc1)C(c1ccc(cc1)*)(C)C)Oc1ccccc1,tg,74.5,79.03188696133434,79.30612108381294,79.1313102619404
*c1cc2c(C(=O)N(C2=O)c2ccc(cc2)S(=O)(=O)c2ccc(cc2)N2C(=O)c3c(C2=O)cc(cc3)C(*)(C(F)(F)F)C(F)(F)F)cc1,tg,330.67,311.8647575763577,316.770983401033,313.64350473079304
*NC1CCC(CC1)CC1CCC(CC1)NC(=O)CCCCC(=O)*,tg,173.33,135.16743747613324,153.96160317319467,141.98124302611444
*OC(C*)COCOCC(C)([N+](=O)[O-])[N+](=O)[O-],tg,-17.5,7.812672637209182,-8.280690665114284,1.9780402329423352
*C(C*)c1c(ccc(c1)C(=O)OCCCCCC)c1ccc(cc1)OCCCCCCCC,tg,64.0,83.5805003586038,80.06519306054636,82.30602929330198
*C1C(=CC)CC(C1)C=C*,tg,118.43,94.76715054584284,96.32573147354752,95.33221246699796
*C(C*)(CC(=O)OC)C(=O)OC,tg,80.04,74.76089993835238,88.46253611498021,79.7284141195606
*C1=CC(=C(C#N)C#N)C=C(O1)C=Cc1sc(cc1)c1ccc(cc1)C(=Cc1cc2C(c3c(c2cc1)ccc(c3)C=C(c1ccc(cc1)c1sc(cc1)C=C*)C#N)(CC)CC)C#N,tg,144.0,235.6870250628766,170.85493370899877,212.1822166556053
*Oc1c(cc(cc1Cl)C1(CCCCC1)c1cc(c(c(c1)Cl)OC(=O)*)Cl)Cl,tg,163.0,223.6315407123269,235.61024117544974,227.97440631289734
*Oc1ccc(cc1)C(=O)OCCOCCOCCOC(=O)c1ccc(cc1)OC(=O)c1ccc(cc1)C(=O)*,tg,25.0,62.45292563983562,84.97888230452138,70.61968818809122
*C(C*)(C(=O)Oc1ccccc1)C,tg,111.1,106.76532882506288,108.45089810307024,107.37643024273105
*C(C*)(C(=O)OC1CCOCC1)C,tg,153.5,109.76061006451285,102.45154869921429,107.11071734254908
*c1nc(ccc1)Oc1ccc(cc1)Oc1ccc(cc1)P(=O)(c1ccc(cc1)Oc1ccc(cc1)O*)c1ccccc1,tg,164.0,164.47906064656567,156.35537904016203,161.53382818941822
*Oc1ccc(cc1)C(=O)c1ccc(cc1)OCCCCCCOC(=O)OCCCCCOC(=O)OCCCCCC*,tg,-0.2,-2.568195203558151,-3.9401265909923664,-3.0655875248014537
*c1ncc(cc1)c1sc(c(c1)CCCCCCCC)c1ccc(cc1)c1sc(cc1CCCCCCCC)*,tg,16.2,40.35876896180043,41.727792213453704,40.85510694139092
*c1ccc2c(nc([nH]2)c2ccc(cc2)C(=O)Nc2cc(ccc2)C(=O)Nc2cc(ccc2)NC(=O)*)c1,tg,292.0,292.33634345188517,303.7542043660166,296.4758772476198
*N1C(=O)c2c(C1=O)cc(cc2)c1ccc(cc1)c1ccc(cc1)c1ccc(cc1)c1ccc(cc1)c1cc2c(C(=O)N(C2=O)c2ccc(cc2)Cc2ccc(cc2)*)cc1,tg,244.0,269.81611484731457,294.76966673616346,278.8629995610408
*c1ccc(cc1)c1c(cc(c(c1c1ccccc1)c1ccccc1)c1cc(ccc1)c1c(c(c(c(c1)c1ccccc1)c1ccc(cc1)CCCC*)c1ccccc1)c1ccccc1)c1ccccc1,tg,180.0,209.44166152940525,223.76685326812503,214.63524514185025
*c1c2C(=O)N(C(=O)c2c(c2ccccc12)c1ccc(cc1)Oc1c(cc(cc1)c1cc(ccc1)c1cc(c(cc1)Oc1ccc(cc1)*)C(F)(F)F)C(F)(F)F)c1ccccc1,tg,271.0,302.75782561788714,296.8959897899493,300.6326230342084
*C(C*)OC(=O)C1(C(C(C(C(C1(F)F)(F)F)(F)F)(F)F)(F)F)F,tg,54.0,117.36594870050725,97.82953595880785,110.28304224369508
*C(C*)(C(=O)OCc1sccc1)C,tg,66.0,73.9899006684472,84.31191953636629,77.73213805120236
*N=P(*)(OCC=Cc1ccccc1)OCC=Cc1ccccc1,tg,1.0,-17.12206559558197,34.70797374383752,1.6688621529106262
*OC(=O)NCCCCCCNC(=O)OCCCCCOC(=O)c1c(cccc1)C(=O)O[Cd]OC(=O)c1c(cccc1)C(=O)OCCCCC*,tg,-6.8,6.987076825093183,5.966367250210839,6.617019612745648
*Oc1ccc(cc1)C(=O)Nc1cc(ccc1)P(=O)(c1cc(ccc1)NC(=O)c1ccc(cc1)OCCCC*)c1ccccc1,tg,181.75,148.6694915563665,148.3918480093659,148.56883217238732
*Oc1c(cc(cc1)C(=O)c1cc(ccc1)C(=O)c1cc(c(cc1)*)CC)CC,tg,126.0,131.8119557880428,139.05136851475672,134.43659746732737
*c1cc2c(C(=O)N(C2=O)c2cc(ccc2)OCCOc2cc(ccc2)N2C(=O)c3c(C2=O)cc(cc3)C(=O)*)cc1,tg,191.0,200.787720632834,203.26555282745056,201.68605616055794
*Oc1cc2c(cc1)ccc(c2)Oc1ccc(cc1)C(=Nc1ccc(cc1)N=C(c1ccc(cc1)*)c1ccccc1)c1ccccc1,tg,171.0,194.0824864605861,155.65759956939883,180.15158302082833
*Oc1c(cc(cc1)NC(=O)NC1CC(CC(C1)(CNC(=O)Nc1cc(c(cc1)*)c1ccc(cc1)Oc1ccccc1)C)(C)C)c1ccc(cc1)Oc1ccccc1,tg,281.0,216.5027018251325,219.3790850081473,217.545531606045
*c1nc(ccc1)c1cc(c(cc1)Oc1ccc(cc1)C(c1ccc(cc1)Oc1c(cc(cc1)*)C(F)(F)F)(C)C)C(F)(F)F,tg,121.0,148.0110930680413,145.97772678666408,147.2738982025433
*Oc1ccc(cc1)c1ccc(cc1)OC(=O)c1cc(ccc1)C(=O)*,tg,185.5,193.33122285736133,200.9115756045865,196.079471992354
*OC(*)CCCCCC,tg,-116.0,-63.88421439641261,-64.05295734825472,-63.945391981005365
*c1cc2c(C(=O)N(C2=O)c2c(ccc(c2)C(=O)Nc2c3c(ccc2)c(ccc3)NC(=O)c2cc(c(cc2)C)N2C(=O)c3c(C2=O)cc(cc3)C(*)(C(F)(F)F)C(F)(F)F)C)cc1,tg,250.0,302.61178200055224,350.3186051538794,319.90784193818155
*C1COC2C1OCC2OC(=O)CNC(=O)CCCCCCCCC(=O)NCC(=O)O*,tg,66.0,55.34080287288363,57.71246239479581,56.20064560671659
*Nc1ccc(cc1)C(c1ccc(cc1)NC(=O)c1cc(ccc1)C(=O)*)(P1(=O)c2ccccc2c2ccccc2O1)P1(=O)c2ccccc2c2ccccc2O1,tg,230.0,250.34267759952343,229.00799944844027,242.60781185788312
*C(C*)(C(=O)OC1CC(CC(C1)C)(C)C)C,tg,125.0,129.78619359345808,148.2684275835276,136.48690862212666
*OC(=O)NCCCCCCNC(=O)OCCCCC*,tg,33.0,22.25072485520531,46.550194185158105,31.06047260622774
*c1c(cc(cc1)C=C*)OCc1cc(cc(c1)OCC(CCCC)CC)OCCC(CCCC(C)C)C,tg,227.0,55.91952171206924,80.73915315630948,64.9178537055822
*C(C*)c1c(cc(c(c1)C)C)C,tg,104.0,138.84694771849786,120.7565836503919,132.28830472921567
*OC(=O)Nc1c(cc(cc1)c1cc(c(cc1)NC(=O)OCCN(CC*)c1ccc(cc1)N=Nc1ccc(cc1)[N+](=O)[O-])C)C,tg,119.5,154.33670701242556,167.03454251972468,158.94029428769957
*OP(=O)(N=Nc1ccc(cc1)CCOC(=O)c1cc(cc(c1)C(C)(C)C)C(=O)OCCc1ccc(cc1)N=NP(=O)(OCCCCCC*)OC)OC,tg,47.0,42.027259886719584,47.5223157468277,44.01948676822013
*C(C(*)c1ccc(cc1)N(C)C)c1ccc(cc1)[N+](=O)[O-],tg,139.0,156.55267475817962,158.8805973239029,157.39666070328235
*OC(=O)CCCCCC(=O)OCC*,tg,-54.0,-54.507803697968704,-51.538816974631665,-53.431400598231356
*c1oc(nn1)c1ccc(cc1)NC(=O)c1c(cc(cc1)*)Oc1ccccc1,tg,235.0,233.6953186829721,255.38914205838125,241.56039215834252
*c1nnc(nc1c1ccc(cc1)Oc1ccc(cc1)C(c1ccc(cc1)Oc1ccc(cc1)*)(c1ccccc1)C)c1ncccc1,tg,232.0,228.14963010573217,228.55431776866848,228.29634920399766
*c1cc2c(nc(cc2c2ccccc2)c2cc(ccc2)c2nc3c(c(c2)c2ccccc2)cc(cc3)c2ccc(cc2)OCCCCCCCCCCCOc2ccc(cc2)*)cc1,tg,133.5,140.75640372550154,180.81907064344156,155.28108263876607
*c1nc2c(c(c1)c1ccccc1)cc(cc2)Oc1cc2c(nc(cc2c2ccccc2)c2c(ccc(c2)*)OCCN(c2ccc(cc2)C(=C(C#N)C#N)C#N)CC)cc1,tg,200.0,245.4257535196764,186.3164356515489,223.99573078616277
*c1nc2c(c(c1)c1ccccc1)cc(cc2)Oc1cc2c(nc(cc2c2ccccc2)c2ccc(cc2)C2(c3ccccc3C(=O)c3ccccc23)c2ccc(cc2)*)cc1,tg,340.0,362.32812338120806,358.7537010581243,361.0322202240484
*C(C*)(C(=O)OC1CCCCCCCCCCC1)C,tg,56.0,63.49712245811816,82.31689763233909,70.32021269784904
*c1oc(nn1)c1ccc(cc1)Oc1ccc(cc1)NC(=O)CN1C(=O)c2c(C1=O)cc(cc2)C(c1cc2c(C(=O)N(C2=O)CC(=O)Nc2ccc(cc2)Oc2ccc(cc2)*)cc1)(C(F)(F)F)C(F)(F)F,tg,263.0,255.8006765340106,262.8819956474971,258.36800153552457
*C(=CCC*)C(C)C,tg,-47.0,-14.6415766091795,2.8221366940950388,-8.310125213721303
*C1C(C(C(C1)C=C*)(F)F)(C(F)(F)F)C(F)(F)F,tg,172.5,121.9864042245958,125.71188798252932,123.33707455044811
*NC(=O)C(C(C(=O)NCCCCCCCC*)OC)OC,tg,89.0,84.81946785311152,89.46644665421015,86.50422526431821
*c1ccc2c(nc([nH]2)c2cc(cc(c2)N2C(=O)c3c(C2=O)cccc3)c2nc3c([nH]2)ccc(c3)C(=O)Nc2nc(ccc2)NC(=O)*)c1,tg,312.0,334.32219252255004,309.73963147458494,325.4098101587208
*C(C*)c1ccc(cc1)COCCC(C(C(C(F)(F)F)(F)F)(F)F)(F)F,tg,13.0,32.303980525491475,39.57217514688512,34.93905705125281
*Nc1ccc(cc1)Cc1ccc(cc1)NC(=O)NCCCCCCCCCCCCCCCCCCNC(=O)*,tg,48.0,58.63484886289964,57.3373046388988,58.16442553167269
*c1cc2c(C(=O)N(C2=O)c2ccc(cc2)N2C(=O)c3c(C2=O)cc(cc3)C(=O)*)cc1,tg,328.57,342.04301258576237,336.0166710810101,339.8581686372181
*O[Si](COC(=O)CCCCCCCCC(=O)Oc1ccc(cc1)S(=O)(=O)c1ccc(cc1)Oc1ccc(cc1)C=C1C(=O)C(=Cc2ccc(cc2)Oc2ccc(cc2)S(=O)(=O)c2ccc(cc2)OC(=O)CCCCCCCCC(=O)OC[Si](*)(C)C)CCCC1)(C)C,tg,81.0,81.89406694818479,33.382526683853634,64.30625764506058
*N1C(=O)C2C3C4C(C(C2C1=O)C=C3)C(=O)N(C4=O)c1ccc(cc1)Sc1cc2c(C(=O)N(C2=O)CCN(C)C)cc1Sc1ccc(cc1)*,tg,310.0,241.93651516288656,231.2654198374349,238.0677204675036
*N=P(*)(Oc1ccc(cc1)C)Oc1ccc(cc1)C,tg,0.3,-11.471920850088113,-16.37261185471698,-13.248661361176833
*Oc1ccc(cc1)OC(=O)c1ccc(cc1)[Si](c1ccc(cc1)C(=O)*)(C)C,tg,176.0,173.20910061003428,197.06148603844582,181.85675854984976
*Oc1ccc(cc1)Oc1ccc(cc1)OC(=O)c1ccc(cc1)C(c1ccc(cc1)C(=O)*)(C(F)(F)F)C(F)(F)F,tg,215.0,160.4425891676278,163.5522024271963,161.56997627423698
*OC(=O)NCCCCCCNC(=O)OCCN(CC*)c1ccccc1,tg,31.9,43.21224174872899,40.27298053361821,42.14661560159453
*OC(=O)c1c(cccc1)C(=O)OCCCCCCCCCC*,tg,-14.0,-14.297762610527572,-14.707757315974218,-14.446405771626875
*c1cc2c(C(=O)N(C2=O)c2ccc(cc2)Oc2ccc(cc2)N2C(=O)c3c(C2=O)cc(cc3)C(=O)Nc2ccc(cc2)Oc2ccc(cc2)NC(=O)*)cc1,tg,282.0,266.7393275255033,266.71744270883374,266.7313932076045
*c1cc2c(C(=O)N(C2=O)c2cc(c(c(c2)Br)Oc2c(cc(cc2Br)N2C(=O)c3c(C2=O)cc(cc3)C(*)(C(F)(F)F)C(F)(F)F)Br)Br)cc1,tg,303.0,297.4345918385566,294.6203391277019,296.4142873967761
*C(C*)(C(=O)OCC1OCCOCCOCCOC1)C,tg,35.0,53.448595668989434,71.91454733926186,60.14340755926982
*O[Si](O[Si](O[Si](O[Si](Oc1c2ccccc2c2ccccc2c1*)(C)C)(C)C)(C)C)(C)C,tg,-35.0,-31.359533452914917,-46.25240196107235,-36.75892769747506
*Oc1ccc(cc1)C(=O)OC(=O)c1ccc(cc1)OCCOCC*,tg,41.0,50.33238238853466,52.86407474230531,51.25024486186938
*C(C*)c1ccc(cc1)C([Si](C)(C)C)[Si](C)(C)C,tg,156.0,94.43263829562112,129.30731630980097,107.07641713832761
*O[Si](O[Si](O[Si](O[Si](O[Si](Oc1c2ccccc2c2ccccc2c1*)(C)C)(C)C)(C)C)(C)C)(C)C,tg,-38.0,-22.160340037982333,-25.248720023879688,-23.28002904294032
*c1nc2c(c(c1)c1ccccc1)cc(cc2)c1cc2c(nc(cc2c2ccccc2)c2ccc(cc2)Oc2ccc(cc2)*)cc1,tg,286.67,351.77709734698306,323.7528100263786,341.61692064335546
*C(C*)(C(=O)Oc1ccc(cc1)C(=O)Oc1ccc(cc1)Oc1ccccc1)C,tg,74.0,110.8667799909291,105.96950871333837,109.09127929838023
*N1C(=O)c2c(C1=O)cc(cc2)[Si](O[Si](c1cc2c(C(=O)N(C2=O)c2cc(ccc2)Cc2cc(ccc2)*)cc1)(C)C)(C)C,tg,217.0,201.12572797239056,195.0461216559235,198.9215729208407
*Oc1ccc(cc1)C(=O)Nc1c(cc(cc1)Br)c1ccc(cc1)NC(=O)c1ccc(cc1)*,tg,267.0,232.29531204099897,248.4550752199177,238.1540176526088
*N1C(=O)c2c(C1=O)cc(cc2)c1cc2c(C(=O)N(C2=O)c2ccc(cc2)Oc2c(cc(cc2C(C)(C)C)c2ccc(cc2)*)C(C)(C)C)cc1,tg,381.5,339.1538040068629,320.19599643825455,332.2806702637324
*c1cc2c(C(=O)N(C2=O)c2ccc(cc2)NC(=O)C(C(C(C(C(=O)Nc2ccc(cc2)N2C(=O)c3c(C2=O)cc(cc3)C(*)(C(F)(F)F)C(F)(F)F)(F)F)(F)F)(F)F)(F)F)cc1,tg,285.0,231.2130262413144,274.10105246209525,246.76203627992373
*Nc1ccc(cc1)NC(=O)c1ccc(cc1)NC(=O)c1ccc(cc1)[Si](c1ccc(cc1)C(=O)Nc1ccc(cc1)C(=O)*)(C)C,tg,338.0,298.9533708755344,304.275584151008,300.88293385476663
*Oc1ccc(cc1)N(c1ccc(cc1)/C=C(/C(=O)NC1C(CCCC1)NC(=O)/C(=C/c1ccc(cc1)N(c1ccc(cc1)*)CC)/C#N)\C#N)CC,tg,235.0,223.51102064246052,202.2324624621525,215.79650113882278
*c1nc2c(nc1)cc(cc2)Oc1cc2c(nc(cn2)c2ccc(cc2)c2ccc(cc2)*)cc1,tg,390.0,319.4034631861857,310.2157787314992,316.07247758470163
*N1C(=O)c2c(C1=O)c(ccc2)c1cc2c(C(=O)N(C2=O)c2cc(ccc2)OCCCCCOc2cc(ccc2)*)cc1,tg,168.0,171.98955299155614,143.5171548097982,161.66691415356453
*c1nc(ccc1)Oc1ccc(cc1)Oc1ccc(cc1)C(=O)c1ccc(cc1)Oc1ccc(cc1)O*,tg,124.0,134.49070380080718,129.37500742971685,132.6360133140247
*C1OC(C(C(C1N)O)O*)CO,tg,122.0,185.2183777089104,133.81055141949514,166.58052286983903
*Oc1ccc(cc1)S(=O)(=O)c1ccc(cc1)OCC(CN(S(=O)(=O)c1cc(ccc1)S(=O)(=O)N(CC(C*)O)C)C)O,tg,100.0,96.32582698749928,90.6184351937249,94.25661793043444
*c1cc2c(C(=O)N(C2=O)c2cc(ccc2)P(=O)(c2cc(ccc2)N2C(=O)c3c(C2=O)cc(cc3)C(=O)Nc2ccc(cc2)S(=O)(=O)c2ccc(cc2)NC(=O)*)c2ccccc2)cc1,tg,241.0,248.1741619637616,260.81691188563025,252.75777801638174
*O[Si](O[Si](O[Si](O[Si](O[Si](OC(CCC(*)C)C)(C)C)(C)C)(C)C)(C)C)(C)C,tg,-106.0,-92.90142044572832,-89.89912958919538,-91.81294296656571
*Oc1ccc(cc1)C(=O)OCCCCOC(=O)c1ccc(cc1)*,tg,38.0,56.42422749004304,56.32857058410001,56.38954717663543
*c1[nH]nc(c1)c1ccc(cc1)Oc1ccc(cc1)C(=O)c1cc(ccc1)C(=O)c1ccc(cc1)Oc1ccc(cc1)*,tg,205.0,222.95854386158916,213.78797329628642,219.63376288319628
*C(C*)(C(=O)OCCCCCCOc1cc(ccc1)C(=O)Oc1ccc(cc1)C#N)C,tg,38.0,40.685599501901855,16.205093693286205,31.81021716071218
*c1cc2c(C(=O)N(C2=O)c2ccc(cc2)Oc2cc3c(cc2)ccc(c3)Oc2ccc(cc2)N2C(=O)c3c(C2=O)cc(cc3)C(=O)Nc2ccc(cc2)Oc2ccc(cc2)S(=O)(=O)c2ccc(cc2)Oc2ccc(cc2)NC(=O)*)cc1,tg,274.0,251.48653339922257,282.5879369663231,262.7623154506094
*C(C*)c1ccc(cc1)C(CC)(O)C,tg,186.0,130.1724636693758,116.4071184425965,125.18185183719956
*Oc1ccc(cc1)Sc1ccc(cc1)Oc1c(cc(cc1)c1ccc(cc1)c1cc(c(cc1)*)C(F)(F)F)C(F)(F)F,tg,164.5,179.0368532939223,187.173765108551,181.98688234952937
*C(C*)c1c(cccc1)C(=O)OCC,tg,118.0,108.13953837079414,110.77754577083894,109.09594525541192
*Oc1c(c(cc(c1)Cl)Cl)*,tg,165.0,158.5206673824073,143.11733545196583,152.93620514622225
*Oc1ccc(cc1)OC(=O)/C=C/c1ccc(cc1)/C=C/C(=O)*,tg,210.0,169.8994397297338,204.0437542353295,182.27842602945063
*Oc1ccc(cc1)CC(NC(=O)Cc1ccc(cc1)OC(=O)COCCOCC(=O)*)C(=O)OCCCCCC,tg,31.0,30.984227614582593,24.068563309826857,28.476960594535033
*c1cc2c(C(=O)N(C2=O)c2cc(ccc2)Oc2c(c(ccc2)Oc2cc(ccc2)N2C(=O)c3c(C2=O)cc(cc3)C(=O)Nc2cc(ccc2)Oc2c(c(ccc2)Oc2cc(ccc2)NC(=O)*)C#N)C#N)cc1,tg,214.0,199.88094925766504,216.58911952302168,205.93847929752835
*O[Si](*)(CCCOCCOCCOCCOCCOCCOCCOC)CCCOCCOCCOCCOCCOCCOCCOC,tg,-68.9,-92.19780017787436,-76.91318485114502,-86.65637852493664
*C(C*)C(=O)OCC(CC)C,tg,-32.0,-39.89611762801731,-15.413620854016282,-31.020013464363615
*O[Si](O[Si](O[Si](O[Si](OC(CCCCC(*)C)C)(C)C)(C)C)(C)C)(C)C,tg,-98.0,-103.0853864882772,-109.17618353116694,-105.2935987262453
*c1cc2c(C(=O)N(C2=O)c2c(ccc(c2)N2C(=O)c3c(C2=O)cc(cc3)C(=O)Nc2ccc(cc2)Oc2ccc(cc2)C2(c3c(C(=O)N2)cccc3)c2ccc(cc2)Oc2ccc(cc2)NC(=O)*)C)cc1,tg,315.0,309.63155044573347,303.99053087779134,307.58640457125574
*C(C*)c1ccc(cc1)S(=O)(=O)N(S(=O)(=O)C(F)(F)F)[Li],tg,152.0,115.47907792991474,133.7253532826031,122.0942463959495
*c1sc(cc1)C(=O)Oc1ccc(cc1)[Si](c1ccc(cc1)OC(=O)*)(C)C,tg,-68.0,23.43884998271049,-19.636412655515187,7.821957572470098
*O[Si](*)(CCCOc1ccc(cc1)C(=O)Oc1ccc(cc1)OC)C,tg,8.7,14.519841090108844,30.404960175619888,20.278974766571576
*NC(=O)CCCCCCC*,tg,38.45,42.48306657701977,47.28194996360073,44.22289684031848
*N1C(=O)c2c(C1=O)cc(cc2)C(=O)Oc1ccc(cc1)C(c1ccc(cc1)C(c1ccc(cc1)OC(=O)CCCCC*)(C)C)(C)C,tg,104.0,126.98550947290536,96.94899172352318,116.09580068552097
*N1C(=O)c2c(C1=O)cc(cc2)c1cc2c(C(=O)N(C2=O)c2ccc(cc2)Oc2c(cc(cc2)Oc2ccc(cc2)*)C)cc1,tg,265.0,274.92110474471855,248.7512776766966,265.4332607088422
*c1c(nc2c(n1)cc(cc2)Oc1ccc(cc1)NC(=O)CN1C(=O)c2c(C1=O)cc(cc2)C(c1cc2c(C(=O)N(C2=O)CC(=O)Nc2ccc(cc2)Oc2cc3c(nc(c(n3)c3ccc(cc3)Oc3ccc(cc3)*)c3ccccc3)cc2)cc1)(C(F)(F)F)C(F)(F)F)c1ccccc1,tg,260.0,273.32859296989164,260.3301834376994,268.61603288933287
*C(C*)OC(=O)c1ccc(cc1)Cl,tg,70.25,75.21347494229572,77.15585072039039,75.91768129389769
*N(CC(C*)O)c1cc(c(c(c1)C)N=Nc1ccc(cc1)Cl)C,tg,150.0,162.40073205746876,147.32889743332413,156.93645383061178
*NC(=O)CCCCC(=O)NCCCCCCC*,tg,51.0,54.508990609177054,47.755888991922376,52.06066052520683
*C(C*)(C(=O)OCCOCCOCC[N+](CCCCS(=O)(=O)O)(CC)CC)C,tg,27.0,2.807863466820951,1.4476746664906268,2.314728408521337
*NC(=O)CCCCCCCCC(=O)NCCCCCCCCCCC*,tg,40.0,53.21250637635881,47.92505637488256,51.29554678655697
*Oc1c2c(ccc1)c(ccc2)OC1(C(C(C1(F)F)(F)F)(*)F)F,tg,124.8,94.67748316979998,123.82053288905253,105.24326603673879
*c1ccc2c(nc([nH]2)c2ccc(cc2)c2nc3c([nH]2)ccc(c3)C(=O)Nc2cc(ccc2)NC(=O)*)c1,tg,294.0,315.5244229806336,319.3927917509675,316.9268961215827
*N(CC(C*)O)c1ccc(cc1)N=Nc1ccc(cc1)Cl,tg,160.0,110.49672328712607,96.50849857673074,105.42530672613564
*Oc1c(cc(cc1)C(c1cc(c(cc1)OC(=O)*)C(C)C)(C)C)C(C)C,tg,80.0,150.3160910771407,127.63794732301623,142.09415325527266
*C(C*)C(=O)OCCCCCCCCCCOC(=O)c1ccc(cc1)OC(=O)c1ccc(cc1)C#N,tg,15.0,15.230821494513336,21.896976794926143,17.647629280245013
*c1cc2c(C(=O)N(C2=O)c2cc(ccc2)C(c2cc(ccc2)N2C(=O)c3c(C2=O)cc(cc3)C(=O)*)O[Si](O[Si](O[Si](C)(C)C)(C)C)(C)C)cc1,tg,273.0,223.13743351730207,212.278422124392,219.20051004387074
*Oc1ccc(cc1)C1(CC(CCC1)c1ccc(cc1)OCC(C*)O)CC,tg,140.0,113.50136734030924,104.3496487611981,110.1834211302275
*C(C*)C(=O)C,tg,83.33,67.99140180977548,62.71562599347836,66.07867468386947
*Oc1ccc(cc1)NC(=O)CCCC(=O)Nc1ccc(cc1)OCC(COc1ccc(cc1)C(c1ccc(cc1)OCC(C*)O)(C)C)O,tg,105.0,121.40918108219078,124.85070644286864,122.65690258156303
*C(C*)Cc1c(cccc1)C,tg,80.0,62.81501275743156,97.13447046676502,75.25749704651942
*Oc1ccc(cc1)C(c1ccc(cc1)OC(=S)*)(C)C,tg,140.5,123.23893394754856,122.49975131370512,122.97094403971671
*NC(=O)c1ccc(cc1)C(c1ccc(cc1)C(=O)NCCCC*)(CC)C,tg,177.5,160.41184644765022,169.34969002983317,163.65225249635628
*C(C*)c1ccccc1,tg,92.74,94.44937392702366,125.93404855169618,105.86411050830688
*c1c2c(c(nn1)c1ccc(cc1)Oc1ccc(cc1)C1(c3ccccc3c3ccccc13)c1ccc(cc1)Oc1ccc(cc1)*)c(c(c(c2c1ccccc1)c1cc2c(cc1)cccc2)c1cc2c(cc1)cccc2)c1ccccc1,tg,327.33,314.4756157449963,331.9711878903727,320.81861753107194
*c1nc2c(nc1c1ccccc1)cc(cc2)c1cc2c(nc(c(n2)c2ccccc2)c2ccc(cc2)*)cc1,tg,354.5,356.76396923060014,366.3720357871495,360.24736393312963
*N1C(=O)c2c(C1=O)cc(cc2)c1cc2c(C(=O)N(C2=O)CCCCCOC(=O)OCCCCC*)cc1,tg,84.0,70.14147154998527,68.71489782148984,69.62426870388079
*c1nc(nc(n1)Oc1cc(ccc1)C(=O)Nc1ccc(cc1)S(=O)(=O)c1ccc(cc1)NC(=O)c1cc(ccc1)O*)Sc1ccccc1,tg,304.0,260.88494729739085,264.6496766799803,262.24984608432004
*NC(=O)C(=O)NCCCCCC*,tg,250.0,77.19508034120533,66.63574499603772,73.36680411236134
*NC(=O)c1ccc(cc1)C(=O)NCC(CC(CC*)(C)C)C,tg,148.0,140.2280666451771,134.6507388477068,138.20601215693722
*Oc1ccc(cc1)C(c1ccc(cc1)C(c1ccc(cc1)Oc1ccc(cc1)C(=O)Nc1ccc(cc1)NC(=O)c1ccc(cc1)*)(C)C)(C)C,tg,163.0,197.6014703340214,189.08082745155437,194.5123199722664
*N1C(=O)c2c(C1=O)cc(cc2)Oc1cc2c(cc1)ccc(c2)Oc1cc2c(C(=O)N(C2=O)c2ccc(cc2)C(c2ccc(cc2)*)(C(F)(F)F)C(F)(F)F)cc1,tg,256.0,265.23601150043766,260.4073136393349,263.48537202989667
*OC(=O)CCCCCCCCCCC(=O)OCCOCC*,tg,-71.0,-62.165692237371466,-70.20919718284597,-65.08185672810727
*Oc1c(cc(cc1)C(C)(C)C)Oc1ccc(cc1)S(=O)(=O)c1ccc(cc1)*,tg,175.6,181.39806863813348,187.37282187107436,183.56420931149927
*c1cc2c(C(=O)N(C2=O)c2cc(ccc2)C#Cc2cc(ccc2)NC(=O)*)cc1,tg,323.5,274.68851661091685,220.51471463925952,255.04786011740862
*C(C(C*)C)(C)C,tg,37.0,49.761269197764285,48.70229835065279,49.377340400305364
*Oc1ccc(cc1)NC(=O)CCCCCC(=O)Nc1ccc(cc1)*,tg,180.0,152.53543813658146,173.52547944334376,160.1453561428228
*N1C(=O)c2c(C1=O)cc(cc2)Oc1cc2c(C(=O)N(C2=O)c2ccc(cc2)Oc2c(cc(c(c2)C(C)(C)C)Oc2ccc(cc2)*)C(C)(C)C)cc1,tg,242.0,245.08977226746404,245.52574887367876,245.24783514011142
*c1cc2c(C(=O)N(C2=O)c2cc(ccc2)P(=O)(c2cc(ccc2)N2C(=O)c3c(C2=O)cc(cc3)C(=O)*)c2ccc(cc2)Oc2ccc(cc2)C23CC4CC(CC(C2)C4)C3)cc1,tg,305.0,277.2768032382834,288.461392967623,281.33176480457166
*Oc1ccc(cc1)CC(NC(=O)CCc1ccc(cc1)OC(=O)CCCCCCC(=O)*)C(=O)OCCOCCOCC,tg,6.0,12.321837301111891,1.5534671835329024,8.417775729339992
*Oc1c2c(c(cc1)c1c3c(c(cc1)OCCCCCC*)cccc3)cccc2,tg,109.0,129.1586876391286,122.01587141487141,126.56906692300664
*c1cc2c(C(=O)N(C2=O)c2cc(ccc2)OCCOCCOc2cc(ccc2)N2C(=O)c3c(C2=O)cc(cc3)C(=O)*)cc1,tg,152.33,164.30947234952922,161.37959996543236,163.24725011347556
*Oc1cc(ccc1)NC(=O)c1ccc(cc1)C(=O)Nc1cc(ccc1)OCCOCC*,tg,140.0,149.4710219382704,128.57525017825577,141.89528125977947
*N1C(=O)c2c(C1=O)cc(cc2)S(=O)(=O)c1cc2c(C(=O)N(C2=O)c2cc(c(c(c2)Br)Oc2c(cc(cc2Br)*)Br)Br)cc1,tg,328.0,305.37159079226404,296.57126411645226,302.18104135730465
*NC(=O)CCCCCCCCC(=O)NCCCC1(c2ccccc2c2ccccc12)CCC*,tg,85.0,103.12257843184676,103.18573602530964,103.14547615275642
*N1C(=O)c2c(C1=O)cc(cc2)Oc1cc2c(C(=O)N(C2=O)CC2CC(CCC2)C*)cc1,tg,199.0,210.2833481971295,187.08307492121423,201.87211285119298
*C1C(=O)N(C(=O)C1CC*)CC,tg,109.2,109.21890481044174,112.00607744439591,110.22939139804069
*Oc1c(cc(cc1Cl)C(c1cc(c(c(c1)Cl)OC(=O)CCCCC(=O)*)Cl)(C)C)Cl,tg,100.0,84.93628719755547,95.36976610866947,88.71893430496476
*OC(=O)CCCCC(=O)OCCOCC*,tg,-54.67,-65.8507439944572,-66.74069982387003,-66.17339657012538
*Oc1ccc(cc1)CC(NC(=O)CCc1ccc(cc1)OC(=O)COCC(=O)*)C(=O)OC(CC)C,tg,68.0,69.16310987893412,72.48661880768591,70.3680446416239
*c1[nH]c(nc1c1ccc(cc1)NC1C(=O)N(C(=O)C1)c1ccc(cc1)Cc1ccc(cc1)N1C(=O)C(CC1=O)Nc1ccc(cc1)*)c1ccc(cc1)C=Cc1ccc(cc1)[N+](=O)[O-],tg,250.0,245.3405465028384,223.93296387603152,237.5792493180943
*S(=O)(=O)c1ccc(cc1)NC(=O)CCCCC(=O)Nc1ccc(cc1)*,tg,194.0,171.91705092900887,165.19663282610335,169.48057021973582
*c1cc2c(C(=O)N(C2=O)c2cc(cc(c2)c2sc3c(n2)cccc3)N2C(=O)c3c(C2=O)cc(cc3)C(=O)Nc2nc(ccc2)NC(=O)*)cc1,tg,358.0,316.4271934850176,302.56768222269693,311.40244185297297
*OC(=O)Nc1c(ccc(c1)NC(=O)OCCN(CC*)c1ccc(cc1)N=Nc1cc(c(cc1)N=Nc1c(cc(c(c1)OC)N=Nc1ccc(cc1)[N+](=O)[O-])OC)C)C,tg,148.0,163.73594689977455,138.09893659568928,154.44127503667536
*Oc1ccc(cc1)C(c1ccc(cc1)OCCOC(=O)Nc1ccc(cc1)Cc1ccc(cc1)NC(=O)OCC*)(C)C,tg,127.0,107.55457275667663,88.67071748608262,100.70825034354962
*N1C(=O)c2c(C1=O)cc(cc2)Oc1cc2c(C(=O)N(C2=O)c2c(ccc(c2)C(c2cc(c(cc2)OCCN(c2ccc(cc2)C=CC2=CC(=C(C(=O)OCCc3ccccc3)C#N)CC(C2)(C)C)c2ccccc2)*)(C(F)(F)F)C(F)(F)F)OCCN(c2ccc(cc2)C=CC2=CC(=C(C(=O)OCCc3ccccc3)C#N)CC(C2)(C)C)C)cc1,tg,177.0,185.90792059366868,191.0061502349323,187.75627853541826
*Oc1ccc(cc1)C(=O)Nc1ccc(cc1)C(c1ccc(cc1)NC(=O)c1ccc(cc1)OC(=O)c1ccc(cc1)C(=O)*)(C(F)(F)F)C(F)(F)F,tg,266.0,244.53206217273095,228.66807371804558,238.78058938486078
*Oc1ccc(cc1)OC(=O)c1ccc(cc1)OCC(COC(=O)CCCCCCCCC(=O)OCC(C*)O)O,tg,36.0,21.1188204336112,33.02463357405238,25.4352608098957
*C(C*)c1c(c(c(c(c1F)F)OC)F)F,tg,94.0,101.67477325811882,54.443964422311645,84.55129182441829
*Oc1ccc(cc1)CC(NC(=O)CCc1ccc(cc1)OC(=O)COCCOCC(=O)*)C(=O)OC(CC)C,tg,44.0,47.64327536118051,53.61839011166539,49.80954710236209
*c1cc2c(C(=O)N(C2=O)c2cc(c(cc2)Oc2ccc(cc2)C(=O)c2nc(ccc2)C(=O)c2ccc(cc2)Oc2c(cc(cc2)N2C(=O)c3c(C2=O)cc(cc3)C(*)(C(F)(F)F)C(F)(F)F)C(F)(F)F)C(F)(F)F)cc1,tg,206.4,238.4071315096784,239.83164360453833,238.92358691261708
*OP(=O)(N=Nc1ccc(cc1)Oc1ccc(cc1)N=NP(=O)(OCC*)OCC)OCC,tg,22.0,42.889325691993065,47.30491829345308,44.49019427319263
*N1C(=O)C2C3C4C(C(C2C1=O)C=C3)C(=O)N(C4=O)c1ccc(cc1)Sc1cc2c(C(=O)N(C2=O)CCc2ccccc2)cc1Sc1ccc(cc1)*,tg,258.0,293.4573940268492,290.0045382109336,292.2055646825198
*C(=C*)c1c(cccc1)[Si](C)(C)C,tg,190.0,124.21908231303662,124.5193934376505,124.32795980409414
*N1C(=O)c2c(C1=O)c(ccc2)Oc1ccc(cc1)c1ccc(cc1)Oc1c2c(C(=O)N(C2=O)c2cc(ccc2)*)ccc1,tg,275.0,265.42027746726376,267.74938230364177,266.2646920433831
*N1C(=O)c2c(C1=O)cc(cc2)OCCN(CCOc1cc2c(C(=O)N(C2=O)c2ccc(cc2)C(c2ccc(cc2)*)(C(F)(F)F)C(F)(F)F)cc1)c1ccc(cc1)C=Cc1ccc(cc1)[N+](=O)[O-],tg,180.7,198.9657680838479,192.8190489565581,196.73728135138015
*C(C*)CC(C)C,tg,45.5,46.50913715005034,65.11554246457025,53.254870365390566
*C1C2CC(C(C1*)C2)CCCCCCCCC(=O)OCC,tg,134.0,107.6974610207658,138.35147619356957,118.81104286740856
*Oc1c(cc(cc1C)C(c1cc(c(c(c1)C)OCC(C*)O)C)(C)C)C,tg,130.0,127.8107825329914,118.50575849046768,124.43725558395691
*N=P(*)(Oc1ccc(cc1)CC)Oc1ccc(cc1)CC,tg,-18.0,12.017197099053178,-16.828854003528363,1.5590907768053832
*C1=C(C(=O)N(C1=O)CCCCCCCCCCCC)c1ccc(cc1)c1cc2C(c3c(c2cc1)ccc(c3)c1ccc(cc1)*)(CCCCCC)CCCCCC,tg,100.0,121.66777300686174,133.90468047686244,126.10425129367039
*C(C*)OC(=O)c1ccc(cc1)Br,tg,85.5,74.75888939753867,73.55177828124359,74.32125249701154
*C=C*,tg,-25.5,39.27569592919202,13.168767562921543,29.810655753300175
*Oc1c(cccc1)C(=O)OC(=O)c1c(cccc1)OC(=O)CCCCCC(=O)*,tg,40.0,41.17210607223118,27.775500718802387,36.315180503975014
*Oc1ccc(cc1)C(c1ccc(cc1)OC(=O)*)C(C)C,tg,149.0,146.8021642214007,129.5489253883704,140.54702012984714
*C(C*)(C(=O)OCc1ccccc1)C,tg,57.45,57.90017175596743,51.9645867805306,55.74823149429676
*Oc1ccc(cc1)OC(=O)c1ccc(cc1)C(=O)Oc1ccc(cc1)OCCCCCC*,tg,53.0,68.89502705222161,66.75208573861005,68.11810587086514
*Oc1cc(ccc1)Oc1ccc(cc1)C(=O)c1ccc(cc1)NC(=O)c1cc(ccc1)C(=O)Nc1ccc(cc1)C(=O)c1ccc(cc1)*,tg,214.0,180.3567217490539,142.0047248741951,166.45224451016094
*N1C(=O)C(=C(C1=O)Cl)Oc1ccc(cc1)C(c1ccc(cc1)OC1=C(C(=O)N(C1=O)c1ccc(cc1)Oc1ccc(cc1)*)Cl)(C)C,tg,175.0,183.8536093615508,191.61679271696033,186.66814354653366
*C1C(=O)N(C(=O)C1CC*)CCCCCCCCCCCC,tg,55.4,55.37211752169751,52.84867317327058,54.45724535426375
*Nc1ccc(cc1)C(c1ccc(cc1)NC(=O)c1cc(cc(c1)NC(=O)C12CC3CC(CC(C1)C3)C2)C(=O)*)(C(F)(F)F)C(F)(F)F,tg,365.0,303.12348573479125,319.80038463893953,309.1696783746342
*N1C(=O)c2c(C1=O)cc(cc2)Oc1cc2c(C(=O)N(C2=O)CCCCCCOC(=O)c2cc(cc(c2)OCCCCCCOc2ccc(cc2)N=Nc2ccc(cc2)C#N)C(=O)OCCCCCC*)cc1,tg,61.0,90.9008911468804,73.92786285020972,84.74733709867252
*c1cc2c(C(=O)N(C2=O)c2ccc(cc2)Oc2cc(ccc2)c2nc(cc(c2)c2ccccc2)c2cc(ccc2)Oc2ccc(cc2)N2C(=O)c3c(C2=O)cc(cc3)C(*)(C(F)(F)F)C(F)(F)F)cc1,tg,180.0,278.6207696497898,288.4489022276484,282.1839490632519
*c1cc2c(C(=O)N(C2=O)c2c(cc(cc2)Cc2cc(c(cc2)N2C(=O)c3c(C2=O)cc(cc3)C(=O)*)C)C)cc1,tg,364.67,316.3604366712709,309.2888590313206,313.7966434310235
*C1C(=O)NC(=O)C1C(C*)c1ccccc1,tg,257.67,183.8664401816684,161.28645889042184,175.68009106031195
*C1C(=O)N(C(=O)C1CC*)C,tg,141.2,129.6490082343712,140.11636511681084,133.44393776563274
*C(C*)c1c(ccc(c1)c1ccc(cc1)C(=O)OC(CCCCCC)C)c1ccc(cc1)C(=O)OC(CCCCCC)C,tg,102.0,96.20489802958129,90.23936041216206,94.04209846819677
*Oc1ccc(cc1)C(=C(Cl)Cl)c1ccc(cc1)OC(=O)*,tg,167.67,164.68815843013184,177.28015967268493,169.25337560097404
*N1C(=O)c2c(C1=O)cc(cc2)S(=O)(=O)c1cc2c(C(=O)N(C2=O)c2ccc(cc2)N(c2ccc(cc2)*)c2ccccc2)cc1,tg,306.0,323.49901003597665,314.1205389643517,320.09885494166633
*N1C(=O)c2c(C1=O)cc(cc2)S(=O)(=O)c1cc2c(C(=O)N(C2=O)c2ccc(cc2)Oc2ccc(cc2)*)cc1,tg,283.5,291.07114473989117,277.82058707937193,286.2671686133155
*C1COC2C1OCC2OC(=O)OCCOCCOCCOCCOC(=O)O*,tg,9.5,13.900149974910638,30.954868853593993,20.083320860070554
*C(C*)(C(=O)OC1CCCCC1)C,tg,89.76,105.41893813705164,66.12031029468193,91.17126080914285
*Nc1ccc(cc1)C(c1ccc(cc1)C(c1ccc(cc1)Nc1ccc(cc1)C(=O)c1ccc(cc1)C(=O)c1ccc(cc1)*)(C)C)(C)C,tg,157.0,202.9315224713562,214.48749213748386,207.12112745386344
*Oc1ccc(cc1)NC(=O)c1cc(cc(c1)C(C)(C)C)C(=O)Nc1ccc(cc1)Oc1ccc(cc1)C(c1ccc(cc1)*)(C(F)(F)F)C(F)(F)F,tg,254.25,228.04872818248407,237.19698741433277,231.3654202097542
*N=P(*)(Oc1ccc(cc1)c1ccccc1)Oc1ccc(cc1)c1ccccc1,tg,69.67,57.93210467312531,52.024732528996076,55.7903929445879
*N1C(=O)c2c(C1=O)cc(cc2)C(=O)c1cc2c(C(=O)N(C2=O)CCCCCCOC(=O)OCCCOC(=O)OCCCCCC*)cc1,tg,61.0,54.975190730320584,65.12385774309402,58.654579575304474
*OC(=O)C(C(=O)OCCOCC*)CCC,tg,-38.0,-34.605905255597996,-45.74874550805606,-38.645730591746
*C(C*)C(=O)NCP(=O)(O)O,tg,26.0,65.00888678771568,61.527159518059655,63.746590127363675
*C1C(=O)N(C(=O)C1*)CCCCCCCOc1ccc(cc1)c1ccc(cc1)C#N,tg,61.0,76.7067359740433,77.98775083228941,77.17116660062284
*OC(COC(=O)c1cc2c(cc1)cc(cc2)C(=O)*)COc1ccc(cc1)N=Nc1ccc(cc1)C#N,tg,138.0,127.21483315348772,140.05395195387413,131.86964254215982
*Oc1c(cc(cc1C)C(c1cc(c(c(c1)C)OC(=O)CCCCCC(=O)*)C)(C)C)C,tg,84.0,81.4639032577523,69.68792363867865,77.19453389184025
*C1C2C(C(=O)N(C2=O)c2ccc(cc2)C)C(C1)C=C*,tg,222.0,225.00084473033792,210.93864721159588,219.902609403344
*c1cc2c(C(=O)N(C2=O)c2c3c(ccc2)c(ccc3)Oc2ccc(cc2)N2C(=O)c3c(C2=O)cc(cc3)C(=O)Nc2ccc(cc2)Oc2ccc(cc2)NC(=O)*)cc1,tg,278.0,277.4552719228569,264.8768497898102,272.894977844277
*c1cc2c(C(=O)N(C2=O)c2ccc(cc2)C(=O)Nc2ccc(cc2)C(=O)OCCCCCCCOC(=O)*)cc1,tg,106.0,115.26987633644542,105.25404995247654,111.63864872555949
*c1cc2c(C(=O)N(C2=O)c2c(cc(cc2)C(=O)Nc2ccc(cc2)C(c2ccc(cc2)NC(=O)c2cc(c(cc2)N2C(=O)c3c(C2=O)cc(cc3)C(*)(C(F)(F)F)C(F)(F)F)C)(C(F)(F)F)C(F)(F)F)C)cc1,tg,344.0,297.32128191418377,281.8384489927983,291.70799667504906
*C1C(=O)N(C(=O)C1C(C*)c1ccccc1)CCCCNC(=O)C(C(C(C(C(C(C(F)(F)F)(F)F)(F)F)(F)F)(F)F)(F)F)(F)F,tg,113.0,109.70564888879449,122.66154671051261,114.40279639220375
*C(C*)(C(=O)OCC(C)C)C#N,tg,51.0,104.91724559913077,110.45412305255208,106.92463485651008
*N1C(=O)c2c(C1=O)cc(cc2)C(=O)c1cc2c(C(=O)N(C2=O)CCCC(=O)Nc2cc(ccc2)Oc2ccc(cc2)NC(=O)CCC*)cc1,tg,188.0,182.3158605504042,189.24940934819844,184.82961157510985
*c1sc(cc1c1ccc(cc1)C(=C1C=C(C(=O)C(=C1)C(C)(C)C)C(C)(C)C)c1cc(c(c(c1)C(C)(C)C)O)C(C)(C)C)*,tg,-12.6,189.77668574838196,174.47217457704986,184.22805087733386
*C1OC(OC1COC(=O)OC*)OCC,tg,51.38,60.00462370545532,71.0609008183684,64.01306566390183
*Oc1ccc(cc1)N=Cc1ccc(cc1)Oc1ccc(cc1)C(c1ccc(cc1)Oc1ccc(cc1)C=Nc1ccc(cc1)Oc1ccc(cc1)c1ccc(cc1)*)(C(F)(F)F)C(F)(F)F,tg,128.0,164.0355109402431,158.09003125476153,161.87998336156647
*OCCOCCOCCCNC(=O)C(NC(=O)C(NC(=O)CCCCCCCCC(=O)NC(C(=O)NC(C(=O)NCCC*)C(C)C)Cc1ccccc1)Cc1ccccc1)C(C)C,tg,66.0,53.14186800794301,45.84206938682039,50.49533348440589
*c1ncc(cc1)C(=O)Nc1cc(ccc1)Oc1ccc(cc1)C(=O)c1ccc(cc1)Oc1cc(ccc1)NC(=O)*,tg,154.0,167.81433613670856,170.70305264009113,168.8616373503053
*c1sc(cc1CCCCCCCCCCCC)c1ccc(cc1)c1sc(c(c1)CCCCCCCCCCCC)c1ccc(cc1)*,tg,-19.2,25.235259189811085,4.882901506023662,17.8565327288288
*c1nc2c(c(c1)c1ccccc1)cc(cc2)Oc1cc2c(nc(cc2c2ccccc2)c2ccc(cc2)C(c2ccc(cc2)*)(C(F)(F)F)C(F)(F)F)cc1,tg,260.0,289.19299313879355,276.4012755725158,284.5553690190635
*C(C*)(C(=O)OCc1cc(c(cc1)OCCOCCOCCOCC)OCCOCCOCCOCC)C,tg,-92.0,11.883457411445908,16.86948284289781,13.691135831695565
*C(C*)(C(=O)OCCOCC[N+](CCCCS(=O)(=O)O)(CC)CC)C,tg,95.0,5.185620441899046,1.4476746664906268,3.8304320243579104
*C1(c2c(C(=O)O1)cccc2)c1ccc(cc1)Oc1ccc(cc1)P(=O)(c1ccc(cc1)Oc1ccc(cc1)*)C,tg,263.0,244.86699438566836,233.00085247056342,240.5649367715521
*Oc1ccc(cc1)NC(=O)c1ccc(cc1)Oc1ccc(cc1)C(=O)Nc1ccc(cc1)*,tg,274.0,232.6235777514812,222.51419687653194,228.95843205558194
*O[Si](O[Si](O[Si](O[Si](CC[Si](O[Si](O[Si](O[Si](CC[Si](*)(c1ccccc1)c1ccccc1)(C)C)(C)C)(C)C)(C)C)(c1ccccc1)c1ccccc1)(c1ccccc1)c1ccccc1)(c1ccccc1)c1ccccc1)(c1ccccc1)c1ccccc1,tg,-4.5,13.188199326734996,-9.188745204846954,5.075460974920107
*NC(=O)CCCCCCCCCCCCCCCCCCC(=O)NCCCCCCCCC*,tg,42.0,46.732297983024175,47.92505637488256,47.16473131798738
*N1C(=O)c2c(C1=O)cc(cc2)Oc1ccc(cc1)C(c1ccc(cc1)Oc1cc2c(C(=O)N(C2=O)c2cc(ccc2)*)cc1)(C)C,tg,221.3,232.3000084806816,226.56656539882295,230.22135455576822
*C(C*)c1ccc(cc1)S(=O)(=O)OCCC,tg,217.0,56.839955378039406,56.39197351301162,56.67754001108889
*C(C*)(C(=O)OCCCCCCC(C(C(C(F)(F)F)(F)F)(F)F)(F)F)C,tg,23.0,14.745730793861584,-2.8831798546676843,8.3543872698523
*C1OC(CO1)CCCCOC(=O)CCCCCCC*,tg,-44.0,6.960687904579353,-20.80263062603702,-3.1048748311683414
*C1C(=O)N(C(=O)C1C(C*)c1ccccc1)CCCCCCCCCCCC,tg,70.0,89.34256467797563,115.08422611472741,98.67517770218136
*Nc1ccc(cc1)Cc1ccc(cc1)NC(=O)NCCCCCCCCCCCCNC(=O)*,tg,51.0,30.78055449769457,35.02154361535637,32.31812076443511
*N1C(=O)c2c(C1=O)cc(cc2)Oc1ccc(cc1)C(=O)c1ccc(cc1)Oc1cc2c(C(=O)N(C2=O)c2cc(ccc2)*)cc1,tg,239.0,225.98197598187144,245.272805571547,232.97584651811053
*c1nc2c(c(c1)c1ccc(cc1)Oc1ccc(cc1)c1ccccc1)cc(cc2)c1cc2c(nc(cc2c2ccc(cc2)Oc2ccc(cc2)c2ccccc2)c2ccc(cc2)c2ccc(cc2)*)cc1,tg,318.0,307.2416837906526,285.13734459111294,299.2277782231371
*N1CCN(CC1)CC(COc1ccc(cc1)C(c1ccc(cc1)OCC(C*)O)(C)C)O,tg,100.0,82.5828979725137,93.23556589441796,86.44501183158897
*c1c(nc2c(c1c1ccccc1)cc(cc2)c1cc2c(nc(c(c2c2ccccc2)c2ccc(cc2)c2ccc(cc2)*)c2ccccc2)cc1)c1ccccc1,tg,372.0,330.2725934058082,336.85002010769296,332.65723272889903
*Oc1ccc(cc1)S(=O)(=O)c1ccc(cc1)Oc1ccc(cc1)C=Nc1ccc(cc1)Oc1ccc(cc1)N=Cc1ccc(cc1)*,tg,162.0,186.8211465078438,135.00214990677875,168.03422229284664
*c1cc2c(C(=O)N(C2=O)c2cc(ccc2)Oc2ccc(cc2)N2C(=O)c3c(C2=O)cc(cc3)c2c(c(c(c(c2c2ccccc2)c2ccccc2)c2ccc(cc2)Oc2ccc(cc2)c2c(c(c(c(c2c2ccccc2)c2ccccc2)*)c2ccccc2)c2ccccc2)c2ccccc2)c2ccccc2)cc1,tg,309.0,295.3511656078088,301.9597315687396,297.7470944374162
*N(C(=O)CCCCCCCCCCC*)C,tg,-30.5,2.97069999587136,9.559803634935227,5.35957278059276
*OC(COC(=O)*)COCCCC,tg,-24.0,-33.93443638866014,-18.010785774638858,-28.161333145947747
*c1c2C(=O)N(C(=O)c2c(c2ccccc12)c1ccc(cc1)Oc1ccc(cc1)S(=O)(=O)c1ccc(cc1)Oc1ccc(cc1)*)c1ccc(cc1)F,tg,300.0,286.5168868701551,310.0501479609079,295.0488466077666
*OC(=O)CCSCCC(=O)OCCOCCOCC*,tg,-44.0,-49.80113402062134,-50.8449065195651,-50.17955267249759
*OCCCC*,tg,-75.43,-72.8363111233952,-72.46510717740034,-72.70173151245828
*c1cc2c(C(=O)N(C2=O)c2ccc(cc2)C(=O)OCCCCCOC(=O)*)cc1,tg,90.0,101.14730752468527,70.01367450460945,89.85984071808801
*Nc1ccc(cc1)NC(=O)c1cc(cc(c1)NC(=O)c1ccccc1)C(=O)*,tg,321.0,282.93336763541356,305.06426443455655,290.95690163350105
*N1C(=O)c2c(C1=O)c(ccc2)Oc1ccc(cc1)S(=O)(=O)c1ccc(cc1)Oc1c2c(C(=O)N(C2=O)c2ccc(cc2)Oc2cc(ccc2)Oc2ccc(cc2)*)ccc1,tg,230.0,234.69001595528752,237.82165762439502,235.82538943924345
*Oc1ccc(cc1)C(c1ccc(cc1)OC(=O)c1cc2c(C(CC2(c2ccc(cc2)C(=O)*)C)(C)C)cc1)(C)C,tg,265.0,235.05536752189053,229.96618601108256,233.2102899705829
*N1C(=O)c2c(C1=O)cc(cc2)Oc1ccc(cc1)Oc1cc2c(C(=O)N(C2=O)c2c(cc(cc2)Cc2cc(c(cc2)*)OC)OC)cc1,tg,269.0,232.21645304736705,232.29940456850508,232.24652703650926
*Nc1cc(ccc1)NC(=O)c1ccc(cc1)C(=O)Nc1cc(ccc1)NC(=S)NC(=O)c1cc(ccc1)C(=O)NC(=S)*,tg,254.0,250.76196542990945,249.2851452682772,250.2265457908655
*C(=C(*)C)SCCCCCCCCCC,tg,60.0,75.47960928633805,56.80404577591508,68.70880283781119
*OC(=O)C(NC(=O)C=CC(=O)NC(C(=O)OCCCC*)Cc1ccccc1)Cc1ccccc1,tg,103.0,93.96615513979884,94.18260134690054,94.04462749079299
*c1cc2c(C(=O)N(C2=O)c2ccc(cc2)Oc2c(cc(cc2C)Cc2cc(c(c(c2)C)Oc2ccc(cc2)N2C(=O)c3c(C2=O)cc(cc3)C(*)(C(F)(F)F)C(F)(F)F)C)C)cc1,tg,286.33,289.02268157547473,282.2333140099901,286.56120330906816
*OC(=O)CCCCCCCCCCCCC(=O)OCC(C*)CCCCCCOc1ccc(cc1)N=Nc1ccc(cc1)C#N,tg,21.5,21.506555196462187,21.11726464317115,21.3654183045498
*C(C*)C(=O)Oc1ccc(cc1)N=Nc1ccc(cc1)OC,tg,133.6,100.40057366895508,88.22984962733591,95.98809011641089
*NC(=O)CCCCCCCCCCCCCCCCC(=O)NCCc1ccc(cc1)CC*,tg,75.0,78.19034284959288,92.80455118254274,83.48870913265725
*O[Si](O[Si](O[Si](O[Si](c1ccc(cc1)Oc1ccc(cc1)[Si](*)(C)C)(C)C)(C)C)(C)C)(C)C,tg,-52.0,-52.377442891489046,-50.40407136489194,-51.661999062971326
*Oc1ccc(cc1)NC(=O)c1ccc(cc1)NC(=O)c1ccc(cc1)[Si](c1ccc(cc1)C(=O)Nc1ccc(cc1)C(=O)Nc1ccc(cc1)*)(C)C,tg,304.0,279.8310783575453,227.68743226704447,260.9264528022188
*c1c2ccc(=O)cc2oc2cc(ccc12)OC(=O)c1c(cccc1)*,tg,250.0,225.0495493875449,210.24848774940605,219.68343962980597
*Oc1ccc(cc1)C(c1ccc(cc1)OCCCCCCCC*)(C(F)(F)F)C(F)(F)F,tg,27.8,42.44922618841069,38.320458747304336,40.95234577572013
*Nc1c(cc(cc1)c1cc(c(cc1)NC(=O)c1cc(ccc1)C(=O)*)O)O,tg,386.0,254.08752074583072,235.6225121014403,247.39305074861932
*Oc1c(cc(c(c1)OC(=O)c1ccc(cc1)OCC(CC)C)OC(=O)CCCC(=O)*)OC(=O)c1ccc(cc1)OCC(CC)C,tg,60.0,76.29749471454568,62.82333754883041,71.41245281606842
*N=C(NCCCCCCCCCC*)c1ccccc1,tg,10.0,37.40846286765049,42.64760998490142,39.30791029618274
*C(C*)C(=O)OC(C(Cl)(Cl)Cl)Cl,tg,70.5,50.31990939774746,12.711645338328395,36.68507173036996
*c1sc(nn1)c1ccc(cc1)C(=O)OCCCCCCCCCCOC(=O)c1ccc(cc1)*,tg,79.0,72.78521283724531,86.2406549936454,77.66346962823789
*c1cc2c(C(=O)N(C2=O)c2ccc(cc2)Oc2cc3c(cc2)ccc(c3)Oc2ccc(cc2)N2C(=O)c3c(C2=O)cc(cc3)C(*)(C(F)(F)F)C(F)(F)F)cc1,tg,302.3,256.7856685275947,274.3550807220882,263.1554409479509
*Oc1ccc(cc1)Sc1ccc(cc1)OC(=O)*,tg,110.0,133.05956851899649,131.964604548333,132.66259045140913
*OC(C*)COCC,tg,-61.0,-62.07211398860566,-71.8862121972053,-65.63020525584783
*Oc1ccc(cc1)S(=O)(=O)c1c2c(ccc1)c(ccc2)S(=O)(=O)c1ccc(cc1)Oc1ccc(cc1)c1ccc(cc1)*,tg,248.0,261.0326778801187,244.21939149135648,254.9370380972321
*OCOCC*,tg,-64.5,-61.11099022572159,-48.94894450635242,-56.701652990032564
*C(C*)C(=O)OCCCOc1ccc(cc1)c1ccc(cc1)C#N,tg,51.55,54.473300992284265,63.958022839212745,57.911977196502995
*C(C*)OC,tg,-24.96,4.444658508651664,-11.802629525525827,-1.4457791497079637
*C1OCOC(C1(F)F)C(*)(F)F,tg,125.0,118.18238825445646,143.84591260970763,127.48667275968613
*C(C*)C(=O)c1cc(c(cc1)Br)OC,tg,44.0,92.44422242118844,105.4845646668352,97.17198516411962
*[Si](C*)(CCC)CCC,tg,-41.0,-53.585113324706896,-34.70695845657311,-46.740857586661214
*Oc1ccc(cc1)Nc1ccc(cc1)S(=O)(=O)c1ccc(cc1)Nc1ccc(cc1)Oc1ccc(cc1)C(c1ccc(cc1)*)(C)C,tg,145.0,212.15996624900353,184.87984243845924,202.26958526478546
*N1C(=O)c2c(C1=O)cc(cc2)Oc1cc2c(C(=O)N(C2=O)c2c(cc(cc2C)C(c2cc(c(c(c2)C)*)C)c2cc(cc(c2)C(F)(F)F)C(F)(F)F)C)cc1,tg,281.9,276.3951443519993,278.7376418992164,277.2444144417347
*Oc1c(cc(cc1)OC(=O)c1ccc(cc1)C(=O)*)c1cc(ccc1)C(F)(F)F,tg,158.13,163.128870653919,125.30141380779924,149.41456486592307
*c1cc2c(C(=O)N(C2=O)c2ccc(cc2)C(=O)c2ccc(cc2)C(=O)c2ccc(cc2)N2C(=O)c3c(C2=O)cc(cc3)C(=O)*)cc1,tg,286.0,289.7570083401544,298.5398914795333,292.94123363882215
*[N+](CCCCCCCCCC*)(C)C,tg,66.69,-53.32049254691066,-19.662602566764807,-41.11785896135959
*Oc1ccc(cc1)C1(c2ccccc2c2ccccc12)c1ccc(cc1)OC(=O)c1cc(ccc1)C(=O)*,tg,269.5,279.68621162759786,287.21469611848056,282.4156559793067
*OC(=O)c1ccc(cc1)C(=O)OCC(C(C*)CCC)CCC,tg,19.67,19.033179805260243,17.14034160321462,18.346933251185675
*Oc1c2c(c(cc1)c1c3c(c(cc1)OCCC*)cccc3)cccc2,tg,173.5,134.49119728715223,121.834151377717,129.90239823886245
*Oc1cc(ccc1)OC(=O)c1cc(cc(c1)OCCCCC)C(=O)*,tg,96.0,82.34871929760524,105.54919336600676,90.76002744065232
*C(C*)(C(=O)OCC(F)(F)F)F,tg,117.75,85.43623521415157,100.16213535862519,90.77509524924064
*c1ccc(cc1)c1c(cc(c(c1c1ccccc1)c1ccccc1)c1ccc(cc1)c1c(c(c(c(c1)c1ccccc1)c1ccc(cc1)CCCCCCCCCCCCCC*)c1ccccc1)c1ccccc1)c1ccccc1,tg,185.0,191.36130377997017,213.11528404340712,199.248187073564
*Oc1cc(c(cc1)CCc1ccc(cc1)OCCCCCCCC*)C,tg,-12.1,13.92582244042064,4.7320014397691175,10.592612040473613
*C(C*)c1ccc(cc1)B(Oc1c2ncccc2c(cc1)B1OC(C(O1)(C)C)(C)C)c1ccc(cc1)C(C)(C)C,tg,275.0,239.85683451782117,214.5403651742477,230.67837445209233
*Oc1cc(ccc1)NC(=O)c1ccc(cc1)Oc1ccc(cc1)C(c1cc(ccc1)C(c1ccc(cc1)Oc1ccc(cc1)C(=O)Nc1ccc(cc1)*)(C)C)(C)C,tg,147.0,166.6664622117846,146.1668413670325,159.23434564242174
*c1nc(nc(n1)N(CCCCCCN(*)c1ccccc1)c1ccccc1)c1ccccc1,tg,74.0,100.6834935570572,67.56330947148298,88.67580469359415
*C1C(=O)N(C(=O)C1*)CCCCCCCCOc1ccc(cc1)c1ccc(cc1)C#N,tg,43.0,70.22315824032619,77.98775083228941,73.03820334258013
*OC(C*)COC,tg,-62.0,-52.18954870421269,-59.400160550843026,-54.80374865388175
*O[Si](CCCC(=O)Oc1ccc(cc1)C=Nc1ccc(cc1)Oc1ccc(cc1)N=Cc1ccc(cc1)OC(=O)CCC[Si](*)(C)C)(C)C,tg,52.0,66.6911892848966,60.86431516939526,64.57866203430136
*N1C(=O)c2c(C1=O)cc(cc2)Oc1cc2c(C(=O)N(C2=O)c2cc(cc(c2)C(F)(F)F)Oc2c(cc(cc2C)c2cc(c(c(c2)C)Oc2cc(cc(c2)C(F)(F)F)*)C)C)cc1,tg,252.2,260.1925095679246,273.2166560261854,264.9144005447048
*OC(=O)OCC(C*)OCCOc1ccc(cc1)C=Cc1ccc(cc1)[N+](=O)[O-],tg,53.0,57.18143323978021,63.35561040370077,59.419874855343224
*c1oc(nn1)c1c2c(c(cc1)Oc1c3c(c(cc1)C=Cc1ccc(cc1)Oc1c4c(c(cc1)*)cccc4)cccc3)cccc2,tg,241.0,244.58793995293615,245.0738140918638,244.76409312503122
*N1C(=O)c2c(C1=O)cc(cc2)Oc1cc2c(C(=O)N(C2=O)c2cc(ccc2)OCCOc2ccc(cc2)*)cc1,tg,178.5,183.0031537481164,183.96214531567324,183.35083516003596
*Oc1ccc(cc1)NC(=O)c1cc(cc(c1)C(C)(C)C)C(=O)Nc1ccc(cc1)OCCCCCC*,tg,166.0,140.85828992193728,155.72839759043225,146.24943224735858
*N1C(=O)C(=C(C1=O)c1ccccc1)c1ccc(cc1)C1=C(C(=O)N(C1=O)c1ccc(cc1)C1(c2ccccc2c2ccccc12)c1ccc(cc1)*)c1ccccc1,tg,325.67,335.08166866893424,352.6920009832185,341.46627663686576
*Oc1ccc(cc1)C(c1ccc(cc1)Oc1ccc(cc1)C(=O)c1ccc(cc1)Oc1ccc(cc1)C(=O)c1ccc(cc1)*)(C)C,tg,162.0,153.33973312869622,159.0297929978821,155.40265851422936
*N(CC*)C(=O)CC12CC3CC(CC(C1)C3)C2,tg,139.0,124.6455270838482,139.0050640056373,129.8515625072852
*Oc1ccc(cc1)Oc1ccc(cc1)Oc1ccc(cc1)c1ccc(cc1)Oc1ccc(cc1)Oc1ccc(cc1)Oc1c(cc(cc1)C(=O)c1cc(c(cc1)*)S(=O)(=O)O[Na])S(=O)(=O)O[Na],tg,348.0,269.0827934938587,294.2469293807895,278.20602522069504
*Oc1c(cc(c(c1)OC(=O)c1ccc(cc1)OCCCC)OC(=O)C(CCC(=O)*)(C)C)OC(=O)c1ccc(cc1)OCCCC,tg,61.0,63.825060595975366,79.52508802239612,69.5170894807547
*N1C(=O)c2c(C1=O)cc(cc2)Oc1cc2c(C(=O)N(C2=O)c2cc(c(cc2)Oc2c(cc(cc2)*)Br)Br)cc1,tg,251.0,256.58516634378356,259.54076687636274,257.6567162937537
*S(=O)c1ccc(cc1)Sc1cc(ccc1)Sc1ccc(cc1)*,tg,121.0,102.61928395630666,131.26324825830542,113.00412391570633
*Nc1c2c(ccc1)c(ccc2)NC(=O)c1cc(cc(c1)NC(=O)C(CCSC)N1C(=O)c2c(C1=O)cccc2)C(=O)*,tg,198.0,223.04887955429257,199.0001719468167,214.3300452092642
*C(C*)(C(=O)OC1C(CCCC1)C(C)(C)C)C,tg,156.13,118.31665749612552,84.19968407174242,105.94758367743671
*Oc1cc(ccc1)Oc1cc(c(cc1)C(=O)O)C(=O)Nc1ccc(cc1)Oc1ccc(cc1)c1ccc(cc1)Oc1ccc(cc1)NC(=O)c1c(ccc(c1)*)C(=O)O,tg,100.0,208.70818964970195,215.74484649079474,211.25932239004212
*Oc1cc(c(c(c1)Cl)C(c1c(cc(cc1Cl)OC(=O)*)Cl)(C)C)Cl,tg,240.0,165.24318197752677,121.74186595948801,149.47182435022106
*N1C(=O)c2c(C1=O)c(ccc2)Oc1ccc(cc1)C(=O)Nc1ccc(cc1)Oc1ccc(cc1)*,tg,253.0,265.5816350545869,260.1778128303657,263.62248483445944
*c1nc(ccc1)Oc1ccc(cc1)O*,tg,100.0,113.11580289205769,91.07035290410087,105.1232475479671
*C1C(=O)N(C(=O)C1C(C*)(C)C)c1c(cccc1CC)CC,tg,210.0,159.72169509303333,156.76819602104365,158.65090702545055
*C1C2C(C(=O)N(C2=O)CCCCCCCCCC)C(C1)C=C*,tg,46.0,54.33370285526252,60.87843659205721,56.7064893772997
*N1C(=O)c2c(C1=O)cc(cc2)Oc1ccc(cc1)Oc1cc2c(C(=O)N(C2=O)c2ccc(cc2)C(=O)c2ccc(cc2)*)cc1,tg,268.0,250.797504653078,218.23461278683493,238.9918615137108
*OC1CCC(CC1)OC(=O)*,tg,138.0,83.24074076160089,97.71201722533831,88.4872872416792
*Oc1ccc(cc1)S(=O)(=O)c1ccc(cc1)OCC(C*)OC(=O)C,tg,130.0,122.49550192965891,129.3286886040517,124.97286676918011
*c1cc2c(C(=O)N(C2=O)c2c(cc(cc2)Cc2cc(c(cc2)N2C(=O)c3c(C2=O)cc(cc3)C(*)(C(F)(F)F)C(F)(F)F)C(C)(C)C)C(C)(C)C)cc1,tg,274.0,287.98890353746935,257.9982940685313,277.115838750203
*O[Si](*)(CCCCCCCCOc1ccc(cc1)C(=O)Oc1c(cc(cc1)C#N)C)C,tg,1.0,15.977267492122444,31.15021902591392,21.478205551145127
*Oc1ccc(cc1)NC(=O)c1cc(cc(c1)S(=O)(=O)c1ccccc1)C(=O)Nc1ccc(cc1)*,tg,279.0,274.561319006958,297.013685211696,282.7014014092311
*c1nnc(nc1)c1nc(ccc1)c1nc(cnn1)c1ccc(cc1)Oc1ccc(cc1)*,tg,223.0,252.125988716771,207.43014561491876,235.92155651704286
*c1nc2cc3c(cc2nc1c1ccccc1)nc(c(n3)c1cc(ccc1)*)c1ccccc1,tg,365.0,363.0550597873833,350.1572592940077,358.3789754109402
*c1cc2c(C(=O)N(C2=O)c2c(ccc(c2)N2C(=O)c3c(C2=O)cc(cc3)C(=O)OCCN(CCOC(=O)*)c2ccc(cc2)N=Nc2ccc(cc2)C(=C(C#N)C#N)C#N)N=Nc2ccc(cc2)C(=C(C#N)C#N)C#N)cc1,tg,121.0,191.17690010632757,188.61665939392518,190.2486874547714
*C(C*)c1ccc(cc1)C(=O)CCCCCCC,tg,50.0,38.158957294399016,42.88915093625247,39.87388416100562
*OP(=O)(N=Nc1ccc(cc1)c1ccc(cc1)N=NP(=O)(OCC1CCC(CC1)C*)OC)OC,tg,58.0,62.384408247536726,64.28899820344627,63.07491538795446
*O[Si](C#Cc1ccc(cc1)C#C[Si](*)(C)C)(C)C,tg,126.0,90.26679995558928,99.0586899462786,93.45429067898701
*C(C*)(CCC)C,tg,27.0,17.316017864069476,9.093979331352525,14.33512620389084
*C(C*)(C(=O)OCCCCCCOc1ccc(cc1)OC(=O)c1cc(c(cc1)OC)Br)C,tg,51.0,42.45908955206502,33.90279036534128,39.35701203367253
*c1c2c(C(=O)N(C2=O)N2C(=O)c3c(C2=O)c(ccc3)Sc2ccc(cc2)Sc2ccc(cc2)S*)ccc1,tg,266.0,255.90394466612705,180.20874139487293,228.46072614447337
*Oc1c(cc(cc1OC)c1cc(c(c(c1)OC)OC(=O)CCCCCCCCC(=O)*)OC)OC,tg,94.0,93.62978917762008,102.37413565936785,96.80004305048061
*NC(=O)NCc1ccc(cc1)CNC(=O)NCCCCCC*,tg,72.0,105.4755175676432,114.07055788444696,108.5916406431201
*N1C(=O)c2c(C1=O)cc(cc2)S(=O)(=O)c1cc2c(C(=O)N(C2=O)c2cc(c(cc2)c2c(cc(cc2)*)C(F)(F)F)C(F)(F)F)cc1,tg,320.0,316.4575828720828,292.863862478285,307.90370367599274
*Oc1ccc(cc1)CC(NC(=O)CCc1ccc(cc1)OC(=O)CCCCCCCCC(=O)*)C(=O)OCCCCCCCCCCCC,tg,12.5,27.996385853441662,24.248795665076106,26.63770086384764
*OC(=O)c1ccc(cc1)C(=O)OCCCCOC(=O)CCCCC(=O)OCCCC*,tg,-20.0,-0.2969427122062401,9.129656664013757,3.1206612497073127
*Oc1cc2c(cc1)cc(cc2)C(=O)NCC*,tg,182.0,137.39544151093682,149.45877182801905,141.76898957849713
*NC(=O)CCC*,tg,62.18,62.04686146247318,55.2239261720847,59.573213251737215
*C(C*)(C(=O)OCCCCCCCCCCOc1cc2c(cc1)cc(cc2)C(=O)Oc1ccccc1)C,tg,24.0,38.86947436612768,46.637414605973646,41.685733154697395
*C(=CCCC*)c1ccc(cc1)Cl,tg,16.0,43.500633127125006,39.34553872810488,41.994207902771166
*NC(=O)c1c(cc(cc1)C(=O)NCCCCCCCCCCCC*)Oc1ccccc1,tg,75.0,94.6104770578852,105.57903482588407,98.58711645755622
*c1cc2c(C(=O)N(C2=O)c2cc(c(cc2)Oc2c(cc(cc2)N2C(=O)c3c(C2=O)cc(cc3)C(=O)Nc2ccc(cc2)Oc2ccc(cc2)NC(=O)*)c2ccccc2)c2ccccc2)cc1,tg,345.0,303.45126800700115,326.629658815919,311.85456988691016
*Oc1ccc(cc1)CC(NC(=O)CCc1ccc(cc1)OC(=O)CCCC(=O)*)C(=O)OCCCCCCCC,tg,32.5,34.25715196112293,34.1785042776209,34.228638323913536
*N1C(=S)N(C(=O)CC1=O)c1ccc(cc1)Oc1ccc(cc1)C1(c2ccccc2c2ccccc12)c1ccc(cc1)Oc1ccc(cc1)*,tg,175.0,230.9078268925654,229.62366361492502,230.44225480975484
*c1c(nc2c(n1)cc(cc2)c1cc2c(nc(c(n2)c2cc(ccc2)*)c2ccccc2)cc1)c1ccccc1,tg,320.0,354.3085094134846,350.69365218174244,352.99794662154943
*NC(=O)C(C(C(=O)NCCCC*)OC)OC,tg,100.0,102.59000280179608,102.65251283441782,102.61266575018513
*N1C(=O)c2c(C1=O)cc(cc2)C(c1cc2c(C(=O)N(C2=O)CC(=O)Nc2ccc(cc2)Oc2ccc(cc2)c2ccc(cc2)Oc2ccc(cc2)NC(=O)C*)cc1)(C(F)(F)F)C(F)(F)F,tg,245.0,244.93668650670404,246.92484688481616,245.65749201821188
*Oc1c(cc(cc1)OC(=O)c1c(cc(cc1)C(=O)*)Sc1ccccc1)c1ccccc1,tg,130.0,153.7654195319035,132.21476463772058,145.95225164296272
*Oc1ccc(cc1)NC(=O)c1ccc(cc1)Oc1ccc(cc1)C(c1ccc(cc1)C(c1ccc(cc1)Oc1ccc(cc1)C(=O)Nc1ccc(cc1)*)(C)C)(C)C,tg,174.0,171.24766846489285,186.6125352024291,176.818185184734
*OC(=O)C(=O)OCCCCCC*,tg,66.5,-1.9762518982448771,-17.833096800402647,-7.725134798452938
*Oc1ccc(cc1)Oc1ccc(cc1)NC(=O)c1ccc(cc1)Oc1c(cc(cc1)Oc1ccc(cc1)C(=O)Nc1ccc(cc1)*)C,tg,200.0,220.92190799653144,213.26882997769695,218.14729238870342
*S(=O)(=O)C(C=CC*)C,tg,71.0,53.89982365875678,37.432744394422066,47.92970091471567
*Oc1ccc(cc1)C1(c2ccccc2c2ccccc12)c1ccc(cc1)OC(=O)CCCCCCCCC(=O)*,tg,151.0,129.01042468662928,160.10876981790108,140.28509790523464
*c1cc2c(C(=O)N(C2=O)c2ccc(cc2)Oc2ccc(cc2)C(=O)c2nc(ccc2)C(=O)c2ccc(cc2)Oc2ccc(cc2)N2C(=O)c3c(C2=O)cc(cc3)C(=O)*)cc1,tg,314.5,218.17619084637832,228.68196479607371,221.98504844607882
*Oc1ccc(cc1)C1(c2ccccc2c2ccccc12)c1ccc(cc1)Oc1ccc(cc1)C(=O)c1c(c(c(c(c1c1ccccc1)c1cc2c(cc1)cccc2)c1cc2c(cc1)cccc2)c1ccccc1)C(=O)c1ccc(cc1)*,tg,310.0,307.98486441072424,315.85921403392337,310.83970181238857
*Oc1ccc(cc1)S(=O)(=O)c1cc2c(cc1)ccc(c2)S(=O)(=O)c1ccc(cc1)*,tg,250.0,226.0734789659215,232.53464824213435,228.4159692782481
*Oc1c2c(ccc1)ccc(c2)Oc1ccc(cc1)NC(=O)c1ccc(cc1)Oc1c(cccc1)Oc1ccc(cc1)C(=O)Nc1ccc(cc1)*,tg,180.0,194.62442864845275,216.8725298976096,202.69045500001093
*Oc1ccc(cc1)NC(=O)c1cc(cc(c1)NC(=O)CCN1C(=O)c2c(C1=O)cccc2)C(=O)Nc1ccc(cc1)*,tg,240.0,231.54628388975308,254.73354644026728,239.95280221050345
*Oc1ccc(cc1)C(c1ccc(cc1)OC(=O)c1ccc(cc1)C(c1ccc(cc1)C(=O)*)(C)C)(C)C,tg,227.5,194.30755049473063,198.28318689189527,195.7489134040692
*OC(=O)/C=C/C(=O)OCCCC*,tg,93.0,29.891197917826492,18.204619466606317,25.65424085387632
*Oc1ccc(cc1)NC(=O)c1ccc(cc1)P(=O)(c1ccc(cc1)C(=O)Nc1ccc(cc1)*)c1ccccc1,tg,254.0,280.855802978304,253.36576613849905,270.8893182400356
*N(CCC*)C(=O)C,tg,30.0,44.82611150786073,35.357081001179075,41.39312418299871
*C(C*)c1ccc(cc1)COCCCCCC,tg,-20.0,6.516333792665026,-27.049400044273902,-5.65288867742768
*C(C*)(CC(=O)Oc1ccccc1)C(=O)Oc1ccccc1,tg,132.0,116.10328763208668,116.48302909370905,116.24096251058184
*N1C(=O)c2c(C1=O)cc(cc2)Oc1cc2c(C(=O)N(C2=O)c2ccc(cc2)Oc2ccc(cc2)C(c2ccc(cc2)Oc2ccc(cc2)*)(C(F)(F)F)C(F)(F)F)cc1,tg,246.0,238.87706601593675,242.23311243894008,240.0937972138867
*c1cc2c(C(=O)N(C2=O)c2c(cc(c(c2C)N2C(=O)c3c(C2=O)cc(cc3)C(*)(C(F)(F)F)C(F)(F)F)C)C)cc1,tg,366.25,368.96958485515137,357.8676560996005,364.944591940361
*c1cc2c(C(=O)N(C2=O)c2ccc(cc2)Oc2c3c(ccc2)c(ccc3)Oc2ccc(cc2)N2C(=O)c3c(C2=O)cc(cc3)C(=O)Nc2ccc(cc2)c2sc(c(c2c2ccccc2)c2ccccc2)c2ccc(cc2)NC(=O)*)cc1,tg,340.0,296.050344625105,308.4274115776752,300.53763758895803
*c1cc2c(C(=O)N(C2=O)c2ccc(cc2)C(c2ccc(cc2)C(c2ccc(cc2)N2C(=O)c3c(C2=O)cc(cc3)C(=O)*)(C)C)(C)C)cc1,tg,323.4,294.52033317806314,290.8758962423681,293.19904629471523
*N1C(=O)c2c(C1=O)cc(cc2)Oc1cc2c(cc1)cc(cc2)Oc1cc2c(C(=O)N(C2=O)c2ccc(cc2)Oc2ccc(cc2)c2ccc(cc2)Oc2ccc(cc2)*)cc1,tg,230.0,221.00519281001348,235.02127116549616,226.08670768154042
*Oc1ccc(cc1)Oc1ccc(cc1)OCCCCCCOC(=O)OCCCCCOC(=O)OCCCCCC*,tg,-11.0,-10.239488338267195,-10.118754845580956,-10.195716533985257
*N1C(=O)c2c(C1=O)cc(cc2)C(=O)Oc1ccc(cc1)OC(=O)c1cc2c(C(=O)N(C2=O)CCCOCCCCOCCC*)cc1,tg,56.0,75.12954847650722,80.97884097038875,77.25020348725373
*c1cc2c(C(=O)N(C2=O)c2ccc(cc2)Oc2ccc(cc2)C2(c3c(C(=O)N2)cccc3)c2ccc(cc2)Oc2ccc(cc2)N2C(=O)c3c(C2=O)cc(cc3)C(=O)Nc2ccc(cc2)Oc2ccc(cc2)Oc2ccc(cc2)NC(=O)*)cc1,tg,300.0,303.69612481033874,311.20236607839104,306.41750490436175
*N=P(*)(Oc1cc(ccc1)C(F)(F)F)Oc1cc(ccc1)C(F)(F)F,tg,-35.0,16.428169352530894,29.729800870364482,21.250662253835387
*N1C(=O)c2c(C1=O)cc(cc2)c1cc2c(C(=O)N(C2=O)c2ccc(cc2)Cc2ccc(cc2)*)cc1,tg,298.0,291.2095914891293,259.8107958388386,279.8259902421675
*C(C*)C(=O)OC,tg,10.78,41.10645622966269,46.02235502629657,42.88871031018764
*N(CC*)C(=O)CCCC,tg,13.0,16.797230965943054,38.89343487185736,24.808187091075837
*c1oc(nn1)c1c(cc(cc1)c1oc(nn1)CN1C(=O)c2c(C1=O)cc(cc2)C(c1cc2c(C(=O)N(C2=O)C*)cc1)(C(F)(F)F)C(F)(F)F)Oc1ccccc1,tg,208.0,225.56915846195827,176.16850849172712,207.65900334438004
*Oc1ccc(cc1)S(=O)(=O)c1ccc(cc1)Oc1ccc(cc1)C(=O)c1ccc(cc1)*,tg,201.67,190.14133307279204,188.50697395524134,189.5487978464175
*c1cc2C(c3c(c2cc1)ccc(c3)c1ccc(cc1)c1c(c(cc(c1)c1ccc(cc1)OCC(CCCC)CC)c1ccc(cc1)*)c1ccc(cc1)OCC(CCCC)CC)(CCCCCC)CCCCCC,tg,110.0,122.11828006755673,118.7426235163359,120.89443923767968
*C(C*)(C(=O)OCCO)C,tg,83.78,57.288571795565495,54.65337623193963,56.33318433936535
*C(C*)(c1ccc(cc1)C)C,tg,175.4,125.99085582183648,141.90731041894986,131.76135015597933
*c1ccc2n(c3c(c2c1)cc(cc3)C=Cc1ccc(cc1)c1n(c(nn1)c1ccc(cc1)C=C*)c1ccccc1)CCCCCCCC,tg,147.0,151.735828399246,156.88350900083162,153.60211473607973
*C(C*)(C(=O)OCCCCCCOc1ccc(cc1)C(=O)Oc1ccc(cc1)C#N)C,tg,43.0,41.463876138784634,19.4532773712128,33.483956068997266
*N1C(=O)c2c(C1=O)cc(cc2)Oc1ccc(cc1)Sc1ccc(cc1)Oc1cc2c(C(=O)N(C2=O)c2ccc(cc2)*)cc1,tg,230.67,246.00576854542024,210.14948386884066,233.00610921129066
*SCCC(=O)NCCCCCCNC(=O)CC*,tg,20.5,25.031559961535415,30.1539135635637,26.88866402058517
*Oc1c(cc(cc1)Oc1ccc(cc1)C(=O)c1ccc(cc1)C(=O)c1ccc(cc1)*)c1ccccc1,tg,166.0,159.1357209495969,158.96010313037277,159.07205088886676
*Oc1cc(ccc1)Oc1cc(ccc1)OC(=O)*,tg,71.0,85.37310450502316,85.92828522581661,85.5743847074839
*O[Si](O[Si](O[Si](*)(c1c(c(c(c(c1F)F)F)F)F)c1c(c(c(c(c1F)F)F)F)F)(C)C)(C)C,tg,-42.0,27.427871110602094,-50.59854541741202,-0.8605263928238286
*Nc1c(cccc1)CCc1c(cccc1)NC(=O)Nc1ccc(cc1)CCc1ccc(cc1)NC(=O)*,tg,235.0,179.58162092869773,174.96536386822333,177.90800165313084
*N1C(=O)c2c(C1=O)cc(cc2)Oc1cc2c(C(=O)N(C2=O)c2cc(ccc2)OCCOCCOCCOc2ccc(cc2)*)cc1,tg,107.0,137.45717282814542,145.75659740382994,140.46612071904815
*OC(=O)Nc1ccc(cc1)Cc1ccc(cc1)NC(=O)OCCN(CC*)CCCCCCOc1ccc(cc1)N=Nc1ccccc1,tg,44.0,77.19093026555691,74.52366129078398,76.22391462695148
*Nc1c2c(ccc1)c(ccc2)NC(=O)Nc1cc(cc(c1)C(=O)Nc1ccc2C(=O)c3c(C(=O)c2c1)cccc3)NC(=O)*,tg,178.0,227.75032976216949,225.24943552990095,226.84363311628374
*OC(=O)c1ccc(cc1)N=Cc1c(cc(c(c1)OCCCCCC)C=Cc1c(cc(c(c1)OCCCCCC)C=Cc1c(cc(c(c1)OCCCCCC)C=Nc1ccc(cc1)C(=O)OCCCCOCCCCOCCCC*)OCCCCCC)OCCCCCC)OCCCCCC,tg,14.3,67.84570512118052,23.076199215427668,51.614566547243705
*N1C(=O)c2c(C1=O)c(ccc2)Oc1ccc(cc1)Oc1ccc(cc1)Oc1c2c(C(=O)N(C2=O)c2cc(ccc2)*)ccc1,tg,238.0,231.1926125664725,248.35284541446234,237.41403743328024
*c1cc2c(C(=O)N(C2=O)c2ccc(cc2)C(c2ccc(cc2)N2C(=O)c3c(C2=O)cc(cc3)C(=O)*)(c2ccccc2)C(F)(F)F)cc1,tg,311.0,320.95667970116233,322.45717768702195,321.5006837111613
*Oc1ccc(cc1)S(=O)(=O)c1ccc(cc1)Oc1ccc(cc1)C1(CCCCCC1)c1ccc(cc1)*,tg,247.0,212.02591754137435,210.1607780312379,211.34971311972006
*S(=O)(=O)c1ccc(cc1)NC(=O)CCCCCCCC(=O)Nc1ccc(cc1)*,tg,178.0,126.76699554219674,137.7545436454449,130.75051986848825
*Oc1ccc(cc1)S(=O)c1ccc(cc1)Oc1ccc(cc1)C=NN=Cc1ccc(cc1)*,tg,151.0,176.32174480729796,172.5194529518546,174.94322778425612
*OC(=O)c1ccc(cc1)C(=O)OCC*,tg,77.74,78.42899602052996,74.68100320125207,77.07016505751051
*Oc1ccc(cc1)S(=O)(=O)c1ccc(cc1)Oc1ccc(cc1)C(c1ccc(cc1)*)(C)C,tg,183.86,189.22886536829776,180.12846230089124,185.92952354449682
*C(C*)OCCCCC,tg,-66.0,-63.3931511134119,-56.881611538971356,-61.0323991009838
*OC(=O)NCCCCCCNC(=O)OCCCC*,tg,38.12,19.70544037337406,46.550194185158105,29.437978409856964
*C(C*)(C(=O)OCCCCCCN1CCN(CC1)c1ccc(cc1)N=Nc1ccc(cc1)C#N)C,tg,77.0,80.03144021100393,97.77935666838609,86.46592916928853
*C1(c2c(C(=O)O1)cccc2)c1c(cc(c(c1)C(C)C)Oc1ccc(cc1)S(=O)(=O)c1ccc(cc1)Oc1c(cc(c(c1)C)*)C(C)C)C,tg,230.0,244.8023073625992,211.50422360549888,232.7301211551879
*N1C(=O)c2c(C1=O)cc(cc2)Oc1cc2c(C(=O)N(C2=O)c2c(ccc(c2)C(c2cc(c(cc2)OCCN(c2ccc(cc2)C=CC2=CC(=C(C#N)C#N)CC(C2)(C)C)CC)*)(C(F)(F)F)C(F)(F)F)OCCN(c2ccc(cc2)C=CC2=CC(=C(C#N)C#N)CC(C2)(C)C)CC)cc1,tg,202.0,201.93829326417813,212.65455867534624,205.82346432793574
*c1sc2c(n1)ccc(c2)c1ccc2c(sc(n2)CCCCCCCC*)c1,tg,238.0,117.4938008155366,124.75950972878606,120.12797615035275
*c1nc2c(c(c1)c1ccc(cc1)Oc1ccc(cc1)c1cc(nc3c1cccc3)c1ccc(cc1)Oc1ccc(cc1)*)cccc2,tg,275.67,272.8544065837353,289.8197710397962,279.005182114369
*OS(=O)(=O)c1ccc(cc1)*,tg,119.0,142.96638785159868,141.63645217492873,142.48422103233796
*Oc1ccc(cc1)Oc1ccc(cc1)C(=O)c1c(c(c(c(c1c1ccc(cc1)F)c1ccc(cc1)F)c1ccc(cc1)F)c1ccc(cc1)F)C(=O)c1ccc(cc1)*,tg,266.0,257.1331275304519,265.15890334693586,260.0428643436063
*Oc1c(cc(cc1)C(c1cc(c(cc1)OC(=O)c1ccc(cc1)C(=O)*)C(C)C)(C)C)C(C)C,tg,130.0,123.61480940887982,131.3958116782131,126.43580382287975
*N=P(*)(OCCc1ccccc1)OCCc1ccccc1,tg,-32.7,-20.6995709847299,-17.397058245430674,-19.502248369050342
*OP(=O)(Oc1c(cc(cc1Br)C(c1cc(c(c(c1)Br)*)Br)(C(F)(F)F)C(F)(F)F)Br)Oc1ccc(cc1)Br,tg,152.0,146.41563267178697,128.0652087755907,139.7627052578311
*NC(=O)CCCCC(=O)NCCCP(=O)(CCC*)c1ccccc1,tg,55.0,52.32105003343063,58.72108748237173,54.64137706430813
*OC(=O)CCC(=O)OCCCC*,tg,-22.65,-12.002130621034024,2.9125292025525424,-6.594835957354159
*c1cc2c(C(=O)N(C2=O)c2cc(cc(c2)OCCCC)N2C(=O)c3c(C2=O)cc(cc3)C(=O)*)cc1,tg,244.0,246.66043620267217,236.49035651367325,242.9732842138246
*Oc1ccc(cc1)Oc1ccc(cc1)C=NCCCCCCCCCCCCN=Cc1ccc(cc1)*,tg,118.0,85.32252249062383,92.99748936355759,88.10507388011672
*c1sc(c(c1c1ccccc1)c1ccccc1)c1ccc(cc1)CC(=O)Nc1ccc(cc1)c1ccc(cc1)NC(=O)Cc1ccc(cc1)*,tg,272.0,240.7971795516078,239.16414085470277,240.20512304238778
*NC(=O)c1cc(ccc1)C(=O)NCCCC*,tg,141.0,156.64061173826806,155.17302920900966,156.10854119339257
*Oc1ccc(cc1)Oc1ccc(cc1)C=NCCCCN=Cc1ccc(cc1)*,tg,105.0,107.13184397586018,117.32047676072504,110.8257223706371
*N1C(N2N(C1=O)C(N(C2=O)c1ccc(cc1)Oc1ccc(cc1)*)c1ccc(cc1)OC)c1ccc(cc1)OC,tg,163.0,210.5837034196461,210.37719376907356,210.50883355705807
*C(C*)(C(=O)OCCCCCCOc1ccc(cc1)C=Nc1ccc(cc1)C#N)C,tg,35.0,62.35792003810769,30.397452044818923,50.77068505769478
*c1cc2c(C(=O)N(C2=O)c2cc(ccc2)C(c2cc(ccc2)N2C(=O)c3c(C2=O)cc(cc3)C(*)(C(F)(F)F)C(F)(F)F)(c2ccccc2)C(F)(F)F)cc1,tg,305.0,275.5326884256852,286.68706598105587,279.57669659920333
*c1ccc2n(c3c(c2c1)cc(cc3)c1cc2C(c3c(c2cc1)ccc(c3)*)(CCCCCC)CCCCCC)c1ccccc1,tg,170.0,158.2915095696883,162.41594887234808,159.78682082021209
*CCCCOC(=O)NC1CCC(CC2CCC(NC(=O)O*)CC2)CC1,egc,6.1232,6.235986172238163,5.353963378273723,6.10335641468322
*CCCCCc1nnc(*)o1,egc,6.1707,6.15573460308643,6.353256765833604,6.185436008465238
*C(OC(F)(F)F)C(*)(F)F,egc,8.5308,7.7792347934541075,6.586720277279419,7.599916399141301
*C(F)(F)CC(F)(F)C(=O)*,egc,4.9534,6.5942239802398985,4.873836779868106,6.3355293763733025
*CCCCCCCCc1nc(-c2ccc(-c3csc(*)n3)cc2)cs1,egc,3.6182,3.744505492514085,4.395613129148309,3.842412540472362
*CNC(=O)CC(=O)N*,egc,6.3692,5.680025940101035,5.361000020569218,5.632054016188428
*Oc1ccc(C(C)(C)c2ccc(OC(=O)SCCCSC(*)=O)cc2)cc1,egc,4.8294,4.538732290423842,3.9854305815082895,4.45553231871068
*c1ccc(Oc2ccc(S(=O)(=O)c3ccc(Oc4ccc(-c5c6c(c(*)c7ccccc57)C(=O)N(c5ccccc5)C6=O)cc4)cc3)cc2)cc1,egc,3.4421,2.9717629214566856,2.6677672848936234,2.9260511010241346
*Nc1ccc(Cc2ccc(NC(=O)c3cc(C(*)=O)cc(N4C(=O)C=CC4=O)c3)cc2)cc1,egc,2.1937,3.364818864302459,3.0890201784586164,3.3233470190307193
*OC(=O)C(CC(C)C)NC(=O)CCCCC(=O)NC(CC(C)C)C(=O)OC1COC2C(*)COC12,egc,5.6427,5.457121334402533,5.354602176212078,5.441705529744673
*Oc1ccc(CC(NC(=O)Cc2ccc(OC(=O)CC(C)CCC(*)=O)cc2)C(=O)OCCCCCC)cc1,egc,4.8662,5.171836001393854,5.29299949603599,5.190055354713134
*CNC(=O)NCOC(=O)NCCCCCCNC(=O)O*,egc,6.3471,6.134925401866105,5.605698776191295,6.055345600147625
*C(C=C1)=CC=C1C(S2)=CC=C2C(S3)=CC=C3C(S4)=CC=C4*,egc,2.0066,2.553902977865681,2.553445968488955,2.5538342573708706
*NC(C)C(*)=O,egc,6.0729,5.606028844945063,6.049463220709798,5.672708067014664
*OC(CC(*)=O)C1CO1,egc,6.757,5.9862761860260365,6.113181927698524,6.00535900096634
*Oc1ccc(C(C)=NCCN=C(C)c2ccc(*)cc2)cc1,egc,4.4026,3.659389314658503,3.9793827060891305,3.7075067173095952
*C(=O)C(O)c1ccc(*)s1,egc,4.0132,3.516384265179236,3.232446307871621,3.473688517749524
*CC(*)c1cccc(C)c1,egc,5.185,4.200089067040132,4.391347735809035,4.228848630900251
*CC(*)C(=O)OCCCSCC,egc,4.5768,4.7632921205280345,4.586582595280849,4.7367203112147624
*CCCCCCCCNC(=O)CC(=O)N*,egc,6.004,5.875694323943549,5.753098344536314,5.85725956790634
*CCOCCOCCOC(=O)c1cccc(C(=O)O*)c1,egc,4.9478,4.846150974523495,4.637284492212325,4.8147437239401265
*C(=O)c1ccc2c(c1)C(=O)N(c1cc(C(=O)OC)cc(N3C(=O)c4ccc(*)cc4C3=O)c1)C2=O,egc,3.4437,3.0644955052380904,3.141902232020649,3.076135153869106
*CCCCCCCOc1ccc(C=CC=Cc2ccc(O*)c(C)c2)cc1C,egc,3.4306,3.3493933849267967,3.6320323704334805,3.391893805981492
*CCCCCCCCNC(=O)Cc1ccc(CC(=O)N*)cc1,egc,5.1086,5.149128587122518,5.442505098437572,5.193243609811603
*CC(*)SCC,egc,4.9086,4.619946396278446,4.7776663454834605,4.643662743256984
*C=C(*)c1ccc(C#C)cc1,egc,0.2378,0.6963601162129404,0.7035275126723814,0.6974378775375011
*C1(C)CC(*)(C)C(=O)N(C)C1=O,egc,5.3373,5.206863923385684,3.761685661170407,4.989552484437753
*NC(=S)C(C=C1)=CC=C1O*,egc,3.2939,2.992594149987666,2.2469870107393066,2.880477212889857
*C(=O)c1ccc2c(c1)C(=O)N(c1ccc(-c3nc(-c4ccccc4)nc(-c4ccc(N5C(=O)c6ccc(*)cc6C5=O)cc4)n3)cc1)C2=O,egc,2.8991,2.523191166373425,2.9389031532957066,2.585701773146258
*CC(=O)C(C=C1)=CC=C1C(C=C2)=CC=C2*,egc,3.9429,3.299391477678629,3.8525293370700187,3.382566811340696
*C=Cc1cccc(C=Cc2cc(*)ncn2)c1,egc,3.4013,2.95636302607992,2.852886195296983,2.9408032162051563
*c1cc(OCCCCCCC)c(*)s1,egc,1.6057,2.3940370876977166,1.8151671080051397,2.3069924153969272
*c1cc(-n2c(=O)c3cc4c(=O)n(-c5ccc(-c6nnc(*)n6N)cc5)c(=O)c4cc3c2=O)c(-c2c(Cl)cccc2Cl)s1,egc,2.1911,1.9274857957152576,1.9563560973930718,1.9318270226520993
*CC(CO*)(CS(=O)(=O)CCCC)CS(=O)(=O)CCCC,egc,5.4465,5.529228977253061,5.214612672959992,5.481920127134043
*CCOC(=O)CCCCCC(=O)O*,egc,6.8822,6.67254383494161,6.890305483212113,6.7052886515297025
*NC(=O)NC(S1)=CC=C1*,egc,3.228,3.5605201997458775,3.5711020781724314,3.562111396685224
*c1nc(C)nc(N(CCCCCCN(*)c2ccccc2)c2ccccc2)n1,egc,3.751,3.70538221475478,3.6635063435764224,3.699085340479203
*CCCCCCCCO*,egc,6.1709,6.256641704232369,6.19339369044614,6.247131101114513
*CCOC(=O)C1C2C=CC(C2)C1C(=O)O*,egc,5.7779,5.224195006882894,5.093387702214635,5.204525513959035
*c1ccc2c(c1)SC1(CCC3(CC1)Nc1ccc(*)cc1S3)N2,egc,3.8947,3.160316416988094,3.3913382059309156,3.1950551607791433
*NC(CC(*)=O)C(=O)OCCCCCCCC,egc,5.5889,6.004399203967729,6.098750765572493,6.018586847219357
*Oc1ccc(Oc2ccc(C=NCCCCN=Cc3ccc(*)cc3)cc2)cc1,egc,4.1246,4.092417994657077,4.139020800204214,4.099425658000238
*CNC(S1)=CC=C1C(=S)*,egc,2.4271,2.9064171906167893,2.9197940244427847,2.908428664967946
*O[Si](c1ccccc1)(c1ccccc1)c1cccc(*)c1,egc,4.6928,4.259008820455182,3.6592722631029413,4.168826441107658
*C(S1)=CC=C1C(S2)=CC=C2C(S3)=CC=C3O*,egc,2.5408,2.702043094431646,2.8578210816209064,2.725467428603833
*CCCCCCCCCCCCCCCCCCCCOC(=O)CC(=O)O*,egc,6.2688,6.487925489070914,6.605910141419966,6.505666839910528
*CCCOC(=O)CCCCCCCCCCC(=O)O*,egc,6.5126,6.692144007738457,6.765925318855648,6.703238502656866
*Oc1cccc(NC(=O)c2ccc(*)cc2)c1,egc,4.3679,4.109898722658609,4.0169488279224925,4.095921848038172
*CC1CCC(COC(=O)CCCCCCCCCCC(=O)O*)CC1,egc,6.723,6.59329006164285,6.852081173098828,6.6322044781462
*OC(C)CCOC(=O)CCCCCCCCCCC(*)=O,egc,6.742,6.583622337025606,6.629213428262609,6.590477868899393
*CCCCCCCCOC(=O)CC=CCC(=O)O*,egc,6.197,5.923694061015905,5.950997909460874,5.927799740397837
*C=Cc1ccc2c(c1)Sc1cc(*)ccc1N2CCCCCCCC,egc,2.6367,2.984953210595829,2.167570831210589,2.862043431450237
*CCCCCCCCCCOC(=O)CCCC(=O)O*,egc,6.7292,6.648710753006379,6.661534308241817,6.650639030862131
*CCCCCCCCCCCCCCCCCCNC(=O)NCCCCCCCCCCNC(=O)N*,egc,5.6443,5.667884486067867,5.702656927059241,5.6731132176265495
*c1cc(CCOC(=O)C(C)Br)c(*)s1,egc,2.3659,2.782005018362392,3.437716638246723,2.8806043672299277
*CCCOC(=O)O*,egc,7.1953,7.1715076206548645,7.252690887101456,7.183715147512458
*OC(C)(CC(*)=O)C(F)(F)F,egc,6.2535,6.642674225873307,6.338796843099779,6.596980187261751
*NNC(=O)c1cccc(C(=O)NNC(=S)c2cccc(C(*)=S)c2)c1,egc,3.2068,3.13570432359643,3.6315591289153843,3.210266005065354
*c1ccc(-c2cc(C(=O)OCCCCCCCCCCCC)c(*)s2)s1,egc,2.5061,1.9219707529840575,2.0998895329665865,1.9487243979182107
*NNC(=S)c1ccc(C(*)=S)cc1,egc,3.4154,2.016366865926399,1.697001269392263,1.9683438647867937
*c1ccc(C(=O)c2ccc(-n3c(=O)c4cc5c(=O)n(*)c(=O)c5cc4c3=O)cc2)cc1,egc,2.9955,2.622227925909558,2.9248602327624753,2.667734742469011
*Oc1ccc(C=Nc2ccc(N=Cc3ccc(*)cc3)cc2)cc1,egc,2.8416,2.950904935281889,2.7565762565903515,2.921683734064418
*CCCCCOCO*,egc,6.5668,6.324604730433086,6.669038605996235,6.376397248406826
*CCNC(=O)CCCCCCCCCCCCCCCCC(=O)N*,egc,5.9348,5.865119599692754,5.9819663070810565,5.882689837761488
*OC(C)CCOC(=O)CC(*)=O,egc,6.8752,6.242472386895152,6.499337447833258,6.281097183203909
*CCOCCOCCOC(=O)CCC(=O)O*,egc,6.2323,6.327409323591524,6.149843106565748,6.300708693545192
*c1cc(CCCCCCOC(=O)COc2ccccc2)c(*)s1,egc,2.6531,2.8701201838383956,2.8941359251054113,2.8737314305811585
*CC(*)(C)C(=O)OCCOCCO,egc,5.7449,6.171279954401931,5.50780389923681,6.07151306748902
*Cc1cccc(CNC(=O)C2=C(C(=O)N*)C3C=CC2C3)c1,egc,3.5629,3.795768079525848,5.096124958332516,3.9913027286881975
*CCCCCCCCCCOC(=O)C(=O)O*,egc,5.4658,5.619436730554388,5.402790811272765,5.5868596861217386
*c1ccc(-c2ccc(N3C(=O)c4ccc(-c5cccc6c5C(=O)N(*)C6=O)cc4C3=O)c(C)c2)cc1C,egc,2.9133,2.758746853340279,2.8066524610901595,2.765950419035935
*C(=O)c1ccc2c(c1)C(=O)N(c1cc(-c3nc4ccccc4s3)cc(N3C(=O)c4ccc(*)cc4C3=O)c1)C2=O,egc,2.5125,2.712527536114859,2.6496469351956264,2.7030721808656577
*CC(*)(CF)C(=O)OC,egc,6.854,6.3808501243885045,6.570930127129,6.40943245225126
*c1cc(CCCCBr)c(*)s1,egc,2.5458,2.576176268241282,2.401186416074491,2.5498630461496625
*CCOC(=O)NCCSCCCCSCCNC(=O)O*,egc,5.1396,5.187108201889452,5.2637493019716945,5.198632723242199
*c1ccc(*)c(O)c1,egc,5.0734,3.854042481364143,3.969471416484239,3.8713995290329373
*C([2H])=C(*)[2H],egc,1.4005,2.32821352905627,2.0505923634692724,2.28646763752616
*CCCCCCCCCCOC(=O)CC(C)(C)CC(=O)O*,egc,6.7584,6.38755442936255,6.166574010766345,6.354325606316979
*C(=O)C(S1)=CC=C1C(C=C2)=CC=C2C(S3)=CC=C3*,egc,2.5282,2.6195178174358564,2.4974648371408823,2.601164712169018
*CCCCOC(=O)c1cccc(C(=O)O*)c1,egc,5.1711,5.042651869864632,5.113692614669716,5.0533342658576785
*Oc1ccc(C2(c3ccc(OC(=O)CCCCCCCCC(*)=O)cc3)c3ccccc3Cc3ccccc32)cc1,egc,4.6067,4.196033505641765,4.2917679582068455,4.210429094191458
*CC(*)C(=O)OCC(F)(F)C(F)(F)C(F)(F)C(F)(F)F,egc,6.3101,6.44941551447813,6.4731646470200355,6.4529866712699135
*CC(CC(*)(C#N)C#N)c1ccc(CCl)cc1,egc,5.4178,4.962938819230966,4.388531845313629,4.876565249058134
*CCOC(=O)NCCCOCCCNC(=O)O*,egc,6.238,6.202084599620785,5.943051376666071,6.163133776814108
*c1ccc(Oc2ccc(C(=O)c3ccc(Oc4ccc(-c5cc(*)[nH]n5)cc4)cc3)cc2)cc1,egc,3.5958,2.9417872801301335,3.4838260136632395,3.0232936383623943
*CC(*)C(=O)O,egc,6.7889,6.464444889880724,5.65678821495731,6.342997564805083
*Oc1c(C)cc(*)cc1C,egc,4.5265,4.601531991380261,4.8182849674872745,4.634125133946535
*CCC(F)(F)C(*)(F)Cl,egc,7.738,6.6073886048655135,5.871748988473272,6.496770484066871
*C1C(=O)OC(=O)C1C1C2CC(C(=O)OC3CCCCC3)C(C2)C1*,egc,6.0803,5.769030954113311,3.6864140791257136,5.455867878170655
*c1ccc(C(CCCCCCCC)c2ccc(-n3c(=O)c4cc5c(=O)n(*)c(=O)c5cc4c3=O)cc2)cc1,egc,2.4696,2.5610106104638013,2.9606125906928096,2.621098755712331
*Oc1cc(OC(=O)c2ccc(C=Nc3ccc(OCCCCCCOc4ccc(N=Cc5ccc(C(*)=O)cc5)cc4F)c(F)c3)cc2)c(Cl)cc1Cl,egc,2.9795,3.312553263632163,2.930004680072221,3.2550294374479303
*c1ccc(Oc2cccc3c(Oc4ccc(-n5c(=O)c6cc7c(=O)n(*)c(=O)c7cc6c5=O)cc4)cccc23)cc1,egc,1.8659,2.143103054751354,2.4211505254494905,2.184913049776206
*Nc1c(Cl)cc(*)cc1Cl,egc,4.3983,3.77338585376056,3.977165219650911,3.8040281547052537
*c1cc(CCCCCCCC)c(*)[nH]1,egc,2.9335,3.0053966975483477,2.958987959320573,2.9984182161058053
*NC(CC(*)=O)C(=O)OCCCCCC,egc,6.1077,5.865628759468251,5.595077939101609,5.824946035668978
*NC(C)(CCC)CC(*)=O,egc,6.1134,5.788020341571193,4.971653380921796,5.665263250929429
*CC1CCC(COC(=O)CCCCCCCC(=O)O*)CC1,egc,6.8523,6.6355778638738085,6.745962711524483,6.652176432166863
*CCSCCO*,egc,5.5968,5.073192679359977,4.464068322830591,4.981598656756338
*CCC1CC(*)C2C3CC(C12)C(C)(C(=O)OC)C3,egc,6.4636,5.870634530169809,5.919592856381869,5.877996393128719
*C1=C2OCCOC2=C(c2sc(-c3sc(*)c4c3OCCO4)c3c2OCCO3)S1(=O)=O,egc,2.0121,2.145825979957214,1.585665659123892,2.0615946788475306
*C(=O)c1ccc(N=Nc2ccc(C(=O)N3C(=O)N(*)C(CC)(CC)C3=O)cc2)cc1,egc,3.6611,3.0972519520809585,2.7694392574566553,3.04795876089705
*C=Cc1cc(OC)c(C=Cc2ccc(*)s2)cc1OC,egc,1.7107,2.681854416797771,2.4947122903615777,2.653713857361674
*C(=O)N(*)CCCCCCCCC=C,egc,5.1782,5.397411337670515,4.503619527887694,5.26301187334004
*C(=O)NCCCCCCNC(=O)c1cc(O)cc(*)n1,egc,4.8984,4.0602071986169035,4.186708968655303,4.079229268347157
*C*,egc,6.8972,5.3225623000067985,6.278493286049805,5.466305631568879
*CNCN*,egc,5.1634,5.4202869633065305,4.404416374950162,5.267530514422359
*Oc1ccc(CC(NC(=O)CCc2ccc(OC(=O)CCCCCCC(*)=O)cc2)C(=O)OCC(C)C)cc1,egc,5.1444,4.933849523225763,5.137082289415824,4.964409631979705
*CC(*)C(=O)N(O)c1ccc(C)cc1,egc,4.2873,4.118825333208292,4.037450068394428,4.106588935558384
*c1ccc(-c2ccc(-n3c(=O)c4cc5c(=O)n(*)c(=O)c5cc4c3=O)cc2OC(F)(F)F)c(OC(F)(F)F)c1,egc,2.7837,2.4408073859304857,2.925119530553575,2.513633397641091
*CCCCCCCc1nnc(-c2ccc(-c3nnc(*)o3)cc2)o1,egc,3.843,4.35949093963201,4.612906994881712,4.397597108994401
*CCCC(CCNC(=O)c1ccc(C(=O)N*)cc1)C(C)C,egc,4.6978,4.710303811654213,4.968761781830572,4.749168133707114
*c1cc(C)c(-c2c(C)cc(N3C(=O)c4ccc(-c5ccc6c(c5)C(=O)N(*)C6=O)cc4C3=O)cc2C)c(C)c1,egc,3.1002,2.8325824785561284,3.1186520457636737,2.87559875614239
*C([2H])([2H])C(*)(C(=O)OC([2H])([2H])C([2H])([2H])[2H])C([2H])([2H])[2H],egc,6.3862,6.384480922631254,5.105751220586811,6.192198351794092
*C=CC1CC(*)C(C#N)(CC)C1,egc,6.1381,5.7865642797084,5.773637696250908,5.784620509500066
*CCCCCCCCCCCCOC(=O)NCc1ccc(CNC(=O)O*)cc1,egc,5.664,5.3293925763929195,5.45546980271491,5.3483508074893376
*CC(S1)=CC=C1OC(S2)=CC=C2*,egc,4.6308,4.3753677472467025,4.364927857321684,4.373797901116728
*CC(F)(F)C(F)(F)C(F)(F)C(F)(F)COC(=O)O*,egc,7.7624,6.963759182367709,7.313457239768095,7.016343275304789
*Nc1ccc(*)cc1Cl,egc,4.3667,3.427250437265396,3.545048708951679,3.4449637620468567
*C=Cc1cc([Si](C)(C)C)c(*)cc1[Si](C)(C)C,egc,2.2084,3.1047292162543116,2.842040991545043,3.065228790875131
*c1ccc(Cc2ccc(N3C(=O)N(*)C3=O)cc2)cc1,egc,4.1662,4.1151843699163315,4.210099105675641,4.12945669765921
*CCCCCNC(=O)CCCCCCCCOCCCCCCCCC(=O)NCCCCCO*,egc,5.9278,5.685840738354678,5.8069393809671945,5.704050339874997
*C#CC(CO)=C(*)n1c2ccccc2c2ccccc21,egc,1.5113,2.1259001248048013,1.9742592890405986,2.1030978940456198
*C(=O)Oc1ccc2ccc(OC(=O)c3ccc4c(c3)C(=O)N(c3ccc(Oc5ccc(N6C(=O)c7ccc(*)cc7C6=O)cc5)cc3)C4=O)cc2c1,egc,2.5688,2.6419081892100524,2.591963696647948,2.6343980364282373
*c1ccc(Cc2ccc(N3C(=O)C(=O)N(*)C3=O)cc2)cc1,egc,3.5238,3.782930343628731,3.5389926508373906,3.7462494355220275
*C(=O)Nc1nc(C#N)c(*)n1C,egc,4.1864,3.5819704215967803,3.664657769609806,3.5944041171825107
*C=C(*)c1ccc([N+](=O)[O-])cc1,egc,0.7984,1.5180718175310493,1.2764775050525323,1.481743283495487
*NC(CCC(=O)OCCCCCCCC)C(*)=O,egc,5.9976,5.741303557355025,5.690909956086211,5.7337258721020605
*CC(*)C(=O)NCCC(F)(F)C(F)(F)C(F)(F)C(F)(F)C(F)(F)C(F)(F)C(F)(F)C(F)(F)F,egc,5.7478,6.147876503986218,5.665011150620856,6.075268046260678
*Oc6ccc(Oc5ccc(OC(=O)c4ccc(C3(c1ccc(C(*)=O)cc1)OC(=O)c2ccccc23)cc4)cc5)cc6,egc,3.6172,3.819247167884757,3.4574699414515186,3.764846730436794
*CC(*)(F)C(=O)OCC(F)(F)C(F)(F)C(F)(F)F,egc,6.7366,6.548208829256038,6.451817649934845,6.533714488711456
*Oc1ccc(Oc2ccc(OC(*)=O)cc2)cc1,egc,4.7541,4.679158069952305,4.944584156042496,4.719070187516378
*/C=C\C(C#N)C*,egc,5.3057,4.729368276585714,5.063296537662593,4.779581065427945
*c1ccc2c(c1)c1cc(*)ccc1n2C(=O)NO,egc,3.8619,3.6692244128645695,3.8449545738832,3.6956489551898692
*Oc1ccc(C(C)(C)c2ccc(OC(=O)c3ccc(C(*)=O)cc3)c(C(C)C)c2)cc1C(C)C,egc,3.2409,3.8703231951172654,3.576726019344765,3.8261749911162104
*Oc1ccc(C(*)=O)cc1,egc,4.5225,4.360448564689616,4.306312778079495,4.352308167069194
*CCCCCCNC(=O)C(=O)N*,egc,5.1495,5.440274919695781,5.725098064910782,5.483103772821118
*CNCO*,egc,5.5885,6.034669238474218,5.601308424640847,5.96950477779833
*c1cc(OCCOC)c(*)s1,egc,1.6015,2.019575354851637,1.732632300064185,1.976427730947862
*Oc1c(C)cc(N=Nc2ccc(C(*)=O)cc2)cc1C,egc,3.7116,3.186159522011477,3.1008484181860423,3.173331292293904
*Nc1cc(OCC)c(*)cc1OCC,egc,3.3635,3.817454457522645,3.5708372899550906,3.78037063682414
*c1cccc(-c2nnc(*)n2-c2ccccc2)c1,egc,3.947,3.437528469915381,3.671819656014454,3.472758832919847
*CC(S1)=CC=C1C(C=C2)=CC=C2C(=S)*,egc,2.7134,2.833655472128015,2.3415215039572836,2.7596532928989963
*CC(*)OC(=O)C(F)(F)C(F)(F)C(F)(F)F,egc,6.4207,6.51902606473984,6.554125400803195,6.524303951506802
*Oc1ccc(Oc2ccc(C(=O)c3ccc(*)cc3)cc2)cc1C(=O)O,egc,3.6534,3.679603428564615,3.483496399276558,3.6501148167880544
*OC(CC)CC(*)=O,egc,6.4081,6.544828869444344,6.431342172411577,6.527763876094781
*C1=CC=C(c2sc(-c3sc(*)c4c3OCCO4)c3c2OCCO3)S1(=O)=O,egc,1.7929,1.7908399088443123,2.034122999526691,1.8274223844392938
*N=NNc1ccc(NN=Nc2ccc(*)cc2)cc1,egc,1.9731,3.201465316684219,2.4184508224887753,3.0837234360460015
*CC(=O)NCCCCCCNC(=O)COC(=O)CCC(=O)O*,egc,5.663,5.761326297565728,5.951491070744801,5.789921372358374
*CC(CS(=O)(=O)CC)O*,egc,5.3436,5.637066524034456,5.671783113761691,5.642286857239182
*c1cc(COCCCCCCCCOc2ccc(-c3ccc(OC)cc3)cc2)c(*)s1,egc,2.6611,2.6793146308023847,2.5166562564157124,2.6548556928851235
*C(F)(F)C(F)(F)CO*,egc,8.1009,7.944465581473192,7.749023437780893,7.915076948536148
*Nc1ccc(NC(=O)CCCCC(*)=O)cc1,egc,4.5219,4.379034338113301,4.480231072662222,4.3942512899431385
*CCOCC(=O)O*,egc,5.8983,6.310407426390892,6.454708504147669,6.3321059778214925
*C=Nc1cccc(N=Cc2ccc(Sc3ccc(*)o3)o2)c1,egc,2.8126,3.0322835621714916,2.687889963672206,2.9804971006593917
*C(=O)c1ccc2c(c1)C(=O)N(c1ccc(-c3ccc(N4C(=O)c5ccc(*)cc5C4=O)cc3C)c(C)c1)C2=O,egc,2.8033,2.6673237146545095,2.7119947176130896,2.6740408928642734
*c1ccc(-c2cc(CCCCCCCCCF)c(*)s2)s1,egc,1.9235,1.927918312647911,1.5293950015403974,1.867992366862984
*C=CC(C(=O)OC(C)C)C(*)C(=O)OC(C)C,egc,5.3094,5.39709417501733,4.655474551423143,5.285576840603349
*c1ccc(-c2ccc(N3C(=O)c4ccc(-c5ccc6c(c5)C(=O)N(*)C6=O)cc4C3=O)c(C)c2)cc1C,egc,2.83,3.0994254217335,2.940469894681206,3.07552328092804
*OC1CCC(OC(=O)CCC(*)=O)CC1,egc,6.4253,6.500079975439415,6.506009399155867,6.500971582816611
*C(=O)c1ccc2c(c1)C(=O)N(c1cc(OCCCCCCCC)cc(N3C(=O)c4ccc(*)cc4C3=O)c1)C2=O,egc,2.6342,2.8747982883118506,2.9004987453627233,2.8786628657479825
*CCC=C(*)Cl,egc,5.461,4.811337892057715,5.3734155899518035,4.895857509134345
*CCCCc1nc2cc3nc(*)[nH]c3cc2[nH]1,egc,4.4637,4.061745819962344,3.916517384637146,4.039907821784668
*CCCCCCCCCCCCNC(=O)c1cccc(C(=O)N*)c1,egc,4.8693,5.0517708941927575,4.933336413716688,5.033961902702772
*C(F)(F)C(=S)C(F)(F)O*,egc,2.9412,3.736758722279809,4.338782754217531,3.827285069154887
*c1ccc(C(c2ccccc2)(c2ccc(N3C(=O)c4ccc(Oc5ccc6c(c5)C(=O)N(*)C6=O)cc4C3=O)cc2)C(F)(F)F)cc1,egc,3.2662,3.2446762156830524,3.5897095368585092,3.2965588722867354
*CCC(Cl)C(*)C,egc,6.7613,6.827365818374717,6.841105709277582,6.829431885614418
*OC(=O)C=CC(=O)OC1COC2C(*)COC12,egc,4.1943,5.250242347751761,5.285297726476941,5.255513624654277
*CC1CC(CNC(=O)c2cccc(C(=O)N*)c2)CC(C(C)(C)C)C1,egc,4.8842,4.710952423067683,4.966642240896872,4.749400498083441
*CCNC(=O)CCCCCCCCC(=O)N*,egc,5.9828,5.822194325007435,5.748006461641798,5.811038696832026
*CC(*)c1cccs1,egc,1.7879,4.190024265136299,3.2605736489189137,4.0502627864854714
*c1nc(-c2ccccc2)nc(N(*)C)n1,egc,4.2966,4.191920065596898,4.065360519509309,4.172889308082782
*CCCCOC(=O)Nc1ccc(C)c(NC(=O)O*)c1,egc,4.832,5.0993805541415576,5.0784213556465,5.096228919700853
*CCCCCCCCNC(=O)NCCCCCCNC(=O)N*,egc,5.7995,5.775943054926327,5.788094472187381,5.77777026340247
*CCCCCNC(=O)c1cccc(C(=O)N*)c1,egc,4.9725,4.977418297290675,4.901241307774908,4.965963564238562
*c1ccc(-c2ccc(-c3nc4ccc(-c5ccc6nc(*)c(-c7ccccc7)nc6c5)cc4nc3-c3ccccc3)cc2)cc1,egc,2.8449,3.1405667838107214,2.9794743769982652,3.116343320419888
*CC(*)C(=O)c1ccc(Br)c(OC)c1,egc,3.8338,4.1415417035629085,3.756890199049008,4.0837016611786074
*CCOC(=O)NCCSCCSCCNC(=O)O*,egc,5.2808,5.251836002816895,5.365055699388406,5.26886084731012
*CC(*)c1ccc2c(c1)OCO2,egc,4.4057,3.8644539811391208,3.6396123564864453,3.8306445485824994
*Oc1ccc(NC(=O)c2ccc(Oc3ccc(C(=O)Nc4ccc(*)cc4)c(C(=O)O)c3)cc2C(=O)O)cc1,egc,3.3446,3.2350820721640705,3.4968765518897618,3.274448105120177
*CCC(C)(C)CC(C)CNC(=O)CCCCC(=O)N*,egc,5.8095,5.459813346114919,6.00777164723459,5.542209829658236
*C(F)(F)NC(F)(F)C(S1)=CC=C1*,egc,4.586,4.513487895296226,4.299645740067864,4.481332452832562
*CC(*)n1ccnc1,egc,4.8897,4.25796245494102,4.0858543719317675,4.232082564445035
*CCCCCCCCNC(=O)CCCCCCCCCCCCC(=O)N*,egc,5.9612,5.917349033437177,5.864983602609014,5.90947484419567
*c1cccc(-c2nc3cc(-c4ccc5nc(*)c(-c6ccccc6)nc5c4)ccc3nc2-c2ccccc2)c1,egc,3.3649,2.994844280793417,3.1394110061467977,3.016582777650114
*Oc1ccc(C(=O)c2ccc(OC(=O)OC3C(C)(C)C(OC(*)=O)C3(C)C)cc2)cc1,egc,4.4802,4.325317860401629,5.013575119999315,4.428811096744852
*c1cc(OCCOCCOC)c(-c2sc(*)c3c2OCCO3)s1,egc,2.2046,1.4262562143848183,1.5376281405829146,1.443003209667886
*C(=O)Nc1ccc(Oc2ccc(NC(=O)c3ccc4c(c3)C(=O)N(c3ccc(S(=O)(=O)c5ccc(N6C(=O)c7ccc(*)cc7C6=O)cc5)cc3)C4=O)cc2)cc1,egc,2.7174,2.7891333661633655,2.8059712318255343,2.7916652758325915
*CC(*)C1CCCCC1C,egc,6.4889,6.285988969293148,4.802347900304133,6.062893878525569
*CCCCCCCCCCCCCCCCCCCCOC(=O)CCCCSCCCCC(=O)O*,egc,5.0235,5.33181368625867,5.208551169112923,5.313278702949257
*c1ccc(Oc2ccccc2Oc2ccc(-n3c(=O)c4cc5c(=O)n(*)c(=O)c5cc4c3=O)cc2)cc1,egc,2.1614,2.2113708404898067,2.056728910268071,2.188117335190981
*CCN(*)C(=O)c1ccc(F)c(F)c1,egc,5.106,4.434514109545521,3.9217795319678754,4.357414216912927
*CC(=O)Nc1ccc(Oc2cccc(NC(=O)CN3C(=O)c4ccc(C(=O)c5ccc6c(c5)C(=O)N(*)C6=O)cc4C3=O)c2)cc1,egc,2.0094,2.9969409559254223,2.4109005832255703,2.908818071709208
*c1cccc(*)c1N,egc,3.8845,4.106327892845537,3.9368188361031065,4.080838817899905
*CCCCCCn1cc2c(n1)C(=O)c1cn(*)nc1C2=O,egc,4.1587,3.7129500525344814,3.597055587345968,3.695523003114564
*Cc1c(C)c(C)c(CNC(=O)CCCCCC(C)CC(=O)N*)c(C)c1C,egc,5.3395,4.374389922636141,5.126899988843149,4.487544852782667
*CCC(=O)OCCOC(=O)CCN1CCN(*)CC1,egc,5.0863,5.461816800206535,5.150387449609489,5.41498717227875
*NC1CCC(CC2CCC(NC(=O)CCCCCCCCCCC(*)=O)CC2)CC1,egc,5.7012,5.735119310788516,5.670567695962337,5.725412685197022
*C(C=C1)=CC=C1C(C=C2)=CC=C2C(C=C3)=CC=C3C(S4)=CC=C4*,egc,2.8936,2.7613923557393094,2.2684078944551174,2.6872622878704364
*CCCCCCNC(=O)C(CCCCCCCCCCCCCCC)C(=O)N*,egc,5.9375,5.913176792617563,5.827411864395191,5.900280321330554
*OC(*)CCCCC,egc,6.039,6.155775268632413,5.977020391533685,6.128895899784352
*Oc1ccc(S(=O)(=O)c2ccc(Oc3ccc(C4(c5ccc(*)cc5)CCCCC4)cc3)cc2)cc1,egc,3.9696,4.014072761106273,4.257893022865873,4.050736011110062
*C=CCCCC(Cl)CCC*,egc,5.737,5.881720699931243,5.36692347812339,5.804310647509076
*CC(O)COc1cccc(O*)c1,egc,5.2018,4.92608695667441,4.886820661977466,4.920182484384835
*CCOCCOCCOC(=O)NCCCCCCNC(=O)O*,egc,6.2098,5.9295369212089435,5.918014583732766,5.92780430745294
*CC(*)C(=O)OCC(C)C,egc,6.1261,6.315574353709219,6.143756970333353,6.289738175713819
*NC(Cc1c[nH]c2ccccc12)C(*)=O,egc,4.3631,3.740679723848482,3.6671622082594926,3.729624895860667
*c1cc(N=Nc2ccc(C#N)cc2)cc(*)c1O,egc,2.4223,2.6985881074306555,2.198051492902128,2.6233224223638283
*CC(*)OC(=O)c1cccc(Br)c1,egc,4.2289,4.303359568703718,5.152272849035786,4.431010649068149
*CC(C=C1)=CC=C1C(S2)=CC=C2C(S3)=CC=C3*,egc,3.2138,3.0872864994583415,2.8182153263157907,3.0468262701954236
*Nc1ccc(NC(=O)c2ccc(NC(=O)c3cc(NC(=O)C45CC6CC(CC(C6)C4)C5)cc(C(*)=O)c3)cc2)cc1,egc,3.1839,3.386979124513928,3.29904450027387,3.3737563960612733
*CC(*)Cl,egc,7.0905,6.082542689194141,7.1808838813421625,6.247700241837927
*Oc1ccc(C(*)=O)cc1Cl,egc,4.5769,4.189143464742709,3.9422359047475686,4.152015977738152
*CC(*)(C)C(=O)OCC(F)(F)C(F)F,egc,6.3988,6.512096035271149,6.6929884456965105,6.539296824981367
*CCC(C=C1)=CC=C1O*,egc,4.9179,4.5865798255666155,5.612972057437678,4.740918413867119
*c1ccc2cc(*)n(C(C(=O)NO)n3ccc4ccccc43)c2c1,egc,3.8694,3.383912389992156,3.5465458807871357,3.408367586164016
*CCCCCCOC(=O)CCCCCNC(=O)O*,egc,6.4222,6.424083312159428,6.365689338428089,6.415302610989738
*Oc1cccc(OC(=O)c2cccc(C(*)=O)c2)c1,egc,4.1279,4.404869412575725,4.052314421769531,4.3518557225947205
*CC(*)OC(C)=O,egc,6.8523,6.002523080932626,6.950845796894011,6.145122357008564
*c1ccc2c(c1)c1cc(*)ccc1n2CC,egc,3.4703,3.5513384733917275,2.9068284875323087,3.4544235141058555
*CC(=O)CC(C=C1)=CC=C1*,egc,4.4305,4.774910991715365,4.214459907493235,4.690635968518195
*c1ccc2c(c1)c1cc(*)ccc1n2C=C,egc,3.4876,3.001855205122505,2.815332314385126,2.973807760151437
*CCOC(=O)NCCCC(CCNC(=O)O*)OC,egc,5.8395,6.249577002650135,5.918288012088389,6.1997610808854215
*CCNC(=O)C(OC)C(OC)C(=O)N*,egc,5.4257,5.758732515047761,5.735235476296801,5.755199265596473
*NC(=S)C(S1)=CC=C1O*,egc,3.2187,3.200787282749319,2.9418638072769348,3.161852962670319
*CCCCCCCCCCCCNC(=O)NCCCCCCNC(=O)N*,egc,5.7649,5.764439959821509,5.679183760522083,5.751619986096891
*c1ccc(Oc2ccc(Oc3ccc(-n4c(=O)c5cc6c(=O)n(*)c(=O)c6cc5c4=O)cc3)cc2C(C)(C)C)cc1,egc,1.9644,2.12347468894442,2.1361252629114285,2.1253769556087927
*OC1(C)CC(C)(C)C(C)(N2CCCC(*)C2)C1C,egc,4.6138,4.768169842929278,3.7651972370697213,4.617352863527308
*CC(*)(C)C(=O)OCc1ccc2c(c1)c1ccccc1n2CC,egc,3.4735,3.4280568658819788,3.5740039029284327,3.4500029201923557
*CCCC1CCN(C(=O)SSCCCCSSC(=O)N2CCC(*)CC2)CC1,egc,5.001,4.322713973241133,4.456970282524134,4.342902092949913
*OC(C=C1)=CC=C1C(=O)C(S2)=CC=C2C(=O)NOC(=O)*,egc,3.9191,3.631691498439777,3.583071056073227,3.624380443070896
*CC(*)C(=O)NCC,egc,5.2246,5.670246981937775,6.157202542643969,5.743470484094907
*c1ccc(-c2nc3cc(-c4ccc5oc(*)nc5c4)ccc3o2)cc1,egc,3.1145,3.0234538618515785,3.079352461509755,3.0318593336501043
*c1ccc(-c2ccc(-c3nc4ccc(Oc5ccc6nc(*)c(-c7ccccc7)c(-c7ccccc7)c6c5)cc4c(-c4ccccc4)c3-c3ccccc3)cc2)cc1,egc,3.3136,3.394937210178489,3.177584123250019,3.3622538289547794
*CCCCCCCCCCC(=O)NCCCCCCNC(=O)CCCO*,egc,6.0291,5.899743128933134,5.977480119593245,5.911432439339684
*CCCCCCCCCCC(=O)N(*)C,egc,5.7405,5.765781525356089,5.580786985001995,5.737963898414874
*OP(=O)(Oc1ccccc1)Oc1ccc(-c2ccc(*)cc2)cc1,egc,4.631,4.3046027075859525,4.61282236379434,4.350949693804809
*c1ccc2c(c1)C(=O)N(c1ccc(Oc3ccc(N4C(=O)c5ccc(C(F)(F)C(F)(F)C(F)(F)C(F)(F)C(F)(F)C(F)(F)C(F)(F)C(*)(F)F)cc5C4=O)cc3)cc1)C2=O,egc,2.6011,2.892668141620549,3.2011751552378267,2.939058337769731
*Oc1c(C)cc(-c2cc(C)c(OC(=O)CCCCCC(*)=O)c(C)c2)cc1C,egc,4.7241,4.142329402789547,4.755717700490862,4.234564594178995
*OC(CC)(CC)C(*)=O,egc,6.0873,6.152061975751011,7.165120593713525,6.304395588678856
*COCOc1ccc(C(=O)OC(=O)c2ccc(O*)cc2)cc1,egc,4.4493,4.472864907488727,4.694679641003447,4.506219186459162
*c1cc(-c2ccccc2)c(*)[nH]1,egc,2.9521,3.2722306405854074,2.880263698731608,3.2132905759710253
*c1ccc(-c2nc(-c3ccc(-c4nc(*)sc4C(=O)O)cc3)c(C(=O)O)s2)cc1,egc,3.4119,2.837220736862378,3.3325881902772987,2.9117091352310034
*CC(C#N)(C#N)C(C#N)C(C#N)(C#N)*,egc,7.111,6.2731188705771075,6.663265928416081,6.33178527925276
*C(=O)OC1CCC(OC(=O)N2CC(C)N(*)CC2C)CC1,egc,5.8738,5.610429398979863,4.563971773127727,5.453073577613317
*CCC(C#N)CC(C)=C(*)C,egc,5.2759,5.041335636301496,5.530295772873192,5.114860566508857
*C(=O)c1ccc2c(c1)C(=O)N(c1ccc(C(c3ccccc3)(c3ccc(N4C(=O)c5ccc(*)cc5C4=O)cc3)C(F)(F)F)cc1)C2=O,egc,2.9448,2.855215453725067,2.9884133586460178,2.875244421181893
*CC(*)C(=O)NCCC,egc,6.0177,5.419947549757423,5.371298081112583,5.412632129707403
*c1ccc(C(c2ccc(-c3nc4ccc(-c5ccc6nc(*)oc6c5)cc4o3)cc2)(C(F)(F)F)C(F)(F)F)cc1,egc,3.2022,3.3425063428303283,3.2325692009995644,3.3259750960563528
*c1ccc2nc(*)sc2c1,egc,2.966,3.616586532293797,3.34744472557076,3.5761156818601805
*CC(C)(CO*)COCCCCCCCCCCOc1ccc(-c2ccc(C#N)cc2)cc1,egc,4.0117,4.231408420797346,4.214484818079977,4.2288636188480995
*OC(=O)CCSCCC(*)=O,egc,4.6003,5.036057877028953,4.944844559898873,5.0223421315635
*OC(=O)CCS(=O)(=O)CCS(=O)(=O)CCC(*)=O,egc,6.2137,5.8226577885423145,5.1603320163950865,5.723063869673797
*CC(=O)C(=S)C(=O)*,egc,1.9995,2.3239767344388036,2.2893171321528163,2.318764970434974
*CC(=O)OCCCCCCOC(=O)Cn1c(=O)c2cc3c(=O)n(*)c(=O)c3cc2c1=O,egc,3.6832,3.456978731413612,3.3715165066781925,3.4441277776465125
*c1cc(CC(=O)OCCCCCCCC)c(*)[nH]1,egc,3.192,3.417346918493726,3.946857275139419,3.4969693848350913
*O[Si](C)(C)O[Si](C)(C)O[Si](C)(C)OC(C)CCC(*)C,egc,6.3039,5.134572613795265,3.9980034288845334,4.963666718312015
*OC(=O)OCCOCCOCCOCCOC(=O)OC1COC2C(*)COC12,egc,6.2534,6.1904889391729165,6.298775084125703,6.20677192556502
*c1ccc(-n2ccc(-c3cccc(-c4ccn(*)n4)c3)n2)cc1,egc,3.7316,3.1902283330094345,3.1304502908619467,3.1812395094876584
*OC(C)COC(=O)c1cccc(C(*)=O)c1,egc,5.0391,4.848442929408818,5.519497055205646,4.949349330716931
*CCCCCCCCCC(=O)O*,egc,6.6843,6.686919267883753,6.7484312120084216,6.696168818226233
*CCN(CCOC(=O)C=Cc1ccc(C=CC(=O)O*)cc1)c1ccc(N=Nc2ccc([N+](=O)[O-])cc2)cc1,egc,2.3089,2.9622186787398768,1.9538567397305184,2.810591305373111
*CC(*)CC(C)C,egc,6.7394,6.30396255079614,5.633740372116903,6.2031812493666925
*OC1CC(C)CC(*)O1,egc,6.2631,6.469639006727172,5.891182225975761,6.382656467146493
*C(=O)Nc1ccc(NC(=O)c2ccc3c(c2)C(=O)N(c2ccc(S(=O)(=O)c4ccc(N5C(=O)c6ccc(*)cc6C5=O)cc4)cc2)C3=O)cc1,egc,2.7403,2.999969435152549,3.3323969504352022,3.0499565568666718
*OC(=O)Oc1ccc(C(=O)Oc2ccc(OC(=O)OC3COC4C(*)COC34)cc2)cc1,egc,4.4189,4.295076980218617,4.680414601202322,4.353020193928725
*Oc1ccc2cc(C(*)=O)ccc2c1Br,egc,3.7175,3.961085931846617,3.681715684532622,3.919077030916996
*c1sc(*)c2c1OCC(CCCCS(=O)(=O)O)O2,egc,2.1668,3.0100538715912486,3.2745545545432035,3.049826836295888
*CC(*)(C#N)C(=O)OC,egc,6.7385,6.428717923929955,7.293769297531938,6.558795689196901
*NC(C=C1)=CC=C1C(C=C2)=CC=C2C(S3)=CC=C3*,egc,2.8401,3.100533415257767,3.654653854779856,3.1838564994829768
*CCCCOC(=O)SSSC(=O)O*,egc,3.9747,4.564399179208585,4.455863861638323,4.54807872473281
*CCOCCOCCOC(=O)CSC(=O)Nc1ccc(C)c(NC(=O)SCC(=O)O*)c1,egc,4.461,4.333816700160931,4.507098454251995,4.359873075564218
*Nc1cc(NC(=O)Nc2ccc(NC(*)=O)cc2)cc(C(=O)Nc2cccc3c2C(=O)c2ccccc2C3=O)c1,egc,2.5826,3.067560499951977,2.589369208570676,2.995654880874128
C13C(C=*)OC(C=*)C1C(=O)N(C2=CC=CC(C(F)(F)F)=C2)C3=O,egc,5.0879,5.401966932774992,5.418394313933904,5.404437117894106
*C(C=C1)=CC=C1C(S2)=CC=C2C(=S)C(S3)=CC=C3*,egc,2.0866,2.310557777939198,1.9232469036447934,2.2523178461510738
*C=CC1CC(*)C(C#N)(CCC)C1,egc,6.0806,6.250339205958791,5.686138348915145,6.165500329464851
*CC1CC(*)OC(CCC)O1,egc,6.3958,6.273915988379607,5.3741024324786215,6.138611034153435
*C(=O)c1ccc2c(c1)C(=O)N(c1ccc(OCCOCCOc3ccc(N4C(=O)c5ccc(*)cc5C4=O)cc3)cc1)C2=O,egc,2.4449,2.5164573155548777,2.5867772901147914,2.527031329334308
*NC(=O)OC(=S)*,egc,3.8869,4.007937583192295,3.5077334927050448,3.932721899761795
*CC(S1)=CC=C1CC(S2)=CC=C2*,egc,4.626,3.720597698265319,3.843385487516658,3.739061296746618
*CCCCCCOCO*,egc,6.7419,6.3147040387923665,6.669038605996235,6.3679853236561685
*CC(=O)NCCCCCCNC(=O)COC(=O)CCCCCCC(=O)O*,egc,5.9354,5.890092696458243,6.093963847535193,5.920748799140408
*CC(CCl)(CBr)COC(=O)CCCCC(=O)O*,egc,6.6998,6.167299406757686,6.316334148680871,6.189709759215463
*CCOC(=O)NC1CCC(NC(=O)O*)CC1,egc,6.3209,6.295310902169665,7.110289516887014,6.417859227249328
*CCC(=O)OCCCC=CCCCOC(=O)CCC1NC(=O)C(*)NC1=O,egc,5.8952,5.301448963310274,4.895087230568559,5.240344354152846
*OC(=O)c1ccc(CCCc2ccc(C(*)=O)cc2)cc1,egc,4.5456,4.650602483931956,4.799966123221571,4.673062292683004
*CC(F)(F)C(F)(F)C(F)(F)COC(=O)NCCCCCCNC(=O)O*,egc,6.3766,6.337714607889321,7.365529241836846,6.492267082773979
*Oc1ccc(OC(=O)c2ccc(C(*)=O)cc2)cc1C(F)(F)F,egc,3.9148,4.005711364343472,4.055444396091479,4.013189719765063
*NC(CCCNC(=O)c1ccc(Cl)cc1)C(*)=O,egc,3.4369,4.677931590756763,4.9046453344732885,4.712022533835848
*N=Nc1ccc(-c2ccc(*)c(C)c2)cc1C,egc,2.1369,3.3259465292756345,2.6101751867211496,3.2183160005893146
*Cc1ccc(COC(=O)CCCC(=O)O*)cc1,egc,5.4521,5.55270685546708,5.478251414937306,5.541510991716525
*c1ccc(-n2c(=O)c3cc4c(=O)n(*)c(=O)c4cc3c2=O)c(C)c1,egc,2.9393,2.719777353206277,2.9234253153442618,2.750399894970213
*c1cc(C)c(*)cn1,egc,5.1074,4.64562805050805,3.828780086823498,4.522798631445328
*CCCCCCCCCCOC(=O)Nc1ccc(C)c(NC(=O)O*)c1,egc,5.0994,4.941990647159637,5.007258266732549,4.951804938376801
*CC(CSC(C)C)O*,egc,4.8245,4.959875095032882,5.823287053668007,5.0897063414898005
*c1ccc(-c2ccc(N3C(=O)c4ccc(Oc5ccc6c(c5)C(=O)N(*)C6=O)cc4C3=O)cc2)cc1,egc,3.0187,2.907905457045894,2.9019102288287164,2.907003954646669
*NC(CC(N)=O)C(*)=O,egc,5.5305,5.606592817704768,5.373268966137856,5.571507912782965
*CCCCCCCCCCCCc1nc2cc3sc(*)nc3cc2s1,egc,4.2887,4.140159306828829,4.316558348094529,4.166684428669317
*c1cccc(-c2nc3cc(-c4ccc5oc(*)nc5c4)ccc3o2)c1,egc,3.5152,3.147951652137524,3.5557373887665764,3.2092703887433904
*CCCCCCOC(=O)C(=O)O*,egc,5.9794,5.562955395476254,5.402790811272765,5.53887144876064
*Oc1c(Cl)cc(*)cc1Cl,egc,4.3426,4.483701246191983,4.649747730610796,4.508669654176467
*C(=O)C(S1)=CC=C1C(=O)C(S2)=CC=C2*,egc,2.966,2.6733684605533057,2.3715360415965714,2.6279819231277575
*CCCCCC(=O)NCCCCCCNC(=O)CCCCO*,egc,5.8874,5.870153096841843,5.836940924975097,5.865158982933789
*C=CC1CC(*)C2C3CCC(C3)C12,egc,5.1047,5.701124003932473,4.458909975372421,5.514332294504256
*CCCCCNC(=O)N*,egc,5.6754,5.945416530435685,5.7692239713646725,5.918922457320479
*CCCCCCCCCNC(=O)CCCCCCCCCC(=O)N*,egc,5.9794,5.819557960620531,5.876166294279854,5.828070155112784
*Oc1ccc(C2(c3ccc(Oc4nc(*)nc(OC)n4)cc3)CCCCC2)cc1,egc,4.6483,4.4519503810878005,3.5384421357606395,4.314586156567467
*CC(C)(C)COC(=O)C(=O)O*,egc,4.957,5.939932810476261,6.253388306188243,5.9870671098220685
*c1ccc(Oc2cccc(Oc3ccc(-n4c(=O)c5cc6c(=O)n(*)c(=O)c6cc5c4=O)cc3)c2C#N)cc1,egc,2.6202,2.076596559081547,2.030938298532033,2.0697309269589987
*CCCCCOC(=O)NC(=O)C1CC1C(=O)NC(=O)O*,egc,6.0047,5.972422341358437,5.862325152846886,5.955867028366882
*Oc7ccc(C6(c3ccc(OC(=O)c2ccc(c1ccc(C(*)=O)cc1)cc2)cc3)c4ccccc4c5ccccc56)cc7,egc,3.4473,3.4396970438857735,3.188016047873287,3.401851775361264
*c1ccc(Oc2ccc(-c3nc4cc(-c5ccc6nc(*)c(-c7ccccc7)nc6c5)ccc4nc3-c3ccccc3)cc2)cc1,egc,2.9993,3.062168700923514,3.124711777389202,3.071573302624453
*NC(CCC(=O)OCCCl)C(*)=O,egc,5.9169,5.678668667956007,5.438186914273841,5.6425074293740725
*Nc1ccc(Nc2ccc(*)cc2)cc1C(=O)O,egc,2.6737,3.3985598399488883,3.6274564084051244,3.432979014359401
*COC(=O)OCC1OC(C)(C)OC1*,egc,6.6512,6.744437956513679,6.728589405230792,6.74205481003648
*CCCCCOC(=O)NCCSCCCCSCCNC(=O)O*,egc,5.2673,5.234683649593698,5.169115076173877,5.224824103949978
*Oc1ccc(OC(=O)c2ccc(C(*)=O)cc2)cc1C1CC2CCC1C2,egc,3.8597,3.553076922513835,3.884496935498544,3.6029125461188083
*CC(*)OC(=O)C(F)(F)F,egc,6.7842,6.244582675540133,7.396179420437096,6.417748265048588
*Nc1ccc(*)cc1CCCCCCCCCCCCCCC,egc,3.3286,3.868560099552609,3.905491027173883,3.8741134027214232
*CNC(C=C1)=CC=C1O*,egc,4.3424,4.017984707716516,4.226751505903269,4.049376968799224
*c1cc(COCCCCCCCCOc2ccc(-c3ccc(C#N)cc3)cc2)c(*)s1,egc,2.9654,2.4962193256908676,2.5899466745357596,2.5103131060768504
*C(=O)NNC(=O)c1cccc(C(=O)NNC(=O)c2ccc(*)nc2)c1,egc,3.8367,3.7599979379205255,3.7963247465105643,3.765460399717444
*CC(C)(C)C1C(=O)N(c2ccccc2C)C(=O)C1*,egc,4.8214,4.5610420434593255,5.23384046261125,4.66221073413952
*CCCOC(=O)N1CCC(*)CC1,egc,5.7499,5.640441695865312,6.646876107945856,5.791779227029588
*c1cccc(-c2nc3ccc(-c4ccc5nc(*)oc5c4)cc3o2)c1,egc,3.2965,3.1787540395602414,3.077483216901194,3.1635259471021224
*CC#CCOC(=O)NCCCCCCNC(=O)O*,egc,6.3946,5.872019800833851,5.646263998401059,5.83807290337477
*CC(*)OC(=O)CC,egc,6.5454,6.287582785324328,5.736427128526533,6.204705515443847
*c1ccc(*)c2nc(CC)c(CC)nc12,egc,3.3743,3.766469635715611,2.963837831854208,3.645777900444746
*NNC(=O)c1ccc([Si](c2ccccc2)(c2ccccc2)c2ccc(C(*)=O)cc2)cc1,egc,4.754,3.8683546049824344,4.2430654172479345,3.924699865585749
*CC(F)(F)C(F)(F)C(F)(F)C(F)(F)COC(=O)CCCC(=O)O*,egc,7.0209,6.656459852442896,6.95775487782482,6.701765582002677
*C#CC=C*,egc,1.1342,2.617095876577842,1.6932850849101522,2.478182458280779
*CC(*)C(=O)OCF,egc,6.4866,6.30906797028543,6.395887104941384,6.322122962581938
*CCN[Si](C)(C)N*,egc,4.8016,5.381185295512728,5.07364922136232,5.3349410995202025
*Oc1ccc(C(=O)c2cccc(C(=O)c3ccc(*)cc3)c2)cc1,egc,3.9576,3.807504315273885,3.926082023979432,3.825334843991119
*CCCCCCNC(=O)CCCCCCCCCCC(=O)N*,egc,5.7224,5.839802055840494,5.879525366650209,5.8457752496377795
*Nc1ccc(*)c2ccccc12,egc,2.8917,3.6260710009400903,2.8839043104305513,3.5144714040802345
*CCCCNC(=O)CCCCCCCCCCCCCCC(=O)N*,egc,6.0415,5.886828932935148,5.864983602609014,5.883544050861025
*c1ccc(-c2ccc(N3C(=O)c4ccc(Oc5ccc6c(c5)C(=O)N(*)C6=O)cc4C3=O)cc2C)c(C)c1,egc,3.2926,3.02307008702229,3.021672015351116,3.0228598590009046
*OC1CCC(OC(=O)CCCCCCCCC(*)=O)CC1,egc,6.4612,6.558788181827976,6.647657855318737,6.572151513625887
c1(*)cc(c2cc1)N=C(N2(C(c2(c3))=O))c1c2c(c4(c3))c(cc1)CN(C4=N2)c(c2cc(c1)(*))c1,egc,2.3866,2.495776411573146,1.8331964064597988,2.396144263696388
*Nc1ccc(*)cc1F,egc,3.5047,3.6542066774426623,3.9546912933508684,3.6993905457390444
*Oc1ccc2cc(Oc3ccc(C(=O)c4ccc(*)cc4)cc3)ccc2c1,egc,3.634,3.5798127151765105,3.9233147062444504,3.6314651056892417
*C=Cc1ccc(*)s1,egc,2.7814,2.7080770482040912,2.08148392439722,2.6138562472624653
*c1ccc(-c2ccc3nc4oc5cc6[nH]c7nc8cc(*)ccc8nc7nc-6[nH]c=5n-4ccc3c2)cc1,egc,1.9579,1.981506768910366,2.2709673217882056,2.0250329489735264
*Nc1ccc(-c2ccc(*)cc2)c(C)c1,egc,3.3791,3.545122982199887,3.444222231781148,3.529950537500359
*c1cc(CCCS(=O)(=O)O)c(*)s1,egc,3.3298,2.687739319559219,2.789612180470326,2.703057940502493
*Nc1ccc(NC(=O)c2c(F)c(F)c(C(*)=O)c(F)c2F)cc1,egc,3.3309,3.4078827060577495,3.2858780037983335,3.389536860358572
*COC(C=C1)=CC=C1O*,egc,4.8731,4.443923063223864,4.85497862080614,4.505733482769493
*c1cccc(-c2nc3cc(-c4ccc5nc(*)c(-c6ccc7ccccc7c6)nc5c4)ccc3nc2-c2ccc3ccccc3c2)c1,egc,3.0367,2.947264541601251,3.1013958045435306,2.9704412578670403
*CCCCCC[N+](C)(C)CCC[N+](*)(C)C,egc,0.2161,0.9872284800905246,0.1883178955964415,0.8670963045338455
*c1ccc(Oc2ccc(-n3c(=O)c4cc5c(=O)n(*)c(=O)c5cc4c3=O)cc2-c2ccccc2)cc1,egc,2.1739,2.3159188275042233,2.055340282130656,2.276735634582897
*CCCC(C)CCC(=O)O*,egc,6.54,6.67015814130711,7.188582186356316,6.74811355909907
*Cc1ccc(COC(=O)CCCCCCCCC(=O)O*)cc1,egc,5.2222,5.558461349208728,5.587246713987065,5.562789804184956
*CCCCCCCOC(=O)NCCCCCCNC(=O)O*,egc,6.2664,6.322197545591384,6.30644271681725,6.319828492166765
*c1ccc(-c2nc3cc4nc(*)oc4cc3o2)c(O)c1,egc,2.5896,3.0758942476632196,3.030799769280984,3.06911339145879
*C(=O)C(C=C1)=CC=C1C(=O)C(=S)*,egc,2.994,2.852570217405475,2.270151287487484,2.7649918894994197
*Oc1cc(Br)cc(Br)c1*,egc,4.3897,4.170499792223676,3.642204423163705,4.091060023551838
*CC(*)n1c(C)c(C)c2ccccc21,egc,2.733,3.7520193769986303,3.899344269961408,3.774172619487565
*CC(CBr)(CBr)CO*,egc,5.993,5.771346762838305,5.49489493932006,5.729776705261852
*CCCNC(=O)CCCCCCCC(=O)NCCCNC(=O)C(=O)N*,egc,4.7768,5.161677886295806,4.9485249725481975,5.129626085065809
*c1cc(CCCC(F)(F)C(F)(F)C(F)(F)C(F)(F)F)c(*)s1,egc,2.4769,2.9386818017754197,3.176785954841769,2.97448552057964
*CCCCCCCCCNC(=O)CCCCCCCCC(=O)N*,egc,5.6744,5.905383966197075,5.879525366650209,5.90149560887561
*CCCCCCCCCOc1ccc(C=CC=Cc2ccc(O*)c(C)c2)cc1C,egc,3.4115,3.40000956037466,3.6320323704334805,3.434898827699603
*OC(CCl)COC(=O)C1=C(C(=O)OCC(CCl)OC(=O)c2ccc(C(*)=O)cc2)C2C=CC1C2,egc,3.8265,3.642406375014649,4.479335133407171,3.768255342950545
*CCCCCCCCC(=O)N*,egc,6.101,5.953899847550189,6.039037147429111,5.966701942370291
*c1ccc(Oc2ccc(-n3c(=O)c4c(Oc5ccc(OC)cc5)c5c(=O)n(*)c(=O)c5c(Oc5ccc(OC)cc5)c4c3=O)cc2)cc1,egc,1.9559,2.0616171921831277,1.8428246462929498,2.0287173595316226
*c1ccc(-c2ccc(-c3ccc(-c4nc5cc6sc(*)nc6cc5s4)cc3)c(-c3ccccc3)c2-c2ccccc2)cc1,egc,3.1992,2.895520586949432,3.0627840776325566,2.9206719961521186
*CCCCCCCCCCC(Cl)C(*)Cl,egc,7.2165,6.775570660903011,6.873882245811934,6.790353772814107
*CC1CC1COC(=O)NC1CC1NC(=O)O*,egc,6.5515,6.191332858619217,5.713068486055863,6.119416250324849
*c1ccc(-c2ccc(-c3cc(-c4ccccc4)c4cc5c(-c6ccccc6)cc(*)nc5cc4n3)cc2)cc1,egc,2.8216,2.8818755679201034,2.732912327789696,2.859475967186099
*C(C=C1)=CC=C1OC(S2)=CC=C2O*,egc,4.6798,4.085985610865396,3.584665334227936,4.010602086536109
*N=P(*)(Cl)Cl,egc,3.9556,3.4417714573254923,2.0388474694920475,3.2308137931385663
*CCCCCCCCOC(=O)c1cccc(C(=O)O*)c1,egc,5.1133,5.009136553863524,5.106957972114197,5.02384595941976
*OP(=O)(Oc1cccc2c(*)cccc12)OC1CCCCC1,egc,4.0777,4.084209297567909,4.051011005591778,4.079217270778849
*c1cc(OCCOCCOC)c(*)s1,egc,1.6389,1.8747553556446883,1.5722724896776328,1.8292710105095529
*c1ccc(-c2cc(CCCCCCBr)c(*)s2)s1,egc,1.9133,1.9960646907767996,1.628210412283915,1.9407504470793437
*CC1CCC(COC(=O)C(=O)O*)CC1,egc,5.4765,5.594498907690711,6.042121424275478,5.661807900448062
*CC(*)OC(=O)CCCCC,egc,6.3448,6.358863764841459,6.392029557905248,6.363850904769439
*Oc1ccc(C(=O)OCCCCOC(=O)c2ccc(*)cc2)cc1,egc,4.5398,4.457376998984347,4.3080451311456995,4.434921967706023
*OC(=O)CCCCCCCCC(*)=O,egc,5.9944,6.404992506854821,6.228795071993415,6.378497700567068
*CC(*)C(=O)OCC,egc,6.2551,6.368503066284347,6.571654544198178,6.399050951721112
*CCCOC(=O)COCC(=O)O*,egc,6.0368,6.321127055392224,6.46589417463943,6.34289568547647
*Cc1cccc(*)c1O,egc,4.4656,4.500967422984785,4.320428711331941,4.473819818954992
*CCOCCOC(=O)NCCCCCCNC(=O)O*,egc,6.0376,6.169096669754588,5.973872380563391,6.139740795596411
*CCOCCOCCOCCOCCOc1ccc(C=C(C)c2ccc(O*)cc2)cc1,egc,3.9391,3.635742359605602,3.080658183338307,3.5522743582969136
*C(=O)NCCCCCCCCNC(=O)c1cncc(*)c1,egc,4.7551,4.780006215905807,5.116324982912455,4.830578465097666
*CCCCCNC(=O)CCCCCC(=O)N*,egc,5.9272,5.936767098953833,5.879525366650209,5.928159660314599
*CC(*)C(=O)NC(C)CC,egc,5.3154,5.615322613076617,4.812035876816086,5.494532395628301
*CCOC(=O)Nc1c(C)c(C)c(NC(=O)O*)c(C)c1C,egc,5.3419,4.78058111412803,5.736537970025412,4.924328335739821
*CC(CC)(CC)COC(=O)CCC(=O)O*,egc,6.5001,6.283514769596866,6.185215809007038,6.2687335560044914
*CCCCCC(*)CCCCCCCCCCCCCC,egc,6.895,6.696886398719876,6.528024434046031,6.67149462700128
*OC(=O)c1ccc(CCc2ccc(C(*)=O)cc2)cc1,egc,4.4852,4.338840043146859,4.560412295404698,4.372157860213438
*c1ccc2oc(*)nc2c1,egc,3.9774,3.805806584372751,3.9426306308798913,3.82638081469889
*CC(=O)C(S1)=CC=C1C(S2)=CC=C2*,egc,2.8653,2.723395642177227,2.3601689105481714,2.668777242649359
*CC(C)(C)C1CC=C(*)CC1,egc,5.4516,5.246399929274456,4.24306346408158,5.095528236348649
*Oc1ccc(NC(=O)NC2CC(C)(C)CC(C)(CNC(=O)Nc3ccc(*)cc3)C2)cc1,egc,4.2227,4.457075074311461,4.593976499188951,4.477660940022274
*CC(*)c1ccc2ccccc2c1,egc,3.6351,3.4346507555914556,3.4158930129917118,3.431830154048836
*CC(CCl)(CCl)C(=O)O*,egc,6.551,6.336699661821984,6.641919737404399,6.382595601136031
*C(=O)Nc1ccc(NC(=O)c2ccc3[nH]c(-c4cc(-c5nc6cc(*)ccc6[nH]5)cc(N5C(=O)c6ccccc6C5=O)c4)nc3c2)cc1,egc,2.3407,2.890117204246858,2.52868313004155,2.835768366595529
*Sc1ccc(Nc2ccc(Nc3ccc(Nc4ccc(*)cc4)cc3)cc2)cc1,egc,3.2757,3.484205329795816,3.097388425353841,3.426039676248816
*C(=O)C(C=C1)=CC=C1C(C=C2)=CC=C2C(C=C3)=CC=C3*,egc,3.3319,3.472763526777014,3.6334594404627567,3.4969273695008676
*CC(=O)NCCCCCCNC(=O)COc1ccc(O*)cc1,egc,4.6023,4.831903288267017,4.856121643175502,4.8355450020207575
*CC(*)N,egc,5.222,6.0645948919343695,6.101771593178242,6.070185152080035
*c1sc(*)c(OCCCC)c1OC,egc,3.2859,2.218921845442821,2.6835969757095164,2.288795039526702
*CC(*)c1cc(C)ccc1C,egc,4.9137,4.776340298020337,4.6059452919231525,4.750718002880248
*C=CC(C)C(*)C(=O)OCC(C)C,egc,5.4659,5.548725001679604,5.79587573162544,5.585889054146899
*c1ccc(-c2ccc(-c3ccc(-n4c(=O)c5cc6c(=O)n(*)c(=O)c6cc5c4=O)cc3)cc2)cc1,egc,2.1515,2.3783566410719064,2.594953253660518,2.410926271257686
*CCCCCC(=O)NCCOC(=O)CCCCC(=O)O*,egc,6.3289,6.298173895266214,6.2612435485119375,6.292620679442365
*C(=O)C(C)NC(=O)CNC(=O)C1CCCN1*,egc,5.7716,5.467784399263727,6.237634963712379,5.583546819934773
*CCCCOC(=O)C1CCC(C(=O)O*)CC1,egc,6.3839,6.704417269000063,6.603116904331114,6.68918473431025
*Oc1ccc(-c2ccc(N=Nc3ccc(C(*)=O)cc3)cc2)cc1,egc,3.5627,3.035870740793395,3.4886842865044976,3.1039603085417764
*C=C(*)c1cccc([Si](C)(C)C)c1,egc,0.7366,2.7814322277632155,2.5834500275758057,2.751661646559722
*Nc1ccc(NC(=O)c2cc(NC(=O)c3ccc(NC(=O)C(C)N4C(=O)c5ccccc5C4=O)cc3)cc(C(*)=O)c2)cc1C,egc,2.319,2.807449201850318,2.3658357814743676,2.7410437968219385
*Nc1cc(NC(=O)c2ccccc2C(*)=O)cc(-c2nnc(-c3ccccn3)o2)c1,egc,3.5021,3.1927961019398556,3.184914249361891,3.1916109078568313
*C(=O)C(C=C1)=CC=C1C(C=C2)=CC=C2C(S3)=CC=C3*,egc,2.8474,3.0218203470535663,3.3231592434594694,3.067132673498727
*CC1(CO*)CC2C=CC1C2,egc,5.6096,5.311739860901216,4.638438840844961,5.210495594128722
*C(=O)OCCCCOC(=O)N1CCN(*)CC1,egc,5.8653,6.039054237377478,5.199189001840054,5.912763711406507
*CCCCCCCCCCOC(=O)CCCCCC(=O)O*,egc,6.771,6.6985984651742365,6.705244697174704,6.699597859004995
*c1ccc(S(=O)(=O)c2ccc(N3C(=O)c4ccc(Oc5ccc(Oc6ccc7c(c6)C(=O)N(*)C7=O)cc5)cc4C3=O)cc2)cc1,egc,3.2399,3.0555373938903263,3.133830477263608,3.0673103239518666
*Oc1c(Cl)cc(NC(=O)NCCCCCCNC(*)=O)cc1Cl,egc,4.9474,4.719565369480095,4.8055131818787835,4.7324893410586295
*OC1CCC(OC(=O)OCCCCCCOC(*)=O)CC1,egc,7.1086,6.749989744248713,6.287184075267776,6.680397661037234
*CC(=O)OC(=O)c1ccc(O*)cc1Br,egc,4.4665,4.62965348392526,4.127740553217162,4.554180842210074
*C(F)(F)C(F)(F)C(=O)C(C=C1)=CC=C1*,egc,4.443,4.404393840212631,4.746030708442932,4.455765772225357
*C(F)(F)C(F)(F)C(=O)C(S1)=CC=C1*,egc,3.8794,3.3147611992156043,3.602604494888679,3.3580441923311715
*C(=O)OCCCCCCCCCCCCOC(=O)c1ccc(N2C(=O)c3ccc(*)cc3C2=O)cc1,egc,3.2472,3.4592927048438944,3.4579131508280403,3.45908526132213
*c1ccc(*)n1C(C)C(=O)OC,egc,2.9894,2.9631393734274236,4.065723943657708,3.1289350027854566
*OC(=O)CCSCCSCCC(*)=O,egc,4.6742,4.827559119648947,4.775173403716665,4.819681880136562
*OC(C)COC(=O)C1CCC(C(*)=O)CC1,egc,6.3027,6.4800599043507505,6.258449791758619,6.446736394226133
*CCCCCCCCCCCOC(=O)c1ccc2cc(C(=O)O*)ccc2c1,egc,3.7387,4.312527564823612,4.788765901145073,4.384139518071197
*NC(=O)C(C=C1)=CC=C1C(=S)*,egc,2.8785,2.7222681901929224,2.4123443122976767,2.6756649401782844
*CCCCCCCCCCCCCCCCCCCCOC(=O)C(=O)O*,egc,5.2426,5.745821234617947,5.667534637208279,5.734049279850683
*Oc1ccc(C2(c3ccc(OC(=O)c4ccc(C(*)=O)cc4)cc3)CC3CC2C2CCCC32)cc1,egc,3.4323,3.7434652555186054,3.759755688524893,3.745914847745557
*NC(C)C(C)(C)C(*)=O,egc,5.5547,5.577050322471067,5.421411967744868,5.553646984830772
*NC(=O)C(=S)C(=O)*,egc,1.0075,2.26254123859122,2.3666301370263847,2.2781930850719285
*CCOC(=O)CCC(C)CC(=O)O*,egc,6.6742,6.703909602143658,6.811001849974804,6.72001306223908
*CC(CCl)(CCl)COC(=O)c1cccc(C(=O)O*)c1,egc,4.938,4.9080229744847195,4.703057684035132,4.877202346077465
*CCCCCCCC(=O)OCC1COC(*)O1,egc,6.6417,6.570102577039148,6.213265393747192,6.51644497382248
*c1ccc(Oc2ccc3ccc(Oc4ccc(-n5c(=O)c6cc7c(=O)n(*)c(=O)c7cc6c5=O)cc4)cc3c2)cc1,egc,2.1074,2.0104594922270453,1.91531732217,1.9961529651913894
*C=CC1CC(*)C(C#N)(C[Si](C)(C)C)C1,egc,5.6706,5.35780041135413,6.130629120272259,5.474010655575376
*c1ccc(Cc2ccc(N3C(=O)c4ccc([Si](C)(C)c5ccc6c(c5)C(=O)N(*)C6=O)cc4C3=O)cc2)cc1,egc,2.9801,2.779482196638589,3.5352777906487796,2.8931311715637293
*C=Cc1csc(-c2cc(*)cs2)c1,egc,3.0335,2.6161877623585696,2.4488016313407557,2.591017911730143
*Oc1ccc(Nc2ccc(C(=O)c3ccc(C(=O)c4ccc(Nc5ccc(*)cc5)cc4)cc3)cc2)cc1,egc,2.99,3.4272828528474144,3.7699253568521875,3.478806002300176
*Nc1ccc(-c2ccc(NC(=O)c3cc(C(*)=O)cc(S(=O)(=O)c4ccccc4)c3)cc2)cc1,egc,3.1781,3.175177584627226,3.0519040747274744,3.156640948337518
*OC1CCC(C2CCC(OC(=O)CCCCCCCCC(*)=O)CC2)CC1,egc,6.3469,6.424340462290573,6.451255246019456,6.428387638015546
*CCOC(=O)Nc1ccc(-c2ccc(NC(=O)O*)c(C)c2)cc1C,egc,4.3385,4.1732403915051455,4.694893817477617,4.25168141127002
*CCCCCCNC(=O)C(CCCCCCCCCCCCCCCC)C(=O)N*,egc,6.0328,5.8381872231176635,5.796399930172936,5.831903668350076
*NNC(=O)c1ccc(C(=O)NNC(=O)CCCCC(*)=O)cc1,egc,4.3653,4.34349877403712,4.588598013458629,4.380354343897468
*C=CC(C*)(C(F)(F)F)C(F)(F)F,egc,6.1653,5.644985084047857,5.22733036974019,5.582182349380052
*C(F)(F)C(F)(F)C(S1)=CC=C1O*,egc,4.1725,4.7742652276697735,4.743236285851591,4.769599406039434
*NC(C=C1)=CC=C1C(C=C2)=CC=C2C(C=C3)=CC=C3*,egc,3.4269,3.3424466205328787,3.5616751815941936,3.375412016780738
*CCCCCn1c(=O)c2ccc3c4ccc5c(=O)n(*)c(=O)c6ccc(c7ccc(c1=O)c2c37)c4c56,egc,1.9902,3.329568320755689,3.3334768849908127,3.330156051515529
*NNC(=O)CCC(=O)NNC(=O)CCCCC(*)=O,egc,5.7153,5.3632674876002495,5.157639013646202,5.332347136296928
*Oc1ccc(OC(=O)c2cc(OCCCCCCCCCCCC)c(C(*)=O)cc2OCCCCCCCCCCCC)cc1,egc,3.2519,3.723708312030422,3.7264781662806303,3.7241248149827064
*CCCCCCCCCCCCNC(=O)C(=O)N*,egc,5.7269,5.202263836917621,5.169553576746649,5.1973451954655845
*Nc1c(C)c(C)c(C(=O)c2ccc(NC(=O)c3ccc(C(*)=O)cc3)cc2)c(C)c1C,egc,3.4801,3.372484362250647,2.9815792733297606,3.31370396844978
*Oc1c(C)cc(C(C)(C)c2cc(C)c(OC(*)=O)c(C)c2)cc1C,egc,5.1025,4.982823621264527,4.925041558902487,4.97413493320052
*OC(CC(*)=O)C(C)C,egc,6.7353,6.335176292041955,6.404481776839876,6.345597757007345
*OC(=O)CSCCSCC(*)=O,egc,4.3837,4.93988685964451,4.63832001545119,4.8945402566931335
*C(=O)c1ccc2c(c1)C(=O)N(c1ccc(Oc3cccc(N4C(=O)c5ccc(*)cc5C4=O)c3)cc1)C2=O,egc,2.4357,2.6655607940923,2.375000056518686,2.621869179268877
*CCCCCCCCCC#CC#CCCCCCCCCCOC(=O)CCCCCCCCC(=O)O*,egc,5.4028,6.113678650151979,6.163145145231031,6.121116926457673
*NC(S1)=CC=C1C(S2)=CC=C2C(=S)*,egc,2.0192,2.1334098747446606,1.5619272068277938,2.0474760324320522
*c1ccc(-c2ccc(-c3cc(SCCCC)c(*)s3)cc2)cc1,egc,2.8499,2.872193055476245,3.0287098697447883,2.8957284870679896
*C1C=CC(*)CC1,egc,5.6051,6.073513964740322,5.132716730090863,5.932046295204165
*c1ccc(Oc2cc(C(C)(C)C)ccc2Oc2ccc(-n3c(=O)c4cc5c(=O)n(*)c(=O)c5cc4c3=O)cc2)cc1,egc,2.2831,2.137525808810248,2.062044229036798,2.1261756445132236
*CCCCCCCCOC(=O)NCCCCCCCCCCNC(=O)O*,egc,6.1384,6.245706554905617,6.304954010681551,6.254615594160703
*c1cc(-n2c(=O)c3cc4c(=O)n(*)c(=O)c4cc3c2=O)c(O)cc1O,egc,2.8367,2.6279385971719087,2.7312055480713417,2.6434668474109637
*NC(=O)OC(S1)=CC=C1*,egc,3.8172,4.094494460137283,4.39806902544232,4.140142964089526
*c1ccc(C(=O)c2ccc(-n3nc(-c4ccc(Oc5ccc(-c6nn(*)c(=O)c7ccccc67)cc5)cc4)c4ccccc4c3=O)cc2)cc1,egc,3.4719,3.1645208493415944,3.347384919961643,3.1920181175729927
*Nc1cccc(C#Cc2cccc(C(*)=O)c2)c1,egc,3.7438,3.0049285799159455,2.968625532047111,2.9994696910184064
*Cc1ccc(COC(=O)CC(=O)O*)cc1,egc,5.5783,5.392210138179178,5.428675834752582,5.397693484560584
*C=Cc1ccc(*)c(C(=O)OC)c1C(=O)OC,egc,4.11,3.7061105649608046,3.807442877386206,3.7213479036343955
*CC(*)Cn1cc2ccccc2n1,egc,3.9074,3.7482201195086944,3.6784305152155983,3.737725857500289
*CC(=S)C(C=C1)=CC=C1C(=S)*,egc,1.5353,2.0589617112012406,2.04319109653022,2.0565902840514863
*CC(*)C(=O)Oc1ccc(C#N)cc1,egc,4.6366,3.958031978184512,3.762046344280726,3.9285616206305116
*CCCCCCCCCCNC(=O)CCP(C)(=O)CCC(=O)N*,egc,5.8056,5.6789058634480405,5.700509294330433,5.682154371105546
*c1ccc(Oc2ccc(C(=O)c3ccc(Oc4ccc(-n5c(=O)c6cc7c(=O)n(*)c(=O)c7cc6c5=O)cc4)cc3)cc2)cc1,egc,2.395,2.2268051252809737,2.31139615757113,2.23952507784993
*CNC(=O)CCCCCCCCC(=O)N*,egc,6.1742,5.94217586750464,6.146687164067505,5.972928228856284
*NC(CC(*)=O)C(=O)OCC(C)C,egc,6.1208,6.00605260083557,5.614124510335412,5.9471183782987955
*Nc1nc(*)nc(-c2ccccc2)n1,egc,4.2193,4.181182464900174,3.793617671242086,4.122904351260204
*CC(*)c1nc(C)nc(C)n1,egc,5.2445,5.142393834431669,5.607572751139733,5.212342782877042
*CC(=O)C(S1)=CC=C1C(C=C2)=CC=C2*,egc,3.4067,3.264466011812035,3.3221992745080486,3.273147361870815
*CC1CCC(CNC(=O)CCCCCCCC(=O)N*)CC1,egc,5.7062,5.883162379469404,5.796864830507276,5.87018581800778
*C(=NCCCCCC)N(*)CCCCCC,egc,4.3588,4.743709321043444,3.772950666302209,4.5977363531068765
*c1sc(*)c2ccccc12,egc,1.8359,2.469356061170659,2.546117156163367,2.480898626156735
*c1ccc(Oc2ccc3c(c2)C(=O)N(*)C3=O)cc1,egc,3.4303,3.764723325105864,3.499580667512226,3.7248538266816147
*C=CC(C*)C(C)CC,egc,4.9643,5.5861962000653,4.8810762738542355,5.480167324734099
*CC1CCC(COC(C)OC(=O)c2cccc(C(=O)OC(C)O*)c2)CC1,egc,4.9396,4.1652913554279225,4.621278332414868,4.233858112001369
*NC(C)C(=O)NC(CCC(=O)OCC)C(=O)NCC(*)=O,egc,5.3361,5.745132209855998,4.954868465946273,5.626300259620216
*C=CCC(C)(CC*)C(=O)OC,egc,5.4945,5.817984683575637,5.665808498528512,5.795101952350836
*CC1CCC(COC(=O)O*)CC1,egc,6.8655,6.952761858835366,7.518609203204337,7.0378483176098
*CCOCC(=O)NCCNC(=O)CO*,egc,5.9751,5.768098137327448,5.532809755314222,5.732717825984648
*c1ccc(Oc2ccc(-c3nc4cc5sc(*)nc5cc4s3)cc2)cc1,egc,3.2878,3.0655181518832335,3.2348463008543864,3.0909800237293448
*CCCCCCCCCCCCCNC(=O)CCCCCCCCCCCC(=O)N*,egc,5.8961,5.83783601622514,5.870714015182991,5.842779880556663
*NNC(=O)c1cccc(C(*)=O)c1,egc,5.0927,4.6781470960246905,5.084764991637093,4.739290224390088
*Oc1ccc(NC(=O)c2cc(NC(=O)c3ccncc3)cc(C(=O)Nc3ccc(*)cc3)c2)cc1,egc,3.2858,3.2848153869202084,3.299309057391914,3.2869947999851514
*CCCC(Cl)C(*)Cl,egc,6.8622,6.820153693250512,7.018200949464293,6.849934056927955
*OC(*)C(Cl)Cl,egc,6.5565,6.311534370399664,4.6879071179265015,6.067389558804471
*CC(*)C(=O)OC(OCC)C(F)(F)F,egc,6.3353,6.38540154222849,6.617600452530078,6.420317289744947
*CCOCCOC(=O)C(=O)O*,egc,5.9165,5.658625860335434,5.848392861915869,5.687161122217291
*CCOC(=O)c1ccc(C2(C)CC(C)(C)c3ccc(C(=O)O*)cc32)cc1,egc,4.3486,4.2750083852946545,4.296810786296282,4.278286812086739
*C(=O)c1cccc(C(=O)N(C)c2cccc(N(*)C)c2)c1,egc,4.4341,3.4835615839860155,2.9601483293180473,3.4048559388000985
*Oc1ccc(C(=O)OCCCOC(=O)c2ccc(OC(=O)c3ccc(C(*)=O)cc3)cc2)cc1,egc,4.0079,3.97303484731154,4.196212471540325,4.006594064143238
*c1cc(CCCCCCCCCCCC)c(-c2sc(*)c3c2OCCO3)s1,egc,2.3785,1.535288536760562,1.991330656743464,1.6038635851856866
*Oc1ccc(Oc2ccc(C(=O)c3ccc(*)cc3)cc2)cc1CC#N,egc,4.0183,3.742826359389214,3.648651320340021,3.728665259832273
*C(C=C1)=CC=C1C(=S)OC(=S)*,egc,2.8098,3.0434375564933585,3.1965269891275603,3.066457612747502
*CCCCCCNC(=O)N*,egc,5.7413,5.7828657302841435,5.678217971481384,5.76712984797628
*CC1CCC(CNC(=O)c2cccc(C(=O)N*)c2)CC1,egc,4.9032,4.8718342920341575,4.817626746854147,4.863683104078392
*OC(*)C=C,egc,6.1637,5.400990779061886,4.152123540538432,5.2131986265267045
*CCCCCCNC(=O)CCCC(=O)O*,egc,5.9363,6.156756580905399,5.9229535812669285,6.121599626493494
*CCOC(=O)C1CCC(C(=O)O*)CC1,egc,6.5843,6.4757850438241595,7.1749895466157225,6.58092441700266
*CCOCCOC(=O)c1ccc(NC=Nc2ccc(C(=O)O*)cc2)cc1,egc,4.1569,3.645754610191524,3.3672030081467974,3.6038688089417863
*CC(COc1ccc(Cl)cc1)O*,egc,4.8901,4.8375570962875445,4.464515201228572,4.781462790745706
*OC(c1ccco1)C(C)(C)C(*)=O,egc,5.4574,4.80282406634176,5.1411567090392705,4.853699141998483
*Oc1ccc(NC(=C(C#N)C#N)c2ccc3cc(C(Nc4ccc(*)cc4)=C(C#N)C#N)ccc3c2)cc1,egc,2.9429,2.620900736319592,2.726349400263813,2.636757050724522
*Oc1ccc(-c2ccc(OC(=O)CCCCCCCCCCCC(*)=O)cc2)cc1,egc,4.4464,4.4475258582228365,4.572539868816612,4.466324213582225
*CC(*)c1ccc(S(=O)(=O)O)cc1,egc,3.2569,3.551429517817002,2.951562081692385,3.4612274582299554
*CCCCNC(=O)c1cccc(C(=O)N*)c1,egc,5.1173,4.912236256342755,4.878251589736583,4.907125982409468
*OC(*)CCC#N,egc,6.5576,6.703642669126531,5.629329731813739,6.542098244890621
*c1ccc(Oc2ccc(Oc3ccc(N4C(=O)CC(=O)N(*)C4=S)cc3)cc2)cc1,egc,3.1515,3.6555399601190657,3.4525619379108528,3.625018157214795
*Oc1cc(OC(=O)c2ccc(OCCCC)cc2)c(OC(=O)CCCC(*)=O)cc1OC(=O)c1ccc(OCCCC)cc1,egc,4.3317,3.855870847819188,3.8924707487168284,3.861374374503313
*CC(*)CC,egc,6.517,6.574037935293558,6.153841560017272,6.510853011094642
*OC(C)COC(=O)CCCCCCCC(*)=O,egc,6.6084,6.684132264567712,6.724420843278338,6.690190457692866
*CC(*)C(=O)OCC(F)(F)C(F)(F)C(F)(F)F,egc,6.784,6.5305048912478805,6.711299133631546,6.557690919430779
*CC(*)c1ccc(C)cc1C,egc,4.8585,4.658871635949718,4.175227650258891,4.586146095290202
*Oc1ccc(C(=O)NNC(=O)c2cccc(C(=O)NNC(=O)c3ccc(OC(=O)c4cccc(C(*)=O)c4)cc3)c2)cc1,egc,3.7359,3.5312214298004077,3.8431027984377755,3.578119027675805
*NC(=O)C=CC(=O)Nc1nc(*)nc(N)n1,egc,3.896,3.335633243606941,3.1801105102196603,3.312247291946072
*C(S1)=CC=C1OC(=S)O*,egc,3.5737,3.914000104668258,3.6444543015654935,3.87346850530359
*OC(=O)Cc1ccc(CC(*)=O)cc1,egc,5.2715,5.152840619932518,4.780932866054181,5.096916855187187
*CC(*)(C#N)C(=O)OCC(C)C,egc,6.6162,6.431564725736631,7.305129417827588,6.5629226386085
*Oc1ccc(SSc2ccc(*)cc2)cc1,egc,3.8889,4.147550992968365,4.031244775607131,4.130062028378891
*NC(C(*)=O)C(C)CC,egc,5.462,5.86070687785634,6.264479050998192,5.92142209496602
*OC(C)CCOC(=O)CCCCSCCCCC(*)=O,egc,5.3678,5.404054164065529,5.392823191337343,5.402365362823386
*CC(*)(C)C(=O)OCCCCn1c2ccccc2c2ccccc21,egc,3.7637,3.56018154058906,4.415560689694776,3.6888048935678714
*c1ccc(-c2cc(OCCCCCCCCCC)c(*)cc2OCCCCCCCCCC)cc1,egc,3.5012,3.409123642112205,3.138236350232354,3.368390323095295
*OC1CC(c2ccccc2)CC(*)O1,egc,5.8678,5.226401643687314,5.357730802017005,5.246149607740344
*CCCCCCCCC(=O)NCCCCCOCCCCCNC(=O)CCCCO*,egc,5.8271,5.829099527038205,5.918042089835135,5.8424738192002605
*c1ccc(*)n1Cc1ccc[n+](C)c1,egc,0.2844,2.316652069099907,1.7954226659773906,2.2382748096461853
*C(C=C1)=CC=C1C(S2)=CC=C2C(C=C3)=CC=C3C(=S)*,egc,2.3434,2.5173579465830387,1.9811755225339172,2.4367322015416653
*CC(C)C1C(=O)N(CCC)C(=O)C1*,egc,5.8295,5.398951327256064,4.195959536298771,5.218057465252668
*Nc1ccc(NC(=O)CCCCCC(*)=O)cc1,egc,4.5224,4.556242837672701,4.539593410390515,4.553739263480543
*C(=O)Nc1cccc(NC(=O)c2ccc3[nH]c(-c4cccc(-c5nc6cc(*)ccc6[nH]5)c4)nc3c2)c1,egc,3.3364,3.3566382492577342,3.4910911206595823,3.3768559260101023
*NC(=O)C(S1)=CC=C1O*,egc,4.3505,3.771261163909403,4.518365824105433,3.8836032832151806
*CCCCCCCCNC(=O)CCC=CCCC(=O)N*,egc,5.2366,5.648168800966775,5.66217149275937,5.650274385573292
*Cc1ccc(CSSSS*)cc1,egc,4.3206,3.963696537309909,3.7587134055792513,3.9328732261094212
*CC(CCCC)(CCCC)C(=O)O*,egc,6.671,6.3445369072640565,6.807332917423476,6.414127538078654
*c1ccc(*)n1C(=O)OCC,egc,2.3493,3.0518616190717336,3.8978007974998445,3.1790654837664962
*c1ccc(*)c(C(=O)c2c(F)c(F)c(F)c(F)c2F)c1,egc,4.0903,3.787430465740984,3.476264237061716,3.7406404034530008
*CCCCOC(=O)CC(=O)O*,egc,6.6946,6.50250937529205,6.491476833311439,6.500850412079177
*c1ccc(*)c(C(=O)c2ccccc2)c1,egc,3.9696,3.7604908457469337,3.788474919351009,3.7646988105783485
*CCCCOc1ccc(C=C2CCC(=Cc3ccc(O*)cc3)C2=O)cc1,egc,2.9446,3.634067571199399,3.930752000197769,3.6786800054331197
*OC(=O)OC1COC2C(*)COC12,egc,6.8979,6.487306219285034,5.931177033163254,6.4036810798563435
*c1cccc(C(F)(F)C(F)(F)C(F)(F)c2cccc(N3C(=O)c4ccc(Oc5ccc6c(c5)C(=O)N(*)C6=O)cc4C3=O)c2)c1,egc,3.4025,3.2296700116466988,3.1401370707867424,3.2162069443419825
*CC(c1ccccc1)C1C(=O)N(c2ccc(C(=O)Oc3ccc(C=O)cc3)cc2)C(=O)C1*,egc,4.2954,3.6671635742104023,3.470102171709726,3.6375314533446517
*CC(OC)C(C(=O)O)C(*)C(=O)O,egc,6.3287,5.916714390852696,5.846753488682379,5.90619437078443
*c1sc(*)c2c1OCC(CCCCCCCCCCCC)O2,egc,1.9291,2.9564616785578033,3.327224864591313,3.012213334649251
*c1ccc(Oc2ccc(-c3cnc4cc(Oc5ccc6nc(*)cnc6c5)ccc4n3)cc2)cc1,egc,3.1068,3.0311455918824333,2.9204672045610525,3.0145028840324155
*c1cc2sc(*)c(C)c2s1,egc,3.8179,2.038139050176091,1.8508405630892624,2.009974978790726
*CCCCCOC(=O)c1cccc(C(=O)O*)c1,egc,5.0521,5.088391564172366,5.1395630892233,5.096086225815653
*NC1CCC(CC2CCC(NC(=O)CCCCC(*)=O)CC2)CC1,egc,5.6991,5.720856856753076,5.650582166676322,5.710289652400867
*C=CC1CC(*)C2C(=O)N(c3ccc(C)cc3)C(=O)C12,egc,5.2272,4.841947190288969,4.801370383200435,4.83584565626589
*c1ccc(N2C(=O)c3ccc(C(=O)c4ccc5c(c4)C(=O)N(c4ccc6[nH]c(*)nc6c4)C5=O)cc3C2=O)cc1,egc,2.4444,2.7267588211667646,2.4882485546135666,2.69089403508212
*CC(*)OCCCCC,egc,5.9056,5.674555558616898,5.215071936265961,5.605463011519608
*NC(C=C1)=CC=C1C(S2)=CC=C2C(C=C3)=CC=C3*,egc,2.7767,3.098272701858335,3.59682611743522,3.1732401733212297
*C(F)(F)NC(F)(F)C(=O)*,egc,4.8818,6.219953191451112,5.0822905586173786,6.048882874216046
*Nc1cc(C(c2ccc(O)c(NC(=O)c3ccc4cc(C(*)=O)ccc4c3)c2)(C(F)(F)F)C(F)(F)F)ccc1O,egc,3.7695,3.3338484226764606,3.192094975919093,3.312532958490435
*C(=O)OC1CCN(*)CC1,egc,5.5791,5.948448576472228,6.76904766229822,6.071842051728944
*CC(F)(F)C(F)(F)C(F)(F)COC(=O)CSCSCC(=O)O*,egc,5.1865,5.504067752680702,5.069562611887623,5.438731219572822
*C(=O)OC(=O)O*,egc,5.0987,5.773905137692335,5.005792695880837,5.658404078502587
*C=C(C)CC(C#N)CC*,egc,5.6857,5.465385564438798,4.74257274925742,5.356696209593195
*CCCCOC(=O)OCC1CCC(COC(=O)O*)CC1,egc,7.0222,6.87634561888731,6.44492988426045,6.811473639749711
*C(=O)OC(S1)=CC=C1C(=S)*,egc,2.7905,2.8577985075817463,2.733521839435047,2.8391110263977883
*Nc1c([2H])c([2H])c(*)c([2H])c1[2H],egc,3.3666,3.491252306192346,3.3222604195647896,3.4658409981110396
*CC(CO*)(CS(=O)(=O)C(C)C)CS(=O)(=O)C(C)C,egc,5.5454,5.396159538599469,5.772806795203475,5.4527959823160685
*CCCCCOC(=O)O*,egc,7.3186,7.085677334782588,7.136587389242691,7.093332679096088
*C(=O)c1ccc2c(c1)C(=O)N(c1ccc(OCCOCCOCCOc3ccc(N4C(=O)c5ccc(*)cc5C4=O)cc3)cc1)C2=O,egc,2.5902,2.42134136490851,2.4454172826516474,2.4249616603873068
*CC(*)CCCC1CCCCC1,egc,6.3703,6.700865504270361,6.577139953159891,6.682260894548909
*c1ccc(-c2ccc(*)nc2)cn1,egc,3.5855,3.645035488779473,3.0641479792177617,3.557687440535075
*NC(CCC(*)=O)C(=O)OC,egc,5.6456,5.86483174997804,6.494722004729096,5.959548340462462
*c1cc(COCCCCCCCCCCCCOc2ccc(-c3ccc(OC)cc3)cc2)c(*)s1,egc,2.5163,2.7181917951805517,2.6614211548779263,2.7096551946401815
*CC(F)(F)C(F)(F)C(F)(F)C(F)(F)COC(=O)CSCCSCC(=O)O*,egc,5.0898,5.632802095190385,5.322399601163993,5.586126875673519
*CCCCCCCC[N+](C)(C)CCCCCC[N+](*)(C)C,egc,0.1032,0.7721926776685732,0.19714123132595154,0.685722198184438
*Nc1nc(*)nc(Cl)n1,egc,4.4996,4.462863555015081,3.8506473834557293,4.370804616220347
*C(=O)c1ccc2c(c1)C(=O)N(c1cccc(Nc3ncnc(Nc4cccc(N5C(=O)c6ccc(*)cc6C5=O)c4)n3)c1)C2=O,egc,2.4957,2.607442090987272,2.670008939514445,2.6168502672928278
*CCCCCCCCCCNC(C)=N*,egc,4.8855,5.3134134779676465,4.955335995008951,5.259569370904115
*OC(=O)OCC1OC(C)(C)OC1COC(=O)OC1COC2C(*)COC12,egc,6.6226,6.043045331246268,5.49232614110137,5.960233692851447
*C(=O)c1ccc2c(c1)C(=O)N(c1ccc(C3(c4ccc(N5C(=O)c6ccc(*)cc6C5=O)cc4)c4ccccc4-c4ccccc43)cc1)C2=O,egc,2.3311,2.512359224227789,2.545334533175368,2.5173177210613678
*Oc1ccc(C(C)(C)c2ccc(OC(*)=O)c(Cl)c2)cc1C,egc,5.1208,4.79333700343063,4.99597725720656,4.823808016099559
*CCc1cnc(*)cn1,egc,4.5671,4.438955388901384,4.146477568075762,4.394975502291034
*C(=O)c1ccc2c(c1)C(=O)N(c1ccc(-c3ccc(N4C(=O)c5ccc(*)cc5C4=O)c(OC)c3)cc1OC)C2=O,egc,2.4885,2.640919373079319,3.143413713245949,2.7164794413282114
*CC1(CO*)CCC(C)CC1,egc,5.8565,5.918109219459455,6.673731693877825,6.031732162393531
*C(C)=C(*)CCC,egc,5.0895,4.883779758039577,3.150118041751434,4.623089065364741
*CC(C)(C)CS(=O)(=O)CC(C)(C)COC(=O)O*,egc,6.8436,6.056836762714301,6.507800651553758,6.124648197579808
*CC(O*)C(F)(F)F,egc,6.7566,7.431744660187732,8.536403703753182,7.597852228077717
*CCOC(=O)CCCCCCC(=O)O*,egc,6.9025,6.760427712502858,6.8703952683730405,6.776963532635597
*CC1CCC(COC(=O)CCCCC(=O)O*)CC1,egc,6.7775,6.645349026572134,6.836463274044033,6.674086873803457
*COC(=O)NCCNC*,egc,5.81,5.8915812988124445,5.546570765569756,5.839702068829955
*NNC(=O)C=CC(=O)Nc1ccc(NC(=O)C=CC(*)=O)cc1,egc,3.0373,3.1267568623561863,3.3231813766116645,3.1562932143437092
*O[Si](C)(Oc1ccc(*)cc1)c1ccccc1,egc,4.1409,4.915757000360033,4.699128649369569,4.8831825976711265
*CC(*)OC(=O)C(C)(C)C,egc,6.1579,6.390396521890821,6.470380614565378,6.402423729001874
*c1ccc(-c2ccc(-c3nc(-c4ccc(-c5csc(*)n5)cc4)cs3)cc2)cc1,egc,2.9481,3.236104803607443,2.968152534155742,3.1958128238798666
*CC(O)CN(*)c1ccc(N=Nc2ccc(Cl)cc2)cc1,egc,2.6263,2.743297521593022,2.5334053712574094,2.7117360413204157
*Oc1c(-c2ccccc2)cc(*)cc1-c1cccc(C)c1,egc,3.8976,3.9361429957470775,4.520876438970072,4.024069356992635
*C(=O)N(*)CC,egc,6.052,5.252976626264176,4.356402950938889,5.118158852843536
*OC1C(COC(C)=O)OC(*)C(OC(C)=O)C1OC(C)=O,egc,5.9636,6.168338427863058,5.341255318210224,6.04396995001682
*c1cc(N=Nc2ccc(C(=O)O)cc2)cc(*)c1O,egc,2.9911,2.9580166089647317,2.9951254883289655,2.9635966707351225
*CC(*)(C)C(=O)OCC(F)(F)C(F)(F)C(F)(F)C(F)F,egc,6.3477,6.402333598864625,6.430711912194903,6.406600845519211
*Oc1ccc(Oc2ccc(C(=O)c3ccc(*)cc3)cc2)cc1CBr,egc,3.6235,3.7418889282789105,4.041639461257759,3.7869624125335055
*CCCCCCCCCCCCCCC(=O)O*,egc,6.9774,6.725340822545401,6.728280893011682,6.725782920908172
*CC(*)c1c(F)c(F)c(P(=O)(O)O)c(F)c1F,egc,4.4874,3.940484606788175,3.763376527433248,3.9138528668982278
*C(=O)C(C=C1)=CC=C1C(S2)=CC=C2O*,egc,3.7187,3.499935949908659,3.6508857256316265,3.522634265977255
*CCCOC(=O)NCCSCCSCCNC(=O)O*,egc,5.2508,5.2006731507907,5.386176952990698,5.228567355429926
*CCNC(=O)c1ccc(O*)cc1,egc,5.0314,4.722411441175513,4.5719897935400295,4.699792539721462
*C(=O)Nc1ccc(NC(=O)c2ccc3c(c2)C(=O)N(c2c(C)cc(C)c(N4C(=O)c5ccc(*)cc5C4=O)c2C)C3=O)cc1,egc,3.3589,2.8474486967544532,2.646065825883437,2.8171667567387195
*C(=O)c1ccc2c(c1)C(=Nc1ccc(Oc3cccc(N=C4OC(=O)c5ccc(*)cc54)c3)cc1)OC2=O,egc,2.5722,2.9500138805497205,2.906833678711608,2.943520874087585
*c1ccc(C(=O)Oc2ccc3ccc(OC(=O)c4ccc(N5C(=O)CC(SCCOCCSC6CC(=O)N(*)C6=O)C5=O)cc4)cc3c2)cc1,egc,3.5935,3.396466170079993,3.288751346075027,3.380269093212354
*CC(C)(CC)COC(=O)CCCCCCCCC(=O)O*,egc,6.7916,6.276861463270421,6.232234212852445,6.270150864129694
*c1ccc(Oc2ccc(-c3cnc4cc(-c5ccc6nc(*)cnc6c5)ccc4n3)cc2)cc1,egc,3.1085,3.019092264708245,3.0899673193812207,3.029749745878
*CC(OC(=O)OCC)C(COC(=O)O*)OC(=O)OCC,egc,7.1757,6.792897250728949,6.279420641817842,6.715685778853133
*C=CCC*,egc,5.2133,4.9986897300310105,4.865277690903194,4.978628563215921
*C1CC2C3CC4C(C3*)C24C1,egc,5.9559,6.236262967351924,3.531999902472485,5.829622960864508
*c1ccc(C)c(N2C(=O)c3ccc(S(=O)(=O)c4ccc5c(c4)C(=O)N(*)C5=O)cc3C2=O)c1,egc,3.2404,3.0387911843706186,3.23526191897727,3.0683344865118247
*Nc1c(Br)cc(*)cc1Br,egc,4.3604,3.390055846041239,3.453215942844183,3.399553229083314
*CC(CCCC)O*,egc,5.4348,5.744758744489691,5.675985707966151,5.734417343765299
*c1c(C)cc(-c2cc(C)c(N3C(=O)c4ccc(-c5ccc6c(c5)C(=O)N(*)C6=O)cc4C3=O)c(C)c2)cc1C,egc,2.8885,3.0378923793308608,2.738767230122178,2.9929129340267147
*Nc1nc(Nn2c(=O)c3cc4c(=O)n(*)c(=O)c4cc3c2=O)nc(N(CCC)CCC)n1,egc,2.5752,2.952233871126266,2.7766430203133003,2.9258302768750175
*CCCCCCCCCCOC(=O)CCCCCCCCCCCCCCCCC(=O)O*,egc,6.6124,6.412575337312045,6.711401863390593,6.457509878659491
*c1ccc2c(c1)Cc1cc(N3C(=O)c4ccc(-c5ccc6c(c5)C(=O)N(*)C6=O)cc4C3=O)ccc1-2,egc,2.6588,2.6354628345224556,2.5217344581160104,2.6183614998482048
*C(=O)C(C=C1)=CC=C1C(=S)O*,egc,3.2688,3.2904069062163495,3.8740336574612684,3.378166854201678
*C(=O)c1ccc2c(c1)C(=O)N(c1cc(-c3nc4ccccc4o3)cc(N3C(=O)c4ccc(*)cc4C3=O)c1)C2=O,egc,2.6591,2.850350414865668,2.687096727747634,2.825801959779724
*c1ccc(-c2ccc(-c3ccc(*)n3C)o2)s1,egc,1.929,2.5862282266347467,1.6111063383172382,2.4395991593146515
*C(=O)Oc1ccc(OC(=O)N2CC(C)N(*)CC2C)cc1,egc,5.5219,4.75696005859104,4.67352822280645,4.744414414387519
*CCCCNC(=O)CCCCCC(=O)N*,egc,5.7771,5.948316403602469,5.870714015182991,5.9366473333333225
*Oc1ccc(OC(=O)c2ccc(C(*)=O)cc2)cc1C1CCCCCC1,egc,3.5076,3.5842241915087385,3.530303802572348,3.5761161832340798
*NC(CC(*)=O)C(=O)OCCCC,egc,6.151,5.983635701587203,5.992586787380265,5.984981676256692
*CC(*)C(=O)Oc1ccc(OC)cc1,egc,4.4447,4.705677918333665,4.683828790454707,4.702392465221566
*CCNC(=O)CCCCCCCCCCC(=O)N*,egc,5.5657,5.897862922383247,5.9819663070810565,5.910509547389257
*C(=O)OC(S1)=CC=C1O*,egc,4.2235,4.2659488968586174,4.231543012211358,4.2607752843732545
*CCCCCCC(=O)N*,egc,6.0436,6.012227564895592,6.057577585318939,6.019046846953855
*C(OC)=C(OC)c1ccc(*)s1,egc,2.5351,2.839141815540653,3.289840272227741,2.90691333737641
*OC(=O)CCCCC(*)=O,egc,6.1659,6.060855507606941,6.1429617225344195,6.073201818217169
*NC(CCCCNC(=O)NCCCCCNC(*)=O)C(=O)OC,egc,5.5834,5.615624568877284,5.492229262342377,5.597069618028925
*C(=O)Nc1cc(NC(=O)c2ccc(*)o2)c(N)cc1N,egc,2.8199,3.208447098404431,3.399186608477475,3.2371285963773246
*C(C)C(*)O,egc,6.0639,6.255401369241717,4.335009995289516,5.966632140055386
*NC(=O)C(C=C1)=CC=C1C(S2)=CC=C2*,egc,4.012,3.0971416510337355,2.9613927894060996,3.0767290962457707
*CCCCCCCCCCNC(=O)CCCCCCCC(=O)N*,egc,5.9559,5.823299478998798,5.870714015182991,5.830429202268675
*c1cccc(*)c1,egc,4.1803,3.6870324116556055,4.259422932279919,3.773102767769567
*CCCN(*)C(=O)c1ccccc1,egc,5.2083,4.937229789950698,5.732915491272758,5.056877039861266
*CC(=O)OC(=O)COc1ccc(C(C)(C)c2ccc(O*)cc2)cc1,egc,4.2779,4.745400222924188,3.953156456042106,4.626270536656441
*CCCCCOC(=O)NC1CC1NC(=O)O*,egc,6.2104,6.358998179403938,7.404829426989042,6.516259812277554
*C(=O)C(C=C1)=CC=C1OC(=S)*,egc,3.5119,3.1810282351924593,3.1752681818309862,3.180162096033627
*CCCCCCCCCCCCOc1ccc(C=NN=Cc2ccc(O*)cc2O)c(O)c1,egc,3.7924,3.666691107156319,3.8253292916713977,3.690545529168048
*C(C#N)=C(c1ccccc1)c1ccc(*)cc1,egc,4.0078,2.6265454732064115,2.86785769530383,2.662831589314558
*CC(*)c1cc(OC)ccc1OC,egc,3.8323,4.09958176329071,4.087388087763296,4.097748200439534
*CCCCNC(=O)CCCCCCCC(=O)N*,egc,5.9048,5.869868572922634,5.864983602609014,5.8691340199918125
*Nc1ccc(*)cc1C,egc,3.5769,3.866912564247451,3.94071874499306,3.8780107988116037
*c1ccc(Oc2ccc(-n3c(=O)c4c(F)c5c(=O)n(*)c(=O)c5c(F)c4c3=O)cc2)cc1,egc,2.0451,2.484958152023937,2.344493601421576,2.4638364991381656
*CC(CO*)C(C)(C)C,egc,5.7599,5.505133639455917,6.352791897310315,5.632596002104573
*c1ccc(C)c(N2CC(=O)N(*)CC2=O)c1,egc,5.1153,3.8585892036899536,3.730081419002147,3.8392654895595526
*C(F)(F)C(*)(F)OC(F)(F)C(F)(F)F,egc,8.7447,8.612296160963318,6.214597895490402,8.251754299896174
*CC(*)(C)C(=O)OCC(=O)N1CCCC1,egc,5.0881,5.611841128206106,5.899177191571235,5.655047848805263
*CCOC(=O)Nc1cccc(NC(=O)O*)c1,egc,5.098,4.9836899673717605,5.270727108722867,5.0268517390710485
*NC(C)(CC)C(*)=O,egc,5.7479,5.270983517283272,5.578622387998455,5.317243170794082
*CC(COCCCC)O*,egc,5.3487,5.741967358289422,5.7020494428486765,5.73596490179597
*CCCCCCCCn1c(=O)c2cc3c(=O)n(*)c(=O)c3c(Br)c2c1=O,egc,3.5401,3.5814665971925623,2.8547489262166517,3.4721900692252885
*CCc1ccc(*)o1,egc,4.9056,4.035738538987947,4.091199156714432,4.044078151448357
*Cc1ccc(CNC(=O)CCCCCCCCCCCCCCCCCCCCC(=O)N*)cc1,egc,5.5873,5.216350207482786,5.260095314510524,5.222928158731898
*Oc1ccc(C(c2ccc(OC(=O)c3ccc(OCCCCCCCCCCOc4ccc(C(*)=O)cc4)cc3)cc2)(C(F)(F)F)C(F)(F)F)cc1,egc,4.4545,3.8128546405380503,4.060698072463108,3.8501228545941277
*Oc1ccc(NC(=O)c2cc(C(=O)Nc3ccc(*)cc3)cc(S(=O)(=O)c3ccccc3)c2)cc1,egc,3.3682,3.368383064798555,3.494673241020636,3.3873733171690414
*OC(COC(*)=O)COc1ccccc1,egc,5.4034,5.188084806034446,4.862399733665967,5.139111545385088
*C=CC1=C(O)C(O)=C(*)C1,egc,1.3796,2.9683165275534087,2.651638547292025,2.9206976632423465
*CCSSCCOCO*,egc,5.3189,5.368120304550149,4.989011812014297,5.311113764814309
*NC(S1)=CC=C1C(=O)C(S2)=CC=C2*,egc,2.2308,3.0772818684916743,3.1285029609965678,3.0849839835924517
*c1cc(-c2nc3ccccc3o2)cc(-n2c(=O)c3cc4c(=O)n(*)c(=O)c4cc3c2=O)c1,egc,2.4745,2.5369670116055425,2.42813097759368,2.5206013384018444
*CC(CCl)O*,egc,6.3441,6.372488174028812,5.683854663431873,6.268938360827087
*OC(=O)c1ccc(CCCCc2ccc(C(*)=O)cc2)cc1,egc,4.8401,4.4206652294416955,4.439405711300382,4.423483235486878
*CCCCCCCCCCCCOC(=O)NCCCCCCNC(=O)O*,egc,6.1958,6.263942130244953,6.30644271681725,6.270332942967253
*Oc1ccc(Oc2ccc(C(=O)c3cccc(-c4cccc(C(=O)c5ccc(*)cc5)c4)c3)cc2)cc1,egc,3.724,3.542533713236916,3.53872009214716,3.541960259076772
*c1cccc(-c2nc3ccc(-c4ccc5nc(*)sc5c4)cc3s2)c1,egc,3.3066,3.232554860014653,3.3822841771002525,3.2550696557317482
*C1=CC(C)C(C(=O)C(=O)C2CC3C(*)CC3(O)C2=O)C(=O)N1C,egc,2.7097,3.734779239735449,3.2256421650066485,3.6582203035655567
*C(=O)OCC(C)(C)COC(=O)N1CC(C)N(*)CC1C,egc,5.8365,5.779114941495415,5.124321079674338,5.680653595897474
*C=Nc1ccccc1N=Cc1ccc(Sc2ccc(*)o2)o1,egc,2.7375,2.658753785230146,2.288692468244015,2.6031076691794173
*COC(=O)Nc1ccc(Cc2ccc(NC(=O)OCc3cocc3*)cc2)cc1,egc,4.6344,3.341820346676157,3.6857972725438266,3.3935441531293535
*CCOC(=O)Nc1cccc2c(NC(=O)O*)cccc12,egc,3.9352,4.108598623112833,4.407024016455005,4.153472846135245
*CC#CC#CCOc1ccc(-c2ccc(O*)cc2)cc1,egc,4.0246,3.9056525125432255,4.032533204544037,3.924731560764682
*c1ccc(-c2nc3ccc(S(=O)(=O)c4ccc5nc(*)c(-c6ccccc6)nc5c4)cc3nc2-c2ccccc2)cc1,egc,2.8529,3.1866042076863716,3.1968215951295296,3.1881405961206664
*CCCCNC(=O)CCCCCCC(=O)N*,egc,6.0697,5.8582720596067395,5.864983602609014,5.859281274252101
*CC(CBr)O*,egc,6.2128,5.7806460859825615,5.788508667632571,5.781828382296368
*CCCCCCCCCCNC(=O)CCCCCCCCCCCCCCCCC(=O)N*,egc,5.9174,5.865511743306083,5.879525366650209,5.867618971689881
*CC(OC(C)=O)C1C(=O)N(c2ccccc2)C(=O)C1(*)Cl,egc,5.0889,4.723877419300938,5.18747285527247,4.793588259765864
*c1ccc(Cc2cccc(-n3c(=O)c4cc5c(=O)n(*)c(=O)c5cc4c3=O)c2)cc1,egc,2.6251,2.675292880489755,2.843160408870519,2.7005351188342055
*Nc6ccc(c5ccc(NC(=O)c4ccc(C3(c1ccc(C(*)=O)cc1)OC(=O)c2ccccc23)cc4)cc5)cc6,egc,3.2864,3.395574240274217,3.4308365751564374,3.400876637171727
*CC(=O)Nc1ccc(NC(=O)CN2C(=O)c3ccc(C(=O)c4ccc5c(c4)C(=O)N(*)C5=O)cc3C2=O)cc1,egc,2.4122,3.16486885900839,2.3647483949284,3.044554753872059
*C(=O)c1ccc2nc(-c3ccc(-c4nc5ccc(*)cc5nc4-c4ccccc4)cc3)c(-c3ccccc3)nc2c1,egc,3.0508,3.0573437797746266,3.189478664665444,3.0772129009215416
*CC(*)C(=O)OCCCSCCC#N,egc,5.408,5.386286163064452,4.43075333288779,5.2426027021954935
*C(OC(C)=O)=C(OC(C)=O)c1ccc(*)cc1,egc,3.7517,3.563263498553146,3.9979642208799753,3.6286294412540454
*OC1CCC(OC(=O)OCCCCOC(*)=O)CC1,egc,7.0064,6.782050571607978,6.308697664321548,6.7108725002917655
*CCCCOC(=O)C1C(=O)C2CCC1C(=O)C2C(=O)O*,egc,5.3882,5.6344243830859675,5.362041471344692,5.593466167727407
*CCCCCCCNC(=O)c1ccc(C(=O)N*)cc1,egc,4.6365,4.744077654192853,4.843749420898073,4.759065296625277
*C(=O)Oc1ccc(OC(=O)c2ccc3c(c2)C(=O)N(c2ccc(Oc4ccc(N5C(=O)c6ccc(*)cc6C5=O)cc4)cc2)C3=O)c(C(C)(C)C)c1,egc,2.5796,2.731098820837134,2.515283437204582,2.698646664040644
*Oc1ccc(NC(=O)c2cc(C(=O)Nc3ccc(Oc4ccc(C5(c6ccc(*)cc6)CC6CCC5C6)cc4)cc3)cc(C(C)(C)C)c2)cc1,egc,3.5452,3.4987426014078955,3.6451068959075625,3.520751398716794
*CCCCCCCCCCOCCCCCCCCCCOCCCCCCO*,egc,6.1357,6.037341312260238,6.2389665854683365,6.067659702312659
*CC(C)(C)COC(=O)Nc1ccc(Cc2ccc(NC(=O)O*)c(C)c2)cc1C,egc,4.5157,4.840627237064388,4.920027980655727,4.852566725980393
*CC(*)(C#N)C(=O)OCC,egc,6.5171,6.581351073480011,6.661130938110036,6.593347570822316
*CCOCCOCCOCCOCCOCCOC(=O)c1cccc(C(=O)O*)c1,egc,4.6176,4.944974812897491,4.947480364078122,4.945351572600191
*CC(*)C(=O)OCC(F)(F)C(F)(F)C(F)(F)C(F)(F)C(F)(F)C(F)(F)C(F)(F)F,egc,6.2833,6.374886299648897,6.101935757514106,6.333842729714482
*c1cn(*)c2ccccc12,egc,4.1935,3.2482068127646855,2.6399009198715224,3.1567358625287714
*CCN(CCOC(=O)c1cccc(C(=O)O*)c1)c1ccccc1,egc,3.0504,4.286161198825842,4.143171982936956,4.264659912049484
*ON(C(F)(F)C(*)(F)F)C(F)(F)C(F)(F)Br,egc,6.7014,6.476377352731903,5.02444547093982,6.258050372084575
*C(=O)c1ccc2c(c1)C(=O)N(c1cccc(Nc3nc(Nc4cccc(N5C(=O)c6ccc(*)cc6C5=O)c4)nc(N(C)C)n3)c1)C2=O,egc,2.5033,2.674772956778608,2.653646978218167,2.671596243621357
*c1ccc2c(c1)nc1c3cc4c(=O)n5c6cc(*)ccc6nc5c4cc3c(=O)n21,egc,2.1718,2.397955872785737,2.613995459962853,2.4304417430666887
*Nc1ccc(Cc2ccc(NC(=O)c3ccc(C(*)=O)cc3)cc2)cc1,egc,3.2294,3.609346892742755,3.6927162460241707,3.6218831414529817
*C=CC1CC(*)C2C(=O)N(CCC)C(=O)C12,egc,5.2391,5.094681626992318,5.3730398425266195,5.136538348714671
*NNC(=O)C(*)=O,egc,5.5325,4.665728453620047,3.7835300367074836,4.53307228764438
*CCCCCCCCCCCCNC(=O)CCCCCCCCCCCCCCC(=O)N*,egc,5.8878,5.84592376252617,5.870714015182991,5.84965147253786
*C=C(*)c1cccs1,egc,3.6662,1.4781371979608036,1.0123296711871266,1.408093725426973
*CCC(=O)C(=S)*,egc,3.2378,2.883299526982165,3.3275560768245898,2.950102379358532
*CC(*)c1ccc(Cl)c(Cl)c1,egc,2.3069,3.224816144809022,3.1297904490637323,3.210527132014308
*CC(*)C(=O)NC,egc,5.4371,5.46348851110285,5.209481588972755,5.425293493094336
*Oc1c(Cl)cc(C2(c3cc(Cl)c(OC(*)=O)c(Cl)c3)CC3CCC2C3)cc1Cl,egc,4.8308,4.708216052003878,4.4275404109478105,4.666010859032022
*Nc1cc(Br)c(*)cc1Br,egc,3.1464,3.8793702192627055,3.4982991492671127,3.8220685667764367
*CCCC(=O)N*,egc,5.5236,5.807296283592208,6.095203641473534,5.850588909741306
*C(=O)Oc1ccc(OC(=O)c2ccc3c(c2)C(=O)N(c2ccc(Oc4ccc(N5C(=O)c6ccc(*)cc6C5=O)cc4)cc2)C3=O)c(C)c1,egc,2.6804,2.573872508432576,2.4192232508073737,2.550617901312174
*OC(=C)CC(*)=O,egc,5.0472,4.407624522857834,5.59271211212328,4.585826130255279
*C(F)(F)C(S1)=CC=C1C(F)(F)O*,egc,4.9584,4.4125246221519125,4.461012292855444,4.419815712647328
*OC(C)COC(=O)Cc1ccc(CC(*)=O)cc1,egc,5.1464,5.323122194150748,5.124885121774893,5.29331328781916
*Oc1ccc(C(CC)(c2ccccc2)c2ccc(OC(=O)CCCCCCCCC(*)=O)cc2)cc1,egc,5.0249,4.751174993656103,4.847771409332699,4.765700195589127
*C(F)(F)C(F)(F)CC(C=C1)=CC=C1*,egc,5.1278,4.93175680003698,5.426169093258171,5.006101570978075
*Oc1cc(OC)c(*)cc1OC,egc,4.0822,4.378877103744798,3.7890370454819853,4.290182860853447
*CCCCCCCCCCCCOC(=O)CC=CCC(=O)O*,egc,5.9809,5.92315716564504,6.019413511630274,5.9376312313024195
*CCC(*)O,egc,6.3158,6.182075328630519,6.410443218832845,6.216415005697969
*c1cccc(-c2nc3cc(-c4ccc5[nH]c(*)nc5c4)ccc3[nH]2)c1,egc,3.5069,3.2904546827205707,3.4794275715851346,3.3188705338823214
*Nc1ccc(*)cc1OCCCCCCCCCCCC,egc,3.5203,3.620057977081571,3.5820505880761995,3.614342806426603
*C(=O)C(C=C1)=CC=C1OC(S2)=CC=C2*,egc,3.6478,3.5218583200962414,3.534103049363935,3.5236995598977674
*Oc1ccc(*)cc1,egc,4.035,4.678393595699691,5.080246839112557,4.738820263367721
*NNC(=O)c1ccc(C(*)=O)cc1,egc,4.8451,4.62353741809378,4.606226027031485,4.620934304415492
*CC(*)OCCCl,egc,6.0339,6.032151686316916,5.075595555828395,5.888314351791633
*NC(CCCCNC(=O)NCCNC(*)=O)C(=O)OC,egc,5.4494,5.735903247930793,5.571301032611827,5.711152014674523
*CS*,egc,5.3464,4.793450688889412,4.373788405318659,4.730346076054217
*CC(=O)NCCCCCCNC(=O)Cc1ccc(*)s1,egc,4.7548,4.2477929951064555,4.19582497430531,4.239978564406218
*CC(CO*)(CS(C)(=O)=O)CS(C)(=O)=O,egc,5.8874,5.779787136694079,5.64278372538189,5.7591859352842345
*CCCCCCNC(=O)CC(=O)N*,egc,5.7541,5.795073147997226,5.753098344536314,5.78876139727544
*Oc1ccc(C(C)(c2ccc(Oc3ccc(C(=O)c4ccc(*)cc4)cc3)cc2)C(F)(F)F)cc1,egc,3.9149,3.8354211039402686,4.222400918739395,3.8936112543158323
*OC(=O)OCCOCCOCCOC(=O)OC1COC2C(*)COC12,egc,6.4799,6.271270483870166,6.298775084125703,6.2754063502995825
*c1c2ccccc2c(*)n1C,egc,2.8434,2.2649087777058443,2.794066222737449,2.3444781767317893
*c1sc(-c2cc(SCC(C)CC)c(*)s2)cc1SCC(C)CC,egc,1.6105,1.807619213468328,2.2248101009821513,1.8703522025063883
*CCN*,egc,5.0274,5.782384517539689,5.138125769881681,5.685507336939322
*c1ccc(-c2ccc(-c3cc(OCCCCCCCCCCCC)c(*)s3)s2)s1,egc,1.9946,1.7862850339039926,1.566265599853679,1.753200714093721
*CC(=S)NC(=S)*,egc,2.5403,3.008940875292798,2.973962735974194,3.003681212878976
*CCCCCCCC(=O)O*,egc,6.6609,6.619798102507052,6.7484312120084216,6.639140661728252
*CC(O)COc1ccc(C(C)(C)c2ccc(O*)c(Cl)c2)cc1Cl,egc,4.6702,4.501474444566888,4.553138743563885,4.509243204622872
*CC(*)C(=O)NCCc1ccccn1,egc,4.133,5.1138640961220005,4.277013044419294,4.9880268129401735
*C(=O)NNC(=O)c1cccc(C(=O)NNC(=O)c2cnc(*)cn2)c1,egc,3.3027,3.7305612158904022,3.370729223692337,3.6764532832923864
*c1ccc2cc(-c3nc4cc5nc(*)[nH]c5cc4[nH]3)ccc2c1,egc,3.1978,3.237311743463396,3.0511343956738,3.2093162577814787
*OC(=O)CCc1ccc(CCC(*)=O)cc1,egc,5.0434,5.449299731597143,5.453350345928451,5.449908822428339
*CC(*)n1c2ccccc2c2ccccc21,egc,4.0449,3.19640227178606,3.0957867903787193,3.18127272298455
*C(C)=C(C)c1ccc(-c2ccc(*)s2)s1,egc,2.1828,2.159666472155602,1.8044695462582674,2.1062555144248156
*N=Cc1ccc(C=Nc2sc(*)c(C#N)c2C#N)cc1,egc,1.5066,2.215041678849827,1.7864632842674597,2.1505963505026346
*C(=O)Nc1ccc(NC(=O)c2ccc3c(c2)C(=O)N(c2ccc(Oc4cccc5c(N6C(=O)c7ccc(*)cc7C6=O)cccc45)cc2)C3=O)cc1,egc,2.8645,2.419795855285539,2.3081186452020432,2.403002954468076
*c1ccc2nc3c4cccc5c6nc7ccc(*)cc7nc6c6cccc(c3nc2c1)c6c45,egc,2.69,2.8993068429840108,2.874574035703667,2.8955877710329325
*c1cc2c(s1)-c1sc(*)cc1C2=C1c2ccsc2-c2sccc21,egc,1.3371,1.5060116166494162,1.5580607273012368,1.5138382408295843
*CC(COc1cccc(C)c1)O*,egc,5.1113,5.101631553375679,5.002420682323685,5.0867132158174195
*CCN1C(=O)C(=CCCCC=C2SC(=S)N(*)C2=O)SC1=S,egc,3.4576,2.6291051217422523,2.3261429816082395,2.583548708156051
*OC1C(CO)OC(*)C(O)C1O,egc,5.8509,6.027658712937975,5.233021660589091,5.908169148361647
*c1ccc(Oc2cc3ccccc3cc2Oc2ccc(-n3c(=O)c4cc5c(=O)n(*)c(=O)c5cc4c3=O)cc2)cc1,egc,2.0632,2.0999902253171783,2.2535369778014123,2.123079048752
*OC(=O)CCCCCCCC(*)=O,egc,6.2617,6.206439668964752,6.17996609165256,6.202458837443669
*c1sc(*)c(OC)c1OC,egc,4.1637,2.1022869046480386,2.6782098650027115,2.1888884336843115
*CC(*)O,egc,6.3648,6.131695810124192,6.638970482271424,6.207974696838955
*CCCCCC(*)CC,egc,6.7743,6.789779336227582,6.367673194626309,6.726307240487972
*CCCCCCCCCCOC(=O)CCC(=O)O*,egc,6.7167,6.63989944196106,6.530741754091142,6.623485401670364
*C1C=C(C)C(*)S1,egc,5.0392,3.9216998893724786,3.669945882517125,3.8838436422083524
*C(=O)NC(=O)NCCCN*,egc,6.155,5.575129416256579,4.769634726692211,5.4540071888949315
*CCCCCCCCCCCCCCCCCC(=O)N*,egc,6.0841,6.093268027695888,6.042488348241264,6.085632287870489
*CCOC(=S)NC(=S)C(C=C1)=CC=C1N*,egc,2.7606,3.5651786582963907,3.3728866316130595,3.5362637084183643
*Nc1ccc(-c2ccc(NC(=O)c3ccc(C(*)=O)cc3)cc2)cc1,egc,3.3951,3.474300826770474,3.1573914828276095,3.426647172305244
*Oc1cccc(*)c1C#N,egc,4.3829,4.329648564037931,4.120688840530342,4.298227292776911
*c1cc(CCCCCCO[Si](C)(C)C)c(*)s1,egc,2.5263,2.4478215471460323,3.1732549889996693,2.556904965594712
*CC(C)(C)O*,egc,5.2445,6.038188567795191,6.318353408625237,6.080316951742836
*c1ccc(*)n1CCC(=O)OC,egc,2.7978,2.7733545310200274,2.868381978774921,2.787643807264406
*CCCCCCCCCC[n+]1ccc(-c2cc[n+](*)cc2)cc1,egc,2.5264,2.9810302585746187,1.7649164091525895,2.7981632327882577
*Cc1ccc(COC(=O)O*)cc1,egc,5.5423,5.457204643799735,5.813592429671622,5.51079467113143
*c1cc(OCCCCCCCCCC)cc(-c2nc3cc4sc(*)nc4cc3s2)c1,egc,3.4894,3.2585372730062923,2.8439243600021955,3.1961919339661096
*CC(*)c1ccc(C=O)cc1,egc,1.6275,3.200794675547248,3.3413737870337776,3.221933554951877
*C=CC(=O)C=Cc1ccc(Sc2ccc(*)o2)o1,egc,2.5309,3.175921350870876,2.6973891203063833,3.103964464771906
*CC=CCNC(=O)CCC=CCCC(=O)N*,egc,5.3865,5.210207288340347,4.205306769633707,5.059100408705361
*CNC(=S)C(C=C1)=CC=C1*,egc,3.4579,2.999876941384008,3.1958550779137167,3.0293461715579544
*C(=O)Nc1ccc(C2(c3ccc(N4C(=O)c5ccc(*)cc5C4=O)cc3)CCC(C(C)(C)C)CC2)cc1,egc,2.7711,2.816492592287318,3.0457805631828965,2.8509706218782087
*CNC(=O)N*,egc,5.4697,6.133539046578696,5.934164737251187,6.103559133939548
*OC(C)CCOC(=O)CCC(*)=O,egc,6.5372,6.379773593813667,6.140274677021879,6.3437601444038245
*C(C#N)C(C#N)(C#N)*,egc,6.5693,6.20830145726093,5.9623064892290305,6.171311196699567
*OC(=O)OCCCCCCCCOC(=O)OC1COC2C(*)COC12,egc,6.6539,6.7114258127326245,6.620951933510841,6.697821256537081
*c1ccc(C2C(c3ccccn3)C(*)C2c2ccccn2)cc1,egc,4.1962,3.953130844446404,4.306760800916973,4.006306177002207
*c1ccc(NC(=O)c2ccc(C(=O)Nc3ccc(-c4nc5ccc(-c6ccc7nc(*)[nH]c7c6)cc5[nH]4)cc3)cc2)cc1,egc,2.5692,3.0661152950650585,2.850377376613461,3.0336747867069525
*c1cc(Br)c(Oc2c(Br)cc(N3C(=O)c4ccc(-c5ccc6c(c5)C(=O)N(*)C6=O)cc4C3=O)cc2Br)c(Br)c1,egc,2.9494,2.8518054871270233,2.9418411340683437,2.86534414633951
*c1ccc(Oc2ccc(-c3nnc(*)o3)cc2)cc1,egc,3.7488,3.7049226648773743,3.6820736846078863,3.701486863972617
*CC(*)(C)C(=O)NCCC,egc,5.7916,5.7292285989497485,5.506259046716382,5.69570066990165
*c1ccc(-c2ccc(-c3ccc4nc(Oc5cc(-c6ccccc6)c6cc(*)ccc6n5)cc(-c5ccccc5)c4c3)cc2)cc1,egc,3.3775,3.3379875085676987,3.4629623206719007,3.356779969650653
*NC(=O)NC(C=C1)=CC=C1*,egc,4.3867,3.859346776304386,3.6979549263964135,3.835078285658666
*CC(*)=C,egc,5.3034,4.069481681652586,4.245948266630019,4.096016960040243
*CCCOCCOCCOC(=O)Nc1ccc(C)c(NC(=O)O*)c1,egc,5.0994,4.962897227961653,4.908874782926886,4.954773873512636
*C#Cc1cc(CCCCCC)c(*)s1,egc,1.5751,2.3483417141685443,2.5487563459023566,2.3784780600761657
*Oc1cccc(Oc2cccc(*)n2)c1,egc,4.536,4.397334980743563,4.426091309500329,4.401659069573555
*C(=O)Nc1ccc(NC(=O)c2ccc3c(c2)C(=O)N(c2cccc(N4C(=O)c5ccc(*)cc5C4=O)c2)C3=O)cc1,egc,2.9484,2.937549537432695,2.9590997208137324,2.940790038264023
*OC1CCCCC1OC(*)=O,egc,6.7044,6.050196090289043,5.82193849480633,6.015872998237335
*CC(=S)NO*,egc,3.435,3.704713696780068,3.838433191382297,3.72482109567137
*C(=O)NC1CCCC(*)O1,egc,6.2047,5.863844977514169,5.430123123561432,5.798626227239615
*OC(=O)CCCCCCCCCCCCCCCCC(*)=O,egc,6.1592,6.417515537402797,6.17996609165256,6.38179522993143
*c1ccc(-c2ccc3nc(Oc4cc(-c5ccccc5)c5cc(*)ccc5n4)cc(-c4ccccc4)c3c2)cc1,egc,3.4645,3.257733018497987,3.376533114493076,3.275596987589435
*CCCCCCNC(=O)CCCCCCCCCCCCCCCCC(=O)N*,egc,5.8888,5.962400221107768,5.879525366650209,5.949938330180094
*CC(*)c1ccc(Cl)c(C)c1,egc,4.762,3.963236812714939,3.6397560020898636,3.914595006879012
*Oc1ccc(C(C)c2ccc(OC(*)=O)c(C)c2)cc1C,egc,5.159,4.674147097081985,4.8394898394101125,4.699009683376249
*CCCCCCCCCCOC(=O)c1ccc2cc(C(=O)O*)ccc2c1,egc,3.7577,4.29827862542418,4.788765901145073,4.3720331915281365
*C(=O)c1ccc(N(*)C)cc1,egc,4.3942,3.765777343752582,3.9957777467754014,3.8003625017543903
*CC(C)(C)COC(=O)NC1CCC(CC2CCC(NC(=O)O*)CC2)CC1,egc,5.9159,6.066537201662434,5.763183625215425,6.0209219278022745
*C(=O)NNC(=O)c1cccc(C(=O)NNC(=O)c2ccc(*)nc2)n1,egc,3.6092,3.744489363749437,3.7251262708745596,3.7415777356927906
*CCCCCCNC(=O)CCCCC(=O)NCC(=O)N*,egc,5.8188,5.907670314326531,5.7462242629073925,5.88339367340019
*C(=O)c1ccc2c(c1)C(=O)n1c-2nc2ccc(-c3ccc4c(c3)nc3n4C(=O)c4ccc(*)cc4-3)cc21,egc,2.4234,2.195689956214558,2.429825458161731,2.2308969089948634
*CC(=S)C(C=C1)=CC=C1O*,egc,2.734,3.28565838030161,2.95821134365422,3.236420173103556
*C(=O)NNC(=O)c1ccc(C(=O)NNC(=O)c2ccc(*)nc2)s1,egc,3.3177,3.0695878647442725,3.1270947804182794,3.078235179003913
*C(C=C1)=CC=C1C(C=C2)=CC=C2C(S3)=CC=C3C(=S)*,egc,2.3302,2.472439408427408,2.11004665228589,2.417946413784171
*CCCC(C)CC(=O)N*,egc,6.0894,5.988064157417092,6.190957687642351,6.018573255262843
*CCCCCOC(=O)NCCSCCCCCCSCCNC(=O)O*,egc,5.1243,5.310064052445775,5.266256048683743,5.303476643415439
*C(=O)NCCCCCCNC(=O)c1ccncc1*,egc,4.5298,4.692646390178234,4.440927795593241,4.654795467956801
*C1CC2CC1C(*)C2CCCC,egc,6.1498,6.496871201221178,4.091433101426104,6.135165501354528
*CCC(C)CO*,egc,6.1714,6.122607007681633,5.764326055524751,6.068732304957072
*CCCCCCCCc1nc2ccc(-c3ccc4nc(*)oc4c3)cc2o1,egc,4.2242,4.089229247737799,4.112006846500371,4.092654315006169
*NC(=O)C(C=C1)=CC=C1C(C=C2)=CC=C2*,egc,3.3965,4.010807035699934,3.6915779943611757,3.962804568363514
*CC(*)(Br)Br,egc,5.2567,5.973923908015877,6.367614448698438,6.0331231501666505
*CC(C)(C=O)C(F)(F)C(*)([2H])[2H],egc,5.5464,6.087274259789891,4.846924511631239,5.900762882184553
*NC(C)CCCCC(*)=O,egc,5.5854,5.797402401766494,5.921439403194295,5.816053844268643
*NC(C)CC(*)=O,egc,5.711,5.714815861682454,6.035500710777844,5.763037238814778
*Oc1ccc2c(c1)C(=O)N(Oc1ccc(C(N3C(=O)CC(*)C3=O)(C(F)(F)F)C(F)(F)F)cc1)C2=O,egc,3.5205,3.639646696835355,3.7699969033576255,3.659247455916172
*Nc1ccc(C#Cc2ccc(C(*)=O)cc2)cc1,egc,2.946,3.161432721067199,3.098457806918347,3.1519631839387263
*Oc1ccc(Oc2ccc(C(=O)c3ccccc3-c3ccccc3C(=O)c3ccc(*)cc3)cc2)cc1,egc,3.3644,3.5647791278082437,3.4177384419689303,3.5426686215412517
*C=NN=Cc1cc(CCCCCCCCCCCC)c(*)s1,egc,1.846,2.973476126876106,2.9779334955288737,2.974146381350021
*CCCOc1ccc(C(=O)OC(=O)c2ccc(O*)cc2)cc1,egc,4.317,4.4087809429694795,4.094056709463729,4.36145586353597
*c1ccc(Cc2ccccc2-n2c(=O)c3cc4c(=O)n(*)c(=O)c4cc3c2=O)cc1,egc,2.9239,2.705253138321057,2.761433264013325,2.713700943186146
*c1cncc(-c2nc3ccc(-c4ccc5nc(*)sc5c4)cc3s2)c1,egc,3.1882,3.2110836433762273,2.7091637169893996,3.135609949720909
*OC(CCCCC)CC(*)=O,egc,6.5462,6.4905419899480465,6.755692384211029,6.530412651735179
*Nc1ccc(NC(=O)CCCCCCCCC(*)=O)cc1,egc,4.5375,4.598435165594167,4.524187886690948,4.5872706031050425
*CC(S1)=CC=C1C(C=C2)=CC=C2O*,egc,4.0623,3.7371344551932353,3.6936643344833096,3.7305978536336233
*CC(S1)=CC=C1C(=O)C(S2)=CC=C2*,egc,3.4685,3.2601294392040505,3.51315715042999,3.29817721327998
*CCCCCNC(=O)CCCCCCCCC(=O)N*,egc,5.6828,5.8154961523632975,5.876166294279854,5.824619120917261
*COC1CC2CC(O*)C1C2,egc,5.9517,6.1620363738740025,5.927242345288651,6.126730398450562
*c1ccc2[nH]c(*)nc2c1,egc,3.9385,3.632435260259214,3.603195597954549,3.62803849256909
*Nc1ccc(*)cc1Br,egc,3.3506,4.076129086076314,3.7706908726457886,4.030200345376515
*CCOC(=O)c1ccc2ccc(C(=O)O*)cc2c1,egc,3.9507,4.0876048723053335,4.0068189329714565,4.075457091521187
*Nc1cc(*)ccc1C,egc,4.116,3.9450780702149686,4.53364611020792,4.033581039733465
*CCCCCCCCCCCCNC(=O)CCP(C)(=O)CCC(=O)N*,egc,5.7027,5.665691369748612,5.803003241240904,5.686338954312252
*c1ccc(-n2c(=O)c3ccc4c5cc6c(*)ccc6n5c(=O)c-4cc3c2=O)cc1C,egc,0.896,2.2023481155852527,1.8130801129104714,2.1438138904247013
*CCCCCCCCCCOC(=O)CC(C)C(=O)O*,egc,6.5777,6.665071942749706,6.433257319737363,6.630213980508589
*COC1CCC(*)OC1,egc,5.6324,5.938253078726784,5.148215533183162,5.819455141936754
*c1cc(CCCCCCCCCCCCCCC)c(*)s1,egc,2.922,2.4300137775206347,2.7438672504466695,2.477207920695619
*CCCCCCCCCCCCCCOCO*,egc,6.6169,6.431111024189711,6.652927701542978,6.464465595455127
*Oc1ccc(CC(NC(=O)CCc2ccc(OC(=O)CCCCCCC(*)=O)cc2)C(=O)OCC)cc1,egc,5.0929,5.117816979661399,5.2412294009888925,5.136374504060926
*C([2H])([2H])C(*)([2H])Cl,egc,6.2382,6.493219488279024,5.663130111612943,6.368398958095997
*C=CC1CC(*)C(C(=O)Oc2ccccc2)C1,egc,4.8107,5.209029284249677,5.420120361180356,5.240771047100828
*CCc1ccc(*)c(C#N)c1,egc,4.7476,4.322390523492314,3.945712663399116,4.265749477929392
*NC(C=C1)=CC=C1OC(=S)*,egc,3.7435,3.4849182224261757,3.5476704038191644,3.4943542672326684
*CC(O*)c1ccco1,egc,5.0251,4.9810865131323085,4.951237876269689,4.976598173944791
*Nc1ccc(*)cc1,egc,4.0074,3.545375943851693,3.734234579611531,3.5737746147753775
*c1sc(*)c2sc(CCCCCCCCC)nc12,egc,3.6098,2.585148107622147,2.79355012034948,2.6164855159194467
*OC(C)CCC(C)OC(=O)CCCCCCCCC(*)=O,egc,6.1872,6.623762873419895,6.4272630012771215,6.594215189867713
*C(=O)NCCCCCCNC(=O)N1CCN(*)CC1,egc,5.4634,5.500084663249775,5.364678862007933,5.479723694448143
*C(=O)Nc1cccc(NC(=O)c2ccc3c(c2)C(=O)N(c2cc(-c4nc5ccccc5o4)cc(N4C(=O)c5ccc(*)cc5C4=O)c2)C3=O)n1,egc,2.7946,3.0098380694706943,2.7784486891747715,2.9750440509720364
*CC(C)(C)COC(=O)CCCCC(=O)O*,egc,6.692,6.697057397717308,6.616070092918843,6.684879337610529
*c1ncc(-c2cnc(*)c(C)c2)cc1C,egc,3.4579,3.4007700203572813,3.490192367219785,3.4142164576438514
*OC(C)COC(=O)C(*)=O,egc,5.4575,5.861457783249583,5.661603546527616,5.831405703933557
*c1ccc(-c2nc3cc(-c4ccc5nc(*)c(-c6ccc7ccccc7c6)nc5c4)ccc3nc2-c2ccc3ccccc3c2)cc1,egc,2.9636,2.8998717417948257,2.9063705196909204,2.9008489629535763
*Oc1ccc(OC(=O)c2ccc(C(*)=O)cc2)cc1CCC(C)CC,egc,3.5259,3.964205745611849,4.130128073171755,3.9891554841308627
*C1=C2OCCOC2=C(c2ccc(-c3ccc(*)s3)s2)S1(=O)=O,egc,1.9368,1.6347105154246322,2.0723774799608075,1.7005224919330097
*OC1C(C)(C)C(OC(*)=O)C1(C)C,egc,6.5093,6.264045225627162,6.665996227793843,6.324486593277897
*CCCCCCCCCCNC(=O)CCC=CCCC(=O)N*,egc,5.6731,5.540140354375102,5.514449058847023,5.53627715455705
*C(=O)Nc1ccc(Oc2ccc(NC(=O)c3ccc(N4C(=O)c5ccc(*)cc5C4=O)cc3)cc2)cc1,egc,2.4295,2.872308426041613,2.6274136826892613,2.835483606252872
*CCCCCCCCNC(=O)CCC(=O)N*,egc,5.9696,5.918502559264886,5.948704528467249,5.9230440290323365
*Nc1ccc(*)cc1C(C)CC,egc,3.553,3.6632089388869904,3.7753998856860496,3.6800790902885643
*Nc1ccc(-c2ccc(NC(=O)c3cccc(C(*)=O)c3)cc2)cc1,egc,3.4939,3.4140977140574655,3.628547682705582,3.4463445534181862
*CCON*,egc,5.6784,5.863773999743771,5.351072872832396,5.786679137087485
*c1ccc(-c2ccc(-c3nc(CCCCCCCCCCCC)c(-c4sc(*)nc4CCCCCCCCCCCC)s3)s2)s1,egc,2.2184,2.033731801338243,2.2575843852624926,2.0673925118517156
*Oc1ccc(NC(=O)OCCOC(=O)Nc2ccc(*)cc2)cc1,egc,4.8662,4.446561564293473,3.9568684361416495,4.372926414150498
*CCCCCCOC(=O)CCCCSCCCCC(=O)O*,egc,5.2687,5.383581447217796,5.0304149447778626,5.330475804239341
*c1cc2c(s1)-c1sc(*)cc1C2=O,egc,1.4351,2.1916230925899924,1.7420036970301065,2.124013829163732
*CCCCCCCCCCC(=O)NCCCCCOCCCCCNC(=O)CCCO*,egc,5.4741,5.782589275408081,5.8670488791353845,5.795289465065528
*C(=O)C1CCCN1*,egc,5.5773,5.349159537981568,4.121403746499697,5.164541913499311
*C(=O)Oc1ccc(-c2ccc(OC(=O)c3ccc4c(c3)C(=O)N(c3ccc(Oc5ccc(N6C(=O)c7ccc(*)cc7C6=O)cc5)cc3)C4=O)cc2)cc1,egc,2.6231,2.5200077729041888,2.4558971659209474,2.510367461657051
*Oc1ccc(Oc2ccc(C=NCCCCCCN=Cc3ccc(*)cc3)cc2)cc1,egc,4.2565,4.026675018721547,4.08091495138482,4.034831076782805
*c1ccc(Oc2ccc(N3C(=O)c4cccc(Oc5cccc(Oc6cccc7c6C(=O)N(*)C7=O)c5)c4C3=O)cc2)cc1,egc,2.949,2.8440424532886337,2.8079646621751904,2.838617436246856
*C(=O)c1ccc2c(c1)C(=O)N(c1cc(-c3nc4ccccc4oc3=O)cc(N3C(=O)c4ccc(*)cc4C3=O)c1)C2=O,egc,2.8859,2.7976101715369777,2.670389323559559,2.7784799740651653
*CCCCCCNC(=O)NCCNC(=O)N*,egc,6.0459,5.680128485040778,5.47991437584841,5.650022291705447
*Oc1ccc(N=Nc2ccc(C(*)=O)cc2)cc1C,egc,2.9443,3.480088132757491,4.091428314344925,3.5720153489500532
*CC(*)C(=O)OCC(F)(F)F,egc,6.7005,6.530146330635859,7.27934947789372,6.642803999417397
*Oc1ccc(CC(NC(=O)CCc2ccc(OC(=O)CCC(*)=O)cc2)C(=O)OCCCCCC)cc1,egc,5.1422,5.023439952566011,5.087060910876393,5.033006635347748
*C=Cc1csc(C=Cc2cccc(*)n2)c1CCCCCCCC,egc,3.2647,2.1007714748399975,2.7643803981143553,2.2005583411289926
*CCOCCOCCOC(=O)CCCCCC(=O)O*,egc,6.1082,6.499942621580284,6.408736274486228,6.486227924199069
*COc1ccc(C(=C(Cl)Cl)c2ccc(O*)cc2)cc1,egc,4.1966,3.921891211824436,4.105558986939173,3.9495093330916125
*CC(COc1c(Cl)cc(Cl)cc1Cl)O*,egc,4.5851,4.498053061595712,4.742978234070833,4.5348824570113
*Nc1cc(C)c(*)cc1C,egc,3.9275,3.8944632079360457,3.4420241238359552,3.8264299479758788
*Oc1ccc(Cc2ccc(*)cc2)cc1,egc,4.9481,4.605361290615871,4.7575572101616075,4.628246989317006
*c1ccc(-c2ccc(N3C(=O)c4ccc(S(=O)(=O)c5ccc6c(c5)C(=O)N(*)C6=O)cc4C3=O)cc2C(F)(F)F)c(C(F)(F)F)c1,egc,3.252,2.924162300881822,2.9489013609807624,2.9278823130691625
*CC1(*)CCCCC1,egc,6.3291,6.5707662517095295,5.063087713404533,6.344056646952711
*CCCCCCCCCCOC(=O)CCCCCCC(=O)O*,egc,6.7689,6.684981878966222,6.705244697174704,6.68802879871111
*Oc1ccc(C(=O)Nc2ccc(SCCC(*)=O)cc2)cc1,egc,3.9873,3.777307471007808,3.5066082577155693,3.7366024333659906
*CCCCCCCCCc1nc2ccc(-c3ccc4nc(*)oc4c3)cc2o1,egc,4.1522,4.0379015577708275,4.147489749745734,4.054380332958924
*CCCCCC(=O)O*,egc,6.6614,6.690947118116217,6.740524625192922,6.698402087294743
*CCc1c(Cl)c(Cl)c(*)c(Cl)c1Cl,egc,4.5904,4.094146338806542,3.9537532046701607,4.073035424813953
*CC(CCl)(CCl)COC(=O)CCCCCCCCC(=O)O*,egc,6.9205,6.46006992115755,6.888627694623465,6.524512148707696
*Oc1ccc(S(=O)(=O)NCCNS(=O)(=O)c2ccc(*)cc2)cc1,egc,4.6084,4.582776150330743,4.186626936163599,4.5232071974758945
*CC(*)c1cc[n+](CCCC)cc1,egc,0.5958,3.136521693582599,3.044505284742682,3.122685187225818
*NC(=S)C(C=C1)=CC=C1C(=S)*,egc,1.0444,2.5528057922521596,2.567261532360851,2.5549795017288455
*CCCCCCCCCCC(=O)NCCCCCOCCCCCNC(=O)CCCCO*,egc,5.6858,5.694078344842808,5.918042089835135,5.727755770644831
*C(=O)OC1CCC(OC(=O)N2CCN(*)CC2)CC1,egc,5.8355,5.736887217536039,5.7180403657995535,5.734053216653535
*Nc1ccc(C=Cc2ccc(NC(=C(C#N)C#N)c3ccc(C(*)=C(C#N)C#N)cc3)cc2)cc1,egc,2.0414,2.1160350816567655,1.6283452767144024,2.042701171202144
*C1C2CC(C)C(C2)C1*,egc,6.0638,5.854706275431926,4.041733114159079,5.582089521671556
*C(=O)NC(=O)CNC(=O)ON*,egc,5.7289,5.40517845379879,3.9540910541373506,5.186978457919897
*Oc1ccc(OC(=O)Oc2ccc(OC(*)=O)cc2)cc1Cl,egc,5.1691,4.4006378552409435,4.724620073491359,4.449355057735824
*c1[nH]c(*)c2c1CCC2,egc,2.6564,3.1444796014526677,3.11917504252329,3.1406745552125894
*CCCP(CCCCCCCC)CCCNC(=O)C(=O)N*,egc,4.1641,5.273396564573191,4.311189775703716,5.12870954061106
*CC(C=C1)=CC=C1C(=S)C(S2)=CC=C2*,egc,2.7917,2.592504825709234,2.6237359303538295,2.5972010465614956
*CCCCCCCCCCCCOC(=O)c1cccc(C(=O)O*)c1,egc,5.1678,4.9057093564455805,5.077087007050982,4.931479411829259
*NNC(=O)C1CCC(C(=O)NNC(=O)CCCCC(*)=O)CC1,egc,4.9352,5.666238117628953,5.734408659216787,5.676488921196676
*CCCCCCNC(=O)CCC=CCCC(=O)N*,egc,5.6458,5.659742543201971,5.66217149275937,5.660107784319452
*CC(C1=CC=CC=N1)CC(C2=CC=CC=N2)CC(C3=CC=CC=N3)*,egc,5.3668,4.012950265786118,3.2044543469910685,3.891376743618989
*CC(OC=O)C(COC(=O)O*)OC=O,egc,7.0946,6.441053239211347,6.105479644186622,6.390593041521985
*CCCCCCNC(=O)CCCCCC(=O)N*,egc,5.936,5.860256204780491,5.870714015182991,5.861828745612463
*c1ccc(-c2ccc(-c3sc(*)c4c3OCCO4)s2)s1,egc,1.3916,1.8678831865584251,1.8620287599060161,1.8670028564889016
*c1ccc(C(c2ccccc2)(c2ccc(-c3nc4ccc(-c5ccc6nc(*)oc6c5)cc4o3)cc2)C(F)(F)F)cc1,egc,3.4178,3.0587010219048967,3.0439554243720712,3.056483726570622
*CCN(*)C(=O)c1c(F)cc(F)c(F)c1F,egc,4.9884,4.728334408772613,4.436188553007585,4.684404439744672
*C(F)(F)C(C=C1)=CC=C1C(F)(F)C(S2)=CC=C2*,egc,4.7168,3.779059006317517,3.440243680515731,3.7281113496078633
*OS(=O)(=O)c1cc(S(=O)(=O)Oc2ccc(C3(c4ccc(*)cc4)CCCC3)cc2)ccc1C,egc,3.9679,3.79872839248969,3.7631767017506537,3.793382485155263
*CC(*)(C)C(=O)OCc1ccc(Cl)cc1Cl,egc,4.8651,4.566237334538882,4.700788695071567,4.58646982110074
*NC1CC1NC(=O)C1CC1C(*)=O,egc,5.9042,5.689104426156031,4.525346853767573,5.51411021315519
*c1ccc(-c2csc(-c3cc(*)cs3)c2)cc1,egc,3.4782,2.819069071301073,2.835140085087583,2.8214856694624273
*CCCCCCCCCCCCCCCC[N+](C)(C)CCCCCC[N+](*)(C)C,egc,0.1771,0.8203565594112074,0.10614028809793322,0.7129598667698441
*C(C=C1)=CC=C1OC(C=C2)=CC=C2O*,egc,4.7875,4.559663782244512,4.035739925386652,4.480881357813075
*CC1CCCC(CNC(=O)c2cccc(C(=O)N*)c2)C1,egc,4.8123,4.99922887526168,4.934616138388642,4.989513058748691
*Oc1ccc(NC(=O)NCCCCCCNC(*)=O)cc1C,egc,4.8377,4.809682618659261,5.462881533531081,4.907904132102479
*c1nc2c(n1C)C(=O)N(*)C2=O,egc,4.0674,3.2005181878823503,3.8589956002018004,3.299533428927081
*CCCCCCCCNC(=O)CCCCCCCCCCCCCCCCCCC(=O)N*,egc,5.8607,5.924361251505182,5.876166294279854,5.917114176332175
*OC(F)(F)OC(F)(F)C(*)(F)F,egc,9.8151,8.788439874187965,6.849711357548889,8.496913289063157
*Cc1c(O)c(CNC(=O)N*)cc(C(CC)=NO)c1O,egc,4.9442,4.067265153734983,3.76129329944341,4.021256169464942
*NC(CC(*)=O)C(C)C,egc,5.9638,5.7552788522351195,5.185993808484521,5.669675466643544
*CCSSCCO*,egc,5.6114,5.078139660261686,4.856915775132665,5.044874227156329
*CC(C[N-][N+]#N)O*,egc,5.5722,5.299381962230237,4.643798328439287,5.200801858630117
*c1cc(CCS(=O)(=O)O)c(*)s1,egc,2.5623,3.0218865250196463,2.7672392716327683,2.9835952204072904
*CCCCOC(=O)Cc1ccc(CC(=O)O*)cc1,egc,5.4635,5.401638547670488,5.592706070772687,5.430369368958866
*C=CC(C)C(*)C,egc,5.2899,5.0496563247065,4.298020029402853,4.936632783480833
*CCCCC(=O)O*,egc,6.623,6.723039690569688,6.819171610387087,6.737495046265618
*CC(O)COc1ccc(S(=O)(=O)c2ccc(O*)c(C)c2)cc1C,egc,4.1274,4.095715541278348,4.810748979518202,4.203235111301221
*C(=O)c1ccc2nc(-c3ccccc3)c(-c3ccc(-c4nc5ccc(*)cc5nc4-c4ccccc4)cc3)nc2c1,egc,3.1886,3.0263835378296178,3.052626514048604,3.030329693866924
*Cc1ccc(CNC(=O)CCCCCCCCCCC(=O)N*)cc1,egc,5.2323,5.2185202319645105,5.434905576165144,5.251058093725179
*C=C(*)c1ccc(C(=O)Oc2c(F)c(F)c(F)c(F)c2F)cc1,egc,1.1102,1.7055421248155305,2.1324086007994674,1.7697300319824347
*Nc1ccc(-c2ccc(NC(=O)CCCCCCCCC(*)=O)c(O)c2)cc1O,egc,3.9935,3.640148231390844,3.5722332919477666,3.6299358627147384
*CCc1nnc(*)n1N,egc,5.722,5.101215610303602,4.4952199072032855,5.010092043280715
*c1cc(CCN(CC)c2ccc(N=Nc3ccc(C=C(C#N)C#N)cc3)cc2)c(*)s1,egc,1.3795,2.230705706414838,1.5680517227375284,2.1310624343822533
*OP(=O)(Oc1ccc(C(C)(C)c2ccc(*)cc2)cc1)c1ccccc1,egc,4.2511,4.6733383591003115,4.562266836754624,4.656636535541134
*CC(*)OC(=O)CC1CCCC1,egc,6.5327,6.443447842440432,6.634751903356577,6.472214231917219
*c1ccc(-c2ccc(-c3ccc(*)s3)s2)[nH]1,egc,2.182,2.3905217223939106,1.7632195535949204,2.2961943023648375
*Nc1ccc(NC(=O)c2ccc(C(*)=O)cc2F)cc1F,egc,3.5151,3.39975285937005,2.7607108144520334,3.303660114301708
*C(=O)CCCCC(=O)N1CCN(*)CC1,egc,5.6091,5.569622084044806,5.489806900258632,5.557620275761391
*CCCCCCOC(=O)CCCCCC(=O)O*,egc,6.502,6.746145910958991,6.7212150540702265,6.742397058290535
*c1cc(C#N)c(*)s1,egc,1.691,2.1221230804373543,2.030270433988359,2.1083111990294445
*c1cc(OCC(=O)C23CC4CC(CC(C4)C2)C3)c(*)cc1OC,egc,4.0135,4.221485022486938,4.656581042110901,4.286910406037937
*Oc1ccc(-c2ccc(Oc3ccc(C(C)(C)c4ccc(*)cc4)cc3)cc2)cc1,egc,4.2484,3.806049751904028,4.092587139533075,3.8491363756417813
*CC(C)C=C(*)C,egc,5.1994,5.527536321680209,4.671635174353505,5.398834475834811
*C#CC#Cc1ccc(-c2ccc(*)s2)s1,egc,1.5899,1.827950745532714,1.2268924465799018,1.7375696159156577
*CC(*)C(=O)Oc1ccc(C(C)=NNC(N)=O)c(O)c1,egc,3.6909,3.8536599063373225,3.8596629419068904,3.8545625827280396
*C1=CSC(=C2SC=C(c3ccc(*)cc3)S2)S1,egc,2.2436,2.664659336236403,2.734752205230969,2.6751992001545397
*CCCCCCCCCCCCCCCCCCCCC(*)Cl,egc,7.136,6.586943621510078,7.497396848769409,6.723848462998098
*c1cc(N=Nc2ccc(OC)cc2)cc(*)c1O,egc,3.0241,2.8845414427873592,2.7389593173461155,2.8626502602309323
*c1ccc(-c2nc3cc(Oc4ccc5nc(*)c(-c6ccccc6)nc5c4)ccc3nc2-c2ccccc2)cc1,egc,3.1353,3.076683434209562,3.1980172267340388,3.094928395219484
*Nc1cc(*)ccc1CCCCCCCCCCCC,egc,4.025,3.65853337659375,3.4245329770574577,3.623346739161442
*C=C1CCCCC(=Cc2ccc(Sc3ccc(*)o3)o2)C1=O,egc,2.9583,2.6792945425230443,2.8833029387481233,2.709971282756581
*c1ccc(OC(=O)c2cccc(C(=O)Oc3ccc(C4(*)OC(=O)c5ccccc54)cc3)c2)cc1,egc,3.9147,3.640580560029828,3.339313174813246,3.5952789867213975
*CCCCCCCCc1nnc(-c2cccc(-c3nnc(*)o3)c2)o1,egc,4.3273,4.036465507109578,4.092592566507267,4.044905332396551
*OC(F)(C(*)(F)F)C(F)(F)F,egc,8.6002,8.310357160234735,6.679461286798103,8.065119366187455
*CCC(C)CCC(=O)N*,egc,5.8159,5.979257615325224,6.238282285356317,6.018207152028873
*c1ccc(Cc2ccc(-n3c(=O)c4cc5c(=O)n(*)c(=O)c5cc4c3=O)cc2)cc1,egc,2.6697,2.608091446436322,2.6228358236800844,2.6103085582757446
*OC(C)CC(*)=O,egc,6.4371,6.345896505543064,7.303184837044841,6.489843941126432
*c1ccc2cc(-c3nc4cc5sc(*)nc5cc4s3)ccc2c1,egc,3.27,3.209212145600988,3.041603841233076,3.1840088867684195
*c1cc(C(C(=O)OC)C(=O)OC)c(*)s1,egc,2.7717,2.7187502554351077,3.237828290374138,2.7968040136794055
*OC1C(C)(C)C(*)C1(C)C,egc,5.3323,6.010955386186025,6.487883412771793,6.082671048150856
*CCCCCOC(=O)Nc1ccc(C)c(NC(=O)O*)c1,egc,5.0895,4.953698215297842,5.030438301773776,4.965237621233489
*C1=CC2=CC(*)=NC2=N1,egc,1.0627,3.1191037544436377,2.514592969445687,3.0282034745390134
*CCCCCOC(=O)C(=O)O*,egc,5.5658,5.779806522763324,5.561165827531279,5.746929523893566
*c1nc(Cl)nc(N(c2ccccc2)c2nc(Nc3ccccc3)nc(N(*)c3ccccc3)n2)n1,egc,3.6448,3.3607282946064587,2.803366320237879,3.2769177808230365
*C(=O)Nc1ccc(Cc2ccc(NC(=O)c3ccc4c(c3)C(=O)N(c3ccc(S(=O)(=O)c5ccc(N6C(=O)c7ccc(*)cc7C6=O)cc5)cc3)C4=O)cc2)cc1,egc,2.5578,2.6950827527012726,2.8048031894817753,2.711581413539291
*Oc1ccc(CC(*)=O)cc1,egc,4.8618,4.56570009237358,4.641616787673316,4.577115684987373
*CC(*)C(=O)Oc1cccc(C)c1,egc,4.8262,4.925637809908792,5.606927054138948,5.0280832658599905
*C(=O)C(S1)=CC=C1C(S2)=CC=C2C(S3)=CC=C3*,egc,1.9407,2.063710363599593,2.203718170386577,2.0847633359230113
*CCCCCCCCCCCCNC(=O)CCCCC(=O)N*,egc,5.5516,5.911601128893746,5.876166294279854,5.906272793213535
*C(=O)CCCCCCCCC(=O)N1CC(C)N(*)CC1C,egc,5.7455,5.750436111915054,5.479699503952943,5.7097254512371505
*NC(S1)=CC=C1C(=S)C(C=C2)=CC=C2*,egc,2.3153,2.3512775238168193,2.0013696294294214,2.2986618776943764
*CCOCCOCCOC(=O)CCSCCC(=O)O*,egc,5.3579,5.424211520415574,5.422671000421605,5.423979872441501
*C(F)(F)C(F)(F)NC(C=C1)=CC=C1*,egc,4.4728,4.235852891727763,4.490440170181041,4.274135177910033
*CCCCCCCCCCNC(=O)CCCCC(=O)N*,egc,5.8086,5.924915274534335,5.875879791327989,5.917541809479067
*OC(CC(*)=O)C(C)(Cl)Cl,egc,6.4677,5.692153731118407,6.488645688935465,5.811922217809011
*CC(=O)C(=S)C(S1)=CC=C1*,egc,2.5515,2.512692026552787,2.853451122565374,2.5639319679670605
*CCCCCCOC(=O)NCCCCNC(=O)O*,egc,6.3921,6.253930938206718,6.30644271681725,6.261827133762607
*NC(CSSCc1ccccc1)C(*)=O,egc,4.9511,4.368922733793509,4.620246245384354,4.40671424738958
*c1ccc(-c2ccc(-c3cc(SCCCCCCCCCC)c(*)s3)cc2)cc1,egc,3.0684,2.4941812696169947,2.6779853876806157,2.5218198927718536
*CCCO*,egc,6.2459,6.077067447000293,6.264328622908756,6.10522590790419
*CC1CCC(CNC(=O)c2cc(C(=O)N*)cc(C(C)(C)C)c2)CC1,egc,4.8744,4.82477203641949,4.962170639531092,4.845432662815745
*CCCCCNC(=O)CCCCCCC(=O)N*,egc,5.9286,5.869724520448517,5.879525366650209,5.871198273581043
*CCCCNC(=O)CCCCCCCCCCC(=O)N*,egc,5.9492,5.788579381186736,5.864983602609014,5.800068283098063
*CC(=O)C(*)C,egc,4.7758,5.202154424832478,5.9686664700887775,5.317414832410319
*N=C(O)N=C(*)N=C(N)N,egc,3.4308,3.749632445360749,2.023315951647862,3.490046253721498
*CC(=S)CC(=S)*,egc,2.5423,3.0288118212073587,2.4701272390303806,2.944802426902743
*Nc1ccc(Br)cc1-c1ccc(NC(=O)c2ccc(C(*)=O)cc2)cc1,egc,3.4431,3.2446288621131796,2.7165280279571102,3.1652183456526415
*C(=O)c1ccc(C(=O)N(C)N(*)C)cc1,egc,4.0457,4.618961318886687,3.805692284080661,4.496670063318961
*CCOC(=O)c1ccc(NC(=O)CCCCCCCC(=O)Nc2ccc(C(=O)O*)cc2)cc1,egc,4.188,4.313959078369572,4.188974983244042,4.295165221398806
*CC(CC)(CCl)CO*,egc,6.1616,6.099576479741096,5.874230837990455,6.065691258139152
*CCOCCOC(=O)C1CCC(C(=O)O*)CC1,egc,6.6414,6.180122509298367,6.477296723971482,6.22480859259846
*C(=O)Nc1cccc(NC(=O)c2cccc(NC(=O)c3ccc(-c4nc5cc(*)ccc5[nH]4)cc3)c2)c1,egc,3.3084,3.024236525672238,3.0053946590770653,3.021403274405377
*C=CCCCCCCCCCC*,egc,5.8787,5.9058559575204255,5.840489000329688,5.896026728906794
*CC(*)OCC(=O)OC,egc,5.3903,6.056892277716558,6.346237935857215,6.100401181059388
*Nc1ccc(-c2ccc(NC(=O)c3cc(C(=O)O)c(C(*)=O)cc3C(=O)O)cc2)cc1,egc,3.2555,3.0731238929281517,2.9388496134069237,3.052933071034854
*CC(O*)C1CC(F)(F)C1(F)F,egc,6.5249,6.71818466060315,6.865127709563355,6.740280485213735
*c1sc(-c2cc(OCCCCC)c(*)s2)cc1OCCCCC,egc,1.2005,2.036288290301039,2.3443910949244295,2.0826177055483805
*CCCCCCCCCCNC(=O)NCCCCCCCCNC(=O)N*,egc,5.9409,5.656303318817511,5.624110229214355,5.651462444297909
O(*)c1ccc(cc1)C(=O)Nc1ccc(cc1)S(=O)(=O)c1ccc(cc1)NC(=O)c1ccc(cc1)(*),egc,3.8301,3.3348673556819755,3.5835888285370054,3.372267600742764
*NC(C)(C)CC(*)=O,egc,5.5484,5.839153055768549,5.374829894998761,5.76933278733394
*c1ccc(*)n1C(C(=O)NO)n1c2ccccc2c2ccccc21,egc,2.9081,2.978611733670809,2.5341686775560883,2.9117808363483864
*OC(=O)CCCCCC(*)=O,egc,5.9809,6.239642243171485,6.229375087095153,6.238098371028383
*CCCCCCCCCCCCCCCCCCCCCC(=O)N*,egc,5.9891,6.054416491725463,6.076358494815898,6.057715910482062
*c1cc(C(c2ccc(O)c(-n3c(=O)c4cc5c(=O)n(*)c(=O)c5cc4c3=O)c2)(C(F)(F)F)C(F)(F)F)ccc1O,egc,2.3838,2.9394771846191383,2.5816925445995054,2.885677112345043
*CCCCCCCCCCNC(=O)CCCCCCCCCCCCCCC(=O)N*,egc,5.8964,5.933320872350959,5.876166294279854,5.924726539092683
*CC(COc1ccc(-c2ccc(C#N)cc2)cc1)O*,egc,4.4378,3.948903981117138,4.038977164998093,3.962448284758813
*CCCCCCCCCCNC(=O)NCCCCCCNC(=O)N*,egc,5.6863,5.6767646422155345,5.702656927059241,5.680658064794705
*Nc1cc(NC(=O)c2cccc(C(*)=O)c2)c(N)cc1N,egc,3.509,3.1058077795678813,3.1200785190784726,3.1079536705067228
*CC(*)c1ccc(CCCCCCCCCCCCCCCC)cc1,egc,5.0097,4.311638303229718,4.978417666313652,4.41190190851703
*CC(CS(=O)(=O)C(C)C)O*,egc,5.0712,5.387102018804203,5.043210728040201,5.335391089300577
*CC(=S)CO*,egc,3.0342,3.6922222416946218,3.5002245782322867,3.6633515552108076
*NC(=S)C(=C1)SC(=C1)C(=S)*,egc,2.1587,2.3350800700056027,2.2969817126398064,2.329351220439306
*Oc1ccc2ccc(OC(=O)Oc3ccc(OC(*)=O)cc3)cc2c1,egc,4.3295,4.359602553409789,4.8440489794160575,4.432448757010465
*CC(*)C(=O)OCC(F)(F)C(F)(F)OC(F)(F)F,egc,6.5517,7.123997496102267,6.213352705179319,6.987063849188317
*CCN(*)C(=O)c1c(F)cccc1F,egc,4.4989,4.869615878011278,5.308529906701387,4.935615375542382
*CCCCCCCCCCCCCCCCCCOCO*,egc,6.7236,6.354638081456341,6.652927701542978,6.399491888255854
*CC(C)(C)COC(=O)O*,egc,7.3547,6.777199712864487,6.678673276678439,6.762384293769281
*OC(COCCOC)COC(*)=O,egc,6.2142,6.029081358905631,4.876112285542891,5.855709412381295
*OC(=O)CCCCCCCCCCC(*)=O,egc,6.499,6.256493557319001,6.1302414202723865,6.2375090248989
*CC(OCC)C(C#N)(C#N)C(*)(C#N)C(=O)OC,egc,5.4657,5.902052668635114,5.868205678163963,5.896963097060692
*Oc1ccc(S(=O)(=O)c2ccc3cc(S(=O)(=O)c4ccc(Oc5c(C)cc(-c6cc(C)c(*)c(C)c6C)c(C)c5C)cc4)ccc3c2)cc1,egc,3.4715,3.234672784752078,2.823062287076931,3.17277891887096
*c1ccc(N2C(=O)c3ccc(Oc4ccc5c(c4)C(=O)N(*)C5=O)cc3C2=O)cc1,egc,3.4906,3.1694992305090146,3.1789976494252015,3.170927507654038
*CCC(C)C(C)CCNC(=O)c1cccc(C(=O)N*)c1,egc,4.994,4.922249483296429,4.953077340073467,4.926885067771407
*Cc1ccc(CN2CCN(*)C(C)C2)cc1,egc,4.6219,4.29072837540951,4.425601518907056,4.311009248472156
*c1ccc2c(c1)c1cc(*)ccc1n2CC1CO1,egc,3.2508,3.486075407977898,4.598903038518957,3.6534112861990384
*c1ccc(Nc2cc(C)c(*)s2)cc1,egc,3.2402,2.8472769140408687,3.4002438642323067,2.9304265480884717
*CCCOC(=O)CCCCSCCCCC(=O)O*,egc,5.3966,5.299383535314461,5.052001382006429,5.262184683718811
*COCC(C)O*,egc,6.2765,6.142827598995886,6.235876190644606,6.156819314669956
*CC(*)OC(=O)c1ccc(OC)cc1,egc,4.435,4.526356831225551,4.223021352862049,4.4807442787740035
*OC(=O)C(Cc1ccccc1)NC(=O)CCCCC(=O)NC(Cc1ccccc1)C(=O)OC1COC2C(*)COC12,egc,5.287,5.297101417708331,5.587135253231246,5.3407138022763485
*NC(C=C1)=CC=C1NC(S2)=CC=C2*,egc,3.8931,3.3036170529555267,2.9247423814690796,3.246645672888242
*c1ccc(NC(=O)c2cccc(C(=O)Nc3ccc(-n4c(=O)c5cc6c(=O)n(*)c(=O)c6cc5c4=O)cc3)c2)cc1,egc,2.46,2.1610142129425696,2.1809595520543064,2.1640133933592693
*CCCCCCNC(=O)C(CC)CC(CC)C(=O)N*,egc,5.6687,5.848656164432377,5.384185744014009,5.778813752566076
*Oc1ccc(C2(c3ccc(OC(=O)c4ccc(C(*)=O)cc4)cc3)c3ccccc3-c3ccccc32)cc1,egc,3.1166,3.472593243832901,3.311323842477647,3.448343165774668
*CC(*)(F)C(=O)OCC(F)(F)C(F)(F)F,egc,6.4706,6.51522408316558,6.793007835124361,6.556994422806578
*NC1CC(CCC(*)=O)C1(C)C,egc,5.7546,5.63645112980911,5.5983853404042225,5.630727177486728
*CC1(C)CC(N2C(=O)c3ccc(-c4ccc5c(c4)C(=O)N(*)C5=O)cc3C2=O)CC(C)(C)C1,egc,3.6926,3.2674873750789732,3.783091770452695,3.345018802181114
*CCOCO*,egc,6.6358,6.44747626428035,6.1068178989639845,6.396251469739729
*CCCCCCCCCCCNC(=O)CCCCC(=O)N*,egc,6.1376,5.752634241146171,5.870714015182991,5.770389895432899
*OC(=O)CCCCCCCCCCCCC(*)=O,egc,6.2591,6.357155565809528,6.176484024840837,6.329987988237013
*C(=O)c1ccc2c(c1)C(=O)N(c1ccc(N3C(=O)c4ccc(*)cc4C3=O)nc1)C2=O,egc,3.0206,2.8362978067036,2.640618825985898,2.806873560585723
*NC(C)CNC(=O)C1CC1C(*)=O,egc,5.5051,5.949967302293797,6.094520867069335,5.971703820194554
*c1cc(C(=O)CC)c(*)[nH]1,egc,3.012,2.9845424588973337,3.4892700339908607,3.0604383386569314
*OC(CC(*)=O)C1CCC=CO1,egc,4.8999,5.8800021803848495,6.018959404669712,5.900897176629303
*NNC(=O)CCCCCCCCCCCCCCCCC(*)=O,egc,5.9847,5.835019301965147,5.604522154388677,5.800359448490425
*C([2H])([2H])C(*)([2H])C([2H])=C([2H])[2H],egc,5.9833,4.207751371041607,3.7069442461231596,4.132445009330507
*C(=O)c1ccc2c(c1)C(=O)N(c1ccc(C(=O)c3cccc(C(=O)c4ccc(N5C(=O)c6ccc(*)cc6C5=O)cc4)c3)cc1)C2=O,egc,2.9294,2.7009097750656115,3.0045186594998197,2.7465634395849206
*CC(*)OCCCCCCCCCCCC,egc,5.4919,5.873495683675949,6.069853803591999,5.903022051947403
*CCCCCCCCC(*)Cl,egc,6.9974,6.508834803310566,7.497396848769409,6.657484866908029
*Oc1ccc(N=CNc2ccc(*)cc2)cc1,egc,3.7365,3.1428219627279383,2.9117446856938805,3.1080748751932377
*OP(=O)(Oc1ccc(-c2ccc(*)cc2)cc1)c1ccccc1,egc,4.2408,4.2046979730328,3.985476447451246,4.171733634709954
*OC(=O)CS(=O)(=O)Cc1ccc(CS(=O)(=O)CC(*)=O)cc1,egc,4.9033,4.838868865223752,5.260431005495705,4.902259159489624
*c1ccc(S(=O)(=O)c2ccc(-n3nc(*)c4ccccc4c3=O)cc2)cc1,egc,3.8603,3.319793526569002,3.009352654868816,3.273112536201761
*C(C=C1)=CC=C1C(S2)=CC=C2OC(S3)=CC=C3*,egc,3.0679,2.9195344976691615,3.202283453624494,2.962051454978976
*CC=CCOC(=O)NCCCCCCNC(=O)O*,egc,5.7218,5.814478987559039,5.556189643198223,5.775640021768115
*CCCCCCCCCCCCOC(=O)CCCCCCCCCCCCC(=O)O*,egc,6.4766,6.629080377900813,6.734387196531291,6.644915363027519
*c1ccc(-c2ccc(-c3ccc(*)s3)o2)o1,egc,1.6749,2.807530342267404,2.3407384538866505,2.737338851289848
*C=CC(C*)CCC,egc,5.7221,5.256659957739507,5.0249131039067505,5.221812185949158
*CNOC(C=C1)=CC=C1*,egc,4.831,4.55585918226172,4.699137566091644,4.577403951218104
*c1cc(CCCCCCCCCC2COC(=O)O2)c(*)s1,egc,2.5293,2.8711879375356895,2.517315956465231,2.817976211743539
*C(=O)OC1CC(*)N(C(=O)OCc2ccccc2)C1,egc,5.588,4.834379932309509,4.7557960358699,4.822563272690474
*C(=O)NNC(=O)c1cnc(*)cn1,egc,3.0611,3.7782776502155015,3.678687332277032,3.7633022552332136
*c1[nH]c(*)c(CC(=O)OC)c1CC(=O)OC,egc,3.2776,3.7839420256363674,3.885010140727642,3.799139636959813
*Nc1ccccc1NC(=O)c1cccc(C(*)=O)c1,egc,3.6159,3.694484829582834,3.583837857223475,3.6778468456003
*NC(CC(*)=O)C(=O)OCC,egc,5.9557,5.952068258304785,6.232344342705003,5.99421336994682
*CCC[Si](C)(C)O[Si](C)(C)CCCn1c(=O)c2cc3c(=O)n(*)c(=O)c3cc2c1=O,egc,3.5354,2.972081207860421,3.9336191487945533,3.116667657166079
*CC(*)(C#N)C(=O)OCCCCCCC,egc,6.3455,6.386534735468758,6.388359411104788,6.386809111923516
*c1ccc2c(c1)c1cc(*)ccc1n2-c1ccccc1,egc,3.553,3.2214179886838075,3.1332891989016565,3.2081660635607836
*Oc1ccc(-c2ccc(OC(=O)CCCCCCCCC(*)=O)cc2)cc1,egc,4.5699,4.473143062129819,4.449541692029367,4.469594124374687
*CCOC(=O)c1ccc(C(=O)NCCCCCCCCCCCCNC(=O)c2ccc(C(=O)O*)cc2)cc1,egc,4.4904,4.309406189152995,4.465590611076589,4.332891638911588
*CCCOC(=O)CCCC(=O)O*,egc,6.7627,6.694970777038999,6.714431598416103,6.697897100529421
*CCCOC(=O)CCC(C)CC(=O)O*,egc,6.7963,6.704948301248177,6.770001214636721,6.714730307098827
*OC1CCCCCC1*,egc,5.6512,5.6810132168418255,5.2843322460685505,5.6213643037521255
*CC(CC(C)(C)C)O*,egc,5.3855,6.0025137647967215,6.169936719139429,6.0276891525480965
*CNCCCOCO*,egc,5.4895,5.9082510603883795,5.9786162891191506,5.918831879036969
*CCCCCNC(=S)N*,egc,4.4944,4.110064309605821,4.376914432767389,4.150190559608214
*Nc6ccc(C5(c3ccc(NC(=O)Cc2ccc(Oc1ccc(C(*)=O)cc1)cc2)cc3)OC(=O)c4ccccc45)cc6,egc,4.1183,3.4983619880958443,3.422737936371261,3.4869904002931396
*CC1CCC(COC(=O)C2CCC(C(=O)O*)CC2)CC1,egc,6.6637,6.360178394559399,5.73273446896817,6.26582965856308
*CC(=O)C(C=C1)=CC=C1C(=O)*,egc,4.4703,3.3118716975713194,3.6997533346816267,3.370197454957618
*c1sc(*)c([2H])c1[2H],egc,1.6361,2.6060364589469924,2.098889639225583,2.5297767974000562
*Cc1ccc(COC(=O)CCC(=O)O*)cc1,egc,5.464,5.404673118330738,5.246817622387643,5.38093638919073
*CCCCCCCCCCCCCCOC(=O)CCCCC(=O)O*,egc,6.651,6.647275416871341,6.734387196531291,6.6603744141937895
*NC(C=C1)=CC=C1NO*,egc,3.151,4.234396973781092,4.23685398681838,4.234766434803727
*c1cc(CCOCCOC)c(*)[nH]1,egc,2.8631,2.8919910481164677,3.0131127447580828,2.910204116270882
*OC1CCC(OC(=O)CCCCC(*)=O)CC1,egc,6.706,6.526510893641635,6.538223405245766,6.52827210387911
*C=Cc1ccc(*)n1CCCCCC,egc,1.5103,2.6257344496215844,2.2679549658306284,2.5719351526895364
*c1[nH]c(*)c2c1CCCCC2,egc,3.1158,3.2153995502403485,2.776801195439289,3.1494475205883727
*CC(C)(C)COC(=O)NC(=O)c1cccc(C(=O)NC(=O)O*)c1,egc,4.9585,5.189655188602978,5.218444561391944,5.193984246263719
*c1cccc2c(-n3c(=O)c4cc5c(=O)n(*)c(=O)c5cc4c3=O)cccc12,egc,2.5506,2.8445789268478774,2.696061862442254,2.8222464175525634
*c1ccc(C(c2ccccc2)c2ccc(N3C(=O)c4ccc(S(=O)(=O)c5ccc6c(c5)C(=O)N(*)C6=O)cc4C3=O)cc2)cc1,egc,2.8677,2.871705720030947,2.895719354180981,2.8753166499265532
*Nc1cc(*)ccc1N,egc,3.7339,3.689548641832612,3.155386817437115,3.609226734338306
*CCCOC(=O)CCCCCCCC(=O)O*,egc,6.6032,6.746262321741265,6.716645850548526,6.741808893302903
*c1ccc(-c2nc3cc4nc(*)c(-c5ccccc5)nc4cc3nc2-c2ccccc2)cc1,egc,2.6364,3.1902065934336945,3.431896246706071,3.226549463863352
*C=Cc1ccc(*)nc1,egc,1.9268,2.6634458931101084,3.1829111439011926,2.7415578769977014
*OC(F)(F)C(*)(F)F,egc,9.8627,8.38716100420604,9.152692871669883,8.502274022460314
*Oc1ccc(OC(=O)c2cc(OCCCCCCOCCCCC)c(C(*)=O)cc2OCCCCCCOCCCCC)cc1,egc,3.6545,3.4618345282328793,3.1360291038205808,3.412843170248053
*OC1C(COC(C)=O)OC(*)C(OC(C)=O)C1O,egc,5.6034,6.370701250013171,5.500674368300392,6.239875317647866
*CCCCCCCCCCCCCCCCCCCCOC(=O)CCCCC(=O)O*,egc,6.8416,6.531699858567798,6.7212150540702265,6.560197256372552
*OCC(F)(F)C(F)(F)C(F)(F)COc1nc(F)nc(*)c1F,egc,5.4692,4.672788123787249,4.2097594020579905,4.603162500136526
*Oc1cccc(C(=O)OCC(F)(F)C(F)(F)C(F)(F)COC(=O)c2cccc(*)c2)c1,egc,4.5011,4.4124203017093855,4.89867249305054,4.48553803822305
*N=C(N=C(NC(C)=O)NC(C)=O)N=C(*)OC(C)=O,egc,3.7327,4.506809682003532,3.157833451388778,4.3039641414595655
*CCCCCCNC(=O)CCCCCCC(=O)N*,egc,5.7328,5.8699269565545835,5.864983602609014,5.869183624477686
*C(S1)=CC=C1C(S2)=CC=C2*,egc,1.5925,2.407184794854363,1.7794585696599086,2.312793609469899
*CC1CC1CO*,egc,5.9176,6.233771478186202,6.789495189894717,6.317335646431956
*CCOCC(=O)NCCCCCCNC(=O)CO*,egc,5.4615,5.807481162290923,5.853093008968501,5.814339815160074
*c1ccc(-c2ccc(-c3cc(*)c4cccccc3-4)s2)s1,egc,2.0762,2.244619426832076,2.0682609481971763,2.218100404393923
*Oc1ccc(C(=O)CNNCC(=O)c2ccc(*)cc2)cc1,egc,4.1658,3.712413791871402,4.095418402106225,3.770006190781581
*c1cc(CCCCCCCCCCCCCCCC)c(*)[nH]1,egc,3.0442,2.957183941401915,2.9068172534931844,2.9496103031106022
*NC(C)(C)C(C)(C)C(*)=O,egc,5.4856,5.521282739423445,4.303091055269398,5.338103269651927
*CCOCCOC(=O)CCC(C)CC(=O)O*,egc,6.43,6.510693117829379,6.465913731742047,6.503959642049771
*c1ccc2c(c1)[Si](C)(C)c1cc(*)ccc1N2C,egc,3.6899,3.40083827977676,2.9761167694304627,3.3369729110685338
*CCCCCCCCCCC(=O)NCCCCCCNC(=O)CCCCO*,egc,5.9843,5.916091319472106,5.806328338786863,5.899586261307614
*CCOC(=O)Nc1ccc(NC(=O)O*)cc1,egc,4.8391,4.972808735461564,4.869607230266232,4.957290326292296
*c1ccc(N(*)CCCCCC)cc1,egc,3.7028,4.248417192902861,3.9721937614008636,4.206881478631307
*CCCCCOC(=O)NNC(=O)CCCCCCCCC(=O)NNC(=O)O*,egc,5.6607,5.911039456099601,5.9803046004370515,5.921454855070408
*CC(*)(F)C(=O)OCCC(F)(F)C(F)(F)C(F)(F)C(F)(F)C(F)(F)C(F)(F)C(F)(F)C(F)(F)F,egc,6.6046,6.402372916590886,5.391240512663909,6.250328948445785
*CCCCCCOC(=O)NCCSCCCCCSCCNC(=O)O*,egc,5.2279,5.117213899581659,5.232023458419056,5.134477811645828
*NC(CCCNC(=O)c1ccc(F)cc1)C(*)=O,egc,4.7549,4.028523244804972,3.9514151323578517,4.0169284988082
*NC(=O)C(=S)C(S1)=CC=C1*,egc,1.8546,2.489536731555269,2.355811224177699,2.469428428523008
*ON(C(F)(F)F)C(F)(Cl)C(*)(F)F,egc,6.7405,6.261666941164542,6.530184520394371,6.302043926517064
*C(=O)NNC(=O)c1cccc(*)n1,egc,4.6124,4.256156504172009,4.71200660613658,4.324702678849889
*CCC(C=C1)=CC=C1C(S2)=CC=C2*,egc,3.7098,3.4747291731238037,3.827324770402926,3.527748969099685
*CNCC(C=C1)=CC=C1*,egc,4.958,4.525509955792976,4.065505081396808,4.456339028031538
*CCCCCCCCCO*,egc,6.1351,6.167648329379655,6.207871031494505,6.1736966166418465
*CCCCCCCc1nnc(CCCCc2nnc(*)o2)o1,egc,6.3226,5.5450469996492835,5.906751039786186,5.599436432074695
*CC(C=C1)=CC=C1C(S2)=CC=C2C(C=C3)=CC=C3*,egc,3.4745,3.336939552850213,3.863744889956009,3.4161552654339506
*Oc1ccc(C(=O)NCCCCCCCCCCCCNC(=O)c2ccc(*)cc2)cc1,egc,4.4794,4.419248039322267,4.836233137546604,4.481950083827194
*Oc1ccc(C(=O)OC(=O)c2ccc(*)cc2)cc1,egc,4.2788,4.160688449161754,3.4931568556636305,4.060311730995568
*c1cc(-c2ccccc2)c(*)s1,egc,2.7439,2.531155378919643,2.3867095863717704,2.509435066727543
*C(c1cccs1)=c1ccc(=c2ccc(=C(c3cccs3)c3ccc(-c4ccc(*)s4)s3)s2)s1,egc,1.0381,1.6802598281636378,1.2623751459995716,1.617422513231866
*NC(S1)=CC=C1OC(S2)=CC=C2*,egc,4.3883,3.1753688605347175,3.4018965044272553,3.2094318197853733
*CCC(*)=O,egc,5.3275,6.174884822981158,5.352676607564315,6.051249382926063
*CCCCCCCCOC(=O)CCCCCCC(=O)O*,egc,6.7527,6.784080528596551,6.703169146788956,6.771913885029051
*CC(F)(F)C(F)(F)C(F)(F)COC(=O)CCCCC(=O)O*,egc,6.6433,6.772031433462254,6.8206197057363385,6.779337651414696
*C#Cc1sc(-c2sc(*)c3c2OCCO3)c2c1OCCO2,egc,1.7209,2.0553087328265893,1.4947528767152352,1.9710179550816207
*OC1CCCCCCC1*,egc,5.2834,5.887143912447272,5.656055820959245,5.852395198743252
*Oc1ccc(NC(=C(C#N)C#N)c2ccc(C(Nc3ccc(*)cc3)=C(C#N)C#N)cc2)cc1,egc,2.4883,2.79795006155757,3.044611766119041,2.835040579283347
*C=C1CCC(=Cc2ccc(*)cc2)C1=O,egc,2.5147,3.237233394396638,3.555343360505323,3.285067586403367
*CC(C=C1)=CC=C1NC(=S)*,egc,3.793,3.660621611299564,3.3429354654169243,3.612851149135434
*c1cc(C=O)cc(*)c1O,egc,4.1592,3.595051838883262,3.0150975483191984,3.5078441187689884
*CCCCCCCCNC(=O)CCCCCCCCC(=O)N*,egc,5.7713,5.867757178938279,5.875879791327989,5.868978576071473
*Nc1cc(F)c(*)cc1F,egc,3.4723,3.6592568772206193,3.436549334539073,3.625768346545865
*CCCNC(=O)NCCCCCCNC(=O)O*,egc,5.4226,6.071765214572693,6.110725332022542,6.077623646993085
*c1sc(*)c2c1OCC(CCCCCC)O2,egc,3.3322,1.9400715463676512,1.9265134008011577,1.9380328081721268
*CCCCCCCCCNC(=O)CCC=CCCC(=O)N*,egc,5.6551,5.5095999133600815,5.515822227168496,5.510535562617094
*CC1CCCC(CNC(=O)CCCCCCCCCCC(=O)N*)C1,egc,5.83,5.819975548663279,5.577387815364423,5.783497633950196
*NC(C=C)CC(*)=O,egc,5.5439,5.095316051157558,5.453985424370867,5.149249160751983
C23C(C(=O)N(C1=CC=CC=C1C(F)(F)F)C2=O)C(C=*)OC3C=*,egc,5.2302,4.63287582237977,4.756784486753348,4.651507966840526
*CC(C(=O)Oc1ccccc1)C(C(=O)O)C(*)(C)C,egc,5.2905,5.2816045515709735,5.865636109700172,5.369425370362914
*C#CC(=C(*)c1ccccc1)c1ccccc1,egc,0.8829,2.113722481250933,2.2452998965808875,2.1335077757062844
*Nc1cc(NC(=O)c2ccc(C(*)=O)cc2)ccc1Cl,egc,3.7621,3.4857984415530368,3.311886059958674,3.45964723869921
*C=Cc1cc(Cl)c(*)cc1Cl,egc,3.2579,2.5805716918443444,2.8670412650770385,2.6236481183320848
*C(=O)NCCNC(=O)c1ccc(N2C(=O)c3ccc(*)cc3C2=O)cc1,egc,3.6854,3.262176889619743,3.3424564695327565,3.2742485291435
*CC(*)OC(=O)C(F)(F)C(F)(F)C(F)(F)C(F)(F)F,egc,6.4713,6.562059471704139,6.233414091597329,6.512641069613643
*c1cccc(N2C(=O)c3ccc(Oc4ccc(Oc5ccc(Oc6ccc7c(c6)C(=O)N(*)C7=O)cc5)cc4)cc3C2=O)c1,egc,3.2083,2.940633094213492,3.181902849751997,2.9769128246256553
*NC(CCCCN)C(*)=O,egc,5.1712,5.668344640809739,4.813050293130847,5.539734039420521
*c1ccc(S(=O)(=O)c2ccc(-n3c(=O)c4cc5c(=O)n(*)c(=O)c5cc4c3=O)cc2)cc1,egc,2.8028,2.8516888560650586,2.6560680276811093,2.8222733543129506
*CC(O)COc1ccc(C(C)(C)c2ccc(OCC(O)COc3cccc(O*)c3)cc2)cc1,egc,4.725,4.501504984068821,4.508378204845031,4.502538510199221
*CC(*)c1ccc(C)c(C)c1,egc,4.4861,4.732402497986698,3.9943866946467637,4.621427069983599
*CCCC(*)(C)Cl,egc,6.5311,6.3366341478214645,5.428679233245758,6.200104977583433
*CCC1CCC(*)C1,egc,7.1099,6.770893862975203,6.811880245742628,6.777056984888488
*CC(C)(C)COC(=O)NCCOCCOCCNC(=O)O*,egc,5.7915,5.5583583119468996,6.3453800438222885,5.67670276086974
*NNC(=O)CCCCC(*)=O,egc,5.6711,5.7497684136239515,5.989591455998114,5.785830601793951
*Oc1ccc(Cc2ccc(OC(=O)c3cccc(C(*)=O)c3)cc2)cc1,egc,3.7336,3.974231546033923,4.023586458203234,3.981653043618741
*NC(=O)C(S1)=CC=C1C(C=C2)=CC=C2*,egc,2.9223,3.419881655373688,3.402468309502262,3.4172632107519036
*c1ccc(-c2nc3ccc(-c4ccc5nc(*)oc5c4)cc3o2)cc1,egc,2.6967,3.145425748156621,2.8409170521992904,3.099636778988755
*CC(O)CN(*)c1ccc(N=Nc2ccc(C#N)cc2)cc1,egc,2.0164,2.9173758648257313,2.527144664371724,2.858696803626009
*Oc1ccc(N=Cc2ccc(N(c3ccccc3)c3ccc(C=Nc4ccc(*)cc4)cc3)cc2)cc1,egc,2.7442,2.7443991138126935,2.926131387795138,2.771726193796493
*C=CC1CC(*)C2CCCC12,egc,5.6651,5.3424149501472895,4.893365871732939,5.274891445303755
*CCCCCCN(CC)C(=O)CCCCCCCCCCC(=O)N(*)CC,egc,5.6468,5.276727882175922,4.252715758655524,5.1227471907411966
*CC(C)CO*,egc,5.976,5.851873821939964,5.74645965691161,5.8360226951366245
*CCCCCCCCCNC(=O)c1cccc(C(=O)N*)c1,egc,4.9596,4.961196813132515,4.9053108668655305,4.9527932440242814
*CCOCCOC(=O)CCCCCC(=O)O*,egc,6.5004,6.300898884420349,6.159814417396079,6.279684014709225
*CCCCCCCCCCCCCCCCOC(=O)NCCCCCCCCCCNC(=O)O*,egc,6.3322,6.116576734991398,6.263003407029864,6.1385949120101
*CCCCCC(=O)NCCCCCCNC(=O)CCCCCO*,egc,5.7609,5.981354447790818,5.93523374488788,5.974419278216815
*c1ccc(N(c2ccc(CCCC)cc2)c2ccc(-c3ccc(*)s3)cc2)cc1,egc,2.8955,2.7557854923375458,3.2059536103905657,2.8234772671588946
*CCCCCOC(=O)NCCCCCCNC(=O)O*,egc,6.4123,6.3012381632497325,6.271157852066549,6.296714987197252
*c1cc(N2C(=O)c3ccc(-c4ccc5c(c4)C(=O)N(*)C5=O)cc3C2=O)c(O)cc1O,egc,3.1117,3.063058338164972,2.8123834552029052,3.0253643588484773
*CC#CCOC(=O)CCCCCCCCCCC(=O)O*,egc,6.5433,6.10153489767831,6.104643199502445,6.102002292988459
*c1ccc(-c2ccc(-c3ccc(-c4cc(-c5ccccc5)c5cc(Oc6ccc7nc(*)cc(-c8ccccc8)c7c6)ccc5n4)cc3)cc2)cc1,egc,3.1875,3.0528269105597645,3.198691773507704,3.074760608351877
*CCCP(CCCNC(=O)CCCCCCCCC(=O)N*)c1ccccc1,egc,4.6632,4.949861901100635,4.996893190473216,4.9569339955517835
*CCC(S1)=CC=C1O*,egc,4.8828,4.540125390387202,4.64357337366843,4.555680862463461
*Oc1c(C)c(C)c(Oc2ccc(NC(=O)c3ccc(C(=O)Nc4ccc(*)cc4)cc3)cc2)c(C)c1C,egc,3.2842,3.575130423164285,3.378080959954324,3.545500097609544
*CCCCCNC(=O)CC(=O)N*,egc,5.7523,5.761909495087085,5.846086343710967,5.774567166862828
*c1ccc2c(c1)Cc1cc(*)ccc1-2,egc,3.7772,3.5864360492517835,3.294121948995166,3.5424807813015438
*CC(=O)NC(=S)*,egc,2.887,3.6855558028178543,3.630321530636709,3.6772502259345385
*c1ccc(-c2cnc3cc(S(=O)(=O)c4ccc5nc(*)cnc5c4)ccc3n2)cc1,egc,3.1704,3.086972486684265,3.1059132067933293,3.089820602552893
*Nc1c(OC)cc(*)cc1OC,egc,3.4275,4.031137696212493,4.043684263774175,4.033024323434873
*Oc1ccc(CC(C#N)(C#N)Cc2ccc(*)cc2)cc1,egc,4.9531,4.902497967427322,4.724701900956559,4.875762774922546
*CCCCCCCCC(=O)NCCCCCCNC(=O)CCCO*,egc,5.9837,5.875009312635459,6.027591644213169,5.897953116109473
*CCCCCCC(=O)NCCCCCOCCCCCNC(=O)CCCO*,egc,5.944,5.802225881904206,5.74758634444469,5.794009735274257
*N=C1C=CC(*)C=C1Cl,egc,4.0784,2.582176986599826,2.86504868875189,2.624712401253855
*CCCCCCCNC(=S)N*,egc,4.3034,4.089621902075029,4.376914432767389,4.132822076666674
*Oc1ccc(OC(=O)c2ccc(C(*)=O)cc2)cc1C1CCCCCCC1,egc,3.5292,3.5357483957634677,3.5088418843291675,3.531702463943338
*NC(CCCCNC(*)=O)C(=O)OC,egc,6.2157,5.681750500580829,5.858761374990616,5.708367623764276
*CNC(=S)C(S1)=CC=C1*,egc,3.5084,2.5179178790445644,2.54806570437139,2.522451207198062
*CCCCCOC(=O)NCCSCCCCCSCCNC(=O)O*,egc,5.3077,5.16683606032592,5.169115076173877,5.167178755913208
*N=Nc1ccc(NC(=O)CCC(=O)Nc2ccc(*)cc2)cc1,egc,2.9351,3.1817958489930143,3.0060345604582435,3.155366626023465
*CC1CC1COC(=O)NCCCCCCNC(=O)O*,egc,6.2321,6.404866236609579,7.491376650293909,6.568244795229556
*c1ccc2cc(*)n(C(C(=O)OCC)n3ccc4ccccc43)c2c1,egc,4.2748,3.3555107879762236,3.6549269550592376,3.400533993634843
*CNC(=O)CCCC(=O)N*,egc,6.1798,5.910959436002746,5.924783739229224,5.913038196322593
*Oc1ccc(C(=O)Nc2ccc(S(=O)(=O)c3ccc(NC(=O)c4ccc(Oc5nc(*)nc(Sc6ccccc6)n5)cc4)cc3)cc2)cc1,egc,3.8673,3.345765672286015,3.430052185566661,3.358439834334955
*CCCCCCCCc1nc2cc3sc(*)nc3cc2s1,egc,4.3173,4.2892050300548625,4.2890400939288424,4.289180228611459
*OC(C)CCC(C)OC(=O)CCCCC(*)=O,egc,6.4506,6.449066934453799,6.125838557702259,6.400463087096582
*CC1CCC(COC(=O)CCCCCCCCC(=O)O*)CC1,egc,6.7673,6.5229142043376305,6.852081173098828,6.57241103770819
*CCCCCCOC(=O)CCC=CCCC(=O)O*,egc,5.9212,6.139930955907048,6.319796125983595,6.1669772794976305
*Oc1ccc2ccccc2c1N=Nc1ccc(C(*)=O)cc1,egc,2.8394,3.1567513240622187,2.6765633855980107,3.0845454691850898
*CCCN(*)C,egc,4.8968,5.004198802677334,4.324997945457086,4.902067377457201
*C#CC#Cc1ccc(*)s1,egc,1.5604,2.2959945330464606,2.0441363576712157,2.2581226220631763
*CC(*)c1ccc(Cl)c([N+](=O)[O-])c1,egc,1.4833,2.533407663412556,2.509248501902104,2.5297748505694098
*CCCCCCCCCCCCNC(=O)CC(=O)N*,egc,5.7842,5.829390683893802,5.753098344536314,5.817918605687294
*C=C(*)CNS(=O)(=O)Cc1ccccc1,egc,3.9211,3.000691986392118,3.47022025375842,3.07129494664679
*CCCCCCCCCCOC(=O)CCCCCCCCC(=O)O*,egc,6.7107,6.617076419627005,6.734387196531291,6.63471643982361
*c1cccc(Cc2cccc(-n3c(=O)c4cc5c(=O)n(*)c(=O)c5cc4c3=O)c2)c1,egc,2.645,2.6731423311255296,2.4739035831985485,2.643182802852645
*Oc1cc(Cl)cc(Cl)c1*,egc,4.3654,4.224591260810953,3.8471451262535497,4.167834689825535
*c1ccc2c(c1)Cc1cc(-n3c(=O)c4cc5c(=O)n(*)c(=O)c5cc4c3=O)ccc1-2,egc,2.1333,2.378659997140581,2.3296083670665646,2.3712841040810035
*Oc1ccc(Oc2cccc(*)n2)c(C)c1,egc,4.4881,4.2923108483179915,3.8612260407168595,4.227488630673509
*N=c1c(=Nc2ccc(*)cc2)c2cccc3cccc1c32,egc,2.1929,2.675114171600731,2.1595321249599633,2.597586105077313
*C=CC1CC(*)C2CC=CC12,egc,5.3836,5.08571079783626,4.435537116651077,4.987944188748295
*NC(=O)C(S1)=CC=C1C(=O)*,egc,3.683,3.2938309802445183,3.4573366005609247,3.3184173185226538
*CCC(F)(F)C(*)(F)F,egc,8.6882,7.229496895460701,7.674407616176524,7.296398115503903
*OC1OC(*)C2CCCCC12,egc,6.0383,6.071999507496081,4.847614993137132,5.887888821916677
*c1ccc2nc(*)oc2c1,egc,3.8571,3.790723548096636,3.784920551049985,3.7898509514963488
*CC(C)(CCC)C(=O)O*,egc,6.7802,6.441302288322723,6.73920472623258,6.486097874542692
*Nc1cnc(*)c(O)c1,egc,3.3471,3.7769647848275256,3.7331037235785587,3.7703693975434787
*C(=O)c1ccc2c(c1)C(=O)N(c1ccc(Oc3ccc(-c4ccc(Oc5ccc(N6C(=O)c7ccc(*)cc7C6=O)cc5)cc4)cc3)cc1)C2=O,egc,2.0335,2.6038079569920356,2.3011156479588317,2.558292117905412
*CC(*)(C)C(=O)Oc1ccc(C(=O)C=Cc2ccc(Cl)cc2)cc1,egc,2.9358,3.2196065679896453,3.504229373025987,3.262405295964583
*c1ccc(-c2cc(CCCCCCCCCCCC)c(*)s2)s1,egc,1.5458,2.2589226035152703,2.4096385119084296,2.281585752956127
*CC(*)c1ccc(F)cc1,egc,2.0489,3.2622527387596265,3.4008477157457624,3.283093263881867
*c1ccc(-c2cnc3ccc(S(=O)(=O)c4ccc5ncc(*)nc5c4)cc3n2)cc1,egc,3.2952,3.218436630701197,3.253563021882727,3.223718585745972
*c1ccc(C(=O)Nc2ccc(Oc3ccc(NC(=O)c4ccc(Oc5ccc(-c6nn(*)c(=O)c7ccccc67)c6ccccc56)cc4)cc3)cc2)cc1,egc,3.2201,3.0524641363641987,2.6443688282683873,2.9910988495003767
*c1ccc(N2C(=O)c3ccc(-c4cccc5c4C(=O)N(c4ccc6[nH]c(*)nc6c4)C5=O)cc3C2=O)cc1,egc,2.9114,2.4256217738644144,2.5145718102112,2.438997189824077
*C(*)F,egc,6.7608,5.893594204646117,4.685294563198761,5.711902201224549
*CC(CO)(CO)CO*,egc,5.7959,5.986072162861558,5.788234918115985,5.956323378606215
*C(C)C(*)C(=O)OC,egc,6.2685,6.26411630311486,5.240515884667907,6.110197519767373
*C(F)(F)NC(F)(F)O*,egc,8.2061,6.974102417052262,6.14722863511603,6.849765415812402
*c1ccc(*)c(N(C)C)c1,egc,4.5555,3.5780696342824037,3.867840775547786,3.6216425175178872
*C=C(*)CO,egc,4.3592,4.601262775448217,3.0650507602301467,4.370262592090621
*c1cc(CCCCCCCCCC2COC(c3ccccc3)O2)c(*)s1,egc,3.048,2.6672334703301708,2.3572276569042483,2.620617899670712
*c1ccc(C(C#N)(C#N)C(*)(C#N)C#N)cc1,egc,4.6823,4.895695011696596,4.2053562455530535,4.79188877923761
*CC(CS(=O)(=O)CCC)O*,egc,6.0251,5.4677309510378365,5.001601017854414,5.397638998255818
*CCCOC(=O)NCCCCCCNC(=O)O*,egc,6.2372,6.145334260971054,5.965025874843569,6.118221290987905
*c1cc(CCCCCCCCCCCC)c(*)s1,egc,2.7478,2.4763271726802087,2.9163549302348457,2.5424941416080777
*NC(=O)C(C=C1)=CC=C1O*,egc,4.6617,4.634147918820642,4.8501089380151825,4.666621974834943
*C=Cc1ccc(*)c2ccc(CCCCCCCCCCC)cc12,egc,2.3432,2.733920419975614,2.415876907247351,2.6860962205629484
*CCOC(=O)NCCCCCCNC(=O)O*,egc,6.1814,6.255487712126047,6.311424644323757,6.263898947988109
*c1ccc(-c2ccc(-c3ccc(*)n3C)n2C)cn1,egc,2.931,2.7804196361248494,2.263370192270567,2.7026709170990273
*c1ccc(Oc2ccc(N3C(=O)N(*)C3=O)cc2)cc1,egc,4.3691,3.845418801541841,3.5541724045669394,3.8016240841219995
*C(C=C1)=CC=C1C(S2)=CC=C2C(C=C3)=CC=C3C(S4)=CC=C4*,egc,2.8274,2.8007780503579496,2.7639209975368035,2.795235855741996
*c1ccc(Oc2ccc(-n3c(=O)c4c(Oc5ccc(OCCCC)cc5)c5c(=O)n(*)c(=O)c5c(Oc5ccc(OCCCC)cc5)c4c3=O)cc2)cc1,egc,1.9028,2.069306014276723,2.1348530755331585,2.079162325136679
*NC(c1ccccc1)C(C)(C)C(*)=O,egc,5.5513,4.991480913580827,4.699626825635437,4.947594817676625
*OC(CCc1ccccc1)CC(*)=O,egc,5.4818,5.511755652248774,5.659999408115931,5.53404706414225
*CNON*,egc,5.3302,5.7151838976384655,5.054298105389442,5.615806508530959
*CC(C)(COC(=O)NCCCCCCNC(=O)O*)C(=O)O,egc,6.2179,6.376016991482501,5.791002330505205,6.288048343526411
*OP(=O)(Oc1ccccc1)Oc1ccc(*)cc1,egc,5.1351,4.900712402680133,5.037278060271962,4.921247779067998
*CCCCCCNC(=O)C(O)C(O)C(=O)N*,egc,5.8031,5.616832058159624,6.081777668750854,5.686745924366847
*c1ccc(N2C(=O)c3ccc(-c4ccc5c(c4)C(=O)N(*)C5=O)cc3C2=O)nc1,egc,3.2895,3.09132092115389,2.935517462282697,3.06789275680518
*OP(=O)(Oc1ccc(*)cc1)OC1CCCCC1,egc,5.2577,5.078327399427498,4.874721635486791,5.047711203006011
*NC(CCC(=O)OCCCC)C(*)=O,egc,5.5734,5.963455790380102,6.2074896735484115,6.000151162632704
*Oc1cccc2c(OC3(F)C(*)(F)C(F)(F)C3(F)F)cccc12,egc,3.9081,4.107882169621235,3.6703894170793174,4.0420963893684645
*NC(CC(C)C)C(*)=O,egc,6.106,5.881386869550094,6.112011125971126,5.916065836380337
*CCCC(=O)O*,egc,6.7691,6.527550148765097,6.761691614509287,6.5627579983214925
*C=C*,egc,1.3994,2.546220679913201,2.5534985622273565,2.547315054994486
*OC(=O)OCCOCCOC(=O)OC1COC2C(*)COC12,egc,6.7329,6.538323995170085,6.298775084125703,6.502303028125046
*Cc1c(O)c(C(C)=O)cc(CNC(=S)N*)c1OC,egc,3.7679,3.62281186511006,3.8341866736360517,3.654596292677989
*OC(C)CCOC(=O)CCCCCC(*)=O,egc,6.5798,6.647834863808313,6.71718545135849,6.658263110874051
*CCCCOC(=O)SNCCCCCCNSC(=O)O*,egc,5.4377,5.010753577978515,4.602638308628843,4.949385289541176
*c1ccc(*)c(C)n1,egc,5.1183,4.827867826815538,4.852511968067341,4.831573566056909
*C(=O)c1ccc2c(c1)C(=O)N(c1ccc(N(c3ccc(C#N)cc3)c3ccc(N4C(=O)c5ccc(*)cc5C4=O)cc3)cc1)C2=O,egc,1.8778,2.2135147822836525,2.0645475031759393,2.191114574208676
*CC(C)(CCC)C(=O)N*,egc,5.8261,5.948028996139978,5.567764792162061,5.890848672087664
*Nc1ccc(NC(=O)c2ccc(NC(=O)c3ccc([Si](C)(C)c4ccc(C(=O)Nc5ccc(C(*)=O)cc5)cc4)cc3)cc2)cc1,egc,3.1752,3.1588926644168533,3.8720610196179615,3.26613178192428
*OC(F)(F)C(F)(F)C(*)(F)F,egc,9.4523,8.676716792059144,8.878400267270935,8.707043933946203
*CCC(=O)C(S1)=CC=C1*,egc,3.959,3.3481907005664677,3.9371907652156306,3.4367586336276337
*c1ccc2c(c1)C(=O)N(c1ccc(C(C)(C)C(*)(C(F)(F)F)C(F)(F)F)cc1)C2=O,egc,3.3094,3.5315550341911197,3.229366173132093,3.4861148985706802
*CCCCCNC(=O)C(OC)C(OC)C(=O)N*,egc,5.6994,5.704179752208506,5.7136649395602435,5.7056060397233335
*CCCC1CCN(SC(=O)OCCCCCCOC(=O)SN2CCC(*)CC2)CC1,egc,4.484,5.325059030846828,5.7771571274245614,5.393041016517115
*C(=O)NNC(=O)C(=O)NNC(=O)c1cncc(*)n1,egc,4.3374,3.8363954915696294,3.542530717120625,3.7922070487586144
*C(=O)Oc1ccc(OC(=O)c2ccc3c(c2)C(=O)N(c2ccc(Sc4ccc(N5C(=O)c6ccc(*)cc6C5=O)cc4)cc2)C3=O)cc1,egc,2.9567,2.5855132515692296,2.9740092115930583,2.643931384685088
*C(=O)c1ccc2c(c1)C(=O)N(c1ccc(Oc3cc4ccccc4cc3Oc3ccc(N4C(=O)c5ccc(*)cc5C4=O)cc3)cc1)C2=O,egc,2.3398,2.327363806088669,2.403417101403837,2.338799939245237
*SC1CCCC(*)C1,egc,4.9242,5.063579642266923,3.9669161913420985,4.8986743715519
*CCCCCCCCCCCCCCCCOC(=O)CCCCC(=O)O*,egc,6.7152,6.625337546999741,6.734387196531291,6.6417353415667195
*Nc1cc(NC(=O)c2ccc(C(*)=O)cc2)c(N)cc1N,egc,2.9313,3.3604663094228258,3.373393095825134,3.3624101101479713
*c9ccc(C8(c5ccc(n4c(=O)c3ccc(C(=O)c2ccc1c(=O)n(*)c(=O)c1c2)cc3c4=O)cc5)c6ccccc6c7ccccc78)cc9,egc,2.4589,2.5847520905121977,2.7106531150877395,2.603683826153994
*CCCCCCCCCCCCCCCCCCNC(=O)CCCCCCCCCCC(=O)N*,egc,5.6172,5.940173902414226,5.870714015182991,5.929729219956684
*Oc1ccc(C(C)=Cc2ccc(OC(=O)OCCCCCCOC(*)=O)cc2)cc1,egc,4.2293,4.078978895037057,4.250925376945076,4.104834485577278
*CCC(=O)OC(=O)CCc1ccc(*)s1,egc,4.6241,4.271488603566521,4.496968593091156,4.3053940270417215
*C(=O)C(S1)=CC=C1NC(=S)OC(S2)=CC=C2NC(S3)=CC=C3*,egc,2.5473,2.5191381060295477,2.383536503770832,2.4987476946312226
*c1sc(*)c(OCCOCCCC)c1C,egc,1.6261,2.2917632418789955,3.1306347612730923,2.417904342764731
*CCCCCCOC(=O)C1C(=O)C2CCC1C(=O)C2C(=O)O*,egc,5.2747,5.758953582953204,5.436185459987338,5.710418943952534
*c1ccc(-c2nc3cc4nc(*)oc4cc3o2)cc1,egc,2.6504,3.0233721758690995,2.8507293687876007,2.9974118789204165
*Oc1ccc(C(C)(C)c2ccc(OC(*)=O)c(Cl)c2)cc1Cl,egc,4.9898,4.687027559387402,4.715571057086055,4.691319644813593
*CCOC(=O)c1ccc(C(=O)O*)c2c1CC2,egc,4.3335,4.680094946127946,4.38231000285101,4.635317027574603
*c1ccc(Sc2ccc(-c3nc4ccc(-c5ccc6nc(*)c(-c7ccccc7)nc6c5)cc4nc3-c3ccccc3)cc2)cc1,egc,3.3214,2.96591318513215,3.0237292458955314,2.974606985535384
*NC(C=C1)=CC=C1C(S2)=CC=C2C(=S)*,egc,2.4476,2.37708050902047,2.43161440643377,2.3852807705578654
*Oc1cccc(OC(=O)Oc2ccc(OC(*)=O)cc2)c1,egc,5.4757,4.840208648578834,4.800686547829026,4.834265710735983
*CCCCCCn1c(=O)c2cc3c(=O)n(*)c(=O)c3cc2c1=O,egc,3.8389,3.723434854616464,3.333851710453622,3.6648532416339163
*CCOCCOCCOCCOC(=O)NCCCCCCNC(=O)O*,egc,6.0228,5.9627746135666735,5.978734020866079,5.9651744294618245
*CCCCCCCCCNC(=O)NCCCCCCCNC(=O)N*,egc,5.422,5.77857068146005,5.788094472187381,5.780002773764029
*CCC([2H])C(*)([2H])C,egc,6.8414,6.509015159339917,5.502319246118825,6.3576383062520945
*CC(*)C(F)(F)F,egc,8.2263,6.785161615998001,7.2725278687175035,6.85844687390853
*CCCCCCCOC(=O)CCCCCCCCC(=O)O*,egc,6.8159,6.699984558701836,6.734387196531291,6.705157682963243
*c1cc2c(s1)-c1sc(-c3cc4c(s3)-c3sc(*)cc3C4(CC(CC)CCCC)CC(CC)CCCC)cc1C2=O,egc,1.5473,1.8761680160473195,1.8717792099595987,1.8755080713255357
*Nc1ccc(NC(=O)C=CC(*)=O)cc1,egc,2.7273,3.4871783175257227,2.9959960214096792,3.4133192412128066
*c1ccc(Sc2ccc(-n3c(=O)c4cc5c(=O)n(*)c(=O)c5cc4c3=O)cc2)cc1,egc,2.5188,2.482643926820619,2.4165850814780847,2.472710658993424
*Oc1ccc(C(C)(C)c2ccc(OC(*)=O)c(Cl)c2)cc1,egc,5.0408,4.7947519659820514,4.475326539955666,4.746719968282374
*CCCCCCCC(=O)N(*)C,egc,5.5443,5.739658180790317,5.742158911819229,5.740034215686858
*c1ccc(-c2ccc3nc(*)cc(-c4ccccc4)c3c2)cc1,egc,2.9209,3.171236045094469,3.5145203806934155,3.2228557067567887
*OC(C)C#CC#CC(C)OC(=O)c1ccc(C(*)=O)cc1,egc,4.3105,4.574895747219567,3.5616911064877743,4.422540176849558
*c1ccc(C#Cc2cc(OCCCCCCCC)c(C#Cc3ccc(-c4nnc(*)o4)cc3)cc2OCCCCCCCC)cc1,egc,2.6231,2.8532860495784624,2.8694975650176473,2.8557237749717412
*OC(C)CCCC(C)C(*)=O,egc,6.6886,6.36665419086722,5.747745838366222,6.273588948899963
*Nc1cccc(NC(=O)c2cc(NC(=O)c3ccncc3)cc(C(*)=O)c2)c1,egc,3.2998,3.482984529011365,3.350202748137796,3.4630181341228394
*N=P(*)(OCCC(=O)C=C)OCCC(=O)C=C,egc,3.9384,5.008988842843173,3.5834789521551924,4.7946349366994
*Oc1ccc(C(C)(CC)c2ccc(OC(*)=O)cc2)cc1,egc,5.0105,5.002189374082284,4.69053240998733,4.955325519915393
*CC#CCOC(=O)CCCCCCCCC(=O)O*,egc,6.1042,6.553993472590082,6.541307889345682,6.552085941581065
*CC(*)(C)C(=O)OCc1cccs1,egc,4.9884,4.343898285068235,5.21560613140498,4.474976984065039
*NC(CSC(=O)OCc1ccccc1)C(*)=O,egc,5.0387,4.790509666999468,4.405235838234567,4.732576045724582
*CC(*)(C)C(=O)Oc1ccccc1,egc,5.2323,5.213362491904097,5.300397700975525,5.226449975308016
*C(Br)=C(c1ccccc1)c1ccc(*)cc1,egc,3.469,2.8535322681223065,2.9500338735458547,2.8680432134386518
*Oc1ccc(C(C)=Nc2ccc(N=C(C)c3ccc(*)cc3)cc2)cc1,egc,2.9143,3.168671164697647,3.2031385098208234,3.173854018994079
*CCCCOC(=O)NNC(=O)CCCCCCCCC(=O)NNC(=O)O*,egc,6.1019,5.802927015653694,5.760123510126574,5.796490653011583
*CCN(*)C(=O)c1c(F)cc(F)cc1F,egc,4.6328,4.744511873526665,4.808649092029821,4.754156186347753
*CCN(CCOC(=O)Nc1ccc(Cc2ccc(NC(=O)O*)cc2)cc1)c1ccccc1,egc,4.1239,4.049735476182067,3.6559816250881396,3.9905267140454526
*C(C=C1)=CC=C1C(=S)C(C=C2)=CC=C2C(=S)*,egc,2.6743,2.388947292198092,2.0259245404263844,2.3343595651190667
*CCCCOC(=O)NCCCCCCNC(=O)O*,egc,6.3532,6.254330170368036,6.263003407029864,6.255634364866802
*CCCCCCCCCCNC(=O)CCCCCCC(=O)N*,egc,5.9989,5.834397102271676,5.876166294279854,5.84067793520164
*C(=O)C(C=C1)=CC=C1C(=S)C(S2)=CC=C2*,egc,2.3711,2.5108637380496597,2.294996936399556,2.4784038495264515
*CCCC(=O)NCCCCCCNC(=O)CCCO*,egc,5.652,5.8747689750370435,6.098196156116535,5.90836571772956
*NNC(=O)C(=O)NNC(=O)CCCCCCCC(*)=O,egc,4.4307,4.948146579809546,4.650192938330131,4.903343294109403
*NC(S1)=CC=C1C(=S)C(S2)=CC=C2*,egc,1.6616,2.503451147084958,2.3386162693705694,2.4786649283869195
*c1ccc(-c2sc(-c3cc(SCCCCCCCC)c(*)s3)cc2SCCCCCCCC)cc1,egc,2.4336,2.366681415435392,2.5794875823073586,2.3986810763416204
*C=CC(C)(C)C(*)(C)C,egc,5.1816,4.971882783301665,3.1435830481018043,4.696961372793195
*c1ccc(*)n1C(C(=O)NO)n1ccc2ccccc21,egc,2.4131,3.1004236130261247,2.877837369133643,3.0669533220489105
*Oc8ccc(C7(c5ccc(OC(=O)c4ccc(C3(c1ccc(C(*)=O)cc1)OC(=O)c2ccccc23)cc4)cc5)OC(=O)c6ccccc67)cc8,egc,4.0362,3.7147473354629774,3.584327675855179,3.695136132722476
*CC(*)C(=O)OCCCOc1ccc(-c2ccc(C#N)cc2)cc1,egc,3.6528,3.943764857727809,4.471037902831267,4.023050899557867
*CCCCCNC(=O)CCCCCCCCCCCCC(=O)N*,egc,5.8927,5.92566304613345,5.876166294279854,5.91822022011691
*CCOCCOC(=O)CC(=O)O*,egc,6.2374,6.2968685324845275,6.347400199542611,6.304466978688665
*Oc1ccc(C2(c3ccc(OC(*)=O)cc3)CC(C)CC(C)(C)C2)cc1,egc,4.7559,4.827672614367157,4.694066851021193,4.8075823172435745
*C=Cc1ccc(-c2ccc(C=Cc3cc(*)ncn3)cc2)cc1,egc,2.7379,2.5718117752984075,2.552408433598665,2.568894095026421
*c1ccc(*)n1CCC(=O)OCC,egc,2.8986,2.8501527726680913,2.8460759425017734,2.849539739762081
*C=Cc1cc(CCCCCC)c(*)s1,egc,3.5808,1.9402104133032996,2.152084733965647,1.9720699525055243
*c1cccc(-c2ccc(-c3ccc(*)s3)s2)c1,egc,2.9634,2.8040898082077295,3.1151023286849493,2.8508567573951096
*CCCCCCCNC(=O)C(OC)C(OC)C(=O)N*,egc,5.7148,5.666653558920202,5.7136649395602435,5.673722659695463
*c1nc2cc(S(=O)(=O)c3ccc4oc(C5CCC(*)CC5)nc4c3)ccc2o1,egc,4.8558,3.751389727360392,3.668092018863954,3.7388642518756736
*OC(COC(F)(C(F)(F)F)C(F)(F)F)C(*)COC(F)(C(F)(F)F)C(F)(F)F,egc,6.5255,7.451269489792302,5.771821846157921,7.198730966609386
*Oc1ccc(C(C)(C)c2ccc(OC(=O)OCC3CCC(COC(*)=O)CC3)cc2)cc1,egc,5.2076,5.07351690207714,5.567628655564286,5.147816480861825
*Nc1ccc(-c2ccc(Nc3ccc4c(c3)c3cc(*)ccc3n4CC(CC)CCCC)cc2)cc1,egc,3.3558,2.8219897894586743,2.603279936765801,2.789102391382313
*c1cccc(-c2cc(*)cc3c2NC(C)(C)OC3(C)C)c1,egc,3.618,3.8929706359153458,2.815505445527254,3.7309522074201467
*c1ccc(*)nn1,egc,3.3251,3.8302967240820585,3.4178988125484784,3.7682844547879513
*c1ccc(N2C(=O)c3ccc(P(=O)(c4ccccc4)c4ccc5c(c4)C(=O)N(*)C5=O)cc3C2=O)cc1,egc,3.066,2.9560387869338656,2.8920569207038906,2.9464178344323404
*CC(O)COc1ccc(C(C)(C)c2ccc(OCC(O)COc3ccc(S(=O)(=O)c4ccc(O*)cc4)cc3)cc2)cc1,egc,4.067,4.326978328951019,4.530103013271399,4.357522185435439
*CC(C=C1)=CC=C1C(C=C2)=CC=C2C(C=C3)=CC=C3*,egc,3.7798,4.028872968510112,4.969735581110475,4.1703504689280075
*C1=CC2=NC(*)=CC2=N1,egc,1.3051,3.134223684815018,2.895958027075046,3.098395680554852
*c1cc(C(=O)OCCCCCC)c(*)s1,egc,2.8903,2.4999460733639953,2.7548316887375295,2.53827322046559
*C#CC#CCCCCCCCC*,egc,5.4216,5.450805227217785,3.0852742589631448,5.09510036226962
*CCCCCCCCCCNC(=O)CCC(=O)N*,egc,5.9532,5.82143277991554,5.968781522988427,5.843589608745262
*CCC(S1)=CC=C1C(S2)=CC=C2*,egc,3.23,2.9029154814254543,3.0266186809380127,2.9215167301373817
*CCCCNC(=O)CCCCCCCC(=O)NCCCCNC(=O)C(=O)N*,egc,5.3591,5.078994741294742,5.127944799168417,5.0863553609437036
*CCCCOC(=O)CCCCS(=O)(=O)CCCCC(=O)O*,egc,6.544,6.551317110848351,6.486507322169642,6.541571663657573
*CCCCOC(=O)c1ccc(NC=Nc2ccc(C(=O)O*)cc2)cc1,egc,3.6652,3.807973357227691,3.4677677277567307,3.7568166405710244
*CCCCCCCCCCCCO*,egc,6.2452,6.186120221927987,6.152974360300821,6.181136079089908
*c1sc(*)c(OCCCCCC)c1C,egc,3.4475,2.282821971006131,2.999051144418825,2.3905213437134236
*Oc1ccc(OC(=O)c2ccc(OCCCCCCCCCCOc3ccc(C(*)=O)cc3)cc2)cc1S(=O)(=O)c1ccccc1,egc,4.4922,3.736538197130716,3.266059297557099,3.6657922903217806
*C(F)(F)C(F)(F)C(C=C1)=CC=C1C(C=C2)=CC=C2*,egc,4.4103,4.046185815243151,4.173913078183943,4.06539216232728
*c1ccc(C(c2ccc(-n3c(=O)c4cc5c(=O)n(*)c(=O)c5cc4c3=O)cc2)(C(F)(F)F)C(F)(F)F)cc1,egc,2.7195,2.6226545032901094,2.98400856445496,2.6769913093814504
*CC(F)(F)C(F)(F)C(F)(F)COC(=O)c1cccc(-c2cccc(C(=O)O*)c2)c1,egc,4.3076,4.231517408174818,5.314190551525524,4.394318956498117
*C(=O)Nc1ccc(NC(=O)c2ccc(NC(=O)c3ccc(-c4nc5cc(*)ccc5[nH]4)cc3)cc2)cc1,egc,2.7114,2.9952134029412085,2.827176447990658,2.9699456879253754
*C=CC(C)=C(C)C=Cc1ccc(-c2ccc(*)s2)s1,egc,1.5733,2.3253921565615747,2.0541047416195597,2.2845986710443316
*Sc1ccc(*)cc1,egc,3.6211,3.4439424346609564,3.8812452707388725,3.5096996571771832
*C1C=CC(*)C1,egc,5.7164,5.013508127046049,5.10216974652456,5.026840173764491
*c1ccc(C(=O)Nc2cccc(-n3c(=O)c4cc5c(=O)n(*)c(=O)c5cc4c3=O)c2)cc1,egc,2.445,2.845409192831873,2.642498356490278,2.814897492665606
*NC(C=C1)=CC=C1C(C=C2)=CC=C2O*,egc,4.0962,3.654373043291214,4.005327838581126,3.7071461118905304
*CCOCCOC(=O)NC(=CC=C1(C))C=C1NC(=O)O*,egc,5.0931,5.031918354599891,5.114919190758909,5.04439918939459
*C=CC(C)CCCCCCCCC*,egc,5.8829,5.7281293869077174,5.204638882489141,5.649412125677675
*Cc1ccc(CNC(=O)CCCCCCCCCCCCCCCC(=O)N*)cc1,egc,5.288,5.4715407126248365,5.407122034955797,5.461854076792159
*Oc1ccc(Oc2ccc(C(=O)c3ccc(*)cc3)cc2)cc1C=O,egc,3.6677,3.492897851824021,3.382423475617795,3.476285821123082
*CNC(=S)O*,egc,4.6235,4.028964799010598,4.503545553875598,4.100327501753318
*Nc1ccc(C(C)(C)c2ccc(NC(=O)c3cc(C(*)=O)cc(S(=O)(=O)c4ccccc4)c3)cc2)cc1,egc,3.3259,3.1326388172488735,3.3134879184843333,3.1598330945566957
*NCc1cc(C(=O)O)cc(CNc2nc(-c3csc(*)n3)cs2)c1N,egc,3.7145,2.7548836379132524,3.7390482057131065,2.902872452844858
*CC(C)CCCCC(=O)N*,egc,6.0272,6.0528137201461405,5.716920115878023,6.002305402670467
*CC(*)OC(=O)OCC(F)(F)F,egc,7.5359,6.799334294108074,6.921186236056344,6.817657169240993
*CC1CCC(CNC(=O)CCCCCC(=O)N*)CC1,egc,5.787,5.8380624528148735,5.707088196987285,5.8183678554470735
*OC1(O)CCCC(*)C1,egc,6.0531,6.132408385179634,6.38993209426669,6.1711322224031
*C(S1)=CC=C1C(S2)=CC=C2OC(=S)*,egc,2.4847,2.4719942692248824,2.1382506875743292,2.4218092506259006
*CCCCNC(=O)CCC=CCCC(=O)N*,egc,5.5356,5.493489484116119,5.5426018261252805,5.500874506428699
*C=C1CCCC(=Cc2ccc(*)cc2)C1=O,egc,3.6567,2.56432331191302,2.403730070284974,2.5401749079853224
*CC(S1)=CC=C1CC(=S)*,egc,3.2956,3.2978979709026888,2.649048890471321,3.200330542015097
*C(F)(F)C1(F)C(F)(F)C(*)(F)C1(F)F,egc,7.1313,7.579859075583269,8.144417781105489,7.664751761748889
*Oc1cccc2c(OC(=O)Oc3ccc(OC(*)=O)cc3Cl)cccc12,egc,4.0203,4.181021983261226,4.4447399654892665,4.220677253266861
*c1ccc(C(=O)c2cccc(-n3c(=O)c4cc5c(=O)n(*)c(=O)c5cc4c3=O)c2)cc1,egc,3.1782,2.727045742330685,2.811190411354646,2.7396985752603507
*OC(c1ccccc1)C(C)(C)C(*)=O,egc,5.5004,5.817139843145235,5.8890088029340175,5.827946777816015
*CCOC(=O)Nc1cc(NC(=O)O*)ccc1C,egc,5.1142,4.985573698756099,4.83753833560218,4.963313622872557
*CCCCCOC(=O)CCCCS(=O)(=O)CCCCC(=O)O*,egc,6.9262,6.524264923807952,6.413395552367856,6.5075934976781635
*CCCCCCC(=O)NCCCCCCNC(=O)CCCCCCO*,egc,5.7692,5.965373321857289,5.93523374488788,5.960841234009203
*CC(*)c1ccncc1,egc,2.5368,2.866820206565531,2.806412871032849,2.857736756204539
*CCCCCOC(=O)CCCCCNC(=O)O*,egc,6.3976,6.340747988593324,6.3668016195434936,6.3446656727847
*CC(S1)=CC=C1NC(S2)=CC=C2*,egc,4.1254,3.966634471913837,4.185962103870036,3.9996147654510397
*Nc1c(F)c(F)c(-c2ccc3cc(-c4ccc5c(c4)C(=O)N(c4cccc(*)c4)C5=O)ccc3c2)c(F)c1F,egc,2.918,2.9547331446608833,3.097456523007833,2.976194457449067
*CCCCCC(=O)NCc1ccc(CNC(=O)CCCCO*)cc1,egc,5.142,5.301966729292137,5.674146651470663,5.357931419981691
*c1ccc(C(=O)Nc2ccc(NC(=O)c3ccc(-n4c(=O)c5sc6c(=O)n(*)c(=O)c6sc5c4=O)cc3)cc2)cc1,egc,1.4889,2.2701584168543776,1.9926602392754271,2.228431019029647
*C=CC(=O)C(C)=Cc1ccc(Sc2ccc(*)o2)o1,egc,2.9229,2.3240664054633253,2.946356936245872,2.4176402255405356
*c1ccc(-c2ccc(-c3ccc(-c4ccc(*)n4CCCCCCCCCCCC)s3)s2)s1,egc,2.1465,2.0875853314159944,1.5769532425059525,2.0108015899805736
*C(=O)Nc1ccc(Oc2ccc(N3C(=O)c4ccc(*)cc4C3=O)cc2)cc1,egc,2.7025,3.0258720232005536,2.729052811976414,2.981239321765069
*Oc1ccc(OC(=O)c2ccc(OC(=O)CCCCCCCCC(*)=O)cc2)cc1,egc,4.2519,4.454673987180329,3.9004777219987625,4.371339501051562
*C=CC1CC(*)C(C#N)C1,egc,5.8346,5.920000809644527,3.770213797129498,5.5967373608813995
*C=Cc1ccc(*)n1CCCCCCCCCCCC,egc,1.2671,2.7828675099703317,2.2679549658306284,2.705440116530428
*CC(CF)O*,egc,6.1097,6.484324075053202,5.9947684297733215,6.410709598208126
*CC(CO*)(COC=O)COC=O,egc,6.4753,6.074041343933293,4.980976740180208,5.90967723182679
*c1ccc(-c2csc(-c3nc(*)cs3)n2)cc1,egc,3.3372,3.4880618215991066,3.5993208969100405,3.5047918474955484
*Oc1ccc(SSCCCCSSc2ccc(*)cc2)cc1,egc,4.3465,3.951139133686613,3.8743305435724738,3.9395894268596647
*OC(=O)c1cccc(C(*)=O)c1,egc,4.6197,4.537046635308223,4.479659188246359,4.5284172855424405
*OC(*)C,egc,6.9003,6.080143788362773,7.698841730283463,6.323547379585931
*CCCCCCCCCNC(=O)CCCCC(=O)N*,egc,5.6864,5.796012313007076,5.864983602609014,5.806383525044627
*CCCCCCCCCCCCCCCCOC(=O)CCCCCCCCC(=O)O*,egc,6.641,6.568042997785753,6.7212150540702265,6.591075478157254
*c1cc(CC(=O)OCCCCCCOc2ccc(N=Nc3ccc(C#N)cc3)cc2)c(*)s1,egc,2.6018,2.4627742022372505,2.3837478781684545,2.4508910147806175
*CC(*)(C)C(=O)OC(CC)OCC,egc,6.3891,6.315621856424854,4.931642405386761,6.10751288202163
*c1ccc(-c2ccc(N(c3ccccc3)c3ccc4ccc(N(*)c5ccccc5)cc4c3)cc2)cc1,egc,3.0933,2.9965164147193804,3.154132740316382,3.0202171798171524
*NC(=S)NC(=S)*,egc,2.8537,3.0097882016145543,2.476134674280601,2.9295427267436454
*c1ccc(N(c2ccc(C#N)cc2)c2ccc(-n3c(=O)c4cc5c(=O)n(*)c(=O)c5cc4c3=O)cc2)cc1,egc,1.6108,2.067546000757018,2.105870247724644,2.073308817340188
*C(=O)Nc1cccc(NC(=O)c2ccc3c(c2)C(=O)N(c2cccc(N4C(=O)c5ccc(*)cc5C4=O)c2)C3=O)n1,egc,3.2959,3.036657313531149,3.3497897839246815,3.0837430395634735
*Oc1ccc(C(=C(Cl)Cl)c2ccc(OC(*)=O)cc2)cc1,egc,4.2371,3.903383427155374,4.239152443029956,3.9538730102757214
*Oc1ccc(Oc2ccc(C(=O)c3ccc(*)cc3)cc2)cc1C(Br)Br,egc,3.947,3.5262779630530865,3.424592933831526,3.510987586358846
*NC(CC(=O)OCc1ccc(Cl)cc1)C(*)=O,egc,5.1636,4.9627592713894915,4.706097159031439,4.924164992456423
*C(F)(F)C(F)(F)C(=S)O*,egc,3.598,3.716497781007378,5.126795644326361,3.9285642547676844
*C1C2CCC(C2)C1*,egc,6.1739,6.249213204362387,5.853840006426314,6.18976094105943
*CC(*)c1cc(Br)ccc1OC(C)C,egc,4.6199,4.214591619310139,4.431998183891141,4.247283041967855
*CCCOC(=O)CCCCCCCCCC(=O)O*,egc,6.7744,6.642917936503072,6.716645850548526,6.654004402104408
*C(=O)Nc1ccc(NC(=O)c2ccc(N3C(=O)c4ccc(*)cc4C3=O)cc2)cc1,egc,2.9178,2.7926389147566706,2.8249426970497136,2.7974964341348
*CC(*)n1c2ccc(I)cc2c2cc(I)ccc21,egc,2.9408,3.042731753118833,3.232553538794329,3.071275252884444
*c1ccc(*)n1C,egc,2.6193,2.2736752041206287,2.824078194233136,2.3564392955201545
*OC1(F)CC(C(*)C)C1C(F)(F)C1(F)CC1,egc,7.2672,6.624414403390297,5.6758319589646895,6.481776071948133
*NC(S1)=CC=C1C(=O)C(=S)*,egc,2.1167,2.530710618457307,2.4160837698340205,2.513474180525969
*c1cc2c(s1)-c1sc(-c3sc(-c4sc(*)c5c4OCCO5)c4c3OCCO4)cc1C2=C(C#N)C#N,egc,0.9952,1.3711058863035663,1.2650038363455505,1.3551513222511304
*c1ccc(-c2sc(-c3cc(CCCC)c(*)s3)cc2CCCC)cc1,egc,2.5595,2.2627454063582526,2.230691465286988,2.2579254556018173
*CCOC(=O)C(=O)O*,egc,6.5784,5.264012072388391,5.5695574381808575,5.309956925587645
*CC(=O)OC(=O)COc1cccc(O*)c1,egc,4.3174,4.8364117884977835,3.840256137536146,4.686619874526731
*CC(F)(F)C(F)(F)C(F)(F)COC(=O)CC(CC(=O)O*)C(F)(F)C(F)(F)C(F)(F)F,egc,6.6602,6.8320888904918355,5.714342694495299,6.664013407638773
*C(=O)Nc1ccc(C(=O)Nc2ccc(NC(=O)c3ccc4[nH]c(-c5ccc(-c6nc7cc(*)ccc7[nH]6)cc5)nc4c3)cc2)cc1,egc,2.6204,2.8443489985586883,2.725955252114333,2.8265461322445904
*c1nc(-c2ccccc2)nc(N(*)c2ccccc2)n1,egc,3.8771,3.839681004202556,3.3351714594434934,3.763817909661887
*NC(=O)OC(=O)*,egc,5.6538,4.9271308621027785,5.982704703083583,5.085857488635142
*CCCCCCNC(=O)C(CCCCC)C(=O)N*,egc,5.7089,5.818207802991091,5.9039404289249156,5.831099416983337
*C(F)(F)C1(F)C(F)(F)C(*)(F)C(F)(F)C(F)(F)C(F)(F)C1(F)F,egc,7.4251,7.144850810198843,5.797912261358636,6.9423116758402745
*CCC(C)O*,egc,6.0172,6.001674622104968,6.996803105042764,6.151312080831891
*CCOC(=O)CCCCS(=O)(=O)CCCCC(=O)O*,egc,6.7001,6.514637054820002,6.639012966803397,6.533339459298563
*CC(=O)O*,egc,7.0895,6.108293833894404,6.221381559982234,6.1252988339874905
*CCCCCCNC(=O)C(O)C(O)C(O)C(O)C(=O)N*,egc,5.9698,5.793756439509003,5.522696895164418,5.752997218890918
*CCOCCOC(=O)CCCCS(=O)(=O)CCCCC(=O)O*,egc,6.5167,6.55497663510572,6.210730693424821,6.503212376747731
*CCCCOC(=O)NCCSCCSCCNC(=O)O*,egc,5.7445,5.254333305430365,5.344359516954658,5.2678705458393
*c1cc(-c2sc(-c3cc(CCCC)c(*)s3)cc2CCCC)c2cccccc1-2,egc,1.9772,2.083667639872754,2.0259251742490414,2.0749849059698406
*OC1CCC(OC(=O)CCCCCCC(*)=O)CC1,egc,6.6443,6.551475739802143,6.472960095837907,6.539669343307059
*CCCCCCCCCOC(=O)Nc1ccc(C)c(NC(=O)O*)c1,egc,4.9708,5.09549157150129,5.09417779752979,5.095294019324052
*CC(CO*)(COc1ccccc1)COc1ccccc1,egc,4.7985,5.217017660889918,4.916369889388233,5.17180925888879
*C(=O)c1cccc(C(=O)c2ccc3c(c2)C(=O)N(c2ccc(Oc4ccc(N5C(=O)c6ccc(*)cc6C5=O)cc4)cc2)C3=O)c1,egc,2.5831,2.5312245560288513,2.4262771997213157,2.515443623247582
*CC#CCOC(=O)CCC(=O)O*,egc,5.9483,5.823587074720602,5.949658395996374,5.842544417875287
*CCCCCC(=O)S*,egc,5.3869,4.895534542829007,4.755824950216722,4.874526412967667
*c1ccc(C(c2ccccc2)c2ccc(N3C(=O)c4ccc(-c5ccc6c(c5)C(=O)N(*)C6=O)cc4C3=O)cc2)cc1,egc,2.907,2.808168792648079,3.05624083719285,2.8454713831811973
*C(F)(F)C(C=C1)=CC=C1C(F)(F)O*,egc,4.9933,4.997432763933802,5.880613490284038,5.130236639768505
*CCCCCCCNC(=O)c1cccc(C(=O)N*)c1,egc,4.8667,4.9975188546048495,4.95338912620651,4.990883067844589
*NC(C)C(=O)NCC(*)=O,egc,5.7945,5.660114687525424,6.195555881518203,5.740628973811608
*Oc1ccc(C(c2ccccc2)(c2ccccc2)c2ccc(OC(=O)CCCCCCCCC(*)=O)cc2)cc1,egc,4.7541,4.564696240848909,5.212072284543924,4.662042169219113
*CCCCCCCCCCCCCOC(=O)c1ccc(C(=O)NCCCCCCNC(=O)c2ccc(C(=O)O*)cc2)cc1,egc,4.6196,4.310941544031998,4.393630815706316,4.323375528878655
*C(=O)c1cccc(C(=O)N2COCN2*)c1,egc,4.5807,4.538603830404837,3.6483834994239905,4.4047414093014305
*CNC(C=C1)=CC=C1C(=O)*,egc,3.6383,4.267113108843535,4.484926372093602,4.2998656867755205
*C=CC1C=CC(*)C(C(=O)OC(C)(C)C)=C1C(=O)OC(C)(C)C,egc,4.1406,3.952584390787515,4.736893511977488,4.070520944472261
*C=C(*)c1cccc2ccccc12,egc,0.8664,2.134159144047391,2.0476677393203078,2.1211534324965826
*CC(C)(C)CO*,egc,5.8123,5.77323841301678,6.83789675680497,5.933331076133567
*CCCCOC(=O)NCCCCNC(=O)O*,egc,6.3043,6.253188170448588,6.3117035437287985,6.26198712646707
*OC(=O)CCSc1ccc(SCCC(*)=O)cc1,egc,4.6942,4.413620229757967,4.928990291339928,4.49111642009049
*c1ccc(*)n1C(C(=O)OCC)n1cccc1,egc,2.8248,3.214758519284029,3.452223443502251,3.250466117253584
*CCCCOC(=O)CCCCC(=O)O*,egc,6.8238,6.741123611611955,6.752405063439452,6.742820003395691
*OC(=O)OCCCCOC(=O)OC1COC2C(*)COC12,egc,6.6085,6.823099389983046,6.710781313484055,6.806210122089932
*OC(=O)c1ccc(C(=O)Oc2ccc3c(c2)Oc2cc(*)ccc2C32c3ccccc3-c3ccccc32)cc1,egc,3.1167,3.682999011086736,3.5478444541792546,3.662675821892821
*CCCCCCCNC(=O)CCCCCCCCCCCCCCCCCCC(=O)N*,egc,5.9137,5.904395548530836,5.876166294279854,5.900150715888319
*c1cc(CCCC)c(*)s1,egc,2.5394,2.56038117840105,2.748350893836624,2.588646182385627
*c1ccc(C(C#N)(C(=O)O)C(*)(C#N)C(=O)O)cc1,egc,5.2415,4.524060548752092,4.026537185031127,4.449247966175125
*CC(*)(Cl)C(=O)OCC,egc,6.3834,6.27139726274138,6.939690372210069,6.371888490055451
*CCCCCCCCOC(=O)NCCCCCCNC(=O)O*,egc,6.1519,6.318908737036089,6.30644271681725,6.3170342217167414
*C(=O)NNC(=O)c1ccc(*)nc1,egc,3.5892,3.886090904337355,3.592442831779389,3.841935046987245
*CCCCCCCc1nnc(*)n1N,egc,5.5167,5.468608776038134,5.3978289201574645,5.457965609909702
*ON(C(F)(F)F)C(F)(Br)C(*)(F)F,egc,6.3719,6.764671395350038,6.491602354267001,6.723610006730115
*CC(F)(F)C(F)(F)C(F)(F)C(F)(F)COC(=O)C(F)(F)C(F)(F)C(F)(F)C(F)(F)C(=O)O*,egc,6.3052,6.660522527790666,6.518119800408478,6.639109431284428
*C(F)(F)C1(F)C(F)(F)C(*)(F)C(F)(F)C(F)(Cl)C1(F)F,egc,7.2365,6.782687554958261,4.9684882206094105,6.509886421566318
*CC(*)c1ccc(C(=O)CCN2CCCCC2)cc1,egc,2.7084,3.297120020881349,3.175224711360333,3.2787906245670078
*CCOC(=O)c1ccc(O*)c(Cl)c1,egc,4.81,4.537017995034074,4.295670165330641,4.500726524610615
*C(F)(F)C(=O)C(F)(F)O*,egc,5.2431,6.522965098867701,6.548137301866215,6.526750242747952
*CCCCCCCCCCCCC(=O)O*,egc,6.7386,6.762228823252407,6.7484312120084216,6.760154076605667
*CC(CCCCCC)O*,egc,5.8686,5.491748230685782,5.834965527549806,5.54335781173429
*c1cc(-c2ccc(CCCCCCCC)cc2)c(*)s1,egc,2.6682,2.331297587281864,2.400376370040099,2.3416849630641106
*C(=O)C(C=C1)=CC=C1C(S2)=CC=C2C(=S)*,egc,2.3592,2.470038531771665,2.0096793142196745,2.400814321433893
*CCCCCCCCNC(=O)CCCCCCCCCCCCCCC(=O)N*,egc,5.8468,5.897074381572936,5.875879791327989,5.893887351277462
*Nc1ccc(-c2ccc(NC(=C(C#N)C#N)c3ccc(-c4ccc(C(*)=C(C#N)C#N)cc4)cc3)cc2)cc1,egc,2.7741,2.2898616690692943,1.976974998017985,2.242812903881281
*Oc1ccc(NC(=O)c2cccc(C(=O)Nc3ccc(*)cc3)c2)cc1,egc,3.4563,3.573709887238117,3.879395987386515,3.6196759026608807
*NC(=S)Sc1cc(N)nc(*)n1,egc,3.0317,3.117631086719457,2.724261404608716,3.0584800920685002
*CC(CS(C)(=O)=O)O*,egc,5.2613,5.593842298993716,5.650320038429561,5.602334856034062
*CCOC(=O)CCCCSCCCCC(=O)O*,egc,5.1928,5.381089601478027,5.475597596663381,5.395300767645398
*C#CC#Cc1cc2sc(*)cc2s1,egc,1.7355,1.5949712779306855,1.526323181783365,1.5846486644892528
*NC(Cc1ccccc1)C(*)=O,egc,5.5152,4.771653642038524,6.293585328705839,5.000506492553419
*CCCCC(C)CC(=O)N*,egc,6.0469,6.04124521883665,6.1819586086532725,6.062404289672257
*CC(F)(F)C(F)(F)C(F)(F)C(F)(F)COC(=O)NCC(F)(F)C(F)(F)C(F)(F)C(F)(F)CNC(=O)O*,egc,6.8832,6.727587501040387,7.163403103005937,6.793121088179954
*C(=O)c1ccc2c(c1)C(=O)N(c1cc(C(=O)O)cc(N3C(=O)c4ccc(*)cc4C3=O)c1)C2=O,egc,3.4931,3.0211407436387585,2.788118586373146,2.9861012044856308
*CCC(Cl)C(*)Cl,egc,6.5471,6.702789121993557,6.846243431474513,6.724360344888097
*OC(C)COC(=O)COCC(*)=O,egc,6.2412,6.208164529810657,5.528791218208966,6.106007172627137
*Oc1ccc(S(=O)(=O)c2ccc(-c3ccc(-c4ccc(S(=O)(=O)c5ccc(*)cc5)cc4)cc3)cc2)cc1,egc,3.6921,3.626367811136189,4.083470667866206,3.695102362533983
*CC(OC1CCCCC1)C1C(=O)OC(=O)C1*,egc,5.6267,6.034262350455155,6.116623970873627,6.046647066386175
*c1ccc(-c2cc(-c3ccc(CCCCCCCC)cc3)c(*)s2)s1,egc,1.5651,2.490615458720946,2.32535466413808,2.4657651949082102
*C(=O)Nc1ccc(S(=O)(=O)c2ccc(NC(=O)c3ccc4[nH]c(-c5cccc(-c6nc7cc(*)ccc7[nH]6)c5)nc4c3)cc2)cc1,egc,3.6016,3.179265570920517,3.181321587113933,3.179574734052273
*OP(=O)(Oc1ccc(-c2ccc(*)cc2)cc1)OC1CCCCC1,egc,4.479,4.505411788338956,4.808497874966387,4.5509868397579725
*c1cccc(-c2nnc(*)o2)c1,egc,4.1016,4.029092483919734,4.147318197052405,4.046870083066655
*CC(C=C)O*,egc,4.8923,5.61002244250975,6.741059938933002,5.780096538057687
*C=C(*)c1cccc[n+]1CC#C,egc,0.3201,1.3521939238378742,1.5507086014159186,1.3820445736605766
*CC(COCCCCCC)O*,egc,5.6762,5.683162398384166,5.334995965124013,5.630808615751736
*c1ccc(Oc2ccc(N3C(=O)c4ccc(S(=O)(=O)c5ccc6c(c5)C(=O)N(*)C6=O)cc4C3=O)cc2Br)c(Br)c1,egc,2.7192,2.961149012760636,2.8278594938931723,2.9411062693157097
*C=Cc1ccc(*)c(F)c1,egc,2.259,2.4452299228559977,2.508462476534522,2.454738201237634
*C=Cc1ccc(*)c2c1C(=O)OC2=O,egc,3.9313,3.2245886248567306,2.9276133720043696,3.179932459443375
*CCOC(=O)NCCNC(=O)O*,egc,6.1962,6.100204330001184,6.110375670285241,6.101733794324685
*c1ccc(Oc2ccc(Oc3ccc(-n4c(=O)c5cc6c(=O)n(*)c(=O)c6cc5c4=O)cc3)cc2)cc1,egc,2.0871,2.101465456977555,2.0502933931487015,2.0937707143182394
*CCC1CC(*)C2CCCC12,egc,6.7838,6.380595563569997,5.77993304141241,6.290273946905164
*C(=O)COCC(=O)N1CCN(*)CC1,egc,5.5847,5.418664904608267,5.348277976794453,5.408080823068806
*C(=O)Nc1ccc(Oc2ccc(NC(=O)c3cccc(*)n3)cc2)cc1,egc,3.4406,3.605600601115569,4.456205289648048,3.73350601851197
*NC(C=C1)=CC=C1C(S2)=CC=C2C(S3)=CC=C3*,egc,3.3427,2.6398363913225196,2.3228937232404356,2.592177725906852
*C(=O)c1ccc2c(c1)C(=O)N(c1cccc(N3C(=O)c4ccc(*)cc4C3=O)c1C)C2=O,egc,3.3303,3.1053448279732208,3.4324544517608664,3.1545322984033715
*c1ccc(N2C(=O)c3ccc(-c4ccc5c(c4)C(=O)N(c4ccc6[nH]c(*)nc6c4)C5=O)cc3C2=O)cc1,egc,2.4895,2.6579065177026173,2.713371755398141,2.666246824867719
*CCCCCCCCCCNCCCCCCN*,egc,5.4327,5.438314059684764,4.757290364063306,5.335908534274854
*OC(CC)C(*)=O,egc,6.3762,6.199712676016859,6.6504734751583845,6.267493572286785
C(=O)(*)C1=CC=C(C=C1)S(=O)(=O)C1=CC=C(C=C1)C(=O)OC1=CC=C(C=C1)C(C1=CC=CC=C1)(C1=CC=CC=C1)C1=CC=C(C=C1)O(*),egc,3.2146,3.888380631274088,4.1706888416942975,3.93083131368277
*C(=O)c1ccc(C(=O)N(C)c2ccc(Cl)c(N(*)C)c2)cc1,egc,3.3332,3.6471366645124177,3.4391992626046393,3.6158691197388015
*CCNC(=O)c1cccc(O*)c1,egc,4.5918,5.034506095766142,5.201858050455294,5.059670807300415
*CCCCCCCCCCOC(=O)CC=CCC(=O)O*,egc,6.0213,6.089259182086724,6.087694175748488,6.08902385210134
*c1cc(-c2cc(CCCCCCCC)ccc2CCCCCCCC)c(*)s1,egc,1.6967,2.48627203533209,2.3248554950467284,2.4619998319946013
*Oc1ccc(Sc2ccc(OC(*)=O)cc2)cc1,egc,4.473,4.595595329654655,4.775310096769798,4.6226190371536315
*C(=O)C1CC1C(=O)N1CCN(*)CC1,egc,5.7206,5.4319778304928406,5.115630644326929,5.384408707686175
*CC(*)OC(=O)C(F)(F)C(F)(F)F,egc,6.6309,6.619314316572644,6.723166660070288,6.634930592290074
*c1ccc(-n2c(=O)c3cc4c(=O)n(*)c(=O)c4cc3c2=O)cc1,egc,2.8625,2.6961238211393095,2.4437458919605435,2.658173754782467
*CC1(CO*)CC=CCC1,egc,5.5732,5.644036200423426,4.1529337029024695,5.41981913473187
*C=CC(CN)C(*)C(=O)O,egc,5.3681,5.123173820078232,3.9352699064931036,4.944548722024683
*CCCCCCNC(=O)NCCCCNC(=O)N*,egc,5.3951,5.84210325352722,5.788094472187381,5.8339819536878545
*CCCCCCCCCCCCCCCCCCCCOC(=O)C1CCC(C(=O)O*)CC1,egc,6.484,6.431545719758339,6.326051712424221,6.4156825870683845
*Oc1ccc(S(=O)c2ccc(OC(*)=O)cc2)cc1,egc,4.6592,4.596380189879736,3.593514848908995,4.4455793398978845
*CC(*)C(=O)CC,egc,5.6211,5.627346808922463,5.331925043880895,5.582924241453651
*OC(=O)CCSCc1ccc(CSCCC(*)=O)cc1,egc,4.567,4.682019208780613,4.649389590329932,4.677112693423144
*Oc1ccc(CCNC(=O)c2cccc(C(*)=O)c2)cc1,egc,4.1401,4.4920343541813565,4.385794210354094,4.476059024955364
*CCCCOC(=O)SSC(=O)O*,egc,4.2442,4.631469016938484,4.534361546934682,4.616866967772057
*C(F)(F)CC(F)(F)C(=S)*,egc,2.8419,3.142115886177637,3.5272753238223213,3.2000323064610714
*NNC(=O)CCCCCCCCCCCC(*)=O,egc,5.7041,5.826894764071624,5.604522154388677,5.793456597268082
*C(=O)c1ccc2c(c1)C(=O)N(c1ccc3c(c1)Cc1cc(N4C(=O)c5ccc(*)cc5C4=O)ccc1-3)C2=O,egc,2.2777,2.5039904498467966,2.659275997049073,2.527340735823709
*C(=O)Nc1cc(NC(=O)c2ccc3[nH]c(-c4cccc(-c5nc6cc(*)ccc6[nH]5)c4)nc3c2)cc(-c2nc3ccccc3[nH]2)c1,egc,3.2918,3.136173396967523,3.3127655055633913,3.1627275503402656
*c1cc(-c2ccc(OCCCCCC)cc2)c(*)s1,egc,2.6448,2.6456696084757314,2.667220687032599,2.6489102439146386
*c1ccc(C(c2ccccc2)(c2ccc(-n3c(=O)c4cc5c(=O)n(*)c(=O)c5cc4c3=O)cc2)C(F)(F)F)cc1,egc,2.7963,2.628272290331783,2.82100363212651,2.657253300018143
*C=CCCCCCC*,egc,5.8437,5.679223566458119,5.875808630503517,5.708784060315737
*CC(*)(C)C(=O)OCCC1CCCCC1,egc,6.5132,6.379487825833029,6.450849107952343,6.390218421018392
*C=NCCCCCCN=Cc1ccc(Sc2ccc(*)o2)o1,egc,3.6661,3.542323906500896,2.777137993917348,3.427262909478062
*CCCC(*)C,egc,7.1052,6.760141579917669,6.229148325136012,6.680296130200369
*c1cccc(-n2nc(-c3ccccc3)c3cc(Oc4ccc5c(-c6ccccc6)nn(*)c(=O)c5c4)ccc3c2=O)c1C#N,egc,3.4916,2.9137428900861813,3.116113783244541,2.9441733990020915
*CC(C)(C)COC(=O)CCC(=O)O*,egc,6.4486,6.592446555416802,6.551100736398725,6.586229385078573
*Oc1ccc(C(C)(C)c2ccc(OC(*)=O)cc2)cc1,egc,5.2059,5.002552290734759,5.427569030014839,5.06646205301442
*c1cc(*)c(O)c(C=O)c1,egc,3.2778,4.099492113735272,3.958266387947426,4.078256002945467
*C(=O)c1ccc2c(c1)C(=O)N(c1cccc(C#Cc3cccc(N4C(=O)c5ccc(*)cc5C4=O)c3)c1)C2=O,egc,2.4849,2.4025382765384737,2.52272809978795,2.4206112189014495
*CCCCCCCCCCOCCCCCCCCCCOCCCCCO*,egc,5.9245,6.080925519919635,6.2389665854683365,6.104690153159142
C13C(C=*)OC(C=*)C1C(=O)N(C2=CC=C(C(F)(F)F)C=C2)C3=O,egc,5.369,5.000188305018976,4.5330851051274115,4.92995000213306
*C(=O)c1ccc2c(c1O)C(=O)N(c1ccc(Oc3ccc(N4C(=O)c5ccc(*)c(O)c5C4=O)cc3)cc1)C2=O,egc,2.4208,2.5636337784195455,2.4870831462706207,2.5521228607289097
*OC(CCCCCC)CC(*)=O,egc,6.7534,6.46732325643832,6.597048548892687,6.486830047197812
*CC(CCl)(CCl)COC(=O)c1ccc(C(=O)O*)cc1,egc,4.7184,4.82484983632087,5.0742545108507695,4.862352814409784
*OC(=O)c1ccc(C(*)=O)cc1,egc,4.5736,4.358720258036649,4.246991605377897,4.341919621799726
*C(=O)Nc1ccc(Cc2ccc(N3C(=O)c4ccc(*)cc4C3=O)cc2)cc1,egc,3.1109,2.942011028546632,2.9623980806721892,2.9450766293442254
*CCCCCCCCCCCCNC(=O)CCCCCCCCCCCCC(=O)N*,egc,6.028,5.8694535164756845,5.870714015182991,5.869643057652049
*CC(*)c1ccc(C(=O)CCN2CCOCC2)cc1,egc,3.2629,2.857080152254548,2.884818598748594,2.8612511821402054
*Oc1cccc(OC(=O)c2ccc(Oc3ccc(C(*)=O)cc3)cc2)c1,egc,4.2359,3.872607768783004,3.654480285377302,3.8398079415697692
*OC1(F)C(C)C(C)(C2(Cl)CNCNC2*)CC1(C)C,egc,5.4515,5.971377124837081,4.660038176644307,5.7741911020253225
*CC1CC(*)CN(c2nc(N)nc(N)n2)C1,egc,5.1254,4.70744290622078,5.74388288751624,4.863292374488615
*Nc1ccc(C(C)(C)c2ccc(NC(=O)c3cc(C(*)=O)cc(N4C(=O)C5CC=CCC5C4=O)c3)cc2)cc1,egc,3.5748,3.2565759485455827,3.5688993484383604,3.3035400146558573
*CC(*)C(=O)OCC=C,egc,6.066,5.568811148513567,5.544916601642914,5.565218125770816
*NOC(=O)O*,egc,6.2663,5.7066944407620666,6.117417467993863,5.768454857722655
*CONO*,egc,6.4799,5.94040491240261,4.998970427225925,5.798841419511881
*CCCCCC(=O)NCCCCCOCCCCCNC(=O)CCCCO*,egc,5.905,5.865088952075535,5.813584031391027,5.857344157734599
*ON(C(F)(F)F)C(F)(F)C(F)=C(F)C(*)(F)F,egc,4.6645,4.982709255505973,4.2581413576476255,4.873755988898079
*CCCCCCCCCOc1ccc(C=CC=Cc2ccc(O*)cc2)cc1,egc,3.5795,4.032020643169761,3.1141809538023146,3.894005099458068
*C(*)(F)Cl,egc,3.6564,6.741090443118018,5.89886780943369,6.614445435214354
*Oc1cc(C)c(*)c(C)c1Br,egc,4.5779,4.486489096216217,3.997122064204592,4.412902981146156
*c1ccc(-c2nnc(-c3cccc(-c4nnc(*)o4)c3)o2)cc1,egc,3.4013,3.49598212804959,3.611306275979084,3.5133234188697187
*C(=O)C1CC(OC(C)=O)CN1*,egc,4.1614,5.9566304469479725,5.753706773132712,5.926116816410936
*Oc1ccc(C(CC)(c2ccccc2)c2ccc(OC(*)=S)cc2)cc1,egc,4.1012,4.192681854559076,3.9942695624648743,4.162846600440422
*C(C=C1)=CC=C1C(C=C2)=CC=C2C(=S)O*,egc,3.2538,3.3018842795690566,2.9866149896266254,3.2544772400053272
*C=CC(C*)CC,egc,5.4701,5.567268100665641,5.324704437798656,5.530793805423126
*CC(S1)=CC=C1C(C=C2)=CC=C2C(S3)=CC=C3*,egc,3.3769,3.3431455047195375,3.6050367845318156,3.3825260935035697
*c1ccc(-c2cc(CCCCCCOC(=O)COc3ccccc3)c(*)s2)s1,egc,1.9751,2.3561028472015595,2.4390875224243342,2.3685812518764577
*CC(O*)c1ccccc1,egc,5.2866,4.32330468717979,5.435596008939023,4.490559920655472
*CCCCCCOC(=O)NNC(=O)CCCCCCCCC(=O)NNC(=O)O*,egc,5.8625,5.754390765596281,5.876700631269853,5.772782498714596
*OC(=O)OCC(OC)C(COC(=O)OC1COC2C(*)COC12)OC,egc,6.3606,6.328675244421382,6.5080964884151795,6.355654814851921
*Oc1ccc(NC(=O)c2cc(NC(=O)C34CC5CC(CC(C5)C3)C4)cc(C(=O)Nc3ccc(*)cc3)c2)cc1,egc,3.5033,3.5310927685913263,3.680475454887106,3.5535554414404755
*NC(=S)NC(C=C1)=CC=C1CC(C=C2)=CC=C2*,egc,3.7839,3.4843295137019346,3.1788171105643017,3.4383896170967163
*CCCOC(=O)Cc1ccc(CC(=O)O*)cc1,egc,5.2766,5.332572021669356,5.534669342277046,5.362961393483916
*c1nc2cc3nc(-c4ccc(*)o4)[nH]c3cc2[nH]1,egc,2.2261,2.9501383423791268,2.176730843976755,2.833841065589682
*NC(CC(=O)OCc1ccccc1)C(*)=O,egc,5.316,5.495964889205936,5.3833502989592725,5.4790310345439375
*c1ccc(-c2nc3cc(-c4ccc5nc(-c6ccccc6)c(*)nc5c4)ccc3nc2-c2ccccc2)cc1,egc,3.3015,2.916894834699168,2.978859239907202,2.926212421609637
*CCCS(=O)(=O)CCCS(=O)(=O)CCCOC(=O)c1ccccc1C(=O)O*,egc,5.0984,4.474368390864295,4.557205508794394,4.486824607350762
*OC(F)(F)C(F)(F)C(F)(F)C(*)(F)F,egc,9.0549,8.460085346194735,8.38127691743707,8.448234923653573
*OC(=O)C1CCC(C(=O)OC2COC3C(*)COC23)CC1,egc,6.4746,6.21689422195342,4.353963883945543,5.936765408092295
*C(=O)c1ccc2c(c1)C(=O)N(c1cccc(Cc3ccc(C(=O)c4ccc(N5C(=O)c6ccc(*)cc6C5=O)cc4)cc3)c1)C2=O,egc,2.9158,2.7070875031875645,2.4452253821388172,2.6677112990064757
*C=CC1CC(*)C(C(=O)Oc2ccccc2)C1C(=O)Oc1ccccc1,egc,5.2819,4.729948268822034,4.742197827578987,4.731790234833806
*c1cc(CC)c(*)s1,egc,2.3523,2.635751694889116,2.5104352248510593,2.616907858706512
*NNC(=O)C(=O)NNC(=O)CCCCC(*)=O,egc,4.5812,4.894770940600671,4.540390083615596,4.841482695142995
*Cc1ccc(C(=O)N*)cc1,egc,5.0419,4.588144676670168,5.202936479528643,4.680590913114227
*c1cc(-c2nc3ccccc3s2)cc(-n2c(=O)c3cc4c(=O)n(*)c(=O)c4cc3c2=O)c1,egc,2.4436,2.3744308877143028,2.335558251799027,2.368585609891276
*CCCOC(=O)CCCCCCC(=O)O*,egc,6.9244,6.686734104823482,6.6318605050311135,6.678482762243188
*Oc1c(C(C)C)cc(C(*)=O)cc1C(C)C,egc,4.7789,4.3051869711057975,4.367110126949028,4.314498355349747
*C(C=C1)=CC=C1OC(=S)O*,egc,4.7568,4.166514206875246,3.7758897749204188,4.1077760154591925
*Nc5ccc(NC(=O)c4ccc(C3(c1ccc(C(*)=O)cc1)OC(=O)c2ccccc23)cc4)cc5,egc,3.4199,3.493012494399156,3.408268739061472,3.4802695768672702
*CCCCCCCCCCNC(=O)CCCCCCCCC(=O)N*,egc,5.9125,5.910152086335891,5.864983602609014,5.903360101948626
*C(=O)C(C=C1)=CC=C1C(C=C2)=CC=C2C(=S)*,egc,2.4596,2.844890381122885,2.177268706568012,2.7445001174692134
*CCCCCCCCn1c(=O)c2ccc3c4ccc5c(=O)n(*)c(=O)c6ccc(c7ccc(c1=O)c2c37)c4c56,egc,2.0224,3.3347786483490207,3.3334768849908127,3.334582902207567
*CCCP(CCCNC(=O)C(=O)N*)c1ccccc1,egc,4.5841,4.623368704373707,4.203796700736587,4.560277666931111
*CCCCCCOC(=O)CCCCCCCCC(=O)O*,egc,6.8548,6.776297140410423,6.711401863390593,6.766538838338756
*c1cc(SCCCCCC)c(*)s1,egc,1.6201,1.9567648113764695,1.5045315187422998,1.8887624962767058
*CC(*)OC(=O)c1ccc(OC(C)=O)cc1,egc,4.6237,4.580898166722178,4.742769797262545,4.605238801976166
*c1ccc(C(=O)Nc2ccc(-n3c(=O)c4cc5c(=O)n(*)c(=O)c5cc4c3=O)cc2C(=O)OCC)cc1,egc,2.463,2.4832116442280756,2.3001888526974765,2.4556905091351533
*CC(=O)NCCCCCCNC(=O)COC(=O)CCCCC(=O)O*,egc,6.0986,5.791933159886168,5.932333956130514,5.813045226029846
*C([2H])([2H])C(*)(F)F,egc,7.1497,7.296753203248773,6.863889428459149,7.2316634823282735
*CCCCCCOC(=O)CCCC(=O)O*,egc,6.6665,6.76223930833993,6.727789899274518,6.757059151088302
*Oc1ccc(OC(=O)c2ccc(C(*)=O)cc2)cc1Cl,egc,3.9402,4.016485400714159,3.9723660467549995,4.009851173958201
*C(F)C(*)(F)OC(F)(F)F,egc,8.1265,8.086419599798619,6.067053388907644,7.782767525500964
*CC(*)(F)C(=O)OCC(F)(F)C(F)(F)C(F)(F)C(F)(F)C(F)(F)C(F)F,egc,6.4283,6.5053288495676,6.280896144011571,6.471580906170917
*c1ccc(Oc2cccc(-n3c(=O)c4cc5c(=O)n(*)c(=O)c5cc4c3=O)c2)cc1,egc,2.5637,2.549583712757842,2.230082126473401,2.501540262841021
*CC1CC(*)CC(O)C1,egc,6.4795,6.209868841003652,6.1957579370364035,6.207746984533657
*C1CC(C)(C)OC1*,egc,5.8529,5.840988710793464,4.42079709122799,5.6274345130182475
*CCCC(*)C#N,egc,7.8211,6.74487626703835,6.006225695050382,6.633805388880825
*C(=O)SSCCCCSSC(=O)N1CCN(*)CC1,egc,4.2166,4.473409781382586,3.8329684470245664,4.377106625176974
*c1cncc(-c2nnc(-c3nnc(*)o3)o2)n1,egc,3.6277,3.4817003792180565,2.8281269319137916,3.3834225473372084
*c1ccc(-c2ccc(-c3cc(-c4ccccc4)c4cc(-c5ccc6nc(*)cc(-c7ccccc7)c6c5)ccc4n3)cc2)cc1,egc,3.1298,2.951076253651175,2.9062825386745663,2.9443406232366485
*CCCC1(C)CCN(C(=O)CCC(=O)N2CCC(*)(C)CC2)CC1,egc,5.3334,5.1543829132382655,4.679458467351812,5.082968529680537
*CC(*)(C)C#N,egc,7.6319,6.606975160858148,5.723528470794934,6.474131292062933
*CCC(=O)OC(=O)CCc1ccc(*)o1,egc,4.5192,4.651491798131777,4.3976868341489475,4.613327148567584
*CC(=O)NC(=O)*,egc,4.269,5.744076198707478,4.873759047571516,5.613206618532291
*Nc1ccc(NC(=S)NC(=O)c2cccc(C(=O)NC(*)=S)c2)cc1,egc,3.3129,3.078580091638276,2.7160850012557485,3.0240717089963756
*CCCCCOC(=O)CCC(C)CC(=O)O*,egc,6.7005,6.700001571093114,6.779155055451083,6.711903879640993
*CC1CCC(CNC(=O)CCCCCCC(=O)N*)CC1,egc,5.8707,5.784295235432765,5.707088196987285,5.772685613934739
*CCCOC(=O)CCCCC(=O)O*,egc,6.7235,6.755707673637496,6.797191746509086,6.761945633206116
*c1ccc(-c2nc3ccc(Oc4ccc5nc(*)c(-c6ccccc6)nc5c4)cc3nc2-c2ccccc2)cc1,egc,3.199,3.0267017655360875,3.1229234832872126,3.0411706241462957
*CCOCCOCCOCCOCCOc1ccc(C(=O)Nc2cc(NC(=O)c3ccc(O*)cc3)cc(-c3nc4ccccc4[nH]3)c2)cc1,egc,3.9357,3.3988705513660213,3.713038035074605,3.446111912338827
*CC(*)C(=O)n1sc2ccccc2c1=O,egc,1.2252,3.264020220499011,3.0015169751846367,3.224547610469349
*C(=O)NNC(=O)c1cccc(C(=O)NNC(=O)c2cccc(*)n2)c1,egc,4.479,3.8322830915890176,4.05658636992637,3.8660115730162925
*CC(*)c1cc(Br)ccc1OCC,egc,4.458,4.618061343985531,4.542033521360474,4.606629041157087
*Oc6ccc(C5(c3ccc(OC(=O)c2ccc(Oc1ccc(C(*)=O)cc1)cc2)cc3)OC(=O)c4ccccc45)cc6,egc,4.0357,3.805425042507615,3.4574699414515186,3.753103037896319
*C(F)(F)C(F)(F)CC(=S)*,egc,3.089,3.2515760354308463,3.904959229182874,3.3498252588871966
*Oc1ccc(S(=O)(=O)c2ccc(Oc3ccc(NC(=O)c4cc(NC(=O)c5ccncc5)cc(C(=O)Nc5ccc(*)cc5)c4)cc3)cc2)cc1,egc,3.3418,3.1886681090042637,3.25114116405518,3.1980621815858554
*C(=O)Nc1cccc(C(=O)Nc2cccc(NC(=O)c3ccc4[nH]c(-c5cccc(-c6nc7cc(*)ccc7[nH]6)c5)nc4c3)c2)c1,egc,3.186,3.13183401895134,3.426117202354756,3.1760853779121
*COCOCCCO*,egc,6.5721,6.141165256515006,4.954459952211671,5.962720393325606
*CC1CCC(CNC(=O)CCCCCCCCC(=O)N*)CC1,egc,5.7331,5.7431645664534985,5.707088196987285,5.737739763184799
*CCCC(C)(C)CNC(=O)CCCCC(=O)N*,egc,5.8218,5.85620425168995,5.819929654759452,5.850749640959687
*c1ccc(-c2ccc(*)c(Cl)c2)cc1Cl,egc,3.6381,3.6098145446093937,3.5247265495510884,3.5970198637546105
*CCCOC(=O)CC(=O)O*,egc,6.6256,6.459840967357074,6.48047929629759,6.462944352646492
*C=CC1CC(*)C(C#N)([Si](C)(C)O[Si](C)(C)C)C1,egc,5.5917,5.231093708800393,5.211683101251151,5.228174935962699
*OC1CCC(OC(=O)NCCNC(*)=O)CC1,egc,6.0582,6.18644061154223,6.503567332353268,6.23412695296467
*c1ccc(-c2ccc3[nH]c(-c4nc5cc(*)ccc5[nH]4)nc3c2)cc1,egc,3.3322,3.2221113145719635,3.218667493226228,3.221593467195147
*Oc1ccc(C2(c3ccc(OC(=O)c4ccc(C(*)=O)cc4)cc3)CCC(C(C)(C)C)CC2)cc1,egc,3.1462,3.598103374800727,4.007011936856925,3.659590950653377
*c1ccc(Oc2ccc(S(=O)(=O)c3ccc(Oc4ccc(-c5c6c(c(*)c7ccccc57)C(=O)N(C)C6=O)cc4)cc3)cc2)cc1,egc,3.443,2.933985022792711,2.809311542369116,2.915237872951163
*CC(*)n1nnc2ccccc21,egc,4.0479,3.4976721624201645,4.6577409759944155,3.6721116967998255
*OC(C)C(=O)NC(C)C(*)=O,egc,5.6199,5.986215043083161,6.022306856805578,5.991642168704493
*Oc1cccc2c(OC(=O)Oc3ccc(OC(*)=O)cc3)cccc12,egc,4.0608,4.204092686520126,4.243966297920247,4.210088481015491
*C1CCC(*)C1,egc,6.6766,6.749669519935782,5.607270210004729,6.577886948619152
*C=C(*)c1ccc(N)cc1,egc,0.2588,1.885067788408424,1.4417832758824685,1.818411101272344
*CCCCCCCCCCCCOC(=O)CCCCCNC(=O)CCCCC(=O)NCCCCCC(=O)O*,egc,5.3312,5.817388167267318,6.086480786172707,5.8578516213293526
*C(F)(F)C(=O)C(F)(F)C(=O)*,egc,4.4683,5.25696356424437,4.602804231798027,5.1585976328213325
*CCOC(=O)CCCCC(=O)O*,egc,6.7259,6.765387678212722,6.9837825030010645,6.798227705546642
*CCCCCCCCCn1c(=O)c2cc3c(=O)n(*)c(=O)c3c(Br)c2c1=O,egc,3.5814,3.571257692620806,2.8547489262166517,3.4635162775185497
*CCCOCCCOC(=O)CCCCCCCCC(=O)O*,egc,6.4909,6.60153625551121,6.265610390661191,6.551023087012201
*OC(=O)C(Cc1ccccc1)NC(=O)CCCCCCCCCCC(=O)NC(Cc1ccccc1)C(=O)OC1COC2C(*)COC12,egc,5.5385,5.263913784970761,5.344790145290899,5.276075162357589
*OC(=O)OCCCCCCOC(=O)OC1COC2C(*)COC12,egc,6.6217,6.817094648710234,6.653900212356408,6.7925551031610345
*CCC(S1)=CC=C1C(=S)*,egc,2.6244,3.0584851192659515,3.1111170313242735,3.0663993792870254
*C(Cl)=C(c1ccccc1)c1ccc(*)cc1,egc,2.8757,3.539837577045585,4.379319479739013,3.666070461261139
*c1ccc(C2(c3ccc(N4C(=O)c5ccc(-c6ccc7c(c6)C(=O)N(*)C7=O)cc5C4=O)cc3)c3ccccc3-c3ccccc32)cc1,egc,2.7114,2.6858772409205804,2.6656059685094085,2.68282904991733
*OC(C)CCOC(=O)CCCCS(=O)(=O)CCCCC(*)=O,egc,6.6674,6.41566735903189,6.177529203023858,6.379858527205714
*c1ccc(*)[nH]1,egc,2.4594,2.906991307764301,3.557601999443322,3.004823630115283
*CC(CC)(CC)CO*,egc,5.586,5.6685327746635705,5.805794578613275,5.689172830571398
*C(C=C1)=CC=C1OC(=O)CC(=O)CCO*,egc,4.7926,5.032737364406285,5.083107867288104,5.040311576355059
*ON(C(F)(F)F)C(F)(C(*)(F)F)C(F)(F)F,egc,6.8426,6.98894699855924,5.82739745134634,6.81428480627908
*Oc1ccc(C(C)(C)c2ccc(Oc3nc(*)nc(Cl)n3)cc2)cc1,egc,4.3967,4.60293195965725,4.25737046983629,4.550969882340316
*C(=O)OCC(C)(C)COC(=O)N1CCN(*)C(C)C1,egc,5.8979,5.697956529353373,5.109225637810786,5.6094290718492
*c1ccc(Oc2ccc(-c3cnc4ccc(-c5ccc6ncc(*)nc6c5)cc4n3)cc2)cc1,egc,3.2298,3.103661215138919,3.374786464212542,3.1444303157763662
*CCCCOC(=O)NCCNC(=O)O*,egc,6.2788,6.291887906482573,6.422700684357382,6.31155822241244
*CCCCCCNC(=O)CCP(=O)(CCC(=O)N*)c1ccccc1,egc,4.8862,5.079432865991394,4.890348317166416,5.051000224522659
*c1ccc(Oc2ccc(-c3nc4cc(-c5ccc6nc(-c7ccccc7)c(*)nc6c5)ccc4nc3-c3ccccc3)cc2)cc1,egc,3.1231,3.1887326207165443,3.0010430560757437,3.1605097430038107
*C(=O)C(S1)=CC=C1C(C=C2)=CC=C2O*,egc,2.8763,3.4011253370384087,3.4085354902128655,3.402239601687462
*Cc1ccc(OCOc2ccc(*)c3cccnc23)c2ncccc12,egc,3.5315,3.418669194801852,3.1253663353303227,3.374565247139646
*CC(CO*)(CS(=O)(=O)CCCCC)CS(=O)(=O)CCCCC,egc,5.21,5.925554216438876,5.3830325896888525,5.843975245559048
*CCCCCCCCCCCCNC(=O)C(OC)C(OC)C(=O)N*,egc,5.7132,5.5262829482756075,5.710721077049678,5.5540169076138275
*CCCN(*)C(C)=O,egc,5.7364,5.61526732705411,5.950597332976357,5.665690896252889
*CC(=O)C(S1)=CC=C1C(=S)*,egc,2.6865,2.779156233610509,2.951793913326674,2.8051157595573257
*Cc1ccc(CNC(C)=N*)cc1,egc,4.9237,4.426930289854367,4.087271410221799,4.375855787964717
*c1ccc(C(C#N)(C(=O)OC)C(*)(C#N)C(=O)OC)cc1,egc,5.3905,4.685655240510832,4.169435055778135,4.608031217169747
*C=CC(=C(C)C)C(*)=C(C)C,egc,3.4443,3.159781089720731,2.295453661940766,3.0298121841788563
*c1ccc(N(*)c2ccc(S(=O)(=O)O)cc2)cc1,egc,3.3685,3.912502830290886,3.597365695473436,3.8651156628918057
*NOC(=S)O*,egc,4.8496,4.051496116834179,3.259687377149042,3.9324318456011174
*c1ccc(N(c2ccc(C#N)cc2)c2ccc(N3C(=O)c4ccc(Oc5ccc6c(c5)C(=O)N(*)C6=O)cc4C3=O)cc2)cc1,egc,2.2981,2.523132544172879,2.406232634871739,2.505554306133115
*NC(C=C1)=CC=C1OC(C=C2)=CC=C2*,egc,3.6519,4.085931321685793,4.127257370992538,4.092145519252754
*CCN(*)Cc1ccccc1,egc,3.8139,4.588248278804158,4.843013663373655,4.626557346801109
*CCCCCC(=O)NCCCCCCNC(=O)CCCCCOC(=O)CCCCC(=O)O*,egc,5.9182,6.136646967516647,6.086480786172707,6.129103479395215
*Cc1cccc(CN(*)c2ccccc2)c1O,egc,4.1958,4.067082336794397,3.658797168057998,4.005688500588197
*C(=O)NCCCCCCNC(=O)c1cnn(*)c1,egc,5.1584,3.828747266226845,4.342052751463063,3.9059330062376043
*CC(*)C(=O)OCCCCSC,egc,4.571,4.979720650515522,5.145148863879068,5.004596089088416
*CC(O)C(O)CN(*)c1ccc(N(C)C)cc1,egc,3.7705,4.010762457071637,3.2936049494785924,3.9029234907641435
*NC(CC(*)=O)C(=O)OCCOC,egc,5.9247,5.919037223402557,5.422585676498756,5.844385809908268
*CCCC(C)CCC(=O)N*,egc,5.9091,6.078321869737112,6.030451119575768,6.0711235455766515
*C(C)C(*)OC,egc,5.326,5.955932434397745,5.230220523576795,5.8468071425736
*CCCCCC(=O)NCCCCCOCCCCCNC(=O)CCCO*,egc,5.841,5.888108806117532,5.780826744850653,5.871976803777926
*CO*,egc,6.6048,5.8905718641984235,7.057799929063533,6.066087935113738
*CC(C#N)(C#N)C(C#N)C(C#N)(C#N)C(C#N)C(C#N)(C#N)C(C#N)C(C#N)(C#N)*,egc,6.4897,6.144433333241319,5.184877195093848,6.0001448875982835
*c1ccc(OCC2CCC(COc3ccc(-n4c(=O)c5cc6c(=O)n(*)c(=O)c6cc5c4=O)cc3)CC2)cc1,egc,2.2219,2.5586497247637037,2.969852626939146,2.6204823005141407
*CCOC(=O)NCCOCCOCCNC(=O)O*,egc,6.1403,5.983077785583984,5.738693040269888,5.946329654194489
*CCOCCOC(=O)CCCCCCCC(=O)O*,egc,6.5091,6.372154498796731,6.159814417396079,6.340224923157555
*CONC(=O)*,egc,6.1048,5.707969054333855,5.756002459408338,5.715191836911767
*CC(*)C(=O)OC(CC)CC,egc,6.4889,6.204932961489753,5.752916647225113,6.136963273424963
*CCCCCCOC(=O)NCCCNC(=O)O*,egc,6.0865,6.2190049052024605,6.29734170275804,6.230784408565099
*Oc1ccc2nc3oc4cc5oc6c7c(cn6ccc5on4cnc3c12)nc1c(*)ccccc17,egc,1.4158,2.294842015903749,2.4014047274865233,2.3108658496394914
*CC(O)CO*,egc,6.5192,6.226083656377945,6.082646566149352,6.20451502274219
*Oc1cccc(Oc2ccc(S(=O)(=O)c3ccc(*)cc3)cc2)c1,egc,4.2737,4.343360922293672,4.625899269993716,4.38584621044252
*Nc1ccc(NC(=O)c2cc(NC(=O)c3ccccc3)cc(C(*)=O)c2)cc1,egc,3.3958,3.206257436397912,3.2318461482821093,3.210105210714594
*Nc1ccc(C(C)(C)c2ccc(NC(=O)c3cc(C(*)=O)cc(N4C(=O)C5C6CCC(C6)C5C4=O)c3)cc2)cc1,egc,4.0843,3.0894859815894846,3.7055157811142796,3.18211837557826
*CCCCCCOC(=O)OCCCCCCCCCCCCOC(=O)OCCCCCCn1c(=O)c2cc3c(=O)n(*)c(=O)c3cc2c1=O,egc,3.821,3.2522744443810065,3.996062302778337,3.3641178162378185
*C(=O)Nc1ccc(C(=O)Nc2ccc(NC(=O)c3ccc4[nH]c(-c5cccc(-c6nc7cc(*)ccc7[nH]6)c5)nc4c3)cc2)cc1,egc,2.9934,2.968193281460755,3.078731150893667,2.9848148596374733
*CCCCOC(=O)O*,egc,7.3079,7.18017251038071,7.384244709844805,7.210858844706577
*CC(F)(F)C(F)(F)C(F)(F)COC(=O)NCC(F)(F)C(F)(F)C(F)(F)C(F)(F)CNC(=O)O*,egc,6.897,6.6889806237120695,6.586126199617592,6.6735144051240125
*CC1(CO*)CC2CCC1CC2,egc,5.9128,5.959863342289083,6.412288601843312,6.027894523452447
*CCCCCCNC(=O)NCCCCCNC(=O)N*,egc,5.9068,5.584133642908935,5.624110229214355,5.590144921739646
*CC(C=C1)=CC=C1NC(C=C2)=CC=C2*,egc,4.3854,4.352084905020965,4.387907835939689,4.357471598738146
*CC(*)(C)C(=O)OCCc1ccccc1,egc,5.7104,5.199970878697335,5.16376705259546,5.194526909775772
*NNC(=O)c1ccc(NC(=O)c2ccc(C(*)=O)cc2)c(O)c1,egc,3.6452,3.633761965759948,3.4628791388790914,3.6080663170141345
*c1cc(C)c(*)s1,egc,1.9299,2.782059372854961,2.4242278421064394,2.728252249622493
*Oc1ccc(N=Nc2ccc(*)cc2)cc1,egc,3.1576,3.302661084996011,3.4256134907260085,3.3211494368553445
*C(=O)c1ccc2c(c1)C(=O)N(c1cccc(-c3nc(-c4ccccc4)nc(-c4cccc(N5C(=O)c6ccc(*)cc6C5=O)c4)n3)c1)C2=O,egc,2.9625,2.5109025551888475,3.0463671356834015,2.591420358103038
*C(=O)Nc1ccc(N2C(=O)c3ccc(*)cc3C2=O)cc1,egc,3.1573,3.02050900982886,3.2575715900534674,3.056156107336645
*c1ccc(Oc2ccc(-c3csc(-c4nc(*)cs4)n3)cc2)cc1,egc,3.5312,2.9240942661638782,3.312204832059918,2.9824544475690984
*OC(=O)CCC(=O)OC1COC2C(*)COC12,egc,6.1275,6.251595996576398,6.357413039387733,6.267507704107412
*C(=O)OC1CC2CC(OC(=O)N3CCN(*)CC3)CC(C1)O2,egc,5.7033,5.798178658938592,5.563772964827536,5.76293107736566
*CCCCCCNC(=O)CCCCCCCCCCCCCCCCCCCCC(=O)N*,egc,5.992,5.855707224847034,5.875879791327989,5.858740573440674
*c1ccc(-c2sc(-c3cc(SCCCC)c(*)s3)cc2SCCCC)cc1,egc,2.4731,2.458197757676777,2.3104818057684415,2.435985711658622
*OC(CC(C)C)C(*)=O,egc,6.5186,6.268377887495769,6.134589347041345,6.248260106180454
*CC(Cl)C(Cl)C(*)Cl,egc,7.1649,6.532030952226516,4.904389998953942,6.2872826004875
*c1cc(CCCc2ccccc2)c(*)s1,egc,2.4481,2.7740291413456006,2.5115678386739453,2.73456283823065
*c1ccc(C(=O)c2ccc(C(=O)c3ccc(Oc4ccc(-c5nn(*)c(=O)c6ccccc56)c(F)c4)cc3)cc2)cc1,egc,3.3441,3.382914489110178,3.2234071740182704,3.35892937594344
*CCOCCOC(=O)COCC(=O)O*,egc,5.9381,6.253520689786168,5.667086452863224,6.165338580211181
*CC(*)(C)C(=O)OCCCCCC,egc,6.4509,6.236982793512635,5.946643423204367,6.1933244656824
*CCCCCCCCCCCCCCCCOC(=O)CC=CCC(=O)O*,egc,5.8517,6.043143578367947,6.087694175748488,6.049842651192303
*c1cccc(-c2ccc(-c3ccc(*)s3)s2)n1,egc,2.8359,2.4584467967094024,2.45160369134975,2.4574177990338506
*CC(O)CN(*)c1cc(C)cc(C)c1,egc,4.5575,4.554979382822366,4.005194867610559,4.472308291486666
*c1cc(-c2ccc(OCCCC)cc2)c(*)s1,egc,2.6658,2.627338280016625,2.564746501253719,2.6179263549518046
*CC(C=C1)=CC=C1CC(C=C2)=CC=C2*,egc,5.1689,4.782026175437755,5.115257660856734,4.832134190132186
*Oc1ccc(CC(NC(=O)CCc2ccc(OC(=O)CCCCCCC(*)=O)cc2)C(=O)OCCCCCCCCCCCC)cc1,egc,5.1624,5.06300823150857,5.10453397785528,5.069252457517172
*CCCCCNC(=O)C(CCCCCCCCCCCC)C(=O)N*,egc,5.7457,5.745587354848124,5.891391558390293,5.7675119312860765
*C(c1ccc(N(C)C)cc1)C(*)c1ccc([N+](=O)[O-])cc1,egc,2.3431,2.214014731461683,2.198538811669227,2.211687617577486
*c1ccc(*)c(OC)c1N,egc,4.71,3.882011737091787,3.7994986898582215,3.8696042511122943
*CCCCCCCNC(=O)C=CCCC=CC(=O)N*,egc,5.3907,5.018396245802962,4.467743597804934,4.935594613350014
*CCCCCCCCC(=O)O*,egc,6.4657,6.622850238139617,6.728280893011682,6.638703844520571
*c1nnc(C2CC3(CC(*)C3)C2)o1,egc,6.0399,5.7672931488944,4.096407537507333,5.516042098403697
*CCCCCCCCc1nnc(*)n1N,egc,5.4011,5.694254673341143,5.633721488836429,5.68515229907165
*C=CC1CC(*)C2C(=O)N(CCCCCCCCC)C(=O)C12,egc,5.4434,4.927821690750015,4.65618076908455,4.886975048430764
*CCCCCCCCCCCCc1nnc(*)o1,egc,6.356,5.965167741207718,6.170543042695137,5.996050022970097
*CCOCCOCCOC(=O)c1ccccc1C(=O)O*,egc,4.8493,4.818371998083426,4.82775615941338,4.8197830943165
*OC(C)CCCCC(*)=O,egc,6.5026,6.464504877599026,6.96525725639551,6.5398030071363875
*c1cc(C=Nc2cccc(C)c2)cc(*)c1O,egc,3.5437,3.4589954410289843,3.0900590607693044,3.4035184817010915
*CC(*)c1ccc(CCCCCC)cc1,egc,4.9872,4.1644457243190915,4.9286536204729,4.279359657022445
*Nc1cc(NC(=O)c2ccc(C(*)=O)cc2)cc(C(=O)OCCOc2ccc(C=CC(=O)c3ccccc3)cc2)c1,egc,3.1709,3.047856307698132,2.66222232240409,2.989868529690031
*CCCCc1nnc(*)n1N,egc,5.3914,5.434311938028977,5.304484789007779,5.414789831098683
*CCCCCCCCCCC(=O)O*,egc,6.8465,6.671402025317001,6.708474664901868,6.676976637712179
*c1ccc(Oc2ccc(-c3cc(-c4ccccc4)c4cc5c(-c6ccccc6)cc(*)nc5cc4n3)cc2)cc1,egc,2.8308,2.925090437699802,2.950332640840244,2.928886107500604
*C=C(*)C#N,egc,0.838,2.657660496680083,2.6063595712252017,2.649946377099519
*CC(S1)=CC=C1C(=S)C(S2)=CC=C2*,egc,2.5715,2.5463062334055677,2.648986535509868,2.561746269271932
*CCCCCCCCCNC(=O)CCCCCC(=O)N*,egc,5.9578,5.892036398343172,5.870714015182991,5.888830151828479
*CCCCCOC(=O)NCCSCCSCCNC(=O)O*,egc,5.3739,5.44770396133837,5.6784476403868265,5.482400885747749
*C=CC1CC(*)C2C(=O)N(CCCCCC)C(=O)C12,egc,4.6556,5.328518676210004,5.417030841093978,5.341828249442755
*CCCCOC(=O)CCCCCNC(=O)O*,egc,6.3358,6.361489611638066,6.40853879065458,6.36856439615477
*CC(CCl)(CI)COC(=O)CCCCC(=O)O*,egc,5.5293,6.428983308581846,5.848785860959596,6.341739024943482
*CCCCCCOCCCCCCOCCCCCO*,egc,5.9688,6.2129518027926665,6.2389665854683365,6.216863645369445
*c1cccc(C(c2ccccc2)(c2cccc(N3C(=O)c4ccc(Oc5ccc6c(c5)C(=O)N(*)C6=O)cc4C3=O)c2)C(F)(F)F)c1,egc,3.4747,3.35160457392607,3.306485287630801,3.344819987356038
*c1ccc(-c2nnc(*)o2)c(OCCCCC)c1,egc,3.0444,3.692026809580389,3.5600899762238494,3.672187469440445
*OC(=O)c1ccc(Cc2ccc(C(*)=O)cc2)cc1,egc,4.3273,4.2894751772971125,4.548929059150747,4.328489254577664
*CC(C)(C)COC(=O)CCCCCCCC(=O)O*,egc,6.5848,6.61918749578565,6.729670417481984,6.6358008114718405
*CCCCCCCCCCCCCCCCOC(=O)CCC=CCCC(=O)O*,egc,6.0336,6.010509808875536,6.319796125983595,6.057017188881815
*CC(=O)CC(=O)*,egc,4.1544,5.490517988179962,4.856979298290427,5.395252782545024
*CCCCCCCCC(=O)NCCCCCOCCCCCNC(=O)CCCO*,egc,5.9383,5.867097405470176,5.8670488791353845,5.867090108565763
*C(=O)OC1=NCCN1*,egc,5.1364,5.096024955934921,5.488687753434246,5.155069656354853
*Cc1ccc(COC(=O)CCCCCC(=O)O*)cc1,egc,5.6303,5.363169578413435,5.382744388881319,5.366113042442148
*CCCP(CCCCCCCC)CCCNC(=O)CCCCC(=O)N*,egc,4.7376,5.5679565966461295,4.686080313167117,5.435348869871223
*NC(C#N)=C(C#N)NC(=O)c1ccc(C(*)=O)cc1,egc,3.4817,3.021173198490476,3.3517850197579198,3.0708872943160626
*NC(CCC(*)=O)C(=O)O,egc,5.9301,5.792152414014185,5.363174624244216,5.72764702861715
*CC1CCC(COC(=O)c2ccc(NC(=O)O*)cc2)CC1,egc,4.5441,4.798469213609027,4.9562773215022915,4.82219881700852
*CCC(C)C(*)(C)C(=O)OC,egc,6.5856,5.9482955021405415,6.121775262574805,5.974381651755417
*CC(*)(CO)C(=O)OCC,egc,5.8505,6.307604395721469,5.541167966520477,6.192355358529011
*C(=O)CCCCCCCCC(=O)N1CCN(*)CC1,egc,5.5924,5.6255161002069505,5.589616727793584,5.620117911983086
*Oc1cccc(OC2(F)C(*)(F)C(F)(F)C2(F)F)c1,egc,5.2546,5.124208303051733,4.1948295243455505,4.984457626606653
*CC(C1=CC=CC=C1)CC(C2=CC=CC=C2)CC(C3=CC=CC=C3)CC(C4=CC=CC=C4)*,egc,5.2025,3.441382726465404,2.8829209644825515,3.35740683763086
*c1ccc2c(c1)c1cc(*)ccc1n2C(=O)OCC,egc,3.932,3.6639720931001585,4.288542235266593,3.757888698315387
*CCCCCCCCCCCCCCCCCCCCOC(=O)CCCCCCCCC(=O)O*,egc,6.784,6.351431435398406,6.7212150540702265,6.407035793956753
*CC(*)C(=O)N(O)c1cccc(C)c1,egc,4.1845,4.636432174788657,4.614095228700394,4.633073368457941
*CC(*)c1cc(O)ccc1O,egc,2.0107,3.8215949800852065,3.8539800048515844,3.826464715893133
*CNC(=O)NCOCO*,egc,6.2147,6.074126692431965,5.449155337997843,5.980149756932581
*Oc1ccc(C(C)(CCC#N)c2ccc(OC(*)=O)c(C)c2)cc1C,egc,4.6661,4.812292093848655,4.611347762004967,4.782076096941502
*c1cc(CCCCCCBr)c(*)s1,egc,2.553,2.439851112575633,2.698737621399379,2.4787798739800957
*CNC(=S)C(=O)*,egc,2.602,3.049508554775914,3.7078831143118203,3.148508329848746
*c1ccc(-c2ccc(*)c(CCCCCC)n2)nc1CCCCCC,egc,3.9211,3.559775802107136,3.7747397608952653,3.5920999301593985
*CC(C)(C)COC(=O)CC(=O)O*,egc,6.7138,6.384507077877174,6.456390255328329,6.395316150457685
*CC(S1)=CC=C1C(=O)O*,egc,4.5212,4.159641481870772,4.8633837494907155,4.265463198695205
*c1cnc(*)c(C)c1,egc,5.1042,4.695248569548606,3.457052874505868,4.509061096885951
*CC#CC#CCOc1ccc(C(C)(C)c2ccc(O*)cc2)cc1,egc,4.3962,4.4269088093959255,4.4232501891887015,4.426358662716736
*CC(C)(C)COC(=O)NCCCC(CCNC(=O)O*)OC,egc,6.1723,5.906760737339895,5.70572792007306,5.876531434880664
*c1ccc2c(c1)C(CC(CC)CCCC)(CC(CC)CCCC)c1cc(*)ccc1-2,egc,3.8505,3.0859326786906056,2.941975539521317,3.064285845301518
*Oc1c(OC)cc(*)cc1OC,egc,4.2534,4.451828050875922,3.75964647894179,4.347744715731043
*CCOC(=O)c1ccc(C(=O)O*)cc1,egc,4.6867,4.750475959518155,4.672772981851338,4.7387917636450245
*CCOC(=O)c1ccc(O*)cc1C,egc,4.5424,4.928785553704881,4.798978842162513,4.909266519958047
*CCCCCCCCCCCCCCCC(=O)O*,egc,6.7798,6.705735936641524,6.728280893011682,6.709126021475978
*CCCCCCOc1ccc(C(=O)N(C(=O)c2ccc(O*)cc2)c2ccccc2)cc1,egc,3.9898,3.7943782331936866,4.206786029766644,3.8563919889010543
*C(=O)N1CC(=O)N(C(=O)c2ccc(N3C(=O)c4ccc(*)cc4C3=O)cc2)C1=O,egc,3.533,3.4114211898591513,2.6003796275260367,3.2894648793019887
*c1cc(SCCCCCCCCCCCC)c(*)s1,egc,1.5021,2.234211522936256,1.62192835345043,2.1421425096640756
*OC(F)(F)COC(=O)c1cccc(C(=O)OCC(*)(F)F)c1,egc,4.7299,5.004514985590874,5.066545511101695,5.013842515010525
*CC(O)COc1ccc(O*)cc1,egc,4.7923,4.936362766726888,4.5440243079191065,4.877366837112337
*C=Cc1cc(OCCCCCC)c(*)cc1OC,egc,2.3505,3.3612192913239944,2.923156490055452,3.2953477928506474
*CCCCCCCCCCOC(=O)CCCCS(=O)(=O)CCCCC(=O)O*,egc,6.4132,6.583956482033244,6.902794853404991,6.631900204331144
*OC(C)CCOC(=O)CCCCCCCC(*)=O,egc,6.6793,6.735133720173096,6.659996766116435,6.723835377241209
*C(=O)Nc1ccc(S(=O)(=O)c2ccc(NC(=O)c3ccc4c(c3)C(=O)N(c3ccc(S(=O)(=O)c5ccc(N6C(=O)c7ccc(*)cc7C6=O)cc5)cc3)C4=O)cc2)cc1,egc,3.3421,2.784287878948696,2.7434119733770514,2.7781413694900934
*COC(=O)OCC1OC(OCC)OC1*,egc,6.8573,6.643105993103329,5.448952066381522,6.463541080645088
*C(=O)c1ccc2c(c1)C(=O)N(c1ccc(-c3ccc(N4C(=O)c5ccc(*)cc5C4=O)cc3)cc1)C2=O,egc,2.5354,2.5946019926323314,2.4150262977111985,2.5675991974175965
*C(=O)Nc1ccc(C2(c3ccc(N4C(=O)c5ccc(*)cc5C4=O)cc3)CCC(CC)CC2)cc1,egc,2.9185,3.1247463454257436,3.197304119913732,3.135656857155054
*OC(*)CC,egc,6.1349,6.585114085078051,6.740664061771165,6.608504133314511
*C(S1)=CC=C1C(S2)=CC=C2C(S3)=CC=C3C(=S)*,egc,1.4924,1.9613255371468,1.734163792677151,1.9271672281995347
*C(=O)NCCCCCCNC(=O)c1ccc(*)nc1,egc,4.574,4.587430205809198,4.529798485381225,4.578764124660116
*CCOC(=O)CSC(=O)Nc1ccc(Cc2ccc(NC(=O)SCC(=O)O*)cc2)cc1,egc,4.3268,4.3467975454296,4.286697822309376,4.337760350743591
*Oc1ccc(Nc2ccc(N=Nc3ccc(Nc4ccc(*)cc4)cc3)cc2)cc1,egc,2.8393,3.024775664802201,2.9085656755088967,3.0073011700262136
*CC(*)C(=O)OCCCCCCCCCCCCCC,egc,6.5079,6.077451948906254,6.024461649170825,6.069483798134227
*CCOc1ccc(C(=O)OC(=O)c2ccc(O*)cc2)cc1,egc,4.4185,4.380362408715459,4.398305000232326,4.383060435998964
*CCCCOC(=O)CCCCCCCCC(=O)O*,egc,6.818,6.699828327470189,6.703169146788956,6.700330686433376
*CC(*)C,egc,6.5196,6.630291065597652,7.33660209362958,6.736499046896189
*CCCCCCOC(=O)NCCCCCCNC(=O)O*,egc,6.343,6.337159888771399,6.30644271681725,6.33254094797199
*N=Nc1cc(*)ccc1C,egc,3.0039,3.106216004423297,3.0944739824306398,3.1044503567090347
*OC(C)COC(=O)CCCCCCC(*)=O,egc,6.5111,6.669520352742514,6.778051441236952,6.685840171292206
*CCCCCCCNC(=O)CCCCCCCCCC(=O)N*,egc,5.7365,5.8091817086503745,5.870714015182991,5.818434320887906
*OC3=CC=CC(C(C2=CC=CC(OC1=CC=CC(*)=C1)=C2)=O)=C3,egc,3.6547,4.079763829202693,3.8690490413273912,4.048078648932545
*CC(OC(C)=O)C1C(=O)N(c2ccc(C)cc2)C(=O)C1(*)Cl,egc,4.7107,4.843198286078725,4.869830663018214,4.847202996297971
*Cc1ccc(CNC(=O)c2cccc(C(=O)N*)c2)cc1,egc,4.6753,4.3475271461555804,4.092615590688725,4.309196098442447
*c1ccc(*)c(CCCCCC)n1,egc,4.7957,4.573281057519579,4.141281229125054,4.508321248208741
*CCCCCCNC(=O)CCCCC(=O)NCCCCCCNC(=O)C(=O)N*,egc,5.2635,5.046577759617576,5.127944799168417,5.058812920434777
*C=Cc1cc(OCC)c(*)cc1OCC,egc,4.2145,2.533802410286621,2.721039273857739,2.5619572153446257
*CC1CC(*)OC(C)O1,egc,6.0468,6.329438863323059,6.4837966918290375,6.3526496482501
*CC(S1)=CC=C1C(=O)C(=S)*,egc,3.0928,2.6864796266834823,2.9733712004639834,2.7296195093888245
*CC(*)CO,egc,6.2929,6.199440122062995,5.435423533477798,6.0845549562765715
*C(=O)Nc1cccc(C=CC(=O)C=Cc2cccc(NC(=O)c3ccc(N4C(=O)c5ccc(*)cc5C4=O)cc3)c2)c1,egc,3.0227,2.5521978324008363,2.6073553539766996,2.5604918682965043
*CC(*)C(=O)OCCCOC,egc,5.8538,6.142073435666446,5.813570254796504,6.092676416073589
*C(=O)N(*)C(C)C(C)=O,egc,4.4468,5.316366438374937,3.9176668018401535,5.106043989845024
*c1ccc(-c2ccc(-c3cc(CCCCCCCC)c(*)s3)s2)s1,egc,2.4777,1.718762890896097,1.6676297863280927,1.7110740065403949
*CCCP(CCCNC(=O)CCCCC(=O)N*)CC(C)C,egc,5.1348,5.122388717135122,5.320067283487344,5.152113640922252
*c1ccc2c(*)c(-c3ccccc3)[nH]c2c1,egc,3.6113,3.2032952542394804,2.6863574820164877,3.1255633272755925
*Oc1ccc(Oc2ccc(C(=O)c3ccc(*)cc3)cc2)cc1C,egc,3.5517,3.940483249471464,4.345336596920358,4.001361042749468
*NC(=O)C(=S)O*,egc,3.3593,2.8432641531407334,3.226411849753726,2.90087806794798
*C=CC1CC(*)C(C(=O)OC(C)(C)C)C1C(=O)OC(C)(C)C,egc,5.6132,5.9758214832112735,5.408613694301028,5.890530454406553
*Nc1ccc(*)cc1S(=O)(=O)O,egc,2.9815,3.6996587485841457,3.9859681875545885,3.7427110956846823
*c1cc(N=Nc2ccc(S(=O)(=O)O)cc2)cc(*)c1O,egc,3.0327,3.111420994614958,2.911509188455717,3.0813602585832998
*NC(=O)OC(C=C1)=CC=C1*,egc,4.5955,4.777815700113577,4.621149463579168,4.754257799897405
*CC(OC(C)=O)C(COC(=O)O*)OC(C)=O,egc,6.5585,6.747226107724515,6.906878163343038,6.771232985522605
*Oc1ccc(Oc2ccc(C(=O)c3ccc(*)cc3)cc2)cc1,egc,3.9034,3.890961456131708,3.852246457257591,3.885139882188778
*CCCCCCNC(=O)c1ccc(C(=O)N*)c(Oc2ccc(Cl)cc2)c1,egc,4.0457,3.877149506062235,3.630992225115084,3.8401348385096403
*CC(*)c1nc(N)nc(N)n1,egc,5.2767,5.014903793800981,3.91795013305935,4.849954884239086
*OC1CCC(C2CCC(OC(=O)CCCCCCCCCCC(*)=O)CC2)CC1,egc,6.4832,6.400422326542109,6.344435130764923,6.392003532546171
*c1ccc(C(C)(C)c2ccc(-n3c(=O)c4cc5c(=O)n(*)c(=O)c5cc4c3=O)cc2)cc1,egc,2.5724,2.604803893146604,2.866305149159227,2.6441258340562923
*CCCCOC(=O)COCC(=O)O*,egc,6.6832,6.154470284193562,6.349260824760584,6.183760935576029
*NNC(=O)c1ccc(C(*)=O)cc1OCCCCCCCC,egc,4.1277,4.042247413551865,3.8994382957310494,4.020773208119967
*CCC(=O)Oc1ccc(OC(=O)CCN2CCN(*)C(C)C2)cc1,egc,4.6472,4.872521725054301,4.886526349487435,4.874627600271954
*C(=O)CCN(C)CCN(C)CCC(=O)N1CCN(*)CC1,egc,4.9845,4.479147595422883,4.675108409328738,4.508614220794076
*OC(COC(*)=O)COC(C)(C)C,egc,6.0333,6.243091655722114,6.370203697492157,6.262205492005754
*c1ccc2c(c1)c1cc(*)ccc1n2CC(=O)NO,egc,3.6467,3.3612597606649772,3.3773407192395895,3.3636778542240062
*C#CC#Cc1ccc(*)cc1,egc,2.0489,2.743034050449087,2.1189145004621643,2.649185200774797
*c1ccc(*)n1CCC(=O)NO,egc,2.8742,2.9771987229205004,2.9163044545068995,2.9680420524677102
*CCCCCCNC(=O)CCCCCCCCC(=O)N*,egc,6.0268,5.847127253214102,5.876166294279854,5.851493853490799
*CCCCCCCCCCCCCCCCCCCCOC(=O)COCC(=O)O*,egc,6.3895,6.21694860818672,6.492010040695164,6.258309592682753
*Oc1ccc(Cc2ccc(OC(=O)OCC3CCC(COC(*)=O)CC3)cc2)cc1,egc,5.1271,5.157230252595705,4.823459493460585,5.107041147318676
*C(F)(F)C(F)(F)C(=O)C(=S)*,egc,2.0268,2.9430267969226036,3.7554084041332834,3.065184610012854
*CC(OO*)c1ccc(Br)cc1,egc,5.1335,4.541699198987907,3.993631986944546,4.4592863385102275
*Oc1ccc(Oc2ccc(NC(=C(C#N)C#N)c3cccc(C(Nc4ccc(*)cc4)=C(C#N)C#N)c3)cc2)cc1,egc,2.6924,2.836580710538805,2.8607631578413497,2.8402170248662455
*OC(=O)Oc1cccc(OC(=O)OC2CC3CC(*)CC(C2)O3)c1,egc,5.8268,5.603306924106987,5.648885634977547,5.610160594345212
*CC(F)(F)C1(F)CC(CC(O)(C(F)(F)F)C(F)(F)F)CC1*,egc,7.7065,7.061178524906161,6.394848230693389,6.96098244609993
*c1cc(C(=O)OCC(F)(F)C(F)(F)C(F)(F)F)c(*)s1,egc,2.8607,2.6629484749293844,3.5748861914880563,2.8000765390565596
*CCOCCOC(=O)CCSCCC(=O)O*,egc,5.4283,5.359790085133366,5.357158919455102,5.359394436780079
*CCCC(C)(C)CNC(=O)CCCCCCCCC(=O)N*,egc,5.8198,5.83106801673793,5.822791745913926,5.8298235139877095
*C(F)(F)C(F)(F)C(C=C1)=CC=C1O*,egc,4.5008,4.864026681613088,5.05182715945559,4.8922662373427075
*CC(CC)(CO)CO*,egc,5.2286,6.290788389872333,5.798023822936566,6.216691387514146
*NC(C)C(=O)NCCCCCCCCCCC(*)=O,egc,5.8221,5.75577473605684,6.162608895590511,5.816950384025634
*c8ccc(C7(c5ccc(n4c(=O)c3ccc(Oc2ccc1c(=O)n(*)c(=O)c1c2)cc3c4=O)cc5)OC(=O)c6ccccc67)cc8,egc,3.3847,3.0285486679068367,3.191411593593913,3.053038364200827
*c1cccc(Oc2ccc(S(=O)(=O)c3ccc(Oc4cccc(N5C(=O)c6ccc(-c7ccc8c(c7)C(=O)N(*)C8=O)cc6C5=O)c4)cc3)cc2)c1,egc,2.9006,3.166266680752624,2.964433069701562,3.1359169629411134
*CC(CCC)C(CCC)COC(=O)c1ccc(C(=O)O*)cc1,egc,4.734,4.923400126725504,4.662736486476991,4.884204138088795
*C=C(*)C(C)=O,egc,3.9542,2.182527696996818,3.1486058580111855,2.327796859144602
*CCOCCOC(=O)CCCCCCCCCCCCCCCCC(=O)O*,egc,6.2057,6.41223141789213,6.371012926546601,6.406033393814582
*Oc1cc(Oc2ccc(C(C)(C)c3ccc(*)cc3)cc2)cc(C(=O)Oc2ccc(N=Nc3ccc(C#N)cc3)cc2)c1,egc,3.1481,2.9503254503858827,2.880421780520891,2.9398140363387215
*C(=O)C(=S)C(=O)O*,egc,2.3358,2.0749069768574886,2.4972035889097874,2.138407713636666
*c1cc2sc(*)cc2s1,egc,1.8963,2.4787653799860703,2.420956448159676,2.4700726515610114
*c1ccc(Oc2ccc(-c3cnc4ccc(-c5ccc6nc(*)cnc6c5)cc4n3)cc2)cc1,egc,3.1515,3.014386803927531,2.985067053177726,3.0099779933388167
*C(=O)Oc1ccc(OC(=O)c2ccc3c(c2)C(=O)N(c2ccc(Oc4ccc(N5C(=O)c6ccc(*)cc6C5=O)cc4)cc2)C3=O)c(-c2ccccc2)c1,egc,2.5898,2.693960272637952,2.84625955321896,2.7168615137367915
*Nc1cccc2c(NC(=O)c3cccc(C(*)=O)c3)cccc12,egc,3.1462,3.3627121791097423,3.1961176483071303,3.3376613613967243
*CC(*)C(=O)Nc1ccc2c(c1)C(=O)c1ccccc1C2=O,egc,3.0723,3.3821561395711193,3.6334649727442665,3.419945445973686
*CCOCCC(=O)O*,egc,6.821,6.415825135994339,6.112076565440549,6.370150466874809
*CCN1C(=O)C(=CC=C2SC(=S)N(*)C2=O)SC1=S,egc,2.2801,3.103820416175312,3.0370672103222156,3.093782737365995
*CC(*)(F)F,egc,7.1498,6.77209076241648,7.664985346006157,6.906355310854439
*CCC(=O)NCC(=O)N*,egc,6.1234,5.967306116312394,5.77205185948592,5.9379457359212395
*CCCCCCCCCOC(=O)c1ccc(NC(=O)CCCCCCCCC(=O)Nc2ccc(C(=O)O*)cc2)cc1,egc,4.1632,4.282789257080576,4.079862675082203,4.252275189240077
*CC(*)OC(=O)C(Cl)(Cl)Cl,egc,5.7645,5.866568656394399,6.6888483428436984,5.990214843547838
*OC(C)COC(=O)CCCCCCCCC(*)=O,egc,6.952,6.5171286045243555,6.5598259169281095,6.5235489989077085
*CCCCCCCCCCNC(=O)C(C)=C(C)C(=O)N*,egc,4.9889,4.649006173189513,5.206486892690607,4.732834542677169
*CC(C)(C)COC(=O)Nc1ccc(C)c(NC(=O)O*)c1,egc,5.1704,4.955600437126843,5.015896650917471,4.96466717811274
*CCCC(=O)*,egc,5.3982,5.695414812265874,6.1080783384528115,5.7574670220324045
*C=Cc1sc(*)c2c1OC(CCCCCC)CO2,egc,1.0146,2.585236970320574,2.2290600136775103,2.5316786453776343
*CCC(=O)N(*)C,egc,5.368,5.494457983208147,5.1706558933620395,5.445767866619386
*CC(C)(C)COC(=O)CCCCCCC(=O)O*,egc,6.7281,6.586471978165595,6.590452802648253,6.58707057469804
*NC(S1)=CC=C1C(S2)=CC=C2C(S3)=CC=C3*,egc,2.2573,2.1178616410065776,2.675486389460574,2.2017116681262534
*c1ccc(-c2cnc3cc(-c4ccc5nc(*)cnc5c4)ccc3n2)cc1,egc,3.2178,2.863499985507426,3.18155182388518,2.911325436847912
*CC(O)COC(=O)CCCCC(=O)OCC(O)COc1ccc(O*)cc1,egc,5.0285,5.040935670345751,4.442936852100866,4.951014594808151
*C(=O)OC(C=C1)=CC=C1C(=S)*,egc,2.9816,3.3318355858604147,3.2241614065898703,3.315644620741031
*C(=O)c1ccc2c(c1)C(=O)N(c1cccc(C(=O)N(C)c3ccc(N4C(=O)c5ccc(*)cc5C4=O)cc3)c1)C2=O,egc,2.3447,2.6079657968481156,2.6464942401447695,2.6137593184309726
*CC(CC(*)(C#N)C(=O)OC)c1ccccc1,egc,5.5884,5.435500670740008,6.891549383595121,5.654446699227734
*c1ccc(Cc2ccc(N3C(=O)c4ccc(S(=O)(=O)c5ccc6c(c5)C(=O)N(*)C6=O)cc4C3=O)cc2)cc1,egc,2.775,2.891862431853539,2.846246677704104,2.8850031914178893
*CCCCCCSSCCCCSS*,egc,5.0908,4.825336836744331,4.266758681764642,4.7413434458961685
*C(=O)NCCCCCCCCCCNC(=O)c1ccc(*)nc1,egc,4.5311,4.528835888418672,4.572444533339366,4.535393319862291
*CCCS(=O)(=O)CCCCS(=O)(=O)CCCOC(=O)O*,egc,6.4999,6.483084674900854,6.717568317454924,6.518343977580282
*c1ccc(Oc2ccc(-c3cnc4cc5ncc(*)nc5cc4n3)cc2)cc1,egc,2.782,3.2493064534735496,3.2396607913855244,3.247856035374442
*C=CC1CC(*)C2C(=O)N(c3cccc(C)c3)C(=O)C12,egc,4.9512,5.061363776259177,5.000153689913027,5.052159616267441
*CCCCCCOC(=O)OCCCCCCCCOC(=O)OCCCCCCOc1ccc(Oc2ccc(O*)cc2)cc1,egc,4.4708,5.067114116994387,4.613283535068566,4.9988716175219
*CC(=O)C(=S)O*,egc,3.8359,3.1643371858718385,4.238886933277722,3.3259172192387703
*C(=O)C(C=C1)=CC=C1C(=S)C(C=C2)=CC=C2*,egc,2.9419,3.0310689568977285,3.5804150483405186,3.1136741224562403
*c1cc(CCCCCCCCCC)c(*)[nH]1,egc,2.8756,3.0120242115377898,2.989018222305118,3.008564801197014
*c1ccc(-c2nc3cc4sc(*)nc4cc3s2)cc1,egc,3.1122,3.213744475386139,3.254887658898907,3.2199311754257267
*c1ccc(C(C=CC)c2ccc(-n3c(=O)c4cc5c(=O)n(*)c(=O)c5cc4c3=O)cc2)cc1,egc,2.5577,2.376440246129935,2.2787728571824135,2.3617540019582726
*Nc1ccc(NC(=O)CCC(*)=O)cc1,egc,4.4554,4.165488729700728,4.231490909634263,4.175413476751014
*Oc1ccc(CC(NC(=O)Cc2ccc(OC(=O)CC(C)CCC(*)=O)cc2)C(=O)OCCCCCCCC)cc1,egc,5.2951,4.854453055874548,4.864059720967902,4.855897609996009
*c1ccc([Si](c2ccccc2)(c2ccccc2)c2ccc(-c3nnc(*)o3)cc2)cc1,egc,4.0946,3.4284784437851665,3.4055036072159655,3.4250237178700442
*c1ccc(*)c2nc(CCCCCCC)c(CCCCCCC)nc12,egc,3.0414,3.536172357054234,3.619206770371397,3.548658240845823
*Oc1ccc(C2(c3ccc(OC(*)=O)c(Cl)c3)CCCCC2)cc1Cl,egc,4.9504,4.723505445984791,4.365683545455089,4.669699770848217
*c1ccc(Oc2ccc(C(=O)c3cccc(C(=O)c4ccc(Oc5ccc(-n6c(=O)c7cc8c(=O)n(*)c(=O)c8cc7c6=O)cc5)cc4)c3)cc2)cc1,egc,2.3756,2.2536512341551025,2.4400687952584423,2.281682840710292
*CC(*)c1c(F)c(F)c(OC)c(F)c1F,egc,4.6291,4.993157885398271,4.963529166101684,4.988702615212671
*C(=O)c1ccc(C(=O)N2CCN(*)CC2)cc1,egc,4.6128,4.097612440379906,4.2283318652717545,4.117268718822781
*CC(*)C(=O)C(C)(C)C,egc,5.3334,5.567839553914723,6.148103319741862,5.655093809820808
*CCCCCc1nnc(*)n1N,egc,5.7571,5.5714889997151245,5.3978289201574645,5.545375735515704
*CCCCCCC(Cl)C(*)Cl,egc,6.8762,6.969708708149341,7.186815410314415,7.002355040498966
*NC(=S)NC(C=C1)=CC=C1NC(=S)NC(C=C2)=CC=C2CC(C=C3)=CC=C3*,egc,3.7248,3.13210439797804,3.079358730533436,3.124173032560818
*CC(F)(F)C(F)(F)C(F)(F)COC(=O)CCCC(=O)O*,egc,6.894,6.745365141191055,6.702471042948432,6.738915156123339
*Oc1ccc(OC(=O)C=Cc2ccc(C=CC(*)=O)cc2)cc1,egc,3.0386,3.7245823205942266,3.09604275295459,3.6300688329154776
*C(F)(F)C(S1)=CC=C1C(F)(F)C(=S)*,egc,2.8122,3.5517026307003774,3.049840813565812,3.476237674932665
*CCOCCOC(=O)C=CC(=O)O*,egc,4.6987,5.007556909188143,4.811843527559856,4.97812749020573
*c1ccc2c(c1)c1cc(*)ccc1n2CC(=O)OCC,egc,3.5868,3.8057195335209264,4.195040010984688,3.864261649314904
*CC(O)COc1ccc(S(=O)(=O)c2ccc(OCC(O)COc3cccc(O*)c3)cc2)cc1,egc,4.3099,4.316963150168282,4.266640839928023,4.309396184946475
*c1ccc(-c2ccc(*)c(C)c2)cc1C,egc,3.8863,3.586334054438954,3.40502087530362,3.5590699937425767
*Cc1ccc(COC(=O)CCCCCCCCCCCCCCCCCCC(=O)O*)cc1,egc,5.5452,5.6195865743774425,5.43513544454313,5.591850660069943
*c1ccc(C(=O)Nc2ccc(Oc3ccc(NC(=O)c4ccc(-n5c(=O)c6cc7c(=O)n(*)c(=O)c7cc6c5=O)cc4)cc3)cc2)cc1,egc,1.639,2.356595414174255,1.9078847565575248,2.2891227976622317
*Nc1ccc(*)nc1,egc,3.2295,3.385764359487679,3.1166891843055664,3.3453035284381176
*=CC2OC(C=*)C3C(=O)N(c1cc(C(F)(F)F)cc(C(F)(F)F)c1)C(=O)C23,egc,5.0857,5.153653247975104,5.086792690207942,5.143599426659684
*CC(*)c1cc(Cl)ccc1Cl,egc,2.6378,3.027460635205756,3.2093015332978636,3.054804048995697
*CC(*)c1cc(Br)ccc1OCCCC,egc,4.5078,4.111900210043163,3.8175474884727287,4.067638394629015
*c1cc(CCOc2ccc(N=Nc3ccc(C#N)cc3)cc2)c(*)s1,egc,2.0292,2.243907535131669,2.0403093193602864,2.2132924737283166
*CC(*)(F)C(C)=O,egc,4.643,5.797750584652813,7.8138151897665376,6.100906196527077
*Oc1ccc(C(=O)OCCOC(=O)c2ccc(*)cc2)cc1,egc,3.8209,4.366939586179629,4.5123885971299424,4.38881075231156
*CCCCCCCCCCCCNC(=O)NCCCCCCCCCCNC(=O)N*,egc,5.6621,5.8385556499890745,5.788094472187381,5.830967803253625
*COC(=O)NCc1ccc(CNC(=O)OCc2ccc(*)o2)o1,egc,5.0674,4.306462404395657,4.988501650896992,4.409020638179892
*Oc1cccc(NC(=O)c2ccc([Si](c3ccccc3)(c3ccccc3)c3ccc(C(*)=O)cc3)cc2)c1,egc,3.9647,3.456665074316312,4.029804445114928,3.542848035022516
*CCOC(=O)c1ccc(Cc2ccc(C(=O)O*)cc2)cc1,egc,4.6415,4.445416769469921,4.408298237412965,4.439835256224236
*C(=O)c1ccc2c(c1)C(=O)N(c1cccc(C(=O)Nc3ccc(N4C(=O)c5ccc(*)cc5C4=O)cc3)c1)C2=O,egc,2.497,2.659472011776877,2.6650126234291,2.6603051534883715
*OC(C)CCOC(=O)C(*)=O,egc,5.5088,5.927507042676314,5.647357408041653,5.885380945284099
*C=CC1CC(*)C(C(=O)OC)C1C(=O)OC,egc,5.0643,5.50668673081159,5.663686781470726,5.530294826653924
*CC(CCl)(CCl)COC(=O)C(=O)O*,egc,5.906,5.34614658005222,5.362186253541295,5.3485584655734035
*OS(=O)(=O)c1ccc(*)cc1,egc,4.9308,4.105329303717297,4.518982272643199,4.167530295977296
*CC(C)(CC)CO*,egc,5.6322,5.765765366419124,5.496631314046323,5.725295682007065
*C(=O)c1ccc2c(c1)C(=O)N(c1ccc(Oc3ccc(S(=O)(=O)c4ccc(Oc5ccc(N6C(=O)c7ccc(*)cc7C6=O)cc5)cc4)cc3)cc1)C2=O,egc,2.6168,2.728567857751022,2.5688274843180943,2.7045476996041806
*c1ccc(S(=O)(=O)c2ccc(-n3nc(-c4ccc(Oc5ccc(-c6nn(*)c(=O)c7ccccc67)cc5)cc4)c4ccccc4c3=O)cc2)cc1,egc,3.5201,3.557439415664079,3.497805061038633,3.548472198433368
*Oc1ccc(P(C)(=O)c2ccc(*)cc2)cc1,egc,4.6884,4.758486646144754,4.285755470468492,4.687402064603731
*CCCCCCCCNC(=O)CCCCCCC(=O)N*,egc,5.7761,5.868041942822502,5.870714015182991,5.868443742313135
*CC1CCC(*)C1,egc,6.9613,6.636820858810045,6.907446222785028,6.677514791730863
*C(F)(F)CC(F)(F)C(S1)=CC=C1*,egc,5.0751,4.168412201753443,3.9210376296558027,4.1312144901443135
*c1ccc(*)c(C(=O)c2ccc(F)cc2)c1,egc,4.2742,3.755212063124381,3.4841059256735925,3.714445836301444
*CCCCCCCCCCOC(=O)CCCCSCCCCC(=O)O*,egc,5.1162,5.324876339260125,5.0304149447778626,5.280598182701455
*c1cc(C(=O)Oc2cccc3cccnc23)c(*)s1,egc,2.8057,2.46796415387805,2.4338768513632156,2.4628384465843376
*CC(*)(C)C(=O)OCCOC(=O)CCn1ccnc1,egc,4.5949,4.948550854750802,4.196444722159244,4.835456664097464
*Oc1ccc(P(=O)(c2ccccc2)c2ccc(*)cc2)cc1,egc,4.8858,4.329645395913228,4.414355091649098,4.342383191903175
*c1ccc(-c2nc3cc(-c4ccc5nc(*)c(-c6ccccc6)nc5c4)ccc3nc2-c2ccccc2)cc1,egc,2.983,3.142192875476509,3.2888747191433017,3.1642494226500775
*Cc1ccc(-c2ccc(CSC(=O)CCC(=O)S*)cc2)cc1,egc,4.7843,3.831979380834316,4.022632335849617,3.8606478635241555
*C1OC(C(F)(F)F)(C(F)(F)F)OC1(*)F,egc,8.2782,7.277379062765282,4.318745120213053,6.832489310278511
*CCCCCCCCCCN(C)C(=O)CCCCCCCCC(=O)N(*)C,egc,5.5704,5.078729616884697,4.588960397600524,5.005083024919011
*OC(=O)Oc1ccc(OC(=O)OC2CC3CC(*)CC(C2)O3)cc1,egc,5.6192,5.587953483847552,5.913311963531561,5.6368776347586405
*C=C(*)c1cc(C(F)(F)F)oc1C(F)(F)F,egc,1.9958,1.9886826761182512,1.9033250460030384,1.97584745024301
*C(=O)Nc1cccc(NC(=O)c2ccc3[nH]c(-c4cccc(-c5nc6cc(*)ccc6[nH]5)c4)nc3c2)n1,egc,3.4965,3.294092488060231,3.2359577550120413,3.2853507689091344
*Nc1ccc(NC(=O)c2cc(SCCCCCCCC)c(C(*)=O)cc2SCCCCCCCC)cc1,egc,2.9501,3.203310363010555,3.6509154612159045,3.270616736566391
*C1=C(CCCCCC)C(CCCCCC)=C(c2sc(-c3sc(*)c4c3OCCO4)c3c2OCCO3)S1(=O)=O,egc,1.3792,2.1779287996254144,1.9082556924343905,2.137378057546434
*Oc1ccc(C(C)=NN=C(C)c2ccc(OC(=O)CCCCCCCCC(*)=O)cc2)cc1,egc,3.996,4.116353082269721,4.086608310300853,4.1118803612451025
*NNC(=O)CCCCC(=O)NNC(=O)CCCCCCCCC(*)=O,egc,5.6341,5.516111462464799,5.514591053553503,5.515882838594001
*CCCCCCCc1nc2ccc(-c3ccc4nc(*)oc4c3)cc2o1,egc,4.0726,4.100708064252052,4.183681401829276,4.113184764085317
*CC(=O)OC(=S)*,egc,3.6315,3.9635293207250193,3.80935866319721,3.9403466806958507
*CCCCCCCCCCCNC(=O)c1ccc(C(=O)N*)cc1,egc,4.9311,4.685402811662033,4.843749420898073,4.70921338950235
*C(F)(F)C(*)(F)OC(F)(F)F,egc,8.2947,8.469495346191357,6.786764459226852,8.216463121746015
*c1ccc(Cc2ccc(N(*)Cc3ccccc3)cc2)cc1,egc,4.2622,3.8256602008384006,3.343310665388531,3.75312930664698
*Nc1ccc(CC(C)(C)NC(=O)CCCCCCCCC(*)=O)cc1,egc,4.455,4.944066074432709,4.453855863393197,4.870353170541759
*CCOC(=O)NCCCCCCCCCNC(=O)O*,egc,6.3118,6.1506600010085855,6.183197360846162,6.155552643439446
*Cc1cc(C23CC4CC(CC(C4)C2)C3)cc(CN(*)C)c1O,egc,4.5466,4.2834346943459165,4.195585461745889,4.270224806233208
*Nc1ccc2c(c1)Cc1cc(NC(=O)c3cc(C(=O)O)c(C(*)=O)cc3C(=O)O)ccc1-2,egc,2.6346,3.1434316766680426,3.1830012203452256,3.1493817485033473
*CCCCCCCCCCCCCC(=O)O*,egc,6.7839,6.783637289270891,6.708474664901868,6.772335086294425
*Oc1cc(C)cc(OC(=O)c2cccc(C(*)=O)c2)c1,egc,4.2911,4.37251150371113,4.030686016103176,4.32111120900472
*c1ccc(S(=O)(=O)c2ccc(-n3nc(-c4ccccc4)c4ccc(Oc5ccc6c(-c7ccccc7)nn(*)c(=O)c6c5)cc4c3=O)cc2)cc1,egc,3.4595,3.444577721999572,3.696109572501142,3.4824005635152924
*CCOCCOCCOCCOCCOCCOC(=O)NCCCCCCNC(=O)O*,egc,5.6975,6.152413133861974,6.089497697124991,6.142952540351252
*CCC(O*)(C(F)(F)F)C(F)(F)F,egc,7.6175,7.199005779239265,7.375425119051877,7.225533953372023
*Oc1ccc(CC(NC(=O)CCc2ccc(OC(=O)COCCOCC(*)=O)cc2)C(=O)OC)cc1,egc,5.2022,4.795099465692307,4.310690088697314,4.722258833151039
*C(C=C1)=CC=C1OC(=S)C(S2)=CC=C2*,egc,2.8495,2.6052065631342707,2.5979450064226373,2.604114642933653
*CC(*)c1ccccc1C(=O)OC,egc,5.0713,4.3380537541501845,5.386996135870123,4.495783208228477
*NC(C)C(=O)NC(C)C(=O)NCC(*)=O,egc,5.7884,5.683885751908981,5.751593392681433,5.69406694908633
*Nc1cc(NC(=O)NCCCCCCNC(*)=O)ccc1C,egc,4.7413,4.301716025985267,4.300965388485156,4.301603152632864
*CCC(=O)N(CCN(C(=O)CCN1CCN(*)CC1)C(C)C)C(C)C,egc,4.3463,4.778922640558662,4.633039490633165,4.756986192953942
*CC(F)(F)C(F)(F)C(F)(F)COC(=O)C(F)(F)C(F)(F)C(F)(F)C(F)(F)C(=O)O*,egc,6.5652,6.346311301861287,6.021036180898528,6.297399685600172
*NC(C)C(=O)NC(C)C(=O)NC(C(=O)NC(C(*)=O)C(C)C)C(C)C,egc,5.7985,5.584534403441286,3.956269105465002,5.3396921689962324
*Nc1ccc(*)cc1O,egc,3.4121,3.565645794416982,3.347186435058554,3.5327960630204887
*C(*)(F)F,egc,7.2027,6.624468436108423,5.924232055434646,6.519173899464444
