smiles,target_type,target,oof_pred
*Oc1ccc(cc1)C1(c2cc(ccc2c2ccc(cc12)[N+](=O)[O-])OC)c1ccc(cc1)OC(=O)*,tg,294.0,261.09719785336216
*N1C(=O)c2c(C1=O)cc(cc2)Oc1cc2c(cc1Oc1cc3c(C(=O)N(C3=O)c3ccc(cc3)Oc3ccc(cc3)c3ccc(cc3)Oc3ccc(cc3)*)cc1)cccc2,tg,222.5,216.25396897817768
*N1C(=O)c2c(C1=O)cc(cc2)S(=O)(=O)c1cc2c(C(=O)N(C2=O)CCCCCCOC(=O)CCCCCCCCC(=O)OCCCCCC*)cc1,tg,72.0,45.26249887789225
*N1C(=O)c2c(C1=O)cc(cc2)C(c1cc2c(C(=O)N(C2=O)CC(=O)Nc2ccc(cc2)Oc2ccc(cc2)C(c2ccc(cc2)Oc2ccc(cc2)NC(=O)C*)(C)C)cc1)(C(F)(F)F)C(F)(F)F,tg,224.0,236.44353240847857
*OCC(C*)C(C)(C)C,tg,-4.0,11.627442069954409
*NCC*,tg,-8.55,29.875954047859583
*OC(=O)c1ccc(cc1)CCCCCCc1ccc(cc1)C(=O)*,tg,20.0,61.31661816668452
*c1cc2c(C(=O)N(C2=O)c2ccc(cc2)C(c2ccc(cc2)N2C(=O)c3c(C2=O)cc(cc3)C(*)(C(F)(F)F)C(F)(F)F)(C)C)cc1,tg,297.0,291.934723415646
*OC(=O)Nc1c(ccc(c1)NC(=O)OCCN(CC*)c1cc(c(cc1)N=Nc1c(cc(cc1)[N+](=O)[O-])C)C)C,tg,135.0,115.10869830339172
*N1C(=O)c2c(C1=O)cc(cc2)Oc1cc2c(cc1)cc(cc2)Oc1cc2c(C(=O)N(C2=O)c2cc(ccc2)*)cc1,tg,230.0,231.26105304214482
*OC(=O)c1c(cc(cc1)C(=O)OCCN(CC*)c1ccc(cc1)N=Nc1[nH]c(c(n1)C#N)C#N)OCCC,tg,152.0,100.55357090496808
*C(C*)(C(=O)OCCCCc1ccc(cc1)N=Nc1ccc(cc1)OC(F)(F)F)C,tg,203.5,196.2956834956506
*c1cc2c(C(=O)N(C2=O)c2ccc(cc2)Cc2ccc(cc2)N2C(=O)c3c(C2=O)cc(cc3)C(=O)c2ccc(cc2)Oc2ccc(cc2)c2ccc(cc2)Oc2ccc(cc2)C(=O)*)cc1,tg,241.0,246.1771799311471
*N=P(*)(OC)OC,tg,-75.33,-76.23883958619288
*Oc1ccc(cc1)C=CC(=O)c1ccc(cc1)Oc1ccc(cc1)C(c1ccc(cc1)*)(c1ccccc1)C,tg,167.0,182.5152435187357
*N1C(=O)c2c(C1=O)cc(cc2)Oc1ccc(cc1)C1(CCC(CC1)C(C)(C)C)c1ccc(cc1)Oc1cc2c(C(=O)N(C2=O)Oc2c(cc(cc2C)C(c2cc(c(c(c2)C)O*)C)(C)C)C)cc1,tg,248.0,209.36197648637707
*N1C(=O)c2c(C1=O)cc(cc2)c1ccc(cc1)c1cc2c(C(=O)N(C2=O)CCCCCCOC(=O)OCCCCCC*)cc1,tg,74.0,109.158126665553
*C1C(=O)N(C(=O)C1*)c1c(cccc1)C,tg,335.0,207.15493240730635
*Oc1c(cccc1)Oc1ccc(cc1)S(=O)(=O)c1ccc(cc1)*,tg,171.0,186.1865293462291
*C(C*)c1ccc(cc1)B(c1ccc(cc1)C(C)(C)C)Oc1c2ncccc2c(cc1)Cl,tg,238.0,218.98395488634546
*O[Si](CCCCCCOC(=O)C(Oc1c(cc(cc1)OC(=O)c1ccc(cc1)c1ccc(cc1)OCCCCCCCCCC[Si](*)(C)C)[N+](=O)[O-])C)(C)C,tg,20.0,43.10320606662592
*c1ncnc(n1)N(CCCCN(*)c1ccccc1)c1ccccc1,tg,91.0,102.10144755297549
*C(C(*)(C(=O)OC(C([2H])([2H])[2H])([2H])[2H])C([2H])([2H])[2H])([2H])[2H],tg,94.0,100.21817646546138
*N1C(=O)c2c(C1=O)cc(cc2)C(=O)c1cc2c(C(=O)N(C2=O)CCCCCC(=O)Nc2ccc(cc2)Oc2ccc(cc2)NC(=O)CCCCC*)cc1,tg,195.0,169.35627343187357
*c1sc(cc1)c1sc(c(c1)CCCCCCCC)c1sc(cc1)c1sc(cc1)c1sc(cc1CCCCCCCC)c1sc(cc1)[Si]([Si]([Si]([Si](*)(C)C)(C)C)(C)C)(C)C,tg,6.0,16.150861668110597
*NNC(=O)c1cc(cc(c1)NC(=O)c1cc2c(C(=O)N(C2=O)c2ncc(cc2)C)cc1)C(=O)NNC(=O)c1ccc(cc1)C(=O)*,tg,145.6,150.28564069422345
*OC(COCC*)CCl,tg,-40.0,-57.12490637268028
*OC(COC(=O)c1cc(cc(c1)C(C)(C)C)C(=O)*)COc1ccc(cc1)N=Nc1ccc(cc1)C#N,tg,137.0,99.2623834049129
*N1C(=O)c2c(C1=O)cc(cc2)C(c1cc2c(C(=O)N(C2=O)C(=S)Nc2ccc(cc2)Oc2ccc(cc2)NC(=S)*)cc1)(C(F)(F)F)C(F)(F)F,tg,260.0,283.82652340818845
*S(=O)(=O)c1ccc(cc1)Sc1ccc(cc1)*,tg,215.0,143.74526181985397
*C(C*)(C(=O)OCC(Oc1ccc(cc1)c1ccc(cc1)c1ccc(cc1)C#N)C)C,tg,140.0,122.77349375015349
*NC(=O)CCCCC(=O)NCCCC1(c2ccccc2c2ccccc12)CCC*,tg,120.0,129.0099773873662
*C(C*)C(=O)OCCCCCn1c2ccccc2c2ccccc12,tg,53.0,59.61565701012821
*C(C(C(C*)OCC)(C(=O)OC)C)(C(=O)OC)C,tg,131.0,133.31766469051573
*O[Si](C#C[Si](C#C[Si](C#C[Si](C#C[Si](*)(C)C)(C)C)(C)C)(C)C)(C)C,tg,-23.0,100.37454273117079
*C(C*)C(=O)OCCCOc1ccc(cc1)C(=O)OCCCC(C(C(C(C(C(F)(F)F)(F)F)(F)F)(F)F)(F)F)(F)F,tg,17.0,47.487680536015375
*N(CC(CCCCC(C*)O)O)c1ccc(cc1)N(C)C,tg,72.0,55.19085038256683
*c1nc(nc(n1)c1ccc(cc1)Oc1cc2c(cc1)ccc(c2)Oc1ccc(cc1)*)c1ccccc1,tg,255.0,254.90479766540537
*c1c2c(c(nn1)c1ccc(cc1)Oc1ccc(cc1)C(c1ccc(cc1)Oc1ccc(cc1)*)(C(F)(F)F)C(F)(F)F)c(c(c(c2c1ccccc1)c1cc2c(cc1)cccc2)c1cc2c(cc1)cccc2)c1ccccc1,tg,286.0,313.6774412305811
*c1cc2c(C(=O)N(C2=O)c2cc(c(cc2)Oc2ccc(cc2)C(=O)c2cc(ccc2)N2C(=O)c3c(C2=O)cc(cc3)C(*)(C(F)(F)F)C(F)(F)F)C(F)(F)F)cc1,tg,222.0,242.62913165615194
*C(C*)OC(=O)c1c(cccc1)OC,tg,65.0,68.81958553595224
*C1CC2CC(CC(C1)O2)OC(=O)O*,tg,207.0,135.42127052865158
*Oc1c(cc(cc1)c1ccc(cc1)NC(=O)c1cc(cc(c1)C(C)(C)C)C(=O)Nc1ccc(cc1)c1cc(c(cc1)Oc1ccc(cc1)C(c1ccc(cc1)*)(C)C)C(F)(F)F)C(F)(F)F,tg,248.5,250.57664546497193
*OC(=O)NCCCCCCNC(=O)OCCC*,tg,55.0,32.07841137687729
*N1C(=O)c2c(C1=O)c(ccc2)Oc1ccc(cc1)Oc1ccc(cc1)Oc1c2c(C(=O)N(C2=O)c2ccc(cc2)Oc2ccc(cc2)*)ccc1,tg,239.0,232.7586979921898
*NC(=O)c1c(cc(cc1)C(=O)NCCCC*)Oc1ccccc1,tg,125.0,125.16714084173715
*C(=C*)C(CCCCC)[Si](C)(C)C,tg,170.0,49.42507752545662
*N1C(=O)c2c(C1=O)cc(cc2)Oc1ccc(cc1)c1ccc(cc1)Oc1cc2c(C(=O)N(C2=O)c2ccc(cc2)Oc2ccc(cc2)Sc2ccc(cc2)Oc2ccc(cc2)*)cc1,tg,212.0,200.07701393595107
*OC(COC(=O)c1ccc(cc1)C(=O)*)COc1ccc(cc1)N=Nc1ccc(cc1)C#N,tg,122.0,112.75247466228765
*C(C*)(CC(=O)OCCCCCC)C(=O)OCCCCCC,tg,-17.75,-21.02309627970044
*C(C*)(C(=O)OCCC(CC(C)(C)C)C)C,tg,1.0,63.92251186756903
*Oc1ccc(cc1)C(c1ccc(cc1)OC(=O)OCCCCCOC(=O)*)(C)C,tg,49.5,46.11177078675334
*Oc1ccc(cc1)Oc1ccc(cc1)C=Nc1ccc(cc1)N=Cc1ccc(cc1)*,tg,117.0,156.7777608219071
*NC(=O)c1cc(ccc1)C(=O)NCCC(C(CC*)C)C,tg,125.0,126.70064866912142
*NC(=O)c1cc(cc(c1)C(C)(C)C)C(=O)NCCC(C(CC*)C)C,tg,173.0,171.24709460736096
*Oc1ccc(cc1)C(c1ccc(cc1)OCC(CN(CC(C*)O)c1ccc(cc1)C#N)O)(C)C,tg,100.0,91.29143636623354
*C1C(=O)N(C(=O)C1CC*)c1ccc(cc1)N(C)C,tg,195.0,210.67903160274346
*N1C(=O)c2c(C1=O)cc(cc2)c1cc2c(C(=O)N(C2=O)c2cc(ccc2)C(=O)Nc2ccc(cc2)Oc2ccc(cc2)S(=O)(=O)c2ccc(cc2)Oc2ccc(cc2)NC(=O)c2cc(ccc2)*)cc1,tg,258.0,261.03341240641316
*c1nc2c(nc1c1ccc(cc1)C(=O)NCCCCCCCCCCCCNC(=O)c1ccc(cc1)*)cccc2,tg,154.0,145.13122659500996
*C(C*)(CC(=O)OCCC)C(=O)OCCC,tg,44.38,26.209907425571508
*C(C*)c1c(cccc1)C,tg,124.17,92.85314680408155
*OC(=O)c1cc(cc(c1)OCc1cc(cc(c1)OCc1ccccc1)OCc1ccccc1)C(=O)OCCN(CC*)c1ccc(cc1)C=Cc1sc(cc1)C=CC1=C(C(=C(C#N)C#N)OC1(c1ccccc1)C(F)(F)F)C#N,tg,130.0,144.44972916334467
*C(C*)C(=O)Oc1c(cccc1)C(=O)OCC,tg,30.0,49.62032807074642
*c1cc2c(C(=O)N(C2=O)c2ccc(cc2)Oc2ccc(cc2)C(=O)c2cc(ccc2)N2C(=O)c3c(C2=O)cc(cc3)C(=O)*)cc1,tg,251.0,248.71631183800827
*N1C(=O)c2c(C1=O)cc(cc2)Oc1ccc(cc1)C(c1ccc(cc1)Oc1cc2c(C(=O)N(C2=O)c2ccc(cc2)S(=O)(=O)c2ccc(cc2)*)cc1)(C)C,tg,240.0,243.87281666370623
*Oc1ccc(cc1)NCC(=O)c1ccc(cc1)Sc1ccc(cc1)C(=O)CNc1ccc(cc1)*,tg,208.0,183.27542244911294
*N(CC(CN(CC(C*)O)c1ccc(cc1)N=Nc1ccc(cc1)[N+](=O)[O-])O)c1ccccc1,tg,70.0,108.61257368732491
*N=P(*)(OCc1ccc(cc1)c1ccccc1)OCc1ccc(cc1)c1ccccc1,tg,52.0,91.80901820063904
*C1C2C(C(C(C1*)C2)C(=O)OCc1ccccc1)C(=O)OCc1ccccc1,tg,277.0,219.52913047853087
*c1cc2C3(CC(CC(C3)(C)C)(C)C)c3c(c2cc1)ccc(c3)c1cc2C(c3c(c2cc1)ccc(c3)*)(CCCCCCCC)CCCCCCCC,tg,132.0,146.50147270557488
*Nc1cc(ccc1)CCc1ccc(cc1)NC(=O)c1cc(ccc1)C(=O)*,tg,203.0,272.0929339416609
*Oc1ccc(cc1)C=Nc1ccc(cc1)N=Cc1ccc(cc1)Oc1ccc(cc1)C(c1ccc(cc1)*)(c1ccccc1)c1ccccc1,tg,230.0,197.69712135117328
*N1C(=O)c2c(C1=O)cc(cc2)C(=O)Nc1ccc(cc1)S(=O)(=O)c1ccc(cc1)NC(=O)C*,tg,232.0,180.3523951009654
*S(=O)(=O)c1cc(ccc1)NC(=O)CCCCCCCCC(=O)Nc1cc(ccc1)*,tg,112.0,87.81911145606638
*Sc1ccc(cc1)Cc1ccc(cc1)SC(=O)*,tg,117.0,125.54562563512198
*C(=CCCC*)c1ccc(cc1)OC,tg,11.0,14.075112318236627
*Oc1ccc(cc1)C(=Cc1ccc(cc1)c1ccc(cc1)C=C(c1ccc(cc1)OC(=O)c1cc(ccc1)C(=O)*)c1ccccc1)c1ccccc1,tg,224.0,189.6862688788198
*Nc1c(cc(cc1)*)OC,tg,90.0,168.4966568077629
*Oc1ccc(cc1)NC(=O)c1cc(cc(c1)NC(=O)c1ccc(cc1)OC(=O)C)C(=O)Nc1ccc(cc1)Oc1ccc(cc1)c1ccc(cc1)*,tg,252.0,247.52995665017184
*NC(=O)CCCCCCCCCCC(=O)NCCCCCCCC*,tg,50.0,51.06775401626234
*Oc1c(cc(cc1)S(=O)(=O)c1cc(c(cc1)Oc1c(cc(cc1C)C(c1cc(c(c(c1)C)*)C)(C(F)(F)F)C(F)(F)F)C)Br)Br,tg,230.8,238.1239032271094
*Oc1ccc(cc1)C(=O)Nc1cc(cc(c1)c1nc2c([nH]1)cccc2)NC(=O)c1ccc(cc1)*,tg,335.0,282.2476426113694
*C(C*)(C(=O)OC(C(C)(C)C)C)C,tg,108.0,93.05068088962565
*Oc1ccc(cc1)C(=O)c1ccc(cc1)Oc1ccc(cc1)C(=O)c1c(c(c(c(c1c1ccccc1)c1cc2c(cc1)cccc2)c1cc2c(cc1)cccc2)c1ccccc1)C(=O)c1ccc(cc1)*,tg,290.0,304.3154738847908
*C1(c2c(NC1=O)c(cc(c2)Cl)Cl)c1ccc(cc1)OC(=O)c1cc(ccc1)C(=O)Oc1ccc(cc1)*,tg,270.0,255.81618882163608
*N1C(=O)c2c(C1=O)cc(cc2)[Si](c1ccc(cc1)[Si](c1cc2c(C(=O)N(C2=O)c2ccc(cc2)Cc2ccc(cc2)*)cc1)(C)C)(C)C,tg,295.0,288.8102087397456
*Oc1ccc(cc1)C1(c2ccccc2c2ccccc12)c1ccc(cc1)Oc1c(cc(cc1)C(=O)c1ccc(cc1)C(=O)c1cc(c(cc1)*)C(F)(F)F)C(F)(F)F,tg,229.0,241.30858551121565
*C(C*)OC(=O)c1cc(ccc1)C,tg,49.0,60.15884565375578
*C1C(=O)OC(=O)C1C(C*)OC1CCCCC1,tg,201.0,135.79175771146788
*C(C*)c1ccc(cc1)c1cc2C(c3c(c2cc1)ccc(c3)c1cc2C(c3c(c2cc1)cccc3)(CCCCCC)CCCCCC)(CCCCCC)CCCCCC,tg,78.33,96.22656908816651
*Oc1ccc(cc1)C(c1ccc(cc1)OC(=O)c1ccc(cc1)C(=O)c1ccc(cc1)C(=O)*)(C)C,tg,194.0,156.82075016540406
*c1nc2c(nc1c1ccccc1)cc(cc2)c1cc2c(nc(c(n2)c2ccccc2)c2ccc(cc2)Oc2ccc(cc2)*)cc1,tg,335.33,300.05680331897
*C=CCC(C*)c1ccccc1,tg,14.0,47.95793879993849
*Oc1ccc(cc1)c1cc(c(c(c1)c1ccc(cc1)c1ccccc1)c1ccc(cc1)NC(=O)c1ccc(cc1)C(=O)Nc1ccc(cc1)c1c(cc(cc1c1ccc(cc1)c1ccccc1)c1ccc(cc1)OCCCCCC*)c1ccc(cc1)c1ccccc1)c1ccc(cc1)c1ccccc1,tg,121.5,154.09105331647044
*c1nc2cc3c(cc2nc1)ncc(n3)c1ccc(cc1)Oc1ccc(cc1)*,tg,353.0,336.80159889615555
*[Si](c1c(cccc1)C*)(c1ccccc1)c1ccccc1,tg,122.0,76.22301617337256
*c1ccc(cc1)C=C*,tg,230.0,131.99758829008005
*Oc1ccc(cc1)CC(NC(=O)Cc1ccc(cc1)OC(=O)CC(CCC(=O)*)C)C(=O)OCC,tg,63.0,60.4056228899096
*Oc1ccc(cc1)N1ON1c1ccc(cc1)OCCCCCCOC(=O)C(C(=O)OCCCCCC*)CCCCCCCCCCP(=O)(O)O,tg,12.5,19.191728190124817
*NC(=O)C(=CC(=O)NCCCCCC*)C,tg,94.0,100.63691990325671
*N1C(=O)c2c(C1=O)cc(cc2)Oc1ccc(cc1)Oc1ccc(cc1)Oc1cc2c(C(=O)N(C2=O)c2cc(ccc2)*)cc1,tg,227.0,224.26155299647962
*Oc1ccc(cc1)Oc1ccc(cc1)C(=O)c1ccc(cc1)P(=O)(c1ccc(cc1)C(=O)c1ccc(cc1)*)c1ccccc1,tg,207.0,195.78032625565325
*C(C*)C(=O)OCCCOc1ccc(cc1)N=Nc1ccc(cc1)[N+](=O)[O-],tg,45.6,61.88912583777978
*Oc1ccc(cc1)C1(CCCCC1)c1ccc(cc1)OC(=O)c1ccc(cc1)C(=O)*,tg,275.0,196.22186318847406
*[n+]1ccc(cc1)c1cc[n+](cc1)Cc1ccc(cc1)C*,tg,95.0,147.7840417301172
*SC(=O)CCCCC*,tg,19.0,-9.446925503247957
*N1C(=O)c2c(C1=O)cc(cc2)Oc1cc(ccc1)Oc1cc2c(C(=O)N(C2=O)c2ccc(cc2)Oc2ccc(cc2)S(=O)(=O)c2ccc(cc2)Oc2ccc(cc2)*)cc1,tg,201.0,207.362962657789
*C(C*)c1c(ccc(c1)C(C)(C)C)C,tg,87.0,128.4570866849367
*C(CC(C*)c1ccc(cc1)CCl)(C#N)C#N,tg,150.0,139.8196213042836
*N1C(=O)C2C(C1=O)C(=CC(C2)C1C(=O)N(C(=O)C1)c1ccc(cc1)Oc1ccc(cc1)*)C,tg,278.0,294.0562416181967
*NC(=O)C(C(C(=O)NCCCCCCC*)OC)OC,tg,87.0,87.65308427482056
*OC(=O)Nc1c(ccc(c1)NC(=O)OCCN(CC*)c1ccc(cc1)N=Nc1ccc(cc1)c1nc2c(n1CC)cc(cc2)[N+](=O)[O-])C,tg,158.0,185.51487460524953
*OC(=O)c1cc(ccc1)C(=O)OCCN(CC*)c1ccccc1,tg,60.0,80.09497537858985
*c1nc2c(nc1)cc(cc2)c1cc2c(nc(cn2)c2ccc(cc2)*)cc1,tg,350.0,393.3172309818025
*Sc1ccc(cc1)C(=O)CNCCCCCCCCNCC(=O)c1ccc(cc1)*,tg,231.0,56.17184804522198
*c1oc(nn1)c1ccc(cc1)Oc1c2c(ccc1)c(ccc2)NC(=O)c1ccc(cc1)C(c1ccc(cc1)C(=O)Nc1c2c(ccc1)c(ccc2)Oc1ccc(cc1)*)(C(F)(F)F)C(F)(F)F,tg,279.0,264.18348687687205
*OP(=O)(OC(COc1ccc(cc1)S(=O)(=O)c1ccc(cc1)OCC(*)CCl)CCl)Oc1ccccc1,tg,48.0,96.75978167936935
*c1ncnc(n1)N(CCCCCCN(*)c1ccccc1)c1ccccc1,tg,72.0,50.46734656403851
*C(C*)OC(=O)c1c2c(n(n1)C(=O)C)cccc2,tg,150.0,146.59692762497932
*Oc1ccc(cc1)NC(=O)c1ccc(cc1)S(=O)(=O)c1ccc(cc1)C(=O)Nc1ccc(cc1)Oc1ccc(cc1)C(c1ccc(cc1)*)(C(F)(F)F)C(F)(F)F,tg,250.0,247.14827457192766
*Oc1ccc(cc1)Oc1c(cc(cc1)C(=O)c1cc(c(cc1)*)S(=O)(=O)O)S(=O)(=O)O,tg,220.0,208.4616410852161
*c1cc2c(cc1OC(=O)COc1ccc3c(c1)oc(=O)cc3)oc(=O)c(c2)C(=O)Nc1ccc(cc1)Oc1ccc(cc1)NC(=O)c1c(=O)oc2c(cc(c(c2)OC(=O)COc2ccc3c(c2)oc(=O)cc3)C*)c1,tg,226.0,236.04967562863288
*c1cc2C(c3c(c2cc1)ccc(c3)c1c(cc(c(c1)CCCCCC)*)CCCCCC)(CCCCCC)CCCCCC,tg,78.8,71.54613734597395
*C(C*)C(=O)OCCO,tg,0.1,46.2154532795666
*C(=CCC*)CCCCCCCCCC,tg,-53.0,-31.35241417649001
*N1C(=O)c2c(C1=O)cc(cc2)Oc1ccc(cc1)Oc1ccc(cc1)Oc1cc2c(C(=O)N(C2=O)c2ccc(cc2)Oc2cc(ccc2)Oc2ccc(cc2)*)cc1,tg,184.0,187.51181248233976
*N1CCN(CC1)C(=O)OCC(COC(=O)*)(C)C,tg,70.0,76.90981101820121
*N1C(=O)c2c(C1=O)cc(cc2)Oc1ccc(cc1)Oc1cc2c(C(=O)N(C2=O)c2ccc(cc2)Oc2ccc(cc2)c2ccc(cc2)Oc2ccc(cc2)*)cc1,tg,230.0,209.4415999302486
*C(C*)(C(=O)OCCCC)C,tg,28.5,14.641173917364295
*Oc1cc(ccc1)C(=O)c1ccc(cc1)*,tg,132.67,161.35933710587318
*C(C*)OC(=O)c1ccncc1,tg,98.5,83.45795875993544
*OC(=O)CCC(=O)OCCOCC*,tg,-41.51,-17.54216047494613
*C(C*)c1c(c(c(c(c1F)F)OCC(C(C(C(C(C(C(F)(F)F)(F)F)(F)F)(F)F)(F)F)(F)F)(F)F)F)F,tg,21.0,61.64069318586478
*c1cc2c(C(=O)N(C2=O)c2ccc(cc2)Oc2c3c(ccc2)c(ccc3)Oc2ccc(cc2)N2C(=O)c3c(C2=O)cc(cc3)C(=O)Nc2ccc(cc2)Oc2ccc(cc2)S(=O)(=O)c2ccc(cc2)Oc2ccc(cc2)NC(=O)*)cc1,tg,260.0,273.8059280787599
*N(c1ccc(cc1)C(c1ccc(cc1)*)c1ccccc1)c1ccc(cc1)C,tg,199.0,154.84304735350338
*c1oc2c(n1)ccc(c2)c1ccc2c(oc(n2)c2ccc(cc2)C(c2ccc(cc2)*)(c2ccccc2)C(F)(F)F)c1,tg,350.0,306.8768031732672
*OP(=O)(N=Nc1ccc(cc1)Oc1ccc(cc1)N=NP(=O)(OCc1ccc(cc1)C*)OC)OC,tg,50.0,46.177426568818234
*C(C*)OC(=O)OC([2H])([2H])[2H],tg,55.0,52.19555908792024
*c1ccc2c(nc([nH]2)c2cc(ccc2)c2nc3c([nH]2)ccc(c3)C(=O)Nc2nc(ccc2)NC(=O)*)c1,tg,302.0,303.78401566381257
*N1C(=O)c2c(C1=O)cc(cc2)Oc1ccc(cc1)C1(CCC(CC1)C(C)(C)C)c1ccc(cc1)Oc1cc2c(C(=O)N(C2=O)c2ccc(cc2)Oc2c(cc(cc2)Oc2ccc(cc2)*)C(C)(C)C)cc1,tg,233.0,244.86095427044614
*c1cc2c(C(=O)N(C2=O)c2cc(cc(c2)C(=O)O)N2C(=O)c3c(C2=O)cc(cc3)C(*)(C(F)(F)F)C(F)(F)F)cc1,tg,361.5,290.70753115762045
*Oc1ccc(cc1)Cc1ccc(cc1)OCC(C*)O,tg,80.0,91.80342678830215
*C(C*)c1c(ccc(c1)C(=O)Oc1ccc(cc1)OCCCCCC)C(=O)Oc1ccc(cc1)OCCCCCC,tg,100.0,92.4310104410812
*Oc1ccc(cc1)S(=O)(=O)c1ccc(cc1)Oc1ccc(cc1)C=C1C(=O)C(=Cc2ccc(cc2)*)CCCC1,tg,186.0,228.88892729506688
*c1cc2c(C(=O)N(C2=O)c2cc(ccc2)Oc2c(c(ccc2)Oc2cc(ccc2)N2C(=O)c3c(C2=O)cc(cc3)C(=O)Nc2cc(ccc2)Oc2c(c(ccc2)Oc2cc(ccc2)Oc2c(c(ccc2)Oc2cc(ccc2)NC(=O)*)C#N)C#N)C#N)cc1,tg,193.0,200.82709852935432
*NC(C(=O)*)CCC(=O)OCCC,tg,-10.0,12.2376682805435
*O[Si](O[Si](O[Si](O[Si](c1cc(ccc1)[Si](*)(C)C)(C)C)(C)C)(C)C)(C)C,tg,-75.0,-57.98926709526488
*C(C*)(C(=O)OCCCCCCc1ccc(cc1)C(=Cc1ccc(cc1)OC)C)C,tg,31.0,66.91377797195156
*C1(OC(OC1(*)F)(C(Cl)(F)F)C(F)(F)F)F,tg,330.0,137.79038022910964
*OC(=O)CCCCC(=O)OCCCCCCCCCCCCCCCC*,tg,-15.0,-58.43513733902866
*C1COC2C1OCC2OC(=O)C(NC(=O)CCCCCCCCCCC(=O)NC(C(=O)O*)C)C,tg,28.0,71.90074440809087
*c1cc2c(C(=O)N(C2=O)c2c(cc(cc2)N2C(=O)c3c(C2=O)cc(cc3)C(=O)*)S(=O)(=O)O[Na])cc1,tg,214.0,253.92063177302924
*C(C*)OC(=O)c1cc(ccc1)Br,tg,57.5,72.05702320696291
*S(=O)(=O)NCCCCNS(=O)(=O)c1cc(ccc1)*,tg,82.0,47.08878536631453
*OP(=O)(OCCCCOc1c(cc(cc1)C=C1C(=O)C(=Cc2cc(c(cc2)OCCCC*)OC)CC1)OC)OCC,tg,79.0,75.07416388136878
*Oc1ccc(cc1)C(c1ccc(cc1)OC(=O)c1c(cccc1)c1c(cccc1)C(=O)*)(C(F)(F)F)C(F)(F)F,tg,162.0,170.31363627207455
*Nc1ccc(cc1)C(c1ccc(cc1)NC(=O)c1cc(ccc1)C(=O)*)(C)C,tg,278.33,285.83935650903754
*OC(=O)NC1CC(CC(C1)(CNC(=O)OCC*)C)(C)C,tg,84.0,81.0553820592306
*N1C(=O)c2c(C1=O)cc(cc2)C(=O)Oc1ccc(cc1)C1(c2c(C(=O)O1)cccc2)c1ccc(cc1)OC(=O)CCCCCCCCCCC*,tg,114.0,95.49068240012656
*c1cc2c(C(=O)N(C2=O)c2ccc(cc2)Oc2ccc(cc2)N2C(=O)c3c(C2=O)cc(cc3)C(CCCCC(*)(C)C)(C)C)cc1,tg,168.25,187.80383384136454
*OC(=O)c1ccc(cc1)C(=O)OCCN(CC*)c1ccc(cc1)C=C(C#N)C#N,tg,127.0,98.80784284055174
*C1(c2c(C(=O)O1)cccc2)c1ccc(cc1)OC(=O)Oc1ccc(cc1)*,tg,252.5,197.153613201728
*c1cc2c(C(=O)N(C2=O)c2c(cc(cc2C)c2cc(c(c(c2)C)N2C(=O)c3c(C2=O)cc(cc3)C(=O)Nc2c(ccc(c2)NC(=O)*)N=Nc2ccc(cc2)[N+](=O)[O-])C)C)cc1,tg,278.0,289.3241622508419
*Oc1ccc(cc1)C(CC(c1ccc(cc1)OCC(C*)O)C)(C)C,tg,75.0,87.01226424032016
*O[Si](O[Si](O[Si](O[Si](O[Si](O[Si](Oc1c2ccccc2c2ccccc2c1*)(C)C)(C)C)(C)C)(C)C)(C)C)(C)C,tg,-68.0,-41.451171997451766
*c1cc2c(C(=O)N(C2=O)c2cc(ccc2)P(=O)(c2cc(ccc2)N2C(=O)c3c(C2=O)cc(cc3)C(=O)Nc2ccc(cc2)NC(=O)*)c2ccccc2)cc1,tg,204.0,269.16490998171366
*N1C(=O)c2c(C1=O)cc(cc2)Oc1ccc(cc1)C1(CCCCCCCCCCC1)c1ccc(cc1)Oc1cc2c(C(=O)N(C2=O)c2ccc(cc2)Oc2ccc(cc2)C2(C3CCC(C2)C3)c2ccc(cc2)Oc2ccc(cc2)*)cc1,tg,259.0,261.2881963644333
*N(CC*)C(=O)C,tg,77.0,61.855401499084465
*SCC*,tg,-5.5,-67.47090315025898
*Oc1ccc(cc1)S(=O)(=O)c1ccc(cc1)c1ccc(cc1)c1ccc(cc1)S(=O)(=O)c1ccc(cc1)*,tg,311.0,255.26365532692304
*Oc1ccc(cc1)CC(NC(=O)CCc1ccc(cc1)OC(=O)COCCOCC(=O)*)C(=O)OCC(C)C,tg,50.0,45.181679476156866
*OC(=O)CCCCCCCCC(=O)OCC#CC(=Cc1ccc(cc1)C#Cc1ccccc1)C#CC*,tg,60.0,38.58594298092243
*Oc1cc2c(cc1OCCNC(=O)c1ccc(cc1)C(=O)NCC*)cccc2,tg,136.0,154.1586838538917
*C(C*)CCCCCCCCCCCC,tg,10.0,-54.819749214380266
*N1C(=O)c2c(C1=O)cc(cc2)c1cc2c(C(=O)N(C2=O)c2ccc(cc2)Sc2ccc(cc2)Sc2ccc(cc2)Sc2ccc(cc2)*)cc1,tg,227.1,251.44993319029828
*Oc1c(cc(cc1Cl)C(c1cc(c(c(c1)Cl)OC(=O)*)Cl)C1C2CCC(C1)C2)Cl,tg,270.0,221.69437121067628
*C1C(=O)N(C(=O)C1C(C*)(C)C)c1c(cccc1)C,tg,207.0,235.67309152074634
*N=Nc1ccc(cc1)Nc1ccc(cc1)C(=O)c1ccc(cc1)C(=O)c1ccc(cc1)Nc1ccc(cc1)*,tg,203.0,222.14545252721098
*OC(=O)C(C(=O)OCCOCC*)CCCCCCCCC,tg,-59.0,-55.90456834812818
*C(C*)OCC(C)C,tg,-21.51,-48.97640122993579
*C(C*)C(=O)OCCCCCCOc1ccc(cc1)C(=O)Oc1ccc(cc1)OC,tg,24.75,32.0085215952295
*Oc1c(cccc1)C(=O)OC(=O)c1c(cccc1)OC(=O)CCCCC(=O)*,tg,60.0,42.94396845618534
*O[Si](CCC(C(C(C(C(C(C(C(C(C(CC[Si](*)(CCC(F)(F)F)C)(F)F)(F)F)(F)F)(F)F)(F)F)(F)F)(F)F)(F)F)(F)F)(F)F)(CCC(F)(F)F)C,tg,-11.0,-58.25014835679806
*O[Si](O[Si](O[Si](c1ccc(cc1)Oc1ccc(cc1)[Si](*)(C)C)(C)C)(C)C)(C)C,tg,-37.0,-42.01960630008945
*Oc1ccc(cc1)C(c1ccc(cc1)OCC(COC(=O)CCCCCCC(=O)OCC(C*)O)O)(C)C,tg,35.0,25.3157331047838
*c1sc(cc1CCCCCCOC(=O)Cc1ccccc1)*,tg,45.0,46.86449156329611
*C(=C(*)C)CCCCCCC,tg,160.0,94.00491712601044
*C1C(=O)N(C(=O)C1*)c1cc(c(c(c1)Br)O[Si](CC)(CC)CC)Br,tg,160.0,146.80766794534296
*c1ccc(cc1)c1c(cc(c(c1)OCCCCCC)c1ccc(cc1)C=C1C(=O)C(=C*)CCC1)OCCCCCC,tg,85.0,85.299942274378
*Oc1ccc(cc1)C(c1ccc(cc1)OCC(C*)OC(=O)c1ccccc1)(c1ccccc1)C,tg,126.0,125.32423364639948
*S(=O)(=O)c1ccc(cc1)C#Cc1ccc(cc1)N(CC(CCC*)O)CCCC,tg,48.0,75.76433291332357
*N(CC*)C(=O)CC,tg,59.08,25.298101719721764
*c1sc(cc1)c1sc(cc1)[Si](*)(C)C,tg,45.0,58.16126825523976
*C(C*)(C(=O)OCCCCCCCCCCCOc1cc2c(cc1)cc(cc2)C(=O)Oc1ccccc1)C,tg,10.0,21.689523624634365
*Oc1ccc(cc1)NC(=O)c1ccc(cc1)*,tg,225.0,250.36561586573123
*N1C(=O)c2c(C1=O)cc(cc2)Oc1ccc(cc1)Oc1ccc(cc1)Oc1cc2c(C(=O)N(C2=O)c2ccc(cc2)Oc2ccc(cc2)*)cc1,tg,215.0,215.70627163701963
*c1nc2c([nH]1)cc(cc2)c1cc2c(nc([nH]2)c2cc(ccc2)*)cc1,tg,395.88,391.38884704780804
*OC(=O)NCCCCCCNC(=O)OCCCCCCCCC*,tg,58.0,16.62327759711173
*C(C(CCCCCC*)Cl)Cl,tg,-18.0,-36.65854730419613
*C1C2CC(=CC)C(C1*)C2,tg,61.4,176.59104922191136
*C(C*)(C(=O)OCCCCCCOc1ccc(cc1)N=Nc1ccncc1)C,tg,40.0,71.6464010664364
*C(=C(*)c1ccccc1)c1ccc(cc1)CCCC,tg,200.0,121.16237227835484
*c1cc2c(C(=O)N(C2=O)c2cc(c(cc2)C(=O)Nc2ccc(cc2)C(c2ccc(cc2)NC(=O)*)(C(F)(F)F)C(F)(F)F)C)cc1,tg,320.0,271.8883241445307
*C(=C(*)c1ccccc1)CCCCCC,tg,200.0,55.21221114893796
*C(C*)(CCCCCCCC)C(=O)OC,tg,20.0,3.1032710697353614
*c1cc2c(C(=O)N(C2=O)C2C(=O)N(C(=O)C2)c2ccc(cc2)Oc2ccc(cc2)NC(=O)*)cc1,tg,223.0,178.3776954984883
*Oc1ccc(cc1)S(=O)(=O)c1ccc(cc1)Oc1c(cc(cc1C)C(c1cc(c(c(c1)C)*)C)(C(F)(F)F)C(F)(F)F)C,tg,241.88,223.3815317374068
*C(C*)C(=O)OCCCCCCCCCCCCOC(=O)c1ccc(cc1)OC(=O)c1ccc(cc1)C#N,tg,15.0,12.163529160301795
*c1cc2c(C(=O)N(C2=O)c2ccc(cc2)Oc2ccc(cc2)N2C(=O)c3c(C2=O)cc(cc3)C(=O)Nc2ccc(cc2)Oc2ccc(cc2)Oc2ccc(cc2)NC(=O)*)cc1,tg,260.0,266.156446820207
*OC(=O)CCC(=O)OCC*,tg,-11.33,18.994680335828466
*C(C*)(C(=O)OCC)CC,tg,27.0,75.319001759331
*OC(=O)CCOCC*,tg,-35.55,-32.073041800576256
*C(C*)c1ccc(cc1)C(CCN(C)C)O,tg,43.0,94.0064697311948
*C(C*)C(=O)OCCCCOc1ccc(cc1)N=Nc1ccc(cc1)[N+](=O)[O-],tg,36.7,37.297032034154306
*c1cc2c(C(=O)N(C2=O)c2ccc(cc2)C2(CC(CC(C2)C)(C)C)c2ccc(cc2)NC(=O)*)cc1,tg,328.0,329.9751812009505
*C(C*)C(=O)Nc1ccc(cc1)C(=O)C=Cc1ccc(cc1)Br,tg,64.0,132.21726747302284
*N=P(*)(OCCCc1ccccc1)OCCCc1ccccc1,tg,-47.0,-5.436285862374481
*Oc1ccc(cc1)SC(=O)Sc1ccc(cc1)*,tg,117.0,154.13509801358722
*C(C*)c1cc2c(OCO2)cc1,tg,138.0,108.22048455730031
*c1nc2cc3c(cc2nc1c1ccccc1)nc(c(n3)c1ccccc1)c1cc(ccc1)*,tg,365.0,353.1085590363296
*c1cc2c(C(=O)N(C2=O)c2ccc(cc2)Cc2ccc(cc2)N2C(=O)c3c(C2=O)cc(cc3)C(=O)c2ccc(cc2)c2ccc(cc2)C(c2ccc(cc2)c2ccc(cc2)C(=O)*)(C)C)cc1,tg,216.0,243.9203914344378
*OC(=O)NNC(=O)CCCCCCCCC(=O)NNC(=O)OCCCCCCCC*,tg,38.0,32.85903444059718
*C1OC(C(C(C1OC(=O)Nc1ccccc1)OC(=O)Nc1ccccc1)O*)COC(=O)Nc1ccccc1,tg,217.0,116.85051881354362
*C(C*)(C(=O)OCCCCCCOc1ccc(cc1)C(=O)Oc1c2c(c(cc1)N=Nc1ccc(cc1)I)cccc2)C,tg,40.0,51.71779406083425
*Oc1ccc(cc1)C(c1ccc(cc1)Oc1ccc(cc1)C(=O)Nc1cc(ccc1)NC(=O)c1ccc(cc1)*)(C)C,tg,214.0,190.44012942993297
*C=CC(C(*)C(=O)OC12CC3CC(CC(C1)C3)C2)C,tg,115.0,166.71467410192002
*C(CCCCC*)CCCCCCCCCC,tg,-65.0,-50.8989441151718
*C1=CC(=C(C#N)C#N)C=C(O1)C=Cc1sc(c(c1CCCCCC)CCCCCC)c1sc(cc1)c1sc(cc1)c1sc(cc1)c1sc(c(c1CCCCCC)CCCCCC)C=C*,tg,134.0,103.75751832669351
*OC(=O)CCCCC(=O)OCCN(CC*)c1ccc(cc1)C=NN(c1ccccc1)c1ccccc1,tg,54.0,75.30202602664008
*C(C*)(C(=O)OCc1ccc2n(c3c(c2c1)cccc3)CCCCCCCCCCCCCC)C,tg,26.0,31.510606813173084
*C(C*)(C(=O)Oc1ccc(cc1)C(C)(C)C)C,tg,88.57,137.66825966589818
*NC(=O)CCCCCCCC(=O)NCCCCCC*,tg,37.61,49.38548919904004
*N1C(=O)c2c(C1=O)cc(cc2)Oc1ccc(cc1)Oc1cc2c(C(=O)N(C2=O)c2ccc(cc2)Oc2ccc(cc2)Sc2ccc(cc2)Oc2ccc(cc2)*)cc1,tg,201.0,196.07276623698547
*C(C*)(C(=O)OCCCCCCCCCCCOc1ccc(cc1)N=Nc1ccc(cc1)OC(=O)c1cc2c(OCCOCCOCCOCCO2)cc1)C,tg,59.0,47.57372586148976
*c1cc2c(C(=O)N(C2=O)c2ccc(cc2)Oc2ccc(cc2)N2C(=O)c3c(C2=O)cc(cc3)C(C(C(*)(F)F)(F)F)(F)F)cc1,tg,216.5,231.14988949233623
*c1cc2c(C(=O)N(C2=O)c2ccc(cc2)NC(=O)Nc2ccc(cc2)N2C(=O)c3c(C2=O)cc(cc3)C(=O)Nc2ccc(cc2)c2nc(cc(c2)c2ccccc2)c2ccc(cc2)NC(=O)*)cc1,tg,215.0,246.27898462919703
*NC(=O)c1c(cc(cc1)C(=O)NCCCCCCCCCC*)Sc1ccccc1,tg,100.0,94.76867928108916
*C(C*)c1c(c(c(c(c1[2H])[2H])[2H])[2H])[2H],tg,100.0,96.99856093688474
*OC(=O)OCC(C(C*)OC(=O)C)OC(=O)C,tg,51.38,28.631893403280486
*N1C(=O)c2c(C1=O)cc(cc2)C(=O)Nc1cc(ccc1)S(=O)(=O)c1ccc(cc1)NC(=O)c1cc2c(C(=O)N(C2=O)CCCCCC*)cc1,tg,190.0,199.86544463904266
*Oc1ccc(cc1)CC(NC(=O)CCc1ccc(cc1)OC(=O)CCC(=O)*)C(=O)OCCCCCCCC,tg,46.75,42.58347528072931
*C(C*)c1c(ccc(c1)C(=O)Oc1ccc(cc1)OCCCCCCCCCC)C(=O)Oc1ccc(cc1)OCCCCCCCCCC,tg,109.0,108.76573837405795
*c1cc2c(C(=O)N(C2=O)c2ccc(cc2)Oc2ccc(cc2)N2C(=O)c3c(C2=O)cc(cc3)C(=O)Nc2ccc(cc2)Oc2ccc(cc2)C2(c3c(C(=O)N2)cccc3)c2ccc(cc2)Oc2ccc(cc2)NC(=O)*)cc1,tg,320.0,316.61448409925094
*N1C(=O)c2c(C1=O)cc(cc2)Oc1cc2c(C(=O)N(C2=O)c2ccc(cc2)Oc2ccc(cc2)C(=O)c2nc(ccc2)C(=O)c2ccc(cc2)Oc2ccc(cc2)*)cc1,tg,208.6,237.96396257211723
*C(C*)C1CCC(CC1)C,tg,132.0,112.49446420470203
*N1C(=O)c2c(C1=O)cc(cc2)S(=O)(=O)c1cc2c(C(=O)N(C2=O)c2ccc(cc2)N(c2ccc(cc2)*)c2ccc(cc2)N(C)C)cc1,tg,331.0,275.72589711848207
*c1oc(cc1)C(=O)OCCOC(=O)*,tg,85.56,76.1371893334498
*C(C(*)(F)F)(OC(F)(F)F)OC(F)(F)F,tg,-60.0,-22.42099918950833
*c1sc(nn1)c1cc(ccc1)OC(=O)CCCCCCCCC(=O)Oc1ccc(cc1)C=C*,tg,37.0,47.363365025808214
*OC(=O)NCC(C(C(C(CNC(=O)OCC(C(C*)(F)F)(F)F)(F)F)(F)F)(F)F)(F)F,tg,38.0,19.704830542855827
*Oc1ccc(cc1)C(c1ccc(cc1)OCOc1ccc(cc1)C(c1ccc(cc1)OCCCCCCCCCCCC*)(C)C)(C)C,tg,37.0,48.11846452132202
*C(C*)C(=O)OC1CCCCCCCCCCC1,tg,37.0,34.63769778274351
*C(C(C(C*)OC(=O)C)CCC(O)(C)C=C)(C)C,tg,85.0,58.093271244976776
*c1sc(nn1)c1ccc(cc1)C(=O)OCCCCCCOC(=O)c1ccc(cc1)*,tg,125.0,79.45868529741217
*c1ccc2n(c3c(c2c1)cc(cc3)c1cc2C(c3c(c2cc1)ccc(c3)*)(CCCCCC)CCCCCC)c1ccc(cc1)C,tg,155.0,167.95432360122393
*Oc1ccc(cc1)C(=Cc1ccc(cc1)c1ccc(cc1)C=C(c1ccc(cc1)OC(=O)*)c1ccccc1)c1ccccc1,tg,203.0,162.16046650341914
*Oc1ccc(cc1)C1(CCC(CC1)C(C)(C)C)c1ccc(cc1)Oc1ccc(cc1)C(=O)Oc1ccc(cc1)C1(CCC(CC1)c1ccccc1)c1ccc(cc1)OC(=O)c1ccc(cc1)*,tg,172.0,192.4631997820769
*Oc1ccc(cc1)C(=O)OC(=O)c1ccc(cc1)OC*,tg,84.0,82.382411524193
*OC(=O)CCCCC(=O)OCC(C*)CCCCCCOc1ccc(cc1)N=Nc1ccc(cc1)Cl,tg,9.0,45.164933756390454
*C(C*)(C(=O)OCCF)C,tg,90.0,65.81277939124843
*Oc1ccc(cc1)Oc1ccc(cc1)C(=Nc1ccc(cc1)Oc1ccc(cc1)N=C(c1ccc(cc1)*)c1ccccc1)c1ccccc1,tg,162.0,174.42102502823383
*N=P(*)(OCCOC)OCCOC,tg,-75.0,-83.31356437439733
*Oc1ccc(cc1)Oc1ccc(cc1)Oc1cc(ccc1)C(=O)Oc1ccc(cc1)OC(=O)c1cc(ccc1)*,tg,101.0,111.32404673041954
*C(C*)C(C)C,tg,10.97,22.251008001287833
*OP(=O)(Oc1c(cc(cc1C)S(=O)(=O)c1cc(c(c(c1)C)*)C)C)Oc1ccc(cc1)OC,tg,147.0,143.8629906394195
*C(C*)(C(=O)OCCOCCOCCOCCOCCOCCOCCOCCOC)C,tg,-58.0,-39.51693311543002
*OC(=O)C1CCC(CC1)C(=O)OCC1CCC(CC1)C*,tg,67.68,81.72682280649467
*c1cc2c(oc(n2)c2ncc(cc2)c2oc3c(n2)cc(cc3)C(*)(C(F)(F)F)C(F)(F)F)cc1,tg,352.0,325.17405327062147
*C1COC2C1OCC2Oc1ccc(cc1)NC(=O)c1ccc(cc1)OC1COC2C1OCC2Oc1ccc(cc1)C(=O)Nc1ccc(cc1)O*,tg,165.0,187.2803413804149
*OC(=O)c1ccc(cc1)CCCCc1ccc(cc1)C(=O)*,tg,46.0,76.6980895905704
*[SiH](C#Cc1cc(ccc1)C#C*)C,tg,72.0,92.39965765084936
*C(C*)c1c(cccc1)COCCC(C)C,tg,78.0,28.558509600213725
*c1ccc2c(nc([nH]2)c2ccc(cc2)C(=O)Nc2cc(ccc2)NC(=O)*)c1,tg,325.0,293.3244925539202
*c1cc2c(C(=O)N(C2=O)c2ccc(cc2)c2sc(c(c2c2ccccc2)c2ccccc2)c2ccc(cc2)N2C(=O)c3c(C2=O)cc(cc3)C(=O)Nc2cc(ccc2)NC(=O)*)cc1,tg,334.0,295.84542777765535
*c1nc2c(nc1c1ccccc1)cc(cc2)Oc1cc2c(nc(c(n2)c2ccccc2)c2ccc(cc2)Oc2ccc(cc2)*)cc1,tg,340.0,263.84220699875505
*N1CCN(CC1)C(=O)OCCOC(=O)*,tg,60.0,65.79603575961372
*c1cc2c(C(=O)N(C2=O)c2c3c(ccc2)c(ccc3)Oc2ccc(cc2)N2C(=O)c3c(C2=O)cc(cc3)C(=O)Nc2nc(ccc2)NC(=O)*)cc1,tg,293.0,284.03737806138435
*OC(=O)CSCc1ccc(cc1)Cc1ccc(cc1)CSCC(=O)OCCSCc1ccc(cc1)Cc1ccc(cc1)CSCC*,tg,-1.25,94.4751279837039
*N1C(=O)c2c(C1=O)c(ccc2)c1cc2c(C(=O)N(C2=O)c2cc(ccc2)OCCCCCCCCCCOc2cc(ccc2)*)cc1,tg,127.0,130.5806111504133
*C(C*)(CC(=O)OCCOCCOCCOCCOCCOCCOCCOC)C(=O)OCCOCCOCCOCCOCCOCCOCCOC,tg,-71.0,-28.05924288150228
*C1C2C(C(C1)CC*)C1C(CC2C1)C,tg,150.0,180.98413544995458
*OP(=O)(Oc1ccc(cc1)*)Oc1ccccc1,tg,97.0,104.01413655065522
*O[Si](CCC(C(CC[Si](*)(CCC(F)(F)F)C)(F)F)(F)F)(CCC(F)(F)F)C,tg,-27.0,-27.26617259546281
*c1cc2c(C(=O)N(C2=O)c2ccc(cc2)S(=O)(=O)c2ccc(cc2)S(=O)(=O)c2ccc(cc2)S(=O)(=O)c2ccc(cc2)N2C(=O)c3c(C2=O)cc(cc3)C(*)(C(F)(F)F)C(F)(F)F)cc1,tg,327.0,256.06430339312857
*N1C(=O)c2c(C1=O)cc(cc2)Oc1cc2c(C(=O)N(C2=O)c2ccc(cc2)c2ccc(cc2)NC(=O)c2cc(ccc2)C(=O)Nc2ccc(cc2)c2ccc(cc2)*)cc1,tg,233.0,251.61624528048452
*c1cc2c(C(=O)N(C2=O)c2c(ccc(c2)N2C(=O)c3c(C2=O)cc(cc3)C(*)(C(F)(F)F)C(F)(F)F)OCCCCCCOc2ccc(cc2)N=Nc2ccc(cc2)OCC)cc1,tg,198.0,146.97555081461158
*Oc1ccc(cc1)N(c1ccc(cc1)c1ccc(cc1)N(c1ccc(cc1)OCCCCCC*)c1ccccc1)c1ccccc1,tg,128.0,102.12419107417516
*Oc1ccc(cc1)CC(NC(=O)CCc1ccc(cc1)OC(=O)CCC(=O)*)C(=O)OC(C)C,tg,82.0,68.08243850812121
*N1C(=O)c2c(C1=O)cc(cc2)Oc1cc2c(C(=O)N(C2=O)CCCCCC*)cc1,tg,164.0,123.96583109892173
*C1COC2C1OCC2OC(=O)C(NC(=O)CCCCCCCCCCC(=O)NC(C(=O)O*)Cc1ccccc1)Cc1ccccc1,tg,76.0,85.5016375404397
*c1n(c(nn1)c1ccc(cc1)Oc1ccc(cc1)C(c1ccc(cc1)Oc1ccc(cc1)*)(C)C)c1ccc(cc1)S(=O)(=O)c1ccccc1,tg,198.0,218.18763727603934
*N1C(=O)c2c(C1=O)c(ccc2)Oc1c2c(C(=O)N(C2=O)c2ccc(cc2)Oc2ccc(cc2)Oc2ccc(cc2)*)ccc1,tg,258.0,252.29946154012745
*Oc1ccc(cc1)OC(=O)c1c(cc(c(c1)OCCCCOCC1N(CCC1)c1ccc(cc1)[N+](=O)[O-])C(=O)*)OCCCCOCC1N(CCC1)c1ccc(cc1)[N+](=O)[O-],tg,68.0,65.91722225741799
*Oc1c(cc(cc1c1ccccc1)Cc1cc(c(c(c1)c1ccccc1)OC(=O)CCCCCC(=O)*)c1ccccc1)c1ccccc1,tg,111.0,101.15346709286499
*NC(=O)CCCCCNC(=O)CCCCCCCCCC*,tg,25.5,53.50059579133542
*Oc1ccc(cc1)c1cc(c(c(c1)c1ccccc1)c1ccc(cc1)NC(=O)c1ccc(cc1)C(=O)Nc1ccc(cc1)c1c(cc(cc1c1ccccc1)c1ccc(cc1)OCCCCCC*)c1ccccc1)c1ccccc1,tg,127.0,157.3867958090626
*C(C*)(C(=O)Oc1c(cc(cc1)C)C)C,tg,109.0,99.31636680375381
*C(C*)(C(=O)OCCCCCCCCCCOc1ccc(cc1)N=Nc1ccc(cc1)F)C,tg,49.0,67.05066479003064
*c1cc2c(C(=O)N(C2=O)c2ccc(cc2)c2nc(cc(c2)c2ccc(cc2)OCCCC#N)c2ccc(cc2)N2C(=O)c3c(C2=O)cc(cc3)C(=O)*)cc1,tg,342.0,283.0254090834437
*c1ccc(cc1)c1c(cc(c(c1c1ccccc1)c1ccccc1)c1cc(ccc1)c1c(c(c(c(c1)c1ccccc1)c1ccc(cc1)CCCCCCCCCC*)c1ccccc1)c1ccccc1)c1ccccc1,tg,180.0,207.31798820109142
*N(c1ccc(cc1)C=Cc1c(cc(c(c1)OCCCCCCCC)C=Cc1ccc(cc1)*)OCCCCCCCC)c1ccccc1,tg,74.0,87.31509333952083
*N1C(=O)c2c(C1=O)cc(cc2)Oc1ccc(cc1)Oc1ccc(cc1)P(=O)(c1ccc(cc1)Oc1ccc(cc1)Oc1cc2c(C(=O)N(C2=O)c2ccc(cc2)*)cc1)c1ccccc1,tg,220.0,214.7644987071783
*N1C(=O)c2c(C1=O)cc(cc2)Oc1ccc(cc1)C1(CCC(CC1)C(C)(C)C)c1ccc(cc1)Oc1cc2c(C(=O)N(C2=O)c2ccc(cc2)Oc2cc(c(cc2)c2c(cc(cc2)Oc2ccc(cc2)*)C)C)cc1,tg,236.0,222.25214910377102
*c1cc2c(C(=O)N(C2=O)c2ccc(cc2)Oc2ccc(cc2)N2C(=O)c3c(C2=O)cc(cc3)C(=O)c2cc(cc(c2)C(C)(C)C)C(=O)*)cc1,tg,252.5,241.65368662921063
*N1C(=O)c2c(C1=O)cc(cc2)Oc1ccc(cc1)C1(CCC(CC1)c1ccccc1)c1ccc(cc1)Oc1cc2c(C(=O)N(C2=O)c2ccc(cc2)Oc2c(cc(cc2C)C(c2cc(c(c(c2)C)Oc2ccc(cc2)*)C)(C)C)C)cc1,tg,232.0,254.5903940841247
*[Si](C/C=C\C*)(CCCOc1cc2c(cc1)cccc2)C,tg,-1.0,-1.2242435550571713
*OC(=O)OCCCCCCCCCC*,tg,-39.67,-33.7195520573592
*c1c(nc2c(n1)cc(cc2)Oc1ccc(cc1)NC(=O)c1cc(cc(c1)N1C(=O)c2c(C1=O)cccc2)C(=O)Nc1ccc(cc1)Oc1cc2c(nc(c(n2)c2ccc(cc2)Oc2ccc(cc2)*)c2ccccc2)cc1)c1ccccc1,tg,260.0,275.0863332229964
*C(C*)c1ccc(cc1)C(=O)N1CCCCC1,tg,114.0,164.68605514674343
*c1cc2C(c3c(c2cc1)ccc(c3)C=Cc1ccc(cc1)C=C*)(CCCCCCOc1ccc2c(c1)oc(=O)cc2)CCCCCCOc1ccc2c(c1)oc(=O)cc2,tg,104.0,119.94739632931389
*C1CCN(CC1)c1sc(cc1)C=CC1=CC(=C(C#N)C#N)C=C(O1)C=Cc1sc(cc1)N1CCC(CC1)OC(=O)Nc1c(ccc(c1)NC(=O)O*)C,tg,212.0,187.18944448520605
*Oc1c(cc(cc1)c1ccc(cc1)C(c1ccc(cc1)c1cc(c(cc1)OC(=O)*)F)(C)C)F,tg,234.0,188.05334888744562
*c1cc2c(C(=O)N(C2=O)c2c(cc(cc2C)C(c2cc(c(c(c2)C)N2C(=O)c3c(C2=O)cc(cc3)C(=O)*)C)c2c3c(ccc2)cccc3)C)cc1,tg,303.0,340.86018781179945
*O[Si](O[Si](OC(CCC(*)C)C)(C)C)(C)C,tg,-83.0,-59.012553259279734
*C(C*)c1ccc(cc1)CCCCCCCC,tg,-45.0,-11.555449762394863
*NC(=O)CCCCC(=O)NCC*,tg,71.0,104.34051563252014
*N=P(*)(OCCOCCOCC)OCCOCCOCC,tg,-78.0,-85.87012137398425
*O[Si](c1cc2c(cc1)ccc(c2)[Si](*)(C)C)(C)C,tg,26.0,36.14087095492993
*Oc1c(cc(cc1C)C(c1cc(c(c(c1)Cl)OC(=O)*)C)(C)C)Cl,tg,154.0,166.58033044361585
*C(C*)(C(=O)OCCC[Si]12O[Si]3(O[Si]4(O[Si]5(O[Si](O[Si](O[Si](O[Si](O1)(O4)CC(C)C)(O5)CC(C)C)(O2)CC(C)C)(O3)CC(C)C)CC(C)C)CC(C)C)CC(C)C)C,tg,85.0,61.35271590394739
*C(C*)(C(=O)OCC(C(F)(F)F)(F)F)F,tg,99.0,91.40765864243393
*N1C(=O)c2c(C1=O)cc(cc2)Oc1cc2c(C(=O)N(C2=O)c2cc(c(cc2)c2c(cc(cc2)*)C(F)(F)F)C(F)(F)F)cc1,tg,275.0,293.2836820733635
*N1C(=O)C2CCC3C(C2C1=O)C(=O)N(C3=O)c1ccc(cc1)Oc1ccc(cc1)C(c1ccc(cc1)Oc1ccc(cc1)*)(C)C,tg,263.5,273.8986692978835
*C(C*)(C(=O)OCCCCCCCCCCOc1ccc(cc1)OC(=O)c1ccc(cc1)c1ccc(cc1)OC)C,tg,57.0,58.835354349888256
*c1ccc2c3n(c4ccc(cc4n3)Oc3cc4n5c(nc4cc3)c3cccc4c(ccc(c5=O)c34)Oc3ccc(cc3)C(c3ccc(cc3)O*)(C)C)c(=O)c3cccc1c23,tg,334.0,340.6868810988259
*N1C(=O)c2c(C1=O)cc(cc2)Oc1cc2c(cc1Oc1cc3c(C(=O)N(C3=O)c3ccc(cc3)Oc3cc4c(cc3Oc3ccc(cc3)*)cccc4)cc1)cccc2,tg,222.0,230.8278275817656
*O[Si](CCC(C(C(C(C(C(CC[Si](*)(CCC(F)(F)F)C)(F)F)(F)F)(F)F)(F)F)(F)F)(F)F)(CCC(F)(F)F)C,tg,-24.0,-52.7220822979007
*Oc1c(cc(cc1)C=C1C(=O)C(=Cc2cc(c(cc2)OCC(=O)c2ccc(cc2)Oc2ccc(cc2)C(=O)C*)OC)CCC1)OC,tg,211.75,158.50332941866895
*Oc1ccc(cc1)c1ccc(cc1)OC(=O)c1c(cc(c(c1)OCCCc1ccccc1)C(=O)*)OCCCc1ccccc1,tg,72.0,109.81504076444766
*OOC(C*)c1ccc(cc1)C(C)(C)C,tg,19.9,53.226549880204296
*Oc1ccc(cc1)S(=O)(=O)c1ccc(cc1)Oc1ccc(cc1)N=Cc1ccc(cc1)*,tg,110.0,174.6740998243947
*N=P(*)(OCCOCCOCCOC)OCCOCCOCCOC,tg,-66.0,-79.78689892766333
*N1C(=S)N(C(=O)CC1=O)c1ccc(cc1)Oc1ccc(cc1)c1ccc(cc1)Oc1ccc(cc1)*,tg,158.5,215.6532264830095
*N(c1ccc(cc1)c1ccc(cc1)*)c1ccc(cc1)CCCC,tg,180.0,125.43597925794506
*N1C(=O)c2c(C1=O)cc(cc2)NC(=O)Nc1nc(ccc1)NC(=O)Nc1cc2c(C(=O)N(C2=O)c2ccc(cc2)Oc2c(c3c(cc2)cccc3)c2c3c(ccc2Oc2ccc(cc2)*)cccc3)cc1,tg,283.0,263.24694132073785
*OC(C*)COCCCC,tg,-79.0,-81.62608254331666
*N1C(=O)c2c(C1=O)c(ccc2)Oc1ccc(cc1)Oc1c2c(C(=O)N(C2=O)c2cc(ccc2)*)ccc1,tg,259.0,267.16891062687995
*C(C*)(C(=O)OCCCCCCOc1ccc(cc1)C(=O)Oc1ccc2c(c1)oc(=O)cc2)C,tg,102.0,37.14085075352423
*c1cc2c(C(=O)N(C2=O)C2C(=O)N(C(=O)C2)c2ccc(cc2)Cc2ccc(cc2)NC(=O)*)cc1,tg,123.0,235.49688157465113
*Oc1ccc(cc1)NC(=O)c1ccc(cc1)S(=O)(=O)c1ccc(cc1)C(=O)Nc1ccc(cc1)Oc1ccc(cc1)C1(C2CCC(C1)C2)c1ccc(cc1)*,tg,287.0,242.2080613891782
*OC(=O)OCC(C*)OCCCCOc1ccc(cc1)C=Cc1ccc(cc1)[N+](=O)[O-],tg,42.0,51.540144655579795
*N1C(=O)c2c(C1=O)cc(cc2)C(=O)Nc1ccc(cc1)S(=O)(=O)c1ccc(cc1)NC(=O)c1cc2c(C(=O)N(C2=O)CCCCCC*)cc1,tg,198.0,195.29507133813422
*Oc1ccc(cc1)N=C(c1ccc(cc1)Oc1ccc(cc1)c1ccc(cc1)Oc1ccc(cc1)C(=Nc1ccc(cc1)*)c1ccccc1)c1ccccc1,tg,174.0,178.66507456382593
*Oc1ccc(cc1)C1(c2ccccc2c2ccccc12)c1ccc(cc1)OC(=O)OC1C(C(C1(C)C)OC(=O)*)(C)C,tg,214.0,267.6874535831807
*c1cc2c(C(=O)N(C2=O)c2cc(ccc2)C(C(C(c2cc(ccc2)N2C(=O)c3c(C2=O)cc(cc3)C(C(C(*)(F)F)(F)F)(F)F)(F)F)(F)F)(F)F)cc1,tg,151.0,183.00799355980337
*C1C(CC(C1)C=C*)C1CC=CCC1,tg,105.0,136.68562309172043
*Oc1ccc(cc1)S(=O)(=O)c1ccc(cc1)Oc1ccc(cc1)NC(=O)c1cc(cc(c1)NC(=O)c1ccc(cc1)OC(=O)C)C(=O)Nc1ccc(cc1)*,tg,263.0,268.78706641084875
*S(=O)(=O)c1cc(c(cc1)Sc1ccc(cc1)Sc1ccc(cc1)Sc1c(cc(cc1)*)S(=O)(=O)O)S(=O)(=O)O,tg,202.0,187.0786613941726
*C(C*)c1ccc(cc1)B(Oc1c2ncccc2c(cc1)c1ccc(cc1)N(C)C)c1ccc(cc1)C(C)(C)C,tg,230.0,222.94256755281623
*c1cc2c(C(=O)N(C2=O)c2cc(ccc2)C(c2cc(ccc2)N2C(=O)c3c(C2=O)cc(cc3)C(=O)*)(c2ccccc2)C(F)(F)F)cc1,tg,311.0,277.636195593684
*Oc1ccc(cc1)Oc1ccc(cc1)Oc1ccc(cc1)Oc1ccc(cc1)OC(=O)c1cc(ccc1)C(=O)*,tg,134.0,120.24298781540818
*Nc1ccc(cc1)*,tg,91.75,153.73429282117797
*Oc1c(cc(cc1C)c1cc(c(c(c1)CBr)Oc1ccc(cc1)C(=O)c1ccc(cc1)*)CBr)CBr,tg,163.67,128.78480237840066
*N1C(=O)c2c(C1=O)cc(cc2)Oc1ccc(cc1)c1ccc(cc1)Oc1cc2c(C(=O)N(C2=O)c2ccc(cc2)Oc2cc(ccc2)Oc2ccc(cc2)*)cc1,tg,205.0,209.34119344420134
*C(C*)c1ccc(cc1)C(=O)c1ccccc1,tg,98.0,118.75170644127121
*Oc1ccc(cc1)CC(NC(=O)CCc1ccc(cc1)OC(=O)CCC(=O)*)C(=O)OCc1ccccc1,tg,78.0,71.30023993186052
*NC(=O)c1c(cc(cc1)C(=O)NCCCCCCCCCCCC*)Sc1ccccc1,tg,92.0,93.10023128032394
*OCC(C*)(COC(=O)C(=C)C)CC,tg,72.5,26.594686484340244
*Oc1c(cc(cc1)OC(=O)c1ccc(cc1)C(=O)*)C1CCCCC1,tg,206.0,138.5972295358763
*Oc1ccc(cc1)OC(=O)c1c(cc(cc1)c1ccc(cc1)C(=O)*)c1ccccc1,tg,140.0,162.80155308338826
*c1cc2c(C(=O)N(C2=O)C2CC(CC(C2)(CN2C(=O)c3c(C2=O)cc(cc3)C(=O)*)C)(C)C)cc1,tg,275.0,267.60865900375273
*Oc1ccc(cc1)S(=O)(=O)c1ccc(cc1)c1ccc(cc1)S(=O)(=O)c1ccc(cc1)*,tg,278.75,225.26698922655183
*c1cc2c(C(=O)N(C2=O)c2ccc(cc2)c2nc(cc(c2)c2ccc(cc2)OCCCC#N)c2ccc(cc2)N2C(=O)c3c(C2=O)cc(cc3)C(*)(C(F)(F)F)C(F)(F)F)cc1,tg,339.0,256.96469892762383
*NNC(=O)c1cc(cc(c1)NC(=O)c1cc2c(C(=O)N(C2=O)c2ncccc2C)cc1)C(=O)NNC(=O)CC(=O)*,tg,156.3,134.97922338369
*N1C(=O)c2c(C1=O)cc(cc2)Sc1ccc(cc1)Sc1ccc(cc1)Sc1cc2c(C(=O)N(C2=O)c2ccc(cc2)Sc2sc(cc2)Sc2sc(cc2)Sc2sc(cc2)Sc2ccc(cc2)*)cc1,tg,177.0,203.55057560758644
*OC(COC(=O)c1c(cccc1)C(=O)*)COc1ccc(cc1)N=Nc1ccc(cc1)C#N,tg,105.0,93.213061354214
*Oc1ccc(cc1)C1(c2ccccc2c2ccccc12)c1ccc(cc1)OC1(C(C(C1(F)F)(F)F)(*)F)F,tg,228.0,266.80454289604825
*C1C(CC(C1)C=C*)[Si](C)(C)C,tg,109.0,116.7938555924099
*c1nc2c(nc1c1ccccc1)cc(cc2)Oc1cc2c(nc(c(n2)c2ccc(cc2)*)c2ccccc2)cc1,tg,326.0,346.8839659813742
*Nc1cc(ccc1)NC(=O)Cc1c(cc(c(c1)CC(=O)*)C)C,tg,222.0,190.57845132998463
*c1sc(cc1)*,tg,89.35,146.10224371798896
*C(C*)c1ccc(cc1)CCC,tg,46.75,21.68280798313206
*C(C*)(C(=O)Nc1cc(ccc1)c1oc(nn1)c1ccccc1)C,tg,65.0,137.65701919573377
*C(C*)C(=O)Oc1ccc(cc1)c1ccccc1,tg,105.0,103.38167759708573
*NC(C(=O)*)CCC(=O)OCCCCCCCC,tg,-59.5,-29.368517039034025
*c1cc2C(c3c(c2cc1)ccc(c3)c1c(cc(c(c1)OCCCCCCCC)*)OCCCCCCCC)(CCCCCC)CCCCCC,tg,58.0,79.4227797798405
*C(C*)C(=O)NCCC[N+](C)(C)C,tg,78.0,43.214988594055924
*C(C*)c1ccc(cc1)[Si](O[Si](C)(C)C)(O[Si](C)(C)C)C,tg,54.0,78.7744379674891
*N1C(=O)c2c(C1=O)cc(cc2)C(=O)c1cc2c(C(=O)N(C2=O)CCCC(=O)Nc2ccc(cc2)Cc2ccc(cc2)NC(=O)CCC*)cc1,tg,195.0,191.080878831668
*C(C*)c1c2c(ccc1)cccc2,tg,159.0,127.72046687610249
*N1C(=O)c2c(C1=O)cc(cc2)P(=O)(c1cc2c(C(=O)N(C2=O)c2ccc(cc2)*)cc1)c1ccccc1,tg,366.0,297.9479867967982
*Oc1c(cc(cc1C)C(c1cc(c(c(c1)C)OCC(COc1ccc(cc1)C(c1ccc(cc1)OCC(C*)O)(C)C)O)C)(C)C)C,tg,100.0,105.69460159300344
*C(C*)(C(=O)OCCCCCCCCOc1ccc(cc1)N=Nc1ccc(cc1)C#N)C,tg,35.0,61.81709811888178
*C(C*)(C(=O)OCCCCCC(=O)Oc1ccc(cc1)OC(=O)c1ccc(cc1)OCCC)C,tg,45.0,46.42684278264098
*N(CC*)C(=O)CSC,tg,39.0,21.383802802369605
*Oc1c(cc(cc1c1ccccc1)*)c1c(cccc1)c1ccccc1,tg,211.0,210.3028669833667
*Oc1ccc(cc1)C1(C2CC3CC(CC1C3)C2)c1ccc(cc1)OC(=O)c1ccc(cc1)Oc1ccc(cc1)C1(CCC(CC1)C(C)(C)C)c1ccc(cc1)Oc1ccc(cc1)C(=O)*,tg,197.0,206.87542333997652
*Nc1ccc(cc1)C1(c2ccccc2c2ccccc12)c1ccc(cc1)NC(=O)c1c(cc(cc1)c1cc(c(cc1)C(=O)*)C)C,tg,293.0,222.67938382473315
*N1C(=O)c2c(C1=O)cc(cc2)c1cc2c(C(=O)N(C2=O)c2ccc(cc2)Oc2c(cccc2)Oc2ccc(cc2)*)cc1,tg,241.0,243.30616887784592
*OC(CCOC(=O)c1ccc(cc1)c1ccc(cc1)C(=O)*)C,tg,86.83,86.26081449663394
*c1cc2c(C(=O)N(C2=O)c2ccc(cc2)Oc2ccc(cc2)C(=O)c2ccc(cc2)Oc2ccc(cc2)C(=O)c2ccc(cc2)Oc2ccc(cc2)N2C(=O)c3c(C2=O)cc(cc3)C(=O)*)cc1,tg,215.0,232.86873558114496
*Oc1c(cc(cc1)Oc1ccc(cc1)C(=O)Nc1ccc(cc1)Cc1ccc(cc1)NC(=O)c1ccc(cc1)*)c1ccccc1,tg,218.0,197.55966766483465
*C(C*)OC(=O)c1ccc(cc1)[Si](C)(C)C,tg,125.25,63.92930633804789
*Oc1ccc(cc1)CC(NC(=O)CCc1ccc(cc1)OC(=O)CCCC(=O)*)C(=O)OCc1ccccc1,tg,66.0,70.31354279879768
*N(c1ccc(cc1)/C=C/c1ccc(cc1)/C=C(/C(=O)NC1C(CCCC1)NC(=O)/C(=C/c1ccc(cc1)/C=C/c1ccc(cc1)N(Cc1c(cccc1)C*)CC)/C#N)\C#N)CC,tg,201.0,166.37228753563068
*NC(=O)CCP(=O)(CCC(=O)NCCCCCC*)C,tg,57.5,55.838303117850586
*N1C(=O)c2c(C1=O)cc(cc2)C(=O)Oc1ccc(cc1)C(c1ccc(cc1)OC(=O)CCCCCCCCCCC*)(C)C,tg,93.0,79.5130395386237
*OC(=O)c1cc(cc(c1)OCCCCCCOc1ccc(cc1)c1ccc(cc1)OC)C(=O)OCCOCCOCCOCCOCCOCC*,tg,5.0,24.45831863422429
*C1C(C2CC(C1C2)*)CCCC,tg,235.0,96.97924137499926
*C(*)C(=O)OC,tg,80.25,20.441357661781925
*Oc1c(cc(cc1c1ccccc1)*)c1c(c(ccc1)c1ccccc1)c1ccccc1,tg,212.0,220.29086560755294
*C(C*)(C(=O)Oc1c(c(ccc1)C)C)C,tg,120.0,123.40549336398611
*Oc1ccc(cc1)CC(NC(=O)CCc1ccc(cc1)OC(=O)CCCCCCCCC(=O)*)C(=O)OCC,tg,44.0,41.279011032149775
*Oc1ccc(cc1)C(c1ccc(cc1)OC(=S)*)(CC)C,tg,102.0,136.4451815014771
*C(C*)(C(=O)NC(=O)OC(COc1c(cc(cc1Br)S(=O)(=O)c1cc(c(c(c1)Br)OCC(O)C)Br)Br)C)C,tg,45.0,98.67905528364534
*Nc1ccc(cc1)C(c1ccc(cc1)NC(=O)c1cc(cc(c1)NC(=O)CCCCCN1C(=O)c2c(C1=O)cccc2)C(=O)*)(C(F)(F)F)C(F)(F)F,tg,225.0,194.07568653291298
*N1C(=O)c2c(C1=O)cc(cc2)Oc1c2c(ccc1)c(ccc2)Oc1cc2c(C(=O)N(C2=O)c2ccc(cc2)C(c2ccc(cc2)*)(C(F)(F)F)C(F)(F)F)cc1,tg,276.0,264.5892394244697
*OC(=O)Nc1c(c(ccc1)NC(=O)OCCN(CC*)c1ccc(cc1)N=Nc1ccc(cc1)[N+](=O)[O-])C,tg,147.0,115.78681861466649
*N1C(=O)c2c(C1=O)cc(cc2)C(c1cc2c(C(=O)N(C2=O)CCN(CC*)c2ccc(cc2)N=Nc2ccc(cc2)[N+](=O)[O-])cc1)(C(F)(F)F)C(F)(F)F,tg,210.0,229.69702268652935
*c1[nH]nc(c1)c1ccc(cc1)Oc1ccc(cc1)C(=O)c1ccc(cc1)Oc1ccc(cc1)*,tg,225.0,243.96270557927048
*Oc1ccc(cc1)C(c1ccc(cc1)OC(=O)c1ccc(cc1)C(=O)*)(CC)c1ccccc1,tg,243.0,181.63290634722347
*N1C(=O)c2c(C1=O)cc(cc2)c1cc2c(C(=O)N(C2=O)C2CCC(CC2)CC2CCC(CC2)*)cc1,tg,242.0,238.55543057571685
*C(CCC*)(CC)C,tg,-23.0,3.23913610212601
*N1C(=O)c2c(C1=O)cc(cc2)[Si](c1cc2c(C(=O)N(C2=O)c2cc(ccc2)Cc2cc(ccc2)*)cc1)(C)C,tg,238.0,262.36204872939174
*OC(=O)C1CCC(CC1)C(=O)OCCCC*,tg,-10.5,29.4281414116762
*C(C*)(C(=O)OCc1cc(ccc1)Cl)C,tg,18.25,55.505560316680786
*C(C*)(C(=O)OC1COC(OC1)CP(=O)(OCC)OCC)C,tg,-36.0,1.587971394865939
*N1C(=O)c2c(C1=O)cc(cc2)C(=O)Oc1c(cc(cc1)OC(=O)CCCC*)C,tg,75.76,105.1981038666679
*NC(=O)CCCCCCCCCCC*,tg,42.59,32.189126654217404
*C(C*)(C(=O)NC(=O)Oc1ccc(cc1)S(=O)(=O)c1ccc(cc1)O)C,tg,182.0,132.87531201095135
*C(C*)(CC(=O)Oc1ccc(cc1)OCCC)C(=O)Oc1ccc(cc1)OCCC,tg,94.5,82.1160242659405
*Oc1ccc(cc1)C(=O)c1ccc(cc1)Oc1ccc(cc1)C(=O)c1ccc(cc1)Oc1cc(ccc1)Cc1cc(ccc1)*,tg,123.0,132.38047805693415
*OC(=O)c1ccc(cc1)c1ccc(cc1)C(=O)OCC*,tg,60.0,119.9157646821232
*c1cc2c(C(=O)N(C2=O)c2ccc(cc2)C2(CCC(CC2)CC)c2ccc(cc2)NC(=O)*)cc1,tg,312.0,296.4680652685495
*c1sc(cc1SCCCCCCCC)c1ccc(cc1)c1sc(c(c1)SCCCCCCCC)c1ccc(cc1)*,tg,-38.8,29.961700461456815
*[Si](CCCCC*)(c1ccccc1)C,tg,-12.65,-34.31723776938777
*Oc1ccc(cc1)S(=O)(=O)c1ccc(cc1)Oc1ccc(cc1)C(=O)c1ccc(cc1)c1ccc(cc1)C(=O)c1ccc(cc1)*,tg,207.0,233.0917223345862
*OC1C(CCCC1)*,tg,68.0,78.82196295953837
*N1C(=O)C2C(C1=O)CC(c1ccccc21)C1C(=O)N(C(=O)C1)c1cc(cc(c1)C(=O)O)*,tg,249.43,297.41472627497586
*N1C(=O)c2c(C1=O)cc(cc2)P(=O)(c1cc2c(C(=O)N(C2=O)c2ccc(cc2)Oc2ccc(cc2)*)cc1)c1ccccc1,tg,318.0,282.7973382814598
*Oc1ccc(cc1)S(=O)(=O)c1ccc(cc1)Oc1ccc(cc1)NC(=O)c1c(cc(cc1)c1cc(c(cc1)C(=O)Nc1ccc(cc1)*)C)C,tg,251.0,255.05466061386394
*OC(=O)CCCCCNC(=O)CCCCC(=O)NCCCCCC(=O)OCCCC*,tg,-15.0,5.935852999925088
*N1C(=O)c2c(C1=O)cc(cc2)Oc1cc2c(C(=O)N(C2=O)c2cc(ccc2)*)cc1,tg,280.0,273.75787968599593
*c1c(cc(c(c1)C)CC*)C,tg,95.0,94.2815102008779
*S(=O)(=O)C(C*)CC,tg,32.73,27.89702608248444
*OC(=O)CCCCC(=O)OCC(C*)CCCCCCOc1ccc(cc1)N=Nc1ccc(cc1)Br,tg,24.0,44.63002333414397
*Oc1ccc(cc1)C(=O)NNC(=O)c1ccc(cc1)*,tg,256.2,187.8379197500472
*C(C*)(C(=O)OCCCCCCCCCCOc1ccc(cc1)OC(=O)c1ccc(cc1)OC)C,tg,21.0,31.773806072632077
*c1sc(nn1)c1cc(ccc1)OCCCCCCCCCCCOC(=O)c1cc(ccc1)C(=O)OCCCCCCCCCCCOc1ccc(cc1)*,tg,53.5,53.51667599329392
*Nc1ccc(cc1)C(=O)c1ccc(cc1)NC(=O)c1cc(cc(c1)C(C)(C)C)C(=O)*,tg,271.0,276.7406383911235
*Oc1ccc(cc1)NC(=O)CCCCC(=O)Nc1ccc(cc1)*,tg,230.0,172.35260964846117
*C(C*)C(=O)OCCCCCC(=O)Oc1ccc(cc1)c1ccc(cc1)C#N,tg,38.0,42.06733368527556
*[SiH2]C#Cc1cc(ccc1)C#C*,tg,72.0,98.99013014793141
*Oc1ccc(cc1)NC(=O)/C=C/c1ccc(cc1)/C=C/C(=O)Nc1ccc(cc1)*,tg,205.0,237.498177176771
*Oc1ccc(cc1)C(c1ccc(cc1)OC(=O)/C=C\C(=O)OCC(C*)O)(C)C,tg,32.0,86.15665086393841
*c1cc2c(C(=O)N(C2=O)c2ccc(cc2)Oc2ccc(cc2)N2C(=O)c3c(C2=O)cc(cc3)C(*)O[Si](O[Si](O[Si](C)(C)C)(C)C)(C)C)cc1,tg,167.0,214.9501168126421
*Oc1ccc(cc1)C(=O)OC(COC(COC(COC(=O)c1ccc(cc1)OC(=O)c1ccc(cc1)C(=O)*)C)C)C,tg,36.0,74.12946056800337
*C(C*)C(=O)OC(OCC)C(F)(F)F,tg,5.0,20.803304387161862
*Oc1ccc(cc1)c1ccc(cc1)Oc1ccc(cc1)C(c1ccc(cc1)*)(C)C,tg,154.0,178.04063142885465
*SC(*)(F)F,tg,-118.0,-10.38971104682952
*Oc1ccc(cc1)CC(NC(=O)CCc1ccc(cc1)OC(=O)COCCOCC(=O)*)C(=O)OCCCCCCCCCCCC,tg,17.0,19.25142354706125
*c1[nH]nc(c1)c1ccc(cc1)Oc1ccc(cc1)P(=O)(c1ccc(cc1)Oc1ccc(cc1)*)c1ccccc1,tg,296.0,255.49076469338388
*C(C*)CCCCCCCCCCCCCCCCCC,tg,-88.0,-23.62619501373301
*Nc1ccc(cc1)NC(=O)c1c(ccc(c1)c1cc(c(cc1)C(=O)OCC)C(=O)*)C(=O)OCC,tg,231.7,232.5539723921664
*Oc1ccc(cc1)OCC(COC(=O)CCCCC(=O)OCC(C*)O)O,tg,19.0,41.504678620882224
*N1C(=O)C2C(C1=O)CC(CC2)C1CC2C(C(=O)N(C2=O)c2ccc(cc2)Oc2cc(ccc2)Oc2ccc(cc2)*)CC1,tg,215.0,262.68643054266425
*N1C(=O)c2c(C1=O)cc(cc2)Oc1cc2c(C(=O)N(C2=O)c2ccc(cc2)Sc2cc3c(C(=O)N(C3=O)c3ccc(cc3)CC)cc2Sc2ccc(cc2)*)cc1,tg,271.0,234.05095430654964
*Oc1cc(c(cc1)S(=O)(=O)c1c(cc(cc1)Oc1ccc(cc1)C(c1ccc(cc1)*)(C)C)N)N,tg,210.5,215.56227333191075
*Oc1c(cc(c(c1)OC(=O)c1ccc(cc1)OCCCC)OC(=O)CCCC(=O)*)OC(=O)c1ccc(cc1)OCCCC,tg,59.0,54.31292441092969
*OC(=O)NNC(=O)CCCCCCCCC(=O)NNC(=O)OCCCC*,tg,56.0,30.33477894608552
*N1C(=O)c2c(C1=O)cc(cc2)c1cc2c(C(=O)N(C2=O)c2ccc(cc2)Oc2c(cc(cc2)Oc2ccc(cc2)*)C(C)(C)C)cc1,tg,274.0,258.34385012712875
*c1cc2c(C(=O)N(C2=O)c2cc(cc(c2)c2oc(nn2)c2ncccc2)N2C(=O)c3c(C2=O)cc(cc3)C(=O)Nc2cc(ccc2)S(=O)(=O)c2cc(ccc2)NC(=O)*)cc1,tg,173.0,310.1783234283591
*N1C(=O)c2c(C1=O)cc(cc2)C(=O)Oc1c(cc(cc1)OC(=O)c1cc2c(C(=O)N(C2=O)CCCOCCCCOCCC*)cc1)c1ccccc1,tg,71.0,75.37053250158033
*c1cc2c(C(=O)N(C2=O)c2ccc(cc2)C(=O)Nc2ccc(cc2)Oc2ccc(cc2)Oc2ccc(cc2)NC(=O)c2ccc(cc2)N2C(=O)c3c(C2=O)cc(cc3)C(*)(C(F)(F)F)C(F)(F)F)cc1,tg,303.0,284.87371522865834
*C(C*)(C(=O)OCC)CF,tg,43.0,79.73060859932959
*Oc1ccc(cc1)C(=C(Cl)Cl)c1ccc(cc1)OC*,tg,108.0,118.68138656438852
*Oc1ccc(cc1)NC(=C(C#N)C#N)c1ccc(cc1)c1ccc(cc1)C(=C(C#N)C#N)Nc1ccc(cc1)*,tg,220.0,260.31616625864655
*NC(=O)C(C(C(=O)NCCCCCC*)OC)OC,tg,106.0,94.60039217358096
*c1c(nc2c(n1)cc(cc2)S(=O)(=O)c1cc2c(nc(c(n2)c2ccc(cc2)N2C(=O)c3c(C2=O)cc(cc3)C(=O)c2cc3c(C(=O)N(C3=O)c3ccc(cc3)*)cc2)c2ccccc2)cc1)c1ccccc1,tg,240.0,286.55968240032826
*c1cc2c(C(=O)N(C2=O)c2c(c(cc(c2)C(F)(F)F)N2C(=O)c3c(C2=O)cc(cc3)C(=O)Nc2cc(c(cc2)Oc2c(cc(cc2)NC(=O)*)c2ccccc2)c2ccccc2)Oc2ccc(cc2)C(F)(F)F)cc1,tg,312.0,297.37702044449895
*N1C(=O)c2c(C1=O)cc(cc2)C(=O)c1cc2c(C(=O)N(C2=O)CC2CC(CCC2)C*)cc1,tg,213.0,213.23134431823044
*N1C(=O)c2c(C1=O)cc(cc2)c1cc2c(C(=O)N(C2=O)c2cc(ccc2)*)cc1,tg,327.88,328.4207562078435
*NC(=O)c1ccc(cc1)CC(=O)NCCCCC*,tg,103.0,116.60631382459384
*C1C2C(C(=O)N(C2=O)CCCC)C(C1)C=C*,tg,131.0,124.11919505471482
*c1cc2c(oc(n2)c2c(cc(c(c2)OCCCCCCCCCC)c2oc3c(n2)cc(cc3)C(*)(C(F)(F)F)C(F)(F)F)OCCCCCCCCCC)cc1,tg,94.0,118.52854751660416
*N1C(=O)c2c(C1=O)cc(cc2)C(=O)Oc1cc2c(cc1)cc(cc2)OC(=O)c1cc2c(C(=O)N(C2=O)CCCOCCCCOCCC*)cc1,tg,68.0,69.99695545856011
*N1C(=O)c2c(C1=O)cc(cc2)c1cc2c(C(=O)N(C2=O)c2c(ccc(c2)*)C)cc1,tg,341.33,352.5673015636077
*c1oc(nc1)c1cc(c(cc1)Oc1ccc(cc1)C(c1ccc(cc1)Oc1c(cc(cc1)*)C(F)(F)F)(C(F)(F)F)C(F)(F)F)C(F)(F)F,tg,205.0,163.64676493375248
*Oc1ccc(cc1)C(c1ccc(cc1)OC(=S)*)C(CC)CC,tg,148.0,80.55812609531706
*C(C*)OC(=O)c1c(cccc1)Cl,tg,55.75,93.00812575019685
*C(C*)(C(=O)Oc1ccc(cc1)C(=O)Oc1ccc(cc1)OC)C,tg,77.0,118.33347060111245
*C(C*)(CC(=O)OCCC1CCCCC1)C(=O)OCCC1CCCCC1,tg,48.0,63.26223698124308
*OC(=O)NNC(=O)CCCCCCCCC(=O)NNC(=O)OCCCCC*,tg,20.0,51.36712872386497
*N1C(=O)c2c(C1=O)cc(cc2)C(=O)c1cc2c(C(=O)N(C2=O)CC2C3C(CC2)C2C(CC3C2)C*)cc1,tg,217.0,211.19117262077654
*C(C*)(C(=O)OCCCCCCCCCCOc1ccc(cc1)N=Nc1ccc(cc1)[N+](=O)[O-])C,tg,55.0,36.71819618280456
*OC(C*)CSCCCCC,tg,-68.0,-79.14004911932409
*c1cc2c(C(=O)N(C2=O)c2ccc(cc2)Cc2ccc(cc2)N2C(=O)c3c(C2=O)cc(cc3)C(CCCCC(*)(C)C)(C)C)cc1,tg,169.9,192.73729860984798
*c1cc2c(C(=O)N(C2=O)c2cc(ccc2)Oc2ccc(cc2)N2C(=O)c3c(C2=O)cc(cc3)C(=O)Nc2cc(ccc2)Oc2ccc(cc2)NC(=O)*)cc1,tg,211.0,265.53081483989774
*Oc1ccc(cc1)C(=O)c1ccc(cc1)OCC(C*)O,tg,130.0,107.76402978214817
*OC(C*)CO,tg,-27.0,20.14931312592392
*Oc1ccc(cc1)C(c1ccc(cc1)OC(=S)*)(CC(C)C)C,tg,128.0,100.56600172263506
*Oc1ccc(cc1)C(c1ccc(cc1)OCC(CN(S(=O)(=O)c1ccc(cc1)c1ccc(cc1)S(=O)(=O)N(CC(C*)O)C)C)O)(C)C,tg,101.0,117.21656918478914
*Oc1ccc(cc1)Cc1ccc(cc1)OC(=O)CCCCC(=O)*,tg,60.5,71.72111577323554
*C(C*)c1ccc(cc1)C(C(C(C(C(C(C(F)(F)F)(F)F)(F)F)(F)F)(F)F)(F)F)(F)F,tg,42.0,30.66854161683438
*c1cc2c(C(=O)N(C2=O)c2c(ccc(c2)N2C(=O)c3c(C2=O)cc(cc3)C(=O)Oc2ccc(cc2)C(c2ccc(cc2)OC(=O)*)(C)C)O)cc1,tg,225.0,247.4886876825688
*c1cc2c(C(=O)N(C2=O)c2ccc(cc2)NC(=O)c2cc(ccc2)C(=O)Nc2ccc(cc2)N2C(=O)c3c(C2=O)cc(cc3)C(=O)*)cc1,tg,247.0,268.0692025256089
*Oc1c(cc(cc1)C(c1cc(c(cc1)OC(=O)*)Cl)(C)C)C,tg,138.0,156.5074715139674
*Oc1ccc(cc1)C1(c2ccccc2c2ccccc12)c1ccc(cc1)OC(=O)c1ccc(cc1)C(=O)*,tg,285.0,296.46181085760946
*Oc1ccc(cc1)C(c1ccc(cc1)OCC(COC(=O)CCCCC(=O)OCC(C*)O)O)(C)C,tg,37.33,37.56084521404869
*c1sc(cc1)c1sc(cc1)c1sc(cc1)[Si](*)(C)C,tg,45.0,70.3837760552778
*OC(=O)CCCCC(=O)OCC(C*)CCCCCCOc1ccc(cc1)N=Nc1ccc(cc1)C,tg,29.0,38.51589324189609
*Oc1c(cc(cc1)OC(=O)c1cc(ccc1)Sc1ccc(cc1)OC(=O)c1ccc(cc1)C(=O)Oc1ccc(cc1)Sc1cc(ccc1)C(=O)*)C,tg,106.5,134.72867739432797
*NNC(=O)c1cc(cc(c1)NC(=O)c1cc2c(C(=O)N(C2=O)c2ncc(cc2)C)cc1)C(=O)NNC(=O)C(=O)*,tg,146.4,155.51614484490923
*Oc1ccc(cc1)C(=O)OC(=O)c1ccc(cc1)OCOC*,tg,57.0,75.44431181175968
*Oc1c(cc(cc1C)*)C(CCCCCCCC)C,tg,20.0,64.9300300777281
*N1C(=O)c2c(C1=O)cc(cc2)Oc1cc2c(C(=O)N(C2=O)c2cc(ccc2)C(c2cc(ccc2)*)O[Si](O[Si](O[Si](C)(C)C)(C)C)(C)C)cc1,tg,219.0,192.9830648645581
*c1nc(c(nc1c1ccc(cc1)NC1C(=O)N(C(=O)C1)c1ccc(cc1)c1sc(c(c1c1ccccc1)c1ccccc1)c1ccc(cc1)N1C(=O)C(CC1=O)Nc1ccc(cc1)*)C#N)C#N,tg,231.0,244.89118102605846
*c1cc2c(C(=O)N(C2=O)c2ccc(cc2)Oc2ccc(cc2)N2C(=O)c3c(C2=O)cc(cc3)C(=O)c2ccc(cc2)Oc2ccc(cc2)c2ccc(cc2)Oc2ccc(cc2)C(=O)*)cc1,tg,233.0,240.9651275596819
*c1cc2c(C(=O)N(C2=O)c2ccc(cc2)Oc2ccc(cc2)C2(c3c(C(=O)N2)cccc3)c2ccc(cc2)Oc2ccc(cc2)N2C(=O)c3c(C2=O)cc(cc3)C(=O)Nc2ccc(cc2)Oc2cc(ccc2)Oc2ccc(cc2)NC(=O)*)cc1,tg,288.0,267.64598518533364
*C(C*)c1cc(c(cc1)Cl)Cl,tg,128.0,136.3031213292322
*N1C(=O)N(C(=O)C1=O)c1c(ccc(c1)N1C(=O)N(C(=O)C1=O)c1ccc(cc1)CCc1c(cccc1)*)C,tg,255.0,230.12123020971887
*C(C(CC*)(F)F)(F)F,tg,-108.0,1.9405069476959989
*c1sc(cc1CCCC)*,tg,53.58,48.85725152859975
*c1n(nc(c1)c1ccc(cc1)Oc1ccc(cc1)C(=O)c1ccc(cc1)C(=O)c1ccc(cc1)Oc1ccc(cc1)*)c1ccccc1,tg,205.0,213.60769914801898
*c1cc2c(C(=O)N(C2=O)c2ccc(cc2)OCCOc2ccc(cc2)N2C(=O)c3c(C2=O)cc(cc3)C(*)(C(F)(F)F)C(F)(F)F)cc1,tg,254.0,243.54588741769936
*c1oc(cc1)C(c1oc(cc1)CNC(=O)OCc1oc(cc1)COC(=O)NC*)(C)C,tg,44.8,59.32805328893963
*N1C(=O)c2c(C1=O)cc(cc2)c1cc2c(C(=O)N(C2=O)CCCCCCOC(=O)CCCCCCCCCCN2C(=O)c3c(C2=O)cc(cc3)c2ccc(cc2)c2cc3c(C(=O)N(C3=O)CCCCCCCCCCC(=O)OCCCCCC*)cc2)cc1,tg,45.0,38.62492529445273
*Nc1ccc(cc1)NC(=O)c1cc(cc(c1)S(=O)(=O)c1ccccc1)C(=O)*,tg,308.0,286.2255278144795
*O[Si](O[Si](c1ccc(cc1)[Si](*)(C)C)(C)C)(C=C)C=C,tg,-71.0,-2.1860622020648375
*C(C*)(C(=O)Nc1ccc(cc1)C(=O)C=Cc1ccc(cc1)OC)C,tg,35.0,114.99040474144083
*C(C(*)(F)F)(C(F)(F)F)F,tg,158.5,28.002739410096687
*Nc1ccc(cc1)NC(=O)Cc1c(cc(c(c1)C)CC(=O)*)C,tg,175.0,208.18767854845785
*Oc1ccc(cc1)CC(NC(=O)Cc1ccc(cc1)OC(=O)CCC(=O)*)C(=O)OCCCCCCCC,tg,51.0,43.54446526360432
*c1cc2c(C(=O)N(C2=O)c2ccc(cc2)Oc2cc(ccc2)Oc2ccc(cc2)N2C(=O)c3c(C2=O)cc(cc3)C(*)(C(F)(F)F)C(F)(F)F)cc1,tg,247.67,239.4120508708773
*c1cc2c(C(=O)N(C2=O)c2ccc(cc2)N(c2ccc(cc2)N2C(=O)c3c(C2=O)cc(cc3)C(=O)*)c2ccccc2)cc1,tg,270.0,310.38911635592495
*N1C(=O)c2c(C1=O)cc(cc2)C(=O)Oc1cc2c(cc1)cc(cc2)OC(=O)c1cc2c(C(=O)N(C2=O)CC(CCC*)C)cc1,tg,130.0,128.76641509292978
*OCc1ccc(cc1)C*,tg,217.0,50.70489401985819
*c1cc2c(C(=O)N(C2=O)c2cc(ccc2)Cc2ccc(cc2)Cc2ccc(cc2)N2C(=O)c3c(C2=O)cc(cc3)C(=O)*)cc1,tg,317.0,247.78537407921752
*OC(=O)CC(CC*)C,tg,-71.5,-42.592061912327466
*C(C*)C(=O)OCCCCCC,tg,-57.0,-61.14995307796273
*OC(=O)Nc1ccc(cc1)Cc1ccc(cc1)NC(=O)OCCCCCCC*,tg,84.0,83.93917563402766
*C(C*)c1c(cccc1)COCCCCCCCC,tg,13.0,8.655328187311197
*OC(COC(=O)*)C,tg,31.72,-18.487755226493196
*N1C(=O)c2c(C1=O)c(ccc2)Oc1c(c(cc(c1)C(C)(C)C)C(C)(C)C)Oc1c2c(C(=O)N(C2=O)c2ccc(cc2)Oc2ccc(cc2)c2ccc(cc2)Oc2ccc(cc2)*)ccc1,tg,237.0,248.4556117685676
*c1nc2c(c(c1)c1ccccc1)cc(cc2)C1(c2ccccc2C(=O)c2ccccc12)c1cc2c(nc(cc2c2ccccc2)c2ccc(cc2)c2ccc(cc2)*)cc1,tg,350.0,404.3250618225369
*OC(=O)Nc1c(ccc(c1)NC(=O)OCCN(CC*)c1ccc(cc1)N=Nc1ccc(cc1)[N+](=O)[O-])C,tg,144.0,125.81747343993885
*NC(=O)CCCCC*,tg,48.52,48.46973653459501
*OCC(C*)(CSC)CSC,tg,-6.0,-21.44383332035443
*N1C(=O)c2c(C1=O)c(ccc2)Oc1ccc(cc1)Oc1c2c(C(=O)N(C2=O)c2ccc(cc2)Oc2cc(ccc2)Oc2ccc(cc2)*)ccc1,tg,214.0,210.49726264487165
*Oc1cc(ccc1)NC(=O)c1ccc(cc1)[Si](c1ccc(cc1)C(=O)*)(C)C,tg,220.0,171.79769279308488
*Oc1cc(ccc1)NC(=O)c1cc(cc(c1)C(C(C(C(F)(F)F)(F)F)(F)F)(F)F)C(=O)Nc1ccc(cc1)*,tg,230.0,191.60006199336092
*c1cc2c(C(=O)N(C2=O)c2ccc(cc2)C(=O)c2ccc(cc2)Cc2cc(ccc2)N2C(=O)c3c(C2=O)cc(cc3)C(=O)*)cc1,tg,254.0,275.380109136303
*C(C*)c1ccc(cc1)COc1ccc(cc1)c1ccc(cc1)C#N,tg,124.0,122.00024346818488
*C(C*)C(=O)NC(CC(=O)C)(C)C,tg,86.0,95.56424006335901
*C1OC(C(C(C1O)O)O*)CO,tg,144.0,188.74040501441135
*C(C*)C(=O)Oc1ccc(cc1)C(=O)c1ccc(cc1)Cl,tg,78.0,117.87828699600966
*N1C(=O)c2c(C1=O)c(ccc2)c1cc2c(C(=O)N(C2=O)c2ccc(cc2)OCCCCCOc2ccc(cc2)*)cc1,tg,208.0,195.32518336073736
*c1cncc(c1)C(=O)NNC(=O)c1ccc(cc1)[Si](c1ccc(cc1)C(=O)NNC(=O)*)(c1ccccc1)c1ccccc1,tg,234.0,256.25670158576855
*c1cc2c(C(=O)N(C2=O)c2ccc(cc2)C(=O)OCCCCCCCCOC(=O)*)cc1,tg,65.0,57.48886021287808
*OC(=O)c1cc2c(cc1)cc(cc2)C(=O)OCCCCCCCCCCC*,tg,39.0,36.66104957894562
*C1CC2CC(CC(C1)O2)OC(=O)Oc1ccc(cc1)C(c1ccc(cc1)OC(=O)O*)(C)C,tg,194.0,159.57583886136297
*C1C(CC(C1)C=C*)(CCC)C#N,tg,108.0,121.98471518796103
*N1C(=O)c2c(C1=O)c(ccc2)c1cc2c(C(=O)N(C2=O)c2cc(ccc2)C(=O)Nc2ccc(cc2)Oc2ccc(cc2)c2ccc(cc2)Oc2ccc(cc2)NC(=O)c2cc(ccc2)*)cc1,tg,275.0,277.1343214820477
*N(CCCNC(=O)CCCCC(=O)NCCC*)C,tg,5.0,24.443057935110293
*C(CCCCC*)CC,tg,-73.0,-69.96715448799564
*Oc1ccc(cc1)S(=O)(=O)c1ccc(cc1)Oc1ccc(cc1)c1ccc(cc1)c1ccc(cc1)*,tg,251.0,219.8434329428761
*N1C(=O)c2c(C1=O)cc(cc2)Oc1cc2c(C(=O)N(C2=O)c2ccc(cc2)Sc2cc3c(C(=O)N(C3=O)CCc3ccccc3)cc2Sc2ccc(cc2)*)cc1,tg,218.0,263.5550685871665
*Oc1ccc(cc1)NC(=O)c1ccc(cc1)[Si](c1ccc(cc1)C(=O)*)(c1ccccc1)c1ccccc1,tg,235.0,220.9209744224519
*Oc1ccc(cc1)OC(=O)Oc1ccc(cc1)C(=O)*,tg,74.0,130.65981995491313
*OC(=O)c1ccc(cc1)C(=O)OCC1CC(CCC1)C*,tg,75.0,65.82287815819646
*Oc1ccc(cc1)Oc1ccc(cc1)NC(=O)c1cc(cc(c1)NC(=O)c1ccc(cc1)OC(=O)C)C(=O)Nc1ccc(cc1)*,tg,251.0,195.85394892581198
*N1C(=O)c2c(C1=O)cc(cc2)C(c1cc2c(C(=O)N(C2=O)CCN(CC*)c2ccc(cc2)C=Cc2ccc(cc2)[N+](=O)[O-])cc1)(C(F)(F)F)C(F)(F)F,tg,219.0,205.94563870809517
*Nc1c(ccc(c1)NC(=O)C(=O)*)C,tg,-54.65,193.31819329852271
*C(C*)c1ccc(cc1)COCCC(C(C(C(C(C(C(C(F)(F)F)(F)F)(F)F)(F)F)(F)F)(F)F)(F)F)(F)F,tg,53.33,28.99343262082883
*Oc1ccc(cc1)C(c1ccc(cc1)OCC(CN(CC(C*)O)CCO)O)(C)C,tg,79.0,68.5518163123592
*OC(=O)c1ccc(cc1)c1ccc(cc1)C(=O)OCCCCCC*,tg,52.0,48.42753940545074
*NC(=O)c1cc(ccc1)C(=O)NCCCC1(c2ccccc2c2ccccc12)CCC*,tg,175.0,154.69160321176136
*Oc1ccc(cc1)N=C(c1ccc(cc1)Oc1ccc(cc1)C(c1ccc(cc1)Oc1ccc(cc1)C(=Nc1ccc(cc1)*)c1ccccc1)(c1ccccc1)c1ccccc1)c1ccccc1,tg,177.0,182.70536677799123
*c1oc(nn1)c1ccc(cc1)Oc1ccc(cc1)c1c(cc(c(c1)OCCCCCC)c1ccc(cc1)Oc1ccc(cc1)*)OCCCCCC,tg,103.0,136.86590798224245
*c1cc2c(C(=O)N(C2=O)c2ccc(cc2)Oc2ccc(cc2)N2C(=O)c3c(C2=O)cc(cc3)C(=O)Oc2c(cc(cc2)OC(=O)*)C(C)(C)C)cc1,tg,189.0,202.0920542588283
*N1C(=O)C(CC1=O)(SCCOCCSC1(C(=O)N(C(=O)C1)CCCCCCN1C(=O)C(C(C1=O)C)SCCOCCSC1C(=O)N(C(=O)C1C)CCCCCC*)C)C,tg,78.0,30.736415583412956
*C(C*)c1ccc(cc1)CCCCCCCCCCCC,tg,-52.0,-43.608494739783154
*N1CCN(CC1)C(=O)c1cc(ccc1)C(=O)*,tg,214.5,242.18490420390862
*c1cc2c(oc(n2)c2ccc(cc2)Oc2ccc(cc2)C(c2ccc(cc2)Oc2ccc(cc2)c2oc3c(n2)cc(cc3)C(*)(C(F)(F)F)C(F)(F)F)(C(F)(F)F)C(F)(F)F)cc1,tg,230.67,299.0841560265942
*Oc1ccc(cc1)NC(=O)c1cc(cc(c1)NC(=O)c1ccc(cc1)OC(=O)C)C(=O)Nc1ccc(cc1)Oc1ccc(cc1)C(c1ccc(cc1)*)(C)C,tg,243.0,243.6390162357783
*c1cc2c(C(=O)N(C2=O)c2ccc(cc2)C(=O)c2ccc(cc2)Cc2ccc(cc2)C(=O)c2ccc(cc2)N2C(=O)c3c(C2=O)cc(cc3)C(=O)*)cc1,tg,285.5,268.45849762735526
*c1c(nc2c(n1)cc(cc2)Oc1ccc(cc1)NC(=O)c1cc(cc(c1)N1C(=O)c2c(C1=O)c(c(c(c2Cl)Cl)Cl)Cl)C(=O)Nc1ccc(cc1)Oc1cc2c(nc(c(n2)c2ccc(cc2)Oc2ccc(cc2)*)c2ccccc2)cc1)c1ccccc1,tg,295.0,262.1153128464582
*OC(=O)Nc1c(ccc(c1)NC(=O)OCCN(CC*)c1ccc(cc1)N=Nc1c(cc(cc1)[N+](=O)[O-])C)C,tg,137.0,145.85957886743012
*N1C(=O)c2c(C1=O)cc(cc2)c1cc2c(C(=O)N(C2=O)c2ccc(cc2)c2ccc(cc2)NC(=O)c2cc(ccc2)C(=O)Nc2ccc(cc2)c2ccc(cc2)*)cc1,tg,230.0,278.01246214224756
*Nc1ccc(cc1)c1ccc(cc1)NC(=O)c1ccc(cc1)NC(=O)c1ccc(cc1)[Si](c1ccc(cc1)C(=O)Nc1ccc(cc1)C(=O)*)(C)C,tg,320.0,322.6162817403023
*Nc1c(cc(cc1)NC(=O)c1ccc(cc1)NC(=O)CCCCCCCCCCCCC(=O)Nc1ccc(cc1)C(=O)*)C(=O)OCCCCCCCCCCCCCCCCCC,tg,191.0,248.80432798692837
*N1C(=O)c2c(C1=O)cc(cc2)c1cc2c(C(=O)N(C2=O)c2ccc(cc2)C2(c3ccccc3c3ccccc23)c2ccc(cc2)*)cc1,tg,388.0,369.77438318947173
*N1C(=O)c2c(C1=O)cc(cc2)c1cc2c(C(=O)N(C2=O)c2cc(ccc2)Oc2c(ccc(c2)Oc2cc(ccc2)*)P(=O)(c2ccccc2)c2ccccc2)cc1,tg,234.0,213.69793676917166
*C(C*)c1cc(c(cc1)C)C,tg,106.0,102.90846123828429
*C(C*)(CC(=O)OCC1CCCCC1)C(=O)OCC1CCCCC1,tg,83.0,66.76856588802886
*O[Si](c1c2ccc3ccc(c4ccc(cc1)c2c34)[Si](*)(C)C)(C)C,tg,65.0,119.69163178313077
*OC(=O)CCCCCCCCC(=O)OCC#CC(=Cc1ccc(cc1)C#Cc1ccc(cc1)C=C(C#Cc1ccccc1)C#Cc1ccccc1)C#CC*,tg,60.0,87.88240136284868
*O[Si](*)(CCCOc1ccc(cc1)C(=O)Oc1ccc(cc1)c1ccc(cc1)OC(=O)c1cc(c(c(c1)OCCCCC)OCCCCC)OCCCCC)C,tg,48.67,59.21676886095256
*C1C(=O)N(C(=O)C1C(C*)OC)c1ccc(cc1)N(C)C,tg,221.0,157.12240012966492
*Oc1ccc(cc1)NC(=O)NC1CC(CC(C1)(CNC(=O)Nc1ccc(cc1)*)C)(C)C,tg,274.0,201.5211134392826
*[Si](CCC*)(O[Si](CCCOc1ccc(cc1)C#N)(C)C)C,tg,-45.5,-27.537580860518695
*N(c1ccc(cc1)C(=O)c1ccc(cc1)N(CCCCCCCC*)C)C,tg,50.0,75.58449949420582
*C(CC(C*)c1ccc(cc1)Cl)(C#N)C#N,tg,150.0,118.38596264770165
*c1n(c(nn1)c1ccc(cc1)Oc1ccc(cc1)C(c1ccc(cc1)Oc1ccc(cc1)*)(C(F)(F)F)C(F)(F)F)c1ccc(cc1)S(=O)(=O)C,tg,226.0,206.7147378202932
*Oc1c(cc(c(c1)OC(=O)c1ccc(cc1)OCCCCC)OC(=O)CCCC(=O)*)OC(=O)c1ccc(cc1)OCCCCC,tg,44.0,53.2137757648657
*c1cc2c(C(=O)N(C2=O)c2cc(cc(c2)C(F)(F)F)Oc2c(cc(cc2C)c2cc(c(c(c2)C)Oc2cc(cc(c2)C(F)(F)F)N2C(=O)c3c(C2=O)cc(cc3)C(=O)*)C)C)cc1,tg,265.4,283.762163739667
*OP(=O)(OCCOc1ccc(cc1)S(=O)(=O)c1ccc(cc1)OCC*)Oc1ccc(cc1)OC,tg,52.0,53.50443219500784
*OP(=O)(Oc1ccc(cc1)c1ccc(cc1)*)Oc1ccccc1,tg,112.0,100.36198309171883
*Oc1ccc(cc1)OCc1ccc(cc1)COc1ccc(cc1)OCCCCCCCCCCCC*,tg,24.0,61.144118697821156
*C(C*)[Si](C)(C)C,tg,147.0,29.80021347507909
*C1C(=O)N(C(=O)C1*)CCCCCCOc1ccc(cc1)c1ccc(cc1)C#N,tg,76.0,108.1118500792277
*c1nc2c(nc1)ccc(c2)c1ccc2c(nc(cn2)c2ccc(cc2)Oc2ccc(cc2)Oc2ccc(cc2)Oc2ccc(cc2)*)c1,tg,216.0,239.70764473570168
*Nc1cc(ccc1)NC(=O)CCCCC(=O)Nc1cc(ccc1)NC(=S)NC(=O)c1ccc(cc1)C(=O)NC(=S)*,tg,241.0,210.09518369361174
*Oc1ccc(cc1)C1(CC2C(CC1)CCCC2)c1ccc(cc1)Oc1ccc(cc1)C(=O)c1cc(ccc1)C(=O)c1ccc(cc1)*,tg,194.0,225.70387984026175
*C(C*)(C(=O)OCc1c(ccc(c1)F)F)C,tg,50.0,89.74774265943816
*C(C*)C(=O)OC([2H])([2H])[2H],tg,25.75,44.94926132772702
*C(C*)OCCCCCC,tg,-75.5,-67.42868408997637
*Oc1ccc(cc1)C=Cc1c(cc(c(c1)OCCCCCCCC)C=Cc1ccc(cc1)OCCCCCCCC*)OCCCCCCCC,tg,130.0,72.206633127038
*N1C(=O)c2c(C1=O)cc(cc2)S(=O)(=O)c1cc2c(C(=O)N(C2=O)c2cc(ccc2)c2cc(cc(c2)C(=O)Nc2ccc(cc2)OC(=O)c2cc(c(c(c2)OCCCCCCCCCCCC)OCCCCCCCCCCCC)OCCCCCCCCCCCC)c2cc(ccc2)*)cc1,tg,268.0,111.66173212636379
*OC(=O)C1CCC(CC1)C(=O)OCCOCC*,tg,-10.15,-2.5095677715815636
*C(C*)(C(=O)Oc1cc(c(cc1)[N+](=O)[O-])C)C,tg,101.0,135.98212895995974
*O[Si](O[Si](O[Si](OC(CCC(*)C)C)(C)C)(C)C)(C)C,tg,-90.0,-89.15796634453989
*c1oc(cc1)COC(=O)NCCCCCCNC(=O)OC*,tg,33.0,55.91865575120088
*Oc1c(cc(cc1)OCCCCCC(=O)NNC(=O)c1ccc(cc1)C(=O)NNC(=O)CCCCC*)C,tg,110.5,90.37406876166405
*c1cc2C(c3c(c2cc1)ccc(c3)C(=Cc1cc(cc(c1)N(c1ccccc1)c1ccccc1)C=C(*)C#N)C#N)(CCCCCCCC)CCCCCCCC,tg,136.0,126.07851700595054
*N1CCN(CC1)C(=O)CCC1(c2ccccc2c2ccccc12)CCC(=O)*,tg,145.0,199.00563289031857
*Nc1ccc(cc1)NC(=O)CCCC(=O)*,tg,135.0,142.54694052188097
*c1cc2C(c3c(c2cc1)ccc(c3)c1c(cc(c(c1)CCCCCCCC)*)CCCCCCCC)(CCCCCC)CCCCCC,tg,74.5,77.52925707813718
*NC(=O)CC(=O)NCCCCCC*,tg,50.0,88.30707537391473
*c1cc2c(C(=O)N(C2=O)c2c(cccc2)Oc2ccc(cc2)N2C(=O)c3c(C2=O)cc(cc3)C(=O)*)cc1,tg,286.0,276.1794649699377
*c1cc2c(C(=O)N(C2=O)c2ccc(cc2)c2sc(c(c2c2ccccc2)c2ccccc2)c2ccc(cc2)N2C(=O)c3c(C2=O)cc(cc3)C(=O)Nc2ccc(cc2)NC(=O)*)cc1,tg,333.0,301.89062296365915
*N1C(=O)c2c(C1=O)cc(cc2)c1cc2c(C(=O)N(C2=O)c2ccc(cc2)C(c2ccc(cc2)*)c2ccccc2)cc1,tg,315.0,327.94388849925343
*c1c(nc2c(c1c1ccccc1)cc(cc2)c1cc2c(nc(c(c2c2ccccc2)c2ccc(cc2)Oc2ccc(cc2)*)c2ccccc2)cc1)c1ccccc1,tg,307.5,310.4087626866949
*C1OC(=O)C(C1)CCC1C(=O)OC(C1)CCCCCC*,tg,37.9,78.03171937040423
*Oc1ccc(cc1)C(c1ccc(cc1)OC(=O)SCCCCCCSC(=O)*)(C)C,tg,58.0,62.65138967727855
*c1nc2c(cc1)cccc2OC(=O)c1ccc(cc1)C(=O)Oc1c(c2c(cc1)cccc2)C=C*,tg,175.0,196.3394807292456
*Oc1ccc(cc1)C1(c2ccccc2c2ccccc12)c1ccc(cc1)OCCOC(=O)C1CCC(CC1)C(=O)OCC*,tg,148.0,148.5922751126964
*Oc1ccc(cc1)C(c1ccc(cc1)OC(=O)OC1C(C(C1(C)C)OC(=O)*)(C)C)(C(F)(F)F)C(F)(F)F,tg,142.0,111.33074354898133
*C(C*)c1c(cccc1)C(=O)Nc1ccccc1,tg,191.0,131.92093955496216
*C(=C*)C([Si](CCCCCC)(C)C)CCC,tg,40.0,90.67335167162517
*N1C(=O)c2c(C1=O)cc(cc2)Oc1c(cccc1)Oc1cc2c(C(=O)N(C2=O)c2ccc(cc2)Oc2ccc(cc2)c2ccc(cc2)Oc2ccc(cc2)*)cc1,tg,204.0,211.76236607332288
*OC(=O)c1cc2c(cc1)cc(cc2)C(=O)OCC*,tg,121.43,84.99751354860432
*OC(=O)C*,tg,55.86,-25.38009030056536
*C1(c2c(C(=O)N1)cccc2)c1ccc(cc1)Oc1ccc(cc1)NC(=O)c1cc2c(C(=O)N(C2=O)c2ccc(cc2)Sc2ccc(cc2)N2C(=O)c3c(C2=O)cc(cc3)C(=O)Nc2ccc(cc2)Oc2ccc(cc2)*)cc1,tg,298.0,251.6144296790878
*Oc1ccc(cc1)P(=O)(c1ccc(cc1)Oc1ccc(cc1)C(c1ccc(cc1)*)(C(F)(F)F)C(F)(F)F)c1ccccc1,tg,210.5,209.0885885864875
*OCC(C*)(CC)C,tg,-47.0,-3.2002279009258037
*N1C(=O)c2c(C1=O)cc(cc2)Oc1cc2c(C(=O)N(C2=O)c2c(cccc2)Oc2ccc(cc2)*)cc1,tg,264.0,251.98213327426262
*N1C(=O)c2c(C1=O)cc(cc2)Oc1ccc(cc1)C(c1ccc(cc1)Oc1cc2c(C(=O)N(C2=O)c2ccc(cc2)Oc2ccc(cc2)c2ccc(cc2)Oc2ccc(cc2)*)cc1)(C)C,tg,220.0,216.75842751932737
*Oc1ccc(cc1)OC(=O)c1ccc(cc1)OC(=O)c1ccc(cc1)C(=O)Oc1ccc(cc1)C(=O)*,tg,283.0,150.3634573423932
*C(C*)c1ccc(cc1)COc1ccc(cc1)c1c2c(nsn2)c(cc1)c1ccc(cc1)C,tg,117.0,227.19732176735556
*c1nc2c([nH]1)cc(cc2)c1cc2c(nc([nH]2)c2ccc(cc2)C(c2ccc(cc2)*)(C(F)(F)F)C(F)(F)F)cc1,tg,269.0,352.7117941731448
*N1C(=O)c2c(C1=O)c(ccc2)c1cc2c(C(=O)N(C2=O)c2ccc(cc2)OCCCOc2ccc(cc2)*)cc1,tg,237.5,201.65462161212943
*c1ccc(cc1)C(C(*)Cl)(Cl)Cl,tg,160.0,160.85652973571115
*C1C2C3C(C=CC3)C(C1*)C2,tg,103.55,142.67791622845337
*OC1C(C(C1(C)C)OC(=O)*)(C)C,tg,160.0,128.61537425141913
*c1c(cc(c(c1)OC)C=C*)OCCCCCCCCCCCC,tg,36.0,49.31320357383579
*c1cc2c(C(=O)N(C2=O)c2ccc(cc2)Oc2ccc(cc2)C2(C3C4C(CCC4)C(C2)C3)c2ccc(cc2)Oc2ccc(cc2)N2C(=O)c3c(C2=O)cc(cc3)C(=O)Nc2ccc(cc2)Oc2c(cc(cc2)Oc2ccc(cc2)NC(=O)*)C(C)(C)C)cc1,tg,275.0,268.1983166341182
*[Si](CCC*)(c1ccccc1)C,tg,-1.5,-21.040150296101668
*Oc1c(cccc1)S(=O)(=O)c1ccc(cc1)*,tg,221.0,190.76959456629658
*OP(=O)(OCCOc1ccc(cc1)S(=O)(=O)c1ccc(cc1)OCC*)Oc1ccc(cc1)C,tg,46.0,51.33521408028655
*Oc1c(cc(c(c1)C(c1ccccc1)(C)C)OC(=O)c1cc(ccc1)C(=O)*)C(c1ccccc1)(C)C,tg,180.0,175.99112671843125
*OC(=O)c1ccc(cc1)C(=O)OCCCCCCCCC*,tg,22.0,11.54587862050405
*OC(=O)OCCCCC*,tg,-40.0,-42.21347384709444
*OP(=O)(OCCOc1ccc(cc1)S(=O)(=O)c1ccc(cc1)OCC*)Oc1ccc(cc1)[N+](=O)[O-],tg,56.0,65.85913370545094
*C1(c2c(Oc3c1cccc3)cccc2)c1ccc(cc1)OC(=O)c1ccc(cc1)C(=O)Oc1ccc(cc1)*,tg,252.0,257.9645559505701
*N(CC*)C(=O)CCCCCCCCCCC,tg,10.0,-17.641725417712465
*Oc1ccc(cc1)CC(NC(=O)Cc1ccc(cc1)OC(=O)CCCCCCCCC(=O)*)C(=O)OCC,tg,43.0,48.480875642996324
*C1(CC(c2c1cc(cc2)*)(C)C)C,tg,212.75,145.95088704082053
*Oc1cc(c(cc1)CCc1ccc(cc1)OCCCCCCCCCCCC*)C,tg,-0.9,2.0024216036991223
*C(=C(*)C)CCC,tg,200.0,127.64672008317936
*Oc1c(cc(cc1)OC(=O)c1c(cc(c(c1)OCCCCCCCCCCCC)C(=O)*)OCCCCCCCCCCCC)c1ccccc1,tg,96.0,80.66114259334442
*O[Si](*)(CCCCCCCCCCCn1c2ccccc2c2ccccc12)C,tg,-45.0,-9.830876827170002
*N=P(*)(Cl)Cl,tg,-63.5,41.72336000259167
*OC(COC(COC(=O)c1ccc(cc1)C(=O)*)C)C,tg,37.0,37.77534878662925
*c1cc2c(C(=O)N(C2=O)c2cc(ccc2)C(=O)c2ccc(cc2)Cc2ccc(cc2)C(=O)c2cc(ccc2)N2C(=O)c3c(C2=O)cc(cc3)C(=O)*)cc1,tg,260.5,263.65757267247136
*SC(C(=O)*)C,tg,12.0,48.51256324968353
*N1C(=O)c2c(C1=O)cc(cc2)c1cc2c(C(=O)N(C2=O)c2cc(ccc2)OCCCCOc2cc(ccc2)*)cc1,tg,175.0,173.61423976602237
*C(C*)(C(=O)OCC1N(CC(C1)NC(=O)OC(C)(C)C)C(=O)OC(C)(C)C)C,tg,127.0,98.12599737396523
*Oc1cc(ccc1)OCC(COc1ccc(cc1)S(=O)(=O)c1ccc(cc1)OCC(C*)O)O,tg,105.0,84.50389524260034
*Oc1c(cc(cc1)OC(=O)c1ccc(cc1)OCCCCCCCCCCCCOc1ccc(cc1)C(=O)*)C=Cc1ccncc1,tg,91.35,89.0724830776403
*Oc1ccc(cc1)C(c1ccc(cc1)OCC(C*)O)(c1ccccc1)C,tg,115.0,111.92131068107548
*SCCCCCCC(=O)NCc1ccc(cc1)CNC(=O)CCCCCC*,tg,65.0,67.49270074592737
*C(C*)(C(=O)OC)C#N,tg,130.0,90.1564379472112
*N1C(=O)c2c(C1=O)cc(cc2)C(c1cc2c(C(=O)N(C2=O)CCCCCCCCCC*)cc1)(C(F)(F)F)C(F)(F)F,tg,119.0,100.43021676981675
*C(C*)(C(=O)Oc1ccc(cc1)C(=O)OC)C,tg,106.0,97.60683774196389
*Oc1cc(ccc1)Oc1ccc(cc1)NC(=O)c1c(cc(cc1)c1cc(c(cc1)C(=O)Nc1ccc(cc1)*)C)C,tg,213.0,201.64948141916344
*c1cc2c(C(=O)N(C2=O)c2cc(ccc2)N2C(=O)c3c(C2=O)cc(cc3)C(=O)Nc2ccc(cc2)S(=O)(=O)c2ccc(cc2)NC(=O)*)cc1,tg,342.0,270.12088147200865
*Nc1ccc(cc1)C(c1ccc(cc1)NC(=O)c1cc2c(cc1)cc(cc2)C(=O)*)(P1(=O)c2ccccc2c2ccccc2O1)P1(=O)c2ccccc2c2ccccc2O1,tg,241.0,248.0496086012671
*Oc1c(cc(cc1C)C(c1cc(c(c(c1)C)OC(=O)c1cc(ccc1)C(=O)*)C)(C)C)C,tg,187.0,186.54897485834482
*c1nc2c(nc1)ccc(c2)c1ccc2c(nc(cn2)c2ccc(cc2)*)c1,tg,376.0,358.6155067131795
*OC(=O)c1cc2c(cc1)cc(cc2)C(=O)OCCC*,tg,84.0,83.07743547552316
*C1(CCN(CC1)C(=O)C(CC(=O)N1CCC(CC1)(CCC*)C)C)C,tg,72.0,133.8247684612642
*C(C*)c1c(cccc1)C(=O)N(C)C,tg,190.0,131.58033239686605
*Nc1c2c(ccc1)c(ccc2)NC(=O)c1ccc(cc1)C(=O)*,tg,305.0,320.5585718483245
*C=CC(C*)COCC(=O)OCCCCCCCCOc1ccc(cc1)C=Cc1ccc(cc1)[N+](=O)[O-],tg,19.6,33.82106129016593
*Oc1c(cc(cc1c1ccccc1)*)c1cc(ccc1)C,tg,219.0,166.8298796198054
*N1C(=O)c2c(C1=O)c(ccc2)Oc1c(cc(cc1C)Cc1cc(c(c(c1)C)Oc1c2c(C(=O)N(C2=O)c2c(cc(cc2C)c2cc(c(c(c2)C)*)C)C)ccc1)C)C,tg,276.0,340.6642152592339
*c1cc2c(oc(n2)C2CCC(CC2)c2oc3c(n2)cc(cc3)C(*)(C(F)(F)F)C(F)(F)F)cc1,tg,271.0,302.08731272683525
*N1C(=O)N(C(=O)C1=O)c1c(cccc1)CCc1ccc(cc1)N1C(=O)N(C(=O)C1=O)c1ccc(cc1)CCc1ccc(cc1)*,tg,220.0,202.31809093864857
*C(C*)OC(=O)C(C(C(F)(F)F)(F)F)(F)F,tg,27.0,46.80208936643823
*C(C*)C(=O)OCC(C(F)C(F)(F)F)(F)F,tg,-22.0,-23.526258334751695
*c1cc2c(C(=O)N(C2=O)c2ccc(cc2)Oc2c3c(ccc2)c(ccc3)Oc2ccc(cc2)N2C(=O)c3c(C2=O)cc(cc3)C(=O)Nc2ccc(cc2)Sc2ccc(cc2)NC(=O)*)cc1,tg,265.0,281.40604655922687
*C(C*)c1c(ccc(c1)C(=O)Oc1ccc(cc1)OCCCCCCCC)C(=O)Oc1ccc(cc1)OCCCCCCCC,tg,105.0,107.18986046538791
*O[Si](O[Si](Oc1ccc(cc1)c1ccc(cc1)*)(C)C)(C)C,tg,-4.0,98.29012979258482
*c1cc2C(c3c(c2cc1)ccc(c3)*)(CC(CCCC)CC)CC(CCCC)CC,tg,27.64,84.41328540698873
*c1cc2c(C(=O)N(C2=O)c2cc(c(cc2)Oc2ccc(cc2)C(=O)c2nc(ccc2)C(=O)c2ccc(cc2)Oc2c(cc(cc2)N2C(=O)c3c(C2=O)cc(cc3)C(=O)*)C(F)(F)F)C(F)(F)F)cc1,tg,225.2,228.44206305971986
*c1cc2C(c3c(c2cc1)ccc(c3)c1cc2C(c3c(c2cc1)ccc(c3)*)(CC1=NC(CO1)Cc1ccccc1)CC1=NC(CO1)Cc1ccccc1)(CCCCCC)CCCCCC,tg,114.0,133.79109844609516
*C=CC(*)(C)C,tg,-10.0,51.83025957544934
*O[Si](CCC(CC[Si](*)(CCC(F)(F)F)C)(F)F)(CCC(F)(F)F)C,tg,-38.0,-20.081866324227985
*N1C(=O)c2c(C1=O)cc(cc2)Oc1cc2c(C(=O)N(C2=O)c2cc(c(cc2)Oc2ccc(cc2)C(=O)c2nc(ccc2)C(=O)c2ccc(cc2)Oc2c(cc(cc2)*)C(F)(F)F)C(F)(F)F)cc1,tg,212.2,214.34011783889787
*N1C(=O)c2c(C1=O)cc(cc2)C(=O)c1cc2c(C(=O)N(C2=O)CCCCCCCC*)cc1,tg,113.0,134.52285264563196
*NC(=O)C(=CC(=O)NCCCCCCCCCC*)C,tg,74.0,76.86181314969787
*c1cc2c(C(=O)N(C2=O)c2cc(ccc2)C(c2cc(ccc2)N2C(=O)c3c(C2=O)cc(cc3)C(*)(C(F)(F)F)C(F)(F)F)O)cc1,tg,236.5,285.5377515480814
*C(C*)CC1CCCC1,tg,60.0,79.74266746923871
*Oc1ccc(cc1)Oc1ccc(cc1)Oc1c(cc(cc1)S(=O)(=O)c1cc(c(cc1)Oc1ccc(cc1)Oc1ccc(cc1)Oc1ccc(cc1)c1ccc(cc1)*)S(=O)(=O)O[Na])S(=O)(=O)O[Na],tg,302.0,293.4016734348558
*OC(=O)NCc1ccc(cc1)CNC(=O)OCCCCCCCCCCCC*,tg,45.0,52.85171476940026
*O[Si](O[Si](O[Si](O[Si](CC[Si](O[Si](O[Si](O[Si](O[Si](CC[Si](*)(c1ccccc1)c1ccccc1)(C)C)(C)C)(C)C)(C)C)(C)C)(c1ccccc1)c1ccccc1)(c1ccccc1)c1ccccc1)(c1ccccc1)c1ccccc1)(c1ccccc1)c1ccccc1,tg,-22.0,26.760179334264794
*C(C(=O)C*)c1ccccc1,tg,103.33,104.49512748057192
*C1C(C2C(C1)C(C(C2)CC*)OC(=O)CCCCCCCCCCOc1ccc(cc1)c1ccc(cc1)C#N)OC(=O)CCCCCCCCCCOc1ccc(cc1)c1ccc(cc1)C#N,tg,23.5,34.926289071111626
*c1sc(cc1CCCCCCCCCC)c1sc(c(c1)CCCCCCCCCC)c1c2c(ccccc2)c(c1)*,tg,22.5,23.188630204724166
*C(C*)(C(=O)Oc1ccc(cc1)C(=O)C=Cc1ccc(cc1)Cl)C,tg,127.0,121.28230462672508
*OCCOCCOCCCNC(=O)CCCCCCCCC(=O)NCCC*,tg,40.0,-8.460670246011867
*C(C*)c1ccc(cc1)COCCCC,tg,10.0,20.267977889850282
*C(C*)c1ccc(cc1)C(O)C(F)(F)F,tg,110.0,167.45945072005807
*c1nc(ccc1)Oc1ccc(cc1)c1ccc(cc1)O*,tg,119.0,143.02561918050455
*c1sc(cc1)c1sc(c(c1)CCCCCCCC)c1sc(cc1)c1sc(cc1)c1sc(cc1CCCCCCCC)c1sc(cc1)[Si](*)(C)C,tg,31.0,43.96636114541827
*c1ccc2c(nc([nH]2)c2cc(ccc2)c2nc3c([nH]2)ccc(c3)C(=O)Nc2ccc(cc2)NC(=O)c2ccc(cc2)NC(=O)*)c1,tg,322.0,297.88318608050315
*Nc1ccc(cc1)NC(=O)c1c(cc(cc1)C(c1cc(c(cc1)C(=O)*)C(=O)OCC)(C(F)(F)F)C(F)(F)F)C(=O)OCC,tg,270.0,156.28516841290516
*N1C(=O)N(C(=O)C1=O)c1ccc(cc1)Cc1ccc(cc1)N1C(=O)N(C(=O)C1=O)c1c(cccc1)CCc1ccc(cc1)*,tg,198.0,223.67874351242259
*Oc1c(cc(cc1Cl)C1(C2C3C(CCC3)C(C1)C2)c1cc(c(c(c1)Cl)OC(=O)*)Cl)Cl,tg,281.0,252.04306207549695
*c1cc2c(C(=O)N(C2=O)c2ccc(cc2)c2sc(c(c2c2ccccc2)c2ccccc2)c2ccc(cc2)N2C(=O)c3c(C2=O)cc(cc3)C(=O)Nc2cc(ccc2)C(=O)c2cc(ccc2)NC(=O)*)cc1,tg,308.0,273.49625707982284
*N1C(=O)c2c(C1=O)cc(cc2)Oc1cc2c(C(=O)N(C2=O)c2cc(c(cc2)Oc2ccc(cc2)Oc2ccc(cc2)*)C(F)(F)F)cc1,tg,232.3,228.81982628590072
*C1C(=O)N(C(=O)C1*)C(C)(C)C,tg,195.0,182.1507837043805
*NC(=O)CCCCCCCCCCC(=O)NCC1CCC(CC1)C*,tg,85.0,105.87498754199143
*c1cc2c(C(=O)N(C2=O)c2ccc(cc2)Oc2cc3c(cc2)ccc(c3)Oc2ccc(cc2)N2C(=O)c3c(C2=O)cc(cc3)C(=O)Nc2ccc(cc2)c2sc(c(c2c2ccccc2)c2ccccc2)c2ccc(cc2)NC(=O)*)cc1,tg,311.0,328.4253447125956
*c1cc2c(C(=O)N(C2=O)c2c(cc(cc2C)C(c2cc(c(c(c2)C)N2C(=O)c3c(C2=O)cc(cc3)C(*)(C(F)(F)F)C(F)(F)F)C)c2cc(ccc2)C(F)(F)F)C)cc1,tg,286.1,313.5356829739255
*S(=O)(=O)c1c(cc(cc1C)C(c1cc(c(c(c1)C)*)C)(C)C)C,tg,229.0,140.86751129612833
*c1ccc2n(c3c(c2c1)cc(cc3)c1cc2C(c3c(c2cc1)ccc(c3)*)(CCCCCC)CCCCCC)c1ccc(cc1)OC,tg,174.0,157.18005328069208
*C1C2C(C(=O)N(C2=O)CCCCCCC)C(C1)C=C*,tg,59.0,72.68462557201721
*OC(=O)c1ccc(cc1)c1ccc(cc1)c1ccc(cc1)C(=O)OCCCC*,tg,180.0,51.46401275461184
*C(C*)(C(=O)OCCC(C(C(C(C(C(C(C(C(C(F)(F)F)(F)F)(F)F)(F)F)(F)F)(F)F)(F)F)(F)F)(F)F)(F)F)F,tg,53.0,37.512865542382634
*OC(=O)C(C(C(=O)OCCCCCCCCC*)O)O,tg,-11.0,2.8749784797500784
*C(C*)(C(=O)OCCC1CCCCC1)C,tg,76.33,43.20336571317663
*c1nc(ccc1)NC(=O)Nc1ccc(cc1)Cc1ccc(cc1)NC(=O)N*,tg,216.67,162.49733469629365
*N1C(=O)C2C(C1=O)C(Cc1ccccc21)C1C(=O)N(C(=O)C1)c1cc(cc(c1)C(=O)OCCCC)*,tg,249.43,253.718428741798
*N(CC*)C(=O)c1cc(c(cc1)F)F,tg,101.0,92.6269143924373
*c1cc2c(C(=O)N(C2=O)c2ccc3Cc4c(c3c2)cc(cc4)N2C(=O)c3c(C2=O)cc(cc3)C(*)(C(F)(F)F)C(F)(F)F)cc1,tg,394.0,319.49375547425313
*C(C*)C1CCCCC1,tg,117.68,76.50715778762141
*OCCCCC(=O)NCc1ccc(cc1)CNC(=O)CCCC*,tg,70.0,66.76937671717381
*Oc1c2c(c(cc1)c1c3c(c(cc1)Oc1c(c4c(cc1)cccc4)c1c4c(ccc1*)cccc4)cccc3)cccc2,tg,301.0,294.7142990638279
*OC(C*)c1ccccc1,tg,32.38,138.118671300122
*OCC(C*)(COCCC#N)C,tg,-52.0,-23.161572516978808
*C(C*)c1ccc(cc1)C(=O)OCCCC,tg,76.0,76.26997280808845
*OC(COC(=O)*)COC(C)(C)C,tg,11.0,49.30456483195139
*C(C*)c1ccc(cc1)[Si](O)(C)C,tg,147.0,85.28099369113288
*Oc1ccc(cc1)C(c1ccc(cc1)Oc1ccc(cc1)C(=O)C(=O)c1ccc(cc1)*)(c1ccccc1)C,tg,177.0,172.52870140956986
*c1nc2c([nH]1)ccc(c2)NC(=O)c1ccc(cc1)OCCOc1ccc(cc1)C(=O)Nc1cc(ccc1)*,tg,250.0,204.7233632303401
*C(C*)(c1ccc(cc1)C(O)C(F)(F)F)C,tg,199.0,98.81207071425061
*c1nc2c(c(c1)c1ccccc1)cc(cc2)Oc1cc2c(nc(cc2c2ccccc2)c2c(ccc(c2)*)OCCN(c2ccc(cc2)c2sc(cc2)C(=C(C#N)C#N)c2sc(cc2)c2ccc(cc2)N(CC)CC)CC)cc1,tg,205.0,205.13668994108536
*N1C(=O)c2c(C1=O)c(ccc2)c1cc2c(C(=O)N(C2=O)c2cc(ccc2)C(=O)Nc2ccc(cc2)Oc2ccc(cc2)C(c2ccc(cc2)Oc2ccc(cc2)NC(=O)c2cc(ccc2)*)(C)C)cc1,tg,261.0,268.4175528644353
*OP(=O)(Oc1ccc(cc1)C(c1ccc(cc1)*)(C)C)Oc1c(cc(cc1Cl)Cl)Cl,tg,94.0,94.27788438435599
*Oc1c(cc(cc1)Oc1ccc(cc1)C(=O)Nc1ccc(cc1)Oc1ccc(cc1)S(=O)(=O)c1ccc(cc1)Oc1ccc(cc1)NC(=O)c1ccc(cc1)*)c1ccccc1,tg,231.0,218.15777953080678
*Nc1ccc(cc1)C(=O)Nc1ccc(cc1)Cc1ccc(cc1)NC(=O)c1ccc(cc1)NC(=O)c1ccc(cc1)[Si](c1ccc(cc1)C(=O)*)(C)C,tg,300.0,297.0139529378052
*c1cc2Sc3c(Sc2cc1)cc(cc3)C(=Cc1c(cc(c(c1)OCCCCCCCC)C=C(*)c1ccccc1)OCCCCCCCC)c1ccccc1,tg,93.0,101.1795353937876
*C1(C(=O)OC(=O)C1(C(C*)OCCCC)C)C,tg,197.0,186.5599841345493
*Oc1ccc(cc1)Oc1ccc(cc1)C=Nc1ccc(cc1)Oc1ccc(cc1)N=Cc1ccc(cc1)*,tg,120.0,160.9088837576858
*Oc1ccc(cc1)C(c1ccc(cc1)Oc1ccc(cc1)C(=O)C(=O)c1ccc(cc1)*)(C(F)(F)F)C(F)(F)F,tg,157.0,182.8605591138665
*Nc1ccc(cc1)Cc1ccc(cc1)NC(=O)c1cc(cc(c1)N1C(=O)C=CC1=O)C(=O)*,tg,287.0,260.3533541530961
*Oc1ccc(cc1)C=Cc1ccc(cc1)OCCCCCC*,tg,76.0,59.16117233584031
*N1C(=O)c2c(C1=O)cc(cc2)c1cc2c(C(=O)N(C2=O)c2cc(ccc2)C(=O)Nc2ccc(cc2)Oc2ccc(cc2)Oc2ccc(cc2)Oc2ccc(cc2)NC(=O)c2cc(ccc2)*)cc1,tg,244.0,239.54847787767622
*C(C*)c1ccc(cc1)CCl,tg,106.0,84.7831660216962
*N1C(=O)c2c(C1=O)cc(cc2)Oc1cc2c(C(=O)N(C2=O)CCCCCCC*)cc1,tg,110.0,126.2997138140158
*Oc1ccc(cc1)NC(=O)c1cc2c(cc1)cc(cc2)C(=O)Nc1ccc(cc1)Oc1ccc(cc1)C1(C2CCC(C1)C2)c1ccc(cc1)*,tg,276.0,274.33220971007853
*C(C*)c1c(cccc1)C(=O)OCCC(C)C,tg,68.0,73.11800767520215
*c1ccc(cc1)C(=Cc1c(cc(c(c1)OC)C=C(*)c1ccc(cc1)OC)OC)c1ccc(cc1)OC,tg,170.0,200.75366473321023
*Oc1c(c(c(c(c1C)C)NC(=O)c1ccc(cc1)C(=O)Nc1ccc(cc1)*)C)C,tg,333.0,271.03995694417205
*c1nc2c(n1C)ccc(c2)c1ccc2c(nc([nH]2)c2cc(ccc2)*)c1,tg,346.66,378.82289521481306
*c1cc2c(C(=O)N(C2=O)c2ccc(cc2)OCCN(CCOc2ccc(cc2)N2C(=O)c3c(C2=O)cc(cc3)C(*)(C(F)(F)F)C(F)(F)F)c2ccc(cc2)C(=C(C#N)C#N)C#N)cc1,tg,218.0,212.3599443697037
*N1C(=O)c2c(C1=O)cc(cc2)Oc1ccc(cc1)C(c1ccc(cc1)Oc1cc2c(C(=O)N(C2=O)c2ccc(cc2)Sc2ccc(cc2)Oc2ccc(cc2)Sc2ccc(cc2)*)cc1)(C)C,tg,180.0,182.76981531264303
*C(C*)(C(=O)OCCCl)C,tg,62.0,57.95553211069683
*C(C*)c1c(cccc1)Br,tg,148.5,135.68067528738456
*Oc1ccc(cc1)S(=O)(=O)c1ccc(cc1)Oc1ccc(cc1)c1ccc(cc1)Oc1ccc(cc1)C(=O)c1ccc(cc1)*,tg,206.0,194.35363354966898
*Oc1c(cc(cc1C)*)C(CCC)C,tg,100.0,74.64644508394406
*Oc1ccc(cc1)OC(=O)c1c(cc(cc1)C(=O)*)Oc1ccc(cc1)Cl,tg,107.0,126.73399037750885
*C(C*)C(=O)OCCCCSC,tg,-70.0,-64.05019347640328
*Oc1ccc(cc1)CC(NC(=O)CCc1ccc(cc1)OC(=O)CCC(=O)*)C(=O)OC,tg,91.5,74.80463528296738
*OCCC(=O)NCc1c(c(c(c(c1C)C)CNC(=O)CC*)C)C,tg,191.0,125.52738631557106
*c1n(c(nn1)c1ccc(cc1)Oc1ccc(cc1)C(c1ccc(cc1)Oc1ccc(cc1)*)(C(F)(F)F)C(F)(F)F)c1ccc(cc1)C,tg,213.0,194.260428351395
*N1C(=O)c2c(C1=O)cc(cc2)c1cc2c(C(=O)N(C2=O)c2ccc(cc2)Oc2ccc(cc2)C(c2ccc(cc2)Oc2ccc(cc2)*)(C)C)cc1,tg,230.0,254.03783373081748
*Oc1ccc(cc1)C(=Nc1ccc(cc1)N=C(c1ccc(cc1)Oc1ccc(cc1)C(c1ccc(cc1)*)(c1ccccc1)c1ccccc1)c1ccccc1)c1ccccc1,tg,198.0,173.7676373419006
*Oc1c2c(ccc1)c(ccc2)OCCNC(=O)c1cc(ccc1)C(=O)NCC*,tg,171.0,146.18029933639656
*Oc1c(cc(cc1)Oc1ccc(cc1)C(=O)c1ccc(cc1)*)C,tg,149.29,150.53217173060682
*Oc1ccc(cc1)CC(NC(=O)Cc1ccc(cc1)OC(=O)CCCC(=O)*)C(=O)OCC,tg,65.0,63.69948475278313
*c1cc2c(C(=O)N(C2=O)c2ccc(cc2)Oc2ccc(cc2)N2C(=O)c3c(C2=O)cc(cc3)C(*)(C(F)(F)F)C(F)(F)F)cc1,tg,304.1,297.3311934273233
*C(C*)C(=O)OCCCSCCC#N,tg,-58.0,-58.6951565459902
*C(C(CC*)c1ccccc1)c1ccccc1,tg,101.65,95.33928035604134
*c1cc2c(C(=O)N(C2=O)c2c(ccc(c2)N2C(=O)c3c(C2=O)cc(cc3)C(=O)OCCN(CCOC(=O)*)c2ccccc2)N=Nc2ccccc2)cc1,tg,156.0,209.51678601719956
*N1C(=O)c2c(C1=O)cc(cc2)Sc1cc2c(C(=O)N(C2=O)c2ccc(cc2)Oc2ccc(cc2)*)cc1,tg,258.0,265.4166900315424
*Oc1cc(c(cc1)S(=O)(=O)c1c(cc(cc1)Oc1ccc(cc1)C(c1ccc(cc1)*)(C(F)(F)F)C(F)(F)F)C(O)(C(F)(F)F)C(F)(F)F)C(O)(C(F)(F)F)C(F)(F)F,tg,148.0,169.4794834578765
*c1cc2C(c3c(c2cc1)ccc(c3)*)(CCCCCC)CCCCCC,tg,104.0,52.799331424532696
*c1oc2c(n1)ccc(c2)c1ccc2c(oc(n2)CCCCCCCCCCC*)c1,tg,62.0,72.85617945587045
*C(=CCC*)C(C)(C)C,tg,20.0,87.53943773948566
*C(C*)(C(=O)Oc1ccc(cc1)C(=O)Oc1ccc(cc1)C)C,tg,98.0,113.03337658901233
*c1cc2c(C(=O)N(C2=O)c2cc(ccc2)C(c2cc(ccc2)N2C(=O)c3c(C2=O)cc(cc3)C(*)(C(F)(F)F)C(F)(F)F)O[Si](O[Si](O[Si](C)(C)C)(C)C)(C)C)cc1,tg,236.5,218.57095930369294
*NC(=O)CCCCCCCCCCCCC(=O)NCCc1ccc(cc1)CC*,tg,93.0,79.39225299495247
*c1cc2c(C(=O)N(C2=O)c2ccc(cc2)Oc2ccc(cc2)C(=O)c2ccc(cc2)C(=O)c2ccc(cc2)Oc2ccc(cc2)N2C(=O)c3c(C2=O)cc(cc3)C(=O)*)cc1,tg,233.0,241.53703242457306
*OC(=O)CCC(=O)OCCSCC*,tg,-34.0,-22.978588851174308
*C(C*)(C(=O)OCC(CCCC)CC)C,tg,-10.0,30.26918237210718
*c1ccc2n(c3c(c2c1)cc(cc3)C=Cc1nc(c(c(c1C#N)C=Cc1ccc(cc1)N(c1ccccc1)c1ccccc1)C#N)C=C*)CCCCCC,tg,134.0,162.29017795311577
*Oc1ccc(cc1)Oc1ccc(cc1)S(=O)(=O)c1ccc(cc1)*,tg,206.67,177.53394234917113
*N1C(=O)c2c(C1=O)cc(cc2)c1cc2c(C(=O)N(C2=O)c2cc(ccc2)C(=O)Nc2ccc(cc2)Oc2ccc(cc2)Oc2ccc(cc2)NC(=O)c2cc(ccc2)*)cc1,tg,244.0,267.1023855604111
*N=P(*)(Oc1c(cc(cc1)Cl)Cl)Oc1c(cc(cc1)Cl)Cl,tg,2.0,53.27824183846083
*Oc1ccc(cc1)C1(CCCC1)c1ccc(cc1)OC(=O)*,tg,162.86,166.1149462657413
*c1nc(nc(n1)N(CCCCCCCCCCN(*)c1ccccc1)c1ccccc1)C,tg,48.0,74.26550412014612
*OCC(C*)C,tg,-55.0,-52.75112301280795
*C(C*)C(=O)OCC(C(C(F)(F)F)(F)F)(F)F,tg,-30.0,-8.023888244910172
*OC(CCC(OC(=O)CCCCCCCCC(=O)*)C)C,tg,-66.0,-56.43506325695921
*Oc1ccc(cc1)S(=O)(=O)c1ccc(cc1)Oc1ccc(cc1)C(c1ccc(cc1)*)(c1ccccc1)c1ccccc1,tg,230.0,202.43586980056392
*Nc1ccc(cc1)Cc1ccc(cc1)NC(=O)NCCCCCCCCCCNC(=O)*,tg,46.0,71.76786198418436
*Oc1ccc(cc1)CC(NC(=O)CCc1ccc(cc1)OC(=O)CCCCC(=O)*)C(=O)OCC(C)C,tg,56.0,51.32489555498374
*Oc1ccc(cc1)N=CNc1ccc(cc1)OCCOCC*,tg,62.0,74.44921567804869
*C(C*)(CC(=O)Oc1ccc(cc1)OCCCCC)C(=O)Oc1ccc(cc1)OCCCCC,tg,73.5,85.77177421603415
*N1C(=O)c2c(C1=O)cc(cc2)C(=O)Oc1ccc(cc1)C(c1ccc(cc1)C(c1ccc(cc1)OC(=O)CCCCCCCCCCC*)(C)C)(C)C,tg,97.0,89.96397115882044
*C(C*)c1ccc(cc1)C(CCC)(O)C,tg,130.0,130.4279460499085
*N1C(=O)c2c(C1=O)cc(cc2)c1ccc(cc1)c1cc2c(C(=O)N(C2=O)CCCCCC*)cc1,tg,141.0,152.47141861876307
*OC(=O)c1cc(ccc1)C(=O)OCC1CCC(CC1)C*,tg,70.0,73.32211999406309
*N=P(*)(OCC)OCC,tg,-87.33,-66.72629604317869
*C(C*)C(=O)Oc1c(cccc1)C(C)(C)C,tg,72.0,59.363078715644576
*Oc1ccc(cc1)OC(=O)c1c(cc(cc1)C(=O)*)Oc1cc2c(cc1)cccc2,tg,102.0,130.85112983652806
*C1C2C(C(=O)N(C2=O)c2ccc(cc2)Br)C(C1)C=C*,tg,227.8,221.83068845222297
*Oc1ccc(cc1)NC(=O)c1cc(cc(c1)NC(=O)CCCCCN1C(=O)c2c(C1=O)cccc2)C(=O)Nc1ccc(cc1)*,tg,200.0,195.3063137120442
*C(C*)C(=O)Oc1ccc(cc1)C(=O)Oc1ccc(cc1)OC(=O)c1ccc(cc1)OCCCC,tg,47.0,82.26129774433399
*N1C(CN(C(C1)C)C(=O)c1ccc(cc1)C(=O)*)C,tg,350.0,196.5387528798575
*N1C(=O)c2c(C1=O)cc(c(c2)c1ccc(cc1)C(C)(C)C)c1cc2c(C(=O)N(C2=O)c2ccc(cc2)Oc2ccc(cc2)*)cc1c1ccc(cc1)C(C)(C)C,tg,370.0,345.8900090128811
*c1cc2c(C(=O)N(C2=O)c2ccc(cc2)C(=O)Nc2ccc(cc2)C(=O)OCCCCCCOC(=O)*)cc1,tg,107.0,140.70505829411806
*c1nc2c(nc1)cc(cc2)Oc1cc2c(nc(cn2)c2ccc(cc2)Oc2ccc(cc2)*)cc1,tg,382.0,270.0145976983812
*C(C*)(C(=O)OCc1c(ccc(c1)Cl)Cl)C,tg,27.8,26.095127123498745
*c1cc2c(C(=O)N(C2=O)c2c(cc(cc2C)C2(c3ccccc3c3ccccc23)c2cc(c(c(c2)C)N2C(=O)c3c(C2=O)cc(cc3)C(*)(C(F)(F)F)C(F)(F)F)C)C)cc1,tg,361.0,330.492495830551
*C1(c2c(C(=O)O1)cccc2)c1cc(c(cc1)OC(=O)c1cc(ccc1)C(=O)Oc1c(cc(cc1)*)C)C,tg,273.0,269.5688947879149
*c1c2C(=O)N(C(=O)c2c(c2ccccc12)c1ccc(cc1)Oc1ccc(cc1)C(=O)c1ccc(cc1)Oc1ccc(cc1)*)c1c(cccc1)C(F)(F)F,tg,260.0,278.9925260740606
*C(C*)(C(=O)OCCN(c1ccc(cc1)N=Nc1ccc(cc1)C#N)CC)C,tg,116.25,108.81732373529357
*Oc1cc(ccc1)NC(=O)c1ccc(cc1)Oc1ccc(cc1)C(c1ccc(cc1)C(c1ccc(cc1)Oc1ccc(cc1)C(=O)Nc1ccc(cc1)*)(C)C)(C)C,tg,168.0,175.17408701046003
*O[Si](c1c(c(c(c(c1F)F)F)[Si](*)(C)C)F)(C)C,tg,-28.5,3.1545289329553783
*OC(C*)C,tg,-58.58,-31.705739463049564
*C(C*)(C(=O)OCCBr)C,tg,52.0,58.32677255590757
*Oc1ccc(cc1)Oc1ccc(cc1)C=NCCN=Cc1ccc(cc1)*,tg,101.0,128.67127321004517
*C(C*)CC(C)(C)C,tg,190.0,13.750842295053287
*c1nc2c(c(c1)c1ccccc1)cc(cc2)c1cc2c(nc(cc2c2ccccc2)c2ccc(cc2)C2(c3ccccc3c3ccccc23)c2ccc(cc2)*)cc1,tg,420.0,369.62127485625143
*c1cc2C(c3c(c2cc1)ccc(c3)c1c(c(c(c(c1F)F)*)F)F)(CCCCCCCC)CCCCCCCC,tg,29.0,88.7492974641129
*N1C(=O)c2c(C1=O)cc(cc2)Oc1ccc(cc1)Oc1cc2c(C(=O)N(C2=O)c2ccc(cc2)C(c2ccc(cc2)*)(C)C)cc1,tg,264.0,245.92663473227338
*O[Si](O[Si](c1ccc(cc1)[Si](*)(C)C)(C)C)(C)C,tg,-62.5,-55.40207686239886
*C(C(C(C*)OCCCC)C(=O)OC)C(=O)OC,tg,32.5,19.026954294088256
*Oc1ccc(cc1)C1(c2ccccc2c2ccccc12)c1ccc(cc1)Oc1ccc(cc1)C(=O)C(=O)c1ccc(cc1)*,tg,242.0,217.0736525092713
*N1C(=O)c2c(C1=O)cc(cc2)NC(=O)OCCOc1ccc(cc1)C(c1ccc(cc1)OCCOC(=O)Nc1cc2c(C(=O)N(C2=O)c2cc(ccc2)P(=O)(c2cc(ccc2)*)c2ccccc2)cc1)(C(F)(F)F)C(F)(F)F,tg,214.0,212.39257240251172
*N1C(=O)c2c(C1=O)c(ccc2)c1cc2c(C(=O)N(C2=O)c2cc(ccc2)C(=O)Nc2ccc(cc2)Oc2ccc(cc2)S(=O)(=O)c2ccc(cc2)Oc2ccc(cc2)NC(=O)c2cc(ccc2)*)cc1,tg,263.0,268.0782111326939
*Oc1ccc(cc1)CC(NC(=O)CCc1ccc(cc1)OC(=O)COCC(=O)*)C(=O)OC(C)C,tg,80.0,72.85164881445914
*C1C(=O)N(C(=O)C1CC*)CCCCCCCCCCCCCCCCCC,tg,67.1,62.95049702157192
*Oc1ccc(cc1)NC(=C(C#N)C#N)c1cc(ccc1)C(=C(C#N)C#N)Nc1ccc(cc1)Oc1ccc(cc1)NC(=O)c1ccc(cc1)C(=O)Nc1ccc(cc1)*,tg,274.0,217.51336163426126
*C1C2C(C(=O)N(C2=O)c2cc(ccc2)I)C(C1)C=C*,tg,199.0,208.44021526946358
*NC(=O)CCCCC(=O)NCc1cc(cc(c1)C(C)(C)C)C*,tg,109.0,122.16948871044043
*c1nc2c(nc1c1ccc(cc1)C(=O)NCCCCCCCCNC(=O)c1ccc(cc1)*)cccc2,tg,185.0,162.98786905276285
*Oc1cc(ccc1)*,tg,46.5,84.05776016213161
*Oc1ccc(cc1)C(c1ccc(cc1)OC(=O)C1CCC(CC1)C(=O)*)(C)C,tg,150.0,147.83970773680775
*Oc1ccc(cc1)N=Cc1ccc(cc1)Oc1ccc(cc1)C(c1ccc(cc1)Oc1ccc(cc1)C=Nc1ccc(cc1)*)(c1ccccc1)c1ccccc1,tg,211.0,155.40041487327372
*OC(=O)NCCCCCCNC(=O)OCC(C(C(C*)(F)F)(F)F)(F)F,tg,16.0,9.318198120054177
*N1C(=O)c2c(C1=O)c(ccc2)Oc1c2c(C(=O)N(C2=O)c2ccc(cc2)Oc2ccc(cc2)*)ccc1,tg,292.5,278.0205879482942
*ON(C(C(*)(F)F)(C(F)(F)F)F)C(F)(F)F,tg,-9.0,22.350430912569504
*Oc1c(cc(cc1Br)C(c1cc(c(c(c1)Br)OC(=O)c1cc(ccc1)C(=O)*)Br)(C)C)Br,tg,115.0,190.0832544436372
*c1cc2c(C(=O)N(C2=O)c2c(cc(cc2C)Cc2cc(c(c(c2)C)N2C(=O)c3c(C2=O)cc(cc3)C(=O)OCCN(CCOC(=O)*)c2ccc(cc2)N=Nc2c(cc(cc2)[N+](=O)[O-])C#N)C)C)cc1,tg,216.0,176.89049516968012
*c1nc(ccc1)Oc1ccc(cc1)Oc1ccc(cc1)C(=Nc1ccccc1)c1ccc(cc1)Oc1ccc(cc1)O*,tg,135.0,141.78380547785218
*c1cc2c(C(=O)N(C2=O)c2c(ccc(c2)N2C(=O)c3c(C2=O)cc(cc3)C(=O)Nc2c(cc(cc2C)Cc2cc(c(c(c2)C)NC(=O)*)C)C)N=Nc2ccc(cc2)OC(F)(F)F)cc1,tg,278.0,247.4636906549556
*N(c1ccc(cc1)c1ccc(cc1)N(c1ccc(cc1)Cc1ccc(cc1)*)c1ccc(cc1)C)c1ccc(cc1)C,tg,183.0,216.7811746853299
*C(C*)c1ccc(cc1)OC,tg,101.33,96.81840237181311
*[Si](c1c(cccc1)C*)(c1ccccc1)C,tg,93.8,106.00363567927305
*Oc1ccc(cc1)OC(=O)c1c(cc(cc1)C(=O)*)Sc1ccc(cc1)C,tg,134.0,140.42947848531594
*c1sc(cc1)C(=O)Oc1ccc(cc1)[Si](c1ccc(cc1)OC(=O)*)(CC)CC,tg,-62.0,-46.20804289334264
*OCC(C*)(C)C,tg,-50.0,-32.24269189019576
*Oc1cc(ccc1)NC(=O)c1cc(ccc1)C(=O)Nc1ccc(cc1)Oc1ccc(cc1)C(=O)c1ccc(cc1)*,tg,114.0,193.1896173367241
*NC(=O)NCCCCCCCCC*,tg,125.0,74.26688482625994
*c1cc2c(C(=O)N(C2=O)c2c3c(ccc2)c(ccc3)Oc2ccc(cc2)N2C(=O)c3c(C2=O)cc(cc3)C(=O)Nc2c(cc(cc2)c2cc(c(cc2)NC(=O)*)OC)OC)cc1,tg,304.0,237.82897191044933
*Oc1c(cc(cc1)OCCCCC(=O)NNC(=O)c1ccc(cc1)C(=O)NNC(=O)CCCC*)C,tg,139.5,113.09570644034662
*c1cc2c(C(=O)N(C2=O)c2cc(ccc2)Oc2ccc(cc2)N2C(=O)c3c(C2=O)cc(cc3)C(*)(C(F)(F)F)C(F)(F)F)cc1,tg,261.3,237.79893427622358
*ON(C(C(=C(C(*)(F)F)F)F)(F)F)C(F)(F)F,tg,-7.0,-30.406241406822467
*C(C*)(C(=O)OCCCCCCn1c2ccc(cc2c2ccccc12)N=Nc1c(cc(cc1)[N+](=O)[O-])[N+](=O)[O-])C,tg,125.0,72.1824334051129
*Oc1ccc(cc1)OC(=O)CCCCCCCCC(=O)*,tg,52.8,39.151324751099025
*c1oc2c(n1)ccc(c2)c1ccc2c(oc(n2)CCCCCCCCC*)c1,tg,64.0,103.62424157978596
*OC(=O)c1ccc(cc1)C(=O)OCC1CCC(CC1)C*,tg,83.89,69.57952924770089
*Nc1c(cc(cc1c1ccccc1)c1ccc(cc1)c1cc(c(c(c1)c1ccccc1)NC(=O)c1ccc(cc1)C(=O)*)c1ccccc1)c1ccccc1,tg,135.0,269.40335140017385
*Oc1ccc(cc1)N=CCCCC=Nc1ccc(cc1)OC(=O)Nc1ccc(cc1)Cc1ccc(cc1)NC(=O)*,tg,76.0,134.4621510003014
*c1cc2c(nc(cc2c2ccccc2)Oc2nc3c(c(c2)c2ccccc2)cc(cc3)c2ccc(cc2)Oc2ccc(cc2)*)cc1,tg,268.5,271.10692327547395
*N1C(=O)c2c(C1=O)cc(cc2)S(=O)(=O)c1cc2c(C(=O)N(C2=O)c2ccc(cc2)Oc2ccc(cc2)C(=O)c2ccc(cc2)Oc2ccc(cc2)*)cc1,tg,275.5,268.3507203488279
*NC(=O)C(C*)C,tg,96.0,78.87811919387042
*C(C*)C(=O)Nc1ccc(cc1)C(=O)C=Cc1cc(ccc1)Br,tg,55.0,127.280360929746
*c1ccc(cc1)C(C(*)(C(=O)OCC)C#N)(C(=O)OCC)C#N,tg,108.0,121.15538533356394
*c1c(nc2c(n1)cc(cc2)c1cc2c(nc(c(n2)c2ccc(cc2)N2C(=O)c3c(C2=O)cc(cc3)C(=O)c2cc3c(C(=O)N(C3=O)c3ccc(cc3)*)cc2)c2ccccc2)cc1)c1ccccc1,tg,260.0,278.0933072196129
*OP(=O)(Oc1c(cc(cc1Br)C(c1cc(c(c(c1)Br)*)Br)(C(F)(F)F)C(F)(F)F)Br)Oc1ccc(cc1)C,tg,146.0,126.03899505812883
*C1(c2c(CO1)cccc2)c1ccc(cc1)OC(=O)c1ccc(cc1)C(=O)Oc1ccc(cc1)*,tg,312.0,252.4856799730625
*OC(=O)NCCCCCCNC(=O)OCCCCCOC(=O)c1c(cccc1)C(=O)O[Pb]OC(=O)c1c(cccc1)C(=O)OCCCCC*,tg,-19.2,-7.133589912897602
*c1cc2c(C(=O)N(C2=O)c2ccc(cc2)Oc2cc3c(cc2)ccc(c3)Oc2ccc(cc2)N2C(=O)c3c(C2=O)cc(cc3)C(=O)Nc2ccc(cc2)Oc2ccc(cc2)C(c2ccc(cc2)Oc2ccc(cc2)NC(=O)*)(C(F)(F)F)C(F)(F)F)cc1,tg,250.0,232.96312016448167
*N1C(=O)c2c(C1=O)cc(cc2)c1cc2c(C(=O)N(C2=O)c2ccc(cc2)Oc2c(cc(cc2C)Cc2cc(c(c(c2)C)Oc2ccc(cc2)*)C)C)cc1,tg,294.33,273.8054798706945
*c1oc2c(n1)cc(cc2)c1cc2c(oc(n2)CN2C(=O)c3c(C2=O)cc(cc3)C(c2cc3c(C(=O)N(C3=O)C*)cc2)(C(F)(F)F)C(F)(F)F)cc1,tg,231.0,292.9021640219296
*Oc1c(cc(cc1)C1(C2CCC(C1)C2)c1cc(c(cc1)OC(=O)*)Cl)Cl,tg,200.0,213.9918354696349
*Oc1c2c(ccc1)c(ccc2)OC(=O)c1ccc(cc1)Oc1ccc(cc1)C(=O)*,tg,171.0,162.63881248557323
*c1cc2c(C(=O)N(C2=O)c2c(cc(cc2C)Cc2cc(c(c(c2)C)N2C(=O)c3c(C2=O)cc(cc3)C(*)(C(F)(F)F)C(F)(F)F)C)C)cc1,tg,307.5,310.8796010902639
*S(=O)(=O)C(C(=CC*)C)C,tg,73.0,104.00863101632243
*NC(=O)CCP(=O)(CCC(=O)NCCCCCC*)c1ccccc1,tg,29.0,61.134509662583106
*c1cc2c(C(=O)N(C2=O)c2ccc(cc2)Sc2ccc(cc2)N2C(=O)c3c(C2=O)cc(cc3)C(=O)*)cc1,tg,276.0,288.0062635445785
*c1ccc(cc1)C(C(*)(C(=O)OC)C#N)(C(=O)OC)C#N,tg,108.0,142.70350369369427
*c1oc(nc1)c1cc(c(cc1)Oc1ccc(cc1)S(=O)(=O)c1ccc(cc1)Oc1c(cc(cc1)*)C(F)(F)F)C(F)(F)F,tg,210.0,197.95381303964993
*N1C(=O)c2c(C1=O)cc(cc2)C(=O)Oc1ccc(cc1)OC(=O)CCCCC*,tg,89.0,87.78667105095319
*c1cc2c(C(=O)N(C2=O)c2ccc(cc2)Oc2c(cc(cc2C)C(c2cc(c(c(c2)C)Oc2ccc(cc2)N2C(=O)c3c(C2=O)cc(cc3)C(*)(C(F)(F)F)C(F)(F)F)C)c2c3c(ccc2)cccc3)C)cc1,tg,282.0,259.4160209633857
*N1C(=O)c2c(C1=O)c(ccc2)c1cc2c(C(=O)N(C2=O)c2cc(ccc2)OCCCCOc2cc(ccc2)*)cc1,tg,178.0,178.79479246072913
*Oc1c(cc(cc1OC)C=Cc1c(cc(c(c1)C(C)C)C=Cc1cc(c(c(c1)OC)OCCCCCCCC*)OC)C(C)C)OC,tg,85.0,62.88502251420267
*C1C2C(C(=O)N(C2=O)CCCCCCCCC)C(C1)C=C*,tg,52.0,74.51664059026749
*C1C2C(C(=O)N(C2=O)CCCCCCCC)C(C1)C=C*,tg,56.5,65.73296310718693
*Oc1cc(ccc1)C(=O)OC(=O)c1cc(ccc1)OCCC*,tg,53.0,85.07487059473597
*C(C*)(C(=O)OCCCCCCCCCCCOc1ccc(cc1)C(=O)Oc1ccc(cc1)C#N)C,tg,10.0,25.6918769239582
*Oc1ccc(cc1)C(c1ccc(cc1)Oc1ccc(cc1)C(=O)c1ccc(cc1)C(c1ccc(cc1)C(=O)c1ccc(cc1)*)(C(F)(F)F)C(F)(F)F)(C(F)(F)F)C(F)(F)F,tg,185.0,205.50585152031647
*C(C*)(C(=O)OCC(=O)Nc1noc(c1)C)C,tg,128.0,72.92208469144579
*C1C(C(C(C1)(O)C(F)(F)F)(F)F)(C(C*)(F)F)F,tg,152.0,162.55585571487978
*OC(COC(=O)c1c(cccc1)C(=O)*)C,tg,95.0,59.36396597046757
*C1C(=O)N(C(=O)C1*)CCCCCOc1ccc(cc1)c1ccc(cc1)C#N,tg,75.0,89.44926785012788
*OC(=O)Nc1c(ccc(c1)NC(=O)OCCN(CC*)c1ccc(cc1)c1oc2c(n1)ccc(c2)[N+](=O)[O-])C,tg,156.0,135.5148914264974
*C(=C(*)C)CCCCC,tg,180.0,81.32304136020777
*C(C*)C(C(F)(F)F)(F)F,tg,41.0,-38.151777200354495
*c1cc2c(C(=O)N(C2=O)c2cc(c(cc2)Oc2c(cc(cc2)N2C(=O)c3c(C2=O)cc(cc3)C(=O)*)Br)Br)cc1,tg,296.0,297.7628069292036
*OC(C*)COC(=O)c1ccc(cc1)N1C(=O)C2C(C1=O)C1C=CC2C1,tg,62.5,148.217648822932
*Oc1ccc(cc1)S(=O)(=O)c1ccc(cc1)Oc1c(cc(cc1C)c1cc(c(c(c1)C)*)C)C,tg,268.07,224.73459509500663
*N(CC(C*)O)c1ccccc1,tg,65.75,86.92819232139
*N(CC*)C(=O)c1c(cccc1)F,tg,109.0,94.17200005748536
*c1nc(ccc1)Oc1ccc(cc1)Oc1ccc(cc1)S(=O)c1ccc(cc1)Oc1ccc(cc1)O*,tg,138.0,137.1274165783479
*C(C*)(C(=O)OCCN(c1cc(c(cc1)N=Nc1ccc(cc1)OC)C)CC)C,tg,95.0,113.24407832150403
*Nc1c(cccc1)c1ccc(cc1)NC(=O)c1cc(ccc1)C(=O)*,tg,248.0,262.21150243323746
*C(C*)(C(=O)OCc1c(cccc1Cl)Cl)C,tg,58.9,42.56303222196682
*C(C*)(C(=O)OCCC)F,tg,62.0,86.25729862196121
*c1nc2c(c(c1c1ccccc1)c1ccc(cc1)Oc1ccc(cc1)c1c(c(nc3c1cccc3)c1ccc(cc1)c1ccc(cc1)*)c1ccccc1)cccc2,tg,345.0,315.6053075800674
*N1C(=O)c2c(C1=O)cc(cc2)NC(=O)OCCOc1ccc(cc1)C(c1ccc(cc1)OCCOC(=O)Nc1cc2c(C(=O)N(C2=O)c2cc(ccc2)P(=O)(c2cc(ccc2)*)C)cc1)(C(F)(F)F)C(F)(F)F,tg,204.0,204.57911747258697
*OP(=O)(Oc1ccc(cc1)S(=O)(=O)c1ccc(cc1)*)Oc1ccc(cc1)C,tg,66.0,91.56257449776018
*Oc1ccc(cc1)C(=O)OCCN(CCOC(=O)c1ccc(cc1)OCC#CC#CC*)c1ccc(cc1)N=Nc1ccc(cc1)N=Nc1cc(c(c(c1)C)C#N)C,tg,120.0,115.41319964673569
*C(C*)(C(=O)OCCC(C(C(C(C(C(C(C(F)(F)F)(F)F)(F)F)(F)F)(F)F)(F)F)(F)F)(F)F)C,tg,31.25,55.618772428853035
*C1C(CC(C1)C(O)(C(F)(F)F)C(F)(F)F)(C(C*)(F)F)F,tg,118.0,138.51984649772413
*c1nc(ccc1)N1C(=O)N(C(=O)C1=O)c1ccc(cc1)Cc1ccc(cc1)N1C(=O)N(C(=O)C1=O)*,tg,216.67,226.82717100438737
*c1cc2c(C(=O)N(C2=O)c2ccc(cc2)Oc2ccc(cc2)N2C(=O)c3c(C2=O)cc(cc3)C(=O)Nc2ccc(cc2)S(=O)(=O)c2ccc(cc2)NC(=O)*)cc1,tg,275.0,277.6405851503225
*N1C(=O)c2c(C1=O)cc(cc2)S(=O)(=O)c1cc2c(C(=O)N(C2=O)c2cc(c(cc2)Oc2c(cc(cc2C(C)(C)C)c2ccc(cc2)*)C(C)(C)C)C(F)(F)F)cc1,tg,365.5,341.6073501387908
*ON(C(C(*)(F)F)(F)F)C(F)(F)F,tg,-40.62,-52.52272801606539
*C(C*)(C(=O)OC12CC3(CC(CC(C1)C3)(C2)C)C)CC(=O)OC,tg,144.0,167.87070544545747
*OP(=O)(N=Nc1ccc(cc1)c1ccc(cc1)N=NP(=O)(OCC*)OCC)OCC,tg,43.0,45.203064669351285
*Nc1c(cc(c(c1)[N+](=O)[O-])NC(=O)CCCCCCC(=O)*)C=Cc1ccc(cc1)N(C)C,tg,177.6,160.37819025829305
*N1C(=O)c2c(C1=O)cc(cc2)Oc1ccc(cc1)Sc1ccc(cc1)Oc1cc2c(C(=O)N(C2=O)c2ccc(cc2)Oc2ccc(cc2)C(=O)c2cc(ccc2)C(=O)c2ccc(cc2)Oc2ccc(cc2)*)cc1,tg,192.0,204.41027229213145
*c1nc2c(nc1)cc(cc2)c1ccc2c(nc(cn2)c2ccc(cc2)*)c1,tg,376.0,387.6689851748576
*Nc1ccc(cc1)c1ccc(cc1)NC(=O)c1cc(cc(c1)NC(=O)c1ccc(cc1)NC(=O)C(N1C(=O)c2c(C1=O)cccc2)C)C(=O)*,tg,202.0,251.25397132042835
*c1c(cc(cc1)*)C(=O)c1ccc(cc1)F,tg,194.0,209.31672813099036
*c1ccc(cc1)C(=Cc1c(cc(c(c1)OC)C=C(*)c1ccc(cc1)F)OC)c1ccc(cc1)F,tg,193.0,200.08543790086975
*C(C*)C(=O)OC1C2(CCC(C1)C2(C)C)C,tg,98.6,93.89984305316923
*c1cc2c(C(=O)N(C2=O)c2ccc(cc2)Oc2ccc(cc2)N2C(=O)c3c(C2=O)cc(cc3)C(=O)c2ccc(cc2)Oc2ccc(cc2)Oc2ccc(cc2)C(=O)*)cc1,tg,220.0,230.17934383450617
*NC(=O)CCCCCC*,tg,51.14,59.374450828948895
*c1cc2c(C(=O)N(C2=O)c2cc(c(cc2)Oc2c(cc(cc2)N2C(=O)c3c(C2=O)cc(cc3)C(=O)Nc2ccc(cc2)c2ccc(cc2)NC(=O)*)c2ccccc2)c2ccccc2)cc1,tg,358.0,282.6095610019517
*c1sc(cc1)Oc1ccc(cc1)C(c1ccc(cc1)Oc1ccc(cc1)S(=O)(=O)*)(C)C,tg,160.93,146.09603178301217
*NC(=O)CCCCC(=O)NCCCC*,tg,59.62,72.47531986495902
*c1cc2c(C(=O)N(C2=O)c2ccc(cc2)c2cc(c(cc2)Oc2cc3c(C(CC3(c3ccc(cc3)Oc3c(cc(cc3)c3ccc(cc3)N3C(=O)c4c(C3=O)cc(cc4)C(=O)*)C(F)(F)F)C)(C)C)cc2)C(F)(F)F)cc1,tg,252.0,262.02553303029543
*OC(=O)CCCCC(=O)OCC(C(C(C*)(F)F)(F)F)(F)F,tg,-60.5,-28.6177772669979
*c1c(nc2c(n1)cc(cc2)Oc1ccc(cc1)NC(=O)c1cc2c(C(=O)N(C2=O)c2ccc(cc2)C(c2ccc(cc2)N2C(=O)c3c(C2=O)cc(cc3)C(=O)Nc2ccc(cc2)Oc2cc3c(nc(c(n3)c3ccc(cc3)Oc3ccc(cc3)*)c3ccc(cc3)[N+](=O)[O-])cc2)(C(F)(F)F)C(F)(F)F)cc1)c1ccc(cc1)[N+](=O)[O-],tg,303.0,259.88871071643945
*C(C*)(C(=O)Oc1ccc(cc1)N=Nc1ccc(cc1)[N+](=O)[O-])C,tg,145.0,117.09811603469507
*C=CC(C(*)C(=O)OCCN(c1ccc(cc1)N(C)C)C)C,tg,16.0,6.472015328771034
*C(C*)c1c(ccc(c1)Br)OC(C)C,tg,35.0,64.92815272661099
*c1ccc2N(c3c(Sc2c1)cc(cc3)c1sc(c(c1CCCCCC)CCCCCC)C=CC1=CC(=C(C#N)C#N)C=C(O1)C=Cc1sc(c(c1CCCCCC)CCCCCC)*)CCCCCC,tg,130.0,139.14467112942285
*N1C(=O)c2c(C1=O)cc(cc2)C(=O)c1cc2c(C(=O)N(C2=O)CCC(=O)Nc2ccc(cc2)Cc2ccc(cc2)NC(=O)CC*)cc1,tg,221.0,213.00939523916207
*c1[nH]c(nc1c1ccc(cc1)Oc1ccc(cc1)C(=O)c1ccc(cc1)Oc1ccc(cc1)*)c1ccccc1,tg,259.0,225.42783910644135
*c1nc2c(nc1)ccc(c2)c1ccc2c(nc(cn2)c2ccc(cc2)c2ccc(cc2)c2ccc(cc2)*)c1,tg,305.0,334.4195764404165
*N1C(=O)c2c(C1=O)cc(cc2)C(=O)c1cc2c(C(=O)N(C2=O)CCCCCCCCCCC(=O)Nc2ccc(cc2)Cc2ccc(cc2)NC(=O)CCCCCCCCCC*)cc1,tg,136.0,124.26820880166389
*O[Si](*)(CCCCCn1c2ccccc2c2ccccc12)C,tg,7.0,35.53465140669651
*C(C*)C(=O)OCC(F)(F)F,tg,0.97,4.439802350811662
*c1sc(cc1)c1sc(cc1)c1sc(cc1)c1sc(cc1)[Si]([Si](*)(CCCC)CCCC)(CCCC)CCCC,tg,-1.0,-31.204726657913195
*c1ccc2c3n(c4ccc(cc4n3)c3cc4n5c(nc4cc3)c3cccc4c(ccc(c5=O)c34)Oc3ccc(cc3)C(c3ccc(cc3)O*)(c3ccccc3)c3ccccc3)c(=O)c3cccc1c23,tg,357.0,380.9410180881743
*Oc1ccc(cc1)c1ccc(cc1)OC1(C(C(C1(F)F)(F)F)(*)F)F,tg,157.93,120.698191497618
*c1nc(sc1)N=Cc1ccc(cc1)OCCCCCCCCOc1ccc(cc1)C=Nc1nc(cs1)c1ccc(cc1)Oc1ccc(cc1)*,tg,150.0,125.43779297496742
*N1C(=O)N(C(=O)C1=O)c1ccc(cc1)Oc1ccc(cc1)N1C(=O)N(C(=O)C1=O)c1c(cccc1)CCc1ccc(cc1)*,tg,208.0,209.8135865726751
*OC(COC(=O)c1cc(ccc1)C(C(C(c1cc(ccc1)C(=O)OCC(*)(F)F)(F)F)(F)F)(F)F)(F)F,tg,30.0,49.9545048970512
*C(C*)c1ccc(cc1)Br,tg,132.66,142.51266811744355
*NC(=O)c1cc(ccc1)C(=O)NCC(CCC*)(C)C,tg,153.0,145.94985266842855
*OP(=O)(N=Nc1ccc(cc1)Oc1ccc(cc1)N=NP(=O)(OCC1CCC(CC1)C*)OC)OC,tg,50.0,43.0533914357181
*c1cc2c(C(=O)N(C2=O)c2cc(c(cc2)Oc2c(cc(cc2)N2C(=O)c3c(C2=O)cc(cc3)C(=O)Nc2cc(c(cc2)Oc2c(cc(cc2)NC(=O)*)c2ccccc2)c2ccccc2)c2ccccc2)c2ccccc2)cc1,tg,369.0,340.4225202034709
*Oc1ccc(cc1)C(c1ccc(cc1)OCC(COc1c(cc(cc1Cl)C(c1cc(c(c(c1)Cl)OCC(C*)O)Cl)(C)C)Cl)O)(C)C,tg,100.0,97.10329237389159
*c1cc2C(c3c(c2cc1)ccc(c3)c1ccc(cc1)c1c(c(cc(c1)c1ccc(cc1)OCCCCCC)c1ccc(cc1)*)c1ccc(cc1)OCCCCCC)(CCCCCC)CCCCCC,tg,98.5,108.26759371774168
*Oc1c(c2c(cc1)cccc2)Sc1c2c(ccc1OCC(=O)Nc1ccc(cc1)Oc1ccc(cc1)NC(=O)C*)cccc2,tg,245.0,232.60679853954636
*C(C*)(C(=O)OCCCCc1ccccc1)C,tg,9.0,54.054500228085395
*C(C*)OCCOCCOCCOC,tg,-71.3,-63.92070213943172
*C(C(CCCCCCCC*)c1ccc(cc1)O)c1c(cc(cc1)O)C,tg,-12.0,-2.1065020881866436
*OC(=O)OCC1(CC=CCC1)C*,tg,30.0,30.283376865716274
*Oc1cc(ccc1)Oc1ccc(cc1)NC(=O)c1ccc(cc1)Oc1cc(ccc1)Oc1ccc(cc1)C(=O)Nc1ccc(cc1)*,tg,176.5,170.98477081235967
*Oc1ccc(cc1)CC(NC(=O)CCc1ccc(cc1)OC(=O)CCCCCCC(=O)*)C(=O)OC,tg,55.5,60.41783619422333
*Nc1ccc(cc1)C1(c2ccccc2c2ccccc12)c1ccc(cc1)NC(=O)c1cc(ccc1)C(=O)*,tg,277.0,295.77281730756954
*c1cc2c(C(=O)N(C2=O)c2ccc(cc2)Oc2ccc(cc2)N2C(=O)c3c(C2=O)cc(cc3)C(=O)Nc2ccc(cc2)Oc2c(cccc2)c2c(cccc2)Oc2ccc(cc2)NC(=O)*)cc1,tg,244.0,245.24642823863107
*C(C*)C(=O)Oc1ccc(cc1)C#N,tg,92.0,106.04703581702968
*N1C(=O)c2c(C1=O)cc(cc2)Oc1cc2c(C(=O)N(C2=O)CC2C3C(CC2)C2C(CC3C2)C*)cc1,tg,201.0,234.15095445492523
*C1COC2C1OCC2OC(=O)CCCCCCCCC(=O)O*,tg,109.0,19.48811928005509
*Oc1c(cc(cc1C)S(=O)(=O)c1cc(c(c(c1)C)OCC(COc1c(cc(cc1C)C(c1cc(c(c(c1)C)OCC(C*)O)C)(C)C)C)O)C)C,tg,145.0,141.32406433619164
*OC(=O)NC(=O)c1ccc(cc1)C(=O)NC(=O)OCC(C*)(C)C,tg,102.0,105.01455224712902
*OC(*)C,tg,-21.07,-44.79127612041556
*Oc1ccc(cc1)C(=O)OCC*,tg,77.67,88.39631320337658
*c1cc2c(nc([nH]2)S(=O)(=O)c2nc3c([nH]2)ccc(c3)c2cc(ccc2)*)cc1,tg,286.5,355.80761243657406
*c1cc2c(C(=O)N(C2=O)c2ccc(cc2)c2nc(cc(c2)c2ccc(cc2)OC)c2ccc(cc2)N2C(=O)c3c(C2=O)cc(cc3)C(=O)*)cc1,tg,331.0,317.6844074493842
*Oc1ccc(cc1)Oc1ccc(cc1)C(=O)c1cc(ccc1)c1cc(ccc1)C(=O)c1ccc(cc1)*,tg,154.0,161.34020661898947
*c1c(cc(cc1)CC*)CC,tg,25.0,51.844020826484325
*N1C(=O)c2c(C1=O)cc(cc2)Oc1cc2c(C(=O)N(C2=O)c2c(ccc(c2)C(c2cc(c(cc2)OCCN(c2ccc(cc2)C=CC2=CC(=C(S(=O)(=O)C)C#N)CC(C2)(C)C)c2ccccc2)*)(C(F)(F)F)C(F)(F)F)OCCN(c2ccc(cc2)C=CC2=CC(=C(S(=O)(=O)C)C#N)CC(C2)(C)C)c2ccccc2)cc1,tg,234.0,207.1492150484541
*OCC(C*)O,tg,17.0,-22.694020485865313
*OC(=O)OCCOCC*,tg,-40.0,-28.44060822356314
*Oc1ccc(cc1)C(c1ccc(cc1)OC(=O)*)(CC)c1ccccc1,tg,147.0,167.55010484723832
*c1cc2c(C(=O)N(C2=O)c2ccc(cc2)Oc2ccc(cc2)C2(C3C4C(CCC4)C(C2)C3)c2ccc(cc2)Oc2ccc(cc2)N2C(=O)c3c(C2=O)cc(cc3)C(=O)Nc2ccc(cc2)Oc2ccc(cc2)Oc2ccc(cc2)NC(=O)*)cc1,tg,257.0,278.7942390996586
*Oc1cc(ccc1)Oc1ccc(cc1)Oc1c(cc(cc1)S(=O)(=O)c1cc(c(cc1)Oc1ccc(cc1)Oc1cc(ccc1)Oc1ccc(cc1)c1ccc(cc1)*)S(=O)(=O)O[Na])S(=O)(=O)O[Na],tg,283.0,289.8325409712861
*C(C*)(C(=O)OCCCCCCOc1ccc(cc1)N=Nc1ccc(cc1)OCCCC)C,tg,79.0,67.13824643798135
*OC(=O)NC(=O)c1cc(ccc1)C(=O)NC(=O)OCC(C*)CCCC,tg,64.0,78.0893535216591
*c1c2c(c(nn1)c1ccc(cc1)Oc1ccc(cc1)C(c1ccc(cc1)Oc1ccc(cc1)*)(C)C)c(c(c(c2c1ccc(cc1)F)c1ccc(cc1)F)c1ccc(cc1)F)c1ccc(cc1)F,tg,276.67,261.88585544797803
*C=CC(C(*)C(=O)OC)C,tg,53.0,27.994850522946685
*Nc1ccc(cc1)CC(NC(=O)CCC(=O)*)(C)C,tg,158.0,137.01186118077374
*OC(=O)c1cc2c(cc1)cc(cc2)C(=O)OCCCCCCC*,tg,44.25,43.298426270409024
*NC(=O)C(CC(C(=O)NCCCCCC*)CC)CC,tg,94.0,104.40288674252463
*Oc1ccc(cc1)C(=O)c1ccc(cc1)OCCCCCCOC(=O)OCCCCCCCCCOC(=O)OCCCCCC*,tg,-6.0,-10.95188745674496
*C(C*)(c1cc2c(cc1)cccc2)C,tg,208.0,164.4884143212342
*Oc1ccc(cc1)NC(=O)c1c(cc(cc1)c1cc(c(cc1)C(=O)Nc1ccc(cc1)Oc1ccc(cc1)C(c1ccc(cc1)*)(C)C)C)C,tg,230.0,226.19469023453274
*Oc1ccc(cc1)N=CCCCC=Nc1ccc(cc1)OC(=O)NCCCCCCNC(=O)*,tg,72.0,82.30167218992237
*C(C*)(C(=O)OCCOCCOCCOCCOc1ccc(cc1)N=Nc1ccc(cc1)C#N)C,tg,20.0,38.173702475394066
*S(=O)(=O)C1C(CCCC1)*,tg,77.0,69.19084957254533
*C(C*)c1nc(ccc1)C,tg,92.0,130.10260468140996
*OC(=O)c1cc(ccc1)C(=O)OCCOCC*,tg,16.0,-10.524025518886768
*Oc1ccc(cc1)C(c1ccc(cc1)Oc1c(c(c(c(c1F)F)C(=O)c1c(c(c(c(c1F)F)*)F)F)F)F)(c1ccccc1)C,tg,175.0,176.58384841830156
*C(C*)c1c(cccc1)COCCCCC,tg,47.0,55.98323110766703
*Oc1ccc(cc1)CC(NC(=O)CCc1ccc(cc1)OC(=O)CCCCCCCCC(=O)*)C(=O)OCCOCCOCC,tg,2.0,6.333957264025171
*Nc1c(ccc(c1)NC(=O)c1cc(cc(c1)NC(=O)C(C(CC)C)N1C(=O)c2c(C1=O)cccc2)C(=O)*)C,tg,166.0,221.04618169257407
*Oc1c(cc(cc1Cl)*)Cl,tg,179.18,164.62482943625352
*C(C*)OC(=O)C1(CCCCC1)C,tg,86.0,73.38521943114608
*C(C*)(C(=O)OC(C(F)(F)F)C(F)(F)F)C,tg,73.0,95.85872393580789
*C1C2C(C(=O)N(C2=O)c2ccc(cc2)Cl)C(C1)C=C*,tg,226.3,235.58782705506871
*c1c(cc(c(c1)OC)C=C*)OCCCC,tg,65.0,91.49189820588994
*OC(=O)c1ccc(cc1)C(C(C(c1ccc(cc1)C(=O)*)(F)F)(F)F)(F)F,tg,98.0,144.60271504275178
*OC(=O)NCCCCCCNC(=O)OCC(C(C*)(F)F)(F)F,tg,9.0,-6.391872584453662
*C(C*)CO,tg,36.0,90.12529839972153
*c1[nH]c(nc1c1ccc(cc1)Oc1ccc(cc1)C(=O)c1ccc(cc1)Oc1ccc(cc1)C(=O)c1ccc(cc1)Oc1ccc(cc1)*)c1ccccc1,tg,239.0,228.34474047730885
*Oc1c(c(c(c(c1F)F)c1c(c(c(c(c1F)F)Oc1ccc(cc1)C(c1ccc(cc1)*)(C(F)(F)F)C(F)(F)F)F)F)F)F,tg,148.69,145.60991011949218
*NC(=O)c1c(cc(cc1)C(=O)NCCCCCC*)Sc1ccccc1,tg,121.0,119.70486722232152
*N1C(CN(C(C1)C)C(=O)Nc1ccc(cc1)c1ccc(cc1)NC(=O)*)C,tg,250.0,211.24478513775466
*N1C(=O)c2c(C1=O)cc(cc2)Oc1ccc(cc1)C(c1ccc(cc1)Oc1cc2c(C(=O)N(C2=O)c2cc(ccc2)P(=O)(c2cc(ccc2)*)C)cc1)(C)C,tg,228.0,230.57418064268225
*Oc1ccc(cc1)OC(=O)c1c(cc(cc1)C(=O)*)Oc1ccc(cc1)c1ccccc1,tg,112.5,122.74196194322595
*Oc1c2c(ccc1)ccc(c2)Oc1ccc(cc1)NC(=O)c1ccc(cc1)C(c1ccc(cc1)C(=O)Nc1ccc(cc1)*)(C(F)(F)F)C(F)(F)F,tg,252.0,238.40366278441238
*NC(=O)CCCCCC(=O)NCCCCCCC*,tg,55.0,52.40916895054545
*N1C(=O)c2c(C1=O)cc(cc2)Oc1ccc(cc1)Oc1ccc(cc1)Oc1cc2c(C(=O)N(C2=O)c2ccc(cc2)Oc2ccc(cc2)Oc2ccc(cc2)*)cc1,tg,198.5,206.57392790438536
*C1=CC(=C(C#N)C#N)C=C(O1)C=Cc1sc(c(c1CCCCCC)CCCCCC)c1sc(cc1)c1sc(cc1)c1sc(c(c1CCCCCC)CCCCCC)C=C*,tg,112.0,117.47838350792715
*OC(C#CC#CC(OC(=O)c1ccc(cc1)C(=O)*)C)C,tg,133.0,96.75335521007848
*Oc1ccc(cc1)OC(=O)Oc1ccc(cc1)C(c1ccc(cc1)OC(=O)*)(C)C,tg,97.0,119.70258623378118
*c1cc2c(C(=O)N(C2=O)c2cc(ccc2)S(=O)(=O)c2cc(ccc2)N2C(=O)c3c(C2=O)cc(cc3)C(*)(C(F)(F)F)C(F)(F)F)cc1,tg,262.38,293.62126339480113
*OC(=O)CC*,tg,-24.18,10.091043224644139
*C(C*)OC(=O)C(C(F)(F)F)(F)F,tg,42.0,57.215546741865786
*C1CC2CC(CC(C1)O2)OC(=O)Nc1ccc(cc1)Cc1ccc(cc1)NC(=O)O*,tg,200.0,145.9984720581383
*NC(=O)CCCCCC(=O)NCC(CCC*)(C)C,tg,70.5,55.55627965985127
*OC(=O)NCC(C(C(C(CNC(=O)OCC(C(C(C(C*)(F)F)(F)F)(F)F)(F)F)(F)F)(F)F)(F)F)(F)F,tg,20.0,16.98024589040064
*c1nc2c(c(c1)c1ccccc1)cc(cc2)*,tg,415.0,218.46066757963956
*N1C(=O)c2c(C1=O)cc(cc2)Oc1cc2c(cc1Oc1cc3c(C(=O)N(C3=O)c3c(cc(cc3C)c3cc(c(c(c3)C)*)C)C)cc1)cccc2,tg,308.0,347.974415167413
*N1C(=O)c2c(C1=O)cc(cc2)Oc1cc(ccc1)Oc1cc2c(C(=O)N(C2=O)c2ccc(cc2)Oc2cc(ccc2)Oc2ccc(cc2)*)cc1,tg,188.0,205.14433589034172
*Oc1ccc(cc1)NC(=O)c1cc(ccc1)C(=O)Nc1ccc(cc1)Oc1ccc(cc1)C(c1ccc(cc1)*)(C(F)(F)F)C(F)(F)F,tg,226.25,230.78160449520433
*N1C(=O)c2c(C1=O)cc(cc2)C(c1cc2c(C(=O)N(C2=O)CC*)cc1)(C(F)(F)F)C(F)(F)F,tg,180.0,208.71985728032135
*N1C(=O)c2c(C1=O)cc(cc2)c1cc2c(C(=O)N(C2=O)c2cc(c(c(c2)C(=O)OCCCCCC)c2c(cc(cc2Br)*)C(=O)OCCCCCC)Br)cc1,tg,154.0,133.47379131204212
*C(C*)(C(=O)OCCCCCOc1ccc(cc1)OC(=O)c1ccc(cc1)OC)C,tg,38.0,52.78165404696342
*Oc1ccc(cc1)Oc1ccc(cc1)NC(=O)c1ccc(cc1)Oc1c(cc(cc1)Oc1ccc(cc1)C(=O)Nc1ccc(cc1)*)c1ccccc1,tg,209.0,186.08511893894496
*C(C(C(C*)C#N)CCC(O)(C)C=C)(C)C,tg,50.0,92.55733761617356
*OC(=O)CCCCCCCCCCCCCCCCCCCCCCCCCCCCCCCCCCC(=O)OCCCC*,tg,-55.0,-50.04514255001165
*N(c1ccc(cc1)C=C(c1c(cc(c(c1)OCCCCCCCC)C(=Cc1ccc(cc1)*)C#N)OCCCCCCCC)C#N)c1ccccc1,tg,78.0,113.08569553751448
*c1ccc2N(c3c(Sc2c1)cc(cc3)c1sc(cc1)c1sc(cc1)c1ccc2N(c3c(Sc2c1)cc(cc3)C=C*)c1ccc(cc1)OCCCCCCCCCCCC)c1ccc(cc1)OCCCCCCCCCCCC,tg,115.8,125.59698232825576
*N1C(=O)c2c(C1=O)cc(cc2)Oc1ccc(cc1)Sc1ccc(cc1)Oc1cc2c(C(=O)N(C2=O)c2ccc(cc2)Oc2cc(ccc2)Oc2ccc(cc2)*)cc1,tg,178.0,197.79674475982944
*c1cc2c(C(=O)N(C2=O)c2cc(ccc2)S(=O)(=O)c2cc(ccc2)N2C(=O)c3c(C2=O)cc(cc3)C(=O)*)cc1,tg,263.33,276.5878659346551
*C(C*)c1c(ccc(c1)C(=O)Oc1ccc(cc1)OC)C(=O)Oc1ccc(cc1)OC,tg,109.67,123.13627202132237
*N1C(=O)c2c(C1=O)cc(cc2)Oc1cc(ccc1)C(=O)Nc1ccc(cc1)Oc1ccc(cc1)Oc1ccc(cc1)*,tg,213.0,197.50403069855318
*Oc1cc(ccc1)NC(=O)c1cc(ccc1)OCC(COc1ccc(cc1)C(c1ccc(cc1)OCC(C*)O)(C)C)O,tg,117.0,121.66587411556
*OC(=O)c1cc(ccc1)C(=O)OCCCCCC*,tg,5.5,15.775688495315183
*Nc1cc(ccc1)NC(=O)c1ccc(cc1)NC(=O)c1ccc(cc1)[Si](c1ccc(cc1)C(=O)Nc1ccc(cc1)C(=O)*)(C)C,tg,303.0,249.64631580313682
*Oc1ccc(cc1)S(=O)(=O)c1ccc(cc1)Oc1ccc(cc1)NC(=O)c1ccc(cc1)Oc1ccc(cc1)C(c1cc(ccc1)C(c1ccc(cc1)Oc1ccc(cc1)C(=O)Nc1ccc(cc1)*)(C)C)(C)C,tg,167.0,171.90486628341517
*C(C*)(C(=O)OCCCCCC(=O)Oc1ccc(cc1)OC(=O)c1ccc(cc1)OCCCC)C,tg,40.0,34.32564208460215
*C1(c2c(C(=O)O1)cccc2)c1cc(c(c(c1)Br)OC(=O)c1ccc(cc1)C(=O)Oc1c(cc(cc1Br)*)Br)Br,tg,319.0,261.9736048898558
*Oc1ccc(cc1)C(c1ccc(cc1)OCC(=O)OC(=O)C*)(C)C,tg,105.0,75.40917924030856
*N1C(=O)c2c(C1=O)cc(cc2)S(=O)(=O)c1cc2c(C(=O)N(C2=O)CCCCCCOC(=O)CCCCCCC(=O)OCCCCCC*)cc1,tg,46.0,63.232931561754654
*c1c(c(cc(c1)C(c1ccc(cc1)O)(C)C)*)O,tg,135.0,238.17541697697814
*Oc1ccc(cc1)NC(=O)c1cc(cc(c1)C(C)(C)C)C(=O)Nc1ccc(cc1)Oc1ccc(cc1)C(c1ccc(cc1)*)(C)C,tg,215.33,236.71457346165363
*C(C*)c1cc(c(cc1)OC(=O)C)OC,tg,115.0,113.22344686533619
*C(C*)OC(=O)C(F)(F)F,tg,52.4,56.558562938342064
*Oc1ccc(cc1)CC1(c2ccccc2c2ccccc12)Cc1ccc(cc1)*,tg,138.0,265.78182053446795
*c1oc(nn1)c1nc(ccc1)c1oc(nn1)c1ccc(cc1)[Si](c1ccc(cc1)*)(c1ccccc1)c1ccccc1,tg,265.0,243.1524270077254
*N1C(=O)c2c(C1=O)cc(cc2)Oc1ccc(cc1)C(c1ccc(cc1)Oc1cc2c(C(=O)N(C2=O)c2ccc(cc2)Oc2ccc(cc2)c2ccc(cc2)Oc2ccc(cc2)*)cc1)(C(F)(F)F)C(F)(F)F,tg,217.0,208.51104177754925
*OC(=O)c1cc(ccc1)C(=O)OCCCCCCCCCC*,tg,-22.5,6.541702202416521
*c1nc2c([nH]1)ccc(c2)c1ccc2c(nc([nH]2)CCCCCNc2nc(nc(n2)NCCCCC*)N(CC)CC)c1,tg,190.0,101.32101361212376
*OC(=O)c1ccc(cc1)C(=O)OCCOC(=O)CCCCCCCCCCC(=O)OCC*,tg,-8.0,-1.7135554738138186
*OC(C*)CCl,tg,-21.5,-48.591526479647385
*N1C(=O)c2c(C1=O)cc(cc2)[Si](c1cc2c(C(=O)N(C2=O)c2ccc(cc2)Oc2ccc(cc2)S(=O)(=O)c2ccc(cc2)Oc2ccc(cc2)*)cc1)(C)C,tg,238.0,260.372137463313
*N(c1ccc(cc1)C(c1ccc(cc1)*)c1ccc(cc1)OCCCC)c1ccc(cc1)C,tg,170.0,134.62766926174913
*c1cc2c(oc(n2)c2ccc(cc2)Oc2ccc(cc2)c2oc3c(n2)cc(cc3)C(*)(C(F)(F)F)C(F)(F)F)cc1,tg,294.92,296.69221710611964
*Oc1ccc(cc1)C(=O)N(C(=O)c1ccc(cc1)OCCCCCC*)c1ccccc1,tg,100.0,93.09304847281042
*C(C*)C(=O)Oc1c(c(c(c(c1Cl)Cl)Cl)Cl)Cl,tg,145.0,124.27234518211455
*c1cc2c(C(=O)N(C2=O)c2cc(ccc2)Oc2cc(ccc2)N2C(=O)c3c(C2=O)cc(cc3)C(*)(C(F)(F)F)C(F)(F)F)cc1,tg,244.0,246.59681179373516
*c1c(nc2c(n1)cc(cc2)Oc1ccc(cc1)NC(=O)c1cc(cc(c1)N1C(=O)c2c(C1=O)cccc2)C(=O)Nc1ccc(cc1)Oc1cc2c(nc(c(n2)c2ccc(cc2)Oc2ccc(cc2)*)c2ccc(cc2)[N+](=O)[O-])cc1)c1ccc(cc1)[N+](=O)[O-],tg,305.0,261.39818578316766
*N1C(=O)c2c(C1=O)cc(cc2)c1cc2c(C(=O)N(C2=O)c2c(cc(c(c2C)*)C)C)cc1,tg,385.0,403.2144276359638
*Oc1c(cc(cc1)C=C1C(=O)C(=Cc2cc(c(cc2)OCCCCCCCCCC*)OC)CCC1)OC,tg,60.0,66.68365280146071
*c1nc2c(nc1c1cc3c(cc1)cccc3)cc(cc2)c1cc2c(nc(c(n2)c2ccc(cc2)*)c2cc3c(cc2)cccc3)cc1,tg,333.0,350.9523007558696
*C(C(CCCCCCCCCC*)c1ccc(cc1)O)c1c(cc(cc1)O)C,tg,-4.0,-1.683600717824631
*OC(C*)C(C)(C)C,tg,16.8,-8.31585401679999
*N1C(=O)c2c(C1=O)cc(cc2)c1cc2c(C(=O)N(C2=O)CCCCCOC(=O)CCCCCCCCCCN2C(=O)c3c(C2=O)cc(cc3)c2ccc(cc2)c2cc3c(C(=O)N(C3=O)CCCCCCCCCCC(=O)OCCCCC*)cc2)cc1,tg,41.0,51.72173942740018
*C(C*)C(=O)OCCCCn1c2ccccc2c2ccccc12,tg,68.0,61.37964766696988
*Oc1ccc(cc1)S(=O)(=O)c1ccc(cc1)OCC(COc1c(cc(cc1C)C(c1cc(c(c(c1)C)OCC(C*)O)C)(C)C)C)O,tg,145.0,127.13719629937485
*Oc1ccc(cc1)S(=O)(=O)c1cc2c(cc1)cc(cc2)S(=O)(=O)c1ccc(cc1)Oc1ccc(cc1)c1ccc(cc1)*,tg,255.0,255.59203250891528
*OC(=O)c1ccc(cc1)c1ccc(cc1)C(=O)OCCCCCCC*,tg,41.71,49.692290289780935
*C1(C(C(C1(F)F)(C(*)(F)F)F)(F)F)F,tg,122.0,159.86408853732513
*N1C(=O)c2c(C1=O)cc(cc2)C(=O)Oc1ccc(cc1)C(c1ccc(cc1)OC(=O)c1cc2c(C(=O)N(C2=O)CCCOCCCCOCCC*)cc1)(C)C,tg,60.0,83.74657431054491
*Oc1c(ccc(c1)Oc1cc(ccc1)NC(=O)c1c(ccc(c1)Oc1cc(c(cc1)C(=O)O)C(=O)Nc1cc(ccc1)*)C(=O)O)C#N,tg,195.8,196.91945471021887
*Oc1ccc(cc1)S(=O)(=O)c1ccc(cc1)Oc1ccc(cc1)C=C1C(=O)C(=Cc2ccc(cc2)Oc2ccc(cc2)S(=O)(=O)c2ccc(cc2)Oc2ccc(cc2)C(c2ccc(cc2)*)(C)C)CCC1,tg,194.0,166.70023485305995
*N(CC*)C,tg,-31.0,-16.48783706850737
*OC(=O)NC(=O)c1cc(ccc1)C(=O)NC(=O)OCC(C*)CCCCCCCCCCCC,tg,112.0,38.94745274788308
*N1C(=O)c2c(C1=O)cc(cc2)Oc1cc2c(C(=O)N(C2=O)c2ccc(cc2)Cc2ccc(cc2)*)cc1,tg,265.33,248.6745805764077
*OC(=O)C1C2C=CC(C1C(=O)OCC*)C2,tg,0.0,83.28180739481127
*OC(=O)NC(c1cc(ccc1)C(NC(=O)OCCN(CC*)c1ccc(cc1)N=Nc1ccc(cc1)[N+](=O)[O-])(C)C)(C)C,tg,103.0,112.80287162826832
*OC(=O)CCCCCCCCC(=O)OCC(=O)NCCCCCCNC(=O)C*,tg,2.0,-0.3852440721996998
*Oc1ccc(cc1)OCC(CN(S(=O)(=O)c1cc(ccc1)S(=O)(=O)N(CC(C*)O)C)C)O,tg,66.0,94.66750666465529
*OC(=O)NCCC*,tg,22.0,21.182537501855563
*Oc1ccc(cc1)N=Nc1cc(c(cc1)Cc1c(cc(cc1)N=Nc1ccc(cc1)OC(=O)c1ccc(cc1)C(=O)*)[N+](=O)[O-])[N+](=O)[O-],tg,198.0,208.45446899964932
*Oc1ccc(cc1)C(c1ccc(cc1)OC(=O)OC1C(C(C1(C)C)OC(=O)*)(C)C)(C)C,tg,130.0,127.85936909354088
*OC(=O)Nc1c(ccc(c1)NC(=O)OCCN(CC*)c1ccc(cc1)N=Nc1ccc(cc1)c1oc2c(n1)cccc2)C,tg,152.0,179.5090528598698
*OC(=O)Nc1ccc(cc1)Cc1ccc(cc1)NC(=O)OCCCC*,tg,69.2,92.55063936491533
*N1C(=O)c2c(C1=O)cc(cc2)NC(=O)Nc1ccc(cc1)c1nc(cc(c1)c1ccc(cc1)c1ccccc1)c1ccc(cc1)NC(=O)Nc1cc2c(C(=O)N(C2=O)c2ccc(cc2)Oc2c(c3c(cc2)cccc3)c2c3c(ccc2Oc2ccc(cc2)*)cccc3)cc1,tg,302.0,272.4106241035658
*C1C(=O)OC(=O)C1C(C*)OCC,tg,146.0,93.56515740594051
*Oc1ccc(cc1)C(c1ccc(cc1)OC(=O)OC1C(C(C1(C)C)OC(=O)*)(C)C)(c1ccccc1)C,tg,149.0,135.31087073839822
*Nc1c(cccc1)CCc1ccc(cc1)NC(=O)*,tg,197.0,170.21908954294793
*N=P(*)(OCCCCC)OCCC,tg,-100.0,-92.2696694766353
*N1C(=O)c2c(C1=O)cc(cc2)Oc1c(cc(cc1C)Cc1cc(c(c(c1)C)Oc1cc2c(C(=O)N(C2=O)c2cc(ccc2)*)cc1)C)C,tg,245.0,274.36963485987746
*c1cc2c(C(=O)N(C2=O)c2cc(ccc2)Cc2ccc(cc2)N2C(=O)c3c(C2=O)cc(cc3)C(=O)*)cc1,tg,265.6,256.14217804859186
*C(C*)CCCCCC,tg,-56.48,-32.02701707218261
*N1C(=O)c2c(C1=O)cc(c(c2)c1ccc(cc1)[Si](C)(C)C)c1cc2c(C(=O)N(C2=O)c2ccc(cc2)Oc2ccc(cc2)*)cc1c1ccc(cc1)[Si](C)(C)C,tg,348.0,255.91237260100877
*c1cc2c(C(=O)N(C2=O)c2c3c(ccc2)c(ccc3)N2C(=O)c3c(C2=O)cc(cc3)C(=O)Nc2c(c(cc(c2)C(c2cc(c(c(c2)NC(=O)*)C)C)(C(F)(F)F)C(F)(F)F)C)C)cc1,tg,250.0,263.6024386232977
*N1CC(CCCC1)NC(=O)CCCCCCCCC(=O)*,tg,-46.5,52.51261305887961
*c1cc2c(C(=O)N(C2=O)c2c(ccc(c2)N2C(=O)c3c(C2=O)cc(cc3)C(=O)OCCN(CCOC(=O)*)c2ccc(cc2)C(=C(C#N)C#N)C#N)N=Nc2ccc(cc2)C(=C(C#N)C#N)C#N)cc1,tg,187.0,214.12363242840607
*C(C*)(C(=O)OCCCCCn1c2ccccc2c2ccccc12)C,tg,91.0,86.27453604072569
*Oc1ccc(cc1)C(=Nc1ccc(cc1)N=C(c1ccc(cc1)Oc1ccc(cc1)C(c1ccc(cc1)*)(c1ccccc1)c1ccccc1)C)C,tg,178.0,173.1570690432178
*Oc1ccc(cc1)OC(=O)c1c(ccc(c1)N=Nc1ccc(cc1)OCC)c1c(cc(cc1)N=Nc1ccc(cc1)OCC)C(=O)*,tg,170.0,149.19480843329472
*c1oc(nn1)c1ccc(cc1)C(=O)OCCCCCCOc1ccc(cc1)C=C1C(=O)C(=Cc2ccc(cc2)OCCCCCCOC(=O)c2ccc(cc2)*)CCC1,tg,71.0,110.20765572637056
*OC(=O)Nc1ccc(cc1)Cc1ccc(cc1)NC(=O)OCC*,tg,107.23,129.12894407259944
*Oc1ccc(cc1)S(=O)(=O)c1ccc(cc1)Oc1ccc(cc1)C=Cc1ccc(cc1)*,tg,214.0,198.48396800491824
*C(C*)OC(=O)c1cc(ccc1)OC,tg,44.0,64.57804150125598
*Nc1ccc(cc1)Cc1ccc(cc1)NC(=O)c1cc(cc(c1)S(=O)(=O)c1ccccc1)C(=O)*,tg,270.0,278.50709112569893
*c1[nH]c(nc1c1ccc(cc1)NC(=O)Nc1ccc(cc1)NC(=O)Nc1ccc(cc1)*)c1ccc(cc1)c1[nH]c(c(n1)c1ccc(cc1)[N+](=O)[O-])c1ccc(cc1)[N+](=O)[O-],tg,272.0,267.20348944281113
*Oc1ccc(cc1)S(=O)(=O)c1ccc(cc1)Oc1ccc(cc1)C1CC(CCC1)C(c1ccc(cc1)*)C,tg,230.0,194.0983224650301
*Oc1ccc(cc1)CC(NC(=O)CCc1ccc(cc1)OC(=O)CCCC(=O)*)C(=O)OCCCCCCCCCCCC,tg,27.5,24.75094777339558
*Oc1c(cc(cc1)C1(C2CCC(C1)C2)c1cc(c(cc1)OC(=O)*)C)C,tg,161.0,191.3405573383213
*Oc1c(cc(c(c1)C(C)(C)C)Oc1ccc(cc1)C(=O)Nc1c(cc(cc1C)Cc1cc(c(c(c1)C(C)C)NC(=O)c1ccc(cc1)*)C)C(C)C)C(C)(C)C,tg,260.0,236.0265583249625
*Oc1ccc(cc1)C(c1ccc(cc1)OC(=S)*)C,tg,101.67,136.7484766188991
*N1C(=O)c2c(C1=O)cc(cc2)Oc1ccc(cc1)C(c1ccc(cc1)Oc1cc2c(C(=O)N(C2=O)c2ccc(cc2)N(c2ccc(cc2)*)c2ccc(cc2)C#N)cc1)(C)C,tg,230.0,240.08816073486204
*c1sc(nn1)SCC(=O)NN=Cc1cc(c(cc1)OCCCCCCCCCCOc1c(cc(cc1)C=NNC(=O)CS*)OC)OC,tg,156.0,111.09740641679115
*N1C(=O)c2c(C1=O)cc(cc2)Oc1cc2c(C(=O)N(C2=O)c2c(ccc(c2)C(c2cc(c(cc2)OCCN(c2ccc(cc2)C=CC2=CC(=C(C#N)C#N)CC(C2)(C)C)c2ccccc2)*)(C(F)(F)F)C(F)(F)F)OCCN(c2ccc(cc2)C=CC2=CC(=C(C#N)C#N)CC(C2)(C)C)c2ccccc2)cc1,tg,220.0,200.30570921676025
*O[Si](O[Si](c1ccc(cc1)[Si](*)(C)C)(C)C)(c1ccccc1)c1ccccc1,tg,0.0,44.13699465664747
*N=P(*)(OCCCCCCCC)OCCCCCCCC,tg,-84.0,-101.17914900584073
*N1C(=O)N(C(=O)C1=O)c1ccc(cc1)Cc1ccc(cc1)N1C(=O)N(C(=O)C1=O)CCCCCC*,tg,158.0,127.05701320791013
*OC(=O)CCCCCCCCCCC(=O)OCC#CC*,tg,-27.0,-28.43224333562859
*Nc1ccc(cc1)Cc1ccc(cc1)NC(=O)CCCCCCCCC(=O)*,tg,160.0,120.21960946472073
*Nc1cc(ccc1)NC(=O)CCCCC(=O)Nc1ccc(cc1)C(=O)NC(=S)*,tg,267.0,177.61758980648102
*c1cc2c(C(=O)N(C2=O)c2c(c(cc(c2)C(F)(F)F)N2C(=O)c3c(C2=O)cc(cc3)C(=O)Nc2ccc(cc2)Oc2ccc(cc2)NC(=O)*)Oc2ccc(cc2)C(F)(F)F)cc1,tg,295.0,278.9439923492151
*C(C*)(C(=O)OC1C2(CCC(C1)C2(C)C)C)C,tg,149.83,157.7656679522065
*Oc1ccc(cc1)C1(CC(CCC1)c1ccc(cc1)OCC(C*)OC(=O)C)CC,tg,107.0,102.40132359394417
*Oc1ccc(cc1)C(c1ccc(cc1)Oc1ccc(cc1)C(=O)c1cc(cc(c1)C(C)(C)C)C(=O)c1ccc(cc1)*)(C(F)(F)F)C(F)(F)F,tg,181.0,175.09483378149346
*OC(C*)CS(=O)(=O)CCCCC,tg,38.5,3.7565319306455915
*C(C*)(C(=O)Oc1c(cc(cc1OC)C=Cc1ccccc1)OC)C,tg,140.0,113.72105341306177
*Nc1ccc(cc1)C(c1ccc(cc1)NC(=O)c1cc(cc(c1)N1C(=O)C=CC1=O)C(=O)*)(C)C,tg,303.0,257.18734085861246
*C1C(C(C(C1)C*)OC(=O)CCCCCCCCCCOc1ccc(cc1)c1ccc(cc1)C#N)OC(=O)CCCCCCCCCCOc1ccc(cc1)c1ccc(cc1)C#N,tg,14.5,64.15943949718267
*N1C(=O)c2c(C1=O)cc(cc2)Oc1ccc(cc1)C1(CCC(CC1)c1ccccc1)c1ccc(cc1)Oc1cc2c(C(=O)N(C2=O)c2ccc(cc2)Oc2cc(c(cc2)c2c(cc(cc2)Oc2ccc(cc2)*)C)C)cc1,tg,226.0,239.9101337019576
*O[Si](Oc1ccc(cc1)C1(c2ccccc2c2ccccc12)c1ccc(cc1)*)(c1ccccc1)c1ccccc1,tg,166.0,201.2725780709969
*C(C*)(C(=O)OCCCOc1ccc(cc1)C(=O)Oc1ccc2c(c1)oc(=O)cc2)C,tg,68.0,69.91518444798663
*C(C*)(C(=O)Oc1cc2c(CCC2)cc1)C,tg,104.25,125.54334373271254
*c1c2n(c3c(c2cc(c1)C(C)(C)C)cc(cc3C#CC#C*)C(C)(C)C)CCCCCCCCCCCCCCCC,tg,67.0,67.97055866248621
*NC(=O)CCCCC(=O)NCCCCCCCCC*,tg,60.33,46.13926175737286
*N1C(=O)c2c(C1=O)cc(cc2)Oc1ccc(cc1)Oc1cc2c(C(=O)N(C2=O)c2ccc(cc2)Oc2ccc(cc2)S(=O)(=O)c2ccc(cc2)Oc2ccc(cc2)*)cc1,tg,201.0,216.5263329123476
*C(C*)(C(=O)OCCCCCCCCCCCC[n+]1ccc(cc1)N(C)C)C,tg,55.5,36.57268793249088
*Oc1ccc(cc1)Oc1ccc(cc1)C(=O)c1cc(ccc1)NC(=O)CCCCCCCCC(=O)Nc1cc(ccc1)C(=O)c1ccc(cc1)*,tg,144.0,140.56640888783173
*Nc1cc(cc(c1)C(=O)OCCOC(=O)C=Cc1ccc(cc1)N(C)C)NC(=O)c1cc(ccc1)C(=O)*,tg,186.0,169.16162239678087
*N1C(=O)c2c(C1=O)c(ccc2)Oc1ccc(cc1)C(=O)c1ccc(cc1)ON1C(=O)c2c(C1=O)c(ccc2)c1ccc(cc1)Oc1ccc(cc1)*,tg,252.0,240.35112474537442
*Oc1cc(ccc1)OC(=O)c1ccc(cc1)Oc1ccc(cc1)C(=O)*,tg,159.0,118.06903136659841
*Oc1ccc(cc1)C(c1ccc(cc1)OC1(C(C(C1(F)F)(F)F)(*)F)F)(C)C,tg,98.0,113.69040391897425
*C(C*)(C(=O)Oc1c(cccc1C(C)C)C(C)C)C,tg,198.0,112.87839384726968
*Nc1cc(cc(c1)C(=O)OC)NC(=O)c1cc(cc(c1)OCCN(c1ccc(cc1)[N+](=O)[O-])C)C(=O)*,tg,177.0,213.68561091406795
*c1cc2c(C(=O)N(C2=O)c2ccc(cc2)Oc2ccc(cc2)NC(=O)c2cc(ccc2)C(=O)Nc2ccc(cc2)Oc2ccc(cc2)N2C(=O)c3c(C2=O)cc(cc3)C(=O)*)cc1,tg,232.0,245.31360085473733
*OC(CCCCC(=O)*)C,tg,-40.0,-53.96555201605331
*NC1CCC(CC1)CC1CCC(CC1)NC(=O)CCCCCCCCC(=O)*,tg,139.33,126.9428837816582
*C(C*)C(=O)OCCCCOC(=O)c1ccc(cc1)OC(=O)c1ccc(cc1)C#N,tg,40.0,36.740816998042405
*c1sc(cc1)c1ccc(cc1)C=Nc1cc(ccc1)N=Cc1ccc(cc1)*,tg,150.0,145.54949097183
*N1C(=O)c2c(C1=O)cc(cc2)Oc1cc2c(C(=O)N(C2=O)c2cc(c(c(c2)Br)Oc2c(cc(cc2Br)*)Br)Br)cc1,tg,283.0,256.8187847310981
*c1cc2c(C(=O)N(C2=O)c2ccc(cc2)Oc2ccc(cc2)C(c2ccc(cc2)Oc2ccc(cc2)N2C(=O)c3c(C2=O)cc(cc3)C(*)(C(F)(F)F)C(F)(F)F)(C(F)(F)F)C(F)(F)F)cc1,tg,259.43,259.2169271358439
*c1cc2c(C(=O)N(C2=O)c2c(cc(cc2C(C)C)Cc2cc(c(c(c2)C(C)C)N2C(=O)c3c(C2=O)cc(cc3)C(=O)*)C(C)C)C(C)C)cc1,tg,263.0,278.7652752015681
*N1C(=O)c2c(C1=O)cc(cc2)NC(=O)OCCOc1ccc(cc1)C(c1ccc(cc1)OCCOC(=O)Nc1cc2c(C(=O)N(C2=O)c2cc(ccc2)P(=O)(c2cc(ccc2)*)C)cc1)(C)C,tg,211.0,184.91158062359528
*NC(=O)CC(CCC(=O)NCCCCCC*)C,tg,17.0,54.79851147502921
*c1cc2c(C(=O)N(C2=O)c2c(ccc(c2)C(=O)Nc2c(cc(cc2C)c2cc(c(c(c2)C)NC(=O)c2cc(c(cc2)C)N2C(=O)c3c(C2=O)cc(cc3)C(*)(C(F)(F)F)C(F)(F)F)C)C)C)cc1,tg,250.0,307.35254189247775
*NC(=O)c1c(cc(cc1)C(=O)NCCCCCCCC*)Sc1ccccc1,tg,110.0,103.08012104020246
*N1C(=O)C2C3C4C(C(C2C1=O)C=C3)C(=O)N(C4=O)CCCCCCCCCC*,tg,219.0,136.96586275876572
*N1C(=O)c2c(C1=O)cc(cc2)Oc1cc2c(C(=O)N(C2=O)CCCCCCCCCCC*)cc1,tg,74.0,85.10040896062297
*C(C*)[Si](Cc1ccccc1)(C)C,tg,-24.0,41.271548162392
*[Si](c1c(cccc1)C*)(C)C,tg,48.0,75.81865686907886
*S(=O)(=O)c1ccc(cc1)Nc1ccc(cc1)Nc1ccc(cc1)*,tg,145.0,170.0984964917656
*O[Si](Oc1c(cc(cc1)C1(c2ccccc2c2ccccc12)c1cc(c(cc1)*)C)C)(c1ccccc1)c1ccccc1,tg,171.0,209.6448705579935
*C(=C(*)C)[Si](C)(C)C,tg,198.3,135.51892909099362
*C(C*)(C(=O)Oc1c(cccc1C)C)C,tg,169.0,124.50899386304688
*c1cc2c(C(=O)N(C2=O)c2cc(ccc2)C(C(C(c2cc(ccc2)N2C(=O)c3c(C2=O)cc(cc3)C(C(C(C(C(C(C(*)(F)F)(F)F)(F)F)(F)F)(F)F)(F)F)(F)F)(F)F)(F)F)(F)F)cc1,tg,133.5,139.04333568842102
*Sc1ccc(cc1)Nc1ccc(cc1)*,tg,145.0,133.56346404674517
*C(*)F,tg,83.33,-19.50738183392473
*Oc1cc(ccc1)Oc1ccc(cc1)C(=O)c1ccc(cc1)NC(=O)c1ccc(cc1)C(=O)Nc1ccc(cc1)C(=O)c1ccc(cc1)*,tg,190.0,183.57899044625992
*NC(=O)CCCCCCCCC(=O)NCCCCCCCCCC*,tg,57.78,49.80897143534053
*c1oc(nn1)c1cncc(c1)c1oc(nn1)c1ccc(cc1)[Si](c1ccc(cc1)*)(c1ccccc1)c1ccccc1,tg,272.0,265.8486897340471
*c1sc2cc3c(cc2n1)sc(n3)c1ccc(cc1)Oc1ccc(cc1)Oc1ccc(cc1)P(=O)(c1ccc(cc1)Oc1ccc(cc1)Oc1ccc(cc1)*)c1ccccc1,tg,255.0,214.74415942685215
*OC(=O)CCCCCCCCCCC(=O)OCC(=O)NCCCCCCNC(=O)C*,tg,0.9,4.738120476715483
*Oc1c(cc(cc1)C(=O)c1cc(ccc1)C(=O)c1cc(c(cc1)*)C(C)C)C,tg,147.0,166.48032718318902
*c1cc2c(C(=O)N(C2=O)c2ccc(cc2)C(=O)OCCCCOC(=O)*)cc1,tg,100.5,112.50310335478432
*Oc1ccc(cc1)C(c1ccc(cc1)OC(*)(Oc1ccccc1)Oc1ccccc1)(C)C,tg,92.0,112.30901698979638
*[Si]1(O[Si](O[Si](O1)(C)C)(C)C)O[Si](CC*)(C)C,tg,-66.0,12.666402871553881
*C(C*)(C(=O)OC1C2C3C(C(C1)C2)C1CCC3C1)C,tg,199.0,203.82753622616005
*Oc1ccc(cc1)NC(=O)c1ccc(cc1)Oc1ccc(cc1)C(c1ccc(cc1)C(c1ccc(cc1)Oc1ccc(cc1)C(=O)Nc1ccc(cc1)Oc1ccc(cc1)C(c1ccc(cc1)*)(C(F)(F)F)C(F)(F)F)(C)C)(C)C,tg,169.0,166.56598890180672
*OCC(C*)(CSCCCCC)CSCCCCC,tg,-33.0,-55.46046195026785
*OC(C(=O)NC(C(=O)*)C)C,tg,57.65,45.50388672181555
*C1C(CC(C1)C=C*)([Si](O[Si](C)(C)C)(C)C)C#N,tg,88.0,59.002699495921725
*N1CCN(CC1)C(=O)OC1CC2CC(CC(C1)O2)OC(=O)*,tg,113.0,133.22175924128064
*c1nc2c(c(c1)c1ccccc1)cc(cc2)Oc1cc2c(nc(cc2c2ccccc2)c2ccc(cc2)c2ccc(cc2)c2ccc(cc2)*)cc1,tg,282.5,338.1667116485193
*C(C*)SCC,tg,-7.0,-26.575905799502014
*C(=C*)C(CCC)[Si](c1ccccc1)(C)C,tg,110.0,65.99227906062782
*C(C*)(C(=O)OCCN(c1ccc(cc1)N=Nc1ccc(cc1)[N+](=O)[O-])C)C,tg,110.0,109.32221113606276
*C(C*)C,tg,-2.73,-9.285979330690829
*NC(C(=O)*)CCC(=O)OCc1ccc(cc1)F,tg,46.9,50.64517841821946
*c1cc2c(C(=O)N(C2=O)c2ccc(cc2)Oc2ccc(cc2)N2C(=O)c3c(C2=O)cc(cc3)C(=O)N2C(=S)N(C(C(=C2C)C(=O)OCC)c2c(cc(cc2)OC)OC)C(=O)*)cc1,tg,165.0,220.91425517319553
*c1ccc(cc1)CC*,tg,66.64,116.46661303219201
*C(C*)c1ccc(cc1)C(=O)OCCN(CC)CC,tg,74.0,46.279831776838236
*c1cc2c(C(=O)N(C2=O)c2ccc(cc2)Oc2ccc(cc2)N2C(=O)c3c(C2=O)cc(cc3)C(=O)Oc2ccc(cc2)c2ccc(cc2)OC(=O)*)cc1,tg,232.0,243.50521149432564
*C(C*)C1C(CCCC1)C,tg,186.0,89.21948257644361
*Oc1ccc(cc1)C(c1ccc(cc1)OCC(C*)OC(=O)CCl)(C)C,tg,65.0,69.68141085702817
*OC(C*)COC(=O)CCCCCCCCCCN1C(=O)C2C(C1=O)C1C=CC2C1,tg,-31.0,51.86117700958443
*C1COC2C1OCC2OC(=O)OCC(C(COC(=O)O*)O)O,tg,78.5,69.53179101092857
*N1C(=O)C(CC1=O)(SCCOCCSC1(C(=O)N(C(=O)C1)c1ccc(cc1)Oc1ccc(cc1)N1C(=O)C(C(C1=O)C)SCCOCCSC1C(=O)N(C(=O)C1C)c1ccc(cc1)Oc1ccc(cc1)*)C)C,tg,145.0,126.77429920231484
*Oc1ccc(cc1)CC(NC(=O)CCc1ccc(cc1)OC(=O)CCC(=O)*)C(=O)OCCCCCCCCCCCC,tg,40.0,28.20643848313509
*c1ncc(cc1)C(=O)Nc1ccc(cc1)Oc1ccc(cc1)C(=O)c1ccc(cc1)Oc1ccc(cc1)NC(=O)*,tg,170.0,178.95499727986552
*C1=CC(=C(C#N)C#N)C=C(O1)C=Cc1ccc(cc1)N=Nc1ccc(cc1)N(CCOC(=O)Nc1c(ccc(c1)NC(=O)OCCN(c1ccc(cc1)N=Nc1ccc(cc1)C=C*)C)C)C,tg,196.0,157.2632836596591
*Oc1cc2c(cc1)ccc(c2)Oc1ccc(cc1)C(=O)Nc1ccc(cc1)Oc1ccc(cc1)C(c1ccc(cc1)Oc1ccc(cc1)NC(=O)c1ccc(cc1)*)(C)C,tg,143.0,178.12604648557326
*c1cc2c(C(=O)N(C2=O)c2ccc(cc2)OCCCCCCCCCCOc2ccc(cc2)N2C(=O)c3c(C2=O)cc(cc3)C(*)(C(F)(F)F)C(F)(F)F)cc1,tg,143.0,157.35466684202447
*NC(=O)c1ccc(cc1)CC(=O)NCCC*,tg,109.0,123.54192950162745
*N1C(=O)c2c(C1=O)cc(cc2)Oc1c(cccc1)Oc1cc2c(C(=O)N(C2=O)c2cc(c(cc2)Oc2ccc(cc2)C2(c3ccccc3c3ccccc23)c2ccc(cc2)Oc2c(cc(cc2)*)C(F)(F)F)C(F)(F)F)cc1,tg,241.0,232.07218210202416
*Oc1ccc(cc1)C1(c2ccccc2C(=O)c2ccccc12)c1ccc(cc1)OC(=O)c1ccc(cc1)C(=O)*,tg,400.0,245.06496265961277
*c1cc2c(C(=O)N(C2=O)c2c(cc(c(c2C)N2C(=O)c3c(C2=O)cc(cc3)C(=O)Nc2cc(c(cc2)c2c(cc(cc2)NC(=O)*)C(F)(F)F)C(F)(F)F)C)C)cc1,tg,267.0,318.87236147699457
*Oc1ccc(cc1)C(c1ccc(cc1)OC(=O)c1ccc(cc1)C(=O)*)(CC)CC,tg,165.0,162.64096969772328
*O[Si](CCCC(=O)Oc1ccc(cc1)C=Nc1ccc(cc1)N=Cc1ccc(cc1)OC(=O)CCC[Si](*)(C)C)(C)C,tg,60.0,42.39314904707836
*c1ccc(cc1)C(C(*)(F)F)(F)F,tg,76.95,167.5900649986558
*S(=O)(=NP(=NP(=N*)(NCCCC)NCCCC)(NCCCC)NCCCC)NCCCC,tg,-17.0,-21.789700563323777
*S(=O)(=O)c1ccc(cc1)C(=O)c1ccc(cc1)C(=O)c1ccc(cc1)*,tg,213.5,186.34827074591755
*C(C*)OC(=O)c1cc(ccc1)[Si](C)(C)C,tg,80.0,49.8794826969109
*c1cnc(s1)N1C(=O)c2c(C1=O)cc(cc2)Oc1cc2c(C(=O)N(C2=O)c2ccc(cc2)Oc2ccc(cc2)*)cc1,tg,300.0,268.8282495280738
*C(C*)c1c(ccc(c1)C(=O)OCCCCCCCCCCCC)c1ccc(cc1)OCCCCCCCC,tg,42.0,80.27809534511987
*N(c1ccc(cc1)C(=O)*)CCCCCCCC,tg,30.0,46.80298845519584
*Oc1ccc(cc1)NC(=O)c1cc(ccc1)C(=O)Nc1ccc(cc1)*,tg,205.39,226.67139534059774
*Oc1ccc(cc1)Oc1ccc(cc1)C(=O)c1ccc(cc1)NC(=O)c1ccc(cc1)C(=O)Nc1ccc(cc1)C(=O)c1ccc(cc1)*,tg,224.0,213.1020544618945
*c1cc2c(C(=O)N(C2=O)N2C(=O)c3c(C2=O)cc(cc3)Oc2ccc(cc2)C(c2ccc(cc2)O*)(C)C)cc1,tg,216.7,280.48704723206185
*c1c(nc2c(n1)cc(cc2)S(=O)(=O)c1cc2c(nc(c(n2)c2ccc(cc2)*)c2ccccc2)cc1)c1ccccc1,tg,291.8,330.0460604730727
*c1cc2c(C(=O)N(C2=O)c2ccc(cc2)S(=O)(=O)c2ccc(cc2)N2C(=O)c3c(C2=O)cc(cc3)C(=O)Nc2ccc(cc2)Oc2ccc(cc2)NC(=O)*)cc1,tg,281.0,290.41792319073994
*C(C*)c1ccc(cc1)B(c1ccc(cc1)C(C)(C)C)Oc1c2ncccc2ccc1,tg,240.0,206.0724500640608
*NC(C(=O)*)CCC(=O)OCc1ccccc1,tg,9.38,40.79368225179882
*N1C(CN(C(C1)C)C(=O)OCC(CS(=O)(=O)CC(COC(=O)*)(C)C)(C)C)C,tg,85.0,73.28096009386334
*C(C*)(C(=O)OC1(CN(CCC1)c1ccc(cc1)N=Nc1ccc(cc1)C=C(S(=O)(=O)C)C#N)C)C,tg,196.0,135.1602140799418
*O[Si](*)(CCCOc1ccc(cc1)C(=O)Oc1ccc(cc1)c1ccc(cc1)OC(=O)c1cc(c(c(c1)OCCCCCCCCCCCC)OCCCCCCCCCCCC)OCCCCCCCCCCCC)C,tg,40.33,74.72562744995021
*OC(OC(=O)c1c2c(c(cc1)C(=O)OC(OCC1CCC(CC1)C*)C)cccc2)C,tg,60.0,44.52890111594648
*N1C(=O)c2c(C1=O)cc(cc2)Oc1ccc(cc1)C1(CCC(CC1)C(C)(C)C)c1ccc(cc1)Oc1cc2c(C(=O)N(C2=O)c2ccc(cc2)Oc2ccc(cc2)C2(C3CC4CC(CC2C4)C3)c2ccc(cc2)Oc2ccc(cc2)*)cc1,tg,266.0,255.04191094900239
*C(C*)(C(=O)OC(C(F)(F)F)C(F)(F)F)F,tg,102.0,99.50935866877981
*NNC(=O)c1cc(cc(c1)NC(=O)c1cc2c(C(=O)N(C2=O)c2ncccc2C)cc1)C(=O)NNC(=O)c1ccc(cc1)C(=O)*,tg,130.3,166.76986577724932
*C(C*)Cc1ccccc1,tg,63.33,42.10514663557909
*S(=O)(=O)C(C=C(C*)C)C,tg,83.0,113.02420752576685
*Oc1ccc(cc1)C(=O)Nc1cc(cc(c1)c1nc2c([nH]1)cccc2)NC(=O)c1ccc(cc1)OCCOCCOCC*,tg,165.0,135.84789061788118
*Nc1ccc(cc1)Cc1ccc(cc1)NC(=O)c1cc(cc(c1)N1C(=O)C2C(C1=O)C1C=CC2C1)C(=O)*,tg,303.0,294.7640860264102
*C(C*)OC(=O)c1cnccc1,tg,86.5,95.1430972690947
*N1C(=O)c2c(C1=O)cc(cc2)c1cc2c(C(=O)N(C2=O)c2ccc(cc2)Oc2ccc(cc2)C(=O)c2cc(ccc2)C(=O)c2ccc(cc2)Oc2ccc(cc2)*)cc1,tg,222.0,236.96987867024953
*[SiH](C#Cc1c(cccc1)C#C*)c1ccccc1,tg,71.0,131.66534818578182
*C(C(*)C(=O)OC(C)(C)C)C(=O)OC,tg,84.0,102.25950146129368
*c1cc2c(C(=O)N(C2=O)c2cc(ccc2)Oc2ccc(cc2)N2C(=O)c3c(C2=O)cc(cc3)C(=O)Nc2ccc(cc2)Oc2ccc(cc2)C(c2ccc(cc2)Oc2ccc(cc2)NC(=O)*)(C)C)cc1,tg,207.0,239.50342718503623
*c1cc2c(C(=O)N(C2=O)c2ccc(cc2)NC(=O)Nc2ccc(cc2)N2C(=O)c3c(C2=O)cc(cc3)C(=O)Nc2ccc(cc2)NC(=O)*)cc1,tg,216.0,241.53244584792427
*N(c1ccc(cc1)c1ccc(cc1)*)c1ccc(cc1)C,tg,85.0,214.84587782434025
*OC(C*)COCCCCCC,tg,-85.5,-78.79728876023015
*C(C*)(C(=O)OCCCCCCOc1ccc(cc1)C(=O)Oc1c2c(c(cc1)N=Nc1ccc(cc1)Cl)cccc2)C,tg,50.0,44.73452526581688
*C(C*)c1ccc(cc1)B(Oc1c2ncccc2c(cc1)c1c(c(c(c(c1F)F)F)F)F)c1ccc(cc1)C(C)(C)C,tg,245.0,221.6190547886091
*Nc1cc(cc(c1)C(=O)Nc1c2C(=O)c3c(C(=O)c2ccc1)cccc3)NC(=O)Nc1ccc(cc1)Cc1ccc(cc1)NC(=O)*,tg,178.0,178.0355255084641
*NC(=O)CCCCC(=O)NCCCCCCCC*,tg,50.0,45.0075557714215
*C(C*)(C(=O)O[Si](C)(C)C)C,tg,97.5,86.4068255908817
*C1(c2c(NC1=O)cccc2)c1ccc(cc1)OC(=O)c1cc(ccc1)C(=O)Oc1ccc(cc1)*,tg,256.0,270.6492704978506
*C(C*)CCCCCCCCCCCCCC,tg,-24.0,-38.89842626072998
*C(C*)(C(=O)OCCCCCCOc1ccc(cc1)C(=O)Oc1c2c(c(cc1)N=Nc1ccc(cc1)C)cccc2)C,tg,40.0,47.4547471984981
*OC(=O)c1ccc(cc1)c1ccc(cc1)c1ccc(cc1)C(=O)OCC(C*)(C)C,tg,100.0,88.97635411816664
*C1COC2C1OCC2OC(=O)C(NC(=O)CCCCCCCCC(=O)NC(C(=O)O*)CC(C)C)CC(C)C,tg,89.0,70.26440729868402
*C(=C(*)Cl)CCCCCC,tg,150.0,58.00566804745427
*C(C*)C(=O)OCC(C(OC(C(C(C(F)(F)F)(F)F)(F)F)(F)F)(F)F)(F)F,tg,-68.0,-1.767304027313428
*c1cc2c(C(=O)N(C2=O)c2ccc(cc2)Oc2c(cccc2)c2c(cccc2)Oc2ccc(cc2)N2C(=O)c3c(C2=O)cc(cc3)C(=O)Nc2ccc(cc2)Oc2ccc(cc2)c2ccc(cc2)Oc2ccc(cc2)NC(=O)*)cc1,tg,254.0,261.17196000582254
*Oc1cc(cc(c1)C(=O)OCCN(c1ccc(cc1)N=Nc1ccc(cc1)[N+](=O)[O-])CC)OC(=O)c1ccc(cc1)C(=O)*,tg,130.0,129.70727149119864
*N=P(*)(OCCCC)OCCCC,tg,-105.0,-97.00773872314086
*Oc1ccc(cc1)OC(=O)c1c(cc(cc1)C(=O)*)Sc1ccc(cc1)Cl,tg,140.0,146.23399381863814
*Oc1ccc(cc1)S(=O)(=O)c1ccc(cc1)Oc1ccc(cc1)C=NN=Cc1ccc(cc1)*,tg,151.0,181.36107363461403
*Nc1ccc(cc1)NC(=O)c1ccc(cc1)NC(=O)c1ccc(cc1)P(=O)(c1ccc(cc1)C(=O)*)c1ccccc1,tg,243.0,305.43581031204536
*OC(=O)c1cc(cc(c1)C(C(C(C(C(C(C(F)(F)F)(F)F)(F)F)(F)F)(F)F)(F)F)(F)F)C(=O)OCC(C(C(C*)(F)F)(F)F)(F)F,tg,27.0,12.047245335481612
*C(C*)C(=O)OCCCCCOC(=O)c1ccc(cc1)OC(=O)c1ccc(cc1)C#N,tg,30.0,38.37129200358001
*N1C(=S)N(C(=O)CC1=O)c1ccc(cc1)Oc1cc(ccc1)Oc1ccc(cc1)*,tg,128.0,135.91996543585685
*N(CC*)C(=O)c1c(cc(c(c1)F)F)F,tg,105.0,109.4976117716928
*Oc1cc(c(cc1)S(=O)(=O)c1c(cc(cc1)Oc1c(cc(cc1C)C(c1cc(c(c(c1)C)*)C)(C)C)C)C(O)(C(F)(F)F)C(F)(F)F)C(O)(C(F)(F)F)C(F)(F)F,tg,187.0,165.22447076083515
*c1nc2c(c(c1c1ccccc1)c1ccccc1)cc(cc2)c1cc2c(nc(c(c2c2ccccc2)c2ccccc2)c2ccc(cc2)c2ccc(cc2)*)cc1,tg,381.67,335.06872806337157
*Oc1c(cc(c(c1)C(C)(C)C)Oc1ccc(cc1)C(=O)Nc1c(cc(cc1)C(c1cc(c(cc1)NC(=O)c1ccc(cc1)*)C)(C)C)C)C(C)(C)C,tg,275.0,269.68208975197473
*C(C*)C(=O)Nc1c(cccc1)Cl,tg,63.0,82.89545732256711
*[Si](C*)(CCCCCC)C,tg,-77.6,-31.270708625444964
*OC(=O)Nc1ccc(cc1)Cc1ccc(cc1)NC(=O)OCC1CCC(CC1)C*,tg,134.0,109.6889068042184
*OP(=O)(N=Nc1ccc(cc1)c1ccc(cc1)N=NP(=O)(OCc1ccc(cc1)C*)OC)OC,tg,48.0,81.01008745110435
*C(C*)OC(=O)CCl,tg,18.99,48.85600807997119
*S(=O)(=O)c1cc(ccc1)NC(=O)CCCCCCC(=O)Nc1cc(ccc1)*,tg,125.0,107.95207486390622
*N1C(=O)c2c(C1=O)cc(cc2)c1cc2c(C(=O)N(C2=O)c2ccc(cc2)Oc2c(cc(cc2)C(C)(C)C)Oc2ccc(cc2)*)cc1,tg,257.0,289.6201440381108
*c1cc2c(C(=O)N(C2=O)c2cc3c(C(CC3(c3ccc(cc3)N3C(=O)c4c(C3=O)cc(cc4)C(=O)*)C)(C)C)cc2)cc1,tg,318.77,345.03343825295826
*N1C(=O)C2C3C4C(C(C2C1=O)C=C3)C(=O)N(C4=O)c1ccc(cc1)Sc1cc2c(C(=O)N(C2=O)c2ccc(cc2)CC)cc1Sc1ccc(cc1)*,tg,320.0,279.07336357242565
*Oc1ccc(cc1)C(c1ccc(cc1)Oc1c(c(c(c(c1F)F)COC(c1cc(ccc1)C(OCc1c(c(c(c(c1F)F)*)F)F)(C(F)(F)F)C(F)(F)F)(C(F)(F)F)C(F)(F)F)F)F)(C(F)(F)F)C(F)(F)F,tg,113.0,180.77287309865582
*N1C(=O)N(C(=O)C1=O)CCCCCC*,tg,55.0,150.00529071320116
*c1ccc2c(nc([nH]2)c2cc(cc(c2)N2C(=O)c3c(C2=O)cccc3)c2nc3c([nH]2)ccc(c3)C(=O)Nc2ccc(cc2)NC(=O)*)c1,tg,295.0,332.76656847147
*Oc1ccc(cc1)C(=O)Nc1c(cc(c(c1)SCCC#N)NC(=O)c1ccc(cc1)*)SCCC#N,tg,158.0,211.1688749705279
*Oc1c(cc(cc1)OC(=O)c1c(cc(c(c1)OCCCCCCCCCCCC)C(=O)*)OCCCCCCCCCCCC)C,tg,112.0,81.99217828782899
*c1nc2c(c(c1)c1ccccc1)cc(cc2)c1cc2c(nc(cc2c2ccccc2)c2ccc(cc2)c2ccc(cc2)*)cc1,tg,372.0,348.49338707368014
*C(C*)C(=O)NC(C)(C)C,tg,135.0,121.01710191101603
*c1cc2c(C(=O)N(C2=O)c2ccc(cc2)Oc2ccc(cc2)N2C(=O)c3c(C2=O)cc(cc3)C(=O)Nc2ccc(cc2)Oc2ccc(cc2)c2ccc(cc2)Oc2ccc(cc2)NC(=O)*)cc1,tg,286.0,265.3907358094592
*Oc1ccc(cc1)C(c1ccc(cc1)OC(=O)OC1C(C(C1(C)C)OC(=O)*)(C)C)(CC)C,tg,124.0,99.12576065174878
*Oc1c(c(ccc1)Oc1ccc(cc1)c1ccc(cc1)*)C#N,tg,210.0,164.6966925551265
*O[Zn]OC(=O)c1c(cccc1)C(=O)OCCCCCOC(=O)Nc1c(ccc(c1)NC(=O)OCCCCCOC(=O)c1c(cccc1)C(=O)*)C,tg,4.2,39.75901464909688
*c1oc(cc1)COC(=O)NCc1oc(cc1)CNC(=O)OC*,tg,75.0,58.343551689126734
*C(C*)c1cc(ccc1)NC(=O)C,tg,163.0,123.61133590807755
*c1cc2c(C(=O)N(C2=O)c2c(cc(cc2)c2cc(c(cc2)N2C(=O)c3c(C2=O)cc(cc3)C(*)(C(F)(F)F)C(F)(F)F)OC(=O)C=Cc2ccccc2)OC(=O)C=Cc2ccccc2)cc1,tg,181.0,259.9132206490076
*N1C(=O)c2c(C1=O)cc(cc2)c1cc2c(C(=O)N(C2=O)c2ccc(cc2)N2C(=O)c3c(C2=O)cc(cc3)C(c2cc3c(C(=O)N(C3=O)c3ccc(cc3)*)cc2)(C(F)(F)F)C(F)(F)F)cc1,tg,342.0,294.40293900972677
*C(C*)c1c(ccc(c1)Br)OCCCC,tg,47.0,56.529429128792714
*OCC(C*)(CC)CC,tg,-30.0,-10.882352547737554
*c1cc2c(C(=O)N(C2=O)c2c(c(c(c(c2C)C)N2C(=O)c3c(C2=O)cc(cc3)C(*)(C(F)(F)F)C(F)(F)F)C)C)cc1,tg,418.75,352.186167350278
*N1C(=O)C(CC1=O)SCCOCCSC1C(=O)N(C(=O)C1)c1ccc(cc1)C(=O)Oc1cc2c(cc1)ccc(c2)OC(=O)c1ccc(cc1)*,tg,160.0,169.5471442017162
*C(C*)(C(=O)OCCCCCCN(c1ccc(cc1)N(C)C)C)C,tg,8.5,45.1475576709636
*C(C(C(C*)c1ncccc1)c1ccccc1)c1ncccc1,tg,150.0,88.47560055988971
*Oc1ccc(cc1)CC(NC(=O)CCc1ccc(cc1)OC(=O)CCCC(=O)*)C(=O)OCCCCCC,tg,43.0,41.60489295455125
*c1cc2c(C(=O)N(C2=O)c2ccc(cc2)Oc2ccc(cc2)N2C(=O)c3c(C2=O)cc(cc3)C(=O)Nc2ccc(cc2)Oc2ccc(cc2)c2ccc(cc2)Oc2ccc(cc2)NC(=O)*)cc1,tg,262.0,275.53717709136953
*Oc1c(cc(cc1Cl)C(c1cc(c(c(c1)Cl)OCC(C*)O)Cl)(C)C)Cl,tg,145.0,113.0677705668788
*c1cc2c(C(=O)N(C2=O)c2cc(c(cc2)Oc2c(cccc2)Oc2c(cc(cc2)N2C(=O)c3c(C2=O)cc(cc3)C(=O)*)C(F)(F)F)C(F)(F)F)cc1,tg,236.0,248.57994047127693
*Oc1cc(cc(c1)C(=O)Oc1ccc(cc1)N=Nc1ccc(cc1)C#N)Oc1ccc(cc1)C(c1ccc(cc1)*)(C)C,tg,163.0,167.95365975021366
*N(CCC*)C,tg,-88.0,-31.982072273751697
*Nc1ccc(cc1)Cc1ccc(cc1)NC(=O)NCCCCCCCCCNC(=O)*,tg,-50.0,52.09787884171758
*N1C(=O)c2c(C1=O)cc(cc2)Oc1c(cccc1)Oc1cc2c(C(=O)N(C2=O)c2cc(c(cc2)Oc2ccc(cc2)C(c2ccc(cc2)Oc2c(cc(cc2)*)C(F)(F)F)(C(F)(F)F)C(F)(F)F)C(F)(F)F)cc1,tg,191.0,220.5918913117085
*c1cc2c(C(=O)N(C2=O)c2cc(ccc2)P(=O)(c2cc(ccc2)N2C(=O)c3c(C2=O)cc(cc3)C(=O)Nc2nc(ccc2)NC(=O)*)c2ccccc2)cc1,tg,156.0,289.6226623903725
*O[Si](*)(CCCOCCOCCOCCOCCOC)CCCOCCOCCOCCOCCOC,tg,-69.8,-81.92111901897886
*c1nc2cc3c(cc2c(c1)c1ccccc1)nc(cc3c1ccccc1)c1ccc(cc1)Oc1ccc(cc1)*,tg,365.0,299.5298244632087
*C1C(=O)N(C(=O)C1CC*)CCCCNC(=O)C(C(C(C(C(C(C(F)(F)F)(F)F)(F)F)(F)F)(F)F)(F)F)(F)F,tg,100.0,100.71387400337319
*C1(C(=O)OC(=O)C1(C(C*)OCC)C)C,tg,244.0,166.31011228008592
*N1C(=O)C(=C(C1=O)Cl)Oc1ccc(cc1)C(c1ccc(cc1)OC1=C(C(=O)N(C1=O)c1ccc(cc1)Cc1ccc(cc1)*)Cl)(C)C,tg,172.0,212.03807217642452
*C(C*)C(=O)Oc1cc(ccc1)C,tg,24.5,37.99215829573594
*c1cc2c(cc1)oc(=O)c(c2)C(=O)Nc1ccc(cc1)C(c1ccc(cc1)NC(=O)c1c(=O)oc2c(cc(cc2)C*)c1)(C(F)(F)F)C(F)(F)F,tg,329.0,293.9818637086051
*N1C(=O)c2c(C1=O)c(ccc2)Oc1cc(ccc1)Oc1c2c(C(=O)N(C2=O)c2ccc(cc2)Oc2ccc(cc2)*)ccc1,tg,226.0,221.34851154656303
*SSSSCC*,tg,-24.0,-45.79613930328224
*N1C(=O)c2c(C1=O)cc(c(c2)c1ccc(cc1)[Si](C)(C)C)c1cc2c(C(=O)N(C2=O)c2ccc(cc2)Cc2ccc(cc2)*)cc1c1ccc(cc1)[Si](C)(C)C,tg,348.0,236.8282226969203
*C1OCC(OC1)CNC(=O)CCCCCCCCC(=O)NC*,tg,73.0,39.443895420651856
*N(CC*)C(=O)c1c(c(cc(c1)F)F)F,tg,110.0,120.08698165035707
*c1cc2c(C(=O)N(C2=O)c2cc(ccc2)C(C(C(C(C(c2cc(ccc2)N2C(=O)c3c(C2=O)cc(cc3)C(C(C(*)(F)F)(F)F)(F)F)(F)F)(F)F)(F)F)(F)F)(F)F)cc1,tg,104.5,160.3316578228284
*S(=O)c1ccc(cc1)Sc1ccc(cc1)Sc1ccc(cc1)Sc1ccc(cc1)*,tg,133.0,126.55980806838316
*Oc1cc(ccc1)OC1(C(C(C1(F)F)(F)F)(*)F)F,tg,32.0,118.94500996970476
*c1cc2c(C(=O)N(C2=O)c2c(c(ccc2)N2C(=O)c3c(C2=O)cc(cc3)C(*)(C(F)(F)F)C(F)(F)F)C)cc1,tg,353.5,322.30183533351646
*Oc1ccc(cc1)C(c1ccc(cc1)Oc1ccc(cc1)C(=O)c1ccc(cc1)*)(C(F)(F)F)C(F)(F)F,tg,170.5,155.37054568340488
*C1=CC(=C(C#N)C#N)C=C(O1)C=Cc1sc(c(c1CCCCCC)CCCCCC)c1sc(cc1)c1sc(c(c1CCCCCC)CCCCCC)C=C*,tg,114.0,71.98991988877275
*OC(C*)COC(C)(C)C,tg,-24.0,-23.701059033384112
*c1cc2c(cc1OC(=O)COc1ccc3c(c1)oc(=O)cc3)oc(=O)c(c2)C(=O)Nc1cc(ccc1)NC(=O)c1c(=O)oc2c(cc(c(c2)OC(=O)COc2ccc3c(c2)oc(=O)cc3)C*)c1,tg,240.0,261.49854423789844
*c1c(cc(cc1)C=C*)c1c(cc(c(c1)OCCC(C)C)OCCC(C)C)c1ccccc1,tg,164.0,127.83014839321655
*N1C(=O)c2c(C1=O)cc(cc2)Oc1ccc(cc1)Oc1cc2c(C(=O)N(C2=O)c2c(cc(cc2)c2cc(c(cc2)*)OC)OC)cc1,tg,274.0,260.661966872488
*N(CC(C*)O)c1cc(cc(c1)C)C,tg,80.0,84.0462406121969
*C(C*)C(=O)OC12CC3(CC(CC(C1)C3)(C2)C)C,tg,103.43,158.58705746896237
*N1C(=O)c2c(C1=O)cc(cc2)Oc1c2c(ccc1)c(ccc2)Oc1cc2c(C(=O)N(C2=O)c2ccc(cc2)C(c2ccc(cc2)*)(C)C)cc1,tg,265.0,260.8991074805743
*OC(=O)COCC*,tg,-13.81,-24.061671773754004
*[Si](CCC*)(c1ccc(cc1)N(C)C)C,tg,6.5,11.976567290516398
*c1cc2c(C(=O)N(C2=O)c2ccc(cc2)Oc2cc3c(cc2)ccc(c3)Oc2ccc(cc2)N2C(=O)c3c(C2=O)cc(cc3)C(=O)Nc2cc(ccc2)NC(=O)*)cc1,tg,286.0,269.2520258896968
*Oc1ccc(cc1)Sc1ccc(cc1)Sc1ccc(cc1)Sc1ccc(cc1)*,tg,84.0,153.84486475374229
*N1C(=O)c2c(C1=O)cc(cc2)C(=O)Oc1c(cc(cc1)OC(=O)CCCCCC*)C,tg,57.21,81.76353955962936
*c1oc(nn1)c1ccc(cc1)Oc1cc(ccc1)NC(=O)c1cc(cc(c1)NC(=O)c1ccc(cc1)OC(=O)C)C(=O)Nc1cc(ccc1)Oc1ccc(cc1)*,tg,270.0,262.63402511506325
*C1C2C(C(C(C1*)C2)C(=O)OCC1C2CCC(C1)C2)C(=O)OCC1C2CCC(C1)C2,tg,320.0,273.6299438342119
*OC(=O)c1ccc(cc1)C(=O)OCC(C(C*)CC)CC,tg,26.0,39.829357216630825
*C(C*)(C(=O)OCc1cscc1)C,tg,83.5,50.13871976253454
*C(C*)C(=O)OCCC(C(C(C(C(C(C(C(F)(F)F)(F)F)(F)F)(F)F)(F)F)(F)F)(F)F)(F)F,tg,52.0,-20.46279955270815
*Oc1ccc(cc1)CC(NC(=O)CCc1ccc(cc1)OC(=O)COCC(=O)*)C(=O)OCCCC,tg,64.0,62.98337197182312
*O[Si](c1ccc(cc1)[Si](*)(C)C)(C)C,tg,-29.33,-32.39519322446677
*NC1CCC(CC1)CC1CCC(CC1)NC(=O)CCCCCCCCCCC(=O)*,tg,139.67,121.70423863035275
*Oc1ccc(cc1)Oc1ccc(cc1)Oc1cc(ccc1)C(=O)Oc1ccc(cc1)c1ccc(cc1)OC(=O)c1cc(ccc1)*,tg,119.0,132.88545984137176
*OC(=O)C(C*)C,tg,-26.33,11.827007730895623
*OC(=O)c1c(cc(cc1)C(=O)OCCN(CC*)c1ccc(cc1)N=Nc1[nH]c(c(n1)C#N)C#N)OCCCCC,tg,131.0,76.86745372041038
*Oc1ccc(cc1)[Si](c1ccc(cc1)OC(=O)c1cc2Cc3c(c2cc1)ccc(c3)C(=O)*)(c1ccccc1)c1ccccc1,tg,72.1,131.49788548338506
*C(C*)c1ccc(cc1)O,tg,161.43,152.53438880610892
*C1C(=O)OC(=O)C1C1C2CC(C(C1*)C2)C(=O)OC1CCCCC1,tg,195.0,217.4270308491354
*Oc1ccc(cc1)S(=O)(=O)c1ccc(cc1)Oc1ccc(cc1)C1(CCCCCC1)c1ccc(cc1)Oc1ccc(cc1)S(=O)(=O)c1ccc(cc1)Oc1ccc(cc1)C=C1C(=O)C(=Cc2ccc(cc2)*)CCCC1,tg,196.0,170.41799605063673
*C(C*)C(=O)NC(C)C,tg,132.69,69.47656108921082
*Oc1c(cc(cc1c1ccccc1)Cc1cc(c(c(c1)c1ccccc1)OC(=O)CCCCCCCCC(=O)*)c1ccccc1)c1ccccc1,tg,92.0,88.51094937593848
*c1c(cc(c(c1)OC)C=C*)OCC1C2C3C(CCC3)C(C1)C2,tg,174.0,186.75185161743153
*c1cc2c(C(=O)N(C2=O)c2cc(c(cc2)Oc2ccc(cc2)C(c2ccc(cc2)Oc2c(cc(cc2)N2C(=O)c3c(C2=O)cc(cc3)C(=O)*)C(F)(F)F)(C(F)(F)F)C(F)(F)F)C(F)(F)F)cc1,tg,220.0,256.98412024955184
*Oc1ccc(cc1)C(c1ccc(cc1)OC(=O)*)(CCC#N)C,tg,150.0,131.09699224363615
*C(C*)(C(=O)OCCn1c2ccccc2c2ccccc12)C,tg,145.33,122.7663481124552
*Oc1ccc(cc1)C(c1ccc(cc1)OC(=O)NC(=O)c1cc(cc(c1)C(C)(C)C)C(=O)NC(=O)*)(C)C,tg,123.5,157.41015443727008
*OC(COC(=O)c1cc(cc(c1)OCCCCC)C(=O)OCC(*)(F)F)(F)F,tg,14.0,14.030433337579261
*Oc1ccc(cc1)C(c1ccc(cc1)Oc1ccc(cc1)C(=O)c1c2c(ccc1C)c(c(cc2)C)C(=O)c1ccc(cc1)*)(C)C,tg,222.0,186.99573153321492
*N1C(=O)c2c(C1=O)cc(cc2)C(=O)c1cc2c(C(=O)N(C2=O)CC(=O)Nc2ccc(cc2)NC(=O)C*)cc1,tg,250.0,229.94485599350526
*Oc1ccc(cc1)NC(=O)c1ccc(cc1)Oc1ccc(cc1)C(c1ccc(cc1)C(c1ccc(cc1)Oc1ccc(cc1)C(=O)Nc1ccc(cc1)Oc1ccc(cc1)C(c1ccc(cc1)*)(C)C)(C)C)(C)C,tg,163.0,169.5643112390536
*N1C(=O)c2c(C1=O)cc(cc2)Oc1cc2c(C(=O)N(C2=O)c2c(cc(cc2)c2cc(c(cc2)*)OCCCCCCOc2ccc(cc2)/C=C/c2ccc(cc2)F)OCCCCCCOc2ccc(cc2)/C=C/c2ccc(cc2)F)cc1,tg,124.0,138.20918419259115
*NNC(=O)C=CC(=O)Nc1cc(ccc1)C=C1C(=O)C(=Cc2cc(ccc2)NC(=O)C=CC(=O)*)CC1,tg,104.6,214.78833186849633
*N1C(=O)c2c(C1=O)cc(cc2)Oc1c2c(ccc1)c(ccc2)Oc1cc2c(C(=O)N(C2=O)c2c(cc(cc2C)Cc2cc(c(c(c2)C)*)C)C)cc1,tg,281.0,284.25765301716126
*O[Si](COC(=O)CCCCCCCCC(=O)Oc1ccc(cc1)S(=O)(=O)c1ccc(cc1)Oc1ccc(cc1)C=C1C(=O)C(=Cc2ccc(cc2)Oc2ccc(cc2)S(=O)(=O)c2ccc(cc2)OC(=O)CCCCCCCCC(=O)OC[Si](*)(C)C)CC1)(C)C,tg,73.0,77.7307366027924
*N(CCC*)C(=O)c1ccccc1,tg,72.0,69.2136464311612
*Oc1ccc(cc1)C(c1ccc(cc1)OC(=O)CCCCCCCCC(=O)*)(C)C,tg,14.25,48.358188218524774
*Nc1c2C(=O)c3c(C(=O)c2ccc1)c(ccc3)N[Se]*,tg,52.0,210.09546897710058
*N1C(=O)c2c(C1=O)cc(cc2)Oc1c(cccc1)Oc1cc2c(C(=O)N(C2=O)c2ccc(cc2)Oc2cc3c(cc2Oc2ccc(cc2)*)cccc3)cc1,tg,216.0,210.39438890337783
*S(=O)(=O)NCCCCCCNC(=O)C(*)(F)F,tg,51.0,75.49759292836694
*c1cc2c(C(=O)N(C2=O)c2cc(ccc2)C(=O)c2ccc(cc2)C(=O)c2cc(ccc2)N2C(=O)c3c(C2=O)cc(cc3)C(=O)*)cc1,tg,240.0,278.91889860225825
*OC(=O)C(C(=O)OCCOCC*)CCCCC,tg,-47.0,-41.906882066258376
*NC(=O)CCCCCCCCCCCCCCC(=O)NCCCCCCCC*,tg,52.0,49.05720925565527
*C(C*)(C(=O)OCCS(=O)(=O)c1ccc(cc1)N=Nc1ccc(cc1)N(CC)CC)C,tg,142.0,156.77837824925146
*c1ccc(cc1)*,tg,291.5,124.20602298955332
*S(=O)(=O)c1ccc(cc1)Nc1ccc(cc1)C(c1ccc(cc1)Nc1ccc(cc1)*)(C(F)(F)F)C(F)(F)F,tg,145.0,241.8646050154497
*N1C(=O)c2c(C1=O)cc(cc2)Oc1c(cc(cc1C)Cc1cc(c(c(c1)C)Oc1cc2c(C(=O)N(C2=O)c2c(cc(cc2C)c2cc(c(c(c2)C)*)C)C)cc1)C)C,tg,420.0,283.09698444994984
*Oc1c(cc(cc1OC)/C=C/c1ccc(cc1)/C=C/c1cc(c(c(c1)OC)OCCCCCCCCCCCC*)OC)OC,tg,61.1,79.43117888168321
*Oc1ccc(cc1)S(=O)(=O)c1c2c(ccc1)c(ccc2)S(=O)(=O)c1ccc(cc1)Oc1c(cc(cc1C)c1cc(c(c(c1)C)*)C)C,tg,262.0,274.8394425603809
*c1cc2c(C(=O)N(C2=O)c2cc(ccc2)C(=O)c2ccc(cc2)Cc2cc(ccc2)N2C(=O)c3c(C2=O)cc(cc3)C(=O)*)cc1,tg,265.5,255.06722737741012
*c1cc2c(C(=O)N(C2=O)c2cc(c(cc2)c2c(cc(cc2)N2C(=O)c3c(C2=O)cc(cc3)C(=O)Oc2cc(c(cc2)c2c(cc(cc2)OC(=O)*)C)C)C)C)cc1,tg,177.0,217.99506312104637
*c1cc2c(oc(n2)c2ccc(cc2)C(c2ccc(cc2)c2oc3c(n2)cc(cc3)C(*)(c2ccccc2)C(F)(F)F)(c2ccccc2)C(F)(F)F)cc1,tg,330.0,294.1589162341083
*OC(=O)NNC(=O)CCCCCCCCC(=O)NNC(=O)OCC*,tg,63.0,43.28896756763028
*c1cc2c(C(=O)N(C2=O)c2ccc(cc2)Oc2ccc(cc2)N2C(=O)c3c(C2=O)cc(cc3)C(=O)NCCN(CCNC(=O)*)c2ccc(cc2)C=Cc2ccc(cc2)[N+](=O)[O-])cc1,tg,224.0,215.98420771684383
*Oc1c(cc(cc1)C(c1cc(c(cc1)OC(=O)*)C)(CCC#N)C)C,tg,117.0,117.08141902255826
*C1C(=O)N(C(=O)C1*)c1c(cccc1)C(=O)OCCCC,tg,181.0,150.18391506125704
*OC(=O)c1ccc(cc1)C(=O)OCC#CC#CC*,tg,143.0,79.03133062090525
*C(C*)(C(=O)OCCCCOc1cc2c(cc1)cc(cc2)C(=O)Oc1ccccc1)C,tg,88.0,73.13443941186449
*N1C(=O)C2C3C4C(C(C2C1=O)C=C3)C(=O)N(C4=O)CCC*,tg,210.0,198.1945645914905
*[Si](CCC*)(c1cc(ccc1)C)C,tg,-25.0,12.903252469330798
*OC(=O)c1cc(ccc1)C(=O)OCC(C(C(C*)(F)F)(F)F)(F)F,tg,23.5,32.99795173443241
*C=CCCCCCCC(CCCCCC*)Cl,tg,-57.0,-31.226890829842855
*O[Si](O[Si](C#Cc1ccc(cc1)C#C[Si](*)(C)C)(C)C)(C)C,tg,104.0,105.02247636678112
*NC(=O)CCCCC(=O)NCC1CCC(CC1)C*,tg,113.0,107.0478926074403
*Nc1ccc(cc1)c1ccc(cc1)NC(=O)c1ccc(cc1)C(=O)*,tg,340.0,296.1366040022637
*Oc1ccc(cc1)Oc1ccc(cc1)C=NCCCCCCCCCCN=Cc1ccc(cc1)*,tg,108.0,106.37856170482885
*C1OC(C(C(C1O)O)O*)COCO,tg,208.0,83.08828545114203
*N1C(=O)c2c(C1=O)cc(cc2)c1cc2c(C(=O)N(C2=O)c2cc(ccc2)Oc2cc(ccc2)Oc2cc(ccc2)*)cc1,tg,208.0,208.1905779435852
*Oc1ccc(cc1)OC(=O)c1c(cc(cc1)C(=O)*)Sc1ccccc1,tg,181.0,148.9459946066875
*C(C(C(C*)OC)C(=O)O)C(=O)O,tg,134.67,81.52767699563054
*c1c([nH]c(n1)c1cc(ccc1)c1[nH]c(c(n1)c1ccc(cc1)Oc1ccc(cc1)C(=O)c1ccc(cc1)C(=O)c1ccc(cc1)Oc1ccc(cc1)*)c1ccccc1)c1ccccc1,tg,270.0,270.66232286273305
*N1C(=O)C2CCC3C(C2C1=O)C(=O)N(C3=O)c1ccc(cc1)Cc1ccc(cc1)*,tg,341.0,326.72940529282556
*Oc1ccc(cc1)c1ccc(cc1)Oc1c(cc(cc1)C(=O)c1cc(c(cc1)*)S(=O)(=O)O)S(=O)(=O)O,tg,225.0,244.5765484820726
*Oc1ccc(cc1)C1(c2c(CC1)cccc2)c1ccc(cc1)OC(=O)c1ccc(cc1)C(=O)*,tg,312.0,284.9940339132193
*c1cc2c(C(=O)N(C2=O)c2c(cc(c(c2C)N2C(=O)c3c(C2=O)cc(c(c3)Cl)C(=O)*)C)C)cc1Cl,tg,371.0,362.22869655537744
*C(C*)(C(=O)OCCCCCOc1ccc(cc1)c1ccc(cc1)C#N)C,tg,60.0,60.96849575363728
*C(C*)OC(=O)C,tg,34.27,66.92000342009108
*N1C(=O)c2c(C1=O)c(ccc2)c1cc2c(C(=O)N(C2=O)c2cc(ccc2)OCCCCCCCCOc2cc(ccc2)*)cc1,tg,142.0,163.2820812650867
*C(=C(*)C)c1ccccc1,tg,200.0,177.2729365783908
*C(C*)c1c(c(c(c(c1F)F)OCC(C(F)(F)F)(F)F)F)F,tg,53.0,43.54666557967142
*c1cc2C3(CCC(CC3)C(C)(C)C)c3c(c2cc1)ccc(c3)c1cc2C(c3c(c2cc1)ccc(c3)*)(CCCCCCCC)CCCCCCCC,tg,166.0,119.4528375208929
*Oc1cc(ccc1)NC(=O)c1ccc(cc1)C(=O)Nc1ccc(cc1)*,tg,280.0,204.59244663909658
*OC(C(=O)N(S(=O)(=O)C(C(*)(F)F)(F)F)[Li])(C(F)(F)F)F,tg,67.0,46.488134608583486
*C(C*)(C(=O)OC(C(C(C(C(C(C(C(F)(F)F)(F)F)(F)F)(F)F)(F)F)(F)F)(F)F)(F)F)C,tg,49.0,42.84903123502277
*C(C*)(CC(=O)OCC)C(=O)O,tg,135.0,86.25343084003045
*N1C(=O)c2c(C1=O)cc(cc2)C(=O)c1cc2c(C(=O)N(C2=O)CCC[Si](O[Si](CCC*)(C)C)(C)C)cc1,tg,68.0,83.32234434925608
*c1cc2c(C(=O)N(C2=O)c2ccc(cc2)OC(COc2ccc(cc2)N2C(=O)c3c(C2=O)cc(cc3)C(*)(C(F)(F)F)C(F)(F)F)CCC)cc1,tg,204.0,224.10096077063727
*C(C*)C(=O)OCCCCCCCCCCCn1c2ccccc2c2ccccc12,tg,15.0,13.776703675591532
*N1C(=O)C2CC3C(C2C1=O)CC(=O)N(C3=O)c1ccc(cc1)Oc1ccc(cc1)*,tg,350.0,274.97120121177636
*c1sc(c(c1c1ccccc1)c1ccccc1)c1ccc(cc1)CC(=O)Nc1ccc(cc1)NC(=O)Cc1ccc(cc1)*,tg,251.0,238.16692046284427
*c1ccc2c3n(c4ccc(cc4n3)Oc3cc4n5c(nc4cc3)c3cccc4c(ccc(c5=O)c34)Oc3ccc(cc3)Sc3ccc(cc3)O*)c(=O)c3cccc1c23,tg,346.0,348.4083504827603
*C(C*)(C(=O)OCC(C(F)(F)F)(F)F)C,tg,77.0,57.939700779031774
*N1C(=O)N(C(=O)C1=O)c1ccc(cc1)Oc1ccc(cc1)N1C(=O)N(C(=O)C1=O)CCCCCC*,tg,172.0,124.3490168093642
*Oc1ccc(cc1)CC(NC(=O)CCc1ccc(cc1)OC(=O)CCCC(=O)*)C(=O)OCC(C)C,tg,62.0,54.55324254632518
*C1(NCC(NC1)(C(=O)OCC(CSCC(COC(=O)*)(C)C)(C)C)C)C,tg,40.0,103.59719836620752
*Nc1c(cc(cc1)c1cc(c(cc1)NC(=O)c1cc(ccc1)C(=O)*)OC)OC,tg,218.2,257.8247850328504
*N1C(=O)c2c(C1=O)c(ccc2)Oc1ccc(cc1)Oc1c2c(C(=O)N(C2=O)c2ccc(cc2)Oc2ccc(cc2)*)ccc1,tg,263.0,246.25959378731557
*OCCCCOc1ncnc(n1)*,tg,-11.0,39.8392739463768
*c1cc2c(C(=O)N(C2=O)c2ccc(cc2)S(=O)(=O)c2ccc(cc2)N2C(=O)c3c(C2=O)cc(cc3)C(=O)Oc2c(cc(cc2)OC(=O)*)C(C)(C)C)cc1,tg,179.0,224.05182282859448
*C1C(CC(C1)C=C*)C(=O)Oc1ccccc1,tg,72.6,87.63214439383579
*C1(C(=O)N(C(=O)C(C1)(*)C)C)C,tg,170.0,199.77279750925888
*NC(=O)c1ccc(cc1)C(=O)NCCC*,tg,180.0,131.5525483606018
*c1nc(ccc1)c1cc(c(cc1)Oc1ccc(cc1)C1(c2ccccc2c2ccccc12)c1ccc(cc1)Oc1c(cc(cc1)*)C(F)(F)F)C(F)(F)F,tg,182.5,199.44124117314513
*NC(=O)CCCCCCCCC(=O)NCc1ccc(cc1)C*,tg,115.0,87.36550927150577
*C1CC(CC1)C=C*,tg,39.97,70.17945313787348
*N1C(=O)C(=C(C1=O)c1ccccc1)c1ccc(cc1)C1=C(C(=O)N(C1=O)c1ccc(cc1)Oc1ccc(cc1)*)c1ccccc1,tg,275.0,288.30192097621136
*N(CC(C*)O)c1cc(c(c(c1)C)N=Nc1c(cc(cc1)[N+](=O)[O-])C)C,tg,149.0,143.19344979452083
*Nc1c(cc(cc1)NC(=O)c1ccc(cc1)NC(=O)CCCCCCCCC(=O)Nc1ccc(cc1)C(=O)*)C(=O)OCCCCCCCCCCCC,tg,228.5,215.82583757081488
*Oc1c(cc(cc1OC)*)OC,tg,171.45,94.63638254896058
*c1oc(nn1)c1ccc(cc1)C(=O)OCCCCCCCCOc1ccc(cc1)C=C1C(=O)C(=Cc2ccc(cc2)OCCCCCCCCOC(=O)c2ccc(cc2)*)CCC1,tg,59.0,83.66672010428299
*OC(C*)COc1ccc(cc1)c1ccc(cc1)C#N,tg,94.15,98.26587474452047
*C(C*)(C(=O)OCCCC1CCCCC1)C,tg,41.33,54.77147140978591
*C(C*)(C(=O)OCC(=O)N1CCOCC1)C,tg,128.0,103.22614722530821
*c1ccc2N(c3c(Sc2c1)cc(cc3)C=Cc1ccc(cc1)C=C*)c1ccc(cc1)OCCCCCCCCCCCC,tg,167.0,137.20720608436045
*OP(=O)(Oc1c(cc(cc1C)S(=O)(=O)c1cc(c(c(c1)C)*)C)C)Oc1ccc(cc1)Br,tg,162.0,144.55322248726048
*C(C*)c1ccc(cc1)C(=O)N(CC)CC,tg,102.0,112.67996645881581
*C(C*)(C(=O)OCCC(C(C(C(F)(F)F)(F)F)(F)F)(F)F)C,tg,23.0,33.83294367709536
*S(=O)(=O)c1cc(ccc1)NC(=O)c1c(cc(cc1)c1cc(c(cc1)C(=O)Nc1cc(ccc1)*)C)C,tg,260.0,209.87876059658726
*C(C*)(C(=O)OCCC(C(C(C(C(C(F)(F)F)(F)F)(F)F)(F)F)(F)F)(F)F)F,tg,53.0,55.230318656461655
*OC(=O)CCCCC(=O)OCC(CC(CC*)(C)C)C,tg,-70.0,-48.036747228211404
*N(c1ccc(cc1)C(=O)*)C,tg,197.0,129.24517078963996
*OP(=O)(N=Nc1ccc(cc1)C(=O)c1ccc(cc1)N=NP(=O)(OCc1ccc(cc1)C*)OC)OC,tg,48.0,96.57593209822427
*OC(=O)CCC(=O)OCC(=O)NCCCCCCNC(=O)C*,tg,30.0,7.126646170822296
*NC(=O)c1ccc(cc1)C(=O)NCCCC(CCC*)(C)C,tg,152.0,124.00743532832098
*Oc1ccc(cc1)Oc1ccc(cc1)OCCCCCCOC(=O)OCCCCCCOC(=O)OCCCCCC*,tg,-13.0,-13.811561324512992
*C(C*)CCCCC,tg,-45.5,-28.013157887845733
*C(C*)(CC(=O)OCCOC)C(=O)OCCOC,tg,29.0,10.976374028971566
*Oc1c(cc(cc1)C1(c2ccccc2c2ccccc12)c1cc(c(cc1)Oc1ccc(cc1)C(=O)c1cc(ccc1)C(=O)c1ccc(cc1)*)C)C,tg,217.0,231.96333482789674
*OC(=O)Nc1ccc(cc1)Cc1ccc(cc1)NC(=O)OCCCCCCCCCCCC*,tg,43.0,64.22954541906954
*c1cc2c(C(=O)N(C2=O)c2cc(cc(c2)C(C)(C)C)N2C(=O)c3c(C2=O)cc(c(c3)Cl)C(=O)*)cc1Cl,tg,290.0,344.26009081603934
*OC(=O)c1cc(ccc1)C(=O)OCCCS(=O)(=O)CCCS(=O)(=O)CCC*,tg,67.0,19.30972723659273
*N=P(*)(C)C,tg,-46.0,-70.37905208448579
*Oc1ccc(cc1)N1ON1c1ccc(cc1)OCCCCCCOC(=O)C(C(=O)OCCCCCC*)CCCCCCP(=O)(O)O,tg,15.0,13.330075204920144
*Nc1cc(ccc1)NC(=O)c1cc(ccc1)C(=O)Nc1cc(ccc1)NC(=S)NC(=O)c1cc(ccc1)C(=O)NC(=S)*,tg,244.0,254.55703521185595
*N1C(=O)c2c(C1=O)cc(cc2)c1c2c(C(=O)N(C2=O)c2cc(ccc2)OCCCc2cc(ccc2)*)ccc1,tg,178.0,210.10084123925805
*Oc1ccc(cc1)N=CC=Nc1ccc(cc1)OC(=O)Nc1ccc(cc1)Cc1ccc(cc1)NC(=O)*,tg,133.0,158.84298408289774
*c1ncc(s1)N*,tg,62.0,188.36375230455178
*Oc1ccc(cc1)S(=O)(=O)c1ccc(cc1)OCC(C*)O,tg,161.25,102.99408647913093
*C(C*)c1c(cc(cc1)C)C,tg,98.83,92.76078466900162
*C1(c2c(C(=O)O1)cccc2)c1ccc(cc1)Oc1ccc(cc1)Oc1c2c(c(cc1)c1c3c(c(cc1)Oc1ccc(cc1)Oc1ccc(cc1)*)cccc3)cccc2,tg,198.0,213.60608190584998
*Oc1cc(ccc1)NC(=O)CCCCCCCCC(=O)Nc1ccc(cc1)*,tg,125.0,127.38181688686933
*C(C*)C(=O)Nc1cc(ccc1)Cl,tg,70.0,89.74017372864613
*C(C*)(C(=O)OCc1ccc(cc1)Cl)C,tg,43.6,58.70532017026393
*N1C(=O)c2c(C1=O)c(ccc2)Oc1c(cc(cc1C)Cc1cc(c(c(c1)C)Oc1c2c(C(=O)N(C2=O)c2c(cc(cc2C)Cc2cc(c(c(c2)C)*)C)C)ccc1)C)C,tg,243.0,283.21334398146706
*c1[nH]c(nc1c1ccc(cc1)NC1C(=O)N(C(=O)C1)c1ccc(cc1)Cc1ccc(cc1)N1C(=O)C(CC1=O)Nc1ccc(cc1)*)c1ccc(cc1)N=Nc1ccc(cc1)[N+](=O)[O-],tg,258.0,247.72226205703572
*C(=CCCC*)c1ccccc1,tg,0.0,1.4649257386418528
*OC(C*)CC,tg,-72.01,-54.852111126405795
*OCOCCCC*,tg,-83.2,-68.58273787182728
*C1(CCCCC1)C*,tg,100.0,86.83360489030035
*Oc1c(cc(cc1C)C1(CC2C(CC1)CCCC2)c1cc(c(c(c1)C)OC(=O)c1cc(ccc1)C(=O)*)C)C,tg,261.0,263.90836770516853
*Oc1cc(ccc1)C(=O)NCC*,tg,106.0,97.9525508605221
*c1cc2c(C(=O)N(C2=O)c2cc(ccc2)N2C(=O)c3c(C2=O)cc(cc3)C(=O)Nc2ccc(cc2)Oc2ccc(cc2)c2ccc(cc2)Oc2ccc(cc2)NC(=O)*)cc1,tg,292.0,277.393377153289
*NC(=O)c1ccc(cc1)C(=O)NCc1c(cc(c(c1)C)C*)C,tg,225.0,177.06917931006888
*C(C*)c1ccc(cc1)I,tg,155.0,127.65995750799318
*Oc1ccc(cc1)C(c1ccc(cc1)OC(=O)OC1C(C(C1(C)C)OC(=O)*)(C)C)(c1ccccc1)c1ccccc1,tg,161.0,176.8556832130703
*c1cc2c(C(=O)N(C2=O)C2CCC(CC2)N2C(=O)c3c(C2=O)cc(cc3)C(=O)Oc2ccc(cc2)OC(=O)*)cc1,tg,360.0,199.37801089146998
*C(C*)C(=O)OCCCCCCOc1ccc(cc1)N=Nc1ccc(cc1)[N+](=O)[O-],tg,35.8,59.02740965440236
*Oc1ccc(cc1)OC(=O)c1c(cc(c(c1)OCCCCCCCCCOCC1N(CCC1)c1ccc(cc1)[N+](=O)[O-])C(=O)*)OCCCCCCCCCOCC1N(CCC1)c1ccc(cc1)[N+](=O)[O-],tg,34.0,42.95128461660548
*O[Si](c1cc2c(cc1)cc(cc2)[Si](*)(C)C)(C)C,tg,29.0,51.008407122446684
*c1c(nnc(n1)c1nc(ccc1)c1nc(c(nn1)c1ccccc1)c1ccc(cc1)Cc1ccc(cc1)*)c1ccccc1,tg,205.0,244.00348298155757
*Oc1ccc(cc1)C(c1ccc(cc1)OC(=S)*)CCC,tg,129.0,115.43777274832416
*c1nc2c(c(c1c1ccccc1)c1ccccc1)cc(cc2)Oc1cc2c(nc(c(c2c2ccccc2)c2ccccc2)c2ccc(cc2)Oc2ccc(cc2)*)cc1,tg,305.0,307.51636151555965
*OC(=O)c1ccc(cc1)C(=O)OCCC*,tg,53.44,58.78267812161741
*NC(=O)CCCCCCCCCCCCCCCCCCC(=O)NCCCCC*,tg,52.0,48.96039722997543
*c1cc2c(C(=O)N(C2=O)c2ccc(cc2)N2C(=O)c3c(C2=O)cc(cc3)C(*)(C(F)(F)F)C(F)(F)F)cc1,tg,348.86,336.28009168058725
*c1cc2c(C(=O)N(C2=O)C2C(=O)N(C(=O)C2)c2ccc(cc2)S(=O)(=O)c2ccc(cc2)NC(=O)*)cc1,tg,145.0,217.09037540577
*C(C*)OC(=O)c1ccc(cc1)CC,tg,54.72,77.19979058621846
*C(C*)C(=O)OCC(O)C,tg,-7.0,34.08121279985995
*Oc1ccc(cc1)C(c1ccc(cc1)OC(=S)*)(c1ccccc1)C,tg,181.0,144.83225549182637
*C(C*)(C(=O)Oc1c(c(c(c(c1Cl)Cl)Cl)Cl)Cl)C,tg,110.0,156.06216762931905
*C(C*)C1CCC(CC1)C(C)(C)C,tg,131.0,135.45438928839081
*OC(C*)CBr,tg,-14.0,-39.53688800011629
*c1n(c(nn1)c1ccc(cc1)Oc1ccc(cc1)C(c1ccc(cc1)Oc1ccc(cc1)*)(C(F)(F)F)C(F)(F)F)c1ccc(cc1)S(=O)(=O)c1ccccc1,tg,211.0,218.38898624514118
*Oc1ccc(cc1)CC(NC(=O)CCc1ccc(cc1)OC(=O)COCC(=O)*)C(=O)OCC,tg,79.0,70.18435829305417
*OC(OC(=O)c1cc(ccc1)C(=O)OC(OCC1CCC(CC1)C*)C)C,tg,30.0,43.77380269605638
*C(=CCC*)CCCCCCC,tg,-83.0,-7.191622005609366
*C(C*)OC(=O)c1ccccc1,tg,70.29,74.49292653426613
*C1C(CC(C1)C=C*)[Si](C[Si](C)(C)C)(C)C,tg,24.0,85.43200172763069
*Oc1c(cc(cc1C)c1cc(c(c(c1)C)Oc1ccc(cc1)C(=O)c1cc2c(cc1)cc(cc2)C(=O)c1ccc(cc1)*)C)C,tg,270.0,224.9432272186993
*c1oc2c(n1)ccc(c2)c1ccc2c(oc(n2)c2ccc(cc2)C(c2ccc(cc2)*)(C(F)(F)F)C(F)(F)F)c1,tg,345.0,289.5157962002172
*Oc1ccc(cc1)C(=O)CNc1ccc(cc1)S(=O)(=O)c1ccc(cc1)NCC(=O)c1ccc(cc1)*,tg,247.0,198.51027923754626
*Oc1ccc(cc1)C1(c2ccccc2c2ccccc12)c1ccc(cc1)Oc1ccc(cc1)C=NN=Cc1ccc(cc1)*,tg,227.0,217.34128143782377
*C(C*)(C(=O)Oc1ccc(cc1)C(=O)C=Cc1cc(c(cc1)OC)OC)C,tg,137.0,97.87353218771825
*Oc1cc2c(C(CC2(c2ccc(cc2)OC(=O)*)C)(C)C)cc1,tg,201.7,165.24465972015824
*Oc1c(cc(cc1C)S(=O)(=O)c1cc(c(c(c1)C)OCC(C*)O)C)C,tg,152.5,128.9909674207311
*C(C*)C(=O)c1ccc(cc1)CCC,tg,44.0,90.16582416497465
*C(C*)(C(=O)OCCCCCCCCCCCCCCCC[n+]1ccc(cc1)N(C)C)C,tg,60.0,55.30116380830879
*Oc1cc(ccc1)Oc1ccc(cc1)S(=O)(=O)c1ccc(cc1)Oc1ccc(cc1)C(=O)c1ccc(cc1)*,tg,167.0,165.8806464376581
*Oc1ccc(cc1)OC(=O)c1cc(ccc1)Oc1cc(ccc1)C(=O)*,tg,119.0,123.28913626544508
*Oc1ccc(cc1)C(c1ccc(cc1)OC(=O)Nc1cc(ccc1)P(=O)(c1cc(ccc1)NC(=O)*)c1ccccc1)(C)C,tg,62.0,152.4253177276715
*c1c2c(c(nn1)c1ccc(cc1)Oc1ccc(cc1)C1(c3ccccc3c3ccccc13)c1ccc(cc1)Oc1ccc(cc1)*)c(c(c(c2c1ccc(cc1)F)c1ccc(cc1)F)c1ccc(cc1)F)c1ccc(cc1)F,tg,311.33,342.82741999235037
*Oc1c(cc(cc1)OC(=O)c1ccc(cc1)C(=O)*)C(F)(F)F,tg,158.13,121.06285029018437
*N1C(=O)c2c(C1=O)cc(cc2)Oc1ccc(cc1)C1(c2ccccc2c2ccccc12)c1ccc(cc1)Oc1cc2c(C(=O)N(C2=O)c2ccc(cc2)N(c2ccc(cc2)*)c2ccc(cc2)C#N)cc1,tg,279.0,266.33733029172373
*c1cc2c(nc(c(n2)c2ccc(cc2)c2c(nc3c(n2)cc(cc3)C(=O)*)c2ccccc2)c2ccccc2)cc1,tg,323.79,295.4257297166127
*c1oc(nn1)c1ccc(cc1)c1oc(nn1)CN1C(=O)c2c(C1=O)cc(cc2)C(c1cc2c(C(=O)N(C2=O)C*)cc1)(C(F)(F)F)C(F)(F)F,tg,214.0,259.46116817958324
*Nc1ccc(cc1)C(=O)c1ccc(cc1)NC(=O)c1cc(ccc1)C(=O)*,tg,253.2,285.4020402802536
*N1C(=O)N(C(=O)C1=O)c1c(ccc(c1)N1C(=O)N(C(=O)C1=O)CCCCCC*)C,tg,181.5,144.98144146944685
*OP(=O)(Oc1ccc(cc1)C(c1ccc(cc1)*)(C)C)Oc1ccc(cc1)Cl,tg,71.0,89.79233330823368
*Nc1c(ccc(c1)NC(=O)Nc1ccc(cc1)CCc1c(cccc1)NC(=O)*)C,tg,227.0,189.3267159069382
*c1cc2c(C(=O)N(C2=O)c2cc(ccc2)P(=O)(c2cc(ccc2)N2C(=O)c3c(C2=O)cc(cc3)C(=O)*)c2cc(cc(c2)C(F)(F)F)C(F)(F)F)cc1,tg,243.0,264.56897589237917
*N1C(=O)c2c(C1=O)cc(cc2)C(=O)Oc1ccc(cc1)OC(=O)CCC*,tg,132.0,95.14755960008446
*Oc1ccc(cc1)C(=O)OC(=O)c1ccc(cc1)OCCCCC*,tg,53.0,48.61739949356463
*OC(=O)c1cc(ccc1)c1cc(ccc1)C(=O)OCC(C(C(C*)(F)F)(F)F)(F)F,tg,45.0,54.94713598660693
*Oc1c(cc(cc1)OC(=O)c1ccc(cc1)OCCCCCCOc1ccc(cc1)C(=O)*)N=Nc1ccc(cc1)C#N,tg,98.0,105.81142146287776
*Oc1c(cc(cc1)Oc1ccc(cc1)C(=O)c1ccc(cc1)c1ccc(cc1)C(=O)c1ccc(cc1)*)c1ccccc1,tg,186.0,187.8408545887435
*C(C*)c1ccc(cc1)CCCCCCCCCCCCCCCC,tg,4.5,-43.015762140656555
*N1C(=O)c2c(C1=O)cc(cc2)c1cc2c(C(=O)N(C2=O)c2ccc(cc2)C(=O)Nc2cc(ccc2)S(=O)(=O)c2cc(ccc2)NC(=O)c2ccc(cc2)*)cc1,tg,256.0,269.00783859877555
*Oc1cc(ccc1)NC(=O)c1ccc(cc1)C(=O)Nc1cc(ccc1)OCCCCC*,tg,135.0,142.03457891026335
*SC(C*)CC,tg,-50.0,-36.386660741332626
*NC(=O)CCCCCCCCCCCCCCCCC(=O)NCCCCCC*,tg,47.0,50.74890236598578
*O[Si](OC(CCC*)C)(C)C,tg,-81.0,-53.35905181590692
*Oc1cc(c(cc1)C(=O)c1ccccc1)c1c(ccc(c1)Oc1ccc(cc1)C(c1ccc(cc1)*)(C)C)C(=O)c1ccccc1,tg,156.0,178.33067625499143
*Oc1ccc(cc1)CC(NC(=O)CCc1ccc(cc1)OC(=O)CCC(=O)*)C(=O)OCCCCCC,tg,51.2,49.59855846598637
*c1cc2c(C(=O)N(C2=O)c2cc(ccc2)N2C(=O)c3c(C2=O)cc(cc3)C(=O)OCCN(CCOC(=O)*)c2ccc(cc2)N=Nc2ccc(cc2)[N+](=O)[O-])cc1,tg,210.0,181.97370064746747
*OCC(C*)(COCC(F)(F)F)C,tg,-41.0,0.9234603460699653
*N1C(=O)c2c(C1=O)cc(cc2)Oc1cc2c(C(=O)N(C2=O)c2c(cc(c(c2)*)O)O)cc1,tg,263.0,316.7575140427558
*c1cc2c(C(=O)N(C2=O)c2cc3Cc4c(c3cc2)ccc(c4)N2C(=O)c3c(C2=O)cc(cc3)C(=O)*)cc1,tg,341.5,372.62343345423653
*OC(=O)c1cc2c(cc1)cc(cc2)C(=O)OCCCC*,tg,65.5,83.9450973072593
*OCC(C*)(CS(=O)(=O)CCCCC)CS(=O)(=O)CCCCC,tg,56.0,44.62774058829093
*C(C*)(C(=O)Oc1c(ccc(c1)C)C)C,tg,111.0,97.4085478873712
*c1cc2c(C(=O)N(C2=O)c2cc(ccc2)P(=O)(c2cc(ccc2)N2C(=O)c3c(C2=O)cc(cc3)C(=O)Nc2ccc3Cc4c(c3c2)cc(cc4)NC(=O)*)c2ccccc2)cc1,tg,248.0,258.54741249368914
*c1cc2c(C(=O)N(C2=O)c2c3c(ccc2)c(ccc3)Oc2ccc(cc2)N2C(=O)c3c(C2=O)cc(cc3)C(=O)Nc2c3c(ccc2)c(ccc3)Oc2ccc(cc2)NC(=O)*)cc1,tg,276.0,287.1528864057387
*N(CC*)C(=O)C(CCCC)CC,tg,33.0,0.7158879828112437
*Nc1ccc(cc1)Cc1ccc(cc1)NC(=O)c1cc(cc(c1)N1C(=O)C2C(C1=O)CC=CC2)C(=O)*,tg,286.0,286.71308625593383
*c1nc2c([nH]1)ccc(c2)N1C(=O)c2c(C1=O)cc(cc2)C(=O)c1cc2c(C(=O)N(C2=O)c2ccc(cc2)*)cc1,tg,412.0,343.05873589968064
*c1c(nnc(n1)c1nc(ccc1)c1nc(c(nn1)c1ccccc1)c1ccc(cc1)*)c1ccccc1,tg,260.0,273.63044235162505
*Oc1ccc(cc1)C(c1ccc(cc1)Oc1ccc(cc1)C(=O)c1c(c(c(c(c1c1ccccc1)c1cc2c(cc1)cccc2)c1cc2c(cc1)cccc2)c1ccccc1)C(=O)c1ccc(cc1)*)(C)C,tg,264.0,269.09767133255065
*Oc1ccc(cc1)Oc1ccc(cc1)C(=O)c1c2c(c(cc1)C(=O)c1ccc(cc1)*)cccc2,tg,200.02,206.99677218633218
*C1(c2c(C(=O)O1)cccc2)c1ccc(cc1)Oc1ccc(cc1)C(=O)c1ccc(cc1)Oc1ccc(cc1)*,tg,218.29,227.98921940794054
*C#CC(=C(*)COS(=O)(=O)c1ccc(cc1)C)COS(=O)(=O)c1ccc(cc1)C,tg,-73.0,78.22264302212443
*N1C(=O)c2c(C1=O)cc(cc2)c1cc2c(C(=O)N(C2=O)c2ccc(cc2)Oc2ccc(cc2)C(=O)c2ccc(cc2)Oc2ccc(cc2)*)cc1,tg,253.0,250.4287335537027
*C(C*)(C(=O)OCc1ccc(cc1)C=CC(=O)Oc1cc2c(cc1)oc(=O)cc2)C,tg,140.0,104.74562326470071
*S(=O)(=NP(=NP(=N*)(NCCCCCC)NCCCCCC)(NCCCCCC)NCCCCCC)NCCCCCC,tg,-17.0,0.7427116742876813
*N1C(=O)c2c(C1=O)cc(cc2)c1cc2c(C(=O)N(C2=O)c2cc(ccc2)Oc2ccc(cc2)*)cc1,tg,255.5,272.5042814941524
*N1C(=O)c2c(C1=O)cc(cc2)Oc1ccc(cc1)C1(CCCCCCCCCCC1)c1ccc(cc1)Oc1cc2c(C(=O)N(C2=O)c2ccc(cc2)Oc2ccc(cc2)C2(C3CC4CC(CC2C4)C3)c2ccc(cc2)Oc2ccc(cc2)*)cc1,tg,262.0,255.71863158940548
*C(C*)c1cc(c(c(c1)OC)O)OC,tg,147.0,115.44067186742038
*OC(CC(=O)*)CCOc1ccccc1,tg,20.0,18.483145814536016
*c1cc2c(C(=O)N(C2=O)c2ccc(cc2)N2C(=O)c3c(C2=O)cc(cc3)C(=O)c2ccc(cc2)Oc2ccc(cc2)Oc2ccc(cc2)C(=O)*)cc1,tg,236.0,244.76455724213687
*OC(=O)CCCCC(=O)OCCCCCCCCCC*,tg,-68.0,-43.89742322705059
*N=C(NCCCCCCCCCC*)C,tg,5.0,26.890587847220594
*c1c(cc(c(c1)OC)C=C*)OCCCCCC,tg,60.0,59.4562658741622
*c1cc2c(C(=O)N(C2=O)c2ccc(cc2)Cc2ccc(cc2)N2C(=O)c3c(C2=O)cc(cc3)C(=O)Nc2ccc(cc2)Oc2ccc(cc2)NC(=O)*)cc1,tg,251.0,273.5906505762382
*OC(=O)OCC(C*)(C)C,tg,14.76,-1.9875205855477376
*c1oc(cc1)C(c1oc(cc1)CNC(=O)OCc1oc(cc1)COCc1oc(cc1)COC(=O)NC*)(C)C,tg,39.0,70.41808752024723
*N1C(=O)c2c(C1=O)cc(cc2)C(=O)Oc1ccc(cc1)c1ccc(cc1)OC(=O)c1cc2c(C(=O)N(C2=O)CCCCCCCCCCC*)cc1,tg,97.0,88.23500485535592
*Oc1ccc(cc1)NC(=O)c1ccc(cc1)C(=O)Nc1ccc(cc1)*,tg,184.75,283.3506219349419
*Nc1cc(ccc1)NC(=O)c1ccc(cc1)C(=O)Nc1cc(ccc1)NC(=S)NC(=O)CCCCC(=O)NC(=S)*,tg,252.0,257.536473789781
*C(C*)(C(=O)OCCCCCCOc1ccc(cc1)N=Nc1ccc(cc1)[N+](=O)[O-])C,tg,108.0,48.86361183482765
*C(C*)(C(=O)OCCCCCCOc1cc2c(cc1)cc(cc2)C(=O)Oc1ccccc1)C,tg,39.0,48.51362712987977
*Oc1ccc(cc1)C1(c2ccccc2c2ccccc12)c1ccc(cc1)Oc1ccc(cc1)C(=O)c1c2c(ccc1)cccc2C(=O)c1ccc(cc1)*,tg,269.0,238.2167570665113
*c1oc(nn1)c1ccc(cc1)Oc1ccc(cc1)*,tg,237.67,203.75484174626342
*N1C(=O)c2c(C1=O)cc(cc2)Oc1cc2c(cc1Oc1cc3c(C(=O)N(C3=O)c3ccc(cc3)Oc3c(cccc3)Oc3ccc(cc3)*)cc1)cccc2,tg,204.0,215.24796930038357
*C(C*)(c1ccccc1)C,tg,148.8,121.82727288570676
*N1C(=O)c2c(C1=O)c(ccc2)Oc1ccc(cc1)Sc1ccc(cc1)Oc1c2c(C(=O)N(C2=O)c2ccc(cc2)Oc2ccc(cc2)*)ccc1,tg,234.0,233.92338983910292
*OC(COC(=O)C1=C(C2C=CC1C2)C(=O)OCC(OC(=O)c1ccc(cc1)C(=O)*)CCl)CCl,tg,72.0,63.002786858556696
*c1ccc2n(c3c(c2c1)cc(cc3)Nc1ccc(cc1)C(=O)c1ccc(cc1)N*)CC(CCCC)CC,tg,236.06,203.44139723435222
*C1C(C(C(C1)C=C*)C(=O)Oc1ccccc1)C(=O)Oc1ccccc1,tg,96.5,114.2876748464958
*O[Si](O[Si](O[Si](O[Si](Oc1c(cc(cc1C)c1cc(c(c(c1)C)*)C)C)(C)C)(C)C)(C)C)(C)C,tg,-16.0,50.639593396660146
*NC(=O)CCCCCCCCCC*,tg,46.15,51.099734157316
*N1C(=O)c2c(C1=O)cc(cc2)C(=O)Oc1ccc(cc1)c1ccc(cc1)OC(=O)CCCCCC*,tg,107.0,108.79676989331611
*c1cc2c(C(=O)N(C2=O)c2ccc(cc2)Oc2ccc(cc2)Oc2ccc(cc2)N2C(=O)c3c(C2=O)cc(cc3)C(=O)Oc2ccc(cc2)OC(=O)*)cc1,tg,230.0,232.77766783481033
*O[Si](*)(CCCOc1ccc(cc1)C(=O)OC1CC2=CCC3C(CCC4(C(CCC34)C(CCCC(C)C)C)C)C2(CC1)C)C,tg,72.08,141.28540490236
*OC(=O)C1CCC(CC1)C(=O)OCCC*,tg,-6.0,14.055584019607283
*OC(=O)Nc1c(ccc(c1)NC(=O)OCCCCCCC*)C,tg,61.0,-12.687585805085211
*C(C*)C(=O)OCC(C(F)(F)F)(F)F,tg,-26.0,15.83526736811122
*OC(CC(=O)*)COc1ccccc1,tg,20.0,63.153449153701146
*c1[nH]c(nc1c1ccc(cc1)Oc1ccc(cc1)C(=O)c1cc(ccc1)C(=O)c1ccc(cc1)Oc1ccc(cc1)*)c1ccccc1,tg,230.0,229.38953922016623
*O[Si](*)(c1ccccc1)c1ccccc1,tg,45.8,67.76409429973567
*Oc1ccc(cc1)C(c1ccc(cc1)OC(=O)c1ccc(cc1)OCCCCCCCCCCOc1ccc(cc1)C(=O)*)(C)C,tg,77.0,93.28492985531348
*c1cc2c(C(=O)N(C2=O)c2ccc(cc2)NC(=O)Nc2ccc(cc2)N2C(=O)c3c(C2=O)cc(cc3)C(=O)Nc2ccc(cc2)C(=O)c2ccc(cc2)NC(=O)*)cc1,tg,212.0,213.3453204779163
*c1cc2c(C(=O)N(C2=O)c2cc(c(cc2)c2c(cc(cc2)N2C(=O)c3c(C2=O)cc(cc3)C(=O)Oc2c(ccc(c2)OC(=O)*)C23CC4CC(CC(C2)C4)C3)C)C)cc1,tg,225.0,240.27019952628476
*OC(=O)c1ccc(cc1)[Si](c1ccc(cc1)C(=O)OCCN(CC*)c1ccc(cc1)C=Cc1ccc(cc1)[N+](=O)[O-])(C)C,tg,127.0,130.61303489079705
*N1C(=O)c2c(C1=O)c(ccc2)c1cc2c(C(=O)N(C2=O)c2cc(ccc2)C(=O)Nc2ccc(cc2)Oc2cc(ccc2)Oc2ccc(cc2)NC(=O)c2cc(ccc2)*)cc1,tg,253.0,256.4543812050967
*c1nc2c([nH]1)ccc(c2)c1ccc2c(nc([nH]2)c2ccc(cc2)Nc2nc(nc(n2)Nc2ccc(cc2)*)N(c2ccccc2)c2ccccc2)c1,tg,329.0,261.17279492740977
*N1C(=O)c2c(C1=O)cc(cc2)Oc1ccc(cc1)C(c1ccc(cc1)Oc1cc2c(C(=O)N(C2=O)c2ccc(cc2)Oc2ccc(cc2)C(c2ccc(cc2)Oc2ccc(cc2)*)(C)C)cc1)(C)C,tg,205.0,230.97655282551176
*C(C*)C(=O)OCCCCCCCCOC(=O)c1ccc(cc1)OC(=O)c1ccc(cc1)C#N,tg,15.0,23.158034539526376
*Oc1ccc(cc1)NC(=O)c1cc(cc(c1)C(C)(C)C)C(=O)Nc1ccc(cc1)*,tg,268.0,248.37193416404992
*c1sc(c(c1c1ccccc1)c1ccccc1)c1ccc(cc1)CC(=O)Nc1ccc(cc1)Cc1ccc(cc1)NC(=O)Cc1ccc(cc1)*,tg,227.0,234.58933937455117
*C(C*)(C(=O)OCC(C(C(C(C(C(C(C(F)F)(F)F)(F)F)(F)F)(F)F)(F)F)(F)F)(F)F)C,tg,-15.0,34.94524349193562
*N1C(=O)c2c(C1=O)c(ccc2)c1cc2c(C(=O)N(C2=O)c2cc(ccc2)Oc2cc(ccc2)Oc2cc(ccc2)*)cc1,tg,213.0,241.12956280676454
*c1cc2c(C(=O)N(C2=O)c2ccc(cc2)C(=O)Nc2cc(ccc2)NC(=O)*)cc1,tg,240.0,293.05780819272775
*N1C(=O)c2c(C1=O)cc(cc2)Oc1ccc(cc1)C1(CCCCCCCCCCC1)c1ccc(cc1)Oc1cc2c(C(=O)N(C2=O)c2ccc(cc2)Oc2c(cc(cc2)Oc2ccc(cc2)*)C(C)(C)C)cc1,tg,262.0,235.4249814913345
*N=P(*)(OCCCCCC)OCCCCCC,tg,-104.0,-85.9839793300388
*c1nc(nc(n1)N(CCCCCCN(*)c1ccccc1)c1ccccc1)C,tg,67.0,74.73950577822485
*S(=O)(=O)C(C*)CC(C)C,tg,23.0,13.196188210524967
*c1cc2c(cc1OC(=O)COc1ccc3c(c1)oc(=O)cc3)oc(=O)c(c2)C(=O)Nc1ccc(cc1)NC(=O)c1c(=O)oc2c(cc(c(c2)OC(=O)COc2ccc3c(c2)oc(=O)cc3)C*)c1,tg,252.0,258.9376547983945
*Nc1ccc(cc1)N[Se]*,tg,55.0,128.64676510825396
*C(C*)c1c(ccc(c1)c1ccc(cc1)C(=O)OC1C(CCC(C1)C)C(C)C)c1ccc(cc1)C(=O)OC1C(CCC(C1)C)C(C)C,tg,217.5,198.3667071557079
*O[Si](O[Si](O[Si](C#Cc1ccc(cc1)C#C[Si](*)(C)C)(C)C)(C)C)(C)C,tg,96.0,68.62758160092464
*N(CCNC(=O)c1ccc(cc1)[Si](c1ccc(cc1)C(=O)NCC*)(C)C)c1ccc(cc1)/C=C/c1ccc(cc1)[N+](=O)[O-],tg,157.5,112.14996133567212
*[Si](CCC*)(O[Si](CCCOc1ccc(cc1)C(=O)Oc1ccc(cc1)C#N)(C)C)C,tg,-19.1,14.063170447806808
*N(CC(C*)O)c1ccc(cc1)N=Nc1c(cc(cc1)[N+](=O)[O-])C,tg,156.0,127.41009308880841
*N1C(=O)c2c(C1=O)cc(cc2)c1cc2c(C(=O)N(C2=O)c2cc(c(c(c2)C(=O)OCCCCCCCC)c2c(cc(cc2Br)*)C(=O)OCCCCCCCC)Br)cc1,tg,135.5,112.32864561418823
*SC(C*)C,tg,-45.29,-31.743543281906046
*Oc1ccc(cc1)C1(CCCCCCCCCCC1)c1ccc(cc1)OC(=O)c1ccc(cc1)Oc1ccc(cc1)C1(CCC(CC1)C(C)(C)C)c1ccc(cc1)Oc1ccc(cc1)C(=O)*,tg,181.0,187.10381061033493
*N1C(=O)c2c(C1=O)cc(cc2)Sc1cc2c(C(=O)N(C2=O)c2c(cc(c(c2C)*)C)C)cc1,tg,378.0,355.3041501492652
*C(C*)P(=O)(N(C)C)Oc1ccccc1,tg,27.0,77.42156203993684
*N1C(=O)c2c(C1=O)c(ccc2)Oc1ccc(cc1)S(=O)(=O)c1ccc(cc1)Oc1c2c(C(=O)N(C2=O)c2ccc(cc2)Oc2ccc(cc2)*)ccc1,tg,267.0,252.6750602978454
*O[Si](c1ccc(cc1)c1ccc(cc1)[Si](*)(c1ccccc1)c1ccccc1)(c1ccccc1)c1ccccc1,tg,94.0,199.36176151893932
*C(C*)C(=O)OCc1c(c(c(c(c1Br)Br)Br)Br)Br,tg,181.0,67.87439202341706
*N1C(=O)c2c(C1=O)cc(cc2)Oc1cc2c(C(=O)N(C2=O)c2cc(ccc2)OCCOCCOc2ccc(cc2)*)cc1,tg,146.5,166.62324444922186
*c1nc2c([nH]1)ccc(c2)NC(=O)c1ccc(cc1)OCCOCCOCCOc1ccc(cc1)C(=O)Nc1ccc(cc1)*,tg,155.0,164.1483448025147
*O[Si](*)(CCCCCCCCCCCOc1ccc(cc1)/C=C/c1ccc(cc1)OCCCC)C,tg,-33.0,50.70132778213679
*OC(=O)NCCCCCCNC(=O)OCCN(CC*)c1cc(c(cc1)N=Nc1ccc(cc1)[N+](=O)[O-])C,tg,75.0,90.81071022891444
*c1nc(c(c(c1F)OCC(C(C(COc1c(c(nc(c1F)F)OCC(C(C(CO*)(F)F)(F)F)(F)F)F)(F)F)(F)F)(F)F)F)F,tg,-10.0,32.51181414479981
*C(C*)C(=O)OCCC#N,tg,4.0,27.771059692606613
*c1c([nH]c(n1)c1ccc(cc1)c1[nH]c(c(n1)c1ccc(cc1)Oc1ccc(cc1)C(=O)c1ccc(cc1)c1ccc(cc1)C(=O)c1ccc(cc1)Oc1ccc(cc1)*)c1ccccc1)c1ccccc1,tg,273.0,259.11387110593256
*c1cc2c(C(=O)N(C2=O)c2ccc(cc2)Sc2ccc(cc2)Sc2ccc(cc2)Sc2ccc(cc2)Sc2ccc(cc2)N2C(=O)c3c(C2=O)cc(cc3)C(*)(C(F)(F)F)C(F)(F)F)cc1,tg,216.0,231.88112987469364
*C(C*)(C(=O)OC1C(CCC(C1)C)C(C)C)C,tg,147.0,131.70665139992676
*NC(=O)CCCCCCCCCCC(=O)NCCCCCCCCCC*,tg,49.0,42.618131940889036
*C(C*)OCC(CC)(C)C,tg,9.0,-28.665566308308094
*[Si](C*)(CCCCC)CCCCC,tg,-55.0,-24.16120166088628
*N1C(=O)c2c(C1=O)cc(cc2)c1cc2c(C(=O)N(C2=O)c2cc(c(c(c2)C(=O)OCCCC)c2c(cc(cc2Br)*)C(=O)OCCCC)Br)cc1,tg,196.0,195.9639535285959
*C(C*)(C(=O)OCCN(c1ccc(cc1)N(C)C)C)C,tg,41.0,58.93721273624379
*NC(=O)CCCCCCCCCC(=O)NCCc1ccc(cc1)CC*,tg,96.0,94.55593327765274
*C(C(C(C*)OC)C(=O)OC)C(=O)OC,tg,59.5,75.80680773978413
*c1oc(nn1)c1ccc(cc1)c1oc(nn1)CCCOc1c(cc(cc1)OCCC*)C,tg,125.5,72.2365511042914
*NC(=O)CCC1(c2ccccc2c2ccccc12)CCC(=O)NCCCCCC*,tg,122.0,109.67466689349676
*Nc1ccc(cc1)NC(=O)CCCCCCC(=O)*,tg,138.0,122.85275949530262
*c1sc(c(c1c1ccccc1)c1ccccc1)c1ccc(cc1)CC(=O)Nc1ccc(cc1)S(=O)(=O)c1ccc(cc1)NC(=O)Cc1ccc(cc1)*,tg,252.0,275.18375216246756
*OC(=O)c1ccc(cc1)C(=O)OCC(CC(CC*)(C)C)C,tg,-12.0,23.92955040045097
*c1sc(cc1)c1cc(c(cc1)Oc1ccc(cc1)C(c1ccc(cc1)Oc1c(cc(cc1)*)C(F)(F)F)(C)C)C(F)(F)F,tg,123.33,149.61560006934204
*C(C*)c1ccc(cc1)COCCC,tg,22.0,50.10203311362373
*N1C(=O)c2c(C1=O)c(ccc2)Oc1c(cc(cc1C)c1cc(c(c(c1)C)Oc1c2c(C(=O)N(C2=O)c2c(cc(c(c2C)*)C)C)ccc1)C)C,tg,325.0,332.0217214312386
*OC(=O)c1c(ccc(c1)N=Nc1ccc(cc1)OCC)c1c(cc(cc1)N=Nc1ccc(cc1)OCC)C(=O)OCCCCCC*,tg,83.0,83.53791392643039
*OC1CCC(CC1)OC(=O)OCCCCCCCOC(=O)*,tg,-5.0,15.512473779042866
*Oc1c(cc(cc1C)c1cc(c(c(c1)C)Oc1ccc(cc1)C(=O)c1ccc(cc1)*)C)C,tg,246.64,212.03774973238265
*c1cc2c(C(=O)N(C2=O)c2ccc(cc2)Oc2cc3c(cc2)ccc(c3)Oc2ccc(cc2)N2C(=O)c3c(C2=O)cc(cc3)C(=O)Nc2ccc(cc2)Oc2ccc(cc2)C(c2ccc(cc2)Oc2ccc(cc2)NC(=O)*)(C)C)cc1,tg,250.0,230.22988816911345
*C(C*)C(=O)OCC(CCCC)CC,tg,-62.58,-33.20288558941257
*Oc1ccc(cc1)c1ccc(cc1)OC(=O)c1cc(cc(c1)CCCCC)C(=O)*,tg,138.0,127.37043279402566
*Oc1cc2c(cc1OC(=O)c1ccc(cc1)Oc1ccc(cc1)C(=O)*)cccc2,tg,148.0,139.1136058683176
*Oc1ccc(cc1)N1ON1c1ccc(cc1)OCCCCCCOC(=O)C(C(=O)OCCCCCC*)CCCCP(=O)(O)O,tg,11.5,13.489462012495707
*Oc1ccc(cc1)C(c1ccc(cc1)OC(=O)c1ccc(cc1)S(=O)(=O)c1ccc(cc1)C(=O)*)(C)C,tg,205.0,211.49466490957363
*c1c(cc(c(c1)OC)C=C*)OCCc1ccccc1,tg,111.2,93.59077149940622
*C(C*)C(=O)OCCCCCCn1c2ccccc2c2ccccc12,tg,48.0,59.163933319924965
*c1c(c(c(c(c1Cl)Cl)[Se]*)Cl)Cl,tg,104.0,159.55588279147455
*N1C(=O)C2C3C4C(C(C2C1=O)C=C3)C(=O)N(C4=O)C1C(CC(CC1)CC1CC(C(CC1)*)C)C,tg,241.0,232.48002508491228
*c1cc2C(c3c(c2cc1)ccc(c3)*)(CCCCCCCC)CCCCCCCC,tg,57.66,43.6464440345764
*OC(=O)CCSCCC(=O)OCCOCCOCCOCCOCC*,tg,-47.0,-44.55760034510454
*c1cc2c(C(=O)N(C2=O)c2ccc(cc2)OCCOCCOCCOc2ccc(cc2)N2C(=O)c3c(C2=O)cc(cc3)C(*)(C(F)(F)F)C(F)(F)F)cc1,tg,166.0,147.70259269676282
*C(C*)(CC(=O)OCCCCC)C(=O)OCCCCC,tg,2.0,-11.839336571336096
*O[Si](O[Si](O[Si](O[Si](CC[Si](O[Si](O[Si](CC[Si](*)(c1ccccc1)c1ccccc1)(C)C)(C)C)(C)C)(c1ccccc1)c1ccccc1)(c1ccccc1)c1ccccc1)(c1ccccc1)c1ccccc1)(c1ccccc1)c1ccccc1,tg,4.5,12.134595814269648
*Oc1ccc(cc1)Sc1ccc(cc1)OCC(CN(S(=O)(=O)c1cc(ccc1)S(=O)(=O)N(CC(C*)O)C)C)O,tg,90.0,90.77041215594687
*NC(=O)C(=O)NCC(CCC*)(C)C,tg,109.0,130.09734157777385
*c1cc2c(C(=O)N(C2=O)c2cc(cc(c2)c2nc3c([nH]2)cccc3)N2C(=O)c3c(C2=O)cc(cc3)C(=O)*)cc1,tg,197.0,305.2167882912842
*Oc1ccc(cc1)Oc1ccc(cc1)NC(=O)c1cc(cc(c1)C(C)(C)C)C(=O)Nc1ccc(cc1)*,tg,195.5,241.8830276547689
*C1C(=O)N(C(=O)C1*)c1ccc(cc1)O[Si](C(C)(C)C)(C)C,tg,169.0,174.44457932065788
*OP(=O)(OCCCCCCCCCCOc1ccc(cc1)C=Cc1ccc(cc1)OCCCCCCCCCC*)OCCCCCCCCCCOc1ccc(cc1)N=Nc1ccc(cc1)Cl,tg,60.0,48.990077713549915
*C(C*)(C(=O)OCCCCCCCCCCCOc1ccc(cc1)C=Nc1ccc(cc1)C#N)C,tg,23.0,36.36889309484231
*OC(=O)c1cc(c(cc1)c1c(cc(cc1)C(=O)OCC*)C)C,tg,73.0,99.80666344348387
*c1cc2c(C(=O)N(C2=O)c2ccc(cc2)Sc2ccc(cc2)Oc2ccc(cc2)Sc2ccc(cc2)N2C(=O)c3c(C2=O)cc(cc3)C(*)(C(F)(F)F)C(F)(F)F)cc1,tg,232.67,246.14639734266407
*NC1CCC(CC1)CC(NC(=O)CCCCC(=O)*)(C)C,tg,80.0,112.60136116344385
*C1C(CC(C1)C=C*)([Si](O[Si](O[Si](C)(C)C)(C)C)(C)C)C#N,tg,47.0,62.60264314828211
*C(C*)(C(=O)NC1C(OC(C(C1O)O)CO)O)C,tg,100.0,136.61092178382154
*Oc1c(cc(cc1OC)c1cc(c(c(c1)OC)OC(=O)c1cc(ccc1)C(=O)*)OC)OC,tg,252.0,133.55111590091846
*Oc1c(cc(c(c1)OCCOC)OC(=O)c1c(cc(cc1)C(=O)*)OCCOCC)OCCOC,tg,99.0,40.79284884794851
*C(C*)c1cc[n+](cc1)CCCCCCCC,tg,94.5,-10.138684935116437
*OS(=O)(=O)c1cc(ccc1)C(=O)Oc1ccc(cc1)C(c1ccc(cc1)*)(C)C,tg,133.0,155.82794585756292
*C(C*)C(=O)Oc1ccc(cc1)[N+](=O)[O-],tg,73.3,125.84064560415277
*N1C(=O)c2c(C1=O)cc(cc2)Oc1c(cc(cc1C)C(c1cc(c(c(c1)C)Oc1cc2c(C(=O)N(C2=O)c2ccc(cc2)Oc2ccc(cc2)C(c2ccc(cc2)Oc2ccc(cc2)*)(C(F)(F)F)C(F)(F)F)cc1)C)(C)C)C,tg,244.0,243.6964896144546
*N1C(=O)c2c(C1=O)c(ccc2)Oc1ccc(cc1)C(=O)c1ccc(cc1)Oc1c2c(C(=O)N(C2=O)c2cc(ccc2)*)ccc1,tg,248.0,244.20226659726634
*C(C*)OCCCCCCCCCC,tg,-62.0,-58.67269075634797
*Oc1c(cc(cc1)C(=O)c1cc(ccc1)C(=O)c1cc(c(cc1)*)C(C)C)CC,tg,136.0,117.33109584310374
*OP(=O)(OCCOc1ccc(cc1)S(=O)(=O)c1ccc(cc1)OCC*)Oc1ccc(cc1)Br,tg,59.0,52.405130483789236
*C(C*)(C(=O)OCCN(c1ccc(cc1)N=Nc1ccc(cc1)S(=O)(=O)Nc1nccs1)CCCC)C,tg,53.0,114.70839200657997
*OC(=O)c1c(ccc(c1)N=Nc1ccc(cc1)OCC)c1c(cc(cc1)N=Nc1ccc(cc1)OCC)C(=O)OCCC*,tg,101.0,77.21208802244395
*C(C*)(C(=O)OCCN(c1ccc(cc1)N=Nc1ccc(cc1)S(=O)(=O)Nc1noc(c1)C)CCCC)C,tg,114.0,112.79840774737013
*c1cc2c(C(=O)N(C2=O)c2ccc(cc2)C(=O)Nc2ccc(cc2)S(=O)(=O)c2ccc(cc2)NC(=O)*)cc1,tg,227.33,292.89677919366693
*N1C(=O)C2C(C1=O)CC(CC2)C1CC2C(C(=O)N(C2=O)c2ccc(cc2)Oc2ccc(cc2)C(c2ccc(cc2)Oc2ccc(cc2)*)(C)C)CC1,tg,225.0,243.6601913364125
*Oc1ccc(cc1)C(=O)c1ccc(cc1)OCCCCCCOC(=O)OCCCCCCCCCCOC(=O)OCCCCCC*,tg,-13.0,-9.711898299539847
*Oc1ccc(cc1)S(=O)(=O)c1ccc(cc1)Oc1c(cc(cc1)C(c1cc(c(cc1)*)N)(C)C)N,tg,230.4,216.21134141281942
*c1c2C(=O)N(C(=O)c2c(c2ccccc12)c1ccc(cc1)Oc1c(cc(cc1)c1nc(ccc1)c1cc(c(cc1)Oc1ccc(cc1)*)C(F)(F)F)C(F)(F)F)c1ccccc1,tg,298.0,293.48962664249893
*N1C(=O)c2c(C1=O)cc(cc2)Oc1cc2c(C(=O)N(C2=O)c2cc(cc(c2)OCCCC)*)cc1,tg,237.0,196.3841571150757
*NC(=O)CCCC(=O)NCc1c(c(c(c(c1C)C)C*)C)C,tg,192.0,158.47762799516013
*c1nc2c(c(c1)c1ccccc1)cc(cc2)c1cc2c(nc(cc2c2ccccc2)c2ccc(cc2)c2ccc(cc2)c2ccc(cc2)*)cc1,tg,351.67,378.8306923972696
*Oc1ccc(cc1)S(=O)(=O)c1ccc(cc1)Oc1ccc(cc1)C(=O)c1cc(cc(c1)I)C(=O)c1ccc(cc1)*,tg,203.0,214.0038695079961
*c1sc2cc3c(cc2n1)sc(n3)c1ccc(cc1)Oc1cc(ccc1)n1c(=O)c2cc3c(cc2c1=O)c(=O)n(c3=O)c1cc(ccc1)Oc1ccc(cc1)*,tg,400.0,292.39053436678586
*OC(=O)CCCCCCCCC(=O)OC/C=C\C*,tg,-41.0,-40.75130700452924
*Oc1ccc(cc1)C(=Cc1ccc(cc1)OCC(COC(=O)CCCCCCCCC(=O)OCC(C*)O)O)C,tg,30.0,24.962127018776183
*Oc1ccc(cc1)CC(NC(=O)CCc1ccc(cc1)OC(=O)CCC(CC(=O)*)C)C(=O)OCc1ccccc1,tg,55.0,57.369801574848
*C(C*)c1ccc(cc1)COC,tg,77.0,57.97821717288086
*[Si](CCC*)(c1ccc(cc1)N(C)C)c1ccccc1,tg,52.0,70.42906193465612
*Oc1ccc(cc1)Oc1ccc(cc1)OCCCCCCOC(=O)OCCCCCCCCCCCCOC(=O)OCCCCCC*,tg,-22.0,-18.102583257716798
*N1C(=O)c2c(C1=O)cc(cc2)C(c1cc2c(C(=O)N(C2=O)CCN(CC*)c2ccc(cc2)N=Nc2ccc(cc2)C=O)cc1)(C(F)(F)F)C(F)(F)F,tg,170.0,220.21326687411693
*Oc1ccc(cc1)C(=Cc1ccc(cc1)c1ccc(cc1)C=C(c1ccc(cc1)OC(=O)CCCCCCCCC(=O)*)c1ccccc1)c1ccccc1,tg,111.0,88.92480828344813
*N1C(=O)c2c(C1=O)cc(cc2)c1cc2c(C(=O)N(C2=O)c2cc(cc(c2)C(=O)NCCCCCCCCCCCC)*)cc1,tg,243.1,164.48602165258282
*C(=C*)c1c(c(c(c(c1F)F)CCCC)F)F,tg,110.0,61.208200829164205
*OC(CC(=O)*)CCCCC,tg,-34.5,-50.68816776596131
*c1nc2cc3c(cc2nc1)ncc(n3)c1ccc(cc1)*,tg,392.0,308.8628375106466
*C1C(=O)OC(=O)C1C(C*)OC(C)C,tg,142.0,150.70883599952847
*Oc1ccc(cc1)c1ccc(cc1)Oc1ccc(cc1)C(=O)c1c(c(c(c(c1c1ccc(cc1)F)c1ccc(cc1)F)c1ccc(cc1)F)c1ccc(cc1)F)C(=O)c1ccc(cc1)*,tg,275.0,276.22129054420844
*Oc1ccc(cc1)CC(NC(=O)Cc1ccc(cc1)OC(=O)CCCC(=O)*)C(=O)OCCCCCCCC,tg,38.0,42.70748714268527
*c1cc2c(C(=O)N(C2=O)c2cc(cc(c2)C(F)(F)F)Oc2c(cc(cc2C)c2cc(c(c(c2)C)Oc2cc(cc(c2)C(F)(F)F)N2C(=O)c3c(C2=O)cc(cc3)C(*)(C(F)(F)F)C(F)(F)F)C)C)cc1,tg,264.8,288.22326902994615
*C(C*)C(=O)OCCCCC,tg,-57.0,-56.949154410975936
*Oc1ccc(cc1)C1(c2ccccc2c2ccccc12)c1ccc(cc1)Oc1ccc(cc1)C=CC(=O)c1ccc(cc1)*,tg,195.0,209.04167755738678
*OC(=O)NC(=O)c1ccc(cc1)C(=O)NC(=O)OCC(C*)CCCCCCCCCCCC,tg,75.0,40.8083471285658
*c1oc(nn1)c1c(cc(cc1)*)OCCCCCCCCCC,tg,165.0,66.02264412798326
*Oc1cc2c(cc1)cc(cc2)Oc1ccc(cc1)S(=O)(=O)c1ccc(cc1)*,tg,231.0,205.3547363725466
*N1C(=O)c2c(C1=O)cc(cc2)Oc1ccc(cc1)C1(CCC(CC1)c1ccccc1)c1ccc(cc1)Oc1cc2c(C(=O)N(C2=O)c2ccc(cc2)Oc2ccc(cc2)C2(C3CCC(C2)C3)c2ccc(cc2)Oc2ccc(cc2)*)cc1,tg,245.0,268.61222589503944
*C(=C(*)Cl)CCCCCCCC,tg,90.0,48.46599064246651
*C1C(=O)N(C(=O)C1C(C*)c1ccccc1)C(C)(C)C,tg,178.0,187.13995565498345
*C(C*)(CC(=O)OCCCC)C(=O)OCCCC,tg,22.38,13.977537120711464
*OC(=O)c1cc(ccc1)C(=O)OCc1ccc(cc1)C*,tg,143.0,65.64581838219532
*N1C(=O)c2c(C1=O)cc(cc2)C(c1cc2c(C(=O)N(C2=O)CC(=O)Nc2ccc(cc2)Oc2ccc(cc2)Oc2ccc(cc2)NC(=O)C*)cc1)(C(F)(F)F)C(F)(F)F,tg,242.0,236.82306217404843
*N1C(=O)c2c(C1=O)cc(cc2)Oc1cc2c(C(=O)N(C2=O)c2cc(c(cc2)c2c(cc(cc2)*)C)C)cc1,tg,309.67,309.2088987382073
*c1cc2c(C(=O)N(C2=O)c2ccc(cc2)c2sc(c(c2c2ccccc2)c2ccccc2)c2ccc(cc2)N2C(=O)c3c(C2=O)cc(cc3)C(=O)Nc2ccc(cc2)Cc2ccc(cc2)NC(=O)*)cc1,tg,253.0,301.49025354975765
*N1C(=O)c2c(C1=O)cc(cc2)C(=O)Oc1ccc(cc1)OC(=O)CCCCCCCCCCC*,tg,58.0,68.26708735232218
*c1nc2c([nH]1)ccc(c2)c1ccc2c(nc([nH]2)CCCCCCCC*)c1,tg,234.0,118.16572354852835
*Oc1ccc(cc1)Oc1ccc(cc1)C(=O)c1ccc(cc1)*,tg,150.4,152.51813826183994
*Oc1ccc(cc1)C(c1ccc(cc1)OC(=O)*)c1ccccc1,tg,150.6,181.02995819758527
*Oc1ccc(cc1)Oc1ccc(cc1)NC(=O)c1ccc(cc1)Oc1ccc(cc1)Oc1ccc(cc1)C(=O)Nc1ccc(cc1)*,tg,236.0,198.17028181723578
*c1cc2c(cc1)oc(=O)c(c2)C(=O)Nc1ccc(cc1)Oc1ccc(cc1)NC(=O)c1c(=O)oc2c(cc(cc2)C*)c1,tg,312.0,226.62697866015327
*OC(C*)COC(OCC)C,tg,-67.0,-46.11693773175779
*N1C(=O)c2c(C1=O)cc(cc2)c1cc2c(C(=O)N(C2=O)c2cc(c(c(c2)C(=O)OCCCCCCCCCCCCCC)c2c(cc(cc2Br)*)C(=O)OCCCCCCCCCCCCCC)Br)cc1,tg,98.0,132.60036838335452
*C(C*)OC(=O)OCC(F)(F)F,tg,57.0,15.10717592923296
*C(C*)(C(=O)OCCOCCOc1ccc(cc1)N=Nc1ccc(cc1)C#N)C,tg,57.0,64.21239957021015
*N1C(=O)c2c(C1=O)cc(cc2)c1cc2c(C(=O)N(C2=O)c2ccc(cc2)Oc2cc(ccc2)Oc2ccc(cc2)*)cc1,tg,220.0,237.58113799007089
*c1sc(cc1CCCCCCOC(=O)COc1ccccc1)c1sc(cc1)*,tg,79.0,52.581274833321814
*C(C*)c1ccc(cc1)C(=NO)Cc1ccccc1,tg,111.0,110.72691125178551
*Nc1ccc(cc1)Cc1ccc(cc1)NC(=O)CCCCCCCC(=O)*,tg,140.0,154.33210838914005
*Oc1c(cc(cc1C)C1(c2ccccc2c2ccccc12)c1cc(c(c(c1)C)OC(=O)c1cc(ccc1)C(=O)*)C)C,tg,315.0,272.5716635458003
*OC(=O)CCCCCCCCC(=O)OCCCCCCCCCC*,tg,-53.0,-50.06653498676932
*Oc1ccc(cc1)S(=O)(=O)c1ccc(cc1)Oc1ccc(cc1)NC(=O)c1ccc(cc1)Oc1ccc(cc1)C(c1ccc(cc1)C(c1ccc(cc1)Oc1ccc(cc1)C(=O)Nc1ccc(cc1)*)(C)C)(C)C,tg,177.0,177.43978045624795
*Oc1ccc(cc1)C1(CCC(CC1)C(C)(C)C)c1ccc(cc1)OC(=O)c1ccc(cc1)C(=O)*,tg,210.0,212.3076550734874
*Oc1ccc(cc1)C(c1ccc(cc1)Oc1ccc(cc1)C(=O)c1ccc(cc1)C(=O)c1ccc(cc1)*)(C)C,tg,156.4,168.48640421166158
*C1C(=O)N(C(=O)C1*)c1cc(c(c(c1)Br)O[Si](C(C)(C)C)(C)C)Br,tg,164.0,150.584576708557
*c1nc2c(nc1c1ccccc1)cc(cc2)Oc1cc2c(nc(c(n2)c2ccccc2)c2ccc(cc2)*)cc1,tg,304.0,346.8839659813742
*C(C*)(C(=O)OCCCCCC)C#N,tg,86.0,40.96762457005525
*NC(=O)CCP(=O)(CCC(=O)NCCCCCCCC*)C,tg,52.0,62.338143154666994
*C(CC(C*)(F)F)(C(F)(F)F)C(F)(F)F,tg,132.0,18.81410375435839
*Nc1ccc(cc1)C1(c2ccccc2c2ccccc12)c1ccc(cc1)NC(=O)c1ccc(cc1)C(=O)*,tg,319.0,296.93476003207564
*Oc1ccc(cc1)CC(=O)NCCCCCCNC(=O)C*,tg,69.5,74.20695981561494
*Oc1c(cc(cc1OC)/C=C/c1ccc(cc1)/C=C/c1cc(c(c(c1)OC)OCCCCCC*)OC)OC,tg,90.0,81.96899789694662
*OC(=O)c1cc(ccc1)C(=O)OCCN(CC*)c1ccc(cc1)N=Nc1ccc(cc1)c1nc2c(n1CC)cc(cc2)[N+](=O)[O-],tg,147.0,157.3479525496039
*c1cocc1C[Ge](C*)(C)C,tg,-28.0,36.79263929634866
*Oc1c(cc(cc1)Oc1ccc(cc1)C(=O)c1ccc(cc1)*)c1ccccc1,tg,155.67,176.86080101054168
*NC(=O)c1c(cc(cc1)C(=O)NCCCCCC*)Oc1ccccc1,tg,108.0,103.31199469872347
*c1cc2c(C(=O)N(C2=O)c2c(cc(cc2C)c2cc(c(c(c2)C)N2C(=O)c3c(C2=O)cc(cc3)C(=O)Nc2c(cc(cc2)Cc2cc(c(cc2)NC(=O)*)C)C)C)C)cc1,tg,329.0,308.8360963209818
*C(C*)C(=O)NC(CS(=O)(=O)O)(C)C,tg,86.33,115.8620195592004
*N1C(=O)c2c(C1=O)c(ccc2)Oc1cc(ccc1)Oc1c2c(C(=O)N(C2=O)c2cc(ccc2)*)ccc1,tg,241.0,235.09301864090568
*Oc1ccc(cc1)S(=O)(=O)c1ccc(cc1)Oc1ccc(cc1)C(=C)c1ccc(cc1)*,tg,167.0,189.90117855959625
*Nc1cc(cc(c1)C(=O)OCCN(c1ccc(cc1)C#N)C)NC(=O)c1cc(cc(c1)OCCN(c1ccc(cc1)S(=O)(=O)C(C(C(C(C(C(C(C(F)(F)F)(F)F)(F)F)(F)F)(F)F)(F)F)(F)F)(F)F)C)C(=O)*,tg,157.0,169.79093169282692
*Oc1cc(c(cc1)c1c(cc(cc1)OC(=O)c1cc(c(cc1)c1c(cc(cc1)C(=O)*)C(F)(F)F)C(F)(F)F)C(=O)OCCCCCCCCCCCOc1ccc(cc1)c1ccc(cc1)C#N)C(=O)OCCCCCCCCCCCOc1ccc(cc1)c1ccc(cc1)C#N,tg,50.0,90.3944613800084
*c1cc2c(C(=O)N(C2=O)c2ccc(cc2)OCCN(CCOc2ccc(cc2)N2C(=O)c3c(C2=O)cc(cc3)C(*)(C(F)(F)F)C(F)(F)F)c2ccccc2)cc1,tg,170.0,206.98855231794934
*N1C(=O)c2c(C1=O)cc(cc2)Oc1cc2c(C(=O)N(C2=O)c2c(cc(cc2)Cc2cc(c(cc2)*)C(C)(C)C)C(C)(C)C)cc1,tg,216.0,298.08920183370213
*Oc1c(cc(cc1)OC(=O)c1cc(ccc1)Sc1ccc(cc1)OC(=O)c1ccc(cc1)C(=O)Oc1ccc(cc1)Sc1cc(ccc1)C(=O)*)c1ccccc1,tg,128.0,165.25398813019603
*C(C*)(C(=O)OCCN(c1ccc(cc1)N=Nc1c2c(c(cc1)[N+](=O)[O-])cccc2)CC)C,tg,116.0,132.09955545619226
*N1C(=O)c2c(C1=O)cc(cc2)c1cc2c(C(=O)N(C2=O)c2cc(cc(c2)C(=O)NCCCCCCCC)*)cc1,tg,245.5,256.9037389848389
*C(C*)(C(=O)OCCCCCC(=O)Oc1ccc(cc1)OC(=O)c1ccc(cc1)OCC)C,tg,43.0,47.85594659857108
*C(C*)c1ccc(cc1)C(=O)C(F)(F)F,tg,95.0,119.20947685670008
*c1oc(nn1)c1ccc(cc1)Oc1c2c(ccc1)c(ccc2)NC(=O)c1ccc(cc1)Oc1ccc(cc1)C(=O)Nc1c2c(ccc1)c(ccc2)Oc1ccc(cc1)*,tg,248.0,264.40726999153713
*c1n(cnc1C(=O)NCCNC(=O)*)C,tg,189.0,118.78668504627214
*OC(=O)c1cc2c(cc1)cc(cc2)C(=O)OCCCCCC*,tg,59.33,44.66713200514808
*Oc1ccc(cc1)C(=O)Nc1c(ccc(c1)C(c1cc(c(cc1)C)NC(=O)c1ccc(cc1)OC(=O)c1ccc(cc1)C(=O)*)(C(F)(F)F)C(F)(F)F)C,tg,213.0,247.9406682518942
*Oc1ccc(cc1)CC(NC(=O)CCc1ccc(cc1)OC(=O)COCCOCC(=O)*)C(=O)OC,tg,63.0,55.38846341828673
*C(C*)C(=O)OCCCOCC,tg,-61.5,-60.059223770596624
*S(=O)(=O)C(C=CC*)CC,tg,70.1,36.77341693776134
*N1C(=O)C(CC1=O)SCCCCCSC1C(=O)N(C(=O)C1)c1ccc(cc1)C(=O)OCC(NC(=O)c1ccc(cc1)*)CC,tg,91.0,127.3221032680719
*Oc1ccc(cc1)NC(=O)c1cc(ccc1)C(=O)Nc1ccc(cc1)Oc1ccc(cc1)C(=O)c1ccc(cc1)*,tg,145.0,159.88160186801966
*OC(=O)NCCCCCCNC(=O)OCC(C*)(C(=O)O)C,tg,-26.0,25.80501895649169
*C(C*)(F)F,tg,-28.45,1.2578617624889574
*C(C*)OC(=O)OCCC(C(C(C(C(C(F)(F)F)(F)F)(F)F)(F)F)(F)F)(F)F,tg,37.0,3.5334272652528775
*NC(=O)c1cc(cc(c1)C(C)(C)C)C(=O)NCC1CCC(CC1)C*,tg,236.0,195.99990944666263
*N1C(=O)c2c(C1=O)cc(cc2)S(=O)(=O)c1cc2c(C(=O)N(C2=O)c2c(ccc(c2)*)C)cc1,tg,312.0,339.3484749449801
*Oc1ccc(cc1)Cc1ccc(cc1)OC(=O)c1cc(ccc1)C(=O)*,tg,150.0,168.61253886757743
*Oc1ccc(cc1)S(=O)(=O)c1cc2c(cc1)cc(cc2)S(=O)(=O)c1ccc(cc1)Oc1c(cc(cc1C)c1cc(c(c(c1)C)*)C)C,tg,280.0,285.6034881882614
*N(c1ccc(cc1)C(c1ccc(cc1)*)c1ccc(cc1)[N+](=O)[O-])c1ccc(cc1)C,tg,215.0,174.97269727234615
*C(C*)c1ccc(cc1)C(CCN1CCOCC1)O,tg,50.0,98.00253372710766
*Oc1ccc(cc1)c1ccc(cc1)OC(*)(Oc1ccccc1)Oc1ccccc1,tg,112.0,145.2427495254676
*c1cc2c(C(=O)N(C2=O)c2ccc(cc2)C(c2ccc(cc2)C(c2ccc(cc2)N2C(=O)c3c(C2=O)cc(cc3)C(*)(C(F)(F)F)C(F)(F)F)(C)C)(C)C)cc1,tg,235.4,264.1585435820691
*c1cc2c(C(=O)N(C2=O)c2c(cc(cc2C)Cc2cc(c(c(c2)C)N2C(=O)c3c(C2=O)cc(cc3)C(=O)OCCN(CCOC(=O)*)c2ccc(cc2)C(=C(C#N)C#N)C#N)C)C)cc1,tg,208.0,195.11155638142677
*Oc1c(cc(cc1)Oc1ccc(cc1)C(=O)c1ccc(cc1)*)c1ccc(cc1)Oc1ccccc1,tg,146.0,164.23789103366144
*c1nc(nc(n1)c1ccc(cc1)Oc1ccc(cc1)C(c1ccc(cc1)Oc1ccc(cc1)*)(c1ccccc1)c1ccccc1)c1ccccc1,tg,261.0,214.9705925646626
*OC(=O)CCCC(=O)OCCOCC*,tg,-55.0,-45.27810491553351
*OC(=O)c1ccc(cc1)C(=O)OCC(C*)C,tg,55.0,45.327312902555896
*Nc1ccc(cc1)NC(=O)c1c(ccc(c1)c1cc(c(cc1)C(=O)O)C(=O)*)C(=O)O,tg,248.4,253.34824053310075
*Oc1ccc(cc1)S(=O)(=O)c1ccc(cc1)Oc1c(cc(c(c1C)Br)C(c1c(c(c(c(c1)C)*)C)Br)(C)C)C,tg,275.4,207.99641126131985
*OC(=O)C(C(=O)OCCC[Sn](CCC*)(C)C)CCCCCCOc1ccc(cc1)c1ccc(cc1)OCc1ccc(cc1)[N+](=O)[O-],tg,40.5,7.797925326725718
*C(C*)OC(=O)CC1CCCCC1,tg,25.0,43.717759687687455
*N1C(=O)c2c(C1=O)cc(cc2)c1cc2c(C(=O)N(C2=O)c2cc(ccc2)C(=O)Nc2ccc(cc2)Oc2ccc(cc2)c2ccc(cc2)Oc2ccc(cc2)NC(=O)c2cc(ccc2)*)cc1,tg,270.0,259.39314523694856
*c1cc2c(C(=O)N(C2=O)c2c(cc(cc2)c2cc(c(cc2)N2C(=O)c3c(C2=O)cc(cc3)C(=O)*)OCCCCCCOc2ccc(cc2)/C=C/c2ccc(cc2)F)OCCCCCCOc2ccc(cc2)/C=C/c2ccc(cc2)F)cc1,tg,128.0,134.33063153378458
*N1C(=O)c2c(C1=O)cc(cc2)Oc1cc2c(C(=O)N(C2=O)c2cc(ccc2)Oc2ccc(cc2)Oc2cc(ccc2)*)cc1,tg,204.0,205.2602139829004
*c1oc(nn1)c1ccc(cc1)C(=O)OCCCCCCCCCCOc1ccc(cc1)C=C1C(=O)C(=Cc2ccc(cc2)OCCCCCCCCCCOC(=O)c2ccc(cc2)*)CCCC1,tg,74.0,81.43182118631853
*C1C2C(C(=O)N(C2=O)c2ccc(cc2)F)C(C1)C=C*,tg,225.0,210.68453628092777
*Oc1c2c(ccc1)ccc(c2)Oc1ccc(cc1)NC(=O)c1ccc(cc1)Oc1ccc(cc1)S(=O)(=O)c1ccc(cc1)Oc1ccc(cc1)C(=O)Nc1ccc(cc1)*,tg,218.0,209.80577823435192
*Oc1cc(c(cc1)OC(COCCCCCCCOc1ccc(cc1)c1ccc(cc1)C(=O)*)C)[N+](=O)[O-],tg,50.0,75.04653402920113
*C(C*)c1ccc(cc1)c1ccccc1,tg,161.0,130.83201894118386
*C(=CCC*)c1ccccc1,tg,36.62,59.65847332000962
*Oc1ccc(cc1)C(c1ccc(cc1)Oc1ccc(cc1)C(=O)Nc1cc(c(cc1)c1c(cc(cc1)NC(=O)c1ccc(cc1)*)C(F)(F)F)C(F)(F)F)(C)C,tg,250.0,217.00904374457664
*O[Si](c1c(cc(c(c1)OCCO)[Si](*)(C)C)OCCO)(C)C,tg,73.0,35.74678403450956
*Oc1ccc(cc1)C(=O)c1ccc(cc1)OCCCCCCOC(=O)OCCCCCCCCOC(=O)OCCCCCC*,tg,-7.7,-11.629574727260216
*NC(=O)CCCCC(=O)NCCCP(=O)(CCCC*)C,tg,59.0,35.582368132698356
*OC(=O)c1ccc(cc1)C(=O)OCC(C(C*)C)C,tg,37.5,44.08827199679509
*SSCc1c(cccc1)C*,tg,39.0,54.34540377620219
*C(=C(*)c1ccccc1)CC,tg,200.0,169.47500675747716
*Oc1ccc(cc1)OC(=O)c1c(cc(cc1)C(=O)*)Sc1cc2c(cc1)cccc2,tg,148.0,171.86116255139075
*c1cc2c(C(=O)N(C2=O)c2c3c(ccc2)c(ccc3)N2C(=O)c3c(C2=O)cc(cc3)C(*)(C(F)(F)F)C(F)(F)F)cc1,tg,390.0,339.6424102482888
*c1nc(nc(c1c1ccc(cc1)OC)OCCOC(=O)c1ccc(cc1)C(=O)OCCO*)c1ccc(cc1)OCCCC,tg,94.0,88.20074040906215
*C(C*)C(=O)OC(C(F)(F)F)(C(F)(F)F)F,tg,7.5,17.128973469768134
*c1oc(nn1)c1ccc(cc1)NC(=O)c1cc(cc(c1)N1C(=O)c2c(C1=O)cccc2)*,tg,324.0,306.94833154055465
*c1nc(ccc1)c1cc(c(cc1)Oc1ccc(cc1)C(c1ccc(cc1)Oc1c(cc(cc1)*)C(F)(F)F)(C(F)(F)F)C(F)(F)F)C(F)(F)F,tg,148.67,145.1621897510558
*c1c(cc(cc1Cl)CC*)Cl,tg,110.0,102.18485962252772
*OP(=O)(OCCCCCCCCOc1c(cc(cc1)C=C1C(=O)C(=Cc2cc(c(cc2)OCCCCCCCC*)OC)CC1)OC)OC,tg,73.0,56.38412063061576
*c1cc2c(C(=O)N(C2=O)c2cc(ccc2)N2C(=O)c3c(C2=O)cc(cc3)C(=O)c2cc(ccc2)C(=O)*)cc1,tg,259.5,273.23783057082574
*Oc1c(cccc1)C(=O)OC(=O)c1c(cccc1)OC(=O)CCCCCCCC(=O)*,tg,25.0,43.267693584081236
*C(C*)C(=O)OCCCCCCC,tg,-60.0,-55.188849064424815
*c1cc2c(C(=O)N(C2=O)c2c(cc(cc2c2ccccc2)c2ccc(cc2)c2cc(c(c(c2)c2ccccc2)N2C(=O)c3c(C2=O)cc(cc3)C(=O)*)c2ccccc2)c2ccccc2)cc1,tg,265.0,311.88958545662575
*N1C(=O)c2c(C1=O)cc(cc2)Oc1cc2c(C(=O)N(C2=O)c2c(ccc(c2)C(c2cc(c(cc2)OCCN(c2ccc(cc2)C=CC2=CC(=C(C(=O)OCc3ccc(cc3)Oc3c(c(c(c(c3F)F)F)F)F)C#N)CC(C2)(C)C)c2ccccc2)*)(C(F)(F)F)C(F)(F)F)OCCN(c2ccc(cc2)C=CC2=CC(=C(C(=O)OCc3ccc(cc3)Oc3c(c(c(c(c3F)F)F)F)F)C#N)CC(C2)(C)C)C)cc1,tg,162.0,214.92844457056913
*C(C*)(C(=O)OCc1ccc2n(c3c(c2c1)cccc3)CCCCCCCC)C,tg,45.0,44.143959957020265
*C(C*)C(=O)Oc1ccccc1,tg,101.83,82.6738275334374
*NC(=O)CCCCC(=O)NCCCP(CCC*)CC(C)C,tg,71.0,34.11281486004304
*Oc1c(cc(cc1c1ccccc1)c1cc(c(c(c1)c1ccccc1)OC(=O)CCCCCCCCC(=O)*)c1ccccc1)c1ccccc1,tg,98.0,93.64415871593162
*N([Si](C[Si](*)(C)C)(C)C)CCC,tg,-47.5,-12.805835864581733
*OP(=O)(Oc1ccc(cc1)C(c1ccc(cc1)*)(C)C)OC1CCCCC1,tg,86.0,113.36847828602299
*Oc1c(cc(cc1OC)C=C1C(=O)C(=Cc2cc(c(c(c2)OC)OCCCCCCCCCC*)OC)CCC1)OC,tg,49.0,71.36444712583247
*C(C*)c1[nH]nnn1,tg,72.0,73.32808355748124
*Oc1ccc(cc1)NC(=O)C=CC(=O)NNC(=O)C=CC(=O)Nc1ccc(cc1)OC(=O)C=CC(=O)NNC(=O)C=CC(=O)*,tg,265.0,145.2832456139089
*O[Si](c1ccc(cc1)c1ccc(cc1)[Si](*)(C)C)(C)C,tg,67.0,50.20379612725503
*OC(=O)c1c(cc(cc1)C(=O)OCCN(CC*)c1ccc(cc1)c1oc2c(n1)ccc(c2)[N+](=O)[O-])OCCC,tg,119.0,115.19045972749477
*Oc1ccc(cc1)C(c1ccc(cc1)Oc1ccc(cc1)C(=O)c1c(c(c(c(c1c1ccc(cc1)F)c1ccc(cc1)F)c1ccc(cc1)F)c1ccc(cc1)F)C(=O)c1ccc(cc1)*)(C(F)(F)F)C(F)(F)F,tg,253.0,246.67898706135006
*OC1CCC(CC1)OC(=O)c1ccc(cc1)C(=O)*,tg,94.3,147.811429977318
*S(=O)(=NP(=NP(=N*)(NCC)NCC)(NCC)NCC)NCC,tg,4.0,15.927081032505159
*c1cc2c(C(=O)N(C2=O)c2ccc(cc2)Oc2ccc(cc2)N2C(=O)c3c(C2=O)cc(cc3)C(=O)Nc2c(cc(cc2)NC(=O)*)OCCCCCCS(=O)(=O)c2ccc(cc2)C=Cc2ccc(cc2)N(C)C)cc1,tg,192.0,184.02801064400563
*c1sc(cc1)c1sc(cc1)c1sc(cc1)[Si]([Si](*)(C)C)(C)C,tg,45.0,19.006460783747627
*C1(c2c(C(=O)O1)cccc2)c1ccc(cc1)OC(=O)c1cc(cc(c1)Cl)C(=O)Oc1ccc(cc1)*,tg,313.0,254.7630050467595
*OC(=O)CCCCCCCCCC*,tg,-46.05,-22.085314127875662
*OC(=O)OCC*,tg,15.33,-10.872079852121317
*Oc1ccc(cc1)NC(=O)c1cc(cc(c1)C(C)(C)C)C(=O)Nc1ccc(cc1)Oc1ccc(cc1)C1(C2CCC(C1)C2)c1ccc(cc1)*,tg,272.0,273.7809753868307
*N1C(=O)c2c(C1=O)cc(cc2)Oc1ccc(cc1)C(=O)c1ccc(cc1)Oc1cc2c(C(=O)N(C2=O)c2ccc(cc2)Oc2ccc(cc2)*)cc1,tg,210.0,230.87370406240777
*c1cc2c(C(=O)N(C2=O)c2cc(ccc2)Cc2ccc(cc2)Cc2ccc(cc2)Cc2cc(ccc2)N2C(=O)c3c(C2=O)cc(cc3)C(=O)*)cc1,tg,235.5,242.09915853498893
*NC(=O)Cc1ccc(cc1)CC(=O)NCCCCCCCC*,tg,110.0,73.41039023136376
*Oc1ccc(cc1)N=CC=Nc1ccc(cc1)OC(=O)NC1CC(CC(C1)(CNC(=O)*)C)(C)C,tg,62.0,116.95618319957475
*N1C(=O)c2c(C1=O)c(ccc2)Oc1c(cc(c(c1)C(C)(C)C)Oc1c2c(C(=O)N(C2=O)c2ccc(cc2)Oc2ccc(cc2)c2ccc(cc2)Oc2ccc(cc2)*)ccc1)C(C)(C)C,tg,275.0,239.82277281539396
*C1C2CC(C(C1*)C2)C,tg,350.0,144.14270876398348
*c1cc2c(C(=O)N(C2=O)c2c(ccc(c2)N2C(=O)c3c(C2=O)cc(cc3)C(=O)Nc2c(cc(cc2CC)Cc2cc(c(c(c2)CC)NC(=O)*)CC)CC)N=Nc2ccc(cc2)C)cc1,tg,269.0,237.63089658167846
*N1C(=O)C2C(C1=O)CC(CC2)C1CC2C(C(=O)N(C2=O)c2cc(ccc2)*)CC1,tg,263.0,294.40052589274285
*Oc1ccc(cc1)N1ON1c1ccc(cc1)OCCCCCCOC(=O)C(C(=O)OCCCCCC*)CCCCCBr,tg,7.0,26.326120899934843
*OC(C*)c1occc1,tg,12.5,51.78139654795091
*[Si](CCC*)(C)C,tg,-72.5,-37.81619765182657
*OC(=O)c1ccc(cc1)c1ccc(cc1)c1ccc(cc1)C(=O)OCCOCCOCCOCC*,tg,20.0,32.10439759580865
*c1cc2c(C(=O)N(C2=O)c2ccc(cc2)OCCCCCCOc2ccc(cc2)N2C(=O)c3c(C2=O)cc(cc3)C(*)(C(F)(F)F)C(F)(F)F)cc1,tg,167.0,185.8607071838954
*c1cc2c(C(=O)N(C2=O)c2ccc(cc2)Oc2ccc(cc2)N2C(=O)c3c(C2=O)cc(cc3)C(=O)c2cc(cc(c2)c2ccccc2)C(=O)*)cc1,tg,258.5,266.10947792906774
*C1COC2C1OCC2OC(=O)C(NC(=O)CCCCC(=O)NC(C(=O)O*)C(CC)C)C(CC)C,tg,102.0,59.57084743279031
*C(C*)(C(=O)OC1CCC(CC1)C(C)(C)C)C,tg,122.36,118.12709110800012
*C(C*)C(=O)Oc1c(cccc1)C,tg,51.5,50.943341498708755
*Nc1ccc(cc1)NC(=O)c1c(cc(c(c1)C(=O)*)C(=O)OCC)C(=O)OCC,tg,221.6,185.94752097739467
*Oc1c(cc(cc1c1ccccc1)*)c1ccc(cc1)C(C)(C)C,tg,240.0,191.45917910994882
*c1cc2c(C(=O)N(C2=O)c2c(ccc(c2)N2C(=O)c3c(C2=O)cc(cc3)C(=O)*)Oc2ccc(cc2)C(c2ccccc2)(C)C)cc1,tg,267.0,266.5718165860066
*C(C*)C(=O)Oc1ccc(cc1)C(=O)OCCCC,tg,13.0,33.79689990263172
*C(C*)NC(=O)OC(C)(C)C,tg,120.0,73.23671767387435
*C=C(C(C*)(F)F)F,tg,-35.0,16.813185532262164
*c1c(c2c(C(=O)N(C2=O)c2ccc(cc2)N2C(=O)c3c(C2=O)c(c(c(c3c2ccccc2)c2ccccc2)c2ccc(cc2)Oc2ccc(cc2)*)c2ccccc2)c(c1c1ccccc1)c1ccccc1)c1ccccc1,tg,418.5,366.21131071826386
*c1oc(nn1)c1ccc(cc1)Oc1cc(ccc1)NC(=O)c1cc(cc(c1)N1C(=O)c2c(C1=O)c(c(c(c2Cl)Cl)Cl)Cl)C(=O)Nc1cc(ccc1)Oc1ccc(cc1)*,tg,275.0,238.678281968917
*Oc1c(cc(cc1)c1ccc(cc1)OC(=O)c1ccc(cc1)C(=O)*)c1ccccc1,tg,132.0,171.4764982704673
*c1c(nc2c(c1c1ccccc1)cc(cc2)Oc1cc2c(nc(c(c2c2ccccc2)c2ccc(cc2)Oc2ccc(cc2)*)c2ccccc2)cc1)c1ccccc1,tg,252.5,294.92729150422934
*OC1CCC(CC1)OC(=O)OCCCCCCOC(=O)*,tg,10.0,11.477933716893729
*c1nc2c(nc1)cc(cc2)c1ccc2c(nc(cn2)c2ccc(cc2)Oc2ccc(cc2)Oc2ccc(cc2)*)c1,tg,235.0,269.5844627132568
*S(=O)(=O)c1ccc(cc1)N[Se]Nc1ccc(cc1)*,tg,62.0,160.04217108563847
*c1oc(nn1)c1ccc(cc1)Oc1cc(ccc1)N1C(=O)c2c(C1=O)cc(cc2)[Si](O[Si](c1cc2c(C(=O)N(C2=O)c2cc(ccc2)Oc2ccc(cc2)*)cc1)(C)C)(C)C,tg,165.0,253.5650777181159
*N1C(=O)c2c(C1=O)cc(cc2)Oc1ccc(cc1)Sc1ccc(cc1)Oc1cc2c(C(=O)N(C2=O)c2cc(ccc2)*)cc1,tg,209.0,218.97379360042027
*C(C*)(C(=O)OCCN(c1ccc(cc1)N=Nc1c(cc(cc1)N=Nc1ccc(cc1)C#N)C)C)C,tg,111.57,117.34125011224044
*C(C*)(C(=O)OCCCCCCCC[n+]1ccc(cc1)N(C)C)C,tg,70.0,27.12565932873128
*c1nc2c([nH]1)cc(cc2)c1cc2c(nc([nH]2)c2cc3c(cc2)cc(cc3)*)cc1,tg,403.0,374.7402321540449
*c1cc2c(C(=O)N(C2=O)c2ccc(cc2)Cc2ccc(cc2)N2C(=O)c3c(C2=O)cc(cc3)C(=O)c2ccc(cc2)Oc2ccc(cc2)Oc2ccc(cc2)C(=O)*)cc1,tg,225.0,239.92380853563702
*c1sc(cc1CCCCCCCC)c1sc(c(c1)CCCCCCCC)c1ccc(cc1)*,tg,50.4,26.97074505416854
*C(C*)(C(=O)OCc1ccc2n(c3c(c2c1)cccc3)CCCCCCCCCCCCCCCC)C,tg,23.0,52.778741255767095
*C(C*)(OC)C,tg,67.0,23.62931892451962
*SC(=O)CCC(CC*)C,tg,-50.0,21.095003264825763
*[Si](CC(C*)c1c2c(ccc1)cccc2)(C)C,tg,39.0,73.59045892166783
*S(=O)(=O)c1ccc(cc1)NC(=O)c1cc(cc(c1)NC(=O)c1ccc(cc1)NC(=O)C(N1C(=O)c2c(C1=O)cccc2)C)C(=O)Nc1ccc(cc1)*,tg,208.0,251.50872387324935
*OC(=O)c1cc2c(C(CC2(c2ccc(cc2)C(=O)OCC*)C)(C)C)cc1,tg,154.0,117.2328861273187
*c1cc2c(C(=O)N(C2=O)c2ccc(cc2)Oc2ccc(cc2)N2C(=O)c3c(C2=O)cc(cc3)C(=O)Nc2ccc(cc2)Cc2ccc(cc2)NC(=O)*)cc1,tg,270.0,259.6987124687082
*P1(=NP(=NP(=N1)(Oc1ccc(cc1)C(=O)OCCC)Oc1ccc(cc1)C(=O)OCCC)(Oc1ccc(cc1)C(c1ccc(cc1)O*)(C)C)Oc1ccc(cc1)C(=O)OCCC)Oc1ccc(cc1)C(=O)OCCC,tg,26.0,103.62355951089448
*C(=C(C(C*)(F)F)F)Cl,tg,-17.0,51.55941976965006
*Oc1ccc(cc1)S(=O)(=O)c1ccc(cc1)Oc1ccc(cc1)NC(=O)c1cc(cc(c1)NC(=O)c1ccncc1)C(=O)Nc1ccc(cc1)*,tg,283.0,268.69160099717493
*C(C(*)F)C(F)(F)F,tg,87.0,15.33204762642598
*Oc1ccc(cc1)C(c1ccc(cc1)OC*)(C(F)(F)F)C(F)(F)F,tg,123.0,100.24343409382567
*N1C(=O)c2c(C1=O)cc(cc2)S(=O)(=O)c1cc2c(C(=O)N(C2=O)c2ccc(cc2)Oc2cc3c(cc2Oc2ccc(cc2)*)cccc3)cc1,tg,275.0,277.88119431911906
*c1cc2c(C(=O)N(C2=O)C2CCC(CC2)CC2CCC(CC2)N2C(=O)c3c(C2=O)cc(cc3)C(=O)*)cc1,tg,254.0,264.0163221659606
*C1C2C(C(=O)N(C2=O)CCC)C(C1)C=C*,tg,139.0,146.1294492880738
*c1sc(cc1)c1sc(c(c1)CCCCCCCC)c1sc(cc1)c1sc(cc1)c1sc(cc1CCCCCCCC)c1sc(cc1)[Si]([Si](*)(CCCC)CCCC)(CCCC)CCCC,tg,-10.0,18.885209387394024
*Oc1ccc(cc1)C1(c2ccccc2c2ccccc12)c1ccc(cc1)OCC(COc1ccc(cc1)C(c1ccc(cc1)OCC(C*)O)(C)C)O,tg,161.0,122.58794155812267
*Oc1ccc(cc1)CC(NC(=O)CCc1ccc(cc1)OC(=O)CCC(CC(=O)*)C)C(=O)OC,tg,53.0,61.28367458668463
*C1C(=O)N(C(=O)C1C(C*)(C)C)CCCC,tg,80.0,126.77565279937096
*NC(=O)CC(c1ccc(cc1)C(CC(=O)NCCCCCC*)(C)C)(C)C,tg,91.0,91.40040190064643
*OC(=O)Nc1c(ccc(c1)NC(=O)OCCN(CC*)c1ccc(cc1)C=Cc1cc[n+](cc1)CCCC)C,tg,121.0,87.83685810820656
*N1C(=O)c2c(C1=O)cc(cc2)Oc1ccc(cc1)C1(CCC(CC1)c1ccccc1)c1ccc(cc1)Oc1cc2c(C(=O)N(C2=O)c2ccc(cc2)Oc2c(cc(cc2)Oc2ccc(cc2)*)C(C)(C)C)cc1,tg,236.0,243.12658686880258
*Oc1c(c2c(cc1)cccc2)Sc1c2c(ccc1OCC(=O)Nc1ccc(cc1)Cc1ccc(cc1)NC(=O)C*)cccc2,tg,241.0,232.08063711403886
*C(C*)(C(=O)OCC[N+](CCCCS(=O)(=O)O)(C)C)C,tg,261.0,38.912464263474035
*Nc1cc(cc(c1)C(=O)Nc1ccc2C(=O)c3c(C(=O)c2c1)cccc3)NC(=O)Nc1ccc(cc1)NC(=O)*,tg,184.0,194.21203537929395
*OC(=O)C(NC(=O)CCCCC(=O)NC(C(=O)OCC=CC*)Cc1ccccc1)Cc1ccccc1,tg,61.0,93.81415931065492
*N=Nc1ccc(cc1)Nc1ccc(cc1)C(=O)c1ccc(cc1)Nc1ccc(cc1)*,tg,216.42,203.42806614507947
*NC(=O)CCCCCCCCCCCCCCCCC(=O)NCc1ccc(cc1)C*,tg,75.0,93.4117555774366
*Oc1ccc(cc1)C(c1ccc(cc1)OC(=O)CC(CCC(=O)*)C)(C)C,tg,56.0,59.26451828979608
*OC(=O)c1ccc(cc1)C(=O)OCCCCCCC*,tg,-1.0,14.430075408823223
*N1C(=O)C2CCC3C(C2C1=O)C(=O)N(C3=O)c1ccc(cc1)Oc1ccc(cc1)*,tg,342.0,364.58997292814666
*C1C(=O)N(C(=O)C1C(C*)c1ccccc1)CCCN(c1cc(c(cc1)N=Nc1c(cc(cc1)[N+](=O)[O-])Cl)C)CC,tg,149.0,149.03856870415407
*c1c(cc(c(c1)OC)C=Cc1c(cc(c(c1)OC)C=C*)OCC(CCCC)CC)OC,tg,110.0,144.04404989926974
*N1C(=O)c2c(C1=O)cc(cc2)Oc1c(cccc1)Oc1cc2c(C(=O)N(C2=O)c2ccc(cc2)Oc2ccc(cc2)*)cc1,tg,212.0,225.66329289295211
*c1ccc(cc1)c1c(cc(c(c1c1ccccc1)c1ccccc1)c1ccc(cc1)c1c(c(c(c(c1)c1ccccc1)c1ccc(cc1)CCCCCCCCCC*)c1ccccc1)c1ccccc1)c1ccccc1,tg,235.0,189.56449606682685
*C(C*)C(=O)OCCOC(C(F)F)(F)F,tg,-22.0,1.9147027209985028
*c1nc2c(nc1c1ccccc1)cc(cc2)c1cc2c(nc(c(n2)c2ccccc2)c2ccc(cc2)Oc2ccc(cc2)Oc2ccc(cc2)Oc2ccc(cc2)*)cc1,tg,263.0,251.88451218161472
*C1COC2C1OCC2OC(=O)C(NC(=O)CCCCCCCCC(=O)NC(C(=O)O*)Cc1ccccc1)Cc1ccccc1,tg,74.0,76.82415037730247
*[Si](C#Cc1cc(ccc1)C#C*)(C)C,tg,50.0,91.24850755824939
*c1sc(cc1)c1cc(c(cc1)Oc1ccc(cc1)C(c1ccc(cc1)Oc1c(cc(cc1)*)C(F)(F)F)(C(F)(F)F)C(F)(F)F)C(F)(F)F,tg,153.33,157.0249248609673
*c1cc2c(C(=O)N(C2=O)c2c(cc(c(c2)N2C(=O)c3c(C2=O)cc(cc3)C(=O)*)O)O)cc1,tg,324.0,302.6116267095322
*c1cc2c(C(=O)N(C2=O)C2C(=O)N(C(=O)C2)c2ccc(cc2)NC(=O)*)cc1,tg,120.0,174.2880493851244
*C(C*)(C(=O)OCCCCOc1ccc(cc1)OC(=O)c1ccc(cc1)OCCCCCC)C,tg,34.0,33.30750041285378
*Oc1ccc(cc1)C(c1ccc(cc1)OC(=O)c1ccc(cc1)C(=O)*)(c1ccccc1)c1ccccc1,tg,210.0,209.83643783819946
*c1c([nH]c(n1)c1ccc(cc1)c1[nH]c(c(n1)c1ccc(cc1)Oc1ccc(cc1)C(=O)c1ccc(cc1)Oc1ccc(cc1)*)c1ccccc1)c1ccccc1,tg,279.0,278.5996702929088
*Nc1cc(cc(c1)C(=O)Oc1ccccc1)NC(=O)c1ccc(cc1)C(=O)*,tg,200.0,242.23289739129308
*OP(=O)(Oc1c(cc(cc1Br)C(c1cc(c(c(c1)Br)*)Br)(C(F)(F)F)C(F)(F)F)Br)Oc1ccc(cc1)[N+](=O)[O-],tg,154.0,141.71225955092984
*c1cc2c(C(=O)N(C2=O)c2cc(cc(c2)OCCCCCCCC)N2C(=O)c3c(C2=O)cc(cc3)C(=O)*)cc1,tg,195.0,219.31549201352001
*NC(=O)c1c(cc(cc1)C(=O)NCCCCCC*)Oc1ccc(cc1)F,tg,112.5,121.86530527878912
*Oc1cc(ccc1)NC(=O)CCCCCC(=O)Nc1cc(ccc1)OCC(COc1ccc(cc1)C(c1ccc(cc1)OCC(C*)O)(C)C)O,tg,107.0,97.03439619402452
*c1nc2c(nc1)ccc(c2)c1ccc2c(nc(cn2)c2ccc(cc2)Oc2ccc(cc2)Oc2ccc(cc2)*)c1,tg,235.0,250.53962121045393
*N1C(=O)c2c(C1=O)cc(cc2)c1cc2c(C(=O)N(C2=O)CCC[Si](O[Si](CCC*)(C)C)(C)C)cc1,tg,75.0,99.99836722660191
*Oc1ccc(cc1)C(=O)c1ccc(cc1)OCCCCCCOC(=O)OCCCCCCCCCCCCOC(=O)OCCCCCC*,tg,-8.0,-8.547646247702911
*C1CC2CC(CC(C1)O2)OC(=O)c1ccc(cc1)C(=O)O*,tg,207.0,130.68673406990396
*OC(=O)c1ccc(cc1)SCCCCSc1ccc(cc1)C(=O)*,tg,62.0,92.61889126334381
*Oc1c(c(c(c(c1F)F)COC(c1cc(ccc1)C(OCc1c(c(c(c(c1F)F)Oc1ccc(cc1)Cc1ccc(cc1)*)F)F)(C(F)(F)F)C(F)(F)F)(C(F)(F)F)C(F)(F)F)F)F,tg,94.0,180.76783146678883
*Oc1ccc(cc1)C(=Nc1ccc(cc1)N=C(c1ccc(cc1)Oc1ccc(cc1)C(c1ccc(cc1)*)(C)C)c1ccccc1)c1ccccc1,tg,161.0,173.8001340532007
*Oc1ccc(cc1)C(c1ccc(cc1)Oc1ccc(cc1)C(=O)c1cc2c(cc1)cc(cc2)C(=O)c1ccc(cc1)*)(C)C,tg,185.0,186.8688987865957
*OC(COC(=O)c1c2c(c(cc1)C(=O)*)cccc2)COc1ccc(cc1)N=Nc1ccc(cc1)C#N,tg,117.0,137.04265358014501
*N1C(=O)c2c(C1=O)cc(cc2)c1cc2c(C(=O)N(C2=O)c2cc(ccc2)OCCCCCCCCCCOc2cc(ccc2)*)cc1,tg,125.0,139.67775829746944
*N(c1ccc(cc1)C(c1ccc(cc1)*)c1ccc(cc1)C#N)c1ccc(cc1)C,tg,230.0,169.75347614447435
*Oc1ccc(cc1)Oc1ccc(cc1)C(=O)c1ccc(cc1)C(=O)c1ccc(cc1)*,tg,149.5,160.6454336993898
*Nc1cc(cc(c1)C(=O)Oc1ccc(cc1)c1ccccc1)NC(=O)c1ccc(cc1)C(=O)*,tg,178.0,222.5919665273015
*OC(=O)c1c(cc(cc1)C(=O)OCCN(CC*)c1ccc(cc1)N=Nc1ccc(cc1)c1nc2c([nH]1)ccc(c2)[N+](=O)[O-])OCCC,tg,152.0,126.53673944273999
*c1oc(nn1)c1sc(c(c1)CCCCCCCCCC)c1sc(cc1CCCCCCCCCC)c1oc(nn1)c1c(cc(c(c1)OCCCCCCCC)*)OCCCCCCCC,tg,53.8,67.31334486887518
*c1cc2c(C(=O)N(C2=O)c2cc(ccc2)Cc2ccc(cc2)Cc2cc(ccc2)N2C(=O)c3c(C2=O)cc(cc3)C(=O)*)cc1,tg,240.0,299.49409885562915
*Oc1ccc(cc1)CC(NC(=O)Cc1ccc(cc1)OC(=O)CCCCC(=O)*)C(=O)OCCCCCCCC,tg,28.0,35.89438384781069
*Oc1c(cc(c(c1)OC(=O)c1ccc(cc1)OCC)OC(=O)CCCCCCCCCCCCCCC(=O)*)OC(=O)c1ccc(cc1)OCC,tg,31.0,37.48795822877146
*C1(c2c(C(=O)N1c1ccccc1)cccc2)c1ccc(cc1)OC(=O)c1ccc(cc1)[Si](c1ccc(cc1)C(=O)Oc1ccc(cc1)*)(C)C,tg,255.0,243.16496292248834
*Oc1ccc(cc1)Oc1ccc(cc1)OC(=O)NC(=O)c1cc(cc(c1)C(C)(C)C)C(=O)NC(=O)*,tg,114.5,157.83360655033653
*c1cc2c(C(=O)N(C2=O)c2c(cc(c(c2C)N2C(=O)c3c(C2=O)cc(cc3)C(=O)*)C)C)cc1,tg,401.33,359.7509645426827
*c1oc(cc1)CC*,tg,23.0,35.90404283364411
*N1C(=O)c2c(C1=O)cc(c(c2)c1ccc(cc1)[Si](C)(C)C)c1cc2c(C(=O)N(C2=O)c2ccc(cc2)C(c2ccc(cc2)*)(C(F)(F)F)C(F)(F)F)cc1c1ccc(cc1)[Si](C)(C)C,tg,365.0,259.1402425904577
*Nc1ccc(cc1)c1ccc(cc1)NC(=O)c1cc(cc(c1)S(=O)(=O)c1ccccc1)C(=O)*,tg,319.0,300.72372053059365
*Oc1ccc(cc1)NC(=O)c1cc(cc(c1)C(C(C(C(F)(F)F)(F)F)(F)F)(F)F)C(=O)Nc1ccc(cc1)*,tg,257.0,210.18824343305434
*c1n(nc(c1)c1ccc(cc1)Oc1ccc(cc1)C(=O)c1cc(ccc1)C(=O)c1ccc(cc1)Oc1ccc(cc1)*)c1ccccc1,tg,190.0,206.30365045721462
*C(C*)C(=O)OCCOCC,tg,-50.0,-65.12884478196065
*Oc1cc(ccc1)C(=O)OCCN(CCOC(=O)c1cc(ccc1)OCC#CC#CC*)c1ccc(cc1)N=Nc1ccc(cc1)C#N,tg,50.0,104.62097285584517
*C(C*)C(=O)OC(C(C(C(C(C(C(C(F)(F)F)(F)F)(F)F)(F)F)(F)F)(F)F)(F)F)(F)F,tg,9.0,-1.2717411515933015
*S(=O)(=O)c1ccc(cc1)NC(=O)c1cc(cc(c1)S(=O)(=O)c1ccccc1)C(=O)Nc1ccc(cc1)*,tg,307.0,262.1600087644778
*c1cc2c(=O)n(c(=O)c3ccc4c5c(cc6c(=O)n(c(=O)c7ccc(c1c4c23)c5c67)CCCCCCCC)Oc1ccc(cc1)C=Cc1c(cc(c(c1)OCCCCCCCC)C=Cc1ccc(cc1)O*)OCCCCCCCC)CCCCCCCC,tg,103.0,87.79837080266051
*Oc1ccc(cc1)C(c1ccc(cc1)OC(=S)*)c1c2c(ccc1)cccc2,tg,191.0,203.38140831226292
*C(C*)n1c2c(c3ccccc3cc2)c2c1cccc2,tg,285.5,247.03948294334398
*C(C*)c1ccc(cc1)C(=O)OCC(C)C,tg,90.0,79.51743131631868
*Nc1cc(ccc1)C=Cc1ccc(cc1)NC(=O)c1cc(ccc1)C(=O)*,tg,272.0,263.62719970168473
*OC(=O)c1cc2c(cc1)cc(cc2)C(=O)OCCCCCCCCCCCC*,tg,38.5,32.26091081730475
*c1cc2c(C(=O)N(C2=O)c2ccc(cc2)Oc2ccc(cc2)C2(C3C4C(CCC4)C(C2)C3)c2ccc(cc2)Oc2ccc(cc2)N2C(=O)c3c(C2=O)cc(cc3)C(=O)Nc2ccc(cc2)Oc2ccc(cc2)NC(=O)*)cc1,tg,250.0,287.2915266293111
*N1C(=O)c2c(C1=O)c(ccc2)c1cc2c(C(=O)N(C2=O)c2cc(ccc2)C(=O)Nc2ccc(cc2)Oc2ccc(cc2)Oc2ccc(cc2)NC(=O)c2cc(ccc2)*)cc1,tg,268.0,262.69024323771765
*c1nc(nc(n1)N(CCCCCCN(*)C)C)c1ccccc1,tg,57.0,83.982260554634
*OP(=O)(Oc1c(cc(cc1C)S(=O)(=O)c1cc(c(c(c1)C)*)C)C)Oc1ccccc1,tg,142.0,124.52907329525337
*c1nc(ccc1)Oc1c(cc(cc1)O*)C,tg,89.0,117.14310025214975
*c1cc2c(C(=O)N(C2=O)c2cc(ccc2)Nc2ncnc(n2)Nc2cc(ccc2)N2C(=O)c3c(C2=O)cc(cc3)C(=O)*)cc1,tg,290.0,290.4756712274286
*Oc1ccc(cc1)C(c1cc(c(c(c1)Cl)OC(=O)*)Cl)(C)C,tg,186.0,178.201176373681
*C(C*)(C(=O)OCCN(c1ccc(cc1)N=Nc1ccc(cc1)S(=O)(=O)C)CC)C,tg,144.0,123.93593103393594
*c1cc2c(C(=O)N(C2=O)c2ccc(cc2)C(=O)OCCCCCCOC(=O)*)cc1,tg,80.5,71.32852723266468
*Oc1ccc(cc1)c1ccc(cc1)C(=O)OCC(COC(=O)c1ccc(cc1)c1ccc(cc1)OC(CC*)C)C,tg,88.33,88.75039021131349
*N1C(=O)c2c(C1=O)cc(cc2)c1cc2c(C(=O)N(C2=O)c2cc(ccc2)C(=O)Nc2cc(ccc2)S(=O)(=O)c2cc(ccc2)NC(=O)c2cc(ccc2)*)cc1,tg,247.0,266.909322751383
*OC(=O)c1cc(cc(c1)OCc1c(c(c(c(c1F)F)OC)F)F)C(=O)OCCN(CC*)c1ccc(cc1)C=Cc1sc(cc1)C=CC1=C(C(=C(C#N)C#N)OC1(c1ccccc1)C(F)(F)F)C#N,tg,140.0,133.38042005448642
*Oc1ccc(cc1)NC(=O)c1ccc(cc1)OCC(COc1ccc(cc1)C(c1ccc(cc1)OCC(C*)O)(C)C)O,tg,127.0,124.38690978952108
*C(C*)C(=O)OCCOc1ccc(cc1)C(=O)Oc1ccc(cc1)OC,tg,70.0,52.25449098495449
*Oc1ccc(cc1)c1ccc(cc1)c1c(c(c(c(c1)c1ccccc1)c1ccc(cc1)c1ccc(cc1)OC(=O)c1c(cc(cc1)C(=O)*)c1ccccc1)c1ccccc1)c1ccccc1,tg,260.0,219.53523413799834
*c1n(cnc1C(=O)NCC(CNC(=O)*)(C)C)C,tg,152.0,133.70785716257512
*Sc1c(cc(cc1C)*)C,tg,198.0,93.3554258780758
*C(C*)(C(=O)OCc1c(c(ccc1)Cl)Cl)C,tg,42.6,45.582326231897206
*c1cc2c(C(=O)N(C2=O)c2c(cccc2)Oc2ccc(cc2)N2C(=O)c3c(C2=O)cc(cc3)C(*)(C(F)(F)F)C(F)(F)F)cc1,tg,276.0,277.8988362551007
*Oc1c(cc(cc1Cl)C(c1cc(c(c(c1)Cl)OCC(C*)OC(=O)C)Cl)(C)C)Cl,tg,100.0,120.86417919553904
*N1C(=O)c2c(C1=O)cc(cc2)Oc1c(cccc1)Oc1cc2c(C(=O)N(C2=O)c2cc(c(cc2)Oc2c(cccc2)Oc2c(cc(cc2)*)C(F)(F)F)C(F)(F)F)cc1,tg,185.0,212.98156371429548
*Oc1ccc(cc1)OC(=O)c1c(cc(c(c1)OCCCCCOCC1N(CCC1)c1ccc(cc1)[N+](=O)[O-])C(=O)*)OCCCCCOCC1N(CCC1)c1ccc(cc1)[N+](=O)[O-],tg,63.0,60.5530886651959
*N1C(=O)c2c(C1=O)cc(cc2)Oc1cc2c(C(=O)N(C2=O)c2cc(ccc2)P(=O)(c2cc(ccc2)*)c2cc(cc(c2)C(F)(F)F)C(F)(F)F)cc1,tg,228.0,230.55126049088776
*N1C(=O)c2c(C1=O)cc(cc2)NC(=O)Nc1ccc(cc1)NC(=O)Nc1cc2c(C(=O)N(C2=O)c2ccc(cc2)c2nc(cc(c2)c2ccc(cc2)c2ccccc2)c2ccc(cc2)*)cc1,tg,243.0,276.88290794994145
*C(C*)C#N,tg,93.96,73.69205236940867
*C(C*)c1cc(c(cc1)Cl)[N+](=O)[O-],tg,132.9,127.52502941526646
*C=CCCCCCCCCCC(CCCCCCCCC*)COCCOCCOCCOCCOCc1c2ccc3cccc4ccc(cc1)c2c34,tg,-36.0,19.2958520926022
*Oc1ccc(cc1)c1ccc(cc1)Oc1ccc(cc1)C(=O)c1c(c(c(c(c1c1ccccc1)c1cc2c(cc1)cccc2)c1cc2c(cc1)cccc2)c1ccccc1)C(=O)c1ccc(cc1)*,tg,290.0,287.53580063987147
*Oc1ccc(cc1)C(=O)c1cc(ccc1)C(=O)c1ccc(cc1)*,tg,139.0,152.85196308501105
*N1C(=O)c2c(C1=O)cc(cc2)Oc1cc2c(C(=O)N(C2=O)c2c(cc(c(c2C)C(=O)c2cc(ccc2)*)C)C)cc1,tg,287.0,281.7914868274627
*c1nc(nc(c1c1ccc(cc1)OC)OCCOC(=O)CCCC(=O)OCCO*)c1ccc(cc1)OC,tg,57.0,63.19767627263826
*c1cc2c(C(=O)N(C2=O)c2cc(cc(c2)C(F)(F)F)N2C(=O)c3c(C2=O)cc(c(c3)Cl)C(=O)*)cc1Cl,tg,305.0,285.9388869773633
*OC(=O)C(C*)(CC)CC,tg,60.0,7.837028823281458
*Oc1ccc(cc1)C(c1ccc(cc1)OC(=O)*)C(Cl)Cl,tg,165.0,167.63729897898068
*N1C(=O)c2c(C1=O)cc(cc2)C(=O)c1cc2c(C(=O)N(C2=O)CCCCCC(=O)Nc2cc(ccc2)Oc2ccc(cc2)NC(=O)CCCCC*)cc1,tg,170.0,174.32819365229636
*c1sc(nn1)c1ccc(cc1)OC(=O)CCCCCCCCC(=O)Oc1ccc(cc1)C=C*,tg,30.0,53.17730168957627
*c1c2C(=O)N(C(=O)c2c(c2ccccc12)c1ccc(cc1)Oc1ccc(cc1)C(=O)c1ccc(cc1)Oc1ccc(cc1)*)c1cc(ccc1)C(F)(F)F,tg,252.0,263.3336584889948
*C1(C(=O)OC(=O)C(C1)(C*)C)C,tg,144.0,168.41363435512244
*c1nc(nc(n1)c1ccc(cc1)Oc1ccc(cc1)Oc1ccc(cc1)*)c1ccccc1,tg,244.0,266.3510082485181
*OC(=O)Nc1c(ccc(c1)NC(=O)OCCN(CC*)c1ccc(cc1)N=Nc1c(cc(c(c1)OC)N=Nc1ccc(cc1)[N+](=O)[O-])OC)C,tg,150.0,134.03592177131387
*O[Si](CCCC(=O)Oc1ccc(cc1)C=Nc1ccc(cc1)Cc1ccc(cc1)N=Cc1ccc(cc1)OC(=O)CCC[Si](*)(C)C)(C)C,tg,68.0,66.02398816624755
*NC(=O)c1ccc(cc1)C(=O)NCC(CC(CC*)CC)C,tg,139.0,143.57870076933966
*Oc1c(cc(cc1OC)C=C1C(=O)C(=Cc2cc(c(c(c2)OC)OCCCCCCCC*)OC)CCC1)OC,tg,62.0,53.96743425000981
*Oc1ccc(cc1)NC(=O)c1ccc(cc1)C(=O)Nc1ccc(cc1)Oc1ccc(cc1)C1(C2CCC(C1)C2)c1ccc(cc1)*,tg,281.0,250.1796317287953
*N1C(=O)c2c(C1=O)cc(cc2)C(=O)c1cc2c(C(=O)N(C2=O)CCCCCC(=O)Nc2ccc(cc2)Cc2ccc(cc2)NC(=O)CCCCC*)cc1,tg,187.0,161.12079501898805
*N(CC*)C(=O)c1ccccc1,tg,108.5,93.82762825822266
*C(C*)(C(=O)Oc1ccc(cc1)c1oc(nn1)c1ccc(cc1)C(C)(C)C)C,tg,156.0,101.94368063189565
*NC(=O)c1c(cc(cc1)C(=O)NCCCCCC*)Oc1ccc(cc1)Br,tg,116.0,124.71535802568874
*c1cc2c(C(=O)N(C2=O)c2c(cc(cc2C)Cc2cc(c(c(c2)C)N2C(=O)c3c(C2=O)cc(cc3)C(=O)OCCN(CCOC(=O)*)c2ccc(cc2)N=Nc2c(cc(cc2)[N+](=O)[O-])[N+](=O)[O-])C)C)cc1,tg,176.0,180.70597708796774
*Oc1ccc(cc1)C(c1ccc(cc1)OC(=O)*)C1C2C3C(C(C1)C2)C1CCC3C1,tg,253.0,253.01433988077716
*Oc1cc2c(cc1)ccc(c2)Oc1ccc(cc1)C(=O)Nc1ccc(cc1)Oc1ccc(cc1)C(c1ccc(cc1)Oc1ccc(cc1)NC(=O)c1ccc(cc1)*)(C(F)(F)F)C(F)(F)F,tg,163.0,190.04026875156939
*C(C*)(C(=O)OCCCCCCOc1ccc(cc1)C(=O)Oc1ccc(cc1)OC)C,tg,40.8,40.97961452500611
*c1nc(nc(n1)N(CCCCCCCCCCN(*)c1ccccc1)c1ccccc1)c1ccccc1,tg,62.0,62.75281381612081
*Oc1cc(ccc1)NC(=O)c1cc(ccc1)C(=O)Nc1cc(ccc1)OCCCCC*,tg,131.5,129.8148280139428
*c1cc2c(C(=O)N(C2=O)c2ccc(cc2)Sc2ccc(cc2)Oc2ccc(cc2)Sc2ccc(cc2)N2C(=O)c3c(C2=O)cc(cc3)C(=O)Nc2ccc(cc2)Oc2cc(ccc2)Oc2ccc(cc2)NC(=O)*)cc1,tg,179.0,238.8173562706438
*C(C*)c1c(cccc1)C(=O)OCCCCCC,tg,45.0,59.89426598024918
*c1c(c2c(C(=O)N(C2=O)c2cc(ccc2)N2C(=O)c3c(C2=O)c(c(c(c3c2ccccc2)c2ccccc2)c2ccc(cc2)Oc2ccc(cc2)*)c2ccccc2)c(c1c1ccccc1)c1ccccc1)c1ccccc1,tg,357.0,388.19254808068916
*C1(OC(CO1)c1ccccc1)C*,tg,75.0,148.52327509908986
*C(C*)c1ncccc1,tg,98.28,105.37429566021538
*NC(C(=O)*)CCC(=O)OCCCC,tg,-39.33,-33.472582251485335
*Oc1ccc(cc1)C(=O)c1cc(ccc1)NC(=O)c1cc(ccc1)C(=O)Nc1ccc(cc1)C(=O)c1ccc(cc1)*,tg,204.0,215.05085866148966
*c1oc(nn1)c1c(cc(cc1)*)OCC,tg,231.0,191.7235079082374
*N1C(=O)c2c(C1=O)cc(cc2)c1cc2c(C(=O)N(C2=O)c2cc(c(cc2)Oc2c(cc(cc2C(C)(C)C)c2ccc(cc2)*)C(C)(C)C)C(F)(F)F)cc1,tg,389.0,347.10474865647535
*OC(=O)Nc1ccc(cc1)Cc1ccc(cc1)NC(=O)OCCCCCC*,tg,71.0,86.89794558048793
*Oc1ccc(cc1)C(c1cc(ccc1)C(c1ccc(cc1)Oc1ccc(cc1)C(=O)Nc1ccc(cc1)NC(=O)c1ccc(cc1)*)(C)C)(C)C,tg,154.0,162.591707711597
*c1ccc2c3n(c4ccc(cc4n3)Oc3cc4n5c(nc4cc3)c3cccc4c(ccc(c5=O)c34)Oc3cc(ccc3)O*)c(=O)c3cccc1c23,tg,369.5,362.3123490649016
*c1nc2c([nH]1)ccc(c2)*,tg,398.0,121.6557409550947
*OC(=O)c1ccc(cc1)c1ccc(cc1)c1ccc(cc1)C(=O)OCCCCCCCCCC*,tg,50.0,50.84337436165469
*OC(=O)NCCCCCCNC(=O)OCC*,tg,56.0,29.989306887474534
*N1C(=O)c2c(C1=O)cc(c(c2)c1ccc(cc1)C(C)(C)C)c1cc2c(C(=O)N(C2=O)c2ccc(cc2)Cc2ccc(cc2)*)cc1c1ccc(cc1)C(C)(C)C,tg,360.0,357.2623379491694
*N1C(=O)c2c(C1=O)cc(cc2)C(=O)c1cc2c(C(=O)N(C2=O)CC(=O)Nc2ccc(cc2)Oc2ccc(cc2)NC(=O)C*)cc1,tg,235.0,245.22339670352147
*C(C*)P(=O)(N(C)C)N(C)C,tg,25.0,17.361044176432397
*Oc1c(cc(cc1C)*)C,tg,204.61,154.7351347333018
*c1nc2c(nc1c1ccc(cc1)Oc1ccc(cc1)Oc1ccc(cc1)P(=O)(c1ccc(cc1)Oc1ccc(cc1)Oc1ccc(cc1)*)c1ccccc1)cccc2,tg,209.0,235.85908683511704
*c1cc2c(C(=O)N(C2=O)c2ccc(cc2)c2c(cc(cc2c2ccc(cc2)c2ccccc2)c2ccc(cc2)OCCCCCCOc2ccc(cc2)c2cc(c(c(c2)c2ccc(cc2)c2ccccc2)c2ccc(cc2)N2C(=O)c3c(C2=O)cc(cc3)C(=O)*)c2ccc(cc2)c2ccccc2)c2ccc(cc2)c2ccccc2)cc1,tg,111.5,186.73474355873262
*C(C*)(C(=O)OCCCCCCCCCCCCCCCCCC)C,tg,-103.33,-14.40534367361189
*c1ccc2c(nc([nH]2)c2cc(cc(c2)N2C(=O)c3c(C2=O)cccc3)c2nc3c([nH]2)ccc(c3)C(=O)Nc2cc(cc(c2)c2nc3c([nH]2)cccc3)NC(=O)*)c1,tg,334.0,332.76080047045787
*N1C(=O)c2c(C1=O)cc(cc2)C(c1cc2c(C(=O)N(C2=O)CC(=O)Nc2ccc(cc2)Oc2ccc(cc2)S(=O)(=O)c2ccc(cc2)Oc2ccc(cc2)NC(=O)C*)cc1)(C(F)(F)F)C(F)(F)F,tg,241.0,251.07391310329865
*c1nc2c(nc1)cc(cc2)c1cc2c(nc(cn2)c2ccc(cc2)Oc2ccc(cc2)*)cc1,tg,334.0,337.4753543073309
*NC(=S)NCCCCC*,tg,55.0,83.83820218977307
*Oc1cc(ccc1)NC(=O)c1cc(cc(c1)NC(=O)c1ccc(cc1)OC(=O)C)C(=O)Nc1ccc(cc1)*,tg,251.0,252.5295030259911
*C(C*)C(=O)OCCCCCCOC(=O)c1ccc(cc1)OC(=O)c1ccc(cc1)C#N,tg,30.0,26.281819488062446
*Oc1ccc(cc1)Oc1ccc(cc1)NC(=O)c1c(cc(cc1)c1cc(c(cc1)C(=O)Nc1ccc(cc1)*)C)C,tg,219.0,239.82343017993918
*Oc1ccc(cc1)C(=O)c1cc(ccc1)NC(=O)c1ccc(cc1)C(=O)Nc1cc(ccc1)C(=O)c1ccc(cc1)*,tg,189.0,213.52442727470626
*OP(=O)(Oc1ccc(cc1)S(=O)(=O)c1ccc(cc1)*)Oc1ccccc1,tg,100.5,83.4779312402836
*Nc1ccc(cc1)Cc1ccc(cc1)NC(=O)/C=C/c1ccc(cc1)/C=C/C(=O)*,tg,230.0,206.4249727924285
*Oc1ccc(cc1)OC(=O)c1c(cc(cc1)C(=O)*)Oc1ccc(cc1)C1CCCCC1,tg,113.0,169.64075780515606
*C(C*)C(=O)Oc1ccc(cc1)C(=O)O,tg,113.33,93.87655717307047
*c1cc2c(C(=O)N(C2=O)c2cc(ccc2)C(=O)NCCN(CCNC(=O)*)c2ccc(cc2)C=Cc2ccc(cc2)[N+](=O)[O-])cc1,tg,178.0,204.08700927935593
*OP(=O)(Oc1ccc(cc1)NC(=O)Oc1ccc(cc1)c1ccc(cc1)OC(=O)Nc1ccc(cc1)*)c1ccccc1,tg,34.0,208.91090651965163
*Oc1cc(ccc1)NC(=O)C(=O)Nc1cc(ccc1)OCC(COc1ccc(cc1)C(c1ccc(cc1)OCC(C*)O)(C)C)O,tg,119.0,109.51156623025005
*Sc1cc(ccc1)Sc1ccc(cc1)Sc1ccc(cc1)*,tg,75.0,72.7615772934407
*O[Si](*)(CCCCCCCCCCCOc1ccc(cc1)/C=C/c1ccc(cc1)OC)C,tg,55.0,6.952880533987266
*SSCc1ccc(cc1)C*,tg,23.0,39.89927986948702
*N1C(=O)c2c(C1=O)c(ccc2)Oc1c(cc(cc1C)Cc1cc(c(c(c1)C)Oc1c2c(C(=O)N(C2=O)c2ccc(cc2)Oc2ccc(cc2)c2ccc(cc2)Oc2ccc(cc2)*)ccc1)C)C,tg,259.0,236.76833770891437
*ON(C(C(*)(F)F)(F)F)C(C(Br)(F)F)(F)F,tg,-17.0,-51.13564284407299
*C1C(=O)OC(=O)C1C(C*)OC,tg,170.2,131.3364932031166
*C(C*)(C(=O)OCc1cc2c(OCCOCCOCCOCCO2)cc1)C,tg,38.0,80.28951070586466
*OC(COC(=O)Nc1ccc(cc1)Cc1ccc(cc1)NC(=O)*)c1occc1,tg,40.0,112.46325257306289
*c1cc2c(C(=O)N(C2=O)c2cc(ccc2)NC(=O)C(C(C(C(C(C(C(=O)Nc2cc(ccc2)N2C(=O)c3c(C2=O)cc(cc3)C(*)(C(F)(F)F)C(F)(F)F)(F)F)(F)F)(F)F)(F)F)(F)F)(F)F)cc1,tg,218.0,246.13494580527646
*OC(=O)Nc1ccc(cc1)Cc1ccc(cc1)NC(=O)OCCN(CC*)c1ccc(cc1)N=Nc1ccc(cc1)[N+](=O)[O-],tg,136.4,121.7228336751464
*C(C*)(C(=O)Oc1ccc(cc1)C(=O)C=Cc1ccc(cc1)OCc1ccccc1)C,tg,152.0,88.77962553431715
*c1cc2c(C(=O)N(C2=O)c2ccc(cc2)Oc2ccc(cc2)C(c2ccc(cc2)Oc2ccc(cc2)N2C(=O)c3c(C2=O)cc(cc3)C(=O)*)(C)C)cc1,tg,287.73,234.82217497949804
*c1cc2c(C(=O)N(C2=O)c2ccc(cc2)Oc2ccc(cc2)NC(=O)*)cc1,tg,290.17,265.3900092312101
*N1C(=O)c2c(C1=O)cc(cc2)c1cc2c(C(=O)N(C2=O)c2ccc(cc2)OC(=O)CCCCCCCCCCCCCCCCCCCCC(=O)Oc2ccc(cc2)*)cc1,tg,135.0,138.4972085264879
*OC(=O)C(NC(=O)CCCCCCCCC(=O)NC(C(=O)OCC=CC*)Cc1ccccc1)Cc1ccccc1,tg,46.0,62.431096576824885
*N1C(=O)c2c(C1=O)c(ccc2)Oc1ccc(cc1)Sc1ccc(cc1)Oc1c2c(C(=O)N(C2=O)c2ccc(cc2)Oc2cc(ccc2)Oc2ccc(cc2)*)ccc1,tg,202.0,202.4727574859553
*c1cc2c(C(=O)N(C2=O)c2c(ccc(c2)N2C(=O)c3c(C2=O)cc(cc3)C(=O)Nc2ccc(cc2)Oc2c(cccc2)c2c(cccc2)Oc2ccc(cc2)NC(=O)*)C)cc1,tg,266.0,259.73493284197883
*c1cc2c(C(=O)N(C2=O)c2ccc(cc2)C(=O)Nc2ccc(cc2)C(c2ccc(cc2)NC(=O)c2ccc(cc2)N2C(=O)c3c(C2=O)cc(cc3)C(*)(C(F)(F)F)C(F)(F)F)(C(F)(F)F)C(F)(F)F)cc1,tg,351.0,304.8987556546218
*Oc1c(cc(cc1C(C)C)C(=O)c1cc(ccc1)C(=O)c1ccc(cc1)*)C(C)C,tg,132.0,169.76558185411787
*C1C(=O)N(C(=O)C1C(C*)c1ccccc1)c1ccc(cc1)NC(=O)OCC1N(CCC1)c1ccc(cc1)[N+](=O)[O-],tg,208.0,206.12398624946348
*c1cc2c(C(=O)N(C2=O)c2ccc(cc2)N2C(=O)c3c(C2=O)cc(cc3)c2c(c(c(c(c2c2ccccc2)c2ccccc2)c2ccc(cc2)Oc2ccc(cc2)c2c(c(c(c(c2c2ccccc2)c2ccccc2)*)c2ccccc2)c2ccccc2)c2ccccc2)c2ccccc2)cc1,tg,353.0,283.8827821532226
*Oc1c(cc(cc1Br)*)Br,tg,196.0,144.72952248398545
*SC(=O)N(CCC*)Cc1ccccc1,tg,27.0,62.206311739604224
*[Si](CC(C*)Cc1ccc(cc1)c1ccccc1)(C)C,tg,28.0,3.893100216575178
*Oc1c(cc(cc1C)C(c1cc(c(c(c1)C)OC(=O)*)C)(C)C)C,tg,193.62,171.69252521248805
*N1C(=O)c2c(C1=O)cc(cc2)Oc1c2c(ccc1)c(ccc2)Oc1cc2c(C(=O)N(C2=O)c2cc(ccc2)*)cc1,tg,260.0,236.93053501859995
*N1C(=O)c2c(C1=O)cc(cc2)c1cc2c(C(=O)N(C2=O)c2cc3S(=O)(=O)c4c(c3cc2C)cc(c(c4)*)C)cc1,tg,490.0,370.32572648942715
*c1n(c(cc1)Oc1ccc(cc1)C(c1ccc(cc1)OC*)(C)C)c1ccc(cc1)[N+](=O)[O-],tg,76.75,165.7794086038088
*c1c2C(=O)N(C(=O)c2c(c2ccccc12)c1ccc(cc1)Oc1ccc(cc1)S(=O)(=O)c1ccc(cc1)Oc1ccc(cc1)*)c1ccccc1,tg,305.0,285.5041013130014
*C1OC(C(C(C1OCC)OCC)O*)COCC,tg,119.5,96.43866468368084
*C(C*)(C(=O)OCCN(C)C)C,tg,24.75,31.285156812510444
*C(C*)C(=O)OCCCOc1ccc(cc1)C(=O)OCCCC(C(C(C(C(C(C(C(F)(F)F)(F)F)(F)F)(F)F)(F)F)(F)F)(F)F)(F)F,tg,48.0,34.810172003628175
*c1cc2c(C(=O)N(C2=O)c2cc(c(cc2)c2c(cc(cc2)N2C(=O)c3c(C2=O)cc(cc3)C(=O)Oc2ccc(cc2)C2(C3CC4CC(CC2C4)C3)c2ccc(cc2)OC(=O)*)C)C)cc1,tg,222.0,246.37548124469856
*[Si](C*)(CCCn1c2ccccc2c2ccccc12)C,tg,71.2,64.74726895288771
*c1cc2c(C(=O)N(C2=O)c2c(ccc(c2)N2C(=O)c3c(C2=O)cc(cc3)C(=O)Nc2c(cc(cc2)Cc2cc(c(cc2)NC(=O)*)C)C)N=Nc2ccc(cc2)C)cc1,tg,257.0,270.41922260664643
*c1cc2c(C(=O)N(C2=O)c2ccc(cc2)Oc2ccc(cc2)N2C(=O)c3c(C2=O)cc(cc3)C(CCCCCCCCC(*)(C)C)(C)C)cc1,tg,123.65,155.1445298319457
*S(=O)(=O)NCCCCCCNS(=O)(=O)c1cc(ccc1)*,tg,67.0,68.41579773767855
*Oc1ccc(cc1)S(=O)(=O)c1ccc(cc1)OC(=O)c1ccc(cc1)[Si](c1ccc(cc1)C(=O)*)(C)C,tg,235.0,202.344876796672
*N1C(=O)c2c(C1=O)cc(cc2)[Si](O[Si](O[Si](c1cc2c(C(=O)N(C2=O)c2cc(ccc2)Cc2cc(ccc2)*)cc1)(C)C)(C)C)(C)C,tg,208.0,208.1179868633742
*c1cc2c(C(=O)N(C2=O)c2ccc(cc2)Oc2c(c(ccc2)Oc2ccc(cc2)N2C(=O)c3c(C2=O)cc(cc3)C(=O)Nc2cc(ccc2)Oc2c(c(ccc2)Oc2cc(ccc2)Oc2c(c(ccc2)Oc2cc(ccc2)NC(=O)*)C#N)C#N)C#N)cc1,tg,199.0,239.3185141876863
*c1cc2c(C(=O)N(C2=O)c2c(ccc(c2)N2C(=O)c3c(C2=O)cc(cc3)C(=O)*)CP(=O)(OCCCl)OCCCl)cc1,tg,261.0,175.4895624090378
*Oc1ccc(cc1)C1(c2cc(ccc2c2ccc(cc12)[N+](=O)[O-])OC)c1ccc(cc1)OC(=O)CCCC(=O)*,tg,197.0,152.8809754851441
*Oc1ccc(cc1)C(=O)N(C(=O)c1ccc(cc1)OCCCCCC*)c1c2c(ccc1)cccc2,tg,56.0,119.74716317102782
*N1C(=O)c2c(C1=O)cc(cc2)c1cc2c(C(=O)N(C2=O)c2ccc(cc2)Oc2ccc(cc2)*)cc1,tg,281.03,312.5508803478808
*c1ccc2n(c3c(c2c1)cc(cc3)C=C(C(=O)OCCCCCCOC(=O)C(=C*)C#N)C#N)CCCCCCCCCCCOc1ccc(cc1)C=Cc1ccc(cc1)[N+](=O)[O-],tg,87.0,112.78393957246486
*OC(=O)CCCC(=O)OCCCC*,tg,-36.5,-46.30278635471461
*Oc1ccc(cc1)OC(=O)c1c(cc(cc1)C(=O)*)Oc1ccc(cc1)C(c1ccccc1)(C)C,tg,93.0,131.9363294456334
*Oc1ccc(cc1)NC(=O)c1cc(cc(c1)NC(=O)CCCN1C(=O)c2c(C1=O)cccc2)C(=O)Nc1ccc(cc1)*,tg,225.0,199.16755682833835
*c1nc(ccc1)Oc1cc(ccc1)O*,tg,82.0,88.39188427049231
*C(C*)OC(=O)C(C(C)C)(C(C)C)C,tg,120.0,36.04327613979324
*C(C*)c1ccc(cc1)c1cc2C(c3c(c2cc1)cccc3)(CCCCCC)CCCCCC,tg,76.55,81.60522815670629
*c1sc(cc1)Oc1ccc(cc1)C(c1ccc(cc1)Oc1sc(cc1)C(=O)c1ccc(cc1)C(=O)*)(C)C,tg,154.0,162.6632474596554
*N1C(=O)C(CC1=O)(SCCOCCSC1(C(=O)N(C(=O)C1)c1ccc(cc1)S(=O)(=O)c1ccc(cc1)N1C(=O)C(C(C1=O)C)SCCOCCSC1C(=O)N(C(=O)C1C)c1ccc(cc1)S(=O)(=O)c1ccc(cc1)*)C)C,tg,157.0,136.32711625185638
*OC(=O)c1ccc(cc1)C(=O)OCCOC(=O)CCCCCCCCC(=O)OCC*,tg,-6.75,3.7476430040541575
*c1nc2c(nc1c1ccccc1)cc(cc2)c1cc2c(nc(c(n2)c2ccccc2)c2ccc(cc2)OCCCCOc2ccc(cc2)*)cc1,tg,219.0,185.3877252830889
*N1C(=O)c2c(C1=O)cc(cc2)C(=O)c1cc2c(C(=O)N(C2=O)CCC(=O)Nc2cc(ccc2)Oc2ccc(cc2)NC(=O)CC*)cc1,tg,224.0,211.4639482074404
*Nc1ccc(cc1)NC(=O)c1c(cc(cc1)C(=O)c1cc(c(cc1)C(=O)*)C(=O)OCC)C(=O)OCC,tg,275.0,223.59392617939034
*N1C(=O)c2c(C1=O)cc(cc2)c1cc2c(C(=O)N(C2=O)c2ccc(cc2)Oc2ccc(cc2)Oc2ccc(cc2)Oc2ccc(cc2)*)cc1,tg,228.51,228.82951845822214
*O[Si](Oc1ccc(cc1)*)(c1ccccc1)C,tg,95.0,88.42524429309549
*c1oc(nn1)c1ccc(cc1)C(=O)OCCCCCCCCOc1ccc(cc1)C=C1C(=O)C(=Cc2ccc(cc2)OCCCCCCCCOC(=O)c2ccc(cc2)*)CC1,tg,99.0,77.35812940063867
*N1C(=O)c2c(C1=O)cc(cc2)Oc1ccc(cc1)S(=O)(=O)c1ccc(cc1)Oc1cc2c(C(=O)N(C2=O)c2ccc(cc2)Oc2cc(ccc2)Oc2ccc(cc2)*)cc1,tg,219.0,201.8873209628966
*C(C(CCC*)Cl)Cl,tg,-55.0,24.877833684242546
*C(C(CCCCC*)Cl)Cl,tg,-17.0,-25.953426602238896
*c1cc2c(C(=O)N(C2=O)c2c(c(cc(c2)C(F)(F)F)N2C(=O)c3c(C2=O)cc(cc3)C(=O)Nc2c(c(cc(c2)C(F)(F)F)NC(=O)*)Oc2ccc(cc2)C(F)(F)F)Oc2ccc(cc2)C(F)(F)F)cc1,tg,315.0,297.2556998396733
*N1C(=S)N(C(=O)CC1=O)c1ccc(cc1)Oc1ccc(cc1)Oc1ccc(cc1)*,tg,141.0,129.01868294904844
*C1C(CC(C1)C=C*)C(=O)OCCNC(C)(C)C,tg,29.0,67.16070231639146
*c1cc2c(C(=O)N(C2=O)c2cc(c(cc2)Oc2c(cc(cc2C(C)(C)C)c2ccc(cc2)N2C(=O)c3c(C2=O)cc(cc3)C(=O)*)C(C)(C)C)C(F)(F)F)cc1,tg,362.0,359.5702739218204
*C(C*)(CC(=O)OC(C)C)C(=O)OC12CC3CC(CC(C1)C3)C2,tg,180.0,155.04937338878491
*Oc1ccc(cc1)OC(=O)c1c(cc(cc1)C(=O)Oc1ccc(cc1)OCCCC*)C(=O)OCC=C,tg,56.0,81.111628808271
*OC(=O)c1c(ccc(c1)C(=O)OCC(C(C(C*)(F)F)(F)F)(F)F)OCCCCC,tg,9.0,17.453141635374017
*N1C(=O)c2c(C1=O)c(ccc2)c1cc2c(C(=O)N(C2=O)c2cc(c(cc2)c2c(cc(cc2)*)C(F)(F)F)C(F)(F)F)cc1,tg,346.0,305.9017551163739
*OC(=O)NCCCCCCNC(=O)OCCN(CC*)CCCCCCOc1ccc(cc1)C=Cc1ccc(cc1)[N+](=O)[O-],tg,29.05,46.051032203245114
*Nc1c(cc(cc1)NC(=O)c1ccc(cc1)NC(=O)CCCCCCCCC(=O)Nc1ccc(cc1)C(=O)*)C(=O)OCCCCCCCCCCCCCCCCCC,tg,280.0,218.80187141222873
*NC(=O)CCCCCCCCCCC(=O)NCc1ccc(cc1)C*,tg,105.0,81.80224112421878
*N1C(=O)c2c(C1=O)cc(cc2)Oc1ccc(cc1)S(=O)(=O)c1ccc(cc1)Oc1cc2c(C(=O)N(C2=O)c2cc(ccc2)*)cc1,tg,265.0,252.49949425150592
*Oc1ccc(cc1)S(=O)(=O)c1ccc(cc1)OC(=O)c1cc(cc(c1)CCCCC)C(=O)*,tg,170.0,105.36357659455649
*c1cc2c(C(=O)N(C2=O)c2ccc(cc2)C(=O)Nc2ccc(cc2)Oc2cc(ccc2)Oc2ccc(cc2)NC(=O)c2ccc(cc2)N2C(=O)c3c(C2=O)cc(cc3)C(*)(C(F)(F)F)C(F)(F)F)cc1,tg,286.0,240.85989782000703
*C(*)C(=O)OCC,tg,12.35,39.95293368473775
*c1ccc(cc1)C(*)C,tg,79.43,188.97956081766247
*Oc1c(cc(cc1)Oc1c(cc(cc1)C(=O)c1cc(c(cc1)*)S(=O)(=O)O)S(=O)(=O)O)S(=O)(=O)O,tg,248.0,183.49897479774543
*OC(=O)c1cc(ccc1)C(=O)OCCCCC*,tg,7.0,8.953829172264138
*OC(COC(=O)c1c(c(c(cc1)c1c(cc(c(c1)CCCCCCCC)c1c(c(c(cc1)C(=O)*)F)F)CCCCCCCC)F)F)COc1ccc(cc1)N=Nc1ccc(cc1)C#N,tg,61.0,94.95971999883895
*N1C(=O)CC(CC1=O)CCC*,tg,90.23,73.34541144184018
*c1[nH]c(nc1c1ccc(cc1)NC(=O)Nc1ccc(cc1)NC(=O)Nc1ccc(cc1)*)c1ccc(cc1)[N+](=O)[O-],tg,292.0,267.90558200476494
*C1(c2c(C(=O)N1C)cccc2)c1ccc(cc1)Oc1ccc(cc1)C(=O)c1ccc(cc1)Oc1ccc(cc1)*,tg,245.0,242.2419182178647
*C(C*)(C(=O)OCC1OC1)C,tg,62.81,98.03240387702262
*c1cc2c(C(=O)N(C2=O)c2c(ccc(c2)C(c2cc(c(cc2)O)N2C(=O)c3c(C2=O)cc(cc3)C(*)(C(F)(F)F)C(F)(F)F)(C(F)(F)F)C(F)(F)F)O)cc1,tg,310.33,288.2380121327759
*C(C*)n1c2c(c3c1cc1ccccc1c3)cccc2,tg,253.0,279.8545662906226
*OC(C*)CSC(C)C,tg,-44.0,-53.16338825761577
*Oc1ccc(cc1)C(=O)OCCCCCCOC(=O)c1ccc(cc1)*,tg,15.0,68.18277966747891
*NC(=O)c1c(cccc1)c1c(cccc1)C(=O)NCCCCCC*,tg,122.5,149.52785335185902
*c1cc2c(C(=O)N(C2=O)c2cc(cc(c2)OCCCC)N2C(=O)c3c(C2=O)cc(cc3)C(*)(C(F)(F)F)C(F)(F)F)cc1,tg,246.0,229.2264998405462
*N1C(=O)c2c(C1=O)cc(cc2)Oc1cc2c(C(=O)N(C2=O)c2ccc(cc2)Oc2ccc(cc2)*)cc1,tg,266.3,254.5081161424144
*c1cc2c(C(=O)N(C2=O)c2ccc(cc2)C(=O)Nc2ccc(cc2)Oc2ccc(cc2)NC(=O)c2ccc(cc2)NC(=O)Nc2ccc(cc2)Cc2ccc(cc2)NC(=O)Nc2ccc(cc2)C(=O)Nc2ccc(cc2)Oc2ccc(cc2)NC(=O)c2ccc(cc2)N2C(=O)c3c(C2=O)cc(cc3)C(=O)*)cc1,tg,229.0,217.22596504545555
*C(C*)C(=O)OCCSCCCC#N,tg,-58.0,-46.147782256517495
*c1cc2c(C(=O)N(C2=O)c2ccc(cc2)C=Cc2ccc(cc2)N2C(=O)c3c(C2=O)cc(cc3)C(=O)*)cc1,tg,303.0,291.0967189726362
*Oc1ccc(cc1)C1(c2ccccc2c2ccccc12)c1ccc(cc1)Oc1c(c(c(c(c1F)F)C(=O)c1c(c(c(c(c1F)F)*)F)F)F)F,tg,223.0,201.10897578853434
*C(*)(F)F,tg,57.21,43.40796281164933
*Oc1ccc(cc1)C(c1ccc(cc1)OC(=O)*)C1C2CCC(C1)C2,tg,207.0,179.34525448573882
*Oc1ccc(cc1)C(=O)c1cc(ccc1)C(=O)c1ccc(cc1)Oc1cc(ccc1)Cc1cc(ccc1)*,tg,114.0,125.11363891045913
*OC(CC(=O)*)CCCCCC,tg,-47.0,-45.73671124739295
*c1cc2c(C(=O)N(C2=O)c2ccc(cc2)Oc2cc3c(cc2)ccc(c3)Oc2ccc(cc2)N2C(=O)c3c(C2=O)cc(cc3)C(=O)Nc2cc(ccc2)Oc2ccc(cc2)NC(=O)*)cc1,tg,263.0,250.95610295716105
*c1cc2c(C(=O)N(C2=O)c2cc(ccc2)P(=O)(c2cc(ccc2)N2C(=O)c3c(C2=O)cc(cc3)C(=O)Nc2ccc(cc2)C(=O)c2ccc(cc2)NC(=O)*)c2ccccc2)cc1,tg,238.0,244.99153586763012
*C1C(=O)N(C(=O)C1CC*)CCC,tg,90.4,100.18959630610824
*Oc1ccc(cc1)C(=O)c1ccc(cc1)OC(=O)OC1C(C(C1(C)C)OC(=O)*)(C)C,tg,125.0,132.83963743711763
*[Si](CCC*)(c1c2c(ccc1)cccc2)C1CCCCC1,tg,47.5,46.83517624580078
*N=P(*)(OCCC)OCCC,tg,-100.0,-69.03728304126784
*C1COC2C1OCC2OC(=O)c1cc(ccc1)OCCCCCCCCOc1cc(ccc1)C(=O)O*,tg,31.75,34.01523272076852
*OC(=O)NCC(C(C(C(CNC(=O)OCCCCCC*)(F)F)(F)F)(F)F)(F)F,tg,5.0,26.356101877906962
*OC(=O)c1ccc(cc1)c1ccc(cc1)C(=O)OCCCCCCCCCCCC*,tg,42.75,24.745804353636437
*N1C(=O)c2c(C1=O)cc(cc2)C(=O)Oc1ccc(cc1)c1ccc(cc1)OC(=O)c1cc2c(C(=O)N(C2=O)CCCCCC*)cc1,tg,133.0,120.39879733475934
*Nc1c(cc(cc1)NC(=O)c1ccc(cc1)NC(=O)CCCCCCCCC(=O)Nc1ccc(cc1)C(=O)*)C(=O)OCCCCCCCCCCCCCC,tg,225.0,214.46174017664381
*c1oc(nn1)c1ccc(cc1)NC(=O)CN1C(=O)c2c(C1=O)cc(cc2)C(c1cc2c(C(=O)N(C2=O)CC(=O)Nc2ccc(cc2)*)cc1)(C(F)(F)F)C(F)(F)F,tg,280.0,288.4899892925707
*C(C*)C(=O)OCCCCCCSCC#N,tg,-59.0,-55.1268560082749
*C(C*)c1ccc(cc1)COCCO,tg,46.0,48.34290585615245
*C1C2C(C(C(C1*)C2)C(=O)OCCCc1ccccc1)C(=O)OCCCc1ccccc1,tg,200.0,129.58143940697005
*Oc1ccc(cc1)C(c1ccc(cc1)Oc1c(c(c(c(c1F)F)C(=O)c1c(c(c(c(c1F)F)*)F)F)F)F)(C(F)(F)F)C(F)(F)F,tg,148.69,161.6509844099779
*c1cc2c(C(=O)N(C2=O)c2cc(ccc2)C(=O)c2ccc(cc2)Cc2ccc(cc2)N2C(=O)c3c(C2=O)cc(cc3)C(=O)*)cc1,tg,290.0,254.82102467306044
*Oc1c(cc(c(c1)C(c1ccccc1)(C)C)OC(=O)c1ccc(cc1)C(=O)*)C(c1ccccc1)(C)C,tg,170.0,159.2140058968311
*C(C*)CNc1c(cc(cc1)[N+](=O)[O-])[N+](=O)[O-],tg,160.0,134.9659281754712
*c1cc2c(C(=O)N(C2=O)c2ccc(cc2)Oc2ccc(cc2)C2(c3c(C(=O)N2)cccc3)c2ccc(cc2)Oc2ccc(cc2)N2C(=O)c3c(C2=O)cc(cc3)C(=O)Nc2cc(ccc2)NC(=O)*)cc1,tg,328.0,303.4567076794222
*c1oc(nn1)c1ccc(cc1)Oc1ccc(cc1)NC(=O)c1cc(cc(c1)N1C(=O)c2c(C1=O)cccc2)C(=O)Nc1ccc(cc1)Oc1ccc(cc1)*,tg,285.0,262.61814804433004
*Oc1ccc(cc1)P(=O)(c1ccc(cc1)Oc1ccc(cc1)C(c1ccc(cc1)*)(C)C)c1ccccc1,tg,182.0,218.9609576943665
*OP(=O)(OCCCCCCCCCCOc1ccc(cc1)C=Cc1ccc(cc1)OCCCCCCCCCC*)OCCCCCCCCCCOc1ccc(cc1)N=Nc1ccccc1,tg,55.0,41.45690051290114
*N(C(=O)c1cc(ccc1)C(=O)*)c1ccccc1,tg,148.0,181.74309985269574
*c1sc(cc1)C(=O)Oc1ccc(cc1)[Si](c1ccc(cc1)OC(=O)*)(c1ccccc1)c1ccccc1,tg,-78.0,155.25860369482962
*Oc1ccc(cc1)CCC(=O)NCCCCCCNC(=O)C*,tg,72.0,69.89105692839978
*C(C*)(C(=O)OCCN(c1ccc(cc1)C=Cc1ccc(cc1)[N+](=O)[O-])C)C,tg,107.0,93.15710454175513
*c1cc2c(C(=O)N(C2=O)c2cc(cc(c2)Cl)N2C(=O)c3c(C2=O)cc(c(c3)Cl)C(=O)*)cc1Cl,tg,311.0,346.00487742721157
*N1C(=O)c2c(C1=O)c(ccc2)c1cc2c(C(=O)N(C2=O)c2ccc(cc2)*)cc1,tg,407.6,308.46886081136614
*C(C*)(C(=O)OCC(C)C)C,tg,54.04,32.43185816931289
*C(C*)c1cc(ccc1)B(O[Si](C)(C)C)O[Si](C)(C)C,tg,35.0,55.645285342229236
*Oc1ccc(cc1)C1(c2ccccc2c2ccccc12)c1ccc(cc1)OC(=O)CCC(=O)*,tg,234.0,209.01535081496027
*O[Si](*)(CCC)CCC,tg,-77.5,-82.68774552002633
*C1C2C(C(C1)CC*)C1CCC2C1,tg,164.0,199.34626236976717
*O[Si](O[Si](O[Si](O[Si](OC(CCC(*)C)C)(C)C)(C)C)(C)C)(C)C,tg,-96.0,-96.76170729896538
*c1cc2c(C(=O)N(C2=O)c2ccc(cc2)C(=O)Nc2ccc(cc2)C(=O)OCCCCCCCCCOC(=O)*)cc1,tg,100.0,102.87843623050205
*c1cc2c(C(=O)N(C2=O)c2ccc(cc2)Cc2ccc(cc2)NC(=O)*)cc1,tg,279.5,234.77384040497878
*O[Si](c1ccc(cc1)[Si](O[SiH](*)C)(C)C)(C)C,tg,-70.33,-51.27127501883293
*OC(C*)CSCC,tg,-57.0,-50.410109870250565
*Oc1c(cc(cc1OC)C=Cc1c(cc(c(c1)CCCCCC)C=Cc1cc(c(c(c1)OC)OCCCCCCCC*)OC)CCCCCC)OC,tg,21.0,76.3802702034634
*OC(=O)CCCCCCCCC(=O)OCC*,tg,-37.16,-45.5479648692402
*OC(=O)C(NC(=O)C=CC(=O)NC(C(=O)OCCCCCC*)Cc1ccccc1)Cc1ccccc1,tg,92.0,80.8627153214005
*c1n(c(nn1)c1ccc(cc1)Oc1ccc(cc1)C(c1ccc(cc1)Oc1ccc(cc1)*)(C)C)c1ccccc1,tg,207.0,201.76927156853378
*N1C(=O)c2c(C1=O)cc(cc2)Oc1cc2c(cc1Oc1cc3c(C(=O)N(C3=O)c3ccc(cc3)Oc3ccc(cc3)*)cc1)cccc2,tg,228.75,243.55055877165924
*C(C*)c1c(c(c(c(c1F)F)F)F)F,tg,102.15,136.64998975823409
*O[Si](COC(=O)CCCCCCCCC(=O)Oc1ccc(cc1)S(=O)(=O)c1ccc(cc1)Oc1ccc(cc1)C=C1C(=O)C(=Cc2ccc(cc2)Oc2ccc(cc2)S(=O)(=O)c2ccc(cc2)OC(=O)CCCCCCCCC(=O)OC[Si](*)(C)C)CCC1)(C)C,tg,80.0,78.38549058282695
*C(C*)(C(=O)OCCCCn1c2ccc(cc2c2ccccc12)N=Nc1c(cc(cc1)[N+](=O)[O-])[N+](=O)[O-])C,tg,132.0,99.96299457476896
*Oc1ccc(cc1)N(c1cc2c(cc1)ccc(c2)N(c1ccc(cc1)*)c1ccc(cc1)OC)c1ccc(cc1)OC,tg,197.0,173.05580748049817
*Oc1ccc(cc1)C(=O)c1cc(ccc1)NC(=O)CCCCCCCCC(=O)Nc1cc(ccc1)C(=O)c1ccc(cc1)*,tg,141.0,149.17050870528973
*C(C*)c1c(cccc1)C(=O)OCCN(C)C,tg,69.0,92.16064071559936
*N1C(=O)c2c(C1=O)cc(cc2)C(=O)Oc1c(cc(cc1)OC(=O)c1cc2c(C(=O)N(C2=O)CCOCCOCC*)cc1)c1ccccc1,tg,105.0,120.73713348254057
*Nc1ccc(cc1)NC(=O)CCCCCCCC(=O)*,tg,130.0,97.83684055041022
*O[Si](c1c2c(c(cc1)[Si](*)(C)C)cccc2)(C)C,tg,60.0,56.74490399801582
*c1nc2c(c(c1)c1ccccc1)cc(cc2)c1ccc(cc1)*,tg,383.0,231.12983485155203
*Oc1c(cc(cc1C)C(=O)c1ccc(cc1)*)C,tg,200.0,175.09945711557737
*Oc1c(cc(cc1)C1(C2C3C(C(C1)C2)C1CCC3C1)c1c(cc(cc1)OC(=O)*)C)C,tg,232.0,246.08853580771495
*SC(CC*)C,tg,-59.0,-60.87505145962893
*c1c(cc(c(c1)OC)C(=Cc1c(cc(c(c1)OC)C=C(*)C#N)OCCCCCCCC)C#N)OCCCCCCCC,tg,174.0,79.61418503799443
*OC(=O)c1ccc(cc1)[Si](c1ccc(cc1)C(=O)OCCCC*)(C)C,tg,42.0,54.51665638376583
*N(c1ccc(cc1)C(=O)*)CCCC,tg,124.0,66.30227225501238
*Oc1ccc(cc1)c1ccc(cc1)OCCCCCCOC(=O)Nc1c(ccc(c1)NC(=O)OCCCCCC*)C,tg,85.68,79.42912888925066
*c1cc2c(C(=O)N(C2=O)c2c3c(ccc2)c(ccc3)Oc2ccc(cc2)N2C(=O)c3c(C2=O)cc(cc3)C(=O)Nc2ccc(cc2)c2nc(cc(c2)c2ccccc2)c2ccc(cc2)NC(=O)*)cc1,tg,295.0,293.0292037599472
*N1C(=O)c2c(C1=O)cc(cc2)Oc1ccc(cc1)C1(CCCCC1)c1ccc(cc1)Oc1cc2c(C(=O)N(C2=O)c2ccc(cc2)N(c2ccc(cc2)*)c2ccc(cc2)C#N)cc1,tg,243.0,253.08814157320325
*C(C(*)(Cl)[2H])([2H])[2H],tg,85.0,15.496454779184226
*C(C*)(C(=O)OCC1(COC1)CC)C,tg,72.5,81.28440604647999
*c1cc2c(C(=O)N(C2=O)c2cc(c(cc2)Oc2ccc(cc2)C(=O)c2cc(ccc2)N2C(=O)c3c(C2=O)cc(cc3)C(=O)*)C(F)(F)F)cc1,tg,242.0,232.81219742239276
*N(C(=O)CCCCCCCCC(=O)N(CC*)C)C,tg,0.0,7.301397660758995
*S(=O)(=O)c1ccc(cc1)Nc1c(c(c(c(c1F)F)c1c(c(c(c(c1F)F)Nc1ccc(cc1)*)F)F)F)F,tg,332.0,212.959703484358
*Oc1ccc(cc1)CC(NC(=O)Cc1ccc(cc1)OC(=O)COCC(=O)*)C(=O)OCCCCCCCC,tg,51.0,40.79268316820284
*N1C(=O)c2c(C1=O)c(c(c(c2c1ccccc1)c1ccccc1)c1ccc(cc1)Oc1ccc(cc1)c1c(c2c(C(=O)N(C2=O)c2ccc(cc2)Oc2ccc(cc2)*)c(c1c1ccccc1)c1ccccc1)c1ccccc1)c1ccccc1,tg,360.0,316.9803163601203
*C(C*)c1ccc(cc1)C[Si](C)(C)C,tg,82.0,39.79459113460678
*N1C(=O)c2c(C1=O)cc(cc2)Oc1ccc(cc1)Oc1cc2c(C(=O)N(C2=O)c2c(cc(c(c2)C)Cc2c(cc(c(c2)C)*)C)C)cc1,tg,278.0,266.6001839289148
*N1C(=O)c2c(C1=O)cc(cc2)NC(=O)OCCOc1c(cc(cc1Br)C(c1cc(c(c(c1)Br)OCCOC(=O)Nc1cc2c(C(=O)N(C2=O)c2cc(ccc2)P(=O)(c2cc(ccc2)*)c2ccccc2)cc1)Br)(C)C)Br,tg,201.0,191.4238641686381
*C(C*)(C(=O)OCCCN(c1ccc(cc1)N=Nc1ccc(cc1)[N+](=O)[O-])CCO)C,tg,131.0,103.35049085116685
*c1[nH]c(nc1c1ccc(cc1)NC1C(=O)N(C(=O)C1)c1ccc(cc1)c1sc(c(c1c1ccccc1)c1ccccc1)c1ccc(cc1)N1C(=O)C(CC1=O)Nc1ccc(cc1)*)c1ccc(cc1)c1[nH]c(c(n1)c1ccc(cc1)[N+](=O)[O-])c1ccc(cc1)[N+](=O)[O-],tg,152.0,232.4568163224507
*NC(C(=O)*)CCC(=O)OC,tg,0.0,40.24999144054046
*c1cc2c(cc1OC(=O)COc1ccc3c(c1)oc(=O)cc3)oc(=O)c(c2)C(=O)Nc1ccc(cc1)Cc1ccc(cc1)NC(=O)c1c(=O)oc2c(cc(c(c2)OC(=O)COc2ccc3c(c2)oc(=O)cc3)C*)c1,tg,221.0,231.98129588118033
*OC(CC(=O)*)(C)C(F)(F)F,tg,26.2,64.36273570264333
*Oc1cc(ccc1)OC(=O)c1ccc(cc1)[Si](c1ccc(cc1)C(=O)*)(C)C,tg,134.0,145.81361669120164
*O[Si](CCCN=C1c2c(ccc(c2C(=NCCC[Si](*)(C)C)c2ccccc12)O)O)(C)C,tg,7.5,67.08678493621507
*Oc1c(cc(cc1)Oc1ccc(cc1)NC(=O)c1ccc(cc1)Oc1c(cc(cc1)Oc1ccc(cc1)C(=O)Nc1ccc(cc1)*)c1ccccc1)c1ccccc1,tg,200.5,197.1456160739078
*Oc1c(cc(cc1C)c1cc(c(c(c1)C)OC(=O)CCCCC(=O)*)C)C,tg,108.0,125.0891505475378
*c1cc2c(C(=O)N(C2=O)c2cc(ccc2)C(=O)c2ccc(cc2)N2C(=O)c3c(C2=O)cc(cc3)C(=O)*)cc1,tg,271.5,275.3030718699169
*N1C(=O)c2c(C1=O)cc(cc2)Oc1ccc(cc1)C(c1ccc(cc1)Oc1cc2c(C(=O)N(C2=O)c2ccc(cc2)Oc2cc(ccc2)Oc2ccc(cc2)*)cc1)(C)C,tg,246.0,193.85259323696383
*N1C(=O)c2c(C1=O)cc(cc2)C(c1cc2c(C(=O)N(C2=O)CC(=O)Nc2ccc(cc2)Oc2cc(ccc2)Oc2ccc(cc2)NC(=O)C*)cc1)(C(F)(F)F)C(F)(F)F,tg,221.0,220.0869872494432
*C(C*)(C(=O)OCCCCl)C,tg,50.0,41.52472089377997
*Sc1ccc(cc1)Nc1ccc(cc1)Nc1ccc(cc1)*,tg,114.0,137.29308662098828
*C(C*)c1c(ccc(c1)C)C,tg,143.0,94.1086663001552
*NC(=O)CCCCCCCCCCCC(=O)NCCCCCCCCCCCCC*,tg,56.5,43.99101497667416
*c1c(c(nc2c1cccc2)c1ccc(cc1)c1nc2c(c(c1c1ccccc1)c1ccc(cc1)Oc1ccc(cc1)*)cccc2)c1ccccc1,tg,273.0,331.0748300588846
*C1C(=O)N(C(=O)C1*)c1cc(c(c(c1)Br)O[Si](C)(C)C)Br,tg,167.0,188.62495044034978
*N1C(=O)c2c(C1=O)c(ccc2)Oc1cc2c(C(=O)N(C2=O)c2ccc(cc2)Oc2ccc(cc2)Oc2ccc(cc2)*)cc1,tg,249.0,246.374016115724
*N1C(=O)c2c(C1=O)c(ccc2)Oc1ccc(cc1)c1ccc(cc1)Oc1c2c(C(=O)N(C2=O)c2ccc(cc2)Oc2ccc(cc2)*)ccc1,tg,277.0,260.8908340658716
*OC(=O)Nc1c(ccc(c1)NC(=O)OCCCCCOC(=O)c1c(cccc1)C(=O)O[Pb]OC(=O)c1c(cccc1)C(=O)OCCCCC*)C,tg,-11.3,12.291524083518441
*Oc1cc(cc(c1)CC)OC(=O)c1cc(ccc1)C(=O)*,tg,138.0,121.26374009137936
*OC(C*)COC(C)C,tg,-67.0,-84.34942849130465
*S(=O)(=O)c1ccc(cc1)NC(=O)CCCCCCCCC(=O)Nc1ccc(cc1)*,tg,97.0,152.51488503099822
*C(=C(*)c1ccccc1)c1ccc(cc1)Oc1ccccc1,tg,200.0,125.03310776823099
*OC(=O)CCC(=O)OCCCCCCCCC*,tg,31.0,-52.4168605869499
*C(C*)(C(=O)OCCCCCCCOc1cc2c(cc1)cc(cc2)C(=O)Oc1ccccc1)C,tg,40.0,37.64841389138766
*O[Si](C#C[Si](C#C[Si](C#C[Si](C#C[Si](C#C[Si](C#C[Si](*)(C)C)(C)C)(C)C)(C)C)(C)C)(C)C)(C)C,tg,-12.6,69.57746324288848
*N1C(=O)c2c(C1=O)cc(cc2)Oc1cc2c(C(=O)N(C2=O)c2ccc(cc2)Oc2ccc(cc2)Oc2ccc(cc2)*)cc1,tg,235.78,244.48359730134447
*NC(C(=O)*)CCC(=O)Nc1ccc(cc1)N(c1ccccc1)c1ccccc1,tg,132.0,159.5462271197878
*OC(=O)Nc1c(ccc(c1)NC(=O)OCC(C*)(CC)CC)C,tg,-60.0,68.57482516952493
*C(C*)(CC(=O)OCCCCl)C(=O)OCCCCl,tg,47.0,9.8226288817325
*N1C(=O)c2c(C1=O)c(c(c(c2c1ccccc1)c1ccccc1)c1ccc(cc1)c1c(c2c(C(=O)N(C2=O)c2ccc(cc2)*)c(c1c1ccccc1)c1ccccc1)c1ccccc1)c1ccccc1,tg,418.5,336.8694312594073
*N(CC*)C(=O)c1c(ccc(c1F)F)F,tg,124.0,113.76469139906742
*Oc1ccc(cc1)C(=O)OCCCCCCCOC(=O)c1ccc(cc1)OC(=O)c1ccc(cc1)C(=O)*,tg,65.0,42.023689756737085
*c1cc2c(C(=O)N(C2=O)c2cc(ccc2)C(=O)OCCOC(=O)*)cc1,tg,220.0,119.12709535800835
*c1n(cnc1C(=O)NCCCCCCNC(=O)*)C,tg,86.0,121.12790789091986
*N1C(=O)c2c(C1=O)cc(cc2)Oc1cc2c(cc1Oc1cc3c(C(=O)N(C3=O)c3cc(ccc3)*)cc1)cccc2,tg,228.75,233.72284451199062
*C(C*)OC(=O)c1ccc(cc1)OCC,tg,70.0,50.42865787164105
*C(C*)(C(=O)OCC1OC(C(C1O)O)n1c(=O)[nH]c(=O)cc1)C,tg,151.0,162.97993786824668
*Oc1c(cc(cc1)C(c1cc(c(cc1)OC(=O)c1cc(ccc1)C(=O)*)C)(C)C)C,tg,162.0,173.25800667913234
*c1[nH]c(nc1c1ccc(cc1)Oc1ccc(cc1)C(=O)c1ccc(cc1)c1ccc(cc1)C(=O)c1ccc(cc1)Oc1ccc(cc1)*)c1ccccc1,tg,258.0,270.3166773271761
*C(C*)(c1ccc(cc1)C#N)C,tg,238.75,164.97191595950395
*Oc1ccc(cc1)NC(=O)c1ccc(cc1)C(=O)Nc1ccc(cc1)Oc1ccc(cc1)C1(C2CC3CC(CC1C3)C2)c1ccc(cc1)*,tg,264.0,260.3123289168842
*OC(=O)NCCCCCCNC(=O)OCC(C(C(C(C*)(F)F)(F)F)(F)F)(F)F,tg,-2.0,16.141355455966693
*C1C(=O)N(C(=O)C1C(C*)c1ccccc1)c1ccc(cc1)Oc1ccccc1,tg,194.0,171.9751124921021
*c1nc(nc(c1c1ccc(cc1)OC)OCCOC(=O)c1cc(ccc1)C(=O)OCCO*)c1ccc(cc1)OCCCC,tg,92.0,74.06406171692213
*C1C2C(C(C(C1*)C2)COCCCc1ccccc1)COCCCc1ccccc1,tg,134.0,142.57214529184193
*Oc1ccc(cc1)S(=O)(=O)c1ccc(cc1)Oc1ccc(cc1)P(=O)(c1ccc(cc1)*)c1ccccc1,tg,231.0,243.1515260483311
*N1C(=O)c2c(C1=O)cc(cc2)C(=O)c1cc2c(C(=O)N(C2=O)CCCCCCOC(=O)OCCCCCCOC(=O)OCCCCCC*)cc1,tg,55.0,54.32322598510463
*N=P(*)(Oc1ccccc1)Oc1ccccc1,tg,-4.9,-4.168431307684074
*C(C(*)C(=O)OC12CC3(CC(CC(C1)C3)(C2)C)C)C,tg,194.5,169.62149110417081
*Oc1ccc(cc1)C=NN=Cc1ccc(cc1)Oc1ccc(cc1)C(=O)c1ccc(cc1)*,tg,179.0,151.1492861913793
*N1C(=O)c2c(C1=O)cc(cc2)S(=O)(=O)c1cc2c(C(=O)N(C2=O)c2ccc(cc2)Oc2c(cc(c(c2)C(C)(C)C)Oc2ccc(cc2)*)C(C)(C)C)cc1,tg,263.0,276.43022082407424
*Oc1ccc(cc1)C(c1ccc(cc1)OCC(C*)OC(=O)c1c(cccc1)Cl)(C)C,tg,66.0,102.23728024969883
*C(C*)c1ccc(cc1)C(O)(C)C,tg,165.0,164.70586235035702
*c1c2c(c(s1)c1sc(c(c1)CCCCCC)c1cc3n(c4c(c3cc1)ccc(c4)c1sc(cc1CCCCCC)*)CCCCCCCCCCCC)nc(c(n2)CC)CC,tg,89.0,95.0420058687436
*c1cc2c(oc(n2)c2ccc(cc2)c2oc3c(n2)cc(cc3)C(*)(c2ccccc2)C(F)(F)F)cc1,tg,369.0,309.21848651446703
*O[Si](*)(CCC)c1ccccc1,tg,40.6,33.356063815925914
*C=CC(C(*)C(=O)OCC)C(=O)OCC,tg,6.0,57.58792464265112
*c1ccc(cc1)C(=C(*)c1ccc(cc1)Oc1ccccc1)c1ccc(cc1)Oc1ccccc1,tg,163.0,166.18240327354195
*c1cc2c(C(=O)N(C2=O)c2ccc(cc2)Oc2ccc(cc2)N2C(=O)c3c(C2=O)cc(cc3)C(=O)N2C(=O)N(C(=O)C2(C)C)C(=O)*)cc1,tg,156.0,296.1077958573923
*C(C*)(C(=O)OC1CCCCCCCCC1)C,tg,58.0,55.03133580923138
*C(C*)(C(=O)OCC1OC(OC1)CP(=O)(OCC)OCC)C,tg,-38.0,-3.4467675784402187
*c1[nH]nc(c1)c1ccc(cc1)Oc1ccc(cc1)C(=O)c1ccc(cc1)C(=O)c1ccc(cc1)Oc1ccc(cc1)*,tg,235.0,218.94440703559653
*C1C2C(C(=O)N(C2=O)CCCCCCCCCCCC)C(C1)C=C*,tg,50.0,55.23009489430021
*OCCSSSSCC*,tg,-40.0,-65.28661286885561
*O[Si](*)(CCCOc1ccc(cc1)N=Nc1ccc(cc1)S(=O)(=O)O)C,tg,9.2,67.8047947204312
*C(*)(Cl)F,tg,77.0,5.589447154228613
*N1C(=O)C(CC1=O)CC*,tg,121.0,104.27774861601458
*N1C(=O)c2c(C1=O)cc(cc2)Oc1ccc(cc1)*,tg,282.29,209.20896457854943
*C(C*)(C(=O)C)F,tg,142.0,70.27670783924675
*S(=O)(=O)NCCCNS(=O)(=O)c1cc(ccc1)*,tg,92.0,92.03375272511073
*Oc1ccc(cc1)S(=O)(=O)c1ccc(cc1)Oc1ccc(cc1)C1(CCCC1)c1ccc(cc1)*,tg,230.0,221.35218525723982
*Oc1ccc(cc1)CC(NC(=O)CCc1ccc(cc1)OC(=O)CCCCCCC(=O)*)C(=O)OC(CC)C,tg,46.0,41.044824444090814
*N1C(=O)c2c(C1=O)c(ccc2)Oc1ccc(cc1)Sc1ccc(cc1)Oc1c2c(C(=O)N(C2=O)c2cc(ccc2)*)ccc1,tg,231.0,230.87737772464246
*c1sc(cc1CC(=O)OCCN(c1ccc(cc1)N=Nc1ccc(cc1)[N+](=O)[O-])CC)*,tg,102.0,114.12547655205897
*c1cc2c(C(=O)N(C2=O)c2cc(ccc2)P(=O)(c2cc(ccc2)N2C(=O)c3c(C2=O)cc(cc3)C(*)(C(F)(F)F)C(F)(F)F)c2cc(cc(c2)C(F)(F)F)C(F)(F)F)cc1,tg,247.0,284.6120537090614
*C(C*)N1C(=S)CCC1,tg,80.0,103.47419635884128
*C(C*)OCCOc1ccc(cc1)C=C(C#N)C#N,tg,38.0,59.585559061816674
*Oc1ccc(cc1)C1(c2ccccc2c2ccccc12)c1ccc(cc1)Oc1ccc(cc1)C(=O)c1ccc(cc1)Oc1ccc(cc1)C(=O)c1ccc(cc1)*,tg,231.0,232.14804242209937
*N(CC*)C(=O)CC(C)C,tg,30.0,4.864840684766421
*C(C*)(C(=O)OCC1COCCOCCOCCOCCOC1)C,tg,25.0,53.75890145678108
*NC(=O)CCC(c1ccc(cc1)C(CCC(=O)NCCCCCC*)(C)C)(C)C,tg,92.0,93.97401692653503
*OC(=O)Nc1c(ccc(c1)NC(=O)OCCCCCOC(=O)c1c(cccc1)C(=O)O[Cd]OC(=O)c1c(cccc1)C(=O)OCCCCC*)C,tg,2.3,7.89979809513572
*OC(=O)CCCCCC(=O)OCCOCCOCC*,tg,-54.0,-58.28084359402066
*c1cc2c(C(=O)N(C2=O)c2ccc(cc2)Oc2ccc(cc2)C2(c3c(C(=O)N2)cccc3)c2ccc(cc2)Oc2ccc(cc2)N2C(=O)c3c(C2=O)cc(cc3)C(=O)Nc2ccc(cc2)Oc2ccc(cc2)NC(=O)*)cc1,tg,325.0,304.1066366560088
*Oc1ccc(cc1)C(c1ccc(cc1)OC(=O)*)C(Cl)(Cl)Cl,tg,230.0,162.12365677698122
*c1ncc(cc1)c1ccc(cc1)Oc1ccc(cc1)P(=O)(c1ccc(cc1)Oc1ccc(cc1)*)c1ccccc1,tg,257.0,215.10123423772478
*c1c([nH]c(n1)c1ccc(cc1)c1[nH]c(c(n1)c1ccc(cc1)Oc1ccc(cc1)S(=O)(=O)c1ccc(cc1)Oc1ccc(cc1)*)c1ccccc1)c1ccccc1,tg,301.0,270.5815837716476
*O[Si](c1c2c(ccc1)c(ccc2)[Si](*)(C)C)(C)C,tg,62.0,48.69663695801389
*C(C*)(C(=O)OCCCCCc1ccc(cc1)N=Nc1ccc(cc1)OC(F)(F)F)C,tg,202.5,155.71316863216322
*c1cc2c(C(=O)N(C2=O)c2cc(ccc2)P(=O)(c2cc(ccc2)N2C(=O)c3c(C2=O)cc(cc3)C(=O)Nc2ccc(cc2)c2ccc(cc2)NC(=O)*)c2ccccc2)cc1,tg,253.0,255.57748542216743
*Oc1ccc(cc1)C=C1C(=O)C(=Cc2ccc(cc2)OCCCCCCCC*)CCC1,tg,90.0,81.34384513776082
*NC(=O)CCCCC(=O)NCCCCCCCCCC*,tg,45.0,38.98742655855784
*N(c1ccc(cc1)C(=O)*)CCCCCCC,tg,45.9,60.064630084119
*N(Cc1c(c(cc(c1)C12CC3CC(CC(C1)C3)C2)C*)O)c1ccccc1,tg,109.4,213.04423055627475
*OC(=O)c1ccc(cc1)c1ccc(cc1)c1ccc(cc1)C(=O)OCC(C*)(CC)CC,tg,-20.0,94.691889491352
*N1C(=O)c2c(C1=O)cc(cc2)S(=O)(=O)c1cc2c(C(=O)N(C2=O)c2ccc(cc2)Oc2c3c(ccc2)c(ccc3)Oc2ccc(cc2)*)cc1,tg,306.0,283.0541183232758
*OC(C(C(C(*)(F)F)(F)F)(F)F)(F)F,tg,-60.0,-20.63764721249709
*OC(=O)c1c2c(c(cc1)C(=O)OCC*)cccc2,tg,64.0,131.81221751262052
*NC(=O)CCCCC(=O)NCc1cc(ccc1)C*,tg,81.05,120.17638234006535
*N1C(=O)c2c(C1=O)c(c(c(c2c1ccccc1)c1ccccc1)c1ccc(cc1)c1c(c2c(C(=O)N(C2=O)c2cc(ccc2)Oc2cc(ccc2)Oc2cc(ccc2)*)c(c1c1ccccc1)c1ccccc1)c1ccccc1)c1ccccc1,tg,280.0,337.41686045968413
*N1C(=O)c2c(C1=O)c(ccc2)c1cc2c(C(=O)N(C2=O)c2cc(ccc2)C(=O)Nc2ccc(cc2)Oc2ccc(cc2)Oc2ccc(cc2)Oc2ccc(cc2)NC(=O)c2cc(ccc2)*)cc1,tg,260.0,259.68712542036354
*OC(=O)c1cc(ccc1)C(=O)OCCCC*,tg,19.1,31.70904723626073
*N1C(=O)c2c(C1=O)cc(cc2)NC(=O)OCCOc1ccc(cc1)P(=O)(c1ccc(cc1)OCCOC(=O)Nc1cc2c(C(=O)N(C2=O)c2cc(ccc2)P(=O)(c2cc(ccc2)*)c2ccccc2)cc1)c1ccccc1,tg,218.0,195.80701136285998
*c1cc2c(C(=O)N(C2=O)c2ccc(cc2)S(=O)(=O)c2ccc(cc2)N2C(=O)c3c(C2=O)cc(cc3)C(=O)Nc2ccc(cc2)c2ccc(cc2)NC(=O)*)cc1,tg,370.0,297.2986963944582
*N=P(*)(Oc1cc(ccc1)Cl)Oc1cc(ccc1)Cl,tg,-24.0,15.326685956185106
*N1C(=O)c2c(C1=O)cc(cc2)Oc1ccc(cc1)C(c1ccc(cc1)Oc1cc2c(C(=O)N(C2=O)c2ccc(cc2)Oc2ccc(cc2)*)cc1)(C(F)(F)F)C(F)(F)F,tg,257.0,232.2216331556428
*OC(=O)CCCCC(=O)OCC(C*)(C)C,tg,-50.0,-41.62995093301276
*OCC(C*)(COCCOCCOCCOC)C,tg,-18.0,-52.33921806012434
*Oc1ccc(cc1)SSc1ccc(cc1)*,tg,74.9,136.5528227807135
*C(C*)c1c(ccc(c1)Br)OCCCCC,tg,49.0,49.18739649111884
*c1c2C(=O)N(C(=O)c2c(c2ccccc12)c1ccc(cc1)Oc1ccc(cc1)C(=O)c1ccc(cc1)Oc1ccc(cc1)*)C,tg,283.0,241.12004951184724
*c1c(cc(c(c1)c1ccc(cc1)N(c1ccc(cc1)OC)c1ccc(cc1)OC)C=C*)OCC(CCCC)CC,tg,163.0,113.72000602843492
*Oc1ccc(cc1)C(c1ccc(cc1)OC(=O)*)C1C2CCC(C1C)C2,tg,218.67,185.31491761784957
*N1C(=O)c2c(C1=O)cc(cc2)Oc1ccc(cc1)Sc1ccc(cc1)Oc1cc2c(C(=O)N(C2=O)c2ccc(cc2)Oc2ccc(cc2)c2ccc(cc2)Oc2ccc(cc2)*)cc1,tg,195.5,217.61999279227024
*C(C*)P(=O)(OCC)N(C)C,tg,32.0,15.108236186609258
*c1nc(nc(c1c1ccc(cc1)OC)OCCOC(=O)c1c(ccc(c1)N=Nc1ccc(cc1)OCC)c1c(cc(cc1)N=Nc1ccc(cc1)OCC)C(=O)OCCO*)c1ccc(cc1)OCCCC,tg,126.0,88.2950123272481
*Oc1ccc(cc1)C(c1ccc(cc1)OC(=O)c1ccc(cc1)Oc1ccc(cc1)C(=O)*)(C(F)(F)F)C(F)(F)F,tg,181.0,157.47582750948783
*Oc1ccc(cc1)C1(c2ccccc2c2ccccc12)c1ccc(cc1)OC(=O)C12CC3(CC(CC(C1)C3)C2)C(=O)*,tg,335.0,282.7812132913284
*C(C*)c1ccc(cc1)[Si](O[Si](C)(C)C)(O[Si](C)(C)C)O[Si](C)(C)C,tg,114.0,29.205630265479783
*Oc1ccc(cc1)C1(CCC(CC1)C(c1ccc(cc1)Oc1ccc(cc1)C(=O)c1ccc(cc1)*)(C)C)C,tg,200.0,202.19788466570427
*c1oc(nc1c1ccc(cc1)OCOc1ccc(cc1)*)c1ccc(cc1)[N+](=O)[O-],tg,194.0,182.93388249529895
*SSCCCCC*,tg,-72.0,-68.92943594037534
*O[Si](*)(C)C,tg,-116.0,-30.17899111534471
*OC(=O)CCCCCCCCC(=O)OC/C=C/C*,tg,-40.0,-46.08918023654952
*NC(=O)Cc1ccc(cc1)CC(=O)NCCCCCCCCCCCCCCCCCC*,tg,78.0,84.35345784393925
*Oc1ccc(cc1)C1(c2ccccc2c2ccccc12)c1ccc(cc1)Oc1c(cc(cc1)c1ccc(cc1)c1cc(c(cc1)*)C(F)(F)F)C(F)(F)F,tg,237.0,239.00514771769488
*c1ccc(cc1)c1c(cc(c(c1c1ccccc1)c1ccccc1)c1cc(ccc1)c1c(c(c(c(c1)c1ccccc1)c1ccc(cc1)CCCCCC*)c1ccccc1)c1ccccc1)c1ccccc1,tg,215.0,193.5831774884047
*Oc1ccc(cc1)NC(=O)CCCCCCCC(=O)Nc1ccc(cc1)*,tg,160.0,144.60490010669872
*NC(=O)CCCCCCC(=O)NCCCCCC*,tg,52.67,49.924776740263894
*C1C(=O)N(C(=O)C1*)c1c(cccc1)C(=O)OCC,tg,230.0,173.10562799363126
*Oc1ccc(cc1)OC(=O)c1c(cc(cc1)C(=O)*)Oc1ccccc1,tg,105.0,115.60741601128791
*c1nc2c(nc1c1ccc(cc1)OC(=O)c1ccc(cc1)C(=O)Oc1ccc(cc1)*)cccc2,tg,232.0,269.4298186967433
*C(C*)c1ccc(cc1)C(C)C,tg,62.4,83.1797498497008
*OC(C(OC(=O)Nc1ccc(cc1)Cc1ccc(cc1)NC(=O)*)c1occc1)c1occc1,tg,74.0,107.56192358364818
*Oc1c(cc(cc1OC)/C=C/c1ccc(cc1)/C=C/c1cc(c(c(c1)OC)OCCCCCCCC*)OC)OC,tg,80.9,76.92178112848183
*c1sc(cc1)Oc1ccc(cc1)C(c1ccc(cc1)Oc1ccc(cc1)C(=O)*)(C)C,tg,151.0,146.84108549621865
*Oc1ccc(cc1)S(=O)(=O)c1ccc(cc1)c1ccc(cc1)c1ccc(cc1)S(=O)(=O)c1ccc(cc1)Oc1ccc(cc1)c1ccc(cc1)*,tg,264.0,256.43388013263103
*c1sc(cc1SCCCCCCCCCCCC)*,tg,33.0,20.046226394965636
*c1ccc(cc1)C(C(*)(C(=O)O)C#N)(C(=O)O)C#N,tg,108.0,166.50139951169777
*C(C*)c1ccc(cc1)C(=O)OC(C)C,tg,95.0,114.38485285614284
*C1C(=O)N(C(=O)C1C(C*)CCCCCCCCCCCCCCCC)CCCCNC(=O)C(C(C(C(C(C(C(F)(F)F)(F)F)(F)F)(F)F)(F)F)(F)F)(F)F,tg,63.0,82.83611564340981
*c1cc2c(C(=O)N(C2=O)c2cc(c(cc2)Oc2c(cc(cc2)N2C(=O)c3c(C2=O)cc(cc3)C(=O)*)c2cc(c(c(c2)F)F)F)c2cc(c(c(c2)F)F)F)cc1,tg,342.0,252.5584975174961
*Oc1ccc(cc1)OC(=O)c1c(cc(cc1)C(=O)*)Oc1ccc(cc1)Br,tg,112.5,111.00445238568645
*Sc1ccc(cc1)*,tg,93.49,110.90753934021832
*c1c2c(c(nn1)c1ccc(cc1)Oc1ccc(cc1)C(=O)c1ccc(cc1)Oc1ccc(cc1)*)c(c(c(c2c1ccccc1)c1cc2c(cc1)cccc2)c1cc2c(cc1)cccc2)c1ccccc1,tg,305.67,311.5589790018671
*C1(c2c(C(=O)O1)cccc2)c1ccc(cc1)Oc1ccc(cc1)S(=O)(=O)c1ccc(cc1)Oc1ccc(cc1)*,tg,247.14,218.65141683627965
*C1COC2C1OCC2OC(=O)C1CCC(CC1)C(=O)O*,tg,121.86,157.84008961822903
*C(C*)(C(=O)OCc1cc(cc(c1)Cl)Cl)C,tg,29.95,40.17120425458839
*Oc1ccc(cc1)S(=O)(=O)c1ccc(cc1)Oc1c(cc(cc1)C(c1cc(c(cc1)*)C(OC)(C(F)(F)F)C(F)(F)F)(C)C)C(OC)(C(F)(F)F)C(F)(F)F,tg,163.0,184.42301598340072
*N1C(=O)c2c(C1=O)cc(cc2)Oc1cc2c(C(=O)N(C2=O)c2cc(ccc2)C(C(C(c2cc(ccc2)*)(F)F)(F)F)(F)F)cc1,tg,183.0,176.84682095151496
*c1oc(nn1)c1ncc(cc1)c1oc(nn1)c1ccc(cc1)[Si](c1ccc(cc1)*)(c1ccccc1)c1ccccc1,tg,256.0,267.8128012214312
*c1cc2c(C(=O)N(C2=O)c2cc(cc(c2)c2sc3c(n2)cccc3)N2C(=O)c3c(C2=O)cc(cc3)C(=O)Nc2ccc(cc2)S(=O)(=O)c2ccc(cc2)NC(=O)*)cc1,tg,357.0,267.02196973503135
*Nc1cc(ccc1)NC(=O)CCCCC(=O)Nc1cc(ccc1)NC(=S)NC(=O)CCCCCCCCC(=O)NC(=S)*,tg,232.0,153.86735696763486
*Oc1ccc(cc1)Oc1ccc(cc1)OCC(COc1ccc(cc1)C(c1ccc(cc1)OCC(C*)O)(C)C)O,tg,85.0,112.21235272674106
*N(CC*)C(=O)c1cc(c(c(c1)F)F)F,tg,65.0,120.53717595806387
*OCCC(=O)NCc1c(cc(c(c1)C)CNC(=O)CC*)C,tg,80.0,91.57803748000416
*N1C(=O)c2c(C1=O)cc(cc2)C(=O)c1cc2c(C(=O)N(C2=O)CCCCCCCCCCCC*)cc1,tg,87.5,73.53351849229405
*c1cc2c(C(=O)N(C2=O)c2cc(cc(c2)OCCCCCCCCCCCCCCCC)N2C(=O)c3c(C2=O)cc(cc3)C(*)(C(F)(F)F)C(F)(F)F)cc1,tg,161.0,176.3480874726035
*S(=O)(=O)CC=CC*,tg,86.0,66.25926148088412
*c1ccc2N(c3c(Sc2c1)cc(cc3)c1sc(cc1)c1sc(cc1)*)CCCCCCCCCC,tg,142.0,140.68478669154723
*C(=C*)c1c(cccc1)C(F)(F)F,tg,130.0,137.1036744149983
*Oc1cc(ccc1)NC(=O)c1ccc(cc1)C(=O)Nc1cc(ccc1)OCCCCCCCC*,tg,122.0,120.31334729137696
*Oc1ccc(cc1)C1(c2cc(ccc2c2ccc(cc12)[N+](=O)[O-])N(C)C)c1ccc(cc1)OC(=O)*,tg,278.0,267.0710607965423
*C1C(=O)N(C(=O)C1*)c1ccc(cc1)O[Si](c1ccccc1)(c1ccccc1)c1ccccc1,tg,183.0,206.41327111351222
*c1sc(cc1CCOC(=O)C(Br)C)*,tg,49.0,30.333961582150472
*N1C(=O)c2c(C1=O)cc(cc2)Oc1cc2c(C(=O)N(C2=O)c2cc(ccc2)S(=O)(=O)c2cc(ccc2)*)cc1,tg,249.92,250.7824831642827
*C(*)C(=O)OC(C)C,tg,70.0,36.22162034391572
*NC(=O)CCCC(=O)NCC(CCC*)(C)C,tg,82.0,62.95734953844585
*O[Si](O[Si](O[Si](O[Si](c1cc(ccc1)[Si](*)(c1ccccc1)C)(c1ccccc1)C)(C)C)(C)C)(C)C,tg,-42.0,-5.1063502410758
*c1cc2C3(CCC(CC3)(C3=NC(CO3)c3ccccc3)C3=NC(CO3)c3ccccc3)c3c(c2cc1)ccc(c3)c1cc2C(c3c(c2cc1)ccc(c3)*)(CCCCCC)CCCCCC,tg,161.0,153.21990611300112
*c1cc2c(C(=O)N(C2=O)c2c(cc(cc2)c2cc(c(cc2)N2C(=O)c3c(C2=O)cc(cc3)C(=O)Nc2ccc(cc2)C2(c3ccccc3c3ccccc23)c2ccc(cc2)NC(=O)*)OC)OC)cc1,tg,181.0,275.95062901234775
*C(C*)(CC(=O)OCCCCCCCCC)C(=O)OCCCCCCCCC,tg,-13.0,-6.934661931602742
*C(C*)OC(=O)c1ccc(cc1)C,tg,66.75,60.68490282563271
*C(C*)(C(=O)OC12CC3(CC(CC(C1)C3)(C2)C)C)C,tg,193.0,165.52313567015128
*N(C(=O)CCC(=O)N(CCCCCC*)C)C,tg,7.5,11.357826021619099
*NC(=O)c1cc(cc(c1)NC(=O)c1ccc(cc1)NC(=O)C(CC(C)C)N1C(=O)c2c(C1=O)cccc2)C(=O)NCCCCCC*,tg,200.0,107.82707750973756
*NNC(=O)c1c(cccc1)C(=O)Nc1cc(ccc1)C=C1C(=O)C(=Cc2cc(ccc2)NC(=O)c2c(cccc2)C(=O)*)CCC1,tg,195.0,228.95290056919782
*Oc1c(cc(cc1)C1(CCCCC1)c1cc(c(cc1)OC(=O)*)Cl)Cl,tg,179.0,178.79478383831017
*OP(=O)(OCCCCCCCCCCOc1c(cc(cc1)C=C1C(=O)C(=Cc2cc(c(cc2)OCCCCCCCCCC*)OC)CC1)OC)OC,tg,48.0,68.0243009018074
*O[Si](c1cc2cc3c(cc2cc1)cc(cc3)[Si](*)(C)C)(C)C,tg,118.0,47.939353070655585
*c1cc2c(C(=O)N(C2=O)c2cc(ccc2)Nc2nc(nc(n2)Nc2cc(ccc2)N2C(=O)c3c(C2=O)cc(cc3)C(=O)*)N(C)C)cc1,tg,294.0,252.8451841284019
*Sc1ccc(cc1)C(=O)c1ccc(cc1)C(c1ccc(cc1)C(=O)c1ccc(cc1)*)(C(F)(F)F)C(F)(F)F,tg,175.0,122.1036824546689
*Oc1ccc(cc1)Sc1ccc(cc1)OC1(C(C(C1(F)F)(F)F)(*)F)F,tg,78.0,99.83647706649678
*c1nc2cc3c(cc2c(c1)c1ccccc1)nc(cc3c1ccccc1)c1ccc(cc1)c1ccc(cc1)*,tg,383.0,354.06703022686594
*c1cc2c(C(=O)N(C2=O)c2c(cccc2)c2ccc(cc2)N2C(=O)c3c(C2=O)cc(cc3)C(=O)*)cc1,tg,305.0,311.52935714595276
*C(C(C(C*)OC)(C(=O)OC)C)(C(=O)OC)C,tg,134.0,106.11098151879007
*c1cc2c(C(=O)N(C2=O)c2ccc(cc2)Oc2ccc(cc2)C(c2cc(ccc2)C(c2ccc(cc2)Oc2ccc(cc2)NC(=O)*)(C)C)(C)C)cc1,tg,177.0,214.41548749169354
*OC(=O)c1cc(ccc1)C(C(C(C(C(c1cc(ccc1)C(=O)OCC(C(C(C*)(F)F)(F)F)(F)F)(F)F)(F)F)(F)F)(F)F)(F)F,tg,19.83,20.954228766024354
*Oc1ccc(cc1)CC(NC(=O)CCc1ccc(cc1)OC(=O)CCCCCCC(=O)*)C(=O)OCCCCCCCCCCCC,tg,15.0,26.8100921632784
*Oc1cc(ccc1)C(C(C(c1cc(ccc1)OC(=O)*)(F)F)(F)F)(F)F,tg,46.0,119.58241016487361
*C(C*)C(=O)OCCCCCCOc1ccc(cc1)c1ccc(cc1)C#N,tg,42.0,39.14021972131423
*c1nc2c(nc1c1ccccc1)cc(cc2)c1cc2c(nc(c(n2)c2ccccc2)c2ccc(cc2)c2ccc(cc2)*)cc1,tg,404.0,333.92661573851944
*Oc1ccc(cc1)C(c1ccc(cc1)Oc1ccc(cc1)C(=O)c1ccc(cc1)C(c1ccc(cc1)C(=O)c1ccc(cc1)*)(C)C)(C)C,tg,171.0,173.09004956494542
*OC(=O)OCCCCCC*,tg,-54.25,-43.19086966314902
*OC(C*)CN1C(=O)C2C(C1=O)C1C=CC2C1,tg,87.5,108.65500439241245
*C1(C(C(C(C1(F)F)(F)F)(C(*)(F)F)F)(F)F)F,tg,117.0,149.54848866472247
*c1nc2cc3c(cc2nc1)nc(cn3)c1ccc(cc1)Oc1ccc(cc1)*,tg,353.0,337.62406918150737
*Oc1cc2c(cc1)ccc(c2)Oc1ccc(cc1)C(=O)Nc1ccc(cc1)C(c1ccc(cc1)C(c1ccc(cc1)NC(=O)c1ccc(cc1)*)(C)C)(C)C,tg,155.0,218.3913678435994
*OP(=O)(Oc1c(c(c(c(c1Cl)Cl)*)Cl)Cl)Oc1c(cc(cc1Cl)Cl)Cl,tg,127.0,134.59686406222457
*Oc1ccc(cc1)P(=O)(c1ccc(cc1)*)C,tg,238.0,177.1729509460786
*C(C*)(CC(=O)Oc1ccc(cc1)OCC)C(=O)Oc1ccc(cc1)OCC,tg,110.5,76.08489355569714
*N1C(=O)c2c(C1=O)cc(cc2)Oc1ccc(cc1)c1ccc(cc1)Oc1cc2c(C(=O)N(C2=O)c2ccc(cc2)Oc2ccc(cc2)*)cc1,tg,229.0,246.6683572552909
*c1cc2c(C(=O)N(C2=O)c2ccc(cc2)Cc2ccc(cc2)N2C(=O)c3c(C2=O)cc(cc3)C(=O)Oc2c(cc(cc2)OC(=O)*)C(C)(C)C)cc1,tg,160.0,216.20197565043838
*c1ccc2n(c3c(c2c1)cc(cc3)C=C(C(=O)OCCCCCCCCCCOC(=O)C(=C*)C#N)C#N)CCCCCCC,tg,59.0,64.41352437187447
*Oc1ccc(cc1)C(=O)OCCOC(=O)c1ccc(cc1)*,tg,74.0,112.88451258031608
*c1n(nc(c1)c1ccc(cc1)Oc1ccc(cc1)C(=O)c1ccc(cc1)Oc1ccc(cc1)C(=O)c1ccc(cc1)Oc1ccc(cc1)*)c1ccccc1,tg,190.0,209.99661495093184
*OC(OC(=O)c1ccc(cc1)C(=O)OC(OCC1CCC(CC1)C*)C)C,tg,61.0,31.711045052462854
*c1ccc2c3n(c4ccc(cc4n3)c3cc4n5c(nc4cc3)c3cccc4c(ccc(c5=O)c34)Oc3cc(ccc3)O*)c(=O)c3cccc1c23,tg,396.5,389.92464839243155
*[Si](C/C=C\C*)(CCCOc1ccccc1)C,tg,-30.0,-13.404888419881615
*Oc1ccc(cc1)C(c1cc(c(cc1)OC(=O)*)Cl)(C)C,tg,146.0,163.1963338246127
*N1C(=O)c2c(C1=O)cc(cc2)Oc1ccc(cc1)C(c1ccc(cc1)Oc1cc2c(C(=O)N(C2=O)c2cc(ccc2)P(=O)(c2cc(ccc2)*)c2ccccc2)cc1)(C)C,tg,213.0,218.40137866174177
*Oc1c2c(ccc1)ccc(c2)Oc1ccc(cc1)NC(=O)c1ccc(cc1)Oc1ccc(cc1)C(c1ccc(cc1)Oc1ccc(cc1)C(=O)Nc1ccc(cc1)*)(c1ccccc1)C,tg,175.5,185.67002116207914
*Oc1c2c(ccc1)ccc(c2)Oc1ccc(cc1)NC(=O)c1ccc(cc1)Oc1ccc(cc1)C(c1cc(ccc1)C(c1ccc(cc1)Oc1ccc(cc1)C(=O)Nc1ccc(cc1)*)(C)C)(C)C,tg,175.5,147.1834846123004
*N1C(=O)c2c(C1=O)cc(cc2)Oc1ccc(cc1)C(c1ccc(cc1)Oc1cc2c(C(=O)N(C2=O)c2ccc(cc2)Oc2ccc(cc2)*)cc1)(C)C,tg,217.25,226.69889333599002
*N1C(=O)c2c(C1=O)cc(cc2)Oc1cc2c(C(=O)N(C2=O)c2ccc(cc2)S(=O)(=O)c2ccc(cc2)*)cc1,tg,262.0,274.05476568213226
*c1cc2c(C(=O)N(C2=O)C2CCC(CC2)CC2CCC(CC2)N2C(=O)c3c(C2=O)cc(cc3)C(*)(C(F)(F)F)C(F)(F)F)cc1,tg,265.0,262.1817892208236
*N1C(=O)C2OC3C(C2C1=O)C(=O)N(C3=O)c1ccc(cc1)c1c(nc2c(n1)cc(cc2)C(=O)c1cc2c(nc(c(n2)c2ccc(cc2)*)c2ccccc2)cc1)c1ccccc1,tg,255.0,301.4820562739541
*NC(=O)CCCCCCCCC(=O)NCCCCCC*,tg,43.11,38.83716670143746
*C(C*)(C(=O)OCC(=O)c1ccccc1)C,tg,92.5,63.96746170492141
*Oc1ccc(cc1)C1(CCCCC1)c1ccc(cc1)OC(=O)OC1C(C(C1(C)C)OC(=O)*)(C)C,tg,136.0,157.13272947587396
*Nc1cc(cc(c1)C(=O)Nc1c2C(=O)c3c(C(=O)c2ccc1)cccc3)NC(=O)Nc1ccc(cc1)NC(=O)*,tg,190.0,205.92066765733077
*c1cc2n(c3c(c2cc1)ccc(c3)c1c2cc(ccc2c(c2cc(ccc12)C=Cc1ccc(cc1)N(CCCCCC)CCCCCC)*)C=Cc1ccc(cc1)N(CCCCCC)CCCCCC)CCCCCCCC,tg,152.0,95.23021876190518
*Oc1ccc(cc1)C(c1ccc(cc1)OCC(C*)O)(CC)C,tg,95.0,107.43257495219511
*O[Si](c1cc(ccc1)*)(c1ccccc1)c1ccccc1,tg,58.5,106.65173632847343
*Oc1ccc(cc1)C(=O)c1ccc(cc1)OCCCCCCOC(=O)OCCCCCCOC(=O)OCCCCCC*,tg,-0.3,-6.751072411903721
*c1nc2c(nc1c1ccccc1)cc(cc2)Oc1cc2c(nc(c(n2)c2ccccc2)c2ccc(cc2)OCCN(CCOc2ccc(cc2)*)c2ccc(cc2)C=Cc2ccc(cc2)[N+](=O)[O-])cc1,tg,201.0,183.10793717317603
*OC(=O)CCCCCCCCC(=O)OCCCC*,tg,-64.4,-45.37014942709848
*Nc1cc(cc(c1)c1c(=O)oc2c(cccc2)n1)NC(=O)c1ccc(cc1)C(=O)*,tg,103.0,263.7827838845205
*NC(=O)C(C(C(=O)NCCCCCCCCCCCC*)OC)OC,tg,84.0,77.18701278877583
*c1c2C(=O)N(C(=O)c2c(c2ccccc12)c1ccc(cc1)Oc1ccc(cc1)C(=O)c1cc(ccc1)C(=O)c1ccc(cc1)Oc1ccc(cc1)*)CCCCCCCCCCCC,tg,140.0,141.59032661969047
*c1c(cc(cc1)CC*)Br,tg,80.0,107.81757484770729
*Oc1ccc(cc1)NC(=O)c1cc(cc(c1)NC(=O)c1ccc(cc1)OC(=O)C)C(=O)Nc1ccc(cc1)*,tg,273.0,268.5336671245955
*NC(C(=O)*)CCC(=O)OCC,tg,-27.33,27.342943730724386
*C(C*)(CC(=O)Oc1ccc(cc1)OC)C(=O)Oc1ccc(cc1)OC,tg,119.5,103.22028326061881
*N1C(=O)c2c(C1=O)cc(cc2)Sc1cc2c(C(=O)N(C2=O)c2c(cc(cc2)Cc2cc(c(cc2)*)C(C)(C)C)C(C)(C)C)cc1,tg,300.5,297.03180062731195
*C(C*)CNc1ncc(cc1)[N+](=O)[O-],tg,151.0,104.52170911379955
*c1c(nc2c(n1)cc(cc2)Oc1cc2c(nc(c(n2)c2ccc(cc2)N2C(=O)c3c(C2=O)cc(cc3)C(=O)c2cc3c(C(=O)N(C3=O)c3ccc(cc3)*)cc2)c2ccccc2)cc1)c1ccccc1,tg,254.0,268.4246709961421
*Oc1ccc(cc1)CC(NC(=O)CCc1ccc(cc1)OC(=O)CCCCC(=O)*)C(=O)OCCCCCCCC,tg,26.2,30.435831086748852
*Oc1c2c(c(cc1)C=Cc1ccc(cc1)OCCCCCC*)cccc2,tg,78.0,103.0061883014916
*c1cc2C(c3c(c2cc1)ccc(c3)c1cc2C(c3c(c2cc1)ccc(c3)*)(c1ccc(cc1)c1oc(nn1)c1ccc(cc1)C(C)(C)C)c1ccc(cc1)c1oc(nn1)c1ccc(cc1)C(C)(C)C)(CCCCCCCC)CCCCCCCC,tg,213.0,160.98130251220667
*C(=C(C(C(*)([2H])[2H])([2H])[2H])[2H])C([2H])([2H])[2H],tg,-58.0,58.13497108043538
*c1cc(nc2c1cccc2)c1cc(ccc1)c1nc2c(c(c1)c1ccc(cc1)Oc1ccc(cc1)*)cccc2,tg,268.0,273.0994516769287
*c1cc2c(C(=O)N(C2=O)c2c(cc(cc2C(C)C)C(c2cc(c(c(c2)C(C)C)N2C(=O)c3c(C2=O)cc(cc3)C(*)(C(F)(F)F)C(F)(F)F)C(C)C)(c2ccccc2)C(F)(F)F)C(C)C)cc1,tg,274.0,257.54570940580544
*OC(C*)CSCCC,tg,-61.0,-66.04494578405378
*N1C(=O)c2c(C1=O)cc(cc2)C(=O)Oc1ccc(cc1)C(c1ccc(cc1)OC(=O)c1cc2c(C(=O)N(C2=O)CCOCCOCC*)cc1)(C)C,tg,118.0,114.86959415133641
*Oc1ccc(cc1)CCc1ccc(cc1)OCCCCCCOC(=O)NC1CCC(CC1)CC1CCC(CC1)NC(=O)OCCCCCC*,tg,40.3,65.71857545634307
*C(C(*)(C(=O)OC([2H])([2H])[2H])C([2H])([2H])[2H])([2H])[2H],tg,115.0,83.88123543255881
*C1C2C(C(=O)N(C2=O)CCCCC)C(C1)C=C*,tg,89.29,143.64868800929509
*c1cc2c(C(=O)N(C2=O)c2ccc(cc2)Oc2ccc(cc2)C(=O)c2ccc(cc2)Oc2ccc(cc2)N2C(=O)c3c(C2=O)cc(cc3)C(=O)*)cc1,tg,252.0,254.5930973644167
*c1oc(nn1)c1ccc(cc1)C1(c2c(C(=O)O1)cccc2)c1ccc(cc1)*,tg,370.0,327.95730337520905
*NC(=O)c1ccc(cc1)CC(=O)NCCCCCC*,tg,104.0,88.73709170671928
*OP(=O)(N=Nc1ccc(cc1)CCOC(=O)c1cc(cc(c1)C(C)(C)C)C(=O)OCCc1ccc(cc1)N=NP(=O)(OCC*)OC)OC,tg,84.0,56.07072995836328
*OC(=O)c1ccc(cc1)c1ccc(cc1)C(=O)OCCOCC*,tg,53.5,53.95812599415112
*N1C(=O)c2c(C1=O)cc(cc2)Oc1ccc(cc1)c1ccc(cc1)Oc1cc2c(C(=O)N(C2=O)c2ccc(cc2)Oc2ccc(cc2)Oc2ccc(cc2)*)cc1,tg,212.0,226.0781347321384
*OC(C*)CSCCCC,tg,-65.0,-78.42396493444367
*C(C*)(C(=O)OC1C(CCCC1)C)C,tg,85.0,102.67255216334635
*c1cc2c(C(=O)N(C2=O)c2ccc(cc2)OC(COc2ccc(cc2)N2C(=O)c3c(C2=O)cc(cc3)C(*)(C(F)(F)F)C(F)(F)F)C)cc1,tg,234.0,257.9959367198368
*OC(=O)OCCCC*,tg,-28.75,-32.31203488790834
*N1C(=O)c2c(C1=O)cc(cc2)Oc1cc2c(C(=O)N(C2=O)c2ccc(cc2)Sc2sc(cc2)Sc2ccc(cc2)*)cc1,tg,218.0,254.0606784260049
*C(C*)CNc1cc(c(cc1)[N+](=O)[O-])C(F)(F)F,tg,153.0,106.2878223321584
*C(C*)(C(=O)OCCCCCCCCCCCC)C,tg,-44.99,-57.310088074517445
*c1nc(nc(n1)Oc1ccc(cc1)C(=O)Nc1ccc(cc1)S(=O)(=O)c1ccc(cc1)NC(=O)c1ccc(cc1)O*)Sc1ccccc1,tg,310.0,287.6924655566601
*N1C(=O)c2c(C1=O)cc(cc2)c1cc2c(C(=O)N(C2=O)c2ccc(cc2)Oc2c(cc(cc2C)C(c2cc(c(c(c2)C)Oc2ccc(cc2)*)C)c2c3c(ccc2)cccc3)C)cc1,tg,289.5,268.9406658943405
*C1COC2C1OCC2Oc1ccc(cc1)CNC(=O)c1ccc(cc1)C(=O)NCc1ccc(cc1)O*,tg,122.0,177.10068793095851
*C(=O)CC*,tg,10.0,12.390505792988815
*C(C*)(C(=O)OCCCCCCCCCCOc1ccc(cc1)N=Nc1ccc(cc1)C#N)C,tg,51.0,32.544518982372125
*Oc1c(cc(cc1C)S(=O)(=O)c1cc(c(c(c1)C)OCC(COc1ccc(cc1)S(=O)(=O)c1ccc(cc1)OCC(C*)O)O)C)C,tg,145.0,126.64163729952772
*c1nc2c(cc1)cccc2OC(=O)c1ccc(cc1)C(=O)Oc1ccc(cc1)C=C*,tg,112.0,182.61513259632454
*c1ccc2ccc3c(c2n1)nc(cc3)c1ccc(cc1)c1c(cc(c(c1)CCCCCC)c1ccc(cc1)*)CCCCCC,tg,190.0,157.09775367817704
*C1COC2C1OCC2OC(=O)c1cc(ccc1)OCCCCCCOc1cc(ccc1)C(=O)O*,tg,42.25,42.87423556677359
*C(C*)(C(=O)OCCCCCCCCCOc1cc2c(cc1)cc(cc2)C(=O)Oc1ccccc1)C,tg,18.0,34.48874593793196
*NC(=O)CCCCC(=O)NCCCP(CCC*)c1ccccc1,tg,49.0,70.0902751695437
*c1ccc2n(c3c(c2c1)cc(cc3)c1ccc(cc1)[Si](c1ccc(cc1)*)(c1ccccc1)c1ccccc1)CCCCCC#N,tg,165.0,217.12651514995895
*C(C*)c1ncccc1,tg,105.0,102.56267764992008
*SCCCCC(=O)NCc1ccc(cc1)CNC(=O)CCCC*,tg,70.0,61.39151821267686
*OC(COC(=O)c1c(c(c(c(c1F)F)c1c(c(c(c(c1F)F)C(=O)*)F)F)F)F)COc1ccc(cc1)N=Nc1ccc(cc1)C#N,tg,112.0,103.43121557342488
*c1cc2c(C(=O)N(C2=O)c2ccc(cc2)OC(COc2ccc(cc2)N2C(=O)c3c(C2=O)cc(cc3)C(*)(C(F)(F)F)C(F)(F)F)CCCCCC)cc1,tg,182.0,190.14866836714387
*C(C*)(C(=O)OCCCOc1cc2c(cc1)cc(cc2)C(=O)Oc1ccccc1)C,tg,84.0,81.16810311680464
*NC(=O)CCCCCC(=O)NCCCCCC*,tg,54.0,55.04257847955423
*Oc1ccc(cc1)NC(=C(C#N)C#N)c1ccc(cc1)C(=C(C#N)C#N)Nc1ccc(cc1)*,tg,274.0,225.7056890721128
*c1ccc(cc1)c1c(cc(c(c1c1ccccc1)c1ccccc1)c1cc(ccc1)c1c(c(c(c(c1)c1ccccc1)c1ccc(cc1)CCCCCCCCCCCCCC*)c1ccccc1)c1ccccc1)c1ccccc1,tg,160.0,150.52838099135306
*c1oc(nn1)c1c2c(c(cc1)Oc1ccc(cc1)C=Cc1ccc(cc1)Oc1c3c(c(cc1)*)cccc3)cccc2,tg,238.0,248.82091455083975
*OC(COC(=O)C1=C(C2C=CC1C2)C(=O)OCC(OC(=O)c1ccc(cc1)C(=O)*)COC(=O)C1=C(C2C=CC1C2)c1ccccc1)COC(=O)C1=C(C2C=CC1C2)c1ccccc1,tg,74.0,151.53285444862598
*C(C*)(C(=O)OCCCCn1c2ccccc2c2ccccc12)C,tg,84.2,93.42310762498693
*OS(=O)(=O)c1cc(ccc1)C(=O)c1cc(ccc1)S(=O)(=O)Oc1ccc(cc1)C(c1ccc(cc1)*)(C)C,tg,122.0,150.85568653331796
*NC(=O)c1cc(cc(c1)C(C)(C)C)C(=O)NCC1CC(CCC1)C*,tg,200.0,172.0886227687756
*Oc1c(cc(c(c1)C)C(c1c(cc(c(c1)C(C)C)Oc1ccc(cc1)C(=O)c1ccc(cc1)*)C)c1c(cccc1)C(=O)O)C(C)C,tg,228.0,207.69782508924476
*Oc1ccc(cc1)C(c1ccc(cc1)OC(=O)c1ccc(cc1)C(c1ccc(cc1)C(=O)*)(C(F)(F)F)C(F)(F)F)(C)C,tg,124.0,196.43026347538387
*Oc1c(cc(cc1)C(c1cc(c(cc1)OC(=O)*)Cl)(C)C)Cl,tg,145.67,173.67780239707812
*c1[nH]c(nc1c1ccc(cc1)Oc1ccc(cc1)C(=O)c1ccc(cc1)C(=O)c1ccc(cc1)C(=O)c1ccc(cc1)Oc1ccc(cc1)*)c1ccccc1,tg,239.0,237.35653982194611
*Nc1ccc(cc1)NC(=O)c1c(cc(c(c1)C(=O)*)C(=O)O)C(=O)O,tg,283.4,191.2862556539336
*C1C(=O)N(C(=O)C1C(C*)c1ccccc1)c1ccc(cc1)C(C)(C)C,tg,237.0,199.52056868032764
*N1C(=O)c2c(C1=O)cc(cc2)S(=O)(=O)c1cc2c(C(=O)N(C2=O)CCCCCCOC(=O)CCCCCCCCCCCCCCCCCCC(=O)OCCCCCC*)cc1,tg,19.0,67.66193204286577
*Oc1c(cc(c(c1)OCCOC)OC(=O)c1c(cc(cc1)C(=O)*)c1ccccc1)OCCOC,tg,92.0,96.76377299735101
*N1C(=O)c2c(C1=O)cc(cc2)c1cc2c(C(=O)N(C2=O)c2cc(cc(c2)C(=O)NCCCC)*)cc1,tg,291.0,274.25275266226663
*NC(=O)CCCCCCCCCCCCCCCCC(=O)NCCCCCCCCCCCC*,tg,47.0,45.306669649222336
*Oc1ccc(cc1)OC(=O)c1ccc(cc1)C(c1ccc(cc1)C(=O)*)(C)C,tg,195.0,179.48473859274733
*c1cc2c(C(=O)N(C2=O)c2c(cc(c(c2)Cl)N2C(=O)c3c(C2=O)cc(c(c3)Cl)C(=O)*)Cl)cc1Cl,tg,367.0,322.4594822496477
*C(C*)(C(=O)OCC1OCCC1)C,tg,105.0,100.99165155069532
*c1nc(ccc1)N1C(=O)N(C(=O)C1=O)CCCCCCN1C(=O)N(C(=O)C1=O)*,tg,169.67,139.0150474338818
*NC1CC(CC(C1)(CNC(=O)c1cc(cc(c1)NC(=O)C(C(CC)C)N1C(=O)c2c(C1=O)cccc2)C(=O)*)C)(C)C,tg,128.0,169.84289326048776
*OC(=O)CCCCCCC(=O)OCCOCC*,tg,-66.0,-57.41722585981283
*Oc1c(cc(cc1)C(c1cc(c(cc1)OC(=O)c1ccc(cc1)C(=O)*)C(CC)C)(C)C)C(CC)C,tg,90.0,152.10656471807823
*c1nc(nc(n1)OCCCCO*)OC,tg,-8.0,11.88044544613715
*C(C*)(C(=O)OCCCCCOc1cc2c(cc1)cc(cc2)C(=O)Oc1ccccc1)C,tg,48.0,48.713987106496674
*c1cc2c(C(=O)N(C2=O)c2c(cc(cc2)c2cc(c(cc2)N2C(=O)c3c(C2=O)cc(cc3)C(*)(C(F)(F)F)C(F)(F)F)OCCCCCCOc2ccc(cc2)/C=C/c2ccc(cc2)F)OCCCCCCOc2ccc(cc2)/C=C/c2ccc(cc2)F)cc1,tg,140.0,139.5811232282782
*N1C(=O)c2c(C1=O)cc(cc2)Oc1cc2c(C(=O)N(C2=O)c2c(ccc(c2)C(c2cc(c(cc2)OCCN(c2ccc(cc2)C=CC2=CC(=C(C#N)C#N)CC(C2)(C)C)C)*)(C(F)(F)F)C(F)(F)F)OCCN(c2ccc(cc2)C=CC2=CC(=C(C#N)C#N)CC(C2)(C)C)C)cc1,tg,215.0,215.48986060104957
*NC(=O)CCCCC(=O)NCC(CCC*)(C)C,tg,77.0,59.19919193775257
*Oc1ccc(cc1)S(=O)(=O)c1ccc(cc1)Oc1ccc(cc1)C12CC3(CC(CC(C1)C3)C2)c1ccc(cc1)*,tg,242.0,242.91191044407077
*C(C*)(C(=O)OCCN(c1ccc(cc1)[N+](=O)[O-])CC)C,tg,98.0,77.63573737604207
*N1C(=O)c2c(C1=O)cc(cc2)Oc1cc2c(C(=O)N(C2=O)CCCCCCCC*)cc1,tg,145.0,120.65856353978975
*OC(=O)c1ccc(cc1)N=Cc1ccc(cc1)C=Nc1ccc(cc1)C(=O)OCCCCOCCCCOCCCC*,tg,-13.2,42.080069084211395
*c1ccc2n(c3c(c2c1)cc(cc3)C=C(C(=O)OCCCCCCOC(=O)C(=C*)C#N)C#N)CCCCCCC,tg,87.0,74.24404986804369
*Oc1ccc(cc1)Cc1ccc(cc1)OC(=O)c1cc(cc(c1)OCCCCC)C(=O)*,tg,110.0,116.86517292648949
*C1C(=O)OC(=O)C1C(C*)c1ccccc1,tg,177.0,173.6548296976336
*c1c(nc2c(n1)cc(cc2)Oc1ccc(cc1)NC(=O)c1cc(cc(c1)N1C(=O)c2c(C1=O)cccc2)C(=O)Nc1ccc(cc1)Oc1cc2c(nc(c(n2)c2ccc(cc2)*)c2ccccc2)cc1)c1ccccc1,tg,302.0,286.4053176198528
*Oc1ccc(cc1)C1(CC2C(CC1)CCCC2)c1ccc(cc1)OC(=O)c1cc(ccc1)C(=O)*,tg,248.0,267.3206107898403
*N1C(=O)c2c(C1=O)cc(cc2)Oc1ccc(cc1)C1(CCCCCCCCCCC1)c1ccc(cc1)Oc1cc2c(C(=O)N(C2=O)c2ccc(cc2)Oc2cc(c(cc2)c2c(cc(cc2)Oc2ccc(cc2)*)C)C)cc1,tg,257.0,235.07860035060264
*NC1CCC(CC1)CCC1CCC(CC1)NC(=O)CCCCCCCCC(=O)*,tg,116.0,134.68969862557407
*C(C*)c1c(cccc1)COC,tg,89.0,94.0321349736274
*Nc1ccc(cc1)Cc1ccc(cc1)NC(=O)NCCCCCCNC(=O)*,tg,78.0,99.92680410694366
*OC(COC(=O)c1cc(ccc1)C(=O)*)COc1ccc(cc1)N=Nc1ccc(cc1)C#N,tg,119.0,115.9787998500565
*C(C*)(C(=O)OCCN(c1ccc(cc1)N=Nc1ccc(cc1)S(=O)(=O)Nc1noc(c1)C)C)C,tg,114.0,123.95094754155409
*OC(=O)c1cc(cc(c1)OCCN(c1ccc(cc1)S(=O)(=O)CCCCCCCC)C)C(=O)OCCN(CC*)c1ccc(cc1)S(=O)(=O)C(C(C(C(C(C(C(C(F)(F)F)(F)F)(F)F)(F)F)(F)F)(F)F)(F)F)(F)F,tg,80.0,77.76760781478156
*c1cnc(s1)n1c(=O)c2cc3c(cc2c1=O)c(=O)n(c3=O)c1ccc(cc1)Oc1ccc(cc1)*,tg,328.8,296.52809037970707
*C(C*)F,tg,16.63,23.848219638913765
*c1cc2c(C(=O)N(C2=O)c2cc(c(cc2)Oc2c(cc(cc2)N2C(=O)c3c(C2=O)cc(cc3)C(=O)Nc2c(ccc(c2)C(F)(F)F)Oc2c3c(ccc2)c(ccc3)Oc2c(cc(cc2)C(F)(F)F)NC(=O)*)c2ccccc2)c2ccccc2)cc1,tg,376.0,253.22788882231873
*Oc1ccc(cc1)NC(=O)c1cc(ccc1)C(=O)Nc1ccc(cc1)Oc1ccc(cc1)C(c1cc(ccc1)C(c1ccc(cc1)*)(C)C)(C)C,tg,180.0,180.6797525336434
*N(CC*)C(=O)CCCCCCCCCCCCCCCCC,tg,10.0,-23.469598652166123
*OCCC*,tg,-72.46,-81.51224006624227
*c1cc2c(C(=O)N(C2=O)c2cc(cc(c2)C(F)(F)F)N2C(=O)c3c(C2=O)cc(cc3)C(=O)*)cc1,tg,276.75,321.26879584510976
*Oc1c(cccc1)C(=O)OC(=O)c1c(cccc1)OC(=O)CCCC(=O)*,tg,50.0,59.595402299014744
*C(C*)C(=O)OCc1ccccc1,tg,9.25,14.095864947811629
*OC(=O)CCCCC(=O)OCCCCC*,tg,-70.33,-54.69305896458002
*c1cc2c(C(=O)N(C2=O)c2ccc(cc2)S(=O)(=O)c2ccc(cc2)N2C(=O)c3c(C2=O)cc(cc3)C(=O)Nc2ccc(cc2)S(=O)(=O)c2ccc(cc2)NC(=O)*)cc1,tg,307.0,267.37893090650124
*c1cc2c(C(=O)N(C2=O)c2c(ccc(c2)N2C(=O)c3c(C2=O)cc(cc3)C(=O)Nc2ccc(cc2)Cc2ccc(cc2)NC(=O)*)N=Nc2ccc(cc2)C)cc1,tg,268.0,262.2141613852831
*c1ccc2c(c1)c(=O)oc(n2)c1cc(cc(c1)N1C(=O)c2c(C1=O)cccc2)c1oc(=O)c2c(ccc(c2)C*)n1,tg,322.0,290.49486599069337
*C1COC2C1OCC2OC(=O)OCCCCCCOC(=O)O*,tg,25.67,27.318235269836137
*Oc1ccc(cc1)C(=O)c1cc(ccc1)*,tg,145.0,126.69421699358112
*Oc1ccc(cc1)c1ccc(cc1)Oc1c(cc(cc1)c1ccc(cc1)c1cc(c(cc1)*)C(F)(F)F)C(F)(F)F,tg,203.5,222.79830893216678
*c1cc2c(cc1OC(=O)COc1ccc3c(c1)oc(=O)cc3)oc(=O)c(c2)C(=O)Nc1ccc(cc1)S(=O)(=O)c1ccc(cc1)NC(=O)c1c(=O)oc2c(cc(c(c2)OC(=O)COc2ccc3c(c2)oc(=O)cc3)C*)c1,tg,233.0,227.33699324636032
*C(C*)(C(=O)OCCOc1ccc(cc1)N=Nc1ccc(cc1)C#N)C,tg,109.0,77.83449759055439
*c1cc2c(C(=O)N(C2=O)c2ccc(cc2)Oc2cc(ccc2)Oc2ccc(cc2)N2C(=O)c3c(C2=O)cc(cc3)C(=O)Nc2ccc(cc2)Oc2ccc(cc2)C2(c3c(C(=O)N2)cccc3)c2ccc(cc2)Oc2ccc(cc2)NC(=O)*)cc1,tg,267.0,289.051900577287
*N1C(=O)c2c(C1=O)c(ccc2)c1cc2c(C(=O)N(C2=O)c2cc(ccc2)Oc2ccc(cc2)*)cc1,tg,286.0,260.53063706352515
*C(C*)(C(=O)OCCCCCCOc1ccc(cc1)OC(=O)c1ccc(cc1)c1ccc(cc1)OC)C,tg,57.0,52.13360570205426
*O[Si](O[Si](O[Si](*)(c1c(c(c(c(c1F)F)Cl)F)F)C)(C)C)(C)C,tg,-75.0,-26.20921126545758
*N1C(=O)c2c(C1=O)cc(cc2)c1cc2c(C(=O)N(C2=O)c2cc(c(c(c2)C(=O)OCCCCCCCCCCCCCCCCCC)c2c(cc(cc2Br)*)C(=O)OCCCCCCCCCCCCCCCCCC)Br)cc1,tg,83.5,103.90632506777473
*C1(COC1)COc1ccc(cc1)C(c1ccc(cc1)OC*)(C(F)(F)F)C(F)(F)F,tg,134.0,84.91908487220918
*Oc1c(cc(cc1)C(=O)c1ccc(cc1)C(=O)c1cc(c(cc1)*)C(C)C)C,tg,149.0,185.3361944801749
*C(C*)c1c(cccc1)C(=O)OC(C)C,tg,146.0,115.04765127062278
*Oc1ccc(cc1)C(c1ccc(cc1)Oc1ccc(cc1)C(=O)c1c(cccc1)c1c(cccc1)C(=O)c1ccc(cc1)*)(C)C,tg,172.0,166.64328807844325
*c1cc2c(C(=O)N(C2=O)c2cc(ccc2)C=CC(=O)Nc2cc(ccc2)NC(=O)*)cc1,tg,245.0,244.37127155602516
*C(C*)(C(=O)OCCCCCCCCCCOc1ccc(cc1)N=Nc1ccc(cc1)OC)C,tg,62.0,60.26113211808769
*C(C*)c1c(ccc(c1)C(=O)Oc1ccc(cc1)OCC)C(=O)Oc1ccc(cc1)OCC,tg,112.0,98.90089946653009
*Oc1ccc(cc1)C(c1ccc(cc1)C(c1ccc(cc1)Oc1ccc(cc1)C(=O)Nc1cc(ccc1)NC(=O)c1ccc(cc1)*)(C)C)(C)C,tg,173.0,173.71128264473273
*N1C(=O)C(CC1=O)Nc1ccc(cc1)Cc1ccc(cc1)NC1C(=O)N(C(=O)C1)c1ccc(cc1)C(=O)Oc1c(cc(cc1C)C(c1cc(c(c(c1)C)OC(=O)c1ccc(cc1)*)C)c1cnccc1)C,tg,186.0,180.79206970826093
*C(C*)OC(=O)C(C(CC)(C)C)(C)C,tg,90.0,55.76189095295344
*C(C*)(C(=O)OCC1OC(OC1)c1ccccc1)C,tg,130.0,98.8490745630829
*c1n(c(nn1)c1ccc(cc1)Oc1ccc(cc1)C(c1ccc(cc1)Oc1ccc(cc1)*)(C(F)(F)F)C(F)(F)F)c1cc(ccc1)C(F)(F)F,tg,185.0,220.5246972559161
*OC(=O)CCCC*,tg,-58.13,-20.671714164730272
*Oc1ccc(cc1)NC(=O)c1cc(cc(c1)NC(=O)c1ccccc1)C(=O)Nc1ccc(cc1)*,tg,294.5,273.0730388038416
*N1C(=O)c2c(C1=O)cc(cc2)C(=O)Oc1ccc(cc1)C(c1ccc(cc1)OC(=O)CCCCC*)(C)C,tg,110.0,95.99993538636696
*Nc1ccc(cc1)Cc1ccc(cc1)NC(=O)c1cc(cc(c1)N1C(=O)C2C(C1=O)C1CCC2C1)C(=O)*,tg,293.0,306.29312559022986
*Oc1ccc(cc1)C1(c2ccccc2c2ccccc12)c1ccc(cc1)Oc1c(cc(cc1)c1ccc(cc1)NC(=O)c1cc(cc(c1)C(C)(C)C)C(=O)Nc1ccc(cc1)c1cc(c(cc1)*)C(F)(F)F)C(F)(F)F,tg,278.0,256.97364324082224
*Oc1c2c(ccc1)cc(cc2)OC(=O)c1ccc(cc1)Oc1ccc(cc1)C(=O)*,tg,179.0,134.29808898849896
*C(C*)C(=O)OC1CCCCC1,tg,23.69,62.253800714035755
*OC(=O)c1cc(cc(c1)C(C)(C)C)C(=O)OCC*,tg,94.0,112.46765801341415
*Oc1c(cc(cc1)Oc1ccc(cc1)C(=O)c1ccc(cc1)c1ccc(cc1)C(=O)c1ccc(cc1)*)c1cc(ccc1)C,tg,170.0,172.4282946395806
*Nc1ccc(cc1)Cc1ccc(cc1)NC(=O)NCCCCCCCCNC(=O)*,tg,50.0,75.78296888036077
*c1cc2c(C(=O)N(C2=O)c2ccc(cc2)C(=O)OCCCSCCCCCCSCCCOC(=O)*)cc1,tg,31.0,47.691491121758034
*N(CC*)C(=O)C(C)C,tg,30.0,40.22941299870556
*N1C(=O)c2c(C1=O)c(ccc2)Oc1c(cc(cc1C)c1cc(c(c(c1)C)Oc1c2c(C(=O)N(C2=O)c2ccc(cc2)Oc2ccc(cc2)*)ccc1)C)C,tg,298.0,281.192341841852
*NC(=O)c1c(cc(cc1)C(=O)NCCCCCC*)Oc1ccc(cc1)c1ccccc1,tg,112.0,133.4089006887446
*Nc1ccc(cc1)NC(=O)c1c(ccc(c1)C(=O)c1cc(c(cc1)C(=O)O)C(=O)*)C(=O)O,tg,213.2,248.92911082411285
*Oc1ccc(cc1)C(c1ccc(cc1)OC(=O)c1ccc(cc1)C(c1ccc(cc1)C(=O)*)(CC)C)(C)C,tg,207.5,174.37603868808924
*Oc1ccc(cc1)NC(=O)c1cc(ccc1)C(=O)Nc1ccc(cc1)OCCCCCCCC*,tg,128.0,131.67239850860665
*C(C*)(C(=O)OCCCCCCOc1ccc(cc1)C(=O)Oc1ccc(cc1)OCCCC)C,tg,55.17,35.6580564322137
*Nc1ccc(cc1)NC(=O)CCCCCC(=O)*,tg,133.0,134.5492929080347
*Oc1ccc(cc1)Oc1ccc(cc1)Oc1ccc(cc1)NC(=O)c1cc(cc(c1)C(C)(C)C)C(=O)Nc1ccc(cc1)*,tg,230.0,222.17011667058225
*c1cc2c(C(=O)N(C2=O)c2ccc(cc2)Oc2c(cc(c(c2)C(C)(C)C)Oc2ccc(cc2)N2C(=O)c3c(C2=O)cc(cc3)C(=O)*)C(C)(C)C)cc1,tg,288.0,255.23713491917417
*S(=O)(=O)c1ccc(cc1)NC(=O)CCCCCC(=O)Nc1ccc(cc1)*,tg,163.0,162.24112138318534
*N1C(=O)c2c(C1=O)cc(cc2)Oc1ccc(cc1)C(c1ccc(cc1)Oc1cc2c(C(=O)N(C2=O)c2c(cc(cc2C)c2cc(c(c(c2)C)*)C)C)cc1)(C)C,tg,280.0,275.31199758766746
*C1C(=O)N(C(=O)C1*)c1ccc(cc1)O[Si](C)(C)C,tg,172.0,182.2934338396577
*Sc1cc(ccc1)Sc1ccc(cc1)Sc1ccc(cc1)*,tg,69.0,74.63590753227842
*C(C*)OC(=O)c1ccc(cc1)OC(=O)C,tg,76.0,97.6732778818393
*C(C*)C(=O)OC1CC(CC(C1)C)(C)C,tg,15.0,91.19243666648639
*c1cc2c(C(=O)N(C2=O)c2ccc(cc2)C(=O)Nc2ccc(cc2)Oc2ccc(cc2)NC(=O)*)cc1,tg,252.67,257.6937506077541
*N1C(=O)N(C(=O)C1=O)c1ccc(cc1)CCc1ccc(cc1)*,tg,197.0,184.66225504175205
*C(C*)(CC(=O)OC1CCCCCC1)C(=O)OC1CCCCCC1,tg,105.0,85.13547745675106
*NC(=O)CCC1(c2ccccc2c2ccccc12)CCC(=O)NCc1cc(ccc1)C*,tg,150.0,184.37500783399096
*N1C(=O)c2c(C1=O)cc(cc2)Oc1ccc(cc1)C(c1ccc(cc1)Oc1cc2c(C(=O)N(C2=O)c2ccc(cc2)Oc2c(c(ccc2)Oc2ccc(cc2)*)C#N)cc1)(C)C,tg,213.0,220.97500517613454
*C(C*)c1c(ccc(c1)C(=O)OCC)c1ccc(cc1)OCCCCCCCC,tg,95.0,79.77034170890201
*c1oc(nn1)c1ccc(cc1)Oc1cc(ccc1)n1c(=O)c2ccc3c(=O)n(c(=O)c4ccc(c1=O)c2c34)c1cc(ccc1)Oc1ccc(cc1)*,tg,318.0,249.61658721740122
*Nc1c(cc(cc1)NC(=O)c1ccc(cc1)NC(=O)CCCCCCCCCCCCC(=O)Nc1ccc(cc1)C(=O)*)C(=O)OCCCCCCCCCCCCCCCC,tg,250.0,226.64408455651463
*c1cc2c(C(=O)N(C2=O)c2ccc(cc2)Cc2ccc(cc2)N2C(=O)c3c(C2=O)cc(cc3)C(=O)Nc2ccc(cc2)Oc2c(cccc2)c2c(cccc2)Oc2ccc(cc2)NC(=O)*)cc1,tg,240.0,253.237455248144
*OC(=O)CCCCCCCC(=O)OCC*,tg,-45.0,-54.63857665519766
*Oc1ccc(cc1)C1(c2cc(ccc2c2ccc(cc12)[N+](=O)[O-])N(C)C)c1ccc(cc1)OC(=O)CCCCC(=O)*,tg,150.0,159.78039213410582
*Oc1c(cc(cc1)OC(=O)c1c(cc(cc1)c1ccc(cc1)C(=O)*)c1ccccc1)C,tg,133.0,160.2676208631013
*C(C*)c1nc(nc(n1)C)C,tg,70.0,119.2209793873179
*C(C*)c1c(cccc1Cl)Cl,tg,165.0,138.82928735874026
*N1C(=O)c2c(C1=O)cc(cc2)Oc1cc2c(C(=O)N(C2=O)c2cc(ccc2)C(c2cc(ccc2)*)(C(F)(F)F)C(F)(F)F)cc1,tg,224.5,234.9786978974856
*c1cc2c(C(=O)N(C2=O)c2c3c(c(cc2C)c2cc(c(c4c2cccc4)N2C(=O)c4c(C2=O)cc(cc4)C(=O)Nc2ccc(cc2)C(c2ccc(cc2)NC(=O)*)(C(F)(F)F)C(F)(F)F)C)cccc3)cc1,tg,250.0,283.35958265231613
*c1cc2c(C(=O)N(C2=O)c2cc(ccc2)C(=O)Nc2ccc(cc2)NC(=O)c2ccc(cc2)NC(=O)c2cc(ccc2)N2C(=O)c3c(C2=O)cc(cc3)C(*)(C(F)(F)F)C(F)(F)F)cc1,tg,328.0,266.07745621975187
*N1C(=O)c2c(C1=O)cc(cc2)c1cc2c(C(=O)N(C2=O)c2ccc(cc2)Oc2c(c(ccc2)Oc2ccc(cc2)*)C#N)cc1,tg,271.0,265.557841304186
*c1ccc2c3n(c4ccc(cc4n3)c3cc4n5c(nc4cc3)c3cccc4c(ccc(c5=O)c34)Oc3ccc(cc3)C3(c4ccccc4c4ccccc34)c3ccc(cc3)O*)c(=O)c3cccc1c23,tg,421.0,398.34140868627367
*OC(C*)CCCCCC,tg,-71.67,-98.17672578594573
*Nc1cc(cc(c1)c1oc(nn1)c1ncccc1)NC(=O)c1ccc(cc1)C(=O)*,tg,230.0,238.15383016992172
*Nc1cc(ccc1)NC(=O)c1cc(ccc1)C(=O)Nc1cc(ccc1)NC(=S)NC(=O)c1ccc(cc1)C(=O)NC(=S)*,tg,248.0,249.1551126389408
*Nc1cc(cc(c1)C(=O)OCCN(c1ccc(cc1)S(=O)(=O)C(C(C(C(C(C(C(C(F)(F)F)(F)F)(F)F)(F)F)(F)F)(F)F)(F)F)(F)F)C)NC(=O)c1cc(cc(c1)OCCN(c1ccc(cc1)C#N)C)C(=O)*,tg,165.0,163.18306051829563
*C(C*)(C(=O)OC(COc1ccc(cc1)c1ccccc1)COc1ccc(cc1)c1ccccc1)C,tg,85.0,118.39113619013713
*c1cc2c(C(=O)N(C2=O)c2ccc(cc2)Oc2ccc(cc2)Oc2ccc(cc2)N2C(=O)c3c(C2=O)cc(cc3)C(=O)Nc2ccc(cc2)Oc2ccc(cc2)C2(c3c(C(=O)N2)cccc3)c2ccc(cc2)Oc2ccc(cc2)NC(=O)*)cc1,tg,284.0,287.62383044439883
*c1oc(cc1)C(c1oc(cc1)CNC(=O)OC(C(OC(=O)NC*)c1occc1)c1occc1)(C)C,tg,45.0,72.59285729245147
*Oc1c(cc(cc1)C(c1cc(c(cc1)OC(=O)c1ccc(cc1)C(=O)*)CCCC)(C)C)CCCC,tg,156.67,86.01649724508229
*N1C(=O)c2c(C1=O)cc(cc2)Oc1cc2c(C(=O)N(C2=O)c2c(ccc(c2)C(c2cc(c(cc2)OCc2cc(cc(c2)OCCN(c2ccc(cc2)C=CC2=CC(=C(C#N)C#N)CC(C2)(C)C)C)OCCN(c2ccc(cc2)C=CC2=CC(=C(C#N)C#N)CC(C2)(C)C)C)*)(C(F)(F)F)C(F)(F)F)OCc2cc(cc(c2)OCCN(c2ccc(cc2)C=CC2=CC(=C(C#N)C#N)CC(C2)(C)C)C)OCCN(c2ccc(cc2)C=CC2=CC(=C(C#N)C#N)CC(C2)(C)C)C)cc1,tg,178.0,213.2624406077489
*Nc1ccc(cc1)Cc1ccc(cc1)NC(=O)c1ccc(cc1)P(=O)(c1ccc(cc1)C(=O)*)c1ccccc1,tg,307.0,233.88128616637528
*Oc1ccc(cc1)C(c1ccc(cc1)OCC(COc1ccc(cc1)C(=O)c1ccc(cc1)OCC(C*)O)O)(C)C,tg,120.0,91.85868957955796
*OC(=O)CCCCC(=O)OCC(C*)CCCCCCOc1ccc(cc1)N=Nc1ccc(cc1)C(F)(F)F,tg,44.0,22.332509744632194
*NC(=O)c1ccc(cc1)C(c1ccc(cc1)C(=O)NCCCCCC*)(CC)C,tg,159.0,147.24898887069565
*C1C2CCC(C1*)C2,tg,251.49,143.47946391853802
*Oc1ccc(cc1)Oc1ccc(cc1)NC(=C(C#N)C#N)c1ccc(cc1)C(=C(C#N)C#N)Nc1ccc(cc1)*,tg,255.0,241.22277974785592
*NC(=O)CCCCCCCCC(=O)NCCc1ccc(cc1)CC*,tg,105.0,83.59628422696233
*Oc1ccc(cc1)Oc1cc(ccc1)C(=O)Oc1ccc(cc1)OC(=O)c1cc(ccc1)*,tg,119.0,108.32480849389533
*O[Si](c1cc(ccc1)C(C(c1cc(ccc1)[Si](*)(C)C)(F)F)(F)F)(C)C,tg,-2.0,39.932871623907985
*c1nc2c([nH]1)ccc(c2)NC(=O)c1ccc(cc1)OCCOCCOCCOCCOCCOc1ccc(cc1)C(=O)Nc1cc(ccc1)*,tg,140.0,133.85915483329458
*C1COC2C1OCC2OC(=O)OCCCCCCCCOC(=O)O*,tg,19.5,13.542773431328
*C(C*)(C(=O)OCCCCOc1ccc(cc1)OC(=O)c1ccc(cc1)OCCCCCCCC)C,tg,10.0,33.880649329179505
*N1C(=O)c2c(C1=O)c(ccc2)c1cc2c(C(=O)N(C2=O)c2c(cc(cc2)c2cc(c(cc2)*)C)C)cc1,tg,384.0,366.1667580675167
*Oc1cc2c(cc1)ccc(c2)Oc1ccc(cc1)C(=O)Nc1cc(ccc1)Oc1ccc(cc1)NC(=O)c1ccc(cc1)*,tg,164.0,182.19642462047648
*c1sc(cc1)C(=O)Oc1ccc(cc1)[Si](c1ccc(cc1)OC(=O)*)(CC)C,tg,-51.0,-8.004187339071668
*OC(COC(=O)C1CCC(CC1)C(=O)*)COc1ccc(cc1)N=Nc1ccc(cc1)C#N,tg,106.0,107.52244692083936
*c1ccc2c(nc([nH]2)c2cc(ccc2)c2nc3c([nH]2)ccc(c3)C(=O)Nc2ccc(cc2)S(=O)(=O)c2ccc(cc2)NC(=O)*)c1,tg,312.0,322.0229026791491
*C1COC2C1OCC2OC(=O)OCCCCCCCCCCOC(=O)O*,tg,6.5,29.897528894247227
*C(C*)C(F)(F)F,tg,28.0,-1.223261094189115
*OC(=O)NCCCCCCCCCNC(=O)OCC*,tg,44.0,34.60368075062628
*c1cc2c(C(=O)N(C2=O)c2cc(ccc2)C(c2cc(ccc2)N2C(=O)c3c(C2=O)cc(cc3)C(*)(C(F)(F)F)C(F)(F)F)(C(F)(F)F)C(F)(F)F)cc1,tg,266.5,264.6511674343723
*C1OC(C(C(C1NC(=O)C)O)O*)CO,tg,236.5,118.41187177005763
*OC(=O)CCCCCCC(=O)OCCC*,tg,-58.75,-59.154263939515694
*C(C*)c1c(cccc1)COCCc1ccccc1,tg,63.0,51.57267043923368
*[n+]1ccc(cc1)c1cc[n+](cc1)Cc1c(cccc1)C*,tg,70.5,139.7682302677316
*Nc1c(cc(cc1)Br)c1ccc(cc1)NC(=O)c1ccc(cc1)C(=O)*,tg,267.0,290.82372724037765
*C(C*)OC(=O)C(CCC)(C)C,tg,10.0,56.82769675878931
*NC(=O)C(C(C(=O)NCCCCCCCCC*)OC)OC,tg,84.0,90.43386987080326
*C1COC2C1OCC2OC(=O)CCC(=O)O*,tg,77.0,132.23726228910718
*C(C*)(C(=O)OCC(C1OCC(CO1)(C)C)(C)C)C,tg,111.0,67.1669869253877
*OC(=O)CCCCC(=O)OCC*,tg,-61.91,-14.154277286719276
*Oc1ccc(cc1)c1ccc(cc1)OC(=O)c1c(cc(c(c1)OCCCCCC)C(=O)*)OCCCCCC,tg,113.0,93.49721605581523
*Oc1ccc(cc1)CC(NC(=O)CCc1ccc(cc1)OC(=O)COCC(=O)*)C(=O)OCCCCCCCCCCCC,tg,36.0,30.68080510430051
*C(C*)c1sccc1,tg,71.0,59.73142281858612
*OC(CCC(C(=O)*)C1OCCCO1)CCC,tg,17.4,30.53643050238249
*N1C(=O)c2c(C1=O)cc(cc2)c1cc2c(C(=O)N(C2=O)c2cc(ccc2)OCCCOc2cc(ccc2)*)cc1,tg,184.0,186.18273053106287
*OC(=O)CC(=O)OCCCCCCCCCCCCCCCCCCCC*,tg,-35.1,-10.351064124508186
*OC(=O)c1ccc(cc1)C(=O)OCC(C(C*)C(C)C)C(C)C,tg,65.0,35.567473763338434
*c1oc(nn1)c1ccc(cc1)C(=O)OCCCCCCOc1ccc(cc1)C=CC(=O)C=Cc1ccc(cc1)OCCCCCCOC(=O)c1ccc(cc1)*,tg,62.0,79.85194805038994
*Oc1ccc(cc1)C(c1ccc(cc1)OC(=O)OCCCOC(=O)*)(C)C,tg,68.1,66.87872126801122
*OC(=O)NNC(=O)CCCCCCCCC(=O)NNC(=O)OCCC*,tg,22.0,54.82804836811552
*Oc1ccc(cc1)S(=O)(=O)c1ccc(cc1)Oc1ccc(cc1)S(=O)(=O)c1ccc(cc1)c1ccc(cc1)c1ccc(cc1)S(=O)(=O)c1ccc(cc1)*,tg,281.0,247.51202937728004
*c1cc2c(C(=O)N(C2=O)c2cc(cc(c2)C(=O)OC)N2C(=O)c3c(C2=O)cc(c(c3)Cl)C(=O)*)cc1Cl,tg,321.0,294.3064144154828
*Oc1ccc(cc1)NC(=O)c1c(ccc(c1)c1cc(c(cc1)C(=O)OCC)C(=O)Nc1ccc(cc1)*)C(=O)OCC,tg,190.15,198.9128290795651
*NC(=O)CCCCCCCCCCCCCCCCCCC(=O)NCCCCCCC*,tg,46.0,48.70789334163639
*c1cc2C(c3c(c2cc1)ccc(c3)c1c(cc(c(c1)OCc1ccccc1)*)OCc1ccccc1)(CCCCCC)CCCCCC,tg,73.0,112.17305749980184
*c1cc2c(C(=O)N(C2=O)c2cc(ccc2)C(=O)Nc2ccc(cc2)C(c2ccc(cc2)NC(=O)c2cc(ccc2)N2C(=O)c3c(C2=O)cc(cc3)C(*)(C(F)(F)F)C(F)(F)F)(C(F)(F)F)C(F)(F)F)cc1,tg,273.5,318.4374270263562
*Oc1c(cc(c(c1)OC(=O)c1ccc(cc1)OCCC)OC(=O)CCCCCCCCCCCCCCC(=O)*)OC(=O)c1ccc(cc1)OCCC,tg,18.0,36.29051618273647
*C(C*)(C(=O)OCCCCCCOc1ccc(cc1)N=Nc1ccc(cc1)OC)C,tg,82.0,68.08071614982448
*N1C(=O)c2c(C1=O)c(ccc2)Oc1cc(ccc1)Oc1c2c(C(=O)N(C2=O)c2ccc(cc2)Oc2cc(ccc2)Oc2ccc(cc2)*)ccc1,tg,193.0,221.6908826773596
*c1c2c(c(nn1)c1ccc(cc1)Oc1ccc(cc1)C(c1ccc(cc1)Oc1ccc(cc1)*)(C(F)(F)F)C(F)(F)F)c(c(c(c2c1ccc(cc1)F)c1ccc(cc1)F)c1ccc(cc1)F)c1ccc(cc1)F,tg,285.33,267.15205732053255
*c1cc2c(C(=O)N(C2=O)c2c(ccc(c2)C(c2cc(c(cc2)OC(=O)C)N2C(=O)c3c(C2=O)cc(cc3)C(*)(C(F)(F)F)C(F)(F)F)(C(F)(F)F)C(F)(F)F)OC(=O)C)cc1,tg,266.5,249.57405257254408
*Nc1ccc(cc1)C1(c2ccccc2c2ccccc12)c1ccc(cc1)NC(=O)c1cc(cc(c1)NC(=O)C12CC3CC(CC(C1)C3)C2)C(=O)*,tg,370.0,236.9169528160409
*c1cc2c(C(=O)N(C2=O)c2ccc(cc2)Sc2ccc(cc2)Sc2ccc(cc2)Sc2ccc(cc2)N2C(=O)c3c(C2=O)cc(cc3)C(*)(C(F)(F)F)C(F)(F)F)cc1,tg,233.0,253.5421868652597
*c1n(c(nn1)c1ccc(cc1)Oc1ccc(cc1)C(c1ccc(cc1)Oc1ccc(cc1)*)(C)C)c1ccc(cc1)C,tg,205.0,196.73276996963511
*c1cc2C(c3c(c2cc1)ccc(c3)c1ccc(cc1)*)(CCCCCCC#N)CCCCCCC#N,tg,90.0,112.90240350955715
*c1nc2c(nc1c1ccccc1)cc(cc2)Oc1ccc(cc1)Oc1ccc(cc1)P(=O)(c1ccc(cc1)Oc1ccc(cc1)Oc1cc2c(nc(c(n2)c2ccccc2)c2ccc(cc2)*)cc1)c1ccccc1,tg,248.0,293.2020083353964
*C(C(CCCC*)c1ccc(cc1)O)c1c(cc(cc1)O)C,tg,25.0,87.5292198542181
*C(C*)(C(=O)OCC(C(C(F)(F)F)(F)F)(F)F)F,tg,75.0,65.44609452054682
*N(CC(C*)O)c1ccc(cc1)N=Nc1ccc(cc1)C(=O)O,tg,99.0,144.0503969249313
*c1cc2c(C(=O)N(C2=O)c2c3c(ccc2)c(ccc3)N2C(=O)c3c(C2=O)cc(cc3)C(=O)Nc2ccc(cc2)C(c2ccc(cc2)NC(=O)*)(C(F)(F)F)C(F)(F)F)cc1,tg,250.0,293.4059424005185
*Nc1c2c(ccc1)c(ccc2)NC(=O)c1cc(ccc1)C(=O)*,tg,325.0,285.87819972296086
*c1nc2c([nH]1)ccc(c2)c1ccc2c(nc([nH]2)c2cc(ccc2)C(=O)Nc2ccc(cc2)Cc2ccc(cc2)N2C(=O)c3c(C2=O)cc(cc3)S(=O)(=O)c2cc3c(C(=O)N(C3=O)c3ccc(cc3)Cc3ccc(cc3)NC(=O)c3cc(ccc3)*)cc2)c1,tg,270.0,253.73003705385275
*N1C(=O)c2c(C1=O)cc(cc2)C(c1cc2c(C(=O)N(C2=O)CCCCCCC*)cc1)(C(F)(F)F)C(F)(F)F,tg,150.0,116.5739869989545
*Oc1ccc(cc1)NC(=O)c1cc(ccc1)C(=O)Nc1ccc(cc1)OCCOCC*,tg,155.0,144.1077262481352
*OC(=O)OCC(C(C*)O)O,tg,51.38,23.13811779532666
*Oc1cc(c(cc1)N=Cc1ccc(cc1)C=Nc1c(cc(cc1)OCCCCCCCCCC*)C)C,tg,77.6,67.47612275320436
*Oc1ccc(cc1)C(c1ccc(cc1)OC(=O)*)C,tg,122.2,141.71478273595812
*Oc1cc2c(C(CC32CC(c2ccc(cc32)OC(=O)*)(C)C)(C)C)cc1,tg,227.5,184.3111592556578
*Oc1c(cc(cc1Cl)C(=C(Cl)Cl)c1cc(c(c(c1)Cl)OC(=O)*)Cl)Cl,tg,250.0,193.5880153890541
*c1ccc2n(c3c(c2c1)cc(cc3)c1ccc2n(c3c(c2c1)cc(cc3)C=Cc1ccc(cc1)c1n(c(nn1)c1ccc(cc1)C=C*)c1ccccc1)CCCCCCCC)CCCCCCCC,tg,157.0,147.97956925849618
*NC(=O)CCCCC(=O)NCCCP(=O)(CCC*)C,tg,33.0,47.85440086186709
*c1cc2c(C(=O)N(C2=O)C2C(=O)N(C(=O)C2)c2ccc(cc2)c2ccc(cc2)NC(=O)*)cc1,tg,219.0,258.9153610491946
*Oc1ccc(cc1)C(=Cc1ccc(cc1)OCCOCC*)C,tg,39.0,94.98540196144837
*NC(=O)c1cc(ccc1)C(=O)NCC1CC(CC(C1)C(C)(C)C)C*,tg,209.0,185.5957596797366
*c1cc2c(C(=O)N(C2=O)c2c(cc(cc2)c2cc(c(cc2)N2C(=O)c3c(C2=O)cc(cc3)C(*)(C(F)(F)F)C(F)(F)F)C)C)cc1,tg,352.0,347.1518948001279
*Oc1c(cc(cc1)C1(CCCCC1)c1cc(c(cc1)OC(=O)*)C)C,tg,134.75,165.4346073595641
*Oc1c(cc(c(c1)OC(=O)c1ccc(cc1)OCCCC)OC(=O)C(CCC(=O)*)C)OC(=O)c1ccc(cc1)OCCCC,tg,55.0,45.07253792818993
*Oc1ccc(cc1)N=CCCCC=Nc1ccc(cc1)OC(=O)NC1CC(CC(C1)(CNC(=O)*)C)(C)C,tg,66.0,80.12396337941205
*C(C*)CCCCCCCCCI,tg,-6.0,-37.08521707716014
*SCC(=O)NCCCCCCNC(=O)C*,tg,-7.0,38.409647604196095
*Oc1ccc(cc1)C1(c2ccccc2c2ccccc12)c1ccc(cc1)OCCOC(=O)NCCCCCCNC(=O)OCC*,tg,61.0,96.51287697569839
*c1cc2c(C(=O)N(C2=O)c2cc(c(cc2)Oc2ccc(cc2)Oc2ccc(cc2)N2C(=O)c3c(C2=O)cc(cc3)C(*)(C(F)(F)F)C(F)(F)F)C(F)(F)F)cc1,tg,260.8,247.017558750783
*c1cc2c(oc(n2)c2nc(ccc2)c2oc3c(n2)cc(cc3)C(*)(C(F)(F)F)C(F)(F)F)cc1,tg,329.0,348.0012256801789
*OC(=O)Nc1c(cc(cc1)c1cc(c(cc1)NC(=O)OCCN(CC*)c1ccc(cc1)N=Nc1ccc(cc1)[N+](=O)[O-])OC)OC,tg,140.0,135.0310357506813
*C(=C(*)c1ccccc1)c1ccc(cc1)C(C)(C)C,tg,200.0,220.28948919418963
*C(C*)C(=O)OC(CC)CC,tg,-6.0,-12.935787286529731
*c1cc2c(C(=O)N(C2=O)c2c(ccc(c2)N2C(=O)c3c(C2=O)cc(cc3)C(=O)Nc2c(cc(cc2C)Cc2cc(c(c(c2)C)NC(=O)*)C)C)N=Nc2ccc(cc2)[N+](=O)[O-])cc1,tg,280.0,236.39223084588852
*Oc1ccc(cc1)OC(=O)c1c(cc(c(c1)OCCCCCCCCOCC1N(CCC1)c1ccc(cc1)[N+](=O)[O-])C(=O)*)OCCCCCCCCOCC1N(CCC1)c1ccc(cc1)[N+](=O)[O-],tg,41.0,44.60151757429879
*Oc1ccc(cc1)CC(NC(=O)CCc1ccc(cc1)OC(=O)CCC(=O)*)C(=O)OCCCC,tg,67.0,63.53783998424271
*N1C(=O)c2c(C1=O)cc(cc2)Oc1cc2c(C(=O)N(C2=O)c2cc(ccc2)P(=O)(c2cc(ccc2)*)c2ccccc2)cc1,tg,251.0,256.56368539036384
*N1C(=O)c2c(C1=O)cc(cc2)S(=O)(=O)c1cc2c(C(=O)N(C2=O)c2ccc(cc2)C2(c3ccccc3c3ccccc23)c2ccc(cc2)*)cc1,tg,392.0,344.0384464477136
*C1C(=O)OC(=O)C1C1C2CC(C(C1*)C2)C(=O)OCCOCC,tg,155.0,159.0769610929758
*Oc1ccc(cc1)S(=O)(=O)c1ccc(cc1)Oc1c(cc(cc1)C(c1cc(c(cc1)*)Cl)(C)C)Cl,tg,205.0,180.30288387075638
*N(CC*)C(=O)CCCCC,tg,7.0,8.226317188869748
*C(C*)(C(=O)OCC)C,tg,64.96,68.52417490424938
*Oc1ccc(cc1)C(c1ccc(cc1)Oc1ccc(cc1)C(=O)c1cc(ccc1)C(=O)c1ccc(cc1)*)(C)C,tg,153.0,157.15764463118362
*Oc1c(c(c(c(c1[2H])[2H])S(=O)(=O)c1c(c(c(c(c1[2H])[2H])Oc1c(c(c(c(c1[2H])[2H])C(c1c(c(c(c(c1[2H])[2H])*)[2H])[2H])(C([2H])([2H])[2H])C([2H])([2H])[2H])[2H])[2H])[2H])[2H])[2H])[2H],tg,175.0,172.00239663842828
*C(C*)(C(=O)OC1CCCCCCC1)C,tg,73.0,100.07029779032509
*Oc1ccc(cc1)NC(=C(C#N)C#N)c1cc2c(cc1)cc(cc2)C(=C(C#N)C#N)Nc1ccc(cc1)*,tg,280.0,247.74000357215252
*C(C*)c1c(cccc1)OC(=O)C,tg,118.0,133.75823936938232
*C(*)C(=O)OC1CCCCC1,tg,140.0,84.97803593736847
*Nc1cc(ccc1)NC(=O)c1ccc(cc1)C(=O)*,tg,238.0,239.32617562230905
*C(C*)(C(=O)OCC[N+](CCCCCCC)(C)C)C,tg,-44.0,0.0013679342697252087
*c1cc2c(C(=O)N(C2=O)c2c3c(ccc2)c(ccc3)Oc2ccc(cc2)N2C(=O)c3c(C2=O)cc(cc3)C(=O)Nc2ccc(cc2)c2ccc(cc2)NC(=O)*)cc1,tg,301.0,294.9778797334787
*c1cc2c(C(=O)N(C2=O)c2cc3C(=O)c4c(c3cc2)ccc(c4)N2C(=O)c3c(C2=O)cc(cc3)C(=O)*)cc1,tg,331.0,348.7379391359224
*[Si](CC=CC*)(C=C)C=C,tg,-65.0,23.952745550265917
*Nc1cc(ccc1)NC(=O)Nc1ccc(cc1)Cc1ccc(cc1)NC(=O)*,tg,132.0,227.35822657239422
*Oc1ccc(cc1)NC(=O)CCCCC(=O)Nc1ccc(cc1)OCC(COc1ccc(cc1)C(c1ccc(cc1)OCC(C*)O)(C)C)O,tg,112.0,109.72423084893349
*Oc1ccc(cc1)S(=O)(=O)c1ccc(cc1)Oc1ccc(cc1)C(c1ccc(cc1)*)(c1ccc(cc1)O)C,tg,219.29,227.241075218031
*OCC(C*)(CS(=O)(=O)CCCC)CS(=O)(=O)CCCC,tg,66.0,55.67326083241358
*Oc1ccc(cc1)NC(=O)c1c2c(c(cc1)C(=O)Nc1ccc(cc1)Oc1ccc(cc1)C1(C3CC4CC(CC1C4)C3)c1ccc(cc1)*)cccc2,tg,269.0,266.40026719198255
*N1C(=O)c2c(C1=O)cc(cc2)c1cc2c(C(=O)N(C2=O)c2ccc(cc2)Oc2cc3c(cc2Oc2ccc(cc2)*)cccc3)cc1,tg,254.17,285.70535249811184
*c1cc2c(C(=O)N(C2=O)c2ccc(cc2)N(c2ccc(cc2)N2C(=O)c3c(C2=O)cc(cc3)C(*)(C(F)(F)F)C(F)(F)F)c2ccc(cc2)C#N)cc1,tg,321.0,315.9960686545084
*C(C*)OC(=O)c1ccc(cc1)[N+](=O)[O-],tg,122.0,99.17931238201375
*c1cc2c(C(=O)N(C2=O)c2cc(cc(c2)C(F)(F)F)N2C(=O)c3c(C2=O)cc(cc3)C(*)(C(F)(F)F)C(F)(F)F)cc1,tg,284.0,339.7208936149473
*c1cc2c(C(=O)N(C2=O)c2ccc(cc2)C(=O)c2ccc(cc2)Cc2ccc(cc2)N2C(=O)c3c(C2=O)cc(cc3)C(=O)*)cc1,tg,307.0,293.1921217984494
*C=CCCCCCCCCCC*,tg,-53.0,-45.40373416773782
*Oc1c(cccc1)C(=O)NCC*,tg,84.0,120.67615547710386
*c1cc2c(C(=O)N(C2=O)c2cc(cc(c2)C(=O)c2ccccc2)N2C(=O)c3c(C2=O)cc(cc3)C(=O)*)cc1,tg,282.0,264.6321158961676
*Nc1ccc(cc1)C(c1ccc(cc1)NC(=O)c1cc(cc(c1)N1C(=O)C2C(C1=O)C1CCC2C1)C(=O)*)(C)C,tg,311.0,303.2089482583963
*NC(=O)CCCCCCC(=O)NCc1c(cc(c(c1)C)C*)C,tg,78.0,142.59406031844685
*c1cc2c(C(=O)N(C2=O)c2ccc(cc2)N(CCN(c2ccc(cc2)N2C(=O)c3c(C2=O)cc(cc3)C(*)(C(F)(F)F)C(F)(F)F)C)C)cc1,tg,227.0,229.99439832359124
*c1cc2c(C(=O)N(C2=O)c2cc(ccc2)P(=O)(c2cc(ccc2)N2C(=O)c3c(C2=O)cc(cc3)C(=O)Nc2ccc(cc2)Cc2ccc(cc2)NC(=O)*)c2ccccc2)cc1,tg,233.0,238.1191262311242
*Oc1cc(ccc1)NC(=O)c1cc(ccc1)C(=O)Nc1ccc(cc1)*,tg,236.75,204.68260126976776
*[Si](C*)(C)C,tg,-91.17,-29.804346842010816
*C(C*)C(=O)Oc1ccc(cc1)C,tg,42.5,45.86015184290451
*Nc1ccc(cc1)[Si](c1ccc(cc1)NC(=O)c1cc2Cc3c(c2cc1)ccc(c3)C(=O)*)(c1ccccc1)c1ccccc1,tg,54.45,237.5239633261679
*Oc1ccc(cc1)CC(NC(=O)CCc1ccc(cc1)OC(=O)CCCCCCCCC(=O)*)C(=O)OCC(C)C,tg,33.0,32.76933477663734
*Oc1cc(ccc1)OC(=O)c1ccc(cc1)C(c1ccc(cc1)C(=O)*)(C)C,tg,158.0,148.94952871354735
*Oc1ccc(cc1)S(=O)c1ccc(cc1)Oc1ccc(cc1)C(c1ccc(cc1)*)(C)C,tg,165.0,146.93584031160253
*Oc1ccc(cc1)C(=O)c1ccc(cc1)OCCCCCCOC(=O)OCCCOC(=O)OCCCCCC*,tg,16.0,3.4249820101175823
*S(=O)(=O)c1ccc(cc1)Cc1ccc(cc1)*,tg,227.5,147.0465101991505
*Oc1ccc(cc1)C(c1ccc(cc1)OCC(C*)O)(C)C,tg,87.45,97.21317168038021
*N1C(=O)C2C(C1=O)C(=CC(C2)C1C(=O)N(C(=O)C1)c1cc(ccc1)c1cc(cc(c1)C(=O)Nc1ccc(cc1)OC(=O)c1cc(c(c(c1)OCCCCCCCCCCCC)OCCCCCCCCCCCC)OCCCCCCCCCCCC)c1cc(ccc1)*)C,tg,270.0,94.68241152212477
*N1C(=O)c2c(C1=O)cc(cc2)Oc1ccc(cc1)C1(CCCCCCCCCCC1)c1ccc(cc1)Oc1cc2c(C(=O)N(C2=O)c2ccc(cc2)Cc2ccc(cc2)*)cc1,tg,240.0,251.98745005506004
*C1=C(C2C=CC1C2)C(=O)*,tg,85.5,128.527106893278
*C(C*)(C(=O)OCCCCCCOc1c(cc(cc1)C(=O)Oc1ccc(cc1)OC)OC)C,tg,49.0,39.894006543082085
*Oc1c(c(c(c(c1)C)*)C)Br,tg,280.15,119.6971771450434
*c1cc2c(C(=O)N(C2=O)c2ccc(cc2)c2nc(nc(n2)c2ccc(cc2)N2C(=O)c3c(C2=O)cc(cc3)C(=O)*)c2ccccc2)cc1,tg,355.0,307.8973263326406
*Oc1ccc(cc1)C(=O)c1ccc(cc1)C(=O)c1ccc(cc1)*,tg,157.0,154.9559395365411
*N1C(=O)c2c(C1=O)cc(cc2)Oc1ccc(cc1)Oc1cc2c(C(=O)N(C2=O)c2c(c(c(cc2)Cc2c(c(c(cc2)*)C)C)C)C)cc1,tg,277.0,282.2710664859402
*N1C(=O)c2c(C1=O)cc(cc2)c1cc2c(C(=O)N(C2=O)c2ccc(cc2)Oc2ccc(cc2)C(=O)c2ccc(cc2)C(=O)c2ccc(cc2)Oc2ccc(cc2)*)cc1,tg,245.0,223.86555692349052
*C(C*)c1ccc(cc1)C(=O)CCCCC,tg,66.0,71.36003658195474
*Oc1ccc(cc1)C(=O)Nc1cc(cc(c1)c1nc2c([nH]1)cccc2)NC(=O)c1ccc(cc1)OCCOCC*,tg,230.0,166.47615879539964
*Oc1ccc(cc1)S(=O)(=O)c1ccc(cc1)Oc1ccc(cc1)C(c1ccc(cc1)*)(CCC(=O)O)C,tg,163.0,150.33334338043156
*c1cc2c(C(=O)N(C2=O)c2cc(cc(c2)OCCCCCCCCCCCC)N2C(=O)c3c(C2=O)cc(cc3)C(=O)*)cc1,tg,182.0,172.05471583439626
*c1cc2c(C(=O)N(C2=O)c2ccc(cc2)c2sc(c(c2c2ccccc2)c2ccccc2)c2ccc(cc2)N2C(=O)c3c(C2=O)cc(cc3)C(=O)Nc2ccc(cc2)Oc2ccc(cc2)Oc2ccc(cc2)NC(=O)*)cc1,tg,303.0,300.8630621355773
*Oc1ccc(cc1)C(=O)c1ccc(cc1)C(=O)c1ccc(cc1)Oc1ccc(cc1)Cc1ccc(cc1)*,tg,120.0,160.64064366476015
*c1cc2c(C(=O)N(C2=O)c2cc(cc(c2)OCCCCCCCCCCCCCCCC)N2C(=O)c3c(C2=O)cc(cc3)C(=O)*)cc1,tg,179.0,186.97097301481367
*C(C*)(C(=O)OCC)Cl,tg,85.31,61.04546359306667
*Oc1ccc(cc1)C(c1ccc(cc1)OC(=O)c1cc(ccc1)C(=O)*)(c1ccccc1)C,tg,202.0,191.5125302062315
*c1cc2c(C(=O)N(C2=O)c2ccc(cc2)C(=O)OCCOCCOC(=O)*)cc1,tg,101.0,105.47372307136868
*C(C*)(C(=O)OCC(C(F)F)(F)F)F,tg,90.5,84.98455983519786
*N=P(*)(OCCCCCCC)OCCCCCCC,tg,-94.0,-88.51971990147004
*c1cc2c(C(=O)N(C2=O)c2ccc(cc2)OCCOCCOc2ccc(cc2)N2C(=O)c3c(C2=O)cc(cc3)C(=O)*)cc1,tg,235.0,184.75036765295386
*c1ncc(cc1)C(=O)Oc1ccc(cc1)C(=O)Oc1cc(ccc1)OC(=O)c1ccc(cc1)OC(=O)*,tg,110.0,156.91757717742576
*N1C(=O)c2c(C1=O)cc(cc2)c1cc2c(C(=O)N(C2=O)c2cc(c(c(c2)Br)Oc2c(cc(cc2Br)*)Br)Br)cc1,tg,287.0,324.02622944663483
*N1C(=O)C2C(C1=O)C(Cc1ccccc21)C1C(=O)N(C(=O)C1)c1cc(cc(c1)C(=O)OCCC)*,tg,249.43,251.73016329753062
*OC(=O)c1cc(cc(c1)OCCC1CCN(CC1)c1ccc(cc1)S(=O)(=O)C(C(C(C(C(C(C(C(F)(F)F)(F)F)(F)F)(F)F)(F)F)(F)F)(F)F)(F)F)C(=O)OCCN(CC*)c1ccc(cc1)S(=O)(=O)C(C(C(C(C(C(C(C(F)(F)F)(F)F)(F)F)(F)F)(F)F)(F)F)(F)F)(F)F,tg,86.0,97.71696453158381
*N1C(=O)c2c(C1=O)cc(cc2)Oc1cc2c(C(=O)N(C2=O)c2cc(c(cc2)Oc2c(cc(cc2C(C)(C)C)c2ccc(cc2)*)C(C)(C)C)C(F)(F)F)cc1,tg,353.0,339.9565795531675
*N1C(=O)c2c(C1=O)cc(cc2)Oc1ccc(cc1)C1(CCCCCCCCCCC1)c1ccc(cc1)Oc1cc2c(C(=O)N(C2=O)c2ccc(cc2)Oc2ccc(cc2)C2(CCC(CC2)C(C)(C)C)c2ccc(cc2)Oc2ccc(cc2)*)cc1,tg,254.0,248.72076621792118
*Oc1ccc(cc1)C(c1ccc(cc1)Oc1ccc(cc1)C(=O)c1c(cccc1)c1c(cccc1)C(=O)c1ccc(cc1)*)(C(F)(F)F)C(F)(F)F,tg,178.5,195.2806488125702
*ON(C(C(*)(SC(F)(F)F)F)(F)F)C(F)(F)F,tg,-48.0,-1.2071585220152126
*N=Nc1ccc(cc1)NC(=O)CCC(=O)Nc1ccc(cc1)*,tg,220.0,204.3949883300722
*c1oc(cc1)C(=O)NNC(=O)c1ccc(cc1)[Si](c1ccc(cc1)C(=O)NNC(=O)*)(c1ccccc1)c1ccccc1,tg,264.0,209.8396285708694
*Oc1c2c(c(cc1)C=Cc1ccc(cc1)C=Cc1c3c(c(cc1)OCCOCCOCC*)cccc3)cccc2,tg,83.5,114.19983727658389
*O[Si](OC(COc1ccc(cc1)C(c1ccc(cc1)OCC(*)CCl)(C)C)CCl)(C)C,tg,24.0,76.17382421891281
*c1nc2c(nc1)ccc(c2)S(=O)(=O)c1ccc2c(nc(cn2)c2ccc(cc2)*)c1,tg,342.0,347.07722981960956
*Oc1ccc(cc1)S(=O)(=O)c1ccc(cc1)Oc1ccc(cc1)C(=O)c1cc(ccc1)C(=O)c1ccc(cc1)*,tg,178.0,202.428244539363
*Oc1ccc(cc1)c1ccc(cc1)OC(=O)/C=C/c1ccc(cc1)/C=C/C(=O)*,tg,243.0,153.38311637493928
*c1cc2c(C(=O)N(C2=O)c2ccc(cc2)Oc2c(cc(cc2C)C(c2cc(c(c(c2)C)Oc2ccc(cc2)N2C(=O)c3c(C2=O)cc(cc3)C(=O)*)C)c2c3c(ccc2)cccc3)C)cc1,tg,272.0,265.36351093259896
*C(C*)C(=O)Oc1cc(cc(c1)C)C,tg,54.0,75.52342463498732
*C1CC2CC(CC(C1)O2)OC(=O)c1cc(ccc1)C(=O)O*,tg,113.0,180.27145028975002
*OC(=O)CCCCC(=O)OCCC*,tg,-52.17,-61.66581784018956
*Oc1ccc(cc1)C(c1ccc(cc1)OC(=O)*)(C)C,tg,144.87,140.60012524002767
*c1cc2c(C(=O)N(C2=O)c2ccc(cc2)Oc2ccc(cc2)N2C(=O)c3c(C2=O)cc(cc3)C(*)O)cc1,tg,250.0,257.64183175398847
*C(C*)SC,tg,-1.0,-2.6471237291124057
*Oc1cc(ccc1)Oc1ccc(cc1)Oc1cc(ccc1)OC(=O)c1ccc(cc1)C(=O)*,tg,103.0,128.57899640575684
*OCC(C*)(COCCCCCCCCCCOc1ccc(cc1)c1ccc(cc1)C#N)C,tg,7.0,37.03885275461482
*Oc1ccc(cc1)C(c1ccc(cc1)Oc1ccc(cc1)C(=O)Nc1ccc(cc1)NC(=O)c1ccc(cc1)*)(C)C,tg,230.0,207.58470938969472
*C(C*)(C(=O)Oc1ccc(cc1)C(=O)Oc1ccccc1)C,tg,99.0,112.96161600449857
*C(CC(C*)C)(C(=O)OC)C,tg,16.0,40.113964392957634
*N1C(=O)C(CC1=O)Nc1ccc(cc1)Cc1ccc(cc1)NC1C(=O)N(C(=O)C1)c1c(cc(cc1C)C(c1cc(c(c(c1)C)*)C)c1cnccc1)C,tg,219.0,237.4443651846186
*N1C(=O)c2c(C1=O)cc(cc2)Oc1ccc(cc1)C1(CCC(CC1)c1ccccc1)c1ccc(cc1)Oc1cc2c(C(=O)N(C2=O)c2ccc(cc2)Oc2ccc(cc2)C2(CCC(CC2)C(C)(C)C)c2ccc(cc2)Oc2ccc(cc2)*)cc1,tg,243.0,249.5082093624756
*C(C*)(C(=O)OCC1(COC(OC1)(C)C)C)C,tg,104.0,103.2786713194459
*OC(C(=O)*)Cc1ccccc1,tg,35.05,59.50244433175963
*C(=C(CC*)c1ccccc1)c1ccccc1,tg,120.5,137.50858373964076
*c1cc2c(C(=O)N(C2=O)c2cc(c(cc2)Oc2ccc(cc2)Oc2ccc(cc2)N2C(=O)c3c(C2=O)cc(cc3)C(=O)*)C(F)(F)F)cc1,tg,237.1,261.9461733926615
*Oc1ccc(cc1)Oc1ccc(cc1)C(=Nc1ccc(cc1)N=C(c1ccc(cc1)*)c1ccccc1)c1ccccc1,tg,176.0,170.9034758698173
*C1C(CC(C1)C=C*)(C[Si](C)(C)C)C#N,tg,128.0,104.4402829171232
*c1cc2c(C(=O)N(C2=O)c2cc(ccc2)NC(=O)c2cc(ccc2)N2C(=O)c3c(C2=O)cc(cc3)C(=O)*)cc1,tg,285.67,289.70695978649314
*OC(=O)CCSCCC(=O)OCCOCCOCCOCC*,tg,-44.0,-49.02590595175522
*N1C(=O)c2c(C1=O)cc(cc2)c1cc2c(C(=O)N(C2=O)c2c(cc(cc2C)C(c2cc(c(c(c2)C)*)C)c2c3c(ccc2)cccc3)C)cc1,tg,311.67,338.68899528987606
*N1C(=O)c2c(C1=O)cc(cc2)Oc1cc2c(C(=O)N(C2=O)c2cc(ccc2)Oc2c(c(ccc2)Oc2cc(ccc2)*)C#N)cc1,tg,206.33,225.33069952038917
*c1cc2c(C(=O)N(C2=O)c2ccc(cc2)c2sc(c(c2c2ccccc2)c2ccccc2)c2ccc(cc2)N2C(=O)c3c(C2=O)cc(cc3)C(=O)Nc2ccc(cc2)Oc2ccc(cc2)NC(=O)*)cc1,tg,320.0,294.73949927172714
*Nc1ccc(cc1)C(c1ccc(cc1)NC(=O)c1cc(cc(c1)C(C)(C)C)C(=O)*)(C(F)(F)F)C(F)(F)F,tg,284.1,266.14269274290115
*C(C*)OC=O,tg,34.25,19.390848096089584
*C(C*)c1ccc(cc1)COCCOCCCCCCCC,tg,-42.0,-0.2915430332050515
*c1nnc(nc1c1ccc(cc1)Oc1ccc(cc1)C(c1ccc(cc1)Oc1ccc(cc1)*)(C(F)(F)F)C(F)(F)F)c1ncccc1,tg,224.0,202.31980688691723
*N1C(=O)c2c(C1=O)cc(cc2)Oc1c(cccc1)Oc1cc2c(C(=O)N(C2=O)c2cc(ccc2)*)cc1,tg,224.0,238.07862313069828
*C1C2C(C(C1)C=C*)C1CCC2C1,tg,204.76,161.8028822540004
*c1cc2c(C(=O)N(C2=O)c2ccc(cc2)NC(=O)Nc2ccc(cc2)N2C(=O)c3c(C2=O)cc(cc3)C(=O)Nc2ccc(cc2)NC(=O)Nc2ccc(cc2)NC(=O)*)cc1,tg,208.0,214.5664838914275
*C(C*)OC(=O)CCCC(=O)c1ccc(cc1)C,tg,40.0,15.89334541331701
*OC(=O)c1ccc(cc1)c1ccc(cc1)c1ccc(cc1)C(=O)OCC*,tg,180.0,86.00622113772762
*OC(=O)NCc1ccc(cc1)CNC(=O)OCCCCCCCCCCCCCCCC*,tg,47.0,38.489260534056115
*OC(=O)CCSCCC(=O)OCC*,tg,-47.0,-46.62840323334182
*N1C(=O)c2c(C1=O)cc(cc2)C(=O)Oc1ccc(cc1)c1ccc(cc1)OC(=O)CCC*,tg,132.0,118.65335637301155
*Oc1c2c(ccc1)ccc(c2)Oc1ccc(cc1)NC(=O)c1ccc(cc1)S(=O)(=O)c1ccc(cc1)C(=O)Nc1ccc(cc1)*,tg,259.0,259.96714677985415
*NC(=O)c1cc(cc(c1)C(C)(C)C)C(=O)NCc1cc(ccc1)C*,tg,192.0,193.63608500392576
*Oc1cc(ccc1)OC(=O)c1ccc(cc1)OC(=O)c1cc(ccc1)C(=O)Oc1ccc(cc1)C(=O)*,tg,156.75,126.62923409683127
*c1oc(nn1)c1ccc(cc1)Oc1ccc(cc1)NC(=O)c1cc(cc(c1)NC(=O)c1ccc(cc1)OC(=O)C)C(=O)Nc1ccc(cc1)Oc1ccc(cc1)*,tg,270.0,263.8840117854097
*Oc1cc(c(cc1)C(=O)O)C(=O)Nc1ccc(cc1)NC(=O)c1c(ccc(c1)*)C(=O)O,tg,166.3,252.17696768429474
*c1sc(cc1SCCCCCC)*,tg,32.0,29.87147093907671
*c1cc2c(C(=O)N(C2=O)c2cc(ccc2)C(C(C(C(C(c2cc(ccc2)N2C(=O)c3c(C2=O)cc(cc3)C(C(C(C(C(C(C(*)(F)F)(F)F)(F)F)(F)F)(F)F)(F)F)(F)F)(F)F)(F)F)(F)F)(F)F)(F)F)cc1,tg,108.5,141.59447668262882
*Oc1ccc(cc1)C=C1C(=O)C(=Cc2ccc(cc2)OCCCCCC*)CCC1,tg,116.0,100.32018745909834
*C(C*)c1ccc(cc1)CC,tg,50.47,68.90609075920217
*C(C*)c1c(ccc(c1)c1ccc(cc1)C(=O)OC(CC)C)c1ccc(cc1)C(=O)OC(CC)C,tg,212.5,115.83659041908847
*Oc1ccc(cc1)CC(Cc1ccc(cc1)*)(C#N)C#N,tg,147.0,159.6687876527482
*c1cc2c(C(=O)N(C2=O)c2cc(ccc2)Oc2c(ccc(c2)Oc2cc(ccc2)N2C(=O)c3c(C2=O)cc(cc3)C(*)(C(F)(F)F)C(F)(F)F)P(=O)(c2ccccc2)c2ccccc2)cc1,tg,230.0,216.7058858272624
*N=P(*)(NCC)NCC,tg,30.0,-18.86501681916596
*N1C(=O)c2c(C1=O)cc(cc2)[Si](c1cc2c(C(=O)N(C2=O)c2ccc(cc2)Oc2ccc(cc2)C(=O)c2cc(ccc2)C(=O)c2ccc(cc2)Oc2ccc(cc2)*)cc1)(C)C,tg,208.0,223.93077681135438
*C(C*)P(=O)(c1ccccc1)c1ccccc1,tg,127.5,79.10409787208826
*Oc1ccc(cc1)N1ON1c1ccc(cc1)OCCCCCCOC(=O)CC(=O)OCCCCCC*,tg,16.0,39.171485552007574
*Oc1c(cc(cc1)C(=O)*)CCCCC,tg,50.0,108.34368859415538
*Oc1ccc(cc1)c1ccc(cc1)OC(=O)c1c(ccc(c1)N=Nc1ccc(cc1)OCC)c1c(cc(cc1)N=Nc1ccc(cc1)OCC)C(=O)*,tg,165.0,133.87212368257104
*c1c2C(=O)N(C(=O)c2c(c2ccccc12)c1ccc(cc1)Oc1ccc(cc1)S(=O)(=O)c1ccc(cc1)Oc1ccc(cc1)*)c1ccc(cc1)Cl,tg,280.0,277.6305526285104
*N1C(=S)N(C(=O)CC1=O)c1ccc(cc1)Oc1cc2c(cc1)ccc(c2)Oc1ccc(cc1)*,tg,151.5,195.54081279911736
*c1ccc2c3n(c4ccc(cc4n3)c3cc4n5c(nc4cc3)c3cccc4c(ccc(c5=O)c34)Oc3cc4c(cc3)cc(cc4)O*)c(=O)c3cccc1c23,tg,413.0,395.3697922477107
*C(C*)(C(=O)OCc1cc(c(cc1)Cl)Cl)C,tg,34.45,46.1711355700583
*OP(=O)(Oc1ccc(cc1)S(=O)(=O)c1ccc(cc1)*)Oc1ccc(cc1)[N+](=O)[O-],tg,114.0,122.00148039969605
*OC(C*)(C)C,tg,92.0,-51.378337823123566
*c1c2c(c(cc1)CC*)cccc2,tg,160.0,183.79713477481712
*c1c2C(=O)N(C(=O)c2c(c2ccccc12)c1ccc(cc1)Oc1ccc(cc1)C(=O)c1ccc(cc1)Oc1ccc(cc1)*)c1ccc(cc1)C(F)(F)F,tg,260.0,263.20876094112276
*Oc1ccc(cc1)C1(CCC(CC1)C(c1ccc(cc1)OCC(C*)O)(C)C)C,tg,135.0,115.89582074185671
*c1nc2c(nc1)cc(cc2)c1cc2c(nc(cn2)c2ccc(cc2)c2ccc(cc2)*)cc1,tg,345.5,352.85981165121467
*O[Si](O[Si](c1c(c(c(c(c1F)F)F)[Si](*)(C)C)F)(C)C)(C)C,tg,-61.0,-46.50880814418595
*N1C(=O)c2c(C1=O)c(ccc2)c1cc2c(C(=O)N(C2=O)c2ccc(cc2)Oc2cc(ccc2)Oc2ccc(cc2)*)cc1,tg,259.0,242.51605061755657
*NC(=O)c1cc(ccc1)C(=O)NCCCCCCCC*,tg,110.0,117.2317783639981
*N1C(=O)c2c(C1=O)cc(cc2)NC(=O)Nc1ccc(cc1)c1nc(cc(c1)c1ccc(cc1)c1ccccc1)c1ccc(cc1)NC(=O)Nc1cc2c(C(=O)N(C2=O)c2ccc(cc2)c2nc(cc(c2)c2ccc(cc2)c2ccccc2)c2ccc(cc2)*)cc1,tg,272.0,299.30205172866226
*C(C*)c1ccc(cc1)C(=O)c1ccc(cc1)OC,tg,103.0,93.64487752332438
*OP(=O)(N=Nc1ccc(cc1)Oc1ccc(cc1)N=NP(=O)(OCCCCCC*)OC)OC,tg,25.0,34.52531161991939
*c1sc(cc1C(=O)OCCCCCCCCCCOc1ccc(cc1)c1ccc(cc1)OC(=O)c1ccc(cc1)OCC(CCCCCC)F)*,tg,151.0,66.81657089582102
*Oc1c(cc(cc1)OC(=O)c1ccc(cc1)OCCCCCCCCCCCCOc1ccc(cc1)C(=O)*)S(=O)(=O)c1ccccc1,tg,82.7,100.03047184487876
*N1C(=O)c2c(C1=O)cc(cc2)C(=O)Oc1ccc(cc1)c1ccc(cc1)OC(=O)c1cc2c(C(=O)N(C2=O)CCCC*)cc1,tg,126.0,152.5787636309297
*C(C*)(C(=O)Oc1ccc(cc1)OCc1ccccc1)C,tg,95.3,112.04197362682389
*Oc1ccc(cc1)CC(NC(=O)CCc1ccc(cc1)OC(=O)CCCCCCCCC(=O)*)C(=O)OC(CC)C,tg,36.0,38.2112506090706
*C1(CC(C1)*)C#N,tg,220.0,108.1662816233512
*N1C(=O)C(CC1=O)Nc1ccc(cc1)Cc1ccc(cc1)NC1C(=O)N(C(=O)C1)c1ccc(cc1)Oc1c(cc(cc1C)C(c1cc(c(c(c1)C)Oc1ccc(cc1)*)C)c1cnccc1)C,tg,201.0,173.91384394590858
*N1C(=O)c2c(C1=O)cc(cc2)Oc1cc2c(C(=O)N(C2=O)c2cc(ccc2)Oc2c(ccc(c2)Oc2cc(ccc2)*)P(=O)(c2ccccc2)c2ccccc2)cc1,tg,212.0,218.3827086125912
*N1C(=O)c2c(C1=O)c(ccc2)Oc1c(cc(cc1C)c1cc(c(c(c1)C)Oc1c2c(C(=O)N(C2=O)c2cc(ccc2)*)ccc1)C)C,tg,311.0,303.6946947924257
*Oc1ccc(cc1)c1ccc(cc1)Oc1c(c(c(c(c1F)F)COC(c1cc(ccc1)C(OCc1c(c(c(c(c1F)F)*)F)F)(C(F)(F)F)C(F)(F)F)(C(F)(F)F)C(F)(F)F)F)F,tg,110.0,181.77780509979172
*Oc1cc(ccc1)NC(=O)CCCCCCCC(=O)Nc1ccc(cc1)*,tg,120.0,130.57199662047304
*c1nc2c(nc1c1ccc(cc1)C(=O)NCCCCCCCCCCNC(=O)c1ccc(cc1)*)cccc2,tg,166.0,147.14643032353635
*c1cc2c(nc(cc2c2ccccc2)Oc2nc3c(c(c2)c2ccccc2)cc(cc3)c2ccc(cc2)c2ccc(cc2)*)cc1,tg,308.0,333.04725524989567
*Nc1ccc(cc1)NC(=O)Cc1c(cc(c(c1)CC(=O)*)C)C,tg,208.0,192.86463283205123
*N1C(=O)c2c(C1=O)cc(cc2)Oc1cc2c(C(=O)N(C2=O)c2ccc(cc2)C(c2ccc(cc2)*)(C)C)cc1,tg,265.0,261.7255542013033
*C(C*)(C(=O)OCCCCCCOc1ccc(cc1)N=Nc1ccc(cc1)C1OCC2(CO1)CC1C=CC2C1)C,tg,118.5,113.21552311911144
*Oc1ccc(cc1)C(c1ccc(cc1)OC(=O)c1c(cccc1)c1c(cccc1)C(=O)*)(c1ccccc1)C,tg,172.0,199.41365090921386
*OC(=O)c1c(ccc(c1)N=Nc1ccc(cc1)OCC)c1c(cc(cc1)N=Nc1ccc(cc1)OCC)C(=O)OCCOCCOCC*,tg,65.0,82.245816847248
*C(C*)(CCCCC)C(=O)OC,tg,44.6,7.995192362037847
*c1cc2c(C(=O)N(C2=O)c2cc(ccc2)Cc2cc(ccc2)N2C(=O)c3c(C2=O)cc(cc3)C(=O)*)cc1,tg,241.33,274.2079683007366
*Oc1ccc(cc1)C(=O)c1ccc(cc1)C(=O)c1ccc(cc1)Oc1cc(ccc1)Cc1cc(ccc1)*,tg,122.0,118.50880786592708
*N1C(=O)c2c(C1=O)cc(cc2)Oc1cc2c(cc1)ccc(c2)Oc1cc2c(C(=O)N(C2=O)c2ccc(cc2)C(c2ccc(cc2)*)(C)C)cc1,tg,247.0,247.8468412037446
*c1ncc(cc1)C(=O)NNC(=O)c1ccc(cc1)[Si](c1ccc(cc1)C(=O)NNC(=O)*)(c1ccccc1)c1ccccc1,tg,256.0,225.0500283977853
*c1sc(cc1CCCCCCCCCCCC)*,tg,-13.51,-19.923003342558562
*C(C*)(C(=O)OCCOCCOC)C,tg,-35.25,19.679364423576413
*Oc1ccc(cc1)CC(NC(=O)CCc1ccc(cc1)OC(=O)CC(CCC(=O)*)C)C(=O)OC(CC)C,tg,45.0,49.908101218307536
*C1OC(OC1COC(=O)OC*)(OCC)OCC,tg,10.8,21.330102299868464
*Oc1ccc(cc1)C1(c2ccccc2c2ccccc12)c1ccc(cc1)OCCOC(=O)Nc1ccc(cc1)Cc1ccc(cc1)NC(=O)OCC*,tg,152.0,143.0499557076069
*O[Si](CC[Si](Oc1c(cc(cc1C)c1cc(c(c(c1)C)*)C)C)(C)C)(C)C,tg,55.0,105.50640058546962
*c1nc2c([nH]1)ccc(c2)N1C(=O)c2c(C1=O)cc(cc2)c1cc2c(C(=O)N(C2=O)c2ccc(cc2)*)cc1,tg,425.0,360.37125188516455
*c1cc2c(C(=O)N(C2=O)c2cc(ccc2)N2C(=O)c3c(C2=O)cc(cc3)C(=O)Nc2nc(ccc2)NC(=O)*)cc1,tg,339.0,257.72716067543956
*C(C*)C(=O)Nc1ccccc1,tg,160.0,92.96969524547889
*[Si](CC(C*)Cc1c2c(ccc1)cccc2)(C)C,tg,17.0,48.19242691248886
*N(CC*)C(=O)c1cc(ccc1)F,tg,97.0,86.4895539577501
*C1CC2CC(CC(C1)O2)OC(=O)Oc1ccc(cc1)S(=O)(=O)c1ccc(cc1)OC(=O)O*,tg,184.0,184.39598686274343
*c1nc2c(c(c1)c1ccccc1)cc(cc2)C1(c2ccccc2C(=O)c2ccccc12)c1cc2c(nc(cc2c2ccccc2)c2ccc(cc2)C2(c3ccccc3c3ccccc23)c2ccc(cc2)*)cc1,tg,405.0,341.61523142923505
*C(C*)C(=O)OCCSCC,tg,-71.0,-37.643273970005296
*C(C*)c1ccc(cc1)C(=O)N1CCOCC1,tg,127.0,116.23126940961605
*Oc1c2c(c(cc1)c1c3c(c(cc1)Oc1ccc(cc1)Oc1ccc(cc1)S(=O)(=O)c1ccc(cc1)Oc1ccc(cc1)*)cccc3)cccc2,tg,214.0,207.01689570107038
*N(CCC*)C(=O)CC,tg,8.0,21.78047413881187
*C1C(CC(C1)C=C*)(CC)C#N,tg,134.0,123.57274252127513
*N1C(=O)c2c(C1=O)cc(cc2)C(=O)Oc1cc2c(cc1)ccc(c2)OC(=O)CCCCC*,tg,113.0,126.93177918506211
*c1cc2c(C(=O)N(C2=O)C2C(=O)N(C(=O)C2)c2cc(ccc2)NC(=O)*)cc1,tg,130.0,157.10038530614426
*OC(=O)OCC(C*)(C(=O)OCc1ccccc1)C,tg,-2.0,75.06408702524044
*OC(C(=O)OCCC*)C,tg,-33.0,-37.34991076977443
*c1cc2c(cc1OC(=O)COc1ccc3c(c1)oc(=O)cc3)oc(=O)c(c2)C(=O)Nc1ccc(cc1)c1ccc(cc1)NC(=O)c1c(=O)oc2c(cc(c(c2)OC(=O)COc2ccc3c(c2)oc(=O)cc3)C*)c1,tg,248.0,235.40624534467895
*OC(=O)CCCCCCCCC(=O)OCC(C*)(CC)C,tg,-69.0,-46.83055123479714
*C(C*)c1c(ccc(c1)C(=O)Oc1ccc(cc1)OCCCCCCCCCCCC)C(=O)Oc1ccc(cc1)OCCCCCCCCCCCC,tg,108.0,101.2273626227332
*NC(=O)CNC(=O)CCCCC(=O)NCCCCCC*,tg,53.4,49.14158734297331
*Oc1c2c(c(cc1)c1c3c(c(cc1)OCCCCCCC*)cccc3)cccc2,tg,129.5,82.02847876628728
*N1C(=O)c2c(C1=O)cc(cc2)c1cc2c(C(=O)N(C2=O)c2cc(ccc2)C(=O)Nc2ccc(cc2)Oc2ccc(cc2)NC(=O)c2cc(ccc2)*)cc1,tg,253.0,263.84038647287196
*C(C*)(C(=O)OCCOCCOCCOc1ccc(cc1)N=Nc1ccc(cc1)C#N)C,tg,37.0,37.15158402177216
*c1cc2c(C(=O)N(C2=O)c2ccc(cc2)Oc2ccc(cc2)C2(C3C4C(CCC4)C(C2)C3)c2ccc(cc2)Oc2ccc(cc2)N2C(=O)c3c(C2=O)cc(cc3)C(=O)Nc2ccc(cc2)Oc2c(cc(c(c2)C(C)(C)C)Oc2ccc(cc2)NC(=O)*)C(C)(C)C)cc1,tg,290.0,269.25119235367197
*Oc1ccc(cc1)C(c1ccc(cc1)OC(=O)*)(C(F)(F)F)C(F)(F)F,tg,173.55,124.89881871030693
*C(C*)(C(=O)OCCN(c1ccc(cc1)N=Nc1ccc(cc1)[N+](=O)[O-])CC)C,tg,125.25,114.73331549113969
*c1cc2c(C(=O)N(C2=O)c2ccc(cc2)C2(CCC(CC2)C(CC)(C)C)c2ccc(cc2)NC(=O)*)cc1,tg,342.0,311.04132723447344
*C1(c2c(C(=O)O1)cccc2)c1ccc(cc1)Oc1c(c(c(c(c1F)F)C(=O)c1c(c(c(c(c1F)F)Oc1ccc(cc1)*)F)F)F)F,tg,215.0,235.5769162676039
*C(C*)(C(=O)OCC(C(F)F)(F)F)C,tg,80.0,79.72901043441964
*OC(=O)CCC#CC#CCCC(=O)OCCN(CC*)c1ccc(cc1)[N+](=O)[O-],tg,30.0,58.17197845620398
*C(C*)c1c2c(OCO2)ccc1,tg,119.0,110.14180462318281
*c1cc2c(C(=O)N(C2=O)c2c(cc(c(c2C)N2C(=O)c3c(C2=O)cc(cc3)C(=O)Nc2ccc(cc2)NC(=O)*)C)C)cc1,tg,327.0,327.51786403160435
*OC(=O)c1ccc(cc1)c1ccc(cc1)C(=O)OCCCC*,tg,70.0,56.02580919173956
*O[Si](*)(c1ccccc1)C,tg,-24.27,12.180876976301485
*c1cc2c(C(=O)N(C2=O)c2ccc(cc2)NC(=O)c2cc(ccc2)N2C(=O)c3c(C2=O)cc(cc3)C(=O)*)cc1,tg,308.0,280.318789236488
*Oc1c(cc(cc1Br)C(c1cc(c(c(c1)Br)OC(=O)*)Br)(C(F)(F)F)C(F)(F)F)Br,tg,206.0,184.0358530707221
*Oc1cc(c(cc1)C(=O)c1ccccc1)c1c(ccc(c1)Oc1ccc(cc1)C(c1ccc(cc1)*)(C(F)(F)F)C(F)(F)F)C(=O)c1ccccc1,tg,164.0,185.72466646257507
*NC(=O)c1ccc(cc1)C(=O)NCC(CCC*)C,tg,153.5,146.56421235620672
*C1(CCN(CC1)C(=O)CCCC(=O)N1CCC(CC1)(CCC*)C)C,tg,58.0,93.16091736192946
*Oc1ccc(cc1)Oc1ccc(cc1)P(=O)(c1ccc(cc1)*)C,tg,213.0,187.9794799055583
*C(C*)OC(=O)C1CCCC1,tg,36.0,63.18453183616371
*C=CCC(C*)(C(=O)OC12CC3CC(CC(C1)C3)C2)C(=O)OC12CC3CC(CC(C1)C3)C2,tg,34.0,227.47508678165156
*Oc1cc(ccc1)Oc1c(c(ccc1)Oc1cc(ccc1)Oc1ccc(cc1)c1ccc(cc1)*)C(=O)c1c(cccc1)S(=O)(=O)O[Na],tg,230.0,189.77453396158998
*c1ccc2c3n(c4ccc(cc4n3)c3cc4n5c(nc4cc3)c3cccc4c(ccc(c5=O)c34)Oc3c(cccc3)c3c(cccc3)O*)c(=O)c3cccc1c23,tg,376.0,394.76390970136487
*OC(=O)Nc1c(ccc(c1)NC(=O)OCCN(CC*)c1ccc(cc1)N=Nc1ccc(cc1)c1nc2c([nH]1)ccc(c2)[N+](=O)[O-])C,tg,188.0,178.62394213240074
*N1C(=O)c2c(C1=O)cc(cc2)Oc1cc2c(C(=O)N(C2=O)c2cc(ccc2)Oc2cc(ccc2)*)cc1,tg,200.0,228.02461287758024
*N1C(=O)C(=C(C1=O)Cl)Oc1ccc(cc1)C(c1ccc(cc1)OC1=C(C(=O)N(C1=O)c1ccc(cc1)Oc1ccc(cc1)*)Cl)(C(F)(F)F)C(F)(F)F,tg,193.0,196.12615728052452
*OC(=O)NC1CC(CC(C1)(CNC(=O)OCCN(CC*)c1ccc(cc1)N=Nc1ccc(cc1)B(c1c(cc(cc1C)C)C)c1c(cc(cc1C)C)C)C)(C)C,tg,146.0,164.08929373943354
*c1oc(nn1)c1ccc(cc1)C(=O)OCCCCCCCCOc1ccc(cc1)C=CC(=O)C=Cc1ccc(cc1)OCCCCCCCCOC(=O)c1ccc(cc1)*,tg,59.0,75.82719783853709
*C(=C*)C(CCCCCCC)[Si](C)(C)C,tg,150.0,106.05099992934922
*C1C2C(C(C1)CC*)CCC2,tg,103.55,133.61247434198472
*c1cc2c(C(=O)N(C2=O)c2ccc(cc2)Oc2ccc(cc2)C(=O)c2cc(ccc2)C(=O)c2ccc(cc2)Oc2ccc(cc2)N2C(=O)c3c(C2=O)cc(cc3)C(*)(C(F)(F)F)C(F)(F)F)cc1,tg,236.0,250.59571187991426
*c1cc2c(C(=O)N(C2=O)c2ccc(cc2)Oc2c(cc(c(c2)C(C)(C)C)Oc2ccc(cc2)N2C(=O)c3c(C2=O)cc(cc3)C(*)(C(F)(F)F)C(F)(F)F)C(C)(C)C)cc1,tg,277.0,263.7560621243319
*OC(=O)NCCCCCCNC(=O)OCCOCC*,tg,5.0,7.669311692648526
*Oc1cc(ccc1)NC(=O)c1ccc(cc1)P(=O)(c1ccc(cc1)C(=O)Nc1cc(ccc1)Oc1ccc(cc1)P(=O)(c1ccc(cc1)*)c1ccccc1)c1ccccc1,tg,235.0,203.03254683907727
*N(CC*)C(=O)CCCCCCC,tg,10.0,14.055423215043168
*c1sc(cc1SCCCC)c1ccc(cc1)c1sc(c(c1)SCCCC)c1ccc(cc1)*,tg,26.4,71.78947817384696
*C1C2C(C(=O)N(C2=O)c2c(cccc2)Cl)C(C1)C=C*,tg,255.6,230.40983607636338
*Oc1cc(cc(c1)CCC)OC(=O)c1cc(ccc1)C(=O)*,tg,129.0,143.26381657863837
*C(CCCCC*)CCCCCCCC,tg,-72.0,-39.58083873634804
*C1OCC2(CO1)COC(OC2)CCCCCCCC(=O)OCCOC(=O)CCCCCCC*,tg,0.0,16.510475585160304
*Oc1c(cc(cc1)Oc1c(c(c(c(c1F)F)c1c(c(c(c(c1F)F)*)F)F)F)F)S(=O)(=O)O,tg,120.0,183.2795978919794
*Oc1ccc(cc1)C1(c2ccccc2c2ccccc12)c1ccc(cc1)Oc1ccc(cc1)C(=O)c1cc(ccc1)c1cc(ccc1)C(=O)c1ccc(cc1)*,tg,212.0,241.42082796597472
*OC(=O)CCCC(=O)NCCCCCC*,tg,-18.0,0.8815892193341915
*c1cc2c(C(=O)N(C2=O)c2ccc(cc2)Oc2c3c(ccc2)c(ccc3)Oc2ccc(cc2)N2C(=O)c3c(C2=O)cc(cc3)C(=O)Nc2ccc(cc2)Oc2ccc(cc2)C(c2ccc(cc2)Oc2ccc(cc2)NC(=O)*)(C(F)(F)F)C(F)(F)F)cc1,tg,231.0,255.53503153392367
*c1c(ccc(c1)*)c1oc2c(n1)cc(cc2)C,tg,221.0,270.6349154264067
*N1C(=O)c2c(C1=O)c(ccc2)c1cc2c(C(=O)N(C2=O)c2cc(ccc2)C(=O)Nc2ccc(cc2)NC(=O)c2cc(ccc2)*)cc1,tg,328.0,270.6801884830305
*C(C*)C(=O)OCCCCCCCCCCCCCCCCCC,tg,-42.5,-57.33439184809747
*Oc1ccc(cc1)CC(NC(=O)CCc1ccc(cc1)OC(=O)CCCCCCC(=O)*)C(=O)OCC(C)C,tg,42.0,44.054672569759965
*c1cc2c(C(=O)N(C2=O)c2ccc(cc2)S(=O)(=O)c2ccc(cc2)NC(=O)c2cc(ccc2)C(=O)Nc2ccc(cc2)S(=O)(=O)c2ccc(cc2)N2C(=O)c3c(C2=O)cc(cc3)C(=O)*)cc1,tg,226.0,247.5165202393866
*Oc1ccc(cc1)C(=O)NNC(=O)c1c(cc(cc1)C(=O)NNC(=O)c1ccc(cc1)OC(=O)c1cc(ccc1)C(=O)*)Oc1ccccc1,tg,160.0,191.1216541077699
*C(C*)c1c(ccc(c1)C(=O)OC)c1ccc(cc1)OCCCCCCCC,tg,126.0,78.05087975058066
*Oc1ccc(cc1)Oc1cc(ccc1)Oc1ccc(cc1)c1ccc(cc1)Oc1cc(ccc1)Oc1ccc(cc1)Oc1c(cc(cc1)C(=O)c1cc(c(cc1)*)S(=O)(=O)O[Na])S(=O)(=O)O[Na],tg,304.0,316.18053955826645
*c1cc2C3(CCC(CC3)(C3=NC(CO3)Cc3ccccc3)C3=NC(CO3)Cc3ccccc3)c3c(c2cc1)ccc(c3)c1cc2C(c3c(c2cc1)ccc(c3)*)(CCCCCC)CCCCCC,tg,142.0,142.38283927637266
*c1c2C(=O)N(C(=O)c2c(c2ccccc12)c1ccc(cc1)Oc1ccc(cc1)S(=O)(=O)c1ccc(cc1)Oc1ccc(cc1)*)CCCCCCCCCCCC,tg,167.0,147.3619971742534
*c1cc2c(oc(n2)c2cc(ccc2)c2oc3c(n2)cc(cc3)C(*)(c2ccccc2)C(F)(F)F)cc1,tg,301.0,364.91550869600843
*C1C(=O)OC(=O)C1C1C2CC(C(C1*)C2)COCCC,tg,209.0,188.21216003983443
*P1(=NP(=NP(=N1)(Oc1ccc(cc1)C(=O)OCCC)Oc1ccc(cc1)C(=O)OCCC)(Oc1ccc(cc1)C(c1ccc(cc1)O*)(C(F)(F)F)C(F)(F)F)Oc1ccc(cc1)C(=O)OCCC)Oc1ccc(cc1)C(=O)OCCC,tg,34.0,123.99311692361785
*N1C(=O)c2c(C1=O)cc(cc2)C(=O)c1cc2c(C(=O)N(C2=O)CCCCCCOC(=O)OCCCCCC*)cc1,tg,74.0,57.60032850516655
*c1cc2c(C(=O)N(C2=O)c2ccc(cc2)NC(=O)Nc2ccc(cc2)N2C(=O)c3c(C2=O)cc(cc3)C(=O)Nc2ccc(cc2)Oc2ccc(cc2)NC(=O)*)cc1,tg,205.0,218.7864692513722
*C(C*)c1ccc(cc1)C(=O)CCC,tg,74.0,83.8922253492131
*c1cc2c(C(=O)N(C2=O)c2ccc(cc2)Oc2ccc(cc2)S(=O)(=O)c2ccc(cc2)Oc2ccc(cc2)N2C(=O)c3c(C2=O)cc(cc3)C(=O)c2cc(ccc2)C(=O)*)cc1,tg,249.0,250.72689597710055
*c1sc(nn1)c1ccc(cc1)OC(=O)CCCCCCCCC(=O)Oc1cc(ccc1)C=C*,tg,55.0,33.50256914626549
*OCCCCSSCCCC*,tg,-76.0,-57.32126741659841
*Oc1c(cc(cc1)OC(=O)c1c(cc(cc1)c1ccc(cc1)C(=O)*)c1ccccc1)C(c1ccccc1)(C)C,tg,146.0,178.46642608486346
*N(CC*)C(=O)c1ccc(cc1)F,tg,104.0,94.30246636943075
*Oc1ccc(cc1)C1(CCCCCC1)c1ccc(cc1)OC(=O)*,tg,155.0,171.99665191295682
*O[Si](O[Si](O[Si](O[Si](O[Si](C#Cc1ccc(cc1)C#C[Si](*)(C)C)(C)C)(C)C)(C)C)(C)C)(C)C,tg,78.0,-3.7638162269505075
*C(C*)(C(=O)OCCCCCCCCOc1ccc(cc1)C(=O)Oc1ccc(cc1)C(=O)C=Cc1c(c2c(n1CCCC)cccc2)C)C,tg,69.0,77.067350590335
*Oc1ccc(cc1)P(=O)(c1ccc(cc1)Oc1ccc(cc1)C(c1ccc(cc1)*)(c1ccccc1)C(F)(F)F)C,tg,229.0,211.88832076448975
*c1cc2c(nc(c(n2)c2ccc(cc2)Oc2ccc(cc2)c2c(nc3c(n2)cc(cc3)C(=O)*)c2ccccc2)c2ccccc2)cc1,tg,265.4,297.942333301145
*Oc1ccc(cc1)c1ccc(cc1)c1ccc(cc1)Oc1ccc(cc1)C(=O)c1cc(ccc1)C(=O)c1ccc(cc1)*,tg,174.0,179.23591758945483
*C(C*)c1ccc(cc1)C(CCCCC)(O)C,tg,92.5,82.79456211057818
*C(C*)C(=O)Oc1cc(ccc1)C(=O)OCC,tg,24.0,51.46121809458285
*Oc1c(cc(c(c1)OC(=O)c1ccc(cc1)OCCCC)OC(=O)CCCCCCCC(=O)*)OC(=O)c1ccc(cc1)OCCCC,tg,38.0,50.835102285348086
*c1cc2c(C(=O)N(C2=O)c2cc(ccc2)Nc2nc(nc(n2)Nc2cc(ccc2)N2C(=O)c3c(C2=O)cc(cc3)C(=O)*)N(c2ccccc2)c2ccccc2)cc1,tg,290.0,256.7022034178546
*N1C(=O)c2c(C1=O)cc(cc2)C(=O)c1cc2c(C(=O)N(C2=O)CCCCCCCCCCC(=O)Nc2ccc(cc2)NC(=O)CCCCCCCCCC*)cc1,tg,125.0,138.61006692688886
*Oc1cc(ccc1)NC(=O)c1cc(cc(c1)C(C(C(C(C(C(C(C(F)(F)F)(F)F)(F)F)(F)F)(F)F)(F)F)(F)F)(F)F)C(=O)Nc1ccc(cc1)*,tg,210.0,177.62875970765546
*C(C*)(C(=O)OCc1occc1)C,tg,111.0,56.67992370757806
*C(C*)(C(=O)OCCCCC)C,tg,6.0,1.335624093829066
*N1C(=O)c2c(C1=O)cc(cc2)Oc1cc2c(C(=O)N(C2=O)c2c(ccc(c2)C(c2cc(c(cc2)OCCN(c2ccc(cc2)C=CC2=CC(=C(C(=O)OC)C#N)CC(C2)(C)C)c2ccccc2)*)(C(F)(F)F)C(F)(F)F)OCCN(c2ccc(cc2)C=CC2=CC(=C(C(=O)OC)C#N)CC(C2)(C)C)C)cc1,tg,207.0,201.00259225871622
*C=CC(C(*)COCc1ccccc1)COCc1ccccc1,tg,-4.0,36.03589391918562
*c1cc2c(C(=O)N(C2=O)c2ccc(cc2)Oc2c(c(ccc2)Oc2ccc(cc2)N2C(=O)c3c(C2=O)cc(cc3)C(*)(C(F)(F)F)C(F)(F)F)C#N)cc1,tg,280.0,261.9684718114354
*c1ccc2n(c3c(c2c1)cc(cc3)Nc1ccc(cc1)C(=O)c1ccc(cc1)C(=O)c1ccc(cc1)N*)CC(CCCC)CC,tg,213.0,200.75733135715453
*c1c(nc2c(n1)cc(cc2)Oc1cc2c(nc(c(n2)c2ccc(cc2)c2ccc(cc2)*)c2ccccc2)cc1)c1ccccc1,tg,410.0,329.12861872338436
*Nc1ccc(cc1)Cc1ccc(cc1)NC(=O)c1ccc(cc1)C(=O)*,tg,294.5,256.31715680168486
*N1C(=O)C(=C(C1=O)c1ccccc1)c1ccc(cc1)C1=C(C(=O)N(C1=O)c1ccc(cc1)Oc1ccc(cc1)Oc1ccc(cc1)*)c1ccccc1,tg,249.0,249.09946113265582
*C(C*)c1ccc(cc1)OP1(=NP(=NP(=N1)(OCCOCCOCCOC)OCCOCCOCCOC)(OCCOCCOCCOC)OCCOCCOCCOC)OCCOCCOCCOC,tg,-66.5,33.07947068522133
*c1cc2c(C(=O)N(C2=O)c2cc(ccc2)P(=O)(c2cc(ccc2)N2C(=O)c3c(C2=O)cc(cc3)C(*)(C(F)(F)F)C(F)(F)F)c2ccccc2)cc1,tg,271.0,257.2488491717502
*C(C*)(C(=O)OCc1ccc(cc1)C=CC(=O)Oc1ccc(cc1)OC)C,tg,89.0,55.30904260703972
*OCCOCCOCCCNC(=O)C(NC(=O)CCCCCCCCC(=O)NC(C(=O)NCCC*)Cc1ccccc1)Cc1ccccc1,tg,44.0,33.72807941180735
*O[Si](*)(CCC(C(C(C(F)(F)F)(F)F)(F)F)(F)F)C,tg,-75.0,-39.50117432746411
*C(C*)OC(C)C,tg,-7.5,-0.9234838138678593
*Oc1c(cc(cc1)Oc1ccc(cc1)C(=O)c1ccc(cc1)*)S(=O)(=O)O,tg,214.67,176.79301098378025
*N1C(=O)C2C(C1=O)C(Cc1ccccc21)C1C(=O)N(C(=O)C1)c1cc(cc(c1)C(=O)OCCCCCC)*,tg,249.43,202.1985517597136
*c1nc2c(c(c1)c1ccccc1)cc(cc2)c1cc2c(nc(cc2c2ccccc2)c2ccc(cc2)C2(c3ccccc3C(=O)c3ccccc23)c2ccc(cc2)*)cc1,tg,417.0,381.31463048791215
*OC(=O)C1=C(CCCC=C1C(=O)OCC*)N1CCCC1,tg,345.0,98.50649890155351
*c1cc2c(C(=O)N(C2=O)c2c(cc(cc2C)Cc2cc(c(c(c2)C)N2C(=O)c3c(C2=O)cc(cc3)C(=O)Nc2c(ccc(c2)NC(=O)*)N=Nc2ccc(cc2)[N+](=O)[O-])C)C)cc1,tg,264.0,281.7032945002166
*Oc1cc(ccc1)N(c1ccc(cc1)c1ccc(cc1)N(c1cc(ccc1)OC(=O)OCCOCCOC(=O)*)c1ccc(cc1)N=Nc1ccc(cc1)[N+](=O)[O-])c1ccccc1,tg,107.25,155.14337909322265
*C(C*)CN,tg,190.0,48.99695304155904
*C(=C(*)C)SCC,tg,160.0,84.62208338026325
*SSSCc1ccc(cc1)C*,tg,8.0,42.36879443076679
*N1C(=O)c2c(C1=O)cc(cc2)Oc1ccc(cc1)C(=O)Nc1ccc(cc1)Oc1ccc(cc1)*,tg,262.0,251.8450601926088
*c1cc2c(C(=O)N(C2=O)c2ccc(cc2)Cc2ccc(cc2)N2C(=O)c3c(C2=O)cc(cc3)C(=O)c2ccc(cc2)Oc2ccc(cc2)S(=O)(=O)c2ccc(cc2)Oc2ccc(cc2)C(=O)*)cc1,tg,245.0,238.06043351607224
*N1C(=O)c2c(C1=O)cc(cc2)Oc1cc2c(cc1)ccc(c2)Oc1cc2c(C(=O)N(C2=O)c2ccc(cc2)Oc2ccc(cc2)*)cc1,tg,249.5,241.38650602682424
*NNC(=O)c1c(cc(cc1)C(=O)*)OCCCCC,tg,234.0,109.88315552634161
*Oc1ccc(cc1)P(=O)(c1ccc(cc1)*)c1ccccc1,tg,240.0,196.44232687418466
*Oc1cc2c(cc1)ccc(c2)OC(=O)c1ccc(cc1)Oc1ccc(cc1)C(=O)*,tg,142.0,172.17379770190615
*OC(=O)NCCCCCCNC(=O)OCC#CC*,tg,-45.0,26.197948308405696
*S(=O)(=NP(=NP(=N*)(NC)NC)(NC)NC)NC,tg,22.0,37.613217902555114
*N1C(=O)c2c(C1=O)cc(cc2)C(=O)Oc1ccc(cc1)OC(=O)CCCC*,tg,89.32,97.42915183619878
*OC(=O)COCC(=O)OCCCC*,tg,-27.0,-38.670606715301254
*NC(=O)c1c(cc(cc1)C(=O)NCCCCCC*)Oc1ccc(cc1)Cl,tg,112.5,105.5809486881741
*OCCCNC(=O)CCCCC(=O)NCCC*,tg,34.0,10.411461985134505
*Oc1ccc(cc1)N[Se]Nc1ccc(cc1)*,tg,55.0,122.65602338371986
*C(=C*)CCCOC(=O)c1c(ccc(c1)c1ccc(cc1)OC)c1ccc(cc1)OC,tg,72.4,108.96460028708094
*Nc1c(cc(cc1)NC(=O)c1ccc(cc1)NC(=O)CCCCCCCCCCC(=O)Nc1ccc(cc1)C(=O)*)C(=O)OCCCCCCCCCCCCCC,tg,199.5,226.44953157402057
*c1ncc(cc1)C(=O)NCCCCCCNC(=O)*,tg,80.0,125.23014449439955
*N1C(=O)c2c(C1=O)cc(cc2)Oc1cc2c(C(=O)N(C2=O)c2cc(ccc2)Oc2ccc(cc2)*)cc1,tg,233.75,226.7973729707929
*Oc1cc2c(cc1)ccc(c2)OCCNC(=O)c1cc(ccc1)C(=O)NCC*,tg,143.0,153.2842918079431
*C(C*)OC(=O)CC(c1ccccc1)(C)C,tg,20.0,74.869719377705
*OC(=O)c1cc(ccc1)C(=O)OCCc1ccc(cc1)NC(=O)c1cc(ccc1)C(=O)Nc1ccc(cc1)CC*,tg,142.0,130.24347282337766
*c1cc2c(C(=O)N(C2=O)c2ccc(cc2)C(=O)OCCCSCCCCSCCCOC(=O)*)cc1,tg,39.0,55.84115377214886
*c1cc2c(C(=O)N(C2=O)c2ccc(cc2)Oc2cc(ccc2)Oc2ccc(cc2)N2C(=O)c3c(C2=O)cc(cc3)C(=O)Nc2ccc(cc2)C2(c3ccccc3c3ccccc23)c2ccc(cc2)NC(=O)*)cc1,tg,278.0,266.34889365160956
*N1C(=O)c2c(C1=O)cc(cc2)c1cc2c(C(=O)N(C2=O)c2ccc(cc2)c2nc(cc(c2)c2ccc(cc2)OCCCC#N)c2ccc(cc2)*)cc1,tg,360.0,298.1829717115418
*C(C*)C(=O)Oc1ccc(cc1)C(C)(C)C,tg,71.0,74.12378165657414
*c1ccc2c(nc([nH]2)c2ccc(cc2)c2nc3c([nH]2)ccc(c3)C(=O)Nc2cc(ccc2)NC(=O)c2cc(ccc2)NC(=O)*)c1,tg,312.0,316.144595263241
*N1C(=O)c2c(C1=O)cc(cc2)S(=O)(=O)c1cc2c(C(=O)N(C2=O)c2c(cc(c(c2C)*)C)C)cc1,tg,418.0,367.25984845902605
*c1n(nc(c1)c1ccc(cc1)Oc1ccc(cc1)P(=O)(c1ccc(cc1)Oc1ccc(cc1)*)c1ccccc1)c1ccccc1,tg,239.0,237.27459730707656
*C(C*)C(=O)Nc1cc2C(=O)c3c(C(=O)c2cc1)cccc3,tg,128.0,158.18948434145406
*c1cc2c(C(=O)N(C2=O)c2cc(ccc2)P(=O)(c2cc(ccc2)N2C(=O)c3c(C2=O)cc(cc3)C(*)(C(F)(F)F)C(F)(F)F)c2ccc(cc2)Oc2ccc(cc2)C23CC4CC(CC(C2)C4)C3)cc1,tg,298.0,245.8477949043586
*c1cc2c(C(=O)N(C2=O)c2cc(ccc2)Nc2nc(nc(n2)Nc2cc(ccc2)N2C(=O)c3c(C2=O)cc(cc3)C(=O)*)c2ccccc2)cc1,tg,292.0,303.1237392598949
*N1C(=O)c2c(C1=O)cc(cc2)C(=O)c1cc2c(C(=O)N(C2=O)CC(=O)Nc2cc(ccc2)Oc2ccc(cc2)NC(=O)C*)cc1,tg,226.0,215.40741474672316
*C1C2C(C(C(C1*)C2)C(=O)OCCC12CC3CC(CC(C1)C3)C2)C(=O)OCCC12CC3CC(CC(C1)C3)C2,tg,300.0,192.04531462316965
*OC(=O)c1cc2c(cc1)cc(cc2)C(=O)OCCCCC*,tg,50.83,58.44386917002026
*c1cc2c(C(=O)N(C2=O)c2ccc(cc2)Oc2ccc(cc2)S(=O)(=O)c2ccc(cc2)Oc2ccc(cc2)N2C(=O)c3c(C2=O)cc(cc3)C(=O)Nc2ccc(cc2)Oc2c(cccc2)c2c(cccc2)Oc2ccc(cc2)NC(=O)*)cc1,tg,236.0,256.18107465547513
*C(C*)C(=O)OC12CC3CC(CC(C1)C3)C2,tg,153.0,101.94183938971635
*c1cc2c(C(=O)N(C2=O)c2c(ccc(c2)N2C(=O)c3c(C2=O)cc(cc3)C(=O)Nc2ccc(cc2)Oc2ccc(cc2)c2ccc(cc2)Oc2ccc(cc2)NC(=O)*)C)cc1,tg,299.0,282.14371170747467
*c1cc2c(C(=O)N(C2=O)c2cc(ccc2)Oc2cc(ccc2)Oc2cc(ccc2)N2C(=O)c3c(C2=O)cc(cc3)C(=O)*)cc1,tg,211.0,242.5639947194765
*NC(=O)c1c(cc(cc1)C(=O)NCCCC*)Sc1ccccc1,tg,136.0,143.51765987776474
*c1c(ccc(c1)*)c1oc2c(n1)cccc2,tg,229.0,271.57641201079946
*c1oc(nn1)c1oc(cc1)c1oc(nn1)c1ccc(cc1)[Si](c1ccc(cc1)*)(c1ccccc1)c1ccccc1,tg,264.0,266.16382489394516
*C1C(=O)N(C(=O)C1CC*)CCCCCC,tg,41.5,65.59088589156968
*c1cc2Oc3c(C4(c2cc1)c1ccccc1c1ccccc41)ccc(c3)OC(=O)O*,tg,295.0,324.0081649936409
*Nc1ccc(cc1)C(c1ccc(cc1)NC(=O)c1cc(cc(c1)N1C(=O)C2C(C1=O)CC=CC2)C(=O)*)(C)C,tg,308.0,283.8222591591502
*c1oc2c(n1)cc(cc2)NC(=O)CCCCCCCCC(=O)Nc1cc2c(oc(n2)CCCCCC*)cc1,tg,86.0,106.36847171362808
*NC(=O)CCCCCCCCCCCCCCC(=O)NCCCCCCCCCCCC*,tg,46.0,46.26022876812171
*OC(=O)c1ccc(cc1)c1ccc(cc1)C(=O)OCCCCC*,tg,45.25,55.359784061462335
*C(C*)(C(=O)NC(=O)OC(COc1ccc(cc1)S(=O)(=O)c1ccc(cc1)OCC(O)C)C)C,tg,73.0,70.41416276192648
*Nc1ccc(cc1)c1c(cc(cc1c1ccc(cc1)c1ccccc1)c1ccc(cc1)c1cc(c(c(c1)c1ccc(cc1)c1ccccc1)c1ccc(cc1)NC(=O)c1ccc(cc1)C(=O)*)c1ccc(cc1)c1ccccc1)c1ccc(cc1)c1ccccc1,tg,305.0,179.4392218470196
*Oc1ccc(cc1)NC(=O)c1ccc(cc1)C(=O)Nc1ccc(cc1)Oc1ccc(cc1)C(c1ccc(cc1)*)(C(F)(F)F)C(F)(F)F,tg,243.0,235.47138494295268
*C(C*)c1ccc(cc1)COCCCCO,tg,20.0,13.138983245663075
*OP(=O)(OCCCCOc1c(cc(cc1)C=C1C(=O)C(=Cc2cc(c(cc2)OCCCC*)OC)CC1)OC)OC,tg,75.0,69.4705769367419
*Oc1c(cc(cc1)C(c1cc(c(cc1)OC(=O)CCCCC(=O)*)C)(C)C)C,tg,33.5,92.9903073122661
*Oc1c(cc(c(c1)OC(=O)c1ccc(cc1)OC)OC(=O)CCCC(=O)*)OC(=O)c1ccc(cc1)OC,tg,88.0,80.36425457142474
*c1c(c(cc(c1)N=Nc1ccc(cc1)C#N)*)O,tg,176.0,173.2218801143051
*C1OCC(OC1)CNC(=O)CCCCC(=O)NC*,tg,93.0,36.80895100030076
*C1COC2C1OCC2OC(=O)OCC(C(COC(=O)O*)OC)OC,tg,61.0,45.68867106338421
*NC(=O)CCP(=S)(CCC(=O)NCCCCCC*)c1ccccc1,tg,43.0,67.08627506943083
*Oc1ccc(cc1)Oc1ccc(cc1)C(=O)c1ccc(cc1)NC(=O)c1cc(ccc1)C(=O)Nc1ccc(cc1)C(=O)c1ccc(cc1)*,tg,198.0,214.32960582858985
*c1c(nc2c(c1c1ccccc1)cc(cc2)c1cc2c(nc(c(c2c2ccccc2)c2ccc(cc2)*)c2ccccc2)cc1)c1ccccc1,tg,376.25,349.2409066249266
*c1cc2c(C(=O)N(C2=O)c2cc(c(cc2)c2c(cc(cc2)N2C(=O)c3c(C2=O)cc(cc3)C(*)(C(F)(F)F)C(F)(F)F)C(F)(F)F)C(F)(F)F)cc1,tg,321.5,307.7320632558083
*c1ccc(cc1)c1c(cc(c(c1c1ccccc1)c1ccccc1)c1cc(ccc1)c1c(c(c(c(c1)c1ccccc1)c1ccc(cc1)CCC*)c1ccccc1)c1ccccc1)c1ccccc1,tg,240.0,252.04761261999423
*C(C*)(C(=O)N)C,tg,88.7,149.46739027704808
*Oc1ccc(cc1)C(c1ccc(cc1)OC(=O)c1ccc(cc1)C(c1ccc(cc1)C(=O)*)(C(F)(F)F)C(F)(F)F)(C(F)(F)F)C(F)(F)F,tg,135.0,159.4672249087179
*NC(=O)CCCCCCCCCCC(=O)NCCCCCCCCCCC*,tg,39.0,54.32938537515491
*C(C*)OCCCCCCCOc1ccc(cc1)c1ccc(cc1)C#N,tg,13.0,45.5848601539662
*c1cc2c(C(=O)N(C2=O)c2ccc(cc2)C(=O)OCCCCCCCCCCCCOC(=O)*)cc1,tg,46.8,56.59294753047312
*C(C(*)(F)F)OC(F)(F)F,tg,-10.0,-6.049887888349898
*C(C*)(C(=O)OCCCCCCN(c1ccc(cc1)N=Nc1ccc(cc1)S(=O)(=O)C)C)C,tg,100.0,82.03126797539174
*c1nnc(nc1c1ccc(cc1)Oc1ccc(cc1)C(c1ccc(cc1)Oc1ccc(cc1)*)(C)C)c1ncccc1,tg,220.0,211.6943684888545
*[Si](CCC*)(c1ccc(cc1)C)c1ccc(cc1)C,tg,38.0,56.86168630559848
*Oc1ccc(cc1)CCNC(=O)c1cc(ccc1)C(=O)NCCc1ccc(cc1)OC(=O)c1cc(ccc1)C(=O)*,tg,147.0,143.15380789253632
*c1cc2c(C(=O)N(C2=O)c2c(cc(cc2CC)Cc2cc(c(c(c2)CC)N2C(=O)c3c(C2=O)cc(cc3)C(=O)*)CC)CC)cc1,tg,296.0,257.38161746425857
*c1cc2c(C(=O)N(C2=O)c2cc(ccc2)P(=O)(c2cc(ccc2)N2C(=O)c3c(C2=O)cc(cc3)C(=O)Nc2ccc(cc2)c2nc(cc(c2)c2ccccc2)c2ccc(cc2)NC(=O)*)c2ccccc2)cc1,tg,258.0,313.60934529216064
*c1cc2c(C(=O)N(C2=O)c2c(cccc2)Cc2ccc(cc2)N2C(=O)c3c(C2=O)cc(cc3)C(=O)*)cc1,tg,286.0,295.87657540951494
*Oc1ccc(cc1)S(=O)(=O)c1ccc(cc1)Oc1c(cc(cc1C(C)C)C(c1cc(c(c(c1)C(C)C)*)C(C)C)(C)C)C(C)C,tg,175.0,190.86084550153905
*C(C*)Cc1cc(ccc1)C,tg,38.75,36.759148948653326
*N=P(*)(Oc1cc2c(cc1)cccc2)Oc1cc2c(cc1)cccc2,tg,47.0,126.11621032386955
*C1C(CC(C1)C=C*)C#N,tg,140.0,117.21365767432417
*C1(OC(C(O1)(F)F)(F)C(F)(F)F)C(*)(F)F,tg,135.0,255.88316469653972
*Oc1ccc(cc1)S(=O)(=O)c1ccc(cc1)OC(=O)c1ccc(cc1)[Si](c1ccc(cc1)C(=O)*)(c1ccccc1)c1ccccc1,tg,250.0,190.3379953101889
*N1C(=O)C(CC1=O)Nc1cc(ccc1)NC1C(=O)N(C(=O)C1)c1c(cc(cc1C)C(c1cc(c(c(c1)C)*)C)c1cnccc1)C,tg,224.0,229.32497114805855
*c1ccc2c(nc([nH]2)c2cc(cc(c2)N2C(=O)c3c(C2=O)cccc3)c2nc3c([nH]2)ccc(c3)C(=O)Nc2ccc(cc2)S(=O)(=O)c2ccc(cc2)NC(=O)*)c1,tg,325.0,302.17719221362665
*NC1CCC(CC1)CC1CCC(CC1)NC(=O)CCCCCCCCCCCCC(=O)*,tg,131.0,127.75902652401638
*NC(=O)CCCCCCCCCCCCCCCCC(=O)NCCCCCCCCCCCCCC*,tg,47.0,48.76182841396585
*c1sc(cc1CCCCCCCCCC)*,tg,-33.0,13.629842491295557
*OC(=O)CCCCC(=O)OCC(C*)CCCCCCOc1ccc(cc1)N=Nc1ccc(cc1)OC,tg,22.0,22.90991278293636
*O[Si](*)(c1ccc(cc1)C)C,tg,-14.65,60.528725713363265
*N1C(=O)c2c(C1=O)cc(cc2)Oc1ccc(cc1)C(=O)Nc1ccc(cc1)Oc1ccc(cc1)Oc1ccc(cc1)*,tg,242.0,214.99980451615838
*C(C*)c1ccc(cc1)C(=O)Cc1ccccc1,tg,78.0,98.73551611677482
*OC(=O)CCSCCC(=O)OCCOCC*,tg,-40.0,-56.129119884438545
*c1ccc(cc1)c1ccc(cc1)C(=Cc1ccc(cc1)C=C(*)c1ccccc1)c1ccccc1,tg,220.0,229.89177069761416
*OC(=O)c1ccc(cc1)c1ccc(cc1)c1ccc(cc1)C(=O)OCCCCCC*,tg,60.0,94.22237550220083
*N(CCNC(=O)c1ccc(cc1)[Si](c1ccc(cc1)C(=O)NCC*)(CCCC)CCCC)c1ccc(cc1)/C=C/c1ccc(cc1)[N+](=O)[O-],tg,115.0,130.1909430429977
*N(CC*)C(=O)CCCCCC,tg,10.0,4.249844749569701
*Nc1c(cccc1)CCc1ccc(cc1)NC(=O)NCCCCCCNC(=O)*,tg,150.0,93.49147476777804
*c1ccc2c3n(c4ccc(cc4n3)Oc3cc4n5c(nc4cc3)c3cccc4c(ccc(c5=O)c34)Oc3ccc(cc3)C3(c4ccccc4c4ccccc34)c3ccc(cc3)O*)c(=O)c3cccc1c23,tg,396.0,349.0735749639666
*C(C*)C(=O)N1CCOCC1,tg,133.0,93.8213519188097
*Oc1ccc(cc1)c1ccc(cc1)OCCCCCCCCOC(=O)Nc1c(cc(cc1)NC(=O)OCCCCCCCC*)C,tg,81.0,65.75448747501306
*C(C*)(C(=O)OCc1c(cccc1F)F)C,tg,82.0,70.87749681457076
*N(CC*)C(=O)C1(CCC1)c1ccc(cc1)Cl,tg,112.0,103.61365251127418
*N(c1ccc(cc1)C(c1ccc(cc1)*)c1ccc(cc1)C(=O)OC)c1ccc(cc1)C,tg,222.0,168.03108558252595
*c1sc(cc1CCCCCCCCCCCC)c1sc(c(c1)CCCCCCCCCCCC)c1ccc(cc1)*,tg,59.6,23.910012510002616
*c1nc(nc(c1c1ccc(cc1)OC)OCCOC(=O)CCCCC(=O)OCCO*)c1ccc(cc1)OC,tg,48.0,65.10682889267898
*[Si](C*)(CCCCCC)CCCCCC,tg,-56.0,-38.78367303030096
*c1cc2c(C(=O)N(C2=O)c2cc(cc(c2)c2c(=O)oc3c(cccc3)n2)N2C(=O)c3c(C2=O)cc(cc3)C(=O)*)cc1,tg,95.0,269.10487938962314
*Oc1ccc(cc1)C(=O)OCCN(CCOC(=O)c1ccc(cc1)OCC#CC#CC*)c1ccc(cc1)[N+](=O)[O-],tg,100.0,89.58208749405621
*C1C2CC(C(C1*)C2)C(=O)OCCc1ccc(cc1)N(c1cc(ccc1)C)c1ccccc1,tg,305.0,205.5918757615447
*c1n(c(cc1)c1sc(cc1)c1sc(cc1)c1sc(cc1)*)CCCCCCCCCCCC,tg,53.0,42.610547881381166
*C1=C(C(=O)N(C1=O)CCCC)c1ccc(cc1)c1cc2C(c3c(c2cc1)ccc(c3)c1ccc(cc1)*)(CCCCCC)CCCCCC,tg,155.0,116.3991221017134
*c1cc2c(C(=O)N(C2=O)c2ccc(cc2)C(=O)NCCN(CCNC(=O)*)c2ccc(cc2)C=Cc2ccc(cc2)[N+](=O)[O-])cc1,tg,178.0,216.89553734277595
*Oc1ccc(cc1)CC(NC(=O)Cc1ccc(cc1)OC(=O)COCCOCC(=O)*)C(=O)OCC,tg,50.0,60.46904225303224
*C(C*)(C(=O)Oc1ccc(cc1)C(=O)O)C,tg,110.0,123.91166779110642
*C(C*)C1=NC(C(=O)O1)(C)C,tg,92.0,83.43691164537444
*Oc1ccc(cc1)S(=O)(=O)c1ccc(cc1)Oc1ccc(cc1)NC(=O)c1cc(ccc1)C(=O)Nc1ccc(cc1)*,tg,260.0,218.17092076907457
*OC(=O)CCCCCNC(=O)CCCCC(=O)NCCCCCC(=O)OCCCCCCCCCC*,tg,-12.0,1.7221639967565057
*N1C(=O)c2c(C1=O)cc(cc2)S(=O)(=O)c1cc2c(C(=O)N(C2=O)c2ccc(cc2)C(c2ccc(cc2)*)c2ccccc2)cc1,tg,305.0,318.5561169312446
*C1C(=O)N(C(=O)C1*)CCOc1ccc(cc1)c1ccc(cc1)C#N,tg,150.0,130.4196846489013
*c1c2C(=O)N(C(=O)c2c(c2ccccc12)c1ccc(cc1)Oc1ccc(cc1)S(=O)(=O)c1ccc(cc1)Oc1ccc(cc1)*)c1c(cccc1)c1ccccc1,tg,278.0,324.98206323225554
*N1C(=O)c2c(C1=O)cc(cc2)Oc1c(cc(cc1C)C(c1cc(c(c(c1)C)Oc1cc2c(C(=O)N(C2=O)c2ccc(cc2)Oc2cc(c(cc2)c2c(cc(cc2)Oc2ccc(cc2)*)C)C)cc1)C)(C)C)C,tg,257.0,238.3644164976927
*N(CC*)C(=O)c1c(cc(cc1F)F)F,tg,135.0,114.75351077298279
*Oc1ccc(cc1)Oc1ccc(cc1)OCCCCCCOC(=O)OCCOC(=O)OCCCCCC*,tg,-4.0,8.919440374302553
*Oc1ccc(cc1)N(c1ccc(cc1)c1ccc(cc1)N(c1ccc(cc1)OCCCCCCCCCCCC*)c1ccccc1)c1ccccc1,tg,92.0,119.77562394793813
*Nc1cc(ccc1)NC(=O)c1cc(cc(c1)NC(=O)c1ccncc1)C(=O)*,tg,321.0,301.24869116047915
*c1c([nH]c(n1)c1cc(ccc1)c1[nH]c(c(n1)c1ccc(cc1)Oc1ccc(cc1)C(=O)c1ccc(cc1)Oc1ccc(cc1)*)c1ccccc1)c1ccccc1,tg,279.0,251.42130307020778
*Oc1ccc(cc1)C1(C2C3C(C(C1)C2)C1CCC3C1)c1ccc(cc1)OC(=O)*,tg,267.5,249.35800265749904
*C=CC(C(*)C(=O)OCCCN(c1ccc(cc1)N(C)C)C)C,tg,16.0,9.929468141256091
*OOC(C*)c1ccc(cc1)C,tg,4.6,67.67707900816721
*N1C(=O)c2c(C1=O)cc(cc2)NC(=O)Nc1ccc(cc1)Oc1c(cccc1)c1c(cccc1)Oc1ccc(cc1)NC(=O)Nc1cc2c(C(=O)N(C2=O)c2ccc(cc2)c2nc(cc(c2)c2ccc(cc2)c2ccccc2)c2ccc(cc2)*)cc1,tg,249.0,279.370680600775
*C(C(*)(F)F)F,tg,31.45,37.79943717650898
*N1C(=O)c2c(C1=O)cc(cc2)c1ccc(cc1)c1cc2c(C(=O)N(C2=O)CCCCCCCCCCCC*)cc1,tg,86.0,95.27697579829385
*OC(=O)NCC(C(C(C(CNC(=O)OCCCC*)(F)F)(F)F)(F)F)(F)F,tg,33.0,5.1443851387180075
*OP(=O)(N=Nc1ccc(cc1)COC(=O)c1cc(cc(c1)C(C)(C)C)C(=O)OCc1ccc(cc1)N=NP(=O)(OCC*)OC)OC,tg,105.0,48.11557967769215
*C(C*)c1ccc(cc1)[Si](O[Si](C)(C)C)(C)C,tg,35.5,15.558301308750307
*OP(=O)(N=Nc1ccc(cc1)C(=O)c1ccc(cc1)N=NP(=O)(OCCCCCC*)OC)OC,tg,31.0,38.38756964402374
*c1nc2c(n1c1ccc(cc1)n1c(nc3c1cccc3)c1ccc(cc1)Oc1ccc(cc1)C(=O)c1ccc(cc1)Oc1ccc(cc1)*)cccc2,tg,242.0,264.0646835538548
*c1cc2c(C(=O)N(C2=O)c2ccc(cc2)C(=O)c2cc(ccc2)C(=O)c2ccc(cc2)N2C(=O)c3c(C2=O)cc(cc3)C(=O)*)cc1,tg,276.0,247.31201491961338
*Oc1ccc(cc1)C(=O)OCCOC(=O)c1ccc(cc1)OCCCC*,tg,53.0,32.76050079681013
*c1ccc2c(nc([nH]2)c2ccc(cc2)C(=O)Nc2ccc(cc2)C(=O)Nc2ccc(cc2)NC(=O)*)c1,tg,295.0,296.5363187289114
*N1C(=O)c2c(C1=O)c(ccc2)Oc1c(c(cc(c1)C(C)(C)C)C(C)(C)C)Oc1c2c(C(=O)N(C2=O)c2ccc(cc2)Oc2ccc(cc2)*)ccc1,tg,238.0,237.07428903785123
*c1oc(nn1)c1ccc(cc1)Oc1ccc(cc1)C=Cc1ccc(cc1)Oc1ccc(cc1)*,tg,215.0,226.98428270062695
*C1OCCCC1C1C(=O)OC(=O)C1*,tg,210.0,145.706899706539
*Oc1ccc(cc1)C(c1ccc(cc1)OCC(C*)OC(=O)C=Cc1ccccc1)(C)C,tg,100.6,77.06674201922284
*Oc1c(cc(cc1C)C1(CC2C(CC1)CCCC2)c1cc(c(c(c1)C)Oc1ccc(cc1)C(=O)c1cc(ccc1)C(=O)c1ccc(cc1)*)C)C,tg,224.0,236.75607848899995
*c1ccc(cc1)C=C(c1ccc(cc1)C(=Cc1ccc(cc1)C=Cc1c(cc(c(c1)OC)C=C*)OC)Oc1ccccc1)c1ccc(cc1)Oc1ccccc1,tg,175.0,167.0390603915691
*C(C*)(CC(=O)OCCOCCOC)C(=O)OCCOCCOC,tg,-59.4,-26.71089178141579
*C1CCN(CC1)C(=C(c1ccc(cc1)C(=O)OCC*)C#N)c1ccc(cc1)OC,tg,171.5,86.21853290539929
*Oc1ccc(cc1)CC(NC(=O)CCc1ccc(cc1)OC(=O)CCCC(=O)*)C(=O)OCC,tg,67.67,66.04950354869464
*Oc1ccc(cc1)NC(=O)c1cc2c(cc1)cc(cc2)C(=O)Nc1ccc(cc1)Oc1ccc(cc1)C1(C2CC3CC(CC1C3)C2)c1ccc(cc1)*,tg,266.0,279.3758052638728
*C(C*)c1ccc(cc1)C(=O)c1ccc(cc1)C,tg,99.0,85.76672760995314
*C(C*)(C(=O)OCCCCCCOc1ccc(cc1)C(=O)Oc1ccc(cc1)C(=O)C=Cc1c(c2c(n1CCCC)cccc2)C)C,tg,85.0,78.75537388204263
*Oc1ccc(cc1)S(=O)(=O)c1ccc(cc1)Oc1c(cc(c(c1)C)C(c1c(cc(c(c1)C(C)C)*)C)c1c(cccc1)C(=O)O)C(C)C,tg,240.0,206.70226185823628
*C(C*)(C(=O)OCCCCCCCCCCn1c2ccc(cc2c2ccccc12)C=C(c1ccc(cc1)[N+](=O)[O-])C#N)C,tg,40.0,83.79095150330664
*c1cc2c(C(=O)N(C2=O)c2cc(ccc2)C(=O)Nc2ccc(cc2)Oc2ccc(cc2)c2ccc(cc2)Oc2ccc(cc2)NC(=O)c2cc(ccc2)N2C(=O)c3c(C2=O)cc(cc3)C(*)(C(F)(F)F)C(F)(F)F)cc1,tg,280.0,254.2842124484788
*N=P(*)(OCc1ccc(cc1)Br)OCc1ccc(cc1)Br,tg,-0.8,9.62324743290121
*c1oc(nn1)c1ccc(cc1)C(=O)OCCCCCCOc1ccc(cc1)C=C1C(=O)C(=Cc2ccc(cc2)OCCCCCCOC(=O)c2ccc(cc2)*)CCCC1,tg,104.0,108.10089230831159
*OC(C*)C1C(C(C1)(F)F)(F)F,tg,-25.0,51.4418703155188
*c1nc2c(nc1)cc(cc2)Oc1ccc2c(nc(cn2)c2ccc(cc2)Oc2ccc(cc2)*)c1,tg,270.0,337.5434904545043
*Oc1ccc(cc1)C(c1ccc(cc1)Oc1c(cc(cc1)C(=O)c1ccc(cc1)C(=O)c1cc(c(cc1)*)C(F)(F)F)C(F)(F)F)(C)C,tg,171.0,174.21626943100847
*Oc1c(cc(c(c1)OC(=O)c1ccc(cc1)OCC)OC(=O)CCCC(=O)*)OC(=O)c1ccc(cc1)OCC,tg,71.0,80.49558015805867
*Oc1c(cc(cc1)C=C1C(=O)C(=Cc2cc(c(cc2)OC(=O)c2ccc(cc2)N=Cc2ccc(cc2)C=Nc2ccc(cc2)C(=O)*)OC)CC1)OC,tg,140.0,198.86156299203054
*C(C*)OC(=O)c1ccc(cc1)OC,tg,73.83,56.79362410559034
*Oc1ccc(cc1)C(c1ccc(cc1)OCC(C*)OC(=O)C)(c1ccccc1)C,tg,110.0,85.20067189178305
*Oc1ccc(cc1)N1ON1c1ccc(cc1)OCCCCCCOC(=O)C(C(=O)OCCCCCC*)CCCCCCCCCCP(=O)(OCC)OCC,tg,12.5,-5.732166066700428
*Oc1cc(ccc1)OC(=O)Oc1ccc(cc1)C(c1ccc(cc1)OC(=O)*)(C)C,tg,83.1,103.01097410668864
*c1cc2c(C(=O)N(C2=O)c2ccc(cc2)C(=O)OCCCCCCCCCCOC(=O)*)cc1,tg,58.0,64.30087579611532
*Nc1ccc(cc1)c1ccc(cc1)NC(=O)c1cc(ccc1)C(=O)*,tg,294.0,289.9648912944417
*C1(c2c(C(=O)O1)cccc2)c1ccc(cc1)OC(=O)c1ccc(cc1)[Si](c1ccc(cc1)C(=O)Oc1ccc(cc1)*)(C)C,tg,214.0,203.3530586853282
*N1C(=O)C2C(C1=O)CC(CC2)C1CC2C(C(=O)N(C2=O)c2ccc(cc2)Cc2ccc(cc2)*)CC1,tg,260.0,297.57714295342635
*N1C(=O)c2c(C1=O)cc(cc2)Oc1c(c(cc(c1)C(C)(C)C)C(C)(C)C)Oc1cc2c(C(=O)N(C2=O)c2ccc(cc2)Oc2ccc(cc2)*)cc1,tg,228.0,236.9633367556986
*C(C*)(C(=O)NC(=O)OCCOc1c(cc(cc1Br)S(=O)(=O)c1cc(c(c(c1)Br)OCCO)Br)Br)C,tg,110.0,77.56497605539182
*N=P(*)(OCc1ccccc1)OCc1ccccc1,tg,-31.4,-17.286150536098482
*Oc1ccc(cc1)C(c1ccc(cc1)OC(=O)*)(CCC)CCC,tg,140.8,108.67512917198313
*NC(=O)c1c(c(c(c(c1Cl)Cl)C(=O)NCCCCCC*)Cl)Cl,tg,268.83,133.74017708490155
*Nc1ccc(cc1)C(c1cc(ccc1)C(c1ccc(cc1)NC(=C(C#N)C#N)c1ccc(cc1)C(=C(C#N)C#N)*)(C)C)(C)C,tg,208.0,212.25476062592594
*C(C*)(C(=O)OCCCCCCOc1ccc(cc1)C(=O)Oc1c2c(c(cc1)N=Nc1ccc(cc1)Br)cccc2)C,tg,46.0,48.653085084626696
*C1OCOC(C1)C*,tg,68.0,74.04537519199354
*c1cc2c(C(=O)N(C2=O)c2ccc(cc2)Oc2ccc(cc2)S(=O)(=O)c2ccc(cc2)Oc2ccc(cc2)N2C(=O)c3c(C2=O)cc(cc3)C(=O)Nc2ccc(cc2)Oc2ccc(cc2)C2(c3c(C(=O)N2)cccc3)c2ccc(cc2)Oc2ccc(cc2)NC(=O)*)cc1,tg,283.0,283.1132668479189
*Oc1cc(ccc1)Oc1ccc(cc1)S(=O)(=O)c1ccc(cc1)*,tg,170.0,169.51266952780364
*Oc1ccc(cc1)N(c1ccc(cc1)c1ccc(cc1)N(c1ccc(cc1)*)c1ccccc1)c1ccccc1,tg,218.0,139.7261964692253
*c1cc2Oc3c(C4(c2cc1)c1ccccc1c1ccccc41)ccc(c3)OC(=O)c1ccc(cc1)C(=O)O*,tg,290.0,307.97870564989006
*Oc1ccc(cc1)Oc1ccc(cc1)OC(=O)c1cc(ccc1)Oc1ccc(cc1)Oc1cc(ccc1)C(=O)*,tg,104.0,119.0093987285972
*C(C(*)(F)F)(Cl)F,tg,60.41,76.85637064762967
*OC(=O)OCC1CCC(CC1)C*,tg,38.7,63.106594997905525
*C1C(=O)N(C(=O)C1C(C*)(C)C)C(C)C,tg,145.0,147.97585638558803
*c1cc2c(C(=O)N(C2=O)c2cc(ccc2)N2C(=O)c3c(C2=O)cc(cc3)C(=O)Nc2ccc(cc2)Oc2ccc(cc2)C2(c3c(C(=O)N2)cccc3)c2ccc(cc2)Oc2ccc(cc2)NC(=O)*)cc1,tg,320.0,306.77795531681375
*c1cc2c(C(=O)N(C2=O)c2ccc(cc2)C2(CCC(CC2)C)c2ccc(cc2)NC(=O)*)cc1,tg,322.0,312.6976268752194
*C(C*)(C(=O)OCCCCCC(=O)Oc1ccc(cc1)OC(=O)c1ccc(cc1)OC)C,tg,40.0,50.872038716906644
*Nc1cc(ccc1)NC(=O)c1cc(cc(c1)NC(=O)c1ccccc1)C(=O)*,tg,300.0,298.0288090676225
*N1C(=O)c2c(C1=O)cc(cc2)Oc1c(cccc1)Oc1cc2c(C(=O)N(C2=O)c2cc(c(cc2)Oc2c(cc(cc2C)c2cc(c(c(c2)C)Oc2c(cc(cc2)*)C(F)(F)F)C)C)C(F)(F)F)cc1,tg,270.0,232.62085403658705
*C(C*)(C(=O)OCc1c(cc(cc1)Cl)Cl)C,tg,19.4,40.208532444855706
*Oc1ccc(cc1)Oc1ccc(cc1)OCCCCCCOC(=O)OCCCCCCCCCOC(=O)OCCCCCC*,tg,-20.0,-12.797757542853104
*c1cc2c(C(=O)OC2=Nc2cc(ccc2)Oc2ccc(cc2)N=C2OC(=O)c3c2cc(cc3)C(=O)*)cc1,tg,253.0,227.46913439079904
*NC(=O)CCCCCCCCC(=O)NCC1CCC(CC1)C*,tg,89.0,105.78743265918166
*C(C*)OC(=O)c1ccc(cc1)OC(=O)CCC,tg,61.0,65.06384657565384
*C=CCC*,tg,-89.57,-7.085173640168733
*C1COC2C1OCC2Oc1ccc(cc1)NC(=O)CCCCCCC(=O)Nc1ccc(cc1)O*,tg,72.5,91.9942758728038
*Oc1ccc(cc1)CC(NC(=O)CCc1ccc(cc1)OC(=O)CCCCC(=O)*)C(=O)OCCOCCOCC,tg,15.0,16.081673457539704
*Oc1ccc(cc1)S(=O)(=O)c1ccc(cc1)Oc1ccc(cc1)C(c1ccc(cc1)Oc1ccc(cc1)C(=O)c1ccc(cc1)*)(C)C,tg,175.0,187.91369380652628
*C(C*)CCC1CCCCC1,tg,40.0,67.54489482135803
*c1cc2c(C(=O)N(C2=O)c2c(cc(cc2C)C(c2cc(c(c(c2)C(C)C)N2C(=O)c3c(C2=O)cc(cc3)C(*)(C(F)(F)F)C(F)(F)F)C)(c2ccccc2)C(F)(F)F)C(C)C)cc1,tg,289.0,290.52774029954617
*OC1CCC(CC1)OC(=O)OCCCCOC(=O)*,tg,30.0,10.517528500727632
*c1cc2c(C(=O)N(C2=O)c2ccc(cc2)N2C(=O)c3c(C2=O)cc(cc3)C(=O)Nc2ccc(cc2)Oc2c(cccc2)c2c(cccc2)Oc2ccc(cc2)NC(=O)*)cc1,tg,268.0,268.6440027702685
*N1C(=O)c2c(C1=O)cc(cc2)Oc1cc2c(cc1Oc1cc3c(C(=O)N(C3=O)c3cc(ccc3)Oc3ccc(cc3)*)cc1)cccc2,tg,226.0,217.43641560760656
*c1cc2c(C(=O)N(C2=O)c2ccc(cc2)OCCOCCOc2ccc(cc2)N2C(=O)c3c(C2=O)cc(cc3)C(*)(C(F)(F)F)C(F)(F)F)cc1,tg,187.5,198.10920741259412
*Oc1c2c(c(cc1)c1c3c(c(cc1)Oc1ccc(cc1)Oc1c(c(ccc1)Oc1ccc(cc1)*)C)cccc3)cccc2,tg,156.0,224.60901356470413
*OC(=O)c1ccc(cc1)C(=O)OCCCCCCCC*,tg,23.0,9.373172711412412
*Oc1c(cc(cc1Br)C(c1cc(c(c(c1)Br)OC(=O)*)Br)(C)C)Br,tg,206.75,169.76027356406902
*OC(=O)c1ccc(cc1)C(=O)OCCCCCCCCCC*,tg,5.33,13.230738078754822
*OC(=O)c1cc2c(cc1)cc(cc2)C(=O)OCCCCCCCC*,tg,53.0,42.99468003181697
*Oc1c(cc(c(c1)C(C)(C)C)Oc1ccc(cc1)C(=O)Nc1c(cc(cc1C)C(c1cc(c(c(c1)C)NC(=O)c1ccc(cc1)*)C)(C)C)C)C(C)(C)C,tg,295.0,264.17918658406154
*c1c(nc2c(n1)cc(cc2)c1cc2c(nc(c(n2)c2ccc(cc2)Sc2ccc(cc2)*)c2ccccc2)cc1)c1ccccc1,tg,281.0,343.50239496541093
*N1C(=O)c2c(C1=O)cc(cc2)C(=O)Oc1cc2c(cc1)cc(cc2)OC(=O)c1cc2c(C(=O)N(C2=O)CCOCCOCC*)cc1,tg,105.0,135.4942508151761
*C(C*)OC(CC)C,tg,-26.0,-35.258302773953346
*Oc1ccc(cc1)Oc1ccc(cc1)OC(=O)c1c(cccc1)c1c(cccc1)C(=O)*,tg,147.0,123.3585665398469
*C(C*)N,tg,57.0,113.8309691655389
*Oc1ccc(cc1)C(c1ccc(cc1)OC(=O)c1cc(ccc1)C(=O)*)(c1ccccc1)c1ccccc1,tg,229.0,187.81656704200262
*c1cc2c(oc(n2)c2ccc(cc2)C(c2ccc(cc2)c2oc3c(n2)cc(cc3)C(*)(c2ccccc2)C(F)(F)F)(C(F)(F)F)C(F)(F)F)cc1,tg,334.0,316.05881875110276
*N1C(=O)c2c(C1=O)cc(cc2)C(=O)Nc1ccc(cc1)Oc1ccc(cc1)Oc1ccc(cc1)NC(=O)C*,tg,242.0,238.22867523383437
*c1nc2c(nc1)cc(cc2)S(=O)(=O)c1cc2c(nc(cn2)c2ccc(cc2)*)cc1,tg,342.0,350.3445513935956
*C(C*)C(=O)OCCc1ccccc1,tg,-3.0,15.294959330086739
*C(C*)(CC(=O)OCC(C)C)C(=O)OCC(C)C,tg,105.0,34.09609503119822
*Oc1c(cc(c(c1)C(C)(C)C)Oc1ccc(cc1)C(=O)Nc1ccc(cc1)C(c1ccc(cc1)NC(=O)c1ccc(cc1)*)(C)C)C(C)(C)C,tg,254.0,227.00131545098125
*Oc1c(cccc1)C(=O)OC(=O)c1c(cccc1)OC(=O)C(C(C(=O)*)C)C,tg,45.0,102.04535239442555
*N1C(=O)c2c(C1=O)cc(cc2)c1cc2c(C(=O)N(C2=O)c2cc(ccc2)C(=O)Nc2ccc(cc2)Oc2cc(ccc2)Oc2ccc(cc2)NC(=O)c2cc(ccc2)*)cc1,tg,253.0,236.81061759373364
*C(C(CCCCCCC*)c1ccc(cc1)O)c1c(cc(cc1)O)C,tg,4.0,-7.329930089575751
*C(C*)(C(=O)OCCO[Si](C)(C)C)C,tg,89.0,7.0560017556181105
*C(C*)CCCCCCC,tg,-47.0,-11.143414701304286
*C(C*)c1ccc(cc1)[Si](O[Si](O[Si](C)(C)C)(C)C)(C)C,tg,-27.0,66.32169612250595
*Oc1ccc(cc1)CC(NC(=O)CCc1ccc(cc1)OC(=O)COCC(=O)*)C(=O)OCc1ccccc1,tg,76.0,82.22118665514527
*Oc1ccc(cc1)S(=O)(=O)c1ccc(cc1)Oc1c(cc(cc1)C(c1cc(c(cc1)*)C(O)(C(F)(F)F)C(F)(F)F)(C)C)C(O)(C(F)(F)F)C(F)(F)F,tg,167.0,182.51358664225233
*c1cc2c(C(=O)N(C2=O)c2ccc(cc2)C2(c3ccccc3c3ccccc23)c2ccc(cc2)N2C(=O)c3c(C2=O)cc(cc3)C(=O)*)cc1,tg,368.2,359.2853692986993
*C(C*)(C(=O)OCCCC)Cl,tg,42.0,44.10952721754657
*OC(=O)c1ccc(cc1)C(=O)OCC(C(C*)CCCCCCCCCCCCCCCC)CCCCCCCCCCCCCCCC,tg,-27.0,0.9564835496326536
*NC(CC(=O)*)C,tg,115.0,66.24273214707983
*O[Si](O[Si](O[Si](O[Si](O[Si](c1ccc(cc1)Oc1ccc(cc1)[Si](*)(C)C)(C)C)(C)C)(C)C)(C)C)(C)C,tg,-65.0,-57.508084883241914
*c1cc2C(c3c(c2cc1)ccc(c3)c1ccc(cc1)*)(CCCCCCBr)CCCCCCBr,tg,117.2,98.35261046754168
*O[Si](*)(CCCOCC1OC(=O)OC1)C,tg,-32.2,30.22557996182945
*OC(=O)Nc1ccc(cc1)Cc1ccc(cc1)NC(=O)OCC(C*)(C)C,tg,94.0,58.89949094545238
*Oc1ccc(cc1)c1ccc(cc1)Oc1ccc(cc1)C(=O)c1c2c(ccc1)cccc2C(=O)c1ccc(cc1)*,tg,226.5,217.40795501662646
*N1C(=O)c2c(C1=O)cc(cc2)c1cc2c(C(=O)N(C2=O)c2cc(cc(c2)C(=O)NCCCCCC)*)cc1,tg,256.9,262.70443798609665
*C(C*)(C(=O)OC)CCC,tg,73.75,61.98990178554469
*C(C*)OCC,tg,-37.29,-39.095817481941495
*N(c1ccc(cc1)c1ccc(cc1)N(c1ccc(cc1)C(c1ccc(cc1)*)c1ccccc1)c1ccc(cc1)C)c1ccc(cc1)C,tg,239.0,176.04312432938326
*c1cc2c(C(=O)N(C2=O)c2ccc(cc2)Oc2ccc(cc2)C(c2ccc(cc2)Oc2ccc(cc2)N2C(=O)c3c(C2=O)cc(cc3)C(*)(C(F)(F)F)C(F)(F)F)(C)C)cc1,tg,244.4,231.22423727752397
*OC(C(=O)OCC*)C,tg,-21.0,-8.976130733477088
*O[Si](*)(CCCCCCOc1ccc(cc1)C(=O)Oc1ccc(cc1)C(=O)OCC(CC)C)C,tg,-10.9,-0.14772983135543066
*Oc1ccc(cc1)CC(NC(=O)CCc1ccc(cc1)OC(=O)COCC(=O)*)C(=O)OCCCCCCCC,tg,40.0,35.455857589615015
*N1C(=O)C2CCC3C(C2C1=O)C(=O)N(C3=O)c1ccc(cc1)Oc1ccc(cc1)Oc1ccc(cc1)*,tg,274.0,277.3098628639288
*OC(=O)c1ccc(cc1)C(c1ccc(cc1)C(=O)OCCCC*)(C)C,tg,44.0,47.7863604488221
*C1C(=O)N(C(=O)C1CC*)CCCC,tg,67.9,105.96164537276502
*C(C*)(C(=O)OCC)F,tg,94.0,72.83181832654739
*c1cc2c(C(=O)N(C2=O)c2c(cc(cc2C(C)C)Cc2cc(c(c(c2)C(C)C)N2C(=O)c3c(C2=O)cc(cc3)C(*)(C(F)(F)F)C(F)(F)F)C(C)C)C(C)C)cc1,tg,278.5,231.2601505486363
*OP(=O)(N=Nc1ccc(cc1)C(=O)c1ccc(cc1)N=NP(=O)(OCCOCC*)OC)OC,tg,33.0,32.50418214368587
*C1C(=O)N(C(=O)C1*)c1c(cccc1CC)CC,tg,288.0,214.53324106513372
*Oc1ccc(cc1)CC(NC(=O)CCc1ccc(cc1)OC(=O)CCCCC(=O)*)C(=O)OCC,tg,58.8,60.455787938819846
*Oc1ccc(cc1)C=NN=Cc1ccc(cc1)Oc1ccc(cc1)C(c1ccc(cc1)*)(C(F)(F)F)C(F)(F)F,tg,162.0,139.5744528460502
*c1nc2c(c(c1c1ccccc1)c1ccccc1)cc(cc2)Oc1cc2c(nc(cc2c2ccccc2)c2ccc(cc2)Oc2ccc(cc2)*)cc1,tg,305.0,286.3718212925864
*C(C*)C(=O)OCCCSCC,tg,-76.0,-63.200377656561685
*Oc1ccc(cc1)C=CC(=O)OCCN(CCOC(=O)C=Cc1ccc(cc1)OCCCCC*)c1ccc(cc1)N=Nc1ccc(cc1)[N+](=O)[O-],tg,92.0,94.33855775861244
*N(CC*)C(=O)Cc1ccc(cc1)C(F)(F)F,tg,75.0,101.76138893252127
*c1cc2c(C(=O)N(C2=O)c2ccc(cc2)Cc2ccc(cc2)N2C(=O)c3c(C2=O)cc(cc3)C(=O)Oc2ccc(cc2)OCCCCCCCCCCCCOc2ccc(cc2)OC(=O)*)cc1,tg,125.0,108.94156734270594
*c1cc2c(C(=O)N(C2=O)c2cc(cc(c2)c2oc3c(n2)cccc3)N2C(=O)c3c(C2=O)cc(cc3)C(=O)Nc2cc(cc(c2)c2nc3c([nH]2)cccc3)NC(=O)*)cc1,tg,371.0,332.3809739305355
*c1cc2c(C(=O)N(C2=O)c2ccc(cc2)Oc2c(cc(cc2)Oc2ccc(cc2)N2C(=O)c3c(C2=O)cc(cc3)C(=O)Nc2ccc(cc2)Oc2ccc(cc2)C2(c3c(C(=O)N2)cccc3)c2ccc(cc2)Oc2ccc(cc2)NC(=O)*)C)cc1,tg,293.0,279.6907339145288
*C(C*)(C(=O)OCCCc1ccc(cc1)N=Nc1ccc(cc1)OC(F)(F)F)C,tg,211.5,152.9766660461105
*OC(=O)c1ccc(cc1)c1ccc(cc1)C(=O)OCCCCCCCCCC*,tg,46.0,54.124325303209744
*N1C(=O)c2c(C1=O)cc(cc2)Oc1ccc(cc1)Sc1ccc(cc1)Oc1cc2c(C(=O)N(C2=O)c2ccc(cc2)c2ccc(cc2)*)cc1,tg,257.0,245.78981306529803
*Oc1ccc(cc1)Oc1ccc(cc1)Oc1ccc(cc1)C(=O)c1ccc(cc1)*,tg,150.5,156.79043406926297
*OP(=O)(N=Nc1ccc(cc1)Oc1ccc(cc1)N=NP(=O)(OCCOCC*)OC)OC,tg,32.0,10.95551787034417
*C(C*)(C(=O)OCCCCCCCCCCOc1ccc(cc1)N=Nc1ccccc1)C,tg,56.0,50.725124605217324
*Oc1ccc(cc1)CC(NC(=O)CCc1ccc(cc1)OC(=O)CC(CCC(=O)*)C)C(=O)OCCCC,tg,35.0,45.43964238634463
*NNC(=O)c1cc(cc(c1)NC(=O)c1cc2c(C(=O)N(C2=O)c2ncccc2C)cc1)C(=O)NNC(=O)C(=O)*,tg,134.1,142.53186025588425
*c1n(c(nn1)c1cc(ccc1)c1n(c(nn1)c1ccc(cc1)*)c1ccccc1)c1ccccc1,tg,265.0,261.2294884396911
*Oc1c(cc(cc1Cl)C(c1cc(c(c(c1)Cl)OC(=O)c1ccc(cc1)OCCCCCCCCCCOc1ccc(cc1)C(=O)*)Cl)(C)C)Cl,tg,140.0,81.59738958548404
*C(C*)CCCI,tg,30.0,-4.607710429337558
*OC(C*)CCCC,tg,-69.0,-67.79519187675714
*OC(=O)Nc1ccc(cc1)Cc1ccc(cc1)NC(=O)OCc1cc(cc(c1)C(C)(C)C)C*,tg,114.0,141.40143446262158
*C(C*)C(=O)OCCCCCCOc1cc(c(cc1)C=Nc1ccc(cc1)OCCCCC)O,tg,36.0,35.14574747567772
*N1C(=O)C2C3C4C(C(C2C1=O)C=C3)C(=O)N(C4=O)C1CCC(CC1)CC1CCC(CC1)*,tg,239.0,239.86675269007503
*C(C*)C(=O)OCF,tg,15.0,16.421770145016005
*Oc1c(cc(cc1)C1(CC2C(CC1)CCCC2)c1cc(c(cc1)OC(=O)c1cc(ccc1)C(=O)*)C)C,tg,207.0,268.73301669663454
*C(C(C(C*)OCCCC)(C(=O)OC)C)(C(=O)OC)C,tg,97.5,75.57560719284922
*c1nc2c([nH]1)ccc(c2)NC(=O)c1ccc(cc1)OCCOc1ccc(cc1)C(=O)Nc1ccc(cc1)*,tg,225.0,259.884952709717
*NC(=O)NCCCCCCCCCCNC(=O)NCCCCCCCCCCCCCC*,tg,40.0,67.4442564388771
*c1cc2c(C(=O)N(C2=O)c2ccc(cc2)Oc2c(cc(cc2C)Cc2cc(c(c(c2)C)Oc2ccc(cc2)N2C(=O)c3c(C2=O)cc(cc3)C(=O)*)C)C)cc1,tg,290.0,278.309345024354
*Oc1c(cc(cc1OC)C=Cc1ccc(cc1)C=Cc1ccc(cc1)C=Cc1cc(c(c(c1)OC)OCCCCCCCC*)OC)OC,tg,78.7,71.68064836402034
*c1nc(ccc1)C=Cc1c2c(ccc1OC(=O)c1ccc(cc1)C(=O)Oc1c(c3c(cc1)cccc3)C=C*)cccc2,tg,145.0,194.24436363294052
*N1C(=O)c2c(C1=O)cc(cc2)Oc1ccc(cc1)C1(CCC(CC1)C(C)(C)C)c1ccc(cc1)Oc1cc2c(C(=O)N(C2=O)c2ccc(cc2)Oc2ccc(cc2)C2(C3C4C(CCC4)C(C2)C3)c2ccc(cc2)Oc2ccc(cc2)*)cc1,tg,257.0,258.7905237819418
*OC(=O)CCCCCCCCCCCC*,tg,-41.37,-36.83052820018091
*C(C*)(C(=O)OCCCCCC)C,tg,-7.25,-2.9024409814895424
*C(C*)(C(=O)OCCN(c1ccc(cc1)N=Nc1sc2c(n1)ccc(c2)[N+](=O)[O-])CC)C,tg,140.0,142.9653379775436
*C(C*)c1c(cccc1)COCCCC,tg,67.0,42.06040968864241
*N1C(=O)c2c(C1=O)c(ccc2)Oc1ccc(cc1)Oc1ccc(cc1)Oc1c2c(C(=O)N(C2=O)c2ccc(cc2)Oc2cc(ccc2)Oc2ccc(cc2)*)ccc1,tg,198.0,198.71141750005785
*c1c2c(C(=O)N(C2=O)N2C(=O)c3c(C2=O)cc(cc3)Sc2ccc(cc2)Sc2ccc(cc2)S*)ccc1,tg,242.0,258.973020780166
*c1cc2c(C(=O)N(C2=O)c2ccc(cc2)Oc2ccc(cc2)N2C(=O)c3c(C2=O)cc(cc3)C(=O)Nc2ccc(cc2)Oc2c(cccc2)c2c(cccc2)Oc2ccc(cc2)NC(=O)*)cc1,tg,239.0,246.5924213105023
*c1sc(cc1)c1cc(c(cc1)Oc1ccc(cc1)C1(c2ccccc2c2ccccc12)c1ccc(cc1)Oc1c(cc(cc1)*)C(F)(F)F)C(F)(F)F,tg,169.0,207.2050798951936
*N1C(=O)c2c(C1=O)cc(cc2)C(c1cc2c(C(=O)N(C2=O)CCC*)cc1)(C(F)(F)F)C(F)(F)F,tg,190.0,152.80571223389867
*c1c2c(c(nn1)c1ccc(cc1)Oc1ccc(cc1)C(c1ccc(cc1)Oc1ccc(cc1)*)(C)C)c(c(c(c2c1ccccc1)c1cc2c(cc1)cccc2)c1cc2c(cc1)cccc2)c1ccccc1,tg,286.0,300.07285677605927
*c1cc2c(C(=O)N(C2=O)c2cc(c(cc2)Oc2c(cc(cc2)N2C(=O)c3c(C2=O)cc(cc3)C(*)(C(F)(F)F)C(F)(F)F)Br)Br)cc1,tg,299.0,287.68836134781395
*Oc1ccc(cc1)C(=O)Nc1cc(cc(c1)c1nc2c([nH]1)cccc2)NC(=O)c1ccc(cc1)OCCOCCOCCOCCOCC*,tg,145.0,129.9849700607793
*N1C(=O)c2c(C1=O)c(ccc2)Oc1ccc(cc1)C(c1ccc(cc1)Oc1c2c(C(=O)N(C2=O)c2cc(ccc2)*)ccc1)(C)C,tg,222.5,243.78932069491836
*OC(=O)CCCCCC(=O)OCCOCC*,tg,-59.67,-53.39171707554307
*C(C*)c1c(cccc1)COCc1ccccc1,tg,72.0,100.32321431153092
*c1ccc(cc1)C(C(*)(C(=O)OCC(C)C)C#N)(C(=O)OCC(C)C)C#N,tg,108.0,96.34196500187632
*Oc1cc2c(cc1)ccc(c2)Oc1ccc(cc1)C(=O)Nc1ccc(cc1)Oc1ccc(cc1)Oc1ccc(cc1)NC(=O)c1ccc(cc1)*,tg,191.0,192.00102666021326
*OC(=O)C=CC(=O)NCCCCCCNC(=O)C=CC(=O)OCCOCCOCCOCC*,tg,52.0,44.52164246980684
*Oc1cc2c(cc1)ccc(c2)Oc1ccc(cc1)C(=O)Nc1ccc(cc1)Oc1ccc(cc1)C(c1ccc(cc1)Oc1ccc(cc1)NC(=O)c1ccc(cc1)*)(c1ccccc1)C,tg,177.0,172.39599588661088
*c1nc2c(nc1c1ccccc1)cc(cc2)c1cc2c(nc(c(n2)c2ccc(cc2)*)c2ccccc2)cc1,tg,367.45,342.87164520093637
*c1cc2c(C(=O)N(C2=O)c2c(ccc(c2)C(=O)Oc2ccc(cc2)C(c2ccc(cc2)OC(=O)c2cc(c(cc2)C)N2C(=O)c3c(C2=O)cc(cc3)C(*)(C(F)(F)F)C(F)(F)F)(C(F)(F)F)C(F)(F)F)C)cc1,tg,289.0,265.7833068205075
*N1C(=O)c2c(C1=O)cc(cc2)Oc1ccc(cc1)c1ccc(cc1)Oc1cc2c(C(=O)N(C2=O)c2ccc(cc2)Oc2ccc(cc2)Oc2ccc(cc2)Oc2ccc(cc2)*)cc1,tg,212.0,213.38440756816442
*C1COC2C1OCC2OC(=O)C(NC(=O)CCCCCCC(=O)NC(C(=O)O*)C)C,tg,57.0,86.67769455317274
*Nc1ccc(cc1)C(c1ccc(cc1)NC(=O)c1cc(cc(c1)NC(=O)c1ccccc1)C(=O)*)(C)C,tg,303.5,267.4488665790676
*N1C(=O)c2c(C1=O)cc(cc2)c1cc2c(C(=O)N(C2=O)c2c(cc(cc2C)C(c2cc(c(c(c2)C)*)C)c2cc(cc(c2)C(F)(F)F)C(F)(F)F)C)cc1,tg,317.4,295.7215285339722
*Oc1ccc(cc1)C(c1ccc(cc1)OC(=S)*)(CC)CC,tg,121.0,104.2758884243559
*Nc1ccc(cc1)CC(NC(=O)CCCCCCCCC(=O)*)(C)C,tg,92.0,107.3247445782882
*Oc1ccc(cc1)C(c1ccc(cc1)OC(=O)c1ccc(cc1)Cc1ccc(cc1)C(=O)*)(C)C,tg,187.5,159.3317820155659
*c1c([nH]c(n1)c1ccc(cc1)c1[nH]c(c(n1)c1ccc(cc1)Oc1ccc(cc1)C(=O)c1ccc(cc1)Oc1ccc(cc1)C(=O)c1ccc(cc1)Oc1ccc(cc1)*)c1ccccc1)c1ccccc1,tg,245.0,250.06982093398872
*C(C*)(C(=O)OCCOC(=O)c1cc(cc(c1)[N+](=O)[O-])[N+](=O)[O-])C,tg,89.64,71.2290646881644
*c1sc(cc1C(=O)OCC(C(C(F)(F)F)(F)F)(F)F)*,tg,129.0,56.13398402712376
*N1C(=O)c2c(C1=O)cc(cc2)C(=O)Nc1ccc(cc1)Oc1c(c(c(c(c1F)F)Oc1ccc(cc1)NC(=O)C*)F)F,tg,254.0,248.3419402228248
*Oc1ccc(cc1)CC(NC(=O)CCc1ccc(cc1)OC(=O)CCCCCCC(=O)*)C(=O)OCCCCCC,tg,26.45,35.55691234312462
*C(C*)OC(=O)c1c(cccc1)OC(=O)C,tg,59.5,74.76020343370874
*c1cc2c(C(=O)N(C2=O)c2c(cccc2)C(=O)c2ccc(cc2)N2C(=O)c3c(C2=O)cc(cc3)C(=O)*)cc1,tg,286.0,285.4690904553122
*N1C(=O)c2c(C1=O)cc(cc2)c1cc2c(C(=O)N(C2=O)c2ccc(cc2)Oc2ccc(cc2)C(c2ccc(cc2)Oc2ccc(cc2)*)(C(F)(F)F)C(F)(F)F)cc1,tg,246.0,261.85704592499786
*N(C(=O)CCCC(=O)N(CCCCCC*)C)C,tg,3.0,8.433043000282543
*c1cc2c(C(=O)N(C2=O)c2c3c(ccc2)c(ccc3)Oc2ccc(cc2)N2C(=O)c3c(C2=O)cc(cc3)C(=O)Nc2nc(nc(n2)NC(=O)*)c2ccccc2)cc1,tg,291.0,309.4921626900992
*Oc1ccc(cc1)OC(=O)c1cc(cc(c1)OCCCCCCCCCCC(C(C(C(C(C(C(C(C(C(F)(F)F)(F)F)(F)F)(F)F)(F)F)(F)F)(F)F)(F)F)(F)F)(F)F)C(=O)*,tg,137.0,32.486703673277596
*N1C(=O)c2c(C1=O)cc(cc2)Oc1cc2c(cc1)cc(cc2)Oc1cc2c(C(=O)N(C2=O)c2cc(ccc2)Oc2ccc(cc2)*)cc1,tg,225.0,227.79105624924122
*C(=C(*)c1ccccc1)c1cc(ccc1)[Ge](C)(C)C,tg,200.0,126.73700440545771
*C(C(CC*)Cl)Cl,tg,69.4,-10.740253369110757
*c1cc2c(C(=O)N(C2=O)c2c(cc(c(c2)C)N2C(=O)c3c(C2=O)cc(cc3)C(*)(C(F)(F)F)C(F)(F)F)C)cc1,tg,347.0,363.37730210858604
*Oc1ccc(cc1)NC(=O)c1c(ccc(c1)C(c1cc(c(cc1)C(=O)O)C(=O)Nc1ccc(cc1)Oc1ccc(cc1)C(c1ccc(cc1)*)(C(F)(F)F)C(F)(F)F)(C(F)(F)F)C(F)(F)F)C(=O)O,tg,260.0,205.03590120285787
*C1C(C(C(C1)C=C*)C(=O)OCCCCCCOc1ccc(cc1)c1ccc(cc1)C#N)C(=O)OCCCCCCOc1ccc(cc1)c1ccc(cc1)C#N,tg,41.93,61.50374717998841
*C(C*)(C(=O)OCCCCCCOc1ccc(cc1)N=Nc1ccc(cc1)OCCCCCCCCCC)C,tg,110.0,50.326323227677456
*Oc1c(cc(cc1)S(=O)(=O)c1cc(c(cc1)OCC(COc1ccc(cc1)C(c1ccc(cc1)OCC(C*)O)(C)C)O)C)C,tg,117.5,136.88132276327372
*c1oc(nn1)c1ccc(cc1)C(=O)OCCCCCCCCOc1ccc(cc1)C=C1C(=O)C(=Cc2ccc(cc2)OCCCCCCCCOC(=O)c2ccc(cc2)*)CCCC1,tg,98.0,75.96730022477888
*Nc1ccc(cc1)Cc1ccc(cc1)NC(=O)c1cc(cc(c1)NC(=O)CCCCCCCCCCN1C(=O)c2c(C1=O)cccc2)C(=O)*,tg,150.0,175.41445913097533
*O[Si](*)(CCCCCOc1ccc(cc1)/C=C/c1ccc(cc1)OC)C,tg,52.0,49.29262670542977
*O[Si](O[Si](O[Si](O[Si](O[Si](OC(CCCCC(*)C)C)(C)C)(C)C)(C)C)(C)C)(C)C,tg,-104.0,-99.92984578838781
*N1C(=O)c2c(C1=O)cc(cc2)C(c1cc2c(C(=O)N(C2=O)CC2CC(CCC2)C*)cc1)(C(F)(F)F)C(F)(F)F,tg,222.0,242.3693032385328
*N1C(=O)c2c(C1=O)cc(cc2)Oc1c(cc(cc1C)C(c1cc(c(c(c1)C)Oc1cc2c(C(=O)N(C2=O)c2ccc(cc2)Oc2ccc(cc2)C2(C3C4C(CCC4)C(C2)C3)c2ccc(cc2)Oc2ccc(cc2)*)cc1)C)(C)C)C,tg,262.0,266.5783904923065
*N1C(=O)c2c(C1=O)cc(cc2)Oc1cc2c(C(=O)N(C2=O)c2cc(c(cc2)Oc2ccc(cc2)C(=O)c2cc(ccc2)*)C(F)(F)F)cc1,tg,224.0,221.57754563860917
*N1C(=O)c2c(C1=O)cc(cc2)Oc1c(cccc1)Oc1cc2c(C(=O)N(C2=O)c2cc(c(cc2)Oc2ccc(cc2)c2ccc(cc2)Oc2c(cc(cc2)*)C(F)(F)F)C(F)(F)F)cc1,tg,208.0,211.84159251725873
*O[Si](*)(CCCOc1c(cc(cc1)C(=O)OC1CC2=CCC3C(CCC4(C(CCC34)C(CCCC(C)C)C)C)C2(CC1)C)S(=O)(=O)O[K])C,tg,112.6,86.51122255179553
*C(C*)(C(=O)OCCCCCCOc1ccc(cc1)C(=O)Oc1ccc(cc1)C(=O)C=Cc1c(c2c(n1C)cccc2)C)C,tg,98.0,67.42476591482158
*C1N(CC(C1)OC(=O)*)C(=O)OCc1ccccc1,tg,78.0,139.81451364212526
*O[Si](c1cc(ccc1)[Si](*)(C)C)(C)C,tg,-52.0,-16.656594431411946
*Oc1ccc(cc1)CC(NC(=O)CCc1ccc(cc1)OC(=O)CCCCCCCCC(=O)*)C(=O)OCCCCCCCC,tg,14.25,21.498653184249605
*c1nc2c(c(c1)c1ccccc1)cc(cc2)C1(c2ccccc2c2ccccc12)c1cc2c(nc(cc2c2ccccc2)c2ccc(cc2)C2(c3ccccc3C(=O)c3ccccc23)c2ccc(cc2)*)cc1,tg,385.0,339.0602948997805
*c1cc2c(C(=O)N(C2=O)c2ccc(cc2)Sc2ccc(cc2)N2C(=O)c3c(C2=O)cc(cc3)C(*)(C(F)(F)F)C(F)(F)F)cc1,tg,293.67,301.7204332672229
*C(C(CCCCCCCC*)Cl)Cl,tg,-30.0,-44.069269831024755
*OC(=O)c1c(cc(cc1)C(=O)OCCN(CC*)c1ccc(cc1)C=C(C#N)C#N)OCCC,tg,94.0,116.5169282506525
*SCC(C*)(CC)C,tg,-50.0,43.17518180016308
*C1C(=O)N(C(=O)C1CC*)CCCCCCCCCCCCCC,tg,62.4,47.41575823488456
*Oc1ccc(cc1)C(=O)OC(COC(=O)c1ccc(cc1)OC(=O)c1ccc(cc1)C(=O)*)C,tg,87.0,135.64487076057895
*Nc1cc(ccc1)NC(=O)CCCCC(=O)Nc1cc(ccc1)NC(=S)NC(=O)CCCCC(=O)NC(=S)*,tg,236.0,218.325718503818
*Oc1c(cc(cc1)Oc1ccc(cc1)C(=O)c1ccc(cc1)*)c1cc(ccc1)C(F)(F)F,tg,134.0,177.36572679793184
*C(C*)(CC(=O)OC1CCCCC1)C(=O)OC1CCCCC1,tg,142.0,103.32109817028872
*OC(=O)c1ccc(cc1)N=CNc1ccc(cc1)C(=O)OCCCC*,tg,91.0,53.58020343254328
*Oc1c(cc(cc1)OC(=O)c1c(cc(cc1)C(=O)*)Sc1ccccc1)C,tg,130.0,140.62194052063182
*Oc1ccc(cc1)C(c1ccc(cc1)OCC(CN(CC(C*)O)c1ccc(cc1)N=Nc1ccc(cc1)[N+](=O)[O-])O)(C)C,tg,59.0,122.73889314110728
*N1C(=O)c2c(C1=O)cc(cc2)Oc1cc2c(C(=O)N(C2=O)Cc2oc(cc2)C(c2oc(cc2)C*)(C)C)cc1,tg,116.0,201.83433938100805
*OC(=O)NCCCCCCNC(=O)OCCOCCOCC*,tg,-9.67,10.772907918703078
*Oc1cc2c(cc1)ccc(c2)OCCNC(=O)c1ccc(cc1)C(=O)NCC*,tg,159.0,146.36256765731648
*C(C*)(C(F)(F)F)F,tg,46.0,44.279382011470645
*O[Si](O[Si](O[Si](c1ccc(cc1)[Si](*)(C)C)(C)C)(C)C)(C)C,tg,-62.0,-71.16027637346555
*c1sc(cc1)c1sc(cc1)[Si]([Si](*)(CCCC)CCCC)(CCCC)CCCC,tg,-20.0,-32.600323509696956
*c1cc2c(C(=O)N(C2=O)c2ccc(cc2)C(=O)Nc2ccc(cc2)C(=O)OCCCCCCCCCCOC(=O)*)cc1,tg,102.0,90.42387189481236
*OS(=O)(=O)c1ccc(cc1)Oc1ccc(cc1)S(=O)(=O)Oc1ccc(cc1)C(c1ccc(cc1)*)(C)C,tg,110.0,177.11735363946497
*Oc1ccc(cc1)C(c1ccc(cc1)Oc1c(c(c(c(c1F)F)COC(c1cc(ccc1)C(OCc1c(c(c(c(c1F)F)*)F)F)(C(F)(F)F)C(F)(F)F)(C(F)(F)F)C(F)(F)F)F)F)(C)C,tg,98.0,174.41078346963948
*Oc1ccc(cc1)C(=O)NCC(CCCNC(=O)c1ccc(cc1)*)(C)C,tg,155.0,157.24652030199124
*OP(=O)(N=Nc1ccc(cc1)c1ccc(cc1)N=NP(=O)(OCCOCC*)OC)OC,tg,22.0,26.97284687414055
*Oc1c2c(c(cc1)C=Cc1c(cc(c(c1)OC)C=Cc1c3c(c(cc1)OCCOCCOCC*)cccc3)OC)cccc2,tg,79.5,104.58015393150224
*Oc1c(cc(cc1)OCCCC(=O)NNC(=O)c1ccc(cc1)C(=O)NNC(=O)CCC*)C,tg,125.5,102.38197683314898
*Oc1ccc(cc1)Nc1ccc(cc1)N=Nc1ccc(cc1)Nc1ccc(cc1)*,tg,169.0,164.87772997475687
*c1cc2c(C(=O)N(C2=O)c2c(ccc(c2)N2C(=O)c3c(C2=O)cc(cc3)C(*)(C(F)(F)F)C(F)(F)F)C)cc1,tg,307.0,357.9282602340105
*OC1C(CCCC1)OC(=O)*,tg,117.3,131.4572367557401
*C(C*)OC(=O)C(Cl)(Cl)Cl,tg,59.0,59.023125782842676
*S(=O)(=O)C1C2CCC(C1*)C2,tg,33.0,163.33928720267676
*N1C(=O)c2c(C1=O)cc(cc2)Oc1cc2c(C(=O)N(C2=O)c2cc(ccc2)Oc2c(c(ccc2)Oc2cc(ccc2)Oc2c(c(ccc2)Oc2cc(ccc2)*)C#N)C#N)cc1,tg,176.0,207.63852460850939
*C1C2C(C(=O)N(C2=O)c2ccccc2)C(C1)C=C*,tg,220.0,232.42158966139434
*Oc1ccc(cc1)CC(NC(=O)CCc1ccc(cc1)OC(=O)COCCOCC(=O)*)C(=O)OCc1ccccc1,tg,55.0,44.885826281338495
*Oc1ccc(cc1)NC(=O)c1ccc(cc1)Oc1ccc(cc1)C(c1cc(ccc1)C(c1ccc(cc1)Oc1ccc(cc1)C(=O)Nc1ccc(cc1)Oc1ccc(cc1)C(c1ccc(cc1)*)(C(F)(F)F)C(F)(F)F)(C)C)(C)C,tg,154.0,161.91000610858876
*NC(=O)c1cc(ccc1)C(=O)NCC1CCC(CC1)C*,tg,208.0,167.5103289247493
*O[Si](*)(CCCOc1ccc(cc1)C(=O)OC1CC2=CCC3C(CCC4(C(CCC34)C(CCCC(C)C)C)C)C2(CC1)C)C,tg,61.1,141.28540490236
*OC(C*)COC(C(F)(F)F)(C(F)(F)F)F,tg,-43.0,-6.485361003391214
*c1nc(nc(n1)c1ccc(cc1)Oc1ccc(cc1)C(c1ccc(cc1)Oc1ccc(cc1)*)(C(F)(F)F)C(F)(F)F)c1ccccc1,tg,241.0,197.55974871865334
*Nc1ccc(cc1)C(c1ccc(cc1)NC(=O)c1cc(cc(c1)C(C)(C)C)C(=O)*)(P1(=O)c2ccccc2c2ccccc2O1)P1(=O)c2ccccc2c2ccccc2O1,tg,235.0,252.16178085353803
*SCCCCCCCCCCC(=O)NCCc1ccc(cc1)CCNC(=O)CCCCCCCCCC*,tg,58.0,59.17200721613906
*C(C*)(CC(=O)OCCCCCCC)C(=O)OCCCCCCC,tg,-23.67,-12.748670280749357
*Nc1ccc(cc1)C(c1ccc(cc1)C(c1ccc(cc1)Nc1ccc(cc1)C(c1ccc(cc1)C(c1ccc(cc1)*)(c1ccccc1)O)(c1ccccc1)O)(C)C)(C)C,tg,177.0,201.02376820962243
*c1cc2c(C(=O)N(C2=O)c2ccc(cc2)Cc2ccc(cc2)Cc2ccc(cc2)N2C(=O)c3c(C2=O)cc(cc3)C(=O)*)cc1,tg,341.0,288.20061419974326
*OC(=O)C1CCC(CC1)C(=O)OCC*,tg,25.0,28.349678343215245
*C1COC2C1OCC2OC(=O)OCC1OC(OC1COC(=O)O*)(C)C,tg,95.5,88.89670549829545
*N1C(=O)c2c(C1=O)cc(cc2)S(=O)(=O)c1cc2c(C(=O)N(C2=O)c2cc(c(cc2)Oc2c(cc(cc2)*)Br)Br)cc1,tg,281.0,288.9526356178918
*N1C(=O)C(CC1=O)SCCOCCSC1C(=O)N(C(=O)C1)c1ccc(cc1)C(=O)Oc1ccc(cc1)C(c1ccc(cc1)OC(=O)c1ccc(cc1)*)(C)C,tg,143.0,133.60947279509472
*C(C*)C(=O)OCC(C(C(C(F)(F)F)(F)F)(F)F)(F)F,tg,-37.0,-28.243320974133137
*C(C*)C(=O)Oc1ccc(cc1)C(=O)OCC,tg,37.0,49.65231693803924
*N1C(=O)c2c(C1=O)cc(cc2)c1cc2c(C(=O)N(C2=O)c2ccc(cc2)OCCCCCCCCCCOc2ccc(cc2)*)cc1,tg,153.0,130.37003071567702
*OCC(C*)(CS(=O)(=O)CCC)CS(=O)(=O)CCC,tg,71.0,63.20342798702094
*c1cc2c(C(=O)N(C2=O)c2ccc(cc2)Sc2ccc(cc2)Sc2ccc(cc2)N2C(=O)c3c(C2=O)cc(cc3)C(*)(C(F)(F)F)C(F)(F)F)cc1,tg,257.0,239.26893844188805
*SSSCCCCCCCCCC*,tg,-70.0,-51.91593634267075
*c1sc(cc1)c1sc(c(c1)CCCCCCCC)c1sc(cc1)c1sc(cc1)c1sc(cc1CCCCCCCC)c1sc(cc1)[Si](*)(CCCC)CCCC,tg,-1.0,28.393975262515855
*Oc1c(cc(cc1c1ccccc1)Cc1cc(c(c(c1)c1ccccc1)OC(=O)CCCCC(=O)*)c1ccccc1)c1ccccc1,tg,115.0,162.10103968902237
*N1C(=O)c2c(C1=O)cc(cc2)c1cc2c(C(=O)N(C2=O)c2ccc(cc2)C(c2ccc(cc2)*)(C(F)(F)F)C(F)(F)F)cc1,tg,333.67,321.5043241479862
*N1C(=O)c2c(C1=O)cc(cc2)Oc1ccc(cc1)C(=O)c1ccc(cc1)Oc1cc2c(C(=O)N(C2=O)c2ccc(cc2)Oc2cc(ccc2)Oc2ccc(cc2)*)cc1,tg,194.0,189.2698794060679
*c1cc2c(C(=O)N(C2=O)c2ccc(cc2)Oc2ccc(cc2)C(c2ccc(cc2)Oc2ccc(cc2)N2C(=O)c3c(C2=O)cc(cc3)c2ccc(cc2)c2ccc(cc2)c2ccc(cc2)c2ccc(cc2)*)(C)C)cc1,tg,236.0,282.1023925988068
*c1cc2c(C(=O)N(C2=O)c2ccc(cc2)C2(CCC(CC2)C(C)(C)C)c2ccc(cc2)NC(=O)*)cc1,tg,331.0,338.3774076904568
*Oc1cc(ccc1)NC(=O)CCCCCCC(=O)Nc1ccc(cc1)*,tg,140.0,127.99420702177162
*Oc1ccc(cc1)CC(NC(=O)CCc1ccc(cc1)OC(=O)CCCCCCCCC(=O)*)C(=O)OC,tg,46.33,45.6494281468877
*NNC(=O)c1cc(cc(c1)NC(=O)c1cc2c(C(=O)N(C2=O)c2ncccc2C)cc1)C(=O)NNC(=O)CCCC(=O)*,tg,131.7,137.34388680799955
*C(C*)(C(=O)OCCCCCCCCCCn1c2ccc(cc2c2ccccc12)N=Nc1c(cc(cc1)[N+](=O)[O-])[N+](=O)[O-])C,tg,60.0,92.65762159855073
*Nc1ccc(cc1)NC(=O)c1cc(cc(c1)NC(=O)c1ccncc1)C(=O)*,tg,327.0,317.5988238345334
*Oc1c(cc(cc1)Oc1ccc(cc1)C(=O)c1c2c(ccc1)cccc2C(=O)c1ccc(cc1)*)C(C)(C)C,tg,230.0,195.5869450939621
*Oc1ccc(cc1)C1(c2ccccc2c2ccccc12)c1ccc(cc1)OC(=O)*,tg,303.33,285.16491726748166
*Oc1cc(ccc1)NC(=O)c1ccc(cc1)[Si](c1ccc(cc1)C(=O)*)(c1ccccc1)c1ccccc1,tg,220.0,191.8701696718572
*C(C*)c1cc(c(cc1)Cl)C,tg,114.0,127.00974211058985
*C(C*)C(=O)NCC(=O)N,tg,186.0,111.90614241042826
*P1(=NP(=NP(=N1)(Oc1ccc(cc1)C(=O)OC)Oc1ccc(cc1)C(=O)OC)(Oc1ccc(cc1)C(c1ccc(cc1)O*)(C)C)Oc1ccc(cc1)C(=O)OC)Oc1ccc(cc1)C(=O)OC,tg,73.0,137.62587872056886
*SC(C*)(C)C,tg,-14.0,-4.326705656074664
*c1cc2c(C(=O)N(C2=O)c2ccc(cc2)Oc2ccc(cc2)C2(c3c(C(=O)N2)cccc3)c2ccc(cc2)Oc2ccc(cc2)N2C(=O)c3c(C2=O)cc(cc3)C(=O)Nc2cc(ccc2)Oc2ccc(cc2)NC(=O)*)cc1,tg,302.0,287.0783562188458
*C1COC2C1OCC2OC(=O)OCCCCOC(=O)O*,tg,49.0,53.97556840676932
*NC(=O)CCP(=O)(CCC(=O)NCCCCCCCCCCCC*)C,tg,44.0,60.543364777553535
*N1C(=O)c2c(C1=O)cc(cc2)Oc1c2c(ccc1)c(ccc2)Oc1cc2c(C(=O)N(C2=O)c2cc(cc(c2)C(F)(F)F)*)cc1,tg,250.0,261.0387419292499
*c1sc(nn1)c1ccc(cc1)C(=O)OCCCCCCCCCOC(=O)c1ccc(cc1)*,tg,72.0,64.57184603130028
*Oc1c(cc(cc1)C=C1C(=O)C(=Cc2cc(c(cc2)OC(=O)CCCCCCCCC(=O)*)OC)CCC1)OC,tg,48.05,57.519386699887676
*c1cc2c(C(=O)N(C2=O)c2ccc(cc2)C(=O)Nc2ccc(cc2)C(=O)OCCCCCCCCOC(=O)*)cc1,tg,105.0,120.27701773287265
*C(C*)(C(=O)OCc1ccc2n(c3c(c2c1)cccc3)CCCC)C,tg,87.0,95.61941682218327
*Oc1ccc(cc1)C1(c2ccccc2c2ccccc12)c1ccc(cc1)OCC(COC(=O)C1CCC(CC1)C(=O)OCC(C*)O)O,tg,110.0,178.8611065389272
*Oc1c(cc(cc1)C(C)(C)C)Oc1ccc(cc1)S(=O)(=O)c1ccc(cc1)*,tg,180.5,174.72805053794715
*NC(=O)c1ccc(cc1)C(=O)NCCC(CCC*)C(C)C,tg,146.5,137.20579610881558
*c1cc2c(C(=O)N(C2=O)c2c(cc(c(c2C)C(=O)c2cc(ccc2)N2C(=O)c3c(C2=O)cc(cc3)C(=O)*)C)C)cc1,tg,300.0,292.72876877567967
*c1c(nc2c(n1)cc(cc2)Oc1ccc(cc1)NC(=O)c1cc2c(C(=O)N(C2=O)c2ccc(cc2)C(c2ccc(cc2)N2C(=O)c3c(C2=O)cc(cc3)C(=O)Nc2ccc(cc2)Oc2cc3c(nc(c(n3)c3ccc(cc3)*)c3ccccc3)cc2)(C(F)(F)F)C(F)(F)F)cc1)c1ccccc1,tg,293.0,261.29740769763765
*Oc1ccc(cc1)C(c1ccc(cc1)OCCCCCCCC*)(C)C,tg,13.37,17.263185972089722
*Oc1ccc(cc1)C1(CC2C(CC1)CCCC2)c1ccc(cc1)OC(=O)c1ccc(cc1)C(=O)*,tg,275.0,298.3251688682582
*c1cc2c(C(=O)N(C2=O)c2ccc(cc2)C(=O)Nc2ccc(cc2)Cc2ccc(cc2)NC(=O)*)cc1,tg,222.0,252.5696322386627
*Oc1ccc(cc1)c1ccc(cc1)OC(=O)c1ccc(cc1)C(=O)*,tg,267.0,184.34023524513177
*c1cc2c(C(=O)N(C2=O)c2cc(c(cc2)c2c(cc(cc2)N2C(=O)c3c(C2=O)cc(cc3)C(=O)Oc2c(cc(cc2C)C(c2cc(c(c(c2)C)OC(=O)*)C)(C)C)C)C)C)cc1,tg,182.0,270.6722041921707
*Oc1ccc(cc1)CC(NC(=O)CCc1ccc(cc1)OC(=O)COCCOCC(=O)*)C(=O)OCCCCCCCC,tg,16.0,19.870069731899626
*Oc1c(cc(cc1C)C1(CC2C(CC1)CCCC2)c1cc(c(c(c1)C)Oc1ccc(cc1)C(=O)c1ccc(cc1)*)C)C,tg,251.0,229.7247048118528
*c1sc(nn1)c1cc(ccc1)OCCCCCCCCCCCOC(=O)c1ccc(cc1)C(=O)OCCCCCCCCCCCOc1ccc(cc1)*,tg,49.5,54.33706949314392
*c1nc(nc(c1F)OCC(C(C(CO*)(F)F)(F)F)(F)F)F,tg,0.0,51.35420594226882
*C(C*)OC(=O)C1CCCCC1,tg,58.88,40.506347031563905
*C(C*)C(=O)OCCCOC,tg,-66.5,-35.57110835719032
*N1C(=O)c2c(C1=O)cc(cc2)C(=O)c1cc2c(C(=O)N(C2=O)C(=S)Nc2ccc(cc2)Oc2ccc(cc2)NC(=S)*)cc1,tg,262.0,275.16469100680905
*C(C(*)(F)F)(OC(C(F)F)F)F,tg,35.0,26.241770076670687
*C(C*)C(=O)Nc1ccc(cc1)Cl,tg,76.0,75.35278643444444
*N1C(=O)c2c(C1=O)cc(cc2)Oc1cc(ccc1)C(c1ccc(cc1)Oc1cc2c(C(=O)N(C2=O)c2ccc(cc2)*)cc1)(C)C,tg,268.0,226.65186297352943
*OC(=O)c1cc(ccc1)C(=O)OCC*,tg,56.5,70.961396452632
*N1C(=O)c2c(C1=O)cc(cc2)Oc1cc2c(C(=O)N(C2=O)c2ccc(cc2)C2(c3ccccc3c3ccccc23)c2ccc(cc2)*)cc1,tg,373.0,296.64805552850447
*Nc1ccc(cc1)C(c1ccc(cc1)NC(=O)c1cc(ccc1)C(=O)*)(C(F)(F)F)C(F)(F)F,tg,272.0,256.8793057402701
*c1c2C(=O)N(C(=O)c2c(c2ccccc12)c1ccc(cc1)Oc1ccc(cc1)C(=O)c1cc(ccc1)C(=O)c1ccc(cc1)Oc1ccc(cc1)*)C,tg,251.0,250.43082856703478
*Oc1ccc(cc1)C(c1ccc(cc1)Oc1ccc(cc1)C(=O)c1c(c(c(c(c1c1ccc(cc1)F)c1ccc(cc1)F)c1ccc(cc1)F)c1ccc(cc1)F)C(=O)c1ccc(cc1)*)(C)C,tg,252.0,256.0685241464784
*Oc1ccc(cc1)CC(NC(=O)CCc1ccc(cc1)OC(=O)CCCCCCC(=O)*)C(=O)OC(C)C,tg,46.0,54.05216826038694
*O[Ca]OC(=O)c1c(cccc1)C(=O)OCCCCCOC(=O)NCCCCCCNC(=O)OCCCCCOC(=O)c1c(cccc1)C(=O)*,tg,-2.4,10.504395431799383
*C1COC2C1OCC2OC(=O)C(NC(=O)CCCCCCCC(=O)NC(C(=O)O*)C)C,tg,46.0,79.59073977307726
*Nc1cc(ccc1)NC(=O)c1ccc(cc1)C(=O)Nc1cc(ccc1)NC(=S)NC(=O)CCCCCCCCC(=O)NC(=S)*,tg,248.0,242.52770740837488
*c1sc(cc1SCCCCCCCCCCCC)c1sc(c(c1)SCCCCCCCCCCCC)c1ccc(cc1)*,tg,60.35,18.4659836597533
*C(CC*)(C)C,tg,10.97,10.687723985612074
*c1nc2c(c(c1)c1ccccc1)cc(cc2)C1(c2ccccc2c2ccccc12)c1cc2c(nc(cc2c2ccccc2)c2ccc(cc2)c2ccc(cc2)*)cc1,tg,380.0,372.83086012367613
*c1cc2c(C(=O)N(C2=O)c2ccc(cc2)Oc2cc3c(cc2)ccc(c3)Oc2ccc(cc2)N2C(=O)c3c(C2=O)cc(cc3)C(=O)Nc2ccc(cc2)Cc2ccc(cc2)NC(=O)*)cc1,tg,273.0,276.20018408249007
*C(=C(*)Cl)CCCC,tg,190.0,52.82937007719868
*N1C(=O)C(CC1=O)Nc1ccc(cc1)NC1C(=O)N(C(=O)C1)c1ccc(cc1)C(=O)Oc1c(cc(cc1C)C(c1cc(c(c(c1)C)OC(=O)c1ccc(cc1)*)C)c1cnccc1)C,tg,212.0,228.6029706481469
*C(C(*)(F)F)(c1c(c(c(c(c1F)F)F)F)F)F,tg,194.0,106.83719774670516
*c1nc2c(c(c1c1ccccc1)c1ccccc1)cc(cc2)Oc1cc2c(nc(c(c2c2ccccc2)c2ccccc2)c2ccc(cc2)*)cc1,tg,345.0,295.66837309868157
*Oc1ccc(cc1)C(c1ccc(cc1)OC(=O)CCCCCCCCC(=O)*)(CC)c1ccccc1,tg,88.0,82.12512983845858
*Oc1cc(ccc1)NC(=O)c1cc(ccc1)C(=O)Nc1cc(ccc1)OCCCCCCCC*,tg,117.0,121.16020821514353
*C1C2C(C(=O)N(C2=O)c2cc(ccc2)Cl)C(C1)C=C*,tg,204.8,217.11883865018893
*OC(=O)Nc1ccc(cc1)Cc1ccc(cc1)NC(=O)OCCCCC*,tg,95.0,77.47731985138093
*Nc1cc(ccc1)NC(=O)c1ccc(cc1)C(=O)Nc1ccc(cc1)C(=O)NC(=S)*,tg,273.0,272.6100520681352
*Nc1ccc(cc1)Cc1ccc(cc1)NC(=O)c1cc(ccc1)C(=O)*,tg,264.6,268.1170902254741
*NNC(=O)C=CC(=O)NCCCCCCNC(=O)C=CC(=O)*,tg,102.4,79.20377188673325
*C(C*)n1c2ccccc2c2ccccc12,tg,210.47,203.97939930715586
*C(C*)c1cc(ccc1)C,tg,74.83,94.21854409295327
*Oc1cc(c(cc1)CCc1ccc(cc1)OCCCCCCCCCCC*)C,tg,3.9,3.7292570110856422
*N1C(=O)c2c(C1=O)cc(cc2)C(=O)Oc1ccc(cc1)c1ccc(cc1)OC(=O)c1cc2c(C(=O)N(C2=O)CCCOCCCCOCCC*)cc1,tg,70.0,65.9380423138436
*Oc1ccc(cc1)C(=O)c1cc(ccc1)NC(=O)CCCCCCCCC(=O)Nc1ccc(cc1)C(=O)c1ccc(cc1)*,tg,148.0,137.98331363974796
*Oc1c(c2c(cc1)cccc2)Sc1c2c(ccc1OCC(=O)Nc1ccc(cc1)NC(=O)C*)cccc2,tg,268.0,226.48463354639128
*OP(=O)(OCCCCCCCCCCOc1ccc(cc1)C=Cc1ccc(cc1)OCCCCCCCCCC*)OCCCCCCCCCCOc1ccc(cc1)N=Nc1ccc(cc1)C#N,tg,60.0,47.28730705037571
*c1nc2c([nH]1)ccc(c2)NC(=O)c1ccc(cc1)OCCOCCOCCOCCOCCOc1ccc(cc1)C(=O)Nc1ccc(cc1)*,tg,125.0,137.33958463854017
*OC(C(*)(F)F)(F)F,tg,-48.0,-34.32882961170718
*Oc1ccc(cc1)Oc1ccc(cc1)NC(=C(C#N)C#N)c1cc(ccc1)C(=C(C#N)C#N)Nc1ccc(cc1)*,tg,228.0,228.58539299674362
*N1C(=O)c2c(C1=O)cc(cc2)Oc1cc2c(C(=O)N(C2=O)c2cc(ccc2)C(C(C(C(C(c2cc(ccc2)*)(F)F)(F)F)(F)F)(F)F)(F)F)cc1,tg,138.5,180.22400410434045
*c1ccc2c(nc([nH]2)c2cc(ccc2)c2nc3c([nH]2)ccc(c3)C(=O)Nc2cc(cc(c2)c2nc3c([nH]2)cccc3)NC(=O)*)c1,tg,315.0,327.0237733304685
*C(C*)c1c(ccc(c1)Br)OCCC,tg,54.0,58.579656500242336
*c1oc(cc1)CNC(=O)OC(COC(=O)NC*)c1occc1,tg,30.0,78.19147044635729
*N=P(*)(Oc1ccc(cc1)C(C)C)Oc1ccc(cc1)C(C)C,tg,0.0,30.763749412666318
*C(C(*)(F)F)(OC(C(F)(F)F)(F)F)F,tg,29.0,56.21605961628848
*N1C(=O)c2c(C1=O)cc(cc2)Oc1cc2c(C(=O)N(C2=O)c2ccc(cc2)c2nc(cc(c2)c2ccc(cc2)OCCCC#N)c2ccc(cc2)*)cc1,tg,315.0,290.13183658949856
*c1c([nH]c(n1)c1ccc(cc1)c1[nH]c(c(n1)c1ccc(cc1)Oc1ccc(cc1)C(=O)c1cc2c(cc1)cc(cc2)C(=O)c1ccc(cc1)Oc1ccc(cc1)*)c1ccccc1)c1ccccc1,tg,281.0,287.90479742687523
*Oc1cc(ccc1)S(=O)(=O)c1ccc(cc1)*,tg,170.0,185.6080230373549
*Oc1cc2c(cc1)ccc(c2)Oc1ccc(cc1)C(=O)Nc1ccc(cc1)Oc1ccc(cc1)C(c1ccc(cc1)C(c1ccc(cc1)Oc1ccc(cc1)NC(=O)c1ccc(cc1)*)(C)C)(C)C,tg,166.0,150.60552842663313
*C(C*)C(=O)OCCCCCCCOC(=O)c1ccc(cc1)OC(=O)c1ccc(cc1)C#N,tg,20.0,22.629475630845665
*C(C*)C(=O)Oc1c(cccc1)Cl,tg,146.33,51.30021506167821
*c1nc2c(n1c1ccc(cc1)n1c(nc3c1cccc3)c1ccc(cc1)Oc1ccc(cc1)C(=O)c1ccc(cc1)C(=O)c1ccc(cc1)Oc1ccc(cc1)*)cccc2,tg,238.0,254.75522818712324
*C1COC2C1OCC2OC(=O)CNC(=O)CNC(=O)CCCCCCCCC(=O)NCC(=O)NCC(=O)O*,tg,47.0,89.9765851817385
*C1C(=O)N(C(=O)C1*)c1ccc(cc1)O[Si](CC)(CC)CC,tg,165.0,162.1751635365656
*S(=O)(=O)c1cc(ccc1)NC(=O)CCCCCCCCCCC(=O)Nc1cc(ccc1)*,tg,107.0,79.06202464939751
*c1sc(nn1)c1ccc(cc1)C(=O)OCCCCCCCCCCCCOC(=O)c1ccc(cc1)*,tg,68.0,50.387168504335776
*c1cc2c(C(=O)N(C2=O)c2cc(ccc2)C(=O)Nc2ccc(cc2)Oc2ccc(cc2)C(c2ccc(cc2)Oc2ccc(cc2)NC(=O)c2cc(ccc2)N2C(=O)c3c(C2=O)cc(cc3)C(*)(C(F)(F)F)C(F)(F)F)(C(F)(F)F)C(F)(F)F)cc1,tg,266.0,277.84443898481516
*OP(=O)(Oc1c2c(ccc1)c(ccc2)*)OC1CCCCC1,tg,134.0,106.71649382529442
*N(CCC*)C(=O)C(C(C(C(C(C(C(F)(F)F)(F)F)(F)F)(F)F)(F)F)(F)F)(F)F,tg,25.0,23.205308618539856
*c1cc2c(C(=O)N(C2=O)c2cc(c(cc2)c2c(cc(cc2)N2C(=O)c3c(C2=O)cc(cc3)C(=O)*)C)C)cc1,tg,385.0,347.2011580483403
*O[Si](OCCOc1ccc(cc1)C1(c2ccccc2c2ccccc12)c1ccc(cc1)OCC*)(c1ccccc1)c1ccccc1,tg,97.0,126.99322399709968
*Oc1ccc(cc1)C(c1ccc(cc1)OCC(COC(=O)C1CCC(CC1)C(=O)OCC(C*)O)O)(C)C,tg,70.0,62.410946440165354
*O[Si](CCCN=C1C(=CC(=NCCC[Si](*)(C)C)C(=C1)O)O)(C)C,tg,-25.71,34.709809277127405
*C(C*)(C(=O)OCCCCCCCCCCCCOc1ccc(cc1)C(=O)Oc1ccc(cc1)c1cc(ccc1)OC(=O)c1ccc(cc1)OC(=O)c1ccc(cc1)OCCCCCCCCCCCC)C,tg,74.5,14.319816114176142
*OC(=O)OCC(=C)COCC(=C)C*,tg,70.5,28.852381984596086
*C(C*)(C(=O)OCc1ccc2n(c3c(c2c1)cccc3)CC)C,tg,131.14,124.65196697286018
*N1C(=O)c2c(C1=O)cc(cc2)Oc1cc(ccc1)Oc1cc2c(C(=O)N(C2=O)c2cc(ccc2)*)cc1,tg,224.0,227.03342733760036
*c1nc(ccc1)c1cc(c(cc1)Oc1ccc(cc1)Sc1ccc(cc1)Oc1c(cc(cc1)*)C(F)(F)F)C(F)(F)F,tg,144.5,129.28345440363532
*C1(C(=O)N(C(=O)C1)c1ccccc1)C*,tg,236.0,178.33067368799195
*OC(=O)c1ccc(cc1)C(=O)OCC(CS(=O)(=O)CC(C*)(C)C)(C)C,tg,105.0,48.2367100133929
*OC(=O)c1ccc(cc1)c1ccc(cc1)c1ccc(cc1)C(=O)OCCCCC*,tg,40.0,100.80745766961734
*OC(=O)NCc1ccc(cc1)CNC(=O)OCCCCCC*,tg,56.0,63.558836106934145
*OCC(C*)(CCl)CCl,tg,11.38,-14.156575293355088
*Oc1ccc(cc1)OC(=O)CCCCC(=O)*,tg,90.0,63.4035549726038
*C(C(CCCCCCCCCCC*)c1ccc(cc1)O)c1c(cc(cc1)O)C,tg,4.0,1.9690234514386793
*Oc1c(cc(cc1C)C1(c2ccccc2c2ccccc12)c1cc(c(c(c1)C)Oc1ccc(cc1)C(=O)c1cc(ccc1)C(=O)c1ccc(cc1)*)C)C,tg,229.0,233.42922057543916
*C(C*)O,tg,76.98,68.70307517371589
*c1n(c(nn1)c1ccc(cc1)Oc1ccc(cc1)C(c1ccc(cc1)Oc1ccc(cc1)*)(C)C)c1ccc(cc1)S(=O)(=O)C,tg,230.0,201.73507619856406
*Oc1ccc(cc1)Nc1ccc(cc1)C(=O)c1ccc(cc1)C(=O)c1ccc(cc1)Nc1ccc(cc1)*,tg,215.0,219.33345542797767
*Oc1cc(ccc1)NC(=O)CCCCCC(=O)Nc1ccc(cc1)*,tg,130.0,161.54860322457762
*OC(=O)C=CC(=O)NCCCCCCNC(=O)C=CC(=O)OCCOCCOCC*,tg,65.0,28.162170083568554
*Oc1ccc(cc1)CC(NC(=O)Cc1ccc(cc1)OC(=O)CCCCCCC(=O)*)C(=O)OCC,tg,54.0,54.66461435538913
*OC(=O)c1c(cccc1)C(=O)OCCOCC*,tg,-50.0,23.44963664367014
*C1COC2C1OCC2OC(=O)c1oc(cc1)C(=O)O*,tg,188.5,119.92484687315661
*C(C(CC*)C(=O)OC)C(=O)OC,tg,31.2,57.54638460519017
*c1nc2c(nc1c1ccc(cc1)OC(=O)c1cc(ccc1)C(=O)Oc1ccc(cc1)*)cccc2,tg,245.0,247.79796525173015
*c1cc2c(C(=O)N(C2=O)c2c(cc(cc2)c2cc(c(cc2)N2C(=O)c3c(C2=O)cc(cc3)C(*)(C(F)(F)F)C(F)(F)F)OCCN(c2ccc(cc2)C(=C(C#N)C#N)C#N)CC)OCCN(c2ccc(cc2)C(=C(C#N)C#N)C#N)CC)cc1,tg,222.0,207.8788714735398
*N1C(=O)c2c(C1=O)c(ccc2)Oc1ccc(cc1)C(c1ccc(cc1)Oc1c2c(C(=O)N(C2=O)c2c(cc(cc2)Oc2ccc(cc2)Oc2cc(c(cc2)*)C)C)ccc1)(C)C,tg,222.0,238.13991011950307
*OP(=O)(OCCCCCCCCOc1c(cc(cc1)C=C1C(=O)C(=Cc2cc(c(cc2)OCCCCCCCC*)OC)CC1)OC)OCC,tg,62.0,65.21801959091646
*NC(=O)CCCCCCCC*,tg,44.29,60.69702503627906
*N1C(=O)c2c(C1=O)cc(cc2)c1cc2c(C(=O)N(C2=O)c2cc(cc(c2)C(F)(F)F)Oc2c(cc(cc2C)c2cc(c(c(c2)C)Oc2cc(cc(c2)C(F)(F)F)*)C)C)cc1,tg,281.1,277.21124170922775
*OC(C(C(*)(F)F)(F)F)(F)F,tg,-109.82,-51.75822123985849
*N1C(=O)c2c(C1=O)cc(cc2)Oc1ccc(cc1)C(c1ccc(cc1)Oc1cc2c(C(=O)N(C2=O)c2ccc(cc2)N(c2ccc(cc2)*)c2ccc(cc2)C#N)cc1)(C(F)(F)F)C(F)(F)F,tg,234.0,253.48217365974656
*S(=O)(=O)c1ccc(cc1)Nc1ccc(cc1)C1(c2ccccc2c2ccccc12)c1ccc(cc1)Nc1ccc(cc1)*,tg,221.0,231.27479446227477
*Oc1cc(c(cc1)c1c(cc(cc1)OC(=O)c1ccc(cc1)Oc1ccc(cc1)C1(CCC(CC1)C(C)(C)C)c1ccc(cc1)Oc1ccc(cc1)C(=O)*)C)C,tg,163.0,202.7727399
*c1nc2c(nc1c1ccccc1)cc(cc2)c1cc2c(nc(c(n2)c2ccc(cc2)Oc2ccc(cc2)*)c2ccccc2)cc1,tg,292.5,335.62006209933065
*c1cc2c(C(=O)N(C2=O)c2ccc(cc2)C(=O)Nc2cc(ccc2)Oc2ccc(cc2)S(=O)(=O)c2ccc(cc2)Oc2cc(ccc2)NC(=O)*)cc1,tg,235.0,238.28079927844018
*NC1CC(CC(C1)(CNC(=O)CCCCC(=O)*)C)(C)C,tg,149.72,110.32895180858593
*N1C(=O)c2c(C1=O)cc(cc2)Oc1ccc(cc1)C1(CCC(CC1)c1ccccc1)c1ccc(cc1)Oc1cc2c(C(=O)N(C2=O)c2ccc(cc2)Cc2ccc(cc2)*)cc1,tg,232.0,229.60342387817303
*C(C*)c1cc(c(cc1)Cl)F,tg,122.0,119.43836440522489
*N=P(*)(OCC(C(F)(F)F)(F)F)OCC(C(F)(F)F)(F)F,tg,-65.0,-22.35883770226293
*OC(=O)c1ccc(cc1)c1ccc(cc1)C(=O)OCCOCCOCCOCC*,tg,4.0,35.12487751906142
*N1C(=O)c2c(C1=O)cc(cc2)c1cc2c(C(=O)N(C2=O)c2cc(c(cc2)c2c(cc(cc2)*)C(F)(F)F)C(F)(F)F)cc1,tg,289.25,337.16114133683595
*Oc1ccc(cc1)C(c1ccc(cc1)OC(=O)c1cc(cc(c1)NC(=O)c1ccc(cc1)NC(=O)C(N1C(=O)c2c(C1=O)cccc2)C)C(=O)*)(C)C,tg,238.0,207.99724271836052
*C1COC2C1OCC2OC(=O)c1cc(ccc1)OCCCCCCCCCCOc1cc(ccc1)C(=O)O*,tg,28.25,34.29245363277974
*OP(=O)(Oc1ccc(cc1)c1ccc(cc1)*)OC1CCCCC1,tg,116.0,141.25523906122177
*Oc1ccc(cc1)c1ccc(cc1)OCCCCCCOC(=O)Nc1c(cc(cc1)NC(=O)OCCCCCC*)C,tg,85.4,81.79769336328944
*NNC(=O)c1cc(cc(c1)NC(=O)c1cc2c(C(=O)N(C2=O)c2ncc(cc2)C)cc1)C(=O)NNC(=O)CCCC(=O)*,tg,131.5,140.67999926661173
*N1C(=O)c2c(C1=O)cc(cc2)Oc1cc2c(C(=O)N(C2=O)c2c(cc(cc2C)C(c2cc(c(c(c2)C)*)C)c2cc(ccc2)C(F)(F)F)C)cc1,tg,264.1,286.23359149195505
*N1C(=O)c2c(C1=O)cc(cc2)Oc1c(cc(cc1C)C(c1cc(c(c(c1)C)Oc1cc2c(C(=O)N(C2=O)c2cc(c(cc2)c2c(cc(cc2)*)C(F)(F)F)C(F)(F)F)cc1)C)(C)C)C,tg,262.0,293.56847725912917
*Oc1ccc(cc1)C(c1ccc(cc1)OCC(COC(=O)CCCCCCCCCCC(=O)OCC(C*)O)O)(C)C,tg,25.0,22.81419156748019
*c1cc2c(C(=O)N(C2=O)c2ccc(cc2)C(=O)Nc2ccc(cc2)C(=O)OCCCCCOC(=O)*)cc1,tg,129.0,150.5881181264864
*Oc1ccc(cc1)OC(=O)c1c(cc(c(c1)OCCCCCCCOCC1N(CCC1)c1ccc(cc1)[N+](=O)[O-])C(=O)*)OCCCCCCCOCC1N(CCC1)c1ccc(cc1)[N+](=O)[O-],tg,50.0,42.02019044810823
*N1C(=O)c2c(C1=O)cc(cc2)Oc1c(cc(cc1C)C(c1cc(c(c(c1)C)Oc1cc2c(C(=O)N(C2=O)c2ccc(cc2)Oc2c(cc(cc2)Oc2ccc(cc2)*)C(C)(C)C)cc1)C)(C)C)C,tg,244.0,255.6047657017295
*C(C*)(C(=O)Oc1ccc(cc1)CC#N)C,tg,128.0,94.90008678023275
*OP(=O)(Oc1ccc(cc1)S(=O)(=O)c1ccc(cc1)*)Oc1ccc(cc1)Br,tg,89.0,106.13502795981827
*Oc1cc(ccc1)Oc1ccc(cc1)C(=O)c1ccc(cc1)*,tg,123.0,146.7258339649084
*C(C*)OC(=O)c1ccc(cc1)OC(=O)CC,tg,71.5,62.234736262058135
*OCC(C*)(CSCC)CSCC,tg,-32.0,-31.047156346633965
*c1sc(cc1CCCCCC)*,tg,23.47,36.88313060674844
*Oc1ccc(cc1)CC(NC(=O)Cc1ccc(cc1)OC(=O)CCC(=O)*)C(=O)OCCCCCC,tg,59.0,56.79471354057261
*c1c2C(=O)N(C(=O)c2c(c2ccccc12)c1ccc(cc1)Oc1ccc(cc1)S(=O)(=O)c1ccc(cc1)Oc1ccc(cc1)*)C,tg,314.0,276.3536545152667
*Oc1cc(ccc1)OCC(COc1ccc(cc1)C(c1ccc(cc1)OCC(C*)O)(C)C)O,tg,83.0,84.26883494325895
*C(C*)C(=O)c1ccc(cc1)Br,tg,101.5,102.0266173515579
*C(C*)c1c(ccc(c1)C(=O)Oc1ccc(cc1)OCCCCCCCCCCCCCC)C(=O)Oc1ccc(cc1)OCCCCCCCCCCCCCC,tg,104.0,100.73522602951398
*OC(=O)NC1CC(CC(C1)(CNC(=O)OCCN(CC*)c1ccc(cc1)C=C(C#N)C#N)C)(C)C,tg,141.0,125.41125767866735
*NC(=O)CCCCCCCCCCCCCCCCC(=O)NCCCCCCCCCCCCCCCCCC*,tg,50.0,41.89708004001722
*OCC(C*)(CS(=O)(=O)CC)CS(=O)(=O)CC,tg,84.0,29.28521938061586
*OC(CC*)C,tg,-50.0,-62.919308681998885
*N1C(=O)c2c(C1=O)c(ccc2)c1cc2c(C(=O)N(C2=O)c2cc(c(cc2)c2c(cc(cc2)*)C)C)cc1,tg,372.0,368.783277857587
*N1C(=O)c2c(C1=O)cc(cc2)Oc1cc2c(C(=O)N(C2=O)c2ccc(cc2)C(c2ccc(cc2)*)(c2ccccc2)C(F)(F)F)cc1,tg,293.0,277.0005337359315
*Oc1ccc(cc1)S(=O)(=O)c1ccc(cc1)Oc1c(cc(cc1C)C(c1cc(c(c(c1)C)*)C)(C)C)C,tg,233.29,258.77983174905
*NC(C(=O)*)CCC(=O)OCCCCCC,tg,-48.33,-26.318459707930657
*OS(=O)(=O)c1c(ccc(c1)S(=O)(=O)Oc1ccc(cc1)C1(CCCC1)c1ccc(cc1)*)C,tg,134.0,203.62220928356618
*c1oc2c(n1)cc(cc2)S(=O)(=O)c1cc2c(oc(n2)C2CCC(CC2)*)cc1,tg,296.0,283.86486297839235
*N1C(=O)c2c(C1=O)cc(cc2)c1ccc(cc1)c1cc2c(C(=O)N(C2=O)CCCCCCCC*)cc1,tg,120.0,137.3978866175647
*Oc1c(cc(cc1C)C(c1cc(c(c(c1)C)OC(=O)CCCCC(=O)*)C)(C)C)C,tg,93.0,88.646456910301
*c1cc2c(C(=O)N(C2=O)c2c(ccc(c2)c2cc(c(cc2)O)N2C(=O)c3c(C2=O)cc(cc3)C(*)(C(F)(F)F)C(F)(F)F)O)cc1,tg,350.0,332.89011193592427
*Oc1ccc(cc1)S(=O)(=O)c1ccc(cc1)Oc1ccc(cc1)C(c1ccc(cc1)OCCCCOc1ccc(cc1)C(c1ccc(cc1)*)(C)C)(C)C,tg,140.0,104.46208224881741
*N1C(=O)C2C(C1=O)C(=CC(C2)C1C(=O)N(C(=O)C1)c1ccc(cc1)*)C,tg,327.0,268.6372780821359
*c1cc2c(C(=O)N(C2=O)c2cc(cc(c2)c2oc3c(n2)cccc3)N2C(=O)c3c(C2=O)cc(cc3)C(=O)Nc2nc(ccc2)NC(=O)*)cc1,tg,365.0,305.2327471803659
*N(c1ccc(cc1)c1cc2ccc3c(c2cc1c1ccc(cc1)*)cccc3)c1ccc(cc1)C,tg,126.0,326.4055552789337
*OC(=O)c1ccc(cc1)C(=O)OCC(C*)(C)C,tg,68.0,50.56612483443013
*Oc1ccc(cc1)NC(=O)c1c(cccc1)OCC(COc1ccc(cc1)C(c1ccc(cc1)OCC(C*)O)(C)C)O,tg,121.0,119.33403960264025
*Nc1cc(cc(c1)C(=O)OCCN(c1ccc(cc1)C#N)C)NC(=O)c1cc(cc(c1)OCCN(c1ccc(cc1)C#N)C)C(=O)*,tg,167.0,189.28264556624458
*OCCCNC(=O)c1ccc(cc1)C(=O)NCCC*,tg,72.0,104.89544884316793
*C1C2C(C(=O)N(C2=O)c2c(cccc2)C)C(C1)C=C*,tg,248.0,232.82130865850615
*Oc1ccc(cc1)OCC(COC(=O)CCCCCCCCCCC(=O)OCC(C*)O)O,tg,10.0,21.150870797270045
*N1C(=O)C(CC1=O)(SCCOCCSC1(C(=O)N(C(=O)C1)c1ccc(cc1)Cc1ccc(cc1)N1C(=O)C(C(C1=O)C)SCCOCCSC1C(=O)N(C(=O)C1C)c1ccc(cc1)Cc1ccc(cc1)*)C)C,tg,105.0,163.05939449200005
*c1c(c(cc(c1)N=Nc1ccc(cc1)OC)*)O,tg,134.0,155.6773523937119
*c1cc2c(C(=O)N(C2=O)c2ccc(cc2)C(=O)c2ccc(cc2)C(=O)c2ccc(cc2)N2C(=O)c3c(C2=O)cc(cc3)C(=O)c2ccc(cc2)C(=O)*)cc1,tg,260.0,274.47440756697677
*c1cc2c(C(=O)N(C2=O)c2c(cc(cc2C)c2cc(c(c(c2)C)N2C(=O)c3c(C2=O)cc(cc3)C(=O)Oc2c(cc(cc2C)C(c2cc(c(c(c2)C)OC(=O)*)C)(C(F)(F)F)C(F)(F)F)C)C)C)cc1,tg,327.0,241.72625463086726
*C(C*)(C(=O)OCCCCCCCCCCOc1ccc(cc1)OC(=O)c1ccc(cc1)OCCCC)C,tg,31.0,35.30590845334619
*Oc1ccc(cc1)N1ON1c1ccc(cc1)OCCCCCCOC(=O)C(C(=O)OCCCCCC*)CCCCCCCCCCBr,tg,16.0,4.599305264784648
*C1=C(C(=O)N(C1=O)CCCCCCCC)c1ccc(cc1)c1cc2C(c3c(c2cc1)ccc(c3)c1ccc(cc1)*)(CCCCCC)CCCCCC,tg,122.0,128.78852699805506
*c1c2C(=O)N(C(=O)c2c(c2ccccc12)c1ccc(cc1)Oc1c(cc(cc1)c1ccc(cc1)c1cc(c(cc1)Oc1ccc(cc1)*)C(F)(F)F)C(F)(F)F)c1ccccc1,tg,317.0,279.3324748378365
*c1ccc(cc1)C=C1C(=O)C(=Cc2ccc(cc2)C(=O)c2cc(ccc2)C(=O)*)CC1,tg,190.0,197.12311201915912
*Oc1ccc(cc1)C(=O)c1ccc(cc1)OC(=O)c1ccc(cc1)C(c1ccc(cc1)C(=O)*)(C)C,tg,126.0,182.581110427245
*OC(=O)OCC(CS(=O)(=O)CC(C*)(C)C)(C)C,tg,50.0,48.34631714047347
*Oc1ccc(cc1)/C(=C/c1ccc(cc1)OCCOCCOCC*)/C,tg,15.33,65.2133553277483
*C1COC2C1OCC2Oc1ccc(cc1)NC(=O)c1cc(ccc1)C(=O)Nc1ccc(cc1)O*,tg,108.33,152.5478302187831
*c1c(c2c(C(=O)N(C2=O)c2ccc(cc2)Oc2ccc(cc2)N2C(=O)c3c(C2=O)c(c(cc3)C(=O)*)OCc2c(cccc2)[N+](=O)[O-])cc1)OCc1c(cccc1)[N+](=O)[O-],tg,198.0,241.26507053743703
*c1cc2c(C(=O)N(C2=O)c2cc(ccc2)C(=O)Nc2ccc(cc2)Oc2ccc(cc2)NC(=O)c2cc(ccc2)N2C(=O)c3c(C2=O)cc(cc3)C(*)(C(F)(F)F)C(F)(F)F)cc1,tg,298.0,281.5146253693366
*Nc1c(cc(c(c1)[N+](=O)[O-])NC(=O)CCCCCCCCC(=O)*)C=Cc1ccc(cc1)N(C)C,tg,159.0,178.93038821586714
*Oc1c(cc(cc1)Oc1ccc(cc1)C(=O)c1ccc(cc1)*)c1cc(cc(c1)C(F)(F)F)C(F)(F)F,tg,146.0,184.8650516520077
*Oc1ccc(cc1)C(c1ccc(cc1)OC(=O)c1cc(ccc1)C(=O)*)(C)C,tg,166.08,161.4254923936768
*Nc1ccc(cc1)c1ccc(cc1)NC(=O)Cc1c(cc(c(c1)CC(=O)*)C)C,tg,230.0,214.95596346991894
*c1oc2c(n1)cc(cc2)NC(=O)CCCCC(=O)Nc1cc2c(oc(n2)CCCCCCCC*)cc1,tg,87.2,116.61766128323706
*Oc1ccc(cc1)NC(=O)c1ccc(cc1)Oc1ccc(cc1)C(c1cc(ccc1)C(c1ccc(cc1)Oc1ccc(cc1)C(=O)Nc1ccc(cc1)Oc1ccc(cc1)C(c1ccc(cc1)*)(C)C)(C)C)(C)C,tg,147.0,158.0735942138626
*N1C(=O)c2c(C1=O)cc(cc2)C(=O)Oc1cc2c(cc1)ccc(c2)OC(=O)CCCCCCCCCCC*,tg,98.0,83.02346588186568
*N1C(=O)c2c(C1=O)cc(cc2)Oc1cc2c(C(=O)N(C2=O)c2ccc(cc2)c2cc(c(cc2)Oc2cc3c(C(CC3(c3ccc(cc3)Oc3c(cc(cc3)c3ccc(cc3)*)C(F)(F)F)C)(C)C)cc2)C(F)(F)F)cc1,tg,249.0,251.46716301990938
*Oc1c(cc(cc1)OC(=O)c1c(cc(c(c1)OCCCc1ccccc1)C(=O)*)OCCCc1ccccc1)C,tg,91.0,85.6383921968204
*c1cc2c(C(=O)N(C2=O)c2c(ccc(c2)N2C(=O)c3c(C2=O)cc(cc3)C(=O)*)Cl)cc1,tg,305.0,324.56100449375674
*O[Si](*)(CCCOc1ccc(cc1)C(=O)Oc1ccc(cc1)c1ccc(cc1)OC(=O)c1cc(c(c(c1)OCC(CC)C)OCC(CC)C)OCC(CC)C)C,tg,57.67,80.15641415254503
*C1(OC(OC1*)(C(F)(F)F)C(F)(F)F)F,tg,256.0,166.5480665894523
*C1C(=O)N(C(=O)C1*)c1cc(c(c(c1)Br)O[Si](c1ccccc1)(c1ccccc1)c1ccccc1)Br,tg,179.0,181.97554181920316
*C(C*)C(=O)OCC(C(C(C(F)F)(F)F)(F)F)(F)F,tg,-35.0,-42.236754191824744
*C(C*)C(=O)OCCOc1ccc(cc1)C(=O)Oc1ccc(cc1)OC(=O)c1ccc(cc1)OCCCC,tg,45.0,47.4122969149819
*C(C*)(C(=O)OCCC1CCN(CC1)CCCCCCOc1ccc(cc1)N=Nc1ccc(cc1)[N+](=O)[O-])C,tg,27.0,44.78980170541412
*NC(=O)C(=CC(=O)NCc1cc(ccc1)C*)C,tg,135.0,136.21040198297882
*OP(=O)(Oc1c(cc(cc1C)S(=O)(=O)c1cc(c(c(c1)C)*)C)C)Oc1ccc(cc1)C,tg,128.0,144.98956136399846
*Oc1ccc(cc1)C(c1ccc(cc1)OCC(C*)OC(=O)CC)(C)C,tg,60.0,73.15965583087493
*C(C*)C(=O)N(C)C,tg,113.45,110.18805697841387
*C(C*)(Cl)Cl,tg,-11.96,-68.41276202954971
*c1cc2c(C(=O)N(C2=O)c2ccc(cc2)Oc2c3c(ccc2)c(ccc3)Oc2ccc(cc2)N2C(=O)c3c(C2=O)cc(cc3)C(=O)Nc2cc(ccc2)NC(=O)*)cc1,tg,263.0,279.6650143497731
*C(C*)c1ccc(cc1)CCCCCCCCCC,tg,-65.0,-37.21267324126556
*C(C*)c1cc(ccc1)O,tg,162.0,128.7209754521507
*Oc1ccc(cc1)S(=O)(=O)c1ccc(cc1)Oc1ccc(cc1)C(c1ccc(cc1)*)c1c(cccc1)C(=O)O,tg,223.0,211.81494946240036
*c1sc(cc1)CC*,tg,22.33,32.03732757064165
*C(C*)(C(=O)OCCCCCCOc1ccc(cc1)c1ccc(cc1)C#N)C,tg,58.6,45.55508256799663
*C1C(=O)N(C(=O)C1*)c1c(cccc1)C(=O)OC,tg,259.0,230.38155579003018
*N1C(=O)c2c(C1=O)cc(cc2)NC(=O)Nc1ccc(cc1)Oc1ccc(cc1)NC(=O)Nc1cc2c(C(=O)N(C2=O)c2ccc(cc2)c2nc(cc(c2)c2ccc(cc2)c2ccccc2)c2ccc(cc2)*)cc1,tg,241.0,256.0841989470944
*c1nc(nc(n1)C(C(C(C(C(C(*)(F)F)(F)F)(F)F)(F)F)(F)F)(F)F)C(C(C(F)(F)F)(F)F)(F)F,tg,-11.0,72.81800137313073
*OCCOCCOCCCNC(=O)CNC(=O)C(NC(=O)CCCCCCCCC(=O)NC(C(=O)NCC(=O)NCCC*)Cc1ccccc1)Cc1ccccc1,tg,36.0,52.404409303140156
*c1cc2c(C(=O)N(C2=O)c2ccc(cc2)c2ccc(cc2)NC(=O)c2cc(ccc2)C(=O)Nc2ccc(cc2)c2ccc(cc2)N2C(=O)c3c(C2=O)cc(cc3)C(=O)*)cc1,tg,238.0,261.6147547801375
*OC(COC(=O)*)COCC,tg,-5.0,-23.628512576660956
*N1C(=O)c2c(C1=O)cc(cc2)Oc1cc2c(C(=O)N(C2=O)CCCCCCCCCCCC*)cc1,tg,70.0,83.10954985532128
*c1ccc2c3n(c4ccc(cc4n3)c3cc4n5c(nc4cc3)c3cccc4c(ccc(c5=O)c34)Oc3ccc(cc3)S(=O)(=O)c3ccc(cc3)O*)c(=O)c3cccc1c23,tg,415.0,366.9073357297681
*C(C*)C(=O)OCCOc1ccc(cc1)C(=O)Oc1ccc(cc1)OC(=O)c1ccc(cc1)OCCCCC,tg,46.0,40.46727286298665
*SC1C(CCCC1)*,tg,-45.0,102.9266502323553
*SSCCCCCC*,tg,-74.0,-68.04183750419296
*c1cc2c(C(=O)N(C2=O)c2ccc(cc2)Oc2ccc(cc2)N2C(=O)c3c(C2=O)cc(cc3)C(=O)Oc2ccc(cc2)OC(=O)*)cc1,tg,267.5,220.4516476138617
*N1C(=O)c2c(C1=O)cc(cc2)S(=O)(=O)c1cc2c(C(=O)N(C2=O)c2ccc(cc2)Cc2ccc(cc2)*)cc1,tg,314.0,281.289106935589
*OP(=O)(Oc1ccc(cc1)C(c1ccc(cc1)*)(C)C)Oc1ccccc1,tg,74.5,70.86784014556324
*c1cc2c(C(=O)N(C2=O)c2ccc(cc2)S(=O)(=O)c2ccc(cc2)N2C(=O)c3c(C2=O)cc(cc3)C(*)(C(F)(F)F)C(F)(F)F)cc1,tg,330.67,297.3293568505049
*NC1CCC(CC1)CC1CCC(CC1)NC(=O)CCCCC(=O)*,tg,173.33,125.67748973952116
*OC(C*)COCOCC(C)([N+](=O)[O-])[N+](=O)[O-],tg,-17.5,-4.236924420680895
*C(C*)c1c(ccc(c1)C(=O)OCCCCCC)c1ccc(cc1)OCCCCCCCC,tg,64.0,80.25641808430055
*C1C(=CC)CC(C1)C=C*,tg,118.43,101.57205139683934
*C(C*)(CC(=O)OC)C(=O)OC,tg,80.04,92.62663708839048
*C1=CC(=C(C#N)C#N)C=C(O1)C=Cc1sc(cc1)c1ccc(cc1)C(=Cc1cc2C(c3c(c2cc1)ccc(c3)C=C(c1ccc(cc1)c1sc(cc1)C=C*)C#N)(CC)CC)C#N,tg,144.0,260.38340799311004
*Oc1c(cc(cc1Cl)C1(CCCCC1)c1cc(c(c(c1)Cl)OC(=O)*)Cl)Cl,tg,163.0,205.65994355246283
*Oc1ccc(cc1)C(=O)OCCOCCOCCOC(=O)c1ccc(cc1)OC(=O)c1ccc(cc1)C(=O)*,tg,25.0,65.85231267054561
*C(C*)(C(=O)Oc1ccccc1)C,tg,111.1,110.86488008261391
*C(C*)(C(=O)OC1CCOCC1)C,tg,153.5,99.28432327181494
*c1nc(ccc1)Oc1ccc(cc1)Oc1ccc(cc1)P(=O)(c1ccc(cc1)Oc1ccc(cc1)O*)c1ccccc1,tg,164.0,157.20502133110756
*Oc1ccc(cc1)C(=O)c1ccc(cc1)OCCCCCCOC(=O)OCCCCCOC(=O)OCCCCCC*,tg,-0.2,4.926437175342986
*c1ncc(cc1)c1sc(c(c1)CCCCCCCC)c1ccc(cc1)c1sc(cc1CCCCCCCC)*,tg,16.2,53.77959309641272
*c1ccc2c(nc([nH]2)c2ccc(cc2)C(=O)Nc2cc(ccc2)C(=O)Nc2cc(ccc2)NC(=O)*)c1,tg,292.0,293.19255638431093
*N1C(=O)c2c(C1=O)cc(cc2)c1ccc(cc1)c1ccc(cc1)c1ccc(cc1)c1ccc(cc1)c1cc2c(C(=O)N(C2=O)c2ccc(cc2)Cc2ccc(cc2)*)cc1,tg,244.0,300.2401852064155
*c1ccc(cc1)c1c(cc(c(c1c1ccccc1)c1ccccc1)c1cc(ccc1)c1c(c(c(c(c1)c1ccccc1)c1ccc(cc1)CCCC*)c1ccccc1)c1ccccc1)c1ccccc1,tg,180.0,223.74955572782275
*c1c2C(=O)N(C(=O)c2c(c2ccccc12)c1ccc(cc1)Oc1c(cc(cc1)c1cc(ccc1)c1cc(c(cc1)Oc1ccc(cc1)*)C(F)(F)F)C(F)(F)F)c1ccccc1,tg,271.0,298.0791765472498
*C(C*)OC(=O)C1(C(C(C(C(C1(F)F)(F)F)(F)F)(F)F)(F)F)F,tg,54.0,144.56655615103767
*C(C*)(C(=O)OCc1sccc1)C,tg,66.0,51.800356082919286
*N=P(*)(OCC=Cc1ccccc1)OCC=Cc1ccccc1,tg,1.0,5.844391967073132
*OC(=O)NCCCCCCNC(=O)OCCCCCOC(=O)c1c(cccc1)C(=O)O[Cd]OC(=O)c1c(cccc1)C(=O)OCCCCC*,tg,-6.8,-8.511394720136598
*Oc1ccc(cc1)C(=O)Nc1cc(ccc1)P(=O)(c1cc(ccc1)NC(=O)c1ccc(cc1)OCCCC*)c1ccccc1,tg,181.75,176.82219203619348
*Oc1c(cc(cc1)C(=O)c1cc(ccc1)C(=O)c1cc(c(cc1)*)CC)CC,tg,126.0,154.2638820933815
*c1cc2c(C(=O)N(C2=O)c2cc(ccc2)OCCOc2cc(ccc2)N2C(=O)c3c(C2=O)cc(cc3)C(=O)*)cc1,tg,191.0,209.7537536105822
*Oc1cc2c(cc1)ccc(c2)Oc1ccc(cc1)C(=Nc1ccc(cc1)N=C(c1ccc(cc1)*)c1ccccc1)c1ccccc1,tg,171.0,175.13000504358817
*Oc1c(cc(cc1)NC(=O)NC1CC(CC(C1)(CNC(=O)Nc1cc(c(cc1)*)c1ccc(cc1)Oc1ccccc1)C)(C)C)c1ccc(cc1)Oc1ccccc1,tg,281.0,242.87935514059765
*c1nc(ccc1)c1cc(c(cc1)Oc1ccc(cc1)C(c1ccc(cc1)Oc1c(cc(cc1)*)C(F)(F)F)(C)C)C(F)(F)F,tg,121.0,139.63531086608882
*Oc1ccc(cc1)c1ccc(cc1)OC(=O)c1cc(ccc1)C(=O)*,tg,185.5,172.23593802559552
*OC(*)CCCCCC,tg,-116.0,-69.45591758254375
*c1cc2c(C(=O)N(C2=O)c2c(ccc(c2)C(=O)Nc2c3c(ccc2)c(ccc3)NC(=O)c2cc(c(cc2)C)N2C(=O)c3c(C2=O)cc(cc3)C(*)(C(F)(F)F)C(F)(F)F)C)cc1,tg,250.0,253.86024240550523
*C1COC2C1OCC2OC(=O)CNC(=O)CCCCCCCCC(=O)NCC(=O)O*,tg,66.0,44.668422802832616
*Nc1ccc(cc1)C(c1ccc(cc1)NC(=O)c1cc(ccc1)C(=O)*)(P1(=O)c2ccccc2c2ccccc2O1)P1(=O)c2ccccc2c2ccccc2O1,tg,230.0,230.24437594156848
*C(C*)(C(=O)OC1CC(CC(C1)C)(C)C)C,tg,125.0,108.46916376323209
*OC(=O)NCCCCCCNC(=O)OCCCCC*,tg,33.0,36.666519535239225
*c1c(cc(cc1)C=C*)OCc1cc(cc(c1)OCC(CCCC)CC)OCCC(CCCC(C)C)C,tg,227.0,79.38932665596107
*C(C*)c1c(cc(c(c1)C)C)C,tg,104.0,117.58437102097858
*OC(=O)Nc1c(cc(cc1)c1cc(c(cc1)NC(=O)OCCN(CC*)c1ccc(cc1)N=Nc1ccc(cc1)[N+](=O)[O-])C)C,tg,119.5,161.2649507578994
*OP(=O)(N=Nc1ccc(cc1)CCOC(=O)c1cc(cc(c1)C(C)(C)C)C(=O)OCCc1ccc(cc1)N=NP(=O)(OCCCCCC*)OC)OC,tg,47.0,55.37719726995223
*C(C(*)c1ccc(cc1)N(C)C)c1ccc(cc1)[N+](=O)[O-],tg,139.0,134.55198629094056
*OC(=O)CCCCCC(=O)OCC*,tg,-54.0,-61.02797889533794
*c1oc(nn1)c1ccc(cc1)NC(=O)c1c(cc(cc1)*)Oc1ccccc1,tg,235.0,234.56099389400433
*c1nnc(nc1c1ccc(cc1)Oc1ccc(cc1)C(c1ccc(cc1)Oc1ccc(cc1)*)(c1ccccc1)C)c1ncccc1,tg,232.0,220.40900855310048
*c1cc2c(nc(cc2c2ccccc2)c2cc(ccc2)c2nc3c(c(c2)c2ccccc2)cc(cc3)c2ccc(cc2)OCCCCCCCCCCCOc2ccc(cc2)*)cc1,tg,133.5,148.35440515014014
*c1nc2c(c(c1)c1ccccc1)cc(cc2)Oc1cc2c(nc(cc2c2ccccc2)c2c(ccc(c2)*)OCCN(c2ccc(cc2)C(=C(C#N)C#N)C#N)CC)cc1,tg,200.0,246.67463775742863
*c1nc2c(c(c1)c1ccccc1)cc(cc2)Oc1cc2c(nc(cc2c2ccccc2)c2ccc(cc2)C2(c3ccccc3C(=O)c3ccccc23)c2ccc(cc2)*)cc1,tg,340.0,354.7590136265637
*C(C*)(C(=O)OC1CCCCCCCCCCC1)C,tg,56.0,69.75206753169171
*c1oc(nn1)c1ccc(cc1)Oc1ccc(cc1)NC(=O)CN1C(=O)c2c(C1=O)cc(cc2)C(c1cc2c(C(=O)N(C2=O)CC(=O)Nc2ccc(cc2)Oc2ccc(cc2)*)cc1)(C(F)(F)F)C(F)(F)F,tg,263.0,252.3288289399256
*C(=CCC*)C(C)C,tg,-47.0,9.85869337557415
*C1C(C(C(C1)C=C*)(F)F)(C(F)(F)F)C(F)(F)F,tg,172.5,116.79833973707926
*NC(=O)C(C(C(=O)NCCCCCCCC*)OC)OC,tg,89.0,85.71041052831434
*c1ccc2c(nc([nH]2)c2cc(cc(c2)N2C(=O)c3c(C2=O)cccc3)c2nc3c([nH]2)ccc(c3)C(=O)Nc2nc(ccc2)NC(=O)*)c1,tg,312.0,324.731158724992
*C(C*)c1ccc(cc1)COCCC(C(C(C(F)(F)F)(F)F)(F)F)(F)F,tg,13.0,62.59576142686195
*Nc1ccc(cc1)Cc1ccc(cc1)NC(=O)NCCCCCCCCCCCCCCCCCCNC(=O)*,tg,48.0,22.063745745065777
*c1cc2c(C(=O)N(C2=O)c2ccc(cc2)N2C(=O)c3c(C2=O)cc(cc3)C(=O)*)cc1,tg,328.57,332.7841466235932
*O[Si](COC(=O)CCCCCCCCC(=O)Oc1ccc(cc1)S(=O)(=O)c1ccc(cc1)Oc1ccc(cc1)C=C1C(=O)C(=Cc2ccc(cc2)Oc2ccc(cc2)S(=O)(=O)c2ccc(cc2)OC(=O)CCCCCCCCC(=O)OC[Si](*)(C)C)CCCC1)(C)C,tg,81.0,74.70760681338336
*N1C(=O)C2C3C4C(C(C2C1=O)C=C3)C(=O)N(C4=O)c1ccc(cc1)Sc1cc2c(C(=O)N(C2=O)CCN(C)C)cc1Sc1ccc(cc1)*,tg,310.0,236.76611430272803
*N=P(*)(Oc1ccc(cc1)C)Oc1ccc(cc1)C,tg,0.3,9.57310379670607
*Oc1ccc(cc1)OC(=O)c1ccc(cc1)[Si](c1ccc(cc1)C(=O)*)(C)C,tg,176.0,160.9384481410208
*Oc1ccc(cc1)Oc1ccc(cc1)OC(=O)c1ccc(cc1)C(c1ccc(cc1)C(=O)*)(C(F)(F)F)C(F)(F)F,tg,215.0,157.00198460531593
*OC(=O)NCCCCCCNC(=O)OCCN(CC*)c1ccccc1,tg,31.9,54.26347252549958
*OC(=O)c1c(cccc1)C(=O)OCCCCCCCCCC*,tg,-14.0,-16.95386318936491
*c1cc2c(C(=O)N(C2=O)c2ccc(cc2)Oc2ccc(cc2)N2C(=O)c3c(C2=O)cc(cc3)C(=O)Nc2ccc(cc2)Oc2ccc(cc2)NC(=O)*)cc1,tg,282.0,252.12824260932788
*c1cc2c(C(=O)N(C2=O)c2cc(c(c(c2)Br)Oc2c(cc(cc2Br)N2C(=O)c3c(C2=O)cc(cc3)C(*)(C(F)(F)F)C(F)(F)F)Br)Br)cc1,tg,303.0,294.8992309480344
*C(C*)(C(=O)OCC1OCCOCCOCCOC1)C,tg,35.0,41.01785245911885
*O[Si](O[Si](O[Si](O[Si](Oc1c2ccccc2c2ccccc2c1*)(C)C)(C)C)(C)C)(C)C,tg,-35.0,2.7717871254963735
*Oc1ccc(cc1)C(=O)OC(=O)c1ccc(cc1)OCCOCC*,tg,41.0,48.208631401340675
*C(C*)c1ccc(cc1)C([Si](C)(C)C)[Si](C)(C)C,tg,156.0,82.63514078213673
*O[Si](O[Si](O[Si](O[Si](O[Si](Oc1c2ccccc2c2ccccc2c1*)(C)C)(C)C)(C)C)(C)C)(C)C,tg,-38.0,-43.284283841710646
*c1nc2c(c(c1)c1ccccc1)cc(cc2)c1cc2c(nc(cc2c2ccccc2)c2ccc(cc2)Oc2ccc(cc2)*)cc1,tg,286.67,340.09305064691006
*C(C*)(C(=O)Oc1ccc(cc1)C(=O)Oc1ccc(cc1)Oc1ccccc1)C,tg,74.0,109.78831799782118
*N1C(=O)c2c(C1=O)cc(cc2)[Si](O[Si](c1cc2c(C(=O)N(C2=O)c2cc(ccc2)Cc2cc(ccc2)*)cc1)(C)C)(C)C,tg,217.0,219.39282394050346
*Oc1ccc(cc1)C(=O)Nc1c(cc(cc1)Br)c1ccc(cc1)NC(=O)c1ccc(cc1)*,tg,267.0,239.88422082380924
*N1C(=O)c2c(C1=O)cc(cc2)c1cc2c(C(=O)N(C2=O)c2ccc(cc2)Oc2c(cc(cc2C(C)(C)C)c2ccc(cc2)*)C(C)(C)C)cc1,tg,381.5,315.7079567656881
*c1cc2c(C(=O)N(C2=O)c2ccc(cc2)NC(=O)C(C(C(C(C(=O)Nc2ccc(cc2)N2C(=O)c3c(C2=O)cc(cc3)C(*)(C(F)(F)F)C(F)(F)F)(F)F)(F)F)(F)F)(F)F)cc1,tg,285.0,262.3077873734577
*Nc1ccc(cc1)NC(=O)c1ccc(cc1)NC(=O)c1ccc(cc1)[Si](c1ccc(cc1)C(=O)Nc1ccc(cc1)C(=O)*)(C)C,tg,338.0,285.9717399146098
*Oc1ccc(cc1)N(c1ccc(cc1)/C=C(/C(=O)NC1C(CCCC1)NC(=O)/C(=C/c1ccc(cc1)N(c1ccc(cc1)*)CC)/C#N)\C#N)CC,tg,235.0,203.454184818112
*c1nc2c(nc1)cc(cc2)Oc1cc2c(nc(cn2)c2ccc(cc2)c2ccc(cc2)*)cc1,tg,390.0,315.05356269715327
*N1C(=O)c2c(C1=O)c(ccc2)c1cc2c(C(=O)N(C2=O)c2cc(ccc2)OCCCCCOc2cc(ccc2)*)cc1,tg,168.0,181.35370440375846
*c1nc(ccc1)Oc1ccc(cc1)Oc1ccc(cc1)C(=O)c1ccc(cc1)Oc1ccc(cc1)O*,tg,124.0,145.99854919902614
*C1OC(C(C(C1N)O)O*)CO,tg,122.0,157.48512823912216
*Oc1ccc(cc1)S(=O)(=O)c1ccc(cc1)OCC(CN(S(=O)(=O)c1cc(ccc1)S(=O)(=O)N(CC(C*)O)C)C)O,tg,100.0,107.35373784462901
*c1cc2c(C(=O)N(C2=O)c2cc(ccc2)P(=O)(c2cc(ccc2)N2C(=O)c3c(C2=O)cc(cc3)C(=O)Nc2ccc(cc2)S(=O)(=O)c2ccc(cc2)NC(=O)*)c2ccccc2)cc1,tg,241.0,241.6360049607482
*O[Si](O[Si](O[Si](O[Si](O[Si](OC(CCC(*)C)C)(C)C)(C)C)(C)C)(C)C)(C)C,tg,-106.0,-96.65476233613623
*Oc1ccc(cc1)C(=O)OCCCCOC(=O)c1ccc(cc1)*,tg,38.0,94.57576325526274
*c1[nH]nc(c1)c1ccc(cc1)Oc1ccc(cc1)C(=O)c1cc(ccc1)C(=O)c1ccc(cc1)Oc1ccc(cc1)*,tg,205.0,213.1829307005556
*C(C*)(C(=O)OCCCCCCOc1cc(ccc1)C(=O)Oc1ccc(cc1)C#N)C,tg,38.0,44.87230327791845
*c1cc2c(C(=O)N(C2=O)c2ccc(cc2)Oc2cc3c(cc2)ccc(c3)Oc2ccc(cc2)N2C(=O)c3c(C2=O)cc(cc3)C(=O)Nc2ccc(cc2)Oc2ccc(cc2)S(=O)(=O)c2ccc(cc2)Oc2ccc(cc2)NC(=O)*)cc1,tg,274.0,257.8813719228308
*C(C*)c1ccc(cc1)C(CC)(O)C,tg,186.0,133.48559567916678
*Oc1ccc(cc1)Sc1ccc(cc1)Oc1c(cc(cc1)c1ccc(cc1)c1cc(c(cc1)*)C(F)(F)F)C(F)(F)F,tg,164.5,153.80108261455737
*C(C*)c1c(cccc1)C(=O)OCC,tg,118.0,108.60843692495439
*Oc1c(c(cc(c1)Cl)Cl)*,tg,165.0,155.75628944117148
*Oc1ccc(cc1)OC(=O)/C=C/c1ccc(cc1)/C=C/C(=O)*,tg,210.0,178.8702152487743
*Oc1ccc(cc1)CC(NC(=O)Cc1ccc(cc1)OC(=O)COCCOCC(=O)*)C(=O)OCCCCCC,tg,31.0,31.031776431184902
*c1cc2c(C(=O)N(C2=O)c2cc(ccc2)Oc2c(c(ccc2)Oc2cc(ccc2)N2C(=O)c3c(C2=O)cc(cc3)C(=O)Nc2cc(ccc2)Oc2c(c(ccc2)Oc2cc(ccc2)NC(=O)*)C#N)C#N)cc1,tg,214.0,205.02808404201235
*O[Si](*)(CCCOCCOCCOCCOCCOCCOCCOC)CCCOCCOCCOCCOCCOCCOCCOC,tg,-68.9,-85.69165095710329
*C(C*)C(=O)OCC(CC)C,tg,-32.0,-48.82397637991462
*O[Si](O[Si](O[Si](O[Si](OC(CCCCC(*)C)C)(C)C)(C)C)(C)C)(C)C,tg,-98.0,-97.90942052164822
*c1cc2c(C(=O)N(C2=O)c2c(ccc(c2)N2C(=O)c3c(C2=O)cc(cc3)C(=O)Nc2ccc(cc2)Oc2ccc(cc2)C2(c3c(C(=O)N2)cccc3)c2ccc(cc2)Oc2ccc(cc2)NC(=O)*)C)cc1,tg,315.0,300.9500921417033
*C(C*)c1ccc(cc1)S(=O)(=O)N(S(=O)(=O)C(F)(F)F)[Li],tg,152.0,107.52460208590321
*c1sc(cc1)C(=O)Oc1ccc(cc1)[Si](c1ccc(cc1)OC(=O)*)(C)C,tg,-68.0,35.567633276095556
*O[Si](*)(CCCOc1ccc(cc1)C(=O)Oc1ccc(cc1)OC)C,tg,8.7,33.85418326422191
*NC(=O)CCCCCCC*,tg,38.45,65.47914542962926
*N1C(=O)c2c(C1=O)cc(cc2)C(=O)Oc1ccc(cc1)C(c1ccc(cc1)C(c1ccc(cc1)OC(=O)CCCCC*)(C)C)(C)C,tg,104.0,114.90724176193322
*N1C(=O)c2c(C1=O)cc(cc2)c1cc2c(C(=O)N(C2=O)c2ccc(cc2)Oc2c(cc(cc2)Oc2ccc(cc2)*)C)cc1,tg,265.0,251.87592058976998
*c1c(nc2c(n1)cc(cc2)Oc1ccc(cc1)NC(=O)CN1C(=O)c2c(C1=O)cc(cc2)C(c1cc2c(C(=O)N(C2=O)CC(=O)Nc2ccc(cc2)Oc2cc3c(nc(c(n3)c3ccc(cc3)Oc3ccc(cc3)*)c3ccccc3)cc2)cc1)(C(F)(F)F)C(F)(F)F)c1ccccc1,tg,260.0,252.02993660535853
*C(C*)OC(=O)c1ccc(cc1)Cl,tg,70.25,53.30747877215162
*N(CC(C*)O)c1cc(c(c(c1)C)N=Nc1ccc(cc1)Cl)C,tg,150.0,121.9342142222125
*NC(=O)CCCCC(=O)NCCCCCCC*,tg,51.0,53.808743427442685
*C(C*)(C(=O)OCCOCCOCC[N+](CCCCS(=O)(=O)O)(CC)CC)C,tg,27.0,81.45794344676882
*NC(=O)CCCCCCCCC(=O)NCCCCCCCCCCC*,tg,40.0,50.92632814328457
*Oc1c2c(ccc1)c(ccc2)OC1(C(C(C1(F)F)(F)F)(*)F)F,tg,124.8,130.4220185096771
*c1ccc2c(nc([nH]2)c2ccc(cc2)c2nc3c([nH]2)ccc(c3)C(=O)Nc2cc(ccc2)NC(=O)*)c1,tg,294.0,315.569419122428
*N(CC(C*)O)c1ccc(cc1)N=Nc1ccc(cc1)Cl,tg,160.0,119.52026609042751
*Oc1c(cc(cc1)C(c1cc(c(cc1)OC(=O)*)C(C)C)(C)C)C(C)C,tg,80.0,135.266017335763
*C(C*)C(=O)OCCCCCCCCCCOC(=O)c1ccc(cc1)OC(=O)c1ccc(cc1)C#N,tg,15.0,21.99947368065065
*c1cc2c(C(=O)N(C2=O)c2cc(ccc2)C(c2cc(ccc2)N2C(=O)c3c(C2=O)cc(cc3)C(=O)*)O[Si](O[Si](O[Si](C)(C)C)(C)C)(C)C)cc1,tg,273.0,216.80132304948336
*Oc1ccc(cc1)C1(CC(CCC1)c1ccc(cc1)OCC(C*)O)CC,tg,140.0,94.66282062344796
*C(C*)C(=O)C,tg,83.33,86.10045227917288
*Oc1ccc(cc1)NC(=O)CCCC(=O)Nc1ccc(cc1)OCC(COc1ccc(cc1)C(c1ccc(cc1)OCC(C*)O)(C)C)O,tg,105.0,116.6787938678564
*C(C*)Cc1c(cccc1)C,tg,80.0,51.18053961953036
*Oc1ccc(cc1)C(c1ccc(cc1)OC(=S)*)(C)C,tg,140.5,119.32877072556037
*NC(=O)c1ccc(cc1)C(c1ccc(cc1)C(=O)NCCCC*)(CC)C,tg,177.5,166.50249155972568
*C(C*)c1ccccc1,tg,92.74,71.20803258869431
*c1c2c(c(nn1)c1ccc(cc1)Oc1ccc(cc1)C1(c3ccccc3c3ccccc13)c1ccc(cc1)Oc1ccc(cc1)*)c(c(c(c2c1ccccc1)c1cc2c(cc1)cccc2)c1cc2c(cc1)cccc2)c1ccccc1,tg,327.33,316.64384026788036
*c1nc2c(nc1c1ccccc1)cc(cc2)c1cc2c(nc(c(n2)c2ccccc2)c2ccc(cc2)*)cc1,tg,354.5,359.8280472451723
*N1C(=O)c2c(C1=O)cc(cc2)c1cc2c(C(=O)N(C2=O)CCCCCOC(=O)OCCCCC*)cc1,tg,84.0,73.63406149432203
*c1nc(nc(n1)Oc1cc(ccc1)C(=O)Nc1ccc(cc1)S(=O)(=O)c1ccc(cc1)NC(=O)c1cc(ccc1)O*)Sc1ccccc1,tg,304.0,272.62918304842896
*NC(=O)C(=O)NCCCCCC*,tg,250.0,86.6815393192134
*NC(=O)c1ccc(cc1)C(=O)NCC(CC(CC*)(C)C)C,tg,148.0,155.62971291232518
*Oc1ccc(cc1)C(c1ccc(cc1)C(c1ccc(cc1)Oc1ccc(cc1)C(=O)Nc1ccc(cc1)NC(=O)c1ccc(cc1)*)(C)C)(C)C,tg,163.0,185.31239865975266
*N1C(=O)c2c(C1=O)cc(cc2)Oc1cc2c(cc1)ccc(c2)Oc1cc2c(C(=O)N(C2=O)c2ccc(cc2)C(c2ccc(cc2)*)(C(F)(F)F)C(F)(F)F)cc1,tg,256.0,264.7410963587813
*OC(=O)CCCCCCCCCCC(=O)OCCOCC*,tg,-71.0,-61.631936224974886
*Oc1c(cc(cc1)C(C)(C)C)Oc1ccc(cc1)S(=O)(=O)c1ccc(cc1)*,tg,175.6,179.4040949666402
*c1cc2c(C(=O)N(C2=O)c2cc(ccc2)C#Cc2cc(ccc2)NC(=O)*)cc1,tg,323.5,303.6329056533736
*C(C(C*)C)(C)C,tg,37.0,37.77722558016166
*Oc1ccc(cc1)NC(=O)CCCCCC(=O)Nc1ccc(cc1)*,tg,180.0,177.2309365465769
*N1C(=O)c2c(C1=O)cc(cc2)Oc1cc2c(C(=O)N(C2=O)c2ccc(cc2)Oc2c(cc(c(c2)C(C)(C)C)Oc2ccc(cc2)*)C(C)(C)C)cc1,tg,242.0,233.51984531911367
*c1cc2c(C(=O)N(C2=O)c2cc(ccc2)P(=O)(c2cc(ccc2)N2C(=O)c3c(C2=O)cc(cc3)C(=O)*)c2ccc(cc2)Oc2ccc(cc2)C23CC4CC(CC(C2)C4)C3)cc1,tg,305.0,247.27946201178534
*Oc1ccc(cc1)CC(NC(=O)CCc1ccc(cc1)OC(=O)CCCCCCC(=O)*)C(=O)OCCOCCOCC,tg,6.0,7.960809242256141
*Oc1c2c(c(cc1)c1c3c(c(cc1)OCCCCCC*)cccc3)cccc2,tg,109.0,141.85681399225768
*c1cc2c(C(=O)N(C2=O)c2cc(ccc2)OCCOCCOc2cc(ccc2)N2C(=O)c3c(C2=O)cc(cc3)C(=O)*)cc1,tg,152.33,171.10113053059268
*Oc1cc(ccc1)NC(=O)c1ccc(cc1)C(=O)Nc1cc(ccc1)OCCOCC*,tg,140.0,155.84057803848248
*N1C(=O)c2c(C1=O)cc(cc2)S(=O)(=O)c1cc2c(C(=O)N(C2=O)c2cc(c(c(c2)Br)Oc2c(cc(cc2Br)*)Br)Br)cc1,tg,328.0,290.2632786649434
*NC(=O)CCCCCCCCC(=O)NCCCC1(c2ccccc2c2ccccc12)CCC*,tg,85.0,94.59238559602898
*N1C(=O)c2c(C1=O)cc(cc2)Oc1cc2c(C(=O)N(C2=O)CC2CC(CCC2)C*)cc1,tg,199.0,215.85881835197156
*C1C(=O)N(C(=O)C1CC*)CC,tg,109.2,124.7312134537861
*Oc1c(cc(cc1Cl)C(c1cc(c(c(c1)Cl)OC(=O)CCCCC(=O)*)Cl)(C)C)Cl,tg,100.0,101.51819751653343
*OC(=O)CCCCC(=O)OCCOCC*,tg,-54.67,-57.54652942789492
*Oc1ccc(cc1)CC(NC(=O)CCc1ccc(cc1)OC(=O)COCC(=O)*)C(=O)OC(CC)C,tg,68.0,69.96627420591727
*c1[nH]c(nc1c1ccc(cc1)NC1C(=O)N(C(=O)C1)c1ccc(cc1)Cc1ccc(cc1)N1C(=O)C(CC1=O)Nc1ccc(cc1)*)c1ccc(cc1)C=Cc1ccc(cc1)[N+](=O)[O-],tg,250.0,246.19423378056308
*S(=O)(=O)c1ccc(cc1)NC(=O)CCCCC(=O)Nc1ccc(cc1)*,tg,194.0,192.33893089260008
*c1cc2c(C(=O)N(C2=O)c2cc(cc(c2)c2sc3c(n2)cccc3)N2C(=O)c3c(C2=O)cc(cc3)C(=O)Nc2nc(ccc2)NC(=O)*)cc1,tg,358.0,341.5604317739023
*OC(=O)Nc1c(ccc(c1)NC(=O)OCCN(CC*)c1ccc(cc1)N=Nc1cc(c(cc1)N=Nc1c(cc(c(c1)OC)N=Nc1ccc(cc1)[N+](=O)[O-])OC)C)C,tg,148.0,163.22735393325655
*Oc1ccc(cc1)C(c1ccc(cc1)OCCOC(=O)Nc1ccc(cc1)Cc1ccc(cc1)NC(=O)OCC*)(C)C,tg,127.0,105.52362735552894
*N1C(=O)c2c(C1=O)cc(cc2)Oc1cc2c(C(=O)N(C2=O)c2c(ccc(c2)C(c2cc(c(cc2)OCCN(c2ccc(cc2)C=CC2=CC(=C(C(=O)OCCc3ccccc3)C#N)CC(C2)(C)C)c2ccccc2)*)(C(F)(F)F)C(F)(F)F)OCCN(c2ccc(cc2)C=CC2=CC(=C(C(=O)OCCc3ccccc3)C#N)CC(C2)(C)C)C)cc1,tg,177.0,186.80423475179833
*Oc1ccc(cc1)C(=O)Nc1ccc(cc1)C(c1ccc(cc1)NC(=O)c1ccc(cc1)OC(=O)c1ccc(cc1)C(=O)*)(C(F)(F)F)C(F)(F)F,tg,266.0,247.12760051913352
*Oc1ccc(cc1)OC(=O)c1ccc(cc1)OCC(COC(=O)CCCCCCCCC(=O)OCC(C*)O)O,tg,36.0,30.80341753318953
*C(C*)c1c(c(c(c(c1F)F)OC)F)F,tg,94.0,73.97209852951758
*Oc1ccc(cc1)CC(NC(=O)CCc1ccc(cc1)OC(=O)COCCOCC(=O)*)C(=O)OC(CC)C,tg,44.0,47.984992588056656
*c1cc2c(C(=O)N(C2=O)c2cc(c(cc2)Oc2ccc(cc2)C(=O)c2nc(ccc2)C(=O)c2ccc(cc2)Oc2c(cc(cc2)N2C(=O)c3c(C2=O)cc(cc3)C(*)(C(F)(F)F)C(F)(F)F)C(F)(F)F)C(F)(F)F)cc1,tg,206.4,250.7876601006491
*OP(=O)(N=Nc1ccc(cc1)Oc1ccc(cc1)N=NP(=O)(OCC*)OCC)OCC,tg,22.0,60.177882653973484
*N1C(=O)C2C3C4C(C(C2C1=O)C=C3)C(=O)N(C4=O)c1ccc(cc1)Sc1cc2c(C(=O)N(C2=O)CCc2ccccc2)cc1Sc1ccc(cc1)*,tg,258.0,301.83864057578813
*C(=C*)c1c(cccc1)[Si](C)(C)C,tg,190.0,108.36000630540369
*N1C(=O)c2c(C1=O)c(ccc2)Oc1ccc(cc1)c1ccc(cc1)Oc1c2c(C(=O)N(C2=O)c2cc(ccc2)*)ccc1,tg,275.0,254.2324776332037
*N1C(=O)c2c(C1=O)cc(cc2)OCCN(CCOc1cc2c(C(=O)N(C2=O)c2ccc(cc2)C(c2ccc(cc2)*)(C(F)(F)F)C(F)(F)F)cc1)c1ccc(cc1)C=Cc1ccc(cc1)[N+](=O)[O-],tg,180.7,201.85651898807586
*C(C*)CC(C)C,tg,45.5,-4.313751307813266
*C1C2CC(C(C1*)C2)CCCCCCCCC(=O)OCC,tg,134.0,95.1783281584819
*Oc1c(cc(cc1C)C(c1cc(c(c(c1)C)OCC(C*)O)C)(C)C)C,tg,130.0,116.0367343944032
*N=P(*)(Oc1ccc(cc1)CC)Oc1ccc(cc1)CC,tg,-18.0,20.94199994210117
*C1=C(C(=O)N(C1=O)CCCCCCCCCCCC)c1ccc(cc1)c1cc2C(c3c(c2cc1)ccc(c3)c1ccc(cc1)*)(CCCCCC)CCCCCC,tg,100.0,115.75899656028571
*C(C*)OC(=O)c1ccc(cc1)Br,tg,85.5,60.27467643339844
*C=C*,tg,-25.5,80.68601862715558
*Oc1c(cccc1)C(=O)OC(=O)c1c(cccc1)OC(=O)CCCCCC(=O)*,tg,40.0,52.942496851381875
*Oc1ccc(cc1)C(c1ccc(cc1)OC(=O)*)C(C)C,tg,149.0,134.7399800314159
*C(C*)(C(=O)OCc1ccccc1)C,tg,57.45,57.75823742863564
*Oc1ccc(cc1)OC(=O)c1ccc(cc1)C(=O)Oc1ccc(cc1)OCCCCCC*,tg,53.0,60.035535315262614
*Oc1cc(ccc1)Oc1ccc(cc1)C(=O)c1ccc(cc1)NC(=O)c1cc(ccc1)C(=O)Nc1ccc(cc1)C(=O)c1ccc(cc1)*,tg,214.0,182.4848890799081
*N1C(=O)C(=C(C1=O)Cl)Oc1ccc(cc1)C(c1ccc(cc1)OC1=C(C(=O)N(C1=O)c1ccc(cc1)Oc1ccc(cc1)*)Cl)(C)C,tg,175.0,188.5721733418615
*C1C(=O)N(C(=O)C1CC*)CCCCCCCCCCCC,tg,55.4,46.89701162558821
*Nc1ccc(cc1)C(c1ccc(cc1)NC(=O)c1cc(cc(c1)NC(=O)C12CC3CC(CC(C1)C3)C2)C(=O)*)(C(F)(F)F)C(F)(F)F,tg,365.0,241.05948134569198
*N1C(=O)c2c(C1=O)cc(cc2)Oc1cc2c(C(=O)N(C2=O)CCCCCCOC(=O)c2cc(cc(c2)OCCCCCCOc2ccc(cc2)N=Nc2ccc(cc2)C#N)C(=O)OCCCCCC*)cc1,tg,61.0,83.44423814129539
*c1cc2c(C(=O)N(C2=O)c2ccc(cc2)Oc2cc(ccc2)c2nc(cc(c2)c2ccccc2)c2cc(ccc2)Oc2ccc(cc2)N2C(=O)c3c(C2=O)cc(cc3)C(*)(C(F)(F)F)C(F)(F)F)cc1,tg,180.0,276.523674853693
*c1cc2c(C(=O)N(C2=O)c2c(cc(cc2)Cc2cc(c(cc2)N2C(=O)c3c(C2=O)cc(cc3)C(=O)*)C)C)cc1,tg,364.67,325.6990283831027
*C1C(=O)NC(=O)C1C(C*)c1ccccc1,tg,257.67,185.4339057712103
*C1C(=O)N(C(=O)C1CC*)C,tg,141.2,144.12213160534276
*C(C*)c1c(ccc(c1)c1ccc(cc1)C(=O)OC(CCCCCC)C)c1ccc(cc1)C(=O)OC(CCCCCC)C,tg,102.0,103.88852071201313
*Oc1ccc(cc1)C(=C(Cl)Cl)c1ccc(cc1)OC(=O)*,tg,167.67,175.94962129542935
*N1C(=O)c2c(C1=O)cc(cc2)S(=O)(=O)c1cc2c(C(=O)N(C2=O)c2ccc(cc2)N(c2ccc(cc2)*)c2ccccc2)cc1,tg,306.0,304.6948300263597
*N1C(=O)c2c(C1=O)cc(cc2)S(=O)(=O)c1cc2c(C(=O)N(C2=O)c2ccc(cc2)Oc2ccc(cc2)*)cc1,tg,283.5,277.3697440079024
*C1COC2C1OCC2OC(=O)OCCOCCOCCOCCOC(=O)O*,tg,9.5,6.827775246194683
*C(C*)(C(=O)OC1CCCCC1)C,tg,89.76,91.16383713407191
*Nc1ccc(cc1)C(c1ccc(cc1)C(c1ccc(cc1)Nc1ccc(cc1)C(=O)c1ccc(cc1)C(=O)c1ccc(cc1)*)(C)C)(C)C,tg,157.0,209.15847340893305
*Oc1ccc(cc1)NC(=O)c1cc(cc(c1)C(C)(C)C)C(=O)Nc1ccc(cc1)Oc1ccc(cc1)C(c1ccc(cc1)*)(C(F)(F)F)C(F)(F)F,tg,254.25,232.2981234380608
*N=P(*)(Oc1ccc(cc1)c1ccccc1)Oc1ccc(cc1)c1ccccc1,tg,69.67,91.17073969442175
*N1C(=O)c2c(C1=O)cc(cc2)C(=O)c1cc2c(C(=O)N(C2=O)CCCCCCOC(=O)OCCCOC(=O)OCCCCCC*)cc1,tg,61.0,40.49743268720162
*OC(=O)C(C(=O)OCCOCC*)CCC,tg,-38.0,-41.39629664346566
*C(C*)C(=O)NCP(=O)(O)O,tg,26.0,70.5326435337012
*C1C(=O)N(C(=O)C1*)CCCCCCCOc1ccc(cc1)c1ccc(cc1)C#N,tg,61.0,69.2788124152928
*OC(COC(=O)c1cc2c(cc1)cc(cc2)C(=O)*)COc1ccc(cc1)N=Nc1ccc(cc1)C#N,tg,138.0,131.06703116022746
*Oc1c(cc(cc1C)C(c1cc(c(c(c1)C)OC(=O)CCCCCC(=O)*)C)(C)C)C,tg,84.0,72.23388254518402
*C1C2C(C(=O)N(C2=O)c2ccc(cc2)C)C(C1)C=C*,tg,222.0,235.02749277342545
*c1cc2c(C(=O)N(C2=O)c2c3c(ccc2)c(ccc3)Oc2ccc(cc2)N2C(=O)c3c(C2=O)cc(cc3)C(=O)Nc2ccc(cc2)Oc2ccc(cc2)NC(=O)*)cc1,tg,278.0,275.01499058989344
*c1cc2c(C(=O)N(C2=O)c2ccc(cc2)C(=O)Nc2ccc(cc2)C(=O)OCCCCCCCOC(=O)*)cc1,tg,106.0,100.23987279583538
*c1cc2c(C(=O)N(C2=O)c2c(cc(cc2)C(=O)Nc2ccc(cc2)C(c2ccc(cc2)NC(=O)c2cc(c(cc2)N2C(=O)c3c(C2=O)cc(cc3)C(*)(C(F)(F)F)C(F)(F)F)C)(C(F)(F)F)C(F)(F)F)C)cc1,tg,344.0,315.52907720352164
*C1C(=O)N(C(=O)C1C(C*)c1ccccc1)CCCCNC(=O)C(C(C(C(C(C(C(F)(F)F)(F)F)(F)F)(F)F)(F)F)(F)F)(F)F,tg,113.0,78.69756951633272
*C(C*)(C(=O)OCC(C)C)C#N,tg,51.0,91.6684433182718
*N1C(=O)c2c(C1=O)cc(cc2)C(=O)c1cc2c(C(=O)N(C2=O)CCCC(=O)Nc2cc(ccc2)Oc2ccc(cc2)NC(=O)CCC*)cc1,tg,188.0,207.30379692969282
*c1sc(cc1c1ccc(cc1)C(=C1C=C(C(=O)C(=C1)C(C)(C)C)C(C)(C)C)c1cc(c(c(c1)C(C)(C)C)O)C(C)(C)C)*,tg,-12.6,187.56421903891484
*C1OC(OC1COC(=O)OC*)OCC,tg,51.38,75.06318851465133
*Oc1ccc(cc1)N=Cc1ccc(cc1)Oc1ccc(cc1)C(c1ccc(cc1)Oc1ccc(cc1)C=Nc1ccc(cc1)Oc1ccc(cc1)c1ccc(cc1)*)(C(F)(F)F)C(F)(F)F,tg,128.0,202.98975605141896
*OCCOCCOCCCNC(=O)C(NC(=O)C(NC(=O)CCCCCCCCC(=O)NC(C(=O)NC(C(=O)NCCC*)C(C)C)Cc1ccccc1)Cc1ccccc1)C(C)C,tg,66.0,50.63159542547003
*c1ncc(cc1)C(=O)Nc1cc(ccc1)Oc1ccc(cc1)C(=O)c1ccc(cc1)Oc1cc(ccc1)NC(=O)*,tg,154.0,146.9816930854948
*c1sc(cc1CCCCCCCCCCCC)c1ccc(cc1)c1sc(c(c1)CCCCCCCCCCCC)c1ccc(cc1)*,tg,-19.2,41.813750267083144
*c1nc2c(c(c1)c1ccccc1)cc(cc2)Oc1cc2c(nc(cc2c2ccccc2)c2ccc(cc2)C(c2ccc(cc2)*)(C(F)(F)F)C(F)(F)F)cc1,tg,260.0,313.8462015973975
*C(C*)(C(=O)OCc1cc(c(cc1)OCCOCCOCCOCC)OCCOCCOCCOCC)C,tg,-92.0,17.604873691494614
*C(C*)(C(=O)OCCOCC[N+](CCCCS(=O)(=O)O)(CC)CC)C,tg,95.0,105.18281860995741
*C1(c2c(C(=O)O1)cccc2)c1ccc(cc1)Oc1ccc(cc1)P(=O)(c1ccc(cc1)Oc1ccc(cc1)*)C,tg,263.0,229.17303019064778
*Oc1ccc(cc1)NC(=O)c1ccc(cc1)Oc1ccc(cc1)C(=O)Nc1ccc(cc1)*,tg,274.0,242.0035849447105
*O[Si](O[Si](O[Si](O[Si](CC[Si](O[Si](O[Si](O[Si](CC[Si](*)(c1ccccc1)c1ccccc1)(C)C)(C)C)(C)C)(C)C)(c1ccccc1)c1ccccc1)(c1ccccc1)c1ccccc1)(c1ccccc1)c1ccccc1)(c1ccccc1)c1ccccc1,tg,-4.5,-9.620024499274312
*NC(=O)CCCCCCCCCCCCCCCCCCC(=O)NCCCCCCCCC*,tg,42.0,43.38507770071834
*N1C(=O)c2c(C1=O)cc(cc2)Oc1ccc(cc1)C(c1ccc(cc1)Oc1cc2c(C(=O)N(C2=O)c2cc(ccc2)*)cc1)(C)C,tg,221.3,219.97472999922314
*C(C*)c1ccc(cc1)S(=O)(=O)OCCC,tg,217.0,47.13391355499889
*C(C*)(C(=O)OCCCCCCC(C(C(C(F)(F)F)(F)F)(F)F)(F)F)C,tg,23.0,31.207124765293784
*C1OC(CO1)CCCCOC(=O)CCCCCCC*,tg,-44.0,12.45407978396356
*C1C(=O)N(C(=O)C1C(C*)c1ccccc1)CCCCCCCCCCCC,tg,70.0,77.71568977988713
*Nc1ccc(cc1)Cc1ccc(cc1)NC(=O)NCCCCCCCCCCCCNC(=O)*,tg,51.0,20.647736122666444
*N1C(=O)c2c(C1=O)cc(cc2)Oc1ccc(cc1)C(=O)c1ccc(cc1)Oc1cc2c(C(=O)N(C2=O)c2cc(ccc2)*)cc1,tg,239.0,230.94680313007936
*c1nc2c(c(c1)c1ccc(cc1)Oc1ccc(cc1)c1ccccc1)cc(cc2)c1cc2c(nc(cc2c2ccc(cc2)Oc2ccc(cc2)c2ccccc2)c2ccc(cc2)c2ccc(cc2)*)cc1,tg,318.0,312.2931551409694
*N1CCN(CC1)CC(COc1ccc(cc1)C(c1ccc(cc1)OCC(C*)O)(C)C)O,tg,100.0,81.80487245356946
*c1c(nc2c(c1c1ccccc1)cc(cc2)c1cc2c(nc(c(c2c2ccccc2)c2ccc(cc2)c2ccc(cc2)*)c2ccccc2)cc1)c1ccccc1,tg,372.0,321.63566992406226
*Oc1ccc(cc1)S(=O)(=O)c1ccc(cc1)Oc1ccc(cc1)C=Nc1ccc(cc1)Oc1ccc(cc1)N=Cc1ccc(cc1)*,tg,162.0,187.32802179661388
*c1cc2c(C(=O)N(C2=O)c2cc(ccc2)Oc2ccc(cc2)N2C(=O)c3c(C2=O)cc(cc3)c2c(c(c(c(c2c2ccccc2)c2ccccc2)c2ccc(cc2)Oc2ccc(cc2)c2c(c(c(c(c2c2ccccc2)c2ccccc2)*)c2ccccc2)c2ccccc2)c2ccccc2)c2ccccc2)cc1,tg,309.0,292.29442488664813
*N(C(=O)CCCCCCCCCCC*)C,tg,-30.5,0.06787082701467663
*OC(COC(=O)*)COCCCC,tg,-24.0,-39.13057560876982
*c1c2C(=O)N(C(=O)c2c(c2ccccc12)c1ccc(cc1)Oc1ccc(cc1)S(=O)(=O)c1ccc(cc1)Oc1ccc(cc1)*)c1ccc(cc1)F,tg,300.0,281.81544393305234
*OC(=O)CCSCCC(=O)OCCOCCOCC*,tg,-44.0,-42.206993256723784
*OCCCC*,tg,-75.43,-79.30680413547049
*c1cc2c(C(=O)N(C2=O)c2ccc(cc2)C(=O)OCCCCCOC(=O)*)cc1,tg,90.0,99.29207133995997
*Nc1ccc(cc1)NC(=O)c1cc(cc(c1)NC(=O)c1ccccc1)C(=O)*,tg,321.0,297.08110097095096
*N1C(=O)c2c(C1=O)c(ccc2)Oc1ccc(cc1)S(=O)(=O)c1ccc(cc1)Oc1c2c(C(=O)N(C2=O)c2ccc(cc2)Oc2cc(ccc2)Oc2ccc(cc2)*)ccc1,tg,230.0,204.28764300993663
*Oc1ccc(cc1)C(c1ccc(cc1)OC(=O)c1cc2c(C(CC2(c2ccc(cc2)C(=O)*)C)(C)C)cc1)(C)C,tg,265.0,223.88585362738908
*N1C(=O)c2c(C1=O)cc(cc2)Oc1ccc(cc1)Oc1cc2c(C(=O)N(C2=O)c2c(cc(cc2)Cc2cc(c(cc2)*)OC)OC)cc1,tg,269.0,248.20190123754654
*Nc1cc(ccc1)NC(=O)c1ccc(cc1)C(=O)Nc1cc(ccc1)NC(=S)NC(=O)c1cc(ccc1)C(=O)NC(=S)*,tg,254.0,240.26989689662813
*C(=C(*)C)SCCCCCCCCCC,tg,60.0,49.03554797947414
*OC(=O)C(NC(=O)C=CC(=O)NC(C(=O)OCCCC*)Cc1ccccc1)Cc1ccccc1,tg,103.0,69.20360299753797
*c1cc2c(C(=O)N(C2=O)c2ccc(cc2)Oc2c(cc(cc2C)Cc2cc(c(c(c2)C)Oc2ccc(cc2)N2C(=O)c3c(C2=O)cc(cc3)C(*)(C(F)(F)F)C(F)(F)F)C)C)cc1,tg,286.33,254.06737364470987
*OC(=O)CCCCCCCCCCCCC(=O)OCC(C*)CCCCCCOc1ccc(cc1)N=Nc1ccc(cc1)C#N,tg,21.5,39.3082576775984
*C(C*)C(=O)Oc1ccc(cc1)N=Nc1ccc(cc1)OC,tg,133.6,101.56789021758986
*NC(=O)CCCCCCCCCCCCCCCCC(=O)NCCc1ccc(cc1)CC*,tg,75.0,87.2942578510532
*O[Si](O[Si](O[Si](O[Si](c1ccc(cc1)Oc1ccc(cc1)[Si](*)(C)C)(C)C)(C)C)(C)C)(C)C,tg,-52.0,-65.00784948377796
*Oc1ccc(cc1)NC(=O)c1ccc(cc1)NC(=O)c1ccc(cc1)[Si](c1ccc(cc1)C(=O)Nc1ccc(cc1)C(=O)Nc1ccc(cc1)*)(C)C,tg,304.0,235.07833297150466
*c1c2ccc(=O)cc2oc2cc(ccc12)OC(=O)c1c(cccc1)*,tg,250.0,252.31010668098168
*Oc1ccc(cc1)C(c1ccc(cc1)OCCCCCCCC*)(C(F)(F)F)C(F)(F)F,tg,27.8,31.26406373411307
*Nc1c(cc(cc1)c1cc(c(cc1)NC(=O)c1cc(ccc1)C(=O)*)O)O,tg,386.0,258.1281226604911
*Oc1c(cc(c(c1)OC(=O)c1ccc(cc1)OCC(CC)C)OC(=O)CCCC(=O)*)OC(=O)c1ccc(cc1)OCC(CC)C,tg,60.0,65.57120739337319
*N=C(NCCCCCCCCCC*)c1ccccc1,tg,10.0,19.25771151225009
*C(C*)C(=O)OC(C(Cl)(Cl)Cl)Cl,tg,70.5,16.448840478284154
*c1sc(nn1)c1ccc(cc1)C(=O)OCCCCCCCCCCOC(=O)c1ccc(cc1)*,tg,79.0,60.708886023755255
*c1cc2c(C(=O)N(C2=O)c2ccc(cc2)Oc2cc3c(cc2)ccc(c3)Oc2ccc(cc2)N2C(=O)c3c(C2=O)cc(cc3)C(*)(C(F)(F)F)C(F)(F)F)cc1,tg,302.3,262.0656291167223
*Oc1ccc(cc1)Sc1ccc(cc1)OC(=O)*,tg,110.0,105.7029206481361
*OC(C*)COCC,tg,-61.0,-66.06329798232228
*Oc1ccc(cc1)S(=O)(=O)c1c2c(ccc1)c(ccc2)S(=O)(=O)c1ccc(cc1)Oc1ccc(cc1)c1ccc(cc1)*,tg,248.0,234.50120572767244
*OCOCC*,tg,-64.5,-66.28469232667268
*C(C*)C(=O)OCCCOc1ccc(cc1)c1ccc(cc1)C#N,tg,51.55,30.212812304143046
*C(C*)OC,tg,-24.96,17.61201214810074
*C1OCOC(C1(F)F)C(*)(F)F,tg,125.0,138.98641743784628
*C(C*)C(=O)c1cc(c(cc1)Br)OC,tg,44.0,99.48499632159434
*[Si](C*)(CCC)CCC,tg,-41.0,-46.32219698911492
*Oc1ccc(cc1)Nc1ccc(cc1)S(=O)(=O)c1ccc(cc1)Nc1ccc(cc1)Oc1ccc(cc1)C(c1ccc(cc1)*)(C)C,tg,145.0,207.39367534531277
*N1C(=O)c2c(C1=O)cc(cc2)Oc1cc2c(C(=O)N(C2=O)c2c(cc(cc2C)C(c2cc(c(c(c2)C)*)C)c2cc(cc(c2)C(F)(F)F)C(F)(F)F)C)cc1,tg,281.9,281.4024995614105
*Oc1c(cc(cc1)OC(=O)c1ccc(cc1)C(=O)*)c1cc(ccc1)C(F)(F)F,tg,158.13,171.75142312670442
*c1cc2c(C(=O)N(C2=O)c2ccc(cc2)C(=O)c2ccc(cc2)C(=O)c2ccc(cc2)N2C(=O)c3c(C2=O)cc(cc3)C(=O)*)cc1,tg,286.0,277.44835464081956
*[N+](CCCCCCCCCC*)(C)C,tg,66.69,-42.98704133407283
*Oc1ccc(cc1)C1(c2ccccc2c2ccccc12)c1ccc(cc1)OC(=O)c1cc(ccc1)C(=O)*,tg,269.5,283.96490655174915
*OC(=O)c1ccc(cc1)C(=O)OCC(C(C*)CCC)CCC,tg,19.67,8.286375838055573
*Oc1c2c(c(cc1)c1c3c(c(cc1)OCCC*)cccc3)cccc2,tg,173.5,141.19070279024118
*Oc1cc(ccc1)OC(=O)c1cc(cc(c1)OCCCCC)C(=O)*,tg,96.0,64.79062826000863
*C(C*)(C(=O)OCC(F)(F)F)F,tg,117.75,71.57524233287715
*c1ccc(cc1)c1c(cc(c(c1c1ccccc1)c1ccccc1)c1ccc(cc1)c1c(c(c(c(c1)c1ccccc1)c1ccc(cc1)CCCCCCCCCCCCCC*)c1ccccc1)c1ccccc1)c1ccccc1,tg,185.0,170.08229480820393
*Oc1cc(c(cc1)CCc1ccc(cc1)OCCCCCCCC*)C,tg,-12.1,-3.340259805418812
*C(C*)c1ccc(cc1)B(Oc1c2ncccc2c(cc1)B1OC(C(O1)(C)C)(C)C)c1ccc(cc1)C(C)(C)C,tg,275.0,205.96429817593972
*Oc1cc(ccc1)NC(=O)c1ccc(cc1)Oc1ccc(cc1)C(c1cc(ccc1)C(c1ccc(cc1)Oc1ccc(cc1)C(=O)Nc1ccc(cc1)*)(C)C)(C)C,tg,147.0,181.18061292149642
*c1nc(nc(n1)N(CCCCCCN(*)c1ccccc1)c1ccccc1)c1ccccc1,tg,74.0,115.89374672669975
*C1C(=O)N(C(=O)C1*)CCCCCCCCOc1ccc(cc1)c1ccc(cc1)C#N,tg,43.0,90.904701885215
*OC(C*)COC,tg,-62.0,-55.39582615913376
*O[Si](CCCC(=O)Oc1ccc(cc1)C=Nc1ccc(cc1)Oc1ccc(cc1)N=Cc1ccc(cc1)OC(=O)CCC[Si](*)(C)C)(C)C,tg,52.0,70.79057878652011
*N1C(=O)c2c(C1=O)cc(cc2)Oc1cc2c(C(=O)N(C2=O)c2cc(cc(c2)C(F)(F)F)Oc2c(cc(cc2C)c2cc(c(c(c2)C)Oc2cc(cc(c2)C(F)(F)F)*)C)C)cc1,tg,252.2,256.35455897763603
*OC(=O)OCC(C*)OCCOc1ccc(cc1)C=Cc1ccc(cc1)[N+](=O)[O-],tg,53.0,56.69626052880941
*c1oc(nn1)c1c2c(c(cc1)Oc1c3c(c(cc1)C=Cc1ccc(cc1)Oc1c4c(c(cc1)*)cccc4)cccc3)cccc2,tg,241.0,264.72230096494064
*N1C(=O)c2c(C1=O)cc(cc2)Oc1cc2c(C(=O)N(C2=O)c2cc(ccc2)OCCOc2ccc(cc2)*)cc1,tg,178.5,201.30393909053194
*Oc1ccc(cc1)NC(=O)c1cc(cc(c1)C(C)(C)C)C(=O)Nc1ccc(cc1)OCCCCCC*,tg,166.0,129.39335255325824
*N1C(=O)C(=C(C1=O)c1ccccc1)c1ccc(cc1)C1=C(C(=O)N(C1=O)c1ccc(cc1)C1(c2ccccc2c2ccccc12)c1ccc(cc1)*)c1ccccc1,tg,325.67,346.7470219674036
*Oc1ccc(cc1)C(c1ccc(cc1)Oc1ccc(cc1)C(=O)c1ccc(cc1)Oc1ccc(cc1)C(=O)c1ccc(cc1)*)(C)C,tg,162.0,155.4503775495542
*N(CC*)C(=O)CC12CC3CC(CC(C1)C3)C2,tg,139.0,154.13281284347858
*Oc1ccc(cc1)Oc1ccc(cc1)Oc1ccc(cc1)c1ccc(cc1)Oc1ccc(cc1)Oc1ccc(cc1)Oc1c(cc(cc1)C(=O)c1cc(c(cc1)*)S(=O)(=O)O[Na])S(=O)(=O)O[Na],tg,348.0,288.4276521025682
*Oc1c(cc(c(c1)OC(=O)c1ccc(cc1)OCCCC)OC(=O)C(CCC(=O)*)(C)C)OC(=O)c1ccc(cc1)OCCCC,tg,61.0,60.192792317698505
*N1C(=O)c2c(C1=O)cc(cc2)Oc1cc2c(C(=O)N(C2=O)c2cc(c(cc2)Oc2c(cc(cc2)*)Br)Br)cc1,tg,251.0,246.4836726366643
*S(=O)c1ccc(cc1)Sc1cc(ccc1)Sc1ccc(cc1)*,tg,121.0,141.3464052796968
*Nc1c2c(ccc1)c(ccc2)NC(=O)c1cc(cc(c1)NC(=O)C(CCSC)N1C(=O)c2c(C1=O)cccc2)C(=O)*,tg,198.0,209.1198137810808
*C(C*)(C(=O)OC1C(CCCC1)C(C)(C)C)C,tg,156.13,122.2102708947434
*Oc1cc(ccc1)Oc1cc(c(cc1)C(=O)O)C(=O)Nc1ccc(cc1)Oc1ccc(cc1)c1ccc(cc1)Oc1ccc(cc1)NC(=O)c1c(ccc(c1)*)C(=O)O,tg,100.0,225.97240788327505
*Oc1cc(c(c(c1)Cl)C(c1c(cc(cc1Cl)OC(=O)*)Cl)(C)C)Cl,tg,240.0,137.29011411130637
*N1C(=O)c2c(C1=O)c(ccc2)Oc1ccc(cc1)C(=O)Nc1ccc(cc1)Oc1ccc(cc1)*,tg,253.0,272.96252088127346
*c1nc(ccc1)Oc1ccc(cc1)O*,tg,100.0,115.88700157253453
*C1C(=O)N(C(=O)C1C(C*)(C)C)c1c(cccc1CC)CC,tg,210.0,211.99815927838765
*C1C2C(C(=O)N(C2=O)CCCCCCCCCC)C(C1)C=C*,tg,46.0,66.59195409566817
*N1C(=O)c2c(C1=O)cc(cc2)Oc1ccc(cc1)Oc1cc2c(C(=O)N(C2=O)c2ccc(cc2)C(=O)c2ccc(cc2)*)cc1,tg,268.0,258.11473841215684
*OC1CCC(CC1)OC(=O)*,tg,138.0,93.75223838415366
*Oc1ccc(cc1)S(=O)(=O)c1ccc(cc1)OCC(C*)OC(=O)C,tg,130.0,82.50920877295019
*c1cc2c(C(=O)N(C2=O)c2c(cc(cc2)Cc2cc(c(cc2)N2C(=O)c3c(C2=O)cc(cc3)C(*)(C(F)(F)F)C(F)(F)F)C(C)(C)C)C(C)(C)C)cc1,tg,274.0,283.3067394845654
*O[Si](*)(CCCCCCCCOc1ccc(cc1)C(=O)Oc1c(cc(cc1)C#N)C)C,tg,1.0,13.98898565879736
*Oc1ccc(cc1)NC(=O)c1cc(cc(c1)S(=O)(=O)c1ccccc1)C(=O)Nc1ccc(cc1)*,tg,279.0,290.88786381180677
*c1nnc(nc1)c1nc(ccc1)c1nc(cnn1)c1ccc(cc1)Oc1ccc(cc1)*,tg,223.0,242.39630645902616
*c1nc2cc3c(cc2nc1c1ccccc1)nc(c(n3)c1cc(ccc1)*)c1ccccc1,tg,365.0,353.5056628754424
*c1cc2c(C(=O)N(C2=O)c2c(ccc(c2)N2C(=O)c3c(C2=O)cc(cc3)C(=O)OCCN(CCOC(=O)*)c2ccc(cc2)N=Nc2ccc(cc2)C(=C(C#N)C#N)C#N)N=Nc2ccc(cc2)C(=C(C#N)C#N)C#N)cc1,tg,121.0,191.94607352311635
*C(C*)c1ccc(cc1)C(=O)CCCCCCC,tg,50.0,51.92291130380022
*OP(=O)(N=Nc1ccc(cc1)c1ccc(cc1)N=NP(=O)(OCC1CCC(CC1)C*)OC)OC,tg,58.0,51.870413778468354
*O[Si](C#Cc1ccc(cc1)C#C[Si](*)(C)C)(C)C,tg,126.0,90.40509151162169
*C(C*)(CCC)C,tg,27.0,60.970638108768505
*C(C*)(C(=O)OCCCCCCOc1ccc(cc1)OC(=O)c1cc(c(cc1)OC)Br)C,tg,51.0,45.79165079596051
*c1c2c(C(=O)N(C2=O)N2C(=O)c3c(C2=O)c(ccc3)Sc2ccc(cc2)Sc2ccc(cc2)S*)ccc1,tg,266.0,251.76388976205916
*Oc1c(cc(cc1OC)c1cc(c(c(c1)OC)OC(=O)CCCCCCCCC(=O)*)OC)OC,tg,94.0,77.081618148618
*NC(=O)NCc1ccc(cc1)CNC(=O)NCCCCCC*,tg,72.0,80.98285108387074
*N1C(=O)c2c(C1=O)cc(cc2)S(=O)(=O)c1cc2c(C(=O)N(C2=O)c2cc(c(cc2)c2c(cc(cc2)*)C(F)(F)F)C(F)(F)F)cc1,tg,320.0,326.7696177507795
*Oc1ccc(cc1)CC(NC(=O)CCc1ccc(cc1)OC(=O)CCCCCCCCC(=O)*)C(=O)OCCCCCCCCCCCC,tg,12.5,26.615691064068436
*OC(=O)c1ccc(cc1)C(=O)OCCCCOC(=O)CCCCC(=O)OCCCC*,tg,-20.0,-1.0130185613176745
*Oc1cc2c(cc1)cc(cc2)C(=O)NCC*,tg,182.0,127.61235681910263
*NC(=O)CCC*,tg,62.18,51.466451677747756
*C(C*)(C(=O)OCCCCCCCCCCOc1cc2c(cc1)cc(cc2)C(=O)Oc1ccccc1)C,tg,24.0,21.336127387906327
*C(=CCCC*)c1ccc(cc1)Cl,tg,16.0,45.55015069102445
*NC(=O)c1c(cc(cc1)C(=O)NCCCCCCCCCCCC*)Oc1ccccc1,tg,75.0,94.10184180440909
*c1cc2c(C(=O)N(C2=O)c2cc(c(cc2)Oc2c(cc(cc2)N2C(=O)c3c(C2=O)cc(cc3)C(=O)Nc2ccc(cc2)Oc2ccc(cc2)NC(=O)*)c2ccccc2)c2ccccc2)cc1,tg,345.0,298.4585531498943
*Oc1ccc(cc1)CC(NC(=O)CCc1ccc(cc1)OC(=O)CCCC(=O)*)C(=O)OCCCCCCCC,tg,32.5,31.56044713255555
*N1C(=S)N(C(=O)CC1=O)c1ccc(cc1)Oc1ccc(cc1)C1(c2ccccc2c2ccccc12)c1ccc(cc1)Oc1ccc(cc1)*,tg,175.0,258.0473768461846
*c1c(nc2c(n1)cc(cc2)c1cc2c(nc(c(n2)c2cc(ccc2)*)c2ccccc2)cc1)c1ccccc1,tg,320.0,345.810466351073
*NC(=O)C(C(C(=O)NCCCC*)OC)OC,tg,100.0,139.72320807095747
*N1C(=O)c2c(C1=O)cc(cc2)C(c1cc2c(C(=O)N(C2=O)CC(=O)Nc2ccc(cc2)Oc2ccc(cc2)c2ccc(cc2)Oc2ccc(cc2)NC(=O)C*)cc1)(C(F)(F)F)C(F)(F)F,tg,245.0,239.92551955837396
*Oc1c(cc(cc1)OC(=O)c1c(cc(cc1)C(=O)*)Sc1ccccc1)c1ccccc1,tg,130.0,157.58525741764302
*Oc1ccc(cc1)NC(=O)c1ccc(cc1)Oc1ccc(cc1)C(c1ccc(cc1)C(c1ccc(cc1)Oc1ccc(cc1)C(=O)Nc1ccc(cc1)*)(C)C)(C)C,tg,174.0,164.86280888307158
*OC(=O)C(=O)OCCCCCC*,tg,66.5,10.515873266763476
*Oc1ccc(cc1)Oc1ccc(cc1)NC(=O)c1ccc(cc1)Oc1c(cc(cc1)Oc1ccc(cc1)C(=O)Nc1ccc(cc1)*)C,tg,200.0,182.22071047641126
*S(=O)(=O)C(C=CC*)C,tg,71.0,34.18480662028367
*Oc1ccc(cc1)C1(c2ccccc2c2ccccc12)c1ccc(cc1)OC(=O)CCCCCCCCC(=O)*,tg,151.0,147.23149002923378
*c1cc2c(C(=O)N(C2=O)c2ccc(cc2)Oc2ccc(cc2)C(=O)c2nc(ccc2)C(=O)c2ccc(cc2)Oc2ccc(cc2)N2C(=O)c3c(C2=O)cc(cc3)C(=O)*)cc1,tg,314.5,219.737528464244
*Oc1ccc(cc1)C1(c2ccccc2c2ccccc12)c1ccc(cc1)Oc1ccc(cc1)C(=O)c1c(c(c(c(c1c1ccccc1)c1cc2c(cc1)cccc2)c1cc2c(cc1)cccc2)c1ccccc1)C(=O)c1ccc(cc1)*,tg,310.0,323.96781114292065
*Oc1ccc(cc1)S(=O)(=O)c1cc2c(cc1)ccc(c2)S(=O)(=O)c1ccc(cc1)*,tg,250.0,247.3069363647278
*Oc1c2c(ccc1)ccc(c2)Oc1ccc(cc1)NC(=O)c1ccc(cc1)Oc1c(cccc1)Oc1ccc(cc1)C(=O)Nc1ccc(cc1)*,tg,180.0,174.75948234490022
*Oc1ccc(cc1)NC(=O)c1cc(cc(c1)NC(=O)CCN1C(=O)c2c(C1=O)cccc2)C(=O)Nc1ccc(cc1)*,tg,240.0,221.54567750938395
*Oc1ccc(cc1)C(c1ccc(cc1)OC(=O)c1ccc(cc1)C(c1ccc(cc1)C(=O)*)(C)C)(C)C,tg,227.5,177.94910529342656
*OC(=O)/C=C/C(=O)OCCCC*,tg,93.0,14.397217428404133
*Oc1ccc(cc1)NC(=O)c1ccc(cc1)P(=O)(c1ccc(cc1)C(=O)Nc1ccc(cc1)*)c1ccccc1,tg,254.0,252.10616205002873
*N(CCC*)C(=O)C,tg,30.0,64.21800904391652
*C(C*)c1ccc(cc1)COCCCCCC,tg,-20.0,41.378892248059955
*C(C*)(CC(=O)Oc1ccccc1)C(=O)Oc1ccccc1,tg,132.0,88.97605846420934
*N1C(=O)c2c(C1=O)cc(cc2)Oc1cc2c(C(=O)N(C2=O)c2ccc(cc2)Oc2ccc(cc2)C(c2ccc(cc2)Oc2ccc(cc2)*)(C(F)(F)F)C(F)(F)F)cc1,tg,246.0,237.00780543828864
*c1cc2c(C(=O)N(C2=O)c2c(cc(c(c2C)N2C(=O)c3c(C2=O)cc(cc3)C(*)(C(F)(F)F)C(F)(F)F)C)C)cc1,tg,366.25,381.99337991179675
*c1cc2c(C(=O)N(C2=O)c2ccc(cc2)Oc2c3c(ccc2)c(ccc3)Oc2ccc(cc2)N2C(=O)c3c(C2=O)cc(cc3)C(=O)Nc2ccc(cc2)c2sc(c(c2c2ccccc2)c2ccccc2)c2ccc(cc2)NC(=O)*)cc1,tg,340.0,309.36006179291866
*c1cc2c(C(=O)N(C2=O)c2ccc(cc2)C(c2ccc(cc2)C(c2ccc(cc2)N2C(=O)c3c(C2=O)cc(cc3)C(=O)*)(C)C)(C)C)cc1,tg,323.4,292.3278129687548
*N1C(=O)c2c(C1=O)cc(cc2)Oc1cc2c(cc1)cc(cc2)Oc1cc2c(C(=O)N(C2=O)c2ccc(cc2)Oc2ccc(cc2)c2ccc(cc2)Oc2ccc(cc2)*)cc1,tg,230.0,228.8275676872389
*Oc1ccc(cc1)Oc1ccc(cc1)OCCCCCCOC(=O)OCCCCCOC(=O)OCCCCCC*,tg,-11.0,-8.40730054368446
*N1C(=O)c2c(C1=O)cc(cc2)C(=O)Oc1ccc(cc1)OC(=O)c1cc2c(C(=O)N(C2=O)CCCOCCCCOCCC*)cc1,tg,56.0,88.37855969517882
*c1cc2c(C(=O)N(C2=O)c2ccc(cc2)Oc2ccc(cc2)C2(c3c(C(=O)N2)cccc3)c2ccc(cc2)Oc2ccc(cc2)N2C(=O)c3c(C2=O)cc(cc3)C(=O)Nc2ccc(cc2)Oc2ccc(cc2)Oc2ccc(cc2)NC(=O)*)cc1,tg,300.0,280.94143203197683
*N=P(*)(Oc1cc(ccc1)C(F)(F)F)Oc1cc(ccc1)C(F)(F)F,tg,-35.0,39.85025562578223
*N1C(=O)c2c(C1=O)cc(cc2)c1cc2c(C(=O)N(C2=O)c2ccc(cc2)Cc2ccc(cc2)*)cc1,tg,298.0,310.77082948079146
*C(C*)C(=O)OC,tg,10.78,29.216397083781292
*N(CC*)C(=O)CCCC,tg,13.0,26.282906848570626
*c1oc(nn1)c1c(cc(cc1)c1oc(nn1)CN1C(=O)c2c(C1=O)cc(cc2)C(c1cc2c(C(=O)N(C2=O)C*)cc1)(C(F)(F)F)C(F)(F)F)Oc1ccccc1,tg,208.0,258.67445960814484
*Oc1ccc(cc1)S(=O)(=O)c1ccc(cc1)Oc1ccc(cc1)C(=O)c1ccc(cc1)*,tg,201.67,178.26327707605137
*c1cc2C(c3c(c2cc1)ccc(c3)c1ccc(cc1)c1c(c(cc(c1)c1ccc(cc1)OCC(CCCC)CC)c1ccc(cc1)*)c1ccc(cc1)OCC(CCCC)CC)(CCCCCC)CCCCCC,tg,110.0,117.96934387245325
*C(C*)(C(=O)OCCO)C,tg,83.78,59.0190181853773
*C(C*)(c1ccc(cc1)C)C,tg,175.4,97.63623276023624
*c1ccc2n(c3c(c2c1)cc(cc3)C=Cc1ccc(cc1)c1n(c(nn1)c1ccc(cc1)C=C*)c1ccccc1)CCCCCCCC,tg,147.0,170.39439130844772
*C(C*)(C(=O)OCCCCCCOc1ccc(cc1)C(=O)Oc1ccc(cc1)C#N)C,tg,43.0,39.974102694369016
*N1C(=O)c2c(C1=O)cc(cc2)Oc1ccc(cc1)Sc1ccc(cc1)Oc1cc2c(C(=O)N(C2=O)c2ccc(cc2)*)cc1,tg,230.67,240.20272266193945
*SCCC(=O)NCCCCCCNC(=O)CC*,tg,20.5,34.62628461618741
*Oc1c(cc(cc1)Oc1ccc(cc1)C(=O)c1ccc(cc1)C(=O)c1ccc(cc1)*)c1ccccc1,tg,166.0,162.2080146658333
*Oc1cc(ccc1)Oc1cc(ccc1)OC(=O)*,tg,71.0,94.79710713695897
*O[Si](O[Si](O[Si](*)(c1c(c(c(c(c1F)F)F)F)F)c1c(c(c(c(c1F)F)F)F)F)(C)C)(C)C,tg,-42.0,16.866301375534764
*Nc1c(cccc1)CCc1c(cccc1)NC(=O)Nc1ccc(cc1)CCc1ccc(cc1)NC(=O)*,tg,235.0,210.63760492030417
*N1C(=O)c2c(C1=O)cc(cc2)Oc1cc2c(C(=O)N(C2=O)c2cc(ccc2)OCCOCCOCCOc2ccc(cc2)*)cc1,tg,107.0,131.57341074292742
*OC(=O)Nc1ccc(cc1)Cc1ccc(cc1)NC(=O)OCCN(CC*)CCCCCCOc1ccc(cc1)N=Nc1ccccc1,tg,44.0,87.05817352100189
*Nc1c2c(ccc1)c(ccc2)NC(=O)Nc1cc(cc(c1)C(=O)Nc1ccc2C(=O)c3c(C(=O)c2c1)cccc3)NC(=O)*,tg,178.0,234.86255733291333
*OC(=O)c1ccc(cc1)N=Cc1c(cc(c(c1)OCCCCCC)C=Cc1c(cc(c(c1)OCCCCCC)C=Cc1c(cc(c(c1)OCCCCCC)C=Nc1ccc(cc1)C(=O)OCCCCOCCCCOCCCC*)OCCCCCC)OCCCCCC)OCCCCCC,tg,14.3,64.46424806359548
*N1C(=O)c2c(C1=O)c(ccc2)Oc1ccc(cc1)Oc1ccc(cc1)Oc1c2c(C(=O)N(C2=O)c2cc(ccc2)*)ccc1,tg,238.0,235.1435055871234
*c1cc2c(C(=O)N(C2=O)c2ccc(cc2)C(c2ccc(cc2)N2C(=O)c3c(C2=O)cc(cc3)C(=O)*)(c2ccccc2)C(F)(F)F)cc1,tg,311.0,312.7953922790738
*Oc1ccc(cc1)S(=O)(=O)c1ccc(cc1)Oc1ccc(cc1)C1(CCCCCC1)c1ccc(cc1)*,tg,247.0,226.01166330540335
*S(=O)(=O)c1ccc(cc1)NC(=O)CCCCCCCC(=O)Nc1ccc(cc1)*,tg,178.0,111.9524003558833
*Oc1ccc(cc1)S(=O)c1ccc(cc1)Oc1ccc(cc1)C=NN=Cc1ccc(cc1)*,tg,151.0,150.8793863009379
*OC(=O)c1ccc(cc1)C(=O)OCC*,tg,77.74,70.31941401242027
*Oc1ccc(cc1)S(=O)(=O)c1ccc(cc1)Oc1ccc(cc1)C(c1ccc(cc1)*)(C)C,tg,183.86,186.3053045675976
*C(C*)OCCCCC,tg,-66.0,-77.07195817178297
*OC(=O)NCCCCCCNC(=O)OCCCC*,tg,38.12,30.34672205805501
*C(C*)(C(=O)OCCCCCCN1CCN(CC1)c1ccc(cc1)N=Nc1ccc(cc1)C#N)C,tg,77.0,70.44137796648077
*C1(c2c(C(=O)O1)cccc2)c1c(cc(c(c1)C(C)C)Oc1ccc(cc1)S(=O)(=O)c1ccc(cc1)Oc1c(cc(c(c1)C)*)C(C)C)C,tg,230.0,223.1748001227518
*N1C(=O)c2c(C1=O)cc(cc2)Oc1cc2c(C(=O)N(C2=O)c2c(ccc(c2)C(c2cc(c(cc2)OCCN(c2ccc(cc2)C=CC2=CC(=C(C#N)C#N)CC(C2)(C)C)CC)*)(C(F)(F)F)C(F)(F)F)OCCN(c2ccc(cc2)C=CC2=CC(=C(C#N)C#N)CC(C2)(C)C)CC)cc1,tg,202.0,225.458676500807
*c1sc2c(n1)ccc(c2)c1ccc2c(sc(n2)CCCCCCCC*)c1,tg,238.0,76.35631281788248
*c1nc2c(c(c1)c1ccc(cc1)Oc1ccc(cc1)c1cc(nc3c1cccc3)c1ccc(cc1)Oc1ccc(cc1)*)cccc2,tg,275.67,269.55027385795495
*OS(=O)(=O)c1ccc(cc1)*,tg,119.0,156.4911243080347
*Oc1ccc(cc1)Oc1ccc(cc1)C(=O)c1c(c(c(c(c1c1ccc(cc1)F)c1ccc(cc1)F)c1ccc(cc1)F)c1ccc(cc1)F)C(=O)c1ccc(cc1)*,tg,266.0,256.3114312292442
*Oc1c(cc(cc1)C(c1cc(c(cc1)OC(=O)c1ccc(cc1)C(=O)*)C(C)C)(C)C)C(C)C,tg,130.0,150.0610923369032
*N=P(*)(OCCc1ccccc1)OCCc1ccccc1,tg,-32.7,-2.2051564003730997
*OP(=O)(Oc1c(cc(cc1Br)C(c1cc(c(c(c1)Br)*)Br)(C(F)(F)F)C(F)(F)F)Br)Oc1ccc(cc1)Br,tg,152.0,129.2286729516788
*NC(=O)CCCCC(=O)NCCCP(=O)(CCC*)c1ccccc1,tg,55.0,39.25791828130107
*OC(=O)CCC(=O)OCCCC*,tg,-22.65,22.42400933784995
*c1cc2c(C(=O)N(C2=O)c2cc(cc(c2)OCCCC)N2C(=O)c3c(C2=O)cc(cc3)C(=O)*)cc1,tg,244.0,219.59633344746064
*Oc1ccc(cc1)Oc1ccc(cc1)C=NCCCCCCCCCCCCN=Cc1ccc(cc1)*,tg,118.0,95.54221934218346
*c1sc(c(c1c1ccccc1)c1ccccc1)c1ccc(cc1)CC(=O)Nc1ccc(cc1)c1ccc(cc1)NC(=O)Cc1ccc(cc1)*,tg,272.0,240.0809567008167
*NC(=O)c1cc(ccc1)C(=O)NCCCC*,tg,141.0,135.93257087058828
*Oc1ccc(cc1)Oc1ccc(cc1)C=NCCCCN=Cc1ccc(cc1)*,tg,105.0,128.8907889088328
*N1C(N2N(C1=O)C(N(C2=O)c1ccc(cc1)Oc1ccc(cc1)*)c1ccc(cc1)OC)c1ccc(cc1)OC,tg,163.0,223.28811948841692
*C(C*)(C(=O)OCCCCCCOc1ccc(cc1)C=Nc1ccc(cc1)C#N)C,tg,35.0,58.98442428164554
*c1cc2c(C(=O)N(C2=O)c2cc(ccc2)C(c2cc(ccc2)N2C(=O)c3c(C2=O)cc(cc3)C(*)(C(F)(F)F)C(F)(F)F)(c2ccccc2)C(F)(F)F)cc1,tg,305.0,271.41658628708524
*c1ccc2n(c3c(c2c1)cc(cc3)c1cc2C(c3c(c2cc1)ccc(c3)*)(CCCCCC)CCCCCC)c1ccccc1,tg,170.0,161.72067120458064
*CCCCOC(=O)NC1CCC(CC2CCC(NC(=O)O*)CC2)CC1,egc,6.1232,6.301829762578456
*CCCCCc1nnc(*)o1,egc,6.1707,5.612676444958537
*C(OC(F)(F)F)C(*)(F)F,egc,8.5308,8.147547385627892
*C(F)(F)CC(F)(F)C(=O)*,egc,4.9534,6.8159294216605915
*CCCCCCCCc1nc(-c2ccc(-c3csc(*)n3)cc2)cs1,egc,3.6182,3.991923225755098
*CNC(=O)CC(=O)N*,egc,6.3692,5.938772441073073
*Oc1ccc(C(C)(C)c2ccc(OC(=O)SCCCSC(*)=O)cc2)cc1,egc,4.8294,4.2221475679491665
*c1ccc(Oc2ccc(S(=O)(=O)c3ccc(Oc4ccc(-c5c6c(c(*)c7ccccc57)C(=O)N(c5ccccc5)C6=O)cc4)cc3)cc2)cc1,egc,3.4421,3.331080266473399
*Nc1ccc(Cc2ccc(NC(=O)c3cc(C(*)=O)cc(N4C(=O)C=CC4=O)c3)cc2)cc1,egc,2.1937,3.119929728177808
*OC(=O)C(CC(C)C)NC(=O)CCCCC(=O)NC(CC(C)C)C(=O)OC1COC2C(*)COC12,egc,5.6427,5.871514301233869
*Oc1ccc(CC(NC(=O)Cc2ccc(OC(=O)CC(C)CCC(*)=O)cc2)C(=O)OCCCCCC)cc1,egc,4.8662,5.19958248477813
*CNC(=O)NCOC(=O)NCCCCCCNC(=O)O*,egc,6.3471,6.273855968601061
*C(C=C1)=CC=C1C(S2)=CC=C2C(S3)=CC=C3C(S4)=CC=C4*,egc,2.0066,2.5291284931144533
*NC(C)C(*)=O,egc,6.0729,5.788278987613909
*OC(CC(*)=O)C1CO1,egc,6.757,6.200885881318384
*Oc1ccc(C(C)=NCCN=C(C)c2ccc(*)cc2)cc1,egc,4.4026,3.6776513309517322
*C(=O)C(O)c1ccc(*)s1,egc,4.0132,3.8985207589068223
*CC(*)c1cccc(C)c1,egc,5.185,4.883331006539549
*CC(*)C(=O)OCCCSCC,egc,4.5768,4.8027549340055415
*CCCCCCCCNC(=O)CC(=O)N*,egc,6.004,5.793538852957672
*CCOCCOCCOC(=O)c1cccc(C(=O)O*)c1,egc,4.9478,4.8264526614520395
*C(=O)c1ccc2c(c1)C(=O)N(c1cc(C(=O)OC)cc(N3C(=O)c4ccc(*)cc4C3=O)c1)C2=O,egc,3.4437,2.813155513169828
*CCCCCCCOc1ccc(C=CC=Cc2ccc(O*)c(C)c2)cc1C,egc,3.4306,3.3818662779873088
*CCCCCCCCNC(=O)Cc1ccc(CC(=O)N*)cc1,egc,5.1086,5.101254265050026
*CC(*)SCC,egc,4.9086,5.356933428506515
*C=C(*)c1ccc(C#C)cc1,egc,0.2378,0.6953199566955505
*C1(C)CC(*)(C)C(=O)N(C)C1=O,egc,5.3373,5.391241658070712
*NC(=S)C(C=C1)=CC=C1O*,egc,3.2939,4.004914486659733
*C(=O)c1ccc2c(c1)C(=O)N(c1ccc(-c3nc(-c4ccccc4)nc(-c4ccc(N5C(=O)c6ccc(*)cc6C5=O)cc4)n3)cc1)C2=O,egc,2.8991,2.740663485480099
*CC(=O)C(C=C1)=CC=C1C(C=C2)=CC=C2*,egc,3.9429,3.382677458558636
*C=Cc1cccc(C=Cc2cc(*)ncn2)c1,egc,3.4013,2.920680657719571
*c1cc(OCCCCCCC)c(*)s1,egc,1.6057,2.4038214147841184
*c1cc(-n2c(=O)c3cc4c(=O)n(-c5ccc(-c6nnc(*)n6N)cc5)c(=O)c4cc3c2=O)c(-c2c(Cl)cccc2Cl)s1,egc,2.1911,2.014515255418604
*CC(CO*)(CS(=O)(=O)CCCC)CS(=O)(=O)CCCC,egc,5.4465,5.706682833272682
*CCOC(=O)CCCCCC(=O)O*,egc,6.8822,6.654805034388896
*NC(=O)NC(S1)=CC=C1*,egc,3.228,3.519175330670525
*c1nc(C)nc(N(CCCCCCN(*)c2ccccc2)c2ccccc2)n1,egc,3.751,4.178954120103234
*CCCCCCCCO*,egc,6.1709,6.210225626410455
*CCOC(=O)C1C2C=CC(C2)C1C(=O)O*,egc,5.7779,5.245068276839593
*c1ccc2c(c1)SC1(CCC3(CC1)Nc1ccc(*)cc1S3)N2,egc,3.8947,2.906946883437586
*NC(CC(*)=O)C(=O)OCCCCCCCC,egc,5.5889,6.018194186398702
*Oc1ccc(Oc2ccc(C=NCCCCN=Cc3ccc(*)cc3)cc2)cc1,egc,4.1246,4.122706577629696
*CNC(S1)=CC=C1C(=S)*,egc,2.4271,3.0417835471982104
*O[Si](c1ccccc1)(c1ccccc1)c1cccc(*)c1,egc,4.6928,4.471038957131796
*C(S1)=CC=C1C(S2)=CC=C2C(S3)=CC=C3O*,egc,2.5408,2.3339606776923096
*CCCCCCCCCCCCCCCCCCCCOC(=O)CC(=O)O*,egc,6.2688,6.603400201328068
*CCCOC(=O)CCCCCCCCCCC(=O)O*,egc,6.5126,6.702665699843697
*Oc1cccc(NC(=O)c2ccc(*)cc2)c1,egc,4.3679,4.26782128734368
*CC1CCC(COC(=O)CCCCCCCCCCC(=O)O*)CC1,egc,6.723,6.478669071895288
*OC(C)CCOC(=O)CCCCCCCCCCC(*)=O,egc,6.742,6.394972432744626
*CCCCCCCCOC(=O)CC=CCC(=O)O*,egc,6.197,5.948505315189747
*C=Cc1ccc2c(c1)Sc1cc(*)ccc1N2CCCCCCCC,egc,2.6367,2.645838944307951
*CCCCCCCCCCOC(=O)CCCC(=O)O*,egc,6.7292,6.68240621095158
*CCCCCCCCCCCCCCCCCCNC(=O)NCCCCCCCCCCNC(=O)N*,egc,5.6443,5.5260268148220115
*c1cc(CCOC(=O)C(C)Br)c(*)s1,egc,2.3659,2.804869382656669
*CCCOC(=O)O*,egc,7.1953,6.661810880368412
*OC(C)(CC(*)=O)C(F)(F)F,egc,6.2535,7.0009760648153225
*NNC(=O)c1cccc(C(=O)NNC(=S)c2cccc(C(*)=S)c2)c1,egc,3.2068,3.5522135909560104
*c1ccc(-c2cc(C(=O)OCCCCCCCCCCCC)c(*)s2)s1,egc,2.5061,2.042684744682636
*NNC(=S)c1ccc(C(*)=S)cc1,egc,3.4154,2.6647731096864367
*c1ccc(C(=O)c2ccc(-n3c(=O)c4cc5c(=O)n(*)c(=O)c5cc4c3=O)cc2)cc1,egc,2.9955,2.722289966741943
*Oc1ccc(C=Nc2ccc(N=Cc3ccc(*)cc3)cc2)cc1,egc,2.8416,3.3201679109970104
*CCCCCOCO*,egc,6.5668,6.39511158976013
*CCNC(=O)CCCCCCCCCCCCCCCCC(=O)N*,egc,5.9348,5.976622721411212
*OC(C)CCOC(=O)CC(*)=O,egc,6.8752,6.15483339869286
*CCOCCOCCOC(=O)CCC(=O)O*,egc,6.2323,6.414320657757316
*c1cc(CCCCCCOC(=O)COc2ccccc2)c(*)s1,egc,2.6531,2.749689396241696
*CC(*)(C)C(=O)OCCOCCO,egc,5.7449,5.959004202474482
*Cc1cccc(CNC(=O)C2=C(C(=O)N*)C3C=CC2C3)c1,egc,3.5629,4.628597617636192
*CCCCCCCCCCOC(=O)C(=O)O*,egc,5.4658,6.25313141031253
*c1ccc(-c2ccc(N3C(=O)c4ccc(-c5cccc6c5C(=O)N(*)C6=O)cc4C3=O)c(C)c2)cc1C,egc,2.9133,2.96106785700466
*C(=O)c1ccc2c(c1)C(=O)N(c1cc(-c3nc4ccccc4s3)cc(N3C(=O)c4ccc(*)cc4C3=O)c1)C2=O,egc,2.5125,2.7109328712430973
*CC(*)(CF)C(=O)OC,egc,6.854,6.204684634636414
*c1cc(CCCCBr)c(*)s1,egc,2.5458,2.387839324845557
*CCOC(=O)NCCSCCCCSCCNC(=O)O*,egc,5.1396,5.355705949815519
*c1ccc(*)c(O)c1,egc,5.0734,3.9811180116740634
*C([2H])=C(*)[2H],egc,1.4005,3.7374311224934877
*CCCCCCCCCCOC(=O)CC(C)(C)CC(=O)O*,egc,6.7584,6.499658825478925
*C(=O)C(S1)=CC=C1C(C=C2)=CC=C2C(S3)=CC=C3*,egc,2.5282,2.5172895713541887
*CCCCOC(=O)c1cccc(C(=O)O*)c1,egc,5.1711,4.838750735000639
*Oc1ccc(C2(c3ccc(OC(=O)CCCCCCCCC(*)=O)cc3)c3ccccc3Cc3ccccc32)cc1,egc,4.6067,4.10321070300142
*CC(*)C(=O)OCC(F)(F)C(F)(F)C(F)(F)C(F)(F)F,egc,6.3101,6.418808845382009
*CC(CC(*)(C#N)C#N)c1ccc(CCl)cc1,egc,5.4178,4.710732073476012
*CCOC(=O)NCCCOCCCNC(=O)O*,egc,6.238,6.101607547161619
*c1ccc(Oc2ccc(C(=O)c3ccc(Oc4ccc(-c5cc(*)[nH]n5)cc4)cc3)cc2)cc1,egc,3.5958,3.494682750434196
*CC(*)C(=O)O,egc,6.7889,5.993128885033697
*Oc1c(C)cc(*)cc1C,egc,4.5265,4.718229323149787
*CCC(F)(F)C(*)(F)Cl,egc,7.738,6.666410485137838
*C1C(=O)OC(=O)C1C1C2CC(C(=O)OC3CCCCC3)C(C2)C1*,egc,6.0803,5.54494380496611
*c1ccc(C(CCCCCCCC)c2ccc(-n3c(=O)c4cc5c(=O)n(*)c(=O)c5cc4c3=O)cc2)cc1,egc,2.4696,2.6699134841500016
*Oc1cc(OC(=O)c2ccc(C=Nc3ccc(OCCCCCCOc4ccc(N=Cc5ccc(C(*)=O)cc5)cc4F)c(F)c3)cc2)c(Cl)cc1Cl,egc,2.9795,3.9191260891805917
*c1ccc(Oc2cccc3c(Oc4ccc(-n5c(=O)c6cc7c(=O)n(*)c(=O)c7cc6c5=O)cc4)cccc23)cc1,egc,1.8659,2.1483690094471246
*Nc1c(Cl)cc(*)cc1Cl,egc,4.3983,3.257041122247918
*c1cc(CCCCCCCC)c(*)[nH]1,egc,2.9335,2.931260702034478
*NC(CC(*)=O)C(=O)OCCCCCC,egc,6.1077,5.7845544357405965
*NC(C)(CCC)CC(*)=O,egc,6.1134,5.707289452065932
*CC1CCC(COC(=O)CCCCCCCC(=O)O*)CC1,egc,6.8523,6.762892431925435
*CCSCCO*,egc,5.5968,5.151393251485589
*CCC1CC(*)C2C3CC(C12)C(C)(C(=O)OC)C3,egc,6.4636,6.003463161644781
*C1=C2OCCOC2=C(c2sc(-c3sc(*)c4c3OCCO4)c3c2OCCO3)S1(=O)=O,egc,2.0121,1.9163344589990443
*C(=O)c1ccc(N=Nc2ccc(C(=O)N3C(=O)N(*)C(CC)(CC)C3=O)cc2)cc1,egc,3.6611,3.163456061378134
*C=Cc1cc(OC)c(C=Cc2ccc(*)s2)cc1OC,egc,1.7107,2.388239635311803
*C(=O)N(*)CCCCCCCCC=C,egc,5.1782,5.678874483229724
*C(=O)NCCCCCCNC(=O)c1cc(O)cc(*)n1,egc,4.8984,3.855789272211056
*C*,egc,6.8972,5.764067719935147
*CNCN*,egc,5.1634,5.597372009181223
*Oc1ccc(CC(NC(=O)CCc2ccc(OC(=O)CCCCCCC(*)=O)cc2)C(=O)OCC(C)C)cc1,egc,5.1444,5.233753718689949
*CC(*)C(=O)N(O)c1ccc(C)cc1,egc,4.2873,3.8683629313250067
*c1ccc(-c2ccc(-n3c(=O)c4cc5c(=O)n(*)c(=O)c5cc4c3=O)cc2OC(F)(F)F)c(OC(F)(F)F)c1,egc,2.7837,2.2967527537576333
*CCCCCCCc1nnc(-c2ccc(-c3nnc(*)o3)cc2)o1,egc,3.843,4.323715645401049
*CCCC(CCNC(=O)c1ccc(C(=O)N*)cc1)C(C)C,egc,4.6978,4.803517913017251
*c1cc(C)c(-c2c(C)cc(N3C(=O)c4ccc(-c5ccc6c(c5)C(=O)N(*)C6=O)cc4C3=O)cc2C)c(C)c1,egc,3.1002,2.874918171792476
*C([2H])([2H])C(*)(C(=O)OC([2H])([2H])C([2H])([2H])[2H])C([2H])([2H])[2H],egc,6.3862,6.294659095656344
*C=CC1CC(*)C(C#N)(CC)C1,egc,6.1381,5.5261455229438186
*CCCCCCCCCCCCOC(=O)NCc1ccc(CNC(=O)O*)cc1,egc,5.664,5.062291828268602
*CC(S1)=CC=C1OC(S2)=CC=C2*,egc,4.6308,3.9412136554751114
*CC(F)(F)C(F)(F)C(F)(F)C(F)(F)COC(=O)O*,egc,7.7624,6.735651327490412
*Nc1ccc(*)cc1Cl,egc,4.3667,3.21808972236378
*C=Cc1cc([Si](C)(C)C)c(*)cc1[Si](C)(C)C,egc,2.2084,3.2555351625566695
*c1ccc(Cc2ccc(N3C(=O)N(*)C3=O)cc2)cc1,egc,4.1662,3.5217876893491327
*CCCCCNC(=O)CCCCCCCCOCCCCCCCCC(=O)NCCCCCO*,egc,5.9278,5.684360680151681
*C#CC(CO)=C(*)n1c2ccccc2c2ccccc21,egc,1.5113,1.8939337748829277
*C(=O)Oc1ccc2ccc(OC(=O)c3ccc4c(c3)C(=O)N(c3ccc(Oc5ccc(N6C(=O)c7ccc(*)cc7C6=O)cc5)cc3)C4=O)cc2c1,egc,2.5688,2.530745707300435
*c1ccc(Cc2ccc(N3C(=O)C(=O)N(*)C3=O)cc2)cc1,egc,3.5238,3.8196125027803878
*C(=O)Nc1nc(C#N)c(*)n1C,egc,4.1864,3.9232538252817863
*C=C(*)c1ccc([N+](=O)[O-])cc1,egc,0.7984,1.5826401038853204
*NC(CCC(=O)OCCCCCCCC)C(*)=O,egc,5.9976,5.7172511437480065
*CC(*)C(=O)NCCC(F)(F)C(F)(F)C(F)(F)C(F)(F)C(F)(F)C(F)(F)C(F)(F)C(F)(F)F,egc,5.7478,6.594903764669822
*Oc6ccc(Oc5ccc(OC(=O)c4ccc(C3(c1ccc(C(*)=O)cc1)OC(=O)c2ccccc23)cc4)cc5)cc6,egc,3.6172,4.050931311266766
*CC(*)(F)C(=O)OCC(F)(F)C(F)(F)C(F)(F)F,egc,6.7366,6.643382384467693
*Oc1ccc(Oc2ccc(OC(*)=O)cc2)cc1,egc,4.7541,4.679313533693753
*/C=C\C(C#N)C*,egc,5.3057,4.425173452386086
*c1ccc2c(c1)c1cc(*)ccc1n2C(=O)NO,egc,3.8619,3.354325621915551
*Oc1ccc(C(C)(C)c2ccc(OC(=O)c3ccc(C(*)=O)cc3)c(C(C)C)c2)cc1C(C)C,egc,3.2409,4.075789249926832
*Oc1ccc(C(*)=O)cc1,egc,4.5225,4.031497623842154
*CCCCCCNC(=O)C(=O)N*,egc,5.1495,5.685961530545613
*CNCO*,egc,5.5885,6.241238855007172
*c1cc(OCCOC)c(*)s1,egc,1.6015,2.3436204207131315
*Oc1c(C)cc(N=Nc2ccc(C(*)=O)cc2)cc1C,egc,3.7116,4.085576225132735
*Nc1cc(OCC)c(*)cc1OCC,egc,3.3635,4.297243140617645
*c1cccc(-c2nnc(*)n2-c2ccccc2)c1,egc,3.947,3.4955397716560586
*CC(S1)=CC=C1C(C=C2)=CC=C2C(=S)*,egc,2.7134,3.052328577541648
*CC(*)OC(=O)C(F)(F)C(F)(F)C(F)(F)F,egc,6.4207,6.446114309376499
*Oc1ccc(Oc2ccc(C(=O)c3ccc(*)cc3)cc2)cc1C(=O)O,egc,3.6534,3.8229904041319402
*OC(CC)CC(*)=O,egc,6.4081,6.3727932380889625
*C1=CC=C(c2sc(-c3sc(*)c4c3OCCO4)c3c2OCCO3)S1(=O)=O,egc,1.7929,1.7885038101196533
*N=NNc1ccc(NN=Nc2ccc(*)cc2)cc1,egc,1.9731,3.089472686505745
*CC(=O)NCCCCCCNC(=O)COC(=O)CCC(=O)O*,egc,5.663,5.7382278982982164
*CC(CS(=O)(=O)CC)O*,egc,5.3436,5.449475574734723
*c1cc(COCCCCCCCCOc2ccc(-c3ccc(OC)cc3)cc2)c(*)s1,egc,2.6611,2.634109344590827
*C(F)(F)C(F)(F)CO*,egc,8.1009,8.33394133832962
*Nc1ccc(NC(=O)CCCCC(*)=O)cc1,egc,4.5219,4.58833596742067
*CCOCC(=O)O*,egc,5.8983,6.577748555641957
*C=Nc1cccc(N=Cc2ccc(Sc3ccc(*)o3)o2)c1,egc,2.8126,2.992181328944275
*C(=O)c1ccc2c(c1)C(=O)N(c1ccc(-c3ccc(N4C(=O)c5ccc(*)cc5C4=O)cc3C)c(C)c1)C2=O,egc,2.8033,2.4458637282864055
*c1ccc(-c2cc(CCCCCCCCCF)c(*)s2)s1,egc,1.9235,1.9794808366789447
*C=CC(C(=O)OC(C)C)C(*)C(=O)OC(C)C,egc,5.3094,5.295876615940684
*c1ccc(-c2ccc(N3C(=O)c4ccc(-c5ccc6c(c5)C(=O)N(*)C6=O)cc4C3=O)c(C)c2)cc1C,egc,2.83,2.919698153301422
*OC1CCC(OC(=O)CCC(*)=O)CC1,egc,6.4253,6.462952645561587
*C(=O)c1ccc2c(c1)C(=O)N(c1cc(OCCCCCCCC)cc(N3C(=O)c4ccc(*)cc4C3=O)c1)C2=O,egc,2.6342,2.8850675099563876
*CCC=C(*)Cl,egc,5.461,5.041193137251865
*CCCCc1nc2cc3nc(*)[nH]c3cc2[nH]1,egc,4.4637,3.673791833930759
*CCCCCCCCCCCCNC(=O)c1cccc(C(=O)N*)c1,egc,4.8693,4.851097451054628
*C(F)(F)C(=S)C(F)(F)O*,egc,2.9412,3.746431627659182
*c1ccc(C(c2ccccc2)(c2ccc(N3C(=O)c4ccc(Oc5ccc6c(c5)C(=O)N(*)C6=O)cc4C3=O)cc2)C(F)(F)F)cc1,egc,3.2662,3.3659972554104685
*CCC(Cl)C(*)C,egc,6.7613,6.737337875701511
*OC(=O)C=CC(=O)OC1COC2C(*)COC12,egc,4.1943,5.423548671938366
*CC1CC(CNC(=O)c2cccc(C(=O)N*)c2)CC(C(C)(C)C)C1,egc,4.8842,4.958556886425119
*CCNC(=O)CCCCCCCCC(=O)N*,egc,5.9828,5.898238432720818
*CC(*)c1cccs1,egc,1.7879,4.214986829978557
*c1nc(-c2ccccc2)nc(N(*)C)n1,egc,4.2966,4.184898151002492
*CCCCOC(=O)Nc1ccc(C)c(NC(=O)O*)c1,egc,4.832,5.0642860891609205
*CCCCCCCCNC(=O)NCCCCCCNC(=O)N*,egc,5.7995,5.6959828015187
*CCCCCNC(=O)c1cccc(C(=O)N*)c1,egc,4.9725,4.975086298632319
*c1ccc(-c2ccc(-c3nc4ccc(-c5ccc6nc(*)c(-c7ccccc7)nc6c5)cc4nc3-c3ccccc3)cc2)cc1,egc,2.8449,3.0087649241137338
*CC(*)C(=O)c1ccc(Br)c(OC)c1,egc,3.8338,3.8998142878221036
*CCOC(=O)NCCSCCSCCNC(=O)O*,egc,5.2808,5.395057569004236
*CC(*)c1ccc2c(c1)OCO2,egc,4.4057,4.0472337975906925
*Oc1ccc(NC(=O)c2ccc(Oc3ccc(C(=O)Nc4ccc(*)cc4)c(C(=O)O)c3)cc2C(=O)O)cc1,egc,3.3446,3.765553650455822
*CCC(C)(C)CC(C)CNC(=O)CCCCC(=O)N*,egc,5.8095,5.531214700641332
*C(F)(F)NC(F)(F)C(S1)=CC=C1*,egc,4.586,4.392433918083841
*CC(*)n1ccnc1,egc,4.8897,4.722531844227378
*CCCCCCCCNC(=O)CCCCCCCCCCCCC(=O)N*,egc,5.9612,5.943429768230535
*c1cccc(-c2nc3cc(-c4ccc5nc(*)c(-c6ccccc6)nc5c4)ccc3nc2-c2ccccc2)c1,egc,3.3649,2.9249664258348482
*Oc1ccc(C(=O)c2ccc(OC(=O)OC3C(C)(C)C(OC(*)=O)C3(C)C)cc2)cc1,egc,4.4802,4.641996801763023
*c1cc(OCCOCCOC)c(-c2sc(*)c3c2OCCO3)s1,egc,2.2046,1.5995658782159108
*C(=O)Nc1ccc(Oc2ccc(NC(=O)c3ccc4c(c3)C(=O)N(c3ccc(S(=O)(=O)c5ccc(N6C(=O)c7ccc(*)cc7C6=O)cc5)cc3)C4=O)cc2)cc1,egc,2.7174,2.58001319601012
*CC(*)C1CCCCC1C,egc,6.4889,5.788117722841022
*CCCCCCCCCCCCCCCCCCCCOC(=O)CCCCSCCCCC(=O)O*,egc,5.0235,5.1677705332392545
*c1ccc(Oc2ccccc2Oc2ccc(-n3c(=O)c4cc5c(=O)n(*)c(=O)c5cc4c3=O)cc2)cc1,egc,2.1614,2.283041545676684
*CCN(*)C(=O)c1ccc(F)c(F)c1,egc,5.106,4.5742563078317335
*CC(=O)Nc1ccc(Oc2cccc(NC(=O)CN3C(=O)c4ccc(C(=O)c5ccc6c(c5)C(=O)N(*)C6=O)cc4C3=O)c2)cc1,egc,2.0094,2.9854233556433667
*c1cccc(*)c1N,egc,3.8845,4.21367324930714
*CCCCCCn1cc2c(n1)C(=O)c1cn(*)nc1C2=O,egc,4.1587,4.595507574707405
*Cc1c(C)c(C)c(CNC(=O)CCCCCC(C)CC(=O)N*)c(C)c1C,egc,5.3395,5.25680977885891
*CCC(=O)OCCOC(=O)CCN1CCN(*)CC1,egc,5.0863,5.360755043391522
*NC1CCC(CC2CCC(NC(=O)CCCCCCCCCCC(*)=O)CC2)CC1,egc,5.7012,5.743245695721035
*C(C=C1)=CC=C1C(C=C2)=CC=C2C(C=C3)=CC=C3C(S4)=CC=C4*,egc,2.8936,2.589672930782655
*CCCCCCNC(=O)C(CCCCCCCCCCCCCCC)C(=O)N*,egc,5.9375,5.883593480313774
*OC(*)CCCCC,egc,6.039,5.732691679382526
*Oc1ccc(S(=O)(=O)c2ccc(Oc3ccc(C4(c5ccc(*)cc5)CCCCC4)cc3)cc2)cc1,egc,3.9696,3.8454619760775928
*C=CCCCC(Cl)CCC*,egc,5.737,5.755873626831565
*CC(O)COc1cccc(O*)c1,egc,5.2018,4.732265902513379
*CCOCCOCCOC(=O)NCCCCCCNC(=O)O*,egc,6.2098,5.996643433547902
*CC(*)C(=O)OCC(C)C,egc,6.1261,6.420726843652661
*NC(Cc1c[nH]c2ccccc12)C(*)=O,egc,4.3631,3.3632440938647314
*c1cc(N=Nc2ccc(C#N)cc2)cc(*)c1O,egc,2.4223,2.82107872910425
*CC(*)OC(=O)c1cccc(Br)c1,egc,4.2289,3.7731045697721033
*CC(C=C1)=CC=C1C(S2)=CC=C2C(S3)=CC=C3*,egc,3.2138,3.1988182371931315
*Nc1ccc(NC(=O)c2ccc(NC(=O)c3cc(NC(=O)C45CC6CC(CC(C6)C4)C5)cc(C(*)=O)c3)cc2)cc1,egc,3.1839,3.4699368384640787
*CC(*)Cl,egc,7.0905,6.444573801136999
*Oc1ccc(C(*)=O)cc1Cl,egc,4.5769,4.441708238816071
*CC(*)(C)C(=O)OCC(F)(F)C(F)F,egc,6.3988,6.525077796467402
*CCC(C=C1)=CC=C1O*,egc,4.9179,4.960497201798204
*c1ccc2cc(*)n(C(C(=O)NO)n3ccc4ccccc43)c2c1,egc,3.8694,2.9915952549496763
*CCCCCCOC(=O)CCCCCNC(=O)O*,egc,6.4222,6.435885098164952
*Oc1cccc(OC(=O)c2cccc(C(*)=O)c2)c1,egc,4.1279,4.376902135229155
*CC(*)OC(C)=O,egc,6.8523,5.97713297038028
*c1ccc2c(c1)c1cc(*)ccc1n2CC,egc,3.4703,3.665701747742258
*CC(=O)CC(C=C1)=CC=C1*,egc,4.4305,4.870643912527869
*c1ccc2c(c1)c1cc(*)ccc1n2C=C,egc,3.4876,3.1723116689682977
*CCOC(=O)NCCCC(CCNC(=O)O*)OC,egc,5.8395,6.115474765722401
*CCNC(=O)C(OC)C(OC)C(=O)N*,egc,5.4257,5.622239250957012
*NC(=S)C(S1)=CC=C1O*,egc,3.2187,3.6831599377423694
*CCCCCCCCCCCCNC(=O)NCCCCCCNC(=O)N*,egc,5.7649,5.908448717231076
*c1ccc(Oc2ccc(Oc3ccc(-n4c(=O)c5cc6c(=O)n(*)c(=O)c6cc5c4=O)cc3)cc2C(C)(C)C)cc1,egc,1.9644,2.342137546376396
*OC1(C)CC(C)(C)C(C)(N2CCCC(*)C2)C1C,egc,4.6138,5.235767776293751
*CC(*)(C)C(=O)OCc1ccc2c(c1)c1ccccc1n2CC,egc,3.4735,4.006615927698462
*CCCC1CCN(C(=O)SSCCCCSSC(=O)N2CCC(*)CC2)CC1,egc,5.001,4.653106856902805
*OC(C=C1)=CC=C1C(=O)C(S2)=CC=C2C(=O)NOC(=O)*,egc,3.9191,3.8803441472643776
*CC(*)C(=O)NCC,egc,5.2246,5.423921461418719
*c1ccc(-c2nc3cc(-c4ccc5oc(*)nc5c4)ccc3o2)cc1,egc,3.1145,2.8218013495221945
*c1ccc(-c2ccc(-c3nc4ccc(Oc5ccc6nc(*)c(-c7ccccc7)c(-c7ccccc7)c6c5)cc4c(-c4ccccc4)c3-c3ccccc3)cc2)cc1,egc,3.3136,3.4019899296254876
*CCCCCCCCCCC(=O)NCCCCCCNC(=O)CCCO*,egc,6.0291,5.918179823804069
*CCCCCCCCCCC(=O)N(*)C,egc,5.7405,5.539061922838669
*OP(=O)(Oc1ccccc1)Oc1ccc(-c2ccc(*)cc2)cc1,egc,4.631,4.213338485383557
*c1ccc2c(c1)C(=O)N(c1ccc(Oc3ccc(N4C(=O)c5ccc(C(F)(F)C(F)(F)C(F)(F)C(F)(F)C(F)(F)C(F)(F)C(F)(F)C(*)(F)F)cc5C4=O)cc3)cc1)C2=O,egc,2.6011,3.1287609214033743
*Oc1c(C)cc(-c2cc(C)c(OC(=O)CCCCCC(*)=O)c(C)c2)cc1C,egc,4.7241,4.014510910578407
*OC(CC)(CC)C(*)=O,egc,6.0873,6.016590790138427
*COCOc1ccc(C(=O)OC(=O)c2ccc(O*)cc2)cc1,egc,4.4493,4.381436962165633
*c1cc(-c2ccccc2)c(*)[nH]1,egc,2.9521,3.339793949396018
*c1ccc(-c2nc(-c3ccc(-c4nc(*)sc4C(=O)O)cc3)c(C(=O)O)s2)cc1,egc,3.4119,3.1942933356794567
*CC(C#N)(C#N)C(C#N)C(C#N)(C#N)*,egc,7.111,5.635033068043995
*C(=O)OC1CCC(OC(=O)N2CC(C)N(*)CC2C)CC1,egc,5.8738,5.721471275394117
*CCC(C#N)CC(C)=C(*)C,egc,5.2759,5.579362609705914
*C(=O)c1ccc2c(c1)C(=O)N(c1ccc(C(c3ccccc3)(c3ccc(N4C(=O)c5ccc(*)cc5C4=O)cc3)C(F)(F)F)cc1)C2=O,egc,2.9448,3.019998803871171
*CC(*)C(=O)NCCC,egc,6.0177,5.364239996014831
*c1ccc(C(c2ccc(-c3nc4ccc(-c5ccc6nc(*)oc6c5)cc4o3)cc2)(C(F)(F)F)C(F)(F)F)cc1,egc,3.2022,3.334427756806528
*c1ccc2nc(*)sc2c1,egc,2.966,3.515821904622566
*CC(C)(CO*)COCCCCCCCCCCOc1ccc(-c2ccc(C#N)cc2)cc1,egc,4.0117,4.339625399799788
*OC(=O)CCSCCC(*)=O,egc,4.6003,4.664335434119052
*OC(=O)CCS(=O)(=O)CCS(=O)(=O)CCC(*)=O,egc,6.2137,5.901001812173208
*CC(=O)C(=S)C(=O)*,egc,1.9995,2.6468496605220317
*CC(=O)OCCCCCCOC(=O)Cn1c(=O)c2cc3c(=O)n(*)c(=O)c3cc2c1=O,egc,3.6832,3.7172145439904996
*c1cc(CC(=O)OCCCCCCCC)c(*)[nH]1,egc,3.192,3.3382491789348867
*O[Si](C)(C)O[Si](C)(C)O[Si](C)(C)OC(C)CCC(*)C,egc,6.3039,5.229827505061631
*OC(=O)OCCOCCOCCOCCOC(=O)OC1COC2C(*)COC12,egc,6.2534,6.36790303210524
*c1ccc(-n2ccc(-c3cccc(-c4ccn(*)n4)c3)n2)cc1,egc,3.7316,3.4049602494934312
*OC(C)COC(=O)c1cccc(C(*)=O)c1,egc,5.0391,5.097891137881823
*CCCCCCCCCC(=O)O*,egc,6.6843,6.727452930377264
*CCN(CCOC(=O)C=Cc1ccc(C=CC(=O)O*)cc1)c1ccc(N=Nc2ccc([N+](=O)[O-])cc2)cc1,egc,2.3089,3.3796042350143125
*CC(*)CC(C)C,egc,6.7394,5.80431995179498
*OC1CC(C)CC(*)O1,egc,6.2631,6.28412150943264
*C(=O)Nc1ccc(NC(=O)c2ccc3c(c2)C(=O)N(c2ccc(S(=O)(=O)c4ccc(N5C(=O)c6ccc(*)cc6C5=O)cc4)cc2)C3=O)cc1,egc,2.7403,2.802580668499089
*OC(=O)Oc1ccc(C(=O)Oc2ccc(OC(=O)OC3COC4C(*)COC34)cc2)cc1,egc,4.4189,4.411589776695997
*Oc1ccc2cc(C(*)=O)ccc2c1Br,egc,3.7175,3.5564255778694056
*c1sc(*)c2c1OCC(CCCCS(=O)(=O)O)O2,egc,2.1668,3.1244542109355797
*CC(*)(C#N)C(=O)OC,egc,6.7385,6.456099472474726
*NC(C=C1)=CC=C1C(C=C2)=CC=C2C(S3)=CC=C3*,egc,2.8401,2.880015640799832
*CCCCOC(=O)SSSC(=O)O*,egc,3.9747,4.540930479664087
*CCOCCOCCOC(=O)CSC(=O)Nc1ccc(C)c(NC(=O)SCC(=O)O*)c1,egc,4.461,4.461375889836527
*Nc1cc(NC(=O)Nc2ccc(NC(*)=O)cc2)cc(C(=O)Nc2cccc3c2C(=O)c2ccccc2C3=O)c1,egc,2.5826,2.9378062470261015
C13C(C=*)OC(C=*)C1C(=O)N(C2=CC=CC(C(F)(F)F)=C2)C3=O,egc,5.0879,5.066534200214906
*C(C=C1)=CC=C1C(S2)=CC=C2C(=S)C(S3)=CC=C3*,egc,2.0866,2.3366244034799157
*C=CC1CC(*)C(C#N)(CCC)C1,egc,6.0806,5.557527211099447
*CC1CC(*)OC(CCC)O1,egc,6.3958,5.977601644334538
*C(=O)c1ccc2c(c1)C(=O)N(c1ccc(OCCOCCOc3ccc(N4C(=O)c5ccc(*)cc5C4=O)cc3)cc1)C2=O,egc,2.4449,2.5081773148703626
*NC(=O)OC(=S)*,egc,3.8869,2.6734238663129677
*CC(S1)=CC=C1CC(S2)=CC=C2*,egc,4.626,3.810749194288804
*CCCCCCOCO*,egc,6.7419,6.3159878429364875
*CC(=O)NCCCCCCNC(=O)COC(=O)CCCCCCC(=O)O*,egc,5.9354,6.010813974633947
*CC(CCl)(CBr)COC(=O)CCCCC(=O)O*,egc,6.6998,5.586790459791071
*CCOC(=O)NC1CCC(NC(=O)O*)CC1,egc,6.3209,6.3188555316628054
*CCC(=O)OCCCC=CCCCOC(=O)CCC1NC(=O)C(*)NC1=O,egc,5.8952,5.267935933782082
*OC(=O)c1ccc(CCCc2ccc(C(*)=O)cc2)cc1,egc,4.5456,4.974043504185683
*CC(F)(F)C(F)(F)C(F)(F)COC(=O)NCCCCCCNC(=O)O*,egc,6.3766,6.479297961899283
*Oc1ccc(OC(=O)c2ccc(C(*)=O)cc2)cc1C(F)(F)F,egc,3.9148,4.232546058273918
*NC(CCCNC(=O)c1ccc(Cl)cc1)C(*)=O,egc,3.4369,4.5988215902548175
*N=Nc1ccc(-c2ccc(*)c(C)c2)cc1C,egc,2.1369,3.789701338667662
*Cc1ccc(COC(=O)CCCC(=O)O*)cc1,egc,5.4521,5.522482424925056
*c1ccc(-n2c(=O)c3cc4c(=O)n(*)c(=O)c4cc3c2=O)c(C)c1,egc,2.9393,2.8702139680176098
*c1cc(C)c(*)cn1,egc,5.1074,4.803821823141924
*CCCCCCCCCCOC(=O)Nc1ccc(C)c(NC(=O)O*)c1,egc,5.0994,4.890631048048116
*CC(CSC(C)C)O*,egc,4.8245,5.226165719696389
*c1ccc(-c2ccc(N3C(=O)c4ccc(Oc5ccc6c(c5)C(=O)N(*)C6=O)cc4C3=O)cc2)cc1,egc,3.0187,2.8501880717893786
*NC(CC(N)=O)C(*)=O,egc,5.5305,5.474213250662257
*CCCCCCCCCCCCc1nc2cc3sc(*)nc3cc2s1,egc,4.2887,3.6450034394357282
*c1cccc(-c2nc3cc(-c4ccc5oc(*)nc5c4)ccc3o2)c1,egc,3.5152,3.2472183209249494
*CCCCCCOC(=O)C(=O)O*,egc,5.9794,6.049542820983405
*Oc1c(Cl)cc(*)cc1Cl,egc,4.3426,4.331634944269775
*C(=O)C(S1)=CC=C1C(=O)C(S2)=CC=C2*,egc,2.966,3.230788693817325
*CCCCCC(=O)NCCCCCCNC(=O)CCCCO*,egc,5.8874,5.849289462257729
*C=CC1CC(*)C2C3CCC(C3)C12,egc,5.1047,5.389906424077085
*CCCCCNC(=O)N*,egc,5.6754,5.778517831100865
*CCCCCCCCCNC(=O)CCCCCCCCCC(=O)N*,egc,5.9794,5.877401539054156
*Oc1ccc(C2(c3ccc(Oc4nc(*)nc(OC)n4)cc3)CCCCC2)cc1,egc,4.6483,4.086710825468261
*CC(C)(C)COC(=O)C(=O)O*,egc,4.957,6.230966763462277
*c1ccc(Oc2cccc(Oc3ccc(-n4c(=O)c5cc6c(=O)n(*)c(=O)c6cc5c4=O)cc3)c2C#N)cc1,egc,2.6202,2.1586390099993844
*CCCCCOC(=O)NC(=O)C1CC1C(=O)NC(=O)O*,egc,6.0047,5.527956344157325
*Oc7ccc(C6(c3ccc(OC(=O)c2ccc(c1ccc(C(*)=O)cc1)cc2)cc3)c4ccccc4c5ccccc56)cc7,egc,3.4473,3.308377112555866
*c1ccc(Oc2ccc(-c3nc4cc(-c5ccc6nc(*)c(-c7ccccc7)nc6c5)ccc4nc3-c3ccccc3)cc2)cc1,egc,2.9993,3.1583748311339654
*NC(CCC(=O)OCCCl)C(*)=O,egc,5.9169,5.6804099254584735
*Nc1ccc(Nc2ccc(*)cc2)cc1C(=O)O,egc,2.6737,3.5781226317433483
*COC(=O)OCC1OC(C)(C)OC1*,egc,6.6512,6.5939881058347485
*CCCCCOC(=O)NCCSCCCCSCCNC(=O)O*,egc,5.2673,5.2982808502079815
*Oc1ccc(OC(=O)c2ccc(C(*)=O)cc2)cc1C1CC2CCC1C2,egc,3.8597,3.5917138516351237
*CC(*)OC(=O)C(F)(F)F,egc,6.7842,6.5456694428420255
*Nc1ccc(*)cc1CCCCCCCCCCCCCCC,egc,3.3286,3.920666078921948
*CNC(C=C1)=CC=C1O*,egc,4.3424,4.779825311818006
*c1cc(COCCCCCCCCOc2ccc(-c3ccc(C#N)cc3)cc2)c(*)s1,egc,2.9654,2.5852604821922456
*C(=O)NNC(=O)c1cccc(C(=O)NNC(=O)c2ccc(*)nc2)c1,egc,3.8367,3.9256110609969084
*CC(C)(C)C1C(=O)N(c2ccccc2C)C(=O)C1*,egc,4.8214,5.07843253868235
*CCCOC(=O)N1CCC(*)CC1,egc,5.7499,5.8214853986272415
*c1cccc(-c2nc3ccc(-c4ccc5nc(*)oc5c4)cc3o2)c1,egc,3.2965,3.118845552268615
*CC#CCOC(=O)NCCCCCCNC(=O)O*,egc,6.3946,5.809030921906724
*CC(*)OC(=O)CC,egc,6.5454,6.409006800526244
*c1ccc(*)c2nc(CC)c(CC)nc12,egc,3.3743,3.774833088090181
*NNC(=O)c1ccc([Si](c2ccccc2)(c2ccccc2)c2ccc(C(*)=O)cc2)cc1,egc,4.754,3.4270320791995377
*CC(F)(F)C(F)(F)C(F)(F)C(F)(F)COC(=O)CCCC(=O)O*,egc,7.0209,6.6450805443102405
*C#CC=C*,egc,1.1342,1.4177140576410368
*CC(*)C(=O)OCF,egc,6.4866,6.195696946699223
*CCN[Si](C)(C)N*,egc,4.8016,5.629103032757708
*Oc1ccc(C(=O)c2cccc(C(=O)c3ccc(*)cc3)c2)cc1,egc,3.9576,3.7658603566181594
*CCCCCCNC(=O)CCCCCCCCCCC(=O)N*,egc,5.7224,5.836400346351877
*Nc1ccc(*)c2ccccc12,egc,2.8917,2.8983286451809307
*CCCCNC(=O)CCCCCCCCCCCCCCC(=O)N*,egc,6.0415,5.863324961399304
*c1ccc(-c2ccc(N3C(=O)c4ccc(Oc5ccc6c(c5)C(=O)N(*)C6=O)cc4C3=O)cc2C)c(C)c1,egc,3.2926,2.7786748185918393
*OC1CCC(OC(=O)CCCCCCCCC(*)=O)CC1,egc,6.4612,6.775095074417245
c1(*)cc(c2cc1)N=C(N2(C(c2(c3))=O))c1c2c(c4(c3))c(cc1)CN(C4=N2)c(c2cc(c1)(*))c1,egc,2.3866,2.4684920408835387
*Nc1ccc(*)cc1F,egc,3.5047,3.552289680548203
*Oc1ccc2cc(Oc3ccc(C(=O)c4ccc(*)cc4)cc3)ccc2c1,egc,3.634,3.38630235201304
*C=Cc1ccc(*)s1,egc,2.7814,2.6465925569262745
*c1ccc(-c2ccc3nc4oc5cc6[nH]c7nc8cc(*)ccc8nc7nc-6[nH]c=5n-4ccc3c2)cc1,egc,1.9579,2.706884533356307
*Nc1ccc(-c2ccc(*)cc2)c(C)c1,egc,3.3791,3.8588705002462538
*c1cc(CCCS(=O)(=O)O)c(*)s1,egc,3.3298,2.7361734028184492
*Nc1ccc(NC(=O)c2c(F)c(F)c(C(*)=O)c(F)c2F)cc1,egc,3.3309,3.6043824976268426
*COC(C=C1)=CC=C1O*,egc,4.8731,4.697394825715019
*c1cccc(-c2nc3cc(-c4ccc5nc(*)c(-c6ccc7ccccc7c6)nc5c4)ccc3nc2-c2ccc3ccccc3c2)c1,egc,3.0367,2.7446316813146545
*CCCCCC[N+](C)(C)CCC[N+](*)(C)C,egc,0.2161,2.329835844639067
*c1ccc(Oc2ccc(-n3c(=O)c4cc5c(=O)n(*)c(=O)c5cc4c3=O)cc2-c2ccccc2)cc1,egc,2.1739,2.5286690990295795
*CCCC(C)CCC(=O)O*,egc,6.54,6.638686151290653
*Cc1ccc(COC(=O)CCCCCCCCC(=O)O*)cc1,egc,5.2222,5.338897402352283
*CCCCCCCOC(=O)NCCCCCCNC(=O)O*,egc,6.2664,6.399036059783989
*c1ccc(-c2nc3cc4nc(*)oc4cc3o2)c(O)c1,egc,2.5896,3.144407936621248
*C(=O)C(C=C1)=CC=C1C(=O)C(=S)*,egc,2.994,3.187952702155814
*Oc1cc(Br)cc(Br)c1*,egc,4.3897,4.375216934828845
*CC(*)n1c(C)c(C)c2ccccc21,egc,2.733,3.0706892538580224
*CC(CBr)(CBr)CO*,egc,5.993,4.910575679798434
*CCCNC(=O)CCCCCCCC(=O)NCCCNC(=O)C(=O)N*,egc,4.7768,5.496830984667247
*c1cc(CCCC(F)(F)C(F)(F)C(F)(F)C(F)(F)F)c(*)s1,egc,2.4769,3.2659202893724575
*CCCCCCCCCNC(=O)CCCCCCCCC(=O)N*,egc,5.6744,5.991401744761765
*CCCCCCCCCOc1ccc(C=CC=Cc2ccc(O*)c(C)c2)cc1C,egc,3.4115,3.482137733967648
*OC(CCl)COC(=O)C1=C(C(=O)OCC(CCl)OC(=O)c2ccc(C(*)=O)cc2)C2C=CC1C2,egc,3.8265,4.455206301072224
*CCCCCCCCC(=O)N*,egc,6.101,6.018300919034251
*c1ccc(Oc2ccc(-n3c(=O)c4c(Oc5ccc(OC)cc5)c5c(=O)n(*)c(=O)c5c(Oc5ccc(OC)cc5)c4c3=O)cc2)cc1,egc,1.9559,2.264160249237197
*c1ccc(-c2ccc(-c3ccc(-c4nc5cc6sc(*)nc6cc5s4)cc3)c(-c3ccccc3)c2-c2ccccc2)cc1,egc,3.1992,2.9837335831597263
*CCCCCCCCCCC(Cl)C(*)Cl,egc,7.2165,6.663863477950084
*CC1CC1COC(=O)NC1CC1NC(=O)O*,egc,6.5515,6.220299665092505
*c1ccc(-c2ccc(-c3cc(-c4ccccc4)c4cc5c(-c6ccccc6)cc(*)nc5cc4n3)cc2)cc1,egc,2.8216,3.2046627202820197
*C(C=C1)=CC=C1OC(S2)=CC=C2O*,egc,4.6798,4.155876585946302
*N=P(*)(Cl)Cl,egc,3.9556,2.2078898232816706
*CCCCCCCCOC(=O)c1cccc(C(=O)O*)c1,egc,5.1133,4.97460684445591
*OP(=O)(Oc1cccc2c(*)cccc12)OC1CCCCC1,egc,4.0777,4.090334780660094
*c1cc(OCCOCCOC)c(*)s1,egc,1.6389,2.915904552144993
*c1ccc(-c2cc(CCCCCCBr)c(*)s2)s1,egc,1.9133,1.9469652687712848
*CC1CCC(COC(=O)C(=O)O*)CC1,egc,5.4765,6.200938122829354
*CC(*)OC(=O)CCCCC,egc,6.3448,6.34944823910135
*Oc1ccc(C(=O)OCCCCOC(=O)c2ccc(*)cc2)cc1,egc,4.5398,4.448103867202034
*OC(=O)CCCCCCCCC(*)=O,egc,5.9944,6.4472637759010105
*CC(*)C(=O)OCC,egc,6.2551,6.632569528532318
*CCCOC(=O)COCC(=O)O*,egc,6.0368,6.461184628192138
*Cc1cccc(*)c1O,egc,4.4656,4.455759620900269
*CCOCCOC(=O)NCCCCCCNC(=O)O*,egc,6.0376,6.151156511705021
*CCOCCOCCOCCOCCOc1ccc(C=C(C)c2ccc(O*)cc2)cc1,egc,3.9391,3.7858525199936564
*C(=O)NCCCCCCCCNC(=O)c1cncc(*)c1,egc,4.7551,4.440512626427873
*CCCCCNC(=O)CCCCCC(=O)N*,egc,5.9272,6.043213456726822
*CC(*)C(=O)NC(C)CC,egc,5.3154,5.774543946287626
*CCOC(=O)Nc1c(C)c(C)c(NC(=O)O*)c(C)c1C,egc,5.3419,5.179154315569352
*CC(CC)(CC)COC(=O)CCC(=O)O*,egc,6.5001,6.645029921712209
*CCCCCC(*)CCCCCCCCCCCCCC,egc,6.895,6.442719905138648
*OC(=O)c1ccc(CCc2ccc(C(*)=O)cc2)cc1,egc,4.4852,4.217198699095338
*c1ccc2oc(*)nc2c1,egc,3.9774,3.3680190703925352
*CC(=O)C(S1)=CC=C1C(S2)=CC=C2*,egc,2.8653,2.689737515300295
*CC(C)(C)C1CC=C(*)CC1,egc,5.4516,5.080874094877268
*Oc1ccc(NC(=O)NC2CC(C)(C)CC(C)(CNC(=O)Nc3ccc(*)cc3)C2)cc1,egc,4.2227,4.130387170445454
*CC(*)c1ccc2ccccc2c1,egc,3.6351,3.275943975249991
*CC(CCl)(CCl)C(=O)O*,egc,6.551,6.188549145186053
*C(=O)Nc1ccc(NC(=O)c2ccc3[nH]c(-c4cc(-c5nc6cc(*)ccc6[nH]5)cc(N5C(=O)c6ccccc6C5=O)c4)nc3c2)cc1,egc,2.3407,2.8553687739261484
*Sc1ccc(Nc2ccc(Nc3ccc(Nc4ccc(*)cc4)cc3)cc2)cc1,egc,3.2757,3.1666314350068197
*C(=O)C(C=C1)=CC=C1C(C=C2)=CC=C2C(C=C3)=CC=C3*,egc,3.3319,3.3800603162461353
*CC(=O)NCCCCCCNC(=O)COc1ccc(O*)cc1,egc,4.6023,4.735424003381897
*CC(*)N,egc,5.222,6.488467819373626
*c1sc(*)c(OCCCC)c1OC,egc,3.2859,2.7344312703625557
*CC(*)c1cc(C)ccc1C,egc,4.9137,4.729768972565777
*C=CC(C)C(*)C(=O)OCC(C)C,egc,5.4659,5.794539838868601
*c1ccc(-c2ccc(-c3ccc(-n4c(=O)c5cc6c(=O)n(*)c(=O)c6cc5c4=O)cc3)cc2)cc1,egc,2.1515,2.2988093794756357
*CCCCCC(=O)NCCOC(=O)CCCCC(=O)O*,egc,6.3289,6.2446635292988635
*C(=O)C(C)NC(=O)CNC(=O)C1CCCN1*,egc,5.7716,5.373717613995677
*CCCCOC(=O)C1CCC(C(=O)O*)CC1,egc,6.3839,6.740107178177167
*Oc1ccc(-c2ccc(N=Nc3ccc(C(*)=O)cc3)cc2)cc1,egc,3.5627,3.4516005858627716
*C=C(*)c1cccc([Si](C)(C)C)c1,egc,0.7366,2.446312656568071
*Nc1ccc(NC(=O)c2cc(NC(=O)c3ccc(NC(=O)C(C)N4C(=O)c5ccccc5C4=O)cc3)cc(C(*)=O)c2)cc1C,egc,2.319,2.81569766726647
*Nc1cc(NC(=O)c2ccccc2C(*)=O)cc(-c2nnc(-c3ccccn3)o2)c1,egc,3.5021,3.210914770308465
*C(=O)C(C=C1)=CC=C1C(C=C2)=CC=C2C(S3)=CC=C3*,egc,2.8474,2.915392288591852
*CC1(CO*)CC2C=CC1C2,egc,5.6096,5.324593543303155
*C(=O)OCCCCOC(=O)N1CCN(*)CC1,egc,5.8653,5.61423542737216
*CCCCCCCCCCOC(=O)CCCCCC(=O)O*,egc,6.771,6.929245848607235
*c1ccc(S(=O)(=O)c2ccc(N3C(=O)c4ccc(Oc5ccc(Oc6ccc7c(c6)C(=O)N(*)C7=O)cc5)cc4C3=O)cc2)cc1,egc,3.2399,2.8941198332120646
*Oc1c(Cl)cc(NC(=O)NCCCCCCNC(*)=O)cc1Cl,egc,4.9474,4.616934062423319
*OC1CCC(OC(=O)OCCCCCCOC(*)=O)CC1,egc,7.1086,6.910473683068327
*CC(=O)OC(=O)c1ccc(O*)cc1Br,egc,4.4665,4.658598911486745
*C(F)(F)C(F)(F)C(=O)C(C=C1)=CC=C1*,egc,4.443,4.320418586785388
*C(F)(F)C(F)(F)C(=O)C(S1)=CC=C1*,egc,3.8794,3.60734475133276
*C(=O)OCCCCCCCCCCCCOC(=O)c1ccc(N2C(=O)c3ccc(*)cc3C2=O)cc1,egc,3.2472,3.038733854620478
*c1ccc(*)n1C(C)C(=O)OC,egc,2.9894,2.9557554762479974
*OC(=O)CCSCCSCCC(*)=O,egc,4.6742,4.673498945348366
*OC(C)COC(=O)C1CCC(C(*)=O)CC1,egc,6.3027,6.553537664014859
*CCCCCCCCCCCOC(=O)c1ccc2cc(C(=O)O*)ccc2c1,egc,3.7387,3.920728165271487
*NC(=O)C(C=C1)=CC=C1C(=S)*,egc,2.8785,3.2969095112752593
*CCCCCCCCCCCCCCCCCCCCOC(=O)C(=O)O*,egc,5.2426,6.27257289080247
*Oc1ccc(C2(c3ccc(OC(=O)c4ccc(C(*)=O)cc4)cc3)CC3CC2C2CCCC32)cc1,egc,3.4323,3.4437349472189376
*NC(C)C(C)(C)C(*)=O,egc,5.5547,5.698615625689852
*NC(=O)C(=S)C(=O)*,egc,1.0075,2.631141166793444
*CCOC(=O)CCC(C)CC(=O)O*,egc,6.6742,6.667485399346789
*CC(CCl)(CCl)COC(=O)c1cccc(C(=O)O*)c1,egc,4.938,4.739939815063037
*CCCCCCCC(=O)OCC1COC(*)O1,egc,6.6417,6.327389747386424
*c1ccc(Oc2ccc3ccc(Oc4ccc(-n5c(=O)c6cc7c(=O)n(*)c(=O)c7cc6c5=O)cc4)cc3c2)cc1,egc,2.1074,1.9441735217813676
*C=CC1CC(*)C(C#N)(C[Si](C)(C)C)C1,egc,5.6706,5.387463320898768
*c1ccc(Cc2ccc(N3C(=O)c4ccc([Si](C)(C)c5ccc6c(c5)C(=O)N(*)C6=O)cc4C3=O)cc2)cc1,egc,2.9801,3.363467184534383
*C=Cc1csc(-c2cc(*)cs2)c1,egc,3.0335,2.4524234685917254
*Oc1ccc(Nc2ccc(C(=O)c3ccc(C(=O)c4ccc(Nc5ccc(*)cc5)cc4)cc3)cc2)cc1,egc,2.99,3.243330620250297
*Nc1ccc(-c2ccc(NC(=O)c3cc(C(*)=O)cc(S(=O)(=O)c4ccccc4)c3)cc2)cc1,egc,3.1781,3.285453383914386
*OC1CCC(C2CCC(OC(=O)CCCCCCCCC(*)=O)CC2)CC1,egc,6.3469,6.296860181923839
*CCOC(=O)Nc1ccc(-c2ccc(NC(=O)O*)c(C)c2)cc1C,egc,4.3385,4.180499645418068
*CCCCCCNC(=O)C(CCCCCCCCCCCCCCCC)C(=O)N*,egc,6.0328,5.816770988893097
*NNC(=O)c1ccc(C(=O)NNC(=O)CCCCC(*)=O)cc1,egc,4.3653,4.44229642799495
*C=CC(C*)(C(F)(F)F)C(F)(F)F,egc,6.1653,5.7908505694956895
*C(F)(F)C(F)(F)C(S1)=CC=C1O*,egc,4.1725,4.667120434672555
*NC(C=C1)=CC=C1C(C=C2)=CC=C2C(C=C3)=CC=C3*,egc,3.4269,3.1252889653920084
*CCCCCn1c(=O)c2ccc3c4ccc5c(=O)n(*)c(=O)c6ccc(c7ccc(c1=O)c2c37)c4c56,egc,1.9902,2.25620031412453
*NNC(=O)CCC(=O)NNC(=O)CCCCC(*)=O,egc,5.7153,4.763282680576734
*Oc1ccc(OC(=O)c2cc(OCCCCCCCCCCCC)c(C(*)=O)cc2OCCCCCCCCCCCC)cc1,egc,3.2519,4.183195071964406
*CCCCCCCCCCCCNC(=O)C(=O)N*,egc,5.7269,5.340525869067872
*Nc1c(C)c(C)c(C(=O)c2ccc(NC(=O)c3ccc(C(*)=O)cc3)cc2)c(C)c1C,egc,3.4801,3.784883824079264
*Oc1c(C)cc(C(C)(C)c2cc(C)c(OC(*)=O)c(C)c2)cc1C,egc,5.1025,4.991031458810294
*OC(CC(*)=O)C(C)C,egc,6.7353,6.523190274826605
*OC(=O)CSCCSCC(*)=O,egc,4.3837,4.518397056589655
*C(=O)c1ccc2c(c1)C(=O)N(c1ccc(Oc3cccc(N4C(=O)c5ccc(*)cc5C4=O)c3)cc1)C2=O,egc,2.4357,2.6724621855474906
*CCCCCCCCCC#CC#CCCCCCCCCCOC(=O)CCCCCCCCC(=O)O*,egc,5.4028,6.11761270459457
*NC(S1)=CC=C1C(S2)=CC=C2C(=S)*,egc,2.0192,1.7877888767976369
*c1ccc(-c2ccc(-c3cc(SCCCC)c(*)s3)cc2)cc1,egc,2.8499,2.649139708543737
*C1C=CC(*)CC1,egc,5.6051,5.0480244140056625
*c1ccc(Oc2cc(C(C)(C)C)ccc2Oc2ccc(-n3c(=O)c4cc5c(=O)n(*)c(=O)c5cc4c3=O)cc2)cc1,egc,2.2831,2.0686024356319477
*CCCCCCCCOC(=O)NCCCCCCCCCCNC(=O)O*,egc,6.1384,6.201378140414431
*c1cc(-n2c(=O)c3cc4c(=O)n(*)c(=O)c4cc3c2=O)c(O)cc1O,egc,2.8367,2.8399412097638947
*NC(=O)OC(S1)=CC=C1*,egc,3.8172,3.8015850008578584
*c1ccc(C(=O)c2ccc(-n3nc(-c4ccc(Oc5ccc(-c6nn(*)c(=O)c7ccccc67)cc5)cc4)c4ccccc4c3=O)cc2)cc1,egc,3.4719,3.1322362022772747
*Nc1cccc(C#Cc2cccc(C(*)=O)c2)c1,egc,3.7438,3.0332038866705706
*Cc1ccc(COC(=O)CC(=O)O*)cc1,egc,5.5783,5.248410629554254
*C=Cc1ccc(*)c(C(=O)OC)c1C(=O)OC,egc,4.11,3.655009764470893
*CC(*)Cn1cc2ccccc2n1,egc,3.9074,3.9261943036887956
*CC(=S)C(C=C1)=CC=C1C(=S)*,egc,1.5353,2.425808419387792
*CC(*)C(=O)Oc1ccc(C#N)cc1,egc,4.6366,4.418083782193591
*CCCCCCCCCCNC(=O)CCP(C)(=O)CCC(=O)N*,egc,5.8056,5.635224353143057
*c1ccc(Oc2ccc(C(=O)c3ccc(Oc4ccc(-n5c(=O)c6cc7c(=O)n(*)c(=O)c7cc6c5=O)cc4)cc3)cc2)cc1,egc,2.395,2.097016111168987
*CNC(=O)CCCCCCCCC(=O)N*,egc,6.1742,5.758664376741754
*NC(CC(*)=O)C(=O)OCC(C)C,egc,6.1208,5.814483476036021
*Nc1nc(*)nc(-c2ccccc2)n1,egc,4.2193,4.395393998523609
*CC(*)c1nc(C)nc(C)n1,egc,5.2445,4.527250890994409
*CC(=O)C(S1)=CC=C1C(C=C2)=CC=C2*,egc,3.4067,2.9222221938722117
*CC1CCC(CNC(=O)CCCCCCCC(=O)N*)CC1,egc,5.7062,5.907785446637529
*C(=NCCCCCC)N(*)CCCCCC,egc,4.3588,5.176452937169928
*c1sc(*)c2ccccc12,egc,1.8359,2.6917066581283406
*c1ccc(Oc2ccc3c(c2)C(=O)N(*)C3=O)cc1,egc,3.4303,4.079300618697492
*C=CC(C*)C(C)CC,egc,4.9643,5.2824473233060125
*CC1CCC(COC(C)OC(=O)c2cccc(C(=O)OC(C)O*)c2)CC1,egc,4.9396,4.9872867032564026
*NC(C)C(=O)NC(CCC(=O)OCC)C(=O)NCC(*)=O,egc,5.3361,5.37607289702893
*C=CCC(C)(CC*)C(=O)OC,egc,5.4945,5.5160322956776096
*CC1CCC(COC(=O)O*)CC1,egc,6.8655,6.832661435641079
*CCOCC(=O)NCCNC(=O)CO*,egc,5.9751,5.697653019295294
*c1ccc(Oc2ccc(-c3nc4cc5sc(*)nc5cc4s3)cc2)cc1,egc,3.2878,3.3251440922044773
*CCCCCCCCCCCCCNC(=O)CCCCCCCCCCCC(=O)N*,egc,5.8961,5.888061155511653
*NNC(=O)c1cccc(C(*)=O)c1,egc,5.0927,4.8984833112561486
*Oc1ccc(NC(=O)c2cc(NC(=O)c3ccncc3)cc(C(=O)Nc3ccc(*)cc3)c2)cc1,egc,3.2858,3.291586662805533
*CCCC(Cl)C(*)Cl,egc,6.8622,6.563594309480043
*OC(*)C(Cl)Cl,egc,6.5565,6.653717908762891
*CC(*)C(=O)OC(OCC)C(F)(F)F,egc,6.3353,6.734880127014339
*CCOCCOC(=O)C(=O)O*,egc,5.9165,5.803365544944456
*CCOC(=O)c1ccc(C2(C)CC(C)(C)c3ccc(C(=O)O*)cc32)cc1,egc,4.3486,4.595485720695789
*C(=O)c1cccc(C(=O)N(C)c2cccc(N(*)C)c2)c1,egc,4.4341,3.3759992436738733
*Oc1ccc(C(=O)OCCCOC(=O)c2ccc(OC(=O)c3ccc(C(*)=O)cc3)cc2)cc1,egc,4.0079,3.9579242921020468
*c1cc(CCCCCCCCCCCC)c(-c2sc(*)c3c2OCCO3)s1,egc,2.3785,1.2898278964992056
*Oc1ccc(Oc2ccc(C(=O)c3ccc(*)cc3)cc2)cc1CC#N,egc,4.0183,3.7223533513724587
*C(C=C1)=CC=C1C(=S)OC(=S)*,egc,2.8098,2.7060466573245083
*CCCCCCNC(=O)N*,egc,5.7413,5.904645561340074
*CC1CCC(CNC(=O)c2cccc(C(=O)N*)c2)CC1,egc,4.9032,4.869008472418532
*OC(*)C=C,egc,6.1637,4.662987878991481
*CCCCCCNC(=O)CCCC(=O)O*,egc,5.9363,6.014508612827371
*CCOC(=O)C1CCC(C(=O)O*)CC1,egc,6.5843,6.305138192323289
*CCOCCOC(=O)c1ccc(NC=Nc2ccc(C(=O)O*)cc2)cc1,egc,4.1569,3.577217396813284
*CC(COc1ccc(Cl)cc1)O*,egc,4.8901,5.178457950622106
*OC(c1ccco1)C(C)(C)C(*)=O,egc,5.4574,5.127231587148172
*Oc1ccc(NC(=C(C#N)C#N)c2ccc3cc(C(Nc4ccc(*)cc4)=C(C#N)C#N)ccc3c2)cc1,egc,2.9429,2.8648939210965905
*Oc1ccc(-c2ccc(OC(=O)CCCCCCCCCCCC(*)=O)cc2)cc1,egc,4.4464,4.300337110392894
*CC(*)c1ccc(S(=O)(=O)O)cc1,egc,3.2569,4.262510750277585
*CCCCNC(=O)c1cccc(C(=O)N*)c1,egc,5.1173,4.905193041002767
*OC(*)CCC#N,egc,6.5576,6.106752550195864
*c1ccc(Oc2ccc(Oc3ccc(N4C(=O)CC(=O)N(*)C4=S)cc3)cc2)cc1,egc,3.1515,3.194858691433941
*Oc1cc(OC(=O)c2ccc(OCCCC)cc2)c(OC(=O)CCCC(*)=O)cc1OC(=O)c1ccc(OCCCC)cc1,egc,4.3317,4.21407876349926
*CC(*)CC,egc,6.517,6.35232573761645
*OC(C)COC(=O)CCCCCCCC(*)=O,egc,6.6084,6.508541261630791
*CC(*)C(=O)OCC(F)(F)C(F)(F)C(F)(F)F,egc,6.784,6.528566253728291
*CC(*)c1ccc(C)cc1C,egc,4.8585,4.483398173644895
*Oc1ccc(C(=O)NNC(=O)c2cccc(C(=O)NNC(=O)c3ccc(OC(=O)c4cccc(C(*)=O)c4)cc3)c2)cc1,egc,3.7359,3.5975812259615982
*NC(=O)C=CC(=O)Nc1nc(*)nc(N)n1,egc,3.896,3.5832814303287064
*C(S1)=CC=C1OC(=S)O*,egc,3.5737,3.5034968226689682
*OC(=O)Cc1ccc(CC(*)=O)cc1,egc,5.2715,4.933854381734233
*CC(*)(C#N)C(=O)OCC(C)C,egc,6.6162,6.360014478086003
*Oc1ccc(SSc2ccc(*)cc2)cc1,egc,3.8889,4.341427133398984
*NC(C(*)=O)C(C)CC,egc,5.462,6.010671454809392
*OC(C)CCOC(=O)CCCCSCCCCC(*)=O,egc,5.3678,5.30125039371283
*CC(*)(C)C(=O)OCCCCn1c2ccccc2c2ccccc21,egc,3.7637,3.68701265502793
*c1ccc(-c2cc(OCCCCCCCCCC)c(*)cc2OCCCCCCCCCC)cc1,egc,3.5012,2.9428736698236526
*OC1CC(c2ccccc2)CC(*)O1,egc,5.8678,5.385411253423441
*CCCCCCCCC(=O)NCCCCCOCCCCCNC(=O)CCCCO*,egc,5.8271,5.6334594715692425
*c1ccc(*)n1Cc1ccc[n+](C)c1,egc,0.2844,2.783082422482829
*C(C=C1)=CC=C1C(S2)=CC=C2C(C=C3)=CC=C3C(=S)*,egc,2.3434,2.2855760188384076
*CC(C)C1C(=O)N(CCC)C(=O)C1*,egc,5.8295,5.440704376509772
*Nc1ccc(NC(=O)CCCCCC(*)=O)cc1,egc,4.5224,4.579264057771845
*C(=O)Nc1cccc(NC(=O)c2ccc3[nH]c(-c4cccc(-c5nc6cc(*)ccc6[nH]5)c4)nc3c2)c1,egc,3.3364,2.909295956785565
*NC(=O)C(S1)=CC=C1O*,egc,4.3505,4.121006471649656
*CCCCCCCCNC(=O)CCC=CCCC(=O)N*,egc,5.2366,5.652962374445656
*Cc1ccc(CSSSS*)cc1,egc,4.3206,3.6605290705545825
*CC(CCCC)(CCCC)C(=O)O*,egc,6.671,6.317169155240986
*c1ccc(*)n1C(=O)OCC,egc,2.3493,3.1915110138800618
*c1ccc(*)c(C(=O)c2c(F)c(F)c(F)c(F)c2F)c1,egc,4.0903,3.8199588691780146
*CCCCOC(=O)CC(=O)O*,egc,6.6946,6.331531279674317
*c1ccc(*)c(C(=O)c2ccccc2)c1,egc,3.9696,4.0602128053161834
*CCCCOc1ccc(C=C2CCC(=Cc3ccc(O*)cc3)C2=O)cc1,egc,2.9446,3.660855912957581
*OC(=O)OC1COC2C(*)COC12,egc,6.8979,6.469822068753536
*c1cccc(C(F)(F)C(F)(F)C(F)(F)c2cccc(N3C(=O)c4ccc(Oc5ccc6c(c5)C(=O)N(*)C6=O)cc4C3=O)c2)c1,egc,3.4025,3.1813102157825175
*CC(c1ccccc1)C1C(=O)N(c2ccc(C(=O)Oc3ccc(C=O)cc3)cc2)C(=O)C1*,egc,4.2954,3.9381603426517056
*CC(OC)C(C(=O)O)C(*)C(=O)O,egc,6.3287,6.341218274823479
*c1sc(*)c2c1OCC(CCCCCCCCCCCC)O2,egc,1.9291,4.139441194821978
*c1ccc(Oc2ccc(-c3cnc4cc(Oc5ccc6nc(*)cnc6c5)ccc4n3)cc2)cc1,egc,3.1068,2.644502395468282
*c1cc2sc(*)c(C)c2s1,egc,3.8179,1.7362299962382601
*CCCCCOC(=O)c1cccc(C(=O)O*)c1,egc,5.0521,5.209841214922554
*NC1CCC(CC2CCC(NC(=O)CCCCC(*)=O)CC2)CC1,egc,5.6991,5.4426289531294705
*C=CC1CC(*)C2C(=O)N(c3ccc(C)cc3)C(=O)C12,egc,5.2272,4.848829596988037
*c1ccc(N2C(=O)c3ccc(C(=O)c4ccc5c(c4)C(=O)N(c4ccc6[nH]c(*)nc6c4)C5=O)cc3C2=O)cc1,egc,2.4444,2.539763676093406
*CC(*)OCCCCC,egc,5.9056,5.5978748270462715
*NC(C=C1)=CC=C1C(S2)=CC=C2C(C=C3)=CC=C3*,egc,2.7767,3.068607429764373
*C(F)(F)NC(F)(F)C(=O)*,egc,4.8818,5.119406043064376
*Nc1cc(C(c2ccc(O)c(NC(=O)c3ccc4cc(C(*)=O)ccc4c3)c2)(C(F)(F)F)C(F)(F)F)ccc1O,egc,3.7695,3.2500941573373905
*C(=O)OC1CCN(*)CC1,egc,5.5791,6.009306849857624
*CC(F)(F)C(F)(F)C(F)(F)COC(=O)CSCSCC(=O)O*,egc,5.1865,5.588609594881746
*C(=O)OC(=O)O*,egc,5.0987,5.647595613848282
*C=C(C)CC(C#N)CC*,egc,5.6857,5.454544779323987
*CCCCOC(=O)OCC1CCC(COC(=O)O*)CC1,egc,7.0222,6.507071035135715
*C(=O)OC(S1)=CC=C1C(=S)*,egc,2.7905,2.4939371355022857
*Nc1c([2H])c([2H])c(*)c([2H])c1[2H],egc,3.3666,3.2048943685251916
*CC(CO*)(CS(=O)(=O)C(C)C)CS(=O)(=O)C(C)C,egc,5.5454,5.748156198400431
*CCCCCOC(=O)O*,egc,7.3186,7.064431338717705
*C(=O)c1ccc2c(c1)C(=O)N(c1ccc(OCCOCCOCCOc3ccc(N4C(=O)c5ccc(*)cc5C4=O)cc3)cc1)C2=O,egc,2.5902,2.54911265958249
*CC(*)CCCC1CCCCC1,egc,6.3703,6.402361667384231
*c1ccc(-c2ccc(*)nc2)cn1,egc,3.5855,2.8084434898403012
*NC(CCC(*)=O)C(=O)OC,egc,5.6456,5.681716209582889
*c1cc(COCCCCCCCCCCCCOc2ccc(-c3ccc(OC)cc3)cc2)c(*)s1,egc,2.5163,2.6497705633682784
*CC(F)(F)C(F)(F)C(F)(F)C(F)(F)COC(=O)CSCCSCC(=O)O*,egc,5.0898,5.648263159668511
*CCCCCCCC[N+](C)(C)CCCCCC[N+](*)(C)C,egc,0.1032,2.6364232009305395
*Nc1nc(*)nc(Cl)n1,egc,4.4996,4.122253039359894
*C(=O)c1ccc2c(c1)C(=O)N(c1cccc(Nc3ncnc(Nc4cccc(N5C(=O)c6ccc(*)cc6C5=O)c4)n3)c1)C2=O,egc,2.4957,2.8309257988890324
*CCCCCCCCCCNC(C)=N*,egc,4.8855,5.4325321916883595
*OC(=O)OCC1OC(C)(C)OC1COC(=O)OC1COC2C(*)COC12,egc,6.6226,6.493939491282104
*C(=O)c1ccc2c(c1)C(=O)N(c1ccc(C3(c4ccc(N5C(=O)c6ccc(*)cc6C5=O)cc4)c4ccccc4-c4ccccc43)cc1)C2=O,egc,2.3311,2.5593251613787795
*Oc1ccc(C(C)(C)c2ccc(OC(*)=O)c(Cl)c2)cc1C,egc,5.1208,4.8478288250140515
*CCc1cnc(*)cn1,egc,4.5671,4.81394202794515
*C(=O)c1ccc2c(c1)C(=O)N(c1ccc(-c3ccc(N4C(=O)c5ccc(*)cc5C4=O)c(OC)c3)cc1OC)C2=O,egc,2.4885,2.730519818624008
*CC1(CO*)CCC(C)CC1,egc,5.8565,5.85280517578541
*C(C)=C(*)CCC,egc,5.0895,4.596026672230986
*CC(C)(C)CS(=O)(=O)CC(C)(C)COC(=O)O*,egc,6.8436,6.661255300370756
*CC(O*)C(F)(F)F,egc,6.7566,8.17294421030983
*CCOC(=O)CCCCCCC(=O)O*,egc,6.9025,6.797319753676646
*CC1CCC(COC(=O)CCCCC(=O)O*)CC1,egc,6.7775,6.650953537343826
*COC(=O)NCCNC*,egc,5.81,6.110791279569889
*NNC(=O)C=CC(=O)Nc1ccc(NC(=O)C=CC(*)=O)cc1,egc,3.0373,3.7897226907040036
*O[Si](C)(Oc1ccc(*)cc1)c1ccccc1,egc,4.1409,4.687496072762822
*CC(*)OC(=O)C(C)(C)C,egc,6.1579,6.163218714931115
*c1ccc(-c2ccc(-c3nc(-c4ccc(-c5csc(*)n5)cc4)cs3)cc2)cc1,egc,2.9481,3.1236304338909493
*CC(O)CN(*)c1ccc(N=Nc2ccc(Cl)cc2)cc1,egc,2.6263,3.4810607042882107
*Oc1c(-c2ccccc2)cc(*)cc1-c1cccc(C)c1,egc,3.8976,3.7053315519131127
*C(=O)N(*)CC,egc,6.052,5.799660750594042
*OC1C(COC(C)=O)OC(*)C(OC(C)=O)C1OC(C)=O,egc,5.9636,5.805502404371057
*c1cc(N=Nc2ccc(C(=O)O)cc2)cc(*)c1O,egc,2.9911,3.154603928989859
*CC(*)(C)C(=O)OCC(F)(F)C(F)(F)C(F)(F)C(F)F,egc,6.3477,6.490077576974094
*Oc1ccc(Oc2ccc(C(=O)c3ccc(*)cc3)cc2)cc1CBr,egc,3.6235,3.9186954084259877
*CCCCCCCCCCCCCCC(=O)O*,egc,6.9774,6.762143597617342
*CC(*)c1c(F)c(F)c(P(=O)(O)O)c(F)c1F,egc,4.4874,4.284145923407777
*C(=O)C(C=C1)=CC=C1C(S2)=CC=C2O*,egc,3.7187,3.1224378661152516
*CCCOC(=O)NCCSCCSCCNC(=O)O*,egc,5.2508,5.356160592610857
*CCNC(=O)c1ccc(O*)cc1,egc,5.0314,5.017436176101373
*C(=O)Nc1ccc(NC(=O)c2ccc3c(c2)C(=O)N(c2c(C)cc(C)c(N4C(=O)c5ccc(*)cc5C4=O)c2C)C3=O)cc1,egc,3.3589,2.649193914011052
*C(=O)c1ccc2c(c1)C(=Nc1ccc(Oc3cccc(N=C4OC(=O)c5ccc(*)cc54)c3)cc1)OC2=O,egc,2.5722,2.964522780543231
*c1ccc(C(=O)Oc2ccc3ccc(OC(=O)c4ccc(N5C(=O)CC(SCCOCCSC6CC(=O)N(*)C6=O)C5=O)cc4)cc3c2)cc1,egc,3.5935,3.3810909118485166
*CC(C)(CC)COC(=O)CCCCCCCCC(=O)O*,egc,6.7916,6.442269078535314
*c1ccc(Oc2ccc(-c3cnc4cc(-c5ccc6nc(*)cnc6c5)ccc4n3)cc2)cc1,egc,3.1085,2.9176356094992952
*CC(OC(=O)OCC)C(COC(=O)O*)OC(=O)OCC,egc,7.1757,6.399175506228151
*C=CCC*,egc,5.2133,4.238886138281833
*C1CC2C3CC4C(C3*)C24C1,egc,5.9559,6.161686289558727
*c1ccc(C)c(N2C(=O)c3ccc(S(=O)(=O)c4ccc5c(c4)C(=O)N(*)C5=O)cc3C2=O)c1,egc,3.2404,3.285231910523183
*Nc1c(Br)cc(*)cc1Br,egc,4.3604,3.1262181698585207
*CC(CCCC)O*,egc,5.4348,5.712975882193794
*c1c(C)cc(-c2cc(C)c(N3C(=O)c4ccc(-c5ccc6c(c5)C(=O)N(*)C6=O)cc4C3=O)c(C)c2)cc1C,egc,2.8885,2.9897920466674806
*Nc1nc(Nn2c(=O)c3cc4c(=O)n(*)c(=O)c4cc3c2=O)nc(N(CCC)CCC)n1,egc,2.5752,3.0399055630757115
*CCCCCCCCCCOC(=O)CCCCCCCCCCCCCCCCC(=O)O*,egc,6.6124,6.637912486667621
*c1ccc2c(c1)Cc1cc(N3C(=O)c4ccc(-c5ccc6c(c5)C(=O)N(*)C6=O)cc4C3=O)ccc1-2,egc,2.6588,2.766884448359327
*C(=O)C(C=C1)=CC=C1C(=S)O*,egc,3.2688,3.69680973186963
*C(=O)c1ccc2c(c1)C(=O)N(c1cc(-c3nc4ccccc4o3)cc(N3C(=O)c4ccc(*)cc4C3=O)c1)C2=O,egc,2.6591,2.7567801821260267
*c1ccc(-c2ccc(-c3ccc(*)n3C)o2)s1,egc,1.929,2.597255613798722
*C(=O)Oc1ccc(OC(=O)N2CC(C)N(*)CC2C)cc1,egc,5.5219,4.8898794631712175
*CCCCNC(=O)CCCCCC(=O)N*,egc,5.7771,6.060959714173089
*Oc1ccc(OC(=O)c2ccc(C(*)=O)cc2)cc1C1CCCCCC1,egc,3.5076,3.5535819248889418
*NC(CC(*)=O)C(=O)OCCCC,egc,6.151,5.876726348273304
*CC(*)C(=O)Oc1ccc(OC)cc1,egc,4.4447,4.558879422125713
*CCNC(=O)CCCCCCCCCCC(=O)N*,egc,5.5657,5.923851140909931
*C(=O)OC(S1)=CC=C1O*,egc,4.2235,4.199456874618063
*CCCCCCC(=O)N*,egc,6.0436,5.812589725054795
*C(OC)=C(OC)c1ccc(*)s1,egc,2.5351,3.430147653012059
*OC(=O)CCCCC(*)=O,egc,6.1659,5.971222861367894
*NC(CCCCNC(=O)NCCCCCNC(*)=O)C(=O)OC,egc,5.5834,5.678328978919909
*C(=O)Nc1cc(NC(=O)c2ccc(*)o2)c(N)cc1N,egc,2.8199,3.236137348773973
*C(C)C(*)O,egc,6.0639,6.2908949969367995
*NC(=O)C(C=C1)=CC=C1C(S2)=CC=C2*,egc,4.012,2.7964868209253297
*CCCCCCCCCCNC(=O)CCCCCCCC(=O)N*,egc,5.9559,5.966990384781834
*c1cccc(*)c1,egc,4.1803,3.520530752469247
*CCCN(*)C(=O)c1ccccc1,egc,5.2083,4.828818031515282
*CC(=O)OC(=O)COc1ccc(C(C)(C)c2ccc(O*)cc2)cc1,egc,4.2779,4.547091616925067
*CCCCCOC(=O)NC1CC1NC(=O)O*,egc,6.2104,6.270996566268655
*C(=O)C(C=C1)=CC=C1OC(=S)*,egc,3.5119,3.207375886291837
*CCCCCCCCCCCCOc1ccc(C=NN=Cc2ccc(O*)cc2O)c(O)c1,egc,3.7924,4.1312956613311735
*C(C#N)=C(c1ccccc1)c1ccc(*)cc1,egc,4.0078,2.9403669981649525
*CC(*)c1cc(OC)ccc1OC,egc,3.8323,4.140522205365223
*CCCCNC(=O)CCCCCCCC(=O)N*,egc,5.9048,5.9433366019096745
*Nc1ccc(*)cc1C,egc,3.5769,3.985377834455219
*c1ccc(Oc2ccc(-n3c(=O)c4c(F)c5c(=O)n(*)c(=O)c5c(F)c4c3=O)cc2)cc1,egc,2.0451,2.851487676642262
*CC(CO*)C(C)(C)C,egc,5.7599,5.549182952138672
*c1ccc(C)c(N2CC(=O)N(*)CC2=O)c1,egc,5.1153,4.313353932926532
*C(F)(F)C(*)(F)OC(F)(F)C(F)(F)F,egc,8.7447,8.153420939388258
*CC(*)(C)C(=O)OCC(=O)N1CCCC1,egc,5.0881,5.74486643917931
*CCOC(=O)Nc1cccc(NC(=O)O*)c1,egc,5.098,4.869828396436966
*NC(C)(CC)C(*)=O,egc,5.7479,5.421007478842212
*CC(COCCCC)O*,egc,5.3487,5.894712432120251
*CCCCCCCCn1c(=O)c2cc3c(=O)n(*)c(=O)c3c(Br)c2c1=O,egc,3.5401,3.5854426983677405
*CCc1ccc(*)o1,egc,4.9056,3.9839051347290666
*Cc1ccc(CNC(=O)CCCCCCCCCCCCCCCCCCCCC(=O)N*)cc1,egc,5.5873,5.140904715301762
*Oc1ccc(C(c2ccc(OC(=O)c3ccc(OCCCCCCCCCCOc4ccc(C(*)=O)cc4)cc3)cc2)(C(F)(F)F)C(F)(F)F)cc1,egc,4.4545,3.955464961516002
*Oc1ccc(NC(=O)c2cc(C(=O)Nc3ccc(*)cc3)cc(S(=O)(=O)c3ccccc3)c2)cc1,egc,3.3682,3.862737987335674
*OC(COC(*)=O)COc1ccccc1,egc,5.4034,5.098426973447889
*C=CC1=C(O)C(O)=C(*)C1,egc,1.3796,3.13615007848773
*CCSSCCOCO*,egc,5.3189,5.431453207185682
*NC(S1)=CC=C1C(=O)C(S2)=CC=C2*,egc,2.2308,3.2480531375123842
*c1cc(-c2nc3ccccc3o2)cc(-n2c(=O)c3cc4c(=O)n(*)c(=O)c4cc3c2=O)c1,egc,2.4745,2.400357423982403
*CC(CCl)O*,egc,6.3441,6.385942858538062
*OC(=O)c1ccc(CCCCc2ccc(C(*)=O)cc2)cc1,egc,4.8401,4.4098920426643105
*CCCCCCCCCCCCOC(=O)NCCCCCCNC(=O)O*,egc,6.1958,6.268304004804029
*Oc1ccc(Oc2ccc(C(=O)c3cccc(-c4cccc(C(=O)c5ccc(*)cc5)c4)c3)cc2)cc1,egc,3.724,3.509696222890865
*c1cccc(-c2nc3ccc(-c4ccc5nc(*)sc5c4)cc3s2)c1,egc,3.3066,3.2643810581286585
*C1=CC(C)C(C(=O)C(=O)C2CC3C(*)CC3(O)C2=O)C(=O)N1C,egc,2.7097,4.891767820062575
*C(=O)OCC(C)(C)COC(=O)N1CC(C)N(*)CC1C,egc,5.8365,5.8176096876504255
*C=Nc1ccccc1N=Cc1ccc(Sc2ccc(*)o2)o1,egc,2.7375,2.955264538625036
*COC(=O)Nc1ccc(Cc2ccc(NC(=O)OCc3cocc3*)cc2)cc1,egc,4.6344,3.5290049891474196
*CCOC(=O)Nc1cccc2c(NC(=O)O*)cccc12,egc,3.9352,3.7545803575544054
*CC#CC#CCOc1ccc(-c2ccc(O*)cc2)cc1,egc,4.0246,4.048278297444231
*c1ccc(-c2nc3ccc(S(=O)(=O)c4ccc5nc(*)c(-c6ccccc6)nc5c4)cc3nc2-c2ccccc2)cc1,egc,2.8529,3.2303737857584096
*CCCCNC(=O)CCCCCCC(=O)N*,egc,6.0697,5.890794640343641
*CC(CBr)O*,egc,6.2128,5.4750348181845006
*CCCCCCCCCCNC(=O)CCCCCCCCCCCCCCCCC(=O)N*,egc,5.9174,5.91693582365583
*CC(OC(C)=O)C1C(=O)N(c2ccccc2)C(=O)C1(*)Cl,egc,5.0889,4.606390720048918
*c1ccc(Cc2cccc(-n3c(=O)c4cc5c(=O)n(*)c(=O)c5cc4c3=O)c2)cc1,egc,2.6251,2.734214101601157
*Nc6ccc(c5ccc(NC(=O)c4ccc(C3(c1ccc(C(*)=O)cc1)OC(=O)c2ccccc23)cc4)cc5)cc6,egc,3.2864,3.108621768230171
*CC(=O)Nc1ccc(NC(=O)CN2C(=O)c3ccc(C(=O)c4ccc5c(c4)C(=O)N(*)C5=O)cc3C2=O)cc1,egc,2.4122,3.3599728216025326
*C(=O)c1ccc2nc(-c3ccc(-c4nc5ccc(*)cc5nc4-c4ccccc4)cc3)c(-c3ccccc3)nc2c1,egc,3.0508,2.848960504207424
*CC(*)C(=O)OCCCSCCC#N,egc,5.408,5.0247542708165875
*C(OC(C)=O)=C(OC(C)=O)c1ccc(*)cc1,egc,3.7517,4.12974954816632
*OC1CCC(OC(=O)OCCCCOC(*)=O)CC1,egc,7.0064,7.040635813909904
*CCCCOC(=O)C1C(=O)C2CCC1C(=O)C2C(=O)O*,egc,5.3882,5.399020908999134
*CCCCCCCNC(=O)c1ccc(C(=O)N*)cc1,egc,4.6365,4.777112342044766
*C(=O)Oc1ccc(OC(=O)c2ccc3c(c2)C(=O)N(c2ccc(Oc4ccc(N5C(=O)c6ccc(*)cc6C5=O)cc4)cc2)C3=O)c(C(C)(C)C)c1,egc,2.5796,2.736763635919101
*Oc1ccc(NC(=O)c2cc(C(=O)Nc3ccc(Oc4ccc(C5(c6ccc(*)cc6)CC6CCC5C6)cc4)cc3)cc(C(C)(C)C)c2)cc1,egc,3.5452,3.981348431516556
*CCCCCCCCCCOCCCCCCCCCCOCCCCCCO*,egc,6.1357,5.885749143988985
*CC(C)(C)COC(=O)Nc1ccc(Cc2ccc(NC(=O)O*)c(C)c2)cc1C,egc,4.5157,4.690081505707349
*CC(*)(C#N)C(=O)OCC,egc,6.5171,6.637383204091755
*CCOCCOCCOCCOCCOCCOC(=O)c1cccc(C(=O)O*)c1,egc,4.6176,4.911234856654558
*CC(*)C(=O)OCC(F)(F)C(F)(F)C(F)(F)C(F)(F)C(F)(F)C(F)(F)C(F)(F)F,egc,6.2833,6.531064475454871
*c1cn(*)c2ccccc12,egc,4.1935,2.574614745098739
*CCN(CCOC(=O)c1cccc(C(=O)O*)c1)c1ccccc1,egc,3.0504,4.503093849831471
*ON(C(F)(F)C(*)(F)F)C(F)(F)C(F)(F)Br,egc,6.7014,6.476925681740428
*C(=O)c1ccc2c(c1)C(=O)N(c1cccc(Nc3nc(Nc4cccc(N5C(=O)c6ccc(*)cc6C5=O)c4)nc(N(C)C)n3)c1)C2=O,egc,2.5033,2.782182160075421
*c1ccc2c(c1)nc1c3cc4c(=O)n5c6cc(*)ccc6nc5c4cc3c(=O)n21,egc,2.1718,2.471045709383704
*Nc1ccc(Cc2ccc(NC(=O)c3ccc(C(*)=O)cc3)cc2)cc1,egc,3.2294,3.759574384107323
*C=CC1CC(*)C2C(=O)N(CCC)C(=O)C12,egc,5.2391,5.229962343630087
*NNC(=O)C(*)=O,egc,5.5325,4.939544632450813
*CCCCCCCCCCCCNC(=O)CCCCCCCCCCCCCCC(=O)N*,egc,5.8878,5.902952375138491
*C=C(*)c1cccs1,egc,3.6662,1.7335114378546508
*CCC(=O)C(=S)*,egc,3.2378,2.523726454080272
*CC(*)c1ccc(Cl)c(Cl)c1,egc,2.3069,3.119129739588785
*CC(*)C(=O)NC,egc,5.4371,5.297713365346978
*Oc1c(Cl)cc(C2(c3cc(Cl)c(OC(*)=O)c(Cl)c3)CC3CCC2C3)cc1Cl,egc,4.8308,4.630589274920857
*Nc1cc(Br)c(*)cc1Br,egc,3.1464,3.089034334296989
*CCCC(=O)N*,egc,5.5236,5.75238028947539
*C(=O)Oc1ccc(OC(=O)c2ccc3c(c2)C(=O)N(c2ccc(Oc4ccc(N5C(=O)c6ccc(*)cc6C5=O)cc4)cc2)C3=O)c(C)c1,egc,2.6804,2.71690932536932
*OC(=C)CC(*)=O,egc,5.0472,4.921607617848899
*C(F)(F)C(S1)=CC=C1C(F)(F)O*,egc,4.9584,4.379810724221752
*OC(C)COC(=O)Cc1ccc(CC(*)=O)cc1,egc,5.1464,5.237005125985979
*Oc1ccc(C(CC)(c2ccccc2)c2ccc(OC(=O)CCCCCCCCC(*)=O)cc2)cc1,egc,5.0249,4.589192463225973
*C(F)(F)C(F)(F)CC(C=C1)=CC=C1*,egc,5.1278,4.386086413234273
*Oc1cc(OC)c(*)cc1OC,egc,4.0822,4.315440457444912
*CCCCCCCCCCCCOC(=O)CC=CCC(=O)O*,egc,5.9809,6.079358158249233
*CCC(*)O,egc,6.3158,6.388835296176045
*c1cccc(-c2nc3cc(-c4ccc5[nH]c(*)nc5c4)ccc3[nH]2)c1,egc,3.5069,3.382868618726663
*Nc1ccc(*)cc1OCCCCCCCCCCCC,egc,3.5203,3.7102332771821014
*C(=O)C(C=C1)=CC=C1OC(S2)=CC=C2*,egc,3.6478,3.9007826515721797
*Oc1ccc(*)cc1,egc,4.035,4.381605702100129
*NNC(=O)c1ccc(C(*)=O)cc1,egc,4.8451,4.7275052099684665
*CC(*)OCCCl,egc,6.0339,6.323789985230862
*NC(CCCCNC(=O)NCCNC(*)=O)C(=O)OC,egc,5.4494,5.568495617077341
*CS*,egc,5.3464,4.757426418783833
*CC(=O)NCCCCCCNC(=O)Cc1ccc(*)s1,egc,4.7548,3.505395112859941
*CC(CO*)(CS(C)(=O)=O)CS(C)(=O)=O,egc,5.8874,5.61807757142742
*CCCCCCNC(=O)CC(=O)N*,egc,5.7541,5.737129576234244
*Oc1ccc(C(C)(c2ccc(Oc3ccc(C(=O)c4ccc(*)cc4)cc3)cc2)C(F)(F)F)cc1,egc,3.9149,4.2624470216721955
*OC(=O)OCCOCCOCCOC(=O)OC1COC2C(*)COC12,egc,6.4799,6.472114998581034
*c1c2ccccc2c(*)n1C,egc,2.8434,2.7593879745462795
*c1sc(-c2cc(SCC(C)CC)c(*)s2)cc1SCC(C)CC,egc,1.6105,2.3423636486717343
*CCN*,egc,5.0274,5.6607424536438735
*c1ccc(-c2ccc(-c3cc(OCCCCCCCCCCCC)c(*)s3)s2)s1,egc,1.9946,2.134676229326898
*CC(=S)NC(=S)*,egc,2.5403,3.7060666065355994
*CCCCCCCC(=O)O*,egc,6.6609,6.58713006618015
*CC(O)COc1ccc(C(C)(C)c2ccc(O*)c(Cl)c2)cc1Cl,egc,4.6702,4.74497219721901
*CC(*)C(=O)NCCc1ccccn1,egc,4.133,4.800164300569714
*C(=O)NNC(=O)c1cccc(C(=O)NNC(=O)c2cnc(*)cn2)c1,egc,3.3027,3.746869788350031
*c1ccc2cc(-c3nc4cc5nc(*)[nH]c5cc4[nH]3)ccc2c1,egc,3.1978,3.1713867760520604
*OC(=O)CCc1ccc(CCC(*)=O)cc1,egc,5.0434,5.30801410287728
*CC(*)n1c2ccccc2c2ccccc21,egc,4.0449,3.037496210225616
*C(C)=C(C)c1ccc(-c2ccc(*)s2)s1,egc,2.1828,2.3771683948614273
*N=Cc1ccc(C=Nc2sc(*)c(C#N)c2C#N)cc1,egc,1.5066,2.479812504892322
*C(=O)Nc1ccc(NC(=O)c2ccc3c(c2)C(=O)N(c2ccc(Oc4cccc5c(N6C(=O)c7ccc(*)cc7C6=O)cccc45)cc2)C3=O)cc1,egc,2.8645,2.3316377891397004
*c1ccc2nc3c4cccc5c6nc7ccc(*)cc7nc6c6cccc(c3nc2c1)c6c45,egc,2.69,2.712121617180237
*c1cc2c(s1)-c1sc(*)cc1C2=C1c2ccsc2-c2sccc21,egc,1.3371,1.797212633266916
*CC(COc1cccc(C)c1)O*,egc,5.1113,4.952956247619988
*CCN1C(=O)C(=CCCCC=C2SC(=S)N(*)C2=O)SC1=S,egc,3.4576,3.8048799840962757
*OC1C(CO)OC(*)C(O)C1O,egc,5.8509,6.252853532743582
*c1ccc(Oc2cc3ccccc3cc2Oc2ccc(-n3c(=O)c4cc5c(=O)n(*)c(=O)c5cc4c3=O)cc2)cc1,egc,2.0632,2.2407055846420683
*OC(=O)CCCCCCCC(*)=O,egc,6.2617,6.454091573143087
*c1sc(*)c(OC)c1OC,egc,4.1637,2.6621534533773596
*CC(*)O,egc,6.3648,6.201125547370521
*CCCCCC(*)CC,egc,6.7743,6.617919823856616
*CCCCCCCCCCOC(=O)CCC(=O)O*,egc,6.7167,6.782591650308195
*C1C=C(C)C(*)S1,egc,5.0392,4.568172493324163
*C(=O)NC(=O)NCCCN*,egc,6.155,5.794522867565204
*CCCCCCCCCCCCCCCCCC(=O)N*,egc,6.0841,5.991822389766847
*CCOC(=S)NC(=S)C(C=C1)=CC=C1N*,egc,2.7606,3.2204250561669037
*Nc1ccc(-c2ccc(NC(=O)c3ccc(C(*)=O)cc3)cc2)cc1,egc,3.3951,3.2639103109574568
*Oc1cccc(*)c1C#N,egc,4.3829,4.154692882112715
*c1cc(CCCCCCO[Si](C)(C)C)c(*)s1,egc,2.5263,3.093672267301413
*CC(C)(C)O*,egc,5.2445,5.738376172507132
*c1ccc(*)n1CCC(=O)OC,egc,2.7978,3.1570371197199854
*CCCCCCCCCC[n+]1ccc(-c2cc[n+](*)cc2)cc1,egc,2.5264,3.193395883329303
*Cc1ccc(COC(=O)O*)cc1,egc,5.5423,5.159453152041776
*c1cc(OCCCCCCCCCC)cc(-c2nc3cc4sc(*)nc4cc3s2)c1,egc,3.4894,3.752197564859704
*CC(*)c1ccc(C=O)cc1,egc,1.6275,4.251676723107773
*C=CC(=O)C=Cc1ccc(Sc2ccc(*)o2)o1,egc,2.5309,2.8463418244300165
*CC=CCNC(=O)CCC=CCCC(=O)N*,egc,5.3865,5.174035114336731
*CNC(=S)C(C=C1)=CC=C1*,egc,3.4579,3.1981015774135173
*C(=O)Nc1ccc(C2(c3ccc(N4C(=O)c5ccc(*)cc5C4=O)cc3)CCC(C(C)(C)C)CC2)cc1,egc,2.7711,3.240898186449659
*CNC(=O)N*,egc,5.4697,6.047498111279989
*OC(C)CCOC(=O)CCC(*)=O,egc,6.5372,6.4118386148954
*C(C#N)C(C#N)(C#N)*,egc,6.5693,5.9410485278479666
*OC(=O)OCCCCCCCCOC(=O)OC1COC2C(*)COC12,egc,6.6539,6.642297007816435
*c1ccc(C2C(c3ccccn3)C(*)C2c2ccccn2)cc1,egc,4.1962,4.483567403737655
*c1ccc(NC(=O)c2ccc(C(=O)Nc3ccc(-c4nc5ccc(-c6ccc7nc(*)[nH]c7c6)cc5[nH]4)cc3)cc2)cc1,egc,2.5692,2.9290336803850074
*c1cc(Br)c(Oc2c(Br)cc(N3C(=O)c4ccc(-c5ccc6c(c5)C(=O)N(*)C6=O)cc4C3=O)cc2Br)c(Br)c1,egc,2.9494,2.9905020099098554
*c1ccc(Oc2ccc(-c3nnc(*)o3)cc2)cc1,egc,3.7488,3.136962074896069
*CC(*)(C)C(=O)NCCC,egc,5.7916,5.593545356665776
*c1ccc(-c2ccc(-c3ccc4nc(Oc5cc(-c6ccccc6)c6cc(*)ccc6n5)cc(-c5ccccc5)c4c3)cc2)cc1,egc,3.3775,3.3152263644071938
*NC(=O)NC(C=C1)=CC=C1*,egc,4.3867,4.050538630004543
*CC(*)=C,egc,5.3034,4.682453186108404
*CCCOCCOCCOC(=O)Nc1ccc(C)c(NC(=O)O*)c1,egc,5.0994,4.952214547978278
*C#Cc1cc(CCCCCC)c(*)s1,egc,1.5751,2.66479827147794
*Oc1cccc(Oc2cccc(*)n2)c1,egc,4.536,4.590153502296737
*C(=O)Nc1ccc(NC(=O)c2ccc3c(c2)C(=O)N(c2cccc(N4C(=O)c5ccc(*)cc5C4=O)c2)C3=O)cc1,egc,2.9484,2.774684830279166
*OC1CCCCC1OC(*)=O,egc,6.7044,6.574079114534777
*CC(=S)NO*,egc,3.435,4.968375005763708
*C(=O)NC1CCCC(*)O1,egc,6.2047,5.61414560858182
*OC(=O)CCCCCCCCCCCCCCCCC(*)=O,egc,6.1592,6.428837990441086
*c1ccc(-c2ccc3nc(Oc4cc(-c5ccccc5)c5cc(*)ccc5n4)cc(-c4ccccc4)c3c2)cc1,egc,3.4645,3.379347955600842
*CCCCCCNC(=O)CCCCCCCCCCCCCCCCC(=O)N*,egc,5.8888,6.08401453646648
*CC(*)c1ccc(Cl)c(C)c1,egc,4.762,3.9880686076025866
*Oc1ccc(C(C)c2ccc(OC(*)=O)c(C)c2)cc1C,egc,5.159,4.735759403657407
*CCCCCCCCCCOC(=O)c1ccc2cc(C(=O)O*)ccc2c1,egc,3.7577,3.8217085871723517
*C(=O)c1ccc(N(*)C)cc1,egc,4.3942,3.5790552033822087
*CC(C)(C)COC(=O)NC1CCC(CC2CCC(NC(=O)O*)CC2)CC1,egc,5.9159,5.853032320529956
*C(=O)NNC(=O)c1cccc(C(=O)NNC(=O)c2ccc(*)nc2)n1,egc,3.6092,3.6219083520800375
*CCCCCCNC(=O)CCCCC(=O)NCC(=O)N*,egc,5.8188,5.827668592248857
*C(=O)c1ccc2c(c1)C(=O)n1c-2nc2ccc(-c3ccc4c(c3)nc3n4C(=O)c4ccc(*)cc4-3)cc21,egc,2.4234,2.4986467293138768
*CC(=S)C(C=C1)=CC=C1O*,egc,2.734,3.762962358078216
*C(=O)NNC(=O)c1ccc(C(=O)NNC(=O)c2ccc(*)nc2)s1,egc,3.3177,2.8731436482286044
*C(C=C1)=CC=C1C(C=C2)=CC=C2C(S3)=CC=C3C(=S)*,egc,2.3302,2.367147326181706
*CCCC(C)CC(=O)N*,egc,6.0894,5.9793469714616885
*CCCCCOC(=O)NCCSCCCCCCSCCNC(=O)O*,egc,5.1243,5.245850814947587
*C(=O)NCCCCCCNC(=O)c1ccncc1*,egc,4.5298,4.545868564506933
*C1CC2CC1C(*)C2CCCC,egc,6.1498,5.989045921743692
*CCC(C)CO*,egc,6.1714,6.030986395112028
*CCCCCCCCc1nc2ccc(-c3ccc4nc(*)oc4c3)cc2o1,egc,4.2242,4.120612394824338
*NC(=O)C(C=C1)=CC=C1C(C=C2)=CC=C2*,egc,3.3965,3.863644943331248
*CC(*)(Br)Br,egc,5.2567,4.860386867744945
*CC(C)(C=O)C(F)(F)C(*)([2H])[2H],egc,5.5464,6.340745568035062
*NC(C)CCCCC(*)=O,egc,5.5854,5.8849274715345485
*NC(C)CC(*)=O,egc,5.711,5.728052773099945
*Oc1ccc2c(c1)C(=O)N(Oc1ccc(C(N3C(=O)CC(*)C3=O)(C(F)(F)F)C(F)(F)F)cc1)C2=O,egc,3.5205,4.411988513508365
*Nc1ccc(C#Cc2ccc(C(*)=O)cc2)cc1,egc,2.946,3.619650311395593
*Oc1ccc(Oc2ccc(C(=O)c3ccccc3-c3ccccc3C(=O)c3ccc(*)cc3)cc2)cc1,egc,3.3644,3.2505110356357987
*C=NN=Cc1cc(CCCCCCCCCCCC)c(*)s1,egc,1.846,2.221869524796786
*CCCOc1ccc(C(=O)OC(=O)c2ccc(O*)cc2)cc1,egc,4.317,4.350051954771911
*c1ccc(Cc2ccccc2-n2c(=O)c3cc4c(=O)n(*)c(=O)c4cc3c2=O)cc1,egc,2.9239,2.6405978810418747
*c1cncc(-c2nc3ccc(-c4ccc5nc(*)sc5c4)cc3s2)c1,egc,3.1882,2.905627851690583
*OC(CCCCC)CC(*)=O,egc,6.5462,6.093178525353236
*Nc1ccc(NC(=O)CCCCCCCCC(*)=O)cc1,egc,4.5375,4.376131253996439
*CC(S1)=CC=C1C(C=C2)=CC=C2O*,egc,4.0623,3.839571015806408
*CC(S1)=CC=C1C(=O)C(S2)=CC=C2*,egc,3.4685,3.064967710463464
*CCCCCNC(=O)CCCCCCCCC(=O)N*,egc,5.6828,5.8384256912523576
*COC1CC2CC(O*)C1C2,egc,5.9517,6.092057377099423
*c1ccc2[nH]c(*)nc2c1,egc,3.9385,3.594246620662714
*Nc1ccc(*)cc1Br,egc,3.3506,3.1725644817457033
*CCOC(=O)c1ccc2ccc(C(=O)O*)cc2c1,egc,3.9507,4.037940961849407
*Nc1cc(*)ccc1C,egc,4.116,3.57602683895837
*CCCCCCCCCCCCNC(=O)CCP(C)(=O)CCC(=O)N*,egc,5.7027,5.742351533331119
*c1ccc(-n2c(=O)c3ccc4c5cc6c(*)ccc6n5c(=O)c-4cc3c2=O)cc1C,egc,0.896,2.374663548839501
*CCCCCCCCCCOC(=O)CC(C)C(=O)O*,egc,6.5777,6.470523123827725
*COC1CCC(*)OC1,egc,5.6324,5.918115663561294
*c1cc(CCCCCCCCCCCCCCC)c(*)s1,egc,2.922,2.9748902760078644
*CCCCCCCCCCCCCCOCO*,egc,6.6169,6.6801389164102885
*Oc1ccc(CC(NC(=O)CCc2ccc(OC(=O)CCCCCCC(*)=O)cc2)C(=O)OCC)cc1,egc,5.0929,5.245494803931008
*C([2H])([2H])C(*)([2H])Cl,egc,6.2382,6.690616138096542
*C=CC1CC(*)C(C(=O)Oc2ccccc2)C1,egc,4.8107,4.8827757728382135
*CCc1ccc(*)c(C#N)c1,egc,4.7476,4.587507006981963
*NC(C=C1)=CC=C1OC(=S)*,egc,3.7435,3.3830131643624943
*CC(O*)c1ccco1,egc,5.0251,4.9416329535248895
*Nc1ccc(*)cc1,egc,4.0074,3.76803798643577
*c1sc(*)c2sc(CCCCCCCCC)nc12,egc,3.6098,2.5528889777661905
*OC(C)CCC(C)OC(=O)CCCCCCCCC(*)=O,egc,6.1872,6.594667503127044
*C(=O)NCCCCCCNC(=O)N1CCN(*)CC1,egc,5.4634,5.686246910386224
*C(=O)Nc1cccc(NC(=O)c2ccc3c(c2)C(=O)N(c2cc(-c4nc5ccccc5o4)cc(N4C(=O)c5ccc(*)cc5C4=O)c2)C3=O)n1,egc,2.7946,2.6160567060846396
*CC(C)(C)COC(=O)CCCCC(=O)O*,egc,6.692,6.671529069034449
*c1ncc(-c2cnc(*)c(C)c2)cc1C,egc,3.4579,3.358244351640121
*OC(C)COC(=O)C(*)=O,egc,5.4575,5.863433723981187
*c1ccc(-c2nc3cc(-c4ccc5nc(*)c(-c6ccc7ccccc7c6)nc5c4)ccc3nc2-c2ccc3ccccc3c2)cc1,egc,2.9636,2.656354928638349
*Oc1ccc(OC(=O)c2ccc(C(*)=O)cc2)cc1CCC(C)CC,egc,3.5259,4.188275399961113
*C1=C2OCCOC2=C(c2ccc(-c3ccc(*)s3)s2)S1(=O)=O,egc,1.9368,2.796276843026438
*OC1C(C)(C)C(OC(*)=O)C1(C)C,egc,6.5093,6.188056290511296
*CCCCCCCCCCNC(=O)CCC=CCCC(=O)N*,egc,5.6731,5.57276033675991
*C(=O)Nc1ccc(Oc2ccc(NC(=O)c3ccc(N4C(=O)c5ccc(*)cc5C4=O)cc3)cc2)cc1,egc,2.4295,2.645688098680661
*CCCCCCCCNC(=O)CCC(=O)N*,egc,5.9696,5.896521937016123
*Nc1ccc(*)cc1C(C)CC,egc,3.553,3.9705142555185793
*Nc1ccc(-c2ccc(NC(=O)c3cccc(C(*)=O)c3)cc2)cc1,egc,3.4939,3.4829324601781466
*CCON*,egc,5.6784,5.744905764835443
*c1ccc(-c2ccc(-c3nc(CCCCCCCCCCCC)c(-c4sc(*)nc4CCCCCCCCCCCC)s3)s2)s1,egc,2.2184,2.7444429640849917
*Oc1ccc(NC(=O)OCCOC(=O)Nc2ccc(*)cc2)cc1,egc,4.8662,3.9267037772841147
*CCCCCCOC(=O)CCCCSCCCCC(=O)O*,egc,5.2687,5.331944643203331
*c1cc2c(s1)-c1sc(*)cc1C2=O,egc,1.4351,2.8253116113188295
*CCCCCCCCCCC(=O)NCCCCCOCCCCCNC(=O)CCCO*,egc,5.4741,5.799051960733044
*C(=O)C1CCCN1*,egc,5.5773,5.596466608769138
*C(=O)Oc1ccc(-c2ccc(OC(=O)c3ccc4c(c3)C(=O)N(c3ccc(Oc5ccc(N6C(=O)c7ccc(*)cc7C6=O)cc5)cc3)C4=O)cc2)cc1,egc,2.6231,2.526578800330032
*Oc1ccc(Oc2ccc(C=NCCCCCCN=Cc3ccc(*)cc3)cc2)cc1,egc,4.2565,4.107158681758913
*c1ccc(Oc2ccc(N3C(=O)c4cccc(Oc5cccc(Oc6cccc7c6C(=O)N(*)C7=O)c5)c4C3=O)cc2)cc1,egc,2.949,3.0006715191086157
*C(=O)c1ccc2c(c1)C(=O)N(c1cc(-c3nc4ccccc4oc3=O)cc(N3C(=O)c4ccc(*)cc4C3=O)c1)C2=O,egc,2.8859,2.600842024853444
*CCCCCCNC(=O)NCCNC(=O)N*,egc,6.0459,5.44135359552648
*Oc1ccc(N=Nc2ccc(C(*)=O)cc2)cc1C,egc,2.9443,3.8446961473592003
*CC(*)C(=O)OCC(F)(F)F,egc,6.7005,6.93117317071713
*Oc1ccc(CC(NC(=O)CCc2ccc(OC(=O)CCC(*)=O)cc2)C(=O)OCCCCCC)cc1,egc,5.1422,5.109896391403637
*C=Cc1csc(C=Cc2cccc(*)n2)c1CCCCCCCC,egc,3.2647,2.9462259581164796
*CCOCCOCCOC(=O)CCCCCC(=O)O*,egc,6.1082,6.4422110594323625
*COc1ccc(C(=C(Cl)Cl)c2ccc(O*)cc2)cc1,egc,4.1966,3.9206278515326742
*CC(COc1c(Cl)cc(Cl)cc1Cl)O*,egc,4.5851,4.535677637207819
*Nc1cc(C)c(*)cc1C,egc,3.9275,4.017807057401158
*Oc1ccc(Cc2ccc(*)cc2)cc1,egc,4.9481,4.412469689128134
*c1ccc(-c2ccc(N3C(=O)c4ccc(S(=O)(=O)c5ccc6c(c5)C(=O)N(*)C6=O)cc4C3=O)cc2C(F)(F)F)c(C(F)(F)F)c1,egc,3.252,3.325508539467597
*CC1(*)CCCCC1,egc,6.3291,6.592786324104116
*CCCCCCCCCCOC(=O)CCCCCCC(=O)O*,egc,6.7689,6.758176929101791
*Oc1ccc(C(=O)Nc2ccc(SCCC(*)=O)cc2)cc1,egc,3.9873,3.971498622225606
*CCCCCCCCCc1nc2ccc(-c3ccc4nc(*)oc4c3)cc2o1,egc,4.1522,4.061897387181135
*CCCCCC(=O)O*,egc,6.6614,6.662629890223388
*CCc1c(Cl)c(Cl)c(*)c(Cl)c1Cl,egc,4.5904,3.550937745177741
*CC(CCl)(CCl)COC(=O)CCCCCCCCC(=O)O*,egc,6.9205,5.9776153418614975
*Oc1ccc(S(=O)(=O)NCCNS(=O)(=O)c2ccc(*)cc2)cc1,egc,4.6084,4.486863971298718
*CC(*)c1cc[n+](CCCC)cc1,egc,0.5958,3.9154760692678474
*NC(=S)C(C=C1)=CC=C1C(=S)*,egc,1.0444,2.816884815944046
*CCCCCCCCCCC(=O)NCCCCCOCCCCCNC(=O)CCCCO*,egc,5.6858,5.662308333594695
*C(=O)OC1CCC(OC(=O)N2CCN(*)CC2)CC1,egc,5.8355,5.698284044459996
*Nc1ccc(C=Cc2ccc(NC(=C(C#N)C#N)c3ccc(C(*)=C(C#N)C#N)cc3)cc2)cc1,egc,2.0414,2.3291286202431887
*C1C2CC(C)C(C2)C1*,egc,6.0638,6.154548626919229
*C(=O)NC(=O)CNC(=O)ON*,egc,5.7289,4.7415878741381725
*Oc1ccc(OC(=O)Oc2ccc(OC(*)=O)cc2)cc1Cl,egc,5.1691,4.488066374231886
*c1[nH]c(*)c2c1CCC2,egc,2.6564,3.2229412438513934
*CCCP(CCCCCCCC)CCCNC(=O)C(=O)N*,egc,4.1641,5.044473291947861
*CC(C=C1)=CC=C1C(=S)C(S2)=CC=C2*,egc,2.7917,2.6878137663395485
*CCCCCCCCCCCCOC(=O)c1cccc(C(=O)O*)c1,egc,5.1678,4.894515172028561
*NNC(=O)C1CCC(C(=O)NNC(=O)CCCCC(*)=O)CC1,egc,4.9352,5.498127257607882
*CCCCCCNC(=O)CCC=CCCC(=O)N*,egc,5.6458,5.6603654401718195
*CC(C1=CC=CC=N1)CC(C2=CC=CC=N2)CC(C3=CC=CC=N3)*,egc,5.3668,4.381739923778614
*CC(OC=O)C(COC(=O)O*)OC=O,egc,7.0946,5.768701136479021
*CCCCCCNC(=O)CCCCCC(=O)N*,egc,5.936,5.942145161783345
*c1ccc(-c2ccc(-c3sc(*)c4c3OCCO4)s2)s1,egc,1.3916,1.774511379818947
*c1ccc(C(c2ccccc2)(c2ccc(-c3nc4ccc(-c5ccc6nc(*)oc6c5)cc4o3)cc2)C(F)(F)F)cc1,egc,3.4178,3.4950159887275234
*CCN(*)C(=O)c1c(F)cc(F)c(F)c1F,egc,4.9884,4.578915316888752
*C(F)(F)C(C=C1)=CC=C1C(F)(F)C(S2)=CC=C2*,egc,4.7168,3.8378507906993073
*OS(=O)(=O)c1cc(S(=O)(=O)Oc2ccc(C3(c4ccc(*)cc4)CCCC3)cc2)ccc1C,egc,3.9679,3.8529381129029443
*CC(*)(C)C(=O)OCc1ccc(Cl)cc1Cl,egc,4.8651,4.535267005079279
*NC1CC1NC(=O)C1CC1C(*)=O,egc,5.9042,5.889618075094727
*c1ccc(-c2csc(-c3cc(*)cs3)c2)cc1,egc,3.4782,2.893893759119848
*CCCCCCCCCCCCCCCC[N+](C)(C)CCCCCC[N+](*)(C)C,egc,0.1771,1.356721566726926
*C(C=C1)=CC=C1OC(C=C2)=CC=C2O*,egc,4.7875,4.719532449045349
*CC1CCCC(CNC(=O)c2cccc(C(=O)N*)c2)C1,egc,4.8123,4.715424675565378
*Oc1ccc(NC(=O)NCCCCCCNC(*)=O)cc1C,egc,4.8377,4.86723583119855
*c1nc2c(n1C)C(=O)N(*)C2=O,egc,4.0674,4.147745534932834
*CCCCCCCCNC(=O)CCCCCCCCCCCCCCCCCCC(=O)N*,egc,5.8607,5.961482405365338
*OC(F)(F)OC(F)(F)C(*)(F)F,egc,9.8151,8.04504335802882
*Cc1c(O)c(CNC(=O)N*)cc(C(CC)=NO)c1O,egc,4.9442,4.754501302740002
*NC(CC(*)=O)C(C)C,egc,5.9638,5.930767398913076
*CCSSCCO*,egc,5.6114,5.123196248040164
*CC(C[N-][N+]#N)O*,egc,5.5722,6.781434724553586
*c1cc(CCS(=O)(=O)O)c(*)s1,egc,2.5623,2.772625625257533
*CCCCOC(=O)Cc1ccc(CC(=O)O*)cc1,egc,5.4635,5.1820758449541975
*C=CC(C)C(*)C,egc,5.2899,4.48612560764424
*CCCCC(=O)O*,egc,6.623,6.954758203113861
*CC(O)COc1ccc(S(=O)(=O)c2ccc(O*)c(C)c2)cc1C,egc,4.1274,4.393212427366116
*C(=O)c1ccc2nc(-c3ccccc3)c(-c3ccc(-c4nc5ccc(*)cc5nc4-c4ccccc4)cc3)nc2c1,egc,3.1886,2.831421234244314
*Cc1ccc(CNC(=O)CCCCCCCCCCC(=O)N*)cc1,egc,5.2323,5.643485997890428
*C=C(*)c1ccc(C(=O)Oc2c(F)c(F)c(F)c(F)c2F)cc1,egc,1.1102,2.3955700174270493
*Nc1ccc(-c2ccc(NC(=O)CCCCCCCCC(*)=O)c(O)c2)cc1O,egc,3.9935,3.6767741374180654
*CCc1nnc(*)n1N,egc,5.722,4.999303821358249
*c1cc(CCN(CC)c2ccc(N=Nc3ccc(C=C(C#N)C#N)cc3)cc2)c(*)s1,egc,1.3795,2.195188912733467
*OP(=O)(Oc1ccc(C(C)(C)c2ccc(*)cc2)cc1)c1ccccc1,egc,4.2511,4.475280485307744
*CC(*)OC(=O)CC1CCCC1,egc,6.5327,6.375502840711788
*c1ccc(-c2ccc(-c3ccc(*)s3)s2)[nH]1,egc,2.182,2.194097741030786
*Nc1ccc(NC(=O)c2ccc(C(*)=O)cc2F)cc1F,egc,3.5151,3.6324887307378284
*C(=O)CCCCC(=O)N1CCN(*)CC1,egc,5.6091,5.584275093938445
*CCCCCCOC(=O)CCCCCC(=O)O*,egc,6.502,6.772301124077408
*c1cc(C#N)c(*)s1,egc,1.691,3.336873010445915
*c1cc(OCC(=O)C23CC4CC(CC(C4)C2)C3)c(*)cc1OC,egc,4.0135,4.009139941942555
*Oc1ccc(-c2ccc(Oc3ccc(C(C)(C)c4ccc(*)cc4)cc3)cc2)cc1,egc,4.2484,3.78469986404392
*CC(C)C=C(*)C,egc,5.1994,5.409385014010452
*C#CC#Cc1ccc(-c2ccc(*)s2)s1,egc,1.5899,1.7311432320623792
*CC(*)C(=O)Oc1ccc(C(C)=NNC(N)=O)c(O)c1,egc,3.6909,3.9362803890621794
*C1=CSC(=C2SC=C(c3ccc(*)cc3)S2)S1,egc,2.2436,2.8692274121640193
*CCCCCCCCCCCCCCCCCCCCC(*)Cl,egc,7.136,6.045447156538055
*c1cc(N=Nc2ccc(OC)cc2)cc(*)c1O,egc,3.0241,3.047546262152452
*c1ccc(-c2nc3cc(Oc4ccc5nc(*)c(-c6ccccc6)nc5c4)ccc3nc2-c2ccccc2)cc1,egc,3.1353,2.887315684439791
*Nc1cc(*)ccc1CCCCCCCCCCCC,egc,4.025,3.1269264245837416
*C=C1CCCCC(=Cc2ccc(Sc3ccc(*)o3)o2)C1=O,egc,2.9583,2.288666099856299
*c1ccc(OC(=O)c2cccc(C(=O)Oc3ccc(C4(*)OC(=O)c5ccccc54)cc3)c2)cc1,egc,3.9147,3.3140423415570606
*CCCCCCCCc1nnc(-c2cccc(-c3nnc(*)o3)c2)o1,egc,4.3273,4.02012009420276
*OC(F)(C(*)(F)F)C(F)(F)F,egc,8.6002,9.122748972814632
*CCC(C)CCC(=O)N*,egc,5.8159,5.8965023348624515
*c1ccc(Cc2ccc(-n3c(=O)c4cc5c(=O)n(*)c(=O)c5cc4c3=O)cc2)cc1,egc,2.6697,2.6066189673389095
*OC(C)CC(*)=O,egc,6.4371,6.230615659245602
*c1ccc2cc(-c3nc4cc5sc(*)nc5cc4s3)ccc2c1,egc,3.27,3.111521059270425
*c1cc(C(C(=O)OC)C(=O)OC)c(*)s1,egc,2.7717,3.1856944307506474
*OC1C(C)(C)C(*)C1(C)C,egc,5.3323,5.601199734942704
*CCCCCOC(=O)Nc1ccc(C)c(NC(=O)O*)c1,egc,5.0895,4.94180291354838
*C1=CC2=CC(*)=NC2=N1,egc,1.0627,3.220502106334622
*CCCCCOC(=O)C(=O)O*,egc,5.5658,5.850454353221532
*c1nc(Cl)nc(N(c2ccccc2)c2nc(Nc3ccccc3)nc(N(*)c3ccccc3)n2)n1,egc,3.6448,3.382775778913152
*C(=O)Nc1ccc(Cc2ccc(NC(=O)c3ccc4c(c3)C(=O)N(c3ccc(S(=O)(=O)c5ccc(N6C(=O)c7ccc(*)cc7C6=O)cc5)cc3)C4=O)cc2)cc1,egc,2.5578,2.8876073854135824
*Oc1ccc(CC(*)=O)cc1,egc,4.8618,4.841236716377168
*CC(*)C(=O)Oc1cccc(C)c1,egc,4.8262,4.779938403724013
*C(=O)C(S1)=CC=C1C(S2)=CC=C2C(S3)=CC=C3*,egc,1.9407,1.8589699708518745
*CCCCCCCCCCCCNC(=O)CCCCC(=O)N*,egc,5.5516,5.814591677568635
*C(=O)CCCCCCCCC(=O)N1CC(C)N(*)CC1C,egc,5.7455,5.456418079410896
*NC(S1)=CC=C1C(=S)C(C=C2)=CC=C2*,egc,2.3153,2.4707550554323667
*CCOCCOCCOC(=O)CCSCCC(=O)O*,egc,5.3579,5.013297355881029
*C(F)(F)C(F)(F)NC(C=C1)=CC=C1*,egc,4.4728,4.069270984038268
*CCCCCCCCCCNC(=O)CCCCC(=O)N*,egc,5.8086,5.9067369872848
*OC(CC(*)=O)C(C)(Cl)Cl,egc,6.4677,6.212980966403787
*CC(=O)C(=S)C(S1)=CC=C1*,egc,2.5515,2.5909018519816445
*CCCCCCOC(=O)NCCCCNC(=O)O*,egc,6.3921,6.246911761758386
*NC(CSSCc1ccccc1)C(*)=O,egc,4.9511,4.420039583015861
*c1ccc(-c2ccc(-c3cc(SCCCCCCCCCC)c(*)s3)cc2)cc1,egc,3.0684,2.6374690211355873
*CCCO*,egc,6.2459,6.13007720741693
*CC1CCC(CNC(=O)c2cc(C(=O)N*)cc(C(C)(C)C)c2)CC1,egc,4.8744,4.61789346486754
*CCCCCNC(=O)CCCCCCC(=O)N*,egc,5.9286,5.86840535496459
*CCCCNC(=O)CCCCCCCCCCC(=O)N*,egc,5.9492,5.792927010392366
*CC(=O)C(*)C,egc,4.7758,5.589265562804011
*N=C(O)N=C(*)N=C(N)N,egc,3.4308,3.9707044873286534
*CC(=S)CC(=S)*,egc,2.5423,4.007005342764925
*Nc1ccc(Br)cc1-c1ccc(NC(=O)c2ccc(C(*)=O)cc2)cc1,egc,3.4431,3.098157622230667
*C(=O)c1ccc(C(=O)N(C)N(*)C)cc1,egc,4.0457,4.1123151837590015
*CCOC(=O)c1ccc(NC(=O)CCCCCCCC(=O)Nc2ccc(C(=O)O*)cc2)cc1,egc,4.188,4.402067401657738
*CC(CC)(CCl)CO*,egc,6.1616,5.833258752352406
*CCOCCOC(=O)C1CCC(C(=O)O*)CC1,egc,6.6414,6.3592541223371
*C(=O)Nc1cccc(NC(=O)c2cccc(NC(=O)c3ccc(-c4nc5cc(*)ccc5[nH]4)cc3)c2)c1,egc,3.3084,3.0733026996814896
*C=CCCCCCCCCCC*,egc,5.8787,5.884202662831715
*CC(*)OCC(=O)OC,egc,5.3903,6.631126066678234
*Nc1ccc(-c2ccc(NC(=O)c3cc(C(=O)O)c(C(*)=O)cc3C(=O)O)cc2)cc1,egc,3.2555,3.023485887329816
*CC(O*)C1CC(F)(F)C1(F)F,egc,6.5249,7.007757656258864
*c1sc(-c2cc(OCCCCC)c(*)s2)cc1OCCCCC,egc,1.2005,1.6396478849472422
*CCCCCCCCCCNC(=O)NCCCCCCCCNC(=O)N*,egc,5.9409,5.6727618757424985
O(*)c1ccc(cc1)C(=O)Nc1ccc(cc1)S(=O)(=O)c1ccc(cc1)NC(=O)c1ccc(cc1)(*),egc,3.8301,3.236693096205902
*NC(C)(C)CC(*)=O,egc,5.5484,5.921690394804173
*c1ccc(*)n1C(C(=O)NO)n1c2ccccc2c2ccccc21,egc,2.9081,2.8056514152343315
*OC(=O)CCCCCC(*)=O,egc,5.9809,6.308520979937564
*CCCCCCCCCCCCCCCCCCCCCC(=O)N*,egc,5.9891,6.066812180196499
*c1cc(C(c2ccc(O)c(-n3c(=O)c4cc5c(=O)n(*)c(=O)c5cc4c3=O)c2)(C(F)(F)F)C(F)(F)F)ccc1O,egc,2.3838,2.832161236678078
*CCCCCCCCCCNC(=O)CCCCCCCCCCCCCCC(=O)N*,egc,5.8964,5.923337641919063
*CC(COc1ccc(-c2ccc(C#N)cc2)cc1)O*,egc,4.4378,3.6520261057252865
*CCCCCCCCCCNC(=O)NCCCCCCNC(=O)N*,egc,5.6863,5.514929999114276
*Nc1cc(NC(=O)c2cccc(C(*)=O)c2)c(N)cc1N,egc,3.509,3.062049956272809
*CC(*)c1ccc(CCCCCCCCCCCCCCCC)cc1,egc,5.0097,4.053061487090292
*CC(CS(=O)(=O)C(C)C)O*,egc,5.0712,5.754373981339588
*CC(=S)CO*,egc,3.0342,4.976177164120066
*NC(=S)C(=C1)SC(=C1)C(=S)*,egc,2.1587,2.480004868505293
*Oc1ccc2ccc(OC(=O)Oc3ccc(OC(*)=O)cc3)cc2c1,egc,4.3295,4.1508395542381304
*CC(*)C(=O)OCC(F)(F)C(F)(F)OC(F)(F)F,egc,6.5517,6.671095791044552
*CCN(*)C(=O)c1c(F)cccc1F,egc,4.4989,4.7750218730505285
*CCCCCCCCCCCCCCCCCCOCO*,egc,6.7236,5.934540052605609
*CC(C)(C)COC(=O)O*,egc,7.3547,6.817444141966759
*OC(COCCOC)COC(*)=O,egc,6.2142,6.380368093118042
*OC(=O)CCCCCCCCCCC(*)=O,egc,6.499,6.166052776976118
*CC(OCC)C(C#N)(C#N)C(*)(C#N)C(=O)OC,egc,5.4657,5.711018275139808
*Oc1ccc(S(=O)(=O)c2ccc3cc(S(=O)(=O)c4ccc(Oc5c(C)cc(-c6cc(C)c(*)c(C)c6C)c(C)c5C)cc4)ccc3c2)cc1,egc,3.4715,2.9156972903747995
*c1ccc(N2C(=O)c3ccc(Oc4ccc5c(c4)C(=O)N(*)C5=O)cc3C2=O)cc1,egc,3.4906,3.3057799562117527
*CCC(C)C(C)CCNC(=O)c1cccc(C(=O)N*)c1,egc,4.994,4.883580247058236
*Cc1ccc(CN2CCN(*)C(C)C2)cc1,egc,4.6219,4.619224871803894
*c1ccc2c(c1)c1cc(*)ccc1n2CC1CO1,egc,3.2508,3.7972869394206827
*c1ccc(Nc2cc(C)c(*)s2)cc1,egc,3.2402,3.3538546753156453
*CCCOC(=O)CCCCSCCCCC(=O)O*,egc,5.3966,5.310393165791304
*COCC(C)O*,egc,6.2765,6.106165479054717
*CC(*)OC(=O)c1ccc(OC)cc1,egc,4.435,4.651132988932592
*OC(=O)C(Cc1ccccc1)NC(=O)CCCCC(=O)NC(Cc1ccccc1)C(=O)OC1COC2C(*)COC12,egc,5.287,5.293891605706358
*NC(C=C1)=CC=C1NC(S2)=CC=C2*,egc,3.8931,3.1987360710404835
*c1ccc(NC(=O)c2cccc(C(=O)Nc3ccc(-n4c(=O)c5cc6c(=O)n(*)c(=O)c6cc5c4=O)cc3)c2)cc1,egc,2.46,1.9683071332051327
*CCCCCCNC(=O)C(CC)CC(CC)C(=O)N*,egc,5.6687,5.8243367302223
*Oc1ccc(C2(c3ccc(OC(=O)c4ccc(C(*)=O)cc4)cc3)c3ccccc3-c3ccccc32)cc1,egc,3.1166,3.2694157860691244
*CC(*)(F)C(=O)OCC(F)(F)C(F)(F)F,egc,6.4706,6.607430096001087
*NC1CC(CCC(*)=O)C1(C)C,egc,5.7546,5.8194069376035875
*CC1(C)CC(N2C(=O)c3ccc(-c4ccc5c(c4)C(=O)N(*)C5=O)cc3C2=O)CC(C)(C)C1,egc,3.6926,3.562818512517909
*CCOCO*,egc,6.6358,6.366248333192765
*CCCCCCCCCCCNC(=O)CCCCC(=O)N*,egc,6.1376,5.807861967754313
*OC(=O)CCCCCCCCCCCCC(*)=O,egc,6.2591,6.193514572924239
*C(=O)c1ccc2c(c1)C(=O)N(c1ccc(N3C(=O)c4ccc(*)cc4C3=O)nc1)C2=O,egc,3.0206,3.018807830498276
*NC(C)CNC(=O)C1CC1C(*)=O,egc,5.5051,5.9023109692503795
*c1cc(C(=O)CC)c(*)[nH]1,egc,3.012,3.146944256733027
*OC(CC(*)=O)C1CCC=CO1,egc,4.8999,5.629748417236085
*NNC(=O)CCCCCCCCCCCCCCCCC(*)=O,egc,5.9847,5.5008086328249055
*C([2H])([2H])C(*)([2H])C([2H])=C([2H])[2H],egc,5.9833,5.320731190382637
*C(=O)c1ccc2c(c1)C(=O)N(c1ccc(C(=O)c3cccc(C(=O)c4ccc(N5C(=O)c6ccc(*)cc6C5=O)cc4)c3)cc1)C2=O,egc,2.9294,2.8144479423198403
*CC(*)OCCCCCCCCCCCC,egc,5.4919,5.658240684070163
*CCCCCCCCC(*)Cl,egc,6.9974,6.996479959270178
*Oc1ccc(N=CNc2ccc(*)cc2)cc1,egc,3.7365,3.279111912324214
*OP(=O)(Oc1ccc(-c2ccc(*)cc2)cc1)c1ccccc1,egc,4.2408,4.065170497797267
*OC(=O)CS(=O)(=O)Cc1ccc(CS(=O)(=O)CC(*)=O)cc1,egc,4.9033,4.505283766785172
*c1ccc(S(=O)(=O)c2ccc(-n3nc(*)c4ccccc4c3=O)cc2)cc1,egc,3.8603,3.2422839163952095
*C(C=C1)=CC=C1C(S2)=CC=C2OC(S3)=CC=C3*,egc,3.0679,2.998933612301921
*CC=CCOC(=O)NCCCCCCNC(=O)O*,egc,5.7218,5.813305930181879
*CCCCCCCCCCCCOC(=O)CCCCCCCCCCCCC(=O)O*,egc,6.4766,6.674978065148766
*c1ccc(-c2ccc(-c3ccc(*)s3)o2)o1,egc,1.6749,2.2824496793688605
*C=CC(C*)CCC,egc,5.7221,5.699964100769224
*CNOC(C=C1)=CC=C1*,egc,4.831,4.322274379866529
*c1cc(CCCCCCCCCC2COC(=O)O2)c(*)s1,egc,2.5293,2.8693432172641264
*C(=O)OC1CC(*)N(C(=O)OCc2ccccc2)C1,egc,5.588,5.36391274439007
*C(=O)NNC(=O)c1cnc(*)cn1,egc,3.0611,3.9374174334017953
*c1[nH]c(*)c(CC(=O)OC)c1CC(=O)OC,egc,3.2776,4.417922676829742
*Nc1ccccc1NC(=O)c1cccc(C(*)=O)c1,egc,3.6159,4.063973624720109
*NC(CC(*)=O)C(=O)OCC,egc,5.9557,5.562085913303029
*CCC[Si](C)(C)O[Si](C)(C)CCCn1c(=O)c2cc3c(=O)n(*)c(=O)c3cc2c1=O,egc,3.5354,3.435692360168417
*CC(*)(C#N)C(=O)OCCCCCCC,egc,6.3455,6.460714460572781
*c1ccc2c(c1)c1cc(*)ccc1n2-c1ccccc1,egc,3.553,3.3563219628787673
*Oc1ccc(-c2ccc(OC(=O)CCCCCCCCC(*)=O)cc2)cc1,egc,4.5699,4.29545901759464
*CCOC(=O)c1ccc(C(=O)NCCCCCCCCCCCCNC(=O)c2ccc(C(=O)O*)cc2)cc1,egc,4.4904,4.54798132182371
*CCCOC(=O)CCCC(=O)O*,egc,6.7627,6.693670918505443
*CCCOC(=O)CCC(C)CC(=O)O*,egc,6.7963,6.747546841194404
*OC1CCCCCC1*,egc,5.6512,5.768148514090819
*CC(CC(C)(C)C)O*,egc,5.3855,5.657494035285552
*CNCCCOCO*,egc,5.4895,5.8450800453017795
*CCCCCNC(=S)N*,egc,4.4944,5.7805727804039995
*Nc6ccc(C5(c3ccc(NC(=O)Cc2ccc(Oc1ccc(C(*)=O)cc1)cc2)cc3)OC(=O)c4ccccc45)cc6,egc,4.1183,3.742369641228199
*CC1CCC(COC(=O)C2CCC(C(=O)O*)CC2)CC1,egc,6.6637,6.509040585732169
*CC(=O)C(C=C1)=CC=C1C(=O)*,egc,4.4703,3.689256236781281
*c1sc(*)c([2H])c1[2H],egc,1.6361,3.5962171666732243
*Cc1ccc(COC(=O)CCC(=O)O*)cc1,egc,5.464,5.369789966396795
*CCCCCCCCCCCCCCOC(=O)CCCCC(=O)O*,egc,6.651,6.656033785255222
*NC(C=C1)=CC=C1NO*,egc,3.151,4.075274985692559
*c1cc(CCOCCOC)c(*)[nH]1,egc,2.8631,3.0377390305377205
*OC1CCC(OC(=O)CCCCC(*)=O)CC1,egc,6.706,6.454327061703554
*C=Cc1ccc(*)n1CCCCCC,egc,1.5103,2.224405761853618
*c1[nH]c(*)c2c1CCCCC2,egc,3.1158,3.5365007091180836
*CC(C)(C)COC(=O)NC(=O)c1cccc(C(=O)NC(=O)O*)c1,egc,4.9585,5.143226278319243
*c1cccc2c(-n3c(=O)c4cc5c(=O)n(*)c(=O)c5cc4c3=O)cccc12,egc,2.5506,2.77455188258375
*c1ccc(C(c2ccccc2)c2ccc(N3C(=O)c4ccc(S(=O)(=O)c5ccc6c(c5)C(=O)N(*)C6=O)cc4C3=O)cc2)cc1,egc,2.8677,3.076115088425273
*Nc1cc(*)ccc1N,egc,3.7339,3.7138286976794634
*CCCOC(=O)CCCCCCCC(=O)O*,egc,6.6032,6.727054664280497
*c1ccc(-c2nc3cc4nc(*)c(-c5ccccc5)nc4cc3nc2-c2ccccc2)cc1,egc,2.6364,3.2463059564789702
*C=Cc1ccc(*)nc1,egc,1.9268,2.464004275382536
*OC(F)(F)C(*)(F)F,egc,9.8627,7.956096841951116
*Oc1ccc(OC(=O)c2cc(OCCCCCCOCCCCC)c(C(*)=O)cc2OCCCCCCOCCCCC)cc1,egc,3.6545,4.18184680858153
*OC1C(COC(C)=O)OC(*)C(OC(C)=O)C1O,egc,5.6034,6.314197971829115
*CCCCCCCCCCCCCCCCCCCCOC(=O)CCCCC(=O)O*,egc,6.8416,6.645269985633655
*OCC(F)(F)C(F)(F)C(F)(F)COc1nc(F)nc(*)c1F,egc,5.4692,5.055863894386697
*Oc1cccc(C(=O)OCC(F)(F)C(F)(F)C(F)(F)COC(=O)c2cccc(*)c2)c1,egc,4.5011,4.348690223879921
*N=C(N=C(NC(C)=O)NC(C)=O)N=C(*)OC(C)=O,egc,3.7327,4.590997963627071
*CCCCCCNC(=O)CCCCCCC(=O)N*,egc,5.7328,5.79724003362484
*C(S1)=CC=C1C(S2)=CC=C2*,egc,1.5925,2.4487349000096836
*CC1CC1CO*,egc,5.9176,6.188418575337801
*CCOCC(=O)NCCCCCCNC(=O)CO*,egc,5.4615,5.970649848126915
*c1ccc(-c2ccc(-c3cc(*)c4cccccc3-4)s2)s1,egc,2.0762,2.086504572435288
*Oc1ccc(C(=O)CNNCC(=O)c2ccc(*)cc2)cc1,egc,4.1658,3.7628719877771695
*c1cc(CCCCCCCCCCCCCCCC)c(*)[nH]1,egc,3.0442,3.6341293012074334
*NC(C)(C)C(C)(C)C(*)=O,egc,5.4856,5.270284101124268
*CCOCCOC(=O)CCC(C)CC(=O)O*,egc,6.43,6.4302056463937
*c1ccc2c(c1)[Si](C)(C)c1cc(*)ccc1N2C,egc,3.6899,3.0282158101932395
*CCCCCCCCCCC(=O)NCCCCCCNC(=O)CCCCO*,egc,5.9843,5.96481629428168
*CCOC(=O)Nc1ccc(NC(=O)O*)cc1,egc,4.8391,5.062721016143905
*c1ccc(N(*)CCCCCC)cc1,egc,3.7028,3.8296704875652003
*CCCCCOC(=O)NNC(=O)CCCCCCCCC(=O)NNC(=O)O*,egc,5.6607,5.600275344294404
*CC(*)(F)C(=O)OCCC(F)(F)C(F)(F)C(F)(F)C(F)(F)C(F)(F)C(F)(F)C(F)(F)C(F)(F)F,egc,6.6046,6.070021753293116
*CCCCCCOC(=O)NCCSCCCCCSCCNC(=O)O*,egc,5.2279,5.19902803303181
*NC(CCCNC(=O)c1ccc(F)cc1)C(*)=O,egc,4.7549,4.49657712183227
*NC(=O)C(=S)C(S1)=CC=C1*,egc,1.8546,2.7169890340387837
*ON(C(F)(F)F)C(F)(Cl)C(*)(F)F,egc,6.7405,7.211413850236543
*C(=O)NNC(=O)c1cccc(*)n1,egc,4.6124,3.7812742024726003
*CCC(C=C1)=CC=C1C(S2)=CC=C2*,egc,3.7098,3.6376074203218463
*CNCC(C=C1)=CC=C1*,egc,4.958,4.081563187939656
*CCCCCCCCCO*,egc,6.1351,6.180252597088488
*CCCCCCCc1nnc(CCCCc2nnc(*)o2)o1,egc,6.3226,4.796286529686047
*CC(C=C1)=CC=C1C(S2)=CC=C2C(C=C3)=CC=C3*,egc,3.4745,3.678688568743739
*Oc1ccc(C(=O)NCCCCCCCCCCCCNC(=O)c2ccc(*)cc2)cc1,egc,4.4794,4.399839866114574
*Oc1ccc(C(=O)OC(=O)c2ccc(*)cc2)cc1,egc,4.2788,4.263376837978077
*c1cc(-c2ccccc2)c(*)s1,egc,2.7439,2.8066113402549617
*C(c1cccs1)=c1ccc(=c2ccc(=C(c3cccs3)c3ccc(-c4ccc(*)s4)s3)s2)s1,egc,1.0381,2.031368838969706
*NC(S1)=CC=C1OC(S2)=CC=C2*,egc,4.3883,3.430192989635187
*CCC(*)=O,egc,5.3275,6.07687890636566
*CCCCCCCCOC(=O)CCCCCCC(=O)O*,egc,6.7527,6.78759211782594
*CC(F)(F)C(F)(F)C(F)(F)COC(=O)CCCCC(=O)O*,egc,6.6433,6.783255072092215
*C#Cc1sc(-c2sc(*)c3c2OCCO3)c2c1OCCO2,egc,1.7209,2.5385122603284844
*OC1CCCCCCC1*,egc,5.2834,5.9905670756364975
*Oc1ccc(NC(=C(C#N)C#N)c2ccc(C(Nc3ccc(*)cc3)=C(C#N)C#N)cc2)cc1,egc,2.4883,2.9477895093812805
*C=C1CCC(=Cc2ccc(*)cc2)C1=O,egc,2.5147,2.8661719837704345
*CC(C=C1)=CC=C1NC(=S)*,egc,3.793,3.0534728427491893
*c1cc(C=O)cc(*)c1O,egc,4.1592,3.5663940671004317
*CCCCCCCCNC(=O)CCCCCCCCC(=O)N*,egc,5.7713,5.79783326916167
*Nc1cc(F)c(*)cc1F,egc,3.4723,3.746472327699115
*CCCNC(=O)NCCCCCCNC(=O)O*,egc,5.4226,5.777397979364514
*c1sc(*)c2c1OCC(CCCCCC)O2,egc,3.3322,2.6265297045822336
*CCCCCCCCCNC(=O)CCC=CCCC(=O)N*,egc,5.6551,5.468849915928503
*CC1CCCC(CNC(=O)CCCCCCCCCCC(=O)N*)C1,egc,5.83,5.801600512551209
*NC(C=C)CC(*)=O,egc,5.5439,5.1691747067212095
C23C(C(=O)N(C1=CC=CC=C1C(F)(F)F)C2=O)C(C=*)OC3C=*,egc,5.2302,4.81146061239335
*CC(C(=O)Oc1ccccc1)C(C(=O)O)C(*)(C)C,egc,5.2905,4.9881380573321925
*C#CC(=C(*)c1ccccc1)c1ccccc1,egc,0.8829,1.7782453750297937
*Nc1cc(NC(=O)c2ccc(C(*)=O)cc2)ccc1Cl,egc,3.7621,3.2322471792639678
*C=Cc1cc(Cl)c(*)cc1Cl,egc,3.2579,2.5026863728344626
*C(=O)NCCNC(=O)c1ccc(N2C(=O)c3ccc(*)cc3C2=O)cc1,egc,3.6854,3.242650821182158
*CC(*)OC(=O)C(F)(F)C(F)(F)C(F)(F)C(F)(F)F,egc,6.4713,6.646358190108734
*c1cccc(N2C(=O)c3ccc(Oc4ccc(Oc5ccc(Oc6ccc7c(c6)C(=O)N(*)C7=O)cc5)cc4)cc3C2=O)c1,egc,3.2083,3.112899867042935
*NC(CCCCN)C(*)=O,egc,5.1712,5.656481538307387
*c1ccc(S(=O)(=O)c2ccc(-n3c(=O)c4cc5c(=O)n(*)c(=O)c5cc4c3=O)cc2)cc1,egc,2.8028,2.73107823564423
*CC(O)COc1ccc(C(C)(C)c2ccc(OCC(O)COc3cccc(O*)c3)cc2)cc1,egc,4.725,4.520148414869015
*CC(*)c1ccc(C)c(C)c1,egc,4.4861,4.706122839812033
*CCCC(*)(C)Cl,egc,6.5311,6.350490207101885
*CCC1CCC(*)C1,egc,7.1099,6.514158597770422
*CC(C)(C)COC(=O)NCCOCCOCCNC(=O)O*,egc,5.7915,5.47032362011766
*NNC(=O)CCCCC(*)=O,egc,5.6711,5.745611646960713
*Oc1ccc(Cc2ccc(OC(=O)c3cccc(C(*)=O)c3)cc2)cc1,egc,3.7336,3.7789699370652516
*NC(=O)C(S1)=CC=C1C(C=C2)=CC=C2*,egc,2.9223,2.90560627131639
*c1ccc(-c2nc3ccc(-c4ccc5nc(*)oc5c4)cc3o2)cc1,egc,2.6967,3.144413591503706
*CC(O)CN(*)c1ccc(N=Nc2ccc(C#N)cc2)cc1,egc,2.0164,3.1648681751701395
*Oc1ccc(N=Cc2ccc(N(c3ccccc3)c3ccc(C=Nc4ccc(*)cc4)cc3)cc2)cc1,egc,2.7442,3.1752777575028435
*C=CC1CC(*)C2CCCC12,egc,5.6651,5.4574763356907035
*CCCCCCN(CC)C(=O)CCCCCCCCCCC(=O)N(*)CC,egc,5.6468,5.447178564161084
*CC(C)CO*,egc,5.976,5.874516904017233
*CCCCCCCCCNC(=O)c1cccc(C(=O)N*)c1,egc,4.9596,4.879361639012058
*CCOCCOC(=O)CCCCCC(=O)O*,egc,6.5004,6.458266372585569
*CCCCCCCCCCCCCCCCOC(=O)NCCCCCCCCCCNC(=O)O*,egc,6.3322,5.909226274067945
*CCCCCC(=O)NCCCCCCNC(=O)CCCCCO*,egc,5.7609,5.844280408101528
*c1ccc(N(c2ccc(CCCC)cc2)c2ccc(-c3ccc(*)s3)cc2)cc1,egc,2.8955,3.0157329543339904
*CCCCCOC(=O)NCCCCCCNC(=O)O*,egc,6.4123,6.319132615204832
*c1cc(N2C(=O)c3ccc(-c4ccc5c(c4)C(=O)N(*)C5=O)cc3C2=O)c(O)cc1O,egc,3.1117,3.008298502829368
*CC#CCOC(=O)CCCCCCCCCCC(=O)O*,egc,6.5433,6.099918243405383
*c1ccc(-c2ccc(-c3ccc(-c4cc(-c5ccccc5)c5cc(Oc6ccc7nc(*)cc(-c8ccccc8)c7c6)ccc5n4)cc3)cc2)cc1,egc,3.1875,3.173432484450675
*CCCP(CCCNC(=O)CCCCCCCCC(=O)N*)c1ccccc1,egc,4.6632,4.533174410747881
*CCC(S1)=CC=C1O*,egc,4.8828,4.301803412255885
*Oc1c(C)c(C)c(Oc2ccc(NC(=O)c3ccc(C(=O)Nc4ccc(*)cc4)cc3)cc2)c(C)c1C,egc,3.2842,3.593349878878965
*CCCCCNC(=O)CC(=O)N*,egc,5.7523,5.838770715208875
*c1ccc2c(c1)Cc1cc(*)ccc1-2,egc,3.7772,3.1597551721264012
*CC(=O)NC(=S)*,egc,2.887,3.083225097799858
*c1ccc(-c2cnc3cc(S(=O)(=O)c4ccc5nc(*)cnc5c4)ccc3n2)cc1,egc,3.1704,2.7319795905881916
*Nc1c(OC)cc(*)cc1OC,egc,3.4275,3.666241172931792
*Oc1ccc(CC(C#N)(C#N)Cc2ccc(*)cc2)cc1,egc,4.9531,4.4327274575117075
*CCCCCCCCC(=O)NCCCCCCNC(=O)CCCO*,egc,5.9837,5.830051436266139
*CCCCCCC(=O)NCCCCCOCCCCCNC(=O)CCCO*,egc,5.944,5.816466463429898
*N=C1C=CC(*)C=C1Cl,egc,4.0784,3.283353056842746
*CCCCCCCNC(=S)N*,egc,4.3034,5.866662293663482
*Oc1ccc(OC(=O)c2ccc(C(*)=O)cc2)cc1C1CCCCCCC1,egc,3.5292,3.755343596069922
*NC(CCCCNC(*)=O)C(=O)OC,egc,6.2157,5.7445448863922115
*CNC(=S)C(S1)=CC=C1*,egc,3.5084,2.7192851643869917
*CCCCCOC(=O)NCCSCCCCCSCCNC(=O)O*,egc,5.3077,5.223729221293256
*N=Nc1ccc(NC(=O)CCC(=O)Nc2ccc(*)cc2)cc1,egc,2.9351,3.4902299618668886
*CC1CC1COC(=O)NCCCCCCNC(=O)O*,egc,6.2321,6.4153718053250035
*c1ccc2cc(*)n(C(C(=O)OCC)n3ccc4ccccc43)c2c1,egc,4.2748,3.7118209284284656
*CNC(=O)CCCC(=O)N*,egc,6.1798,5.656064208768259
*Oc1ccc(C(=O)Nc2ccc(S(=O)(=O)c3ccc(NC(=O)c4ccc(Oc5nc(*)nc(Sc6ccccc6)n5)cc4)cc3)cc2)cc1,egc,3.8673,3.435923192827513
*CCCCCCCCc1nc2cc3sc(*)nc3cc2s1,egc,4.3173,4.059164903559075
*OC(C)CCC(C)OC(=O)CCCCC(*)=O,egc,6.4506,6.330430845786884
*CC1CCC(COC(=O)CCCCCCCCC(=O)O*)CC1,egc,6.7673,6.659423223710939
*CCCCCCOC(=O)CCC=CCCC(=O)O*,egc,5.9212,6.066290860129125
*Oc1ccc2ccccc2c1N=Nc1ccc(C(*)=O)cc1,egc,2.8394,3.344264874488251
*CCCN(*)C,egc,4.8968,4.961628867650735
*C#CC#Cc1ccc(*)s1,egc,1.5604,2.719319126882535
*CC(*)c1ccc(Cl)c([N+](=O)[O-])c1,egc,1.4833,3.722755957084003
*CCCCCCCCCCCCNC(=O)CC(=O)N*,egc,5.7842,5.829843048133462
*C=C(*)CNS(=O)(=O)Cc1ccccc1,egc,3.9211,3.8058335172976965
*CCCCCCCCCCOC(=O)CCCCCCCCC(=O)O*,egc,6.7107,6.664492879832588
*c1cccc(Cc2cccc(-n3c(=O)c4cc5c(=O)n(*)c(=O)c5cc4c3=O)c2)c1,egc,2.645,2.5952396829932622
*Oc1cc(Cl)cc(Cl)c1*,egc,4.3654,4.204541046952043
*c1ccc2c(c1)Cc1cc(-n3c(=O)c4cc5c(=O)n(*)c(=O)c5cc4c3=O)ccc1-2,egc,2.1333,2.5890159141279034
*Oc1ccc(Oc2cccc(*)n2)c(C)c1,egc,4.4881,4.629022082103072
*N=c1c(=Nc2ccc(*)cc2)c2cccc3cccc1c32,egc,2.1929,2.9188499659733043
*C=CC1CC(*)C2CC=CC12,egc,5.3836,4.517946687876892
*NC(=O)C(S1)=CC=C1C(=O)*,egc,3.683,3.631333043041197
*CCC(F)(F)C(*)(F)F,egc,8.6882,6.871295504755167
*OC1OC(*)C2CCCCC12,egc,6.0383,6.391914845750266
*c1ccc2nc(*)oc2c1,egc,3.8571,3.3446769823873113
*CC(C)(CCC)C(=O)O*,egc,6.7802,6.673600054148085
*Nc1cnc(*)c(O)c1,egc,3.3471,3.613808319527993
*C(=O)c1ccc2c(c1)C(=O)N(c1ccc(Oc3ccc(-c4ccc(Oc5ccc(N6C(=O)c7ccc(*)cc7C6=O)cc5)cc4)cc3)cc1)C2=O,egc,2.0335,2.4485451711590374
*CC(*)(C)C(=O)Oc1ccc(C(=O)C=Cc2ccc(Cl)cc2)cc1,egc,2.9358,2.7442258541199545
*c1ccc(-c2cc(CCCCCCCCCCCC)c(*)s2)s1,egc,1.5458,1.9740567984241473
*CC(*)c1ccc(F)cc1,egc,2.0489,4.177057286311494
*c1ccc(-c2cnc3ccc(S(=O)(=O)c4ccc5ncc(*)nc5c4)cc3n2)cc1,egc,3.2952,3.374781989396223
*c1ccc(C(=O)Nc2ccc(Oc3ccc(NC(=O)c4ccc(Oc5ccc(-c6nn(*)c(=O)c7ccccc67)c6ccccc56)cc4)cc3)cc2)cc1,egc,3.2201,3.0168201999532878
*c1ccc(N2C(=O)c3ccc(-c4cccc5c4C(=O)N(c4ccc6[nH]c(*)nc6c4)C5=O)cc3C2=O)cc1,egc,2.9114,2.762850565004111
*C(*)F,egc,6.7608,5.750154349031995
*CC(CO)(CO)CO*,egc,5.7959,5.874310214568639
*C(C)C(*)C(=O)OC,egc,6.2685,6.53007460343336
*C(F)(F)NC(F)(F)O*,egc,8.2061,7.637081912440709
*c1ccc(*)c(N(C)C)c1,egc,4.5555,3.573373321229447
*C=C(*)CO,egc,4.3592,4.350942379465021
*c1cc(CCCCCCCCCC2COC(c3ccccc3)O2)c(*)s1,egc,3.048,3.076611788132699
*c1ccc(C(C#N)(C#N)C(*)(C#N)C#N)cc1,egc,4.6823,4.379521403978372
*CC(CS(=O)(=O)CCC)O*,egc,6.0251,5.3621547417762505
*CCCOC(=O)NCCCCCCNC(=O)O*,egc,6.2372,6.145988056005224
*c1cc(CCCCCCCCCCCC)c(*)s1,egc,2.7478,2.8271191777978446
*NC(=O)C(C=C1)=CC=C1O*,egc,4.6617,4.208845687628602
*C=Cc1ccc(*)c2ccc(CCCCCCCCCCC)cc12,egc,2.3432,2.2050668646165783
*CCOC(=O)NCCCCCCNC(=O)O*,egc,6.1814,6.231331744104064
*c1ccc(-c2ccc(-c3ccc(*)n3C)n2C)cn1,egc,2.931,2.3112138824714523
*c1ccc(Oc2ccc(N3C(=O)N(*)C3=O)cc2)cc1,egc,4.3691,3.7824107957112174
*C(C=C1)=CC=C1C(S2)=CC=C2C(C=C3)=CC=C3C(S4)=CC=C4*,egc,2.8274,2.2738674454199344
*c1ccc(Oc2ccc(-n3c(=O)c4c(Oc5ccc(OCCCC)cc5)c5c(=O)n(*)c(=O)c5c(Oc5ccc(OCCCC)cc5)c4c3=O)cc2)cc1,egc,1.9028,2.234157331615066
*NC(c1ccccc1)C(C)(C)C(*)=O,egc,5.5513,5.197258083108766
*OC(CCc1ccccc1)CC(*)=O,egc,5.4818,5.360749268283907
*CNON*,egc,5.3302,6.021033872530241
*CC(C)(COC(=O)NCCCCCCNC(=O)O*)C(=O)O,egc,6.2179,6.029658770691603
*OP(=O)(Oc1ccccc1)Oc1ccc(*)cc1,egc,5.1351,4.720440157293173
*CCCCCCNC(=O)C(O)C(O)C(=O)N*,egc,5.8031,5.673244532583823
*c1ccc(N2C(=O)c3ccc(-c4ccc5c(c4)C(=O)N(*)C5=O)cc3C2=O)nc1,egc,3.2895,2.989045909769116
*OP(=O)(Oc1ccc(*)cc1)OC1CCCCC1,egc,5.2577,4.747625674553459
*NC(CCC(=O)OCCCC)C(*)=O,egc,5.5734,5.952758778361067
*Oc1cccc2c(OC3(F)C(*)(F)C(F)(F)C3(F)F)cccc12,egc,3.9081,4.025840288220409
*NC(CC(C)C)C(*)=O,egc,6.106,5.823229848933176
*CCCC(=O)O*,egc,6.7691,6.281400023965306
*C=C*,egc,1.3994,2.4936334210816433
*OC(=O)OCCOCCOC(=O)OC1COC2C(*)COC12,egc,6.7329,6.276949797060846
*Cc1c(O)c(C(C)=O)cc(CNC(=S)N*)c1OC,egc,3.7679,4.230834657695543
*OC(C)CCOC(=O)CCCCCC(*)=O,egc,6.5798,6.478165547904049
*CCCCOC(=O)SNCCCCCCNSC(=O)O*,egc,5.4377,5.413901702901702
*c1ccc(*)c(C)n1,egc,5.1183,4.893324359854087
*C(=O)c1ccc2c(c1)C(=O)N(c1ccc(N(c3ccc(C#N)cc3)c3ccc(N4C(=O)c5ccc(*)cc5C4=O)cc3)cc1)C2=O,egc,1.8778,2.4437170728558897
*CC(C)(CCC)C(=O)N*,egc,5.8261,5.923935745624621
*Nc1ccc(NC(=O)c2ccc(NC(=O)c3ccc([Si](C)(C)c4ccc(C(=O)Nc5ccc(C(*)=O)cc5)cc4)cc3)cc2)cc1,egc,3.1752,3.0430823812251013
*OC(F)(F)C(F)(F)C(*)(F)F,egc,9.4523,9.041723654161151
*CCC(=O)C(S1)=CC=C1*,egc,3.959,2.93602586396956
*c1ccc2c(c1)C(=O)N(c1ccc(C(C)(C)C(*)(C(F)(F)F)C(F)(F)F)cc1)C2=O,egc,3.3094,3.9602511728814553
*CCCCCNC(=O)C(OC)C(OC)C(=O)N*,egc,5.6994,5.5924091785695005
*CCCC1CCN(SC(=O)OCCCCCCOC(=O)SN2CCC(*)CC2)CC1,egc,4.484,5.185884437334141
*C(=O)NNC(=O)C(=O)NNC(=O)c1cncc(*)n1,egc,4.3374,3.677165106618286
*C(=O)Oc1ccc(OC(=O)c2ccc3c(c2)C(=O)N(c2ccc(Sc4ccc(N5C(=O)c6ccc(*)cc6C5=O)cc4)cc2)C3=O)cc1,egc,2.9567,2.6137230459061134
*C(=O)c1ccc2c(c1)C(=O)N(c1ccc(Oc3cc4ccccc4cc3Oc3ccc(N4C(=O)c5ccc(*)cc5C4=O)cc3)cc1)C2=O,egc,2.3398,2.339490224285148
*SC1CCCC(*)C1,egc,4.9242,5.706625820759762
*CCCCCCCCCCCCCCCCOC(=O)CCCCC(=O)O*,egc,6.7152,6.553712284011691
*Nc1cc(NC(=O)c2ccc(C(*)=O)cc2)c(N)cc1N,egc,2.9313,3.6566394029439113
*c9ccc(C8(c5ccc(n4c(=O)c3ccc(C(=O)c2ccc1c(=O)n(*)c(=O)c1c2)cc3c4=O)cc5)c6ccccc6c7ccccc78)cc9,egc,2.4589,2.527610866790283
*CCCCCCCCCCCCCCCCCCNC(=O)CCCCCCCCCCC(=O)N*,egc,5.6172,5.900318534431494
*Oc1ccc(C(C)=Cc2ccc(OC(=O)OCCCCCCOC(*)=O)cc2)cc1,egc,4.2293,4.258696104994047
*CCC(=O)OC(=O)CCc1ccc(*)s1,egc,4.6241,3.9919988817708947
*C(=O)C(S1)=CC=C1NC(=S)OC(S2)=CC=C2NC(S3)=CC=C3*,egc,2.5473,2.7433699353379444
*c1sc(*)c(OCCOCCCC)c1C,egc,1.6261,2.796176254099985
*CCCCCCOC(=O)C1C(=O)C2CCC1C(=O)C2C(=O)O*,egc,5.2747,5.493407639322541
*c1ccc(-c2nc3cc4nc(*)oc4cc3o2)cc1,egc,2.6504,2.889526015535466
*Oc1ccc(C(C)(C)c2ccc(OC(*)=O)c(Cl)c2)cc1Cl,egc,4.9898,4.960421484879368
*CCOC(=O)c1ccc(C(=O)O*)c2c1CC2,egc,4.3335,5.119621552292868
*c1ccc(Sc2ccc(-c3nc4ccc(-c5ccc6nc(*)c(-c7ccccc7)nc6c5)cc4nc3-c3ccccc3)cc2)cc1,egc,3.3214,3.0221908244479736
*NC(C=C1)=CC=C1C(S2)=CC=C2C(=S)*,egc,2.4476,2.2878307715373207
*Oc1cccc(OC(=O)Oc2ccc(OC(*)=O)cc2)c1,egc,5.4757,4.829999011797161
*CCCCCCn1c(=O)c2cc3c(=O)n(*)c(=O)c3cc2c1=O,egc,3.8389,3.504474643585385
*CCOCCOCCOCCOC(=O)NCCCCCCNC(=O)O*,egc,6.0228,5.8843937895877545
*CCCCCCCCCNC(=O)NCCCCCCCNC(=O)N*,egc,5.422,5.901119735425451
*CCC([2H])C(*)([2H])C,egc,6.8414,6.152709577920081
*CC(*)C(F)(F)F,egc,8.2263,6.946083133223557
*CCCCCCCOC(=O)CCCCCCCCC(=O)O*,egc,6.8159,6.819769999989269
*c1cc2c(s1)-c1sc(-c3cc4c(s3)-c3sc(*)cc3C4(CC(CC)CCCC)CC(CC)CCCC)cc1C2=O,egc,1.5473,2.22596343410943
*Nc1ccc(NC(=O)C=CC(*)=O)cc1,egc,2.7273,3.574790615804544
*c1ccc(Sc2ccc(-n3c(=O)c4cc5c(=O)n(*)c(=O)c5cc4c3=O)cc2)cc1,egc,2.5188,2.7150521997554646
*Oc1ccc(C(C)(C)c2ccc(OC(*)=O)c(Cl)c2)cc1,egc,5.0408,5.005809997753944
*CCCCCCCC(=O)N(*)C,egc,5.5443,5.714741945623164
*c1ccc(-c2ccc3nc(*)cc(-c4ccccc4)c3c2)cc1,egc,2.9209,2.8570869755245276
*OC(C)C#CC#CC(C)OC(=O)c1ccc(C(*)=O)cc1,egc,4.3105,4.754013004513774
*c1ccc(C#Cc2cc(OCCCCCCCC)c(C#Cc3ccc(-c4nnc(*)o4)cc3)cc2OCCCCCCCC)cc1,egc,2.6231,3.492586963835604
*OC(C)CCCC(C)C(*)=O,egc,6.6886,6.43103179962272
*Nc1cccc(NC(=O)c2cc(NC(=O)c3ccncc3)cc(C(*)=O)c2)c1,egc,3.2998,3.42781189559814
*N=P(*)(OCCC(=O)C=C)OCCC(=O)C=C,egc,3.9384,4.370612575104098
*Oc1ccc(C(C)(CC)c2ccc(OC(*)=O)cc2)cc1,egc,5.0105,4.834556222121517
*CC#CCOC(=O)CCCCCCCCC(=O)O*,egc,6.1042,6.503310084522795
*CC(*)(C)C(=O)OCc1cccs1,egc,4.9884,4.6785701302235925
*NC(CSC(=O)OCc1ccccc1)C(*)=O,egc,5.0387,5.0010500543249465
*CC(*)(C)C(=O)Oc1ccccc1,egc,5.2323,4.96712198004501
*C(Br)=C(c1ccccc1)c1ccc(*)cc1,egc,3.469,3.2151467039810795
*Oc1ccc(C(C)=Nc2ccc(N=C(C)c3ccc(*)cc3)cc2)cc1,egc,2.9143,3.829825878742793
*CCCCOC(=O)NNC(=O)CCCCCCCCC(=O)NNC(=O)O*,egc,6.1019,5.671151795193414
*CCN(*)C(=O)c1c(F)cc(F)cc1F,egc,4.6328,4.72257781806202
*CCN(CCOC(=O)Nc1ccc(Cc2ccc(NC(=O)O*)cc2)cc1)c1ccccc1,egc,4.1239,3.9622067692983074
*C(C=C1)=CC=C1C(=S)C(C=C2)=CC=C2C(=S)*,egc,2.6743,2.711263188058937
*CCCCOC(=O)NCCCCCCNC(=O)O*,egc,6.3532,6.207385160120751
*CCCCCCCCCCNC(=O)CCCCCCC(=O)N*,egc,5.9989,5.759606284449801
*C(=O)C(C=C1)=CC=C1C(=S)C(S2)=CC=C2*,egc,2.3711,2.3530171113330374
*CCCC(=O)NCCCCCCNC(=O)CCCO*,egc,5.652,5.824465603972963
*NNC(=O)C(=O)NNC(=O)CCCCCCCC(*)=O,egc,4.4307,5.394494135546968
*NC(S1)=CC=C1C(=S)C(S2)=CC=C2*,egc,1.6616,2.363442191251122
*c1ccc(-c2sc(-c3cc(SCCCCCCCC)c(*)s3)cc2SCCCCCCCC)cc1,egc,2.4336,2.097733916577545
*C=CC(C)(C)C(*)(C)C,egc,5.1816,5.004787123287899
*c1ccc(*)n1C(C(=O)NO)n1ccc2ccccc21,egc,2.4131,3.536788172026014
*Oc8ccc(C7(c5ccc(OC(=O)c4ccc(C3(c1ccc(C(*)=O)cc1)OC(=O)c2ccccc23)cc4)cc5)OC(=O)c6ccccc67)cc8,egc,4.0362,3.8368690187668775
*CC(*)C(=O)OCCCOc1ccc(-c2ccc(C#N)cc2)cc1,egc,3.6528,4.2806741478908865
*CCCCCNC(=O)CCCCCCCCCCCCC(=O)N*,egc,5.8927,5.918871959903434
*CCOCCOC(=O)CC(=O)O*,egc,6.2374,6.027837999530677
*Oc1ccc(C2(c3ccc(OC(*)=O)cc3)CC(C)CC(C)(C)C2)cc1,egc,4.7559,4.959712268094998
*C=Cc1ccc(-c2ccc(C=Cc3cc(*)ncn3)cc2)cc1,egc,2.7379,3.184706126506276
*c1ccc(*)n1CCC(=O)OCC,egc,2.8986,2.9184887383427918
*C=Cc1cc(CCCCCC)c(*)s1,egc,3.5808,1.9829376013294195
*c1cccc(-c2ccc(-c3ccc(*)s3)s2)c1,egc,2.9634,2.74774664090358
*CCCCCCCNC(=O)C(OC)C(OC)C(=O)N*,egc,5.7148,5.679392725384073
*c1nc2cc(S(=O)(=O)c3ccc4oc(C5CCC(*)CC5)nc4c3)ccc2o1,egc,4.8558,3.5327379366996516
*OC(COC(F)(C(F)(F)F)C(F)(F)F)C(*)COC(F)(C(F)(F)F)C(F)(F)F,egc,6.5255,7.478339702629996
*Oc1ccc(C(C)(C)c2ccc(OC(=O)OCC3CCC(COC(*)=O)CC3)cc2)cc1,egc,5.2076,4.798191488427724
*Nc1ccc(-c2ccc(Nc3ccc4c(c3)c3cc(*)ccc3n4CC(CC)CCCC)cc2)cc1,egc,3.3558,2.921648443461674
*c1cccc(-c2cc(*)cc3c2NC(C)(C)OC3(C)C)c1,egc,3.618,3.6515028782234142
*c1ccc(*)nn1,egc,3.3251,3.2060396728401086
*c1ccc(N2C(=O)c3ccc(P(=O)(c4ccccc4)c4ccc5c(c4)C(=O)N(*)C5=O)cc3C2=O)cc1,egc,3.066,3.0484502474177746
*CC(O)COc1ccc(C(C)(C)c2ccc(OCC(O)COc3ccc(S(=O)(=O)c4ccc(O*)cc4)cc3)cc2)cc1,egc,4.067,4.280249641170348
*CC(C=C1)=CC=C1C(C=C2)=CC=C2C(C=C3)=CC=C3*,egc,3.7798,3.650111908672859
*C1=CC2=NC(*)=CC2=N1,egc,1.3051,2.8891421368691885
*c1cc(C(=O)OCCCCCC)c(*)s1,egc,2.8903,2.66429904851607
*C#CC#CCCCCCCCC*,egc,5.4216,5.523409355812952
*CCCCCCCCCCNC(=O)CCC(=O)N*,egc,5.9532,5.820679855904571
*CCC(S1)=CC=C1C(S2)=CC=C2*,egc,3.23,3.3505572976187152
*CCCCNC(=O)CCCCCCCC(=O)NCCCCNC(=O)C(=O)N*,egc,5.3591,5.162655624694775
*CCCCOC(=O)CCCCS(=O)(=O)CCCCC(=O)O*,egc,6.544,6.764214812751459
*CCCCOC(=O)c1ccc(NC=Nc2ccc(C(=O)O*)cc2)cc1,egc,3.6652,4.135227237781408
*CCCCCCCCCCCCO*,egc,6.2452,6.257895818512257
*c1sc(*)c(OCCCCCC)c1C,egc,3.4475,2.1489371181509207
*Oc1ccc(OC(=O)c2ccc(OCCCCCCCCCCOc3ccc(C(*)=O)cc3)cc2)cc1S(=O)(=O)c1ccccc1,egc,4.4922,4.206953670811997
*C(F)(F)C(F)(F)C(C=C1)=CC=C1C(C=C2)=CC=C2*,egc,4.4103,3.930236751029066
*c1ccc(C(c2ccc(-n3c(=O)c4cc5c(=O)n(*)c(=O)c5cc4c3=O)cc2)(C(F)(F)F)C(F)(F)F)cc1,egc,2.7195,2.7193150182447527
*CC(F)(F)C(F)(F)C(F)(F)COC(=O)c1cccc(-c2cccc(C(=O)O*)c2)c1,egc,4.3076,3.7958580144657197
*C(=O)Nc1ccc(NC(=O)c2ccc(NC(=O)c3ccc(-c4nc5cc(*)ccc5[nH]4)cc3)cc2)cc1,egc,2.7114,2.989670005587154
*C=CC(C)=C(C)C=Cc1ccc(-c2ccc(*)s2)s1,egc,1.5733,1.8911956681141628
*Sc1ccc(*)cc1,egc,3.6211,3.805594876250464
*C1C=CC(*)C1,egc,5.7164,5.013128677677843
*c1ccc(C(=O)Nc2cccc(-n3c(=O)c4cc5c(=O)n(*)c(=O)c5cc4c3=O)c2)cc1,egc,2.445,2.9056318232417713
*NC(C=C1)=CC=C1C(C=C2)=CC=C2O*,egc,4.0962,3.815858122476684
*CCOCCOC(=O)NC(=CC=C1(C))C=C1NC(=O)O*,egc,5.0931,4.815925242852528
*C=CC(C)CCCCCCCCC*,egc,5.8829,5.579450061369149
*Cc1ccc(CNC(=O)CCCCCCCCCCCCCCCC(=O)N*)cc1,egc,5.288,5.1361695790626465
*Oc1ccc(Oc2ccc(C(=O)c3ccc(*)cc3)cc2)cc1C=O,egc,3.6677,3.684612232317346
*CNC(=S)O*,egc,4.6235,3.7120149902546147
*Nc1ccc(C(C)(C)c2ccc(NC(=O)c3cc(C(*)=O)cc(S(=O)(=O)c4ccccc4)c3)cc2)cc1,egc,3.3259,3.509200240471853
*NCc1cc(C(=O)O)cc(CNc2nc(-c3csc(*)n3)cs2)c1N,egc,3.7145,3.4403409607818807
*CC(C)CCCCC(=O)N*,egc,6.0272,5.832044806029302
*CC(*)OC(=O)OCC(F)(F)F,egc,7.5359,6.801801016321099
*CC1CCC(CNC(=O)CCCCCC(=O)N*)CC1,egc,5.787,5.861925666063419
*OC1(O)CCCC(*)C1,egc,6.0531,6.129928460174548
*C(S1)=CC=C1C(S2)=CC=C2OC(=S)*,egc,2.4847,2.0557265598092584
*CCCCNC(=O)CCC=CCCC(=O)N*,egc,5.5356,5.4672411975230935
*C=C1CCCC(=Cc2ccc(*)cc2)C1=O,egc,3.6567,2.7365927685080895
*CC(S1)=CC=C1CC(=S)*,egc,3.2956,2.80502649660137
*C(F)(F)C1(F)C(F)(F)C(*)(F)C1(F)F,egc,7.1313,7.361866532006291
*Oc1cccc2c(OC(=O)Oc3ccc(OC(*)=O)cc3Cl)cccc12,egc,4.0203,4.092955948957871
*c1ccc(C(=O)c2cccc(-n3c(=O)c4cc5c(=O)n(*)c(=O)c5cc4c3=O)c2)cc1,egc,3.1782,2.607293129922193
*OC(c1ccccc1)C(C)(C)C(*)=O,egc,5.5004,5.528110448827296
*CCOC(=O)Nc1cc(NC(=O)O*)ccc1C,egc,5.1142,4.860728383850138
*CCCCCOC(=O)CCCCS(=O)(=O)CCCCC(=O)O*,egc,6.9262,6.5325366214848435
*CCCCCCC(=O)NCCCCCCNC(=O)CCCCCCO*,egc,5.7692,5.911378262181209
*CC(*)c1ccncc1,egc,2.5368,3.1480818868817106
*CCCCCOC(=O)CCCCCNC(=O)O*,egc,6.3976,6.289620127519809
*CC(S1)=CC=C1NC(S2)=CC=C2*,egc,4.1254,3.6818671399155414
*Nc1c(F)c(F)c(-c2ccc3cc(-c4ccc5c(c4)C(=O)N(c4cccc(*)c4)C5=O)ccc3c2)c(F)c1F,egc,2.918,2.8976990128696647
*CCCCCC(=O)NCc1ccc(CNC(=O)CCCCO*)cc1,egc,5.142,5.167940046552316
*c1ccc(C(=O)Nc2ccc(NC(=O)c3ccc(-n4c(=O)c5sc6c(=O)n(*)c(=O)c6sc5c4=O)cc3)cc2)cc1,egc,1.4889,2.5415622919174545
*C=CC(=O)C(C)=Cc1ccc(Sc2ccc(*)o2)o1,egc,2.9229,2.8140166992266726
*c1ccc(-c2ccc(-c3ccc(-c4ccc(*)n4CCCCCCCCCCCC)s3)s2)s1,egc,2.1465,1.9215226037407216
*C(=O)Nc1ccc(Oc2ccc(N3C(=O)c4ccc(*)cc4C3=O)cc2)cc1,egc,2.7025,3.1328969353531164
*Oc1ccc(OC(=O)c2ccc(OC(=O)CCCCCCCCC(*)=O)cc2)cc1,egc,4.2519,4.258343097095421
*C=CC1CC(*)C(C#N)C1,egc,5.8346,4.553469674462623
*C=Cc1ccc(*)n1CCCCCCCCCCCC,egc,1.2671,2.308542555086174
*CC(CF)O*,egc,6.1097,6.950436427699244
*CC(CO*)(COC=O)COC=O,egc,6.4753,6.056930767597825
*c1ccc(-c2csc(-c3nc(*)cs3)n2)cc1,egc,3.3372,3.3342550689242243
*Oc1ccc(SSCCCCSSc2ccc(*)cc2)cc1,egc,4.3465,4.060597360217774
*OC(=O)c1cccc(C(*)=O)c1,egc,4.6197,4.585933851584098
*OC(*)C,egc,6.9003,6.125094799122217
*CCCCCCCCCNC(=O)CCCCC(=O)N*,egc,5.6864,5.746297020781915
*CCCCCCCCCCCCCCCCOC(=O)CCCCCCCCC(=O)O*,egc,6.641,6.547186533425441
*c1cc(CC(=O)OCCCCCCOc2ccc(N=Nc3ccc(C#N)cc3)cc2)c(*)s1,egc,2.6018,2.377686299269382
*CC(*)(C)C(=O)OC(CC)OCC,egc,6.3891,6.337445172245935
*c1ccc(-c2ccc(N(c3ccccc3)c3ccc4ccc(N(*)c5ccccc5)cc4c3)cc2)cc1,egc,3.0933,3.4061947607167666
*NC(=S)NC(=S)*,egc,2.8537,3.732076194897662
*c1ccc(N(c2ccc(C#N)cc2)c2ccc(-n3c(=O)c4cc5c(=O)n(*)c(=O)c5cc4c3=O)cc2)cc1,egc,1.6108,1.8913458049734364
*C(=O)Nc1cccc(NC(=O)c2ccc3c(c2)C(=O)N(c2cccc(N4C(=O)c5ccc(*)cc5C4=O)c2)C3=O)n1,egc,3.2959,2.8584411108221044
*Oc1ccc(C(=C(Cl)Cl)c2ccc(OC(*)=O)cc2)cc1,egc,4.2371,3.7966074579144884
*Oc1ccc(Oc2ccc(C(=O)c3ccc(*)cc3)cc2)cc1C(Br)Br,egc,3.947,3.6593712421009
*NC(CC(=O)OCc1ccc(Cl)cc1)C(*)=O,egc,5.1636,4.953437799566643
*C(F)(F)C(F)(F)C(=S)O*,egc,3.598,3.3887045141562573
*C1C2CCC(C2)C1*,egc,6.1739,6.581686073273352
*CC(*)c1cc(Br)ccc1OC(C)C,egc,4.6199,4.27576029723119
*CCCOC(=O)CCCCCCCCCC(=O)O*,egc,6.7744,6.699034996504451
*C(=O)Nc1ccc(NC(=O)c2ccc(N3C(=O)c4ccc(*)cc4C3=O)cc2)cc1,egc,2.9178,2.7748144492176956
*CC(*)n1c2ccc(I)cc2c2cc(I)ccc21,egc,2.9408,3.075241961883284
*c1ccc(*)n1C,egc,2.6193,2.6475479050142665
*OC1(F)CC(C(*)C)C1C(F)(F)C1(F)CC1,egc,7.2672,6.33318329137328
*NC(S1)=CC=C1C(=O)C(=S)*,egc,2.1167,2.150830182606747
*c1cc2c(s1)-c1sc(-c3sc(-c4sc(*)c5c4OCCO5)c4c3OCCO4)cc1C2=C(C#N)C#N,egc,0.9952,1.375723706320775
*c1ccc(-c2sc(-c3cc(CCCC)c(*)s3)cc2CCCC)cc1,egc,2.5595,2.2524467169984312
*CCOC(=O)C(=O)O*,egc,6.5784,5.946837763058524
*CC(=O)OC(=O)COc1cccc(O*)c1,egc,4.3174,4.881494552626313
*CC(F)(F)C(F)(F)C(F)(F)COC(=O)CC(CC(=O)O*)C(F)(F)C(F)(F)C(F)(F)F,egc,6.6602,7.105178782706536
*C(=O)Nc1ccc(C(=O)Nc2ccc(NC(=O)c3ccc4[nH]c(-c5ccc(-c6nc7cc(*)ccc7[nH]6)cc5)nc4c3)cc2)cc1,egc,2.6204,2.7460691902345924
*c1nc(-c2ccccc2)nc(N(*)c2ccccc2)n1,egc,3.8771,3.8349225490634673
*NC(=O)OC(=O)*,egc,5.6538,5.057347239575238
*CCCCCCNC(=O)C(CCCCC)C(=O)N*,egc,5.7089,5.673194333112195
*C(F)(F)C1(F)C(F)(F)C(*)(F)C(F)(F)C(F)(F)C(F)(F)C1(F)F,egc,7.4251,7.302023249321745
*CCC(C)O*,egc,6.0172,6.12995903909262
*CCOC(=O)CCCCS(=O)(=O)CCCCC(=O)O*,egc,6.7001,6.6765277222946215
*CC(=O)O*,egc,7.0895,6.081104964153061
*CCCCCCNC(=O)C(O)C(O)C(O)C(O)C(=O)N*,egc,5.9698,6.2150354335609945
*CCOCCOC(=O)CCCCS(=O)(=O)CCCCC(=O)O*,egc,6.5167,6.356064173554123
*CCCCOC(=O)NCCSCCSCCNC(=O)O*,egc,5.7445,5.255893261155716
*c1cc(-c2sc(-c3cc(CCCC)c(*)s3)cc2CCCC)c2cccccc1-2,egc,1.9772,2.0539165398049617
*OC1CCC(OC(=O)CCCCCCC(*)=O)CC1,egc,6.6443,6.660658170337352
*CCCCCCCCCOC(=O)Nc1ccc(C)c(NC(=O)O*)c1,egc,4.9708,5.033452294464251
*CC(CO*)(COc1ccccc1)COc1ccccc1,egc,4.7985,4.601225390249205
*C(=O)c1cccc(C(=O)c2ccc3c(c2)C(=O)N(c2ccc(Oc4ccc(N5C(=O)c6ccc(*)cc6C5=O)cc4)cc2)C3=O)c1,egc,2.5831,2.6698307245738193
*CC#CCOC(=O)CCC(=O)O*,egc,5.9483,6.124962740556731
*CCCCCC(=O)S*,egc,5.3869,5.083754487926978
*c1ccc(C(c2ccccc2)c2ccc(N3C(=O)c4ccc(-c5ccc6c(c5)C(=O)N(*)C6=O)cc4C3=O)cc2)cc1,egc,2.907,2.890537581190463
*C(F)(F)C(C=C1)=CC=C1C(F)(F)O*,egc,4.9933,5.35980904946152
*CCCCCCCNC(=O)c1cccc(C(=O)N*)c1,egc,4.8667,4.996843158936837
*NC(C)C(=O)NCC(*)=O,egc,5.7945,5.7658719120685555
*Oc1ccc(C(c2ccccc2)(c2ccccc2)c2ccc(OC(=O)CCCCCCCCC(*)=O)cc2)cc1,egc,4.7541,4.319938248513433
*CCCCCCCCCCCCCOC(=O)c1ccc(C(=O)NCCCCCCNC(=O)c2ccc(C(=O)O*)cc2)cc1,egc,4.6196,4.413224074560622
*C(=O)c1cccc(C(=O)N2COCN2*)c1,egc,4.5807,4.265195391019936
*CNC(C=C1)=CC=C1C(=O)*,egc,3.6383,4.268373654299993
*C=CC1C=CC(*)C(C(=O)OC(C)(C)C)=C1C(=O)OC(C)(C)C,egc,4.1406,4.65488372344286
*C=C(*)c1cccc2ccccc12,egc,0.8664,1.8920041384644695
*CC(C)(C)CO*,egc,5.8123,5.629074681510107
*CCCCOC(=O)NCCCCNC(=O)O*,egc,6.3043,6.267430007439603
*OC(=O)CCSc1ccc(SCCC(*)=O)cc1,egc,4.6942,4.303916341067896
*c1ccc(*)n1C(C(=O)OCC)n1cccc1,egc,2.8248,3.9989215195336727
*CCCCOC(=O)CCCCC(=O)O*,egc,6.8238,6.738400014890548
*OC(=O)OCCCCOC(=O)OC1COC2C(*)COC12,egc,6.6085,6.784657065284476
*OC(=O)c1ccc(C(=O)Oc2ccc3c(c2)Oc2cc(*)ccc2C32c3ccccc3-c3ccccc32)cc1,egc,3.1167,3.179745305522775
*CCCCCCCNC(=O)CCCCCCCCCCCCCCCCCCC(=O)N*,egc,5.9137,5.967208495344131
*c1cc(CCCC)c(*)s1,egc,2.5394,2.8316986109990547
*c1ccc(C(C#N)(C(=O)O)C(*)(C#N)C(=O)O)cc1,egc,5.2415,4.769363121455986
*CC(*)(Cl)C(=O)OCC,egc,6.3834,6.016697442069943
*CCCCCCCCOC(=O)NCCCCCCNC(=O)O*,egc,6.1519,6.411608801163489
*C(=O)NNC(=O)c1ccc(*)nc1,egc,3.5892,3.7710169120878536
*CCCCCCCc1nnc(*)n1N,egc,5.5167,5.444450544594255
*ON(C(F)(F)F)C(F)(Br)C(*)(F)F,egc,6.3719,6.681327738576994
*CC(F)(F)C(F)(F)C(F)(F)C(F)(F)COC(=O)C(F)(F)C(F)(F)C(F)(F)C(F)(F)C(=O)O*,egc,6.3052,6.9772399240936
*C(F)(F)C1(F)C(F)(F)C(*)(F)C(F)(F)C(F)(Cl)C1(F)F,egc,7.2365,5.96549837437549
*CC(*)c1ccc(C(=O)CCN2CCCCC2)cc1,egc,2.7084,3.474650119960284
*CCOC(=O)c1ccc(O*)c(Cl)c1,egc,4.81,4.401112340466837
*C(F)(F)C(=O)C(F)(F)O*,egc,5.2431,6.416572718316211
*CCCCCCCCCCCCC(=O)O*,egc,6.7386,7.019914516760747
*CC(CCCCCC)O*,egc,5.8686,5.594912091838787
*c1cc(-c2ccc(CCCCCCCC)cc2)c(*)s1,egc,2.6682,1.923965047726121
*C(=O)C(C=C1)=CC=C1C(S2)=CC=C2C(=S)*,egc,2.3592,2.38004650989763
*CCCCCCCCNC(=O)CCCCCCCCCCCCCCC(=O)N*,egc,5.8468,5.975976123278402
*Nc1ccc(-c2ccc(NC(=C(C#N)C#N)c3ccc(-c4ccc(C(*)=C(C#N)C#N)cc4)cc3)cc2)cc1,egc,2.7741,2.5550286968648632
*Oc1ccc(NC(=O)c2cccc(C(=O)Nc3ccc(*)cc3)c2)cc1,egc,3.4563,3.4872357705718953
*NC(=S)Sc1cc(N)nc(*)n1,egc,3.0317,2.9849396296147743
*CC(CS(C)(=O)=O)O*,egc,5.2613,5.51907731281435
*CCOC(=O)CCCCSCCCCC(=O)O*,egc,5.1928,5.439600289648146
*C#CC#Cc1cc2sc(*)cc2s1,egc,1.7355,1.5730843826049914
*NC(Cc1ccccc1)C(*)=O,egc,5.5152,4.590525352359731
*CCCCC(C)CC(=O)N*,egc,6.0469,5.951216156142912
*CC(F)(F)C(F)(F)C(F)(F)C(F)(F)COC(=O)NCC(F)(F)C(F)(F)C(F)(F)C(F)(F)CNC(=O)O*,egc,6.8832,6.712052663640629
*C(=O)c1ccc2c(c1)C(=O)N(c1cc(C(=O)O)cc(N3C(=O)c4ccc(*)cc4C3=O)c1)C2=O,egc,3.4931,3.027525168148517
*CCC(Cl)C(*)Cl,egc,6.5471,6.906796043946141
*OC(C)COC(=O)COCC(*)=O,egc,6.2412,6.302438042106722
*Oc1ccc(S(=O)(=O)c2ccc(-c3ccc(-c4ccc(S(=O)(=O)c5ccc(*)cc5)cc4)cc3)cc2)cc1,egc,3.6921,3.358316873984319
*CC(OC1CCCCC1)C1C(=O)OC(=O)C1*,egc,5.6267,5.349987878766439
*c1ccc(-c2cc(-c3ccc(CCCCCCCC)cc3)c(*)s2)s1,egc,1.5651,2.5339702097289236
*C(=O)Nc1ccc(S(=O)(=O)c2ccc(NC(=O)c3ccc4[nH]c(-c5cccc(-c6nc7cc(*)ccc7[nH]6)c5)nc4c3)cc2)cc1,egc,3.6016,3.4402039012697445
*OP(=O)(Oc1ccc(-c2ccc(*)cc2)cc1)OC1CCCCC1,egc,4.479,4.281571520456442
*c1cccc(-c2nnc(*)o2)c1,egc,4.1016,3.7633597772024965
*CC(C=C)O*,egc,4.8923,5.999641725579225
*C=C(*)c1cccc[n+]1CC#C,egc,0.3201,1.5762126649175678
*CC(COCCCCCC)O*,egc,5.6762,5.7056530901777105
*c1ccc(Oc2ccc(N3C(=O)c4ccc(S(=O)(=O)c5ccc6c(c5)C(=O)N(*)C6=O)cc4C3=O)cc2Br)c(Br)c1,egc,2.7192,3.0518188086220044
*C=Cc1ccc(*)c(F)c1,egc,2.259,2.3625945175890517
*C=Cc1ccc(*)c2c1C(=O)OC2=O,egc,3.9313,3.156159998404634
*CCOC(=O)NCCNC(=O)O*,egc,6.1962,6.187356152127199
*c1ccc(Oc2ccc(Oc3ccc(-n4c(=O)c5cc6c(=O)n(*)c(=O)c6cc5c4=O)cc3)cc2)cc1,egc,2.0871,2.08784329976276
*CCC1CC(*)C2CCCC12,egc,6.7838,6.1840440721824494
*C(=O)COCC(=O)N1CCN(*)CC1,egc,5.5847,5.139593616576435
*C(=O)Nc1ccc(Oc2ccc(NC(=O)c3cccc(*)n3)cc2)cc1,egc,3.4406,3.701373907952942
*NC(C=C1)=CC=C1C(S2)=CC=C2C(S3)=CC=C3*,egc,3.3427,2.6580900314108113
*C(=O)c1ccc2c(c1)C(=O)N(c1cccc(N3C(=O)c4ccc(*)cc4C3=O)c1C)C2=O,egc,3.3303,3.300474789369216
*c1ccc(N2C(=O)c3ccc(-c4ccc5c(c4)C(=O)N(c4ccc6[nH]c(*)nc6c4)C5=O)cc3C2=O)cc1,egc,2.4895,2.4981874209529784
*CCCCCCCCCCNCCCCCCN*,egc,5.4327,5.231485613398433
*OC(CC)C(*)=O,egc,6.3762,6.584474128094849
C(=O)(*)C1=CC=C(C=C1)S(=O)(=O)C1=CC=C(C=C1)C(=O)OC1=CC=C(C=C1)C(C1=CC=CC=C1)(C1=CC=CC=C1)C1=CC=C(C=C1)O(*),egc,3.2146,3.7864329157503867
*C(=O)c1ccc(C(=O)N(C)c2ccc(Cl)c(N(*)C)c2)cc1,egc,3.3332,3.341848820699073
*CCNC(=O)c1cccc(O*)c1,egc,4.5918,4.944901564534207
*CCCCCCCCCCOC(=O)CC=CCC(=O)O*,egc,6.0213,5.947479940367384
*c1cc(-c2cc(CCCCCCCC)ccc2CCCCCCCC)c(*)s1,egc,1.6967,2.197436048217205
*Oc1ccc(Sc2ccc(OC(*)=O)cc2)cc1,egc,4.473,4.272059988816269
*C(=O)C1CC1C(=O)N1CCN(*)CC1,egc,5.7206,5.448098020159299
*CC(*)OC(=O)C(F)(F)C(F)(F)F,egc,6.6309,6.650361312060075
*c1ccc(-n2c(=O)c3cc4c(=O)n(*)c(=O)c4cc3c2=O)cc1,egc,2.8625,2.9253793206003
*CC1(CO*)CC=CCC1,egc,5.5732,5.889489302135827
*C=CC(CN)C(*)C(=O)O,egc,5.3681,4.958765033282267
*CCCCCCNC(=O)NCCCCNC(=O)N*,egc,5.3951,5.76521078504849
*CCCCCCCCCCCCCCCCCCCCOC(=O)C1CCC(C(=O)O*)CC1,egc,6.484,6.687173641385045
*Oc1ccc(S(=O)c2ccc(OC(*)=O)cc2)cc1,egc,4.6592,4.51596805123923
*CC(*)C(=O)CC,egc,5.6211,5.835324585584221
*OC(=O)CCSCc1ccc(CSCCC(*)=O)cc1,egc,4.567,4.719590946761431
*Oc1ccc(CCNC(=O)c2cccc(C(*)=O)c2)cc1,egc,4.1401,4.2634615432307035
*CCCCOC(=O)SSC(=O)O*,egc,4.2442,4.115061253366747
*C(F)(F)CC(F)(F)C(=S)*,egc,2.8419,3.2775654071894724
*NNC(=O)CCCCCCCCCCCC(*)=O,egc,5.7041,5.783751757470497
*C(=O)c1ccc2c(c1)C(=O)N(c1ccc3c(c1)Cc1cc(N4C(=O)c5ccc(*)cc5C4=O)ccc1-3)C2=O,egc,2.2777,2.425689814731744
*C(=O)Nc1cc(NC(=O)c2ccc3[nH]c(-c4cccc(-c5nc6cc(*)ccc6[nH]5)c4)nc3c2)cc(-c2nc3ccccc3[nH]2)c1,egc,3.2918,2.844588458522291
*c1cc(-c2ccc(OCCCCCC)cc2)c(*)s1,egc,2.6448,2.7101655651058345
*c1ccc(C(c2ccccc2)(c2ccc(-n3c(=O)c4cc5c(=O)n(*)c(=O)c5cc4c3=O)cc2)C(F)(F)F)cc1,egc,2.7963,2.718245278661259
*C=CCCCCCC*,egc,5.8437,5.3843487824712115
*CC(*)(C)C(=O)OCCC1CCCCC1,egc,6.5132,6.478571069374977
*C=NCCCCCCN=Cc1ccc(Sc2ccc(*)o2)o1,egc,3.6661,3.359072380835444
*CCCC(*)C,egc,7.1052,6.934107315199194
*c1cccc(-n2nc(-c3ccccc3)c3cc(Oc4ccc5c(-c6ccccc6)nn(*)c(=O)c5c4)ccc3c2=O)c1C#N,egc,3.4916,2.9156227036779945
*CC(C)(C)COC(=O)CCC(=O)O*,egc,6.4486,6.461626824508776
*Oc1ccc(C(C)(C)c2ccc(OC(*)=O)cc2)cc1,egc,5.2059,5.041149741699663
*c1cc(*)c(O)c(C=O)c1,egc,3.2778,4.178772789824503
*C(=O)c1ccc2c(c1)C(=O)N(c1cccc(C#Cc3cccc(N4C(=O)c5ccc(*)cc5C4=O)c3)c1)C2=O,egc,2.4849,2.5054690833308864
*CCCCCCCCCCOCCCCCCCCCCOCCCCCO*,egc,5.9245,6.121814740483884
C13C(C=*)OC(C=*)C1C(=O)N(C2=CC=C(C(F)(F)F)C=C2)C3=O,egc,5.369,5.064936960825382
*C(=O)c1ccc2c(c1O)C(=O)N(c1ccc(Oc3ccc(N4C(=O)c5ccc(*)c(O)c5C4=O)cc3)cc1)C2=O,egc,2.4208,2.476962067828325
*OC(CCCCCC)CC(*)=O,egc,6.7534,6.078724159150341
*CC(CCl)(CCl)COC(=O)c1ccc(C(=O)O*)cc1,egc,4.7184,4.723225849299431
*OC(=O)c1ccc(C(*)=O)cc1,egc,4.5736,4.353553772882278
*C(=O)Nc1ccc(Cc2ccc(N3C(=O)c4ccc(*)cc4C3=O)cc2)cc1,egc,3.1109,2.8737942295654966
*CCCCCCCCCCCCNC(=O)CCCCCCCCCCCCC(=O)N*,egc,6.028,5.894662632157869
*CC(*)c1ccc(C(=O)CCN2CCOCC2)cc1,egc,3.2629,3.5271884919219323
*Oc1cccc(OC(=O)c2ccc(Oc3ccc(C(*)=O)cc3)cc2)c1,egc,4.2359,3.9265290734422704
*OC1(F)C(C)C(C)(C2(Cl)CNCNC2*)CC1(C)C,egc,5.4515,5.704868546992818
*CC1CC(*)CN(c2nc(N)nc(N)n2)C1,egc,5.1254,4.6479980666862994
*Nc1ccc(C(C)(C)c2ccc(NC(=O)c3cc(C(*)=O)cc(N4C(=O)C5CC=CCC5C4=O)c3)cc2)cc1,egc,3.5748,3.381446450007099
*CC(*)C(=O)OCC=C,egc,6.066,5.3943648691170525
*NOC(=O)O*,egc,6.2663,5.198590667440998
*CONO*,egc,6.4799,5.725522823805205
*CCCCCC(=O)NCCCCCOCCCCCNC(=O)CCCCO*,egc,5.905,5.824873710066144
*ON(C(F)(F)F)C(F)(F)C(F)=C(F)C(*)(F)F,egc,4.6645,5.2268909642121795
*CCCCCCCCCOc1ccc(C=CC=Cc2ccc(O*)cc2)cc1,egc,3.5795,3.4755528753812044
*C(*)(F)Cl,egc,3.6564,7.22245115983331
*Oc1cc(C)c(*)c(C)c1Br,egc,4.5779,4.292064976087772
*c1ccc(-c2nnc(-c3cccc(-c4nnc(*)o4)c3)o2)cc1,egc,3.4013,3.5210324269509212
*C(=O)C1CC(OC(C)=O)CN1*,egc,4.1614,5.833212469262092
*Oc1ccc(C(CC)(c2ccccc2)c2ccc(OC(*)=S)cc2)cc1,egc,4.1012,4.264386555369806
*C(C=C1)=CC=C1C(C=C2)=CC=C2C(=S)O*,egc,3.2538,3.538885702929507
*C=CC(C*)CC,egc,5.4701,5.684601069812764
*CC(S1)=CC=C1C(C=C2)=CC=C2C(S3)=CC=C3*,egc,3.3769,3.267837703283371
*c1ccc(-c2cc(CCCCCCOC(=O)COc3ccccc3)c(*)s2)s1,egc,1.9751,2.5439485206584838
*CC(O*)c1ccccc1,egc,5.2866,4.371986884005864
*CCCCCCOC(=O)NNC(=O)CCCCCCCCC(=O)NNC(=O)O*,egc,5.8625,5.561674232946763
*OC(=O)OCC(OC)C(COC(=O)OC1COC2C(*)COC12)OC,egc,6.3606,5.325007127695302
*Oc1ccc(NC(=O)c2cc(NC(=O)C34CC5CC(CC(C5)C3)C4)cc(C(=O)Nc3ccc(*)cc3)c2)cc1,egc,3.5033,3.699488204013414
*NC(=S)NC(C=C1)=CC=C1CC(C=C2)=CC=C2*,egc,3.7839,3.1847996559206746
*CCCOC(=O)Cc1ccc(CC(=O)O*)cc1,egc,5.2766,5.326621047687123
*c1nc2cc3nc(-c4ccc(*)o4)[nH]c3cc2[nH]1,egc,2.2261,2.812870846384874
*NC(CC(=O)OCc1ccccc1)C(*)=O,egc,5.316,5.359606469176389
*c1ccc(-c2nc3cc(-c4ccc5nc(-c6ccccc6)c(*)nc5c4)ccc3nc2-c2ccccc2)cc1,egc,3.3015,2.9234142448453477
*CCCS(=O)(=O)CCCS(=O)(=O)CCCOC(=O)c1ccccc1C(=O)O*,egc,5.0984,4.737324317317442
*OC(F)(F)C(F)(F)C(F)(F)C(*)(F)F,egc,9.0549,8.080229633729758
*OC(=O)C1CCC(C(=O)OC2COC3C(*)COC23)CC1,egc,6.4746,6.123511096529109
*C(=O)c1ccc2c(c1)C(=O)N(c1cccc(Cc3ccc(C(=O)c4ccc(N5C(=O)c6ccc(*)cc6C5=O)cc4)cc3)c1)C2=O,egc,2.9158,2.6780623247957274
*C=CC1CC(*)C(C(=O)Oc2ccccc2)C1C(=O)Oc1ccccc1,egc,5.2819,3.877669981839739
*c1cc(CC)c(*)s1,egc,2.3523,2.66516064447821
*NNC(=O)C(=O)NNC(=O)CCCCC(*)=O,egc,4.5812,5.396992106932155
*Cc1ccc(C(=O)N*)cc1,egc,5.0419,4.427171042227435
*c1cc(-c2nc3ccccc3s2)cc(-n2c(=O)c3cc4c(=O)n(*)c(=O)c4cc3c2=O)c1,egc,2.4436,2.5208277351709145
*CCCOC(=O)CCCCCCC(=O)O*,egc,6.9244,6.739968991817194
*Oc1c(C(C)C)cc(C(*)=O)cc1C(C)C,egc,4.7789,4.844482868471462
*C(C=C1)=CC=C1OC(=S)O*,egc,4.7568,3.7412573058861374
*Nc5ccc(NC(=O)c4ccc(C3(c1ccc(C(*)=O)cc1)OC(=O)c2ccccc23)cc4)cc5,egc,3.4199,3.1943016567129385
*CCCCCCCCCCNC(=O)CCCCCCCCC(=O)N*,egc,5.9125,6.016264365712336
*C(=O)C(C=C1)=CC=C1C(C=C2)=CC=C2C(=S)*,egc,2.4596,3.0195191062009723
*CCCCCCCCn1c(=O)c2ccc3c4ccc5c(=O)n(*)c(=O)c6ccc(c7ccc(c1=O)c2c37)c4c56,egc,2.0224,2.298788299979052
*CCCP(CCCNC(=O)C(=O)N*)c1ccccc1,egc,4.5841,4.576517437796713
*CCCCCCOC(=O)CCCCCCCCC(=O)O*,egc,6.8548,6.7128759796249335
*c1cc(SCCCCCC)c(*)s1,egc,1.6201,1.641463445417067
*CC(*)OC(=O)c1ccc(OC(C)=O)cc1,egc,4.6237,4.562879258471962
*c1ccc(C(=O)Nc2ccc(-n3c(=O)c4cc5c(=O)n(*)c(=O)c5cc4c3=O)cc2C(=O)OCC)cc1,egc,2.463,2.4465150148251262
*CC(=O)NCCCCCCNC(=O)COC(=O)CCCCC(=O)O*,egc,6.0986,5.920245519534316
*C([2H])([2H])C(*)(F)F,egc,7.1497,7.729063868914618
*CCCCCCOC(=O)CCCC(=O)O*,egc,6.6665,6.817744588156341
*Oc1ccc(OC(=O)c2ccc(C(*)=O)cc2)cc1Cl,egc,3.9402,4.322066482590877
*C(F)C(*)(F)OC(F)(F)F,egc,8.1265,8.264040768906302
*CC(*)(F)C(=O)OCC(F)(F)C(F)(F)C(F)(F)C(F)(F)C(F)(F)C(F)F,egc,6.4283,6.740714684237867
*c1ccc(Oc2cccc(-n3c(=O)c4cc5c(=O)n(*)c(=O)c5cc4c3=O)c2)cc1,egc,2.5637,2.618338622343488
*CC1CC(*)CC(O)C1,egc,6.4795,6.184607450660716
*C1CC(C)(C)OC1*,egc,5.8529,5.60256561174687
*CCCC(*)C#N,egc,7.8211,6.603273584520861
*C(=O)SSCCCCSSC(=O)N1CCN(*)CC1,egc,4.2166,4.890779782808753
*c1cncc(-c2nnc(-c3nnc(*)o3)o2)n1,egc,3.6277,2.926478280642223
*c1ccc(-c2ccc(-c3cc(-c4ccccc4)c4cc(-c5ccc6nc(*)cc(-c7ccccc7)c6c5)ccc4n3)cc2)cc1,egc,3.1298,2.8508028707148285
*CCCC1(C)CCN(C(=O)CCC(=O)N2CCC(*)(C)CC2)CC1,egc,5.3334,5.5718223639402
*CC(*)(C)C#N,egc,7.6319,6.4357708270720755
*CCC(=O)OC(=O)CCc1ccc(*)o1,egc,4.5192,4.830454600878787
*CC(=O)NC(=O)*,egc,4.269,5.073222035113303
*Nc1ccc(NC(=S)NC(=O)c2cccc(C(=O)NC(*)=S)c2)cc1,egc,3.3129,2.9867091236814702
*CCCCCOC(=O)CCC(C)CC(=O)O*,egc,6.7005,6.652537630226742
*CC1CCC(CNC(=O)CCCCCCC(=O)N*)CC1,egc,5.8707,5.68118652353505
*CCCOC(=O)CCCCC(=O)O*,egc,6.7235,6.586439843070748
*c1ccc(-c2nc3ccc(Oc4ccc5nc(*)c(-c6ccccc6)nc5c4)cc3nc2-c2ccccc2)cc1,egc,3.199,2.887315684439791
*CCOCCOCCOCCOCCOc1ccc(C(=O)Nc2cc(NC(=O)c3ccc(O*)cc3)cc(-c3nc4ccccc4[nH]3)c2)cc1,egc,3.9357,3.386197203970588
*CC(*)C(=O)n1sc2ccccc2c1=O,egc,1.2252,3.7502576194530723
*C(=O)NNC(=O)c1cccc(C(=O)NNC(=O)c2cccc(*)n2)c1,egc,4.479,3.8153092523391647
*CC(*)c1cc(Br)ccc1OCC,egc,4.458,4.330935190214386
*Oc6ccc(C5(c3ccc(OC(=O)c2ccc(Oc1ccc(C(*)=O)cc1)cc2)cc3)OC(=O)c4ccccc45)cc6,egc,4.0357,3.6890671890479716
*C(F)(F)C(F)(F)CC(=S)*,egc,3.089,4.014255202669172
*Oc1ccc(S(=O)(=O)c2ccc(Oc3ccc(NC(=O)c4cc(NC(=O)c5ccncc5)cc(C(=O)Nc5ccc(*)cc5)c4)cc3)cc2)cc1,egc,3.3418,3.3270216833010684
*C(=O)Nc1cccc(C(=O)Nc2cccc(NC(=O)c3ccc4[nH]c(-c5cccc(-c6nc7cc(*)ccc7[nH]6)c5)nc4c3)c2)c1,egc,3.186,3.0698834106407724
*COCOCCCO*,egc,6.5721,6.04200109888425
*CC1CCC(CNC(=O)CCCCCCCCC(=O)N*)CC1,egc,5.7331,5.764907236736318
*CCCC(C)(C)CNC(=O)CCCCC(=O)N*,egc,5.8218,5.781821899545926
*c1ccc(-c2ccc(*)c(Cl)c2)cc1Cl,egc,3.6381,3.1138777005670244
*CCCOC(=O)CC(=O)O*,egc,6.6256,6.358769684531302
*C=CC1CC(*)C(C#N)([Si](C)(C)O[Si](C)(C)C)C1,egc,5.5917,5.045556062204887
*OC1CCC(OC(=O)NCCNC(*)=O)CC1,egc,6.0582,6.401891868958586
*c1ccc(-c2ccc3[nH]c(-c4nc5cc(*)ccc5[nH]4)nc3c2)cc1,egc,3.3322,3.205021301721079
*Oc1ccc(C2(c3ccc(OC(=O)c4ccc(C(*)=O)cc4)cc3)CCC(C(C)(C)C)CC2)cc1,egc,3.1462,3.6959518604270083
*c1ccc(Oc2ccc(S(=O)(=O)c3ccc(Oc4ccc(-c5c6c(c(*)c7ccccc57)C(=O)N(C)C6=O)cc4)cc3)cc2)cc1,egc,3.443,3.4396343861403955
*CC(*)n1nnc2ccccc21,egc,4.0479,3.749152009288834
*OC(C)C(=O)NC(C)C(*)=O,egc,5.6199,5.8191118722238055
*Oc1cccc2c(OC(=O)Oc3ccc(OC(*)=O)cc3)cccc12,egc,4.0608,4.286082495504354
*C1CCC(*)C1,egc,6.6766,6.856405320774396
*C=C(*)c1ccc(N)cc1,egc,0.2588,1.4218933047341078
*CCCCCCCCCCCCOC(=O)CCCCCNC(=O)CCCCC(=O)NCCCCCC(=O)O*,egc,5.3312,5.744273751019033
*C(F)(F)C(=O)C(F)(F)C(=O)*,egc,4.4683,5.398916078866578
*CCOC(=O)CCCCC(=O)O*,egc,6.7259,6.7093128755162965
*CCCCCCCCCn1c(=O)c2cc3c(=O)n(*)c(=O)c3c(Br)c2c1=O,egc,3.5814,3.4097446584230733
*CCCOCCCOC(=O)CCCCCCCCC(=O)O*,egc,6.4909,6.531147662509172
*OC(=O)C(Cc1ccccc1)NC(=O)CCCCCCCCCCC(=O)NC(Cc1ccccc1)C(=O)OC1COC2C(*)COC12,egc,5.5385,5.1465855830417295
*OC(=O)OCCCCCCOC(=O)OC1COC2C(*)COC12,egc,6.6217,6.692781593558428
*CCC(S1)=CC=C1C(=S)*,egc,2.6244,3.013906905915222
*C(Cl)=C(c1ccccc1)c1ccc(*)cc1,egc,2.8757,3.2882488520303106
*c1ccc(C2(c3ccc(N4C(=O)c5ccc(-c6ccc7c(c6)C(=O)N(*)C7=O)cc5C4=O)cc3)c3ccccc3-c3ccccc32)cc1,egc,2.7114,2.953404451764682
*OC(C)CCOC(=O)CCCCS(=O)(=O)CCCCC(*)=O,egc,6.6674,6.459483591709314
*c1ccc(*)[nH]1,egc,2.4594,2.9928590127818424
*CC(CC)(CC)CO*,egc,5.586,5.444216455120283
*C(C=C1)=CC=C1OC(=O)CC(=O)CCO*,egc,4.7926,4.800095589014619
*ON(C(F)(F)F)C(F)(C(*)(F)F)C(F)(F)F,egc,6.8426,7.905272530442688
*Oc1ccc(C(C)(C)c2ccc(Oc3nc(*)nc(Cl)n3)cc2)cc1,egc,4.3967,4.285859604661331
*C(=O)OCC(C)(C)COC(=O)N1CCN(*)C(C)C1,egc,5.8979,5.779845451632018
*c1ccc(Oc2ccc(-c3cnc4ccc(-c5ccc6ncc(*)nc6c5)cc4n3)cc2)cc1,egc,3.2298,3.197400706222093
*CCCCOC(=O)NCCNC(=O)O*,egc,6.2788,6.216111412253036
*CCCCCCNC(=O)CCP(=O)(CCC(=O)N*)c1ccccc1,egc,4.8862,4.801570436551927
*c1ccc(Oc2ccc(-c3nc4cc(-c5ccc6nc(-c7ccccc7)c(*)nc6c5)ccc4nc3-c3ccccc3)cc2)cc1,egc,3.1231,3.0890052191827344
*C(=O)C(S1)=CC=C1C(C=C2)=CC=C2O*,egc,2.8763,3.633910394746238
*Cc1ccc(OCOc2ccc(*)c3cccnc23)c2ncccc12,egc,3.5315,3.541198496387956
*CC(CO*)(CS(=O)(=O)CCCCC)CS(=O)(=O)CCCCC,egc,5.21,5.387534622550756
*CCCCCCCCCCCCNC(=O)C(OC)C(OC)C(=O)N*,egc,5.7132,5.626630152441795
*CCCN(*)C(C)=O,egc,5.7364,5.543326663386897
*CC(=O)C(S1)=CC=C1C(=S)*,egc,2.6865,2.4480890098334966
*Cc1ccc(CNC(C)=N*)cc1,egc,4.9237,4.8317699686570785
*c1ccc(C(C#N)(C(=O)OC)C(*)(C#N)C(=O)OC)cc1,egc,5.3905,4.764231848407909
*C=CC(=C(C)C)C(*)=C(C)C,egc,3.4443,4.7819396008919375
*c1ccc(N(*)c2ccc(S(=O)(=O)O)cc2)cc1,egc,3.3685,3.29433017435491
*NOC(=S)O*,egc,4.8496,4.587741968141156
*c1ccc(N(c2ccc(C#N)cc2)c2ccc(N3C(=O)c4ccc(Oc5ccc6c(c5)C(=O)N(*)C6=O)cc4C3=O)cc2)cc1,egc,2.2981,2.3335025290535296
*NC(C=C1)=CC=C1OC(C=C2)=CC=C2*,egc,3.6519,4.0869989714745625
*CCN(*)Cc1ccccc1,egc,3.8139,4.9509888157009625
*CCCCCC(=O)NCCCCCCNC(=O)CCCCCOC(=O)CCCCC(=O)O*,egc,5.9182,5.5885652885618695
*Cc1cccc(CN(*)c2ccccc2)c1O,egc,4.1958,3.9934285324632537
*C(=O)NCCCCCCNC(=O)c1cnn(*)c1,egc,5.1584,4.5697520449585785
*CC(*)C(=O)OCCCCSC,egc,4.571,5.023811254267993
*CC(O)C(O)CN(*)c1ccc(N(C)C)cc1,egc,3.7705,4.507042760874111
*NC(CC(*)=O)C(=O)OCCOC,egc,5.9247,5.714321152838985
*CCCC(C)CCC(=O)N*,egc,5.9091,6.03833330605372
*C(C)C(*)OC,egc,5.326,5.797162154581723
*CCCCCC(=O)NCCCCCOCCCCCNC(=O)CCCO*,egc,5.841,5.873278250621128
*CO*,egc,6.6048,6.287634147289105
*CC(C#N)(C#N)C(C#N)C(C#N)(C#N)C(C#N)C(C#N)(C#N)C(C#N)C(C#N)(C#N)*,egc,6.4897,6.041803103491075
*c1ccc(OCC2CCC(COc3ccc(-n4c(=O)c5cc6c(=O)n(*)c(=O)c6cc5c4=O)cc3)CC2)cc1,egc,2.2219,2.312725537023457
*CCOC(=O)NCCOCCOCCNC(=O)O*,egc,6.1403,5.996153964483877
*CCOCCOC(=O)CCCCCCCC(=O)O*,egc,6.5091,6.635642576414179
*CONC(=O)*,egc,6.1048,6.322517271288822
*CC(*)C(=O)OC(CC)CC,egc,6.4889,6.235472279336793
*CCCCCCOC(=O)NCCCNC(=O)O*,egc,6.0865,6.2814331843513
*Oc1ccc2nc3oc4cc5oc6c7c(cn6ccc5on4cnc3c12)nc1c(*)ccccc17,egc,1.4158,3.4391430819269684
*CC(O)CO*,egc,6.5192,6.289744864355747
*Oc1cccc(Oc2ccc(S(=O)(=O)c3ccc(*)cc3)cc2)c1,egc,4.2737,4.403880649451556
*Nc1ccc(NC(=O)c2cc(NC(=O)c3ccccc3)cc(C(*)=O)c2)cc1,egc,3.3958,3.292194907425658
*Nc1ccc(C(C)(C)c2ccc(NC(=O)c3cc(C(*)=O)cc(N4C(=O)C5C6CCC(C6)C5C4=O)c3)cc2)cc1,egc,4.0843,3.5428290750652356
*CCCCCCOC(=O)OCCCCCCCCCCCCOC(=O)OCCCCCCn1c(=O)c2cc3c(=O)n(*)c(=O)c3cc2c1=O,egc,3.821,3.346395639438868
*C(=O)Nc1ccc(C(=O)Nc2ccc(NC(=O)c3ccc4[nH]c(-c5cccc(-c6nc7cc(*)ccc7[nH]6)c5)nc4c3)cc2)cc1,egc,2.9934,3.1110530242056935
*CCCCOC(=O)O*,egc,7.3079,7.124321870794244
*CC(F)(F)C(F)(F)C(F)(F)COC(=O)NCC(F)(F)C(F)(F)C(F)(F)C(F)(F)CNC(=O)O*,egc,6.897,6.502637891636329
*CC1(CO*)CC2CCC1CC2,egc,5.9128,5.868218995843806
*CCCCCCNC(=O)NCCCCCNC(=O)N*,egc,5.9068,5.511426185834428
*CC(C=C1)=CC=C1NC(C=C2)=CC=C2*,egc,4.3854,4.072567380216892
*CC(*)(C)C(=O)OCCc1ccccc1,egc,5.7104,5.324543340601559
*NNC(=O)c1ccc(NC(=O)c2ccc(C(*)=O)cc2)c(O)c1,egc,3.6452,4.09563157015001
*c1cc(C)c(*)s1,egc,1.9299,3.4219896754154
*Oc1ccc(N=Nc2ccc(*)cc2)cc1,egc,3.1576,4.0565649645197945
*C(=O)c1ccc2c(c1)C(=O)N(c1cccc(-c3nc(-c4ccccc4)nc(-c4cccc(N5C(=O)c6ccc(*)cc6C5=O)c4)n3)c1)C2=O,egc,2.9625,2.8926156000866965
*C(=O)Nc1ccc(N2C(=O)c3ccc(*)cc3C2=O)cc1,egc,3.1573,2.848961570426382
*c1ccc(Oc2ccc(-c3csc(-c4nc(*)cs4)n3)cc2)cc1,egc,3.5312,3.377193945251592
*OC(=O)CCC(=O)OC1COC2C(*)COC12,egc,6.1275,5.918357318577396
*C(=O)OC1CC2CC(OC(=O)N3CCN(*)CC3)CC(C1)O2,egc,5.7033,5.8511178476560355
*CCCCCCNC(=O)CCCCCCCCCCCCCCCCCCCCC(=O)N*,egc,5.992,5.995870633240136
*c1ccc(-c2sc(-c3cc(SCCCC)c(*)s3)cc2SCCCC)cc1,egc,2.4731,2.4578141314035724
*OC(CC(C)C)C(*)=O,egc,6.5186,6.655385736803819
*CC(Cl)C(Cl)C(*)Cl,egc,7.1649,6.75548866657014
*c1cc(CCCc2ccccc2)c(*)s1,egc,2.4481,3.5246833659560455
*c1ccc(C(=O)c2ccc(C(=O)c3ccc(Oc4ccc(-c5nn(*)c(=O)c6ccccc56)c(F)c4)cc3)cc2)cc1,egc,3.3441,3.2211711159632386
*CCOCCOC(=O)COCC(=O)O*,egc,5.9381,6.040759919569697
*CC(*)(C)C(=O)OCCCCCC,egc,6.4509,6.281581947421093
*CCCCCCCCCCCCCCCCOC(=O)CC=CCC(=O)O*,egc,5.8517,6.050219828130672
*c1cccc(-c2ccc(-c3ccc(*)s3)s2)n1,egc,2.8359,2.4329003479456834
*CC(O)CN(*)c1cc(C)cc(C)c1,egc,4.5575,4.571773067187804
*c1cc(-c2ccc(OCCCC)cc2)c(*)s1,egc,2.6658,2.7841495927338467
*CC(C=C1)=CC=C1CC(C=C2)=CC=C2*,egc,5.1689,4.473082745781241
*Oc1ccc(CC(NC(=O)CCc2ccc(OC(=O)CCCCCCC(*)=O)cc2)C(=O)OCCCCCCCCCCCC)cc1,egc,5.1624,5.090581169058767
*CCCCCNC(=O)C(CCCCCCCCCCCC)C(=O)N*,egc,5.7457,5.785660874703568
*C(c1ccc(N(C)C)cc1)C(*)c1ccc([N+](=O)[O-])cc1,egc,2.3431,3.8018590109066124
*c1ccc(*)c(OC)c1N,egc,4.71,3.5055857486477096
*CCCCCCCNC(=O)C=CCCC=CC(=O)N*,egc,5.3907,5.175343166448656
*CCCCCCCCC(=O)O*,egc,6.4657,6.729194572656485
*c1nnc(C2CC3(CC(*)C3)C2)o1,egc,6.0399,5.708927936562996
*CCCCCCCCc1nnc(*)n1N,egc,5.4011,5.41675168825806
*C=CC1CC(*)C2C(=O)N(CCCCCCCCC)C(=O)C12,egc,5.4434,4.721894093101251
*CCCCCCCCCCCCc1nnc(*)o1,egc,6.356,5.613493135795895
*CCOCCOCCOC(=O)c1ccccc1C(=O)O*,egc,4.8493,4.940595544773659
*OC(C)CCCCC(*)=O,egc,6.5026,6.415393950999005
*c1cc(C=Nc2cccc(C)c2)cc(*)c1O,egc,3.5437,2.905316775437741
*CC(*)c1ccc(CCCCCC)cc1,egc,4.9872,4.453213903184201
*Nc1cc(NC(=O)c2ccc(C(*)=O)cc2)cc(C(=O)OCCOc2ccc(C=CC(=O)c3ccccc3)cc2)c1,egc,3.1709,2.734733300081088
*CCCCc1nnc(*)n1N,egc,5.3914,4.96091758769384
*CCCCCCCCCCC(=O)O*,egc,6.8465,6.797652772865573
*c1ccc(Oc2ccc(-c3cc(-c4ccccc4)c4cc5c(-c6ccccc6)cc(*)nc5cc4n3)cc2)cc1,egc,2.8308,3.27708239529931
*C=C(*)C#N,egc,0.838,4.019960315310227
*CC(S1)=CC=C1C(=S)C(S2)=CC=C2*,egc,2.5715,2.8739756231925133
*CCCCCCCCCNC(=O)CCCCCC(=O)N*,egc,5.9578,5.86162689910441
*CCCCCOC(=O)NCCSCCSCCNC(=O)O*,egc,5.3739,5.369761703228512
*C=CC1CC(*)C2C(=O)N(CCCCCC)C(=O)C12,egc,4.6556,5.227240362862236
*CCCCOC(=O)CCCCCNC(=O)O*,egc,6.3358,6.383568194729674
*CC(CCl)(CI)COC(=O)CCCCC(=O)O*,egc,5.5293,6.234071776616948
*CCCCCCOCCCCCCOCCCCCO*,egc,5.9688,5.912048076899151
*c1cccc(C(c2ccccc2)(c2cccc(N3C(=O)c4ccc(Oc5ccc6c(c5)C(=O)N(*)C6=O)cc4C3=O)c2)C(F)(F)F)c1,egc,3.4747,3.308590270129654
*c1ccc(-c2nnc(*)o2)c(OCCCCC)c1,egc,3.0444,3.8069088352852627
*OC(=O)c1ccc(Cc2ccc(C(*)=O)cc2)cc1,egc,4.3273,4.105387186700173
*CC(C)(C)COC(=O)CCCCCCCC(=O)O*,egc,6.5848,6.572494515754471
*CCCCCCCCCCCCCCCCOC(=O)CCC=CCCC(=O)O*,egc,6.0336,5.942903792309168
*CC(=O)CC(=O)*,egc,4.1544,5.7815333185834525
*CCCCCCCCC(=O)NCCCCCOCCCCCNC(=O)CCCO*,egc,5.9383,5.867522418763798
*C(=O)OC1=NCCN1*,egc,5.1364,4.839781581296449
*Cc1ccc(COC(=O)CCCCCC(=O)O*)cc1,egc,5.6303,5.457359896244981
*CCCP(CCCCCCCC)CCCNC(=O)CCCCC(=O)N*,egc,4.7376,4.919970546817225
*NC(C#N)=C(C#N)NC(=O)c1ccc(C(*)=O)cc1,egc,3.4817,4.347484954524927
*NC(CCC(*)=O)C(=O)O,egc,5.9301,5.863858544395583
*CC1CCC(COC(=O)c2ccc(NC(=O)O*)cc2)CC1,egc,4.5441,4.825173154915821
*CCC(C)C(*)(C)C(=O)OC,egc,6.5856,6.102698360335103
*CC(*)(CO)C(=O)OCC,egc,5.8505,6.30363810770778
*C(=O)CCCCCCCCC(=O)N1CCN(*)CC1,egc,5.5924,5.662457294357635
*Oc1cccc(OC2(F)C(*)(F)C(F)(F)C2(F)F)c1,egc,5.2546,4.616767069962393
*CC(C1=CC=CC=C1)CC(C2=CC=CC=C2)CC(C3=CC=CC=C3)CC(C4=CC=CC=C4)*,egc,5.2025,3.711035649122421
*c1ccc2c(c1)c1cc(*)ccc1n2C(=O)OCC,egc,3.932,3.236352651302605
*CCCCCCCCCCCCCCCCCCCCOC(=O)CCCCCCCCC(=O)O*,egc,6.784,6.347680185174162
*CC(*)C(=O)N(O)c1cccc(C)c1,egc,4.1845,3.9322851956698264
*CC(*)c1cc(O)ccc1O,egc,2.0107,3.838093683839079
*CNC(=O)NCOCO*,egc,6.2147,6.275555115832639
*Oc1ccc(C(C)(CCC#N)c2ccc(OC(*)=O)c(C)c2)cc1C,egc,4.6661,4.65767308938318
*c1cc(CCCCCCBr)c(*)s1,egc,2.553,2.3180308319859173
*CNC(=S)C(=O)*,egc,2.602,3.1164023306046897
*c1ccc(-c2ccc(*)c(CCCCCC)n2)nc1CCCCCC,egc,3.9211,3.38318840756123
*CC(C)(C)COC(=O)CC(=O)O*,egc,6.7138,6.410823141785654
*CC(S1)=CC=C1C(=O)O*,egc,4.5212,4.817529915357135
*c1cnc(*)c(C)c1,egc,5.1042,4.886964091167351
*CC#CC#CCOc1ccc(C(C)(C)c2ccc(O*)cc2)cc1,egc,4.3962,4.815554629818513
*CC(C)(C)COC(=O)NCCCC(CCNC(=O)O*)OC,egc,6.1723,6.076213437113096
*c1ccc2c(c1)C(CC(CC)CCCC)(CC(CC)CCCC)c1cc(*)ccc1-2,egc,3.8505,2.85661667492202
*Oc1c(OC)cc(*)cc1OC,egc,4.2534,4.228972437477048
*CCOC(=O)c1ccc(C(=O)O*)cc1,egc,4.6867,4.770199330684432
*CCOC(=O)c1ccc(O*)cc1C,egc,4.5424,4.740548288140195
*CCCCCCCCCCCCCCCC(=O)O*,egc,6.7798,6.866255642361697
*CCCCCCOc1ccc(C(=O)N(C(=O)c2ccc(O*)cc2)c2ccccc2)cc1,egc,3.9898,3.758497038317389
*C(=O)N1CC(=O)N(C(=O)c2ccc(N3C(=O)c4ccc(*)cc4C3=O)cc2)C1=O,egc,3.533,3.30905243365101
*c1cc(SCCCCCCCCCCCC)c(*)s1,egc,1.5021,2.472357513366342
*OC(F)(F)COC(=O)c1cccc(C(=O)OCC(*)(F)F)c1,egc,4.7299,4.869967513046219
*CC(O)COc1ccc(O*)cc1,egc,4.7923,4.7416837106363845
*C=Cc1cc(OCCCCCC)c(*)cc1OC,egc,2.3505,3.318965527394066
*CCCCCCCCCCOC(=O)CCCCS(=O)(=O)CCCCC(=O)O*,egc,6.4132,6.229747819206918
*OC(C)CCOC(=O)CCCCCCCC(*)=O,egc,6.6793,6.635628214913047
*C(=O)Nc1ccc(S(=O)(=O)c2ccc(NC(=O)c3ccc4c(c3)C(=O)N(c3ccc(S(=O)(=O)c5ccc(N6C(=O)c7ccc(*)cc7C6=O)cc5)cc3)C4=O)cc2)cc1,egc,3.3421,2.7857713926864784
*COC(=O)OCC1OC(OCC)OC1*,egc,6.8573,6.555854323482437
*C(=O)c1ccc2c(c1)C(=O)N(c1ccc(-c3ccc(N4C(=O)c5ccc(*)cc5C4=O)cc3)cc1)C2=O,egc,2.5354,2.4144614035909773
*C(=O)Nc1ccc(C2(c3ccc(N4C(=O)c5ccc(*)cc5C4=O)cc3)CCC(CC)CC2)cc1,egc,2.9185,3.017300471586385
*OC(*)CC,egc,6.1349,6.526939108743619
*C(S1)=CC=C1C(S2)=CC=C2C(S3)=CC=C3C(=S)*,egc,1.4924,1.6771561852825068
*C(=O)NCCCCCCNC(=O)c1ccc(*)nc1,egc,4.574,4.64516554143846
*CCOC(=O)CSC(=O)Nc1ccc(Cc2ccc(NC(=O)SCC(=O)O*)cc2)cc1,egc,4.3268,4.14503542843519
*Oc1ccc(Nc2ccc(N=Nc3ccc(Nc4ccc(*)cc4)cc3)cc2)cc1,egc,2.8393,3.0967852558279496
*CC(*)C(=O)OCCCCCCCCCCCCCC,egc,6.5079,6.217956025472815
*CCOc1ccc(C(=O)OC(=O)c2ccc(O*)cc2)cc1,egc,4.4185,4.518588911158206
*CCCCOC(=O)CCCCCCCCC(=O)O*,egc,6.818,6.792393591982156
*CC(*)C,egc,6.5196,6.887273074685215
*CCCCCCOC(=O)NCCCCCCNC(=O)O*,egc,6.343,6.343006786503857
*N=Nc1cc(*)ccc1C,egc,3.0039,3.93754214694035
*OC(C)COC(=O)CCCCCCC(*)=O,egc,6.5111,6.653850450965628
*CCCCCCCNC(=O)CCCCCCCCCC(=O)N*,egc,5.7365,5.8209725987602985
*OC3=CC=CC(C(C2=CC=CC(OC1=CC=CC(*)=C1)=C2)=O)=C3,egc,3.6547,4.02746571621735
*CC(OC(C)=O)C1C(=O)N(c2ccc(C)cc2)C(=O)C1(*)Cl,egc,4.7107,4.458507105070866
*Cc1ccc(CNC(=O)c2cccc(C(=O)N*)c2)cc1,egc,4.6753,4.063322935689925
*c1ccc(*)c(CCCCCC)n1,egc,4.7957,4.1559343403939115
*CCCCCCNC(=O)CCCCC(=O)NCCCCCCNC(=O)C(=O)N*,egc,5.2635,5.402291965474584
*C=Cc1cc(OCC)c(*)cc1OCC,egc,4.2145,2.2784374450842724
*CC1CC(*)OC(C)O1,egc,6.0468,6.013227090820441
*CC(S1)=CC=C1C(=O)C(=S)*,egc,3.0928,2.2267391912722814
*CC(*)CO,egc,6.2929,6.057187138690331
*C(=O)Nc1cccc(C=CC(=O)C=Cc2cccc(NC(=O)c3ccc(N4C(=O)c5ccc(*)cc5C4=O)cc3)c2)c1,egc,3.0227,2.535334171625625
*CC(*)C(=O)OCCCOC,egc,5.8538,5.944895645605772
*C(=O)N(*)C(C)C(C)=O,egc,4.4468,5.6270310478319105
*c1ccc(-c2ccc(-c3cc(CCCCCCCC)c(*)s3)s2)s1,egc,2.4777,1.708134143929652
*CCCP(CCCNC(=O)CCCCC(=O)N*)CC(C)C,egc,5.1348,5.0793348967361345
*c1ccc2c(*)c(-c3ccccc3)[nH]c2c1,egc,3.6113,3.4693746168532336
*Oc1ccc(Oc2ccc(C(=O)c3ccc(*)cc3)cc2)cc1C,egc,3.5517,3.8394448494724536
*NC(=O)C(=S)O*,egc,3.3593,3.2918459146436905
*C=CC1CC(*)C(C(=O)OC(C)(C)C)C1C(=O)OC(C)(C)C,egc,5.6132,5.5130672421235625
*Nc1ccc(*)cc1S(=O)(=O)O,egc,2.9815,4.14820372512789
*c1cc(N=Nc2ccc(S(=O)(=O)O)cc2)cc(*)c1O,egc,3.0327,3.081942771709079
*NC(=O)OC(C=C1)=CC=C1*,egc,4.5955,4.675932368688092
*CC(OC(C)=O)C(COC(=O)O*)OC(C)=O,egc,6.5585,6.472703039817184
*Oc1ccc(Oc2ccc(C(=O)c3ccc(*)cc3)cc2)cc1,egc,3.9034,3.9308343393885035
*CCCCCCNC(=O)c1ccc(C(=O)N*)c(Oc2ccc(Cl)cc2)c1,egc,4.0457,4.104987000911703
*CC(*)c1nc(N)nc(N)n1,egc,5.2767,4.5859282139002735
*OC1CCC(C2CCC(OC(=O)CCCCCCCCCCC(*)=O)CC2)CC1,egc,6.4832,6.282471128806613
*c1ccc(C(C)(C)c2ccc(-n3c(=O)c4cc5c(=O)n(*)c(=O)c5cc4c3=O)cc2)cc1,egc,2.5724,2.7477700847296056
*CCCCOC(=O)COCC(=O)O*,egc,6.6832,6.335177154383218
*NNC(=O)c1ccc(C(*)=O)cc1OCCCCCCCC,egc,4.1277,4.10887743659832
*CCC(=O)Oc1ccc(OC(=O)CCN2CCN(*)C(C)C2)cc1,egc,4.6472,5.018793451401355
*C(=O)CCN(C)CCN(C)CCC(=O)N1CCN(*)CC1,egc,4.9845,4.012199935714174
*OC(COC(*)=O)COC(C)(C)C,egc,6.0333,6.343540062738852
*c1ccc2c(c1)c1cc(*)ccc1n2CC(=O)NO,egc,3.6467,3.244668153998671
*C#CC#Cc1ccc(*)cc1,egc,2.0489,3.035980741467237
*c1ccc(*)n1CCC(=O)NO,egc,2.8742,3.6573105824231584
*CCCCCCNC(=O)CCCCCCCCC(=O)N*,egc,6.0268,5.854238717467643
*CCCCCCCCCCCCCCCCCCCCOC(=O)COCC(=O)O*,egc,6.3895,6.363822709245785
*Oc1ccc(Cc2ccc(OC(=O)OCC3CCC(COC(*)=O)CC3)cc2)cc1,egc,5.1271,5.024788797273256
*C(F)(F)C(F)(F)C(=O)C(=S)*,egc,2.0268,3.446024320010962
*CC(OO*)c1ccc(Br)cc1,egc,5.1335,4.324941597375928
*Oc1ccc(Oc2ccc(NC(=C(C#N)C#N)c3cccc(C(Nc4ccc(*)cc4)=C(C#N)C#N)c3)cc2)cc1,egc,2.6924,3.284062587278917
*OC(=O)Oc1cccc(OC(=O)OC2CC3CC(*)CC(C2)O3)c1,egc,5.8268,5.33553436090044
*CC(F)(F)C1(F)CC(CC(O)(C(F)(F)F)C(F)(F)F)CC1*,egc,7.7065,6.933200536731641
*c1cc(C(=O)OCC(F)(F)C(F)(F)C(F)(F)F)c(*)s1,egc,2.8607,3.010535466518323
*CCOCCOC(=O)CCSCCC(=O)O*,egc,5.4283,5.485381769598514
*CCCC(C)(C)CNC(=O)CCCCCCCCC(=O)N*,egc,5.8198,5.709368249127648
*C(F)(F)C(F)(F)C(C=C1)=CC=C1O*,egc,4.5008,5.132728903757544
*CC(CC)(CO)CO*,egc,5.2286,5.817770001591143
*NC(C)C(=O)NCCCCCCCCCCC(*)=O,egc,5.8221,5.692631740472852
*c8ccc(C7(c5ccc(n4c(=O)c3ccc(Oc2ccc1c(=O)n(*)c(=O)c1c2)cc3c4=O)cc5)OC(=O)c6ccccc67)cc8,egc,3.3847,2.9704034461623197
*c1cccc(Oc2ccc(S(=O)(=O)c3ccc(Oc4cccc(N5C(=O)c6ccc(-c7ccc8c(c7)C(=O)N(*)C8=O)cc6C5=O)c4)cc3)cc2)c1,egc,2.9006,3.349961874495592
*CC(CCC)C(CCC)COC(=O)c1ccc(C(=O)O*)cc1,egc,4.734,4.483523078801846
*C=C(*)C(C)=O,egc,3.9542,3.2999824287195025
*CCOCCOC(=O)CCCCCCCCCCCCCCCCC(=O)O*,egc,6.2057,6.465677280228257
*Oc1cc(Oc2ccc(C(C)(C)c3ccc(*)cc3)cc2)cc(C(=O)Oc2ccc(N=Nc3ccc(C#N)cc3)cc2)c1,egc,3.1481,3.4143312285496212
*C(=O)C(=S)C(=O)O*,egc,2.3358,2.8256868228278247
*c1cc2sc(*)cc2s1,egc,1.8963,2.4778935827610877
*c1ccc(Oc2ccc(-c3cnc4ccc(-c5ccc6nc(*)cnc6c5)cc4n3)cc2)cc1,egc,3.1515,2.7883473868945154
*C(=O)Oc1ccc(OC(=O)c2ccc3c(c2)C(=O)N(c2ccc(Oc4ccc(N5C(=O)c6ccc(*)cc6C5=O)cc4)cc2)C3=O)c(-c2ccccc2)c1,egc,2.5898,2.8200405038448926
*Nc1cccc2c(NC(=O)c3cccc(C(*)=O)c3)cccc12,egc,3.1462,3.127748414064887
*CC(*)C(=O)Nc1ccc2c(c1)C(=O)c1ccccc1C2=O,egc,3.0723,3.8769950599696488
*CCOCCC(=O)O*,egc,6.821,6.575214151462217
*CCN1C(=O)C(=CC=C2SC(=S)N(*)C2=O)SC1=S,egc,2.2801,3.2072215160618964
*CC(*)(F)F,egc,7.1498,6.3597364405975885
*CCC(=O)NCC(=O)N*,egc,6.1234,6.262772783599375
*CCCCCCCCCOC(=O)c1ccc(NC(=O)CCCCCCCCC(=O)Nc2ccc(C(=O)O*)cc2)cc1,egc,4.1632,4.089576423637376
*CC(*)OC(=O)C(Cl)(Cl)Cl,egc,5.7645,5.4059977887963
*OC(C)COC(=O)CCCCCCCCC(*)=O,egc,6.952,6.66070608595247
*CCCCCCCCCCNC(=O)C(C)=C(C)C(=O)N*,egc,4.9889,5.4480006099815474
*CC(C)(C)COC(=O)Nc1ccc(C)c(NC(=O)O*)c1,egc,5.1704,5.076488110364234
*CCCC(=O)*,egc,5.3982,5.480445516226008
*C=Cc1sc(*)c2c1OC(CCCCCC)CO2,egc,1.0146,2.384334065925736
*CCC(=O)N(*)C,egc,5.368,5.4342830968688745
*CC(C)(C)COC(=O)CCCCCCC(=O)O*,egc,6.7281,6.647784815084363
*NC(S1)=CC=C1C(S2)=CC=C2C(S3)=CC=C3*,egc,2.2573,2.0713428430344027
*c1ccc(-c2cnc3cc(-c4ccc5nc(*)cnc5c4)ccc3n2)cc1,egc,3.2178,2.8900762593627665
*CC(O)COC(=O)CCCCC(=O)OCC(O)COc1ccc(O*)cc1,egc,5.0285,5.042558166558082
*C(=O)OC(C=C1)=CC=C1C(=S)*,egc,2.9816,3.4580919670728827
*C(=O)c1ccc2c(c1)C(=O)N(c1cccc(C(=O)N(C)c3ccc(N4C(=O)c5ccc(*)cc5C4=O)cc3)c1)C2=O,egc,2.3447,2.6080366790630647
*CC(CC(*)(C#N)C(=O)OC)c1ccccc1,egc,5.5884,5.0929968707026125
*c1ccc(Cc2ccc(N3C(=O)c4ccc(S(=O)(=O)c5ccc6c(c5)C(=O)N(*)C6=O)cc4C3=O)cc2)cc1,egc,2.775,2.9043449021609486
*CCCCCCSSCCCCSS*,egc,5.0908,5.170924014058656
*C(=O)NCCCCCCCCCCNC(=O)c1ccc(*)nc1,egc,4.5311,4.442907442306075
*CCCS(=O)(=O)CCCCS(=O)(=O)CCCOC(=O)O*,egc,6.4999,6.051551948173195
*c1ccc(Oc2ccc(-c3cnc4cc5ncc(*)nc5cc4n3)cc2)cc1,egc,2.782,3.349671645287481
*C=CC1CC(*)C2C(=O)N(c3cccc(C)c3)C(=O)C12,egc,4.9512,4.999843654446007
*CCCCCCOC(=O)OCCCCCCCCOC(=O)OCCCCCCOc1ccc(Oc2ccc(O*)cc2)cc1,egc,4.4708,4.4781663665119416
*CC(=O)C(=S)O*,egc,3.8359,3.4171538815886575
*C(=O)C(C=C1)=CC=C1C(=S)C(C=C2)=CC=C2*,egc,2.9419,2.9410889220884475
*c1cc(CCCCCCCCCC)c(*)[nH]1,egc,2.8756,3.360181205928532
*c1ccc(-c2nc3cc4sc(*)nc4cc3s2)cc1,egc,3.1122,3.2187767608766076
*c1ccc(C(C=CC)c2ccc(-n3c(=O)c4cc5c(=O)n(*)c(=O)c5cc4c3=O)cc2)cc1,egc,2.5577,2.4588897561953527
*Nc1ccc(NC(=O)CCC(*)=O)cc1,egc,4.4554,4.390739800028696
*Oc1ccc(CC(NC(=O)Cc2ccc(OC(=O)CC(C)CCC(*)=O)cc2)C(=O)OCCCCCCCC)cc1,egc,5.2951,4.888026809866573
*c1ccc([Si](c2ccccc2)(c2ccccc2)c2ccc(-c3nnc(*)o3)cc2)cc1,egc,4.0946,3.5053236017063583
*c1ccc(*)c2nc(CCCCCCC)c(CCCCCCC)nc12,egc,3.0414,3.95518719255581
*Oc1ccc(C2(c3ccc(OC(*)=O)c(Cl)c3)CCCCC2)cc1Cl,egc,4.9504,4.408600482674713
*c1ccc(Oc2ccc(C(=O)c3cccc(C(=O)c4ccc(Oc5ccc(-n6c(=O)c7cc8c(=O)n(*)c(=O)c8cc7c6=O)cc5)cc4)c3)cc2)cc1,egc,2.3756,2.589026699826064
*CC(*)c1c(F)c(F)c(OC)c(F)c1F,egc,4.6291,4.883867474983524
*C(=O)c1ccc(C(=O)N2CCN(*)CC2)cc1,egc,4.6128,4.637824562054182
*CC(*)C(=O)C(C)(C)C,egc,5.3334,5.475075668968351
*CCCCCc1nnc(*)n1N,egc,5.7571,5.46270631001346
*CCCCCCC(Cl)C(*)Cl,egc,6.8762,6.820247991688467
*NC(=S)NC(C=C1)=CC=C1NC(=S)NC(C=C2)=CC=C2CC(C=C3)=CC=C3*,egc,3.7248,2.7430877303644845
*CC(F)(F)C(F)(F)C(F)(F)COC(=O)CCCC(=O)O*,egc,6.894,6.887931588806693
*Oc1ccc(OC(=O)C=Cc2ccc(C=CC(*)=O)cc2)cc1,egc,3.0386,3.679305358713268
*C(F)(F)C(S1)=CC=C1C(F)(F)C(=S)*,egc,2.8122,3.5373093067139028
*CCOCCOC(=O)C=CC(=O)O*,egc,4.6987,5.548262585288875
*c1ccc2c(c1)c1cc(*)ccc1n2CC(=O)OCC,egc,3.5868,3.9248044331446867
*CC(O)COc1ccc(S(=O)(=O)c2ccc(OCC(O)COc3cccc(O*)c3)cc2)cc1,egc,4.3099,4.3681259107553645
*c1ccc(-c2ccc(*)c(C)c2)cc1C,egc,3.8863,3.137974213460642
*Cc1ccc(COC(=O)CCCCCCCCCCCCCCCCCCC(=O)O*)cc1,egc,5.5452,5.492078073775807
*c1ccc(C(=O)Nc2ccc(Oc3ccc(NC(=O)c4ccc(-n5c(=O)c6cc7c(=O)n(*)c(=O)c7cc6c5=O)cc4)cc3)cc2)cc1,egc,1.639,2.5184880856269594
*Nc1ccc(*)nc1,egc,3.2295,3.7224148844453673
*=CC2OC(C=*)C3C(=O)N(c1cc(C(F)(F)F)cc(C(F)(F)F)c1)C(=O)C23,egc,5.0857,4.846792627374084
*CC(*)c1cc(Cl)ccc1Cl,egc,2.6378,3.762056245096693
*CC(*)c1cc(Br)ccc1OCCCC,egc,4.5078,4.256046039280452
*c1cc(CCOc2ccc(N=Nc3ccc(C#N)cc3)cc2)c(*)s1,egc,2.0292,2.3527964037718196
*CC(*)(F)C(C)=O,egc,4.643,5.820319602107491
*Oc1ccc(C(=O)OCCOC(=O)c2ccc(*)cc2)cc1,egc,3.8209,4.493104037956025
*CCCCCCCCCCCCNC(=O)NCCCCCCCCCCNC(=O)N*,egc,5.6621,5.788432822207983
*COC(=O)NCc1ccc(CNC(=O)OCc2ccc(*)o2)o1,egc,5.0674,3.9983969044823837
*Oc1cccc(NC(=O)c2ccc([Si](c3ccccc3)(c3ccccc3)c3ccc(C(*)=O)cc3)cc2)c1,egc,3.9647,3.9019409864147656
*CCOC(=O)c1ccc(Cc2ccc(C(=O)O*)cc2)cc1,egc,4.6415,4.267008757100752
*C(=O)c1ccc2c(c1)C(=O)N(c1cccc(C(=O)Nc3ccc(N4C(=O)c5ccc(*)cc5C4=O)cc3)c1)C2=O,egc,2.497,2.6475875555242387
*OC(C)CCOC(=O)C(*)=O,egc,5.5088,6.225176302237678
*C=CC1CC(*)C(C(=O)OC)C1C(=O)OC,egc,5.0643,5.028765383306416
*CC(CCl)(CCl)COC(=O)C(=O)O*,egc,5.906,5.876929340968209
*OS(=O)(=O)c1ccc(*)cc1,egc,4.9308,4.540362758255758
*CC(C)(CC)CO*,egc,5.6322,5.628703671576805
*C(=O)c1ccc2c(c1)C(=O)N(c1ccc(Oc3ccc(S(=O)(=O)c4ccc(Oc5ccc(N6C(=O)c7ccc(*)cc7C6=O)cc5)cc4)cc3)cc1)C2=O,egc,2.6168,2.8089711634447823
*c1ccc(S(=O)(=O)c2ccc(-n3nc(-c4ccc(Oc5ccc(-c6nn(*)c(=O)c7ccccc67)cc5)cc4)c4ccccc4c3=O)cc2)cc1,egc,3.5201,3.6234398794722584
*Oc1ccc(P(C)(=O)c2ccc(*)cc2)cc1,egc,4.6884,4.072674797489557
*CCCCCCCCNC(=O)CCCCCCC(=O)N*,egc,5.7761,5.960880927977457
*CC1CCC(*)C1,egc,6.9613,6.761573709928582
*C(F)(F)CC(F)(F)C(S1)=CC=C1*,egc,5.0751,4.377376197585814
*c1ccc(*)c(C(=O)c2ccc(F)cc2)c1,egc,4.2742,3.631321784564737
*CCCCCCCCCCOC(=O)CCCCSCCCCC(=O)O*,egc,5.1162,5.23628850305107
*c1cc(C(=O)Oc2cccc3cccnc23)c(*)s1,egc,2.8057,2.754442276966311
*CC(*)(C)C(=O)OCCOC(=O)CCn1ccnc1,egc,4.5949,5.0287173033267045
*Oc1ccc(P(=O)(c2ccccc2)c2ccc(*)cc2)cc1,egc,4.8858,4.3143421327495535
*c1ccc(-c2nc3cc(-c4ccc5nc(*)c(-c6ccccc6)nc5c4)ccc3nc2-c2ccccc2)cc1,egc,2.983,3.2914736336068064
*Cc1ccc(-c2ccc(CSC(=O)CCC(=O)S*)cc2)cc1,egc,4.7843,3.680469072883411
*C1OC(C(F)(F)F)(C(F)(F)F)OC1(*)F,egc,8.2782,7.478838073488922
*CCCCCCCCCCN(C)C(=O)CCCCCCCCC(=O)N(*)C,egc,5.5704,5.067473113028713
*OC(=O)Oc1ccc(OC(=O)OC2CC3CC(*)CC(C2)O3)cc1,egc,5.6192,5.513646901034224
*C=C(*)c1cc(C(F)(F)F)oc1C(F)(F)F,egc,1.9958,3.4302476814808753
*C(=O)Nc1cccc(NC(=O)c2ccc3[nH]c(-c4cccc(-c5nc6cc(*)ccc6[nH]5)c4)nc3c2)n1,egc,3.4965,2.809533961932063
*Nc1ccc(NC(=O)c2cc(SCCCCCCCC)c(C(*)=O)cc2SCCCCCCCC)cc1,egc,2.9501,3.626827422712095
*C1=C(CCCCCC)C(CCCCCC)=C(c2sc(-c3sc(*)c4c3OCCO4)c3c2OCCO3)S1(=O)=O,egc,1.3792,1.8953226087967385
*Oc1ccc(C(C)=NN=C(C)c2ccc(OC(=O)CCCCCCCCC(*)=O)cc2)cc1,egc,3.996,4.4114980109148965
*NNC(=O)CCCCC(=O)NNC(=O)CCCCCCCCC(*)=O,egc,5.6341,5.296980124206217
*CCCCCCCc1nc2ccc(-c3ccc4nc(*)oc4c3)cc2o1,egc,4.0726,4.14297610604869
*CC(=O)OC(=S)*,egc,3.6315,2.939498699347747
*CCCCCCCCCCCNC(=O)c1ccc(C(=O)N*)cc1,egc,4.9311,4.643004849151596
*C(F)(F)C(*)(F)OC(F)(F)F,egc,8.2947,8.74327659689531
*c1ccc(Cc2ccc(N(*)Cc3ccccc3)cc2)cc1,egc,4.2622,3.6136022687370124
*Nc1ccc(CC(C)(C)NC(=O)CCCCCCCCC(*)=O)cc1,egc,4.455,4.820850738780535
*CCOC(=O)NCCCCCCCCCNC(=O)O*,egc,6.3118,6.200020533276994
*Cc1cc(C23CC4CC(CC(C4)C2)C3)cc(CN(*)C)c1O,egc,4.5466,4.856081871274623
*Nc1ccc2c(c1)Cc1cc(NC(=O)c3cc(C(=O)O)c(C(*)=O)cc3C(=O)O)ccc1-2,egc,2.6346,3.097710153724491
*CCCCCCCCCCCCCC(=O)O*,egc,6.7839,7.040099513061801
*Oc1cc(C)cc(OC(=O)c2cccc(C(*)=O)c2)c1,egc,4.2911,3.930532098181179
*c1ccc(S(=O)(=O)c2ccc(-n3nc(-c4ccccc4)c4ccc(Oc5ccc6c(-c7ccccc7)nn(*)c(=O)c6c5)cc4c3=O)cc2)cc1,egc,3.4595,3.495347067928215
*CCOCCOCCOCCOCCOCCOC(=O)NCCCCCCNC(=O)O*,egc,5.6975,5.942634442339847
*CCC(O*)(C(F)(F)F)C(F)(F)F,egc,7.6175,7.159480072840112
*Oc1ccc(CC(NC(=O)CCc2ccc(OC(=O)COCCOCC(*)=O)cc2)C(=O)OC)cc1,egc,5.2022,4.943108043636168
*C(C=C1)=CC=C1OC(=S)C(S2)=CC=C2*,egc,2.8495,2.5430279364139805
*CC(*)c1ccccc1C(=O)OC,egc,5.0713,4.905682310750206
*NC(C)C(=O)NC(C)C(=O)NCC(*)=O,egc,5.7884,5.352357894278985
*Nc1cc(NC(=O)NCCCCCCNC(*)=O)ccc1C,egc,4.7413,4.339842847386185
*CCC(=O)N(CCN(C(=O)CCN1CCN(*)CC1)C(C)C)C(C)C,egc,4.3463,5.082987586670522
*CC(F)(F)C(F)(F)C(F)(F)COC(=O)C(F)(F)C(F)(F)C(F)(F)C(F)(F)C(=O)O*,egc,6.5652,6.398597291282359
*NC(C)C(=O)NC(C)C(=O)NC(C(=O)NC(C(*)=O)C(C)C)C(C)C,egc,5.7985,5.5283767074225665
*Nc1ccc(*)cc1O,egc,3.4121,3.8659803600999494
*C(*)(F)F,egc,7.2027,6.485698277109057
